
==============================
 Strategia: no_cache
==============================
 Container ad2526-redis Running 
 Container ad2526-backend Recreate 
 Container ad2526-backend Recreated 
 Container ad2526-redis Waiting 
 Container ad2526-redis Healthy 
 Container ad2526-backend Starting 
 Container ad2526-backend Started 
  → 10 utenti...
 Container ad2526-redis Running 
 Container ad2526-backend Running 
 Container ad2526-redis Waiting 
 Container ad2526-redis Healthy 
 Container ad-2526-locust-run-3117ade4657f Creating 
 Container ad-2526-locust-run-3117ade4657f Created 
[2026-06-16 21:37:19,654] eb8755241a53/INFO/locust.main: Starting Locust 2.32.3
[2026-06-16 21:37:19,655] eb8755241a53/INFO/locust.main: Run time limit set to 180 seconds
[2026-06-16 21:37:19,655] eb8755241a53/INFO/locust.runners: Ramping to 10 users at a rate of 20.00 per second
[2026-06-16 21:37:19,656] eb8755241a53/INFO/locust.runners: All users spawned: {"BrowsingUser": 10} (10 total users)
[2026-06-16 21:40:19,377] eb8755241a53/INFO/locust.main: --run-time limit reached, shutting down
[2026-06-16 21:40:19,403] eb8755241a53/INFO/locust.main: Shutting down (exit code 0)
Type     Name                                                                          # reqs      # fails |    Avg     Min     Max    Med |   req/s  failures/s
--------|----------------------------------------------------------------------------|-------|-------------|-------|-------|-------|-------|--------|-----------
GET      /feed/{user_id}                                                                 2051     0(0.00%) |      9       3      70      7 |   11.41        0.00
GET      /feed/{user_id}?with_fof=true                                                   1024     0(0.00%) |    563     182    1104    540 |    5.70        0.00
POST     /likes                                                                            99     0(0.00%) |      6       3      29      4 |    0.55        0.00
POST     /posts                                                                           175     0(0.00%) |      5       2      34      4 |    0.97        0.00
GET      /timeline/{user_id}                                                             1348     0(0.00%) |    110       6     790     21 |    7.50        0.00
GET      /users/{user_id}                                                                 507     0(0.00%) |      5       2      41      4 |    2.82        0.00
--------|----------------------------------------------------------------------------|-------|-------------|-------|-------|-------|-------|--------|-----------
         Aggregated                                                                      5204     0(0.00%) |    144       2    1104     11 |   28.95        0.00

Response time percentiles (approximated)
Type     Name                                                                                  50%    66%    75%    80%    90%    95%    98%    99%  99.9% 99.99%   100% # reqs
--------|--------------------------------------------------------------------------------|--------|------|------|------|------|------|------|------|------|------|------|------
GET      /feed/{user_id}                                                                         7      8      9     10     14     34     43     48     61     71     71   2051
GET      /feed/{user_id}?with_fof=true                                                         540    620    670    710    800    860    930   1000   1100   1100   1100   1024
POST     /likes                                                                                  4      5      6      7     16     25     29     29     29     29     29     99
POST     /posts                                                                                  4      4      5      5      7     14     23     28     35     35     35    175
GET      /timeline/{user_id}                                                                    21    120    200    240    330    430    510    570    720    790    790   1348
GET      /users/{user_id}                                                                        4      4      5      6      8     16     28     29     41     41     41    507
--------|--------------------------------------------------------------------------------|--------|------|------|------|------|------|------|------|------|------|------|------
         Aggregated                                                                             11     24    220    360    550    670    800    860   1100   1100   1100   5204

  → 25 utenti...
 Container ad2526-redis Running 
 Container ad2526-backend Running 
 Container ad2526-redis Waiting 
 Container ad2526-redis Healthy 
 Container ad-2526-locust-run-beef411f4675 Creating 
 Container ad-2526-locust-run-beef411f4675 Created 
[2026-06-16 21:40:21,087] b7a374b4465c/INFO/locust.main: Starting Locust 2.32.3
[2026-06-16 21:40:21,088] b7a374b4465c/INFO/locust.main: Run time limit set to 180 seconds
[2026-06-16 21:40:21,089] b7a374b4465c/INFO/locust.runners: Ramping to 25 users at a rate of 20.00 per second
[2026-06-16 21:40:22,090] b7a374b4465c/INFO/locust.runners: All users spawned: {"BrowsingUser": 25} (25 total users)
[2026-06-16 21:43:20,809] b7a374b4465c/INFO/locust.main: --run-time limit reached, shutting down
[2026-06-16 21:43:20,837] b7a374b4465c/INFO/locust.main: Shutting down (exit code 0)
Type     Name                                                                          # reqs      # fails |    Avg     Min     Max    Med |   req/s  failures/s
--------|----------------------------------------------------------------------------|-------|-------------|-------|-------|-------|-------|--------|-----------
GET      /feed/{user_id}                                                                 1475     0(0.00%) |     22       3     196     13 |    8.21        0.00
GET      /feed/{user_id}?with_fof=true                                                    759     0(0.00%) |   2800    1264    4253   2700 |    4.23        0.00
POST     /likes                                                                            81     0(0.00%) |     14       4      72     13 |    0.45        0.00
POST     /posts                                                                           118     0(0.00%) |     15       2      67     11 |    0.66        0.00
GET      /timeline/{user_id}                                                              920     0(0.00%) |   1687     226    2214   1700 |    5.12        0.00
GET      /users/{user_id}                                                                 366     0(0.00%) |     13       2      87      9 |    2.04        0.00
--------|----------------------------------------------------------------------------|-------|-------------|-------|-------|-------|-------|--------|-----------
         Aggregated                                                                      3719     0(0.00%) |    999       2    4253     60 |   20.70        0.00

Response time percentiles (approximated)
Type     Name                                                                                  50%    66%    75%    80%    90%    95%    98%    99%  99.9% 99.99%   100% # reqs
--------|--------------------------------------------------------------------------------|--------|------|------|------|------|------|------|------|------|------|------|------
GET      /feed/{user_id}                                                                        13     15     16     18     72     99    110    110    160    200    200   1475
GET      /feed/{user_id}?with_fof=true                                                        2700   2900   3100   3100   3300   3400   3600   3800   4300   4300   4300    759
POST     /likes                                                                                 13     15     16     17     18     21     63     73     73     73     73     81
POST     /posts                                                                                 11     13     15     15     49     54     61     66     67     67     67    118
GET      /timeline/{user_id}                                                                  1700   1800   1900   1900   1900   2000   2000   2100   2200   2200   2200    920
GET      /users/{user_id}                                                                        9     11     12     12     17     55     63     76     88     88     88    366
--------|--------------------------------------------------------------------------------|--------|------|------|------|------|------|------|------|------|------|------|------
         Aggregated                                                                             60   1700   1900   2200   2700   3100   3300   3400   4000   4300   4300   3719

  → 50 utenti...
 Container ad2526-redis Running 
 Container ad2526-backend Running 
 Container ad2526-redis Waiting 
 Container ad2526-redis Healthy 
 Container ad-2526-locust-run-0a9bd08bd13e Creating 
 Container ad-2526-locust-run-0a9bd08bd13e Created 
[2026-06-16 21:43:22,517] 059877ec5cff/INFO/locust.main: Starting Locust 2.32.3
[2026-06-16 21:43:22,517] 059877ec5cff/INFO/locust.main: Run time limit set to 180 seconds
[2026-06-16 21:43:22,518] 059877ec5cff/INFO/locust.runners: Ramping to 50 users at a rate of 20.00 per second
[2026-06-16 21:43:24,522] 059877ec5cff/INFO/locust.runners: All users spawned: {"BrowsingUser": 50} (50 total users)
[2026-06-16 21:46:22,232] 059877ec5cff/INFO/locust.main: --run-time limit reached, shutting down
[2026-06-16 21:46:22,261] 059877ec5cff/INFO/locust.main: Shutting down (exit code 0)
Type     Name                                                                          # reqs      # fails |    Avg     Min     Max    Med |   req/s  failures/s
--------|----------------------------------------------------------------------------|-------|-------------|-------|-------|-------|-------|--------|-----------
GET      /feed/{user_id}                                                                 1733     0(0.00%) |    585       3    3559     49 |    9.65        0.00
GET      /feed/{user_id}?with_fof=true                                                    886     0(0.00%) |   3635    1090    8226   3600 |    4.93        0.00
POST     /likes                                                                            91     0(0.00%) |    717       5    2796    210 |    0.51        0.00
POST     /posts                                                                           119     0(0.00%) |    853       5    2834    770 |    0.66        0.00
GET      /timeline/{user_id}                                                             1129     0(0.00%) |   2934      25    6111   2700 |    6.28        0.00
GET      /users/{user_id}                                                                 450     0(0.00%) |    595       3    3977     59 |    2.50        0.00
--------|----------------------------------------------------------------------------|-------|-------------|-------|-------|-------|-------|--------|-----------
         Aggregated                                                                      4408     0(0.00%) |   1811       3    8226   1900 |   24.53        0.00

Response time percentiles (approximated)
Type     Name                                                                                  50%    66%    75%    80%    90%    95%    98%    99%  99.9% 99.99%   100% # reqs
--------|--------------------------------------------------------------------------------|--------|------|------|------|------|------|------|------|------|------|------|------
GET      /feed/{user_id}                                                                        49    490   1100   1400   2100   2300   2600   2800   3400   3600   3600   1733
GET      /feed/{user_id}?with_fof=true                                                        3600   4100   4500   4700   5600   6100   6600   6900   8200   8200   8200    886
POST     /likes                                                                                210    900   1300   1600   2100   2500   2800   2800   2800   2800   2800     91
POST     /posts                                                                                770   1300   1500   1700   2100   2300   2500   2600   2800   2800   2800    119
GET      /timeline/{user_id}                                                                  2700   3000   3500   3800   4400   4800   5100   5400   6000   6100   6100   1129
GET      /users/{user_id}                                                                       60    530   1100   1400   2000   2300   2500   2900   4000   4000   4000    450
--------|--------------------------------------------------------------------------------|--------|------|------|------|------|------|------|------|------|------|------|------
         Aggregated                                                                           1900   2500   2700   3000   4200   4800   5600   6100   7100   8200   8200   4408

  → 75 utenti...
 Container ad2526-redis Running 
 Container ad2526-backend Running 
 Container ad2526-redis Waiting 
 Container ad2526-redis Healthy 
 Container ad-2526-locust-run-b9acba511c1a Creating 
 Container ad-2526-locust-run-b9acba511c1a Created 
[2026-06-16 21:46:23,956] bb5d5c67ca08/INFO/locust.main: Starting Locust 2.32.3
[2026-06-16 21:46:23,956] bb5d5c67ca08/INFO/locust.main: Run time limit set to 180 seconds
[2026-06-16 21:46:23,957] bb5d5c67ca08/INFO/locust.runners: Ramping to 75 users at a rate of 20.00 per second
[2026-06-16 21:46:26,961] bb5d5c67ca08/INFO/locust.runners: All users spawned: {"BrowsingUser": 75} (75 total users)
[2026-06-16 21:49:23,675] bb5d5c67ca08/INFO/locust.main: --run-time limit reached, shutting down
[2026-06-16 21:49:23,707] bb5d5c67ca08/INFO/locust.main: Shutting down (exit code 0)
Type     Name                                                                          # reqs      # fails |    Avg     Min     Max    Med |   req/s  failures/s
--------|----------------------------------------------------------------------------|-------|-------------|-------|-------|-------|-------|--------|-----------
GET      /feed/{user_id}                                                                 1495     0(0.00%) |   1643       4   11887     21 |    8.32        0.00
GET      /feed/{user_id}?with_fof=true                                                    709     0(0.00%) |   6867    2584   16613   5600 |    3.95        0.00
POST     /likes                                                                            83     0(0.00%) |   1703       5   10638     18 |    0.46        0.00
POST     /posts                                                                            91     0(0.00%) |   1602       4    9585     15 |    0.51        0.00
GET      /timeline/{user_id}                                                              974     0(0.00%) |   4291     455   18494   3200 |    5.42        0.00
GET      /users/{user_id}                                                                 350     0(0.00%) |   1561       3   10752     13 |    1.95        0.00
--------|----------------------------------------------------------------------------|-------|-------------|-------|-------|-------|-------|--------|-----------
         Aggregated                                                                      3702     0(0.00%) |   3333       3   18494   2900 |   20.60        0.00

Response time percentiles (approximated)
Type     Name                                                                                  50%    66%    75%    80%    90%    95%    98%    99%  99.9% 99.99%   100% # reqs
--------|--------------------------------------------------------------------------------|--------|------|------|------|------|------|------|------|------|------|------|------
GET      /feed/{user_id}                                                                        21    690    850   4500   7100   8200   9200   9900  12000  12000  12000   1495
GET      /feed/{user_id}?with_fof=true                                                        5600   6300   7400  10000  12000  14000  15000  15000  17000  17000  17000    709
POST     /likes                                                                                 18     25    530   6100   7000   7600  10000  11000  11000  11000  11000     83
POST     /posts                                                                                 15     74    800   5400   6800   7700   9300   9600   9600   9600   9600     91
GET      /timeline/{user_id}                                                                  3200   3300   3700   7800  11000  11000  12000  13000  18000  18000  18000    974
GET      /users/{user_id}                                                                       13     43    520   4900   7100   8000   9500  10000  11000  11000  11000    350
--------|--------------------------------------------------------------------------------|--------|------|------|------|------|------|------|------|------|------|------|------
         Aggregated                                                                           2900   4500   5500   6200   9000  11000  13000  14000  16000  18000  18000   3702

  → 100 utenti...
 Container ad2526-redis Running 
 Container ad2526-backend Running 
 Container ad2526-redis Waiting 
 Container ad2526-redis Healthy 
 Container ad-2526-locust-run-fb8260953a79 Creating 
 Container ad-2526-locust-run-fb8260953a79 Created 
[2026-06-16 21:49:25,468] 4d8dfde8ad7e/INFO/locust.main: Starting Locust 2.32.3
[2026-06-16 21:49:25,469] 4d8dfde8ad7e/INFO/locust.main: Run time limit set to 180 seconds
[2026-06-16 21:49:25,469] 4d8dfde8ad7e/INFO/locust.runners: Ramping to 100 users at a rate of 20.00 per second
[2026-06-16 21:49:29,475] 4d8dfde8ad7e/INFO/locust.runners: All users spawned: {"BrowsingUser": 100} (100 total users)
[2026-06-16 21:52:25,189] 4d8dfde8ad7e/INFO/locust.main: --run-time limit reached, shutting down
[2026-06-16 21:52:25,223] 4d8dfde8ad7e/INFO/locust.main: Shutting down (exit code 1)
Type     Name                                                                          # reqs      # fails |    Avg     Min     Max    Med |   req/s  failures/s
--------|----------------------------------------------------------------------------|-------|-------------|-------|-------|-------|-------|--------|-----------
GET      /feed/{user_id}                                                                 1909     5(0.26%) |   1982       3   33049   1200 |   10.62        0.03
GET      /feed/{user_id}?with_fof=true                                                    925     4(0.43%) |   7115    2152   38928   6400 |    5.15        0.02
POST     /likes                                                                           104     1(0.96%) |   2518       5   30813   1200 |    0.58        0.01
POST     /posts                                                                           152     0(0.00%) |   1458       6    5637    970 |    0.85        0.00
GET      /timeline/{user_id}                                                             1234     2(0.16%) |   3757      78   34553   3200 |    6.87        0.01
GET      /users/{user_id}                                                                 480     1(0.21%) |   2231       3   33054   1200 |    2.67        0.01
--------|----------------------------------------------------------------------------|-------|-------------|-------|-------|-------|-------|--------|-----------
         Aggregated                                                                      4804    13(0.27%) |   3446       3   38928   2500 |   26.74        0.07

Response time percentiles (approximated)
Type     Name                                                                                  50%    66%    75%    80%    90%    95%    98%    99%  99.9% 99.99%   100% # reqs
--------|--------------------------------------------------------------------------------|--------|------|------|------|------|------|------|------|------|------|------|------
GET      /feed/{user_id}                                                                      1200   2000   2800   3300   4700   5600   6700   9200  33000  33000  33000   1909
GET      /feed/{user_id}?with_fof=true                                                        6400   7500   8200   8800  10000  11000  14000  36000  39000  39000  39000    925
POST     /likes                                                                               1200   2400   4000   4100   5100   5900   7000  31000  31000  31000  31000    104
POST     /posts                                                                               1000   1700   2300   2800   4000   4700   5600   5600   5600   5600   5600    152
GET      /timeline/{user_id}                                                                  3200   4200   5000   5500   6800   8300   9700  12000  34000  35000  35000   1234
GET      /users/{user_id}                                                                     1200   2300   3200   3600   5000   5600   7300  31000  33000  33000  33000    480
--------|--------------------------------------------------------------------------------|--------|------|------|------|------|------|------|------|------|------|------|------
         Aggregated                                                                           2500   4000   5100   5700   7200   9000  11000  30000  37000  39000  39000   4804

Error report
# occurrences      Error                                                                                               
------------------|---------------------------------------------------------------------------------------------------------------------------------------------
4                  GET /feed/{user_id}?with_fof=true: HTTPError('500 Server Error: Internal Server Error for url: /feed/{user_id}?with_fof=true')
1                  POST /likes: HTTPError('500 Server Error: Internal Server Error for url: /likes')                   
5                  GET /feed/{user_id}: HTTPError('500 Server Error: Internal Server Error for url: /feed/{user_id}')  
2                  GET /timeline/{user_id}: HTTPError('500 Server Error: Internal Server Error for url: /timeline/{user_id}')
1                  GET /users/{user_id}: HTTPError('500 Server Error: Internal Server Error for url: /users/{user_id}')
------------------|---------------------------------------------------------------------------------------------------------------------------------------------


  → 150 utenti...
 Container ad2526-redis Running 
 Container ad2526-backend Running 
 Container ad2526-redis Waiting 
 Container ad2526-redis Healthy 
 Container ad-2526-locust-run-2ada93930206 Creating 
 Container ad-2526-locust-run-2ada93930206 Created 
[2026-06-16 21:52:26,904] 839a89240550/INFO/locust.main: Starting Locust 2.32.3
[2026-06-16 21:52:26,905] 839a89240550/INFO/locust.main: Run time limit set to 180 seconds
[2026-06-16 21:52:26,906] 839a89240550/INFO/locust.runners: Ramping to 150 users at a rate of 20.00 per second
[2026-06-16 21:52:33,916] 839a89240550/INFO/locust.runners: All users spawned: {"BrowsingUser": 150} (150 total users)
[2026-06-16 21:55:26,630] 839a89240550/INFO/locust.main: --run-time limit reached, shutting down
[2026-06-16 21:55:26,670] 839a89240550/INFO/locust.main: Shutting down (exit code 1)
Type     Name                                                                          # reqs      # fails |    Avg     Min     Max    Med |   req/s  failures/s
--------|----------------------------------------------------------------------------|-------|-------------|-------|-------|-------|-------|--------|-----------
GET      /feed/{user_id}                                                                 1604    13(0.81%) |   4084       4   56877   2600 |    8.92        0.07
GET      /feed/{user_id}?with_fof=true                                                    798     9(1.13%) |   9701    2711   58879   7400 |    4.44        0.05
POST     /likes                                                                            68     0(0.00%) |   3369      11   41177   1900 |    0.38        0.00
POST     /posts                                                                           134     2(1.49%) |   3842       5   56859   1800 |    0.75        0.01
GET      /timeline/{user_id}                                                             1077    13(1.21%) |   7787     429   58875   5300 |    5.99        0.07
GET      /users/{user_id}                                                                 398     4(1.01%) |   3548       3   42159   1500 |    2.21        0.02
--------|----------------------------------------------------------------------------|-------|-------------|-------|-------|-------|-------|--------|-----------
         Aggregated                                                                      4079    41(1.01%) |   6088       3   58879   4500 |   22.69        0.23

Response time percentiles (approximated)
Type     Name                                                                                  50%    66%    75%    80%    90%    95%    98%    99%  99.9% 99.99%   100% # reqs
--------|--------------------------------------------------------------------------------|--------|------|------|------|------|------|------|------|------|------|------|------
GET      /feed/{user_id}                                                                      2700   4300   5100   5600   7000  17000  30000  33000  57000  57000  57000   1604
GET      /feed/{user_id}?with_fof=true                                                        7400   9500  10000  11000  12000  29000  39000  45000  59000  59000  59000    798
POST     /likes                                                                               2100   4400   5200   5500   6200   7900  19000  41000  41000  41000  41000     68
POST     /posts                                                                               1800   3500   4800   5200   6700  19000  23000  40000  57000  57000  57000    134
GET      /timeline/{user_id}                                                                  5300   7300   8400   9200  13000  29000  39000  43000  59000  59000  59000   1077
GET      /users/{user_id}                                                                     1500   3900   4800   5200   7000  15000  30000  32000  42000  42000  42000    398
--------|--------------------------------------------------------------------------------|--------|------|------|------|------|------|------|------|------|------|------|------
         Aggregated                                                                           4500   5900   7000   8200  11000  22000  33000  40000  58000  59000  59000   4079

Error report
# occurrences      Error                                                                                               
------------------|---------------------------------------------------------------------------------------------------------------------------------------------
13                 GET /feed/{user_id}: HTTPError('500 Server Error: Internal Server Error for url: /feed/{user_id}')  
13                 GET /timeline/{user_id}: HTTPError('500 Server Error: Internal Server Error for url: /timeline/{user_id}')
9                  GET /feed/{user_id}?with_fof=true: HTTPError('500 Server Error: Internal Server Error for url: /feed/{user_id}?with_fof=true')
4                  GET /users/{user_id}: HTTPError('500 Server Error: Internal Server Error for url: /users/{user_id}')
2                  POST /posts: HTTPError('500 Server Error: Internal Server Error for url: /posts')                   
------------------|---------------------------------------------------------------------------------------------------------------------------------------------


  → 200 utenti...
 Container ad2526-redis Running 
 Container ad2526-backend Running 
 Container ad2526-redis Waiting 
 Container ad2526-redis Healthy 
 Container ad-2526-locust-run-2134081894f8 Creating 
 Container ad-2526-locust-run-2134081894f8 Created 
[2026-06-16 21:55:28,344] de196a9b1b2b/INFO/locust.main: Starting Locust 2.32.3
[2026-06-16 21:55:28,345] de196a9b1b2b/INFO/locust.main: Run time limit set to 180 seconds
[2026-06-16 21:55:28,345] de196a9b1b2b/INFO/locust.runners: Ramping to 200 users at a rate of 20.00 per second
[2026-06-16 21:55:37,360] de196a9b1b2b/INFO/locust.runners: All users spawned: {"BrowsingUser": 200} (200 total users)
[2026-06-16 21:58:28,073] de196a9b1b2b/INFO/locust.main: --run-time limit reached, shutting down
[2026-06-16 21:58:28,116] de196a9b1b2b/INFO/locust.main: Shutting down (exit code 1)
Type     Name                                                                          # reqs      # fails |    Avg     Min     Max    Med |   req/s  failures/s
--------|----------------------------------------------------------------------------|-------|-------------|-------|-------|-------|-------|--------|-----------
GET      /feed/{user_id}                                                                 2076    55(2.65%) |   5203       5   83073   2300 |   11.56        0.31
GET      /feed/{user_id}?with_fof=true                                                    973    18(1.85%) |   9905    2291   89076   6200 |    5.42        0.10
POST     /likes                                                                            94     4(4.26%) |   6983       5   82067   2900 |    0.52        0.02
POST     /posts                                                                           152     2(1.32%) |   4141       6   34136   1700 |    0.85        0.01
GET      /timeline/{user_id}                                                             1251    32(2.56%) |   7003     292   85072   3700 |    6.96        0.18
GET      /users/{user_id}                                                                 515    11(2.14%) |   5138       3   81799   2200 |    2.87        0.06
--------|----------------------------------------------------------------------------|-------|-------------|-------|-------|-------|-------|--------|-----------
         Aggregated                                                                      5061   122(2.41%) |   6546       3   89076   3700 |   28.18        0.68

Response time percentiles (approximated)
Type     Name                                                                                  50%    66%    75%    80%    90%    95%    98%    99%  99.9% 99.99%   100% # reqs
--------|--------------------------------------------------------------------------------|--------|------|------|------|------|------|------|------|------|------|------|------
GET      /feed/{user_id}                                                                      2300   3600   4800   6700  10000  30000  35000  56000  83000  83000  83000   2076
GET      /feed/{user_id}?with_fof=true                                                        6200   7600   9200  11000  15000  35000  56000  68000  89000  89000  89000    973
POST     /likes                                                                               3000   4100   7700   8800  11000  31000  82000  82000  82000  82000  82000     94
POST     /posts                                                                               1800   3600   4900   5500  10000  14000  30000  34000  34000  34000  34000    152
GET      /timeline/{user_id}                                                                  3700   5000   6900   8800  14000  33000  38000  56000  84000  85000  85000   1251
GET      /users/{user_id}                                                                     2200   3700   4700   6400  10000  30000  36000  57000  82000  82000  82000    515
--------|--------------------------------------------------------------------------------|--------|------|------|------|------|------|------|------|------|------|------|------
         Aggregated                                                                           3700   5300   6900   8100  13000  30000  40000  57000  84000  89000  89000   5061

Error report
# occurrences      Error                                                                                               
------------------|---------------------------------------------------------------------------------------------------------------------------------------------
55                 GET /feed/{user_id}: HTTPError('500 Server Error: Internal Server Error for url: /feed/{user_id}')  
32                 GET /timeline/{user_id}: HTTPError('500 Server Error: Internal Server Error for url: /timeline/{user_id}')
4                  POST /likes: HTTPError('500 Server Error: Internal Server Error for url: /likes')                   
18                 GET /feed/{user_id}?with_fof=true: HTTPError('500 Server Error: Internal Server Error for url: /feed/{user_id}?with_fof=true')
11                 GET /users/{user_id}: HTTPError('500 Server Error: Internal Server Error for url: /users/{user_id}')
2                  POST /posts: HTTPError('500 Server Error: Internal Server Error for url: /posts')                   
------------------|---------------------------------------------------------------------------------------------------------------------------------------------


  → 300 utenti...
 Container ad2526-redis Running 
 Container ad2526-backend Running 
 Container ad2526-redis Waiting 
 Container ad2526-redis Healthy 
 Container ad-2526-locust-run-c9172c4f58b1 Creating 
 Container ad-2526-locust-run-c9172c4f58b1 Created 
[2026-06-16 21:58:29,816] 51ba527dd850/INFO/locust.main: Starting Locust 2.32.3
[2026-06-16 21:58:29,816] 51ba527dd850/INFO/locust.main: Run time limit set to 180 seconds
[2026-06-16 21:58:29,817] 51ba527dd850/INFO/locust.runners: Ramping to 300 users at a rate of 20.00 per second
[2026-06-16 21:58:43,840] 51ba527dd850/INFO/locust.runners: All users spawned: {"BrowsingUser": 300} (300 total users)
[2026-06-16 22:01:29,542] 51ba527dd850/INFO/locust.main: --run-time limit reached, shutting down
[2026-06-16 22:01:29,600] 51ba527dd850/INFO/locust.main: Shutting down (exit code 1)
Type     Name                                                                          # reqs      # fails |    Avg     Min     Max    Med |   req/s  failures/s
--------|----------------------------------------------------------------------------|-------|-------------|-------|-------|-------|-------|--------|-----------
GET      /feed/{user_id}                                                                 1665   121(7.27%) |   8395       3  111864    120 |    9.26        0.67
GET      /feed/{user_id}?with_fof=true                                                    824    60(7.28%) |  13534     316  147112   5000 |    4.58        0.33
POST     /likes                                                                            92     9(9.78%) |  10358       3  107658     41 |    0.51        0.05
POST     /posts                                                                           131     8(6.11%) |   7383       3   82786     18 |    0.73        0.04
GET      /timeline/{user_id}                                                             1067    95(8.90%) |  11713       6  145106   2600 |    5.94        0.53
GET      /users/{user_id}                                                                 430    35(8.14%) |   9430       3  107614     73 |    2.39        0.19
--------|----------------------------------------------------------------------------|-------|-------------|-------|-------|-------|-------|--------|-----------
         Aggregated                                                                      4209   328(7.79%) |  10360       3  147112   2400 |   23.41        1.82

Response time percentiles (approximated)
Type     Name                                                                                  50%    66%    75%    80%    90%    95%    98%    99%  99.9% 99.99%   100% # reqs
--------|--------------------------------------------------------------------------------|--------|------|------|------|------|------|------|------|------|------|------|------
GET      /feed/{user_id}                                                                       120   1100   4300   9700  32000  55000  79000  89000 112000 112000 112000   1665
GET      /feed/{user_id}?with_fof=true                                                        5000   5900   8900  15000  38000  57000  86000 104000 147000 147000 147000    824
POST     /likes                                                                                 65   1900  11000  31000  37000  47000  58000 108000 108000 108000 108000     92
POST     /posts                                                                                 18    920   4500   8400  32000  51000  76000  80000  83000  83000  83000    131
GET      /timeline/{user_id}                                                                  2600   3500   7400  17000  37000  58000  82000  92000 125000 145000 145000   1067
GET      /users/{user_id}                                                                       76   1900   4500   9400  33000  59000  83000  95000 108000 108000 108000    430
--------|--------------------------------------------------------------------------------|--------|------|------|------|------|------|------|------|------|------|------|------
         Aggregated                                                                           2400   4500   6400  12000  35000  55000  82000  90000 112000 147000 147000   4209

Error report
# occurrences      Error                                                                                               
------------------|---------------------------------------------------------------------------------------------------------------------------------------------
95                 GET /timeline/{user_id}: HTTPError('500 Server Error: Internal Server Error for url: /timeline/{user_id}')
35                 GET /users/{user_id}: HTTPError('500 Server Error: Internal Server Error for url: /users/{user_id}')
121                GET /feed/{user_id}: HTTPError('500 Server Error: Internal Server Error for url: /feed/{user_id}')  
9                  POST /likes: HTTPError('500 Server Error: Internal Server Error for url: /likes')                   
60                 GET /feed/{user_id}?with_fof=true: HTTPError('500 Server Error: Internal Server Error for url: /feed/{user_id}?with_fof=true')
8                  POST /posts: HTTPError('500 Server Error: Internal Server Error for url: /posts')                   
------------------|---------------------------------------------------------------------------------------------------------------------------------------------


  → 400 utenti...
 Container ad2526-redis Running 
 Container ad2526-backend Running 
 Container ad2526-redis Waiting 
 Container ad2526-redis Healthy 
 Container ad-2526-locust-run-b4872eea34df Creating 
 Container ad-2526-locust-run-b4872eea34df Created 
[2026-06-16 22:01:31,261] 9fdaf2425465/INFO/locust.main: Starting Locust 2.32.3
[2026-06-16 22:01:31,262] 9fdaf2425465/INFO/locust.main: Run time limit set to 180 seconds
[2026-06-16 22:01:31,263] 9fdaf2425465/INFO/locust.runners: Ramping to 400 users at a rate of 20.00 per second
[2026-06-16 22:01:50,292] 9fdaf2425465/INFO/locust.runners: All users spawned: {"BrowsingUser": 400} (400 total users)
[2026-06-16 22:04:30,983] 9fdaf2425465/INFO/locust.main: --run-time limit reached, shutting down
[2026-06-16 22:04:31,047] 9fdaf2425465/INFO/locust.main: Shutting down (exit code 1)
Type     Name                                                                          # reqs      # fails |    Avg     Min     Max    Med |   req/s  failures/s
--------|----------------------------------------------------------------------------|-------|-------------|-------|-------|-------|-------|--------|-----------
GET      /feed/{user_id}                                                                 1626   161(9.90%) |  11364       3  176825    840 |    9.05        0.90
GET      /feed/{user_id}?with_fof=true                                                    803   85(10.59%) |  15751     315  176823   6000 |    4.47        0.47
POST     /likes                                                                            83   12(14.46%) |  14315       6  142038   1100 |    0.46        0.07
POST     /posts                                                                           122    11(9.02%) |  12539       3  138256   1200 |    0.68        0.06
GET      /timeline/{user_id}                                                              992    76(7.66%) |  13130     284  177817   3800 |    5.52        0.42
GET      /users/{user_id}                                                                 378    37(9.79%) |  10990       2  140245   1300 |    2.10        0.21
--------|----------------------------------------------------------------------------|-------|-------------|-------|-------|-------|-------|--------|-----------
         Aggregated                                                                      4004   382(9.54%) |  12743       2  177817   3600 |   22.29        2.13

Response time percentiles (approximated)
Type     Name                                                                                  50%    66%    75%    80%    90%    95%    98%    99%  99.9% 99.99%   100% # reqs
--------|--------------------------------------------------------------------------------|--------|------|------|------|------|------|------|------|------|------|------|------
GET      /feed/{user_id}                                                                       840   2800   4300   5400  39000  85000 110000 135000 177000 177000 177000   1626
GET      /feed/{user_id}?with_fof=true                                                        6000   7400   9000  10000  46000  85000 111000 136000 177000 177000 177000    803
POST     /likes                                                                               1100   3500   6400  22000  48000  85000 116000 142000 142000 142000 142000     83
POST     /posts                                                                               1300   3600   5300  14000  49000  74000 112000 136000 138000 138000 138000    122
GET      /timeline/{user_id}                                                                  3800   5600   7000   8400  41000  59000 103000 135000 178000 178000 178000    992
GET      /users/{user_id}                                                                     1300   3500   4400   5200  37000  78000 110000 137000 140000 140000 140000    378
--------|--------------------------------------------------------------------------------|--------|------|------|------|------|------|------|------|------|------|------|------
         Aggregated                                                                           3600   5100   6600   8300  43000  78000 110000 136000 177000 178000 178000   4004

Error report
# occurrences      Error                                                                                               
------------------|---------------------------------------------------------------------------------------------------------------------------------------------
161                GET /feed/{user_id}: HTTPError('500 Server Error: Internal Server Error for url: /feed/{user_id}')  
85                 GET /feed/{user_id}?with_fof=true: HTTPError('500 Server Error: Internal Server Error for url: /feed/{user_id}?with_fof=true')
76                 GET /timeline/{user_id}: HTTPError('500 Server Error: Internal Server Error for url: /timeline/{user_id}')
37                 GET /users/{user_id}: HTTPError('500 Server Error: Internal Server Error for url: /users/{user_id}')
11                 POST /posts: HTTPError('500 Server Error: Internal Server Error for url: /posts')                   
12                 POST /likes: HTTPError('500 Server Error: Internal Server Error for url: /likes')                   
------------------|---------------------------------------------------------------------------------------------------------------------------------------------


  → 500 utenti...
 Container ad2526-redis Running 
 Container ad2526-backend Running 
 Container ad2526-redis Waiting 
 Container ad2526-redis Healthy 
 Container ad-2526-locust-run-2d534acd2a0c Creating 
 Container ad-2526-locust-run-2d534acd2a0c Created 
[2026-06-16 22:04:33,227] 06edb35d3698/INFO/locust.main: Starting Locust 2.32.3
[2026-06-16 22:04:33,227] 06edb35d3698/INFO/locust.main: Run time limit set to 180 seconds
[2026-06-16 22:04:33,228] 06edb35d3698/INFO/locust.runners: Ramping to 500 users at a rate of 20.00 per second
[2026-06-16 22:04:57,265] 06edb35d3698/INFO/locust.runners: All users spawned: {"BrowsingUser": 500} (500 total users)
[2026-06-16 22:07:32,952] 06edb35d3698/INFO/locust.main: --run-time limit reached, shutting down
[2026-06-16 22:07:33,021] 06edb35d3698/INFO/locust.main: Shutting down (exit code 1)
Type     Name                                                                          # reqs      # fails |    Avg     Min     Max    Med |   req/s  failures/s
--------|----------------------------------------------------------------------------|-------|-------------|-------|-------|-------|-------|--------|-----------
GET      /feed/{user_id}                                                                 1760   150(8.52%) |  10901       4  170424   2100 |    9.80        0.83
GET      /feed/{user_id}?with_fof=true                                                    789    60(7.60%) |  14778    1600  168910   6100 |    4.39        0.33
POST     /likes                                                                            90     8(8.89%) |  12241       6  170431   2300 |    0.50        0.04
POST     /posts                                                                           142     7(4.93%) |   8337       5  145406   3200 |    0.79        0.04
GET      /timeline/{user_id}                                                             1064    73(6.86%) |  12878      47  169498   4200 |    5.92        0.41
GET      /users/{user_id}                                                                 401    25(6.23%) |   9145       3  169448   2300 |    2.23        0.14
--------|----------------------------------------------------------------------------|-------|-------------|-------|-------|-------|-------|--------|-----------
         Aggregated                                                                      4246   323(7.61%) |  11894       3  170431   3700 |   23.64        1.80

Response time percentiles (approximated)
Type     Name                                                                                  50%    66%    75%    80%    90%    95%    98%    99%  99.9% 99.99%   100% # reqs
--------|--------------------------------------------------------------------------------|--------|------|------|------|------|------|------|------|------|------|------|------
GET      /feed/{user_id}                                                                      2100   4500   5900   7700  34000  62000 117000 143000 170000 170000 170000   1760
GET      /feed/{user_id}?with_fof=true                                                        6100   8800  10000  12000  37000  72000 117000 144000 169000 169000 169000    789
POST     /likes                                                                               2400   3900   5000   5800  53000 102000 151000 170000 170000 170000 170000     90
POST     /posts                                                                               3200   4700   6700   7700  18000  43000 106000 126000 145000 145000 145000    142
GET      /timeline/{user_id}                                                                  4200   7100   9100  11000  35000  63000 118000 143000 169000 169000 169000   1064
GET      /users/{user_id}                                                                     2300   4400   5500   6600  15000  50000 117000 145000 169000 169000 169000    401
--------|--------------------------------------------------------------------------------|--------|------|------|------|------|------|------|------|------|------|------|------
         Aggregated                                                                           3700   5900   8000   9600  34000  63000 117000 144000 169000 170000 170000   4246

Error report
# occurrences      Error                                                                                               
------------------|---------------------------------------------------------------------------------------------------------------------------------------------
25                 GET /users/{user_id}: HTTPError('500 Server Error: Internal Server Error for url: /users/{user_id}')
150                GET /feed/{user_id}: HTTPError('500 Server Error: Internal Server Error for url: /feed/{user_id}')  
73                 GET /timeline/{user_id}: HTTPError('500 Server Error: Internal Server Error for url: /timeline/{user_id}')
60                 GET /feed/{user_id}?with_fof=true: HTTPError('500 Server Error: Internal Server Error for url: /feed/{user_id}?with_fof=true')
7                  POST /posts: HTTPError('500 Server Error: Internal Server Error for url: /posts')                   
8                  POST /likes: HTTPError('500 Server Error: Internal Server Error for url: /likes')                   
------------------|---------------------------------------------------------------------------------------------------------------------------------------------


  → 700 utenti...
 Container ad2526-redis Running 
 Container ad2526-backend Running 
 Container ad2526-redis Waiting 
 Container ad2526-redis Healthy 
 Container ad-2526-locust-run-3a90ea9b1411 Creating 
 Container ad-2526-locust-run-3a90ea9b1411 Created 
[2026-06-16 22:07:34,715] 30ad81c536da/INFO/locust.main: Starting Locust 2.32.3
[2026-06-16 22:07:34,716] 30ad81c536da/INFO/locust.main: Run time limit set to 180 seconds
[2026-06-16 22:07:34,717] 30ad81c536da/INFO/locust.runners: Ramping to 700 users at a rate of 20.00 per second
[2026-06-16 22:08:08,781] 30ad81c536da/INFO/locust.runners: All users spawned: {"BrowsingUser": 700} (700 total users)
[2026-06-16 22:10:34,431] 30ad81c536da/INFO/locust.main: --run-time limit reached, shutting down
[2026-06-16 22:10:34,553] 30ad81c536da/INFO/locust.main: Shutting down (exit code 1)
Type     Name                                                                          # reqs      # fails |    Avg     Min     Max    Med |   req/s  failures/s
--------|----------------------------------------------------------------------------|-------|-------------|-------|-------|-------|-------|--------|-----------
GET      /feed/{user_id}                                                                 1695   117(6.90%) |   9506       3  177233   1300 |    9.44        0.65
GET      /feed/{user_id}?with_fof=true                                                    805    71(8.82%) |  15077     357  177235   5200 |    4.48        0.40
POST     /likes                                                                            83     3(3.61%) |  13103       3  149881   1400 |    0.46        0.02
POST     /posts                                                                           143    12(8.39%) |  11493       2  177232   1300 |    0.80        0.07
GET      /timeline/{user_id}                                                             1042    63(6.05%) |  11226     116  176226   3800 |    5.80        0.35
GET      /users/{user_id}                                                                 433    33(7.62%) |   9562       3  176238   1400 |    2.41        0.18
--------|----------------------------------------------------------------------------|-------|-------------|-------|-------|-------|-------|--------|-----------
         Aggregated                                                                      4201   299(7.12%) |  11145       2  177235   3100 |   23.39        1.67

Response time percentiles (approximated)
Type     Name                                                                                  50%    66%    75%    80%    90%    95%    98%    99%  99.9% 99.99%   100% # reqs
--------|--------------------------------------------------------------------------------|--------|------|------|------|------|------|------|------|------|------|------|------
GET      /feed/{user_id}                                                                      1300   2300   5500   7500  30000  57000 101000 122000 150000 177000 177000   1695
GET      /feed/{user_id}?with_fof=true                                                        5200   7400  11000  12000  40000  73000 120000 143000 177000 177000 177000    805
POST     /likes                                                                               1400   2300   6400  11000  32000 100000 149000 150000 150000 150000 150000     83
POST     /posts                                                                               1300   4200   7000   7900  33000  66000 121000 122000 177000 177000 177000    143
GET      /timeline/{user_id}                                                                  3800   4900   7800  10000  33000  60000  94000 116000 149000 176000 176000   1042
GET      /users/{user_id}                                                                     1400   2700   6400   7600  30000  60000  97000 120000 176000 176000 176000    433
--------|--------------------------------------------------------------------------------|--------|------|------|------|------|------|------|------|------|------|------|------
         Aggregated                                                                           3100   4900   7100   9500  32000  61000 101000 123000 176000 177000 177000   4201

Error report
# occurrences      Error                                                                                               
------------------|---------------------------------------------------------------------------------------------------------------------------------------------
63                 GET /timeline/{user_id}: HTTPError('500 Server Error: Internal Server Error for url: /timeline/{user_id}')
71                 GET /feed/{user_id}?with_fof=true: HTTPError('500 Server Error: Internal Server Error for url: /feed/{user_id}?with_fof=true')
117                GET /feed/{user_id}: HTTPError('500 Server Error: Internal Server Error for url: /feed/{user_id}')  
33                 GET /users/{user_id}: HTTPError('500 Server Error: Internal Server Error for url: /users/{user_id}')
12                 POST /posts: HTTPError('500 Server Error: Internal Server Error for url: /posts')                   
3                  POST /likes: HTTPError('500 Server Error: Internal Server Error for url: /likes')                   
------------------|---------------------------------------------------------------------------------------------------------------------------------------------



==============================
 Strategia: cache_aside
==============================
 Container ad2526-redis Running 
 Container ad2526-backend Recreate 
 Container ad2526-backend Recreated 
 Container ad2526-redis Waiting 
 Container ad2526-redis Healthy 
 Container ad2526-backend Starting 
 Container ad2526-backend Started 
  → 10 utenti...
 Container ad2526-redis Running 
 Container ad2526-backend Running 
 Container ad2526-redis Waiting 
 Container ad2526-redis Healthy 
 Container ad-2526-locust-run-7a89c74ef831 Creating 
 Container ad-2526-locust-run-7a89c74ef831 Created 
[2026-06-16 22:10:52,320] 8840d5a4b7c4/INFO/locust.main: Starting Locust 2.32.3
[2026-06-16 22:10:52,321] 8840d5a4b7c4/INFO/locust.main: Run time limit set to 180 seconds
[2026-06-16 22:10:52,322] 8840d5a4b7c4/INFO/locust.runners: Ramping to 10 users at a rate of 20.00 per second
[2026-06-16 22:10:52,323] 8840d5a4b7c4/INFO/locust.runners: All users spawned: {"BrowsingUser": 10} (10 total users)
[2026-06-16 22:13:52,042] 8840d5a4b7c4/INFO/locust.main: --run-time limit reached, shutting down
[2026-06-16 22:13:52,068] 8840d5a4b7c4/INFO/locust.main: Shutting down (exit code 0)
Type     Name                                                                          # reqs      # fails |    Avg     Min     Max    Med |   req/s  failures/s
--------|----------------------------------------------------------------------------|-------|-------------|-------|-------|-------|-------|--------|-----------
GET      /feed/{user_id}                                                                 3336     0(0.00%) |      3       1      58      3 |   18.56        0.00
GET      /feed/{user_id}?with_fof=true                                                   1772     0(0.00%) |     23       2     910      3 |    9.86        0.00
POST     /likes                                                                           183     0(0.00%) |      3       2      13      4 |    1.02        0.00
POST     /posts                                                                           262     0(0.00%) |      3       2      28      3 |    1.46        0.00
GET      /timeline/{user_id}                                                             2121     0(0.00%) |     11       1     633      3 |   11.80        0.00
GET      /users/{user_id}                                                                 869     0(0.00%) |      2       1      37      3 |    4.84        0.00
--------|----------------------------------------------------------------------------|-------|-------------|-------|-------|-------|-------|--------|-----------
         Aggregated                                                                      8543     0(0.00%) |      9       1     910      3 |   47.54        0.00

Response time percentiles (approximated)
Type     Name                                                                                  50%    66%    75%    80%    90%    95%    98%    99%  99.9% 99.99%   100% # reqs
--------|--------------------------------------------------------------------------------|--------|------|------|------|------|------|------|------|------|------|------|------
GET      /feed/{user_id}                                                                         3      3      3      4      4      4      6     10     26     58     58   3336
GET      /feed/{user_id}?with_fof=true                                                           3      3      3      4      4    290    370    410    860    910    910   1772
POST     /likes                                                                                  4      4      4      4      5      5      6     13     13     13     13    183
POST     /posts                                                                                  3      4      4      4      4      5      5     17     29     29     29    262
GET      /timeline/{user_id}                                                                     3      3      3      3      4     17    190    200    510    630    630   2121
GET      /users/{user_id}                                                                        3      3      3      3      4      4      6      6     38     38     38    869
--------|--------------------------------------------------------------------------------|--------|------|------|------|------|------|------|------|------|------|------|------
         Aggregated                                                                              3      3      3      4      4      5    180    300    670    910    910   8543

  → 25 utenti...
 Container ad2526-redis Running 
 Container ad2526-backend Running 
 Container ad2526-redis Waiting 
 Container ad2526-redis Healthy 
 Container ad-2526-locust-run-bccb8603d7ad Creating 
 Container ad-2526-locust-run-bccb8603d7ad Created 
[2026-06-16 22:13:53,763] aa40b17b4f45/INFO/locust.main: Starting Locust 2.32.3
[2026-06-16 22:13:53,763] aa40b17b4f45/INFO/locust.main: Run time limit set to 180 seconds
[2026-06-16 22:13:53,764] aa40b17b4f45/INFO/locust.runners: Ramping to 25 users at a rate of 20.00 per second
[2026-06-16 22:13:54,766] aa40b17b4f45/INFO/locust.runners: All users spawned: {"BrowsingUser": 25} (25 total users)
[2026-06-16 22:16:53,485] aa40b17b4f45/INFO/locust.main: --run-time limit reached, shutting down
[2026-06-16 22:16:53,512] aa40b17b4f45/INFO/locust.main: Shutting down (exit code 0)
Type     Name                                                                          # reqs      # fails |    Avg     Min     Max    Med |   req/s  failures/s
--------|----------------------------------------------------------------------------|-------|-------------|-------|-------|-------|-------|--------|-----------
GET      /feed/{user_id}                                                                 8340     0(0.00%) |      3       1     161      3 |   46.41        0.00
GET      /feed/{user_id}?with_fof=true                                                   4241     0(0.00%) |     36       1    3352      3 |   23.60        0.00
POST     /likes                                                                           414     0(0.00%) |      4       2     148      3 |    2.30        0.00
POST     /posts                                                                           622     0(0.00%) |      3       2      33      3 |    3.46        0.00
GET      /timeline/{user_id}                                                             5292     0(0.00%) |     12       1    1894      3 |   29.45        0.00
GET      /users/{user_id}                                                                2084     0(0.00%) |      3       1     317      2 |   11.60        0.00
--------|----------------------------------------------------------------------------|-------|-------------|-------|-------|-------|-------|--------|-----------
         Aggregated                                                                     20993     0(0.00%) |     12       1    3352      3 |  116.82        0.00

Response time percentiles (approximated)
Type     Name                                                                                  50%    66%    75%    80%    90%    95%    98%    99%  99.9% 99.99%   100% # reqs
--------|--------------------------------------------------------------------------------|--------|------|------|------|------|------|------|------|------|------|------|------
GET      /feed/{user_id}                                                                         3      3      3      3      4      4      8     14     72    160    160   8340
GET      /feed/{user_id}?with_fof=true                                                           3      3      3      3      4     10    410    920   3300   3400   3400   4241
POST     /likes                                                                                  3      4      4      4      5      5     13     21    150    150    150    414
POST     /posts                                                                                  3      3      4      4      4      5      6     13     33     33     33    622
GET      /timeline/{user_id}                                                                     3      3      3      3      4      5    190    200   1600   1900   1900   5292
GET      /users/{user_id}                                                                        2      3      3      3      4      5      6     12     51    320    320   2084
--------|--------------------------------------------------------------------------------|--------|------|------|------|------|------|------|------|------|------|------|------
         Aggregated                                                                              3      3      3      3      4      5     22    210   2200   3300   3400  20993

  → 50 utenti...
 Container ad2526-redis Running 
 Container ad2526-backend Running 
 Container ad2526-redis Waiting 
 Container ad2526-redis Healthy 
 Container ad-2526-locust-run-edabe6a741e9 Creating 
 Container ad-2526-locust-run-edabe6a741e9 Created 
[2026-06-16 22:16:55,165] ecad2c9e7e4b/INFO/locust.main: Starting Locust 2.32.3
[2026-06-16 22:16:55,165] ecad2c9e7e4b/INFO/locust.main: Run time limit set to 180 seconds
[2026-06-16 22:16:55,166] ecad2c9e7e4b/INFO/locust.runners: Ramping to 50 users at a rate of 20.00 per second
[2026-06-16 22:16:57,169] ecad2c9e7e4b/INFO/locust.runners: All users spawned: {"BrowsingUser": 50} (50 total users)
[2026-06-16 22:19:54,892] ecad2c9e7e4b/INFO/locust.main: --run-time limit reached, shutting down
[2026-06-16 22:19:54,920] ecad2c9e7e4b/INFO/locust.main: Shutting down (exit code 0)
Type     Name                                                                          # reqs      # fails |    Avg     Min     Max    Med |   req/s  failures/s
--------|----------------------------------------------------------------------------|-------|-------------|-------|-------|-------|-------|--------|-----------
GET      /feed/{user_id}                                                                15470     0(0.00%) |      7       1    3365      3 |   86.08        0.00
GET      /feed/{user_id}?with_fof=true                                                   7774     0(0.00%) |    107       1    7298      3 |   43.26        0.00
POST     /likes                                                                           769     0(0.00%) |      7       2    1105      3 |    4.28        0.00
POST     /posts                                                                          1182     0(0.00%) |     10       2    3410      3 |    6.58        0.00
GET      /timeline/{user_id}                                                             9719     0(0.00%) |     16       1    5739      3 |   54.08        0.00
GET      /users/{user_id}                                                                3996     0(0.00%) |      6       1    3004      2 |   22.23        0.00
--------|----------------------------------------------------------------------------|-------|-------------|-------|-------|-------|-------|--------|-----------
         Aggregated                                                                     38910     0(0.00%) |     29       1    7298      3 |  216.50        0.00

Response time percentiles (approximated)
Type     Name                                                                                  50%    66%    75%    80%    90%    95%    98%    99%  99.9% 99.99%   100% # reqs
--------|--------------------------------------------------------------------------------|--------|------|------|------|------|------|------|------|------|------|------|------
GET      /feed/{user_id}                                                                         3      3      3      3      4      7     14     30   1100   3000   3400  15470
GET      /feed/{user_id}?with_fof=true                                                           3      3      3      3      4     15    590   5700   6800   7300   7300   7774
POST     /likes                                                                                  3      4      4      4      5      8     19     38   1100   1100   1100    769
POST     /posts                                                                                  3      3      4      4      5      7     14     26   3400   3400   3400   1182
GET      /timeline/{user_id}                                                                     3      3      3      3      4     11    140    220   3000   5700   5700   9719
GET      /users/{user_id}                                                                        2      3      3      3      5      7     15     24    980   3000   3000   3996
--------|--------------------------------------------------------------------------------|--------|------|------|------|------|------|------|------|------|------|------|------
         Aggregated                                                                              3      3      3      3      4      9     33    320   6400   6900   7300  38910

  → 75 utenti...
 Container ad2526-redis Running 
 Container ad2526-backend Running 
 Container ad2526-redis Waiting 
 Container ad2526-redis Healthy 
 Container ad-2526-locust-run-5ed97644f7fb Creating 
 Container ad-2526-locust-run-5ed97644f7fb Created 
[2026-06-16 22:19:56,605] 6a98dc644325/INFO/locust.main: Starting Locust 2.32.3
[2026-06-16 22:19:56,606] 6a98dc644325/INFO/locust.main: Run time limit set to 180 seconds
[2026-06-16 22:19:56,606] 6a98dc644325/INFO/locust.runners: Ramping to 75 users at a rate of 20.00 per second
[2026-06-16 22:19:59,612] 6a98dc644325/INFO/locust.runners: All users spawned: {"BrowsingUser": 75} (75 total users)
[2026-06-16 22:22:56,330] 6a98dc644325/INFO/locust.main: --run-time limit reached, shutting down
[2026-06-16 22:22:56,360] 6a98dc644325/INFO/locust.main: Shutting down (exit code 0)
Type     Name                                                                          # reqs      # fails |    Avg     Min     Max    Med |   req/s  failures/s
--------|----------------------------------------------------------------------------|-------|-------------|-------|-------|-------|-------|--------|-----------
GET      /feed/{user_id}                                                                22339     0(0.00%) |     18       1    4551      3 |  124.30        0.00
GET      /feed/{user_id}?with_fof=true                                                  11340     0(0.00%) |     90       1    7609      3 |   63.10        0.00
POST     /likes                                                                          1134     0(0.00%) |     18       2    3067      4 |    6.31        0.00
POST     /posts                                                                          1623     0(0.00%) |     17       2    4993      3 |    9.03        0.00
GET      /timeline/{user_id}                                                            14210     0(0.00%) |     38       1    5037      3 |   79.07        0.00
GET      /users/{user_id}                                                                5469     0(0.00%) |     18       1    3994      3 |   30.43        0.00
--------|----------------------------------------------------------------------------|-------|-------------|-------|-------|-------|-------|--------|-----------
         Aggregated                                                                     56115     0(0.00%) |     38       1    7609      3 |  312.23        0.00

Response time percentiles (approximated)
Type     Name                                                                                  50%    66%    75%    80%    90%    95%    98%    99%  99.9% 99.99%   100% # reqs
--------|--------------------------------------------------------------------------------|--------|------|------|------|------|------|------|------|------|------|------|------
GET      /feed/{user_id}                                                                         3      3      4      5     12     32    120    200   2900   4300   4600  22339
GET      /feed/{user_id}?with_fof=true                                                           3      4      4      5     17     92    970   4200   6000   7400   7600  11340
POST     /likes                                                                                  4      5      5      6     14     28    100    160   2200   3100   3100   1134
POST     /posts                                                                                  3      4      5      5     13     28    110    170   3100   5000   5000   1623
GET      /timeline/{user_id}                                                                     3      3      4      5     16     66    270   1400   3800   4800   5000  14210
GET      /users/{user_id}                                                                        3      3      4      5     14     30    120    200   2800   4000   4000   5469
--------|--------------------------------------------------------------------------------|--------|------|------|------|------|------|------|------|------|------|------|------
         Aggregated                                                                              3      3      4      5     14     42    200    730   5500   6500   7600  56115

  → 100 utenti...
 Container ad2526-redis Running 
 Container ad2526-backend Running 
 Container ad2526-redis Waiting 
 Container ad2526-redis Healthy 
 Container ad-2526-locust-run-8176c34a8957 Creating 
 Container ad-2526-locust-run-8176c34a8957 Created 
[2026-06-16 22:22:58,078] 27b6ec3b20bb/INFO/locust.main: Starting Locust 2.32.3
[2026-06-16 22:22:58,079] 27b6ec3b20bb/INFO/locust.main: Run time limit set to 180 seconds
[2026-06-16 22:22:58,080] 27b6ec3b20bb/INFO/locust.runners: Ramping to 100 users at a rate of 20.00 per second
[2026-06-16 22:23:02,087] 27b6ec3b20bb/INFO/locust.runners: All users spawned: {"BrowsingUser": 100} (100 total users)
[2026-06-16 22:25:57,804] 27b6ec3b20bb/INFO/locust.main: --run-time limit reached, shutting down
[2026-06-16 22:25:57,839] 27b6ec3b20bb/INFO/locust.main: Shutting down (exit code 0)
Type     Name                                                                          # reqs      # fails |    Avg     Min     Max    Med |   req/s  failures/s
--------|----------------------------------------------------------------------------|-------|-------------|-------|-------|-------|-------|--------|-----------
GET      /feed/{user_id}                                                                22717     0(0.00%) |     82       1    6366      4 |  126.38        0.00
GET      /feed/{user_id}?with_fof=true                                                  11252     0(0.00%) |    188       1   12153      5 |   62.60        0.00
POST     /likes                                                                          1168     0(0.00%) |     89       2    5324      6 |    6.50        0.00
POST     /posts                                                                          1668     0(0.00%) |     84       2    6351      5 |    9.28        0.00
GET      /timeline/{user_id}                                                            14307     0(0.00%) |    115       1   10093      4 |   79.59        0.00
GET      /users/{user_id}                                                                5661     0(0.00%) |     85       1    6318      5 |   31.49        0.00
--------|----------------------------------------------------------------------------|-------|-------------|-------|-------|-------|-------|--------|-----------
         Aggregated                                                                     56773     0(0.00%) |    112       1   12153      4 |  315.83        0.00

Response time percentiles (approximated)
Type     Name                                                                                  50%    66%    75%    80%    90%    95%    98%    99%  99.9% 99.99%   100% # reqs
--------|--------------------------------------------------------------------------------|--------|------|------|------|------|------|------|------|------|------|------|------
GET      /feed/{user_id}                                                                         4     54    120    130    160    210    400    580   5500   6200   6400  22717
GET      /feed/{user_id}?with_fof=true                                                           5     96    130    140    180    420   3300   5400   7000  12000  12000  11252
POST     /likes                                                                                  6     63    120    130    170    210    400    600   4900   5300   5300   1168
POST     /posts                                                                                  5     66    120    130    160    210    340    550   6000   6400   6400   1668
GET      /timeline/{user_id}                                                                     4     85    120    140    170    260    650   2800   5800   9000  10000  14307
GET      /users/{user_id}                                                                        5     81    120    130    160    210    360    580   6000   6300   6300   5661
--------|--------------------------------------------------------------------------------|--------|------|------|------|------|------|------|------|------|------|------|------
         Aggregated                                                                              4     80    120    130    170    240    540   2700   6100  12000  12000  56773

  → 150 utenti...
 Container ad2526-redis Running 
 Container ad2526-backend Running 
 Container ad2526-redis Waiting 
 Container ad2526-redis Healthy 
 Container ad-2526-locust-run-0da0926a02e7 Creating 
 Container ad-2526-locust-run-0da0926a02e7 Created 
[2026-06-16 22:25:59,631] fc84cd4650f0/INFO/locust.main: Starting Locust 2.32.3
[2026-06-16 22:25:59,632] fc84cd4650f0/INFO/locust.main: Run time limit set to 180 seconds
[2026-06-16 22:25:59,633] fc84cd4650f0/INFO/locust.runners: Ramping to 150 users at a rate of 20.00 per second
[2026-06-16 22:26:06,645] fc84cd4650f0/INFO/locust.runners: All users spawned: {"BrowsingUser": 150} (150 total users)
[2026-06-16 22:28:59,357] fc84cd4650f0/INFO/locust.main: --run-time limit reached, shutting down
[2026-06-16 22:28:59,398] fc84cd4650f0/INFO/locust.main: Shutting down (exit code 1)
Type     Name                                                                          # reqs      # fails |    Avg     Min     Max    Med |   req/s  failures/s
--------|----------------------------------------------------------------------------|-------|-------------|-------|-------|-------|-------|--------|-----------
GET      /feed/{user_id}                                                                29598     5(0.02%) |    112       1   30361      4 |  164.65        0.03
GET      /feed/{user_id}?with_fof=true                                                  14883     5(0.03%) |    254       1   32018      4 |   82.79        0.03
POST     /likes                                                                          1448     0(0.00%) |    137       2   30119      5 |    8.06        0.00
POST     /posts                                                                          2286     0(0.00%) |     85       2   29662      5 |   12.72        0.00
GET      /timeline/{user_id}                                                            18457     2(0.01%) |    173       1   30582      4 |  102.68        0.01
GET      /users/{user_id}                                                                7276     1(0.01%) |    128       1   30086      4 |   40.48        0.01
--------|----------------------------------------------------------------------------|-------|-------------|-------|-------|-------|-------|--------|-----------
         Aggregated                                                                     73948    13(0.02%) |    157       1   32018      4 |  411.37        0.07

Response time percentiles (approximated)
Type     Name                                                                                  50%    66%    75%    80%    90%    95%    98%    99%  99.9% 99.99%   100% # reqs
--------|--------------------------------------------------------------------------------|--------|------|------|------|------|------|------|------|------|------|------|------
GET      /feed/{user_id}                                                                         4      6     14     49    190    230    350    660  30000  30000  30000  29598
GET      /feed/{user_id}?with_fof=true                                                           4      6     20    120    210    320   3500   6400  30000  31000  32000  14883
POST     /likes                                                                                  5      8     16     42    180    230    400    720  30000  30000  30000   1448
POST     /posts                                                                                  5      7     14     52    190    240    380    660   5100  30000  30000   2286
GET      /timeline/{user_id}                                                                     4      6     19     98    200    260    920   3500  30000  31000  31000  18457
GET      /users/{user_id}                                                                        4      7     16     56    190    230    380    830  30000  30000  30000   7276
--------|--------------------------------------------------------------------------------|--------|------|------|------|------|------|------|------|------|------|------|------
         Aggregated                                                                              4      6     16     71    200    250    570   2700  30000  31000  32000  73948

Error report
# occurrences      Error                                                                                               
------------------|---------------------------------------------------------------------------------------------------------------------------------------------
5                  GET /feed/{user_id}: HTTPError('500 Server Error: Internal Server Error for url: /feed/{user_id}')  
5                  GET /feed/{user_id}?with_fof=true: HTTPError('500 Server Error: Internal Server Error for url: /feed/{user_id}?with_fof=true')
2                  GET /timeline/{user_id}: HTTPError('500 Server Error: Internal Server Error for url: /timeline/{user_id}')
1                  GET /users/{user_id}: HTTPError('500 Server Error: Internal Server Error for url: /users/{user_id}')
------------------|---------------------------------------------------------------------------------------------------------------------------------------------


  → 200 utenti...
 Container ad2526-redis Running 
 Container ad2526-backend Running 
 Container ad2526-redis Waiting 
 Container ad2526-redis Healthy 
 Container ad-2526-locust-run-1fb4ff7dbf02 Creating 
 Container ad-2526-locust-run-1fb4ff7dbf02 Created 
[2026-06-16 22:29:01,214] b481eea0d6da/INFO/locust.main: Starting Locust 2.32.3
[2026-06-16 22:29:01,214] b481eea0d6da/INFO/locust.main: Run time limit set to 180 seconds
[2026-06-16 22:29:01,215] b481eea0d6da/INFO/locust.runners: Ramping to 200 users at a rate of 20.00 per second
[2026-06-16 22:29:10,232] b481eea0d6da/INFO/locust.runners: All users spawned: {"BrowsingUser": 200} (200 total users)
[2026-06-16 22:32:00,941] b481eea0d6da/INFO/locust.main: --run-time limit reached, shutting down
[2026-06-16 22:32:00,995] b481eea0d6da/INFO/locust.main: Shutting down (exit code 1)
Type     Name                                                                          # reqs      # fails |    Avg     Min     Max    Med |   req/s  failures/s
--------|----------------------------------------------------------------------------|-------|-------------|-------|-------|-------|-------|--------|-----------
GET      /feed/{user_id}                                                                27688    22(0.08%) |    259       1   59841     10 |  154.01        0.12
GET      /feed/{user_id}?with_fof=true                                                  13946    13(0.09%) |    368       1   59809     11 |   77.57        0.07
POST     /likes                                                                          1402     1(0.07%) |    248       2   30005     12 |    7.80        0.01
POST     /posts                                                                          2123     1(0.05%) |    228       2   32351      9 |   11.81        0.01
GET      /timeline/{user_id}                                                            17489    16(0.09%) |    340       1   89063     11 |   97.28        0.09
GET      /users/{user_id}                                                                7154     5(0.07%) |    266       1   58018      9 |   39.79        0.03
--------|----------------------------------------------------------------------------|-------|-------------|-------|-------|-------|-------|--------|-----------
         Aggregated                                                                     69802    58(0.08%) |    301       1   89063     10 |  388.27        0.32

Response time percentiles (approximated)
Type     Name                                                                                  50%    66%    75%    80%    90%    95%    98%    99%  99.9% 99.99%   100% # reqs
--------|--------------------------------------------------------------------------------|--------|------|------|------|------|------|------|------|------|------|------|------
GET      /feed/{user_id}                                                                        10    120    180    220    320    400    550   1600  30000  59000  60000  27688
GET      /feed/{user_id}?with_fof=true                                                          11    140    200    240    350    500   2900   5600  56000  58000  60000  13946
POST     /likes                                                                                 13    130    180    220    320    380    600   1800  30000  30000  30000   1402
POST     /posts                                                                                  9    110    180    220    310    380    550   1700  30000  32000  32000   2123
GET      /timeline/{user_id}                                                                    11    130    190    240    330    440   1800   3600  35000  87000  89000  17489
GET      /users/{user_id}                                                                        9    120    180    220    320    390    560   1700  31000  58000  58000   7154
--------|--------------------------------------------------------------------------------|--------|------|------|------|------|------|------|------|------|------|------|------
         Aggregated                                                                             10    130    190    230    330    420    960   3300  32000  60000  89000  69802

Error report
# occurrences      Error                                                                                               
------------------|---------------------------------------------------------------------------------------------------------------------------------------------
1                  POST /posts: HTTPError('500 Server Error: Internal Server Error for url: /posts')                   
16                 GET /timeline/{user_id}: HTTPError('500 Server Error: Internal Server Error for url: /timeline/{user_id}')
22                 GET /feed/{user_id}: HTTPError('500 Server Error: Internal Server Error for url: /feed/{user_id}')  
13                 GET /feed/{user_id}?with_fof=true: HTTPError('500 Server Error: Internal Server Error for url: /feed/{user_id}?with_fof=true')
5                  GET /users/{user_id}: HTTPError('500 Server Error: Internal Server Error for url: /users/{user_id}')
1                  POST /likes: HTTPError('500 Server Error: Internal Server Error for url: /likes')                   
------------------|---------------------------------------------------------------------------------------------------------------------------------------------


  → 300 utenti...
 Container ad2526-redis Running 
 Container ad2526-backend Running 
 Container ad2526-redis Waiting 
 Container ad2526-redis Healthy 
 Container ad-2526-locust-run-245657d5b0d1 Creating 
 Container ad-2526-locust-run-245657d5b0d1 Created 
[2026-06-16 22:32:02,937] 9ee0fa3c789b/INFO/locust.main: Starting Locust 2.32.3
[2026-06-16 22:32:02,937] 9ee0fa3c789b/INFO/locust.main: Run time limit set to 180 seconds
[2026-06-16 22:32:02,938] 9ee0fa3c789b/INFO/locust.runners: Ramping to 300 users at a rate of 20.00 per second
[2026-06-16 22:32:16,968] 9ee0fa3c789b/INFO/locust.runners: All users spawned: {"BrowsingUser": 300} (300 total users)
[2026-06-16 22:35:02,665] 9ee0fa3c789b/INFO/locust.main: --run-time limit reached, shutting down
[2026-06-16 22:35:02,728] 9ee0fa3c789b/INFO/locust.main: Shutting down (exit code 1)
Type     Name                                                                          # reqs      # fails |    Avg     Min     Max    Med |   req/s  failures/s
--------|----------------------------------------------------------------------------|-------|-------------|-------|-------|-------|-------|--------|-----------
GET      /feed/{user_id}                                                                25171   105(0.42%) |    532       1   91647      8 |  140.01        0.58
GET      /feed/{user_id}?with_fof=true                                                  12793    48(0.38%) |    663       1  118132      9 |   71.16        0.27
POST     /likes                                                                          1265     4(0.32%) |    601       2   89782     11 |    7.04        0.02
POST     /posts                                                                          1875     5(0.27%) |    474       2   89706     10 |   10.43        0.03
GET      /timeline/{user_id}                                                            15699    54(0.34%) |    582       1  119716     10 |   87.32        0.30
GET      /users/{user_id}                                                                6344    32(0.50%) |    636       1  117775      8 |   35.29        0.18
--------|----------------------------------------------------------------------------|-------|-------------|-------|-------|-------|-------|--------|-----------
         Aggregated                                                                     63147   248(0.39%) |    581       1  119716      9 |  351.24        1.38

Response time percentiles (approximated)
Type     Name                                                                                  50%    66%    75%    80%    90%    95%    98%    99%  99.9% 99.99%   100% # reqs
--------|--------------------------------------------------------------------------------|--------|------|------|------|------|------|------|------|------|------|------|------
GET      /feed/{user_id}                                                                         8    110    170    190    310    460   1300   5000  84000  91000  92000  25171
GET      /feed/{user_id}?with_fof=true                                                           9    120    180    210    380    690   5800   9700  84000 115000 118000  12793
POST     /likes                                                                                 11    110    170    210    320    480   1900   4200  88000  90000  90000   1265
POST     /posts                                                                                 10    120    170    190    280    430    990   4500  61000  90000  90000   1875
GET      /timeline/{user_id}                                                                    10    120    170    210    350    520   3100   5500  61000  90000 120000  15699
GET      /users/{user_id}                                                                        8    110    170    200    320    470   1800  29000  84000 118000 118000   6344
--------|--------------------------------------------------------------------------------|--------|------|------|------|------|------|------|------|------|------|------|------
         Aggregated                                                                              9    110    170    200    330    490   2900   7500  82000  91000 120000  63147

Error report
# occurrences      Error                                                                                               
------------------|---------------------------------------------------------------------------------------------------------------------------------------------
105                GET /feed/{user_id}: HTTPError('500 Server Error: Internal Server Error for url: /feed/{user_id}')  
32                 GET /users/{user_id}: HTTPError('500 Server Error: Internal Server Error for url: /users/{user_id}')
48                 GET /feed/{user_id}?with_fof=true: HTTPError('500 Server Error: Internal Server Error for url: /feed/{user_id}?with_fof=true')
54                 GET /timeline/{user_id}: HTTPError('500 Server Error: Internal Server Error for url: /timeline/{user_id}')
5                  POST /posts: HTTPError('500 Server Error: Internal Server Error for url: /posts')                   
4                  POST /likes: HTTPError('500 Server Error: Internal Server Error for url: /likes')                   
------------------|---------------------------------------------------------------------------------------------------------------------------------------------


  → 400 utenti...
 Container ad2526-redis Running 
 Container ad2526-backend Running 
 Container ad2526-redis Waiting 
 Container ad2526-redis Healthy 
 Container ad-2526-locust-run-63c1acb84ef1 Creating 
 Container ad-2526-locust-run-63c1acb84ef1 Created 
[2026-06-16 22:35:04,567] d0fd6e5371dd/INFO/locust.main: Starting Locust 2.32.3
[2026-06-16 22:35:04,568] d0fd6e5371dd/INFO/locust.main: Run time limit set to 180 seconds
[2026-06-16 22:35:04,569] d0fd6e5371dd/INFO/locust.runners: Ramping to 400 users at a rate of 20.00 per second
[2026-06-16 22:35:23,604] d0fd6e5371dd/INFO/locust.runners: All users spawned: {"BrowsingUser": 400} (400 total users)
[2026-06-16 22:38:04,289] d0fd6e5371dd/INFO/locust.main: --run-time limit reached, shutting down
[2026-06-16 22:38:04,359] d0fd6e5371dd/INFO/locust.main: Shutting down (exit code 1)
Type     Name                                                                          # reqs      # fails |    Avg     Min     Max    Med |   req/s  failures/s
--------|----------------------------------------------------------------------------|-------|-------------|-------|-------|-------|-------|--------|-----------
GET      /feed/{user_id}                                                                25664   137(0.53%) |    621       1  139688      4 |  142.75        0.76
GET      /feed/{user_id}?with_fof=true                                                  12787    51(0.40%) |    730       1  138694      4 |   71.13        0.28
POST     /likes                                                                          1190     3(0.25%) |    419       2  125025      5 |    6.62        0.02
POST     /posts                                                                          1899     7(0.37%) |    456       2  119022      5 |   10.56        0.04
GET      /timeline/{user_id}                                                            15984    89(0.56%) |    736       1  141703      4 |   88.91        0.50
GET      /users/{user_id}                                                                6327    34(0.54%) |    708       1  138697      4 |   35.19        0.19
--------|----------------------------------------------------------------------------|-------|-------------|-------|-------|-------|-------|--------|-----------
         Aggregated                                                                     63851   321(0.50%) |    671       1  141703      4 |  355.16        1.79

Response time percentiles (approximated)
Type     Name                                                                                  50%    66%    75%    80%    90%    95%    98%    99%  99.9% 99.99%   100% # reqs
--------|--------------------------------------------------------------------------------|--------|------|------|------|------|------|------|------|------|------|------|------
GET      /feed/{user_id}                                                                         4     13     92    150    260    310    420   3700 111000 126000 140000  25664
GET      /feed/{user_id}?with_fof=true                                                           4     18    120    190    270    360   1100  30000 112000 124000 139000  12787
POST     /likes                                                                                  5     13     65    120    260    310    410   1200 116000 125000 125000   1190
POST     /posts                                                                                  5     15     92    150    250    290    430   1900 114000 119000 119000   1899
GET      /timeline/{user_id}                                                                     4     16    110    180    260    320    670   6800 115000 140000 142000  15984
GET      /users/{user_id}                                                                        4     16     99    160    250    310    430   3400 121000 139000 139000   6327
--------|--------------------------------------------------------------------------------|--------|------|------|------|------|------|------|------|------|------|------|------
         Aggregated                                                                              4     15    100    170    260    310    530   5800 114000 138000 142000  63851

Error report
# occurrences      Error                                                                                               
------------------|---------------------------------------------------------------------------------------------------------------------------------------------
137                GET /feed/{user_id}: HTTPError('500 Server Error: Internal Server Error for url: /feed/{user_id}')  
34                 GET /users/{user_id}: HTTPError('500 Server Error: Internal Server Error for url: /users/{user_id}')
89                 GET /timeline/{user_id}: HTTPError('500 Server Error: Internal Server Error for url: /timeline/{user_id}')
7                  POST /posts: HTTPError('500 Server Error: Internal Server Error for url: /posts')                   
51                 GET /feed/{user_id}?with_fof=true: HTTPError('500 Server Error: Internal Server Error for url: /feed/{user_id}?with_fof=true')
3                  POST /likes: HTTPError('500 Server Error: Internal Server Error for url: /likes')                   
------------------|---------------------------------------------------------------------------------------------------------------------------------------------


  → 500 utenti...
 Container ad2526-redis Running 
 Container ad2526-backend Running 
 Container ad2526-redis Waiting 
 Container ad2526-redis Healthy 
 Container ad-2526-locust-run-c87ff0794752 Creating 
 Container ad-2526-locust-run-c87ff0794752 Created 
[2026-06-16 22:38:06,165] 2f298f235ab0/INFO/locust.main: Starting Locust 2.32.3
[2026-06-16 22:38:06,166] 2f298f235ab0/INFO/locust.main: Run time limit set to 180 seconds
[2026-06-16 22:38:06,167] 2f298f235ab0/INFO/locust.runners: Ramping to 500 users at a rate of 20.00 per second
[2026-06-16 22:38:30,206] 2f298f235ab0/INFO/locust.runners: All users spawned: {"BrowsingUser": 500} (500 total users)
[2026-06-16 22:41:05,887] 2f298f235ab0/INFO/locust.main: --run-time limit reached, shutting down
[2026-06-16 22:41:05,977] 2f298f235ab0/INFO/locust.main: Shutting down (exit code 1)
Type     Name                                                                          # reqs      # fails |    Avg     Min     Max    Med |   req/s  failures/s
--------|----------------------------------------------------------------------------|-------|-------------|-------|-------|-------|-------|--------|-----------
GET      /feed/{user_id}                                                                22324   130(0.58%) |    771       1  148315      4 |  124.16        0.72
GET      /feed/{user_id}?with_fof=true                                                  11215    56(0.50%) |    694       1  147303      4 |   62.37        0.31
POST     /likes                                                                          1054     3(0.28%) |    378       2   89783      6 |    5.86        0.02
POST     /posts                                                                          1658     6(0.36%) |    581       2  147287      5 |    9.22        0.03
GET      /timeline/{user_id}                                                            13976    68(0.49%) |    699       1  146433      4 |   77.73        0.38
GET      /users/{user_id}                                                                5683    45(0.79%) |    946       1  147289      5 |   31.61        0.25
--------|----------------------------------------------------------------------------|-------|-------------|-------|-------|-------|-------|--------|-----------
         Aggregated                                                                     55910   308(0.55%) |    742       1  148315      5 |  310.95        1.71

Response time percentiles (approximated)
Type     Name                                                                                  50%    66%    75%    80%    90%    95%    98%    99%  99.9% 99.99%   100% # reqs
--------|--------------------------------------------------------------------------------|--------|------|------|------|------|------|------|------|------|------|------|------
GET      /feed/{user_id}                                                                         4     53    150    170    230    290    410   3600 121000 147000 148000  22324
GET      /feed/{user_id}?with_fof=true                                                           4     62    150    180    250    350   1800   7400 113000 147000 147000  11215
POST     /likes                                                                                  6     36    150    170    230    280    390   1700  67000  90000  90000   1054
POST     /posts                                                                                  5     41    150    170    230    290    400   1300 146000 147000 147000   1658
GET      /timeline/{user_id}                                                                     4     66    150    180    240    310    710   3600 121000 146000 146000  13976
GET      /users/{user_id}                                                                        5     55    150    170    230    290    590  30000 123000 147000 147000   5683
--------|--------------------------------------------------------------------------------|--------|------|------|------|------|------|------|------|------|------|------|------
         Aggregated                                                                              5     57    150    170    240    300    570   7100 120000 147000 148000  55910

Error report
# occurrences      Error                                                                                               
------------------|---------------------------------------------------------------------------------------------------------------------------------------------
56                 GET /feed/{user_id}?with_fof=true: HTTPError('500 Server Error: Internal Server Error for url: /feed/{user_id}?with_fof=true')
68                 GET /timeline/{user_id}: HTTPError('500 Server Error: Internal Server Error for url: /timeline/{user_id}')
130                GET /feed/{user_id}: HTTPError('500 Server Error: Internal Server Error for url: /feed/{user_id}')  
45                 GET /users/{user_id}: HTTPError('500 Server Error: Internal Server Error for url: /users/{user_id}')
6                  POST /posts: HTTPError('500 Server Error: Internal Server Error for url: /posts')                   
3                  POST /likes: HTTPError('500 Server Error: Internal Server Error for url: /likes')                   
------------------|---------------------------------------------------------------------------------------------------------------------------------------------


  → 700 utenti...
 Container ad2526-redis Running 
 Container ad2526-backend Running 
 Container ad2526-redis Waiting 
 Container ad2526-redis Healthy 
 Container ad-2526-locust-run-208952c8d079 Creating 
 Container ad-2526-locust-run-208952c8d079 Created 
[2026-06-16 22:41:07,838] b5d6fc386aa3/INFO/locust.main: Starting Locust 2.32.3
[2026-06-16 22:41:07,838] b5d6fc386aa3/INFO/locust.main: Run time limit set to 180 seconds
[2026-06-16 22:41:07,839] b5d6fc386aa3/INFO/locust.runners: Ramping to 700 users at a rate of 20.00 per second
[2026-06-16 22:41:41,917] b5d6fc386aa3/INFO/locust.runners: All users spawned: {"BrowsingUser": 700} (700 total users)
[2026-06-16 22:44:07,563] b5d6fc386aa3/INFO/locust.main: --run-time limit reached, shutting down
[2026-06-16 22:44:07,667] b5d6fc386aa3/INFO/locust.main: Shutting down (exit code 1)
Type     Name                                                                          # reqs      # fails |    Avg     Min     Max    Med |   req/s  failures/s
--------|----------------------------------------------------------------------------|-------|-------------|-------|-------|-------|-------|--------|-----------
GET      /feed/{user_id}                                                                23884    84(0.35%) |    574       1  158455     90 |  132.83        0.47
GET      /feed/{user_id}?with_fof=true                                                  11873    50(0.42%) |    724       1  150443     98 |   66.03        0.28
POST     /likes                                                                          1244     5(0.40%) |    699       2  144843     70 |    6.92        0.03
POST     /posts                                                                          1798     5(0.28%) |    770       2  153459     80 |   10.00        0.03
GET      /timeline/{user_id}                                                            15062    51(0.34%) |    612       1  158461     96 |   83.77        0.28
GET      /users/{user_id}                                                                6114    19(0.31%) |    664       1  153453     95 |   34.00        0.11
--------|----------------------------------------------------------------------------|-------|-------------|-------|-------|-------|-------|--------|-----------
         Aggregated                                                                     59975   214(0.36%) |    631       1  158461     93 |  333.55        1.19

Response time percentiles (approximated)
Type     Name                                                                                  50%    66%    75%    80%    90%    95%    98%    99%  99.9% 99.99%   100% # reqs
--------|--------------------------------------------------------------------------------|--------|------|------|------|------|------|------|------|------|------|------|------
GET      /feed/{user_id}                                                                        90    210    270    290    340    380    520   1600 116000 154000 158000  23884
GET      /feed/{user_id}?with_fof=true                                                          98    220    280    300    350    420   1300   4300 118000 145000 150000  11873
POST     /likes                                                                                 70    200    260    290    340    380    610   2100 139000 145000 145000   1244
POST     /posts                                                                                 81    210    270    290    340    390    520  30000 139000 153000 153000   1798
GET      /timeline/{user_id}                                                                    96    220    270    290    340    400    800   2300 117000 157000 158000  15062
GET      /users/{user_id}                                                                       95    220    270    290    340    380    520   2000 117000 153000 153000   6114
--------|--------------------------------------------------------------------------------|--------|------|------|------|------|------|------|------|------|------|------|------
         Aggregated                                                                             93    220    270    290    340    390    670   2300 117000 154000 158000  59975

Error report
# occurrences      Error                                                                                               
------------------|---------------------------------------------------------------------------------------------------------------------------------------------
84                 GET /feed/{user_id}: HTTPError('500 Server Error: Internal Server Error for url: /feed/{user_id}')  
50                 GET /feed/{user_id}?with_fof=true: HTTPError('500 Server Error: Internal Server Error for url: /feed/{user_id}?with_fof=true')
19                 GET /users/{user_id}: HTTPError('500 Server Error: Internal Server Error for url: /users/{user_id}')
51                 GET /timeline/{user_id}: HTTPError('500 Server Error: Internal Server Error for url: /timeline/{user_id}')
5                  POST /likes: HTTPError('500 Server Error: Internal Server Error for url: /likes')                   
5                  POST /posts: HTTPError('500 Server Error: Internal Server Error for url: /posts')                   
------------------|---------------------------------------------------------------------------------------------------------------------------------------------



==============================
 Strategia: write_through
==============================
 Container ad2526-redis Running 
 Container ad2526-backend Recreate 
 Container ad2526-backend Recreated 
 Container ad2526-redis Waiting 
 Container ad2526-redis Healthy 
 Container ad2526-backend Starting 
 Container ad2526-backend Started 
  → 10 utenti...
 Container ad2526-redis Running 
 Container ad2526-backend Running 
 Container ad2526-redis Waiting 
 Container ad2526-redis Healthy 
 Container ad-2526-locust-run-737c25b07e57 Creating 
 Container ad-2526-locust-run-737c25b07e57 Created 
[2026-06-16 22:44:26,494] e11f29f00ee0/INFO/locust.main: Starting Locust 2.32.3
[2026-06-16 22:44:26,494] e11f29f00ee0/INFO/locust.main: Run time limit set to 180 seconds
[2026-06-16 22:44:26,495] e11f29f00ee0/INFO/locust.runners: Ramping to 10 users at a rate of 20.00 per second
[2026-06-16 22:44:26,496] e11f29f00ee0/INFO/locust.runners: All users spawned: {"BrowsingUser": 10} (10 total users)
[2026-06-16 22:47:26,219] e11f29f00ee0/INFO/locust.main: --run-time limit reached, shutting down
[2026-06-16 22:47:26,245] e11f29f00ee0/INFO/locust.main: Shutting down (exit code 0)
Type     Name                                                                          # reqs      # fails |    Avg     Min     Max    Med |   req/s  failures/s
--------|----------------------------------------------------------------------------|-------|-------------|-------|-------|-------|-------|--------|-----------
GET      /feed/{user_id}                                                                 3313     0(0.00%) |      3       1      85      3 |   18.44        0.00
GET      /feed/{user_id}?with_fof=true                                                   1741     0(0.00%) |     23       1     605      3 |    9.69        0.00
POST     /likes                                                                           170     0(0.00%) |      4       2      28      4 |    0.95        0.00
POST     /posts                                                                           240     0(0.00%) |      5       3      26      5 |    1.34        0.00
GET      /timeline/{user_id}                                                             2186     0(0.00%) |     12       1     403      3 |   12.16        0.00
GET      /users/{user_id}                                                                 877     0(0.00%) |      2       1      62      3 |    4.88        0.00
--------|----------------------------------------------------------------------------|-------|-------------|-------|-------|-------|-------|--------|-----------
         Aggregated                                                                      8527     0(0.00%) |      9       1     605      3 |   47.45        0.00

Response time percentiles (approximated)
Type     Name                                                                                  50%    66%    75%    80%    90%    95%    98%    99%  99.9% 99.99%   100% # reqs
--------|--------------------------------------------------------------------------------|--------|------|------|------|------|------|------|------|------|------|------|------
GET      /feed/{user_id}                                                                         3      3      3      3      4      4      8     12     30     86     86   3313
GET      /feed/{user_id}?with_fof=true                                                           3      3      3      4      4    240    390    440    590    610    610   1741
POST     /likes                                                                                  4      4      5      5      5      7     14     15     28     28     28    170
POST     /posts                                                                                  5      5      5      5      7      8     15     19     27     27     27    240
GET      /timeline/{user_id}                                                                     3      3      3      3      4     18    190    200    390    400    400   2186
GET      /users/{user_id}                                                                        3      3      3      3      3      4      6     13     62     62     62    877
--------|--------------------------------------------------------------------------------|--------|------|------|------|------|------|------|------|------|------|------|------
         Aggregated                                                                              3      3      3      3      4      6    190    270    490    610    610   8527

  → 25 utenti...
 Container ad2526-redis Running 
 Container ad2526-backend Running 
 Container ad2526-redis Waiting 
 Container ad2526-redis Healthy 
 Container ad-2526-locust-run-aba1d4568772 Creating 
 Container ad-2526-locust-run-aba1d4568772 Created 
[2026-06-16 22:47:27,903] 1231f1baf29f/INFO/locust.main: Starting Locust 2.32.3
[2026-06-16 22:47:27,903] 1231f1baf29f/INFO/locust.main: Run time limit set to 180 seconds
[2026-06-16 22:47:27,904] 1231f1baf29f/INFO/locust.runners: Ramping to 25 users at a rate of 20.00 per second
[2026-06-16 22:47:28,906] 1231f1baf29f/INFO/locust.runners: All users spawned: {"BrowsingUser": 25} (25 total users)
[2026-06-16 22:50:27,629] 1231f1baf29f/INFO/locust.main: --run-time limit reached, shutting down
[2026-06-16 22:50:27,657] 1231f1baf29f/INFO/locust.main: Shutting down (exit code 0)
Type     Name                                                                          # reqs      # fails |    Avg     Min     Max    Med |   req/s  failures/s
--------|----------------------------------------------------------------------------|-------|-------------|-------|-------|-------|-------|--------|-----------
GET      /feed/{user_id}                                                                 8493     0(0.00%) |      3       1     109      3 |   47.26        0.00
GET      /feed/{user_id}?with_fof=true                                                   4235     0(0.00%) |     34       1    2634      3 |   23.57        0.00
POST     /likes                                                                           414     0(0.00%) |      4       2     158      4 |    2.30        0.00
POST     /posts                                                                           642     0(0.00%) |      5       3      54      4 |    3.57        0.00
GET      /timeline/{user_id}                                                             5321     0(0.00%) |     12       1    1815      3 |   29.61        0.00
GET      /users/{user_id}                                                                2075     0(0.00%) |      2       1     134      2 |   11.55        0.00
--------|----------------------------------------------------------------------------|-------|-------------|-------|-------|-------|-------|--------|-----------
         Aggregated                                                                     21180     0(0.00%) |     11       1    2634      3 |  117.86        0.00

Response time percentiles (approximated)
Type     Name                                                                                  50%    66%    75%    80%    90%    95%    98%    99%  99.9% 99.99%   100% # reqs
--------|--------------------------------------------------------------------------------|--------|------|------|------|------|------|------|------|------|------|------|------
GET      /feed/{user_id}                                                                         3      3      3      3      4      4      8     13     51    110    110   8493
GET      /feed/{user_id}?with_fof=true                                                           3      3      3      3      4     12    420    960   2400   2600   2600   4235
POST     /likes                                                                                  4      4      4      4      5      6      7     14    160    160    160    414
POST     /posts                                                                                  4      5      5      5      6      8     10     15     55     55     55    642
GET      /timeline/{user_id}                                                                     3      3      3      3      4      5    190    200   1600   1800   1800   5321
GET      /users/{user_id}                                                                        2      3      3      3      3      3      5     10     42    130    130   2075
--------|--------------------------------------------------------------------------------|--------|------|------|------|------|------|------|------|------|------|------|------
         Aggregated                                                                              3      3      3      3      4      5     19    230   1800   2400   2600  21180

  → 50 utenti...
 Container ad2526-redis Running 
 Container ad2526-backend Running 
 Container ad2526-redis Waiting 
 Container ad2526-redis Healthy 
 Container ad-2526-locust-run-4a434faa672c Creating 
 Container ad-2526-locust-run-4a434faa672c Created 
[2026-06-16 22:50:29,305] b4d987c6cf33/INFO/locust.main: Starting Locust 2.32.3
[2026-06-16 22:50:29,305] b4d987c6cf33/INFO/locust.main: Run time limit set to 180 seconds
[2026-06-16 22:50:29,306] b4d987c6cf33/INFO/locust.runners: Ramping to 50 users at a rate of 20.00 per second
[2026-06-16 22:50:31,309] b4d987c6cf33/INFO/locust.runners: All users spawned: {"BrowsingUser": 50} (50 total users)
[2026-06-16 22:53:29,024] b4d987c6cf33/INFO/locust.main: --run-time limit reached, shutting down
[2026-06-16 22:53:29,053] b4d987c6cf33/INFO/locust.main: Shutting down (exit code 0)
Type     Name                                                                          # reqs      # fails |    Avg     Min     Max    Med |   req/s  failures/s
--------|----------------------------------------------------------------------------|-------|-------------|-------|-------|-------|-------|--------|-----------
GET      /feed/{user_id}                                                                15856     0(0.00%) |      4       1    1767      3 |   88.23        0.00
GET      /feed/{user_id}?with_fof=true                                                   7673     0(0.00%) |    105       1    6431      3 |   42.69        0.00
POST     /likes                                                                           786     0(0.00%) |      5       2     227      4 |    4.37        0.00
POST     /posts                                                                          1151     0(0.00%) |      6       3     715      5 |    6.40        0.00
GET      /timeline/{user_id}                                                             9654     0(0.00%) |     20       1    3769      3 |   53.72        0.00
GET      /users/{user_id}                                                                4006     0(0.00%) |      3       1     981      2 |   22.29        0.00
--------|----------------------------------------------------------------------------|-------|-------------|-------|-------|-------|-------|--------|-----------
         Aggregated                                                                     39126     0(0.00%) |     28       1    6431      3 |  217.71        0.00

Response time percentiles (approximated)
Type     Name                                                                                  50%    66%    75%    80%    90%    95%    98%    99%  99.9% 99.99%   100% # reqs
--------|--------------------------------------------------------------------------------|--------|------|------|------|------|------|------|------|------|------|------|------
GET      /feed/{user_id}                                                                         3      3      3      3      4      7     13     26    290   1800   1800  15856
GET      /feed/{user_id}?with_fof=true                                                           3      3      3      3      5     23   2400   4600   5600   6400   6400   7673
POST     /likes                                                                                  4      4      4      5      7     12     22     41    230    230    230    786
POST     /posts                                                                                  5      5      5      6      8     13     23     33    120    720    720   1151
GET      /timeline/{user_id}                                                                     3      3      3      3      4     10    200    250   3500   3800   3800   9654
GET      /users/{user_id}                                                                        2      2      3      3      3      5     10     18     75    980    980   4006
--------|--------------------------------------------------------------------------------|--------|------|------|------|------|------|------|------|------|------|------|------
         Aggregated                                                                              3      3      3      3      5      9     36    350   5100   5700   6400  39126

  → 75 utenti...
 Container ad2526-redis Running 
 Container ad2526-backend Running 
 Container ad2526-redis Waiting 
 Container ad2526-redis Healthy 
 Container ad-2526-locust-run-6b3c6abd0c94 Creating 
 Container ad-2526-locust-run-6b3c6abd0c94 Created 
[2026-06-16 22:53:30,759] 08b926b879b6/INFO/locust.main: Starting Locust 2.32.3
[2026-06-16 22:53:30,760] 08b926b879b6/INFO/locust.main: Run time limit set to 180 seconds
[2026-06-16 22:53:30,761] 08b926b879b6/INFO/locust.runners: Ramping to 75 users at a rate of 20.00 per second
[2026-06-16 22:53:33,766] 08b926b879b6/INFO/locust.runners: All users spawned: {"BrowsingUser": 75} (75 total users)
[2026-06-16 22:56:30,486] 08b926b879b6/INFO/locust.main: --run-time limit reached, shutting down
[2026-06-16 22:56:30,515] 08b926b879b6/INFO/locust.main: Shutting down (exit code 0)
Type     Name                                                                          # reqs      # fails |    Avg     Min     Max    Med |   req/s  failures/s
--------|----------------------------------------------------------------------------|-------|-------------|-------|-------|-------|-------|--------|-----------
GET      /feed/{user_id}                                                                21067     0(0.00%) |     19       1    2823      3 |  117.22        0.00
GET      /feed/{user_id}?with_fof=true                                                  10602     0(0.00%) |    139       1    8840      3 |   58.99        0.00
POST     /likes                                                                          1082     0(0.00%) |     25       2    2018      4 |    6.02        0.00
POST     /posts                                                                          1640     0(0.00%) |     25       3    1821      5 |    9.13        0.00
GET      /timeline/{user_id}                                                            13290     0(0.00%) |     52       1    5704      3 |   73.95        0.00
GET      /users/{user_id}                                                                5285     0(0.00%) |     20       1    2675      2 |   29.41        0.00
--------|----------------------------------------------------------------------------|-------|-------------|-------|-------|-------|-------|--------|-----------
         Aggregated                                                                     52966     0(0.00%) |     52       1    8840      3 |  294.71        0.00

Response time percentiles (approximated)
Type     Name                                                                                  50%    66%    75%    80%    90%    95%    98%    99%  99.9% 99.99%   100% # reqs
--------|--------------------------------------------------------------------------------|--------|------|------|------|------|------|------|------|------|------|------|------
GET      /feed/{user_id}                                                                         3      3      4      4      9     19     71    450   2100   2800   2800  21067
GET      /feed/{user_id}?with_fof=true                                                           3      3      4      5     12     75   3300   5600   6900   7900   8800  10602
POST     /likes                                                                                  4      6      7      8     16     26    120    960   1700   2000   2000   1082
POST     /posts                                                                                  5      7      8     10     19     34    150    630   1800   1800   1800   1640
GET      /timeline/{user_id}                                                                     3      3      4      4     11     37    710   1900   3700   5500   5700  13290
GET      /users/{user_id}                                                                        2      3      3      3      7     18     94    660   1900   2700   2700   5285
--------|--------------------------------------------------------------------------------|--------|------|------|------|------|------|------|------|------|------|------|------
         Aggregated                                                                              3      3      4      5     10     27    410   1600   6000   7100   8800  52966

  → 100 utenti...
 Container ad2526-redis Running 
 Container ad2526-backend Running 
 Container ad2526-redis Waiting 
 Container ad2526-redis Healthy 
 Container ad-2526-locust-run-8d9ece8eade7 Creating 
 Container ad-2526-locust-run-8d9ece8eade7 Created 
[2026-06-16 22:56:32,195] 37903b613522/INFO/locust.main: Starting Locust 2.32.3
[2026-06-16 22:56:32,195] 37903b613522/INFO/locust.main: Run time limit set to 180 seconds
[2026-06-16 22:56:32,196] 37903b613522/INFO/locust.runners: Ramping to 100 users at a rate of 20.00 per second
[2026-06-16 22:56:36,203] 37903b613522/INFO/locust.runners: All users spawned: {"BrowsingUser": 100} (100 total users)
[2026-06-16 22:59:31,911] 37903b613522/INFO/locust.main: --run-time limit reached, shutting down
[2026-06-16 22:59:31,944] 37903b613522/INFO/locust.main: Shutting down (exit code 0)
Type     Name                                                                          # reqs      # fails |    Avg     Min     Max    Med |   req/s  failures/s
--------|----------------------------------------------------------------------------|-------|-------------|-------|-------|-------|-------|--------|-----------
GET      /feed/{user_id}                                                                24655     0(0.00%) |     40       1    6682      3 |  137.17        0.00
GET      /feed/{user_id}?with_fof=true                                                  12239     0(0.00%) |    213       1   12381      3 |   68.09        0.00
POST     /likes                                                                          1252     0(0.00%) |     31       2    2414      5 |    6.97        0.00
POST     /posts                                                                          1888     0(0.00%) |     56       3    4684      6 |   10.50        0.00
GET      /timeline/{user_id}                                                            15411     0(0.00%) |     94       1    7777      3 |   85.74        0.00
GET      /users/{user_id}                                                                6171     0(0.00%) |     35       1    6693      3 |   34.33        0.00
--------|----------------------------------------------------------------------------|-------|-------------|-------|-------|-------|-------|--------|-----------
         Aggregated                                                                     61616     0(0.00%) |     88       1   12381      3 |  342.80        0.00

Response time percentiles (approximated)
Type     Name                                                                                  50%    66%    75%    80%    90%    95%    98%    99%  99.9% 99.99%   100% # reqs
--------|--------------------------------------------------------------------------------|--------|------|------|------|------|------|------|------|------|------|------|------
GET      /feed/{user_id}                                                                         3      4      5      7     21     81    290   1300   3800   5600   6700  24655
GET      /feed/{user_id}?with_fof=true                                                           3      4      5      8     34    320   5300   7400  10000  12000  12000  12239
POST     /likes                                                                                  5      7      9     13     26     92    220    680   2300   2400   2400   1252
POST     /posts                                                                                  6      9     12     16     33    100    970   1800   3900   4700   4700   1888
GET      /timeline/{user_id}                                                                     3      4      6      8     34    220   1800   2800   5400   7300   7800  15411
GET      /users/{user_id}                                                                        3      3      4      5     19     69    240   1100   3200   6700   6700   6171
--------|--------------------------------------------------------------------------------|--------|------|------|------|------|------|------|------|------|------|------|------
         Aggregated                                                                              3      4      6      8     26    130   1100   2500   8900  11000  12000  61616

  → 150 utenti...
 Container ad2526-redis Running 
 Container ad2526-backend Running 
 Container ad2526-redis Waiting 
 Container ad2526-redis Healthy 
 Container ad-2526-locust-run-d555f18d28c7 Creating 
 Container ad-2526-locust-run-d555f18d28c7 Created 
[2026-06-16 22:59:34,133] f4fe51630058/INFO/locust.main: Starting Locust 2.32.3
[2026-06-16 22:59:34,134] f4fe51630058/INFO/locust.main: Run time limit set to 180 seconds
[2026-06-16 22:59:34,134] f4fe51630058/INFO/locust.runners: Ramping to 150 users at a rate of 20.00 per second
[2026-06-16 22:59:41,148] f4fe51630058/INFO/locust.runners: All users spawned: {"BrowsingUser": 150} (150 total users)
[2026-06-16 23:02:33,853] f4fe51630058/INFO/locust.main: --run-time limit reached, shutting down
[2026-06-16 23:02:33,895] f4fe51630058/INFO/locust.main: Shutting down (exit code 0)
Type     Name                                                                          # reqs      # fails |    Avg     Min     Max    Med |   req/s  failures/s
--------|----------------------------------------------------------------------------|-------|-------------|-------|-------|-------|-------|--------|-----------
GET      /feed/{user_id}                                                                27328     0(0.00%) |    144       1    9040     14 |  152.03        0.00
GET      /feed/{user_id}?with_fof=true                                                  13477     0(0.00%) |    305       2   14920     23 |   74.97        0.00
POST     /likes                                                                          1424     0(0.00%) |    146       3    8671     30 |    7.92        0.00
POST     /posts                                                                          1936     0(0.00%) |    162       3    9117     36 |   10.77        0.00
GET      /timeline/{user_id}                                                            16961     0(0.00%) |    187       1   11080     22 |   94.36        0.00
GET      /users/{user_id}                                                                6925     0(0.00%) |    149       1    8909     15 |   38.52        0.00
--------|----------------------------------------------------------------------------|-------|-------------|-------|-------|-------|-------|--------|-----------
         Aggregated                                                                     68051     0(0.00%) |    188       1   14920     19 |  378.58        0.00

Response time percentiles (approximated)
Type     Name                                                                                  50%    66%    75%    80%    90%    95%    98%    99%  99.9% 99.99%   100% # reqs
--------|--------------------------------------------------------------------------------|--------|------|------|------|------|------|------|------|------|------|------|------
GET      /feed/{user_id}                                                                        14    130    160    180    280    440    740   2000   8100   9000   9000  27328
GET      /feed/{user_id}?with_fof=true                                                          23    140    180    210    380    750   4200   7300   9800  14000  15000  13477
POST     /likes                                                                                 30    140    170    200    330    480    750   2000   4300   8700   8700   1424
POST     /posts                                                                                 36    150    170    200    330    510    790   1900   8300   9100   9100   1936
GET      /timeline/{user_id}                                                                    22    140    170    190    330    530   1900   3300   8200   9700  11000  16961
GET      /users/{user_id}                                                                       15    140    160    180    300    450    720   2300   8200   8900   8900   6925
--------|--------------------------------------------------------------------------------|--------|------|------|------|------|------|------|------|------|------|------|------
         Aggregated                                                                             19    140    170    190    310    500   1300   3300   8700  12000  15000  68051

  → 200 utenti...
 Container ad2526-redis Running 
 Container ad2526-backend Running 
 Container ad2526-redis Waiting 
 Container ad2526-redis Healthy 
 Container ad-2526-locust-run-0eb3891857c2 Creating 
 Container ad-2526-locust-run-0eb3891857c2 Created 
[2026-06-16 23:02:35,700] 4bd3413c42bd/INFO/locust.main: Starting Locust 2.32.3
[2026-06-16 23:02:35,701] 4bd3413c42bd/INFO/locust.main: Run time limit set to 180 seconds
[2026-06-16 23:02:35,702] 4bd3413c42bd/INFO/locust.runners: Ramping to 200 users at a rate of 20.00 per second
[2026-06-16 23:02:44,718] 4bd3413c42bd/INFO/locust.runners: All users spawned: {"BrowsingUser": 200} (200 total users)
[2026-06-16 23:05:35,421] 4bd3413c42bd/INFO/locust.main: --run-time limit reached, shutting down
[2026-06-16 23:05:35,466] 4bd3413c42bd/INFO/locust.main: Shutting down (exit code 1)
Type     Name                                                                          # reqs      # fails |    Avg     Min     Max    Med |   req/s  failures/s
--------|----------------------------------------------------------------------------|-------|-------------|-------|-------|-------|-------|--------|-----------
GET      /feed/{user_id}                                                                24519    22(0.09%) |    318       1   59116     22 |  136.40        0.12
GET      /feed/{user_id}?with_fof=true                                                  12324    15(0.12%) |    481       1   58228     39 |   68.56        0.08
POST     /likes                                                                          1223     0(0.00%) |    324       3   31970     33 |    6.80        0.00
POST     /posts                                                                          1869     2(0.11%) |    329       3   57138     31 |   10.40        0.01
GET      /timeline/{user_id}                                                            15318    11(0.07%) |    377       1   60127     29 |   85.22        0.06
GET      /users/{user_id}                                                                6049     6(0.10%) |    362       1   59165     22 |   33.65        0.03
--------|----------------------------------------------------------------------------|-------|-------------|-------|-------|-------|-------|--------|-----------
         Aggregated                                                                     61302    56(0.09%) |    371       1   60127     27 |  341.03        0.31

Response time percentiles (approximated)
Type     Name                                                                                  50%    66%    75%    80%    90%    95%    98%    99%  99.9% 99.99%   100% # reqs
--------|--------------------------------------------------------------------------------|--------|------|------|------|------|------|------|------|------|------|------|------
GET      /feed/{user_id}                                                                        22    130    170    200    290    370    950   3000  30000  58000  59000  24519
GET      /feed/{user_id}?with_fof=true                                                          39    140    180    210    340    720   5000   7000  31000  57000  58000  12324
POST     /likes                                                                                 33    130    180    200    290    360   1000   3300  30000  32000  32000   1223
POST     /posts                                                                                 31    140    180    200    300    380    770   2400  54000  57000  57000   1869
GET      /timeline/{user_id}                                                                    29    140    180    210    310    430   2400   3900  31000  57000  60000  15318
GET      /users/{user_id}                                                                       22    130    170    190    290    370    880   3100  30000  59000  59000   6049
--------|--------------------------------------------------------------------------------|--------|------|------|------|------|------|------|------|------|------|------|------
         Aggregated                                                                             27    140    180    200    310    400   2000   4500  31000  58000  60000  61302

Error report
# occurrences      Error                                                                                               
------------------|---------------------------------------------------------------------------------------------------------------------------------------------
15                 GET /feed/{user_id}?with_fof=true: HTTPError('500 Server Error: Internal Server Error for url: /feed/{user_id}?with_fof=true')
11                 GET /timeline/{user_id}: HTTPError('500 Server Error: Internal Server Error for url: /timeline/{user_id}')
22                 GET /feed/{user_id}: HTTPError('500 Server Error: Internal Server Error for url: /feed/{user_id}')  
6                  GET /users/{user_id}: HTTPError('500 Server Error: Internal Server Error for url: /users/{user_id}')
2                  POST /posts: HTTPError('500 Server Error: Internal Server Error for url: /posts')                   
------------------|---------------------------------------------------------------------------------------------------------------------------------------------


  → 300 utenti...
 Container ad2526-redis Running 
 Container ad2526-backend Running 
 Container ad2526-redis Waiting 
 Container ad2526-redis Healthy 
 Container ad-2526-locust-run-cbab63fe7846 Creating 
 Container ad-2526-locust-run-cbab63fe7846 Created 
[2026-06-16 23:05:37,360] 2155b84304e6/INFO/locust.main: Starting Locust 2.32.3
[2026-06-16 23:05:37,360] 2155b84304e6/INFO/locust.main: Run time limit set to 180 seconds
[2026-06-16 23:05:37,361] 2155b84304e6/INFO/locust.runners: Ramping to 300 users at a rate of 20.00 per second
[2026-06-16 23:05:51,389] 2155b84304e6/INFO/locust.runners: All users spawned: {"BrowsingUser": 300} (300 total users)
[2026-06-16 23:08:37,087] 2155b84304e6/INFO/locust.main: --run-time limit reached, shutting down
[2026-06-16 23:08:37,141] 2155b84304e6/INFO/locust.main: Shutting down (exit code 1)
Type     Name                                                                          # reqs      # fails |    Avg     Min     Max    Med |   req/s  failures/s
--------|----------------------------------------------------------------------------|-------|-------------|-------|-------|-------|-------|--------|-----------
GET      /feed/{user_id}                                                                26607    84(0.32%) |    441       1  107991      5 |  148.00        0.47
GET      /feed/{user_id}?with_fof=true                                                  13108    44(0.34%) |    583       1  109066      5 |   72.91        0.24
POST     /likes                                                                          1342     5(0.37%) |    384       3   83822      9 |    7.47        0.03
POST     /posts                                                                          2009     7(0.35%) |    338       3  108051     12 |   11.18        0.04
GET      /timeline/{user_id}                                                            16427    60(0.37%) |    503       1  114079      5 |   91.38        0.33
GET      /users/{user_id}                                                                6509    20(0.31%) |    394       1  109071      4 |   36.21        0.11
--------|----------------------------------------------------------------------------|-------|-------------|-------|-------|-------|-------|--------|-----------
         Aggregated                                                                     66002   220(0.33%) |    476       1  114079      5 |  367.14        1.22

Response time percentiles (approximated)
Type     Name                                                                                  50%    66%    75%    80%    90%    95%    98%    99%  99.9% 99.99%   100% # reqs
--------|--------------------------------------------------------------------------------|--------|------|------|------|------|------|------|------|------|------|------|------
GET      /feed/{user_id}                                                                         5     19     93    180    270    330    520   5000  79000  90000 108000  26607
GET      /feed/{user_id}?with_fof=true                                                           5     23    130    210    300    460   4800  11000  70000 108000 109000  13108
POST     /likes                                                                                  9     22     71    140    270    320    420   2000  81000  84000  84000   1342
POST     /posts                                                                                 12     35    120    200    290    350    550   2200  30000 108000 108000   2009
GET      /timeline/{user_id}                                                                     5     20    100    190    280    360   1000   6900  80000 108000 114000  16427
GET      /users/{user_id}                                                                        4     14     70    160    270    320    510   2500  60000 109000 109000   6509
--------|--------------------------------------------------------------------------------|--------|------|------|------|------|------|------|------|------|------|------|------
         Aggregated                                                                              5     20    100    190    280    350    890   8400  78000 108000 114000  66002

Error report
# occurrences      Error                                                                                               
------------------|---------------------------------------------------------------------------------------------------------------------------------------------
20                 GET /users/{user_id}: HTTPError('500 Server Error: Internal Server Error for url: /users/{user_id}')
7                  POST /posts: HTTPError('500 Server Error: Internal Server Error for url: /posts')                   
44                 GET /feed/{user_id}?with_fof=true: HTTPError('500 Server Error: Internal Server Error for url: /feed/{user_id}?with_fof=true')
60                 GET /timeline/{user_id}: HTTPError('500 Server Error: Internal Server Error for url: /timeline/{user_id}')
84                 GET /feed/{user_id}: HTTPError('500 Server Error: Internal Server Error for url: /feed/{user_id}')  
5                  POST /likes: HTTPError('500 Server Error: Internal Server Error for url: /likes')                   
------------------|---------------------------------------------------------------------------------------------------------------------------------------------


  → 400 utenti...
 Container ad2526-redis Running 
 Container ad2526-backend Running 
 Container ad2526-redis Waiting 
 Container ad2526-redis Healthy 
 Container ad-2526-locust-run-a71953298fab Creating 
 Container ad-2526-locust-run-a71953298fab Created 
[2026-06-16 23:08:38,961] af5d7d4d1a68/INFO/locust.main: Starting Locust 2.32.3
[2026-06-16 23:08:38,962] af5d7d4d1a68/INFO/locust.main: Run time limit set to 180 seconds
[2026-06-16 23:08:38,963] af5d7d4d1a68/INFO/locust.runners: Ramping to 400 users at a rate of 20.00 per second
[2026-06-16 23:08:58,002] af5d7d4d1a68/INFO/locust.runners: All users spawned: {"BrowsingUser": 400} (400 total users)
[2026-06-16 23:11:38,685] af5d7d4d1a68/INFO/locust.main: --run-time limit reached, shutting down
[2026-06-16 23:11:38,754] af5d7d4d1a68/INFO/locust.main: Shutting down (exit code 1)
Type     Name                                                                          # reqs      # fails |    Avg     Min     Max    Med |   req/s  failures/s
--------|----------------------------------------------------------------------------|-------|-------------|-------|-------|-------|-------|--------|-----------
GET      /feed/{user_id}                                                                25965   131(0.50%) |    640       1  141789      5 |  144.42        0.73
GET      /feed/{user_id}?with_fof=true                                                  13149    56(0.43%) |    570       1  134578      6 |   73.14        0.31
POST     /likes                                                                          1325     6(0.45%) |    564       3  137568     10 |    7.37        0.03
POST     /posts                                                                          2019     5(0.25%) |    380       3  142704     12 |   11.23        0.03
GET      /timeline/{user_id}                                                            16286    63(0.39%) |    555       1  141643      6 |   90.59        0.35
GET      /users/{user_id}                                                                6680    24(0.36%) |    584       1  136621      5 |   37.16        0.13
--------|----------------------------------------------------------------------------|-------|-------------|-------|-------|-------|-------|--------|-----------
         Aggregated                                                                     65424   285(0.44%) |    590       1  142704      6 |  363.91        1.59

Response time percentiles (approximated)
Type     Name                                                                                  50%    66%    75%    80%    90%    95%    98%    99%  99.9% 99.99%   100% # reqs
--------|--------------------------------------------------------------------------------|--------|------|------|------|------|------|------|------|------|------|------|------
GET      /feed/{user_id}                                                                         5     78    130    160    250    300    380   2000 115000 141000 142000  25965
GET      /feed/{user_id}?with_fof=true                                                           6     92    150    180    270    340   1200   4700 110000 134000 135000  13149
POST     /likes                                                                                 10     82    140    170    260    320    390   1500 115000 138000 138000   1325
POST     /posts                                                                                 12     77    140    170    250    320    380    770  85000 143000 143000   2019
GET      /timeline/{user_id}                                                                     6     94    140    180    260    320    700   2700 109000 141000 142000  16286
GET      /users/{user_id}                                                                        5     74    130    160    250    300    380   1900 115000 137000 137000   6680
--------|--------------------------------------------------------------------------------|--------|------|------|------|------|------|------|------|------|------|------|------
         Aggregated                                                                              6     85    140    170    250    320    580   2800 111000 138000 143000  65424

Error report
# occurrences      Error                                                                                               
------------------|---------------------------------------------------------------------------------------------------------------------------------------------
131                GET /feed/{user_id}: HTTPError('500 Server Error: Internal Server Error for url: /feed/{user_id}')  
63                 GET /timeline/{user_id}: HTTPError('500 Server Error: Internal Server Error for url: /timeline/{user_id}')
56                 GET /feed/{user_id}?with_fof=true: HTTPError('500 Server Error: Internal Server Error for url: /feed/{user_id}?with_fof=true')
6                  POST /likes: HTTPError('500 Server Error: Internal Server Error for url: /likes')                   
5                  POST /posts: HTTPError('500 Server Error: Internal Server Error for url: /posts')                   
24                 GET /users/{user_id}: HTTPError('500 Server Error: Internal Server Error for url: /users/{user_id}')
------------------|---------------------------------------------------------------------------------------------------------------------------------------------


  → 500 utenti...
 Container ad2526-redis Running 
 Container ad2526-backend Running 
 Container ad2526-redis Waiting 
 Container ad2526-redis Healthy 
 Container ad-2526-locust-run-db0fce781e15 Creating 
 Container ad-2526-locust-run-db0fce781e15 Created 
[2026-06-16 23:11:40,653] e30bc77463d3/INFO/locust.main: Starting Locust 2.32.3
[2026-06-16 23:11:40,653] e30bc77463d3/INFO/locust.main: Run time limit set to 180 seconds
[2026-06-16 23:11:40,654] e30bc77463d3/INFO/locust.runners: Ramping to 500 users at a rate of 20.00 per second
[2026-06-16 23:12:04,710] e30bc77463d3/INFO/locust.runners: All users spawned: {"BrowsingUser": 500} (500 total users)
[2026-06-16 23:14:40,376] e30bc77463d3/INFO/locust.main: --run-time limit reached, shutting down
[2026-06-16 23:14:40,460] e30bc77463d3/INFO/locust.main: Shutting down (exit code 1)
Type     Name                                                                          # reqs      # fails |    Avg     Min     Max    Med |   req/s  failures/s
--------|----------------------------------------------------------------------------|-------|-------------|-------|-------|-------|-------|--------|-----------
GET      /feed/{user_id}                                                                23499   110(0.47%) |    677       1  174161      4 |  130.70        0.61
GET      /feed/{user_id}?with_fof=true                                                  11781    72(0.61%) |    824       1  169978      4 |   65.53        0.40
POST     /likes                                                                          1190     8(0.67%) |    831       2  167141      6 |    6.62        0.04
POST     /posts                                                                          1804    14(0.78%) |   1232       3  169977      8 |   10.03        0.08
GET      /timeline/{user_id}                                                            14618    85(0.58%) |    869       1  172160      3 |   81.31        0.47
GET      /users/{user_id}                                                                6003    33(0.55%) |    763       1  168982      3 |   33.39        0.18
--------|----------------------------------------------------------------------------|-------|-------------|-------|-------|-------|-------|--------|-----------
         Aggregated                                                                     58895   322(0.55%) |    783       1  174161      4 |  327.58        1.79

Response time percentiles (approximated)
Type     Name                                                                                  50%    66%    75%    80%    90%    95%    98%    99%  99.9% 99.99%   100% # reqs
--------|--------------------------------------------------------------------------------|--------|------|------|------|------|------|------|------|------|------|------|------
GET      /feed/{user_id}                                                                         4      6     17     55    200    270    470   2700 139000 168000 174000  23499
GET      /feed/{user_id}?with_fof=true                                                           4      6     31    100    240    410   4300  27000 143000 169000 170000  11781
POST     /likes                                                                                  7     12     31     92    220    290    440   2600 142000 167000 167000   1190
POST     /posts                                                                                  8     13     28     61    220    300    680  58000 169000 170000 170000   1804
GET      /timeline/{user_id}                                                                     3      6     26     92    230    340   2800  27000 148000 171000 172000  14618
GET      /users/{user_id}                                                                        3      5     12     45    200    270    470   4800 142000 169000 169000   6003
--------|--------------------------------------------------------------------------------|--------|------|------|------|------|------|------|------|------|------|------|------
         Aggregated                                                                              4      6     21     72    220    310   1200   7700 143000 170000 174000  58895

Error report
# occurrences      Error                                                                                               
------------------|---------------------------------------------------------------------------------------------------------------------------------------------
85                 GET /timeline/{user_id}: HTTPError('500 Server Error: Internal Server Error for url: /timeline/{user_id}')
110                GET /feed/{user_id}: HTTPError('500 Server Error: Internal Server Error for url: /feed/{user_id}')  
72                 GET /feed/{user_id}?with_fof=true: HTTPError('500 Server Error: Internal Server Error for url: /feed/{user_id}?with_fof=true')
33                 GET /users/{user_id}: HTTPError('500 Server Error: Internal Server Error for url: /users/{user_id}')
14                 POST /posts: HTTPError('500 Server Error: Internal Server Error for url: /posts')                   
8                  POST /likes: HTTPError('500 Server Error: Internal Server Error for url: /likes')                   
------------------|---------------------------------------------------------------------------------------------------------------------------------------------


  → 700 utenti...
 Container ad2526-redis Running 
 Container ad2526-backend Running 
 Container ad2526-redis Waiting 
 Container ad2526-redis Healthy 
 Container ad-2526-locust-run-92b0d067aac3 Creating 
 Container ad-2526-locust-run-92b0d067aac3 Created 
[2026-06-16 23:14:42,501] d3c68874c6b6/INFO/locust.main: Starting Locust 2.32.3
[2026-06-16 23:14:42,502] d3c68874c6b6/INFO/locust.main: Run time limit set to 180 seconds
[2026-06-16 23:14:42,503] d3c68874c6b6/INFO/locust.runners: Ramping to 700 users at a rate of 20.00 per second
[2026-06-16 23:15:16,576] d3c68874c6b6/INFO/locust.runners: All users spawned: {"BrowsingUser": 700} (700 total users)
[2026-06-16 23:17:42,229] d3c68874c6b6/INFO/locust.main: --run-time limit reached, shutting down
[2026-06-16 23:17:42,348] d3c68874c6b6/INFO/locust.main: Shutting down (exit code 1)
Type     Name                                                                          # reqs      # fails |    Avg     Min     Max    Med |   req/s  failures/s
--------|----------------------------------------------------------------------------|-------|-------------|-------|-------|-------|-------|--------|-----------
GET      /feed/{user_id}                                                                22685   102(0.45%) |    746       1  158753    150 |  126.15        0.57
GET      /feed/{user_id}?with_fof=true                                                  11451    38(0.33%) |    686       1  156746    160 |   63.68        0.21
POST     /likes                                                                          1183     4(0.34%) |    562       2   97854    160 |    6.58        0.02
POST     /posts                                                                          1670     2(0.12%) |    487       3  145715    150 |    9.29        0.01
GET      /timeline/{user_id}                                                            14481    62(0.43%) |    780       1  156744    160 |   80.53        0.34
GET      /users/{user_id}                                                                5761    28(0.49%) |    807       1  156746    160 |   32.04        0.16
--------|----------------------------------------------------------------------------|-------|-------------|-------|-------|-------|-------|--------|-----------
         Aggregated                                                                     57231   236(0.41%) |    737       1  158753    160 |  318.26        1.31

Response time percentiles (approximated)
Type     Name                                                                                  50%    66%    75%    80%    90%    95%    98%    99%  99.9% 99.99%   100% # reqs
--------|--------------------------------------------------------------------------------|--------|------|------|------|------|------|------|------|------|------|------|------
GET      /feed/{user_id}                                                                       150    230    280    300    360    420    550   4800 123000 156000 159000  22685
GET      /feed/{user_id}?with_fof=true                                                         160    240    290    310    380    460   1300   5200 116000 148000 157000  11451
POST     /likes                                                                                160    240    280    320    370    420    540   1200  73000  98000  98000   1183
POST     /posts                                                                                150    240    290    310    360    420    540   1300  54000 146000 146000   1670
GET      /timeline/{user_id}                                                                   160    240    280    310    370    450    700   6800 121000 155000 157000  14481
GET      /users/{user_id}                                                                      160    240    280    300    360    420    570   5100 122000 157000 157000   5761
--------|--------------------------------------------------------------------------------|--------|------|------|------|------|------|------|------|------|------|------|------
         Aggregated                                                                            160    240    280    310    370    430    630   5100 122000 156000 159000  57231

Error report
# occurrences      Error                                                                                               
------------------|---------------------------------------------------------------------------------------------------------------------------------------------
62                 GET /timeline/{user_id}: HTTPError('500 Server Error: Internal Server Error for url: /timeline/{user_id}')
28                 GET /users/{user_id}: HTTPError('500 Server Error: Internal Server Error for url: /users/{user_id}')
38                 GET /feed/{user_id}?with_fof=true: HTTPError('500 Server Error: Internal Server Error for url: /feed/{user_id}?with_fof=true')
102                GET /feed/{user_id}: HTTPError('500 Server Error: Internal Server Error for url: /feed/{user_id}')  
2                  POST /posts: HTTPError('500 Server Error: Internal Server Error for url: /posts')                   
4                  POST /likes: HTTPError('500 Server Error: Internal Server Error for url: /likes')                   
------------------|---------------------------------------------------------------------------------------------------------------------------------------------



==============================
 Strategia: push_feed
==============================
 Container ad2526-redis Running 
 Container ad2526-backend Recreate 
 Container ad2526-backend Recreated 
 Container ad2526-redis Waiting 
 Container ad2526-redis Healthy 
 Container ad2526-backend Starting 
 Container ad2526-backend Started 
  → 10 utenti...
 Container ad2526-redis Running 
 Container ad2526-backend Running 
 Container ad2526-redis Waiting 
 Container ad2526-redis Healthy 
 Container ad-2526-locust-run-158ea2c515bb Creating 
 Container ad-2526-locust-run-158ea2c515bb Created 
[2026-06-16 23:18:00,440] aa25515e7780/INFO/locust.main: Starting Locust 2.32.3
[2026-06-16 23:18:00,441] aa25515e7780/INFO/locust.main: Run time limit set to 180 seconds
[2026-06-16 23:18:00,442] aa25515e7780/INFO/locust.runners: Ramping to 10 users at a rate of 20.00 per second
[2026-06-16 23:18:00,442] aa25515e7780/INFO/locust.runners: All users spawned: {"BrowsingUser": 10} (10 total users)
[2026-06-16 23:21:00,155] aa25515e7780/INFO/locust.main: --run-time limit reached, shutting down
[2026-06-16 23:21:00,181] aa25515e7780/INFO/locust.main: Shutting down (exit code 0)
Type     Name                                                                          # reqs      # fails |    Avg     Min     Max    Med |   req/s  failures/s
--------|----------------------------------------------------------------------------|-------|-------------|-------|-------|-------|-------|--------|-----------
GET      /feed/{user_id}                                                                 3455     0(0.00%) |      3       1      97      3 |   19.23        0.00
GET      /feed/{user_id}?with_fof=true                                                   1748     0(0.00%) |     20       1     722      3 |    9.73        0.00
POST     /likes                                                                           172     0(0.00%) |      4       2      40      4 |    0.96        0.00
POST     /posts                                                                           268     0(0.00%) |      5       3      33      5 |    1.49        0.00
GET      /timeline/{user_id}                                                             2154     0(0.00%) |      3       2      84      3 |   11.99        0.00
GET      /users/{user_id}                                                                 861     0(0.00%) |      2       1      13      3 |    4.79        0.00
--------|----------------------------------------------------------------------------|-------|-------------|-------|-------|-------|-------|--------|-----------
         Aggregated                                                                      8658     0(0.00%) |      6       1     722      3 |   48.18        0.00

Response time percentiles (approximated)
Type     Name                                                                                  50%    66%    75%    80%    90%    95%    98%    99%  99.9% 99.99%   100% # reqs
--------|--------------------------------------------------------------------------------|--------|------|------|------|------|------|------|------|------|------|------|------
GET      /feed/{user_id}                                                                         3      3      3      3      4      4      5      7     31     98     98   3455
GET      /feed/{user_id}?with_fof=true                                                           3      3      3      4      4     15    350    410    710    720    720   1748
POST     /likes                                                                                  4      4      4      5      5      5      7      9     41     41     41    172
POST     /posts                                                                                  5      5      6      6      6      8      9     19     34     34     34    268
GET      /timeline/{user_id}                                                                     3      3      4      4      4      5      9     13     61     84     84   2154
GET      /users/{user_id}                                                                        3      3      3      3      3      3      4      4     14     14     14    861
--------|--------------------------------------------------------------------------------|--------|------|------|------|------|------|------|------|------|------|------|------
         Aggregated                                                                              3      3      3      4      4      5      9     84    560    720    720   8658

  → 25 utenti...
 Container ad2526-redis Running 
 Container ad2526-backend Running 
 Container ad2526-redis Waiting 
 Container ad2526-redis Healthy 
 Container ad-2526-locust-run-e3fc80044623 Creating 
 Container ad-2526-locust-run-e3fc80044623 Created 
[2026-06-16 23:21:01,883] b7132a35f84d/INFO/locust.main: Starting Locust 2.32.3
[2026-06-16 23:21:01,883] b7132a35f84d/INFO/locust.main: Run time limit set to 180 seconds
[2026-06-16 23:21:01,884] b7132a35f84d/INFO/locust.runners: Ramping to 25 users at a rate of 20.00 per second
[2026-06-16 23:21:02,886] b7132a35f84d/INFO/locust.runners: All users spawned: {"BrowsingUser": 25} (25 total users)
[2026-06-16 23:24:01,610] b7132a35f84d/INFO/locust.main: --run-time limit reached, shutting down
[2026-06-16 23:24:01,638] b7132a35f84d/INFO/locust.main: Shutting down (exit code 0)
Type     Name                                                                          # reqs      # fails |    Avg     Min     Max    Med |   req/s  failures/s
--------|----------------------------------------------------------------------------|-------|-------------|-------|-------|-------|-------|--------|-----------
GET      /feed/{user_id}                                                                 8614     0(0.00%) |      2       1     171      3 |   47.93        0.00
GET      /feed/{user_id}?with_fof=true                                                   4352     0(0.00%) |     28       1    2700      3 |   24.22        0.00
POST     /likes                                                                           453     0(0.00%) |      4       2      52      4 |    2.52        0.00
POST     /posts                                                                           588     0(0.00%) |      5       3      56      5 |    3.27        0.00
GET      /timeline/{user_id}                                                             5341     0(0.00%) |      3       1      87      3 |   29.72        0.00
GET      /users/{user_id}                                                                2098     0(0.00%) |      2       1      55      2 |   11.67        0.00
--------|----------------------------------------------------------------------------|-------|-------------|-------|-------|-------|-------|--------|-----------
         Aggregated                                                                     21446     0(0.00%) |      8       1    2700      3 |  119.34        0.00

Response time percentiles (approximated)
Type     Name                                                                                  50%    66%    75%    80%    90%    95%    98%    99%  99.9% 99.99%   100% # reqs
--------|--------------------------------------------------------------------------------|--------|------|------|------|------|------|------|------|------|------|------|------
GET      /feed/{user_id}                                                                         3      3      3      3      3      4      5      9     32    170    170   8614
GET      /feed/{user_id}?with_fof=true                                                           3      3      3      3      4      6    370    850   2400   2700   2700   4352
POST     /likes                                                                                  4      4      4      4      5      5     12     15     52     52     52    453
POST     /posts                                                                                  5      5      6      6      7      9     16     22     57     57     57    588
GET      /timeline/{user_id}                                                                     3      3      3      3      4      4      8     14     60     87     87   5341
GET      /users/{user_id}                                                                        2      3      3      3      3      3      4      8     41     56     56   2098
--------|--------------------------------------------------------------------------------|--------|------|------|------|------|------|------|------|------|------|------|------
         Aggregated                                                                              3      3      3      3      4      5      9     30   1500   2400   2700  21446

  → 50 utenti...
 Container ad2526-redis Running 
 Container ad2526-backend Running 
 Container ad2526-redis Waiting 
 Container ad2526-redis Healthy 
 Container ad-2526-locust-run-df2f081f984b Creating 
 Container ad-2526-locust-run-df2f081f984b Created 
[2026-06-16 23:24:03,310] 870b32da3a6c/INFO/locust.main: Starting Locust 2.32.3
[2026-06-16 23:24:03,311] 870b32da3a6c/INFO/locust.main: Run time limit set to 180 seconds
[2026-06-16 23:24:03,312] 870b32da3a6c/INFO/locust.runners: Ramping to 50 users at a rate of 20.00 per second
[2026-06-16 23:24:05,320] 870b32da3a6c/INFO/locust.runners: All users spawned: {"BrowsingUser": 50} (50 total users)
[2026-06-16 23:27:03,023] 870b32da3a6c/INFO/locust.main: --run-time limit reached, shutting down
[2026-06-16 23:27:03,052] 870b32da3a6c/INFO/locust.main: Shutting down (exit code 0)
Type     Name                                                                          # reqs      # fails |    Avg     Min     Max    Med |   req/s  failures/s
--------|----------------------------------------------------------------------------|-------|-------------|-------|-------|-------|-------|--------|-----------
GET      /feed/{user_id}                                                                16112     0(0.00%) |      7       1    1746      3 |   89.66        0.00
GET      /feed/{user_id}?with_fof=true                                                   7841     0(0.00%) |     89       1    5169      3 |   43.63        0.00
POST     /likes                                                                           767     0(0.00%) |      7       2    1542      4 |    4.27        0.00
POST     /posts                                                                          1188     0(0.00%) |     11       3     804      6 |    6.61        0.00
GET      /timeline/{user_id}                                                             9895     0(0.00%) |      8       1    1657      3 |   55.06        0.00
GET      /users/{user_id}                                                                4013     0(0.00%) |      6       1    1673      2 |   22.33        0.00
--------|----------------------------------------------------------------------------|-------|-------------|-------|-------|-------|-------|--------|-----------
         Aggregated                                                                     39816     0(0.00%) |     23       1    5169      3 |  221.56        0.00

Response time percentiles (approximated)
Type     Name                                                                                  50%    66%    75%    80%    90%    95%    98%    99%  99.9% 99.99%   100% # reqs
--------|--------------------------------------------------------------------------------|--------|------|------|------|------|------|------|------|------|------|------|------
GET      /feed/{user_id}                                                                         3      3      3      4      5      9     19     43   1000   1700   1700  16112
GET      /feed/{user_id}?with_fof=true                                                           3      3      3      4      6     47   2100   3500   4600   5200   5200   7841
POST     /likes                                                                                  4      4      5      5      7     15     22     37   1500   1500   1500    767
POST     /posts                                                                                  6      7      8     10     14     29     51     89    750    800    800   1188
GET      /timeline/{user_id}                                                                     3      4      4      4      5     11     26     61    960   1700   1700   9895
GET      /users/{user_id}                                                                        2      3      3      3      4      6     17     43    890   1700   1700   4013
--------|--------------------------------------------------------------------------------|--------|------|------|------|------|------|------|------|------|------|------|------
         Aggregated                                                                              3      3      4      4      6     11     41    400   4100   4800   5200  39816

  → 75 utenti...
 Container ad2526-redis Running 
 Container ad2526-backend Running 
 Container ad2526-redis Waiting 
 Container ad2526-redis Healthy 
 Container ad-2526-locust-run-1d923106eab9 Creating 
 Container ad-2526-locust-run-1d923106eab9 Created 
[2026-06-16 23:27:04,764] 1fba4c385c6e/INFO/locust.main: Starting Locust 2.32.3
[2026-06-16 23:27:04,765] 1fba4c385c6e/INFO/locust.main: Run time limit set to 180 seconds
[2026-06-16 23:27:04,766] 1fba4c385c6e/INFO/locust.runners: Ramping to 75 users at a rate of 20.00 per second
[2026-06-16 23:27:07,770] 1fba4c385c6e/INFO/locust.runners: All users spawned: {"BrowsingUser": 75} (75 total users)
[2026-06-16 23:30:04,472] 1fba4c385c6e/INFO/locust.main: --run-time limit reached, shutting down
[2026-06-16 23:30:04,504] 1fba4c385c6e/INFO/locust.main: Shutting down (exit code 0)
Type     Name                                                                          # reqs      # fails |    Avg     Min     Max    Med |   req/s  failures/s
--------|----------------------------------------------------------------------------|-------|-------------|-------|-------|-------|-------|--------|-----------
GET      /feed/{user_id}                                                                24066     0(0.00%) |      9       1    1870      3 |  133.90        0.00
GET      /feed/{user_id}?with_fof=true                                                  12192     0(0.00%) |     63       1    6171      3 |   67.83        0.00
POST     /likes                                                                          1219     0(0.00%) |     10       2    1742      4 |    6.78        0.00
POST     /posts                                                                          1836     0(0.00%) |     11       3    1398      6 |   10.22        0.00
GET      /timeline/{user_id}                                                            15170     0(0.00%) |     10       1    1872      3 |   84.40        0.00
GET      /users/{user_id}                                                                5980     0(0.00%) |      8       1    1869      2 |   33.27        0.00
--------|----------------------------------------------------------------------------|-------|-------------|-------|-------|-------|-------|--------|-----------
         Aggregated                                                                     60463     0(0.00%) |     20       1    6171      3 |  336.40        0.00

Response time percentiles (approximated)
Type     Name                                                                                  50%    66%    75%    80%    90%    95%    98%    99%  99.9% 99.99%   100% # reqs
--------|--------------------------------------------------------------------------------|--------|------|------|------|------|------|------|------|------|------|------|------
GET      /feed/{user_id}                                                                         3      3      4      4      9     18     46    110   1400   1800   1900  24066
GET      /feed/{user_id}?with_fof=true                                                           3      3      4      4     12     37    560   2400   5100   6200   6200  12192
POST     /likes                                                                                  4      5      6      7     13     21     63     95    580   1700   1700   1219
POST     /posts                                                                                  6      7      8      9     16     27     53     99    810   1400   1400   1836
GET      /timeline/{user_id}                                                                     3      3      4      4     10     20     47    110   1700   1800   1900  15170
GET      /users/{user_id}                                                                        2      3      3      3      9     18     45    140   1400   1900   1900   5980
--------|--------------------------------------------------------------------------------|--------|------|------|------|------|------|------|------|------|------|------|------
         Aggregated                                                                              3      3      4      4     10     21     73    260   3500   5200   6200  60463

  → 100 utenti...
 Container ad2526-redis Running 
 Container ad2526-backend Running 
 Container ad2526-redis Waiting 
 Container ad2526-redis Healthy 
 Container ad-2526-locust-run-b2fe560b80e9 Creating 
 Container ad-2526-locust-run-b2fe560b80e9 Created 
[2026-06-16 23:30:06,274] 35d30bd386c2/INFO/locust.main: Starting Locust 2.32.3
[2026-06-16 23:30:06,275] 35d30bd386c2/INFO/locust.main: Run time limit set to 180 seconds
[2026-06-16 23:30:06,276] 35d30bd386c2/INFO/locust.runners: Ramping to 100 users at a rate of 20.00 per second
[2026-06-16 23:30:10,283] 35d30bd386c2/INFO/locust.runners: All users spawned: {"BrowsingUser": 100} (100 total users)
[2026-06-16 23:33:06,001] 35d30bd386c2/INFO/locust.main: --run-time limit reached, shutting down
[2026-06-16 23:33:06,034] 35d30bd386c2/INFO/locust.main: Shutting down (exit code 0)
Type     Name                                                                          # reqs      # fails |    Avg     Min     Max    Med |   req/s  failures/s
--------|----------------------------------------------------------------------------|-------|-------------|-------|-------|-------|-------|--------|-----------
GET      /feed/{user_id}                                                                28812     0(0.00%) |     20       1    7277      3 |  160.28        0.00
GET      /feed/{user_id}?with_fof=true                                                  14561     0(0.00%) |    143       1   11760      3 |   81.00        0.00
POST     /likes                                                                          1495     0(0.00%) |     19       2    2366      5 |    8.32        0.00
POST     /posts                                                                          2222     0(0.00%) |     31       4    6381      7 |   12.36        0.00
GET      /timeline/{user_id}                                                            18141     0(0.00%) |     19       1    7102      4 |  100.92        0.00
GET      /users/{user_id}                                                                7097     0(0.00%) |     22       1    7165      3 |   39.48        0.00
--------|----------------------------------------------------------------------------|-------|-------------|-------|-------|-------|-------|--------|-----------
         Aggregated                                                                     72328     0(0.00%) |     45       1   11760      3 |  402.37        0.00

Response time percentiles (approximated)
Type     Name                                                                                  50%    66%    75%    80%    90%    95%    98%    99%  99.9% 99.99%   100% # reqs
--------|--------------------------------------------------------------------------------|--------|------|------|------|------|------|------|------|------|------|------|------
GET      /feed/{user_id}                                                                         3      4      4      5     11     27    100    200   3800   7200   7300  28812
GET      /feed/{user_id}?with_fof=true                                                           3      4      4      5     16    110   2600   6100   8300  11000  12000  14561
POST     /likes                                                                                  5      6      7      8     18     36    110    230   1800   2400   2400   1495
POST     /posts                                                                                  7      9     10     12     25     61    170    240   6000   6400   6400   2222
GET      /timeline/{user_id}                                                                     4      4      5      5     12     28    100    190   3700   7100   7100  18141
GET      /users/{user_id}                                                                        3      3      4      4     10     29    110    210   5000   7200   7200   7097
--------|--------------------------------------------------------------------------------|--------|------|------|------|------|------|------|------|------|------|------|------
         Aggregated                                                                              3      4      5      5     12     33    160    450   7700   9800  12000  72328

  → 150 utenti...
 Container ad2526-redis Running 
 Container ad2526-backend Running 
 Container ad2526-redis Waiting 
 Container ad2526-redis Healthy 
 Container ad-2526-locust-run-c6ec83b5bb74 Creating 
 Container ad-2526-locust-run-c6ec83b5bb74 Created 
[2026-06-16 23:33:07,746] 6003a2ce5a53/INFO/locust.main: Starting Locust 2.32.3
[2026-06-16 23:33:07,747] 6003a2ce5a53/INFO/locust.main: Run time limit set to 180 seconds
[2026-06-16 23:33:07,747] 6003a2ce5a53/INFO/locust.runners: Ramping to 150 users at a rate of 20.00 per second
[2026-06-16 23:33:14,759] 6003a2ce5a53/INFO/locust.runners: All users spawned: {"BrowsingUser": 150} (150 total users)
[2026-06-16 23:36:07,469] 6003a2ce5a53/INFO/locust.main: --run-time limit reached, shutting down
[2026-06-16 23:36:07,510] 6003a2ce5a53/INFO/locust.main: Shutting down (exit code 1)
Type     Name                                                                          # reqs      # fails |    Avg     Min     Max    Med |   req/s  failures/s
--------|----------------------------------------------------------------------------|-------|-------------|-------|-------|-------|-------|--------|-----------
GET      /feed/{user_id}                                                                32070    13(0.04%) |    112       1   30123      4 |  178.41        0.07
GET      /feed/{user_id}?with_fof=true                                                  15917     1(0.01%) |    216       1   33158      4 |   88.55        0.01
POST     /likes                                                                          1625     0(0.00%) |     81       3    5220      8 |    9.04        0.00
POST     /posts                                                                          2402     0(0.00%) |    128       4   29991     11 |   13.36        0.00
GET      /timeline/{user_id}                                                            20039     5(0.02%) |    105       1   30049      4 |  111.48        0.03
GET      /users/{user_id}                                                                7812     1(0.01%) |    112       1   30015      3 |   43.46        0.01
--------|----------------------------------------------------------------------------|-------|-------------|-------|-------|-------|-------|--------|-----------
         Aggregated                                                                     79865    20(0.03%) |    131       1   33158      4 |  444.29        0.11

Response time percentiles (approximated)
Type     Name                                                                                  50%    66%    75%    80%    90%    95%    98%    99%  99.9% 99.99%   100% # reqs
--------|--------------------------------------------------------------------------------|--------|------|------|------|------|------|------|------|------|------|------|------
GET      /feed/{user_id}                                                                         4      9     26     88    190    230    370    570  30000  30000  30000  32070
GET      /feed/{user_id}?with_fof=true                                                           4     11     38    140    200    320   3000   5500  30000  32000  33000  15917
POST     /likes                                                                                  8     14     32    110    190    240    410    780   4900   5200   5200   1625
POST     /posts                                                                                 11     20     42    140    210    270    470   1200  26000  30000  30000   2402
GET      /timeline/{user_id}                                                                     4      9     26     90    190    230    370    690  29000  30000  30000  20039
GET      /users/{user_id}                                                                        3      7     26     92    190    230    360    600  28000  30000  30000   7812
--------|--------------------------------------------------------------------------------|--------|------|------|------|------|------|------|------|------|------|------|------
         Aggregated                                                                              4     10     29    100    190    240    450   2000  30000  31000  33000  79865

Error report
# occurrences      Error                                                                                               
------------------|---------------------------------------------------------------------------------------------------------------------------------------------
13                 GET /feed/{user_id}: HTTPError('500 Server Error: Internal Server Error for url: /feed/{user_id}')  
5                  GET /timeline/{user_id}: HTTPError('500 Server Error: Internal Server Error for url: /timeline/{user_id}')
1                  GET /feed/{user_id}?with_fof=true: HTTPError('500 Server Error: Internal Server Error for url: /feed/{user_id}?with_fof=true')
1                  GET /users/{user_id}: HTTPError('500 Server Error: Internal Server Error for url: /users/{user_id}')
------------------|---------------------------------------------------------------------------------------------------------------------------------------------


  → 200 utenti...
 Container ad2526-redis Running 
 Container ad2526-backend Running 
 Container ad2526-redis Waiting 
 Container ad2526-redis Healthy 
 Container ad-2526-locust-run-2fd80b8ff2bc Creating 
 Container ad-2526-locust-run-2fd80b8ff2bc Created 
[2026-06-16 23:36:09,343] 1156ac96f47e/INFO/locust.main: Starting Locust 2.32.3
[2026-06-16 23:36:09,344] 1156ac96f47e/INFO/locust.main: Run time limit set to 180 seconds
[2026-06-16 23:36:09,345] 1156ac96f47e/INFO/locust.runners: Ramping to 200 users at a rate of 20.00 per second
[2026-06-16 23:36:18,364] 1156ac96f47e/INFO/locust.runners: All users spawned: {"BrowsingUser": 200} (200 total users)
[2026-06-16 23:39:09,069] 1156ac96f47e/INFO/locust.main: --run-time limit reached, shutting down
[2026-06-16 23:39:09,117] 1156ac96f47e/INFO/locust.main: Shutting down (exit code 1)
Type     Name                                                                          # reqs      # fails |    Avg     Min     Max    Med |   req/s  failures/s
--------|----------------------------------------------------------------------------|-------|-------------|-------|-------|-------|-------|--------|-----------
GET      /feed/{user_id}                                                                29666    16(0.05%) |    248       1   36073     30 |  165.02        0.09
GET      /feed/{user_id}?with_fof=true                                                  14842    16(0.11%) |    382       1   37928     49 |   82.56        0.09
POST     /likes                                                                          1449     0(0.00%) |    201       2   35899     38 |    8.06        0.00
POST     /posts                                                                          2176     3(0.14%) |    217       3   30010     57 |   12.10        0.02
GET      /timeline/{user_id}                                                            18522    10(0.05%) |    244       2   36261     39 |  103.03        0.06
GET      /users/{user_id}                                                                7305     7(0.10%) |    254       1   35980     23 |   40.64        0.04
--------|----------------------------------------------------------------------------|-------|-------------|-------|-------|-------|-------|--------|-----------
         Aggregated                                                                     73960    52(0.07%) |    273       1   37928     36 |  411.42        0.29

Response time percentiles (approximated)
Type     Name                                                                                  50%    66%    75%    80%    90%    95%    98%    99%  99.9% 99.99%   100% # reqs
--------|--------------------------------------------------------------------------------|--------|------|------|------|------|------|------|------|------|------|------|------
GET      /feed/{user_id}                                                                        30    160    240    270    330    380    460    650  30000  36000  36000  29666
GET      /feed/{user_id}?with_fof=true                                                          49    170    260    290    350    460   4000   6400  36000  38000  38000  14842
POST     /likes                                                                                 38    170    260    290    330    370    500    620  30000  36000  36000   1449
POST     /posts                                                                                 59    170    250    290    340    380    470    670  30000  30000  30000   2176
GET      /timeline/{user_id}                                                                    40    160    250    280    330    380    470    670  30000  36000  36000  18522
GET      /users/{user_id}                                                                       23    150    240    270    320    380    460    690  30000  36000  36000   7305
--------|--------------------------------------------------------------------------------|--------|------|------|------|------|------|------|------|------|------|------|------
         Aggregated                                                                             36    160    250    280    330    390    520   3100  30000  36000  38000  73960

Error report
# occurrences      Error                                                                                               
------------------|---------------------------------------------------------------------------------------------------------------------------------------------
16                 GET /feed/{user_id}?with_fof=true: HTTPError('500 Server Error: Internal Server Error for url: /feed/{user_id}?with_fof=true')
7                  GET /users/{user_id}: HTTPError('500 Server Error: Internal Server Error for url: /users/{user_id}')
16                 GET /feed/{user_id}: HTTPError('500 Server Error: Internal Server Error for url: /feed/{user_id}')  
10                 GET /timeline/{user_id}: HTTPError('500 Server Error: Internal Server Error for url: /timeline/{user_id}')
3                  POST /posts: HTTPError('500 Server Error: Internal Server Error for url: /posts')                   
------------------|---------------------------------------------------------------------------------------------------------------------------------------------


  → 300 utenti...
 Container ad2526-redis Running 
 Container ad2526-backend Running 
 Container ad2526-redis Waiting 
 Container ad2526-redis Healthy 
 Container ad-2526-locust-run-487d524850b4 Creating 
 Container ad-2526-locust-run-487d524850b4 Created 
[2026-06-16 23:39:11,039] 2155927eeb29/INFO/locust.main: Starting Locust 2.32.3
[2026-06-16 23:39:11,039] 2155927eeb29/INFO/locust.main: Run time limit set to 180 seconds
[2026-06-16 23:39:11,040] 2155927eeb29/INFO/locust.runners: Ramping to 300 users at a rate of 20.00 per second
[2026-06-16 23:39:25,075] 2155927eeb29/INFO/locust.runners: All users spawned: {"BrowsingUser": 300} (300 total users)
[2026-06-16 23:42:10,766] 2155927eeb29/INFO/locust.main: --run-time limit reached, shutting down
[2026-06-16 23:42:10,832] 2155927eeb29/INFO/locust.main: Shutting down (exit code 1)
Type     Name                                                                          # reqs      # fails |    Avg     Min     Max    Med |   req/s  failures/s
--------|----------------------------------------------------------------------------|-------|-------------|-------|-------|-------|-------|--------|-----------
GET      /feed/{user_id}                                                                25795    85(0.33%) |    487       1  114413     97 |  143.48        0.47
GET      /feed/{user_id}?with_fof=true                                                  12905    39(0.30%) |    537       1  114528    100 |   71.78        0.22
POST     /likes                                                                          1212     7(0.58%) |    644       3   85349    100 |    6.74        0.04
POST     /posts                                                                          1935     9(0.47%) |    492       4  144417    110 |   10.76        0.05
GET      /timeline/{user_id}                                                            15982    56(0.35%) |    533       1  119684    100 |   88.90        0.31
GET      /users/{user_id}                                                                6441    19(0.29%) |    469       1  114527     93 |   35.83        0.11
--------|----------------------------------------------------------------------------|-------|-------------|-------|-------|-------|-------|--------|-----------
         Aggregated                                                                     64270   215(0.33%) |    509       1  144417     99 |  357.49        1.20

Response time percentiles (approximated)
Type     Name                                                                                  50%    66%    75%    80%    90%    95%    98%    99%  99.9% 99.99%   100% # reqs
--------|--------------------------------------------------------------------------------|--------|------|------|------|------|------|------|------|------|------|------|------
GET      /feed/{user_id}                                                                        97    170    210    230    300    340    430   2300  90000 113000 114000  25795
GET      /feed/{user_id}?with_fof=true                                                         100    170    220    240    310    390   2000   5100  85000  90000 115000  12905
POST     /likes                                                                                100    170    220    250    320    360    630  29000  84000  85000  85000   1212
POST     /posts                                                                                110    180    230    250    300    360    490   2200 112000 144000 144000   1935
GET      /timeline/{user_id}                                                                   100    170    210    240    300    340    430   3000  90000 120000 120000  15982
GET      /users/{user_id}                                                                       93    160    200    230    290    340    410    620  90000 115000 115000   6441
--------|--------------------------------------------------------------------------------|--------|------|------|------|------|------|------|------|------|------|------|------
         Aggregated                                                                             99    170    210    240    300    350    490   3300  90000 114000 144000  64270

Error report
# occurrences      Error                                                                                               
------------------|---------------------------------------------------------------------------------------------------------------------------------------------
85                 GET /feed/{user_id}: HTTPError('500 Server Error: Internal Server Error for url: /feed/{user_id}')  
19                 GET /users/{user_id}: HTTPError('500 Server Error: Internal Server Error for url: /users/{user_id}')
39                 GET /feed/{user_id}?with_fof=true: HTTPError('500 Server Error: Internal Server Error for url: /feed/{user_id}?with_fof=true')
56                 GET /timeline/{user_id}: HTTPError('500 Server Error: Internal Server Error for url: /timeline/{user_id}')
9                  POST /posts: HTTPError('500 Server Error: Internal Server Error for url: /posts')                   
7                  POST /likes: HTTPError('500 Server Error: Internal Server Error for url: /likes')                   
------------------|---------------------------------------------------------------------------------------------------------------------------------------------


  → 400 utenti...
 Container ad2526-redis Running 
 Container ad2526-backend Running 
 Container ad2526-redis Waiting 
 Container ad2526-redis Healthy 
 Container ad-2526-locust-run-f65ea40711e5 Creating 
 Container ad-2526-locust-run-f65ea40711e5 Created 
[2026-06-16 23:42:12,671] 668ad46cd709/INFO/locust.main: Starting Locust 2.32.3
[2026-06-16 23:42:12,671] 668ad46cd709/INFO/locust.main: Run time limit set to 180 seconds
[2026-06-16 23:42:12,672] 668ad46cd709/INFO/locust.runners: Ramping to 400 users at a rate of 20.00 per second
[2026-06-16 23:42:31,713] 668ad46cd709/INFO/locust.runners: All users spawned: {"BrowsingUser": 400} (400 total users)
[2026-06-16 23:45:12,399] 668ad46cd709/INFO/locust.main: --run-time limit reached, shutting down
[2026-06-16 23:45:12,470] 668ad46cd709/INFO/locust.main: Shutting down (exit code 1)
Type     Name                                                                          # reqs      # fails |    Avg     Min     Max    Med |   req/s  failures/s
--------|----------------------------------------------------------------------------|-------|-------------|-------|-------|-------|-------|--------|-----------
GET      /feed/{user_id}                                                                25933   118(0.46%) |    653       1  154816     12 |  144.25        0.66
GET      /feed/{user_id}?with_fof=true                                                  12944    53(0.41%) |    751       1  154830     12 |   72.00        0.29
POST     /likes                                                                          1328     5(0.38%) |    576       2  107322     13 |    7.39        0.03
POST     /posts                                                                          1910     2(0.10%) |    383       3   81469     32 |   10.62        0.01
GET      /timeline/{user_id}                                                            16024    77(0.48%) |    628       1  153810     12 |   89.13        0.43
GET      /users/{user_id}                                                                6405    28(0.44%) |    696       1  152843      9 |   35.63        0.16
--------|----------------------------------------------------------------------------|-------|-------------|-------|-------|-------|-------|--------|-----------
         Aggregated                                                                     64544   283(0.44%) |    661       1  154830     12 |  359.01        1.57

Response time percentiles (approximated)
Type     Name                                                                                  50%    66%    75%    80%    90%    95%    98%    99%  99.9% 99.99%   100% # reqs
--------|--------------------------------------------------------------------------------|--------|------|------|------|------|------|------|------|------|------|------|------
GET      /feed/{user_id}                                                                        12    130    180    210    260    300    370   2300 115000 153000 155000  25933
GET      /feed/{user_id}?with_fof=true                                                          12    130    190    220    270    340   1000   9400 115000 155000 155000  12944
POST     /likes                                                                                 13    120    180    210    260    310    390    720  93000 107000 107000   1328
POST     /posts                                                                                 32    150    200    220    270    320    370    470  61000  81000  81000   1910
GET      /timeline/{user_id}                                                                    12    120    180    200    260    300    380   3000 113000 142000 154000  16024
GET      /users/{user_id}                                                                        9    130    180    210    260    300    380   4800 114000 153000 153000   6405
--------|--------------------------------------------------------------------------------|--------|------|------|------|------|------|------|------|------|------|------|------
         Aggregated                                                                             12    130    180    210    260    310    410   6500 114000 153000 155000  64544

Error report
# occurrences      Error                                                                                               
------------------|---------------------------------------------------------------------------------------------------------------------------------------------
77                 GET /timeline/{user_id}: HTTPError('500 Server Error: Internal Server Error for url: /timeline/{user_id}')
118                GET /feed/{user_id}: HTTPError('500 Server Error: Internal Server Error for url: /feed/{user_id}')  
53                 GET /feed/{user_id}?with_fof=true: HTTPError('500 Server Error: Internal Server Error for url: /feed/{user_id}?with_fof=true')
28                 GET /users/{user_id}: HTTPError('500 Server Error: Internal Server Error for url: /users/{user_id}')
5                  POST /likes: HTTPError('500 Server Error: Internal Server Error for url: /likes')                   
2                  POST /posts: HTTPError('500 Server Error: Internal Server Error for url: /posts')                   
------------------|---------------------------------------------------------------------------------------------------------------------------------------------


  → 500 utenti...
 Container ad2526-redis Running 
 Container ad2526-backend Running 
 Container ad2526-redis Waiting 
 Container ad2526-redis Healthy 
 Container ad-2526-locust-run-ab21afe6694d Creating 
 Container ad-2526-locust-run-ab21afe6694d Created 
[2026-06-16 23:45:14,356] d9501a30eb85/INFO/locust.main: Starting Locust 2.32.3
[2026-06-16 23:45:14,357] d9501a30eb85/INFO/locust.main: Run time limit set to 180 seconds
[2026-06-16 23:45:14,358] d9501a30eb85/INFO/locust.runners: Ramping to 500 users at a rate of 20.00 per second
[2026-06-16 23:45:38,403] d9501a30eb85/INFO/locust.runners: All users spawned: {"BrowsingUser": 500} (500 total users)
[2026-06-16 23:48:14,083] d9501a30eb85/INFO/locust.main: --run-time limit reached, shutting down
[2026-06-16 23:48:14,170] d9501a30eb85/INFO/locust.main: Shutting down (exit code 1)
Type     Name                                                                          # reqs      # fails |    Avg     Min     Max    Med |   req/s  failures/s
--------|----------------------------------------------------------------------------|-------|-------------|-------|-------|-------|-------|--------|-----------
GET      /feed/{user_id}                                                                26858    94(0.35%) |    549       1  149225      7 |  149.38        0.52
GET      /feed/{user_id}?with_fof=true                                                  13418    48(0.36%) |    670       1  147221      8 |   74.63        0.27
POST     /likes                                                                          1383     6(0.43%) |    766       2  146339     12 |    7.69        0.03
POST     /posts                                                                          2010    11(0.55%) |    715       4  145374     16 |   11.18        0.06
GET      /timeline/{user_id}                                                            16544    69(0.42%) |    549       1  149209      8 |   92.01        0.38
GET      /users/{user_id}                                                                6824    23(0.34%) |    569       1  149208      6 |   37.95        0.13
--------|----------------------------------------------------------------------------|-------|-------------|-------|-------|-------|-------|--------|-----------
         Aggregated                                                                     67037   251(0.37%) |    585       1  149225      8 |  372.85        1.40

Response time percentiles (approximated)
Type     Name                                                                                  50%    66%    75%    80%    90%    95%    98%    99%  99.9% 99.99%   100% # reqs
--------|--------------------------------------------------------------------------------|--------|------|------|------|------|------|------|------|------|------|------|------
GET      /feed/{user_id}                                                                         7    140    190    210    260    300    390   4200 120000 148000 149000  26858
GET      /feed/{user_id}?with_fof=true                                                           8    160    200    230    280    370   4200   8400 119000 146000 147000  13418
POST     /likes                                                                                 12    150    190    220    270    310    410   9900 144000 146000 146000   1383
POST     /posts                                                                                 16    160    200    220    280    320    410  22000  97000 145000 145000   2010
GET      /timeline/{user_id}                                                                     8    140    180    210    260    300    390   4200 120000 149000 149000  16544
GET      /users/{user_id}                                                                        6    150    180    210    260    300    400   7500  93000 149000 149000   6824
--------|--------------------------------------------------------------------------------|--------|------|------|------|------|------|------|------|------|------|------|------
         Aggregated                                                                              8    150    190    210    260    310    480   7600 120000 148000 149000  67037

Error report
# occurrences      Error                                                                                               
------------------|---------------------------------------------------------------------------------------------------------------------------------------------
23                 GET /users/{user_id}: HTTPError('500 Server Error: Internal Server Error for url: /users/{user_id}')
94                 GET /feed/{user_id}: HTTPError('500 Server Error: Internal Server Error for url: /feed/{user_id}')  
69                 GET /timeline/{user_id}: HTTPError('500 Server Error: Internal Server Error for url: /timeline/{user_id}')
11                 POST /posts: HTTPError('500 Server Error: Internal Server Error for url: /posts')                   
48                 GET /feed/{user_id}?with_fof=true: HTTPError('500 Server Error: Internal Server Error for url: /feed/{user_id}?with_fof=true')
6                  POST /likes: HTTPError('500 Server Error: Internal Server Error for url: /likes')                   
------------------|---------------------------------------------------------------------------------------------------------------------------------------------


  → 700 utenti...
 Container ad2526-redis Running 
 Container ad2526-backend Running 
 Container ad2526-redis Waiting 
 Container ad2526-redis Healthy 
 Container ad-2526-locust-run-5b453d8e40b4 Creating 
 Container ad-2526-locust-run-5b453d8e40b4 Created 
[2026-06-16 23:48:16,021] 005745170e64/INFO/locust.main: Starting Locust 2.32.3
[2026-06-16 23:48:16,022] 005745170e64/INFO/locust.main: Run time limit set to 180 seconds
[2026-06-16 23:48:16,022] 005745170e64/INFO/locust.runners: Ramping to 700 users at a rate of 20.00 per second
[2026-06-16 23:48:50,097] 005745170e64/INFO/locust.runners: All users spawned: {"BrowsingUser": 700} (700 total users)
[2026-06-16 23:51:15,743] 005745170e64/INFO/locust.main: --run-time limit reached, shutting down
[2026-06-16 23:51:15,935] 005745170e64/INFO/locust.main: Shutting down (exit code 1)
Type     Name                                                                          # reqs      # fails |    Avg     Min     Max    Med |   req/s  failures/s
--------|----------------------------------------------------------------------------|-------|-------------|-------|-------|-------|-------|--------|-----------
GET      /feed/{user_id}                                                                27389    82(0.30%) |    423       1  154232      5 |  152.24        0.46
GET      /feed/{user_id}?with_fof=true                                                  13897    52(0.37%) |    563       1  129036      6 |   77.25        0.29
POST     /likes                                                                          1313     9(0.69%) |    748       3  126200      9 |    7.30        0.05
POST     /posts                                                                          2094     7(0.33%) |    583       3  123366     15 |   11.64        0.04
GET      /timeline/{user_id}                                                            17289    51(0.29%) |    400       2  129023      6 |   96.10        0.28
GET      /users/{user_id}                                                                7062    27(0.38%) |    470       1  128030      5 |   39.25        0.15
--------|----------------------------------------------------------------------------|-------|-------------|-------|-------|-------|-------|--------|-----------
         Aggregated                                                                     69044   228(0.33%) |    461       1  154232      6 |  383.79        1.27

Response time percentiles (approximated)
Type     Name                                                                                  50%    66%    75%    80%    90%    95%    98%    99%  99.9% 99.99%   100% # reqs
--------|--------------------------------------------------------------------------------|--------|------|------|------|------|------|------|------|------|------|------|------
GET      /feed/{user_id}                                                                         5     45    120    140    210    290    430   1800 102000 154000 154000  27389
GET      /feed/{user_id}?with_fof=true                                                           6     70    130    160    240    360   2900   8500 105000 128000 129000  13897
POST     /likes                                                                                  9     49    120    150    220    310    580  30000 103000 126000 126000   1313
POST     /posts                                                                                 15     74    130    160    240    320    520  24000 104000 123000 123000   2094
GET      /timeline/{user_id}                                                                     6     53    120    150    220    290    420   1700  83000 128000 129000  17289
GET      /users/{user_id}                                                                        5     58    120    150    210    290    400   4800  83000 128000 128000   7062
--------|--------------------------------------------------------------------------------|--------|------|------|------|------|------|------|------|------|------|------|------
         Aggregated                                                                              6     54    120    150    220    300    520   5000 102000 128000 154000  69044

Error report
# occurrences      Error                                                                                               
------------------|---------------------------------------------------------------------------------------------------------------------------------------------
51                 GET /timeline/{user_id}: HTTPError('500 Server Error: Internal Server Error for url: /timeline/{user_id}')
27                 GET /users/{user_id}: HTTPError('500 Server Error: Internal Server Error for url: /users/{user_id}')
82                 GET /feed/{user_id}: HTTPError('500 Server Error: Internal Server Error for url: /feed/{user_id}')  
52                 GET /feed/{user_id}?with_fof=true: HTTPError('500 Server Error: Internal Server Error for url: /feed/{user_id}?with_fof=true')
9                  POST /likes: HTTPError('500 Server Error: Internal Server Error for url: /likes')                   
7                  POST /posts: HTTPError('500 Server Error: Internal Server Error for url: /posts')                   
------------------|---------------------------------------------------------------------------------------------------------------------------------------------



==============================
 Strategia: hybrid
==============================
 Container ad2526-redis Running 
 Container ad2526-backend Recreate 
 Container ad2526-backend Recreated 
 Container ad2526-redis Waiting 
 Container ad2526-redis Healthy 
 Container ad2526-backend Starting 
 Container ad2526-backend Started 
  → 10 utenti...
 Container ad2526-redis Running 
 Container ad2526-backend Running 
 Container ad2526-redis Waiting 
 Container ad2526-redis Healthy 
 Container ad-2526-locust-run-b76395427e17 Creating 
 Container ad-2526-locust-run-b76395427e17 Created 
[2026-06-16 23:51:34,070] b6c5e10762ce/INFO/locust.main: Starting Locust 2.32.3
[2026-06-16 23:51:34,070] b6c5e10762ce/INFO/locust.main: Run time limit set to 180 seconds
[2026-06-16 23:51:34,071] b6c5e10762ce/INFO/locust.runners: Ramping to 10 users at a rate of 20.00 per second
[2026-06-16 23:51:34,072] b6c5e10762ce/INFO/locust.runners: All users spawned: {"BrowsingUser": 10} (10 total users)
[2026-06-16 23:54:33,794] b6c5e10762ce/INFO/locust.main: --run-time limit reached, shutting down
[2026-06-16 23:54:33,820] b6c5e10762ce/INFO/locust.main: Shutting down (exit code 0)
Type     Name                                                                          # reqs      # fails |    Avg     Min     Max    Med |   req/s  failures/s
--------|----------------------------------------------------------------------------|-------|-------------|-------|-------|-------|-------|--------|-----------
GET      /feed/{user_id}                                                                 3437     0(0.00%) |      3       1      81      3 |   19.12        0.00
GET      /feed/{user_id}?with_fof=true                                                   1660     0(0.00%) |     24       2     857      3 |    9.24        0.00
POST     /likes                                                                           153     0(0.00%) |      3       2      12      4 |    0.85        0.00
POST     /posts                                                                           262     0(0.00%) |      4       3      16      5 |    1.46        0.00
GET      /timeline/{user_id}                                                             2148     0(0.00%) |     13       1     589      3 |   11.95        0.00
GET      /users/{user_id}                                                                 891     0(0.00%) |      2       1      41      3 |    4.96        0.00
--------|----------------------------------------------------------------------------|-------|-------------|-------|-------|-------|-------|--------|-----------
         Aggregated                                                                      8551     0(0.00%) |     10       1     857      3 |   47.58        0.00

Response time percentiles (approximated)
Type     Name                                                                                  50%    66%    75%    80%    90%    95%    98%    99%  99.9% 99.99%   100% # reqs
--------|--------------------------------------------------------------------------------|--------|------|------|------|------|------|------|------|------|------|------|------
GET      /feed/{user_id}                                                                         3      3      3      3      4      4      8     13     35     82     82   3437
GET      /feed/{user_id}?with_fof=true                                                           3      3      4      4      4    310    400    450    840    860    860   1660
POST     /likes                                                                                  4      4      4      4      4      5      5      7     12     12     12    153
POST     /posts                                                                                  5      5      5      5      5      7      8     15     16     16     16    262
GET      /timeline/{user_id}                                                                     3      3      3      3      4     15    210    220    500    590    590   2148
GET      /users/{user_id}                                                                        3      3      3      3      4      4      6     11     42     42     42    891
--------|--------------------------------------------------------------------------------|--------|------|------|------|------|------|------|------|------|------|------|------
         Aggregated                                                                              3      3      3      4      4      5    190    310    590    860    860   8551

  → 25 utenti...
 Container ad2526-redis Running 
 Container ad2526-backend Running 
 Container ad2526-redis Waiting 
 Container ad2526-redis Healthy 
 Container ad-2526-locust-run-818e681fd393 Creating 
 Container ad-2526-locust-run-818e681fd393 Created 
[2026-06-16 23:54:36,537] 7703706efa78/INFO/locust.main: Starting Locust 2.32.3
[2026-06-16 23:54:36,538] 7703706efa78/INFO/locust.main: Run time limit set to 180 seconds
[2026-06-16 23:54:36,539] 7703706efa78/INFO/locust.runners: Ramping to 25 users at a rate of 20.00 per second
[2026-06-16 23:54:37,541] 7703706efa78/INFO/locust.runners: All users spawned: {"BrowsingUser": 25} (25 total users)
[2026-06-16 23:57:36,246] 7703706efa78/INFO/locust.main: --run-time limit reached, shutting down
[2026-06-16 23:57:36,273] 7703706efa78/INFO/locust.main: Shutting down (exit code 0)
Type     Name                                                                          # reqs      # fails |    Avg     Min     Max    Med |   req/s  failures/s
--------|----------------------------------------------------------------------------|-------|-------------|-------|-------|-------|-------|--------|-----------
GET      /feed/{user_id}                                                                 8445     0(0.00%) |      3       1     231      3 |   47.00        0.00
GET      /feed/{user_id}?with_fof=true                                                   4220     0(0.00%) |     34       1    2922      3 |   23.49        0.00
POST     /likes                                                                           413     0(0.00%) |      4       2     131      3 |    2.30        0.00
POST     /posts                                                                           639     0(0.00%) |      4       3      51      4 |    3.56        0.00
GET      /timeline/{user_id}                                                             5219     0(0.00%) |     13       1    2039      3 |   29.04        0.00
GET      /users/{user_id}                                                                2124     0(0.00%) |      3       1     157      2 |   11.82        0.00
--------|----------------------------------------------------------------------------|-------|-------------|-------|-------|-------|-------|--------|-----------
         Aggregated                                                                     21060     0(0.00%) |     11       1    2922      3 |  117.20        0.00

Response time percentiles (approximated)
Type     Name                                                                                  50%    66%    75%    80%    90%    95%    98%    99%  99.9% 99.99%   100% # reqs
--------|--------------------------------------------------------------------------------|--------|------|------|------|------|------|------|------|------|------|------|------
GET      /feed/{user_id}                                                                         3      3      3      3      4      4      9     13     78    230    230   8445
GET      /feed/{user_id}?with_fof=true                                                           3      3      3      3      4      7    410   1000   2700   2900   2900   4220
POST     /likes                                                                                  3      4      4      4      5      6     13     17    130    130    130    413
POST     /posts                                                                                  4      4      5      5      6      8     11     23     52     52     52    639
GET      /timeline/{user_id}                                                                     3      3      3      3      4      5    200    220   1700   2000   2000   5219
GET      /users/{user_id}                                                                        2      3      3      3      4      4      6     14     60    160    160   2124
--------|--------------------------------------------------------------------------------|--------|------|------|------|------|------|------|------|------|------|------|------
         Aggregated                                                                              3      3      3      3      4      5     20    220   2200   2800   2900  21060

  → 50 utenti...
 Container ad2526-redis Running 
 Container ad2526-backend Running 
 Container ad2526-redis Waiting 
 Container ad2526-redis Healthy 
 Container ad-2526-locust-run-9567d9561c58 Creating 
 Container ad-2526-locust-run-9567d9561c58 Created 
[2026-06-16 23:57:37,950] aee2c5f694ed/INFO/locust.main: Starting Locust 2.32.3
[2026-06-16 23:57:37,950] aee2c5f694ed/INFO/locust.main: Run time limit set to 180 seconds
[2026-06-16 23:57:37,951] aee2c5f694ed/INFO/locust.runners: Ramping to 50 users at a rate of 20.00 per second
[2026-06-16 23:57:39,955] aee2c5f694ed/INFO/locust.runners: All users spawned: {"BrowsingUser": 50} (50 total users)
[2026-06-17 00:00:37,675] aee2c5f694ed/INFO/locust.main: --run-time limit reached, shutting down
[2026-06-17 00:00:37,703] aee2c5f694ed/INFO/locust.main: Shutting down (exit code 0)
Type     Name                                                                          # reqs      # fails |    Avg     Min     Max    Med |   req/s  failures/s
--------|----------------------------------------------------------------------------|-------|-------------|-------|-------|-------|-------|--------|-----------
GET      /feed/{user_id}                                                                16003     0(0.00%) |      7       1    2120      3 |   89.03        0.00
GET      /feed/{user_id}?with_fof=true                                                   8088     0(0.00%) |     66       1    6733      3 |   45.00        0.00
POST     /likes                                                                           797     0(0.00%) |     10       2    1205      3 |    4.43        0.00
POST     /posts                                                                          1172     0(0.00%) |      8       3    1005      4 |    6.52        0.00
GET      /timeline/{user_id}                                                            10041     0(0.00%) |     18       1    4497      3 |   55.86        0.00
GET      /users/{user_id}                                                                4083     0(0.00%) |      7       1    2010      2 |   22.71        0.00
--------|----------------------------------------------------------------------------|-------|-------------|-------|-------|-------|-------|--------|-----------
         Aggregated                                                                     40184     0(0.00%) |     21       1    6733      3 |  223.56        0.00

Response time percentiles (approximated)
Type     Name                                                                                  50%    66%    75%    80%    90%    95%    98%    99%  99.9% 99.99%   100% # reqs
--------|--------------------------------------------------------------------------------|--------|------|------|------|------|------|------|------|------|------|------|------
GET      /feed/{user_id}                                                                         3      3      3      4      5     10     19     32   1300   1800   2100  16003
GET      /feed/{user_id}?with_fof=true                                                           3      3      3      4      5     18    570   3000   5100   6700   6700   8088
POST     /likes                                                                                  3      4      4      5      6     14     26     58   1200   1200   1200    797
POST     /posts                                                                                  4      5      6      7      8     16     25     36    490   1000   1000   1172
GET      /timeline/{user_id}                                                                     3      3      3      3      5     14    210    250   2600   4200   4500  10041
GET      /users/{user_id}                                                                        2      3      3      3      5      8     17     28   1300   2000   2000   4083
--------|--------------------------------------------------------------------------------|--------|------|------|------|------|------|------|------|------|------|------|------
         Aggregated                                                                              3      3      3      4      5     12     36    340   4100   5400   6700  40184

  → 75 utenti...
 Container ad2526-redis Running 
 Container ad2526-backend Running 
 Container ad2526-redis Waiting 
 Container ad2526-redis Healthy 
 Container ad-2526-locust-run-fa73f7041119 Creating 
 Container ad-2526-locust-run-fa73f7041119 Created 
[2026-06-17 00:00:39,475] d69087329f46/INFO/locust.main: Starting Locust 2.32.3
[2026-06-17 00:00:39,476] d69087329f46/INFO/locust.main: Run time limit set to 180 seconds
[2026-06-17 00:00:39,477] d69087329f46/INFO/locust.runners: Ramping to 75 users at a rate of 20.00 per second
[2026-06-17 00:00:42,482] d69087329f46/INFO/locust.runners: All users spawned: {"BrowsingUser": 75} (75 total users)
[2026-06-17 00:03:39,196] d69087329f46/INFO/locust.main: --run-time limit reached, shutting down
[2026-06-17 00:03:39,226] d69087329f46/INFO/locust.main: Shutting down (exit code 0)
Type     Name                                                                          # reqs      # fails |    Avg     Min     Max    Med |   req/s  failures/s
--------|----------------------------------------------------------------------------|-------|-------------|-------|-------|-------|-------|--------|-----------
GET      /feed/{user_id}                                                                20943     0(0.00%) |     20       1    5493      3 |  116.51        0.00
GET      /feed/{user_id}?with_fof=true                                                  10643     0(0.00%) |    134       1    9867      3 |   59.21        0.00
POST     /likes                                                                          1103     0(0.00%) |     25       2    5230      4 |    6.14        0.00
POST     /posts                                                                          1559     0(0.00%) |     21       3    3523      5 |    8.67        0.00
GET      /timeline/{user_id}                                                            13131     0(0.00%) |     60       1    9063      3 |   73.05        0.00
GET      /users/{user_id}                                                                5428     0(0.00%) |     14       1    5427      3 |   30.20        0.00
--------|----------------------------------------------------------------------------|-------|-------------|-------|-------|-------|-------|--------|-----------
         Aggregated                                                                     52807     0(0.00%) |     53       1    9867      3 |  293.79        0.00

Response time percentiles (approximated)
Type     Name                                                                                  50%    66%    75%    80%    90%    95%    98%    99%  99.9% 99.99%   100% # reqs
--------|--------------------------------------------------------------------------------|--------|------|------|------|------|------|------|------|------|------|------|------
GET      /feed/{user_id}                                                                         3      3      4      4      9     21    100    230   3300   5200   5500  20943
GET      /feed/{user_id}?with_fof=true                                                           3      3      4      4     12    120   2800   5700   7000   9900   9900  10643
POST     /likes                                                                                  4      4      5      6     14     23     91    190   3600   5200   5200   1103
POST     /posts                                                                                  5      6      7      8     17     32    120    250   2700   3500   3500   1559
GET      /timeline/{user_id}                                                                     3      3      4      4     12     65    520   2700   4400   8500   9100  13131
GET      /users/{user_id}                                                                        3      3      4      4      8     19     81    210   2300   5400   5400   5428
--------|--------------------------------------------------------------------------------|--------|------|------|------|------|------|------|------|------|------|------|------
         Aggregated                                                                              3      3      4      4     10     32    250   1700   6500   7700   9900  52807

  → 100 utenti...
 Container ad2526-redis Running 
 Container ad2526-backend Running 
 Container ad2526-redis Waiting 
 Container ad2526-redis Healthy 
 Container ad-2526-locust-run-12eef00d8258 Creating 
 Container ad-2526-locust-run-12eef00d8258 Created 
[2026-06-17 00:03:40,957] 1510ef115195/INFO/locust.main: Starting Locust 2.32.3
[2026-06-17 00:03:40,958] 1510ef115195/INFO/locust.main: Run time limit set to 180 seconds
[2026-06-17 00:03:40,958] 1510ef115195/INFO/locust.runners: Ramping to 100 users at a rate of 20.00 per second
[2026-06-17 00:03:44,965] 1510ef115195/INFO/locust.runners: All users spawned: {"BrowsingUser": 100} (100 total users)
[2026-06-17 00:06:40,683] 1510ef115195/INFO/locust.main: --run-time limit reached, shutting down
[2026-06-17 00:06:40,721] 1510ef115195/INFO/locust.main: Shutting down (exit code 0)
Type     Name                                                                          # reqs      # fails |    Avg     Min     Max    Med |   req/s  failures/s
--------|----------------------------------------------------------------------------|-------|-------------|-------|-------|-------|-------|--------|-----------
GET      /feed/{user_id}                                                                25119     0(0.00%) |     43       1    7115      3 |  139.74        0.00
GET      /feed/{user_id}?with_fof=true                                                  12305     0(0.00%) |    194       1   12653      3 |   68.45        0.00
POST     /likes                                                                          1196     0(0.00%) |     40       2    6204      5 |    6.65        0.00
POST     /posts                                                                          1938     0(0.00%) |     50       3    7114      7 |   10.78        0.00
GET      /timeline/{user_id}                                                            15519     0(0.00%) |     92       1   11280      3 |   86.33        0.00
GET      /users/{user_id}                                                                6084     0(0.00%) |     41       1    7120      3 |   33.85        0.00
--------|----------------------------------------------------------------------------|-------|-------------|-------|-------|-------|-------|--------|-----------
         Aggregated                                                                     62161     0(0.00%) |     85       1   12653      3 |  345.80        0.00

Response time percentiles (approximated)
Type     Name                                                                                  50%    66%    75%    80%    90%    95%    98%    99%  99.9% 99.99%   100% # reqs
--------|--------------------------------------------------------------------------------|--------|------|------|------|------|------|------|------|------|------|------|------
GET      /feed/{user_id}                                                                         3      4      6      9     34    110    310    770   5600   7100   7100  25119
GET      /feed/{user_id}?with_fof=true                                                           3      5      7     11     60    350   4800   6700   8000  12000  13000  12305
POST     /likes                                                                                  5      6      9     12     39    120    320    470   4500   6200   6200   1196
POST     /posts                                                                                  7      9     14     18     54    140    340    720   6100   7100   7100   1938
GET      /timeline/{user_id}                                                                     3      4      7     10     48    180   1300   3500   6100  10000  11000  15519
GET      /users/{user_id}                                                                        3      4      6      9     35    110    320    800   5600   7100   7100   6084
--------|--------------------------------------------------------------------------------|--------|------|------|------|------|------|------|------|------|------|------|------
         Aggregated                                                                              3      5      7     10     42    140    650   3100   7500  11000  13000  62161

  → 150 utenti...
 Container ad2526-redis Running 
 Container ad2526-backend Running 
 Container ad2526-redis Waiting 
 Container ad2526-redis Healthy 
 Container ad-2526-locust-run-da7f63c10a81 Creating 
 Container ad-2526-locust-run-da7f63c10a81 Created 
[2026-06-17 00:06:42,562] 61af9a24bf00/INFO/locust.main: Starting Locust 2.32.3
[2026-06-17 00:06:42,562] 61af9a24bf00/INFO/locust.main: Run time limit set to 180 seconds
[2026-06-17 00:06:42,563] 61af9a24bf00/INFO/locust.runners: Ramping to 150 users at a rate of 20.00 per second
[2026-06-17 00:06:49,573] 61af9a24bf00/INFO/locust.runners: All users spawned: {"BrowsingUser": 150} (150 total users)
[2026-06-17 00:09:42,286] 61af9a24bf00/INFO/locust.main: --run-time limit reached, shutting down
[2026-06-17 00:09:42,322] 61af9a24bf00/INFO/locust.main: Shutting down (exit code 1)
Type     Name                                                                          # reqs      # fails |    Avg     Min     Max    Med |   req/s  failures/s
--------|----------------------------------------------------------------------------|-------|-------------|-------|-------|-------|-------|--------|-----------
GET      /feed/{user_id}                                                                26675    10(0.04%) |    144       1   30318      4 |  148.40        0.06
GET      /feed/{user_id}?with_fof=true                                                  13260     5(0.04%) |    337       2   33666      4 |   73.77        0.03
POST     /likes                                                                          1290     0(0.00%) |    120       2   29859      5 |    7.18        0.00
POST     /posts                                                                          1982     1(0.05%) |    213       3   30261      8 |   11.03        0.01
GET      /timeline/{user_id}                                                            16716     5(0.03%) |    204       1   46158      4 |   92.99        0.03
GET      /users/{user_id}                                                                6594     3(0.05%) |    127       1   30324      4 |   36.68        0.02
--------|----------------------------------------------------------------------------|-------|-------------|-------|-------|-------|-------|--------|-----------
         Aggregated                                                                     66517    24(0.04%) |    197       1   46158      4 |  370.04        0.13

Response time percentiles (approximated)
Type     Name                                                                                  50%    66%    75%    80%    90%    95%    98%    99%  99.9% 99.99%   100% # reqs
--------|--------------------------------------------------------------------------------|--------|------|------|------|------|------|------|------|------|------|------|------
GET      /feed/{user_id}                                                                         4      6     12     26    190    240    430   2100  30000  30000  30000  26675
GET      /feed/{user_id}?with_fof=true                                                           4      6     17     54    210    450   5800   7700  30000  34000  34000  13260
POST     /likes                                                                                  5      8     16     31    190    260    520   1300  30000  30000  30000   1290
POST     /posts                                                                                  8     13     26     47    200    260    510   2600  30000  30000  30000   1982
GET      /timeline/{user_id}                                                                     4      6     16     43    200    290   2300   3900  30000  31000  46000  16716
GET      /users/{user_id}                                                                        4      6     12     26    190    230    360   1100  30000  30000  30000   6594
--------|--------------------------------------------------------------------------------|--------|------|------|------|------|------|------|------|------|------|------|------
         Aggregated                                                                              4      6     14     34    200    270   1300   3900  30000  31000  46000  66517

Error report
# occurrences      Error                                                                                               
------------------|---------------------------------------------------------------------------------------------------------------------------------------------
3                  GET /users/{user_id}: HTTPError('500 Server Error: Internal Server Error for url: /users/{user_id}')
5                  GET /timeline/{user_id}: HTTPError('500 Server Error: Internal Server Error for url: /timeline/{user_id}')
5                  GET /feed/{user_id}?with_fof=true: HTTPError('500 Server Error: Internal Server Error for url: /feed/{user_id}?with_fof=true')
10                 GET /feed/{user_id}: HTTPError('500 Server Error: Internal Server Error for url: /feed/{user_id}')  
1                  POST /posts: HTTPError('500 Server Error: Internal Server Error for url: /posts')                   
------------------|---------------------------------------------------------------------------------------------------------------------------------------------


  → 200 utenti...
 Container ad2526-redis Running 
 Container ad2526-backend Running 
 Container ad2526-redis Waiting 
 Container ad2526-redis Healthy 
 Container ad-2526-locust-run-ff45811c78d7 Creating 
 Container ad-2526-locust-run-ff45811c78d7 Created 
[2026-06-17 00:09:44,464] 0171b4eb18b7/INFO/locust.main: Starting Locust 2.32.3
[2026-06-17 00:09:44,465] 0171b4eb18b7/INFO/locust.main: Run time limit set to 180 seconds
[2026-06-17 00:09:44,466] 0171b4eb18b7/INFO/locust.runners: Ramping to 200 users at a rate of 20.00 per second
[2026-06-17 00:09:53,483] 0171b4eb18b7/INFO/locust.runners: All users spawned: {"BrowsingUser": 200} (200 total users)
[2026-06-17 00:12:44,192] 0171b4eb18b7/INFO/locust.main: --run-time limit reached, shutting down
[2026-06-17 00:12:44,236] 0171b4eb18b7/INFO/locust.main: Shutting down (exit code 1)
Type     Name                                                                          # reqs      # fails |    Avg     Min     Max    Med |   req/s  failures/s
--------|----------------------------------------------------------------------------|-------|-------------|-------|-------|-------|-------|--------|-----------
GET      /feed/{user_id}                                                                23707    24(0.10%) |    313       1   57556    110 |  131.88        0.13
GET      /feed/{user_id}?with_fof=true                                                  11889    13(0.11%) |    467       2   61256    120 |   66.14        0.07
POST     /likes                                                                          1174     1(0.09%) |    305       2   33376    120 |    6.53        0.01
POST     /posts                                                                          1745     4(0.23%) |    441       3   58064    110 |    9.71        0.02
GET      /timeline/{user_id}                                                            15122    24(0.16%) |    458       1   60845    120 |   84.12        0.13
GET      /users/{user_id}                                                                5868     4(0.07%) |    342       1   57497    110 |   32.64        0.02
--------|----------------------------------------------------------------------------|-------|-------------|-------|-------|-------|-------|--------|-----------
         Aggregated                                                                     59505    70(0.12%) |    387       1   61256    110 |  331.03        0.39

Response time percentiles (approximated)
Type     Name                                                                                  50%    66%    75%    80%    90%    95%    98%    99%  99.9% 99.99%   100% # reqs
--------|--------------------------------------------------------------------------------|--------|------|------|------|------|------|------|------|------|------|------|------
GET      /feed/{user_id}                                                                       110    170    210    240    340    420    940   3500  31000  57000  58000  23707
GET      /feed/{user_id}?with_fof=true                                                         120    180    220    260    380    690   4800   6100  34000  57000  61000  11889
POST     /likes                                                                                120    170    230    260    350    430    910   3500  31000  33000  33000   1174
POST     /posts                                                                                110    180    230    260    350    450   2400   5200  57000  58000  58000   1745
GET      /timeline/{user_id}                                                                   120    170    220    260    370    520   3200   5200  33000  60000  61000  15122
GET      /users/{user_id}                                                                      110    170    210    250    340    430   1200   3800  33000  57000  57000   5868
--------|--------------------------------------------------------------------------------|--------|------|------|------|------|------|------|------|------|------|------|------
         Aggregated                                                                            110    170    220    250    350    460   2500   5100  33000  58000  61000  59505

Error report
# occurrences      Error                                                                                               
------------------|---------------------------------------------------------------------------------------------------------------------------------------------
13                 GET /feed/{user_id}?with_fof=true: HTTPError('500 Server Error: Internal Server Error for url: /feed/{user_id}?with_fof=true')
24                 GET /timeline/{user_id}: HTTPError('500 Server Error: Internal Server Error for url: /timeline/{user_id}')
24                 GET /feed/{user_id}: HTTPError('500 Server Error: Internal Server Error for url: /feed/{user_id}')  
4                  GET /users/{user_id}: HTTPError('500 Server Error: Internal Server Error for url: /users/{user_id}')
4                  POST /posts: HTTPError('500 Server Error: Internal Server Error for url: /posts')                   
1                  POST /likes: HTTPError('500 Server Error: Internal Server Error for url: /likes')                   
------------------|---------------------------------------------------------------------------------------------------------------------------------------------


  → 300 utenti...
 Container ad2526-redis Running 
 Container ad2526-backend Running 
 Container ad2526-redis Waiting 
 Container ad2526-redis Healthy 
 Container ad-2526-locust-run-64d1b114fd98 Creating 
 Container ad-2526-locust-run-64d1b114fd98 Created 
[2026-06-17 00:12:46,103] 4cfcd6e4c88e/INFO/locust.main: Starting Locust 2.32.3
[2026-06-17 00:12:46,104] 4cfcd6e4c88e/INFO/locust.main: Run time limit set to 180 seconds
[2026-06-17 00:12:46,105] 4cfcd6e4c88e/INFO/locust.runners: Ramping to 300 users at a rate of 20.00 per second
[2026-06-17 00:13:00,131] 4cfcd6e4c88e/INFO/locust.runners: All users spawned: {"BrowsingUser": 300} (300 total users)
[2026-06-17 00:15:45,826] 4cfcd6e4c88e/INFO/locust.main: --run-time limit reached, shutting down
[2026-06-17 00:15:45,896] 4cfcd6e4c88e/INFO/locust.main: Shutting down (exit code 1)
Type     Name                                                                          # reqs      # fails |    Avg     Min     Max    Med |   req/s  failures/s
--------|----------------------------------------------------------------------------|-------|-------------|-------|-------|-------|-------|--------|-----------
GET      /feed/{user_id}                                                                22373    92(0.41%) |    618       1  119056     99 |  124.45        0.51
GET      /feed/{user_id}?with_fof=true                                                  11017    57(0.52%) |    743       1  113298    110 |   61.28        0.32
POST     /likes                                                                          1095     5(0.46%) |    771       2   89157    110 |    6.09        0.03
POST     /posts                                                                          1661     9(0.54%) |    871       3  119090    110 |    9.24        0.05
GET      /timeline/{user_id}                                                            13914    61(0.44%) |    706       1  114739    110 |   77.39        0.34
GET      /users/{user_id}                                                                5681    16(0.28%) |    515       1  113441     92 |   31.60        0.09
--------|----------------------------------------------------------------------------|-------|-------------|-------|-------|-------|-------|--------|-----------
         Aggregated                                                                     55741   240(0.43%) |    665       1  119090    100 |  310.05        1.33

Response time percentiles (approximated)
Type     Name                                                                                  50%    66%    75%    80%    90%    95%    98%    99%  99.9% 99.99%   100% # reqs
--------|--------------------------------------------------------------------------------|--------|------|------|------|------|------|------|------|------|------|------|------
GET      /feed/{user_id}                                                                        99    180    220    250    330    400    620  30000  82000 113000 119000  22373
GET      /feed/{user_id}?with_fof=true                                                         110    190    230    260    360    520   3300  30000  89000 110000 113000  11017
POST     /likes                                                                                110    190    230    260    340    420   1700  30000  80000  89000  89000   1095
POST     /posts                                                                                110    190    230    260    340    430   1200  30000 113000 119000 119000   1661
GET      /timeline/{user_id}                                                                   110    190    230    260    350    450   2100  30000  83000 115000 115000  13914
GET      /users/{user_id}                                                                       92    180    220    240    320    400    550   2700  86000 113000 113000   5681
--------|--------------------------------------------------------------------------------|--------|------|------|------|------|------|------|------|------|------|------|------
         Aggregated                                                                            100    190    220    250    340    420   1400  30000  85000 113000 119000  55741

Error report
# occurrences      Error                                                                                               
------------------|---------------------------------------------------------------------------------------------------------------------------------------------
92                 GET /feed/{user_id}: HTTPError('500 Server Error: Internal Server Error for url: /feed/{user_id}')  
57                 GET /feed/{user_id}?with_fof=true: HTTPError('500 Server Error: Internal Server Error for url: /feed/{user_id}?with_fof=true')
61                 GET /timeline/{user_id}: HTTPError('500 Server Error: Internal Server Error for url: /timeline/{user_id}')
9                  POST /posts: HTTPError('500 Server Error: Internal Server Error for url: /posts')                   
5                  POST /likes: HTTPError('500 Server Error: Internal Server Error for url: /likes')                   
16                 GET /users/{user_id}: HTTPError('500 Server Error: Internal Server Error for url: /users/{user_id}')
------------------|---------------------------------------------------------------------------------------------------------------------------------------------


  → 400 utenti...
 Container ad2526-redis Running 
 Container ad2526-backend Running 
 Container ad2526-redis Waiting 
 Container ad2526-redis Healthy 
 Container ad-2526-locust-run-ab936d0f7f7c Creating 
 Container ad-2526-locust-run-ab936d0f7f7c Created 
[2026-06-17 00:15:48,169] d5f65e7d76ed/INFO/locust.main: Starting Locust 2.32.3
[2026-06-17 00:15:48,170] d5f65e7d76ed/INFO/locust.main: Run time limit set to 180 seconds
[2026-06-17 00:15:48,171] d5f65e7d76ed/INFO/locust.runners: Ramping to 400 users at a rate of 20.00 per second
[2026-06-17 00:16:07,222] d5f65e7d76ed/INFO/locust.runners: All users spawned: {"BrowsingUser": 400} (400 total users)
[2026-06-17 00:18:47,896] d5f65e7d76ed/INFO/locust.main: --run-time limit reached, shutting down
[2026-06-17 00:18:47,970] d5f65e7d76ed/INFO/locust.main: Shutting down (exit code 1)
Type     Name                                                                          # reqs      # fails |    Avg     Min     Max    Med |   req/s  failures/s
--------|----------------------------------------------------------------------------|-------|-------------|-------|-------|-------|-------|--------|-----------
GET      /feed/{user_id}                                                                25943   123(0.47%) |    641       1  154497      5 |  144.30        0.68
GET      /feed/{user_id}?with_fof=true                                                  13179    58(0.44%) |    723       1  156478      6 |   73.30        0.32
POST     /likes                                                                          1269     8(0.63%) |    719       2  136003      7 |    7.06        0.04
POST     /posts                                                                          1950    12(0.62%) |    764       3  138411     12 |   10.85        0.07
GET      /timeline/{user_id}                                                            16222    57(0.35%) |    584       1  154482      6 |   90.23        0.32
GET      /users/{user_id}                                                                6303    18(0.29%) |    660       1  156495      6 |   35.06        0.10
--------|----------------------------------------------------------------------------|-------|-------------|-------|-------|-------|-------|--------|-----------
         Aggregated                                                                     64866   276(0.43%) |    650       1  156495      6 |  360.79        1.54

Response time percentiles (approximated)
Type     Name                                                                                  50%    66%    75%    80%    90%    95%    98%    99%  99.9% 99.99%   100% # reqs
--------|--------------------------------------------------------------------------------|--------|------|------|------|------|------|------|------|------|------|------|------
GET      /feed/{user_id}                                                                         5     59    160    210    290    360    580  28000 112000 151000 154000  25943
GET      /feed/{user_id}?with_fof=true                                                           6     83    170    230    320    430   3100  30000 111000 154000 156000  13179
POST     /likes                                                                                  7     45    140    190    290    360    830  30000  87000 136000 136000   1269
POST     /posts                                                                                 12     86    170    230    310    390    710  30000 113000 138000 138000   1950
GET      /timeline/{user_id}                                                                     6     80    170    230    310    390   1900  26000  84000 139000 154000  16222
GET      /users/{user_id}                                                                        6     42    150    210    290    360    800  29000 112000 156000 156000   6303
--------|--------------------------------------------------------------------------------|--------|------|------|------|------|------|------|------|------|------|------|------
         Aggregated                                                                              6     69    160    220    300    380   1200  30000 111000 151000 156000  64866

Error report
# occurrences      Error                                                                                               
------------------|---------------------------------------------------------------------------------------------------------------------------------------------
123                GET /feed/{user_id}: HTTPError('500 Server Error: Internal Server Error for url: /feed/{user_id}')  
57                 GET /timeline/{user_id}: HTTPError('500 Server Error: Internal Server Error for url: /timeline/{user_id}')
58                 GET /feed/{user_id}?with_fof=true: HTTPError('500 Server Error: Internal Server Error for url: /feed/{user_id}?with_fof=true')
18                 GET /users/{user_id}: HTTPError('500 Server Error: Internal Server Error for url: /users/{user_id}')
12                 POST /posts: HTTPError('500 Server Error: Internal Server Error for url: /posts')                   
8                  POST /likes: HTTPError('500 Server Error: Internal Server Error for url: /likes')                   
------------------|---------------------------------------------------------------------------------------------------------------------------------------------


  → 500 utenti...
 Container ad2526-redis Running 
 Container ad2526-backend Running 
 Container ad2526-redis Waiting 
 Container ad2526-redis Healthy 
 Container ad-2526-locust-run-a023d0d31e97 Creating 
 Container ad-2526-locust-run-a023d0d31e97 Created 
[2026-06-17 00:18:49,835] 7801d070b2b8/INFO/locust.main: Starting Locust 2.32.3
[2026-06-17 00:18:49,836] 7801d070b2b8/INFO/locust.main: Run time limit set to 180 seconds
[2026-06-17 00:18:49,836] 7801d070b2b8/INFO/locust.runners: Ramping to 500 users at a rate of 20.00 per second
[2026-06-17 00:19:13,881] 7801d070b2b8/INFO/locust.runners: All users spawned: {"BrowsingUser": 500} (500 total users)
[2026-06-17 00:21:49,550] 7801d070b2b8/INFO/locust.main: --run-time limit reached, shutting down
[2026-06-17 00:21:49,635] 7801d070b2b8/INFO/locust.main: Shutting down (exit code 1)
Type     Name                                                                          # reqs      # fails |    Avg     Min     Max    Med |   req/s  failures/s
--------|----------------------------------------------------------------------------|-------|-------------|-------|-------|-------|-------|--------|-----------
GET      /feed/{user_id}                                                                26524   115(0.43%) |    663       1  146863      6 |  147.54        0.64
GET      /feed/{user_id}?with_fof=true                                                  13249    48(0.36%) |    639       1  145894      7 |   73.70        0.27
POST     /likes                                                                          1263     1(0.08%) |    333       2  145901      7 |    7.03        0.01
POST     /posts                                                                          1886    10(0.53%) |    642       3  121879     12 |   10.49        0.06
GET      /timeline/{user_id}                                                            16479    67(0.41%) |    596       1  144894      6 |   91.66        0.37
GET      /users/{user_id}                                                                6613    16(0.24%) |    533       1  146875      7 |   36.78        0.09
--------|----------------------------------------------------------------------------|-------|-------------|-------|-------|-------|-------|--------|-----------
         Aggregated                                                                     66014   257(0.39%) |    622       1  146875      7 |  367.20        1.43

Response time percentiles (approximated)
Type     Name                                                                                  50%    66%    75%    80%    90%    95%    98%    99%  99.9% 99.99%   100% # reqs
--------|--------------------------------------------------------------------------------|--------|------|------|------|------|------|------|------|------|------|------|------
GET      /feed/{user_id}                                                                         6    100    180    220    290    340    450   2800 133000 146000 147000  26524
GET      /feed/{user_id}?with_fof=true                                                           7    110    190    230    300    370   1000   5000 131000 146000 146000  13249
POST     /likes                                                                                  7     80    180    210    280    330    410    640  60000 146000 146000   1263
POST     /posts                                                                                 13    110    190    220    300    350    480   4300 119000 122000 122000   1886
GET      /timeline/{user_id}                                                                     6    110    180    220    290    350    600   3800 121000 145000 145000  16479
GET      /users/{user_id}                                                                        7     95    170    210    280    330    420    580 131000 147000 147000   6613
--------|--------------------------------------------------------------------------------|--------|------|------|------|------|------|------|------|------|------|------|------
         Aggregated                                                                              7    100    180    220    290    350    510   3800 131000 146000 147000  66014

Error report
# occurrences      Error                                                                                               
------------------|---------------------------------------------------------------------------------------------------------------------------------------------
67                 GET /timeline/{user_id}: HTTPError('500 Server Error: Internal Server Error for url: /timeline/{user_id}')
10                 POST /posts: HTTPError('500 Server Error: Internal Server Error for url: /posts')                   
115                GET /feed/{user_id}: HTTPError('500 Server Error: Internal Server Error for url: /feed/{user_id}')  
48                 GET /feed/{user_id}?with_fof=true: HTTPError('500 Server Error: Internal Server Error for url: /feed/{user_id}?with_fof=true')
16                 GET /users/{user_id}: HTTPError('500 Server Error: Internal Server Error for url: /users/{user_id}')
1                  POST /likes: HTTPError('500 Server Error: Internal Server Error for url: /likes')                   
------------------|---------------------------------------------------------------------------------------------------------------------------------------------


  → 700 utenti...
 Container ad2526-redis Running 
 Container ad2526-backend Running 
 Container ad2526-redis Waiting 
 Container ad2526-redis Healthy 
 Container ad-2526-locust-run-815caeb1a50a Creating 
 Container ad-2526-locust-run-815caeb1a50a Created 
[2026-06-17 00:21:51,540] 3062507436e6/INFO/locust.main: Starting Locust 2.32.3
[2026-06-17 00:21:51,541] 3062507436e6/INFO/locust.main: Run time limit set to 180 seconds
[2026-06-17 00:21:51,542] 3062507436e6/INFO/locust.runners: Ramping to 700 users at a rate of 20.00 per second
[2026-06-17 00:22:25,624] 3062507436e6/INFO/locust.runners: All users spawned: {"BrowsingUser": 700} (700 total users)
[2026-06-17 00:24:51,271] 3062507436e6/INFO/locust.main: --run-time limit reached, shutting down
[2026-06-17 00:24:51,386] 3062507436e6/INFO/locust.main: Shutting down (exit code 1)
Type     Name                                                                          # reqs      # fails |    Avg     Min     Max    Med |   req/s  failures/s
--------|----------------------------------------------------------------------------|-------|-------------|-------|-------|-------|-------|--------|-----------
GET      /feed/{user_id}                                                                28161    69(0.25%) |    378       1  136956      6 |  156.60        0.38
GET      /feed/{user_id}?with_fof=true                                                  14098    45(0.32%) |    473       1  128802      6 |   78.40        0.25
POST     /likes                                                                          1343     6(0.45%) |    462       2  107821      8 |    7.47        0.03
POST     /posts                                                                          2155     5(0.23%) |    401       3  102962     11 |   11.98        0.03
GET      /timeline/{user_id}                                                            17561    54(0.31%) |    501       1  143969      6 |   97.65        0.30
GET      /users/{user_id}                                                                7051    20(0.28%) |    440       1  128824      6 |   39.21        0.11
--------|----------------------------------------------------------------------------|-------|-------------|-------|-------|-------|-------|--------|-----------
         Aggregated                                                                     70369   199(0.28%) |    436       1  143969      6 |  391.31        1.11

Response time percentiles (approximated)
Type     Name                                                                                  50%    66%    75%    80%    90%    95%    98%    99%  99.9% 99.99%   100% # reqs
--------|--------------------------------------------------------------------------------|--------|------|------|------|------|------|------|------|------|------|------|------
GET      /feed/{user_id}                                                                         6     28     93    120    200    300    690   2800  85000 129000 137000  28161
GET      /feed/{user_id}?with_fof=true                                                           6     37    110    140    230    500   3700   6400  83000 128000 129000  14098
POST     /likes                                                                                  8     28     89    120    190    320   1100   3500 103000 108000 108000   1343
POST     /posts                                                                                 11     37    110    130    210    350    820   3100  80000 103000 103000   2155
GET      /timeline/{user_id}                                                                     6     37    110    130    220    380   2200   3900 103000 129000 144000  17561
GET      /users/{user_id}                                                                        6     32     94    120    200    310    660   2800  84000 129000 129000   7051
--------|--------------------------------------------------------------------------------|--------|------|------|------|------|------|------|------|------|------|------|------
         Aggregated                                                                              6     32     99    130    210    350   1200   3900 101000 128000 144000  70369

Error report
# occurrences      Error                                                                                               
------------------|---------------------------------------------------------------------------------------------------------------------------------------------
20                 GET /users/{user_id}: HTTPError('500 Server Error: Internal Server Error for url: /users/{user_id}')
54                 GET /timeline/{user_id}: HTTPError('500 Server Error: Internal Server Error for url: /timeline/{user_id}')
69                 GET /feed/{user_id}: HTTPError('500 Server Error: Internal Server Error for url: /feed/{user_id}')  
45                 GET /feed/{user_id}?with_fof=true: HTTPError('500 Server Error: Internal Server Error for url: /feed/{user_id}?with_fof=true')
6                  POST /likes: HTTPError('500 Server Error: Internal Server Error for url: /likes')                   
5                  POST /posts: HTTPError('500 Server Error: Internal Server Error for url: /posts')                   
------------------|---------------------------------------------------------------------------------------------------------------------------------------------



Done. Risultati in ~/AD-2526/results/
