nohup: ignoring input

==============================
 Strategia: no_cache
==============================
 Container ad2526-redis Running 
 Container ad2526-backend Recreate 
 Container ad2526-backend Recreated 
 Container ad2526-redis Waiting 
 Container ad2526-redis Healthy 
 Container ad2526-backend Starting 
 Container ad2526-backend Started 
  → 10 utenti...
 Container ad2526-redis Running 
 Container ad2526-backend Running 
 Container ad2526-redis Waiting 
 Container ad2526-redis Healthy 
 Container ad-2526-locust-run-014b9a24710b Creating 
 Container ad-2526-locust-run-014b9a24710b Created 
[2026-06-16 06:08:59,887] c5ccd578f31f/INFO/locust.main: Starting Locust 2.32.3
[2026-06-16 06:08:59,888] c5ccd578f31f/INFO/locust.main: Run time limit set to 300 seconds
[2026-06-16 06:08:59,889] c5ccd578f31f/INFO/locust.runners: Ramping to 10 users at a rate of 20.00 per second
[2026-06-16 06:08:59,889] c5ccd578f31f/INFO/locust.runners: All users spawned: {"BrowsingUser": 10} (10 total users)
[2026-06-16 06:13:59,649] c5ccd578f31f/INFO/locust.main: --run-time limit reached, shutting down
[2026-06-16 06:13:59,675] c5ccd578f31f/INFO/locust.main: Shutting down (exit code 1)
Type     Name                                                                          # reqs      # fails |    Avg     Min     Max    Med |   req/s  failures/s
--------|----------------------------------------------------------------------------|-------|-------------|-------|-------|-------|-------|--------|-----------
GET      /feed/{user_id}                                                                 5922 5814(98.18%) |      3       1      30      3 |   19.76       19.40
GET      /feed/{user_id}?with_fof=true                                                   2902 2854(98.35%) |      5       2     182      3 |    9.68        9.52
POST     /likes                                                                           283     0(0.00%) |      3       2       5      3 |    0.94        0.00
POST     /posts                                                                           424  418(98.58%) |      3       2       6      3 |    1.41        1.39
GET      /timeline/{user_id}                                                             3724 3658(98.23%) |      3       1      36      3 |   12.42       12.20
GET      /users/{user_id}                                                                1458 1433(98.29%) |      3       2      20      3 |    4.86        4.78
--------|----------------------------------------------------------------------------|-------|-------------|-------|-------|-------|-------|--------|-----------
         Aggregated                                                                     14713 14177(96.36%) |      3       1     182      3 |   49.09       47.30

Response time percentiles (approximated)
Type     Name                                                                                  50%    66%    75%    80%    90%    95%    98%    99%  99.9% 99.99%   100% # reqs
--------|--------------------------------------------------------------------------------|--------|------|------|------|------|------|------|------|------|------|------|------
GET      /feed/{user_id}                                                                         3      3      3      3      4      4      5     21     26     31     31   5922
GET      /feed/{user_id}?with_fof=true                                                           3      3      3      3      4      4      5    130    170    180    180   2902
POST     /likes                                                                                  3      3      3      4      4      4      5      5      5      5      5    283
POST     /posts                                                                                  3      3      3      4      4      4      4      5      7      7      7    424
GET      /timeline/{user_id}                                                                     3      3      3      3      4      4      5      9     20     37     37   3724
GET      /users/{user_id}                                                                        3      3      4      4      4      4      5      6     15     20     20   1458
--------|--------------------------------------------------------------------------------|--------|------|------|------|------|------|------|------|------|------|------|------
         Aggregated                                                                              3      3      3      3      4      4      5     17    160    170    180  14713

Error report
# occurrences      Error                                                                                               
------------------|---------------------------------------------------------------------------------------------------------------------------------------------
5814               GET /feed/{user_id}: HTTPError('404 Client Error: Not Found for url: /feed/{user_id}')              
2854               GET /feed/{user_id}?with_fof=true: HTTPError('404 Client Error: Not Found for url: /feed/{user_id}?with_fof=true')
3658               GET /timeline/{user_id}: HTTPError('404 Client Error: Not Found for url: /timeline/{user_id}')      
1433               GET /users/{user_id}: HTTPError('404 Client Error: Not Found for url: /users/{user_id}')            
418                POST /posts: HTTPError('404 Client Error: Not Found for url: /posts')                               
------------------|---------------------------------------------------------------------------------------------------------------------------------------------


  → 25 utenti...
 Container ad2526-redis Running 
 Container ad2526-backend Running 
 Container ad2526-redis Waiting 
 Container ad2526-redis Healthy 
 Container ad-2526-locust-run-6d9bd65e566b Creating 
 Container ad-2526-locust-run-6d9bd65e566b Created 
[2026-06-16 06:14:01,337] 63be6793a8cb/INFO/locust.main: Starting Locust 2.32.3
[2026-06-16 06:14:01,337] 63be6793a8cb/INFO/locust.main: Run time limit set to 300 seconds
[2026-06-16 06:14:01,338] 63be6793a8cb/INFO/locust.runners: Ramping to 25 users at a rate of 20.00 per second
[2026-06-16 06:14:02,339] 63be6793a8cb/INFO/locust.runners: All users spawned: {"BrowsingUser": 25} (25 total users)
[2026-06-16 06:19:01,086] 63be6793a8cb/INFO/locust.main: --run-time limit reached, shutting down
[2026-06-16 06:19:01,113] 63be6793a8cb/INFO/locust.main: Shutting down (exit code 1)
Type     Name                                                                          # reqs      # fails |    Avg     Min     Max    Med |   req/s  failures/s
--------|----------------------------------------------------------------------------|-------|-------------|-------|-------|-------|-------|--------|-----------
GET      /feed/{user_id}                                                                14553 14324(98.43%) |      3       1      42      3 |   48.55       47.78
GET      /feed/{user_id}?with_fof=true                                                   7468 7343(98.33%) |      5       1     177      3 |   24.91       24.50
POST     /likes                                                                           756     0(0.00%) |      3       2      36      3 |    2.52        0.00
POST     /posts                                                                          1159 1139(98.27%) |      3       1      21      3 |    3.87        3.80
GET      /timeline/{user_id}                                                             9241 9089(98.36%) |      2       1      41      3 |   30.83       30.32
GET      /users/{user_id}                                                                3579 3517(98.27%) |      3       2      44      3 |   11.94       11.73
--------|----------------------------------------------------------------------------|-------|-------------|-------|-------|-------|-------|--------|-----------
         Aggregated                                                                     36756 35412(96.34%) |      3       1     177      3 |  122.61      118.13

Response time percentiles (approximated)
Type     Name                                                                                  50%    66%    75%    80%    90%    95%    98%    99%  99.9% 99.99%   100% # reqs
--------|--------------------------------------------------------------------------------|--------|------|------|------|------|------|------|------|------|------|------|------
GET      /feed/{user_id}                                                                         3      3      3      3      3      4      5     18     27     42     43  14553
GET      /feed/{user_id}?with_fof=true                                                           3      3      3      3      3      4     10    140    170    180    180   7468
POST     /likes                                                                                  3      3      3      3      4      4      4      5     36     36     36    756
POST     /posts                                                                                  3      3      3      3      4      4      4      4     21     22     22   1159
GET      /timeline/{user_id}                                                                     3      3      3      3      3      4      5      9     18     41     41   9241
GET      /users/{user_id}                                                                        3      3      3      3      4      4      5      5     20     44     44   3579
--------|--------------------------------------------------------------------------------|--------|------|------|------|------|------|------|------|------|------|------|------
         Aggregated                                                                              3      3      3      3      3      4      5     15    160    170    180  36756

Error report
# occurrences      Error                                                                                               
------------------|---------------------------------------------------------------------------------------------------------------------------------------------
14324              GET /feed/{user_id}: HTTPError('404 Client Error: Not Found for url: /feed/{user_id}')              
3517               GET /users/{user_id}: HTTPError('404 Client Error: Not Found for url: /users/{user_id}')            
9089               GET /timeline/{user_id}: HTTPError('404 Client Error: Not Found for url: /timeline/{user_id}')      
7343               GET /feed/{user_id}?with_fof=true: HTTPError('404 Client Error: Not Found for url: /feed/{user_id}?with_fof=true')
1139               POST /posts: HTTPError('404 Client Error: Not Found for url: /posts')                               
------------------|---------------------------------------------------------------------------------------------------------------------------------------------


  → 50 utenti...
 Container ad2526-redis Running 
 Container ad2526-backend Running 
 Container ad2526-redis Waiting 
 Container ad2526-redis Healthy 
 Container ad-2526-locust-run-d37ad13acb93 Creating 
 Container ad-2526-locust-run-d37ad13acb93 Created 
[2026-06-16 06:19:02,781] add6be2e6d12/INFO/locust.main: Starting Locust 2.32.3
[2026-06-16 06:19:02,781] add6be2e6d12/INFO/locust.main: Run time limit set to 300 seconds
[2026-06-16 06:19:02,782] add6be2e6d12/INFO/locust.runners: Ramping to 50 users at a rate of 20.00 per second
[2026-06-16 06:19:04,784] add6be2e6d12/INFO/locust.runners: All users spawned: {"BrowsingUser": 50} (50 total users)
[2026-06-16 06:24:02,541] add6be2e6d12/INFO/locust.main: --run-time limit reached, shutting down
[2026-06-16 06:24:02,570] add6be2e6d12/INFO/locust.main: Shutting down (exit code 1)
Type     Name                                                                          # reqs      # fails |    Avg     Min     Max    Med |   req/s  failures/s
--------|----------------------------------------------------------------------------|-------|-------------|-------|-------|-------|-------|--------|-----------
GET      /feed/{user_id}                                                                29590 29094(98.32%) |      3       1      48      3 |   98.70       97.05
GET      /feed/{user_id}?with_fof=true                                                  14566 14325(98.35%) |      5       1     198      3 |   48.59       47.78
POST     /likes                                                                          1502     0(0.00%) |      3       2      24      3 |    5.01        0.00
POST     /posts                                                                          2181 2156(98.85%) |      3       1      29      3 |    7.28        7.19
GET      /timeline/{user_id}                                                            18322 18033(98.42%) |      2       1      43      3 |   61.12       60.15
GET      /users/{user_id}                                                                7282 7165(98.39%) |      3       2      38      3 |   24.29       23.90
--------|----------------------------------------------------------------------------|-------|-------------|-------|-------|-------|-------|--------|-----------
         Aggregated                                                                     73443 70773(96.36%) |      3       1     198      3 |  244.98      236.08

Response time percentiles (approximated)
Type     Name                                                                                  50%    66%    75%    80%    90%    95%    98%    99%  99.9% 99.99%   100% # reqs
--------|--------------------------------------------------------------------------------|--------|------|------|------|------|------|------|------|------|------|------|------
GET      /feed/{user_id}                                                                         3      3      3      3      3      4     10     21     28     43     49  29590
GET      /feed/{user_id}?with_fof=true                                                           3      3      3      3      3      4     13    140    170    200    200  14566
POST     /likes                                                                                  3      3      3      3      4      4      5      5     20     24     24   1502
POST     /posts                                                                                  3      3      3      3      4      4      4      5     25     29     29   2181
GET      /timeline/{user_id}                                                                     3      3      3      3      3      4      6     10     23     37     43  18322
GET      /users/{user_id}                                                                        3      3      3      3      4      4      5      6     21     38     38   7282
--------|--------------------------------------------------------------------------------|--------|------|------|------|------|------|------|------|------|------|------|------
         Aggregated                                                                              3      3      3      3      3      4      6     17    160    180    200  73443

Error report
# occurrences      Error                                                                                               
------------------|---------------------------------------------------------------------------------------------------------------------------------------------
29094              GET /feed/{user_id}: HTTPError('404 Client Error: Not Found for url: /feed/{user_id}')              
7165               GET /users/{user_id}: HTTPError('404 Client Error: Not Found for url: /users/{user_id}')            
14325              GET /feed/{user_id}?with_fof=true: HTTPError('404 Client Error: Not Found for url: /feed/{user_id}?with_fof=true')
18033              GET /timeline/{user_id}: HTTPError('404 Client Error: Not Found for url: /timeline/{user_id}')      
2156               POST /posts: HTTPError('404 Client Error: Not Found for url: /posts')                               
------------------|---------------------------------------------------------------------------------------------------------------------------------------------


  → 75 utenti...
 Container ad2526-redis Running 
 Container ad2526-backend Running 
 Container ad2526-redis Waiting 
 Container ad2526-redis Healthy 
 Container ad-2526-locust-run-ba74e4d30599 Creating 
 Container ad-2526-locust-run-ba74e4d30599 Created 
[2026-06-16 06:24:04,280] 4310530df8e1/INFO/locust.main: Starting Locust 2.32.3
[2026-06-16 06:24:04,281] 4310530df8e1/INFO/locust.main: Run time limit set to 300 seconds
[2026-06-16 06:24:04,282] 4310530df8e1/INFO/locust.runners: Ramping to 75 users at a rate of 20.00 per second
[2026-06-16 06:24:07,285] 4310530df8e1/INFO/locust.runners: All users spawned: {"BrowsingUser": 75} (75 total users)
[2026-06-16 06:29:04,035] 4310530df8e1/INFO/locust.main: --run-time limit reached, shutting down
[2026-06-16 06:29:04,067] 4310530df8e1/INFO/locust.main: Shutting down (exit code 1)
Type     Name                                                                          # reqs      # fails |    Avg     Min     Max    Med |   req/s  failures/s
--------|----------------------------------------------------------------------------|-------|-------------|-------|-------|-------|-------|--------|-----------
GET      /feed/{user_id}                                                                43759 43065(98.41%) |      3       1      57      3 |  145.97      143.65
GET      /feed/{user_id}?with_fof=true                                                  21794 21450(98.42%) |      5       1     194      3 |   72.70       71.55
POST     /likes                                                                          2174     0(0.00%) |      3       1      31      3 |    7.25        0.00
POST     /posts                                                                          3236 3188(98.52%) |      3       1      29      3 |   10.79       10.63
GET      /timeline/{user_id}                                                            27611 27162(98.37%) |      2       1      52      3 |   92.10       90.61
GET      /users/{user_id}                                                               11084 10913(98.46%) |      3       2      35      3 |   36.97       36.40
--------|----------------------------------------------------------------------------|-------|-------------|-------|-------|-------|-------|--------|-----------
         Aggregated                                                                    109658 105778(96.46%) |      3       1     194      3 |  365.79      352.85

Response time percentiles (approximated)
Type     Name                                                                                  50%    66%    75%    80%    90%    95%    98%    99%  99.9% 99.99%   100% # reqs
--------|--------------------------------------------------------------------------------|--------|------|------|------|------|------|------|------|------|------|------|------
GET      /feed/{user_id}                                                                         3      3      3      3      4      4     11     21     29     42     57  43759
GET      /feed/{user_id}?with_fof=true                                                           3      3      3      3      4      4     16    140    170    180    190  21794
POST     /likes                                                                                  3      3      3      3      4      4      5      6     26     32     32   2174
POST     /posts                                                                                  3      3      3      3      4      4      5      5     24     30     30   3236
GET      /timeline/{user_id}                                                                     3      3      3      3      4      4      8     11     24     40     53  27611
GET      /users/{user_id}                                                                        3      3      3      3      4      5      6      7     24     32     36  11084
--------|--------------------------------------------------------------------------------|--------|------|------|------|------|------|------|------|------|------|------|------
         Aggregated                                                                              3      3      3      3      4      4      9     18    170    180    190 109658

Error report
# occurrences      Error                                                                                               
------------------|---------------------------------------------------------------------------------------------------------------------------------------------
10913              GET /users/{user_id}: HTTPError('404 Client Error: Not Found for url: /users/{user_id}')            
27162              GET /timeline/{user_id}: HTTPError('404 Client Error: Not Found for url: /timeline/{user_id}')      
43065              GET /feed/{user_id}: HTTPError('404 Client Error: Not Found for url: /feed/{user_id}')              
21450              GET /feed/{user_id}?with_fof=true: HTTPError('404 Client Error: Not Found for url: /feed/{user_id}?with_fof=true')
3188               POST /posts: HTTPError('404 Client Error: Not Found for url: /posts')                               
------------------|---------------------------------------------------------------------------------------------------------------------------------------------


  → 100 utenti...
 Container ad2526-redis Running 
 Container ad2526-backend Running 
 Container ad2526-redis Waiting 
 Container ad2526-redis Healthy 
 Container ad-2526-locust-run-6ee18ce2ded4 Creating 
 Container ad-2526-locust-run-6ee18ce2ded4 Created 
[2026-06-16 06:29:05,845] e3652c1a42a6/INFO/locust.main: Starting Locust 2.32.3
[2026-06-16 06:29:05,846] e3652c1a42a6/INFO/locust.main: Run time limit set to 300 seconds
[2026-06-16 06:29:05,846] e3652c1a42a6/INFO/locust.runners: Ramping to 100 users at a rate of 20.00 per second
[2026-06-16 06:29:09,851] e3652c1a42a6/INFO/locust.runners: All users spawned: {"BrowsingUser": 100} (100 total users)
[2026-06-16 06:34:05,603] e3652c1a42a6/INFO/locust.main: --run-time limit reached, shutting down
[2026-06-16 06:34:05,650] e3652c1a42a6/INFO/locust.main: Shutting down (exit code 1)
Type     Name                                                                          # reqs      # fails |    Avg     Min     Max    Med |   req/s  failures/s
--------|----------------------------------------------------------------------------|-------|-------------|-------|-------|-------|-------|--------|-----------
GET      /feed/{user_id}                                                                58228 57268(98.35%) |      3       1      64      3 |  194.22      191.02
GET      /feed/{user_id}?with_fof=true                                                  29168 28709(98.43%) |      5       1     203      3 |   97.29       95.76
POST     /likes                                                                          2876     0(0.00%) |      3       1      37      3 |    9.59        0.00
POST     /posts                                                                          4351 4280(98.37%) |      3       1      31      3 |   14.51       14.28
GET      /timeline/{user_id}                                                            36428 35836(98.37%) |      3       1      71      3 |  121.51      119.53
GET      /users/{user_id}                                                               14673 14445(98.45%) |      3       2      68      3 |   48.94       48.18
--------|----------------------------------------------------------------------------|-------|-------------|-------|-------|-------|-------|--------|-----------
         Aggregated                                                                    145724 140538(96.44%) |      3       1     203      3 |  486.07      468.77

Response time percentiles (approximated)
Type     Name                                                                                  50%    66%    75%    80%    90%    95%    98%    99%  99.9% 99.99%   100% # reqs
--------|--------------------------------------------------------------------------------|--------|------|------|------|------|------|------|------|------|------|------|------
GET      /feed/{user_id}                                                                         3      3      3      3      4      5     18     24     40     58     65  58228
GET      /feed/{user_id}?with_fof=true                                                           3      3      3      3      4      5     24    130    180    200    200  29168
POST     /likes                                                                                  3      3      4      4      4      5      6      7     31     38     38   2876
POST     /posts                                                                                  3      3      4      4      4      5      6      8     28     32     32   4351
GET      /timeline/{user_id}                                                                     3      3      3      3      4      5     11     17     38     50     71  36428
GET      /users/{user_id}                                                                        3      3      4      4      4      5     12     18     41     58     68  14673
--------|--------------------------------------------------------------------------------|--------|------|------|------|------|------|------|------|------|------|------|------
         Aggregated                                                                              3      3      3      3      4      5     15     24    170    180    200 145724

Error report
# occurrences      Error                                                                                               
------------------|---------------------------------------------------------------------------------------------------------------------------------------------
35836              GET /timeline/{user_id}: HTTPError('404 Client Error: Not Found for url: /timeline/{user_id}')      
57268              GET /feed/{user_id}: HTTPError('404 Client Error: Not Found for url: /feed/{user_id}')              
28709              GET /feed/{user_id}?with_fof=true: HTTPError('404 Client Error: Not Found for url: /feed/{user_id}?with_fof=true')
14445              GET /users/{user_id}: HTTPError('404 Client Error: Not Found for url: /users/{user_id}')            
4280               POST /posts: HTTPError('404 Client Error: Not Found for url: /posts')                               
------------------|---------------------------------------------------------------------------------------------------------------------------------------------


  → 150 utenti...
 Container ad2526-redis Running 
 Container ad2526-backend Running 
 Container ad2526-redis Waiting 
 Container ad2526-redis Healthy 
 Container ad-2526-locust-run-52320d968dfe Creating 
 Container ad-2526-locust-run-52320d968dfe Created 
[2026-06-16 06:34:07,449] 4b62e7ab5f53/INFO/locust.main: Starting Locust 2.32.3
[2026-06-16 06:34:07,450] 4b62e7ab5f53/INFO/locust.main: Run time limit set to 300 seconds
[2026-06-16 06:34:07,451] 4b62e7ab5f53/INFO/locust.runners: Ramping to 150 users at a rate of 20.00 per second
[2026-06-16 06:34:14,458] 4b62e7ab5f53/INFO/locust.runners: All users spawned: {"BrowsingUser": 150} (150 total users)
[2026-06-16 06:39:07,205] 4b62e7ab5f53/INFO/locust.main: --run-time limit reached, shutting down
[2026-06-16 06:39:07,241] 4b62e7ab5f53/INFO/locust.main: Shutting down (exit code 1)
Type     Name                                                                          # reqs      # fails |    Avg     Min     Max    Med |   req/s  failures/s
--------|----------------------------------------------------------------------------|-------|-------------|-------|-------|-------|-------|--------|-----------
GET      /feed/{user_id}                                                                85470 84103(98.40%) |      6       1     189      3 |  285.10      280.54
GET      /feed/{user_id}?with_fof=true                                                  43023 42311(98.35%) |      8       1     235      3 |  143.51      141.14
POST     /likes                                                                          4295     0(0.00%) |      4       1      71      3 |   14.33        0.00
POST     /posts                                                                          6442 6339(98.40%) |      4       1      60      3 |   21.49       21.15
GET      /timeline/{user_id}                                                            53587 52736(98.41%) |      6       1     189      3 |  178.75      175.91
GET      /users/{user_id}                                                               21505 21175(98.47%) |      7       2     181      4 |   71.73       70.63
--------|----------------------------------------------------------------------------|-------|-------------|-------|-------|-------|-------|--------|-----------
         Aggregated                                                                    214322 206664(96.43%) |      7       1     235      3 |  714.92      689.37

Response time percentiles (approximated)
Type     Name                                                                                  50%    66%    75%    80%    90%    95%    98%    99%  99.9% 99.99%   100% # reqs
--------|--------------------------------------------------------------------------------|--------|------|------|------|------|------|------|------|------|------|------|------
GET      /feed/{user_id}                                                                         3      4      5      5     15     27     45     60    100    160    190  85470
GET      /feed/{user_id}?with_fof=true                                                           3      4      5      5     16     33     79    160    190    230    240  43023
POST     /likes                                                                                  3      4      5      5      6      8     12     23     50     72     72   4295
POST     /posts                                                                                  3      4      4      5      6      8     14     24     43     60     60   6442
GET      /timeline/{user_id}                                                                     3      4      4      5     13     25     46     60    100    150    190  53587
GET      /users/{user_id}                                                                        4      5      5      6     16     27     46     63    110    140    180  21505
--------|--------------------------------------------------------------------------------|--------|------|------|------|------|------|------|------|------|------|------|------
         Aggregated                                                                              3      4      5      5     14     27     48     67    180    210    240 214322

Error report
# occurrences      Error                                                                                               
------------------|---------------------------------------------------------------------------------------------------------------------------------------------
6339               POST /posts: HTTPError('404 Client Error: Not Found for url: /posts')                               
52736              GET /timeline/{user_id}: HTTPError('404 Client Error: Not Found for url: /timeline/{user_id}')      
84103              GET /feed/{user_id}: HTTPError('404 Client Error: Not Found for url: /feed/{user_id}')              
42311              GET /feed/{user_id}?with_fof=true: HTTPError('404 Client Error: Not Found for url: /feed/{user_id}?with_fof=true')
21175              GET /users/{user_id}: HTTPError('404 Client Error: Not Found for url: /users/{user_id}')            
------------------|---------------------------------------------------------------------------------------------------------------------------------------------


  → 200 utenti...
 Container ad2526-redis Running 
 Container ad2526-backend Running 
 Container ad2526-redis Waiting 
 Container ad2526-redis Healthy 
 Container ad-2526-locust-run-50ed410ddb66 Creating 
 Container ad-2526-locust-run-50ed410ddb66 Created 
[2026-06-16 06:39:09,199] 4ea4c2ecbb9b/INFO/locust.main: Starting Locust 2.32.3
[2026-06-16 06:39:09,200] 4ea4c2ecbb9b/INFO/locust.main: Run time limit set to 300 seconds
[2026-06-16 06:39:09,201] 4ea4c2ecbb9b/INFO/locust.runners: Ramping to 200 users at a rate of 20.00 per second
[2026-06-16 06:39:18,210] 4ea4c2ecbb9b/INFO/locust.runners: All users spawned: {"BrowsingUser": 200} (200 total users)
[2026-06-16 06:44:08,956] 4ea4c2ecbb9b/INFO/locust.main: --run-time limit reached, shutting down
[2026-06-16 06:44:08,996] 4ea4c2ecbb9b/INFO/locust.main: Shutting down (exit code 1)
Type     Name                                                                          # reqs      # fails |    Avg     Min     Max    Med |   req/s  failures/s
--------|----------------------------------------------------------------------------|-------|-------------|-------|-------|-------|-------|--------|-----------
GET      /feed/{user_id}                                                               113245 111322(98.30%) |      7       1    1104      4 |  377.75      371.33
GET      /feed/{user_id}?with_fof=true                                                  56864 55938(98.37%) |      9       1    1084      4 |  189.68      186.59
POST     /likes                                                                          5665     0(0.00%) |      4       1      50      4 |   18.90        0.00
POST     /posts                                                                          8650 8497(98.23%) |      4       1      66      4 |   28.85       28.34
GET      /timeline/{user_id}                                                            70844 69735(98.43%) |      7       1    1096      4 |  236.31      232.61
GET      /users/{user_id}                                                               28249 27773(98.31%) |      7       2    1071      4 |   94.23       92.64
--------|----------------------------------------------------------------------------|-------|-------------|-------|-------|-------|-------|--------|-----------
         Aggregated                                                                    283517 273265(96.38%) |      7       1    1104      4 |  945.72      911.52

Response time percentiles (approximated)
Type     Name                                                                                  50%    66%    75%    80%    90%    95%    98%    99%  99.9% 99.99%   100% # reqs
--------|--------------------------------------------------------------------------------|--------|------|------|------|------|------|------|------|------|------|------|------
GET      /feed/{user_id}                                                                         4      4      5      6     15     27     45     61    160    980   1100 113245
GET      /feed/{user_id}?with_fof=true                                                           4      4      5      6     16     32     80    160    220    980   1100  56864
POST     /likes                                                                                  4      4      5      5      7      9     14     23     46     51     51   5665
POST     /posts                                                                                  4      4      5      5      7      9     14     26     45     67     67   8650
GET      /timeline/{user_id}                                                                     4      4      5      6     14     25     44     59    130    930   1100  70844
GET      /users/{user_id}                                                                        4      5      6      7     16     27     45     60    150    990   1100  28249
--------|--------------------------------------------------------------------------------|--------|------|------|------|------|------|------|------|------|------|------|------
         Aggregated                                                                              4      4      5      6     14     27     47     68    200    980   1100 283517

Error report
# occurrences      Error                                                                                               
------------------|---------------------------------------------------------------------------------------------------------------------------------------------
111322             GET /feed/{user_id}: HTTPError('404 Client Error: Not Found for url: /feed/{user_id}')              
69735              GET /timeline/{user_id}: HTTPError('404 Client Error: Not Found for url: /timeline/{user_id}')      
27773              GET /users/{user_id}: HTTPError('404 Client Error: Not Found for url: /users/{user_id}')            
55938              GET /feed/{user_id}?with_fof=true: HTTPError('404 Client Error: Not Found for url: /feed/{user_id}?with_fof=true')
8497               POST /posts: HTTPError('404 Client Error: Not Found for url: /posts')                               
------------------|---------------------------------------------------------------------------------------------------------------------------------------------


  → 300 utenti...
 Container ad2526-redis Running 
 Container ad2526-backend Running 
 Container ad2526-redis Waiting 
 Container ad2526-redis Healthy 
 Container ad-2526-locust-run-b91e3db40b0d Creating 
 Container ad-2526-locust-run-b91e3db40b0d Created 
[2026-06-16 06:44:11,038] 7ec03e05d639/INFO/locust.main: Starting Locust 2.32.3
[2026-06-16 06:44:11,039] 7ec03e05d639/INFO/locust.main: Run time limit set to 300 seconds
[2026-06-16 06:44:11,040] 7ec03e05d639/INFO/locust.runners: Ramping to 300 users at a rate of 20.00 per second
[2026-06-16 06:44:25,055] 7ec03e05d639/INFO/locust.runners: All users spawned: {"BrowsingUser": 300} (300 total users)
[2026-06-16 06:49:10,795] 7ec03e05d639/INFO/locust.main: --run-time limit reached, shutting down
[2026-06-16 06:49:10,850] 7ec03e05d639/INFO/locust.main: Shutting down (exit code 1)
Type     Name                                                                          # reqs      # fails |    Avg     Min     Max    Med |   req/s  failures/s
--------|----------------------------------------------------------------------------|-------|-------------|-------|-------|-------|-------|--------|-----------
GET      /feed/{user_id}                                                               160470 157842(98.36%) |     17       1    1772      6 |  535.26      526.49
GET      /feed/{user_id}?with_fof=true                                                  80414 79121(98.39%) |     19       1    1831      6 |  268.23      263.91
POST     /likes                                                                          8126     0(0.00%) |      7       2     326      6 |   27.10        0.00
POST     /posts                                                                         12318 12117(98.37%) |      8       2     148      6 |   41.09       40.42
GET      /timeline/{user_id}                                                           100516 98847(98.34%) |     17       1    1686      6 |  335.28      329.71
GET      /users/{user_id}                                                               40217 39561(98.37%) |     18       2    1759      7 |  134.15      131.96
--------|----------------------------------------------------------------------------|-------|-------------|-------|-------|-------|-------|--------|-----------
         Aggregated                                                                    402061 387488(96.38%) |     17       1    1831      6 | 1341.10     1292.49

Response time percentiles (approximated)
Type     Name                                                                                  50%    66%    75%    80%    90%    95%    98%    99%  99.9% 99.99%   100% # reqs
--------|--------------------------------------------------------------------------------|--------|------|------|------|------|------|------|------|------|------|------|------
GET      /feed/{user_id}                                                                         6      9     16     22     44     74    120    150    260   1300   1800 160470
GET      /feed/{user_id}?with_fof=true                                                           6      9     16     22     49     89    150    190    300   1500   1800  80414
POST     /likes                                                                                  6      7      8      9     13     20     34     45     79    330    330   8126
POST     /posts                                                                                  6      7      8      9     13     21     35     48     85    130    150  12318
GET      /timeline/{user_id}                                                                     6      9     15     20     44     73    120    150    260   1400   1700 100516
GET      /users/{user_id}                                                                        7     10     17     23     45     75    120    150    260   1300   1800  40217
--------|--------------------------------------------------------------------------------|--------|------|------|------|------|------|------|------|------|------|------|------
         Aggregated                                                                              6      9     15     20     43     74    120    160    270   1400   1800 402061

Error report
# occurrences      Error                                                                                               
------------------|---------------------------------------------------------------------------------------------------------------------------------------------
157825             GET /feed/{user_id}: HTTPError('404 Client Error: Not Found for url: /feed/{user_id}')              
39557              GET /users/{user_id}: HTTPError('404 Client Error: Not Found for url: /users/{user_id}')            
98838              GET /timeline/{user_id}: HTTPError('404 Client Error: Not Found for url: /timeline/{user_id}')      
12117              POST /posts: HTTPError('404 Client Error: Not Found for url: /posts')                               
79114              GET /feed/{user_id}?with_fof=true: HTTPError('404 Client Error: Not Found for url: /feed/{user_id}?with_fof=true')
17                 GET /feed/{user_id}: HTTPError('500 Server Error: Internal Server Error for url: /feed/{user_id}')  
7                  GET /feed/{user_id}?with_fof=true: HTTPError('500 Server Error: Internal Server Error for url: /feed/{user_id}?with_fof=true')
4                  GET /users/{user_id}: HTTPError('500 Server Error: Internal Server Error for url: /users/{user_id}')
9                  GET /timeline/{user_id}: HTTPError('500 Server Error: Internal Server Error for url: /timeline/{user_id}')
------------------|---------------------------------------------------------------------------------------------------------------------------------------------


  → 400 utenti...
 Container ad2526-redis Running 
 Container ad2526-backend Running 
 Container ad2526-redis Waiting 
 Container ad2526-redis Healthy 
 Container ad-2526-locust-run-6706985b09ae Creating 
 Container ad-2526-locust-run-6706985b09ae Created 
[2026-06-16 06:49:13,528] 826e046f600b/INFO/locust.main: Starting Locust 2.32.3
[2026-06-16 06:49:13,528] 826e046f600b/INFO/locust.main: Run time limit set to 300 seconds
[2026-06-16 06:49:13,529] 826e046f600b/INFO/locust.runners: Ramping to 400 users at a rate of 20.00 per second
[2026-06-16 06:49:32,557] 826e046f600b/INFO/locust.runners: All users spawned: {"BrowsingUser": 400} (400 total users)
[2026-06-16 06:49:38,536] 826e046f600b/WARNING/root: CPU usage above 90%! This may constrain your throughput and may even give inconsistent response time measurements! See https://docs.locust.io/en/stable/running-distributed.html for how to distribute the load over multiple CPU cores or machines
[2026-06-16 06:54:13,280] 826e046f600b/INFO/locust.main: --run-time limit reached, shutting down
[2026-06-16 06:54:13,391] 826e046f600b/WARNING/locust.runners: CPU usage was too high at some point during the test! See https://docs.locust.io/en/stable/running-distributed.html for how to distribute the load over multiple CPU cores or machines
[2026-06-16 06:54:13,391] 826e046f600b/INFO/locust.main: Shutting down (exit code 1)
Type     Name                                                                          # reqs      # fails |    Avg     Min     Max    Med |   req/s  failures/s
--------|----------------------------------------------------------------------------|-------|-------------|-------|-------|-------|-------|--------|-----------
GET      /feed/{user_id}                                                               179910 176976(98.37%) |     57       1    1244     20 |  599.99      590.20
GET      /feed/{user_id}?with_fof=true                                                  90006 88563(98.40%) |     59       1    1220     21 |  300.16      295.35
POST     /likes                                                                          9060     0(0.00%) |     24       2    1094     13 |   30.21        0.00
POST     /posts                                                                         13400 13203(98.53%) |     24       2     876     13 |   44.69       44.03
GET      /timeline/{user_id}                                                           111704 109891(98.38%) |     56       1    1223     20 |  372.53      366.48
GET      /users/{user_id}                                                               44833 44086(98.33%) |     58       2    1222     22 |  149.52      147.02
--------|----------------------------------------------------------------------------|-------|-------------|-------|-------|-------|-------|--------|-----------
         Aggregated                                                                    448913 432719(96.39%) |     56       1    1244     20 | 1497.09     1443.09

Response time percentiles (approximated)
Type     Name                                                                                  50%    66%    75%    80%    90%    95%    98%    99%  99.9% 99.99%   100% # reqs
--------|--------------------------------------------------------------------------------|--------|------|------|------|------|------|------|------|------|------|------|------
GET      /feed/{user_id}                                                                        20     44     71     95    170    240    300    340    470   1100   1200 179910
GET      /feed/{user_id}?with_fof=true                                                          21     45     76    100    180    250    310    340    620   1100   1200  90006
POST     /likes                                                                                 13     18     24     29     51     92    150    180    730   1100   1100   9060
POST     /posts                                                                                 13     19     25     30     52     92    150    180    290    800    880  13400
GET      /timeline/{user_id}                                                                    20     42     70     95    170    240    300    340    480   1100   1200 111704
GET      /users/{user_id}                                                                       22     44     72     96    170    240    300    340    490   1100   1200  44833
--------|--------------------------------------------------------------------------------|--------|------|------|------|------|------|------|------|------|------|------|------
         Aggregated                                                                             20     41     68     92    170    240    300    340    480   1100   1200 448913

Error report
# occurrences      Error                                                                                               
------------------|---------------------------------------------------------------------------------------------------------------------------------------------
109890             GET /timeline/{user_id}: HTTPError('404 Client Error: Not Found for url: /timeline/{user_id}')      
176968             GET /feed/{user_id}: HTTPError('404 Client Error: Not Found for url: /feed/{user_id}')              
88559              GET /feed/{user_id}?with_fof=true: HTTPError('404 Client Error: Not Found for url: /feed/{user_id}?with_fof=true')
44086              GET /users/{user_id}: HTTPError('404 Client Error: Not Found for url: /users/{user_id}')            
13203              POST /posts: HTTPError('404 Client Error: Not Found for url: /posts')                               
8                  GET /feed/{user_id}: HTTPError('500 Server Error: Internal Server Error for url: /feed/{user_id}')  
4                  GET /feed/{user_id}?with_fof=true: HTTPError('500 Server Error: Internal Server Error for url: /feed/{user_id}?with_fof=true')
1                  GET /timeline/{user_id}: HTTPError('500 Server Error: Internal Server Error for url: /timeline/{user_id}')
------------------|---------------------------------------------------------------------------------------------------------------------------------------------


  → 500 utenti...
 Container ad2526-redis Running 
 Container ad2526-backend Running 
 Container ad2526-redis Waiting 
 Container ad2526-redis Healthy 
 Container ad-2526-locust-run-e9c9354ec28d Creating 
 Container ad-2526-locust-run-e9c9354ec28d Created 
[2026-06-16 06:54:18,182] 5cd4decefe8e/INFO/locust.main: Starting Locust 2.32.3
[2026-06-16 06:54:18,183] 5cd4decefe8e/INFO/locust.main: Run time limit set to 300 seconds
[2026-06-16 06:54:18,184] 5cd4decefe8e/INFO/locust.runners: Ramping to 500 users at a rate of 20.00 per second
[2026-06-16 06:54:38,215] 5cd4decefe8e/WARNING/root: CPU usage above 90%! This may constrain your throughput and may even give inconsistent response time measurements! See https://docs.locust.io/en/stable/running-distributed.html for how to distribute the load over multiple CPU cores or machines
[2026-06-16 06:54:42,261] 5cd4decefe8e/INFO/locust.runners: All users spawned: {"BrowsingUser": 500} (500 total users)
[2026-06-16 06:59:17,747] 5cd4decefe8e/INFO/locust.main: --run-time limit reached, shutting down
[2026-06-16 06:59:18,008] 5cd4decefe8e/WARNING/locust.runners: CPU usage was too high at some point during the test! See https://docs.locust.io/en/stable/running-distributed.html for how to distribute the load over multiple CPU cores or machines
[2026-06-16 06:59:18,009] 5cd4decefe8e/INFO/locust.main: Shutting down (exit code 1)
Type     Name                                                                          # reqs      # fails |    Avg     Min     Max    Med |   req/s  failures/s
--------|----------------------------------------------------------------------------|-------|-------------|-------|-------|-------|-------|--------|-----------
GET      /feed/{user_id}                                                               199886 196626(98.37%) |     75       1    1594     63 |  666.70      655.83
GET      /feed/{user_id}?with_fof=true                                                 100979 99451(98.49%) |     77       1    1551     63 |  336.81      331.71
POST     /likes                                                                         10094     0(0.00%) |     55       2     894     52 |   33.67        0.00
POST     /posts                                                                         15089 14844(98.38%) |     55       2     742     53 |   50.33       49.51
GET      /timeline/{user_id}                                                           125306 123252(98.36%) |     75       1    1550     63 |  417.95      411.10
GET      /users/{user_id}                                                               50261 49439(98.36%) |     76       2    1522     64 |  167.64      164.90
--------|----------------------------------------------------------------------------|-------|-------------|-------|-------|-------|-------|--------|-----------
         Aggregated                                                                    501615 483612(96.41%) |     74       1    1594     62 | 1673.09     1613.04

Response time percentiles (approximated)
Type     Name                                                                                  50%    66%    75%    80%    90%    95%    98%    99%  99.9% 99.99%   100% # reqs
--------|--------------------------------------------------------------------------------|--------|------|------|------|------|------|------|------|------|------|------|------
GET      /feed/{user_id}                                                                        63     78     91    100    130    170    220    250    380   1400   1600 199886
GET      /feed/{user_id}?with_fof=true                                                          63     78     92    100    140    190    250    290    500   1400   1600 100979
POST     /likes                                                                                 53     61     68     72     86     99    110    130    180    890    890  10094
POST     /posts                                                                                 53     61     68     73     86     99    120    130    170    720    740  15089
GET      /timeline/{user_id}                                                                    63     77     90     99    130    170    220    250    410   1400   1600 125306
GET      /users/{user_id}                                                                       64     79     92    100    130    170    220    250    380   1400   1500  50261
--------|--------------------------------------------------------------------------------|--------|------|------|------|------|------|------|------|------|------|------|------
         Aggregated                                                                             62     77     89     99    130    170    220    260    420   1400   1600 501615

Error report
# occurrences      Error                                                                                               
------------------|---------------------------------------------------------------------------------------------------------------------------------------------
123240             GET /timeline/{user_id}: HTTPError('404 Client Error: Not Found for url: /timeline/{user_id}')      
196601             GET /feed/{user_id}: HTTPError('404 Client Error: Not Found for url: /feed/{user_id}')              
49433              GET /users/{user_id}: HTTPError('404 Client Error: Not Found for url: /users/{user_id}')            
99436              GET /feed/{user_id}?with_fof=true: HTTPError('404 Client Error: Not Found for url: /feed/{user_id}?with_fof=true')
14844              POST /posts: HTTPError('404 Client Error: Not Found for url: /posts')                               
25                 GET /feed/{user_id}: HTTPError('500 Server Error: Internal Server Error for url: /feed/{user_id}')  
12                 GET /timeline/{user_id}: HTTPError('500 Server Error: Internal Server Error for url: /timeline/{user_id}')
15                 GET /feed/{user_id}?with_fof=true: HTTPError('500 Server Error: Internal Server Error for url: /feed/{user_id}?with_fof=true')
6                  GET /users/{user_id}: HTTPError('500 Server Error: Internal Server Error for url: /users/{user_id}')
------------------|---------------------------------------------------------------------------------------------------------------------------------------------


  → 700 utenti...
 Container ad2526-redis Running 
 Container ad2526-backend Running 
 Container ad2526-redis Waiting 
 Container ad2526-redis Healthy 
 Container ad-2526-locust-run-bb0033a98e4c Creating 
 Container ad-2526-locust-run-bb0033a98e4c Created 
[2026-06-16 06:59:21,295] 4cfa40aba9f2/INFO/locust.main: Starting Locust 2.32.3
[2026-06-16 06:59:21,296] 4cfa40aba9f2/INFO/locust.main: Run time limit set to 300 seconds
[2026-06-16 06:59:21,297] 4cfa40aba9f2/INFO/locust.runners: Ramping to 700 users at a rate of 20.00 per second
[2026-06-16 06:59:41,309] 4cfa40aba9f2/WARNING/root: CPU usage above 90%! This may constrain your throughput and may even give inconsistent response time measurements! See https://docs.locust.io/en/stable/running-distributed.html for how to distribute the load over multiple CPU cores or machines
[2026-06-16 06:59:55,626] 4cfa40aba9f2/INFO/locust.runners: All users spawned: {"BrowsingUser": 700} (700 total users)
[2026-06-16 07:04:21,089] 4cfa40aba9f2/INFO/locust.main: --run-time limit reached, shutting down
[2026-06-16 07:04:21,551] 4cfa40aba9f2/WARNING/locust.runners: CPU usage was too high at some point during the test! See https://docs.locust.io/en/stable/running-distributed.html for how to distribute the load over multiple CPU cores or machines
[2026-06-16 07:04:21,551] 4cfa40aba9f2/INFO/locust.main: Shutting down (exit code 1)
Type     Name                                                                          # reqs      # fails |    Avg     Min     Max    Med |   req/s  failures/s
--------|----------------------------------------------------------------------------|-------|-------------|-------|-------|-------|-------|--------|-----------
GET      /feed/{user_id}                                                               188430 185484(98.44%) |    187       1     819    170 |  627.59      617.78
GET      /feed/{user_id}?with_fof=true                                                  94296 92835(98.45%) |    190       1     905    170 |  314.06      309.20
POST     /likes                                                                          9431     0(0.00%) |    148       2     383    150 |   31.41        0.00
POST     /posts                                                                         14273 14061(98.51%) |    147       2     469    150 |   47.54       46.83
GET      /timeline/{user_id}                                                           117547 115640(98.38%) |    187       1     939    170 |  391.51      385.15
GET      /users/{user_id}                                                               47070 46324(98.42%) |    190       2     739    170 |  156.77      154.29
--------|----------------------------------------------------------------------------|-------|-------------|-------|-------|-------|-------|--------|-----------
         Aggregated                                                                    471047 454344(96.45%) |    186       1     939    170 | 1568.88     1513.25

Response time percentiles (approximated)
Type     Name                                                                                  50%    66%    75%    80%    90%    95%    98%    99%  99.9% 99.99%   100% # reqs
--------|--------------------------------------------------------------------------------|--------|------|------|------|------|------|------|------|------|------|------|------
GET      /feed/{user_id}                                                                       170    200    230    240    300    370    440    480    610    720    820 188430
GET      /feed/{user_id}?with_fof=true                                                         170    200    230    250    320    390    460    500    650    790    910  94296
POST     /likes                                                                                150    160    170    180    210    230    260    280    350    380    380   9431
POST     /posts                                                                                150    160    170    180    210    230    250    270    350    450    470  14273
GET      /timeline/{user_id}                                                                   170    200    230    240    310    370    440    480    610    750    940 117547
GET      /users/{user_id}                                                                      170    210    230    250    310    370    440    490    610    710    740  47070
--------|--------------------------------------------------------------------------------|--------|------|------|------|------|------|------|------|------|------|------|------
         Aggregated                                                                            170    200    220    240    300    370    440    480    620    740    940 471047

Error report
# occurrences      Error                                                                                               
------------------|---------------------------------------------------------------------------------------------------------------------------------------------
92835              GET /feed/{user_id}?with_fof=true: HTTPError('404 Client Error: Not Found for url: /feed/{user_id}?with_fof=true')
185484             GET /feed/{user_id}: HTTPError('404 Client Error: Not Found for url: /feed/{user_id}')              
115640             GET /timeline/{user_id}: HTTPError('404 Client Error: Not Found for url: /timeline/{user_id}')      
14061              POST /posts: HTTPError('404 Client Error: Not Found for url: /posts')                               
46324              GET /users/{user_id}: HTTPError('404 Client Error: Not Found for url: /users/{user_id}')            
------------------|---------------------------------------------------------------------------------------------------------------------------------------------



==============================
 Strategia: cache_aside
==============================
 Container ad2526-redis Running 
 Container ad2526-backend Recreate 
 Container ad2526-backend Recreated 
 Container ad2526-redis Waiting 
 Container ad2526-redis Healthy 
 Container ad2526-backend Starting 
 Container ad2526-backend Started 
  → 10 utenti...
 Container ad2526-redis Running 
 Container ad2526-backend Running 
 Container ad2526-redis Waiting 
 Container ad2526-redis Healthy 
 Container ad-2526-locust-run-921d64673399 Creating 
 Container ad-2526-locust-run-921d64673399 Created 
[2026-06-16 07:04:32,399] 267db059c722/INFO/locust.main: Starting Locust 2.32.3
[2026-06-16 07:04:32,400] 267db059c722/INFO/locust.main: Run time limit set to 300 seconds
[2026-06-16 07:04:32,400] 267db059c722/INFO/locust.runners: Ramping to 10 users at a rate of 20.00 per second
[2026-06-16 07:04:32,401] 267db059c722/INFO/locust.runners: All users spawned: {"BrowsingUser": 10} (10 total users)
[2026-06-16 07:09:32,161] 267db059c722/INFO/locust.main: --run-time limit reached, shutting down
[2026-06-16 07:09:32,187] 267db059c722/INFO/locust.main: Shutting down (exit code 1)
Type     Name                                                                          # reqs      # fails |    Avg     Min     Max    Med |   req/s  failures/s
--------|----------------------------------------------------------------------------|-------|-------------|-------|-------|-------|-------|--------|-----------
GET      /feed/{user_id}                                                                 5982 5879(98.28%) |      3       1      27      3 |   19.96       19.61
GET      /feed/{user_id}?with_fof=true                                                   2900 2846(98.14%) |      4       2     178      3 |    9.68        9.50
POST     /likes                                                                           334     0(0.00%) |      3       2       6      3 |    1.11        0.00
POST     /posts                                                                           445  444(99.78%) |      3       2      18      3 |    1.48        1.48
GET      /timeline/{user_id}                                                             3665 3602(98.28%) |      3       1      29      3 |   12.23       12.02
GET      /users/{user_id}                                                                1416 1392(98.31%) |      3       2      29      4 |    4.72        4.64
--------|----------------------------------------------------------------------------|-------|-------------|-------|-------|-------|-------|--------|-----------
         Aggregated                                                                     14742 14163(96.07%) |      3       1     178      3 |   49.18       47.25

Response time percentiles (approximated)
Type     Name                                                                                  50%    66%    75%    80%    90%    95%    98%    99%  99.9% 99.99%   100% # reqs
--------|--------------------------------------------------------------------------------|--------|------|------|------|------|------|------|------|------|------|------|------
GET      /feed/{user_id}                                                                         3      3      3      3      4      4      4      5     26     28     28   5982
GET      /feed/{user_id}?with_fof=true                                                           3      3      3      3      4      4      4      5    170    180    180   2900
POST     /likes                                                                                  3      3      4      4      4      4      5      5      6      6      6    334
POST     /posts                                                                                  3      3      4      4      4      4      4      5     19     19     19    445
GET      /timeline/{user_id}                                                                     3      3      3      3      4      4      4      5     20     30     30   3665
GET      /users/{user_id}                                                                        4      4      4      4      4      4      5      6     21     29     29   1416
--------|--------------------------------------------------------------------------------|--------|------|------|------|------|------|------|------|------|------|------|------
         Aggregated                                                                              3      3      3      3      4      4      4      5    120    180    180  14742

Error report
# occurrences      Error                                                                                               
------------------|---------------------------------------------------------------------------------------------------------------------------------------------
3602               GET /timeline/{user_id}: HTTPError('404 Client Error: Not Found for url: /timeline/{user_id}')      
1392               GET /users/{user_id}: HTTPError('404 Client Error: Not Found for url: /users/{user_id}')            
5879               GET /feed/{user_id}: HTTPError('404 Client Error: Not Found for url: /feed/{user_id}')              
2846               GET /feed/{user_id}?with_fof=true: HTTPError('404 Client Error: Not Found for url: /feed/{user_id}?with_fof=true')
444                POST /posts: HTTPError('404 Client Error: Not Found for url: /posts')                               
------------------|---------------------------------------------------------------------------------------------------------------------------------------------


  → 25 utenti...
 Container ad2526-redis Running 
 Container ad2526-backend Running 
 Container ad2526-redis Waiting 
 Container ad2526-redis Healthy 
 Container ad-2526-locust-run-9d1bf9b0c590 Creating 
 Container ad-2526-locust-run-9d1bf9b0c590 Created 
[2026-06-16 07:09:34,386] 1ef65284a62f/INFO/locust.main: Starting Locust 2.32.3
[2026-06-16 07:09:34,386] 1ef65284a62f/INFO/locust.main: Run time limit set to 300 seconds
[2026-06-16 07:09:34,387] 1ef65284a62f/INFO/locust.runners: Ramping to 25 users at a rate of 20.00 per second
[2026-06-16 07:09:35,389] 1ef65284a62f/INFO/locust.runners: All users spawned: {"BrowsingUser": 25} (25 total users)
[2026-06-16 07:14:34,148] 1ef65284a62f/INFO/locust.main: --run-time limit reached, shutting down
[2026-06-16 07:14:34,176] 1ef65284a62f/INFO/locust.main: Shutting down (exit code 1)
Type     Name                                                                          # reqs      # fails |    Avg     Min     Max    Med |   req/s  failures/s
--------|----------------------------------------------------------------------------|-------|-------------|-------|-------|-------|-------|--------|-----------
GET      /feed/{user_id}                                                                14882 14648(98.43%) |      2       1      30      3 |   49.65       48.87
GET      /feed/{user_id}?with_fof=true                                                   7400 7277(98.34%) |      3       1     185      3 |   24.69       24.28
POST     /likes                                                                           682     0(0.00%) |      3       1      15      3 |    2.28        0.00
POST     /posts                                                                          1094 1071(97.90%) |      3       1      24      3 |    3.65        3.57
GET      /timeline/{user_id}                                                             9016 8870(98.38%) |      2       1      24      3 |   30.08       29.59
GET      /users/{user_id}                                                                3764 3699(98.27%) |      3       1      27      3 |   12.56       12.34
--------|----------------------------------------------------------------------------|-------|-------------|-------|-------|-------|-------|--------|-----------
         Aggregated                                                                     36838 35565(96.54%) |      2       1     185      3 |  122.89      118.65

Response time percentiles (approximated)
Type     Name                                                                                  50%    66%    75%    80%    90%    95%    98%    99%  99.9% 99.99%   100% # reqs
--------|--------------------------------------------------------------------------------|--------|------|------|------|------|------|------|------|------|------|------|------
GET      /feed/{user_id}                                                                         3      3      3      3      3      4      4      4     24     31     31  14882
GET      /feed/{user_id}?with_fof=true                                                           3      3      3      3      3      4      4      4    150    190    190   7400
POST     /likes                                                                                  3      3      3      3      4      4      4      4     16     16     16    682
POST     /posts                                                                                  3      3      3      3      4      4      4      5     21     25     25   1094
GET      /timeline/{user_id}                                                                     3      3      3      3      3      4      4      4     15     25     25   9016
GET      /users/{user_id}                                                                        3      3      3      4      4      4      4      5     14     28     28   3764
--------|--------------------------------------------------------------------------------|--------|------|------|------|------|------|------|------|------|------|------|------
         Aggregated                                                                              3      3      3      3      3      4      4      4     24    160    190  36838

Error report
# occurrences      Error                                                                                               
------------------|---------------------------------------------------------------------------------------------------------------------------------------------
14648              GET /feed/{user_id}: HTTPError('404 Client Error: Not Found for url: /feed/{user_id}')              
7277               GET /feed/{user_id}?with_fof=true: HTTPError('404 Client Error: Not Found for url: /feed/{user_id}?with_fof=true')
8870               GET /timeline/{user_id}: HTTPError('404 Client Error: Not Found for url: /timeline/{user_id}')      
3699               GET /users/{user_id}: HTTPError('404 Client Error: Not Found for url: /users/{user_id}')            
1071               POST /posts: HTTPError('404 Client Error: Not Found for url: /posts')                               
------------------|---------------------------------------------------------------------------------------------------------------------------------------------


  → 50 utenti...
 Container ad2526-redis Running 
 Container ad2526-backend Running 
 Container ad2526-redis Waiting 
 Container ad2526-redis Healthy 
 Container ad-2526-locust-run-a51c007f24cb Creating 
 Container ad-2526-locust-run-a51c007f24cb Created 
[2026-06-16 07:14:36,105] 023cc9d92292/INFO/locust.main: Starting Locust 2.32.3
[2026-06-16 07:14:36,106] 023cc9d92292/INFO/locust.main: Run time limit set to 300 seconds
[2026-06-16 07:14:36,107] 023cc9d92292/INFO/locust.runners: Ramping to 50 users at a rate of 20.00 per second
[2026-06-16 07:14:38,109] 023cc9d92292/INFO/locust.runners: All users spawned: {"BrowsingUser": 50} (50 total users)
[2026-06-16 07:19:35,864] 023cc9d92292/INFO/locust.main: --run-time limit reached, shutting down
[2026-06-16 07:19:35,892] 023cc9d92292/INFO/locust.main: Shutting down (exit code 1)
Type     Name                                                                          # reqs      # fails |    Avg     Min     Max    Med |   req/s  failures/s
--------|----------------------------------------------------------------------------|-------|-------------|-------|-------|-------|-------|--------|-----------
GET      /feed/{user_id}                                                                29190 28723(98.40%) |      2       1      43      3 |   97.38       95.82
GET      /feed/{user_id}?with_fof=true                                                  14753 14510(98.35%) |      3       1     175      3 |   49.22       48.41
POST     /likes                                                                          1414     0(0.00%) |      3       1      29      3 |    4.72        0.00
POST     /posts                                                                          2168 2123(97.92%) |      3       2      24      3 |    7.23        7.08
GET      /timeline/{user_id}                                                            18494 18179(98.30%) |      2       1      40      3 |   61.70       60.65
GET      /users/{user_id}                                                                7491 7377(98.48%) |      3       1      52      3 |   24.99       24.61
--------|----------------------------------------------------------------------------|-------|-------------|-------|-------|-------|-------|--------|-----------
         Aggregated                                                                     73510 70912(96.47%) |      2       1     175      3 |  245.23      236.57

Response time percentiles (approximated)
Type     Name                                                                                  50%    66%    75%    80%    90%    95%    98%    99%  99.9% 99.99%   100% # reqs
--------|--------------------------------------------------------------------------------|--------|------|------|------|------|------|------|------|------|------|------|------
GET      /feed/{user_id}                                                                         3      3      3      3      3      4      4      5     24     40     44  29190
GET      /feed/{user_id}?with_fof=true                                                           3      3      3      3      3      4      4      5    140    180    180  14753
POST     /likes                                                                                  3      3      3      3      4      4      4      5     28     29     29   1414
POST     /posts                                                                                  3      3      3      3      4      4      4      5     14     25     25   2168
GET      /timeline/{user_id}                                                                     3      3      3      3      3      4      4      5     21     36     40  18494
GET      /users/{user_id}                                                                        3      3      3      3      4      4      5      5     24     52     52   7491
--------|--------------------------------------------------------------------------------|--------|------|------|------|------|------|------|------|------|------|------|------
         Aggregated                                                                              3      3      3      3      3      4      4      5     27    170    180  73510

Error report
# occurrences      Error                                                                                               
------------------|---------------------------------------------------------------------------------------------------------------------------------------------
18179              GET /timeline/{user_id}: HTTPError('404 Client Error: Not Found for url: /timeline/{user_id}')      
28723              GET /feed/{user_id}: HTTPError('404 Client Error: Not Found for url: /feed/{user_id}')              
14510              GET /feed/{user_id}?with_fof=true: HTTPError('404 Client Error: Not Found for url: /feed/{user_id}?with_fof=true')
7377               GET /users/{user_id}: HTTPError('404 Client Error: Not Found for url: /users/{user_id}')            
2123               POST /posts: HTTPError('404 Client Error: Not Found for url: /posts')                               
------------------|---------------------------------------------------------------------------------------------------------------------------------------------


  → 75 utenti...
 Container ad2526-redis Running 
 Container ad2526-backend Running 
 Container ad2526-redis Waiting 
 Container ad2526-redis Healthy 
 Container ad-2526-locust-run-d468bb153ab0 Creating 
 Container ad-2526-locust-run-d468bb153ab0 Created 
[2026-06-16 07:19:37,794] 98dcb14faf17/INFO/locust.main: Starting Locust 2.32.3
[2026-06-16 07:19:37,795] 98dcb14faf17/INFO/locust.main: Run time limit set to 300 seconds
[2026-06-16 07:19:37,796] 98dcb14faf17/INFO/locust.runners: Ramping to 75 users at a rate of 20.00 per second
[2026-06-16 07:19:40,799] 98dcb14faf17/INFO/locust.runners: All users spawned: {"BrowsingUser": 75} (75 total users)
[2026-06-16 07:24:37,553] 98dcb14faf17/INFO/locust.main: --run-time limit reached, shutting down
[2026-06-16 07:24:37,595] 98dcb14faf17/INFO/locust.main: Shutting down (exit code 1)
Type     Name                                                                          # reqs      # fails |    Avg     Min     Max    Med |   req/s  failures/s
--------|----------------------------------------------------------------------------|-------|-------------|-------|-------|-------|-------|--------|-----------
GET      /feed/{user_id}                                                                43993 43293(98.41%) |      3       1      69      3 |  146.74      144.41
GET      /feed/{user_id}?with_fof=true                                                  21958 21624(98.48%) |      3       1     189      3 |   73.24       72.13
POST     /likes                                                                          2182     0(0.00%) |      3       1      30      3 |    7.28        0.00
POST     /posts                                                                          3170 3111(98.14%) |      3       1      29      3 |   10.57       10.38
GET      /timeline/{user_id}                                                            27391 26940(98.35%) |      3       1      65      3 |   91.37       89.86
GET      /users/{user_id}                                                               11085 10901(98.34%) |      3       1      57      3 |   36.98       36.36
--------|----------------------------------------------------------------------------|-------|-------------|-------|-------|-------|-------|--------|-----------
         Aggregated                                                                    109779 105869(96.44%) |      3       1     189      3 |  366.18      353.14

Response time percentiles (approximated)
Type     Name                                                                                  50%    66%    75%    80%    90%    95%    98%    99%  99.9% 99.99%   100% # reqs
--------|--------------------------------------------------------------------------------|--------|------|------|------|------|------|------|------|------|------|------|------
GET      /feed/{user_id}                                                                         3      3      3      3      4      5     12     20     46     60     69  43993
GET      /feed/{user_id}?with_fof=true                                                           3      3      3      3      4      5     12     19    130    180    190  21958
POST     /likes                                                                                  3      3      3      4      4      5      6     11     27     30     30   2182
POST     /posts                                                                                  3      3      3      4      4      5      6      8     25     30     30   3170
GET      /timeline/{user_id}                                                                     3      3      3      3      4      5     12     18     45     58     65  27391
GET      /users/{user_id}                                                                        3      3      4      4      5      6     15     22     45     57     57  11085
--------|--------------------------------------------------------------------------------|--------|------|------|------|------|------|------|------|------|------|------|------
         Aggregated                                                                              3      3      3      3      4      5     12     19     46    160    190 109779

Error report
# occurrences      Error                                                                                               
------------------|---------------------------------------------------------------------------------------------------------------------------------------------
26940              GET /timeline/{user_id}: HTTPError('404 Client Error: Not Found for url: /timeline/{user_id}')      
43293              GET /feed/{user_id}: HTTPError('404 Client Error: Not Found for url: /feed/{user_id}')              
3111               POST /posts: HTTPError('404 Client Error: Not Found for url: /posts')                               
21624              GET /feed/{user_id}?with_fof=true: HTTPError('404 Client Error: Not Found for url: /feed/{user_id}?with_fof=true')
10901              GET /users/{user_id}: HTTPError('404 Client Error: Not Found for url: /users/{user_id}')            
------------------|---------------------------------------------------------------------------------------------------------------------------------------------


  → 100 utenti...
 Container ad2526-redis Running 
 Container ad2526-backend Running 
 Container ad2526-redis Waiting 
 Container ad2526-redis Healthy 
 Container ad-2526-locust-run-a5d4e13abb99 Creating 
 Container ad-2526-locust-run-a5d4e13abb99 Created 
[2026-06-16 07:24:39,825] 680c643fb693/INFO/locust.main: Starting Locust 2.32.3
[2026-06-16 07:24:39,825] 680c643fb693/INFO/locust.main: Run time limit set to 300 seconds
[2026-06-16 07:24:39,826] 680c643fb693/INFO/locust.runners: Ramping to 100 users at a rate of 20.00 per second
[2026-06-16 07:24:43,831] 680c643fb693/INFO/locust.runners: All users spawned: {"BrowsingUser": 100} (100 total users)
[2026-06-16 07:29:39,585] 680c643fb693/INFO/locust.main: --run-time limit reached, shutting down
[2026-06-16 07:29:39,617] 680c643fb693/INFO/locust.main: Shutting down (exit code 1)
Type     Name                                                                          # reqs      # fails |    Avg     Min     Max    Med |   req/s  failures/s
--------|----------------------------------------------------------------------------|-------|-------------|-------|-------|-------|-------|--------|-----------
GET      /feed/{user_id}                                                                58458 57475(98.32%) |      3       1      65      3 |  195.02      191.74
GET      /feed/{user_id}?with_fof=true                                                  29288 28860(98.54%) |      3       1     196      3 |   97.71       96.28
POST     /likes                                                                          2962     0(0.00%) |      3       1      31      3 |    9.88        0.00
POST     /posts                                                                          4299 4234(98.49%) |      3       1      36      3 |   14.34       14.12
GET      /timeline/{user_id}                                                            36488 35910(98.42%) |      3       1      66      3 |  121.73      119.80
GET      /users/{user_id}                                                               14501 14277(98.46%) |      3       1      62      3 |   48.38       47.63
--------|----------------------------------------------------------------------------|-------|-------------|-------|-------|-------|-------|--------|-----------
         Aggregated                                                                    145996 140756(96.41%) |      3       1     196      3 |  487.05      469.57

Response time percentiles (approximated)
Type     Name                                                                                  50%    66%    75%    80%    90%    95%    98%    99%  99.9% 99.99%   100% # reqs
--------|--------------------------------------------------------------------------------|--------|------|------|------|------|------|------|------|------|------|------|------
GET      /feed/{user_id}                                                                         3      3      3      3      4      5     10     17     41     60     65  58458
GET      /feed/{user_id}?with_fof=true                                                           3      3      3      3      4      5     10     18     93    180    200  29288
POST     /likes                                                                                  3      3      4      4      4      5      6      7     30     32     32   2962
POST     /posts                                                                                  3      3      4      4      4      5      6      9     27     36     36   4299
GET      /timeline/{user_id}                                                                     3      3      3      3      4      5     10     16     42     63     67  36488
GET      /users/{user_id}                                                                        3      4      4      4      5      5     12     18     43     61     62  14501
--------|--------------------------------------------------------------------------------|--------|------|------|------|------|------|------|------|------|------|------|------
         Aggregated                                                                              3      3      3      3      4      5      9     17     44    150    200 145996

Error report
# occurrences      Error                                                                                               
------------------|---------------------------------------------------------------------------------------------------------------------------------------------
35910              GET /timeline/{user_id}: HTTPError('404 Client Error: Not Found for url: /timeline/{user_id}')      
28860              GET /feed/{user_id}?with_fof=true: HTTPError('404 Client Error: Not Found for url: /feed/{user_id}?with_fof=true')
57475              GET /feed/{user_id}: HTTPError('404 Client Error: Not Found for url: /feed/{user_id}')              
14277              GET /users/{user_id}: HTTPError('404 Client Error: Not Found for url: /users/{user_id}')            
4234               POST /posts: HTTPError('404 Client Error: Not Found for url: /posts')                               
------------------|---------------------------------------------------------------------------------------------------------------------------------------------


  → 150 utenti...
 Container ad2526-redis Running 
 Container ad2526-backend Running 
 Container ad2526-redis Waiting 
 Container ad2526-redis Healthy 
 Container ad-2526-locust-run-4781c6d46d83 Creating 
 Container ad-2526-locust-run-4781c6d46d83 Created 
[2026-06-16 07:29:41,838] 9a88cc20c715/INFO/locust.main: Starting Locust 2.32.3
[2026-06-16 07:29:41,839] 9a88cc20c715/INFO/locust.main: Run time limit set to 300 seconds
[2026-06-16 07:29:41,840] 9a88cc20c715/INFO/locust.runners: Ramping to 150 users at a rate of 20.00 per second
[2026-06-16 07:29:48,848] 9a88cc20c715/INFO/locust.runners: All users spawned: {"BrowsingUser": 150} (150 total users)
[2026-06-16 07:34:41,598] 9a88cc20c715/INFO/locust.main: --run-time limit reached, shutting down
[2026-06-16 07:34:41,633] 9a88cc20c715/INFO/locust.main: Shutting down (exit code 1)
Type     Name                                                                          # reqs      # fails |    Avg     Min     Max    Med |   req/s  failures/s
--------|----------------------------------------------------------------------------|-------|-------------|-------|-------|-------|-------|--------|-----------
GET      /feed/{user_id}                                                                86423 85037(98.40%) |      4       1     127      3 |  288.31      283.69
GET      /feed/{user_id}?with_fof=true                                                  43237 42527(98.36%) |      5       1     204      3 |  144.24      141.87
POST     /likes                                                                          4301     0(0.00%) |      4       1      45      3 |   14.35        0.00
POST     /posts                                                                          6540 6419(98.15%) |      4       1      48      3 |   21.82       21.41
GET      /timeline/{user_id}                                                            54086 53223(98.40%) |      4       1     113      3 |  180.43      177.55
GET      /users/{user_id}                                                               21947 21584(98.35%) |      5       1     108      4 |   73.22       72.01
--------|----------------------------------------------------------------------------|-------|-------------|-------|-------|-------|-------|--------|-----------
         Aggregated                                                                    216534 208790(96.42%) |      5       1     204      3 |  722.37      696.53

Response time percentiles (approximated)
Type     Name                                                                                  50%    66%    75%    80%    90%    95%    98%    99%  99.9% 99.99%   100% # reqs
--------|--------------------------------------------------------------------------------|--------|------|------|------|------|------|------|------|------|------|------|------
GET      /feed/{user_id}                                                                         3      4      4      4      7     16     30     42     74    110    130  86423
GET      /feed/{user_id}?with_fof=true                                                           3      4      4      4      7     16     31     44     99    190    200  43237
POST     /likes                                                                                  3      4      4      5      6      7     10     17     34     45     45   4301
POST     /posts                                                                                  3      4      4      5      6      7     10     20     34     49     49   6540
GET      /timeline/{user_id}                                                                     3      4      4      4      6     16     30     42     76    100    110  54086
GET      /users/{user_id}                                                                        4      4      5      5     10     19     32     45     80    100    110  21947
--------|--------------------------------------------------------------------------------|--------|------|------|------|------|------|------|------|------|------|------|------
         Aggregated                                                                              3      4      4      4      7     16     30     42     79    150    200 216534

Error report
# occurrences      Error                                                                                               
------------------|---------------------------------------------------------------------------------------------------------------------------------------------
85037              GET /feed/{user_id}: HTTPError('404 Client Error: Not Found for url: /feed/{user_id}')              
53223              GET /timeline/{user_id}: HTTPError('404 Client Error: Not Found for url: /timeline/{user_id}')      
6419               POST /posts: HTTPError('404 Client Error: Not Found for url: /posts')                               
42527              GET /feed/{user_id}?with_fof=true: HTTPError('404 Client Error: Not Found for url: /feed/{user_id}?with_fof=true')
21584              GET /users/{user_id}: HTTPError('404 Client Error: Not Found for url: /users/{user_id}')            
------------------|---------------------------------------------------------------------------------------------------------------------------------------------


  → 200 utenti...
 Container ad2526-redis Running 
 Container ad2526-backend Running 
 Container ad2526-redis Waiting 
 Container ad2526-redis Healthy 
 Container ad-2526-locust-run-87ed78b15076 Creating 
 Container ad-2526-locust-run-87ed78b15076 Created 
[2026-06-16 07:34:44,017] 40f397c8a930/INFO/locust.main: Starting Locust 2.32.3
[2026-06-16 07:34:44,017] 40f397c8a930/INFO/locust.main: Run time limit set to 300 seconds
[2026-06-16 07:34:44,018] 40f397c8a930/INFO/locust.runners: Ramping to 200 users at a rate of 20.00 per second
[2026-06-16 07:34:53,027] 40f397c8a930/INFO/locust.runners: All users spawned: {"BrowsingUser": 200} (200 total users)
[2026-06-16 07:39:43,777] 40f397c8a930/INFO/locust.main: --run-time limit reached, shutting down
[2026-06-16 07:39:43,818] 40f397c8a930/INFO/locust.main: Shutting down (exit code 1)
Type     Name                                                                          # reqs      # fails |    Avg     Min     Max    Med |   req/s  failures/s
--------|----------------------------------------------------------------------------|-------|-------------|-------|-------|-------|-------|--------|-----------
GET      /feed/{user_id}                                                               113620 111788(98.39%) |      6       1     157      4 |  378.99      372.88
GET      /feed/{user_id}?with_fof=true                                                  57513 56640(98.48%) |      6       1     204      4 |  191.84      188.93
POST     /likes                                                                          5579     0(0.00%) |      4       1      97      4 |   18.61        0.00
POST     /posts                                                                          8477 8339(98.37%) |      4       1      75      4 |   28.28       27.82
GET      /timeline/{user_id}                                                            71121 70000(98.42%) |      6       1     209      4 |  237.23      233.49
GET      /users/{user_id}                                                               28623 28181(98.46%) |      7       1     159      4 |   95.48       94.00
--------|----------------------------------------------------------------------------|-------|-------------|-------|-------|-------|-------|--------|-----------
         Aggregated                                                                    284933 274948(96.50%) |      6       1     209      4 |  950.43      917.13

Response time percentiles (approximated)
Type     Name                                                                                  50%    66%    75%    80%    90%    95%    98%    99%  99.9% 99.99%   100% # reqs
--------|--------------------------------------------------------------------------------|--------|------|------|------|------|------|------|------|------|------|------|------
GET      /feed/{user_id}                                                                         4      4      5      5     12     24     46     64    110    140    160 113620
GET      /feed/{user_id}?with_fof=true                                                           4      4      5      5     13     25     47     66    120    190    200  57513
POST     /likes                                                                                  4      4      5      5      7      9     16     27     50     97     97   5579
POST     /posts                                                                                  4      4      5      5      7      9     17     28     47     76     76   8477
GET      /timeline/{user_id}                                                                     4      4      5      5     13     24     46     65    110    140    210  71121
GET      /users/{user_id}                                                                        4      5      6      7     15     26     47     63    110    150    160  28623
--------|--------------------------------------------------------------------------------|--------|------|------|------|------|------|------|------|------|------|------|------
         Aggregated                                                                              4      4      5      6     12     24     45     63    110    150    210 284933

Error report
# occurrences      Error                                                                                               
------------------|---------------------------------------------------------------------------------------------------------------------------------------------
111788             GET /feed/{user_id}: HTTPError('404 Client Error: Not Found for url: /feed/{user_id}')              
70000              GET /timeline/{user_id}: HTTPError('404 Client Error: Not Found for url: /timeline/{user_id}')      
56640              GET /feed/{user_id}?with_fof=true: HTTPError('404 Client Error: Not Found for url: /feed/{user_id}?with_fof=true')
28181              GET /users/{user_id}: HTTPError('404 Client Error: Not Found for url: /users/{user_id}')            
8339               POST /posts: HTTPError('404 Client Error: Not Found for url: /posts')                               
------------------|---------------------------------------------------------------------------------------------------------------------------------------------


  → 300 utenti...
 Container ad2526-redis Running 
 Container ad2526-backend Running 
 Container ad2526-redis Waiting 
 Container ad2526-redis Healthy 
 Container ad-2526-locust-run-0039d0a544c4 Creating 
 Container ad-2526-locust-run-0039d0a544c4 Created 
[2026-06-16 07:39:46,304] d05a5361b9e7/INFO/locust.main: Starting Locust 2.32.3
[2026-06-16 07:39:46,305] d05a5361b9e7/INFO/locust.main: Run time limit set to 300 seconds
[2026-06-16 07:39:46,305] d05a5361b9e7/INFO/locust.runners: Ramping to 300 users at a rate of 20.00 per second
[2026-06-16 07:40:00,323] d05a5361b9e7/INFO/locust.runners: All users spawned: {"BrowsingUser": 300} (300 total users)
[2026-06-16 07:44:46,068] d05a5361b9e7/INFO/locust.main: --run-time limit reached, shutting down
[2026-06-16 07:44:46,120] d05a5361b9e7/INFO/locust.main: Shutting down (exit code 1)
Type     Name                                                                          # reqs      # fails |    Avg     Min     Max    Med |   req/s  failures/s
--------|----------------------------------------------------------------------------|-------|-------------|-------|-------|-------|-------|--------|-----------
GET      /feed/{user_id}                                                               162287 159730(98.42%) |     15       1    1020      6 |  541.31      532.78
GET      /feed/{user_id}?with_fof=true                                                  81352 80023(98.37%) |     15       1     993      6 |  271.35      266.92
POST     /likes                                                                          8094     0(0.00%) |      7       2     111      6 |   27.00        0.00
POST     /posts                                                                         12133 11946(98.46%) |      8       2     234      6 |   40.47       39.85
GET      /timeline/{user_id}                                                           101630 100045(98.44%) |     15       1    1002      6 |  338.99      333.70
GET      /users/{user_id}                                                               40505 39784(98.22%) |     17       2     886      7 |  135.11      132.70
--------|----------------------------------------------------------------------------|-------|-------------|-------|-------|-------|-------|--------|-----------
         Aggregated                                                                    406001 391528(96.44%) |     15       1    1020      6 | 1354.22     1305.95

Response time percentiles (approximated)
Type     Name                                                                                  50%    66%    75%    80%    90%    95%    98%    99%  99.9% 99.99%   100% # reqs
--------|--------------------------------------------------------------------------------|--------|------|------|------|------|------|------|------|------|------|------|------
GET      /feed/{user_id}                                                                         6      8     13     19     41     69    110    140    210    850   1000 162287
GET      /feed/{user_id}?with_fof=true                                                           6      8     13     18     41     68    110    130    210    770    990  81352
POST     /likes                                                                                  6      7      8     10     14     21     34     46     68    110    110   8094
POST     /posts                                                                                  6      7      8      9     14     20     36     49     80    100    230  12133
GET      /timeline/{user_id}                                                                     6      8     13     18     41     69    110    130    210    740   1000 101630
GET      /users/{user_id}                                                                        7     10     17     22     43     72    110    140    210    660    890  40505
--------|--------------------------------------------------------------------------------|--------|------|------|------|------|------|------|------|------|------|------|------
         Aggregated                                                                              6      8     13     18     39     67    110    130    210    760   1000 406001

Error report
# occurrences      Error                                                                                               
------------------|---------------------------------------------------------------------------------------------------------------------------------------------
159722             GET /feed/{user_id}: HTTPError('404 Client Error: Not Found for url: /feed/{user_id}')              
100041             GET /timeline/{user_id}: HTTPError('404 Client Error: Not Found for url: /timeline/{user_id}')      
39781              GET /users/{user_id}: HTTPError('404 Client Error: Not Found for url: /users/{user_id}')            
80018              GET /feed/{user_id}?with_fof=true: HTTPError('404 Client Error: Not Found for url: /feed/{user_id}?with_fof=true')
11946              POST /posts: HTTPError('404 Client Error: Not Found for url: /posts')                               
8                  GET /feed/{user_id}: HTTPError('500 Server Error: Internal Server Error for url: /feed/{user_id}')  
5                  GET /feed/{user_id}?with_fof=true: HTTPError('500 Server Error: Internal Server Error for url: /feed/{user_id}?with_fof=true')
3                  GET /users/{user_id}: HTTPError('500 Server Error: Internal Server Error for url: /users/{user_id}')
4                  GET /timeline/{user_id}: HTTPError('500 Server Error: Internal Server Error for url: /timeline/{user_id}')
------------------|---------------------------------------------------------------------------------------------------------------------------------------------


  → 400 utenti...
 Container ad2526-redis Running 
 Container ad2526-backend Running 
 Container ad2526-redis Waiting 
 Container ad2526-redis Healthy 
 Container ad-2526-locust-run-83db7b945e4d Creating 
 Container ad-2526-locust-run-83db7b945e4d Created 
[2026-06-16 07:44:48,853] 2ffb866d7e75/INFO/locust.main: Starting Locust 2.32.3
[2026-06-16 07:44:48,854] 2ffb866d7e75/INFO/locust.main: Run time limit set to 300 seconds
[2026-06-16 07:44:48,855] 2ffb866d7e75/INFO/locust.runners: Ramping to 400 users at a rate of 20.00 per second
[2026-06-16 07:45:07,884] 2ffb866d7e75/INFO/locust.runners: All users spawned: {"BrowsingUser": 400} (400 total users)
[2026-06-16 07:45:08,858] 2ffb866d7e75/WARNING/root: CPU usage above 90%! This may constrain your throughput and may even give inconsistent response time measurements! See https://docs.locust.io/en/stable/running-distributed.html for how to distribute the load over multiple CPU cores or machines
[2026-06-16 07:49:48,622] 2ffb866d7e75/INFO/locust.main: --run-time limit reached, shutting down
[2026-06-16 07:49:48,726] 2ffb866d7e75/WARNING/locust.runners: CPU usage was too high at some point during the test! See https://docs.locust.io/en/stable/running-distributed.html for how to distribute the load over multiple CPU cores or machines
[2026-06-16 07:49:48,727] 2ffb866d7e75/INFO/locust.main: Shutting down (exit code 1)
Type     Name                                                                          # reqs      # fails |    Avg     Min     Max    Med |   req/s  failures/s
--------|----------------------------------------------------------------------------|-------|-------------|-------|-------|-------|-------|--------|-----------
GET      /feed/{user_id}                                                               191516 188410(98.38%) |     39       1     854     17 |  638.67      628.32
GET      /feed/{user_id}?with_fof=true                                                  95834 94311(98.41%) |     39       1     849     17 |  319.59      314.51
POST     /likes                                                                          9568     0(0.00%) |     19       2     208     13 |   31.91        0.00
POST     /posts                                                                         14325 14098(98.42%) |     18       2     231     13 |   47.77       47.01
GET      /timeline/{user_id}                                                           120633 118650(98.36%) |     39       1     828     17 |  402.29      395.68
GET      /users/{user_id}                                                               48235 47485(98.45%) |     42       1     825     19 |  160.86      158.35
--------|----------------------------------------------------------------------------|-------|-------------|-------|-------|-------|-------|--------|-----------
         Aggregated                                                                    480111 462954(96.43%) |     39       1     854     17 | 1601.09     1543.87

Response time percentiles (approximated)
Type     Name                                                                                  50%    66%    75%    80%    90%    95%    98%    99%  99.9% 99.99%   100% # reqs
--------|--------------------------------------------------------------------------------|--------|------|------|------|------|------|------|------|------|------|------|------
GET      /feed/{user_id}                                                                        17     30     45     58    110    160    220    260    370    800    850 191516
GET      /feed/{user_id}?with_fof=true                                                          17     30     44     57    110    160    220    260    360    780    850  95834
POST     /likes                                                                                 13     19     23     26     39     56     85    110    180    210    210   9568
POST     /posts                                                                                 13     18     23     26     37     53     82    110    180    230    230  14325
GET      /timeline/{user_id}                                                                    17     30     44     57    110    160    220    260    370    770    830 120633
GET      /users/{user_id}                                                                       19     33     48     61    110    170    230    270    380    790    830  48235
--------|--------------------------------------------------------------------------------|--------|------|------|------|------|------|------|------|------|------|------|------
         Aggregated                                                                             17     29     43     55    110    160    220    260    370    780    850 480111

Error report
# occurrences      Error                                                                                               
------------------|---------------------------------------------------------------------------------------------------------------------------------------------
118635             GET /timeline/{user_id}: HTTPError('404 Client Error: Not Found for url: /timeline/{user_id}')      
188391             GET /feed/{user_id}: HTTPError('404 Client Error: Not Found for url: /feed/{user_id}')              
94302              GET /feed/{user_id}?with_fof=true: HTTPError('404 Client Error: Not Found for url: /feed/{user_id}?with_fof=true')
47483              GET /users/{user_id}: HTTPError('404 Client Error: Not Found for url: /users/{user_id}')            
14098              POST /posts: HTTPError('404 Client Error: Not Found for url: /posts')                               
2                  GET /users/{user_id}: HTTPError('500 Server Error: Internal Server Error for url: /users/{user_id}')
19                 GET /feed/{user_id}: HTTPError('500 Server Error: Internal Server Error for url: /feed/{user_id}')  
15                 GET /timeline/{user_id}: HTTPError('500 Server Error: Internal Server Error for url: /timeline/{user_id}')
9                  GET /feed/{user_id}?with_fof=true: HTTPError('500 Server Error: Internal Server Error for url: /feed/{user_id}?with_fof=true')
------------------|---------------------------------------------------------------------------------------------------------------------------------------------


  → 500 utenti...
 Container ad2526-redis Running 
 Container ad2526-backend Running 
 Container ad2526-redis Waiting 
 Container ad2526-redis Healthy 
 Container ad-2526-locust-run-1780c63ef57d Creating 
 Container ad-2526-locust-run-1780c63ef57d Created 
[2026-06-16 07:49:51,791] 44456860c1df/INFO/locust.main: Starting Locust 2.32.3
[2026-06-16 07:49:51,792] 44456860c1df/INFO/locust.main: Run time limit set to 300 seconds
[2026-06-16 07:49:51,793] 44456860c1df/INFO/locust.runners: Ramping to 500 users at a rate of 20.00 per second
[2026-06-16 07:50:15,851] 44456860c1df/INFO/locust.runners: All users spawned: {"BrowsingUser": 500} (500 total users)
[2026-06-16 07:50:16,823] 44456860c1df/WARNING/root: CPU usage above 90%! This may constrain your throughput and may even give inconsistent response time measurements! See https://docs.locust.io/en/stable/running-distributed.html for how to distribute the load over multiple CPU cores or machines
[2026-06-16 07:54:51,556] 44456860c1df/INFO/locust.main: --run-time limit reached, shutting down
[2026-06-16 07:54:51,753] 44456860c1df/WARNING/locust.runners: CPU usage was too high at some point during the test! See https://docs.locust.io/en/stable/running-distributed.html for how to distribute the load over multiple CPU cores or machines
[2026-06-16 07:54:51,753] 44456860c1df/INFO/locust.main: Shutting down (exit code 1)
Type     Name                                                                          # reqs      # fails |    Avg     Min     Max    Med |   req/s  failures/s
--------|----------------------------------------------------------------------------|-------|-------------|-------|-------|-------|-------|--------|-----------
GET      /feed/{user_id}                                                               198550 195365(98.40%) |     82       1     633     57 |  661.94      651.32
GET      /feed/{user_id}?with_fof=true                                                  99283 97655(98.36%) |     83       1     609     57 |  331.00      325.57
POST     /likes                                                                         10064     0(0.00%) |     46       2     362     40 |   33.55        0.00
POST     /posts                                                                         14637 14390(98.31%) |     46       2     344     40 |   48.80       47.97
GET      /timeline/{user_id}                                                           124323 122378(98.44%) |     83       1     620     57 |  414.48      407.99
GET      /users/{user_id}                                                               49615 48773(98.30%) |     85       2     590     59 |  165.41      162.60
--------|----------------------------------------------------------------------------|-------|-------------|-------|-------|-------|-------|--------|-----------
         Aggregated                                                                    496472 478561(96.39%) |     81       1     633     56 | 1655.17     1595.46

Response time percentiles (approximated)
Type     Name                                                                                  50%    66%    75%    80%    90%    95%    98%    99%  99.9% 99.99%   100% # reqs
--------|--------------------------------------------------------------------------------|--------|------|------|------|------|------|------|------|------|------|------|------
GET      /feed/{user_id}                                                                        57     83    110    130    200    250    300    330    430    520    630 198550
GET      /feed/{user_id}?with_fof=true                                                          57     83    110    130    200    250    300    340    420    520    610  99283
POST     /likes                                                                                 40     51     59     64     84    110    140    170    240    270    360  10064
POST     /posts                                                                                 40     50     58     64     84    110    150    170    260    330    340  14637
GET      /timeline/{user_id}                                                                    57     83    110    130    200    250    300    340    420    510    620 124323
GET      /users/{user_id}                                                                       59     85    110    130    200    250    310    340    420    510    590  49615
--------|--------------------------------------------------------------------------------|--------|------|------|------|------|------|------|------|------|------|------|------
         Aggregated                                                                             56     80    100    130    190    250    300    330    420    510    630 496472

Error report
# occurrences      Error                                                                                               
------------------|---------------------------------------------------------------------------------------------------------------------------------------------
122377             GET /timeline/{user_id}: HTTPError('404 Client Error: Not Found for url: /timeline/{user_id}')      
48772              GET /users/{user_id}: HTTPError('404 Client Error: Not Found for url: /users/{user_id}')            
195363             GET /feed/{user_id}: HTTPError('404 Client Error: Not Found for url: /feed/{user_id}')              
97654              GET /feed/{user_id}?with_fof=true: HTTPError('404 Client Error: Not Found for url: /feed/{user_id}?with_fof=true')
14390              POST /posts: HTTPError('404 Client Error: Not Found for url: /posts')                               
1                  GET /timeline/{user_id}: HTTPError('500 Server Error: Internal Server Error for url: /timeline/{user_id}')
1                  GET /users/{user_id}: HTTPError('500 Server Error: Internal Server Error for url: /users/{user_id}')
2                  GET /feed/{user_id}: HTTPError('500 Server Error: Internal Server Error for url: /feed/{user_id}')  
1                  GET /feed/{user_id}?with_fof=true: HTTPError('500 Server Error: Internal Server Error for url: /feed/{user_id}?with_fof=true')
------------------|---------------------------------------------------------------------------------------------------------------------------------------------


  → 700 utenti...
 Container ad2526-redis Running 
 Container ad2526-backend Running 
 Container ad2526-redis Waiting 
 Container ad2526-redis Healthy 
 Container ad-2526-locust-run-a35894a76518 Creating 
 Container ad-2526-locust-run-a35894a76518 Created 
[2026-06-16 07:54:54,699] 4ac2f5025796/INFO/locust.main: Starting Locust 2.32.3
[2026-06-16 07:54:54,700] 4ac2f5025796/INFO/locust.main: Run time limit set to 300 seconds
[2026-06-16 07:54:54,701] 4ac2f5025796/INFO/locust.runners: Ramping to 700 users at a rate of 20.00 per second
[2026-06-16 07:55:14,706] 4ac2f5025796/WARNING/root: CPU usage above 90%! This may constrain your throughput and may even give inconsistent response time measurements! See https://docs.locust.io/en/stable/running-distributed.html for how to distribute the load over multiple CPU cores or machines
[2026-06-16 07:55:28,998] 4ac2f5025796/INFO/locust.runners: All users spawned: {"BrowsingUser": 700} (700 total users)
[2026-06-16 07:59:54,485] 4ac2f5025796/INFO/locust.main: --run-time limit reached, shutting down
[2026-06-16 07:59:54,916] 4ac2f5025796/WARNING/locust.runners: CPU usage was too high at some point during the test! See https://docs.locust.io/en/stable/running-distributed.html for how to distribute the load over multiple CPU cores or machines
[2026-06-16 07:59:54,916] 4ac2f5025796/INFO/locust.main: Shutting down (exit code 1)
Type     Name                                                                          # reqs      # fails |    Avg     Min     Max    Med |   req/s  failures/s
--------|----------------------------------------------------------------------------|-------|-------------|-------|-------|-------|-------|--------|-----------
GET      /feed/{user_id}                                                               189323 186379(98.44%) |    182       1    2632    170 |  630.65      620.84
GET      /feed/{user_id}?with_fof=true                                                  94447 92879(98.34%) |    182       1    2564    170 |  314.61      309.39
POST     /likes                                                                          9516     0(0.00%) |    158       2    1132    160 |   31.70        0.00
POST     /posts                                                                         14314 14106(98.55%) |    157       2    1160    160 |   47.68       46.99
GET      /timeline/{user_id}                                                           118158 116131(98.28%) |    181       1    2614    170 |  393.59      386.84
GET      /users/{user_id}                                                               47385 46598(98.34%) |    185       2    2428    170 |  157.84      155.22
--------|----------------------------------------------------------------------------|-------|-------------|-------|-------|-------|-------|--------|-----------
         Aggregated                                                                    473143 456093(96.40%) |    181       1    2632    170 | 1576.07     1519.27

Response time percentiles (approximated)
Type     Name                                                                                  50%    66%    75%    80%    90%    95%    98%    99%  99.9% 99.99%   100% # reqs
--------|--------------------------------------------------------------------------------|--------|------|------|------|------|------|------|------|------|------|------|------
GET      /feed/{user_id}                                                                       170    190    210    230    270    320    390    430   1300   2300   2600 189323
GET      /feed/{user_id}?with_fof=true                                                         170    190    210    230    270    320    380    420   1200   2300   2600  94447
POST     /likes                                                                                160    180    190    190    210    230    250    270    350   1100   1100   9516
POST     /posts                                                                                160    180    190    190    210    230    250    270    360    960   1200  14314
GET      /timeline/{user_id}                                                                   170    190    210    230    270    320    380    420   1200   2300   2600 118158
GET      /users/{user_id}                                                                      170    200    220    230    280    330    390    430   1200   2300   2400  47385
--------|--------------------------------------------------------------------------------|--------|------|------|------|------|------|------|------|------|------|------|------
         Aggregated                                                                            170    190    210    230    270    320    380    420   1200   2300   2600 473143

Error report
# occurrences      Error                                                                                               
------------------|---------------------------------------------------------------------------------------------------------------------------------------------
92853              GET /feed/{user_id}?with_fof=true: HTTPError('404 Client Error: Not Found for url: /feed/{user_id}?with_fof=true')
186321             GET /feed/{user_id}: HTTPError('404 Client Error: Not Found for url: /feed/{user_id}')              
116095             GET /timeline/{user_id}: HTTPError('404 Client Error: Not Found for url: /timeline/{user_id}')      
46587              GET /users/{user_id}: HTTPError('404 Client Error: Not Found for url: /users/{user_id}')            
14106              POST /posts: HTTPError('404 Client Error: Not Found for url: /posts')                               
26                 GET /feed/{user_id}?with_fof=true: HTTPError('500 Server Error: Internal Server Error for url: /feed/{user_id}?with_fof=true')
36                 GET /timeline/{user_id}: HTTPError('500 Server Error: Internal Server Error for url: /timeline/{user_id}')
58                 GET /feed/{user_id}: HTTPError('500 Server Error: Internal Server Error for url: /feed/{user_id}')  
11                 GET /users/{user_id}: HTTPError('500 Server Error: Internal Server Error for url: /users/{user_id}')
------------------|---------------------------------------------------------------------------------------------------------------------------------------------



==============================
 Strategia: write_through
==============================
 Container ad2526-redis Running 
 Container ad2526-backend Recreate 
 Container ad2526-backend Recreated 
 Container ad2526-redis Waiting 
 Container ad2526-redis Healthy 
 Container ad2526-backend Starting 
 Container ad2526-backend Started 
  → 10 utenti...
 Container ad2526-redis Running 
 Container ad2526-backend Running 
 Container ad2526-redis Waiting 
 Container ad2526-redis Healthy 
 Container ad-2526-locust-run-cbac1fc3c975 Creating 
 Container ad-2526-locust-run-cbac1fc3c975 Created 
[2026-06-16 08:00:04,708] 4e5145dfaae4/INFO/locust.main: Starting Locust 2.32.3
[2026-06-16 08:00:04,709] 4e5145dfaae4/INFO/locust.main: Run time limit set to 300 seconds
[2026-06-16 08:00:04,710] 4e5145dfaae4/INFO/locust.runners: Ramping to 10 users at a rate of 20.00 per second
[2026-06-16 08:00:04,710] 4e5145dfaae4/INFO/locust.runners: All users spawned: {"BrowsingUser": 10} (10 total users)
[2026-06-16 08:05:04,461] 4e5145dfaae4/INFO/locust.main: --run-time limit reached, shutting down
[2026-06-16 08:05:04,487] 4e5145dfaae4/INFO/locust.main: Shutting down (exit code 1)
Type     Name                                                                          # reqs      # fails |    Avg     Min     Max    Med |   req/s  failures/s
--------|----------------------------------------------------------------------------|-------|-------------|-------|-------|-------|-------|--------|-----------
GET      /feed/{user_id}                                                                 6023 5925(98.37%) |      3       2      33      3 |   20.10       19.77
GET      /feed/{user_id}?with_fof=true                                                   2888 2844(98.48%) |      3       1     180      3 |    9.64        9.49
POST     /likes                                                                           290     0(0.00%) |      3       2      15      3 |    0.97        0.00
POST     /posts                                                                           433  424(97.92%) |      3       1      13      3 |    1.44        1.41
GET      /timeline/{user_id}                                                             3670 3621(98.66%) |      3       1      26      3 |   12.25       12.08
GET      /users/{user_id}                                                                1408 1385(98.37%) |      3       2      27      4 |    4.70        4.62
--------|----------------------------------------------------------------------------|-------|-------------|-------|-------|-------|-------|--------|-----------
         Aggregated                                                                     14712 14199(96.51%) |      3       1     180      3 |   49.09       47.38

Response time percentiles (approximated)
Type     Name                                                                                  50%    66%    75%    80%    90%    95%    98%    99%  99.9% 99.99%   100% # reqs
--------|--------------------------------------------------------------------------------|--------|------|------|------|------|------|------|------|------|------|------|------
GET      /feed/{user_id}                                                                         3      3      3      3      4      4      4      4     29     34     34   6023
GET      /feed/{user_id}?with_fof=true                                                           3      3      3      3      4      4      4      4    180    180    180   2888
POST     /likes                                                                                  3      3      4      4      4      4      4      8     15     15     15    290
POST     /posts                                                                                  3      3      4      4      4      4      5      7     14     14     14    433
GET      /timeline/{user_id}                                                                     3      3      3      3      4      4      4      4     20     26     26   3670
GET      /users/{user_id}                                                                        4      4      4      4      4      4      5      6      8     27     27   1408
--------|--------------------------------------------------------------------------------|--------|------|------|------|------|------|------|------|------|------|------|------
         Aggregated                                                                              3      3      3      3      4      4      4      5     92    180    180  14712

Error report
# occurrences      Error                                                                                               
------------------|---------------------------------------------------------------------------------------------------------------------------------------------
2844               GET /feed/{user_id}?with_fof=true: HTTPError('404 Client Error: Not Found for url: /feed/{user_id}?with_fof=true')
5925               GET /feed/{user_id}: HTTPError('404 Client Error: Not Found for url: /feed/{user_id}')              
1385               GET /users/{user_id}: HTTPError('404 Client Error: Not Found for url: /users/{user_id}')            
3621               GET /timeline/{user_id}: HTTPError('404 Client Error: Not Found for url: /timeline/{user_id}')      
424                POST /posts: HTTPError('404 Client Error: Not Found for url: /posts')                               
------------------|---------------------------------------------------------------------------------------------------------------------------------------------


  → 25 utenti...
 Container ad2526-redis Running 
 Container ad2526-backend Running 
 Container ad2526-redis Waiting 
 Container ad2526-redis Healthy 
 Container ad-2526-locust-run-8052002819c8 Creating 
 Container ad-2526-locust-run-8052002819c8 Created 
[2026-06-16 08:05:06,194] 3fade9065568/INFO/locust.main: Starting Locust 2.32.3
[2026-06-16 08:05:06,195] 3fade9065568/INFO/locust.main: Run time limit set to 300 seconds
[2026-06-16 08:05:06,196] 3fade9065568/INFO/locust.runners: Ramping to 25 users at a rate of 20.00 per second
[2026-06-16 08:05:07,197] 3fade9065568/INFO/locust.runners: All users spawned: {"BrowsingUser": 25} (25 total users)
[2026-06-16 08:10:05,954] 3fade9065568/INFO/locust.main: --run-time limit reached, shutting down
[2026-06-16 08:10:05,981] 3fade9065568/INFO/locust.main: Shutting down (exit code 1)
Type     Name                                                                          # reqs      # fails |    Avg     Min     Max    Med |   req/s  failures/s
--------|----------------------------------------------------------------------------|-------|-------------|-------|-------|-------|-------|--------|-----------
GET      /feed/{user_id}                                                                14650 14400(98.29%) |      2       1      39      3 |   48.87       48.04
GET      /feed/{user_id}?with_fof=true                                                   7352 7230(98.34%) |      3       1     181      3 |   24.53       24.12
POST     /likes                                                                           717     0(0.00%) |      3       2      23      3 |    2.39        0.00
POST     /posts                                                                          1094 1079(98.63%) |      3       1       9      3 |    3.65        3.60
GET      /timeline/{user_id}                                                             9261 9106(98.33%) |      2       1      39      3 |   30.90       30.38
GET      /users/{user_id}                                                                3668 3602(98.20%) |      3       2      23      3 |   12.24       12.02
--------|----------------------------------------------------------------------------|-------|-------------|-------|-------|-------|-------|--------|-----------
         Aggregated                                                                     36742 35417(96.39%) |      2       1     181      3 |  122.58      118.16

Response time percentiles (approximated)
Type     Name                                                                                  50%    66%    75%    80%    90%    95%    98%    99%  99.9% 99.99%   100% # reqs
--------|--------------------------------------------------------------------------------|--------|------|------|------|------|------|------|------|------|------|------|------
GET      /feed/{user_id}                                                                         3      3      3      3      3      4      4      4     23     34     40  14650
GET      /feed/{user_id}?with_fof=true                                                           3      3      3      3      3      4      4      4    160    180    180   7352
POST     /likes                                                                                  3      3      3      3      4      4      4      5     23     23     23    717
POST     /posts                                                                                  3      3      3      3      4      4      5      6      9     10     10   1094
GET      /timeline/{user_id}                                                                     3      3      3      3      3      3      4      4     20     39     39   9261
GET      /users/{user_id}                                                                        3      3      3      4      4      4      4      5     20     24     24   3668
--------|--------------------------------------------------------------------------------|--------|------|------|------|------|------|------|------|------|------|------|------
         Aggregated                                                                              3      3      3      3      3      4      4      4     27    170    180  36742

Error report
# occurrences      Error                                                                                               
------------------|---------------------------------------------------------------------------------------------------------------------------------------------
7230               GET /feed/{user_id}?with_fof=true: HTTPError('404 Client Error: Not Found for url: /feed/{user_id}?with_fof=true')
14400              GET /feed/{user_id}: HTTPError('404 Client Error: Not Found for url: /feed/{user_id}')              
9106               GET /timeline/{user_id}: HTTPError('404 Client Error: Not Found for url: /timeline/{user_id}')      
3602               GET /users/{user_id}: HTTPError('404 Client Error: Not Found for url: /users/{user_id}')            
1079               POST /posts: HTTPError('404 Client Error: Not Found for url: /posts')                               
------------------|---------------------------------------------------------------------------------------------------------------------------------------------


  → 50 utenti...
 Container ad2526-redis Running 
 Container ad2526-backend Running 
 Container ad2526-redis Waiting 
 Container ad2526-redis Healthy 
 Container ad-2526-locust-run-23d690ad16a2 Creating 
 Container ad-2526-locust-run-23d690ad16a2 Created 
[2026-06-16 08:10:07,622] 6850504e3a6b/INFO/locust.main: Starting Locust 2.32.3
[2026-06-16 08:10:07,622] 6850504e3a6b/INFO/locust.main: Run time limit set to 300 seconds
[2026-06-16 08:10:07,623] 6850504e3a6b/INFO/locust.runners: Ramping to 50 users at a rate of 20.00 per second
[2026-06-16 08:10:09,626] 6850504e3a6b/INFO/locust.runners: All users spawned: {"BrowsingUser": 50} (50 total users)
[2026-06-16 08:15:07,383] 6850504e3a6b/INFO/locust.main: --run-time limit reached, shutting down
[2026-06-16 08:15:07,414] 6850504e3a6b/INFO/locust.main: Shutting down (exit code 1)
Type     Name                                                                          # reqs      # fails |    Avg     Min     Max    Med |   req/s  failures/s
--------|----------------------------------------------------------------------------|-------|-------------|-------|-------|-------|-------|--------|-----------
GET      /feed/{user_id}                                                                29393 28928(98.42%) |      2       1      47      3 |   98.05       96.50
GET      /feed/{user_id}?with_fof=true                                                  14676 14417(98.24%) |      3       1     189      3 |   48.95       48.09
POST     /likes                                                                          1482     0(0.00%) |      3       1      18      3 |    4.94        0.00
POST     /posts                                                                          2189 2154(98.40%) |      3       1      23      3 |    7.30        7.19
GET      /timeline/{user_id}                                                            18310 18006(98.34%) |      2       1      49      3 |   61.08       60.06
GET      /users/{user_id}                                                                7351 7241(98.50%) |      3       1      30      3 |   24.52       24.15
--------|----------------------------------------------------------------------------|-------|-------------|-------|-------|-------|-------|--------|-----------
         Aggregated                                                                     73401 70746(96.38%) |      2       1     189      3 |  244.84      235.99

Response time percentiles (approximated)
Type     Name                                                                                  50%    66%    75%    80%    90%    95%    98%    99%  99.9% 99.99%   100% # reqs
--------|--------------------------------------------------------------------------------|--------|------|------|------|------|------|------|------|------|------|------|------
GET      /feed/{user_id}                                                                         3      3      3      3      3      4      4      5     26     42     48  29393
GET      /feed/{user_id}?with_fof=true                                                           3      3      3      3      3      4      4      5    160    190    190  14676
POST     /likes                                                                                  3      3      3      3      4      4      4      5     19     19     19   1482
POST     /posts                                                                                  3      3      3      3      4      4      5      6     14     23     23   2189
GET      /timeline/{user_id}                                                                     3      3      3      3      3      4      4      5     23     39     49  18310
GET      /users/{user_id}                                                                        3      3      3      3      4      4      5      5     22     31     31   7351
--------|--------------------------------------------------------------------------------|--------|------|------|------|------|------|------|------|------|------|------|------
         Aggregated                                                                              3      3      3      3      3      4      4      5     29    170    190  73401

Error report
# occurrences      Error                                                                                               
------------------|---------------------------------------------------------------------------------------------------------------------------------------------
28928              GET /feed/{user_id}: HTTPError('404 Client Error: Not Found for url: /feed/{user_id}')              
14417              GET /feed/{user_id}?with_fof=true: HTTPError('404 Client Error: Not Found for url: /feed/{user_id}?with_fof=true')
18006              GET /timeline/{user_id}: HTTPError('404 Client Error: Not Found for url: /timeline/{user_id}')      
7241               GET /users/{user_id}: HTTPError('404 Client Error: Not Found for url: /users/{user_id}')            
2154               POST /posts: HTTPError('404 Client Error: Not Found for url: /posts')                               
------------------|---------------------------------------------------------------------------------------------------------------------------------------------


  → 75 utenti...
 Container ad2526-redis Running 
 Container ad2526-backend Running 
 Container ad2526-redis Waiting 
 Container ad2526-redis Healthy 
 Container ad-2526-locust-run-1b117ed04688 Creating 
 Container ad-2526-locust-run-1b117ed04688 Created 
[2026-06-16 08:15:09,069] e0d1d910b71a/INFO/locust.main: Starting Locust 2.32.3
[2026-06-16 08:15:09,069] e0d1d910b71a/INFO/locust.main: Run time limit set to 300 seconds
[2026-06-16 08:15:09,070] e0d1d910b71a/INFO/locust.runners: Ramping to 75 users at a rate of 20.00 per second
[2026-06-16 08:15:12,073] e0d1d910b71a/INFO/locust.runners: All users spawned: {"BrowsingUser": 75} (75 total users)
[2026-06-16 08:20:08,827] e0d1d910b71a/INFO/locust.main: --run-time limit reached, shutting down
[2026-06-16 08:20:08,859] e0d1d910b71a/INFO/locust.main: Shutting down (exit code 1)
Type     Name                                                                          # reqs      # fails |    Avg     Min     Max    Med |   req/s  failures/s
--------|----------------------------------------------------------------------------|-------|-------------|-------|-------|-------|-------|--------|-----------
GET      /feed/{user_id}                                                                43698 42957(98.30%) |      3       1      72      3 |  145.78      143.31
GET      /feed/{user_id}?with_fof=true                                                  22141 21764(98.30%) |      3       1     188      3 |   73.86       72.61
POST     /likes                                                                          2196     0(0.00%) |      3       1      28      3 |    7.33        0.00
POST     /posts                                                                          3262 3220(98.71%) |      3       1      32      3 |   10.88       10.74
GET      /timeline/{user_id}                                                            27659 27214(98.39%) |      3       1      69      3 |   92.27       90.79
GET      /users/{user_id}                                                               10932 10738(98.23%) |      3       1      57      3 |   36.47       35.82
--------|----------------------------------------------------------------------------|-------|-------------|-------|-------|-------|-------|--------|-----------
         Aggregated                                                                    109888 105893(96.36%) |      3       1     188      3 |  366.59      353.27

Response time percentiles (approximated)
Type     Name                                                                                  50%    66%    75%    80%    90%    95%    98%    99%  99.9% 99.99%   100% # reqs
--------|--------------------------------------------------------------------------------|--------|------|------|------|------|------|------|------|------|------|------|------
GET      /feed/{user_id}                                                                         3      3      3      3      4      4      6     16     41     61     72  43698
GET      /feed/{user_id}?with_fof=true                                                           3      3      3      3      4      4      6     16    120    190    190  22141
POST     /likes                                                                                  3      3      3      4      4      5      5      8     26     29     29   2196
POST     /posts                                                                                  3      3      3      4      4      5      6      7     27     33     33   3262
GET      /timeline/{user_id}                                                                     3      3      3      3      4      4      6     14     41     55     69  27659
GET      /users/{user_id}                                                                        3      3      4      4      4      5      7     16     45     54     58  10932
--------|--------------------------------------------------------------------------------|--------|------|------|------|------|------|------|------|------|------|------|------
         Aggregated                                                                              3      3      3      3      4      4      6     15     44    170    190 109888

Error report
# occurrences      Error                                                                                               
------------------|---------------------------------------------------------------------------------------------------------------------------------------------
42957              GET /feed/{user_id}: HTTPError('404 Client Error: Not Found for url: /feed/{user_id}')              
21764              GET /feed/{user_id}?with_fof=true: HTTPError('404 Client Error: Not Found for url: /feed/{user_id}?with_fof=true')
27214              GET /timeline/{user_id}: HTTPError('404 Client Error: Not Found for url: /timeline/{user_id}')      
3220               POST /posts: HTTPError('404 Client Error: Not Found for url: /posts')                               
10738              GET /users/{user_id}: HTTPError('404 Client Error: Not Found for url: /users/{user_id}')            
------------------|---------------------------------------------------------------------------------------------------------------------------------------------


  → 100 utenti...
 Container ad2526-redis Running 
 Container ad2526-backend Running 
 Container ad2526-redis Waiting 
 Container ad2526-redis Healthy 
 Container ad-2526-locust-run-cdc71cb2c0d7 Creating 
 Container ad-2526-locust-run-cdc71cb2c0d7 Created 
[2026-06-16 08:20:10,652] 95eb2f25efc2/INFO/locust.main: Starting Locust 2.32.3
[2026-06-16 08:20:10,653] 95eb2f25efc2/INFO/locust.main: Run time limit set to 300 seconds
[2026-06-16 08:20:10,653] 95eb2f25efc2/INFO/locust.runners: Ramping to 100 users at a rate of 20.00 per second
[2026-06-16 08:20:14,659] 95eb2f25efc2/INFO/locust.runners: All users spawned: {"BrowsingUser": 100} (100 total users)
[2026-06-16 08:25:10,408] 95eb2f25efc2/INFO/locust.main: --run-time limit reached, shutting down
[2026-06-16 08:25:10,441] 95eb2f25efc2/INFO/locust.main: Shutting down (exit code 1)
Type     Name                                                                          # reqs      # fails |    Avg     Min     Max    Med |   req/s  failures/s
--------|----------------------------------------------------------------------------|-------|-------------|-------|-------|-------|-------|--------|-----------
GET      /feed/{user_id}                                                                58133 57148(98.31%) |      3       1      67      3 |  193.92      190.63
GET      /feed/{user_id}?with_fof=true                                                  29422 28938(98.35%) |      3       1     190      3 |   98.14       96.53
POST     /likes                                                                          2977     0(0.00%) |      3       1      37      3 |    9.93        0.00
POST     /posts                                                                          4429 4375(98.78%) |      3       1      35      3 |   14.77       14.59
GET      /timeline/{user_id}                                                            36354 35772(98.40%) |      3       1      60      3 |  121.27      119.33
GET      /users/{user_id}                                                               14612 14371(98.35%) |      3       1      59      3 |   48.74       47.94
--------|----------------------------------------------------------------------------|-------|-------------|-------|-------|-------|-------|--------|-----------
         Aggregated                                                                    145927 140604(96.35%) |      3       1     190      3 |  486.77      469.02

Response time percentiles (approximated)
Type     Name                                                                                  50%    66%    75%    80%    90%    95%    98%    99%  99.9% 99.99%   100% # reqs
--------|--------------------------------------------------------------------------------|--------|------|------|------|------|------|------|------|------|------|------|------
GET      /feed/{user_id}                                                                         3      3      3      3      4      4      6     14     38     58     68  58133
GET      /feed/{user_id}?with_fof=true                                                           3      3      3      3      4      4      6     15     92    190    190  29422
POST     /likes                                                                                  3      3      4      4      4      5      6      8     26     38     38   2977
POST     /posts                                                                                  3      3      4      4      4      5      6      7     29     36     36   4429
GET      /timeline/{user_id}                                                                     3      3      3      3      4      4      6     13     35     51     60  36354
GET      /users/{user_id}                                                                        3      3      4      4      4      5      7     16     39     56     59  14612
--------|--------------------------------------------------------------------------------|--------|------|------|------|------|------|------|------|------|------|------|------
         Aggregated                                                                              3      3      3      3      4      5      6     14     39    160    190 145927

Error report
# occurrences      Error                                                                                               
------------------|---------------------------------------------------------------------------------------------------------------------------------------------
57148              GET /feed/{user_id}: HTTPError('404 Client Error: Not Found for url: /feed/{user_id}')              
28938              GET /feed/{user_id}?with_fof=true: HTTPError('404 Client Error: Not Found for url: /feed/{user_id}?with_fof=true')
35772              GET /timeline/{user_id}: HTTPError('404 Client Error: Not Found for url: /timeline/{user_id}')      
14371              GET /users/{user_id}: HTTPError('404 Client Error: Not Found for url: /users/{user_id}')            
4375               POST /posts: HTTPError('404 Client Error: Not Found for url: /posts')                               
------------------|---------------------------------------------------------------------------------------------------------------------------------------------


  → 150 utenti...
 Container ad2526-redis Running 
 Container ad2526-backend Running 
 Container ad2526-redis Waiting 
 Container ad2526-redis Healthy 
 Container ad-2526-locust-run-af7eff67d8dc Creating 
 Container ad-2526-locust-run-af7eff67d8dc Created 
[2026-06-16 08:25:12,214] ac8a87cb6111/INFO/locust.main: Starting Locust 2.32.3
[2026-06-16 08:25:12,214] ac8a87cb6111/INFO/locust.main: Run time limit set to 300 seconds
[2026-06-16 08:25:12,215] ac8a87cb6111/INFO/locust.runners: Ramping to 150 users at a rate of 20.00 per second
[2026-06-16 08:25:19,221] ac8a87cb6111/INFO/locust.runners: All users spawned: {"BrowsingUser": 150} (150 total users)
[2026-06-16 08:30:11,968] ac8a87cb6111/INFO/locust.main: --run-time limit reached, shutting down
[2026-06-16 08:30:12,002] ac8a87cb6111/INFO/locust.main: Shutting down (exit code 1)
Type     Name                                                                          # reqs      # fails |    Avg     Min     Max    Med |   req/s  failures/s
--------|----------------------------------------------------------------------------|-------|-------------|-------|-------|-------|-------|--------|-----------
GET      /feed/{user_id}                                                                86885 85451(98.35%) |      4       1    1652      3 |  289.83      285.04
GET      /feed/{user_id}?with_fof=true                                                  43560 42860(98.39%) |      4       1    1685      3 |  145.31      142.97
POST     /likes                                                                          4374     0(0.00%) |      3       1      50      3 |   14.59        0.00
POST     /posts                                                                          6490 6376(98.24%) |      3       1      42      3 |   21.65       21.27
GET      /timeline/{user_id}                                                            54037 53198(98.45%) |      4       1    1671      3 |  180.25      177.46
GET      /users/{user_id}                                                               21702 21366(98.45%) |      4       1    1213      4 |   72.39       71.27
--------|----------------------------------------------------------------------------|-------|-------------|-------|-------|-------|-------|--------|-----------
         Aggregated                                                                    217048 209251(96.41%) |      4       1    1685      3 |  724.02      698.01

Response time percentiles (approximated)
Type     Name                                                                                  50%    66%    75%    80%    90%    95%    98%    99%  99.9% 99.99%   100% # reqs
--------|--------------------------------------------------------------------------------|--------|------|------|------|------|------|------|------|------|------|------|------
GET      /feed/{user_id}                                                                         3      3      4      4      5      8     20     29     65   1500   1700  86885
GET      /feed/{user_id}?with_fof=true                                                           3      3      4      4      5      8     20     31     89    870   1700  43560
POST     /likes                                                                                  3      4      4      4      5      6      8     16     39     51     51   4374
POST     /posts                                                                                  3      4      4      4      5      7      9     18     34     43     43   6490
GET      /timeline/{user_id}                                                                     3      3      4      4      5      8     20     30     66   1600   1700  54037
GET      /users/{user_id}                                                                        4      4      4      5      6     12     22     32     66    990   1200  21702
--------|--------------------------------------------------------------------------------|--------|------|------|------|------|------|------|------|------|------|------|------
         Aggregated                                                                              3      4      4      4      5      8     20     29     68   1500   1700 217048

Error report
# occurrences      Error                                                                                               
------------------|---------------------------------------------------------------------------------------------------------------------------------------------
85451              GET /feed/{user_id}: HTTPError('404 Client Error: Not Found for url: /feed/{user_id}')              
6376               POST /posts: HTTPError('404 Client Error: Not Found for url: /posts')                               
42860              GET /feed/{user_id}?with_fof=true: HTTPError('404 Client Error: Not Found for url: /feed/{user_id}?with_fof=true')
53198              GET /timeline/{user_id}: HTTPError('404 Client Error: Not Found for url: /timeline/{user_id}')      
21366              GET /users/{user_id}: HTTPError('404 Client Error: Not Found for url: /users/{user_id}')            
------------------|---------------------------------------------------------------------------------------------------------------------------------------------


  → 200 utenti...
 Container ad2526-redis Running 
 Container ad2526-backend Running 
 Container ad2526-redis Waiting 
 Container ad2526-redis Healthy 
 Container ad-2526-locust-run-176dfab4ef01 Creating 
 Container ad-2526-locust-run-176dfab4ef01 Created 
[2026-06-16 08:30:13,936] 179404b4e223/INFO/locust.main: Starting Locust 2.32.3
[2026-06-16 08:30:13,936] 179404b4e223/INFO/locust.main: Run time limit set to 300 seconds
[2026-06-16 08:30:13,937] 179404b4e223/INFO/locust.runners: Ramping to 200 users at a rate of 20.00 per second
[2026-06-16 08:30:22,947] 179404b4e223/INFO/locust.runners: All users spawned: {"BrowsingUser": 200} (200 total users)
[2026-06-16 08:35:13,693] 179404b4e223/INFO/locust.main: --run-time limit reached, shutting down
[2026-06-16 08:35:13,733] 179404b4e223/INFO/locust.main: Shutting down (exit code 1)
Type     Name                                                                          # reqs      # fails |    Avg     Min     Max    Med |   req/s  failures/s
--------|----------------------------------------------------------------------------|-------|-------------|-------|-------|-------|-------|--------|-----------
GET      /feed/{user_id}                                                               114608 112688(98.32%) |      6       1    1919      4 |  382.29      375.89
GET      /feed/{user_id}?with_fof=true                                                  56943 55998(98.34%) |      6       1    1929      4 |  189.94      186.79
POST     /likes                                                                          5614     0(0.00%) |      4       1      47      4 |   18.73        0.00
POST     /posts                                                                          8485 8357(98.49%) |      4       2      60      4 |   28.30       27.88
GET      /timeline/{user_id}                                                            71304 70060(98.26%) |      6       1    1902      4 |  237.85      233.70
GET      /users/{user_id}                                                               28642 28173(98.36%) |      6       1    1887      4 |   95.54       93.98
--------|----------------------------------------------------------------------------|-------|-------------|-------|-------|-------|-------|--------|-----------
         Aggregated                                                                    285596 275276(96.39%) |      6       1    1929      4 |  952.65      918.23

Response time percentiles (approximated)
Type     Name                                                                                  50%    66%    75%    80%    90%    95%    98%    99%  99.9% 99.99%   100% # reqs
--------|--------------------------------------------------------------------------------|--------|------|------|------|------|------|------|------|------|------|------|------
GET      /feed/{user_id}                                                                         4      4      5      5      7     18     33     47    100   1800   1900 114608
GET      /feed/{user_id}?with_fof=true                                                           4      4      5      5      7     18     35     49    200   1800   1900  56943
POST     /likes                                                                                  4      4      5      5      7      8     14     23     41     48     48   5614
POST     /posts                                                                                  4      4      5      5      7      8     14     24     39     60     60   8485
GET      /timeline/{user_id}                                                                     4      4      5      5      8     18     35     48    180   1700   1900  71304
GET      /users/{user_id}                                                                        4      5      5      6     11     20     36     48     96   1100   1900  28642
--------|--------------------------------------------------------------------------------|--------|------|------|------|------|------|------|------|------|------|------|------
         Aggregated                                                                              4      4      5      5      8     17     33     47    120   1800   1900 285596

Error report
# occurrences      Error                                                                                               
------------------|---------------------------------------------------------------------------------------------------------------------------------------------
112686             GET /feed/{user_id}: HTTPError('404 Client Error: Not Found for url: /feed/{user_id}')              
28173              GET /users/{user_id}: HTTPError('404 Client Error: Not Found for url: /users/{user_id}')            
55998              GET /feed/{user_id}?with_fof=true: HTTPError('404 Client Error: Not Found for url: /feed/{user_id}?with_fof=true')
70060              GET /timeline/{user_id}: HTTPError('404 Client Error: Not Found for url: /timeline/{user_id}')      
8357               POST /posts: HTTPError('404 Client Error: Not Found for url: /posts')                               
2                  GET /feed/{user_id}: HTTPError('500 Server Error: Internal Server Error for url: /feed/{user_id}')  
------------------|---------------------------------------------------------------------------------------------------------------------------------------------


  → 300 utenti...
 Container ad2526-redis Running 
 Container ad2526-backend Running 
 Container ad2526-redis Waiting 
 Container ad2526-redis Healthy 
 Container ad-2526-locust-run-27987240cb67 Creating 
 Container ad-2526-locust-run-27987240cb67 Created 
[2026-06-16 08:35:15,760] f9b8462a1042/INFO/locust.main: Starting Locust 2.32.3
[2026-06-16 08:35:15,760] f9b8462a1042/INFO/locust.main: Run time limit set to 300 seconds
[2026-06-16 08:35:15,761] f9b8462a1042/INFO/locust.runners: Ramping to 300 users at a rate of 20.00 per second
[2026-06-16 08:35:29,787] f9b8462a1042/INFO/locust.runners: All users spawned: {"BrowsingUser": 300} (300 total users)
[2026-06-16 08:40:15,522] f9b8462a1042/INFO/locust.main: --run-time limit reached, shutting down
[2026-06-16 08:40:15,574] f9b8462a1042/INFO/locust.main: Shutting down (exit code 1)
Type     Name                                                                          # reqs      # fails |    Avg     Min     Max    Med |   req/s  failures/s
--------|----------------------------------------------------------------------------|-------|-------------|-------|-------|-------|-------|--------|-----------
GET      /feed/{user_id}                                                               151905 149427(98.37%) |     31       1     618      6 |  506.68      498.42
GET      /feed/{user_id}?with_fof=true                                                  76093 74804(98.31%) |     31       1     612      6 |  253.81      249.51
POST     /likes                                                                          7660     0(0.00%) |     10       2     146      6 |   25.55        0.00
POST     /posts                                                                         11440 11241(98.26%) |     10       2     147      6 |   38.16       37.49
GET      /timeline/{user_id}                                                            94909 93404(98.41%) |     31       1     619      6 |  316.57      311.55
GET      /users/{user_id}                                                               37837 37243(98.43%) |     33       2     612      7 |  126.21      124.23
--------|----------------------------------------------------------------------------|-------|-------------|-------|-------|-------|-------|--------|-----------
         Aggregated                                                                    379844 366119(96.39%) |     30       1     619      6 | 1266.98     1221.20

Response time percentiles (approximated)
Type     Name                                                                                  50%    66%    75%    80%    90%    95%    98%    99%  99.9% 99.99%   100% # reqs
--------|--------------------------------------------------------------------------------|--------|------|------|------|------|------|------|------|------|------|------|------
GET      /feed/{user_id}                                                                         6     13     33     51    110    160    200    230    280    370    620 151905
GET      /feed/{user_id}?with_fof=true                                                           6     13     33     51    110    160    200    220    290    500    610  76093
POST     /likes                                                                                  6      7      9     11     21     37     70     89    130    150    150   7660
POST     /posts                                                                                  6      8     10     12     21     37     72     91    130    140    150  11440
GET      /timeline/{user_id}                                                                     6     13     32     50    110    150    200    230    290    380    620  94909
GET      /users/{user_id}                                                                        7     17     36     54    110    160    210    230    290    510    610  37837
--------|--------------------------------------------------------------------------------|--------|------|------|------|------|------|------|------|------|------|------|------
         Aggregated                                                                              6     12     30     47    100    150    200    220    290    450    620 379844

Error report
# occurrences      Error                                                                                               
------------------|---------------------------------------------------------------------------------------------------------------------------------------------
149423             GET /feed/{user_id}: HTTPError('404 Client Error: Not Found for url: /feed/{user_id}')              
93402              GET /timeline/{user_id}: HTTPError('404 Client Error: Not Found for url: /timeline/{user_id}')      
74802              GET /feed/{user_id}?with_fof=true: HTTPError('404 Client Error: Not Found for url: /feed/{user_id}?with_fof=true')
11241              POST /posts: HTTPError('404 Client Error: Not Found for url: /posts')                               
37241              GET /users/{user_id}: HTTPError('404 Client Error: Not Found for url: /users/{user_id}')            
2                  GET /timeline/{user_id}: HTTPError('500 Server Error: Internal Server Error for url: /timeline/{user_id}')
2                  GET /users/{user_id}: HTTPError('500 Server Error: Internal Server Error for url: /users/{user_id}')
4                  GET /feed/{user_id}: HTTPError('500 Server Error: Internal Server Error for url: /feed/{user_id}')  
2                  GET /feed/{user_id}?with_fof=true: HTTPError('500 Server Error: Internal Server Error for url: /feed/{user_id}?with_fof=true')
------------------|---------------------------------------------------------------------------------------------------------------------------------------------


  → 400 utenti...
 Container ad2526-redis Running 
 Container ad2526-backend Running 
 Container ad2526-redis Waiting 
 Container ad2526-redis Healthy 
 Container ad-2526-locust-run-b1edfbc11bce Creating 
 Container ad-2526-locust-run-b1edfbc11bce Created 
[2026-06-16 08:40:18,115] e012e98525a1/INFO/locust.main: Starting Locust 2.32.3
[2026-06-16 08:40:18,115] e012e98525a1/INFO/locust.main: Run time limit set to 300 seconds
[2026-06-16 08:40:18,116] e012e98525a1/INFO/locust.runners: Ramping to 400 users at a rate of 20.00 per second
[2026-06-16 08:40:37,144] e012e98525a1/INFO/locust.runners: All users spawned: {"BrowsingUser": 400} (400 total users)
[2026-06-16 08:40:43,122] e012e98525a1/WARNING/root: CPU usage above 90%! This may constrain your throughput and may even give inconsistent response time measurements! See https://docs.locust.io/en/stable/running-distributed.html for how to distribute the load over multiple CPU cores or machines
[2026-06-16 08:45:17,868] e012e98525a1/INFO/locust.main: --run-time limit reached, shutting down
[2026-06-16 08:45:17,948] e012e98525a1/WARNING/locust.runners: CPU usage was too high at some point during the test! See https://docs.locust.io/en/stable/running-distributed.html for how to distribute the load over multiple CPU cores or machines
[2026-06-16 08:45:17,948] e012e98525a1/INFO/locust.main: Shutting down (exit code 1)
Type     Name                                                                          # reqs      # fails |    Avg     Min     Max    Med |   req/s  failures/s
--------|----------------------------------------------------------------------------|-------|-------------|-------|-------|-------|-------|--------|-----------
GET      /feed/{user_id}                                                               190181 187042(98.35%) |     42       1    2427     18 |  634.31      623.84
GET      /feed/{user_id}?with_fof=true                                                  95029 93458(98.35%) |     42       1    2429     18 |  316.95      311.71
POST     /likes                                                                          9644     0(0.00%) |     20       2    1000     13 |   32.17        0.00
POST     /posts                                                                         14232 14030(98.58%) |     20       2     932     13 |   47.47       46.79
GET      /timeline/{user_id}                                                           118778 116778(98.32%) |     42       1    2459     18 |  396.16      389.49
GET      /users/{user_id}                                                               47771 46976(98.34%) |     44       2    2421     20 |  159.33      156.68
--------|----------------------------------------------------------------------------|-------|-------------|-------|-------|-------|-------|--------|-----------
         Aggregated                                                                    475635 458284(96.35%) |     41       1    2459     18 | 1586.39     1528.52

Response time percentiles (approximated)
Type     Name                                                                                  50%    66%    75%    80%    90%    95%    98%    99%  99.9% 99.99%   100% # reqs
--------|--------------------------------------------------------------------------------|--------|------|------|------|------|------|------|------|------|------|------|------
GET      /feed/{user_id}                                                                        18     32     48     63    110    170    220    260    580   2100   2400 190181
GET      /feed/{user_id}?with_fof=true                                                          18     33     49     64    120    170    220    260    440   2300   2400  95029
POST     /likes                                                                                 13     19     24     28     42     61     98    120    220   1000   1000   9644
POST     /posts                                                                                 13     19     23     27     40     58     91    110    210    920    930  14232
GET      /timeline/{user_id}                                                                    18     32     49     63    110    170    220    260    510   1900   2500 118778
GET      /users/{user_id}                                                                       20     35     51     66    120    170    220    260    910   2300   2400  47771
--------|--------------------------------------------------------------------------------|--------|------|------|------|------|------|------|------|------|------|------|------
         Aggregated                                                                             18     31     47     61    110    160    220    250    510   2100   2500 475635

Error report
# occurrences      Error                                                                                               
------------------|---------------------------------------------------------------------------------------------------------------------------------------------
93449              GET /feed/{user_id}?with_fof=true: HTTPError('404 Client Error: Not Found for url: /feed/{user_id}?with_fof=true')
187015             GET /feed/{user_id}: HTTPError('404 Client Error: Not Found for url: /feed/{user_id}')              
116761             GET /timeline/{user_id}: HTTPError('404 Client Error: Not Found for url: /timeline/{user_id}')      
46967              GET /users/{user_id}: HTTPError('404 Client Error: Not Found for url: /users/{user_id}')            
14030              POST /posts: HTTPError('404 Client Error: Not Found for url: /posts')                               
27                 GET /feed/{user_id}: HTTPError('500 Server Error: Internal Server Error for url: /feed/{user_id}')  
9                  GET /feed/{user_id}?with_fof=true: HTTPError('500 Server Error: Internal Server Error for url: /feed/{user_id}?with_fof=true')
17                 GET /timeline/{user_id}: HTTPError('500 Server Error: Internal Server Error for url: /timeline/{user_id}')
9                  GET /users/{user_id}: HTTPError('500 Server Error: Internal Server Error for url: /users/{user_id}')
------------------|---------------------------------------------------------------------------------------------------------------------------------------------


  → 500 utenti...
 Container ad2526-redis Running 
 Container ad2526-backend Running 
 Container ad2526-redis Waiting 
 Container ad2526-redis Healthy 
 Container ad-2526-locust-run-0555f568af44 Creating 
 Container ad-2526-locust-run-0555f568af44 Created 
[2026-06-16 08:45:20,786] 055926446d79/INFO/locust.main: Starting Locust 2.32.3
[2026-06-16 08:45:20,787] 055926446d79/INFO/locust.main: Run time limit set to 300 seconds
[2026-06-16 08:45:20,788] 055926446d79/INFO/locust.runners: Ramping to 500 users at a rate of 20.00 per second
[2026-06-16 08:45:40,791] 055926446d79/WARNING/root: CPU usage above 90%! This may constrain your throughput and may even give inconsistent response time measurements! See https://docs.locust.io/en/stable/running-distributed.html for how to distribute the load over multiple CPU cores or machines
[2026-06-16 08:45:44,846] 055926446d79/INFO/locust.runners: All users spawned: {"BrowsingUser": 500} (500 total users)
[2026-06-16 08:50:20,553] 055926446d79/INFO/locust.main: --run-time limit reached, shutting down
[2026-06-16 08:50:20,764] 055926446d79/WARNING/locust.runners: CPU usage was too high at some point during the test! See https://docs.locust.io/en/stable/running-distributed.html for how to distribute the load over multiple CPU cores or machines
[2026-06-16 08:50:20,764] 055926446d79/INFO/locust.main: Shutting down (exit code 1)
Type     Name                                                                          # reqs      # fails |    Avg     Min     Max    Med |   req/s  failures/s
--------|----------------------------------------------------------------------------|-------|-------------|-------|-------|-------|-------|--------|-----------
GET      /feed/{user_id}                                                               205363 202120(98.42%) |     73       1     544     51 |  684.63      673.81
GET      /feed/{user_id}?with_fof=true                                                 102006 100374(98.40%) |     73       1     550     51 |  340.06      334.62
POST     /likes                                                                         10169     0(0.00%) |     45       1     301     40 |   33.90        0.00
POST     /posts                                                                         15779 15537(98.47%) |     46       1     364     41 |   52.60       51.80
GET      /timeline/{user_id}                                                           128367 126294(98.39%) |     73       1     560     51 |  427.94      421.03
GET      /users/{user_id}                                                               50999 50198(98.43%) |     75       2     545     53 |  170.02      167.35
--------|----------------------------------------------------------------------------|-------|-------------|-------|-------|-------|-------|--------|-----------
         Aggregated                                                                    512683 494523(96.46%) |     71       1     560     50 | 1709.15     1648.61

Response time percentiles (approximated)
Type     Name                                                                                  50%    66%    75%    80%    90%    95%    98%    99%  99.9% 99.99%   100% # reqs
--------|--------------------------------------------------------------------------------|--------|------|------|------|------|------|------|------|------|------|------|------
GET      /feed/{user_id}                                                                        51     68     86    100    170    230    290    330    410    480    540 205363
GET      /feed/{user_id}?with_fof=true                                                          51     68     86    100    170    230    290    330    410    470    550 102006
POST     /likes                                                                                 40     49     56     61     77     98    140    180    260    290    300  10169
POST     /posts                                                                                 41     50     57     62     78     99    140    170    260    360    360  15779
GET      /timeline/{user_id}                                                                    51     68     86    100    170    230    290    330    410    480    560 128367
GET      /users/{user_id}                                                                       53     71     89    100    170    230    300    330    410    450    550  50999
--------|--------------------------------------------------------------------------------|--------|------|------|------|------|------|------|------|------|------|------|------
         Aggregated                                                                             50     67     84     99    160    220    290    330    410    480    560 512683

Error report
# occurrences      Error                                                                                               
------------------|---------------------------------------------------------------------------------------------------------------------------------------------
126294             GET /timeline/{user_id}: HTTPError('404 Client Error: Not Found for url: /timeline/{user_id}')      
202120             GET /feed/{user_id}: HTTPError('404 Client Error: Not Found for url: /feed/{user_id}')              
15537              POST /posts: HTTPError('404 Client Error: Not Found for url: /posts')                               
50198              GET /users/{user_id}: HTTPError('404 Client Error: Not Found for url: /users/{user_id}')            
100374             GET /feed/{user_id}?with_fof=true: HTTPError('404 Client Error: Not Found for url: /feed/{user_id}?with_fof=true')
------------------|---------------------------------------------------------------------------------------------------------------------------------------------


  → 700 utenti...
 Container ad2526-redis Running 
 Container ad2526-backend Running 
 Container ad2526-redis Waiting 
 Container ad2526-redis Healthy 
 Container ad-2526-locust-run-a1dc8a5348bf Creating 
 Container ad-2526-locust-run-a1dc8a5348bf Created 
[2026-06-16 08:50:23,753] f95965282013/INFO/locust.main: Starting Locust 2.32.3
[2026-06-16 08:50:23,754] f95965282013/INFO/locust.main: Run time limit set to 300 seconds
[2026-06-16 08:50:23,755] f95965282013/INFO/locust.runners: Ramping to 700 users at a rate of 20.00 per second
[2026-06-16 08:50:48,763] f95965282013/WARNING/root: CPU usage above 90%! This may constrain your throughput and may even give inconsistent response time measurements! See https://docs.locust.io/en/stable/running-distributed.html for how to distribute the load over multiple CPU cores or machines
[2026-06-16 08:50:58,016] f95965282013/INFO/locust.runners: All users spawned: {"BrowsingUser": 700} (700 total users)
[2026-06-16 08:55:23,548] f95965282013/INFO/locust.main: --run-time limit reached, shutting down
[2026-06-16 08:55:23,994] f95965282013/WARNING/locust.runners: CPU usage was too high at some point during the test! See https://docs.locust.io/en/stable/running-distributed.html for how to distribute the load over multiple CPU cores or machines
[2026-06-16 08:55:23,995] f95965282013/INFO/locust.main: Shutting down (exit code 1)
Type     Name                                                                          # reqs      # fails |    Avg     Min     Max    Med |   req/s  failures/s
--------|----------------------------------------------------------------------------|-------|-------------|-------|-------|-------|-------|--------|-----------
GET      /feed/{user_id}                                                               191074 187935(98.36%) |    184       1    1522    150 |  636.43      625.97
GET      /feed/{user_id}?with_fof=true                                                  95484 93961(98.40%) |    184       1    1481    160 |  318.04      312.96
POST     /likes                                                                          9597     0(0.00%) |    141       2    1184    140 |   31.97        0.00
POST     /posts                                                                         14361 14110(98.25%) |    142       2    1173    140 |   47.83       47.00
GET      /timeline/{user_id}                                                           119787 117856(98.39%) |    184       1    1550    160 |  398.99      392.55
GET      /users/{user_id}                                                               48316 47502(98.32%) |    189       2    1423    160 |  160.93      158.22
--------|----------------------------------------------------------------------------|-------|-------------|-------|-------|-------|-------|--------|-----------
         Aggregated                                                                    478619 461364(96.39%) |    182       1    1550    150 | 1594.18     1536.71

Response time percentiles (approximated)
Type     Name                                                                                  50%    66%    75%    80%    90%    95%    98%    99%  99.9% 99.99%   100% # reqs
--------|--------------------------------------------------------------------------------|--------|------|------|------|------|------|------|------|------|------|------|------
GET      /feed/{user_id}                                                                       150    190    220    250    330    410    490    540   1000   1400   1500 191074
GET      /feed/{user_id}?with_fof=true                                                         160    190    220    250    330    410    480    540    970   1300   1500  95484
POST     /likes                                                                                140    150    170    180    210    230    280    320    870   1200   1200   9597
POST     /posts                                                                                140    150    170    180    210    230    280    320    550   1100   1200  14361
GET      /timeline/{user_id}                                                                   160    190    220    250    330    410    480    530   1000   1300   1600 119787
GET      /users/{user_id}                                                                      160    200    230    250    340    410    490    550   1000   1300   1400  48316
--------|--------------------------------------------------------------------------------|--------|------|------|------|------|------|------|------|------|------|------|------
         Aggregated                                                                            150    190    220    240    330    400    480    540   1000   1300   1600 478619

Error report
# occurrences      Error                                                                                               
------------------|---------------------------------------------------------------------------------------------------------------------------------------------
187923             GET /feed/{user_id}: HTTPError('404 Client Error: Not Found for url: /feed/{user_id}')              
93955              GET /feed/{user_id}?with_fof=true: HTTPError('404 Client Error: Not Found for url: /feed/{user_id}?with_fof=true')
14110              POST /posts: HTTPError('404 Client Error: Not Found for url: /posts')                               
117852             GET /timeline/{user_id}: HTTPError('404 Client Error: Not Found for url: /timeline/{user_id}')      
47500              GET /users/{user_id}: HTTPError('404 Client Error: Not Found for url: /users/{user_id}')            
6                  GET /feed/{user_id}?with_fof=true: HTTPError('500 Server Error: Internal Server Error for url: /feed/{user_id}?with_fof=true')
12                 GET /feed/{user_id}: HTTPError('500 Server Error: Internal Server Error for url: /feed/{user_id}')  
4                  GET /timeline/{user_id}: HTTPError('500 Server Error: Internal Server Error for url: /timeline/{user_id}')
2                  GET /users/{user_id}: HTTPError('500 Server Error: Internal Server Error for url: /users/{user_id}')
------------------|---------------------------------------------------------------------------------------------------------------------------------------------



==============================
 Strategia: push_feed
==============================
 Container ad2526-redis Running 
 Container ad2526-backend Recreate 
 Container ad2526-backend Recreated 
 Container ad2526-redis Waiting 
 Container ad2526-redis Healthy 
 Container ad2526-backend Starting 
 Container ad2526-backend Started 
  → 10 utenti...
 Container ad2526-redis Running 
 Container ad2526-backend Running 
 Container ad2526-redis Waiting 
 Container ad2526-redis Healthy 
 Container ad-2526-locust-run-bef6a78d7c66 Creating 
 Container ad-2526-locust-run-bef6a78d7c66 Created 
[2026-06-16 08:55:34,101] 6bf114c7daa2/INFO/locust.main: Starting Locust 2.32.3
[2026-06-16 08:55:34,102] 6bf114c7daa2/INFO/locust.main: Run time limit set to 300 seconds
[2026-06-16 08:55:34,103] 6bf114c7daa2/INFO/locust.runners: Ramping to 10 users at a rate of 20.00 per second
[2026-06-16 08:55:34,103] 6bf114c7daa2/INFO/locust.runners: All users spawned: {"BrowsingUser": 10} (10 total users)
[2026-06-16 09:00:33,857] 6bf114c7daa2/INFO/locust.main: --run-time limit reached, shutting down
[2026-06-16 09:00:33,883] 6bf114c7daa2/INFO/locust.main: Shutting down (exit code 1)
Type     Name                                                                          # reqs      # fails |    Avg     Min     Max    Med |   req/s  failures/s
--------|----------------------------------------------------------------------------|-------|-------------|-------|-------|-------|-------|--------|-----------
GET      /feed/{user_id}                                                                 5853 5753(98.29%) |      3       1      36      3 |   19.53       19.19
GET      /feed/{user_id}?with_fof=true                                                   2967 2915(98.25%) |      3       1     181      3 |    9.90        9.73
POST     /likes                                                                           303     0(0.00%) |      3       2      22      3 |    1.01        0.00
POST     /posts                                                                           423  416(98.35%) |      3       2      16      3 |    1.41        1.39
GET      /timeline/{user_id}                                                             3614 3563(98.59%) |      3       1      68      3 |   12.06       11.89
GET      /users/{user_id}                                                                1490 1462(98.12%) |      3       2      43      3 |    4.97        4.88
--------|----------------------------------------------------------------------------|-------|-------------|-------|-------|-------|-------|--------|-----------
         Aggregated                                                                     14650 14109(96.31%) |      3       1     181      3 |   48.88       47.07

Response time percentiles (approximated)
Type     Name                                                                                  50%    66%    75%    80%    90%    95%    98%    99%  99.9% 99.99%   100% # reqs
--------|--------------------------------------------------------------------------------|--------|------|------|------|------|------|------|------|------|------|------|------
GET      /feed/{user_id}                                                                         3      3      3      3      4      4      4      4     31     37     37   5853
GET      /feed/{user_id}?with_fof=true                                                           3      3      3      3      4      4      4      5    180    180    180   2967
POST     /likes                                                                                  3      3      3      4      4      4      5      5     22     22     22    303
POST     /posts                                                                                  3      3      4      4      4      4      5     12     17     17     17    423
GET      /timeline/{user_id}                                                                     3      3      3      3      4      4      4      5     61     69     69   3614
GET      /users/{user_id}                                                                        3      4      4      4      4      4      5      6     23     43     43   1490
--------|--------------------------------------------------------------------------------|--------|------|------|------|------|------|------|------|------|------|------|------
         Aggregated                                                                              3      3      3      3      4      4      4      5     92    180    180  14650

Error report
# occurrences      Error                                                                                               
------------------|---------------------------------------------------------------------------------------------------------------------------------------------
2915               GET /feed/{user_id}?with_fof=true: HTTPError('404 Client Error: Not Found for url: /feed/{user_id}?with_fof=true')
5753               GET /feed/{user_id}: HTTPError('404 Client Error: Not Found for url: /feed/{user_id}')              
3563               GET /timeline/{user_id}: HTTPError('404 Client Error: Not Found for url: /timeline/{user_id}')      
1462               GET /users/{user_id}: HTTPError('404 Client Error: Not Found for url: /users/{user_id}')            
416                POST /posts: HTTPError('404 Client Error: Not Found for url: /posts')                               
------------------|---------------------------------------------------------------------------------------------------------------------------------------------


  → 25 utenti...
 Container ad2526-redis Running 
 Container ad2526-backend Running 
 Container ad2526-redis Waiting 
 Container ad2526-redis Healthy 
 Container ad-2526-locust-run-e02ed378ffa8 Creating 
 Container ad-2526-locust-run-e02ed378ffa8 Created 
[2026-06-16 09:00:35,534] 652bb94a1953/INFO/locust.main: Starting Locust 2.32.3
[2026-06-16 09:00:35,535] 652bb94a1953/INFO/locust.main: Run time limit set to 300 seconds
[2026-06-16 09:00:35,536] 652bb94a1953/INFO/locust.runners: Ramping to 25 users at a rate of 20.00 per second
[2026-06-16 09:00:36,538] 652bb94a1953/INFO/locust.runners: All users spawned: {"BrowsingUser": 25} (25 total users)
[2026-06-16 09:05:35,294] 652bb94a1953/INFO/locust.main: --run-time limit reached, shutting down
[2026-06-16 09:05:35,321] 652bb94a1953/INFO/locust.main: Shutting down (exit code 1)
Type     Name                                                                          # reqs      # fails |    Avg     Min     Max    Med |   req/s  failures/s
--------|----------------------------------------------------------------------------|-------|-------------|-------|-------|-------|-------|--------|-----------
GET      /feed/{user_id}                                                                14721 14483(98.38%) |      2       1      35      3 |   49.11       48.32
GET      /feed/{user_id}?with_fof=true                                                   7443 7313(98.25%) |      3       1     184      3 |   24.83       24.40
POST     /likes                                                                           725     0(0.00%) |      3       2      29      3 |    2.42        0.00
POST     /posts                                                                          1117 1104(98.84%) |      3       1      20      3 |    3.73        3.68
GET      /timeline/{user_id}                                                             9103 8956(98.39%) |      2       1      72      3 |   30.37       29.88
GET      /users/{user_id}                                                                3602 3548(98.50%) |      3       1      39      3 |   12.02       11.84
--------|----------------------------------------------------------------------------|-------|-------------|-------|-------|-------|-------|--------|-----------
         Aggregated                                                                     36711 35404(96.44%) |      3       1     184      3 |  122.47      118.11

Response time percentiles (approximated)
Type     Name                                                                                  50%    66%    75%    80%    90%    95%    98%    99%  99.9% 99.99%   100% # reqs
--------|--------------------------------------------------------------------------------|--------|------|------|------|------|------|------|------|------|------|------|------
GET      /feed/{user_id}                                                                         3      3      3      3      3      4      4      4     24     34     35  14721
GET      /feed/{user_id}?with_fof=true                                                           3      3      3      3      3      4      4      4    170    180    180   7443
POST     /likes                                                                                  3      3      3      3      4      4      4      5     29     29     29    725
POST     /posts                                                                                  3      3      3      3      4      4      4      8     16     21     21   1117
GET      /timeline/{user_id}                                                                     3      3      3      3      3      4      4      4     57     72     72   9103
GET      /users/{user_id}                                                                        3      3      4      4      4      4      4      5     22     40     40   3602
--------|--------------------------------------------------------------------------------|--------|------|------|------|------|------|------|------|------|------|------|------
         Aggregated                                                                              3      3      3      3      3      4      4      4     57    180    180  36711

Error report
# occurrences      Error                                                                                               
------------------|---------------------------------------------------------------------------------------------------------------------------------------------
7313               GET /feed/{user_id}?with_fof=true: HTTPError('404 Client Error: Not Found for url: /feed/{user_id}?with_fof=true')
14483              GET /feed/{user_id}: HTTPError('404 Client Error: Not Found for url: /feed/{user_id}')              
8956               GET /timeline/{user_id}: HTTPError('404 Client Error: Not Found for url: /timeline/{user_id}')      
3548               GET /users/{user_id}: HTTPError('404 Client Error: Not Found for url: /users/{user_id}')            
1104               POST /posts: HTTPError('404 Client Error: Not Found for url: /posts')                               
------------------|---------------------------------------------------------------------------------------------------------------------------------------------


  → 50 utenti...
 Container ad2526-redis Running 
 Container ad2526-backend Running 
 Container ad2526-redis Waiting 
 Container ad2526-redis Healthy 
 Container ad-2526-locust-run-454f29156ba6 Creating 
 Container ad-2526-locust-run-454f29156ba6 Created 
[2026-06-16 09:05:37,000] 980e21af520c/INFO/locust.main: Starting Locust 2.32.3
[2026-06-16 09:05:37,000] 980e21af520c/INFO/locust.main: Run time limit set to 300 seconds
[2026-06-16 09:05:37,001] 980e21af520c/INFO/locust.runners: Ramping to 50 users at a rate of 20.00 per second
[2026-06-16 09:05:39,004] 980e21af520c/INFO/locust.runners: All users spawned: {"BrowsingUser": 50} (50 total users)
[2026-06-16 09:10:36,758] 980e21af520c/INFO/locust.main: --run-time limit reached, shutting down
[2026-06-16 09:10:36,787] 980e21af520c/INFO/locust.main: Shutting down (exit code 1)
Type     Name                                                                          # reqs      # fails |    Avg     Min     Max    Med |   req/s  failures/s
--------|----------------------------------------------------------------------------|-------|-------------|-------|-------|-------|-------|--------|-----------
GET      /feed/{user_id}                                                                29290 28768(98.22%) |      2       1      35      3 |   97.70       95.96
GET      /feed/{user_id}?with_fof=true                                                  14701 14460(98.36%) |      3       1     188      3 |   49.04       48.23
POST     /likes                                                                          1476     0(0.00%) |      3       1      25      3 |    4.92        0.00
POST     /posts                                                                          2162 2124(98.24%) |      3       1      20      3 |    7.21        7.09
GET      /timeline/{user_id}                                                            18513 18201(98.31%) |      2       1      68      3 |   61.75       60.71
GET      /users/{user_id}                                                                7300 7192(98.52%) |      3       1      40      3 |   24.35       23.99
--------|----------------------------------------------------------------------------|-------|-------------|-------|-------|-------|-------|--------|-----------
         Aggregated                                                                     73442 70745(96.33%) |      2       1     188      3 |  244.98      235.99

Response time percentiles (approximated)
Type     Name                                                                                  50%    66%    75%    80%    90%    95%    98%    99%  99.9% 99.99%   100% # reqs
--------|--------------------------------------------------------------------------------|--------|------|------|------|------|------|------|------|------|------|------|------
GET      /feed/{user_id}                                                                         3      3      3      3      3      4      4      4     22     33     36  29290
GET      /feed/{user_id}?with_fof=true                                                           3      3      3      3      3      4      4      5    150    180    190  14701
POST     /likes                                                                                  3      3      3      3      4      4      5      5     22     25     25   1476
POST     /posts                                                                                  3      3      3      3      4      4      5     11     14     20     20   2162
GET      /timeline/{user_id}                                                                     3      3      3      3      3      4      4      5     27     67     68  18513
GET      /users/{user_id}                                                                        3      3      3      3      4      4      5      5     22     40     40   7300
--------|--------------------------------------------------------------------------------|--------|------|------|------|------|------|------|------|------|------|------|------
         Aggregated                                                                              3      3      3      3      3      4      4      5     26    170    190  73442

Error report
# occurrences      Error                                                                                               
------------------|---------------------------------------------------------------------------------------------------------------------------------------------
14460              GET /feed/{user_id}?with_fof=true: HTTPError('404 Client Error: Not Found for url: /feed/{user_id}?with_fof=true')
28768              GET /feed/{user_id}: HTTPError('404 Client Error: Not Found for url: /feed/{user_id}')              
18201              GET /timeline/{user_id}: HTTPError('404 Client Error: Not Found for url: /timeline/{user_id}')      
7192               GET /users/{user_id}: HTTPError('404 Client Error: Not Found for url: /users/{user_id}')            
2124               POST /posts: HTTPError('404 Client Error: Not Found for url: /posts')                               
------------------|---------------------------------------------------------------------------------------------------------------------------------------------


  → 75 utenti...
 Container ad2526-redis Running 
 Container ad2526-backend Running 
 Container ad2526-redis Waiting 
 Container ad2526-redis Healthy 
 Container ad-2526-locust-run-fa3ab020bddb Creating 
 Container ad-2526-locust-run-fa3ab020bddb Created 
[2026-06-16 09:10:38,471] 15aef5aa7d59/INFO/locust.main: Starting Locust 2.32.3
[2026-06-16 09:10:38,472] 15aef5aa7d59/INFO/locust.main: Run time limit set to 300 seconds
[2026-06-16 09:10:38,473] 15aef5aa7d59/INFO/locust.runners: Ramping to 75 users at a rate of 20.00 per second
[2026-06-16 09:10:41,476] 15aef5aa7d59/INFO/locust.runners: All users spawned: {"BrowsingUser": 75} (75 total users)
[2026-06-16 09:15:38,226] 15aef5aa7d59/INFO/locust.main: --run-time limit reached, shutting down
[2026-06-16 09:15:38,255] 15aef5aa7d59/INFO/locust.main: Shutting down (exit code 1)
Type     Name                                                                          # reqs      # fails |    Avg     Min     Max    Med |   req/s  failures/s
--------|----------------------------------------------------------------------------|-------|-------------|-------|-------|-------|-------|--------|-----------
GET      /feed/{user_id}                                                                44210 43488(98.37%) |      2       1     258      3 |  147.49      145.08
GET      /feed/{user_id}?with_fof=true                                                  22088 21728(98.37%) |      3       1     349      3 |   73.69       72.49
POST     /likes                                                                          2234     0(0.00%) |      3       1      34      3 |    7.45        0.00
POST     /posts                                                                          3301 3238(98.09%) |      3       1      28      3 |   11.01       10.80
GET      /timeline/{user_id}                                                            27134 26701(98.40%) |      2       1     332      3 |   90.52       89.08
GET      /users/{user_id}                                                               10995 10827(98.47%) |      3       1     368      3 |   36.68       36.12
--------|----------------------------------------------------------------------------|-------|-------------|-------|-------|-------|-------|--------|-----------
         Aggregated                                                                    109962 105982(96.38%) |      3       1     368      3 |  366.84      353.57

Response time percentiles (approximated)
Type     Name                                                                                  50%    66%    75%    80%    90%    95%    98%    99%  99.9% 99.99%   100% # reqs
--------|--------------------------------------------------------------------------------|--------|------|------|------|------|------|------|------|------|------|------|------
GET      /feed/{user_id}                                                                         3      3      3      3      4      4      5      7     31    100    260  44210
GET      /feed/{user_id}?with_fof=true                                                           3      3      3      3      4      4      5     11    130    190    350  22088
POST     /likes                                                                                  3      3      3      3      4      4      5      6     25     34     34   2234
POST     /posts                                                                                  3      3      3      4      4      5      8     12     27     29     29   3301
GET      /timeline/{user_id}                                                                     3      3      3      3      4      4      5      7     32    240    330  27134
GET      /users/{user_id}                                                                        3      3      4      4      4      5      6     12     34    250    370  10995
--------|--------------------------------------------------------------------------------|--------|------|------|------|------|------|------|------|------|------|------|------
         Aggregated                                                                              3      3      3      3      4      4      5      9     33    190    370 109962

Error report
# occurrences      Error                                                                                               
------------------|---------------------------------------------------------------------------------------------------------------------------------------------
21728              GET /feed/{user_id}?with_fof=true: HTTPError('404 Client Error: Not Found for url: /feed/{user_id}?with_fof=true')
26701              GET /timeline/{user_id}: HTTPError('404 Client Error: Not Found for url: /timeline/{user_id}')      
43488              GET /feed/{user_id}: HTTPError('404 Client Error: Not Found for url: /feed/{user_id}')              
10827              GET /users/{user_id}: HTTPError('404 Client Error: Not Found for url: /users/{user_id}')            
3238               POST /posts: HTTPError('404 Client Error: Not Found for url: /posts')                               
------------------|---------------------------------------------------------------------------------------------------------------------------------------------


  → 100 utenti...
 Container ad2526-redis Running 
 Container ad2526-backend Running 
 Container ad2526-redis Waiting 
 Container ad2526-redis Healthy 
 Container ad-2526-locust-run-2b6d26f3d2cd Creating 
 Container ad-2526-locust-run-2b6d26f3d2cd Created 
[2026-06-16 09:15:40,048] 6adefc249223/INFO/locust.main: Starting Locust 2.32.3
[2026-06-16 09:15:40,049] 6adefc249223/INFO/locust.main: Run time limit set to 300 seconds
[2026-06-16 09:15:40,050] 6adefc249223/INFO/locust.runners: Ramping to 100 users at a rate of 20.00 per second
[2026-06-16 09:15:44,054] 6adefc249223/INFO/locust.runners: All users spawned: {"BrowsingUser": 100} (100 total users)
[2026-06-16 09:20:39,802] 6adefc249223/INFO/locust.main: --run-time limit reached, shutting down
[2026-06-16 09:20:39,834] 6adefc249223/INFO/locust.main: Shutting down (exit code 1)
Type     Name                                                                          # reqs      # fails |    Avg     Min     Max    Med |   req/s  failures/s
--------|----------------------------------------------------------------------------|-------|-------------|-------|-------|-------|-------|--------|-----------
GET      /feed/{user_id}                                                                58548 57627(98.43%) |      3       1      53      3 |  195.32      192.25
GET      /feed/{user_id}?with_fof=true                                                  29217 28740(98.37%) |      3       1     191      3 |   97.47       95.88
POST     /likes                                                                          2963     0(0.00%) |      3       2      37      3 |    9.88        0.00
POST     /posts                                                                          4404 4324(98.18%) |      3       1      35      3 |   14.69       14.43
GET      /timeline/{user_id}                                                            36343 35720(98.29%) |      3       1      81      3 |  121.24      119.17
GET      /users/{user_id}                                                               14726 14496(98.44%) |      3       1      55      3 |   49.13       48.36
--------|----------------------------------------------------------------------------|-------|-------------|-------|-------|-------|-------|--------|-----------
         Aggregated                                                                    146201 140907(96.38%) |      3       1     191      3 |  487.74      470.08

Response time percentiles (approximated)
Type     Name                                                                                  50%    66%    75%    80%    90%    95%    98%    99%  99.9% 99.99%   100% # reqs
--------|--------------------------------------------------------------------------------|--------|------|------|------|------|------|------|------|------|------|------|------
GET      /feed/{user_id}                                                                         3      3      3      3      4      4      5     11     33     46     54  58548
GET      /feed/{user_id}?with_fof=true                                                           3      3      3      3      4      4      6     12    100    190    190  29217
POST     /likes                                                                                  3      3      4      4      4      5      6      7     32     37     37   2963
POST     /posts                                                                                  3      3      4      4      4      5     11     13     28     35     35   4404
GET      /timeline/{user_id}                                                                     3      3      3      3      4      4      5     10     31     46     82  36343
GET      /users/{user_id}                                                                        3      4      4      4      4      5      6     14     31     48     56  14726
--------|--------------------------------------------------------------------------------|--------|------|------|------|------|------|------|------|------|------|------|------
         Aggregated                                                                              3      3      3      3      4      5      6     12     34    170    190 146201

Error report
# occurrences      Error                                                                                               
------------------|---------------------------------------------------------------------------------------------------------------------------------------------
57627              GET /feed/{user_id}: HTTPError('404 Client Error: Not Found for url: /feed/{user_id}')              
35720              GET /timeline/{user_id}: HTTPError('404 Client Error: Not Found for url: /timeline/{user_id}')      
28740              GET /feed/{user_id}?with_fof=true: HTTPError('404 Client Error: Not Found for url: /feed/{user_id}?with_fof=true')
14496              GET /users/{user_id}: HTTPError('404 Client Error: Not Found for url: /users/{user_id}')            
4324               POST /posts: HTTPError('404 Client Error: Not Found for url: /posts')                               
------------------|---------------------------------------------------------------------------------------------------------------------------------------------


  → 150 utenti...
 Container ad2526-redis Running 
 Container ad2526-backend Running 
 Container ad2526-redis Waiting 
 Container ad2526-redis Healthy 
 Container ad-2526-locust-run-3249347991d5 Creating 
 Container ad-2526-locust-run-3249347991d5 Created 
[2026-06-16 09:20:41,608] 68f581a33501/INFO/locust.main: Starting Locust 2.32.3
[2026-06-16 09:20:41,609] 68f581a33501/INFO/locust.main: Run time limit set to 300 seconds
[2026-06-16 09:20:41,610] 68f581a33501/INFO/locust.runners: Ramping to 150 users at a rate of 20.00 per second
[2026-06-16 09:20:48,617] 68f581a33501/INFO/locust.runners: All users spawned: {"BrowsingUser": 150} (150 total users)
[2026-06-16 09:25:41,366] 68f581a33501/INFO/locust.main: --run-time limit reached, shutting down
[2026-06-16 09:25:41,404] 68f581a33501/INFO/locust.main: Shutting down (exit code 1)
Type     Name                                                                          # reqs      # fails |    Avg     Min     Max    Med |   req/s  failures/s
--------|----------------------------------------------------------------------------|-------|-------------|-------|-------|-------|-------|--------|-----------
GET      /feed/{user_id}                                                                86578 85274(98.49%) |      5       1     127      3 |  288.80      284.45
GET      /feed/{user_id}?with_fof=true                                                  43333 42632(98.38%) |      5       1     202      3 |  144.54      142.21
POST     /likes                                                                          4273     0(0.00%) |      4       1      61      3 |   14.25        0.00
POST     /posts                                                                          6532 6440(98.59%) |      4       1      56      3 |   21.79       21.48
GET      /timeline/{user_id}                                                            53990 53093(98.34%) |      5       1     124      3 |  180.09      177.10
GET      /users/{user_id}                                                               21585 21218(98.30%) |      6       1     123      4 |   72.00       70.78
--------|----------------------------------------------------------------------------|-------|-------------|-------|-------|-------|-------|--------|-----------
         Aggregated                                                                    216291 208657(96.47%) |      5       1     202      3 |  721.48      696.01

Response time percentiles (approximated)
Type     Name                                                                                  50%    66%    75%    80%    90%    95%    98%    99%  99.9% 99.99%   100% # reqs
--------|--------------------------------------------------------------------------------|--------|------|------|------|------|------|------|------|------|------|------|------
GET      /feed/{user_id}                                                                         3      4      4      4      7     17     33     45     83    110    130  86578
GET      /feed/{user_id}?with_fof=true                                                           3      4      4      4      7     17     33     47     98    190    200  43333
POST     /likes                                                                                  3      4      4      5      6      7     11     20     35     62     62   4273
POST     /posts                                                                                  3      4      4      5      6      7     12     19     41     56     56   6532
GET      /timeline/{user_id}                                                                     3      4      4      4      7     17     33     45     81    110    120  53990
GET      /users/{user_id}                                                                        4      4      5      5     12     20     34     48     87    110    120  21585
--------|--------------------------------------------------------------------------------|--------|------|------|------|------|------|------|------|------|------|------|------
         Aggregated                                                                              3      4      4      4      7     17     32     45     84    160    200 216291

Error report
# occurrences      Error                                                                                               
------------------|---------------------------------------------------------------------------------------------------------------------------------------------
85274              GET /feed/{user_id}: HTTPError('404 Client Error: Not Found for url: /feed/{user_id}')              
6440               POST /posts: HTTPError('404 Client Error: Not Found for url: /posts')                               
21218              GET /users/{user_id}: HTTPError('404 Client Error: Not Found for url: /users/{user_id}')            
53093              GET /timeline/{user_id}: HTTPError('404 Client Error: Not Found for url: /timeline/{user_id}')      
42632              GET /feed/{user_id}?with_fof=true: HTTPError('404 Client Error: Not Found for url: /feed/{user_id}?with_fof=true')
------------------|---------------------------------------------------------------------------------------------------------------------------------------------


  → 200 utenti...
 Container ad2526-redis Running 
 Container ad2526-backend Running 
 Container ad2526-redis Waiting 
 Container ad2526-redis Healthy 
 Container ad-2526-locust-run-84a7deff27e4 Creating 
 Container ad-2526-locust-run-84a7deff27e4 Created 
[2026-06-16 09:25:43,451] 292e2f56ce36/INFO/locust.main: Starting Locust 2.32.3
[2026-06-16 09:25:43,452] 292e2f56ce36/INFO/locust.main: Run time limit set to 300 seconds
[2026-06-16 09:25:43,453] 292e2f56ce36/INFO/locust.runners: Ramping to 200 users at a rate of 20.00 per second
[2026-06-16 09:25:52,461] 292e2f56ce36/INFO/locust.runners: All users spawned: {"BrowsingUser": 200} (200 total users)
[2026-06-16 09:30:43,206] 292e2f56ce36/INFO/locust.main: --run-time limit reached, shutting down
[2026-06-16 09:30:43,245] 292e2f56ce36/INFO/locust.main: Shutting down (exit code 1)
Type     Name                                                                          # reqs      # fails |    Avg     Min     Max    Med |   req/s  failures/s
--------|----------------------------------------------------------------------------|-------|-------------|-------|-------|-------|-------|--------|-----------
GET      /feed/{user_id}                                                               113291 111491(98.41%) |      7       1     258      4 |  377.91      371.90
GET      /feed/{user_id}?with_fof=true                                                  56755 55862(98.43%) |      7       1     266      4 |  189.32      186.34
POST     /likes                                                                          5667     0(0.00%) |      5       1      67      4 |   18.90        0.00
POST     /posts                                                                          8486 8383(98.79%) |      5       1      57      4 |   28.31       27.96
GET      /timeline/{user_id}                                                            71045 69854(98.32%) |      7       1     225      4 |  236.99      233.01
GET      /users/{user_id}                                                               28254 27787(98.35%) |      8       1     270      4 |   94.25       92.69
--------|----------------------------------------------------------------------------|-------|-------------|-------|-------|-------|-------|--------|-----------
         Aggregated                                                                    283498 273377(96.43%) |      7       1     270      4 |  945.67      911.91

Response time percentiles (approximated)
Type     Name                                                                                  50%    66%    75%    80%    90%    95%    98%    99%  99.9% 99.99%   100% # reqs
--------|--------------------------------------------------------------------------------|--------|------|------|------|------|------|------|------|------|------|------|------
GET      /feed/{user_id}                                                                         4      4      5      6     17     33     56     73    120    180    260 113291
GET      /feed/{user_id}?with_fof=true                                                           4      4      5      6     17     33     56     73    130    200    270  56755
POST     /likes                                                                                  4      5      5      6      8     11     18     27     51     68     68   5667
POST     /posts                                                                                  4      5      5      6      8     11     21     29     48     58     58   8486
GET      /timeline/{user_id}                                                                     4      4      5      6     17     32     57     73    120    190    230  71045
GET      /users/{user_id}                                                                        4      5      6      8     20     35     59     76    130    200    270  28254
--------|--------------------------------------------------------------------------------|--------|------|------|------|------|------|------|------|------|------|------|------
         Aggregated                                                                              4      4      5      6     17     32     55     72    120    190    270 283498

Error report
# occurrences      Error                                                                                               
------------------|---------------------------------------------------------------------------------------------------------------------------------------------
55862              GET /feed/{user_id}?with_fof=true: HTTPError('404 Client Error: Not Found for url: /feed/{user_id}?with_fof=true')
111491             GET /feed/{user_id}: HTTPError('404 Client Error: Not Found for url: /feed/{user_id}')              
69854              GET /timeline/{user_id}: HTTPError('404 Client Error: Not Found for url: /timeline/{user_id}')      
27787              GET /users/{user_id}: HTTPError('404 Client Error: Not Found for url: /users/{user_id}')            
8383               POST /posts: HTTPError('404 Client Error: Not Found for url: /posts')                               
------------------|---------------------------------------------------------------------------------------------------------------------------------------------


  → 300 utenti...
 Container ad2526-redis Running 
 Container ad2526-backend Running 
 Container ad2526-redis Waiting 
 Container ad2526-redis Healthy 
 Container ad-2526-locust-run-7c8c15bbe526 Creating 
 Container ad-2526-locust-run-7c8c15bbe526 Created 
[2026-06-16 09:30:45,361] 4c6f963dd13d/INFO/locust.main: Starting Locust 2.32.3
[2026-06-16 09:30:45,361] 4c6f963dd13d/INFO/locust.main: Run time limit set to 300 seconds
[2026-06-16 09:30:45,362] 4c6f963dd13d/INFO/locust.runners: Ramping to 300 users at a rate of 20.00 per second
[2026-06-16 09:30:59,399] 4c6f963dd13d/INFO/locust.runners: All users spawned: {"BrowsingUser": 300} (300 total users)
[2026-06-16 09:35:45,122] 4c6f963dd13d/INFO/locust.main: --run-time limit reached, shutting down
[2026-06-16 09:35:45,174] 4c6f963dd13d/INFO/locust.main: Shutting down (exit code 1)
Type     Name                                                                          # reqs      # fails |    Avg     Min     Max    Med |   req/s  failures/s
--------|----------------------------------------------------------------------------|-------|-------------|-------|-------|-------|-------|--------|-----------
GET      /feed/{user_id}                                                               156930 154397(98.39%) |     23       1    1396      6 |  523.44      514.99
GET      /feed/{user_id}?with_fof=true                                                  78762 77479(98.37%) |     23       1    1355      6 |  262.71      258.43
POST     /likes                                                                          8025     0(0.00%) |      9       1     520      6 |   26.77        0.00
POST     /posts                                                                         11627 11419(98.21%) |      9       2     463      6 |   38.78       38.09
GET      /timeline/{user_id}                                                            98161 96549(98.36%) |     23       1    1300      6 |  327.42      322.04
GET      /users/{user_id}                                                               39148 38534(98.43%) |     24       2    1072      7 |  130.58      128.53
--------|----------------------------------------------------------------------------|-------|-------------|-------|-------|-------|-------|--------|-----------
         Aggregated                                                                    392653 378378(96.36%) |     22       1    1396      6 | 1309.69     1262.08

Response time percentiles (approximated)
Type     Name                                                                                  50%    66%    75%    80%    90%    95%    98%    99%  99.9% 99.99%   100% # reqs
--------|--------------------------------------------------------------------------------|--------|------|------|------|------|------|------|------|------|------|------|------
GET      /feed/{user_id}                                                                         6     10     21     31     68    110    160    190    430    960   1400 156930
GET      /feed/{user_id}?with_fof=true                                                           6     11     21     31     68    110    160    190    480    960   1400  78762
POST     /likes                                                                                  6      7      9     10     16     25     45     62    110    520    520   8025
POST     /posts                                                                                  6      7      9     10     17     29     48     66    110    260    460  11627
GET      /timeline/{user_id}                                                                     6     11     21     31     68    110    160    190    420    950   1300  98161
GET      /users/{user_id}                                                                        7     14     24     33     70    110    160    190    310    940   1100  39148
--------|--------------------------------------------------------------------------------|--------|------|------|------|------|------|------|------|------|------|------|------
         Aggregated                                                                              6     10     20     29     65    110    160    180    410    950   1400 392653

Error report
# occurrences      Error                                                                                               
------------------|---------------------------------------------------------------------------------------------------------------------------------------------
154380             GET /feed/{user_id}: HTTPError('404 Client Error: Not Found for url: /feed/{user_id}')              
96536              GET /timeline/{user_id}: HTTPError('404 Client Error: Not Found for url: /timeline/{user_id}')      
11419              POST /posts: HTTPError('404 Client Error: Not Found for url: /posts')                               
77469              GET /feed/{user_id}?with_fof=true: HTTPError('404 Client Error: Not Found for url: /feed/{user_id}?with_fof=true')
38532              GET /users/{user_id}: HTTPError('404 Client Error: Not Found for url: /users/{user_id}')            
17                 GET /feed/{user_id}: HTTPError('500 Server Error: Internal Server Error for url: /feed/{user_id}')  
10                 GET /feed/{user_id}?with_fof=true: HTTPError('500 Server Error: Internal Server Error for url: /feed/{user_id}?with_fof=true')
13                 GET /timeline/{user_id}: HTTPError('500 Server Error: Internal Server Error for url: /timeline/{user_id}')
2                  GET /users/{user_id}: HTTPError('500 Server Error: Internal Server Error for url: /users/{user_id}')
------------------|---------------------------------------------------------------------------------------------------------------------------------------------


  → 400 utenti...
 Container ad2526-redis Running 
 Container ad2526-backend Running 
 Container ad2526-redis Waiting 
 Container ad2526-redis Healthy 
 Container ad-2526-locust-run-ac554cb78dea Creating 
 Container ad-2526-locust-run-ac554cb78dea Created 
[2026-06-16 09:35:47,698] f5c7ad38127c/INFO/locust.main: Starting Locust 2.32.3
[2026-06-16 09:35:47,699] f5c7ad38127c/INFO/locust.main: Run time limit set to 300 seconds
[2026-06-16 09:35:47,700] f5c7ad38127c/INFO/locust.runners: Ramping to 400 users at a rate of 20.00 per second
[2026-06-16 09:36:06,737] f5c7ad38127c/INFO/locust.runners: All users spawned: {"BrowsingUser": 400} (400 total users)
[2026-06-16 09:36:07,703] f5c7ad38127c/WARNING/root: CPU usage above 90%! This may constrain your throughput and may even give inconsistent response time measurements! See https://docs.locust.io/en/stable/running-distributed.html for how to distribute the load over multiple CPU cores or machines
[2026-06-16 09:40:47,459] f5c7ad38127c/INFO/locust.main: --run-time limit reached, shutting down
[2026-06-16 09:40:47,541] f5c7ad38127c/WARNING/locust.runners: CPU usage was too high at some point during the test! See https://docs.locust.io/en/stable/running-distributed.html for how to distribute the load over multiple CPU cores or machines
[2026-06-16 09:40:47,541] f5c7ad38127c/INFO/locust.main: Shutting down (exit code 1)
Type     Name                                                                          # reqs      # fails |    Avg     Min     Max    Med |   req/s  failures/s
--------|----------------------------------------------------------------------------|-------|-------------|-------|-------|-------|-------|--------|-----------
GET      /feed/{user_id}                                                               192022 188952(98.40%) |     40       1     417     18 |  640.43      630.19
GET      /feed/{user_id}?with_fof=true                                                  95805 94260(98.39%) |     40       1     438     18 |  319.53      314.37
POST     /likes                                                                          9700     0(0.00%) |     19       2     190     13 |   32.35        0.00
POST     /posts                                                                         14629 14381(98.30%) |     18       2     202     13 |   48.79       47.96
GET      /timeline/{user_id}                                                           119605 117722(98.43%) |     40       1     403     18 |  398.90      392.62
GET      /users/{user_id}                                                               48163 47361(98.33%) |     42       1     396     21 |  160.63      157.96
--------|----------------------------------------------------------------------------|-------|-------------|-------|-------|-------|-------|--------|-----------
         Aggregated                                                                    479924 462676(96.41%) |     39       1     438     18 | 1600.63     1543.11

Response time percentiles (approximated)
Type     Name                                                                                  50%    66%    75%    80%    90%    95%    98%    99%  99.9% 99.99%   100% # reqs
--------|--------------------------------------------------------------------------------|--------|------|------|------|------|------|------|------|------|------|------|------
GET      /feed/{user_id}                                                                        18     33     48     62    110    160    210    240    310    370    420 192022
GET      /feed/{user_id}?with_fof=true                                                          18     33     49     62    110    160    210    240    320    380    440  95805
POST     /likes                                                                                 13     18     23     26     39     54     80    100    150    190    190   9700
POST     /posts                                                                                 13     18     22     26     38     54     82    100    150    190    200  14629
GET      /timeline/{user_id}                                                                    18     33     48     62    110    160    210    240    320    370    400 119605
GET      /users/{user_id}                                                                       21     36     51     64    110    160    210    240    320    360    400  48163
--------|--------------------------------------------------------------------------------|--------|------|------|------|------|------|------|------|------|------|------|------
         Aggregated                                                                             18     32     47     59    110    160    210    240    310    370    440 479924

Error report
# occurrences      Error                                                                                               
------------------|---------------------------------------------------------------------------------------------------------------------------------------------
94260              GET /feed/{user_id}?with_fof=true: HTTPError('404 Client Error: Not Found for url: /feed/{user_id}?with_fof=true')
188952             GET /feed/{user_id}: HTTPError('404 Client Error: Not Found for url: /feed/{user_id}')              
117722             GET /timeline/{user_id}: HTTPError('404 Client Error: Not Found for url: /timeline/{user_id}')      
47361              GET /users/{user_id}: HTTPError('404 Client Error: Not Found for url: /users/{user_id}')            
14381              POST /posts: HTTPError('404 Client Error: Not Found for url: /posts')                               
------------------|---------------------------------------------------------------------------------------------------------------------------------------------


  → 500 utenti...
 Container ad2526-redis Running 
 Container ad2526-backend Running 
 Container ad2526-redis Waiting 
 Container ad2526-redis Healthy 
 Container ad-2526-locust-run-e04707152296 Creating 
 Container ad-2526-locust-run-e04707152296 Created 
[2026-06-16 09:40:50,389] 80792359d421/INFO/locust.main: Starting Locust 2.32.3
[2026-06-16 09:40:50,389] 80792359d421/INFO/locust.main: Run time limit set to 300 seconds
[2026-06-16 09:40:50,390] 80792359d421/INFO/locust.runners: Ramping to 500 users at a rate of 20.00 per second
[2026-06-16 09:41:10,396] 80792359d421/WARNING/root: CPU usage above 90%! This may constrain your throughput and may even give inconsistent response time measurements! See https://docs.locust.io/en/stable/running-distributed.html for how to distribute the load over multiple CPU cores or machines
[2026-06-16 09:41:14,442] 80792359d421/INFO/locust.runners: All users spawned: {"BrowsingUser": 500} (500 total users)
[2026-06-16 09:45:50,153] 80792359d421/INFO/locust.main: --run-time limit reached, shutting down
[2026-06-16 09:45:50,276] 80792359d421/WARNING/locust.runners: CPU usage was too high at some point during the test! See https://docs.locust.io/en/stable/running-distributed.html for how to distribute the load over multiple CPU cores or machines
[2026-06-16 09:45:50,276] 80792359d421/INFO/locust.main: Shutting down (exit code 1)
Type     Name                                                                          # reqs      # fails |    Avg     Min     Max    Med |   req/s  failures/s
--------|----------------------------------------------------------------------------|-------|-------------|-------|-------|-------|-------|--------|-----------
GET      /feed/{user_id}                                                               201764 198420(98.34%) |     76       1    1049     58 |  672.82      661.67
GET      /feed/{user_id}?with_fof=true                                                 101301 99590(98.31%) |     76       1    1060     58 |  337.81      332.10
POST     /likes                                                                         10079     0(0.00%) |     49       1     468     46 |   33.61        0.00
POST     /posts                                                                         15230 15003(98.51%) |     50       2     441     46 |   50.79       50.03
GET      /timeline/{user_id}                                                           125756 123750(98.40%) |     76       1    1048     58 |  419.36      412.67
GET      /users/{user_id}                                                               50343 49523(98.37%) |     78       2    1054     60 |  167.88      165.14
--------|----------------------------------------------------------------------------|-------|-------------|-------|-------|-------|-------|--------|-----------
         Aggregated                                                                    504473 486286(96.39%) |     75       1    1060     57 | 1682.26     1621.61

Response time percentiles (approximated)
Type     Name                                                                                  50%    66%    75%    80%    90%    95%    98%    99%  99.9% 99.99%   100% # reqs
--------|--------------------------------------------------------------------------------|--------|------|------|------|------|------|------|------|------|------|------|------
GET      /feed/{user_id}                                                                        58     76     92    100    150    210    270    320    450    930   1000 201764
GET      /feed/{user_id}?with_fof=true                                                          58     76     93    110    160    210    280    320    460    940   1100 101301
POST     /likes                                                                                 46     55     62     67     83    100    130    160    280    400    470  10079
POST     /posts                                                                                 46     55     62     67     84    100    130    160    260    440    440  15230
GET      /timeline/{user_id}                                                                    58     76     92    110    160    210    270    320    460    950   1000 125756
GET      /users/{user_id}                                                                       60     79     95    110    160    210    280    310    450    830   1100  50343
--------|--------------------------------------------------------------------------------|--------|------|------|------|------|------|------|------|------|------|------|------
         Aggregated                                                                             57     75     91    100    150    210    270    310    450    930   1100 504473

Error report
# occurrences      Error                                                                                               
------------------|---------------------------------------------------------------------------------------------------------------------------------------------
123732             GET /timeline/{user_id}: HTTPError('404 Client Error: Not Found for url: /timeline/{user_id}')      
198390             GET /feed/{user_id}: HTTPError('404 Client Error: Not Found for url: /feed/{user_id}')              
49521              GET /users/{user_id}: HTTPError('404 Client Error: Not Found for url: /users/{user_id}')            
99575              GET /feed/{user_id}?with_fof=true: HTTPError('404 Client Error: Not Found for url: /feed/{user_id}?with_fof=true')
15003              POST /posts: HTTPError('404 Client Error: Not Found for url: /posts')                               
15                 GET /feed/{user_id}?with_fof=true: HTTPError('500 Server Error: Internal Server Error for url: /feed/{user_id}?with_fof=true')
30                 GET /feed/{user_id}: HTTPError('500 Server Error: Internal Server Error for url: /feed/{user_id}')  
18                 GET /timeline/{user_id}: HTTPError('500 Server Error: Internal Server Error for url: /timeline/{user_id}')
2                  GET /users/{user_id}: HTTPError('500 Server Error: Internal Server Error for url: /users/{user_id}')
------------------|---------------------------------------------------------------------------------------------------------------------------------------------


  → 700 utenti...
 Container ad2526-redis Running 
 Container ad2526-backend Running 
 Container ad2526-redis Waiting 
 Container ad2526-redis Healthy 
 Container ad-2526-locust-run-a7bc7a0eee1a Creating 
 Container ad-2526-locust-run-a7bc7a0eee1a Created 
[2026-06-16 09:45:53,296] 1763e4df11f1/INFO/locust.main: Starting Locust 2.32.3
[2026-06-16 09:45:53,297] 1763e4df11f1/INFO/locust.main: Run time limit set to 300 seconds
[2026-06-16 09:45:53,298] 1763e4df11f1/INFO/locust.runners: Ramping to 700 users at a rate of 20.00 per second
[2026-06-16 09:46:18,308] 1763e4df11f1/WARNING/root: CPU usage above 90%! This may constrain your throughput and may even give inconsistent response time measurements! See https://docs.locust.io/en/stable/running-distributed.html for how to distribute the load over multiple CPU cores or machines
[2026-06-16 09:46:27,603] 1763e4df11f1/INFO/locust.runners: All users spawned: {"BrowsingUser": 700} (700 total users)
[2026-06-16 09:50:53,102] 1763e4df11f1/INFO/locust.main: --run-time limit reached, shutting down
[2026-06-16 09:50:53,530] 1763e4df11f1/WARNING/locust.runners: CPU usage was too high at some point during the test! See https://docs.locust.io/en/stable/running-distributed.html for how to distribute the load over multiple CPU cores or machines
[2026-06-16 09:50:53,531] 1763e4df11f1/INFO/locust.main: Shutting down (exit code 1)
Type     Name                                                                          # reqs      # fails |    Avg     Min     Max    Med |   req/s  failures/s
--------|----------------------------------------------------------------------------|-------|-------------|-------|-------|-------|-------|--------|-----------
GET      /feed/{user_id}                                                               187714 184622(98.35%) |    188       1    2045    170 |  625.25      614.95
GET      /feed/{user_id}?with_fof=true                                                  94247 92752(98.41%) |    188       1    1910    170 |  313.92      308.94
POST     /likes                                                                          9250     0(0.00%) |    150       1    1180    150 |   30.81        0.00
POST     /posts                                                                         14095 13867(98.38%) |    151       1    1221    150 |   46.95       46.19
GET      /timeline/{user_id}                                                           117838 115907(98.36%) |    188       1    2038    170 |  392.50      386.07
GET      /users/{user_id}                                                               46833 46057(98.34%) |    191       2    1903    170 |  155.99      153.41
--------|----------------------------------------------------------------------------|-------|-------------|-------|-------|-------|-------|--------|-----------
         Aggregated                                                                    469977 453205(96.43%) |    186       1    2045    170 | 1565.43     1509.56

Response time percentiles (approximated)
Type     Name                                                                                  50%    66%    75%    80%    90%    95%    98%    99%  99.9% 99.99%   100% # reqs
--------|--------------------------------------------------------------------------------|--------|------|------|------|------|------|------|------|------|------|------|------
GET      /feed/{user_id}                                                                       170    200    220    240    310    380    450    500   1100   1900   2000 187714
GET      /feed/{user_id}?with_fof=true                                                         170    200    230    240    310    380    440    490   1200   1800   1900  94247
POST     /likes                                                                                150    170    180    190    220    240    270    300    440   1200   1200   9250
POST     /posts                                                                                150    170    180    190    220    240    260    290    440   1200   1200  14095
GET      /timeline/{user_id}                                                                   170    200    220    240    310    380    440    490   1100   1900   2000 117838
GET      /users/{user_id}                                                                      170    200    230    250    320    380    450    490    970   1800   1900  46833
--------|--------------------------------------------------------------------------------|--------|------|------|------|------|------|------|------|------|------|------|------
         Aggregated                                                                            170    200    220    240    310    370    440    490   1100   1800   2000 469977

Error report
# occurrences      Error                                                                                               
------------------|---------------------------------------------------------------------------------------------------------------------------------------------
115869             GET /timeline/{user_id}: HTTPError('404 Client Error: Not Found for url: /timeline/{user_id}')      
46044              GET /users/{user_id}: HTTPError('404 Client Error: Not Found for url: /users/{user_id}')            
184567             GET /feed/{user_id}: HTTPError('404 Client Error: Not Found for url: /feed/{user_id}')              
92703              GET /feed/{user_id}?with_fof=true: HTTPError('404 Client Error: Not Found for url: /feed/{user_id}?with_fof=true')
13867              POST /posts: HTTPError('404 Client Error: Not Found for url: /posts')                               
49                 GET /feed/{user_id}?with_fof=true: HTTPError('500 Server Error: Internal Server Error for url: /feed/{user_id}?with_fof=true')
55                 GET /feed/{user_id}: HTTPError('500 Server Error: Internal Server Error for url: /feed/{user_id}')  
13                 GET /users/{user_id}: HTTPError('500 Server Error: Internal Server Error for url: /users/{user_id}')
38                 GET /timeline/{user_id}: HTTPError('500 Server Error: Internal Server Error for url: /timeline/{user_id}')
------------------|---------------------------------------------------------------------------------------------------------------------------------------------



==============================
 Strategia: hybrid
==============================
 Container ad2526-redis Running 
 Container ad2526-backend Recreate 
 Container ad2526-backend Recreated 
 Container ad2526-redis Waiting 
 Container ad2526-redis Healthy 
 Container ad2526-backend Starting 
 Container ad2526-backend Started 
  → 10 utenti...
 Container ad2526-redis Running 
 Container ad2526-backend Running 
 Container ad2526-redis Waiting 
 Container ad2526-redis Healthy 
 Container ad-2526-locust-run-3bb9e210fbf2 Creating 
 Container ad-2526-locust-run-3bb9e210fbf2 Created 
[2026-06-16 09:51:03,584] e6f65237341e/INFO/locust.main: Starting Locust 2.32.3
[2026-06-16 09:51:03,585] e6f65237341e/INFO/locust.main: Run time limit set to 300 seconds
[2026-06-16 09:51:03,586] e6f65237341e/INFO/locust.runners: Ramping to 10 users at a rate of 20.00 per second
[2026-06-16 09:51:03,586] e6f65237341e/INFO/locust.runners: All users spawned: {"BrowsingUser": 10} (10 total users)
[2026-06-16 09:56:03,343] e6f65237341e/INFO/locust.main: --run-time limit reached, shutting down
[2026-06-16 09:56:03,369] e6f65237341e/INFO/locust.main: Shutting down (exit code 1)
Type     Name                                                                          # reqs      # fails |    Avg     Min     Max    Med |   req/s  failures/s
--------|----------------------------------------------------------------------------|-------|-------------|-------|-------|-------|-------|--------|-----------
GET      /feed/{user_id}                                                                 6048 5938(98.18%) |      3       1      43      3 |   20.17       19.81
GET      /feed/{user_id}?with_fof=true                                                   2899 2855(98.48%) |      3       1     188      3 |    9.67        9.52
POST     /likes                                                                           283     0(0.00%) |      3       2       5      3 |    0.94        0.00
POST     /posts                                                                           424  415(97.88%) |      3       2      12      3 |    1.41        1.38
GET      /timeline/{user_id}                                                             3599 3549(98.61%) |      3       1      34      3 |   12.01       11.84
GET      /users/{user_id}                                                                1476 1460(98.92%) |      3       2      49      4 |    4.92        4.87
--------|----------------------------------------------------------------------------|-------|-------------|-------|-------|-------|-------|--------|-----------
         Aggregated                                                                     14729 14217(96.52%) |      3       1     188      3 |   49.13       47.42

Response time percentiles (approximated)
Type     Name                                                                                  50%    66%    75%    80%    90%    95%    98%    99%  99.9% 99.99%   100% # reqs
--------|--------------------------------------------------------------------------------|--------|------|------|------|------|------|------|------|------|------|------|------
GET      /feed/{user_id}                                                                         3      3      3      3      4      4      4      5     34     43     43   6048
GET      /feed/{user_id}?with_fof=true                                                           3      3      3      3      4      4      4      5    180    190    190   2899
POST     /likes                                                                                  3      3      3      4      4      4      4      5      6      6      6    283
POST     /posts                                                                                  3      3      4      4      4      4      5      7     12     12     12    424
GET      /timeline/{user_id}                                                                     3      3      3      3      4      4      4      5     19     35     35   3599
GET      /users/{user_id}                                                                        4      4      4      4      4      4      5      6     32     49     49   1476
--------|--------------------------------------------------------------------------------|--------|------|------|------|------|------|------|------|------|------|------|------
         Aggregated                                                                              3      3      3      3      4      4      4      5     96    180    190  14729

Error report
# occurrences      Error                                                                                               
------------------|---------------------------------------------------------------------------------------------------------------------------------------------
5938               GET /feed/{user_id}: HTTPError('404 Client Error: Not Found for url: /feed/{user_id}')              
1460               GET /users/{user_id}: HTTPError('404 Client Error: Not Found for url: /users/{user_id}')            
4                  GET /timeline/{user_id}: HTTPError('500 Server Error: Internal Server Error for url: /timeline/{user_id}')
2855               GET /feed/{user_id}?with_fof=true: HTTPError('404 Client Error: Not Found for url: /feed/{user_id}?with_fof=true')
3545               GET /timeline/{user_id}: HTTPError('404 Client Error: Not Found for url: /timeline/{user_id}')      
415                POST /posts: HTTPError('404 Client Error: Not Found for url: /posts')                               
------------------|---------------------------------------------------------------------------------------------------------------------------------------------


  → 25 utenti...
 Container ad2526-redis Running 
 Container ad2526-backend Running 
 Container ad2526-redis Waiting 
 Container ad2526-redis Healthy 
 Container ad-2526-locust-run-d99097fc1c7e Creating 
 Container ad-2526-locust-run-d99097fc1c7e Created 
[2026-06-16 09:56:05,020] 730f348866ae/INFO/locust.main: Starting Locust 2.32.3
[2026-06-16 09:56:05,021] 730f348866ae/INFO/locust.main: Run time limit set to 300 seconds
[2026-06-16 09:56:05,021] 730f348866ae/INFO/locust.runners: Ramping to 25 users at a rate of 20.00 per second
[2026-06-16 09:56:06,022] 730f348866ae/INFO/locust.runners: All users spawned: {"BrowsingUser": 25} (25 total users)
[2026-06-16 10:01:04,778] 730f348866ae/INFO/locust.main: --run-time limit reached, shutting down
[2026-06-16 10:01:04,805] 730f348866ae/INFO/locust.main: Shutting down (exit code 1)
Type     Name                                                                          # reqs      # fails |    Avg     Min     Max    Med |   req/s  failures/s
--------|----------------------------------------------------------------------------|-------|-------------|-------|-------|-------|-------|--------|-----------
GET      /feed/{user_id}                                                                14662 14390(98.14%) |      2       1      42      3 |   48.92       48.01
GET      /feed/{user_id}?with_fof=true                                                   7339 7221(98.39%) |      3       1     187      3 |   24.48       24.09
POST     /likes                                                                           737     0(0.00%) |      3       2       7      3 |    2.46        0.00
POST     /posts                                                                          1109 1091(98.38%) |      3       2      15      3 |    3.70        3.64
GET      /timeline/{user_id}                                                             9244 9109(98.54%) |      2       1      35      3 |   30.84       30.39
GET      /users/{user_id}                                                                3723 3657(98.23%) |      3       1      51      3 |   12.42       12.20
--------|----------------------------------------------------------------------------|-------|-------------|-------|-------|-------|-------|--------|-----------
         Aggregated                                                                     36814 35468(96.34%) |      2       1     187      3 |  122.82      118.33

Response time percentiles (approximated)
Type     Name                                                                                  50%    66%    75%    80%    90%    95%    98%    99%  99.9% 99.99%   100% # reqs
--------|--------------------------------------------------------------------------------|--------|------|------|------|------|------|------|------|------|------|------|------
GET      /feed/{user_id}                                                                         3      3      3      3      3      4      4      4     29     38     43  14662
GET      /feed/{user_id}?with_fof=true                                                           3      3      3      3      3      4      4      5    170    190    190   7339
POST     /likes                                                                                  3      3      3      3      4      4      4      5      8      8      8    737
POST     /posts                                                                                  3      3      3      3      4      4      5      6     11     15     15   1109
GET      /timeline/{user_id}                                                                     3      3      3      3      3      4      4      4     14     35     35   9244
GET      /users/{user_id}                                                                        3      3      3      4      4      4      5      5     26     51     51   3723
--------|--------------------------------------------------------------------------------|--------|------|------|------|------|------|------|------|------|------|------|------
         Aggregated                                                                              3      3      3      3      3      4      4      5     31    180    190  36814

Error report
# occurrences      Error                                                                                               
------------------|---------------------------------------------------------------------------------------------------------------------------------------------
14390              GET /feed/{user_id}: HTTPError('404 Client Error: Not Found for url: /feed/{user_id}')              
1091               POST /posts: HTTPError('404 Client Error: Not Found for url: /posts')                               
7221               GET /feed/{user_id}?with_fof=true: HTTPError('404 Client Error: Not Found for url: /feed/{user_id}?with_fof=true')
3657               GET /users/{user_id}: HTTPError('404 Client Error: Not Found for url: /users/{user_id}')            
9109               GET /timeline/{user_id}: HTTPError('404 Client Error: Not Found for url: /timeline/{user_id}')      
------------------|---------------------------------------------------------------------------------------------------------------------------------------------


  → 50 utenti...
 Container ad2526-redis Running 
 Container ad2526-backend Running 
 Container ad2526-redis Waiting 
 Container ad2526-redis Healthy 
 Container ad-2526-locust-run-5a734808c5a8 Creating 
 Container ad-2526-locust-run-5a734808c5a8 Created 
[2026-06-16 10:01:06,468] 20c1d45b8d54/INFO/locust.main: Starting Locust 2.32.3
[2026-06-16 10:01:06,469] 20c1d45b8d54/INFO/locust.main: Run time limit set to 300 seconds
[2026-06-16 10:01:06,470] 20c1d45b8d54/INFO/locust.runners: Ramping to 50 users at a rate of 20.00 per second
[2026-06-16 10:01:08,473] 20c1d45b8d54/INFO/locust.runners: All users spawned: {"BrowsingUser": 50} (50 total users)
[2026-06-16 10:06:06,226] 20c1d45b8d54/INFO/locust.main: --run-time limit reached, shutting down
[2026-06-16 10:06:06,255] 20c1d45b8d54/INFO/locust.main: Shutting down (exit code 1)
Type     Name                                                                          # reqs      # fails |    Avg     Min     Max    Med |   req/s  failures/s
--------|----------------------------------------------------------------------------|-------|-------------|-------|-------|-------|-------|--------|-----------
GET      /feed/{user_id}                                                                29562 29065(98.32%) |      2       1      45      3 |   98.61       96.95
GET      /feed/{user_id}?with_fof=true                                                  14684 14443(98.36%) |      3       1     190      3 |   48.98       48.18
POST     /likes                                                                          1443     0(0.00%) |      3       2      21      3 |    4.81        0.00
POST     /posts                                                                          2083 2058(98.80%) |      3       1      37      3 |    6.95        6.86
GET      /timeline/{user_id}                                                            18439 18123(98.29%) |      2       1      44      3 |   61.51       60.45
GET      /users/{user_id}                                                                7304 7184(98.36%) |      3       1      54      3 |   24.36       23.96
--------|----------------------------------------------------------------------------|-------|-------------|-------|-------|-------|-------|--------|-----------
         Aggregated                                                                     73515 70873(96.41%) |      2       1     190      3 |  245.23      236.41

Response time percentiles (approximated)
Type     Name                                                                                  50%    66%    75%    80%    90%    95%    98%    99%  99.9% 99.99%   100% # reqs
--------|--------------------------------------------------------------------------------|--------|------|------|------|------|------|------|------|------|------|------|------
GET      /feed/{user_id}                                                                         3      3      3      3      3      4      4      5     33     39     46  29562
GET      /feed/{user_id}?with_fof=true                                                           3      3      3      3      3      4      4      6    150    190    190  14684
POST     /likes                                                                                  3      3      3      3      4      4      5      5     17     21     21   1443
POST     /posts                                                                                  3      3      3      3      4      4      5      7     24     38     38   2083
GET      /timeline/{user_id}                                                                     3      3      3      3      3      4      4      5     27     44     44  18439
GET      /users/{user_id}                                                                        3      3      3      4      4      4      5      6     28     54     54   7304
--------|--------------------------------------------------------------------------------|--------|------|------|------|------|------|------|------|------|------|------|------
         Aggregated                                                                              3      3      3      3      3      4      4      5     35    180    190  73515

Error report
# occurrences      Error                                                                                               
------------------|---------------------------------------------------------------------------------------------------------------------------------------------
2058               POST /posts: HTTPError('404 Client Error: Not Found for url: /posts')                               
14443              GET /feed/{user_id}?with_fof=true: HTTPError('404 Client Error: Not Found for url: /feed/{user_id}?with_fof=true')
29065              GET /feed/{user_id}: HTTPError('404 Client Error: Not Found for url: /feed/{user_id}')              
18123              GET /timeline/{user_id}: HTTPError('404 Client Error: Not Found for url: /timeline/{user_id}')      
7184               GET /users/{user_id}: HTTPError('404 Client Error: Not Found for url: /users/{user_id}')            
------------------|---------------------------------------------------------------------------------------------------------------------------------------------


  → 75 utenti...
 Container ad2526-redis Running 
 Container ad2526-backend Running 
 Container ad2526-redis Waiting 
 Container ad2526-redis Healthy 
 Container ad-2526-locust-run-0a23a4d3c08c Creating 
 Container ad-2526-locust-run-0a23a4d3c08c Created 
[2026-06-16 10:06:08,452] d5f8ee5f2a8b/INFO/locust.main: Starting Locust 2.32.3
[2026-06-16 10:06:08,453] d5f8ee5f2a8b/INFO/locust.main: Run time limit set to 300 seconds
[2026-06-16 10:06:08,454] d5f8ee5f2a8b/INFO/locust.runners: Ramping to 75 users at a rate of 20.00 per second
[2026-06-16 10:06:11,458] d5f8ee5f2a8b/INFO/locust.runners: All users spawned: {"BrowsingUser": 75} (75 total users)
[2026-06-16 10:11:08,214] d5f8ee5f2a8b/INFO/locust.main: --run-time limit reached, shutting down
[2026-06-16 10:11:08,244] d5f8ee5f2a8b/INFO/locust.main: Shutting down (exit code 1)
Type     Name                                                                          # reqs      # fails |    Avg     Min     Max    Med |   req/s  failures/s
--------|----------------------------------------------------------------------------|-------|-------------|-------|-------|-------|-------|--------|-----------
GET      /feed/{user_id}                                                                43945 43217(98.34%) |      3       1     633      3 |  146.59      144.16
GET      /feed/{user_id}?with_fof=true                                                  21948 21592(98.38%) |      3       1     650      3 |   73.21       72.02
POST     /likes                                                                          2189     0(0.00%) |      3       1     521      3 |    7.30        0.00
POST     /posts                                                                          3342 3285(98.29%) |      3       1     531      3 |   11.15       10.96
GET      /timeline/{user_id}                                                            27268 26827(98.38%) |      3       1     632      3 |   90.96       89.49
GET      /users/{user_id}                                                               10965 10775(98.27%) |      3       1     554      3 |   36.58       35.94
--------|----------------------------------------------------------------------------|-------|-------------|-------|-------|-------|-------|--------|-----------
         Aggregated                                                                    109657 105696(96.39%) |      3       1     650      3 |  365.78      352.57

Response time percentiles (approximated)
Type     Name                                                                                  50%    66%    75%    80%    90%    95%    98%    99%  99.9% 99.99%   100% # reqs
--------|--------------------------------------------------------------------------------|--------|------|------|------|------|------|------|------|------|------|------|------
GET      /feed/{user_id}                                                                         3      3      3      3      4      4      5     12     47    580    630  43945
GET      /feed/{user_id}?with_fof=true                                                           3      3      3      3      4      4      5     14    190    610    650  21948
POST     /likes                                                                                  3      3      3      3      4      4      5      6     29    520    520   2189
POST     /posts                                                                                  3      3      3      3      4      5      6      7     27    530    530   3342
GET      /timeline/{user_id}                                                                     3      3      3      3      4      4      5     13     46    590    630  27268
GET      /users/{user_id}                                                                        3      3      4      4      4      5      6     13     43    490    550  10965
--------|--------------------------------------------------------------------------------|--------|------|------|------|------|------|------|------|------|------|------|------
         Aggregated                                                                              3      3      3      3      4      4      5     13     65    590    650 109657

Error report
# occurrences      Error                                                                                               
------------------|---------------------------------------------------------------------------------------------------------------------------------------------
21592              GET /feed/{user_id}?with_fof=true: HTTPError('404 Client Error: Not Found for url: /feed/{user_id}?with_fof=true')
26827              GET /timeline/{user_id}: HTTPError('404 Client Error: Not Found for url: /timeline/{user_id}')      
3285               POST /posts: HTTPError('404 Client Error: Not Found for url: /posts')                               
43217              GET /feed/{user_id}: HTTPError('404 Client Error: Not Found for url: /feed/{user_id}')              
10775              GET /users/{user_id}: HTTPError('404 Client Error: Not Found for url: /users/{user_id}')            
------------------|---------------------------------------------------------------------------------------------------------------------------------------------


  → 100 utenti...
 Container ad2526-redis Running 
 Container ad2526-backend Running 
 Container ad2526-redis Waiting 
 Container ad2526-redis Healthy 
 Container ad-2526-locust-run-0a568ba0ae17 Creating 
 Container ad-2526-locust-run-0a568ba0ae17 Created 
[2026-06-16 10:11:09,960] 37aa005ed518/INFO/locust.main: Starting Locust 2.32.3
[2026-06-16 10:11:09,960] 37aa005ed518/INFO/locust.main: Run time limit set to 300 seconds
[2026-06-16 10:11:09,961] 37aa005ed518/INFO/locust.runners: Ramping to 100 users at a rate of 20.00 per second
[2026-06-16 10:11:13,966] 37aa005ed518/INFO/locust.runners: All users spawned: {"BrowsingUser": 100} (100 total users)
[2026-06-16 10:16:09,721] 37aa005ed518/INFO/locust.main: --run-time limit reached, shutting down
[2026-06-16 10:16:09,753] 37aa005ed518/INFO/locust.main: Shutting down (exit code 1)
Type     Name                                                                          # reqs      # fails |    Avg     Min     Max    Med |   req/s  failures/s
--------|----------------------------------------------------------------------------|-------|-------------|-------|-------|-------|-------|--------|-----------
GET      /feed/{user_id}                                                                58412 57437(98.33%) |      3       1      87      3 |  194.84      191.59
GET      /feed/{user_id}?with_fof=true                                                  29238 28764(98.38%) |      3       1     199      3 |   97.53       95.95
POST     /likes                                                                          2957     0(0.00%) |      3       1      37      3 |    9.86        0.00
POST     /posts                                                                          4329 4257(98.34%) |      3       1      35      3 |   14.44       14.20
GET      /timeline/{user_id}                                                            36595 35986(98.34%) |      3       1      92      3 |  122.07      120.04
GET      /users/{user_id}                                                               14641 14383(98.24%) |      3       1      92      3 |   48.84       47.98
--------|----------------------------------------------------------------------------|-------|-------------|-------|-------|-------|-------|--------|-----------
         Aggregated                                                                    146172 140827(96.34%) |      3       1     199      3 |  487.58      469.75

Response time percentiles (approximated)
Type     Name                                                                                  50%    66%    75%    80%    90%    95%    98%    99%  99.9% 99.99%   100% # reqs
--------|--------------------------------------------------------------------------------|--------|------|------|------|------|------|------|------|------|------|------|------
GET      /feed/{user_id}                                                                         3      3      3      3      4      5     13     22     48     72     87  58412
GET      /feed/{user_id}?with_fof=true                                                           3      3      3      3      4      5     13     21     94    190    200  29238
POST     /likes                                                                                  3      3      4      4      4      5      6      8     31     37     37   2957
POST     /posts                                                                                  3      3      4      4      4      6      7      9     29     35     35   4329
GET      /timeline/{user_id}                                                                     3      3      3      3      4      5     13     20     48     74     92  36595
GET      /users/{user_id}                                                                        3      4      4      4      5      6     14     22     47     65     93  14641
--------|--------------------------------------------------------------------------------|--------|------|------|------|------|------|------|------|------|------|------|------
         Aggregated                                                                              3      3      3      4      4      5     13     21     51    170    200 146172

Error report
# occurrences      Error                                                                                               
------------------|---------------------------------------------------------------------------------------------------------------------------------------------
35986              GET /timeline/{user_id}: HTTPError('404 Client Error: Not Found for url: /timeline/{user_id}')      
57437              GET /feed/{user_id}: HTTPError('404 Client Error: Not Found for url: /feed/{user_id}')              
28764              GET /feed/{user_id}?with_fof=true: HTTPError('404 Client Error: Not Found for url: /feed/{user_id}?with_fof=true')
4257               POST /posts: HTTPError('404 Client Error: Not Found for url: /posts')                               
14383              GET /users/{user_id}: HTTPError('404 Client Error: Not Found for url: /users/{user_id}')            
------------------|---------------------------------------------------------------------------------------------------------------------------------------------


  → 150 utenti...
 Container ad2526-redis Running 
 Container ad2526-backend Running 
 Container ad2526-redis Waiting 
 Container ad2526-redis Healthy 
 Container ad-2526-locust-run-133ec3815129 Creating 
 Container ad-2526-locust-run-133ec3815129 Created 
[2026-06-16 10:16:11,538] 826b5eea4211/INFO/locust.main: Starting Locust 2.32.3
[2026-06-16 10:16:11,538] 826b5eea4211/INFO/locust.main: Run time limit set to 300 seconds
[2026-06-16 10:16:11,539] 826b5eea4211/INFO/locust.runners: Ramping to 150 users at a rate of 20.00 per second
[2026-06-16 10:16:18,545] 826b5eea4211/INFO/locust.runners: All users spawned: {"BrowsingUser": 150} (150 total users)
[2026-06-16 10:21:11,294] 826b5eea4211/INFO/locust.main: --run-time limit reached, shutting down
[2026-06-16 10:21:11,333] 826b5eea4211/INFO/locust.main: Shutting down (exit code 1)
Type     Name                                                                          # reqs      # fails |    Avg     Min     Max    Med |   req/s  failures/s
--------|----------------------------------------------------------------------------|-------|-------------|-------|-------|-------|-------|--------|-----------
GET      /feed/{user_id}                                                                87010 85600(98.38%) |      4       1     297      3 |  290.24      285.53
GET      /feed/{user_id}?with_fof=true                                                  43701 42966(98.32%) |      4       1     273      3 |  145.77      143.32
POST     /likes                                                                          4260     0(0.00%) |      3       1      52      3 |   14.21        0.00
POST     /posts                                                                          6452 6334(98.17%) |      4       1      56      3 |   21.52       21.13
GET      /timeline/{user_id}                                                            53930 53073(98.41%) |      4       1     287      3 |  179.89      177.03
GET      /users/{user_id}                                                               21723 21378(98.41%) |      5       1     287      4 |   72.46       71.31
--------|----------------------------------------------------------------------------|-------|-------------|-------|-------|-------|-------|--------|-----------
         Aggregated                                                                    217076 209351(96.44%) |      4       1     297      3 |  724.10      698.33

Response time percentiles (approximated)
Type     Name                                                                                  50%    66%    75%    80%    90%    95%    98%    99%  99.9% 99.99%   100% # reqs
--------|--------------------------------------------------------------------------------|--------|------|------|------|------|------|------|------|------|------|------|------
GET      /feed/{user_id}                                                                         3      3      4      4      5     11     23     34     76    270    300  87010
GET      /feed/{user_id}?with_fof=true                                                           3      4      4      4      5     12     23     35    120    210    270  43701
POST     /likes                                                                                  3      4      4      4      5      7     10     18     32     52     52   4260
POST     /posts                                                                                  3      4      4      4      5      7     10     16     42     57     57   6452
GET      /timeline/{user_id}                                                                     3      3      4      4      5     11     22     33     76    200    290  53930
GET      /users/{user_id}                                                                        4      4      4      5      6     13     24     35     72    250    290  21723
--------|--------------------------------------------------------------------------------|--------|------|------|------|------|------|------|------|------|------|------|------
         Aggregated                                                                              3      4      4      4      5     11     22     34     77    250    300 217076

Error report
# occurrences      Error                                                                                               
------------------|---------------------------------------------------------------------------------------------------------------------------------------------
85600              GET /feed/{user_id}: HTTPError('404 Client Error: Not Found for url: /feed/{user_id}')              
21378              GET /users/{user_id}: HTTPError('404 Client Error: Not Found for url: /users/{user_id}')            
42966              GET /feed/{user_id}?with_fof=true: HTTPError('404 Client Error: Not Found for url: /feed/{user_id}?with_fof=true')
53073              GET /timeline/{user_id}: HTTPError('404 Client Error: Not Found for url: /timeline/{user_id}')      
6334               POST /posts: HTTPError('404 Client Error: Not Found for url: /posts')                               
------------------|---------------------------------------------------------------------------------------------------------------------------------------------


  → 200 utenti...
 Container ad2526-redis Running 
 Container ad2526-backend Running 
 Container ad2526-redis Waiting 
 Container ad2526-redis Healthy 
 Container ad-2526-locust-run-93be7f405a64 Creating 
 Container ad-2526-locust-run-93be7f405a64 Created 
[2026-06-16 10:21:13,238] 76b914c4131a/INFO/locust.main: Starting Locust 2.32.3
[2026-06-16 10:21:13,238] 76b914c4131a/INFO/locust.main: Run time limit set to 300 seconds
[2026-06-16 10:21:13,239] 76b914c4131a/INFO/locust.runners: Ramping to 200 users at a rate of 20.00 per second
[2026-06-16 10:21:22,250] 76b914c4131a/INFO/locust.runners: All users spawned: {"BrowsingUser": 200} (200 total users)
[2026-06-16 10:26:13,000] 76b914c4131a/INFO/locust.main: --run-time limit reached, shutting down
[2026-06-16 10:26:13,038] 76b914c4131a/INFO/locust.main: Shutting down (exit code 1)
Type     Name                                                                          # reqs      # fails |    Avg     Min     Max    Med |   req/s  failures/s
--------|----------------------------------------------------------------------------|-------|-------------|-------|-------|-------|-------|--------|-----------
GET      /feed/{user_id}                                                               113875 111991(98.35%) |      6       1     184      4 |  379.85      373.56
GET      /feed/{user_id}?with_fof=true                                                  57277 56348(98.38%) |      7       1     262      4 |  191.06      187.96
POST     /likes                                                                          5825     0(0.00%) |      4       1      79      4 |   19.43        0.00
POST     /posts                                                                          8312 8183(98.45%) |      4       1      81      4 |   27.73       27.30
GET      /timeline/{user_id}                                                            70977 69803(98.35%) |      6       1     194      4 |  236.75      232.84
GET      /users/{user_id}                                                               28627 28198(98.50%) |      8       1     197      4 |   95.49       94.06
--------|----------------------------------------------------------------------------|-------|-------------|-------|-------|-------|-------|--------|-----------
         Aggregated                                                                    284893 274523(96.36%) |      6       1     262      4 |  950.30      915.71

Response time percentiles (approximated)
Type     Name                                                                                  50%    66%    75%    80%    90%    95%    98%    99%  99.9% 99.99%   100% # reqs
--------|--------------------------------------------------------------------------------|--------|------|------|------|------|------|------|------|------|------|------|------
GET      /feed/{user_id}                                                                         4      4      5      5     13     26     49     66    110    150    180 113875
GET      /feed/{user_id}?with_fof=true                                                           4      4      5      5     13     27     49     67    130    200    260  57277
POST     /likes                                                                                  4      4      5      5      7      9     16     27     43     80     80   5825
POST     /posts                                                                                  4      5      5      5      7      9     16     26     49     81     81   8312
GET      /timeline/{user_id}                                                                     4      4      5      5     14     26     49     66    110    150    190  70977
GET      /users/{user_id}                                                                        4      5      6      7     16     29     52     70    120    160    200  28627
--------|--------------------------------------------------------------------------------|--------|------|------|------|------|------|------|------|------|------|------|------
         Aggregated                                                                              4      4      5      6     13     26     48     65    110    170    260 284893

Error report
# occurrences      Error                                                                                               
------------------|---------------------------------------------------------------------------------------------------------------------------------------------
8183               POST /posts: HTTPError('404 Client Error: Not Found for url: /posts')                               
111991             GET /feed/{user_id}: HTTPError('404 Client Error: Not Found for url: /feed/{user_id}')              
56348              GET /feed/{user_id}?with_fof=true: HTTPError('404 Client Error: Not Found for url: /feed/{user_id}?with_fof=true')
69803              GET /timeline/{user_id}: HTTPError('404 Client Error: Not Found for url: /timeline/{user_id}')      
28198              GET /users/{user_id}: HTTPError('404 Client Error: Not Found for url: /users/{user_id}')            
------------------|---------------------------------------------------------------------------------------------------------------------------------------------


  → 300 utenti...
 Container ad2526-redis Running 
 Container ad2526-backend Running 
 Container ad2526-redis Waiting 
 Container ad2526-redis Healthy 
 Container ad-2526-locust-run-4175c59855a1 Creating 
 Container ad-2526-locust-run-4175c59855a1 Created 
[2026-06-16 10:26:15,119] 4aa647ef20dd/INFO/locust.main: Starting Locust 2.32.3
[2026-06-16 10:26:15,120] 4aa647ef20dd/INFO/locust.main: Run time limit set to 300 seconds
[2026-06-16 10:26:15,120] 4aa647ef20dd/INFO/locust.runners: Ramping to 300 users at a rate of 20.00 per second
[2026-06-16 10:26:29,134] 4aa647ef20dd/INFO/locust.runners: All users spawned: {"BrowsingUser": 300} (300 total users)
[2026-06-16 10:31:14,879] 4aa647ef20dd/INFO/locust.main: --run-time limit reached, shutting down
[2026-06-16 10:31:14,949] 4aa647ef20dd/INFO/locust.main: Shutting down (exit code 1)
Type     Name                                                                          # reqs      # fails |    Avg     Min     Max    Med |   req/s  failures/s
--------|----------------------------------------------------------------------------|-------|-------------|-------|-------|-------|-------|--------|-----------
GET      /feed/{user_id}                                                               165892 163251(98.41%) |     11       1    1216      5 |  553.31      544.50
GET      /feed/{user_id}?with_fof=true                                                  82390 81092(98.42%) |     11       1    1155      5 |  274.80      270.47
POST     /likes                                                                          8350     0(0.00%) |      7       2      90      5 |   27.85        0.00
POST     /posts                                                                         12466 12253(98.29%) |      7       2      98      6 |   41.58       40.87
GET      /timeline/{user_id}                                                           103696 101990(98.35%) |     11       1    1197      5 |  345.87      340.18
GET      /users/{user_id}                                                               41223 40571(98.42%) |     12       1    1089      6 |  137.49      135.32
--------|----------------------------------------------------------------------------|-------|-------------|-------|-------|-------|-------|--------|-----------
         Aggregated                                                                    414017 399157(96.41%) |     11       1    1216      5 | 1380.90     1331.34

Response time percentiles (approximated)
Type     Name                                                                                  50%    66%    75%    80%    90%    95%    98%    99%  99.9% 99.99%   100% # reqs
--------|--------------------------------------------------------------------------------|--------|------|------|------|------|------|------|------|------|------|------|------
GET      /feed/{user_id}                                                                         5      7      9     12     24     42     69     88    300    940   1200 165892
GET      /feed/{user_id}?with_fof=true                                                           5      7      9     12     24     42     70     88    290   1000   1200  82390
POST     /likes                                                                                  5      7      8      9     12     17     29     39     67     90     90   8350
POST     /posts                                                                                  6      7      8      9     12     17     27     36     68     85     98  12466
GET      /timeline/{user_id}                                                                     5      7      9     12     24     42     69     87    270    920   1200 103696
GET      /users/{user_id}                                                                        6      8     11     15     27     44     72     90    180    850   1100  41223
--------|--------------------------------------------------------------------------------|--------|------|------|------|------|------|------|------|------|------|------|------
         Aggregated                                                                              5      7      9     12     24     41     68     87    260    940   1200 414017

Error report
# occurrences      Error                                                                                               
------------------|---------------------------------------------------------------------------------------------------------------------------------------------
163251             GET /feed/{user_id}: HTTPError('404 Client Error: Not Found for url: /feed/{user_id}')              
81092              GET /feed/{user_id}?with_fof=true: HTTPError('404 Client Error: Not Found for url: /feed/{user_id}?with_fof=true')
40571              GET /users/{user_id}: HTTPError('404 Client Error: Not Found for url: /users/{user_id}')            
101990             GET /timeline/{user_id}: HTTPError('404 Client Error: Not Found for url: /timeline/{user_id}')      
12253              POST /posts: HTTPError('404 Client Error: Not Found for url: /posts')                               
------------------|---------------------------------------------------------------------------------------------------------------------------------------------


  → 400 utenti...
 Container ad2526-redis Running 
 Container ad2526-backend Running 
 Container ad2526-redis Waiting 
 Container ad2526-redis Healthy 
 Container ad-2526-locust-run-1fd9c19fd281 Creating 
 Container ad-2526-locust-run-1fd9c19fd281 Created 
[2026-06-16 10:31:17,389] fa9ed5962cad/INFO/locust.main: Starting Locust 2.32.3
[2026-06-16 10:31:17,389] fa9ed5962cad/INFO/locust.main: Run time limit set to 300 seconds
[2026-06-16 10:31:17,390] fa9ed5962cad/INFO/locust.runners: Ramping to 400 users at a rate of 20.00 per second
[2026-06-16 10:31:36,413] fa9ed5962cad/INFO/locust.runners: All users spawned: {"BrowsingUser": 400} (400 total users)
[2026-06-16 10:31:37,396] fa9ed5962cad/WARNING/root: CPU usage above 90%! This may constrain your throughput and may even give inconsistent response time measurements! See https://docs.locust.io/en/stable/running-distributed.html for how to distribute the load over multiple CPU cores or machines
[2026-06-16 10:36:17,154] fa9ed5962cad/INFO/locust.main: --run-time limit reached, shutting down
[2026-06-16 10:36:17,246] fa9ed5962cad/WARNING/locust.runners: CPU usage was too high at some point during the test! See https://docs.locust.io/en/stable/running-distributed.html for how to distribute the load over multiple CPU cores or machines
[2026-06-16 10:36:17,247] fa9ed5962cad/INFO/locust.main: Shutting down (exit code 1)
Type     Name                                                                          # reqs      # fails |    Avg     Min     Max    Med |   req/s  failures/s
--------|----------------------------------------------------------------------------|-------|-------------|-------|-------|-------|-------|--------|-----------
GET      /feed/{user_id}                                                               189561 186497(98.38%) |     42       1     848     19 |  632.19      621.98
GET      /feed/{user_id}?with_fof=true                                                  95280 93754(98.40%) |     42       1     813     19 |  317.76      312.67
POST     /likes                                                                          9492     0(0.00%) |     20       2     559     14 |   31.66        0.00
POST     /posts                                                                         14323 14098(98.43%) |     20       2     523     14 |   47.77       47.02
GET      /timeline/{user_id}                                                           119019 117109(98.40%) |     42       1     821     19 |  396.93      390.56
GET      /users/{user_id}                                                               47495 46705(98.34%) |     44       1     823     22 |  158.40      155.76
--------|----------------------------------------------------------------------------|-------|-------------|-------|-------|-------|-------|--------|-----------
         Aggregated                                                                    475170 458163(96.42%) |     41       1     848     19 | 1584.71     1527.99

Response time percentiles (approximated)
Type     Name                                                                                  50%    66%    75%    80%    90%    95%    98%    99%  99.9% 99.99%   100% # reqs
--------|--------------------------------------------------------------------------------|--------|------|------|------|------|------|------|------|------|------|------|------
GET      /feed/{user_id}                                                                        19     35     52     66    120    170    220    250    360    720    850 189561
GET      /feed/{user_id}?with_fof=true                                                          19     35     51     65    120    170    220    250    360    720    810  95280
POST     /likes                                                                                 14     19     24     28     42     60     86    110    170    560    560   9492
POST     /posts                                                                                 14     19     24     28     42     59     90    110    190    250    520  14323
GET      /timeline/{user_id}                                                                    19     35     51     65    120    170    220    250    350    690    820 119019
GET      /users/{user_id}                                                                       22     37     54     68    120    170    220    250    360    700    820  47495
--------|--------------------------------------------------------------------------------|--------|------|------|------|------|------|------|------|------|------|------|------
         Aggregated                                                                             19     34     50     63    110    160    220    250    350    710    850 475170

Error report
# occurrences      Error                                                                                               
------------------|---------------------------------------------------------------------------------------------------------------------------------------------
117109             GET /timeline/{user_id}: HTTPError('404 Client Error: Not Found for url: /timeline/{user_id}')      
186494             GET /feed/{user_id}: HTTPError('404 Client Error: Not Found for url: /feed/{user_id}')              
46705              GET /users/{user_id}: HTTPError('404 Client Error: Not Found for url: /users/{user_id}')            
93753              GET /feed/{user_id}?with_fof=true: HTTPError('404 Client Error: Not Found for url: /feed/{user_id}?with_fof=true')
14098              POST /posts: HTTPError('404 Client Error: Not Found for url: /posts')                               
3                  GET /feed/{user_id}: HTTPError('500 Server Error: Internal Server Error for url: /feed/{user_id}')  
1                  GET /feed/{user_id}?with_fof=true: HTTPError('500 Server Error: Internal Server Error for url: /feed/{user_id}?with_fof=true')
------------------|---------------------------------------------------------------------------------------------------------------------------------------------


  → 500 utenti...
 Container ad2526-redis Running 
 Container ad2526-backend Running 
 Container ad2526-redis Waiting 
 Container ad2526-redis Healthy 
 Container ad-2526-locust-run-197cd3f5dca6 Creating 
 Container ad-2526-locust-run-197cd3f5dca6 Created 
[2026-06-16 10:36:20,087] 8fcc69459155/INFO/locust.main: Starting Locust 2.32.3
[2026-06-16 10:36:20,088] 8fcc69459155/INFO/locust.main: Run time limit set to 300 seconds
[2026-06-16 10:36:20,089] 8fcc69459155/INFO/locust.runners: Ramping to 500 users at a rate of 20.00 per second
[2026-06-16 10:36:40,094] 8fcc69459155/WARNING/root: CPU usage above 90%! This may constrain your throughput and may even give inconsistent response time measurements! See https://docs.locust.io/en/stable/running-distributed.html for how to distribute the load over multiple CPU cores or machines
[2026-06-16 10:36:44,147] 8fcc69459155/INFO/locust.runners: All users spawned: {"BrowsingUser": 500} (500 total users)
[2026-06-16 10:41:19,855] 8fcc69459155/INFO/locust.main: --run-time limit reached, shutting down
[2026-06-16 10:41:20,021] 8fcc69459155/WARNING/locust.runners: CPU usage was too high at some point during the test! See https://docs.locust.io/en/stable/running-distributed.html for how to distribute the load over multiple CPU cores or machines
[2026-06-16 10:41:20,022] 8fcc69459155/INFO/locust.main: Shutting down (exit code 1)
Type     Name                                                                          # reqs      # fails |    Avg     Min     Max    Med |   req/s  failures/s
--------|----------------------------------------------------------------------------|-------|-------------|-------|-------|-------|-------|--------|-----------
GET      /feed/{user_id}                                                               200369 197102(98.37%) |     77       1     465     61 |  668.07      657.18
GET      /feed/{user_id}?with_fof=true                                                 100544 98885(98.35%) |     77       1     424     61 |  335.23      329.70
POST     /likes                                                                         10095     0(0.00%) |     51       2     246     48 |   33.66        0.00
POST     /posts                                                                         15123 14891(98.47%) |     51       2     244     48 |   50.42       49.65
GET      /timeline/{user_id}                                                           124705 122667(98.37%) |     77       1     474     61 |  415.79      409.00
GET      /users/{user_id}                                                               50184 49397(98.43%) |     79       2     463     63 |  167.32      164.70
--------|----------------------------------------------------------------------------|-------|-------------|-------|-------|-------|-------|--------|-----------
         Aggregated                                                                    501020 482942(96.39%) |     76       1     474     60 | 1670.50     1610.22

Response time percentiles (approximated)
Type     Name                                                                                  50%    66%    75%    80%    90%    95%    98%    99%  99.9% 99.99%   100% # reqs
--------|--------------------------------------------------------------------------------|--------|------|------|------|------|------|------|------|------|------|------|------
GET      /feed/{user_id}                                                                        61     80     97    110    160    200    250    280    350    410    470 200369
GET      /feed/{user_id}?with_fof=true                                                          61     80     97    110    160    210    250    280    350    410    420 100544
POST     /likes                                                                                 48     58     64     69     84    100    120    140    190    230    250  10095
POST     /posts                                                                                 48     57     64     69     84     99    120    140    190    210    240  15123
GET      /timeline/{user_id}                                                                    61     80     97    110    160    210    250    280    350    400    470 124705
GET      /users/{user_id}                                                                       63     83    100    110    160    210    260    280    360    400    460  50184
--------|--------------------------------------------------------------------------------|--------|------|------|------|------|------|------|------|------|------|------|------
         Aggregated                                                                             60     79     95    110    150    200    250    280    350    410    470 501020

Error report
# occurrences      Error                                                                                               
------------------|---------------------------------------------------------------------------------------------------------------------------------------------
122667             GET /timeline/{user_id}: HTTPError('404 Client Error: Not Found for url: /timeline/{user_id}')      
197102             GET /feed/{user_id}: HTTPError('404 Client Error: Not Found for url: /feed/{user_id}')              
14891              POST /posts: HTTPError('404 Client Error: Not Found for url: /posts')                               
98885              GET /feed/{user_id}?with_fof=true: HTTPError('404 Client Error: Not Found for url: /feed/{user_id}?with_fof=true')
49397              GET /users/{user_id}: HTTPError('404 Client Error: Not Found for url: /users/{user_id}')            
------------------|---------------------------------------------------------------------------------------------------------------------------------------------


  → 700 utenti...
 Container ad2526-redis Running 
 Container ad2526-backend Running 
 Container ad2526-redis Waiting 
 Container ad2526-redis Healthy 
 Container ad-2526-locust-run-27026886c47d Creating 
 Container ad-2526-locust-run-27026886c47d Created 
[2026-06-16 10:41:22,926] 7953ed9f9f4e/INFO/locust.main: Starting Locust 2.32.3
[2026-06-16 10:41:22,927] 7953ed9f9f4e/INFO/locust.main: Run time limit set to 300 seconds
[2026-06-16 10:41:22,928] 7953ed9f9f4e/INFO/locust.runners: Ramping to 700 users at a rate of 20.00 per second
[2026-06-16 10:41:47,972] 7953ed9f9f4e/WARNING/root: CPU usage above 90%! This may constrain your throughput and may even give inconsistent response time measurements! See https://docs.locust.io/en/stable/running-distributed.html for how to distribute the load over multiple CPU cores or machines
[2026-06-16 10:41:57,272] 7953ed9f9f4e/INFO/locust.runners: All users spawned: {"BrowsingUser": 700} (700 total users)
[2026-06-16 10:46:22,717] 7953ed9f9f4e/INFO/locust.main: --run-time limit reached, shutting down
[2026-06-16 10:46:23,187] 7953ed9f9f4e/WARNING/locust.runners: CPU usage was too high at some point during the test! See https://docs.locust.io/en/stable/running-distributed.html for how to distribute the load over multiple CPU cores or machines
[2026-06-16 10:46:23,187] 7953ed9f9f4e/INFO/locust.main: Shutting down (exit code 1)
Type     Name                                                                          # reqs      # fails |    Avg     Min     Max    Med |   req/s  failures/s
--------|----------------------------------------------------------------------------|-------|-------------|-------|-------|-------|-------|--------|-----------
GET      /feed/{user_id}                                                               191869 188852(98.43%) |    182       1     786    160 |  639.03      628.98
GET      /feed/{user_id}?with_fof=true                                                  95823 94301(98.41%) |    182       1     789    160 |  319.14      314.08
POST     /likes                                                                          9624     0(0.00%) |    142       1     456    140 |   32.05        0.00
POST     /posts                                                                         14368 14124(98.30%) |    142       2     408    140 |   47.85       47.04
GET      /timeline/{user_id}                                                           119575 117699(98.43%) |    182       1     794    160 |  398.25      392.00
GET      /users/{user_id}                                                               48049 47237(98.31%) |    185       2     740    160 |  160.03      157.33
--------|----------------------------------------------------------------------------|-------|-------------|-------|-------|-------|-------|--------|-----------
         Aggregated                                                                    479308 462213(96.43%) |    181       1     794    160 | 1596.37     1539.43

Response time percentiles (approximated)
Type     Name                                                                                  50%    66%    75%    80%    90%    95%    98%    99%  99.9% 99.99%   100% # reqs
--------|--------------------------------------------------------------------------------|--------|------|------|------|------|------|------|------|------|------|------|------
GET      /feed/{user_id}                                                                       160    200    220    250    320    380    430    470    580    660    790 191869
GET      /feed/{user_id}?with_fof=true                                                         160    200    220    250    320    380    430    470    570    670    790  95823
POST     /likes                                                                                140    160    170    180    200    220    260    280    380    460    460   9624
POST     /posts                                                                                140    160    170    180    200    230    260    290    360    410    410  14368
GET      /timeline/{user_id}                                                                   160    200    220    250    320    370    430    470    580    670    790 119575
GET      /users/{user_id}                                                                      160    200    230    250    320    380    440    470    590    680    740  48049
--------|--------------------------------------------------------------------------------|--------|------|------|------|------|------|------|------|------|------|------|------
         Aggregated                                                                            160    190    220    240    310    370    430    470    580    670    790 479308

Error report
# occurrences      Error                                                                                               
------------------|---------------------------------------------------------------------------------------------------------------------------------------------
188852             GET /feed/{user_id}: HTTPError('404 Client Error: Not Found for url: /feed/{user_id}')              
47237              GET /users/{user_id}: HTTPError('404 Client Error: Not Found for url: /users/{user_id}')            
117698             GET /timeline/{user_id}: HTTPError('404 Client Error: Not Found for url: /timeline/{user_id}')      
94301              GET /feed/{user_id}?with_fof=true: HTTPError('404 Client Error: Not Found for url: /feed/{user_id}?with_fof=true')
14124              POST /posts: HTTPError('404 Client Error: Not Found for url: /posts')                               
1                  GET /timeline/{user_id}: HTTPError('500 Server Error: Internal Server Error for url: /timeline/{user_id}')
------------------|---------------------------------------------------------------------------------------------------------------------------------------------



Done. Risultati in ~/AD-2526/results/
