
==============================
 Strategia: no_cache
==============================
 Container ad2526-redis Running 
 Container ad2526-backend Running 
 Container ad2526-redis Waiting 
 Container ad2526-redis Healthy 
  → Skip 10 utenti (già presente)
  → 25 utenti...
 Container ad2526-redis Running 
 Container ad2526-backend Running 
 Container ad2526-redis Waiting 
 Container ad2526-redis Healthy 
 Container ad-2526-locust-run-71e2836acb46 Creating 
 Container ad-2526-locust-run-71e2836acb46 Created 
[2026-06-16 12:10:06,641] df8d691eadb5/INFO/locust.main: Starting Locust 2.32.3
[2026-06-16 12:10:06,642] df8d691eadb5/INFO/locust.main: Run time limit set to 180 seconds
[2026-06-16 12:10:06,643] df8d691eadb5/INFO/locust.runners: Ramping to 25 users at a rate of 20.00 per second
[2026-06-16 12:10:07,644] df8d691eadb5/INFO/locust.runners: All users spawned: {"BrowsingUser": 25} (25 total users)
[2026-06-16 12:13:06,367] df8d691eadb5/INFO/locust.main: --run-time limit reached, shutting down
[2026-06-16 12:13:06,395] df8d691eadb5/INFO/locust.main: Shutting down (exit code 0)
Type     Name                                                                          # reqs      # fails |    Avg     Min     Max    Med |   req/s  failures/s
--------|----------------------------------------------------------------------------|-------|-------------|-------|-------|-------|-------|--------|-----------
GET      /feed/{user_id}                                                                 7774     0(0.00%) |      6       2      56      5 |   43.26        0.00
GET      /feed/{user_id}?with_fof=true                                                   3870     0(0.00%) |    131      17     342    130 |   21.54        0.00
POST     /likes                                                                           408     0(0.00%) |      3       2      54      3 |    2.27        0.00
POST     /posts                                                                           568     0(0.00%) |      3       2      30      3 |    3.16        0.00
GET      /timeline/{user_id}                                                             4903     0(0.00%) |      5       2      40      4 |   27.28        0.00
GET      /users/{user_id}                                                                1937     0(0.00%) |      4       2      37      3 |   10.78        0.00
--------|----------------------------------------------------------------------------|-------|-------------|-------|-------|-------|-------|--------|-----------
         Aggregated                                                                     19460     0(0.00%) |     30       2     342      5 |  108.29        0.00

Response time percentiles (approximated)
Type     Name                                                                                  50%    66%    75%    80%    90%    95%    98%    99%  99.9% 99.99%   100% # reqs
--------|--------------------------------------------------------------------------------|--------|------|------|------|------|------|------|------|------|------|------|------
GET      /feed/{user_id}                                                                         5      5      5      6     11     21     27     31     48     57     57   7774
GET      /feed/{user_id}?with_fof=true                                                         130    150    150    160    180    190    220    240    300    340    340   3870
POST     /likes                                                                                  3      4      4      4      4      4      5      8     54     54     54    408
POST     /posts                                                                                  3      3      3      4      4      4      4      5     30     30     30    568
GET      /timeline/{user_id}                                                                     4      4      5      5     10     18     24     28     37     40     40   4903
GET      /users/{user_id}                                                                        3      3      4      4      4     14     20     24     36     37     37   1937
--------|--------------------------------------------------------------------------------|--------|------|------|------|------|------|------|------|------|------|------|------
         Aggregated                                                                              5      5     17     35    130    150    180    190    260    320    340  19460

  → 50 utenti...
 Container ad2526-redis Running 
 Container ad2526-backend Running 
 Container ad2526-redis Waiting 
 Container ad2526-redis Healthy 
 Container ad-2526-locust-run-a2a9cbc13ded Creating 
 Container ad-2526-locust-run-a2a9cbc13ded Created 
[2026-06-16 12:13:08,148] a534e5659f13/INFO/locust.main: Starting Locust 2.32.3
[2026-06-16 12:13:08,149] a534e5659f13/INFO/locust.main: Run time limit set to 180 seconds
[2026-06-16 12:13:08,150] a534e5659f13/INFO/locust.runners: Ramping to 50 users at a rate of 20.00 per second
[2026-06-16 12:13:10,152] a534e5659f13/INFO/locust.runners: All users spawned: {"BrowsingUser": 50} (50 total users)
[2026-06-16 12:16:07,864] a534e5659f13/INFO/locust.main: --run-time limit reached, shutting down
[2026-06-16 12:16:07,893] a534e5659f13/INFO/locust.main: Shutting down (exit code 0)
Type     Name                                                                          # reqs      # fails |    Avg     Min     Max    Med |   req/s  failures/s
--------|----------------------------------------------------------------------------|-------|-------------|-------|-------|-------|-------|--------|-----------
GET      /feed/{user_id}                                                                15814     0(0.00%) |      7       2     147      5 |   87.98        0.00
GET      /feed/{user_id}?with_fof=true                                                   7769     0(0.00%) |    109      16     618    110 |   43.22        0.00
POST     /likes                                                                           776     0(0.00%) |      3       2      18      3 |    4.32        0.00
POST     /posts                                                                          1179     0(0.00%) |      3       2      37      3 |    6.56        0.00
GET      /timeline/{user_id}                                                             9833     0(0.00%) |      6       2      61      4 |   54.71        0.00
GET      /users/{user_id}                                                                3904     0(0.00%) |      5       2      44      3 |   21.72        0.00
--------|----------------------------------------------------------------------------|-------|-------------|-------|-------|-------|-------|--------|-----------
         Aggregated                                                                     39275     0(0.00%) |     27       2     618      5 |  218.51        0.00

Response time percentiles (approximated)
Type     Name                                                                                  50%    66%    75%    80%    90%    95%    98%    99%  99.9% 99.99%   100% # reqs
--------|--------------------------------------------------------------------------------|--------|------|------|------|------|------|------|------|------|------|------|------
GET      /feed/{user_id}                                                                         5      5      6      7     20     27     35     40     60    120    150  15814
GET      /feed/{user_id}?with_fof=true                                                         110    120    130    140    170    190    230    260    360    620    620   7769
POST     /likes                                                                                  3      3      4      4      4      4      5      5     18     18     18    776
POST     /posts                                                                                  3      3      3      3      4      4      5      5     13     38     38   1179
GET      /timeline/{user_id}                                                                     4      5      5      6     17     24     31     36     47     62     62   9833
GET      /users/{user_id}                                                                        3      4      4      4     15     20     26     29     38     44     44   3904
--------|--------------------------------------------------------------------------------|--------|------|------|------|------|------|------|------|------|------|------|------
         Aggregated                                                                              5      7     20     32    110    130    170    190    280    450    620  39275

  → 75 utenti...
 Container ad2526-redis Running 
 Container ad2526-backend Running 
 Container ad2526-redis Waiting 
 Container ad2526-redis Healthy 
 Container ad-2526-locust-run-bd777817624a Creating 
 Container ad-2526-locust-run-bd777817624a Created 
[2026-06-16 12:16:09,626] a009889b3b03/INFO/locust.main: Starting Locust 2.32.3
[2026-06-16 12:16:09,626] a009889b3b03/INFO/locust.main: Run time limit set to 180 seconds
[2026-06-16 12:16:09,627] a009889b3b03/INFO/locust.runners: Ramping to 75 users at a rate of 20.00 per second
[2026-06-16 12:16:12,633] a009889b3b03/INFO/locust.runners: All users spawned: {"BrowsingUser": 75} (75 total users)
[2026-06-16 12:19:09,345] a009889b3b03/INFO/locust.main: --run-time limit reached, shutting down
[2026-06-16 12:19:09,377] a009889b3b03/INFO/locust.main: Shutting down (exit code 0)
Type     Name                                                                          # reqs      # fails |    Avg     Min     Max    Med |   req/s  failures/s
--------|----------------------------------------------------------------------------|-------|-------------|-------|-------|-------|-------|--------|-----------
GET      /feed/{user_id}                                                                21389     0(0.00%) |     12       2     166      5 |  119.00        0.00
GET      /feed/{user_id}?with_fof=true                                                  10477     0(0.00%) |    211      17    1451    170 |   58.29        0.00
POST     /likes                                                                          1137     0(0.00%) |      3       2      18      3 |    6.33        0.00
POST     /posts                                                                          1574     0(0.00%) |      3       2      28      3 |    8.76        0.00
GET      /timeline/{user_id}                                                            13378     0(0.00%) |     11       2     133      5 |   74.43        0.00
GET      /users/{user_id}                                                                5349     0(0.00%) |      9       2     105      4 |   29.76        0.00
--------|----------------------------------------------------------------------------|-------|-------------|-------|-------|-------|-------|--------|-----------
         Aggregated                                                                     53304     0(0.00%) |     50       2    1451      6 |  296.55        0.00

Response time percentiles (approximated)
Type     Name                                                                                  50%    66%    75%    80%    90%    95%    98%    99%  99.9% 99.99%   100% # reqs
--------|--------------------------------------------------------------------------------|--------|------|------|------|------|------|------|------|------|------|------|------
GET      /feed/{user_id}                                                                         5      8     15     21     36     46     58     68    100    130    170  21389
GET      /feed/{user_id}?with_fof=true                                                         170    220    250    290    390    480    610    700   1100   1400   1500  10477
POST     /likes                                                                                  3      4      4      4      4      5      6      6     18     19     19   1137
POST     /posts                                                                                  3      3      4      4      4      5      6      7     25     28     28   1574
GET      /timeline/{user_id}                                                                     5      7     12     18     32     40     51     59     88    120    130  13378
GET      /users/{user_id}                                                                        4      6     10     16     28     36     44     52     76    110    110   5349
--------|--------------------------------------------------------------------------------|--------|------|------|------|------|------|------|------|------|------|------|------
         Aggregated                                                                              6     21     38     70    170    250    380    480    830   1200   1500  53304

  → 100 utenti...
 Container ad2526-redis Running 
 Container ad2526-backend Running 
 Container ad2526-redis Waiting 
 Container ad2526-redis Healthy 
 Container ad-2526-locust-run-341626803582 Creating 
 Container ad-2526-locust-run-341626803582 Created 
[2026-06-16 12:19:11,159] fcc9860b27a3/INFO/locust.main: Starting Locust 2.32.3
[2026-06-16 12:19:11,159] fcc9860b27a3/INFO/locust.main: Run time limit set to 180 seconds
[2026-06-16 12:19:11,160] fcc9860b27a3/INFO/locust.runners: Ramping to 100 users at a rate of 20.00 per second
[2026-06-16 12:19:15,168] fcc9860b27a3/INFO/locust.runners: All users spawned: {"BrowsingUser": 100} (100 total users)
[2026-06-16 12:22:10,870] fcc9860b27a3/INFO/locust.main: --run-time limit reached, shutting down
[2026-06-16 12:22:10,905] fcc9860b27a3/INFO/locust.main: Shutting down (exit code 1)
Type     Name                                                                          # reqs      # fails |    Avg     Min     Max    Med |   req/s  failures/s
--------|----------------------------------------------------------------------------|-------|-------------|-------|-------|-------|-------|--------|-----------
GET      /feed/{user_id}                                                                16117     1(0.01%) |     39       2     613     20 |   89.67        0.01
GET      /feed/{user_id}?with_fof=true                                                   7988     0(0.00%) |   1084      18    4815    920 |   44.44        0.00
POST     /likes                                                                           783     0(0.00%) |      3       2      35      3 |    4.36        0.00
POST     /posts                                                                          1235     0(0.00%) |      3       2      33      3 |    6.87        0.00
GET      /timeline/{user_id}                                                             9948     0(0.00%) |     29       2     355     12 |   55.35        0.00
GET      /users/{user_id}                                                                4049     0(0.00%) |     21       2     230      9 |   22.53        0.00
--------|----------------------------------------------------------------------------|-------|-------------|-------|-------|-------|-------|--------|-----------
         Aggregated                                                                     40120     1(0.00%) |    241       2    4815     21 |  223.21        0.01

Response time percentiles (approximated)
Type     Name                                                                                  50%    66%    75%    80%    90%    95%    98%    99%  99.9% 99.99%   100% # reqs
--------|--------------------------------------------------------------------------------|--------|------|------|------|------|------|------|------|------|------|------|------
GET      /feed/{user_id}                                                                        20     33     48     62    110    140    180    210    330    550    610  16117
GET      /feed/{user_id}?with_fof=true                                                         920   1300   1600   1700   2200   2600   3300   3800   4600   4800   4800   7988
POST     /likes                                                                                  3      4      4      4      4      5      5      6     36     36     36    783
POST     /posts                                                                                  3      3      3      4      4      4      5      6     29     33     33   1235
GET      /timeline/{user_id}                                                                    12     19     35     50     88    110    140    170    260    360    360   9948
GET      /users/{user_id}                                                                        9     12     26     39     65     84    100    120    190    230    230   4049
--------|--------------------------------------------------------------------------------|--------|------|------|------|------|------|------|------|------|------|------|------
         Aggregated                                                                             21     58    110    170    910   1500   2200   2600   4200   4700   4800  40120

Error report
# occurrences      Error                                                                                               
------------------|---------------------------------------------------------------------------------------------------------------------------------------------
1                  GET /feed/{user_id}: HTTPError('500 Server Error: Internal Server Error for url: /feed/{user_id}')  
------------------|---------------------------------------------------------------------------------------------------------------------------------------------


  → 150 utenti...
 Container ad2526-redis Running 
 Container ad2526-backend Running 
 Container ad2526-redis Waiting 
 Container ad2526-redis Healthy 
 Container ad-2526-locust-run-9d293f9aef1d Creating 
 Container ad-2526-locust-run-9d293f9aef1d Created 
[2026-06-16 12:22:12,701] 05df460decb5/INFO/locust.main: Starting Locust 2.32.3
[2026-06-16 12:22:12,702] 05df460decb5/INFO/locust.main: Run time limit set to 180 seconds
[2026-06-16 12:22:12,703] 05df460decb5/INFO/locust.runners: Ramping to 150 users at a rate of 20.00 per second
[2026-06-16 12:22:19,715] 05df460decb5/INFO/locust.runners: All users spawned: {"BrowsingUser": 150} (150 total users)
[2026-06-16 12:25:12,429] 05df460decb5/INFO/locust.main: --run-time limit reached, shutting down
[2026-06-16 12:25:12,468] 05df460decb5/INFO/locust.main: Shutting down (exit code 1)
Type     Name                                                                          # reqs      # fails |    Avg     Min     Max    Med |   req/s  failures/s
--------|----------------------------------------------------------------------------|-------|-------------|-------|-------|-------|-------|--------|-----------
GET      /feed/{user_id}                                                                32397    35(0.11%) |     54       2    1142     12 |  180.22        0.19
GET      /feed/{user_id}?with_fof=true                                                  16246    14(0.09%) |    438      16    4150    200 |   90.38        0.08
POST     /likes                                                                          1627     0(0.00%) |      4       2      57      4 |    9.05        0.00
POST     /posts                                                                          2411     0(0.00%) |      3       2      55      3 |   13.41        0.00
GET      /timeline/{user_id}                                                            20161    21(0.10%) |     47       2    1139     11 |  112.16        0.12
GET      /users/{user_id}                                                                8071     9(0.11%) |     42       2    1042      8 |   44.90        0.05
--------|----------------------------------------------------------------------------|-------|-------------|-------|-------|-------|-------|--------|-----------
         Aggregated                                                                     80913    79(0.10%) |    126       2    4150     19 |  450.12        0.44

Response time percentiles (approximated)
Type     Name                                                                                  50%    66%    75%    80%    90%    95%    98%    99%  99.9% 99.99%   100% # reqs
--------|--------------------------------------------------------------------------------|--------|------|------|------|------|------|------|------|------|------|------|------
GET      /feed/{user_id}                                                                        12     34     58     85    180    250    340    400    680   1100   1100  32397
GET      /feed/{user_id}?with_fof=true                                                         200    370    550    660   1200   1800   2500   2900   3600   3900   4200  16246
POST     /likes                                                                                  4      4      4      4      5      6     11     19     44     57     57   1627
POST     /posts                                                                                  3      4      4      4      5      6      7     10     39     55     55   2411
GET      /timeline/{user_id}                                                                    11     29     49     71    150    230    310    370    690   1100   1100  20161
GET      /users/{user_id}                                                                        8     25     43     63    130    200    280    340    670   1000   1000   8071
--------|--------------------------------------------------------------------------------|--------|------|------|------|------|------|------|------|------|------|------|------
         Aggregated                                                                             19     56    110    150    290    560   1200   1900   3200   3700   4200  80913

Error report
# occurrences      Error                                                                                               
------------------|---------------------------------------------------------------------------------------------------------------------------------------------
35                 GET /feed/{user_id}: HTTPError('500 Server Error: Internal Server Error for url: /feed/{user_id}')  
14                 GET /feed/{user_id}?with_fof=true: HTTPError('500 Server Error: Internal Server Error for url: /feed/{user_id}?with_fof=true')
21                 GET /timeline/{user_id}: HTTPError('500 Server Error: Internal Server Error for url: /timeline/{user_id}')
9                  GET /users/{user_id}: HTTPError('500 Server Error: Internal Server Error for url: /users/{user_id}')
------------------|---------------------------------------------------------------------------------------------------------------------------------------------


  → 200 utenti...
 Container ad2526-redis Running 
 Container ad2526-backend Running 
 Container ad2526-redis Waiting 
 Container ad2526-redis Healthy 
 Container ad-2526-locust-run-a87f943a93de Creating 
 Container ad-2526-locust-run-a87f943a93de Created 
[2026-06-16 12:25:14,361] 60b06b58b136/INFO/locust.main: Starting Locust 2.32.3
[2026-06-16 12:25:14,361] 60b06b58b136/INFO/locust.main: Run time limit set to 180 seconds
[2026-06-16 12:25:14,362] 60b06b58b136/INFO/locust.runners: Ramping to 200 users at a rate of 20.00 per second
[2026-06-16 12:25:23,383] 60b06b58b136/INFO/locust.runners: All users spawned: {"BrowsingUser": 200} (200 total users)
[2026-06-16 12:28:14,089] 60b06b58b136/INFO/locust.main: --run-time limit reached, shutting down
[2026-06-16 12:28:14,133] 60b06b58b136/INFO/locust.main: Shutting down (exit code 1)
Type     Name                                                                          # reqs      # fails |    Avg     Min     Max    Med |   req/s  failures/s
--------|----------------------------------------------------------------------------|-------|-------------|-------|-------|-------|-------|--------|-----------
GET      /feed/{user_id}                                                                27717   221(0.80%) |    114       2    1265     13 |  154.19        1.23
GET      /feed/{user_id}?with_fof=true                                                  13965   112(0.80%) |   1082       3    9316    310 |   77.69        0.62
POST     /likes                                                                          1444     0(0.00%) |      6       2     296      4 |    8.03        0.00
POST     /posts                                                                          2096     0(0.00%) |      6       2     274      3 |   11.66        0.00
GET      /timeline/{user_id}                                                            17504   137(0.78%) |    106       2    1204     12 |   97.38        0.76
GET      /users/{user_id}                                                                7035    78(1.11%) |     93       2    1063      9 |   39.14        0.43
--------|----------------------------------------------------------------------------|-------|-------------|-------|-------|-------|-------|--------|-----------
         Aggregated                                                                     69761   548(0.79%) |    298       2    9316     24 |  388.08        3.05

Response time percentiles (approximated)
Type     Name                                                                                  50%    66%    75%    80%    90%    95%    98%    99%  99.9% 99.99%   100% # reqs
--------|--------------------------------------------------------------------------------|--------|------|------|------|------|------|------|------|------|------|------|------
GET      /feed/{user_id}                                                                        13     52    130    220    420    560    710    790    990   1200   1300  27717
GET      /feed/{user_id}?with_fof=true                                                         310    790   1300   1600   3700   5600   6300   6700   8700   9000   9300  13965
POST     /likes                                                                                  4      4      4      4      5      7     45    130    270    300    300   1444
POST     /posts                                                                                  3      4      4      4      5      6     71    130    230    270    270   2096
GET      /timeline/{user_id}                                                                    12     45    120    210    390    520    650    740    970   1100   1200  17504
GET      /users/{user_id}                                                                        9     34     97    170    340    480    620    690    850   1100   1100   7035
--------|--------------------------------------------------------------------------------|--------|------|------|------|------|------|------|------|------|------|------|------
         Aggregated                                                                             24    110    240    330    610   1300   3700   5600   7000   8900   9300  69761

Error report
# occurrences      Error                                                                                               
------------------|---------------------------------------------------------------------------------------------------------------------------------------------
112                GET /feed/{user_id}?with_fof=true: HTTPError('500 Server Error: Internal Server Error for url: /feed/{user_id}?with_fof=true')
78                 GET /users/{user_id}: HTTPError('500 Server Error: Internal Server Error for url: /users/{user_id}')
137                GET /timeline/{user_id}: HTTPError('500 Server Error: Internal Server Error for url: /timeline/{user_id}')
221                GET /feed/{user_id}: HTTPError('500 Server Error: Internal Server Error for url: /feed/{user_id}')  
------------------|---------------------------------------------------------------------------------------------------------------------------------------------


  → 300 utenti...
 Container ad2526-redis Running 
 Container ad2526-backend Running 
 Container ad2526-redis Waiting 
 Container ad2526-redis Healthy 
 Container ad-2526-locust-run-81aecdd3c47d Creating 
 Container ad-2526-locust-run-81aecdd3c47d Created 
[2026-06-16 12:28:15,956] d0ed8670edab/INFO/locust.main: Starting Locust 2.32.3
[2026-06-16 12:28:15,957] d0ed8670edab/INFO/locust.main: Run time limit set to 180 seconds
[2026-06-16 12:28:15,958] d0ed8670edab/INFO/locust.runners: Ramping to 300 users at a rate of 20.00 per second
[2026-06-16 12:28:29,996] d0ed8670edab/INFO/locust.runners: All users spawned: {"BrowsingUser": 300} (300 total users)
[2026-06-16 12:31:15,672] d0ed8670edab/INFO/locust.main: --run-time limit reached, shutting down
[2026-06-16 12:31:15,730] d0ed8670edab/INFO/locust.main: Shutting down (exit code 1)
Type     Name                                                                          # reqs      # fails |    Avg     Min     Max    Med |   req/s  failures/s
--------|----------------------------------------------------------------------------|-------|-------------|-------|-------|-------|-------|--------|-----------
GET      /feed/{user_id}                                                                24210   276(1.14%) |    292       2    2304    190 |  134.68        1.54
GET      /feed/{user_id}?with_fof=true                                                  11944   113(0.95%) |   2216       2    8783   2100 |   66.44        0.63
POST     /likes                                                                          1224     0(0.00%) |    164       2    1190      5 |    6.81        0.00
POST     /posts                                                                          1821     0(0.00%) |    176       2    1311      5 |   10.13        0.00
GET      /timeline/{user_id}                                                            14716   159(1.08%) |    268       2    1618    160 |   81.86        0.88
GET      /users/{user_id}                                                                5979    71(1.19%) |    257       2    1463    140 |   33.26        0.39
--------|----------------------------------------------------------------------------|-------|-------------|-------|-------|-------|-------|--------|-----------
         Aggregated                                                                     59894   619(1.03%) |    660       2    8783    270 |  333.18        3.44

Response time percentiles (approximated)
Type     Name                                                                                  50%    66%    75%    80%    90%    95%    98%    99%  99.9% 99.99%   100% # reqs
--------|--------------------------------------------------------------------------------|--------|------|------|------|------|------|------|------|------|------|------|------
GET      /feed/{user_id}                                                                       190    350    480    560    770    930   1100   1200   1400   2100   2300  24210
GET      /feed/{user_id}?with_fof=true                                                        2100   3000   3400   3600   4100   4600   5200   6000   7900   8500   8800  11944
POST     /likes                                                                                  5    110    260    360    590    730    890    940   1100   1200   1200   1224
POST     /posts                                                                                  5    140    300    410    600    740    850    920   1300   1300   1300   1821
GET      /timeline/{user_id}                                                                   160    310    440    520    730    890   1000   1100   1300   1500   1600  14716
GET      /users/{user_id}                                                                      140    290    420    510    720    870   1000   1100   1400   1500   1500   5979
--------|--------------------------------------------------------------------------------|--------|------|------|------|------|------|------|------|------|------|------|------
         Aggregated                                                                            270    520    710    860   2100   3400   4100   4600   6700   8200   8800  59894

Error report
# occurrences      Error                                                                                               
------------------|---------------------------------------------------------------------------------------------------------------------------------------------
159                GET /timeline/{user_id}: HTTPError('500 Server Error: Internal Server Error for url: /timeline/{user_id}')
113                GET /feed/{user_id}?with_fof=true: HTTPError('500 Server Error: Internal Server Error for url: /feed/{user_id}?with_fof=true')
276                GET /feed/{user_id}: HTTPError('500 Server Error: Internal Server Error for url: /feed/{user_id}')  
71                 GET /users/{user_id}: HTTPError('500 Server Error: Internal Server Error for url: /users/{user_id}')
------------------|---------------------------------------------------------------------------------------------------------------------------------------------


  → 400 utenti...
 Container ad2526-redis Running 
 Container ad2526-backend Running 
 Container ad2526-redis Waiting 
 Container ad2526-redis Healthy 
 Container ad-2526-locust-run-75c2d011f09d Creating 
 Container ad-2526-locust-run-75c2d011f09d Created 
[2026-06-16 12:31:17,619] aafbdeb3fa2b/INFO/locust.main: Starting Locust 2.32.3
[2026-06-16 12:31:17,620] aafbdeb3fa2b/INFO/locust.main: Run time limit set to 180 seconds
[2026-06-16 12:31:17,620] aafbdeb3fa2b/INFO/locust.runners: Ramping to 400 users at a rate of 20.00 per second
[2026-06-16 12:31:36,678] aafbdeb3fa2b/INFO/locust.runners: All users spawned: {"BrowsingUser": 400} (400 total users)
[2026-06-16 12:34:17,345] aafbdeb3fa2b/INFO/locust.main: --run-time limit reached, shutting down
[2026-06-16 12:34:17,425] aafbdeb3fa2b/INFO/locust.main: Shutting down (exit code 1)
Type     Name                                                                          # reqs      # fails |    Avg     Min     Max    Med |   req/s  failures/s
--------|----------------------------------------------------------------------------|-------|-------------|-------|-------|-------|-------|--------|-----------
GET      /feed/{user_id}                                                                30130   392(1.30%) |    459       2    2095    370 |  167.58        2.18
GET      /feed/{user_id}?with_fof=true                                                  14679   172(1.17%) |   1829      17   13697   1300 |   81.64        0.96
POST     /likes                                                                          1446     0(0.00%) |    274       2    1224     88 |    8.04        0.00
POST     /posts                                                                          2211     0(0.00%) |    279       2    1393    110 |   12.30        0.00
GET      /timeline/{user_id}                                                            18704   241(1.29%) |    430       2    1889    330 |  104.03        1.34
GET      /users/{user_id}                                                                7465    96(1.29%) |    409       2    1801    300 |   41.52        0.53
--------|----------------------------------------------------------------------------|-------|-------------|-------|-------|-------|-------|--------|-----------
         Aggregated                                                                     74635   901(1.21%) |    707       2   13697    440 |  415.12        5.01

Response time percentiles (approximated)
Type     Name                                                                                  50%    66%    75%    80%    90%    95%    98%    99%  99.9% 99.99%   100% # reqs
--------|--------------------------------------------------------------------------------|--------|------|------|------|------|------|------|------|------|------|------|------
GET      /feed/{user_id}                                                                       370    610    760    850   1100   1200   1400   1500   1800   2000   2100  30130
GET      /feed/{user_id}?with_fof=true                                                        1300   1900   2700   3200   4200   5500   6300   6800   7800   8400  14000  14679
POST     /likes                                                                                 88    340    540    630    820    930   1000   1100   1200   1200   1200   1446
POST     /posts                                                                                110    360    530    630    810    930   1000   1100   1400   1400   1400   2211
GET      /timeline/{user_id}                                                                   330    570    720    810   1000   1200   1300   1400   1700   1800   1900  18704
GET      /users/{user_id}                                                                      300    550    700    780    980   1100   1300   1400   1600   1800   1800   7465
--------|--------------------------------------------------------------------------------|--------|------|------|------|------|------|------|------|------|------|------|------
         Aggregated                                                                            440    730    900   1000   1400   2600   4200   5500   7100   7900  14000  74635

Error report
# occurrences      Error                                                                                               
------------------|---------------------------------------------------------------------------------------------------------------------------------------------
392                GET /feed/{user_id}: HTTPError('500 Server Error: Internal Server Error for url: /feed/{user_id}')  
172                GET /feed/{user_id}?with_fof=true: HTTPError('500 Server Error: Internal Server Error for url: /feed/{user_id}?with_fof=true')
96                 GET /users/{user_id}: HTTPError('500 Server Error: Internal Server Error for url: /users/{user_id}')
241                GET /timeline/{user_id}: HTTPError('500 Server Error: Internal Server Error for url: /timeline/{user_id}')
------------------|---------------------------------------------------------------------------------------------------------------------------------------------


  → 500 utenti...
 Container ad2526-redis Running 
 Container ad2526-backend Running 
 Container ad2526-redis Waiting 
 Container ad2526-redis Healthy 
 Container ad-2526-locust-run-72f9e55d2dea Creating 
 Container ad-2526-locust-run-72f9e55d2dea Created 
[2026-06-16 12:34:20,083] 51b38d7c768d/INFO/locust.main: Starting Locust 2.32.3
[2026-06-16 12:34:20,084] 51b38d7c768d/INFO/locust.main: Run time limit set to 180 seconds
[2026-06-16 12:34:20,084] 51b38d7c768d/INFO/locust.runners: Ramping to 500 users at a rate of 20.00 per second
[2026-06-16 12:34:44,160] 51b38d7c768d/INFO/locust.runners: All users spawned: {"BrowsingUser": 500} (500 total users)
[2026-06-16 12:37:19,808] 51b38d7c768d/INFO/locust.main: --run-time limit reached, shutting down
[2026-06-16 12:37:19,896] 51b38d7c768d/INFO/locust.main: Shutting down (exit code 1)
Type     Name                                                                          # reqs      # fails |    Avg     Min     Max    Med |   req/s  failures/s
--------|----------------------------------------------------------------------------|-------|-------------|-------|-------|-------|-------|--------|-----------
GET      /feed/{user_id}                                                                34649   594(1.71%) |    549       2    2953    430 |  192.72        3.30
GET      /feed/{user_id}?with_fof=true                                                  17325   302(1.74%) |   1704      16    7517   1400 |   96.36        1.68
POST     /likes                                                                          1790     0(0.00%) |    349       2    1557    120 |    9.96        0.00
POST     /posts                                                                          2520     0(0.00%) |    361       2    1676    140 |   14.02        0.00
GET      /timeline/{user_id}                                                            21624   358(1.66%) |    533       2    2386    410 |  120.27        1.99
GET      /users/{user_id}                                                                8663   163(1.88%) |    516       2    2197    390 |   48.18        0.91
--------|----------------------------------------------------------------------------|-------|-------------|-------|-------|-------|-------|--------|-----------
         Aggregated                                                                     86571  1417(1.64%) |    763       2    7517    560 |  481.50        7.88

Response time percentiles (approximated)
Type     Name                                                                                  50%    66%    75%    80%    90%    95%    98%    99%  99.9% 99.99%   100% # reqs
--------|--------------------------------------------------------------------------------|--------|------|------|------|------|------|------|------|------|------|------|------
GET      /feed/{user_id}                                                                       430    750    940   1000   1300   1500   1700   1800   2100   2400   3000  34649
GET      /feed/{user_id}?with_fof=true                                                        1400   2000   2500   2800   3700   4200   4700   4900   6200   7200   7500  17325
POST     /likes                                                                                120    500    670    780    980   1100   1300   1300   1500   1600   1600   1790
POST     /posts                                                                                140    550    710    790    970   1100   1200   1300   1600   1700   1700   2520
GET      /timeline/{user_id}                                                                   410    730    920   1000   1200   1400   1600   1700   2000   2300   2400  21624
GET      /users/{user_id}                                                                      390    730    900    990   1200   1400   1500   1600   2000   2200   2200   8663
--------|--------------------------------------------------------------------------------|--------|------|------|------|------|------|------|------|------|------|------|------
         Aggregated                                                                            560    910   1100   1200   1600   2500   3700   4200   5300   6600   7500  86571

Error report
# occurrences      Error                                                                                               
------------------|---------------------------------------------------------------------------------------------------------------------------------------------
594                GET /feed/{user_id}: HTTPError('500 Server Error: Internal Server Error for url: /feed/{user_id}')  
163                GET /users/{user_id}: HTTPError('500 Server Error: Internal Server Error for url: /users/{user_id}')
358                GET /timeline/{user_id}: HTTPError('500 Server Error: Internal Server Error for url: /timeline/{user_id}')
302                GET /feed/{user_id}?with_fof=true: HTTPError('500 Server Error: Internal Server Error for url: /feed/{user_id}?with_fof=true')
------------------|---------------------------------------------------------------------------------------------------------------------------------------------


  → 700 utenti...
 Container ad2526-redis Running 
 Container ad2526-backend Running 
 Container ad2526-redis Waiting 
 Container ad2526-redis Healthy 
 Container ad-2526-locust-run-9ab920798eaa Creating 
 Container ad-2526-locust-run-9ab920798eaa Created 
[2026-06-16 12:37:21,930] 14a2046557eb/INFO/locust.main: Starting Locust 2.32.3
[2026-06-16 12:37:21,931] 14a2046557eb/INFO/locust.main: Run time limit set to 180 seconds
[2026-06-16 12:37:21,932] 14a2046557eb/INFO/locust.runners: Ramping to 700 users at a rate of 20.00 per second
[2026-06-16 12:37:56,048] 14a2046557eb/INFO/locust.runners: All users spawned: {"BrowsingUser": 700} (700 total users)
[2026-06-16 12:40:21,650] 14a2046557eb/INFO/locust.main: --run-time limit reached, shutting down
[2026-06-16 12:40:21,822] 14a2046557eb/INFO/locust.main: Shutting down (exit code 1)
Type     Name                                                                          # reqs      # fails |    Avg     Min     Max    Med |   req/s  failures/s
--------|----------------------------------------------------------------------------|-------|-------------|-------|-------|-------|-------|--------|-----------
GET      /feed/{user_id}                                                                25674   818(3.19%) |   1162       2    4171   1200 |  142.74        4.55
GET      /feed/{user_id}?with_fof=true                                                  12649   433(3.42%) |   3298      17    8337   3400 |   70.33        2.41
POST     /likes                                                                          1281     0(0.00%) |    999       2    3405   1000 |    7.12        0.00
POST     /posts                                                                          1926     0(0.00%) |    994       2    3402   1000 |   10.71        0.00
GET      /timeline/{user_id}                                                            16090   530(3.29%) |   1140       2    3728   1200 |   89.46        2.95
GET      /users/{user_id}                                                                6273   198(3.16%) |   1125       2    3793   1200 |   34.88        1.10
--------|----------------------------------------------------------------------------|-------|-------------|-------|-------|-------|-------|--------|-----------
         Aggregated                                                                     63893  1979(3.10%) |   1567       2    8337   1400 |  355.24       11.00

Response time percentiles (approximated)
Type     Name                                                                                  50%    66%    75%    80%    90%    95%    98%    99%  99.9% 99.99%   100% # reqs
--------|--------------------------------------------------------------------------------|--------|------|------|------|------|------|------|------|------|------|------|------
GET      /feed/{user_id}                                                                      1200   1600   1800   1900   2300   2500   2800   3000   3500   3800   4200  25674
GET      /feed/{user_id}?with_fof=true                                                        3400   4100   4500   4800   5300   5700   6100   6400   7100   8300   8300  12649
POST     /likes                                                                               1000   1400   1600   1800   2100   2200   2500   2800   3400   3400   3400   1281
POST     /posts                                                                               1000   1400   1600   1700   2000   2200   2500   2600   3000   3400   3400   1926
GET      /timeline/{user_id}                                                                  1200   1500   1800   1900   2200   2500   2700   2900   3400   3700   3700  16090
GET      /users/{user_id}                                                                     1200   1500   1800   1900   2200   2500   2700   2900   3600   3800   3800   6273
--------|--------------------------------------------------------------------------------|--------|------|------|------|------|------|------|------|------|------|------|------
         Aggregated                                                                           1400   1800   2100   2400   3400   4500   5300   5700   6600   7600   8300  63893

Error report
# occurrences      Error                                                                                               
------------------|---------------------------------------------------------------------------------------------------------------------------------------------
198                GET /users/{user_id}: HTTPError('500 Server Error: Internal Server Error for url: /users/{user_id}')
818                GET /feed/{user_id}: HTTPError('500 Server Error: Internal Server Error for url: /feed/{user_id}')  
530                GET /timeline/{user_id}: HTTPError('500 Server Error: Internal Server Error for url: /timeline/{user_id}')
433                GET /feed/{user_id}?with_fof=true: HTTPError('500 Server Error: Internal Server Error for url: /feed/{user_id}?with_fof=true')
------------------|---------------------------------------------------------------------------------------------------------------------------------------------



==============================
 Strategia: cache_aside
==============================
 Container ad2526-redis Running 
 Container ad2526-backend Recreate 
 Container ad2526-backend Recreated 
 Container ad2526-redis Waiting 
 Container ad2526-redis Healthy 
 Container ad2526-backend Starting 
 Container ad2526-backend Started 
  → 10 utenti...
 Container ad2526-redis Running 
 Container ad2526-backend Running 
 Container ad2526-redis Waiting 
 Container ad2526-redis Healthy 
 Container ad-2526-locust-run-c7fbde520a08 Creating 
 Container ad-2526-locust-run-c7fbde520a08 Created 
[2026-06-16 12:40:32,137] fb7d180c2b7b/INFO/locust.main: Starting Locust 2.32.3
[2026-06-16 12:40:32,138] fb7d180c2b7b/INFO/locust.main: Run time limit set to 180 seconds
[2026-06-16 12:40:32,139] fb7d180c2b7b/INFO/locust.runners: Ramping to 10 users at a rate of 20.00 per second
[2026-06-16 12:40:32,139] fb7d180c2b7b/INFO/locust.runners: All users spawned: {"BrowsingUser": 10} (10 total users)
[2026-06-16 12:43:31,859] fb7d180c2b7b/INFO/locust.main: --run-time limit reached, shutting down
[2026-06-16 12:43:31,885] fb7d180c2b7b/INFO/locust.main: Shutting down (exit code 0)
Type     Name                                                                          # reqs      # fails |    Avg     Min     Max    Med |   req/s  failures/s
--------|----------------------------------------------------------------------------|-------|-------------|-------|-------|-------|-------|--------|-----------
GET      /feed/{user_id}                                                                 3459     0(0.00%) |      3       2      45      3 |   19.24        0.00
GET      /feed/{user_id}?with_fof=true                                                   1758     0(0.00%) |      7       2     183      3 |    9.78        0.00
POST     /likes                                                                           173     0(0.00%) |      4       2      24      4 |    0.96        0.00
POST     /posts                                                                           268     0(0.00%) |      3       2       6      4 |    1.49        0.00
GET      /timeline/{user_id}                                                             2212     0(0.00%) |      3       2      29      3 |   12.31        0.00
GET      /users/{user_id}                                                                 876     0(0.00%) |      3       1      24      3 |    4.87        0.00
--------|----------------------------------------------------------------------------|-------|-------------|-------|-------|-------|-------|--------|-----------
         Aggregated                                                                      8746     0(0.00%) |      4       1     183      3 |   48.66        0.00

Response time percentiles (approximated)
Type     Name                                                                                  50%    66%    75%    80%    90%    95%    98%    99%  99.9% 99.99%   100% # reqs
--------|--------------------------------------------------------------------------------|--------|------|------|------|------|------|------|------|------|------|------|------
GET      /feed/{user_id}                                                                         3      3      3      4      4      4      5      6     28     46     46   3459
GET      /feed/{user_id}?with_fof=true                                                           3      4      4      4      4     18     97    110    180    180    180   1758
POST     /likes                                                                                  4      4      4      4      4      5      6     21     24     24     24    173
POST     /posts                                                                                  4      4      4      4      4      4      5      5      6      6      6    268
GET      /timeline/{user_id}                                                                     3      3      3      4      4      4      5      5     12     30     30   2212
GET      /users/{user_id}                                                                        3      3      3      4      4      4      4      5     25     25     25    876
--------|--------------------------------------------------------------------------------|--------|------|------|------|------|------|------|------|------|------|------|------
         Aggregated                                                                              3      3      4      4      4      4      5     20    130    180    180   8746

  → 25 utenti...
 Container ad2526-redis Running 
 Container ad2526-backend Running 
 Container ad2526-redis Waiting 
 Container ad2526-redis Healthy 
 Container ad-2526-locust-run-2451a0e2ed96 Creating 
 Container ad-2526-locust-run-2451a0e2ed96 Created 
[2026-06-16 12:43:33,561] c82205fe13b1/INFO/locust.main: Starting Locust 2.32.3
[2026-06-16 12:43:33,562] c82205fe13b1/INFO/locust.main: Run time limit set to 180 seconds
[2026-06-16 12:43:33,563] c82205fe13b1/INFO/locust.runners: Ramping to 25 users at a rate of 20.00 per second
[2026-06-16 12:43:34,564] c82205fe13b1/INFO/locust.runners: All users spawned: {"BrowsingUser": 25} (25 total users)
[2026-06-16 12:46:33,284] c82205fe13b1/INFO/locust.main: --run-time limit reached, shutting down
[2026-06-16 12:46:33,312] c82205fe13b1/INFO/locust.main: Shutting down (exit code 0)
Type     Name                                                                          # reqs      # fails |    Avg     Min     Max    Med |   req/s  failures/s
--------|----------------------------------------------------------------------------|-------|-------------|-------|-------|-------|-------|--------|-----------
GET      /feed/{user_id}                                                                 8724     0(0.00%) |      2       1      70      3 |   48.53        0.00
GET      /feed/{user_id}?with_fof=true                                                   4423     0(0.00%) |      5       2     203      3 |   24.61        0.00
POST     /likes                                                                           462     0(0.00%) |      3       2       6      4 |    2.57        0.00
POST     /posts                                                                           676     0(0.00%) |      3       2       7      3 |    3.76        0.00
GET      /timeline/{user_id}                                                             5479     0(0.00%) |      2       1      54      3 |   30.48        0.00
GET      /users/{user_id}                                                                2226     0(0.00%) |      2       1      52      3 |   12.38        0.00
--------|----------------------------------------------------------------------------|-------|-------------|-------|-------|-------|-------|--------|-----------
         Aggregated                                                                     21990     0(0.00%) |      3       1     203      3 |  122.34        0.00

Response time percentiles (approximated)
Type     Name                                                                                  50%    66%    75%    80%    90%    95%    98%    99%  99.9% 99.99%   100% # reqs
--------|--------------------------------------------------------------------------------|--------|------|------|------|------|------|------|------|------|------|------|------
GET      /feed/{user_id}                                                                         3      3      3      3      3      4      5      6     33     70     70   8724
GET      /feed/{user_id}?with_fof=true                                                           3      3      3      3      4      4     76    100    160    200    200   4423
POST     /likes                                                                                  4      4      4      4      4      5      5      5      6      6      6    462
POST     /posts                                                                                  3      3      4      4      4      4      5      5      7      7      7    676
GET      /timeline/{user_id}                                                                     3      3      3      3      3      4      5      5     16     54     54   5479
GET      /users/{user_id}                                                                        3      3      3      3      4      4      5      6     27     52     52   2226
--------|--------------------------------------------------------------------------------|--------|------|------|------|------|------|------|------|------|------|------|------
         Aggregated                                                                              3      3      3      3      4      4      5     10    120    170    200  21990

  → 50 utenti...
 Container ad2526-redis Running 
 Container ad2526-backend Running 
 Container ad2526-redis Waiting 
 Container ad2526-redis Healthy 
 Container ad-2526-locust-run-eac4956dfe75 Creating 
 Container ad-2526-locust-run-eac4956dfe75 Created 
[2026-06-16 12:46:35,023] e8b32d002a17/INFO/locust.main: Starting Locust 2.32.3
[2026-06-16 12:46:35,024] e8b32d002a17/INFO/locust.main: Run time limit set to 180 seconds
[2026-06-16 12:46:35,025] e8b32d002a17/INFO/locust.runners: Ramping to 50 users at a rate of 20.00 per second
[2026-06-16 12:46:37,028] e8b32d002a17/INFO/locust.runners: All users spawned: {"BrowsingUser": 50} (50 total users)
[2026-06-16 12:49:34,746] e8b32d002a17/INFO/locust.main: --run-time limit reached, shutting down
[2026-06-16 12:49:34,774] e8b32d002a17/INFO/locust.main: Shutting down (exit code 0)
Type     Name                                                                          # reqs      # fails |    Avg     Min     Max    Med |   req/s  failures/s
--------|----------------------------------------------------------------------------|-------|-------------|-------|-------|-------|-------|--------|-----------
GET      /feed/{user_id}                                                                17306     0(0.00%) |      2       1      51      3 |   96.30        0.00
GET      /feed/{user_id}?with_fof=true                                                   9063     0(0.00%) |      5       1     192      3 |   50.43        0.00
POST     /likes                                                                           876     0(0.00%) |      3       2      21      3 |    4.87        0.00
POST     /posts                                                                          1299     0(0.00%) |      3       2      21      3 |    7.23        0.00
GET      /timeline/{user_id}                                                            10947     0(0.00%) |      2       1      51      3 |   60.91        0.00
GET      /users/{user_id}                                                                4378     0(0.00%) |      2       1      25      2 |   24.36        0.00
--------|----------------------------------------------------------------------------|-------|-------------|-------|-------|-------|-------|--------|-----------
         Aggregated                                                                     43869     0(0.00%) |      3       1     192      3 |  244.11        0.00

Response time percentiles (approximated)
Type     Name                                                                                  50%    66%    75%    80%    90%    95%    98%    99%  99.9% 99.99%   100% # reqs
--------|--------------------------------------------------------------------------------|--------|------|------|------|------|------|------|------|------|------|------|------
GET      /feed/{user_id}                                                                         3      3      3      3      4      4      6      9     24     50     52  17306
GET      /feed/{user_id}?with_fof=true                                                           3      3      3      3      4      5     40    100    160    190    190   9063
POST     /likes                                                                                  3      4      4      4      4      5      5      6     22     22     22    876
POST     /posts                                                                                  3      3      4      4      4      4      5      6     21     21     21   1299
GET      /timeline/{user_id}                                                                     3      3      3      3      4      4      5      7     25     45     52  10947
GET      /users/{user_id}                                                                        2      3      3      3      4      4      6      7     22     26     26   4378
--------|--------------------------------------------------------------------------------|--------|------|------|------|------|------|------|------|------|------|------|------
         Aggregated                                                                              3      3      3      3      4      4      6     11    130    170    190  43869

  → 75 utenti...
 Container ad2526-redis Running 
 Container ad2526-backend Running 
 Container ad2526-redis Waiting 
 Container ad2526-redis Healthy 
 Container ad-2526-locust-run-81e2dd3f2780 Creating 
 Container ad-2526-locust-run-81e2dd3f2780 Created 
[2026-06-16 12:49:36,876] 5b592bcb9ad3/INFO/locust.main: Starting Locust 2.32.3
[2026-06-16 12:49:36,877] 5b592bcb9ad3/INFO/locust.main: Run time limit set to 180 seconds
[2026-06-16 12:49:36,877] 5b592bcb9ad3/INFO/locust.runners: Ramping to 75 users at a rate of 20.00 per second
[2026-06-16 12:49:39,882] 5b592bcb9ad3/INFO/locust.runners: All users spawned: {"BrowsingUser": 75} (75 total users)
[2026-06-16 12:52:36,603] 5b592bcb9ad3/INFO/locust.main: --run-time limit reached, shutting down
[2026-06-16 12:52:36,633] 5b592bcb9ad3/INFO/locust.main: Shutting down (exit code 0)
Type     Name                                                                          # reqs      # fails |    Avg     Min     Max    Med |   req/s  failures/s
--------|----------------------------------------------------------------------------|-------|-------------|-------|-------|-------|-------|--------|-----------
GET      /feed/{user_id}                                                                26425     0(0.00%) |      3       1      56      3 |  147.04        0.00
GET      /feed/{user_id}?with_fof=true                                                  13121     0(0.00%) |      4       1     186      3 |   73.01        0.00
POST     /likes                                                                          1319     0(0.00%) |      3       2      24      3 |    7.34        0.00
POST     /posts                                                                          1923     0(0.00%) |      3       2      27      3 |   10.70        0.00
GET      /timeline/{user_id}                                                            16438     0(0.00%) |      3       1      42      3 |   91.47        0.00
GET      /users/{user_id}                                                                6507     0(0.00%) |      2       1      35      3 |   36.21        0.00
--------|----------------------------------------------------------------------------|-------|-------------|-------|-------|-------|-------|--------|-----------
         Aggregated                                                                     65733     0(0.00%) |      3       1     186      3 |  365.76        0.00

Response time percentiles (approximated)
Type     Name                                                                                  50%    66%    75%    80%    90%    95%    98%    99%  99.9% 99.99%   100% # reqs
--------|--------------------------------------------------------------------------------|--------|------|------|------|------|------|------|------|------|------|------|------
GET      /feed/{user_id}                                                                         3      3      3      3      4      5      6     11     26     41     57  26425
GET      /feed/{user_id}?with_fof=true                                                           3      3      3      4      4      5     19    100    160    180    190  13121
POST     /likes                                                                                  3      4      4      4      5      5      6      7     20     24     24   1319
POST     /posts                                                                                  3      3      4      4      4      5      6      7     23     27     27   1923
GET      /timeline/{user_id}                                                                     3      3      3      3      4      5      6     10     26     39     43  16438
GET      /users/{user_id}                                                                        3      3      3      3      4      5      6      8     25     36     36   6507
--------|--------------------------------------------------------------------------------|--------|------|------|------|------|------|------|------|------|------|------|------
         Aggregated                                                                              3      3      3      3      4      5      7     13    120    170    190  65733

  → 100 utenti...
 Container ad2526-redis Running 
 Container ad2526-backend Running 
 Container ad2526-redis Waiting 
 Container ad2526-redis Healthy 
 Container ad-2526-locust-run-7abac122b70e Creating 
 Container ad-2526-locust-run-7abac122b70e Created 
[2026-06-16 12:52:38,336] 3bc85cce791c/INFO/locust.main: Starting Locust 2.32.3
[2026-06-16 12:52:38,336] 3bc85cce791c/INFO/locust.main: Run time limit set to 180 seconds
[2026-06-16 12:52:38,337] 3bc85cce791c/INFO/locust.runners: Ramping to 100 users at a rate of 20.00 per second
[2026-06-16 12:52:42,343] 3bc85cce791c/INFO/locust.runners: All users spawned: {"BrowsingUser": 100} (100 total users)
[2026-06-16 12:55:38,053] 3bc85cce791c/INFO/locust.main: --run-time limit reached, shutting down
[2026-06-16 12:55:38,087] 3bc85cce791c/INFO/locust.main: Shutting down (exit code 0)
Type     Name                                                                          # reqs      # fails |    Avg     Min     Max    Med |   req/s  failures/s
--------|----------------------------------------------------------------------------|-------|-------------|-------|-------|-------|-------|--------|-----------
GET      /feed/{user_id}                                                                34615     0(0.00%) |      3       1     260      3 |  192.58        0.00
GET      /feed/{user_id}?with_fof=true                                                  17617     0(0.00%) |      5       1     222      3 |   98.01        0.00
POST     /likes                                                                          1687     0(0.00%) |      3       2      31      4 |    9.39        0.00
POST     /posts                                                                          2653     0(0.00%) |      3       2      60      3 |   14.76        0.00
GET      /timeline/{user_id}                                                            21693     0(0.00%) |      3       1     295      3 |  120.69        0.00
GET      /users/{user_id}                                                                8739     0(0.00%) |      3       1     252      3 |   48.62        0.00
--------|----------------------------------------------------------------------------|-------|-------------|-------|-------|-------|-------|--------|-----------
         Aggregated                                                                     87004     0(0.00%) |      3       1     295      3 |  484.04        0.00

Response time percentiles (approximated)
Type     Name                                                                                  50%    66%    75%    80%    90%    95%    98%    99%  99.9% 99.99%   100% # reqs
--------|--------------------------------------------------------------------------------|--------|------|------|------|------|------|------|------|------|------|------|------
GET      /feed/{user_id}                                                                         3      3      3      4      5      6     12     18     59    230    260  34615
GET      /feed/{user_id}?with_fof=true                                                           3      3      4      4      5      6     24    100    170    220    220  17617
POST     /likes                                                                                  4      4      4      4      5      6      7      8     28     31     31   1687
POST     /posts                                                                                  3      4      4      4      5      6      7      9     33     60     60   2653
GET      /timeline/{user_id}                                                                     3      3      3      4      5      6     13     19    110    260    300  21693
GET      /users/{user_id}                                                                        3      3      3      4      5      6     11     17     46    250    250   8739
--------|--------------------------------------------------------------------------------|--------|------|------|------|------|------|------|------|------|------|------|------
         Aggregated                                                                              3      3      4      4      5      6     13     22    140    220    300  87004

  → 150 utenti...
 Container ad2526-redis Running 
 Container ad2526-backend Running 
 Container ad2526-redis Waiting 
 Container ad2526-redis Healthy 
 Container ad-2526-locust-run-85496eb669bf Creating 
 Container ad-2526-locust-run-85496eb669bf Created 
[2026-06-16 12:55:39,859] 16a699a43aee/INFO/locust.main: Starting Locust 2.32.3
[2026-06-16 12:55:39,859] 16a699a43aee/INFO/locust.main: Run time limit set to 180 seconds
[2026-06-16 12:55:39,860] 16a699a43aee/INFO/locust.runners: Ramping to 150 users at a rate of 20.00 per second
[2026-06-16 12:55:46,870] 16a699a43aee/INFO/locust.runners: All users spawned: {"BrowsingUser": 150} (150 total users)
[2026-06-16 12:58:39,583] 16a699a43aee/INFO/locust.main: --run-time limit reached, shutting down
[2026-06-16 12:58:39,619] 16a699a43aee/INFO/locust.main: Shutting down (exit code 0)
Type     Name                                                                          # reqs      # fails |    Avg     Min     Max    Med |   req/s  failures/s
--------|----------------------------------------------------------------------------|-------|-------------|-------|-------|-------|-------|--------|-----------
GET      /feed/{user_id}                                                                50663     0(0.00%) |      4       1     131      3 |  281.85        0.00
GET      /feed/{user_id}?with_fof=true                                                  25369     0(0.00%) |     12       1    2238      3 |  141.13        0.00
POST     /likes                                                                          2566     0(0.00%) |      4       2      30      4 |   14.28        0.00
POST     /posts                                                                          3807     0(0.00%) |      4       2      42      4 |   21.18        0.00
GET      /timeline/{user_id}                                                            31875     0(0.00%) |     12       1    2300      3 |  177.33        0.00
GET      /users/{user_id}                                                               12701     0(0.00%) |      4       1     125      3 |   70.66        0.00
--------|----------------------------------------------------------------------------|-------|-------------|-------|-------|-------|-------|--------|-----------
         Aggregated                                                                    126981     0(0.00%) |      7       1    2300      3 |  706.42        0.00

Response time percentiles (approximated)
Type     Name                                                                                  50%    66%    75%    80%    90%    95%    98%    99%  99.9% 99.99%   100% # reqs
--------|--------------------------------------------------------------------------------|--------|------|------|------|------|------|------|------|------|------|------|------
GET      /feed/{user_id}                                                                         3      4      4      4      6      8     16     24     67    110    130  50663
GET      /feed/{user_id}?with_fof=true                                                           3      4      4      5      6     11     30    110   2000   2200   2200  25369
POST     /likes                                                                                  4      4      5      5      6      7      9     11     30     31     31   2566
POST     /posts                                                                                  4      4      5      5      6      7      9     11     34     42     42   3807
GET      /timeline/{user_id}                                                                     3      4      4      4      6     11     30    130   2000   2300   2300  31875
GET      /users/{user_id}                                                                        3      4      4      5      6      8     16     24     67    120    130  12701
--------|--------------------------------------------------------------------------------|--------|------|------|------|------|------|------|------|------|------|------|------
         Aggregated                                                                              3      4      4      5      6      9     19     38   1700   2200   2300 126981

  → 200 utenti...
 Container ad2526-redis Running 
 Container ad2526-backend Running 
 Container ad2526-redis Waiting 
 Container ad2526-redis Healthy 
 Container ad-2526-locust-run-1fd689ac5d32 Creating 
 Container ad-2526-locust-run-1fd689ac5d32 Created 
[2026-06-16 12:58:41,446] 20d982d71d88/INFO/locust.main: Starting Locust 2.32.3
[2026-06-16 12:58:41,447] 20d982d71d88/INFO/locust.main: Run time limit set to 180 seconds
[2026-06-16 12:58:41,447] 20d982d71d88/INFO/locust.runners: Ramping to 200 users at a rate of 20.00 per second
[2026-06-16 12:58:50,461] 20d982d71d88/INFO/locust.runners: All users spawned: {"BrowsingUser": 200} (200 total users)
[2026-06-16 13:01:41,167] 20d982d71d88/INFO/locust.main: --run-time limit reached, shutting down
[2026-06-16 13:01:41,208] 20d982d71d88/INFO/locust.main: Shutting down (exit code 1)
Type     Name                                                                          # reqs      # fails |    Avg     Min     Max    Med |   req/s  failures/s
--------|----------------------------------------------------------------------------|-------|-------------|-------|-------|-------|-------|--------|-----------
GET      /feed/{user_id}                                                                65973    20(0.03%) |     10       1    1224      4 |  367.02        0.11
GET      /feed/{user_id}?with_fof=true                                                  32825     6(0.02%) |     13       1    1926      4 |  182.61        0.03
POST     /likes                                                                          3263     0(0.00%) |      6       2     231      5 |   18.15        0.00
POST     /posts                                                                          4874     0(0.00%) |      6       2     283      5 |   27.11        0.00
GET      /timeline/{user_id}                                                            41265    15(0.04%) |     17       1    2701      4 |  229.56        0.08
GET      /users/{user_id}                                                               16302     4(0.02%) |     10       1    1162      4 |   90.69        0.02
--------|----------------------------------------------------------------------------|-------|-------------|-------|-------|-------|-------|--------|-----------
         Aggregated                                                                    164502    45(0.03%) |     12       1    2701      4 |  915.15        0.25

Response time percentiles (approximated)
Type     Name                                                                                  50%    66%    75%    80%    90%    95%    98%    99%  99.9% 99.99%   100% # reqs
--------|--------------------------------------------------------------------------------|--------|------|------|------|------|------|------|------|------|------|------|------
GET      /feed/{user_id}                                                                         4      6      7     10     20     31     49     67    670   1100   1200  65973
GET      /feed/{user_id}?with_fof=true                                                           4      6      8     11     21     34     65    120   1300   1800   1900  32825
POST     /likes                                                                                  5      6      7      8     10     14     23     33    190    230    230   3263
POST     /posts                                                                                  5      6      7      7     10     13     21     31     93    280    280   4874
GET      /timeline/{user_id}                                                                     4      6      7     11     21     34     73    160   2100   2600   2700  41265
GET      /users/{user_id}                                                                        4      6      8     10     20     30     48     65    710   1100   1200  16302
--------|--------------------------------------------------------------------------------|--------|------|------|------|------|------|------|------|------|------|------|------
         Aggregated                                                                              4      6      7     10     20     31     54     98   1200   2300   2700 164502

Error report
# occurrences      Error                                                                                               
------------------|---------------------------------------------------------------------------------------------------------------------------------------------
20                 GET /feed/{user_id}: HTTPError('500 Server Error: Internal Server Error for url: /feed/{user_id}')  
15                 GET /timeline/{user_id}: HTTPError('500 Server Error: Internal Server Error for url: /timeline/{user_id}')
6                  GET /feed/{user_id}?with_fof=true: HTTPError('500 Server Error: Internal Server Error for url: /feed/{user_id}?with_fof=true')
4                  GET /users/{user_id}: HTTPError('500 Server Error: Internal Server Error for url: /users/{user_id}')
------------------|---------------------------------------------------------------------------------------------------------------------------------------------


  → 300 utenti...
 Container ad2526-redis Running 
 Container ad2526-backend Running 
 Container ad2526-redis Waiting 
 Container ad2526-redis Healthy 
 Container ad-2526-locust-run-2fe87f213901 Creating 
 Container ad-2526-locust-run-2fe87f213901 Created 
[2026-06-16 13:01:43,218] 0d8cc0f00376/INFO/locust.main: Starting Locust 2.32.3
[2026-06-16 13:01:43,219] 0d8cc0f00376/INFO/locust.main: Run time limit set to 180 seconds
[2026-06-16 13:01:43,220] 0d8cc0f00376/INFO/locust.runners: Ramping to 300 users at a rate of 20.00 per second
[2026-06-16 13:01:57,243] 0d8cc0f00376/INFO/locust.runners: All users spawned: {"BrowsingUser": 300} (300 total users)
[2026-06-16 13:04:42,941] 0d8cc0f00376/INFO/locust.main: --run-time limit reached, shutting down
[2026-06-16 13:04:42,994] 0d8cc0f00376/INFO/locust.main: Shutting down (exit code 1)
Type     Name                                                                          # reqs      # fails |    Avg     Min     Max    Med |   req/s  failures/s
--------|----------------------------------------------------------------------------|-------|-------------|-------|-------|-------|-------|--------|-----------
GET      /feed/{user_id}                                                                92981     7(0.01%) |     16       1    1944      7 |  517.23        0.04
GET      /feed/{user_id}?with_fof=true                                                  46601     4(0.01%) |     23       1    4267      7 |  259.23        0.02
POST     /likes                                                                          4569     0(0.00%) |     11       2    1627      7 |   25.42        0.00
POST     /posts                                                                          7043     0(0.00%) |     11       2    1946      7 |   39.18        0.00
GET      /timeline/{user_id}                                                            58880     3(0.01%) |     31       1    4819      7 |  327.53        0.02
GET      /users/{user_id}                                                               23248     6(0.03%) |     16       1    1359      7 |  129.32        0.03
--------|----------------------------------------------------------------------------|-------|-------------|-------|-------|-------|-------|--------|-----------
         Aggregated                                                                    233322    20(0.01%) |     21       1    4819      7 | 1297.91        0.11

Response time percentiles (approximated)
Type     Name                                                                                  50%    66%    75%    80%    90%    95%    98%    99%  99.9% 99.99%   100% # reqs
--------|--------------------------------------------------------------------------------|--------|------|------|------|------|------|------|------|------|------|------|------
GET      /feed/{user_id}                                                                         7     10     15     19     33     50     78    110    680   1800   1900  92981
GET      /feed/{user_id}?with_fof=true                                                           7     10     16     20     35     55    110    210   2400   3800   4300  46601
POST     /likes                                                                                  7      9     11     12     18     27     41     57    470   1600   1600   4569
POST     /posts                                                                                  7      9     10     12     16     23     36     51    580   1900   1900   7043
GET      /timeline/{user_id}                                                                     7     10     15     20     34     55    110    210   3700   4300   4800  58880
GET      /users/{user_id}                                                                        7     11     15     20     33     50     81    120    710   1200   1400  23248
--------|--------------------------------------------------------------------------------|--------|------|------|------|------|------|------|------|------|------|------|------
         Aggregated                                                                              7     10     15     19     33     51     87    160   2600   4000   4800 233322

Error report
# occurrences      Error                                                                                               
------------------|---------------------------------------------------------------------------------------------------------------------------------------------
4                  GET /feed/{user_id}?with_fof=true: HTTPError('500 Server Error: Internal Server Error for url: /feed/{user_id}?with_fof=true')
7                  GET /feed/{user_id}: HTTPError('500 Server Error: Internal Server Error for url: /feed/{user_id}')  
3                  GET /timeline/{user_id}: HTTPError('500 Server Error: Internal Server Error for url: /timeline/{user_id}')
6                  GET /users/{user_id}: HTTPError('500 Server Error: Internal Server Error for url: /users/{user_id}')
------------------|---------------------------------------------------------------------------------------------------------------------------------------------


  → 400 utenti...
 Container ad2526-redis Running 
 Container ad2526-backend Running 
 Container ad2526-redis Waiting 
 Container ad2526-redis Healthy 
 Container ad-2526-locust-run-ae57d4a14f46 Creating 
 Container ad-2526-locust-run-ae57d4a14f46 Created 
[2026-06-16 13:04:45,492] 5ca2f306c126/INFO/locust.main: Starting Locust 2.32.3
[2026-06-16 13:04:45,493] 5ca2f306c126/INFO/locust.main: Run time limit set to 180 seconds
[2026-06-16 13:04:45,493] 5ca2f306c126/INFO/locust.runners: Ramping to 400 users at a rate of 20.00 per second
[2026-06-16 13:05:04,534] 5ca2f306c126/INFO/locust.runners: All users spawned: {"BrowsingUser": 400} (400 total users)
[2026-06-16 13:05:05,495] 5ca2f306c126/WARNING/root: CPU usage above 90%! This may constrain your throughput and may even give inconsistent response time measurements! See https://docs.locust.io/en/stable/running-distributed.html for how to distribute the load over multiple CPU cores or machines
[2026-06-16 13:07:45,225] 5ca2f306c126/INFO/locust.main: --run-time limit reached, shutting down
[2026-06-16 13:07:45,338] 5ca2f306c126/WARNING/locust.runners: CPU usage was too high at some point during the test! See https://docs.locust.io/en/stable/running-distributed.html for how to distribute the load over multiple CPU cores or machines
[2026-06-16 13:07:45,338] 5ca2f306c126/INFO/locust.main: Shutting down (exit code 1)
Type     Name                                                                          # reqs      # fails |    Avg     Min     Max    Med |   req/s  failures/s
--------|----------------------------------------------------------------------------|-------|-------------|-------|-------|-------|-------|--------|-----------
GET      /feed/{user_id}                                                               106782    64(0.06%) |     44       1    3199     24 |  593.77        0.36
GET      /feed/{user_id}?with_fof=true                                                  53262    36(0.07%) |     57       2    6034     24 |  296.17        0.20
POST     /likes                                                                          5351     0(0.00%) |     30       2    3017     20 |   29.75        0.00
POST     /posts                                                                          7802     0(0.00%) |     32       2    2927     20 |   43.38        0.00
GET      /timeline/{user_id}                                                            66523    50(0.08%) |     69       2    6883     24 |  369.91        0.28
GET      /users/{user_id}                                                               26473    17(0.06%) |     43       1    3047     24 |  147.21        0.09
--------|----------------------------------------------------------------------------|-------|-------------|-------|-------|-------|-------|--------|-----------
         Aggregated                                                                    266193   167(0.06%) |     52       1    6883     24 | 1480.19        0.93

Response time percentiles (approximated)
Type     Name                                                                                  50%    66%    75%    80%    90%    95%    98%    99%  99.9% 99.99%   100% # reqs
--------|--------------------------------------------------------------------------------|--------|------|------|------|------|------|------|------|------|------|------|------
GET      /feed/{user_id}                                                                        24     36     47     56     87    120    180    310   1700   2900   3200 106782
GET      /feed/{user_id}?with_fof=true                                                          24     36     48     58     91    130    220    560   3700   5000   6000  53262
POST     /likes                                                                                 20     27     34     37     51     66    100    150   1100   3000   3000   5351
POST     /posts                                                                                 20     27     33     38     51     67    110    170   1600   2900   2900   7802
GET      /timeline/{user_id}                                                                    24     36     49     58     92    130    220    620   5600   6600   6900  66523
GET      /users/{user_id}                                                                       24     36     47     56     87    120    180    300   1400   3000   3000  26473
--------|--------------------------------------------------------------------------------|--------|------|------|------|------|------|------|------|------|------|------|------
         Aggregated                                                                             24     35     47     56     87    120    200    420   4000   6100   6900 266193

Error report
# occurrences      Error                                                                                               
------------------|---------------------------------------------------------------------------------------------------------------------------------------------
36                 GET /feed/{user_id}?with_fof=true: HTTPError('500 Server Error: Internal Server Error for url: /feed/{user_id}?with_fof=true')
50                 GET /timeline/{user_id}: HTTPError('500 Server Error: Internal Server Error for url: /timeline/{user_id}')
17                 GET /users/{user_id}: HTTPError('500 Server Error: Internal Server Error for url: /users/{user_id}')
64                 GET /feed/{user_id}: HTTPError('500 Server Error: Internal Server Error for url: /feed/{user_id}')  
------------------|---------------------------------------------------------------------------------------------------------------------------------------------


  → 500 utenti...
 Container ad2526-redis Running 
 Container ad2526-backend Running 
 Container ad2526-redis Waiting 
 Container ad2526-redis Healthy 
 Container ad-2526-locust-run-4981ba5e29a2 Creating 
 Container ad-2526-locust-run-4981ba5e29a2 Created 
[2026-06-16 13:07:47,700] 5d4fc9049782/INFO/locust.main: Starting Locust 2.32.3
[2026-06-16 13:07:47,701] 5d4fc9049782/INFO/locust.main: Run time limit set to 180 seconds
[2026-06-16 13:07:47,701] 5d4fc9049782/INFO/locust.runners: Ramping to 500 users at a rate of 20.00 per second
[2026-06-16 13:08:07,726] 5d4fc9049782/WARNING/root: CPU usage above 90%! This may constrain your throughput and may even give inconsistent response time measurements! See https://docs.locust.io/en/stable/running-distributed.html for how to distribute the load over multiple CPU cores or machines
[2026-06-16 13:08:11,825] 5d4fc9049782/INFO/locust.runners: All users spawned: {"BrowsingUser": 500} (500 total users)
[2026-06-16 13:10:47,445] 5d4fc9049782/INFO/locust.main: --run-time limit reached, shutting down
[2026-06-16 13:10:47,727] 5d4fc9049782/WARNING/locust.runners: CPU usage was too high at some point during the test! See https://docs.locust.io/en/stable/running-distributed.html for how to distribute the load over multiple CPU cores or machines
[2026-06-16 13:10:47,727] 5d4fc9049782/INFO/locust.main: Shutting down (exit code 1)
Type     Name                                                                          # reqs      # fails |    Avg     Min     Max    Med |   req/s  failures/s
--------|----------------------------------------------------------------------------|-------|-------------|-------|-------|-------|-------|--------|-----------
GET      /feed/{user_id}                                                               105486   104(0.10%) |     92       1    2324     80 |  585.98        0.58
GET      /feed/{user_id}?with_fof=true                                                  52799    54(0.10%) |    119       2    6692     81 |  293.30        0.30
POST     /likes                                                                          5259     0(0.00%) |     79       2    2300     75 |   29.21        0.00
POST     /posts                                                                          7812     0(0.00%) |     77       2    2231     75 |   43.40        0.00
GET      /timeline/{user_id}                                                            65784    85(0.13%) |    113       2    7165     81 |  365.43        0.47
GET      /users/{user_id}                                                               26356    22(0.08%) |     93       1    2345     80 |  146.41        0.12
--------|----------------------------------------------------------------------------|-------|-------------|-------|-------|-------|-------|--------|-----------
         Aggregated                                                                    263496   265(0.10%) |    102       1    7165     80 | 1463.73        1.47

Response time percentiles (approximated)
Type     Name                                                                                  50%    66%    75%    80%    90%    95%    98%    99%  99.9% 99.99%   100% # reqs
--------|--------------------------------------------------------------------------------|--------|------|------|------|------|------|------|------|------|------|------|------
GET      /feed/{user_id}                                                                        80     92    100    110    130    160    290    510   1300   2200   2300 105486
GET      /feed/{user_id}?with_fof=true                                                          81     92    100    110    130    170    400    940   4800   6200   6700  52799
POST     /likes                                                                                 75     84     90     96    110    130    150    280    910   2300   2300   5259
POST     /posts                                                                                 75     83     89     95    110    130    150    210    760   2200   2200   7812
GET      /timeline/{user_id}                                                                    81     92    100    110    130    170    390    750   5600   6500   7200  65784
GET      /users/{user_id}                                                                       80     91    100    110    130    160    300    520   1300   2300   2300  26356
--------|--------------------------------------------------------------------------------|--------|------|------|------|------|------|------|------|------|------|------|------
         Aggregated                                                                             80     91    100    110    130    160    320    610   4200   6100   7200 263496

Error report
# occurrences      Error                                                                                               
------------------|---------------------------------------------------------------------------------------------------------------------------------------------
22                 GET /users/{user_id}: HTTPError('500 Server Error: Internal Server Error for url: /users/{user_id}')
85                 GET /timeline/{user_id}: HTTPError('500 Server Error: Internal Server Error for url: /timeline/{user_id}')
104                GET /feed/{user_id}: HTTPError('500 Server Error: Internal Server Error for url: /feed/{user_id}')  
54                 GET /feed/{user_id}?with_fof=true: HTTPError('500 Server Error: Internal Server Error for url: /feed/{user_id}?with_fof=true')
------------------|---------------------------------------------------------------------------------------------------------------------------------------------


  → 700 utenti...
 Container ad2526-redis Running 
 Container ad2526-backend Running 
 Container ad2526-redis Waiting 
 Container ad2526-redis Healthy 
 Container ad-2526-locust-run-02a5b4ee853c Creating 
 Container ad-2526-locust-run-02a5b4ee853c Created 
[2026-06-16 13:10:50,177] 119f20069a42/INFO/locust.main: Starting Locust 2.32.3
[2026-06-16 13:10:50,178] 119f20069a42/INFO/locust.main: Run time limit set to 180 seconds
[2026-06-16 13:10:50,179] 119f20069a42/INFO/locust.runners: Ramping to 700 users at a rate of 20.00 per second
[2026-06-16 13:11:10,183] 119f20069a42/WARNING/root: CPU usage above 90%! This may constrain your throughput and may even give inconsistent response time measurements! See https://docs.locust.io/en/stable/running-distributed.html for how to distribute the load over multiple CPU cores or machines
[2026-06-16 13:11:24,589] 119f20069a42/INFO/locust.runners: All users spawned: {"BrowsingUser": 700} (700 total users)
[2026-06-16 13:13:49,928] 119f20069a42/INFO/locust.main: --run-time limit reached, shutting down
[2026-06-16 13:13:50,482] 119f20069a42/WARNING/locust.runners: CPU usage was too high at some point during the test! See https://docs.locust.io/en/stable/running-distributed.html for how to distribute the load over multiple CPU cores or machines
[2026-06-16 13:13:50,482] 119f20069a42/INFO/locust.main: Shutting down (exit code 1)
Type     Name                                                                          # reqs      # fails |    Avg     Min     Max    Med |   req/s  failures/s
--------|----------------------------------------------------------------------------|-------|-------------|-------|-------|-------|-------|--------|-----------
GET      /feed/{user_id}                                                                97721   168(0.17%) |    206       1    5882    190 |  542.01        0.93
GET      /feed/{user_id}?with_fof=true                                                  48748    70(0.14%) |    233       2    9671    190 |  270.38        0.39
POST     /likes                                                                          4840     0(0.00%) |    188       2    5339    180 |   26.85        0.00
POST     /posts                                                                          7391     0(0.00%) |    186       2    5352    180 |   40.99        0.00
GET      /timeline/{user_id}                                                            61267   128(0.21%) |    279       1   10857    190 |  339.82        0.71
GET      /users/{user_id}                                                               24501    44(0.18%) |    206       1    5808    190 |  135.90        0.24
--------|----------------------------------------------------------------------------|-------|-------------|-------|-------|-------|-------|--------|-----------
         Aggregated                                                                    244468   410(0.17%) |    229       1   10857    190 | 1355.95        2.27

Response time percentiles (approximated)
Type     Name                                                                                  50%    66%    75%    80%    90%    95%    98%    99%  99.9% 99.99%   100% # reqs
--------|--------------------------------------------------------------------------------|--------|------|------|------|------|------|------|------|------|------|------|------
GET      /feed/{user_id}                                                                       190    210    220    240    260    310    750   1200   3700   5500   5900  97721
GET      /feed/{user_id}?with_fof=true                                                         190    210    230    240    270    330   1000   2000   6300   8300   9700  48748
POST     /likes                                                                                180    200    210    210    240    270    480    820   4600   5300   5300   4840
POST     /posts                                                                                180    200    210    220    240    270    450    740   3600   5400   5400   7391
GET      /timeline/{user_id}                                                                   190    210    230    240    270    340   1200   4900   9200  10000  11000  61267
GET      /users/{user_id}                                                                      190    200    220    230    270    310    760   1300   3900   5400   5800  24501
--------|--------------------------------------------------------------------------------|--------|------|------|------|------|------|------|------|------|------|------|------
         Aggregated                                                                            190    210    220    240    270    320    860   1600   7700   9800  11000 244468

Error report
# occurrences      Error                                                                                               
------------------|---------------------------------------------------------------------------------------------------------------------------------------------
168                GET /feed/{user_id}: HTTPError('500 Server Error: Internal Server Error for url: /feed/{user_id}')  
70                 GET /feed/{user_id}?with_fof=true: HTTPError('500 Server Error: Internal Server Error for url: /feed/{user_id}?with_fof=true')
128                GET /timeline/{user_id}: HTTPError('500 Server Error: Internal Server Error for url: /timeline/{user_id}')
44                 GET /users/{user_id}: HTTPError('500 Server Error: Internal Server Error for url: /users/{user_id}')
------------------|---------------------------------------------------------------------------------------------------------------------------------------------



==============================
 Strategia: write_through
==============================
 Container ad2526-redis Running 
 Container ad2526-backend Recreate 
 Container ad2526-backend Recreated 
 Container ad2526-redis Waiting 
 Container ad2526-redis Healthy 
 Container ad2526-backend Starting 
 Container ad2526-backend Started 
  → 10 utenti...
 Container ad2526-redis Running 
 Container ad2526-backend Running 
 Container ad2526-redis Waiting 
 Container ad2526-redis Healthy 
 Container ad-2526-locust-run-b25e2c68f573 Creating 
 Container ad-2526-locust-run-b25e2c68f573 Created 
[2026-06-16 13:13:59,747] 9e9713f6b015/INFO/locust.main: Starting Locust 2.32.3
[2026-06-16 13:13:59,748] 9e9713f6b015/INFO/locust.main: Run time limit set to 180 seconds
[2026-06-16 13:13:59,749] 9e9713f6b015/INFO/locust.runners: Ramping to 10 users at a rate of 20.00 per second
[2026-06-16 13:13:59,749] 9e9713f6b015/INFO/locust.runners: All users spawned: {"BrowsingUser": 10} (10 total users)
[2026-06-16 13:16:59,478] 9e9713f6b015/INFO/locust.main: --run-time limit reached, shutting down
[2026-06-16 13:16:59,504] 9e9713f6b015/INFO/locust.main: Shutting down (exit code 0)
Type     Name                                                                          # reqs      # fails |    Avg     Min     Max    Med |   req/s  failures/s
--------|----------------------------------------------------------------------------|-------|-------------|-------|-------|-------|-------|--------|-----------
GET      /feed/{user_id}                                                                 3514     0(0.00%) |      3       2      37      3 |   19.55        0.00
GET      /feed/{user_id}?with_fof=true                                                   1746     0(0.00%) |      8       2     208      3 |    9.72        0.00
POST     /likes                                                                           160     0(0.00%) |      4       3       8      4 |    0.89        0.00
POST     /posts                                                                           250     0(0.00%) |      4       3      10      5 |    1.39        0.00
GET      /timeline/{user_id}                                                             2181     0(0.00%) |      9       2     202      3 |   12.14        0.00
GET      /users/{user_id}                                                                 845     0(0.00%) |      2       1      52      3 |    4.70        0.00
--------|----------------------------------------------------------------------------|-------|-------------|-------|-------|-------|-------|--------|-----------
         Aggregated                                                                      8696     0(0.00%) |      5       1     208      3 |   48.39        0.00

Response time percentiles (approximated)
Type     Name                                                                                  50%    66%    75%    80%    90%    95%    98%    99%  99.9% 99.99%   100% # reqs
--------|--------------------------------------------------------------------------------|--------|------|------|------|------|------|------|------|------|------|------|------
GET      /feed/{user_id}                                                                         3      3      3      4      4      4      6     11     27     38     38   3514
GET      /feed/{user_id}?with_fof=true                                                           3      3      4      4      4     19    120    140    180    210    210   1746
POST     /likes                                                                                  4      4      5      5      5      5      6      9      9      9      9    160
POST     /posts                                                                                  5      5      5      5      5      6      7      9     10     10     10    250
GET      /timeline/{user_id}                                                                     3      3      3      4      4     11    130    140    160    200    200   2181
GET      /users/{user_id}                                                                        3      3      3      3      3      4      4      5     52     52     52    845
--------|--------------------------------------------------------------------------------|--------|------|------|------|------|------|------|------|------|------|------|------
         Aggregated                                                                              3      3      4      4      4      5     84    130    160    210    210   8696

  → 25 utenti...
 Container ad2526-redis Running 
 Container ad2526-backend Running 
 Container ad2526-redis Waiting 
 Container ad2526-redis Healthy 
 Container ad-2526-locust-run-56ee5b2f278f Creating 
 Container ad-2526-locust-run-56ee5b2f278f Created 
[2026-06-16 13:17:01,154] c923826564d7/INFO/locust.main: Starting Locust 2.32.3
[2026-06-16 13:17:01,155] c923826564d7/INFO/locust.main: Run time limit set to 180 seconds
[2026-06-16 13:17:01,156] c923826564d7/INFO/locust.runners: Ramping to 25 users at a rate of 20.00 per second
[2026-06-16 13:17:02,157] c923826564d7/INFO/locust.runners: All users spawned: {"BrowsingUser": 25} (25 total users)
[2026-06-16 13:20:00,877] c923826564d7/INFO/locust.main: --run-time limit reached, shutting down
[2026-06-16 13:20:00,906] c923826564d7/INFO/locust.main: Shutting down (exit code 0)
Type     Name                                                                          # reqs      # fails |    Avg     Min     Max    Med |   req/s  failures/s
--------|----------------------------------------------------------------------------|-------|-------------|-------|-------|-------|-------|--------|-----------
GET      /feed/{user_id}                                                                 8682     0(0.00%) |      3       1     112      3 |   48.30        0.00
GET      /feed/{user_id}?with_fof=true                                                   4384     0(0.00%) |      6       1     212      3 |   24.39        0.00
POST     /likes                                                                           419     0(0.00%) |      4       2     100      4 |    2.33        0.00
POST     /posts                                                                           611     0(0.00%) |      4       3      61      5 |    3.40        0.00
GET      /timeline/{user_id}                                                             5552     0(0.00%) |      6       1     240      3 |   30.89        0.00
GET      /users/{user_id}                                                                2244     0(0.00%) |      2       1      41      2 |   12.48        0.00
--------|----------------------------------------------------------------------------|-------|-------------|-------|-------|-------|-------|--------|-----------
         Aggregated                                                                     21892     0(0.00%) |      4       1     240      3 |  121.79        0.00

Response time percentiles (approximated)
Type     Name                                                                                  50%    66%    75%    80%    90%    95%    98%    99%  99.9% 99.99%   100% # reqs
--------|--------------------------------------------------------------------------------|--------|------|------|------|------|------|------|------|------|------|------|------
GET      /feed/{user_id}                                                                         3      3      3      3      4      4      5     10     44    110    110   8682
GET      /feed/{user_id}?with_fof=true                                                           3      3      3      3      4      4    110    130    180    210    210   4384
POST     /likes                                                                                  4      4      4      4      5      5      5      7    100    100    100    419
POST     /posts                                                                                  5      5      5      5      5      6      6      6     61     61     61    611
GET      /timeline/{user_id}                                                                     3      3      3      3      4      4    100    130    180    240    240   5552
GET      /users/{user_id}                                                                        2      3      3      3      3      4      4      6     35     41     41   2244
--------|--------------------------------------------------------------------------------|--------|------|------|------|------|------|------|------|------|------|------|------
         Aggregated                                                                              3      3      3      3      4      5     11     96    160    230    240  21892

  → 50 utenti...
 Container ad2526-redis Running 
 Container ad2526-backend Running 
 Container ad2526-redis Waiting 
 Container ad2526-redis Healthy 
 Container ad-2526-locust-run-489b96648370 Creating 
 Container ad-2526-locust-run-489b96648370 Created 
[2026-06-16 13:20:02,617] 7d9d3b9eef25/INFO/locust.main: Starting Locust 2.32.3
[2026-06-16 13:20:02,618] 7d9d3b9eef25/INFO/locust.main: Run time limit set to 180 seconds
[2026-06-16 13:20:02,619] 7d9d3b9eef25/INFO/locust.runners: Ramping to 50 users at a rate of 20.00 per second
[2026-06-16 13:20:04,622] 7d9d3b9eef25/INFO/locust.runners: All users spawned: {"BrowsingUser": 50} (50 total users)
[2026-06-16 13:23:02,344] 7d9d3b9eef25/INFO/locust.main: --run-time limit reached, shutting down
[2026-06-16 13:23:02,372] 7d9d3b9eef25/INFO/locust.main: Shutting down (exit code 0)
Type     Name                                                                          # reqs      # fails |    Avg     Min     Max    Med |   req/s  failures/s
--------|----------------------------------------------------------------------------|-------|-------------|-------|-------|-------|-------|--------|-----------
GET      /feed/{user_id}                                                                17702     0(0.00%) |      3       1      53      3 |   98.50        0.00
GET      /feed/{user_id}?with_fof=true                                                   8647     0(0.00%) |      5       1     272      3 |   48.11        0.00
POST     /likes                                                                           857     0(0.00%) |      3       2      22      4 |    4.77        0.00
POST     /posts                                                                          1285     0(0.00%) |      4       3      20      4 |    7.15        0.00
GET      /timeline/{user_id}                                                            11006     0(0.00%) |      5       1     233      3 |   61.24        0.00
GET      /users/{user_id}                                                                4340     0(0.00%) |      2       1      26      2 |   24.15        0.00
--------|----------------------------------------------------------------------------|-------|-------------|-------|-------|-------|-------|--------|-----------
         Aggregated                                                                     43837     0(0.00%) |      4       1     272      3 |  243.92        0.00

Response time percentiles (approximated)
Type     Name                                                                                  50%    66%    75%    80%    90%    95%    98%    99%  99.9% 99.99%   100% # reqs
--------|--------------------------------------------------------------------------------|--------|------|------|------|------|------|------|------|------|------|------|------
GET      /feed/{user_id}                                                                         3      3      3      3      4      4      6     11     22     52     53  17702
GET      /feed/{user_id}?with_fof=true                                                           3      3      3      3      4      5     87    120    190    270    270   8647
POST     /likes                                                                                  4      4      4      4      5      5      6      6     23     23     23    857
POST     /posts                                                                                  4      5      5      5      5      6      7      7     11     21     21   1285
GET      /timeline/{user_id}                                                                     3      3      3      3      4      5     50    140    150    220    230  11006
GET      /users/{user_id}                                                                        2      2      3      3      3      4      5      9     20     27     27   4340
--------|--------------------------------------------------------------------------------|--------|------|------|------|------|------|------|------|------|------|------|------
         Aggregated                                                                              3      3      3      3      4      5     10     25    160    220    270  43837

  → 75 utenti...
 Container ad2526-redis Running 
 Container ad2526-backend Running 
 Container ad2526-redis Waiting 
 Container ad2526-redis Healthy 
 Container ad-2526-locust-run-9193927d0d35 Creating 
 Container ad-2526-locust-run-9193927d0d35 Created 
[2026-06-16 13:23:04,103] 8ae8c8b54d59/INFO/locust.main: Starting Locust 2.32.3
[2026-06-16 13:23:04,104] 8ae8c8b54d59/INFO/locust.main: Run time limit set to 180 seconds
[2026-06-16 13:23:04,105] 8ae8c8b54d59/INFO/locust.runners: Ramping to 75 users at a rate of 20.00 per second
[2026-06-16 13:23:07,108] 8ae8c8b54d59/INFO/locust.runners: All users spawned: {"BrowsingUser": 75} (75 total users)
[2026-06-16 13:26:03,822] 8ae8c8b54d59/INFO/locust.main: --run-time limit reached, shutting down
[2026-06-16 13:26:03,853] 8ae8c8b54d59/INFO/locust.main: Shutting down (exit code 0)
Type     Name                                                                          # reqs      # fails |    Avg     Min     Max    Med |   req/s  failures/s
--------|----------------------------------------------------------------------------|-------|-------------|-------|-------|-------|-------|--------|-----------
GET      /feed/{user_id}                                                                26185     0(0.00%) |      3       1      60      3 |  145.68        0.00
GET      /feed/{user_id}?with_fof=true                                                  13279     0(0.00%) |      5       1     250      3 |   73.88        0.00
POST     /likes                                                                          1271     0(0.00%) |      4       2      28      4 |    7.07        0.00
POST     /posts                                                                          1976     0(0.00%) |      4       3      41      5 |   10.99        0.00
GET      /timeline/{user_id}                                                            16130     0(0.00%) |      5       1     256      3 |   89.74        0.00
GET      /users/{user_id}                                                                6544     0(0.00%) |      2       1      36      2 |   36.41        0.00
--------|----------------------------------------------------------------------------|-------|-------------|-------|-------|-------|-------|--------|-----------
         Aggregated                                                                     65385     0(0.00%) |      4       1     256      3 |  363.76        0.00

Response time percentiles (approximated)
Type     Name                                                                                  50%    66%    75%    80%    90%    95%    98%    99%  99.9% 99.99%   100% # reqs
--------|--------------------------------------------------------------------------------|--------|------|------|------|------|------|------|------|------|------|------|------
GET      /feed/{user_id}                                                                         3      3      3      3      4      5     10     13     31     47     60  26185
GET      /feed/{user_id}?with_fof=true                                                           3      3      3      3      4      5     19    110    180    240    250  13279
POST     /likes                                                                                  4      4      4      5      5      6      7      9     16     29     29   1271
POST     /posts                                                                                  5      5      5      5      6      7      8      9     28     41     41   1976
GET      /timeline/{user_id}                                                                     3      3      3      3      4      5     25    140    210    250    260  16130
GET      /users/{user_id}                                                                        2      3      3      3      3      4      6     10     27     36     36   6544
--------|--------------------------------------------------------------------------------|--------|------|------|------|------|------|------|------|------|------|------|------
         Aggregated                                                                              3      3      3      4      4      5     11     24    160    250    260  65385

  → 100 utenti...
 Container ad2526-redis Running 
 Container ad2526-backend Running 
 Container ad2526-redis Waiting 
 Container ad2526-redis Healthy 
 Container ad-2526-locust-run-c41c7e663dd5 Creating 
 Container ad-2526-locust-run-c41c7e663dd5 Created 
[2026-06-16 13:26:05,613] 69c106ee17bb/INFO/locust.main: Starting Locust 2.32.3
[2026-06-16 13:26:05,614] 69c106ee17bb/INFO/locust.main: Run time limit set to 180 seconds
[2026-06-16 13:26:05,614] 69c106ee17bb/INFO/locust.runners: Ramping to 100 users at a rate of 20.00 per second
[2026-06-16 13:26:09,620] 69c106ee17bb/INFO/locust.runners: All users spawned: {"BrowsingUser": 100} (100 total users)
[2026-06-16 13:29:05,340] 69c106ee17bb/INFO/locust.main: --run-time limit reached, shutting down
[2026-06-16 13:29:05,374] 69c106ee17bb/INFO/locust.main: Shutting down (exit code 0)
Type     Name                                                                          # reqs      # fails |    Avg     Min     Max    Med |   req/s  failures/s
--------|----------------------------------------------------------------------------|-------|-------------|-------|-------|-------|-------|--------|-----------
GET      /feed/{user_id}                                                                34825     0(0.00%) |      3       1      55      3 |  193.77        0.00
GET      /feed/{user_id}?with_fof=true                                                  17398     0(0.00%) |      5       1     256      3 |   96.80        0.00
POST     /likes                                                                          1761     0(0.00%) |      4       2      28      4 |    9.80        0.00
POST     /posts                                                                          2591     0(0.00%) |      5       3      34      5 |   14.42        0.00
GET      /timeline/{user_id}                                                            21496     0(0.00%) |      5       1     445      3 |  119.61        0.00
GET      /users/{user_id}                                                                8844     0(0.00%) |      2       1      61      2 |   49.21        0.00
--------|----------------------------------------------------------------------------|-------|-------------|-------|-------|-------|-------|--------|-----------
         Aggregated                                                                     86915     0(0.00%) |      4       1     445      3 |  483.60        0.00

Response time percentiles (approximated)
Type     Name                                                                                  50%    66%    75%    80%    90%    95%    98%    99%  99.9% 99.99%   100% # reqs
--------|--------------------------------------------------------------------------------|--------|------|------|------|------|------|------|------|------|------|------|------
GET      /feed/{user_id}                                                                         3      3      3      4      4      5     11     15     32     45     56  34825
GET      /feed/{user_id}?with_fof=true                                                           3      3      3      4      4      6     19    110    190    230    260  17398
POST     /likes                                                                                  4      4      5      5      6      6      8      9     28     29     29   1761
POST     /posts                                                                                  5      5      5      6      6      7      9     10     28     34     34   2591
GET      /timeline/{user_id}                                                                     3      3      3      4      4      6     19    140    240    430    450  21496
GET      /users/{user_id}                                                                        2      3      3      3      4      5     10     14     30     61     61   8844
--------|--------------------------------------------------------------------------------|--------|------|------|------|------|------|------|------|------|------|------|------
         Aggregated                                                                              3      3      4      4      5      6     12     23    170    320    450  86915

  → 150 utenti...
 Container ad2526-redis Running 
 Container ad2526-backend Running 
 Container ad2526-redis Waiting 
 Container ad2526-redis Healthy 
 Container ad-2526-locust-run-22fb1a03f04f Creating 
 Container ad-2526-locust-run-22fb1a03f04f Created 
[2026-06-16 13:29:07,137] aa9e9bf882ea/INFO/locust.main: Starting Locust 2.32.3
[2026-06-16 13:29:07,137] aa9e9bf882ea/INFO/locust.main: Run time limit set to 180 seconds
[2026-06-16 13:29:07,138] aa9e9bf882ea/INFO/locust.runners: Ramping to 150 users at a rate of 20.00 per second
[2026-06-16 13:29:14,148] aa9e9bf882ea/INFO/locust.runners: All users spawned: {"BrowsingUser": 150} (150 total users)
[2026-06-16 13:32:06,858] aa9e9bf882ea/INFO/locust.main: --run-time limit reached, shutting down
[2026-06-16 13:32:06,895] aa9e9bf882ea/INFO/locust.main: Shutting down (exit code 0)
Type     Name                                                                          # reqs      # fails |    Avg     Min     Max    Med |   req/s  failures/s
--------|----------------------------------------------------------------------------|-------|-------------|-------|-------|-------|-------|--------|-----------
GET      /feed/{user_id}                                                                51052     0(0.00%) |      5       1     249      4 |  284.01        0.00
GET      /feed/{user_id}?with_fof=true                                                  25167     0(0.00%) |     10       1    2035      4 |  140.01        0.00
POST     /likes                                                                          2612     0(0.00%) |      5       2      39      5 |   14.53        0.00
POST     /posts                                                                          3801     0(0.00%) |      6       3      46      5 |   21.15        0.00
GET      /timeline/{user_id}                                                            32002     0(0.00%) |      8       1    1990      3 |  178.03        0.00
GET      /users/{user_id}                                                               12787     0(0.00%) |      4       1     159      3 |   71.14        0.00
--------|----------------------------------------------------------------------------|-------|-------------|-------|-------|-------|-------|--------|-----------
         Aggregated                                                                    127421     0(0.00%) |      7       1    2035      4 |  708.87        0.00

Response time percentiles (approximated)
Type     Name                                                                                  50%    66%    75%    80%    90%    95%    98%    99%  99.9% 99.99%   100% # reqs
--------|--------------------------------------------------------------------------------|--------|------|------|------|------|------|------|------|------|------|------|------
GET      /feed/{user_id}                                                                         4      4      5      5      8     15     25     33     72    150    250  51052
GET      /feed/{user_id}?with_fof=true                                                           4      4      5      5      9     18     41    130   1400   1900   2000  25167
POST     /likes                                                                                  5      5      6      6      8     10     13     20     36     40     40   2612
POST     /posts                                                                                  5      6      7      7      9     11     14     19     35     46     46   3801
GET      /timeline/{user_id}                                                                     3      4      5      5      8     18     36    140    820   1700   2000  32002
GET      /users/{user_id}                                                                        3      4      4      5      7     13     23     30     66    150    160  12787
--------|--------------------------------------------------------------------------------|--------|------|------|------|------|------|------|------|------|------|------|------
         Aggregated                                                                              4      4      5      5      8     16     28     43    650   1800   2000 127421

  → 200 utenti...
 Container ad2526-redis Running 
 Container ad2526-backend Running 
 Container ad2526-redis Waiting 
 Container ad2526-redis Healthy 
 Container ad-2526-locust-run-0abcd673d6ff Creating 
 Container ad-2526-locust-run-0abcd673d6ff Created 
[2026-06-16 13:32:08,755] dddbfdbb5a29/INFO/locust.main: Starting Locust 2.32.3
[2026-06-16 13:32:08,756] dddbfdbb5a29/INFO/locust.main: Run time limit set to 180 seconds
[2026-06-16 13:32:08,756] dddbfdbb5a29/INFO/locust.runners: Ramping to 200 users at a rate of 20.00 per second
[2026-06-16 13:32:17,769] dddbfdbb5a29/INFO/locust.runners: All users spawned: {"BrowsingUser": 200} (200 total users)
[2026-06-16 13:35:08,483] dddbfdbb5a29/INFO/locust.main: --run-time limit reached, shutting down
[2026-06-16 13:35:08,526] dddbfdbb5a29/INFO/locust.main: Shutting down (exit code 0)
Type     Name                                                                          # reqs      # fails |    Avg     Min     Max    Med |   req/s  failures/s
--------|----------------------------------------------------------------------------|-------|-------------|-------|-------|-------|-------|--------|-----------
GET      /feed/{user_id}                                                                67129     0(0.00%) |      7       1     328      4 |  373.43        0.00
GET      /feed/{user_id}?with_fof=true                                                  33250     0(0.00%) |     12       2    2275      4 |  184.97        0.00
POST     /likes                                                                          3316     0(0.00%) |      6       2      53      5 |   18.45        0.00
POST     /posts                                                                          5017     0(0.00%) |      7       3      64      6 |   27.91        0.00
GET      /timeline/{user_id}                                                            41840     0(0.00%) |     10       1    2365      4 |  232.75        0.00
GET      /users/{user_id}                                                               16801     0(0.00%) |      6       1     299      4 |   93.46        0.00
--------|----------------------------------------------------------------------------|-------|-------------|-------|-------|-------|-------|--------|-----------
         Aggregated                                                                    167353     0(0.00%) |      9       1    2365      4 |  930.97        0.00

Response time percentiles (approximated)
Type     Name                                                                                  50%    66%    75%    80%    90%    95%    98%    99%  99.9% 99.99%   100% # reqs
--------|--------------------------------------------------------------------------------|--------|------|------|------|------|------|------|------|------|------|------|------
GET      /feed/{user_id}                                                                         4      5      7      8     16     25     38     50    120    240    330  67129
GET      /feed/{user_id}?with_fof=true                                                           4      6      7      8     18     30     55    130   1200   2100   2300  33250
POST     /likes                                                                                  5      6      7      8     11     14     22     30     50     54     54   3316
POST     /posts                                                                                  6      7      8      9     12     16     23     30     49     65     65   5017
GET      /timeline/{user_id}                                                                     4      5      7      8     17     28     51    110    370   2100   2400  41840
GET      /users/{user_id}                                                                        4      5      6      7     15     24     37     48    120    210    300  16801
--------|--------------------------------------------------------------------------------|--------|------|------|------|------|------|------|------|------|------|------|------
         Aggregated                                                                              4      5      7      8     16     26     43     61    270   1900   2400 167353

  → 300 utenti...
 Container ad2526-redis Running 
 Container ad2526-backend Running 
 Container ad2526-redis Waiting 
 Container ad2526-redis Healthy 
 Container ad-2526-locust-run-2e22d0183f05 Creating 
 Container ad-2526-locust-run-2e22d0183f05 Created 
[2026-06-16 13:35:10,620] 051015d61b20/INFO/locust.main: Starting Locust 2.32.3
[2026-06-16 13:35:10,621] 051015d61b20/INFO/locust.main: Run time limit set to 180 seconds
[2026-06-16 13:35:10,622] 051015d61b20/INFO/locust.runners: Ramping to 300 users at a rate of 20.00 per second
[2026-06-16 13:35:24,651] 051015d61b20/INFO/locust.runners: All users spawned: {"BrowsingUser": 300} (300 total users)
[2026-06-16 13:38:10,339] 051015d61b20/INFO/locust.main: --run-time limit reached, shutting down
[2026-06-16 13:38:10,404] 051015d61b20/INFO/locust.main: Shutting down (exit code 1)
Type     Name                                                                          # reqs      # fails |    Avg     Min     Max    Med |   req/s  failures/s
--------|----------------------------------------------------------------------------|-------|-------------|-------|-------|-------|-------|--------|-----------
GET      /feed/{user_id}                                                                93333     8(0.01%) |     16       1    1802      7 |  519.17        0.04
GET      /feed/{user_id}?with_fof=true                                                  46767     8(0.02%) |     21       1    5962      7 |  260.14        0.04
POST     /likes                                                                          4573     0(0.00%) |     13       2    1641      8 |   25.44        0.00
POST     /posts                                                                          6996     0(0.00%) |     13       3    1649      9 |   38.92        0.00
GET      /timeline/{user_id}                                                            58539     7(0.01%) |     32       1    5678      7 |  325.63        0.04
GET      /users/{user_id}                                                               23289     7(0.03%) |     15       1    1740      6 |  129.55        0.04
--------|----------------------------------------------------------------------------|-------|-------------|-------|-------|-------|-------|--------|-----------
         Aggregated                                                                    233497    30(0.01%) |     21       1    5962      7 | 1298.84        0.17

Response time percentiles (approximated)
Type     Name                                                                                  50%    66%    75%    80%    90%    95%    98%    99%  99.9% 99.99%   100% # reqs
--------|--------------------------------------------------------------------------------|--------|------|------|------|------|------|------|------|------|------|------|------
GET      /feed/{user_id}                                                                         7     10     15     20     36     54     84    120    710   1700   1800  93333
GET      /feed/{user_id}?with_fof=true                                                           7     10     16     21     38     60    110    160   1700   4700   6000  46767
POST     /likes                                                                                  8     10     12     14     21     29     41     57    990   1600   1600   4573
POST     /posts                                                                                  9     11     13     15     22     32     43     58    490   1600   1600   6996
GET      /timeline/{user_id}                                                                     7     10     16     21     38     61    120    200   4100   5200   5700  58539
GET      /users/{user_id}                                                                        6      9     14     18     34     51     80    110    680   1700   1700  23289
--------|--------------------------------------------------------------------------------|--------|------|------|------|------|------|------|------|------|------|------|------
         Aggregated                                                                              7     10     15     20     36     55     92    140   2600   4600   6000 233497

Error report
# occurrences      Error                                                                                               
------------------|---------------------------------------------------------------------------------------------------------------------------------------------
7                  GET /timeline/{user_id}: HTTPError('500 Server Error: Internal Server Error for url: /timeline/{user_id}')
8                  GET /feed/{user_id}?with_fof=true: HTTPError('500 Server Error: Internal Server Error for url: /feed/{user_id}?with_fof=true')
8                  GET /feed/{user_id}: HTTPError('500 Server Error: Internal Server Error for url: /feed/{user_id}')  
7                  GET /users/{user_id}: HTTPError('500 Server Error: Internal Server Error for url: /users/{user_id}')
------------------|---------------------------------------------------------------------------------------------------------------------------------------------


  → 400 utenti...
 Container ad2526-redis Running 
 Container ad2526-backend Running 
 Container ad2526-redis Waiting 
 Container ad2526-redis Healthy 
 Container ad-2526-locust-run-9dbfeccf9d4c Creating 
 Container ad-2526-locust-run-9dbfeccf9d4c Created 
[2026-06-16 13:38:12,590] e9192f8766e6/INFO/locust.main: Starting Locust 2.32.3
[2026-06-16 13:38:12,590] e9192f8766e6/INFO/locust.main: Run time limit set to 180 seconds
[2026-06-16 13:38:12,591] e9192f8766e6/INFO/locust.runners: Ramping to 400 users at a rate of 20.00 per second
[2026-06-16 13:38:31,631] e9192f8766e6/INFO/locust.runners: All users spawned: {"BrowsingUser": 400} (400 total users)
[2026-06-16 13:38:32,594] e9192f8766e6/WARNING/root: CPU usage above 90%! This may constrain your throughput and may even give inconsistent response time measurements! See https://docs.locust.io/en/stable/running-distributed.html for how to distribute the load over multiple CPU cores or machines
[2026-06-16 13:41:12,320] e9192f8766e6/INFO/locust.main: --run-time limit reached, shutting down
[2026-06-16 13:41:12,426] e9192f8766e6/WARNING/locust.runners: CPU usage was too high at some point during the test! See https://docs.locust.io/en/stable/running-distributed.html for how to distribute the load over multiple CPU cores or machines
[2026-06-16 13:41:12,426] e9192f8766e6/INFO/locust.main: Shutting down (exit code 1)
Type     Name                                                                          # reqs      # fails |    Avg     Min     Max    Med |   req/s  failures/s
--------|----------------------------------------------------------------------------|-------|-------------|-------|-------|-------|-------|--------|-----------
GET      /feed/{user_id}                                                               105807   119(0.11%) |     43       2    3291     23 |  588.38        0.66
GET      /feed/{user_id}?with_fof=true                                                  53238    64(0.12%) |     68       2    6977     24 |  296.05        0.36
POST     /likes                                                                          5355     0(0.00%) |     34       3    2949     22 |   29.78        0.00
POST     /posts                                                                          7915     0(0.00%) |     32       3    2817     23 |   44.01        0.00
GET      /timeline/{user_id}                                                            65706    81(0.12%) |     65       1    7882     24 |  365.38        0.45
GET      /users/{user_id}                                                               26508    28(0.11%) |     42       1    3036     23 |  147.41        0.16
--------|----------------------------------------------------------------------------|-------|-------------|-------|-------|-------|-------|--------|-----------
         Aggregated                                                                    264529   292(0.11%) |     53       1    7882     23 | 1471.01        1.62

Response time percentiles (approximated)
Type     Name                                                                                  50%    66%    75%    80%    90%    95%    98%    99%  99.9% 99.99%   100% # reqs
--------|--------------------------------------------------------------------------------|--------|------|------|------|------|------|------|------|------|------|------|------
GET      /feed/{user_id}                                                                        23     33     43     51     78    120    210    420   1300   3000   3300 105807
GET      /feed/{user_id}?with_fof=true                                                          24     34     43     52     82    130    280    850   4900   6600   7000  53238
POST     /likes                                                                                 22     29     35     40     55     70    110    220   2500   2900   2900   5355
POST     /posts                                                                                 23     30     36     40     55     71    110    160    780   2800   2800   7915
GET      /timeline/{user_id}                                                                    24     34     43     52     82    130    250    650   5900   7500   7900  65706
GET      /users/{user_id}                                                                       23     32     41     49     77    120    210    420   1200   3000   3000  26508
--------|--------------------------------------------------------------------------------|--------|------|------|------|------|------|------|------|------|------|------|------
         Aggregated                                                                             23     33     42     50     78    120    220    500   4600   6900   7900 264529

Error report
# occurrences      Error                                                                                               
------------------|---------------------------------------------------------------------------------------------------------------------------------------------
81                 GET /timeline/{user_id}: HTTPError('500 Server Error: Internal Server Error for url: /timeline/{user_id}')
64                 GET /feed/{user_id}?with_fof=true: HTTPError('500 Server Error: Internal Server Error for url: /feed/{user_id}?with_fof=true')
119                GET /feed/{user_id}: HTTPError('500 Server Error: Internal Server Error for url: /feed/{user_id}')  
28                 GET /users/{user_id}: HTTPError('500 Server Error: Internal Server Error for url: /users/{user_id}')
------------------|---------------------------------------------------------------------------------------------------------------------------------------------


  → 500 utenti...
 Container ad2526-redis Running 
 Container ad2526-backend Running 
 Container ad2526-redis Waiting 
 Container ad2526-redis Healthy 
 Container ad-2526-locust-run-61cc5cc7f0bc Creating 
 Container ad-2526-locust-run-61cc5cc7f0bc Created 
[2026-06-16 13:41:16,693] 738fd9f4a5fe/INFO/locust.main: Starting Locust 2.32.3
[2026-06-16 13:41:16,694] 738fd9f4a5fe/INFO/locust.main: Run time limit set to 180 seconds
[2026-06-16 13:41:16,695] 738fd9f4a5fe/INFO/locust.runners: Ramping to 500 users at a rate of 20.00 per second
[2026-06-16 13:41:36,699] 738fd9f4a5fe/WARNING/root: CPU usage above 90%! This may constrain your throughput and may even give inconsistent response time measurements! See https://docs.locust.io/en/stable/running-distributed.html for how to distribute the load over multiple CPU cores or machines
[2026-06-16 13:41:40,818] 738fd9f4a5fe/INFO/locust.runners: All users spawned: {"BrowsingUser": 500} (500 total users)
[2026-06-16 13:44:16,437] 738fd9f4a5fe/INFO/locust.main: --run-time limit reached, shutting down
[2026-06-16 13:44:16,681] 738fd9f4a5fe/WARNING/locust.runners: CPU usage was too high at some point during the test! See https://docs.locust.io/en/stable/running-distributed.html for how to distribute the load over multiple CPU cores or machines
[2026-06-16 13:44:16,682] 738fd9f4a5fe/INFO/locust.main: Shutting down (exit code 1)
Type     Name                                                                          # reqs      # fails |    Avg     Min     Max    Med |   req/s  failures/s
--------|----------------------------------------------------------------------------|-------|-------------|-------|-------|-------|-------|--------|-----------
GET      /feed/{user_id}                                                               100283   102(0.10%) |     96       1    6093     76 |  557.20        0.57
GET      /feed/{user_id}?with_fof=true                                                  50328    57(0.11%) |    152       2   11996     76 |  279.64        0.32
POST     /likes                                                                          5014     0(0.00%) |     84       3    5722     70 |   27.86        0.00
POST     /posts                                                                          7462     0(0.00%) |     79       3    3676     71 |   41.46        0.00
GET      /timeline/{user_id}                                                            62591    52(0.08%) |    152       2   10987     76 |  347.77        0.29
GET      /users/{user_id}                                                               24679    32(0.13%) |     94       1    5917     74 |  137.12        0.18
--------|----------------------------------------------------------------------------|-------|-------------|-------|-------|-------|-------|--------|-----------
         Aggregated                                                                    250357   243(0.10%) |    120       1   11996     75 | 1391.05        1.35

Response time percentiles (approximated)
Type     Name                                                                                  50%    66%    75%    80%    90%    95%    98%    99%  99.9% 99.99%   100% # reqs
--------|--------------------------------------------------------------------------------|--------|------|------|------|------|------|------|------|------|------|------|------
GET      /feed/{user_id}                                                                        76     87     96    100    130    150    370    740   2600   5800   6100 100283
GET      /feed/{user_id}?with_fof=true                                                          76     87     97    100    130    170    600   1600   9200  11000  12000  50328
POST     /likes                                                                                 70     79     85     90    110    120    160    580   2500   5700   5700   5014
POST     /posts                                                                                 71     79     85     90    110    120    160    490   2200   3700   3700   7462
GET      /timeline/{user_id}                                                                    76     87     97    100    130    170    680   3700   8300  10000  11000  62591
GET      /users/{user_id}                                                                       74     85     94    100    120    150    400    770   2200   5900   5900  24679
--------|--------------------------------------------------------------------------------|--------|------|------|------|------|------|------|------|------|------|------|------
         Aggregated                                                                             75     86     96    100    130    160    470   1000   7500  10000  12000 250357

Error report
# occurrences      Error                                                                                               
------------------|---------------------------------------------------------------------------------------------------------------------------------------------
32                 GET /users/{user_id}: HTTPError('500 Server Error: Internal Server Error for url: /users/{user_id}')
102                GET /feed/{user_id}: HTTPError('500 Server Error: Internal Server Error for url: /feed/{user_id}')  
57                 GET /feed/{user_id}?with_fof=true: HTTPError('500 Server Error: Internal Server Error for url: /feed/{user_id}?with_fof=true')
52                 GET /timeline/{user_id}: HTTPError('500 Server Error: Internal Server Error for url: /timeline/{user_id}')
------------------|---------------------------------------------------------------------------------------------------------------------------------------------


  → 700 utenti...
 Container ad2526-redis Running 
 Container ad2526-backend Running 
 Container ad2526-redis Waiting 
 Container ad2526-redis Healthy 
 Container ad-2526-locust-run-a7367fc0f0b8 Creating 
 Container ad-2526-locust-run-a7367fc0f0b8 Created 
[2026-06-16 13:44:19,672] 7bcca907fb1a/INFO/locust.main: Starting Locust 2.32.3
[2026-06-16 13:44:19,673] 7bcca907fb1a/INFO/locust.main: Run time limit set to 180 seconds
[2026-06-16 13:44:19,674] 7bcca907fb1a/INFO/locust.runners: Ramping to 700 users at a rate of 20.00 per second
[2026-06-16 13:44:39,678] 7bcca907fb1a/WARNING/root: CPU usage above 90%! This may constrain your throughput and may even give inconsistent response time measurements! See https://docs.locust.io/en/stable/running-distributed.html for how to distribute the load over multiple CPU cores or machines
[2026-06-16 13:44:54,082] 7bcca907fb1a/INFO/locust.runners: All users spawned: {"BrowsingUser": 700} (700 total users)
[2026-06-16 13:47:19,447] 7bcca907fb1a/INFO/locust.main: --run-time limit reached, shutting down
[2026-06-16 13:47:19,939] 7bcca907fb1a/WARNING/locust.runners: CPU usage was too high at some point during the test! See https://docs.locust.io/en/stable/running-distributed.html for how to distribute the load over multiple CPU cores or machines
[2026-06-16 13:47:19,940] 7bcca907fb1a/INFO/locust.main: Shutting down (exit code 1)
Type     Name                                                                          # reqs      # fails |    Avg     Min     Max    Med |   req/s  failures/s
--------|----------------------------------------------------------------------------|-------|-------------|-------|-------|-------|-------|--------|-----------
GET      /feed/{user_id}                                                                96323   135(0.14%) |    207       1    6552    190 |  534.37        0.75
GET      /feed/{user_id}?with_fof=true                                                  48230    66(0.14%) |    259       2   11890    190 |  267.56        0.37
POST     /likes                                                                          4797     0(0.00%) |    189       3    5659    190 |   26.61        0.00
POST     /posts                                                                          7195     0(0.00%) |    189       3    5549    190 |   39.92        0.00
GET      /timeline/{user_id}                                                            59953    62(0.10%) |    287       2   12456    190 |  332.60        0.34
GET      /users/{user_id}                                                               24029    30(0.12%) |    206       1    6447    190 |  133.31        0.17
--------|----------------------------------------------------------------------------|-------|-------------|-------|-------|-------|-------|--------|-----------
         Aggregated                                                                    240527   293(0.12%) |    237       1   12456    190 | 1334.37        1.63

Response time percentiles (approximated)
Type     Name                                                                                  50%    66%    75%    80%    90%    95%    98%    99%  99.9% 99.99%   100% # reqs
--------|--------------------------------------------------------------------------------|--------|------|------|------|------|------|------|------|------|------|------|------
GET      /feed/{user_id}                                                                       190    200    220    230    260    300    750   1300   4000   5600   6600  96323
GET      /feed/{user_id}?with_fof=true                                                         190    210    220    230    270    340   1100   2800  10000  12000  12000  48230
POST     /likes                                                                                190    200    210    210    240    260    360    740   5100   5700   5700   4797
POST     /posts                                                                                190    200    210    220    240    260    350    800   4000   5500   5500   7195
GET      /timeline/{user_id}                                                                   190    210    220    230    260    330   1200   5600  10000  12000  12000  59953
GET      /users/{user_id}                                                                      190    200    220    230    260    310    750   1400   4400   5600   6400  24029
--------|--------------------------------------------------------------------------------|--------|------|------|------|------|------|------|------|------|------|------|------
         Aggregated                                                                            190    200    220    230    260    310    870   1800   9100  11000  12000 240527

Error report
# occurrences      Error                                                                                               
------------------|---------------------------------------------------------------------------------------------------------------------------------------------
135                GET /feed/{user_id}: HTTPError('500 Server Error: Internal Server Error for url: /feed/{user_id}')  
66                 GET /feed/{user_id}?with_fof=true: HTTPError('500 Server Error: Internal Server Error for url: /feed/{user_id}?with_fof=true')
62                 GET /timeline/{user_id}: HTTPError('500 Server Error: Internal Server Error for url: /timeline/{user_id}')
30                 GET /users/{user_id}: HTTPError('500 Server Error: Internal Server Error for url: /users/{user_id}')
------------------|---------------------------------------------------------------------------------------------------------------------------------------------



==============================
 Strategia: push_feed
==============================
 Container ad2526-redis Running 
 Container ad2526-backend Recreate 
 Container ad2526-backend Recreated 
 Container ad2526-redis Waiting 
 Container ad2526-redis Healthy 
 Container ad2526-backend Starting 
 Container ad2526-backend Started 
  → 10 utenti...
 Container ad2526-redis Running 
 Container ad2526-backend Running 
 Container ad2526-redis Waiting 
 Container ad2526-redis Healthy 
 Container ad-2526-locust-run-8dfacef9fded Creating 
 Container ad-2526-locust-run-8dfacef9fded Created 
[2026-06-16 13:47:29,454] 8f530e707a8e/INFO/locust.main: Starting Locust 2.32.3
[2026-06-16 13:47:29,454] 8f530e707a8e/INFO/locust.main: Run time limit set to 180 seconds
[2026-06-16 13:47:29,455] 8f530e707a8e/INFO/locust.runners: Ramping to 10 users at a rate of 20.00 per second
[2026-06-16 13:47:29,456] 8f530e707a8e/INFO/locust.runners: All users spawned: {"BrowsingUser": 10} (10 total users)
[2026-06-16 13:50:29,173] 8f530e707a8e/INFO/locust.main: --run-time limit reached, shutting down
[2026-06-16 13:50:29,200] 8f530e707a8e/INFO/locust.main: Shutting down (exit code 0)
Type     Name                                                                          # reqs      # fails |    Avg     Min     Max    Med |   req/s  failures/s
--------|----------------------------------------------------------------------------|-------|-------------|-------|-------|-------|-------|--------|-----------
GET      /feed/{user_id}                                                                 3506     0(0.00%) |      3       1      44      3 |   19.51        0.00
GET      /feed/{user_id}?with_fof=true                                                   1757     0(0.00%) |      8       2     269      3 |    9.78        0.00
POST     /likes                                                                           199     0(0.00%) |      4       3       9      4 |    1.11        0.00
POST     /posts                                                                           246     0(0.00%) |      5       4      11      5 |    1.37        0.00
GET      /timeline/{user_id}                                                             2204     0(0.00%) |      3       2      61      3 |   12.26        0.00
GET      /users/{user_id}                                                                 843     0(0.00%) |      2       1      26      3 |    4.69        0.00
--------|----------------------------------------------------------------------------|-------|-------------|-------|-------|-------|-------|--------|-----------
         Aggregated                                                                      8755     0(0.00%) |      4       1     269      3 |   48.72        0.00

Response time percentiles (approximated)
Type     Name                                                                                  50%    66%    75%    80%    90%    95%    98%    99%  99.9% 99.99%   100% # reqs
--------|--------------------------------------------------------------------------------|--------|------|------|------|------|------|------|------|------|------|------|------
GET      /feed/{user_id}                                                                         3      3      3      4      4      4      6     11     22     45     45   3506
GET      /feed/{user_id}?with_fof=true                                                           3      3      3      4      4     12    130    160    240    270    270   1757
POST     /likes                                                                                  4      4      4      5      5      5      6      9      9      9      9    199
POST     /posts                                                                                  5      6      6      6      6      7      8     11     11     11     11    246
GET      /timeline/{user_id}                                                                     3      4      4      4      4      5     11     20     57     61     61   2204
GET      /users/{user_id}                                                                        3      3      3      3      3      4      4      5     26     26     26    843
--------|--------------------------------------------------------------------------------|--------|------|------|------|------|------|------|------|------|------|------|------
         Aggregated                                                                              3      3      4      4      4      5     11     30    190    270    270   8755

  → 25 utenti...
 Container ad2526-redis Running 
 Container ad2526-backend Running 
 Container ad2526-redis Waiting 
 Container ad2526-redis Healthy 
 Container ad-2526-locust-run-58be9596e1ee Creating 
 Container ad-2526-locust-run-58be9596e1ee Created 
[2026-06-16 13:50:30,915] 5420924ff27e/INFO/locust.main: Starting Locust 2.32.3
[2026-06-16 13:50:30,915] 5420924ff27e/INFO/locust.main: Run time limit set to 180 seconds
[2026-06-16 13:50:30,916] 5420924ff27e/INFO/locust.runners: Ramping to 25 users at a rate of 20.00 per second
[2026-06-16 13:50:31,917] 5420924ff27e/INFO/locust.runners: All users spawned: {"BrowsingUser": 25} (25 total users)
[2026-06-16 13:53:30,641] 5420924ff27e/INFO/locust.main: --run-time limit reached, shutting down
[2026-06-16 13:53:30,668] 5420924ff27e/INFO/locust.main: Shutting down (exit code 0)
Type     Name                                                                          # reqs      # fails |    Avg     Min     Max    Med |   req/s  failures/s
--------|----------------------------------------------------------------------------|-------|-------------|-------|-------|-------|-------|--------|-----------
GET      /feed/{user_id}                                                                 8821     0(0.00%) |      3       1      37      3 |   49.08        0.00
GET      /feed/{user_id}?with_fof=true                                                   4380     0(0.00%) |      6       2     253      3 |   24.37        0.00
POST     /likes                                                                           437     0(0.00%) |      4       2      19      4 |    2.43        0.00
POST     /posts                                                                           638     0(0.00%) |      5       3      22      6 |    3.55        0.00
GET      /timeline/{user_id}                                                             5434     0(0.00%) |      3       2      46      3 |   30.24        0.00
GET      /users/{user_id}                                                                2166     0(0.00%) |      2       1      23      2 |   12.05        0.00
--------|----------------------------------------------------------------------------|-------|-------------|-------|-------|-------|-------|--------|-----------
         Aggregated                                                                     21876     0(0.00%) |      3       1     253      3 |  121.72        0.00

Response time percentiles (approximated)
Type     Name                                                                                  50%    66%    75%    80%    90%    95%    98%    99%  99.9% 99.99%   100% # reqs
--------|--------------------------------------------------------------------------------|--------|------|------|------|------|------|------|------|------|------|------|------
GET      /feed/{user_id}                                                                         3      3      3      3      4      4      5      6     26     38     38   8821
GET      /feed/{user_id}?with_fof=true                                                           3      3      3      3      4      4    110    130    200    250    250   4380
POST     /likes                                                                                  4      4      4      4      5      5      6      6     20     20     20    437
POST     /posts                                                                                  6      6      6      6      6      7      7      8     22     22     22    638
GET      /timeline/{user_id}                                                                     3      3      4      4      4      4      6     11     32     46     46   5434
GET      /users/{user_id}                                                                        2      3      3      3      3      3      4      4     23     24     24   2166
--------|--------------------------------------------------------------------------------|--------|------|------|------|------|------|------|------|------|------|------|------
         Aggregated                                                                              3      3      3      4      4      5      6     11    160    200    250  21876

  → 50 utenti...
 Container ad2526-redis Running 
 Container ad2526-backend Running 
 Container ad2526-redis Waiting 
 Container ad2526-redis Healthy 
 Container ad-2526-locust-run-acc388a759f0 Creating 
 Container ad-2526-locust-run-acc388a759f0 Created 
[2026-06-16 13:53:32,363] 1336f793755e/INFO/locust.main: Starting Locust 2.32.3
[2026-06-16 13:53:32,364] 1336f793755e/INFO/locust.main: Run time limit set to 180 seconds
[2026-06-16 13:53:32,365] 1336f793755e/INFO/locust.runners: Ramping to 50 users at a rate of 20.00 per second
[2026-06-16 13:53:34,368] 1336f793755e/INFO/locust.runners: All users spawned: {"BrowsingUser": 50} (50 total users)
[2026-06-16 13:56:32,086] 1336f793755e/INFO/locust.main: --run-time limit reached, shutting down
[2026-06-16 13:56:32,115] 1336f793755e/INFO/locust.main: Shutting down (exit code 0)
Type     Name                                                                          # reqs      # fails |    Avg     Min     Max    Med |   req/s  failures/s
--------|----------------------------------------------------------------------------|-------|-------------|-------|-------|-------|-------|--------|-----------
GET      /feed/{user_id}                                                                17673     0(0.00%) |      2       1      82      3 |   98.32        0.00
GET      /feed/{user_id}?with_fof=true                                                   8693     0(0.00%) |      6       2     652      3 |   48.36        0.00
POST     /likes                                                                           902     0(0.00%) |      4       2      23      4 |    5.02        0.00
POST     /posts                                                                          1362     0(0.00%) |      5       3      27      5 |    7.58        0.00
GET      /timeline/{user_id}                                                            10868     0(0.00%) |      3       1     207      3 |   60.46        0.00
GET      /users/{user_id}                                                                4341     0(0.00%) |      2       1      26      2 |   24.15        0.00
--------|----------------------------------------------------------------------------|-------|-------------|-------|-------|-------|-------|--------|-----------
         Aggregated                                                                     43839     0(0.00%) |      3       1     652      3 |  243.89        0.00

Response time percentiles (approximated)
Type     Name                                                                                  50%    66%    75%    80%    90%    95%    98%    99%  99.9% 99.99%   100% # reqs
--------|--------------------------------------------------------------------------------|--------|------|------|------|------|------|------|------|------|------|------|------
GET      /feed/{user_id}                                                                         3      3      3      3      4      4      5      9     24     67     82  17673
GET      /feed/{user_id}?with_fof=true                                                           3      3      3      3      4      4     38    130    530    650    650   8693
POST     /likes                                                                                  4      4      4      4      5      5      6      7     23     23     23    902
POST     /posts                                                                                  5      6      6      6      7      7      8      9     26     27     27   1362
GET      /timeline/{user_id}                                                                     3      3      3      4      4      5      7     13     64    200    210  10868
GET      /users/{user_id}                                                                        2      2      3      3      3      3      4      5     16     26     26   4341
--------|--------------------------------------------------------------------------------|--------|------|------|------|------|------|------|------|------|------|------|------
         Aggregated                                                                              3      3      3      3      4      5      7     12    170    580    650  43839

  → 75 utenti...
 Container ad2526-redis Running 
 Container ad2526-backend Running 
 Container ad2526-redis Waiting 
 Container ad2526-redis Healthy 
 Container ad-2526-locust-run-3a6a48acf36a Creating 
 Container ad-2526-locust-run-3a6a48acf36a Created 
[2026-06-16 13:56:34,130] 7299b0f816a8/INFO/locust.main: Starting Locust 2.32.3
[2026-06-16 13:56:34,130] 7299b0f816a8/INFO/locust.main: Run time limit set to 180 seconds
[2026-06-16 13:56:34,131] 7299b0f816a8/INFO/locust.runners: Ramping to 75 users at a rate of 20.00 per second
[2026-06-16 13:56:37,136] 7299b0f816a8/INFO/locust.runners: All users spawned: {"BrowsingUser": 75} (75 total users)
[2026-06-16 13:59:33,853] 7299b0f816a8/INFO/locust.main: --run-time limit reached, shutting down
[2026-06-16 13:59:33,883] 7299b0f816a8/INFO/locust.main: Shutting down (exit code 0)
Type     Name                                                                          # reqs      # fails |    Avg     Min     Max    Med |   req/s  failures/s
--------|----------------------------------------------------------------------------|-------|-------------|-------|-------|-------|-------|--------|-----------
GET      /feed/{user_id}                                                                26174     0(0.00%) |      3       1     101      3 |  145.61        0.00
GET      /feed/{user_id}?with_fof=true                                                  13117     0(0.00%) |      5       1     528      3 |   72.97        0.00
POST     /likes                                                                          1276     0(0.00%) |      4       2      36      4 |    7.10        0.00
POST     /posts                                                                          1952     0(0.00%) |      6       3      57      6 |   10.86        0.00
GET      /timeline/{user_id}                                                            16651     0(0.00%) |      3       2     178      3 |   92.63        0.00
GET      /users/{user_id}                                                                6420     0(0.00%) |      2       1      50      2 |   35.72        0.00
--------|----------------------------------------------------------------------------|-------|-------------|-------|-------|-------|-------|--------|-----------
         Aggregated                                                                     65590     0(0.00%) |      4       1     528      3 |  364.90        0.00

Response time percentiles (approximated)
Type     Name                                                                                  50%    66%    75%    80%    90%    95%    98%    99%  99.9% 99.99%   100% # reqs
--------|--------------------------------------------------------------------------------|--------|------|------|------|------|------|------|------|------|------|------|------
GET      /feed/{user_id}                                                                         3      3      3      4      4      5     10     14     36     96    100  26174
GET      /feed/{user_id}?with_fof=true                                                           3      3      3      4      4      6     25    130    210    230    530  13117
POST     /likes                                                                                  4      4      5      5      6      6      8     14     35     37     37   1276
POST     /posts                                                                                  6      6      7      7      9      9     11     14     41     58     58   1952
GET      /timeline/{user_id}                                                                     3      4      4      4      5      6     11     16     51    100    180  16651
GET      /users/{user_id}                                                                        2      3      3      3      3      4      6     10     26     51     51   6420
--------|--------------------------------------------------------------------------------|--------|------|------|------|------|------|------|------|------|------|------|------
         Aggregated                                                                              3      3      4      4      5      6     11     18    150    230    530  65590

  → 100 utenti...
 Container ad2526-redis Running 
 Container ad2526-backend Running 
 Container ad2526-redis Waiting 
 Container ad2526-redis Healthy 
 Container ad-2526-locust-run-d1806490f96f Creating 
 Container ad-2526-locust-run-d1806490f96f Created 
[2026-06-16 13:59:36,013] e90b6986b472/INFO/locust.main: Starting Locust 2.32.3
[2026-06-16 13:59:36,013] e90b6986b472/INFO/locust.main: Run time limit set to 180 seconds
[2026-06-16 13:59:36,014] e90b6986b472/INFO/locust.runners: Ramping to 100 users at a rate of 20.00 per second
[2026-06-16 13:59:40,019] e90b6986b472/INFO/locust.runners: All users spawned: {"BrowsingUser": 100} (100 total users)
[2026-06-16 14:02:35,742] e90b6986b472/INFO/locust.main: --run-time limit reached, shutting down
[2026-06-16 14:02:35,776] e90b6986b472/INFO/locust.main: Shutting down (exit code 0)
Type     Name                                                                          # reqs      # fails |    Avg     Min     Max    Med |   req/s  failures/s
--------|----------------------------------------------------------------------------|-------|-------------|-------|-------|-------|-------|--------|-----------
GET      /feed/{user_id}                                                                34948     0(0.00%) |      3       1      64      3 |  194.45        0.00
GET      /feed/{user_id}?with_fof=true                                                  17280     0(0.00%) |      5       1     544      3 |   96.15        0.00
POST     /likes                                                                          1694     0(0.00%) |      4       2      29      4 |    9.43        0.00
POST     /posts                                                                          2627     0(0.00%) |      6       3      46      6 |   14.62        0.00
GET      /timeline/{user_id}                                                            21591     0(0.00%) |      4       2     159      3 |  120.13        0.00
GET      /users/{user_id}                                                                8748     0(0.00%) |      2       1      47      2 |   48.67        0.00
--------|----------------------------------------------------------------------------|-------|-------------|-------|-------|-------|-------|--------|-----------
         Aggregated                                                                     86888     0(0.00%) |      4       1     544      3 |  483.45        0.00

Response time percentiles (approximated)
Type     Name                                                                                  50%    66%    75%    80%    90%    95%    98%    99%  99.9% 99.99%   100% # reqs
--------|--------------------------------------------------------------------------------|--------|------|------|------|------|------|------|------|------|------|------|------
GET      /feed/{user_id}                                                                         3      3      4      4      5      6     10     15     34     62     65  34948
GET      /feed/{user_id}?with_fof=true                                                           3      3      4      4      5      6     20    120    250    540    540  17280
POST     /likes                                                                                  4      4      5      5      6      7      8     10     20     30     30   1694
POST     /posts                                                                                  6      7      7      7      8     10     12     14     34     47     47   2627
GET      /timeline/{user_id}                                                                     3      4      4      4      5      7     12     19     50    150    160  21591
GET      /users/{user_id}                                                                        2      3      3      3      4      5      7     12     29     47     47   8748
--------|--------------------------------------------------------------------------------|--------|------|------|------|------|------|------|------|------|------|------|------
         Aggregated                                                                              3      4      4      4      5      7     12     19    150    410    540  86888

  → 150 utenti...
 Container ad2526-redis Running 
 Container ad2526-backend Running 
 Container ad2526-redis Waiting 
 Container ad2526-redis Healthy 
 Container ad-2526-locust-run-275942cfade4 Creating 
 Container ad-2526-locust-run-275942cfade4 Created 
[2026-06-16 14:02:38,193] 2c50859e3d5f/INFO/locust.main: Starting Locust 2.32.3
[2026-06-16 14:02:38,194] 2c50859e3d5f/INFO/locust.main: Run time limit set to 180 seconds
[2026-06-16 14:02:38,195] 2c50859e3d5f/INFO/locust.runners: Ramping to 150 users at a rate of 20.00 per second
[2026-06-16 14:02:45,206] 2c50859e3d5f/INFO/locust.runners: All users spawned: {"BrowsingUser": 150} (150 total users)
[2026-06-16 14:05:37,915] 2c50859e3d5f/INFO/locust.main: --run-time limit reached, shutting down
[2026-06-16 14:05:37,953] 2c50859e3d5f/INFO/locust.main: Shutting down (exit code 1)
Type     Name                                                                          # reqs      # fails |    Avg     Min     Max    Med |   req/s  failures/s
--------|----------------------------------------------------------------------------|-------|-------------|-------|-------|-------|-------|--------|-----------
GET      /feed/{user_id}                                                                51097     1(0.00%) |      4       1     447      3 |  284.26        0.01
GET      /feed/{user_id}?with_fof=true                                                  25348     0(0.00%) |      6       1     472      3 |  141.02        0.00
POST     /likes                                                                          2506    69(2.75%) |      5       2      43      4 |   13.94        0.38
POST     /posts                                                                          3881    97(2.50%) |     46       2    6599      6 |   21.59        0.54
GET      /timeline/{user_id}                                                            32224     0(0.00%) |      4       2     432      4 |  179.27        0.00
GET      /users/{user_id}                                                               12833     1(0.01%) |      4       1     437      3 |   71.39        0.01
--------|----------------------------------------------------------------------------|-------|-------------|-------|-------|-------|-------|--------|-----------
         Aggregated                                                                    127889   168(0.13%) |      6       1    6599      3 |  711.47        0.93

Response time percentiles (approximated)
Type     Name                                                                                  50%    66%    75%    80%    90%    95%    98%    99%  99.9% 99.99%   100% # reqs
--------|--------------------------------------------------------------------------------|--------|------|------|------|------|------|------|------|------|------|------|------
GET      /feed/{user_id}                                                                         3      4      4      5      6     12     20     27     59    360    450  51097
GET      /feed/{user_id}?with_fof=true                                                           3      4      5      5      7     14     32    130    290    420    470  25348
POST     /likes                                                                                  4      5      6      6      8     10     15     19     42     44     44   2506
POST     /posts                                                                                  6      7      7      8     10     13     22     39   6400   6600   6600   3881
GET      /timeline/{user_id}                                                                     4      4      5      5      7     12     21     28     73    360    430  32224
GET      /users/{user_id}                                                                        3      3      4      4      6     11     19     28     64    360    440  12833
--------|--------------------------------------------------------------------------------|--------|------|------|------|------|------|------|------|------|------|------|------
         Aggregated                                                                              3      4      5      5      7     12     21     32    190   6000   6600 127889

Error report
# occurrences      Error                                                                                               
------------------|---------------------------------------------------------------------------------------------------------------------------------------------
1                  GET /feed/{user_id}: HTTPError('500 Server Error: Internal Server Error for url: /feed/{user_id}')  
1                  GET /users/{user_id}: HTTPError('500 Server Error: Internal Server Error for url: /users/{user_id}')
97                 POST /posts: HTTPError('500 Server Error: Internal Server Error for url: /posts')                   
69                 POST /likes: HTTPError('500 Server Error: Internal Server Error for url: /likes')                   
------------------|---------------------------------------------------------------------------------------------------------------------------------------------


  → 200 utenti...
 Container ad2526-redis Running 
 Container ad2526-backend Running 
 Container ad2526-redis Waiting 
 Container ad2526-redis Healthy 
 Container ad-2526-locust-run-f40b4ec51c63 Creating 
 Container ad-2526-locust-run-f40b4ec51c63 Created 
[2026-06-16 14:05:40,743] 92fc5713b973/INFO/locust.main: Starting Locust 2.32.3
[2026-06-16 14:05:40,744] 92fc5713b973/INFO/locust.main: Run time limit set to 180 seconds
[2026-06-16 14:05:40,744] 92fc5713b973/INFO/locust.runners: Ramping to 200 users at a rate of 20.00 per second
[2026-06-16 14:05:49,760] 92fc5713b973/INFO/locust.runners: All users spawned: {"BrowsingUser": 200} (200 total users)
[2026-06-16 14:08:40,467] 92fc5713b973/INFO/locust.main: --run-time limit reached, shutting down
[2026-06-16 14:08:40,505] 92fc5713b973/INFO/locust.main: Shutting down (exit code 1)
Type     Name                                                                          # reqs      # fails |    Avg     Min     Max    Med |   req/s  failures/s
--------|----------------------------------------------------------------------------|-------|-------------|-------|-------|-------|-------|--------|-----------
GET      /feed/{user_id}                                                                67794     0(0.00%) |      5       1     107      4 |  377.15        0.00
GET      /feed/{user_id}?with_fof=true                                                  34146     0(0.00%) |      7       2     797      4 |  189.96        0.00
POST     /likes                                                                          3423    63(1.84%) |      6       2      63      5 |   19.04        0.35
POST     /posts                                                                          5123    94(1.83%) |      8       2      98      7 |   28.50        0.52
GET      /timeline/{user_id}                                                            42283     0(0.00%) |      5       2     203      4 |  235.23        0.00
GET      /users/{user_id}                                                               17001     0(0.00%) |      4       1     110      3 |   94.58        0.00
--------|----------------------------------------------------------------------------|-------|-------------|-------|-------|-------|-------|--------|-----------
         Aggregated                                                                    169770   157(0.09%) |      6       1     797      4 |  944.46        0.87

Response time percentiles (approximated)
Type     Name                                                                                  50%    66%    75%    80%    90%    95%    98%    99%  99.9% 99.99%   100% # reqs
--------|--------------------------------------------------------------------------------|--------|------|------|------|------|------|------|------|------|------|------|------
GET      /feed/{user_id}                                                                         4      5      5      6      8     15     25     33     61     94    110  67794
GET      /feed/{user_id}?with_fof=true                                                           4      5      6      6      9     18     36    130    360    780    800  34146
POST     /likes                                                                                  5      6      7      7     10     13     19     24     42     64     64   3423
POST     /posts                                                                                  7      8      9     10     13     17     24     30     53     99     99   5123
GET      /timeline/{user_id}                                                                     4      5      6      6      9     16     26     35     71    140    200  42283
GET      /users/{user_id}                                                                        3      4      5      5      7     14     24     31     59    110    110  17001
--------|--------------------------------------------------------------------------------|--------|------|------|------|------|------|------|------|------|------|------|------
         Aggregated                                                                              4      5      6      6      9     16     26     36    160    500    800 169770

Error report
# occurrences      Error                                                                                               
------------------|---------------------------------------------------------------------------------------------------------------------------------------------
94                 POST /posts: HTTPError('500 Server Error: Internal Server Error for url: /posts')                   
63                 POST /likes: HTTPError('500 Server Error: Internal Server Error for url: /likes')                   
------------------|---------------------------------------------------------------------------------------------------------------------------------------------


  → 300 utenti...
 Container ad2526-redis Running 
 Container ad2526-backend Running 
 Container ad2526-redis Waiting 
 Container ad2526-redis Healthy 
 Container ad-2526-locust-run-6e1a188bec0d Creating 
 Container ad-2526-locust-run-6e1a188bec0d Created 
[2026-06-16 14:08:42,408] e9ebd69b6dfc/INFO/locust.main: Starting Locust 2.32.3
[2026-06-16 14:08:42,409] e9ebd69b6dfc/INFO/locust.main: Run time limit set to 180 seconds
[2026-06-16 14:08:42,410] e9ebd69b6dfc/INFO/locust.runners: Ramping to 300 users at a rate of 20.00 per second
[2026-06-16 14:08:56,435] e9ebd69b6dfc/INFO/locust.runners: All users spawned: {"BrowsingUser": 300} (300 total users)
[2026-06-16 14:11:42,131] e9ebd69b6dfc/INFO/locust.main: --run-time limit reached, shutting down
[2026-06-16 14:11:42,192] e9ebd69b6dfc/INFO/locust.main: Shutting down (exit code 1)
Type     Name                                                                          # reqs      # fails |    Avg     Min     Max    Med |   req/s  failures/s
--------|----------------------------------------------------------------------------|-------|-------------|-------|-------|-------|-------|--------|-----------
GET      /feed/{user_id}                                                                93892    24(0.03%) |     19       1    1416      8 |  522.30        0.13
GET      /feed/{user_id}?with_fof=true                                                  46981    12(0.03%) |     27       2    3436      8 |  261.34        0.07
POST     /likes                                                                          4592     0(0.00%) |     13       2     697      9 |   25.54        0.00
POST     /posts                                                                          7204     0(0.00%) |     16       4     863     12 |   40.07        0.00
GET      /timeline/{user_id}                                                            58038    21(0.04%) |     20       2    1452      9 |  322.85        0.12
GET      /users/{user_id}                                                               23115     5(0.02%) |     17       1    1216      7 |  128.58        0.03
--------|----------------------------------------------------------------------------|-------|-------------|-------|-------|-------|-------|--------|-----------
         Aggregated                                                                    233822    62(0.03%) |     20       1    3436      8 | 1300.69        0.34

Response time percentiles (approximated)
Type     Name                                                                                  50%    66%    75%    80%    90%    95%    98%    99%  99.9% 99.99%   100% # reqs
--------|--------------------------------------------------------------------------------|--------|------|------|------|------|------|------|------|------|------|------|------
GET      /feed/{user_id}                                                                         8     14     21     26     44     64     95    120    630   1300   1400  93892
GET      /feed/{user_id}?with_fof=true                                                           8     15     22     28     47     72    130    220   2100   3200   3400  46981
POST     /likes                                                                                  9     12     14     16     25     35     49     62    240    700    700   4592
POST     /posts                                                                                 12     15     19     22     32     42     57     71    230    860    860   7204
GET      /timeline/{user_id}                                                                     9     15     22     28     46     67    100    130    650   1300   1500  58038
GET      /users/{user_id}                                                                        7     12     19     24     41     61     91    120    620   1200   1200  23115
--------|--------------------------------------------------------------------------------|--------|------|------|------|------|------|------|------|------|------|------|------
         Aggregated                                                                              8     14     21     26     44     65     99    140    990   2600   3400 233822

Error report
# occurrences      Error                                                                                               
------------------|---------------------------------------------------------------------------------------------------------------------------------------------
24                 GET /feed/{user_id}: HTTPError('500 Server Error: Internal Server Error for url: /feed/{user_id}')  
21                 GET /timeline/{user_id}: HTTPError('500 Server Error: Internal Server Error for url: /timeline/{user_id}')
5                  GET /users/{user_id}: HTTPError('500 Server Error: Internal Server Error for url: /users/{user_id}')
12                 GET /feed/{user_id}?with_fof=true: HTTPError('500 Server Error: Internal Server Error for url: /feed/{user_id}?with_fof=true')
------------------|---------------------------------------------------------------------------------------------------------------------------------------------


  → 400 utenti...
 Container ad2526-redis Running 
 Container ad2526-backend Running 
 Container ad2526-redis Waiting 
 Container ad2526-redis Healthy 
 Container ad-2526-locust-run-d372b1b529dd Creating 
 Container ad-2526-locust-run-d372b1b529dd Created 
[2026-06-16 14:11:44,406] 6f5229d4b114/INFO/locust.main: Starting Locust 2.32.3
[2026-06-16 14:11:44,406] 6f5229d4b114/INFO/locust.main: Run time limit set to 180 seconds
[2026-06-16 14:11:44,407] 6f5229d4b114/INFO/locust.runners: Ramping to 400 users at a rate of 20.00 per second
[2026-06-16 14:12:03,452] 6f5229d4b114/INFO/locust.runners: All users spawned: {"BrowsingUser": 400} (400 total users)
[2026-06-16 14:12:04,416] 6f5229d4b114/WARNING/root: CPU usage above 90%! This may constrain your throughput and may even give inconsistent response time measurements! See https://docs.locust.io/en/stable/running-distributed.html for how to distribute the load over multiple CPU cores or machines
[2026-06-16 14:14:44,135] 6f5229d4b114/INFO/locust.main: --run-time limit reached, shutting down
[2026-06-16 14:14:44,244] 6f5229d4b114/WARNING/locust.runners: CPU usage was too high at some point during the test! See https://docs.locust.io/en/stable/running-distributed.html for how to distribute the load over multiple CPU cores or machines
[2026-06-16 14:14:44,244] 6f5229d4b114/INFO/locust.main: Shutting down (exit code 1)
Type     Name                                                                          # reqs      # fails |    Avg     Min     Max    Med |   req/s  failures/s
--------|----------------------------------------------------------------------------|-------|-------------|-------|-------|-------|-------|--------|-----------
GET      /feed/{user_id}                                                               105692    78(0.07%) |     46       1    2195     29 |  587.75        0.43
GET      /feed/{user_id}?with_fof=true                                                  52743    34(0.06%) |     84       2    5857     30 |  293.30        0.19
POST     /likes                                                                          5258     0(0.00%) |     34       3    1435     26 |   29.24        0.00
POST     /posts                                                                          7834     0(0.00%) |     39       4    2149     30 |   43.56        0.00
GET      /timeline/{user_id}                                                            66096    39(0.06%) |     47       2    1912     30 |  367.56        0.22
GET      /users/{user_id}                                                               26487    15(0.06%) |     44       1    2129     28 |  147.29        0.08
--------|----------------------------------------------------------------------------|-------|-------------|-------|-------|-------|-------|--------|-----------
         Aggregated                                                                    264110   166(0.06%) |     53       1    5857     29 | 1468.70        0.92

Response time percentiles (approximated)
Type     Name                                                                                  50%    66%    75%    80%    90%    95%    98%    99%  99.9% 99.99%   100% # reqs
--------|--------------------------------------------------------------------------------|--------|------|------|------|------|------|------|------|------|------|------|------
GET      /feed/{user_id}                                                                        29     41     52     60     87    120    180    320   1100   1800   2200 105692
GET      /feed/{user_id}?with_fof=true                                                          30     42     53     62     93    130    300   1000   5200   5700   5900  52743
POST     /likes                                                                                 26     34     41     45     61     76    100    170    810   1400   1400   5258
POST     /posts                                                                                 30     38     46     51     68     85    110    160   1200   2100   2100   7834
GET      /timeline/{user_id}                                                                    30     43     54     62     90    120    180    330   1100   1800   1900  66096
GET      /users/{user_id}                                                                       28     39     50     58     85    120    180    300   1100   1800   2100  26487
--------|--------------------------------------------------------------------------------|--------|------|------|------|------|------|------|------|------|------|------|------
         Aggregated                                                                             29     41     52     60     88    120    190    370   4200   5400   5900 264110

Error report
# occurrences      Error                                                                                               
------------------|---------------------------------------------------------------------------------------------------------------------------------------------
78                 GET /feed/{user_id}: HTTPError('500 Server Error: Internal Server Error for url: /feed/{user_id}')  
34                 GET /feed/{user_id}?with_fof=true: HTTPError('500 Server Error: Internal Server Error for url: /feed/{user_id}?with_fof=true')
39                 GET /timeline/{user_id}: HTTPError('500 Server Error: Internal Server Error for url: /timeline/{user_id}')
15                 GET /users/{user_id}: HTTPError('500 Server Error: Internal Server Error for url: /users/{user_id}')
------------------|---------------------------------------------------------------------------------------------------------------------------------------------


  → 500 utenti...
 Container ad2526-redis Running 
 Container ad2526-backend Running 
 Container ad2526-redis Waiting 
 Container ad2526-redis Healthy 
 Container ad-2526-locust-run-223a2d52fdc6 Creating 
 Container ad-2526-locust-run-223a2d52fdc6 Created 
[2026-06-16 14:14:47,042] 977a20d7257e/INFO/locust.main: Starting Locust 2.32.3
[2026-06-16 14:14:47,042] 977a20d7257e/INFO/locust.main: Run time limit set to 180 seconds
[2026-06-16 14:14:47,043] 977a20d7257e/INFO/locust.runners: Ramping to 500 users at a rate of 20.00 per second
[2026-06-16 14:15:07,045] 977a20d7257e/WARNING/root: CPU usage above 90%! This may constrain your throughput and may even give inconsistent response time measurements! See https://docs.locust.io/en/stable/running-distributed.html for how to distribute the load over multiple CPU cores or machines
[2026-06-16 14:15:11,134] 977a20d7257e/INFO/locust.runners: All users spawned: {"BrowsingUser": 500} (500 total users)
[2026-06-16 14:17:46,811] 977a20d7257e/INFO/locust.main: --run-time limit reached, shutting down
[2026-06-16 14:17:47,070] 977a20d7257e/WARNING/locust.runners: CPU usage was too high at some point during the test! See https://docs.locust.io/en/stable/running-distributed.html for how to distribute the load over multiple CPU cores or machines
[2026-06-16 14:17:47,071] 977a20d7257e/INFO/locust.main: Shutting down (exit code 1)
Type     Name                                                                          # reqs      # fails |    Avg     Min     Max    Med |   req/s  failures/s
--------|----------------------------------------------------------------------------|-------|-------------|-------|-------|-------|-------|--------|-----------
GET      /feed/{user_id}                                                               104682    58(0.06%) |     97       1    2162     84 |  581.51        0.32
GET      /feed/{user_id}?with_fof=true                                                  52359    35(0.07%) |    141       2    7156     84 |  290.86        0.19
POST     /likes                                                                          5199     0(0.00%) |     82       2    1647     77 |   28.88        0.00
POST     /posts                                                                          7814     0(0.00%) |     85       4    1606     79 |   43.41        0.00
GET      /timeline/{user_id}                                                            65095    36(0.06%) |     98       2    1976     84 |  361.61        0.20
GET      /users/{user_id}                                                               25892    12(0.05%) |     96       1    1965     83 |  143.83        0.07
--------|----------------------------------------------------------------------------|-------|-------------|-------|-------|-------|-------|--------|-----------
         Aggregated                                                                    261041   141(0.05%) |    105       1    7156     84 | 1450.10        0.78

Response time percentiles (approximated)
Type     Name                                                                                  50%    66%    75%    80%    90%    95%    98%    99%  99.9% 99.99%   100% # reqs
--------|--------------------------------------------------------------------------------|--------|------|------|------|------|------|------|------|------|------|------|------
GET      /feed/{user_id}                                                                        84     97    110    120    140    170    230    450   1500   1900   2200 104682
GET      /feed/{user_id}?with_fof=true                                                          84     99    110    120    150    180    410   1800   5700   6700   7200  52359
POST     /likes                                                                                 77     86     93     99    120    130    160    210   1200   1600   1600   5199
POST     /posts                                                                                 79     88     96    100    120    140    170    240   1300   1600   1600   7814
GET      /timeline/{user_id}                                                                    84     99    110    120    140    170    230    430   1500   1800   2000  65095
GET      /users/{user_id}                                                                       83     96    110    120    140    170    230    440   1500   1900   2000  25892
--------|--------------------------------------------------------------------------------|--------|------|------|------|------|------|------|------|------|------|------|------
         Aggregated                                                                             84     97    110    120    140    170    240    540   4500   6000   7200 261041

Error report
# occurrences      Error                                                                                               
------------------|---------------------------------------------------------------------------------------------------------------------------------------------
36                 GET /timeline/{user_id}: HTTPError('500 Server Error: Internal Server Error for url: /timeline/{user_id}')
35                 GET /feed/{user_id}?with_fof=true: HTTPError('500 Server Error: Internal Server Error for url: /feed/{user_id}?with_fof=true')
58                 GET /feed/{user_id}: HTTPError('500 Server Error: Internal Server Error for url: /feed/{user_id}')  
12                 GET /users/{user_id}: HTTPError('500 Server Error: Internal Server Error for url: /users/{user_id}')
------------------|---------------------------------------------------------------------------------------------------------------------------------------------


  → 700 utenti...
 Container ad2526-redis Running 
 Container ad2526-backend Running 
 Container ad2526-redis Waiting 
 Container ad2526-redis Healthy 
 Container ad-2526-locust-run-23d515e34348 Creating 
 Container ad-2526-locust-run-23d515e34348 Created 
[2026-06-16 14:17:49,794] cc1a2e8201f5/INFO/locust.main: Starting Locust 2.32.3
[2026-06-16 14:17:49,795] cc1a2e8201f5/INFO/locust.main: Run time limit set to 180 seconds
[2026-06-16 14:17:49,796] cc1a2e8201f5/INFO/locust.runners: Ramping to 700 users at a rate of 20.00 per second
[2026-06-16 14:18:09,802] cc1a2e8201f5/WARNING/root: CPU usage above 90%! This may constrain your throughput and may even give inconsistent response time measurements! See https://docs.locust.io/en/stable/running-distributed.html for how to distribute the load over multiple CPU cores or machines
[2026-06-16 14:18:24,176] cc1a2e8201f5/INFO/locust.runners: All users spawned: {"BrowsingUser": 700} (700 total users)
[2026-06-16 14:20:49,581] cc1a2e8201f5/INFO/locust.main: --run-time limit reached, shutting down
[2026-06-16 14:20:50,093] cc1a2e8201f5/WARNING/locust.runners: CPU usage was too high at some point during the test! See https://docs.locust.io/en/stable/running-distributed.html for how to distribute the load over multiple CPU cores or machines
[2026-06-16 14:20:50,093] cc1a2e8201f5/INFO/locust.main: Shutting down (exit code 1)
Type     Name                                                                          # reqs      # fails |    Avg     Min     Max    Med |   req/s  failures/s
--------|----------------------------------------------------------------------------|-------|-------------|-------|-------|-------|-------|--------|-----------
GET      /feed/{user_id}                                                                81407   290(0.36%) |    253       1   10217    180 |  451.54        1.61
GET      /feed/{user_id}?with_fof=true                                                  40430   151(0.37%) |    666       1   27029    180 |  224.25        0.84
POST     /likes                                                                          3969     0(0.00%) |    201       2    8191    170 |   22.01        0.00
POST     /posts                                                                          6215     0(0.00%) |    216       4    8892    180 |   34.47        0.00
GET      /timeline/{user_id}                                                            50456   182(0.36%) |    255       2    9109    180 |  279.87        1.01
GET      /users/{user_id}                                                               20159    80(0.40%) |    246       1    9004    170 |  111.82        0.44
--------|----------------------------------------------------------------------------|-------|-------------|-------|-------|-------|-------|--------|-----------
         Aggregated                                                                    202636   703(0.35%) |    333       1   27029    180 | 1123.97        3.90

Response time percentiles (approximated)
Type     Name                                                                                  50%    66%    75%    80%    90%    95%    98%    99%  99.9% 99.99%   100% # reqs
--------|--------------------------------------------------------------------------------|--------|------|------|------|------|------|------|------|------|------|------|------
GET      /feed/{user_id}                                                                       180    200    220    240    330    850   1700   2300   6900   8900  10000  81407
GET      /feed/{user_id}?with_fof=true                                                         180    200    230    240    500   1600  12000  15000  20000  23000  27000  40430
POST     /likes                                                                                170    190    200    210    240    430   1300   1800   3000   8200   8200   3969
POST     /posts                                                                                180    190    210    220    250    530   1400   1900   7100   8900   8900   6215
GET      /timeline/{user_id}                                                                   180    200    220    240    330    840   1800   2300   7000   8800   9100  50456
GET      /users/{user_id}                                                                      170    200    220    230    310    790   1700   2300   7000   8900   9000  20159
--------|--------------------------------------------------------------------------------|--------|------|------|------|------|------|------|------|------|------|------|------
         Aggregated                                                                            180    200    220    240    340    920   2000   3100  17000  22000  27000 202636

Error report
# occurrences      Error                                                                                               
------------------|---------------------------------------------------------------------------------------------------------------------------------------------
182                GET /timeline/{user_id}: HTTPError('500 Server Error: Internal Server Error for url: /timeline/{user_id}')
290                GET /feed/{user_id}: HTTPError('500 Server Error: Internal Server Error for url: /feed/{user_id}')  
151                GET /feed/{user_id}?with_fof=true: HTTPError('500 Server Error: Internal Server Error for url: /feed/{user_id}?with_fof=true')
80                 GET /users/{user_id}: HTTPError('500 Server Error: Internal Server Error for url: /users/{user_id}')
------------------|---------------------------------------------------------------------------------------------------------------------------------------------



==============================
 Strategia: hybrid
==============================
 Container ad2526-redis Running 
 Container ad2526-backend Recreate 
 Container ad2526-backend Recreated 
 Container ad2526-redis Waiting 
 Container ad2526-redis Healthy 
 Container ad2526-backend Starting 
 Container ad2526-backend Started 
  → 10 utenti...
 Container ad2526-redis Running 
 Container ad2526-backend Running 
 Container ad2526-redis Waiting 
 Container ad2526-redis Healthy 
 Container ad-2526-locust-run-feddc4a26baa Creating 
 Container ad-2526-locust-run-feddc4a26baa Created 
[2026-06-16 14:20:59,759] 1b3fc02d5d2b/INFO/locust.main: Starting Locust 2.32.3
[2026-06-16 14:20:59,760] 1b3fc02d5d2b/INFO/locust.main: Run time limit set to 180 seconds
[2026-06-16 14:20:59,761] 1b3fc02d5d2b/INFO/locust.runners: Ramping to 10 users at a rate of 20.00 per second
[2026-06-16 14:20:59,761] 1b3fc02d5d2b/INFO/locust.runners: All users spawned: {"BrowsingUser": 10} (10 total users)
[2026-06-16 14:23:59,485] 1b3fc02d5d2b/INFO/locust.main: --run-time limit reached, shutting down
[2026-06-16 14:23:59,511] 1b3fc02d5d2b/INFO/locust.main: Shutting down (exit code 0)
Type     Name                                                                          # reqs      # fails |    Avg     Min     Max    Med |   req/s  failures/s
--------|----------------------------------------------------------------------------|-------|-------------|-------|-------|-------|-------|--------|-----------
GET      /feed/{user_id}                                                                 3459     0(0.00%) |      3       2      48      3 |   19.24        0.00
GET      /feed/{user_id}?with_fof=true                                                   1732     0(0.00%) |     20       2     435      3 |    9.64        0.00
POST     /likes                                                                           162     0(0.00%) |      3       2       6      4 |    0.90        0.00
POST     /posts                                                                           266     0(0.00%) |      4       3      20      5 |    1.48        0.00
GET      /timeline/{user_id}                                                             2057     0(0.00%) |     11       2     233      3 |   11.44        0.00
GET      /users/{user_id}                                                                 896     0(0.00%) |      3       1      30      3 |    4.98        0.00
--------|----------------------------------------------------------------------------|-------|-------------|-------|-------|-------|-------|--------|-----------
         Aggregated                                                                      8572     0(0.00%) |      8       1     435      3 |   47.69        0.00

Response time percentiles (approximated)
Type     Name                                                                                  50%    66%    75%    80%    90%    95%    98%    99%  99.9% 99.99%   100% # reqs
--------|--------------------------------------------------------------------------------|--------|------|------|------|------|------|------|------|------|------|------|------
GET      /feed/{user_id}                                                                         3      3      3      4      4      5     10     12     32     48     48   3459
GET      /feed/{user_id}?with_fof=true                                                           3      3      4      4      4    240    350    380    430    440    440   1732
POST     /likes                                                                                  4      4      4      4      4      5      5      5      6      6      6    162
POST     /posts                                                                                  5      5      5      5      5      6      7      9     21     21     21    266
GET      /timeline/{user_id}                                                                     3      3      3      4      4     81    160    170    230    230    230   2057
GET      /users/{user_id}                                                                        3      3      3      4      4      6      9     13     30     30     30    896
--------|--------------------------------------------------------------------------------|--------|------|------|------|------|------|------|------|------|------|------|------
         Aggregated                                                                              3      3      4      4      4      6    160    240    400    440    440   8572

  → 25 utenti...
 Container ad2526-redis Running 
 Container ad2526-backend Running 
 Container ad2526-redis Waiting 
 Container ad2526-redis Healthy 
 Container ad-2526-locust-run-67d0514146fb Creating 
 Container ad-2526-locust-run-67d0514146fb Created 
[2026-06-16 14:24:01,190] 181f83b127b2/INFO/locust.main: Starting Locust 2.32.3
[2026-06-16 14:24:01,191] 181f83b127b2/INFO/locust.main: Run time limit set to 180 seconds
[2026-06-16 14:24:01,192] 181f83b127b2/INFO/locust.runners: Ramping to 25 users at a rate of 20.00 per second
[2026-06-16 14:24:02,193] 181f83b127b2/INFO/locust.runners: All users spawned: {"BrowsingUser": 25} (25 total users)
[2026-06-16 14:27:00,915] 181f83b127b2/INFO/locust.main: --run-time limit reached, shutting down
[2026-06-16 14:27:00,942] 181f83b127b2/INFO/locust.main: Shutting down (exit code 0)
Type     Name                                                                          # reqs      # fails |    Avg     Min     Max    Med |   req/s  failures/s
--------|----------------------------------------------------------------------------|-------|-------------|-------|-------|-------|-------|--------|-----------
GET      /feed/{user_id}                                                                 8602     0(0.00%) |      3       1      49      3 |   47.87        0.00
GET      /feed/{user_id}?with_fof=true                                                   4295     0(0.00%) |     15       2     604      3 |   23.90        0.00
POST     /likes                                                                           457     0(0.00%) |      3       2      23      4 |    2.54        0.00
POST     /posts                                                                           712     0(0.00%) |      4       3      10      4 |    3.96        0.00
GET      /timeline/{user_id}                                                             5447     0(0.00%) |      7       1     350      3 |   30.31        0.00
GET      /users/{user_id}                                                                2173     0(0.00%) |      2       1      30      3 |   12.09        0.00
--------|----------------------------------------------------------------------------|-------|-------------|-------|-------|-------|-------|--------|-----------
         Aggregated                                                                     21686     0(0.00%) |      6       1     604      3 |  120.67        0.00

Response time percentiles (approximated)
Type     Name                                                                                  50%    66%    75%    80%    90%    95%    98%    99%  99.9% 99.99%   100% # reqs
--------|--------------------------------------------------------------------------------|--------|------|------|------|------|------|------|------|------|------|------|------
GET      /feed/{user_id}                                                                         3      3      3      3      4      4      8     11     23     49     49   8602
GET      /feed/{user_id}?with_fof=true                                                           3      3      3      3      4      5    350    380    500    600    600   4295
POST     /likes                                                                                  4      4      4      4      4      4      5      6     23     23     23    457
POST     /posts                                                                                  4      4      5      5      5      5      6      6     10     10     10    712
GET      /timeline/{user_id}                                                                     3      3      3      3      4      4    130    160    240    350    350   5447
GET      /users/{user_id}                                                                        3      3      3      3      4      5      6     10     21     31     31   2173
--------|--------------------------------------------------------------------------------|--------|------|------|------|------|------|------|------|------|------|------|------
         Aggregated                                                                              3      3      3      3      4      5     12    160    410    530    600  21686

  → 50 utenti...
 Container ad2526-redis Running 
 Container ad2526-backend Running 
 Container ad2526-redis Waiting 
 Container ad2526-redis Healthy 
 Container ad-2526-locust-run-0b3cebb640f3 Creating 
 Container ad-2526-locust-run-0b3cebb640f3 Created 
[2026-06-16 14:27:02,624] 394aba28ac00/INFO/locust.main: Starting Locust 2.32.3
[2026-06-16 14:27:02,625] 394aba28ac00/INFO/locust.main: Run time limit set to 180 seconds
[2026-06-16 14:27:02,626] 394aba28ac00/INFO/locust.runners: Ramping to 50 users at a rate of 20.00 per second
[2026-06-16 14:27:04,630] 394aba28ac00/INFO/locust.runners: All users spawned: {"BrowsingUser": 50} (50 total users)
[2026-06-16 14:30:02,341] 394aba28ac00/INFO/locust.main: --run-time limit reached, shutting down
[2026-06-16 14:30:02,370] 394aba28ac00/INFO/locust.main: Shutting down (exit code 0)
Type     Name                                                                          # reqs      # fails |    Avg     Min     Max    Med |   req/s  failures/s
--------|----------------------------------------------------------------------------|-------|-------------|-------|-------|-------|-------|--------|-----------
GET      /feed/{user_id}                                                                17271     0(0.00%) |      3       1      71      3 |   96.10        0.00
GET      /feed/{user_id}?with_fof=true                                                   8678     0(0.00%) |     15       1    1779      3 |   48.29        0.00
POST     /likes                                                                           881     0(0.00%) |      3       2      23      3 |    4.90        0.00
POST     /posts                                                                          1251     0(0.00%) |      4       3      34      4 |    6.96        0.00
GET      /timeline/{user_id}                                                            10723     0(0.00%) |      6       1     907      3 |   59.67        0.00
GET      /users/{user_id}                                                                4502     0(0.00%) |      2       1      45      2 |   25.05        0.00
--------|----------------------------------------------------------------------------|-------|-------------|-------|-------|-------|-------|--------|-----------
         Aggregated                                                                     43306     0(0.00%) |      6       1    1779      3 |  240.98        0.00

Response time percentiles (approximated)
Type     Name                                                                                  50%    66%    75%    80%    90%    95%    98%    99%  99.9% 99.99%   100% # reqs
--------|--------------------------------------------------------------------------------|--------|------|------|------|------|------|------|------|------|------|------|------
GET      /feed/{user_id}                                                                         3      3      3      3      4      4      7     11     27     51     71  17271
GET      /feed/{user_id}?with_fof=true                                                           3      3      3      3      4      5    340    390   1400   1800   1800   8678
POST     /likes                                                                                  3      4      4      4      4      5      5      6     24     24     24    881
POST     /posts                                                                                  4      5      5      5      6      6      7      8     24     34     34   1251
GET      /timeline/{user_id}                                                                     3      3      3      3      4      5     86    170    280    800    910  10723
GET      /users/{user_id}                                                                        2      3      3      3      4      5      6     10     24     46     46   4502
--------|--------------------------------------------------------------------------------|--------|------|------|------|------|------|------|------|------|------|------|------
         Aggregated                                                                              3      3      3      3      4      5     11    120    570   1600   1800  43306

  → 75 utenti...
 Container ad2526-redis Running 
 Container ad2526-backend Running 
 Container ad2526-redis Waiting 
 Container ad2526-redis Healthy 
 Container ad-2526-locust-run-862ea0d9c058 Creating 
 Container ad-2526-locust-run-862ea0d9c058 Created 
[2026-06-16 14:30:04,089] a4792619e262/INFO/locust.main: Starting Locust 2.32.3
[2026-06-16 14:30:04,090] a4792619e262/INFO/locust.main: Run time limit set to 180 seconds
[2026-06-16 14:30:04,091] a4792619e262/INFO/locust.runners: Ramping to 75 users at a rate of 20.00 per second
[2026-06-16 14:30:07,095] a4792619e262/INFO/locust.runners: All users spawned: {"BrowsingUser": 75} (75 total users)
[2026-06-16 14:33:03,803] a4792619e262/INFO/locust.main: --run-time limit reached, shutting down
[2026-06-16 14:33:03,833] a4792619e262/INFO/locust.main: Shutting down (exit code 0)
Type     Name                                                                          # reqs      # fails |    Avg     Min     Max    Med |   req/s  failures/s
--------|----------------------------------------------------------------------------|-------|-------------|-------|-------|-------|-------|--------|-----------
GET      /feed/{user_id}                                                                25860     0(0.00%) |      3       1      63      3 |  143.90        0.00
GET      /feed/{user_id}?with_fof=true                                                  12932     0(0.00%) |     12       1    2198      3 |   71.96        0.00
POST     /likes                                                                          1307     0(0.00%) |      3       2      22      3 |    7.27        0.00
POST     /posts                                                                          1927     0(0.00%) |      4       3      44      4 |   10.72        0.00
GET      /timeline/{user_id}                                                            16194     0(0.00%) |      7       1    1179      3 |   90.11        0.00
GET      /users/{user_id}                                                                6513     0(0.00%) |      3       1      47      3 |   36.24        0.00
--------|----------------------------------------------------------------------------|-------|-------------|-------|-------|-------|-------|--------|-----------
         Aggregated                                                                     64733     0(0.00%) |      6       1    2198      3 |  360.21        0.00

Response time percentiles (approximated)
Type     Name                                                                                  50%    66%    75%    80%    90%    95%    98%    99%  99.9% 99.99%   100% # reqs
--------|--------------------------------------------------------------------------------|--------|------|------|------|------|------|------|------|------|------|------|------
GET      /feed/{user_id}                                                                         3      3      3      3      4      5     11     14     37     56     64  25860
GET      /feed/{user_id}?with_fof=true                                                           3      3      3      3      4      6    250    370   1300   2000   2200  12932
POST     /likes                                                                                  3      4      4      4      5      5      6      8     18     23     23   1307
POST     /posts                                                                                  4      5      5      5      6      6      8      8     35     44     44   1927
GET      /timeline/{user_id}                                                                     3      3      3      3      4      5     28    170    550   1200   1200  16194
GET      /users/{user_id}                                                                        3      3      3      3      4      6      9     14     36     47     47   6513
--------|--------------------------------------------------------------------------------|--------|------|------|------|------|------|------|------|------|------|------|------
         Aggregated                                                                              3      3      3      4      4      5     13     33    480   1800   2200  64733

  → 100 utenti...
 Container ad2526-redis Running 
 Container ad2526-backend Running 
 Container ad2526-redis Waiting 
 Container ad2526-redis Healthy 
 Container ad-2526-locust-run-ea219ddfd0c2 Creating 
 Container ad-2526-locust-run-ea219ddfd0c2 Created 
[2026-06-16 14:33:05,567] dce5a2795f02/INFO/locust.main: Starting Locust 2.32.3
[2026-06-16 14:33:05,568] dce5a2795f02/INFO/locust.main: Run time limit set to 180 seconds
[2026-06-16 14:33:05,569] dce5a2795f02/INFO/locust.runners: Ramping to 100 users at a rate of 20.00 per second
[2026-06-16 14:33:09,575] dce5a2795f02/INFO/locust.runners: All users spawned: {"BrowsingUser": 100} (100 total users)
[2026-06-16 14:36:05,283] dce5a2795f02/INFO/locust.main: --run-time limit reached, shutting down
[2026-06-16 14:36:05,315] dce5a2795f02/INFO/locust.main: Shutting down (exit code 0)
Type     Name                                                                          # reqs      # fails |    Avg     Min     Max    Med |   req/s  failures/s
--------|----------------------------------------------------------------------------|-------|-------------|-------|-------|-------|-------|--------|-----------
GET      /feed/{user_id}                                                                34057     0(0.00%) |      3       1      90      3 |  189.48        0.00
GET      /feed/{user_id}?with_fof=true                                                  17023     0(0.00%) |     23       2    3785      3 |   94.71        0.00
POST     /likes                                                                          1709     0(0.00%) |      3       2      33      4 |    9.51        0.00
POST     /posts                                                                          2514     0(0.00%) |      4       3      31      4 |   13.99        0.00
GET      /timeline/{user_id}                                                            21167     0(0.00%) |      7       1    2479      3 |  117.76        0.00
GET      /users/{user_id}                                                                8497     0(0.00%) |      3       1      64      3 |   47.27        0.00
--------|----------------------------------------------------------------------------|-------|-------------|-------|-------|-------|-------|--------|-----------
         Aggregated                                                                     84967     0(0.00%) |      8       1    3785      3 |  472.72        0.00

Response time percentiles (approximated)
Type     Name                                                                                  50%    66%    75%    80%    90%    95%    98%    99%  99.9% 99.99%   100% # reqs
--------|--------------------------------------------------------------------------------|--------|------|------|------|------|------|------|------|------|------|------|------
GET      /feed/{user_id}                                                                         3      3      3      4      4      6     11     17     45     77     90  34057
GET      /feed/{user_id}?with_fof=true                                                           3      3      4      4      5      7    330    430   3400   3700   3800  17023
POST     /likes                                                                                  4      4      4      4      5      6      7      8     24     34     34   1709
POST     /posts                                                                                  4      5      5      5      6      7      8      9     16     31     31   2514
GET      /timeline/{user_id}                                                                     3      3      3      4      4      6     23    170   1100   2400   2500  21167
GET      /users/{user_id}                                                                        3      3      3      4      5      6     10     16     44     65     65   8497
--------|--------------------------------------------------------------------------------|--------|------|------|------|------|------|------|------|------|------|------|------
         Aggregated                                                                              3      3      4      4      5      6     14     35   1600   3600   3800  84967

  → 150 utenti...
 Container ad2526-redis Running 
 Container ad2526-backend Running 
 Container ad2526-redis Waiting 
 Container ad2526-redis Healthy 
 Container ad-2526-locust-run-5a64e9723d46 Creating 
 Container ad-2526-locust-run-5a64e9723d46 Created 
[2026-06-16 14:36:07,147] 28524a01332c/INFO/locust.main: Starting Locust 2.32.3
[2026-06-16 14:36:07,148] 28524a01332c/INFO/locust.main: Run time limit set to 180 seconds
[2026-06-16 14:36:07,149] 28524a01332c/INFO/locust.runners: Ramping to 150 users at a rate of 20.00 per second
[2026-06-16 14:36:14,159] 28524a01332c/INFO/locust.runners: All users spawned: {"BrowsingUser": 150} (150 total users)
[2026-06-16 14:39:06,866] 28524a01332c/INFO/locust.main: --run-time limit reached, shutting down
[2026-06-16 14:39:06,901] 28524a01332c/INFO/locust.main: Shutting down (exit code 0)
Type     Name                                                                          # reqs      # fails |    Avg     Min     Max    Med |   req/s  failures/s
--------|----------------------------------------------------------------------------|-------|-------------|-------|-------|-------|-------|--------|-----------
GET      /feed/{user_id}                                                                48655     0(0.00%) |      4       1     824      3 |  270.73        0.00
GET      /feed/{user_id}?with_fof=true                                                  24301     0(0.00%) |     52       1    8154      3 |  135.22        0.00
POST     /likes                                                                          2426     0(0.00%) |      4       2     218      4 |   13.50        0.00
POST     /posts                                                                          3617     0(0.00%) |      5       3     136      5 |   20.13        0.00
GET      /timeline/{user_id}                                                            30533     0(0.00%) |     15       1    4824      3 |  169.89        0.00
GET      /users/{user_id}                                                               12330     0(0.00%) |      4       1     791      3 |   68.61        0.00
--------|----------------------------------------------------------------------------|-------|-------------|-------|-------|-------|-------|--------|-----------
         Aggregated                                                                    121862     0(0.00%) |     16       1    8154      3 |  678.08        0.00

Response time percentiles (approximated)
Type     Name                                                                                  50%    66%    75%    80%    90%    95%    98%    99%  99.9% 99.99%   100% # reqs
--------|--------------------------------------------------------------------------------|--------|------|------|------|------|------|------|------|------|------|------|------
GET      /feed/{user_id}                                                                         3      4      4      5      6     11     20     31     99    330    820  48655
GET      /feed/{user_id}?with_fof=true                                                           3      4      5      5      7     14    350   1000   6900   8000   8200  24301
POST     /likes                                                                                  4      4      5      5      6      8     10     16     43    220    220   2426
POST     /posts                                                                                  5      5      6      6      8      9     11     15     35    140    140   3617
GET      /timeline/{user_id}                                                                     3      4      4      5      7     13     41    180   2900   4400   4800  30533
GET      /users/{user_id}                                                                        3      4      4      5      7      9     20     32    110    660    790  12330
--------|--------------------------------------------------------------------------------|--------|------|------|------|------|------|------|------|------|------|------|------
         Aggregated                                                                              3      4      5      5      7     11     25     69   4400   7100   8200 121862

  → 200 utenti...
 Container ad2526-redis Running 
 Container ad2526-backend Running 
 Container ad2526-redis Waiting 
 Container ad2526-redis Healthy 
 Container ad-2526-locust-run-af2a7631e41c Creating 
 Container ad-2526-locust-run-af2a7631e41c Created 
[2026-06-16 14:39:08,785] 7d2224a123c5/INFO/locust.main: Starting Locust 2.32.3
[2026-06-16 14:39:08,785] 7d2224a123c5/INFO/locust.main: Run time limit set to 180 seconds
[2026-06-16 14:39:08,786] 7d2224a123c5/INFO/locust.runners: Ramping to 200 users at a rate of 20.00 per second
[2026-06-16 14:39:17,800] 7d2224a123c5/INFO/locust.runners: All users spawned: {"BrowsingUser": 200} (200 total users)
[2026-06-16 14:42:08,507] 7d2224a123c5/INFO/locust.main: --run-time limit reached, shutting down
[2026-06-16 14:42:08,548] 7d2224a123c5/INFO/locust.main: Shutting down (exit code 1)
Type     Name                                                                          # reqs      # fails |    Avg     Min     Max    Med |   req/s  failures/s
--------|----------------------------------------------------------------------------|-------|-------------|-------|-------|-------|-------|--------|-----------
GET      /feed/{user_id}                                                                59475     9(0.02%) |      8       1    2508      4 |  330.87        0.05
GET      /feed/{user_id}?with_fof=true                                                  29976     2(0.01%) |    105       1   13854      4 |  166.76        0.01
POST     /likes                                                                          3056     0(0.00%) |      6       2    1222      4 |   17.00        0.00
POST     /posts                                                                          4454     0(0.00%) |      7       3    1972      5 |   24.78        0.00
GET      /timeline/{user_id}                                                            37726     5(0.01%) |     33       1    7425      4 |  209.87        0.03
GET      /users/{user_id}                                                               14834     1(0.01%) |      8       1    2309      4 |   82.52        0.01
--------|----------------------------------------------------------------------------|-------|-------------|-------|-------|-------|-------|--------|-----------
         Aggregated                                                                    149521    17(0.01%) |     33       1   13854      4 |  831.80        0.09

Response time percentiles (approximated)
Type     Name                                                                                  50%    66%    75%    80%    90%    95%    98%    99%  99.9% 99.99%   100% # reqs
--------|--------------------------------------------------------------------------------|--------|------|------|------|------|------|------|------|------|------|------|------
GET      /feed/{user_id}                                                                         4      5      5      6      9     17     37     73    460   2100   2500  59475
GET      /feed/{user_id}?with_fof=true                                                           4      5      5      6     10     24    370   5700  11000  12000  14000  29976
POST     /likes                                                                                  4      5      6      6      8     10     15     27    180   1200   1200   3056
POST     /posts                                                                                  5      6      7      7      9     11     16     22    590   2000   2000   4454
GET      /timeline/{user_id}                                                                     4      5      5      6     10     21    140    330   4600   6500   7400  37726
GET      /users/{user_id}                                                                        4      5      5      6      9     17     41     96    500   2100   2300  14834
--------|--------------------------------------------------------------------------------|--------|------|------|------|------|------|------|------|------|------|------|------
         Aggregated                                                                              4      5      5      6      9     19     59    210   8400  12000  14000 149521

Error report
# occurrences      Error                                                                                               
------------------|---------------------------------------------------------------------------------------------------------------------------------------------
5                  GET /timeline/{user_id}: HTTPError('500 Server Error: Internal Server Error for url: /timeline/{user_id}')
1                  GET /users/{user_id}: HTTPError('500 Server Error: Internal Server Error for url: /users/{user_id}')
9                  GET /feed/{user_id}: HTTPError('500 Server Error: Internal Server Error for url: /feed/{user_id}')  
2                  GET /feed/{user_id}?with_fof=true: HTTPError('500 Server Error: Internal Server Error for url: /feed/{user_id}?with_fof=true')
------------------|---------------------------------------------------------------------------------------------------------------------------------------------


  → 300 utenti...
 Container ad2526-redis Running 
 Container ad2526-backend Running 
 Container ad2526-redis Waiting 
 Container ad2526-redis Healthy 
 Container ad-2526-locust-run-04e1d162b7f6 Creating 
 Container ad-2526-locust-run-04e1d162b7f6 Created 
[2026-06-16 14:42:10,474] 9beb851bbc13/INFO/locust.main: Starting Locust 2.32.3
[2026-06-16 14:42:10,475] 9beb851bbc13/INFO/locust.main: Run time limit set to 180 seconds
[2026-06-16 14:42:10,476] 9beb851bbc13/INFO/locust.runners: Ramping to 300 users at a rate of 20.00 per second
[2026-06-16 14:42:24,506] 9beb851bbc13/INFO/locust.runners: All users spawned: {"BrowsingUser": 300} (300 total users)
[2026-06-16 14:45:10,200] 9beb851bbc13/INFO/locust.main: --run-time limit reached, shutting down
[2026-06-16 14:45:10,251] 9beb851bbc13/INFO/locust.main: Shutting down (exit code 1)
Type     Name                                                                          # reqs      # fails |    Avg     Min     Max    Med |   req/s  failures/s
--------|----------------------------------------------------------------------------|-------|-------------|-------|-------|-------|-------|--------|-----------
GET      /feed/{user_id}                                                                78400    45(0.06%) |     33       1    5865      7 |  436.13        0.25
GET      /feed/{user_id}?with_fof=true                                                  39036    24(0.06%) |    156       2   15110      8 |  217.15        0.13
POST     /likes                                                                          3874     0(0.00%) |     18       2    3552      7 |   21.55        0.00
POST     /posts                                                                          5798     0(0.00%) |     24       3    5803      9 |   32.25        0.00
GET      /timeline/{user_id}                                                            49249    36(0.07%) |     59       1   10497      7 |  273.97        0.20
GET      /users/{user_id}                                                               19458    14(0.07%) |     35       1    5933      8 |  108.24        0.08
--------|----------------------------------------------------------------------------|-------|-------------|-------|-------|-------|-------|--------|-----------
         Aggregated                                                                    195815   119(0.06%) |     64       1   15110      8 | 1089.30        0.66

Response time percentiles (approximated)
Type     Name                                                                                  50%    66%    75%    80%    90%    95%    98%    99%  99.9% 99.99%   100% # reqs
--------|--------------------------------------------------------------------------------|--------|------|------|------|------|------|------|------|------|------|------|------
GET      /feed/{user_id}                                                                         7     12     19     26     52     93    230    380   3700   5700   5900  78400
GET      /feed/{user_id}?with_fof=true                                                           8     13     21     28     61    140    570   7700  11000  15000  15000  39036
POST     /likes                                                                                  7      9     11     13     21     35     67    150   2400   3600   3600   3874
POST     /posts                                                                                  9     12     14     16     26     41     80    180   3800   5800   5800   5798
GET      /timeline/{user_id}                                                                     7     12     20     27     57    120    320    810   5800   8100  10000  49249
GET      /users/{user_id}                                                                        8     12     20     26     53     97    260    430   4100   5800   5900  19458
--------|--------------------------------------------------------------------------------|--------|------|------|------|------|------|------|------|------|------|------|------
         Aggregated                                                                              8     12     19     26     53    100    300    610   9300  12000  15000 195815

Error report
# occurrences      Error                                                                                               
------------------|---------------------------------------------------------------------------------------------------------------------------------------------
45                 GET /feed/{user_id}: HTTPError('500 Server Error: Internal Server Error for url: /feed/{user_id}')  
14                 GET /users/{user_id}: HTTPError('500 Server Error: Internal Server Error for url: /users/{user_id}')
24                 GET /feed/{user_id}?with_fof=true: HTTPError('500 Server Error: Internal Server Error for url: /feed/{user_id}?with_fof=true')
36                 GET /timeline/{user_id}: HTTPError('500 Server Error: Internal Server Error for url: /timeline/{user_id}')
------------------|---------------------------------------------------------------------------------------------------------------------------------------------


  → 400 utenti...
 Container ad2526-redis Running 
 Container ad2526-backend Running 
 Container ad2526-redis Waiting 
 Container ad2526-redis Healthy 
 Container ad-2526-locust-run-d36506db3bde Creating 
 Container ad-2526-locust-run-d36506db3bde Created 
[2026-06-16 14:45:12,399] 98327e0d5bd8/INFO/locust.main: Starting Locust 2.32.3
[2026-06-16 14:45:12,399] 98327e0d5bd8/INFO/locust.main: Run time limit set to 180 seconds
[2026-06-16 14:45:12,400] 98327e0d5bd8/INFO/locust.runners: Ramping to 400 users at a rate of 20.00 per second
[2026-06-16 14:45:31,445] 98327e0d5bd8/INFO/locust.runners: All users spawned: {"BrowsingUser": 400} (400 total users)
[2026-06-16 14:45:32,402] 98327e0d5bd8/WARNING/root: CPU usage above 90%! This may constrain your throughput and may even give inconsistent response time measurements! See https://docs.locust.io/en/stable/running-distributed.html for how to distribute the load over multiple CPU cores or machines
[2026-06-16 14:48:12,151] 98327e0d5bd8/INFO/locust.main: --run-time limit reached, shutting down
[2026-06-16 14:48:12,290] 98327e0d5bd8/WARNING/locust.runners: CPU usage was too high at some point during the test! See https://docs.locust.io/en/stable/running-distributed.html for how to distribute the load over multiple CPU cores or machines
[2026-06-16 14:48:12,290] 98327e0d5bd8/INFO/locust.main: Shutting down (exit code 1)
Type     Name                                                                          # reqs      # fails |    Avg     Min     Max    Med |   req/s  failures/s
--------|----------------------------------------------------------------------------|-------|-------------|-------|-------|-------|-------|--------|-----------
GET      /feed/{user_id}                                                                88500   127(0.14%) |     65       1    5923     24 |  492.00        0.71
GET      /feed/{user_id}?with_fof=true                                                  44164    55(0.12%) |    198       2   16779     25 |  245.52        0.31
POST     /likes                                                                          4396     0(0.00%) |     52       2    5756     19 |   24.44        0.00
POST     /posts                                                                          6620     0(0.00%) |     47       3    5304     21 |   36.80        0.00
GET      /timeline/{user_id}                                                            55852    66(0.12%) |    114       1   12526     24 |  310.50        0.37
GET      /users/{user_id}                                                               22367    26(0.12%) |     67       1    5713     24 |  124.34        0.14
--------|----------------------------------------------------------------------------|-------|-------------|-------|-------|-------|-------|--------|-----------
         Aggregated                                                                    221899   274(0.12%) |    103       1   16779     24 | 1233.60        1.52

Response time percentiles (approximated)
Type     Name                                                                                  50%    66%    75%    80%    90%    95%    98%    99%  99.9% 99.99%   100% # reqs
--------|--------------------------------------------------------------------------------|--------|------|------|------|------|------|------|------|------|------|------|------
GET      /feed/{user_id}                                                                        24     36     48     58     99    190    620    950   2500   5800   5900  88500
GET      /feed/{user_id}?with_fof=true                                                          25     37     50     61    110    340   1200   7600  13000  16000  17000  44164
POST     /likes                                                                                 19     26     31     36     51     81    530    840   5300   5800   5800   4396
POST     /posts                                                                                 21     28     34     39     55     84    460    740   2500   5300   5300   6620
GET      /timeline/{user_id}                                                                    24     37     49     59    110    250    870   2100   7300  10000  13000  55852
GET      /users/{user_id}                                                                       24     36     47     57    100    200    680   1000   2400   5300   5700  22367
--------|--------------------------------------------------------------------------------|--------|------|------|------|------|------|------|------|------|------|------|------
         Aggregated                                                                             24     36     47     57    100    220    750   1200  10000  14000  17000 221899

Error report
# occurrences      Error                                                                                               
------------------|---------------------------------------------------------------------------------------------------------------------------------------------
127                GET /feed/{user_id}: HTTPError('500 Server Error: Internal Server Error for url: /feed/{user_id}')  
26                 GET /users/{user_id}: HTTPError('500 Server Error: Internal Server Error for url: /users/{user_id}')
55                 GET /feed/{user_id}?with_fof=true: HTTPError('500 Server Error: Internal Server Error for url: /feed/{user_id}?with_fof=true')
66                 GET /timeline/{user_id}: HTTPError('500 Server Error: Internal Server Error for url: /timeline/{user_id}')
------------------|---------------------------------------------------------------------------------------------------------------------------------------------


  → 500 utenti...
 Container ad2526-redis Running 
 Container ad2526-backend Running 
 Container ad2526-redis Waiting 
 Container ad2526-redis Healthy 
 Container ad-2526-locust-run-c0c6b6b7ef86 Creating 
 Container ad-2526-locust-run-c0c6b6b7ef86 Created 
[2026-06-16 14:48:14,514] b2e5b88d718d/INFO/locust.main: Starting Locust 2.32.3
[2026-06-16 14:48:14,515] b2e5b88d718d/INFO/locust.main: Run time limit set to 180 seconds
[2026-06-16 14:48:14,516] b2e5b88d718d/INFO/locust.runners: Ramping to 500 users at a rate of 20.00 per second
[2026-06-16 14:48:34,528] b2e5b88d718d/WARNING/root: CPU usage above 90%! This may constrain your throughput and may even give inconsistent response time measurements! See https://docs.locust.io/en/stable/running-distributed.html for how to distribute the load over multiple CPU cores or machines
[2026-06-16 14:48:38,642] b2e5b88d718d/INFO/locust.runners: All users spawned: {"BrowsingUser": 500} (500 total users)
[2026-06-16 14:51:14,241] b2e5b88d718d/INFO/locust.main: --run-time limit reached, shutting down
[2026-06-16 14:51:14,340] b2e5b88d718d/WARNING/locust.runners: CPU usage was too high at some point during the test! See https://docs.locust.io/en/stable/running-distributed.html for how to distribute the load over multiple CPU cores or machines
[2026-06-16 14:51:14,340] b2e5b88d718d/INFO/locust.main: Shutting down (exit code 1)
Type     Name                                                                          # reqs      # fails |    Avg     Min     Max    Med |   req/s  failures/s
--------|----------------------------------------------------------------------------|-------|-------------|-------|-------|-------|-------|--------|-----------
GET      /feed/{user_id}                                                                76720   333(0.43%) |    142       2   12037     79 |  426.68        1.85
GET      /feed/{user_id}?with_fof=true                                                  38376   143(0.37%) |    436       2   29121     80 |  213.43        0.80
POST     /likes                                                                          3885     0(0.00%) |    107       2   11570     72 |   21.61        0.00
POST     /posts                                                                          5764     0(0.00%) |    110       3   11465     72 |   32.06        0.00
GET      /timeline/{user_id}                                                            48132   180(0.37%) |    231       1   20240     80 |  267.68        1.00
GET      /users/{user_id}                                                               18937    81(0.43%) |    142       1   12020     79 |  105.32        0.45
--------|----------------------------------------------------------------------------|-------|-------------|-------|-------|-------|-------|--------|-----------
         Aggregated                                                                    191814   737(0.38%) |    221       1   29121     79 | 1066.77        4.10

Response time percentiles (approximated)
Type     Name                                                                                  50%    66%    75%    80%    90%    95%    98%    99%  99.9% 99.99%   100% # reqs
--------|--------------------------------------------------------------------------------|--------|------|------|------|------|------|------|------|------|------|------|------
GET      /feed/{user_id}                                                                        79     94    110    120    190    480    880   1200   8500  12000  12000  76720
GET      /feed/{user_id}?with_fof=true                                                          80     96    110    120    270    660   6500  15000  22000  27000  29000  38376
POST     /likes                                                                                 72     81     88     95    120    180    560    880   9900  12000  12000   3885
POST     /posts                                                                                 72     82     89     96    120    170    530    810   9500  11000  11000   5764
GET      /timeline/{user_id}                                                                    80     95    110    120    240    600   2300   5000  11000  13000  20000  48132
GET      /users/{user_id}                                                                       79     93    110    120    190    500    900   1200   7700  12000  12000  18937
--------|--------------------------------------------------------------------------------|--------|------|------|------|------|------|------|------|------|------|------|------
         Aggregated                                                                             79     94    110    120    200    530   1100   3600  19000  22000  29000 191814

Error report
# occurrences      Error                                                                                               
------------------|---------------------------------------------------------------------------------------------------------------------------------------------
81                 GET /users/{user_id}: HTTPError('500 Server Error: Internal Server Error for url: /users/{user_id}')
180                GET /timeline/{user_id}: HTTPError('500 Server Error: Internal Server Error for url: /timeline/{user_id}')
333                GET /feed/{user_id}: HTTPError('500 Server Error: Internal Server Error for url: /feed/{user_id}')  
143                GET /feed/{user_id}?with_fof=true: HTTPError('500 Server Error: Internal Server Error for url: /feed/{user_id}?with_fof=true')
------------------|---------------------------------------------------------------------------------------------------------------------------------------------


  → 700 utenti...
 Container ad2526-redis Running 
 Container ad2526-backend Running 
 Container ad2526-redis Waiting 
 Container ad2526-redis Healthy 
 Container ad-2526-locust-run-25c4f704c2b0 Creating 
 Container ad-2526-locust-run-25c4f704c2b0 Created 
[2026-06-16 14:51:16,671] c34536ba8280/INFO/locust.main: Starting Locust 2.32.3
[2026-06-16 14:51:16,672] c34536ba8280/INFO/locust.main: Run time limit set to 180 seconds
[2026-06-16 14:51:16,673] c34536ba8280/INFO/locust.runners: Ramping to 700 users at a rate of 20.00 per second
[2026-06-16 14:51:36,686] c34536ba8280/WARNING/root: CPU usage above 90%! This may constrain your throughput and may even give inconsistent response time measurements! See https://docs.locust.io/en/stable/running-distributed.html for how to distribute the load over multiple CPU cores or machines
[2026-06-16 14:51:51,038] c34536ba8280/INFO/locust.runners: All users spawned: {"BrowsingUser": 700} (700 total users)
[2026-06-16 14:54:16,393] c34536ba8280/INFO/locust.main: --run-time limit reached, shutting down
[2026-06-16 14:54:16,586] c34536ba8280/WARNING/locust.runners: CPU usage was too high at some point during the test! See https://docs.locust.io/en/stable/running-distributed.html for how to distribute the load over multiple CPU cores or machines
[2026-06-16 14:54:16,586] c34536ba8280/INFO/locust.main: Shutting down (exit code 1)
Type     Name                                                                          # reqs      # fails |    Avg     Min     Max    Med |   req/s  failures/s
--------|----------------------------------------------------------------------------|-------|-------------|-------|-------|-------|-------|--------|-----------
GET      /feed/{user_id}                                                                71894   385(0.54%) |    282       2   14866    170 |  399.63        2.14
GET      /feed/{user_id}?with_fof=true                                                  36095   184(0.51%) |    630       2   34496    180 |  200.64        1.02
POST     /likes                                                                          3506     0(0.00%) |    243       2   13667    170 |   19.49        0.00
POST     /posts                                                                          5302     0(0.00%) |    247       3   12970    170 |   29.47        0.00
GET      /timeline/{user_id}                                                            45136   225(0.50%) |    442       1   22657    180 |  250.89        1.25
GET      /users/{user_id}                                                               18133    94(0.52%) |    273       1   14949    170 |  100.79        0.52
--------|----------------------------------------------------------------------------|-------|-------------|-------|-------|-------|-------|--------|-----------
         Aggregated                                                                    180066   888(0.49%) |    389       1   34496    180 | 1000.92        4.94

Response time percentiles (approximated)
Type     Name                                                                                  50%    66%    75%    80%    90%    95%    98%    99%  99.9% 99.99%   100% # reqs
--------|--------------------------------------------------------------------------------|--------|------|------|------|------|------|------|------|------|------|------|------
GET      /feed/{user_id}                                                                       170    200    220    240    320    860   1900   3000  11000  14000  15000  71894
GET      /feed/{user_id}?with_fof=true                                                         180    200    230    240    360   1200  12000  19000  25000  32000  34000  36095
POST     /likes                                                                                170    190    200    210    240    550   1500   2800  11000  14000  14000   3506
POST     /posts                                                                                170    190    200    210    250    520   1600   2900   9900  13000  13000   5302
GET      /timeline/{user_id}                                                                   180    200    230    240    360   1200   5600  10000  14000  20000  23000  45136
GET      /users/{user_id}                                                                      170    200    220    240    320    810   1800   3000  10000  14000  15000  18133
--------|--------------------------------------------------------------------------------|--------|------|------|------|------|------|------|------|------|------|------|------
         Aggregated                                                                            180    200    220    240    330    960   2500   8600  22000  29000  34000 180066

Error report
# occurrences      Error                                                                                               
------------------|---------------------------------------------------------------------------------------------------------------------------------------------
225                GET /timeline/{user_id}: HTTPError('500 Server Error: Internal Server Error for url: /timeline/{user_id}')
385                GET /feed/{user_id}: HTTPError('500 Server Error: Internal Server Error for url: /feed/{user_id}')  
94                 GET /users/{user_id}: HTTPError('500 Server Error: Internal Server Error for url: /users/{user_id}')
184                GET /feed/{user_id}?with_fof=true: HTTPError('500 Server Error: Internal Server Error for url: /feed/{user_id}?with_fof=true')
------------------|---------------------------------------------------------------------------------------------------------------------------------------------



Done. Risultati in ~/AD-2526/results/
