Timestamp,User Count,Type,Name,Requests/s,Failures/s,50%,66%,75%,80%,90%,95%,98%,99%,99.9%,99.99%,100%,Total Request Count,Total Failure Count,Total Median Response Time,Total Average Response Time,Total Min Response Time,Total Max Response Time,Total Average Content Size
1781613632,0,,Aggregated,0.000000,0.000000,N/A,N/A,N/A,N/A,N/A,N/A,N/A,N/A,N/A,N/A,N/A,0,0,0,0.0,0,0,0
1781613633,10,GET,/feed/{user_id},0.000000,0.000000,0,0,0,0,0,0,0,0,0,0,0,18,0,3,10.413348053892454,2.4056750116869807,45.58258200995624,3744.3888888888887
1781613633,10,GET,/feed/{user_id}?with_fof=true,0.000000,0.000000,0,0,0,0,0,0,0,0,0,0,0,12,0,3,48.84584850272707,2.6048540021292865,183.94861099659465,11761.5
1781613633,10,POST,/likes,0.000000,0.000000,0,0,0,0,0,0,0,0,0,0,0,2,0,6.43778798985295,15.443138487171382,6.43778798985295,24.448488984489813,181.0
1781613633,10,POST,/posts,0.000000,0.000000,0,0,0,0,0,0,0,0,0,0,0,1,0,6.332099001156166,6.332099001156166,6.332099001156166,6.332099001156166,228.0
1781613633,10,GET,/timeline/{user_id},0.000000,0.000000,0,0,0,0,0,0,0,0,0,0,0,9,0,5,9.921639116429207,2.402109996182844,29.718101024627686,3555.1111111111113
1781613633,10,GET,/users/{user_id},0.000000,0.000000,0,0,0,0,0,0,0,0,0,0,0,4,0,4,8.991193994006608,2.4791249888949096,24.931082007242367,265.0
1781613633,10,,Aggregated,0.000000,0.000000,0,0,0,0,0,0,0,0,0,0,0,46,0,4,20.3493119783082,2.402109996182844,183.94861099659465,5264.847826086957
1781613634,10,GET,/feed/{user_id},0.000000,0.000000,3,3,3,3,4,4,6,6,6,6,6,36,0,3,6.8904286664393215,2.4056750116869807,45.58258200995624,4397.777777777777
1781613634,10,GET,/feed/{user_id}?with_fof=true,0.000000,0.000000,3,4,4,20,96,100,100,100,100,100,100,24,0,3,34.73557120984575,2.6048540021292865,183.94861099659465,11370.791666666666
1781613634,10,POST,/likes,0.000000,0.000000,4,4,4,4,4,4,4,4,4,4,4,3,0,6,11.577039656306928,3.844841994578019,24.448488984489813,181.33333333333334
1781613634,10,POST,/posts,0.000000,0.000000,6,6,6,6,6,6,6,6,6,6,6,1,0,6.332099001156166,6.332099001156166,6.332099001156166,6.332099001156166,228.0
1781613634,10,GET,/timeline/{user_id},0.000000,0.000000,3,4,4,4,5,5,5,5,5,5,5,22,0,4,6.201194410095923,2.402109996182844,29.718101024627686,3276.090909090909
1781613634,10,GET,/users/{user_id},0.000000,0.000000,3,3,3,3,3,3,3,3,3,3,3,7,0,3,6.261065569041031,2.4791249888949096,24.931082007242367,263.7142857142857
1781613634,10,,Aggregated,0.000000,0.000000,3,3,4,4,5,20,96,100,100,100,100,93,0,3,14.011033279608474,2.402109996182844,183.94861099659465,5439.903225806452
1781613635,10,GET,/feed/{user_id},15.000000,0.000000,3,3,4,4,5,6,9,9,9,9,9,51,0,3,6.044312315198647,2.4056750116869807,45.58258200995624,4397.509803921569
1781613635,10,GET,/feed/{user_id}?with_fof=true,11.000000,0.000000,4,4,14,80,98,100,110,110,110,110,110,36,0,4,32.15560133766202,2.6048540021292865,183.94861099659465,11458.361111111111
1781613635,10,POST,/likes,2.000000,0.000000,7,7,7,7,7,7,7,7,7,7,7,4,0,6,10.44849098980194,3.844841994578019,24.448488984489813,181.25
1781613635,10,POST,/posts,1.000000,0.000000,5,5,6,6,6,6,6,6,6,6,6,3,0,5,5.03978234094878,4.245772026479244,6.332099001156166,228.0
1781613635,10,GET,/timeline/{user_id},7.000000,0.000000,3,4,4,4,5,5,12,12,12,12,12,30,0,3,5.743868400653203,2.402109996182844,29.718101024627686,3498.0
1781613635,10,GET,/users/{user_id},4.000000,0.000000,3,3,4,4,5,5,5,5,5,5,5,14,0,3,4.812513424050329,2.163892990211025,24.931082007242367,264.64285714285717
1781613635,10,,Aggregated,40.000000,0.000000,3,4,4,4,7,80,100,110,110,110,110,138,0,3,12.77149367513999,2.163892990211025,183.94861099659465,5411.797101449275
1781613636,10,GET,/feed/{user_id},18.000000,0.000000,3,3,3,4,5,6,9,9,9,9,9,65,0,3,5.42662417014631,2.4056750116869807,45.58258200995624,4141.2
1781613636,10,GET,/feed/{user_id}?with_fof=true,11.500000,0.000000,3,4,14,80,100,110,120,120,120,120,120,44,0,3,31.8579883665238,2.6048540021292865,183.94861099659465,11514.295454545454
1781613636,10,POST,/likes,1.500000,0.000000,7,7,7,7,7,7,7,7,7,7,7,4,0,6,10.44849098980194,3.844841994578019,24.448488984489813,181.25
1781613636,10,POST,/posts,0.500000,0.000000,4,5,5,6,6,6,6,6,6,6,6,5,0,4,4.389069409808144,3.2750280224718153,6.332099001156166,228.4
1781613636,10,GET,/timeline/{user_id},10.000000,0.000000,3,3,4,4,5,5,12,12,12,12,12,43,0,3,5.016251536205324,2.402109996182844,29.718101024627686,3838.5813953488373
1781613636,10,GET,/users/{user_id},3.000000,0.000000,3,3,4,4,5,6,6,6,6,6,6,24,0,3,4.256605704237397,2.163892990211025,24.931082007242367,265.125
1781613636,10,,Aggregated,44.500000,0.000000,3,4,4,4,6,20,100,110,120,120,120,185,0,3,11.546371476504499,2.163892990211025,183.94861099659465,5130.248648648649
1781613637,10,GET,/feed/{user_id},17.000000,0.000000,3,3,3,4,4,5,6,9,9,9,9,86,0,3,4.871160313784859,2.2326750040519983,45.58258200995624,4213.453488372093
1781613637,10,GET,/feed/{user_id}?with_fof=true,12.000000,0.000000,3,4,4,14,98,100,120,120,120,120,120,52,0,3,27.478595714245994,2.6048540021292865,183.94861099659465,11561.5
1781613637,10,POST,/likes,1.333333,0.000000,7,7,7,7,7,7,7,7,7,7,7,4,0,6,10.44849098980194,3.844841994578019,24.448488984489813,181.25
1781613637,10,POST,/posts,0.666667,0.000000,4,4,5,5,6,6,6,6,6,6,6,7,0,4,4.104952431849337,3.012141998624429,6.332099001156166,227.85714285714286
1781613637,10,GET,/timeline/{user_id},9.333333,0.000000,3,3,4,4,5,5,12,12,12,12,12,53,0,3,4.721545151935644,2.402109996182844,29.718101024627686,3847.9811320754716
1781613637,10,GET,/users/{user_id},4.333333,0.000000,3,3,4,4,4,5,6,6,6,6,6,32,0,3,3.8983380909485277,2.106257015839219,24.931082007242367,264.3125
1781613637,10,,Aggregated,44.666667,0.000000,3,3,4,4,5,12,100,110,120,120,120,234,0,3,9.800530372099935,2.106257015839219,183.94861099659465,5035.3675213675215
1781613638,10,GET,/feed/{user_id},15.500000,0.000000,3,3,4,4,4,6,9,11,11,11,11,104,0,3,4.734690221364592,2.2326750040519983,45.58258200995624,4068.451923076923
1781613638,10,GET,/feed/{user_id}?with_fof=true,10.750000,0.000000,3,4,4,6,98,110,120,130,130,130,130,67,0,3,24.25057012127337,2.4801949912216514,183.94861099659465,11443.671641791045
1781613638,10,POST,/likes,1.000000,0.000000,5,5,7,7,7,7,7,7,7,7,7,5,0,6,9.288858191575855,3.844841994578019,24.448488984489813,181.2
1781613638,10,POST,/posts,1.250000,0.000000,4,4,5,5,6,6,6,6,6,6,6,8,0,4,4.056833629874745,3.012141998624429,6.332099001156166,227.875
1781613638,10,GET,/timeline/{user_id},10.250000,0.000000,3,3,4,4,5,5,6,12,12,12,12,63,0,3,4.46329461983479,2.402109996182844,29.718101024627686,4034.222222222222
1781613638,10,GET,/users/{user_id},5.500000,0.000000,3,3,3,4,4,5,6,6,6,6,6,37,0,3,3.734335915273609,2.106257015839219,24.931082007242367,264.56756756756755
1781613638,10,,Aggregated,44.250000,0.000000,3,3,4,4,5,11,100,110,130,130,130,284,0,3,9.209341306545161,2.106257015839219,183.94861099659465,5128.588028169014
1781613639,10,GET,/feed/{user_id},17.000000,0.000000,3,3,4,4,4,5,8,9,11,11,11,123,0,3,4.5112800080238316,2.2326750040519983,45.58258200995624,4180.536585365854
1781613639,10,GET,/feed/{user_id}?with_fof=true,10.200000,0.000000,3,4,4,4,96,100,120,130,130,130,130,77,0,3,21.54443054664094,2.4801949912216514,183.94861099659465,11498.506493506493
1781613639,10,POST,/likes,0.800000,0.000000,5,5,7,7,7,7,7,7,7,7,7,6,0,5,8.44579299640221,3.844841994578019,24.448488984489813,181.16666666666666
1781613639,10,POST,/posts,1.200000,0.000000,4,4,5,5,6,6,6,6,6,6,6,8,0,4,4.056833629874745,3.012141998624429,6.332099001156166,227.875
1781613639,10,GET,/timeline/{user_id},10.000000,0.000000,3,3,3,4,5,5,6,12,12,12,12,76,0,3,4.261166039979894,2.3444419784937054,29.718101024627686,3839.1184210526317
1781613639,10,GET,/users/{user_id},6.200000,0.000000,3,3,3,4,4,5,6,6,6,6,6,41,0,3,3.6887420943324885,2.106257015839219,24.931082007242367,264.609756097561
1781613639,10,,Aggregated,45.400000,0.000000,3,3,4,4,5,8,98,110,130,130,130,331,0,3,8.374698081576431,2.106257015839219,183.94861099659465,5151.429003021148
1781613640,10,GET,/feed/{user_id},17.000000,0.000000,3,3,3,4,4,5,8,9,11,11,11,137,0,3,4.396864612430443,2.2326750040519983,45.58258200995624,4244.474452554745
1781613640,10,GET,/feed/{user_id}?with_fof=true,10.666667,0.000000,3,4,4,4,80,100,120,130,130,130,130,88,0,3,19.267588011809327,2.4801949912216514,183.94861099659465,11540.75
1781613640,10,POST,/likes,0.833333,0.000000,5,5,7,7,7,7,7,7,7,7,7,6,0,5,8.44579299640221,3.844841994578019,24.448488984489813,181.16666666666666
1781613640,10,POST,/posts,1.333333,0.000000,4,4,4,5,6,6,6,6,6,6,6,9,0,4,3.9949301151662238,3.012141998624429,6.332099001156166,227.88888888888889
1781613640,10,GET,/timeline/{user_id},10.000000,0.000000,3,3,3,4,4,5,6,12,12,12,12,90,0,3,4.07495937769353,2.3444419784937054,29.718101024627686,3769.8333333333335
1781613640,10,GET,/users/{user_id},5.833333,0.000000,3,3,3,4,4,4,6,6,6,6,6,48,0,3,3.5637673305852027,2.106257015839219,24.931082007242367,264.5625
1781613640,10,,Aggregated,45.666667,0.000000,3,3,4,4,4,6,96,100,130,130,130,378,0,3,7.731096565655048,2.106257015839219,183.94861099659465,5164.55291005291
1781613641,10,GET,/feed/{user_id},16.857143,0.000000,3,3,3,4,4,5,8,9,11,11,11,158,0,3,4.21651110680821,2.2326750040519983,45.58258200995624,4374.854430379747
1781613641,10,GET,/feed/{user_id}?with_fof=true,10.857143,0.000000,3,4,4,4,20,100,120,130,130,130,130,101,0,3,17.204350099430908,2.4801949912216514,183.94861099659465,11581.257425742575
1781613641,10,POST,/likes,0.857143,0.000000,5,5,7,7,7,7,7,7,7,7,7,6,0,5,8.44579299640221,3.844841994578019,24.448488984489813,181.16666666666666
1781613641,10,POST,/posts,1.142857,0.000000,4,4,4,5,6,6,6,6,6,6,6,9,0,4,3.9949301151662238,3.012141998624429,6.332099001156166,227.88888888888889
1781613641,10,GET,/timeline/{user_id},10.857143,0.000000,3,3,3,4,4,5,9,12,12,12,12,99,0,3,4.095951313355166,2.3444419784937054,29.718101024627686,3699.2323232323233
1781613641,10,GET,/users/{user_id},5.857143,0.000000,3,3,3,4,4,4,6,6,6,6,6,51,0,3,3.495431526258186,2.106257015839219,24.931082007242367,264.47058823529414
1781613641,10,,Aggregated,46.428571,0.000000,3,3,4,4,4,6,80,100,130,130,130,424,0,3,7.2505741315907,2.106257015839219,183.94861099659465,5291.943396226415
1781613642,10,GET,/feed/{user_id},17.000000,0.000000,3,3,3,4,4,5,6,9,11,11,11,182,0,3,4.08301880720051,2.2326750040519983,45.58258200995624,4309.879120879121
1781613642,10,GET,/feed/{user_id}?with_fof=true,10.750000,0.000000,3,4,4,4,20,100,110,120,130,130,130,112,0,3,17.605204938393268,2.4801949912216514,183.94861099659465,11604.61607142857
1781613642,10,POST,/likes,0.750000,0.000000,5,5,7,7,7,7,7,7,7,7,7,6,0,5,8.44579299640221,3.844841994578019,24.448488984489813,181.16666666666666
1781613642,10,POST,/posts,1.125000,0.000000,4,4,4,5,6,6,6,6,6,6,6,10,0,4,4.015319101745263,3.012141998624429,6.332099001156166,228.0
1781613642,10,GET,/timeline/{user_id},10.750000,0.000000,3,3,3,4,4,5,9,12,12,12,12,104,0,3,4.04546114441473,2.3444419784937054,29.718101024627686,3661.528846153846
1781613642,10,GET,/users/{user_id},5.875000,0.000000,3,3,3,3,4,4,5,6,6,6,6,60,0,3,3.389220780324346,2.106257015839219,24.931082007242367,264.05
1781613642,10,,Aggregated,46.250000,0.000000,3,3,4,4,4,6,96,100,130,130,130,474,0,3,7.23586820853375,2.106257015839219,183.94861099659465,5240.767932489452
1781613643,10,GET,/feed/{user_id},17.222222,0.000000,3,3,3,4,4,4,6,9,11,11,11,203,0,3,3.977307512022307,2.2296709939837456,45.58258200995624,4358.635467980295
1781613643,10,GET,/feed/{user_id}?with_fof=true,11.111111,0.000000,3,4,4,4,14,100,120,130,130,130,130,118,0,3,16.878257899483966,2.4801949912216514,183.94861099659465,11618.110169491525
1781613643,10,POST,/likes,0.666667,0.000000,4,5,5,7,7,7,7,7,7,7,7,8,0,4,7.206538120954065,3.40252899331972,24.448488984489813,181.0
1781613643,10,POST,/posts,1.000000,0.000000,4,4,4,4,5,5,5,5,5,5,5,11,0,4,3.9954519994683904,3.012141998624429,6.332099001156166,227.8181818181818
1781613643,10,GET,/timeline/{user_id},10.777778,0.000000,3,3,3,3,4,6,9,12,12,12,12,115,0,3,3.9877003306806413,2.3042309912852943,29.718101024627686,3714.2869565217393
1781613643,10,GET,/users/{user_id},5.555556,0.000000,3,3,3,4,4,4,5,6,6,6,6,65,0,3,3.363983151323807,2.106257015839219,24.931082007242367,263.96923076923076
1781613643,10,,Aggregated,46.333333,0.000000,3,3,4,4,4,6,19,100,130,130,130,520,0,3,6.880528032511043,2.106257015839219,183.94861099659465,5199.990384615385
1781613644,10,GET,/feed/{user_id},18.000000,0.000000,3,3,3,3,4,4,5,8,11,11,11,228,0,3,3.8836528023749817,2.1885400055907667,45.58258200995624,4371.25
1781613644,10,GET,/feed/{user_id}?with_fof=true,11.200000,0.000000,3,3,4,4,4,100,120,130,130,130,130,124,0,3,16.220071186375385,2.4801949912216514,183.94861099659465,11632.435483870968
1781613644,10,POST,/likes,0.600000,0.000000,4,5,5,7,7,7,7,7,7,7,7,8,0,4,7.206538120954065,3.40252899331972,24.448488984489813,181.0
1781613644,10,POST,/posts,1.000000,0.000000,4,4,4,4,4,4,4,4,4,4,4,15,0,4,3.961542665880794,3.012141998624429,6.332099001156166,227.73333333333332
1781613644,10,GET,/timeline/{user_id},10.200000,0.000000,3,3,3,3,4,5,8,9,9,9,9,128,0,3,3.910805836540021,2.3042309912852943,29.718101024627686,3807.890625
1781613644,10,GET,/users/{user_id},5.800000,0.000000,3,3,3,4,4,4,5,6,6,6,6,69,0,3,3.34188049073682,2.066565997665748,24.931082007242367,264.0
1781613644,10,,Aggregated,46.800000,0.000000,3,3,3,4,4,4,8,100,130,130,130,572,0,3,6.547220300604635,2.066565997665748,183.94861099659465,5156.568181818182
1781613645,10,GET,/feed/{user_id},18.700000,0.000000,3,3,3,3,4,4,6,8,11,11,11,244,0,3,3.853666721117973,2.1885400055907667,45.58258200995624,4349.7172131147545
1781613645,10,GET,/feed/{user_id}?with_fof=true,10.500000,0.000000,3,3,4,4,4,6,100,130,130,130,130,134,0,3,15.262903598069435,2.4801949912216514,183.94861099659465,11644.880597014926
1781613645,10,POST,/likes,0.400000,0.000000,4,4,4,5,5,5,5,5,5,5,5,9,0,4,6.815111662338798,3.40252899331972,24.448488984489813,181.0
1781613645,10,POST,/posts,1.000000,0.000000,4,4,4,4,4,4,4,4,4,4,4,19,0,4,3.8440068938622347,2.9436810000333935,6.332099001156166,227.89473684210526
1781613645,10,GET,/timeline/{user_id},10.800000,0.000000,3,3,3,3,4,4,8,8,9,9,9,143,0,3,3.815163678523817,2.234979998320341,29.718101024627686,3671.125874125874
1781613645,10,GET,/users/{user_id},6.100000,0.000000,3,3,3,3,4,4,4,4,4,4,4,72,0,3,3.3313916230528977,2.066565997665748,24.931082007242367,264.02777777777777
1781613645,10,,Aggregated,47.500000,0.000000,3,3,3,4,4,4,8,11,130,130,130,621,0,3,6.288767312282183,2.066565997665748,183.94861099659465,5107.3832528180355
1781613646,10,GET,/feed/{user_id},18.700000,0.000000,3,3,3,3,4,4,6,8,11,11,11,263,0,3,3.8049782810249355,2.1885400055907667,45.58258200995624,4251.912547528517
1781613646,10,GET,/feed/{user_id}?with_fof=true,9.900000,0.000000,3,3,4,4,4,6,100,130,130,130,130,143,0,3,14.498925658139902,2.4801949912216514,183.94861099659465,11659.160839160839
1781613646,10,POST,/likes,0.500000,0.000000,4,4,4,4,5,5,5,5,5,5,5,10,0,4,6.532062598853372,3.40252899331972,24.448488984489813,180.9
1781613646,10,POST,/posts,1.300000,0.000000,4,4,4,4,4,4,4,4,4,4,4,19,0,4,3.8440068938622347,2.9436810000333935,6.332099001156166,227.89473684210526
1781613646,10,GET,/timeline/{user_id},10.600000,0.000000,3,3,3,3,4,4,8,8,9,9,9,156,0,3,3.759532160191343,2.234979998320341,29.718101024627686,3720.7948717948716
1781613646,10,GET,/users/{user_id},6.300000,0.000000,3,3,3,3,4,4,4,4,4,4,4,79,0,3,3.3003879096535846,2.066565997665748,24.931082007242367,264.11392405063293
1781613646,10,,Aggregated,47.300000,0.000000,3,3,3,4,4,4,8,11,130,130,130,670,0,3,6.059149366937258,2.066565997665748,183.94861099659465,5064.120895522388
1781613647,10,GET,/feed/{user_id},19.000000,0.000000,3,3,3,3,4,4,5,6,6,6,6,280,0,3,3.7843903532900316,2.1885400055907667,45.58258200995624,4310.321428571428
1781613647,10,GET,/feed/{user_id}?with_fof=true,9.500000,0.000000,3,3,4,4,4,5,100,100,100,100,100,153,0,3,14.352711575947325,2.4801949912216514,183.94861099659465,11611.888888888889
1781613647,10,POST,/likes,0.500000,0.000000,4,4,4,4,4,4,4,4,4,4,4,10,0,4,6.532062598853372,3.40252899331972,24.448488984489813,180.9
1781613647,10,POST,/posts,1.700000,0.000000,4,4,4,4,4,4,4,4,4,4,4,19,0,4,3.8440068938622347,2.9436810000333935,6.332099001156166,227.89473684210526
1781613647,10,GET,/timeline/{user_id},11.300000,0.000000,3,3,3,3,4,4,8,8,9,9,9,172,0,3,3.727904087078736,2.234979998320341,29.718101024627686,3730.8372093023254
1781613647,10,GET,/users/{user_id},5.900000,0.000000,3,3,3,3,4,4,4,4,4,4,4,83,0,3,3.254518600837159,1.9644339918158948,24.931082007242367,264.0843373493976
1781613647,10,,Aggregated,47.900000,0.000000,3,3,3,4,4,4,6,9,100,100,100,717,0,3,6.004568303849501,1.9644339918158948,183.94861099659465,5095.217573221757
1781613648,10,GET,/feed/{user_id},19.800000,0.000000,3,3,3,3,4,4,5,6,7,7,7,302,0,3,3.750232989677777,2.1885400055907667,45.58258200995624,4362.7086092715235
1781613648,10,GET,/feed/{user_id}?with_fof=true,9.900000,0.000000,3,3,4,4,4,4,100,100,100,100,100,161,0,3,13.795092708961922,2.4801949912216514,183.94861099659465,11622.006211180124
1781613648,10,POST,/likes,0.600000,0.000000,4,4,4,4,4,4,4,4,4,4,4,10,0,4,6.532062598853372,3.40252899331972,24.448488984489813,180.9
1781613648,10,POST,/posts,1.400000,0.000000,4,4,4,4,4,4,4,4,4,4,4,21,0,4,3.8276560939959294,2.9436810000333935,6.332099001156166,227.9047619047619
1781613648,10,GET,/timeline/{user_id},11.100000,0.000000,3,3,3,3,4,4,8,8,9,9,9,186,0,3,3.6824427149821854,2.234979998320341,29.718101024627686,3755.967741935484
1781613648,10,GET,/users/{user_id},5.600000,0.000000,3,3,3,3,4,4,4,4,4,4,4,84,0,3,3.248905772384855,1.9644339918158948,24.931082007242367,264.0595238095238
1781613648,10,,Aggregated,48.400000,0.000000,3,3,3,4,4,4,6,8,100,100,100,764,0,3,5.833932097977776,1.9644339918158948,183.94861099659465,5125.742146596858
1781613649,10,GET,/feed/{user_id},19.300000,0.000000,3,3,3,3,4,4,5,6,7,7,7,319,0,3,3.727176538880237,2.1885400055907667,45.58258200995624,4327.673981191223
1781613649,10,GET,/feed/{user_id}?with_fof=true,9.900000,0.000000,3,3,4,4,4,18,100,100,100,100,100,176,0,3,13.429379670759028,2.4223600048571825,183.94861099659465,11568.539772727272
1781613649,10,POST,/likes,0.600000,0.000000,4,4,4,4,4,4,4,4,4,4,4,10,0,4,6.532062598853372,3.40252899331972,24.448488984489813,180.9
1781613649,10,POST,/posts,1.300000,0.000000,4,4,4,4,4,4,4,4,4,4,4,23,0,4,3.819025346867578,2.9436810000333935,6.332099001156166,227.8695652173913
1781613649,10,GET,/timeline/{user_id},12.000000,0.000000,3,3,3,3,4,4,8,8,9,9,9,193,0,3,3.667825953449832,2.234979998320341,29.718101024627686,3782.5699481865286
1781613649,10,GET,/users/{user_id},5.200000,0.000000,3,3,3,3,4,4,4,4,4,4,4,87,0,3,3.256335872594781,1.9644339918158948,24.931082007242367,264.14942528735634
1781613649,10,,Aggregated,48.300000,0.000000,3,3,3,4,4,4,7,18,100,100,100,808,0,3,5.812982644621827,1.9644339918158948,183.94861099659465,5169.131188118812
1781613650,10,GET,/feed/{user_id},19.500000,0.000000,3,3,3,3,4,4,5,6,7,7,7,342,0,3,3.6884396868330365,2.1885400055907667,45.58258200995624,4333.877192982456
1781613650,10,GET,/feed/{user_id}?with_fof=true,9.600000,0.000000,3,3,4,4,4,18,100,100,100,100,100,190,0,3,12.675871779088324,2.4223600048571825,183.94861099659465,11530.826315789474
1781613650,10,POST,/likes,0.500000,0.000000,4,4,4,4,4,4,4,4,4,4,4,11,0,4,6.268748545236039,3.40252899331972,24.448488984489813,180.9090909090909
1781613650,10,POST,/posts,1.300000,0.000000,4,4,4,4,4,4,4,4,4,4,4,24,0,4,3.8210854581848253,2.9436810000333935,6.332099001156166,227.875
1781613650,10,GET,/timeline/{user_id},12.400000,0.000000,3,3,3,3,4,4,5,8,8,8,8,202,0,3,3.6495705050160407,2.234979998320341,29.718101024627686,3799.767326732673
1781613650,10,GET,/users/{user_id},4.900000,0.000000,3,3,3,3,4,4,4,4,4,4,4,89,0,3,3.2442697854267872,1.9644339918158948,24.931082007242367,264.19101123595505
1781613650,10,,Aggregated,48.200000,0.000000,3,3,3,4,4,4,6,18,100,100,100,858,0,3,5.660230243396196,1.9644339918158948,183.94861099659465,5211.6177156177155
1781613651,10,GET,/feed/{user_id},19.800000,0.000000,3,3,3,4,4,4,5,6,7,7,7,361,0,3,3.6690000636042597,2.1885400055907667,45.58258200995624,4373.745152354571
1781613651,10,GET,/feed/{user_id}?with_fof=true,9.800000,0.000000,3,3,4,4,4,5,93,95,95,95,95,205,0,3,12.443271263292424,2.4223600048571825,183.94861099659465,11447.360975609756
1781613651,10,POST,/likes,0.400000,0.000000,4,4,4,4,4,4,4,4,4,4,4,11,0,4,6.268748545236039,3.40252899331972,24.448488984489813,180.9090909090909
1781613651,10,POST,/posts,1.500000,0.000000,4,4,4,4,4,4,4,4,4,4,4,26,0,4,3.7999384624596972,2.9436810000333935,6.332099001156166,227.8846153846154
1781613651,10,GET,/timeline/{user_id},11.700000,0.000000,3,3,3,3,4,4,5,5,8,8,8,215,0,3,3.6223064886059526,2.234979998320341,29.718101024627686,3793.1162790697676
1781613651,10,GET,/users/{user_id},4.600000,0.000000,3,3,3,4,4,4,4,4,4,4,4,91,0,3,3.237043394180076,1.9644339918158948,24.931082007242367,264.2307692307692
1781613651,10,,Aggregated,47.800000,0.000000,3,3,4,4,4,4,5,8,95,95,95,909,0,3,5.628714092275358,1.9644339918158948,183.94861099659465,5250.947194719472
1781613652,10,GET,/feed/{user_id},20.100000,0.000000,3,3,3,4,4,4,5,6,7,7,7,382,0,3,3.641293722257281,2.1885400055907667,45.58258200995624,4330.149214659686
1781613652,10,GET,/feed/{user_id}?with_fof=true,10.400000,0.000000,3,3,4,4,4,4,81,93,95,95,95,218,0,3,11.904445633162966,2.4223600048571825,183.94861099659465,11469.02752293578
1781613652,10,POST,/likes,0.500000,0.000000,4,4,4,4,4,4,4,4,4,4,4,12,0,4,6.071381666212498,3.40252899331972,24.448488984489813,180.91666666666666
1781613652,10,POST,/posts,1.500000,0.000000,4,4,4,4,4,4,4,4,4,4,4,26,0,4,3.7999384624596972,2.9436810000333935,6.332099001156166,227.8846153846154
1781613652,10,GET,/timeline/{user_id},11.400000,0.000000,3,3,3,3,4,4,4,5,5,5,5,222,0,3,3.6193589326717914,2.234979998320341,29.718101024627686,3808.626126126126
1781613652,10,GET,/users/{user_id},4.200000,0.000000,3,3,3,4,4,4,4,4,4,4,4,95,0,3,3.222752935375626,1.9644339918158948,24.931082007242367,264.2105263157895
1781613652,10,,Aggregated,48.100000,0.000000,3,3,4,4,4,4,5,7,95,95,95,955,0,3,5.515662347501709,1.9644339918158948,183.94861099659465,5270.236649214659
1781613653,10,GET,/feed/{user_id},20.200000,0.000000,3,3,3,4,4,4,5,6,7,7,7,404,0,3,3.6129183264876863,2.1885400055907667,45.58258200995624,4322.443069306931
1781613653,10,GET,/feed/{user_id}?with_fof=true,10.300000,0.000000,3,3,4,4,4,4,81,93,95,95,95,225,0,3,11.63960381812002,2.4223600048571825,183.94861099659465,11486.23111111111
1781613653,10,POST,/likes,0.500000,0.000000,4,4,4,4,4,4,4,4,4,4,4,12,0,4,6.071381666212498,3.40252899331972,24.448488984489813,180.91666666666666
1781613653,10,POST,/posts,1.700000,0.000000,4,4,4,4,4,4,4,4,4,4,4,27,0,4,3.769752741963775,2.9436810000333935,6.332099001156166,227.88888888888889
1781613653,10,GET,/timeline/{user_id},11.700000,0.000000,3,3,3,3,4,4,4,5,5,5,5,236,0,3,3.593839508786174,2.234979998320341,29.718101024627686,3777.8813559322034
1781613653,10,GET,/users/{user_id},4.100000,0.000000,3,3,3,3,4,4,4,4,4,4,4,99,0,3,3.2005378872983985,1.9644339918158948,24.931082007242367,264.24242424242425
1781613653,10,,Aggregated,48.500000,0.000000,3,3,3,4,4,4,5,7,95,95,95,1003,0,3,5.401963252165185,1.9644339918158948,183.94861099659465,5241.009970089731
1781613654,10,GET,/feed/{user_id},19.900000,0.000000,3,3,3,4,4,4,4,5,7,7,7,421,0,3,3.5998031282421388,2.1885400055907667,45.58258200995624,4331.855106888361
1781613654,10,GET,/feed/{user_id}?with_fof=true,10.400000,0.000000,3,3,4,4,4,4,81,93,95,95,95,233,0,3,11.353825403716167,2.4223600048571825,183.94861099659465,11501.80686695279
1781613654,10,POST,/likes,0.600000,0.000000,4,4,4,4,4,4,4,4,4,4,4,12,0,4,6.071381666212498,3.40252899331972,24.448488984489813,180.91666666666666
1781613654,10,POST,/posts,1.600000,0.000000,4,4,4,4,4,4,4,4,4,4,4,28,0,4,3.7693301793686778,2.9436810000333935,6.332099001156166,227.89285714285714
1781613654,10,GET,/timeline/{user_id},11.800000,0.000000,3,3,3,4,4,4,4,5,5,5,5,251,0,3,3.566315936678798,2.234979998320341,29.718101024627686,3693.4940239043826
1781613654,10,GET,/users/{user_id},3.700000,0.000000,3,3,3,4,4,4,4,4,4,4,4,107,0,3,3.1878734945872296,1.9644339918158948,24.931082007242367,264.33644859813086
1781613654,10,,Aggregated,48.000000,0.000000,3,3,4,4,4,4,5,7,95,95,95,1052,0,3,5.300003826140582,1.9644339918158948,183.94861099659465,5197.276615969582
1781613655,10,GET,/feed/{user_id},19.700000,0.000000,3,3,3,4,4,4,5,5,7,7,7,443,0,3,3.5828619303353104,2.1885400055907667,45.58258200995624,4409.483069977427
1781613655,10,GET,/feed/{user_id}?with_fof=true,10.800000,0.000000,3,4,4,4,4,4,93,95,95,95,95,241,0,3,11.091726058485428,2.4223600048571825,183.94861099659465,11513.120331950207
1781613655,10,POST,/likes,0.600000,0.000000,4,4,4,4,4,4,4,4,4,4,4,12,0,4,6.071381666212498,3.40252899331972,24.448488984489813,180.91666666666666
1781613655,10,POST,/posts,1.500000,0.000000,4,4,4,4,4,4,4,4,4,4,4,30,0,4,3.7739112672473616,2.9436810000333935,6.332099001156166,227.93333333333334
1781613655,10,GET,/timeline/{user_id},12.000000,0.000000,3,3,3,4,4,4,5,5,5,5,5,267,0,3,3.54245492928201,2.234979998320341,29.718101024627686,3713.434456928839
1781613655,10,GET,/users/{user_id},3.400000,0.000000,3,3,3,4,4,4,4,4,4,4,4,111,0,3,3.180278926880124,1.881338976090774,24.931082007242367,264.3063063063063
1781613655,10,,Aggregated,48.000000,0.000000,3,3,4,4,4,4,5,7,95,95,95,1104,0,3,5.204016449499539,1.881338976090774,183.94861099659465,5215.486413043478
1781613656,10,GET,/feed/{user_id},19.600000,0.000000,3,3,3,4,4,4,4,5,7,7,7,461,0,3,3.577901494960501,2.0985449955333024,45.58258200995624,4386.299349240781
1781613656,10,GET,/feed/{user_id}?with_fof=true,11.000000,0.000000,3,4,4,4,4,4,18,81,93,93,93,253,0,3,10.739326972506108,2.4223600048571825,183.94861099659465,11528.513833992094
1781613656,10,POST,/likes,0.400000,0.000000,4,4,4,4,4,4,4,4,4,4,4,13,0,4,5.857666614107215,3.2930859888438135,24.448488984489813,180.92307692307693
1781613656,10,POST,/posts,1.400000,0.000000,4,4,4,4,4,4,4,4,4,4,4,31,0,4,3.7822041617360926,2.9436810000333935,6.332099001156166,227.93548387096774
1781613656,10,GET,/timeline/{user_id},12.000000,0.000000,3,3,4,4,4,4,5,5,5,5,5,280,0,3,3.5382440431151605,2.234979998320341,29.718101024627686,3718.292857142857
1781613656,10,GET,/users/{user_id},3.800000,0.000000,3,3,4,4,4,4,4,4,4,4,4,116,0,3,3.1725892750445976,1.881338976090774,24.931082007242367,264.3189655172414
1781613656,10,,Aggregated,48.200000,0.000000,3,3,4,4,4,4,5,5,93,93,93,1154,0,3,5.128759962041133,1.881338976090774,183.94861099659465,5216.636915077989
1781613657,10,GET,/feed/{user_id},19.600000,0.000000,3,3,3,4,4,4,4,5,5,5,5,482,0,3,3.5690932139861533,2.0985449955333024,45.58258200995624,4410.041493775933
1781613657,10,GET,/feed/{user_id}?with_fof=true,11.000000,0.000000,3,4,4,4,4,4,18,81,93,93,93,261,0,3,10.510525536492388,2.4223600048571825,183.94861099659465,11525.28735632184
1781613657,10,POST,/likes,0.300000,0.000000,4,4,4,4,5,5,5,5,5,5,5,17,0,4,5.418985527392258,3.1037709850352257,24.448488984489813,180.8235294117647
1781613657,10,POST,/posts,1.100000,0.000000,4,4,4,4,4,4,4,4,4,4,4,33,0,4,3.784506031396714,2.9436810000333935,6.332099001156166,227.96969696969697
1781613657,10,GET,/timeline/{user_id},12.300000,0.000000,3,3,4,4,4,4,5,5,5,5,5,289,0,3,3.542612547157203,2.234979998320341,29.718101024627686,3692.823529411765
1781613657,10,GET,/users/{user_id},3.900000,0.000000,3,3,4,4,4,4,4,4,4,4,4,120,0,3,3.1728911494913823,1.881338976090774,24.931082007242367,264.4583333333333
1781613657,10,,Aggregated,48.200000,0.000000,3,3,4,4,4,4,5,5,93,93,93,1202,0,3,5.062498761426786,1.881338976090774,183.94861099659465,5194.091514143095
1781613658,10,GET,/feed/{user_id},20.000000,0.000000,3,3,3,4,4,4,4,4,5,5,5,503,0,3,3.5568312588485727,2.0985449955333024,45.58258200995624,4398.091451292246
1781613658,10,GET,/feed/{user_id}?with_fof=true,11.000000,0.000000,3,4,4,4,4,4,4,93,93,93,93,272,0,3,10.218640297727475,2.4223600048571825,183.94861099659465,11534.775735294117
1781613658,10,POST,/likes,0.300000,0.000000,4,4,4,4,5,5,5,5,5,5,5,18,0,4,5.341276610528843,3.1037709850352257,24.448488984489813,180.77777777777777
1781613658,10,POST,/posts,1.100000,0.000000,4,4,4,4,4,4,4,4,4,4,4,35,0,4,3.78331917288181,2.9436810000333935,6.332099001156166,227.97142857142856
1781613658,10,GET,/timeline/{user_id},12.600000,0.000000,3,3,4,4,4,4,5,5,5,5,5,302,0,3,3.535387431007705,2.234979998320341,29.718101024627686,3669.9503311258277
1781613658,10,GET,/users/{user_id},3.800000,0.000000,3,3,4,4,4,4,4,4,4,4,4,121,0,3,3.1654349665834824,1.881338976090774,24.931082007242367,264.44628099173553
1781613658,10,,Aggregated,48.800000,0.000000,3,3,4,4,4,4,4,5,93,93,93,1251,0,3,4.994260646957646,1.881338976090774,183.94861099659465,5196.846522781774
1781613659,10,GET,/feed/{user_id},20.100000,0.000000,3,3,3,4,4,4,4,5,5,5,5,524,0,3,3.5459979851410246,2.0985449955333024,45.58258200995624,4455.1011450381675
1781613659,10,GET,/feed/{user_id}?with_fof=true,11.100000,0.000000,3,4,4,4,4,4,4,93,93,93,93,279,0,3,10.052292132466418,2.4223600048571825,183.94861099659465,11545.290322580646
1781613659,10,POST,/likes,0.600000,0.000000,4,4,4,4,5,5,5,5,5,5,5,20,0,4,5.190624149690848,3.1037709850352257,24.448488984489813,180.7
1781613659,10,POST,/posts,1.300000,0.000000,4,4,4,4,4,4,4,4,4,4,4,35,0,4,3.78331917288181,2.9436810000333935,6.332099001156166,227.97142857142856
1781613659,10,GET,/timeline/{user_id},11.800000,0.000000,3,3,4,4,4,4,5,5,5,5,5,313,0,3,3.5360299941403763,2.234979998320341,29.718101024627686,3665.290734824281
1781613659,10,GET,/users/{user_id},3.600000,0.000000,3,3,4,4,4,4,4,4,4,4,4,128,0,3,3.1462457573070424,1.881338976090774,24.931082007242367,264.53125
1781613659,10,,Aggregated,48.500000,0.000000,3,3,4,4,4,4,5,5,93,93,93,1299,0,3,4.933347150360237,1.881338976090774,183.94861099659465,5194.994611239415
1781613660,10,GET,/feed/{user_id},20.300000,0.000000,3,3,3,4,4,4,4,5,5,5,5,540,0,3,3.5320550168829934,2.0985449955333024,45.58258200995624,4429.774074074074
1781613660,10,GET,/feed/{user_id}?with_fof=true,11.000000,0.000000,3,4,4,4,4,4,4,93,93,93,93,293,0,3,9.729197405857978,2.4223600048571825,183.94861099659465,11564.825938566553
1781613660,10,POST,/likes,0.800000,0.000000,4,4,4,4,5,5,5,5,5,5,5,21,0,4,5.11114480849799,3.1037709850352257,24.448488984489813,180.71428571428572
1781613660,10,POST,/posts,1.300000,0.000000,4,4,4,4,4,4,4,4,4,4,4,36,0,4,3.773924279408271,2.9436810000333935,6.332099001156166,227.97222222222223
1781613660,10,GET,/timeline/{user_id},11.600000,0.000000,3,3,4,4,4,4,5,5,5,5,5,324,0,3,3.5221853029747483,2.234979998320341,29.718101024627686,3629.027777777778
1781613660,10,GET,/users/{user_id},3.700000,0.000000,3,3,3,4,4,4,4,4,4,4,4,137,0,3,3.136021919322479,1.881338976090774,24.931082007242367,264.5036496350365
1781613660,10,,Aggregated,48.700000,0.000000,3,3,4,4,4,4,5,5,93,93,93,1351,0,3,4.864532128187533,1.881338976090774,183.94861099659465,5184.763878608438
1781613661,10,GET,/feed/{user_id},20.600000,0.000000,3,3,4,4,4,4,5,5,5,5,5,562,0,3,3.5269062919915055,2.0985449955333024,45.58258200995624,4398.23309608541
1781613661,10,GET,/feed/{user_id}?with_fof=true,10.300000,0.000000,3,4,4,4,4,4,5,20,20,20,20,302,0,3,9.600216221752028,2.4223600048571825,183.94861099659465,11536.337748344371
1781613661,10,POST,/likes,1.000000,0.000000,4,4,4,4,5,5,5,5,5,5,5,21,0,4,5.11114480849799,3.1037709850352257,24.448488984489813,180.71428571428572
1781613661,10,POST,/posts,1.200000,0.000000,4,4,4,4,4,4,4,4,4,4,4,38,0,4,3.764098265061253,2.9436810000333935,6.332099001156166,227.92105263157896
1781613661,10,GET,/timeline/{user_id},11.900000,0.000000,3,3,4,4,4,5,5,5,5,5,5,334,0,3,3.512308147124539,2.234979998320341,29.718101024627686,3629.179640718563
1781613661,10,GET,/users/{user_id},4.000000,0.000000,3,3,3,4,4,4,4,4,4,4,4,140,0,3,3.133539921171697,1.881338976090774,24.931082007242367,264.48571428571427
1781613661,10,,Aggregated,49.000000,0.000000,3,3,4,4,4,4,5,5,20,20,20,1397,0,3,4.827174602879569,1.881338976090774,183.94861099659465,5166.36435218325
1781613662,10,GET,/feed/{user_id},20.100000,0.000000,3,3,4,4,4,4,5,5,6,6,6,575,0,3,3.5284510802011937,2.0985449955333024,45.58258200995624,4397.518260869565
1781613662,10,GET,/feed/{user_id}?with_fof=true,10.100000,0.000000,3,4,4,4,4,4,5,20,20,20,20,314,0,3,9.364404382201203,2.4223600048571825,183.94861099659465,11537.452229299362
1781613662,10,POST,/likes,1.000000,0.000000,4,4,4,4,4,5,5,5,5,5,5,22,0,4,5.053081089334393,3.1037709850352257,24.448488984489813,180.72727272727272
1781613662,10,POST,/posts,1.200000,0.000000,4,4,4,4,4,4,4,4,4,4,4,40,0,4,3.754154402122367,2.9436810000333935,6.332099001156166,227.925
1781613662,10,GET,/timeline/{user_id},12.200000,0.000000,3,3,4,4,4,5,5,5,5,5,5,353,0,3,3.4950438103798205,2.234979998320341,29.718101024627686,3659.57223796034
1781613662,10,GET,/users/{user_id},4.600000,0.000000,3,3,4,4,4,4,4,4,4,4,4,145,0,3,3.1293341169406754,1.881338976090774,24.931082007242367,264.4689655172414
1781613662,10,,Aggregated,49.200000,0.000000,3,3,4,4,4,4,5,5,20,20,20,1449,0,3,4.774410089163278,1.881338976090774,183.94861099659465,5172.258799171843
1781613663,10,GET,/feed/{user_id},20.400000,0.000000,3,3,4,4,4,4,5,5,6,6,6,592,0,3,3.5168755372020266,2.0985449955333024,45.58258200995624,4383.981418918919
1781613663,10,GET,/feed/{user_id}?with_fof=true,9.600000,0.000000,3,4,4,4,4,4,19,20,20,20,20,329,0,3,9.137044495412525,2.4223600048571825,183.94861099659465,11500.568389057751
1781613663,10,POST,/likes,1.000000,0.000000,4,4,4,4,4,5,5,5,5,5,5,23,0,4,5.00751321669668,3.1037709850352257,24.448488984489813,180.7391304347826
1781613663,10,POST,/posts,1.100000,0.000000,4,4,4,4,4,4,4,4,4,4,4,40,0,4,3.754154402122367,2.9436810000333935,6.332099001156166,227.925
1781613663,10,GET,/timeline/{user_id},11.900000,0.000000,3,3,4,4,4,5,5,5,5,5,5,364,0,3,3.4843146539380223,2.234979998320341,29.718101024627686,3615.967032967033
1781613663,10,GET,/users/{user_id},4.900000,0.000000,3,3,3,4,4,4,4,4,4,4,4,152,0,3,3.1041518090396973,1.881338976090774,24.931082007242367,264.4605263157895
1781613663,10,,Aggregated,48.900000,0.000000,3,3,4,4,4,4,5,5,20,20,20,1500,0,3,4.7290256973938085,1.881338976090774,183.94861099659465,5165.792
1781613664,10,GET,/feed/{user_id},19.500000,0.000000,3,3,4,4,4,4,5,6,6,6,6,609,0,3,3.5146048817915876,2.0985449955333024,45.58258200995624,4375.596059113301
1781613664,10,GET,/feed/{user_id}?with_fof=true,9.500000,0.000000,3,4,4,4,4,4,19,20,20,20,20,338,0,3,8.986623520679089,2.4223600048571825,183.94861099659465,11510.402366863906
1781613664,10,POST,/likes,1.000000,0.000000,4,4,4,4,4,5,5,5,5,5,5,23,0,4,5.00751321669668,3.1037709850352257,24.448488984489813,180.7391304347826
1781613664,10,POST,/posts,1.400000,0.000000,4,4,4,4,4,4,4,4,4,4,4,41,0,4,3.7530266116202875,2.9436810000333935,6.332099001156166,227.90243902439025
1781613664,10,GET,/timeline/{user_id},12.900000,0.000000,3,3,4,4,4,5,5,5,5,5,5,378,0,3,3.473194809485764,2.234979998320341,29.718101024627686,3588.5
1781613664,10,GET,/users/{user_id},4.900000,0.000000,3,3,3,3,4,4,4,4,4,4,4,160,0,3,3.094380687252851,1.881338976090774,24.931082007242367,264.43125
1781613664,10,,Aggregated,49.200000,0.000000,3,3,4,4,4,4,5,5,20,20,20,1549,0,3,4.6835949425481855,1.881338976090774,183.94861099659465,5143.652033570045
1781613665,10,GET,/feed/{user_id},19.100000,0.000000,3,3,4,4,4,4,5,6,6,6,6,626,0,3,3.5016698897693503,2.0985449955333024,45.58258200995624,4433.725239616613
1781613665,10,GET,/feed/{user_id}?with_fof=true,10.300000,0.000000,3,3,4,4,4,5,20,130,130,130,130,348,0,3,9.189128738492808,2.4223600048571825,183.94861099659465,11520.974137931034
1781613665,10,POST,/likes,1.100000,0.000000,4,4,4,4,5,5,5,5,5,5,5,23,0,4,5.00751321669668,3.1037709850352257,24.448488984489813,180.7391304347826
1781613665,10,POST,/posts,1.400000,0.000000,4,4,4,4,4,4,4,4,4,4,4,41,0,4,3.7530266116202875,2.9436810000333935,6.332099001156166,227.90243902439025
1781613665,10,GET,/timeline/{user_id},12.500000,0.000000,3,3,4,4,4,4,5,5,5,5,5,394,0,3,3.461211842592914,2.234979998320341,29.718101024627686,3579.8984771573605
1781613665,10,GET,/users/{user_id},5.200000,0.000000,3,3,3,3,4,4,4,4,4,4,4,167,0,3,3.0729943707942247,1.881338976090774,24.931082007242367,264.3532934131737
1781613665,10,,Aggregated,49.600000,0.000000,3,3,4,4,4,4,5,6,130,130,130,1599,0,3,4.712830877395754,1.881338976090774,183.94861099659465,5161.312695434646
1781613666,10,GET,/feed/{user_id},18.600000,0.000000,3,3,3,4,4,4,5,6,6,6,6,641,0,3,3.49277417786062,2.0985449955333024,45.58258200995624,4466.16848673947
1781613666,10,GET,/feed/{user_id}?with_fof=true,10.500000,0.000000,3,3,4,4,4,5,20,130,130,130,130,358,0,3,9.020706410659606,2.4223600048571825,183.94861099659465,11529.715083798883
1781613666,10,POST,/likes,1.100000,0.000000,4,4,4,4,4,4,4,4,4,4,4,23,0,4,5.00751321669668,3.1037709850352257,24.448488984489813,180.7391304347826
1781613666,10,POST,/posts,1.300000,0.000000,4,4,4,4,4,4,4,4,4,4,4,44,0,4,3.7423745015985332,2.9436810000333935,6.332099001156166,227.9090909090909
1781613666,10,GET,/timeline/{user_id},13.000000,0.000000,3,3,3,4,4,4,5,5,5,5,5,405,0,3,3.45768939005211,2.234979998320341,29.718101024627686,3576.237037037037
1781613666,10,GET,/users/{user_id},5.200000,0.000000,3,3,3,3,4,4,4,4,4,4,4,174,0,3,3.0787799190582663,1.881338976090774,24.931082007242367,264.3103448275862
1781613666,10,,Aggregated,49.700000,0.000000,3,3,4,4,4,4,5,6,130,130,130,1645,0,3,4.671240324599634,1.881338976090774,183.94861099659465,5166.56717325228
1781613667,10,GET,/feed/{user_id},18.500000,0.000000,3,3,3,4,4,4,5,6,6,6,6,661,0,3,3.48600882011129,2.0985449955333024,45.58258200995624,4433.715582450832
1781613667,10,GET,/feed/{user_id}?with_fof=true,10.500000,0.000000,3,3,4,4,4,5,20,130,130,130,130,366,0,3,8.896869773463768,2.4223600048571825,183.94861099659465,11538.691256830602
1781613667,10,POST,/likes,1.100000,0.000000,4,4,4,4,4,4,4,4,4,4,4,23,0,4,5.00751321669668,3.1037709850352257,24.448488984489813,180.7391304347826
1781613667,10,POST,/posts,1.100000,0.000000,4,4,4,4,4,4,4,4,4,4,4,45,0,4,3.7419009352258095,2.9436810000333935,6.332099001156166,227.93333333333334
1781613667,10,GET,/timeline/{user_id},12.700000,0.000000,3,3,3,4,4,4,4,5,5,5,5,417,0,3,3.4470292925220476,2.234979998320341,29.718101024627686,3558.5971223021584
1781613667,10,GET,/users/{user_id},5.400000,0.000000,3,3,3,3,4,4,4,4,4,4,4,182,0,3,3.078574840181538,1.881338976090774,24.931082007242367,264.3021978021978
1781613667,10,,Aggregated,49.300000,0.000000,3,3,4,4,4,4,5,6,130,130,130,1694,0,3,4.629147785800012,1.881338976090774,183.94861099659465,5135.949822904368
1781613668,10,GET,/feed/{user_id},17.700000,0.000000,3,3,3,4,4,4,5,6,6,6,6,679,0,3,3.480331066507909,2.0985449955333024,45.58258200995624,4450.097201767305
1781613668,10,GET,/feed/{user_id}?with_fof=true,10.400000,0.000000,3,3,4,4,4,4,19,20,130,130,130,378,0,3,8.711008383740335,2.4223600048571825,183.94861099659465,11554.21164021164
1781613668,10,POST,/likes,1.000000,0.000000,4,4,4,4,4,4,4,4,4,4,4,24,0,4,4.957574208674487,3.1037709850352257,24.448488984489813,180.625
1781613668,10,POST,/posts,1.400000,0.000000,4,4,4,4,4,4,4,4,4,4,4,45,0,4,3.7419009352258095,2.9436810000333935,6.332099001156166,227.93333333333334
1781613668,10,GET,/timeline/{user_id},12.500000,0.000000,3,3,3,3,4,4,4,4,5,5,5,434,0,3,3.4302385666215587,2.234979998320341,29.718101024627686,3544.647465437788
1781613668,10,GET,/users/{user_id},5.800000,0.000000,3,3,3,3,4,4,4,4,4,4,4,185,0,3,3.0701554212027005,1.881338976090774,24.931082007242367,264.2648648648649
1781613668,10,,Aggregated,48.800000,0.000000,3,3,3,4,4,4,5,6,130,130,130,1745,0,3,4.584513224723394,1.881338976090774,183.94861099659465,5152.4160458452725
1781613669,10,GET,/feed/{user_id},17.900000,0.000000,3,3,4,4,4,4,5,6,9,9,9,701,0,3,3.4819101785560713,2.0985449955333024,45.58258200995624,4462.087018544936
1781613669,10,GET,/feed/{user_id}?with_fof=true,10.300000,0.000000,3,3,4,4,4,5,20,130,130,130,130,387,0,3,8.588009442019851,2.418164018308744,183.94861099659465,11561.912144702843
1781613669,10,POST,/likes,0.700000,0.000000,4,4,4,4,4,4,4,4,4,4,4,24,0,4,4.957574208674487,3.1037709850352257,24.448488984489813,180.625
1781613669,10,POST,/posts,1.300000,0.000000,4,4,4,4,4,4,4,4,4,4,4,47,0,4,3.7406749170065483,2.9436810000333935,6.332099001156166,227.93617021276594
1781613669,10,GET,/timeline/{user_id},12.700000,0.000000,3,3,3,3,4,4,4,4,5,5,5,450,0,3,3.4215234752304644,2.234979998320341,29.718101024627686,3532.9377777777777
1781613669,10,GET,/users/{user_id},6.200000,0.000000,3,3,3,3,4,4,4,4,4,4,4,190,0,3,3.06277472072428,1.881338976090774,24.931082007242367,264.27894736842103
1781613669,10,,Aggregated,49.100000,0.000000,3,3,3,4,4,4,5,6,130,130,130,1799,0,3,4.547406866108008,1.881338976090774,183.94861099659465,5145.89549749861
1781613670,10,GET,/feed/{user_id},17.400000,0.000000,3,3,3,4,4,4,5,6,9,9,9,723,0,3,3.472388304364552,2.0985449955333024,45.58258200995624,4502.486860304288
1781613670,10,GET,/feed/{user_id}?with_fof=true,10.600000,0.000000,3,3,4,4,4,4,19,130,130,130,130,395,0,3,8.478042554652578,2.418164018308744,183.94861099659465,11560.179746835443
1781613670,10,POST,/likes,0.600000,0.000000,4,4,4,4,4,4,4,4,4,4,4,26,0,4,4.87145092315936,3.1037709850352257,24.448488984489813,180.6153846153846
1781613670,10,POST,/posts,1.100000,0.000000,4,4,4,4,4,4,4,4,4,4,4,47,0,4,3.7406749170065483,2.9436810000333935,6.332099001156166,227.93617021276594
1781613670,10,GET,/timeline/{user_id},13.200000,0.000000,3,3,3,3,4,4,4,4,4,4,4,461,0,3,3.415062190856736,2.234979998320341,29.718101024627686,3546.41431670282
1781613670,10,GET,/users/{user_id},6.300000,0.000000,3,3,3,3,4,4,4,4,4,4,4,200,0,3,3.039787175221136,1.881338976090774,24.931082007242367,264.225
1781613670,10,,Aggregated,49.200000,0.000000,3,3,3,4,4,4,4,6,130,130,130,1852,0,3,4.505471978009704,1.881338976090774,183.94861099659465,5142.937365010799
1781613671,10,GET,/feed/{user_id},17.300000,0.000000,3,3,3,4,4,4,5,6,9,9,9,737,0,3,3.4651570868763057,2.0985449955333024,45.58258200995624,4478.453188602442
1781613671,10,GET,/feed/{user_id}?with_fof=true,10.700000,0.000000,3,3,4,4,4,4,19,130,130,130,130,404,0,3,8.362889967960799,2.418164018308744,183.94861099659465,11567.420792079209
1781613671,10,POST,/likes,0.400000,0.000000,4,4,4,4,4,4,4,4,4,4,4,27,0,4,4.8319921479560435,3.1037709850352257,24.448488984489813,180.62962962962962
1781613671,10,POST,/posts,1.200000,0.000000,4,4,4,4,4,4,4,4,4,4,4,47,0,4,3.7406749170065483,2.9436810000333935,6.332099001156166,227.93617021276594
1781613671,10,GET,/timeline/{user_id},13.800000,0.000000,3,3,3,3,4,4,4,5,5,5,5,480,0,3,3.4083261417739172,2.234979998320341,29.718101024627686,3554.875
1781613671,10,GET,/users/{user_id},6.200000,0.000000,3,3,3,3,4,4,4,4,4,4,4,204,0,3,3.0308743679437185,1.881338976090774,24.931082007242367,264.20098039215685
1781613671,10,,Aggregated,49.600000,0.000000,3,3,3,4,4,4,4,5,130,130,130,1899,0,3,4.472353211316546,1.881338976090774,183.94861099659465,5134.11532385466
1781613672,10,GET,/feed/{user_id},18.000000,0.000000,3,3,3,4,4,4,5,6,9,9,9,757,0,3,3.4602464016701022,2.0985449955333024,45.58258200995624,4487.331571994716
1781613672,10,GET,/feed/{user_id}?with_fof=true,10.200000,0.000000,3,3,4,4,4,4,5,130,130,130,130,412,0,3,8.26893433513407,2.418164018308744,183.94861099659465,11572.121359223302
1781613672,10,POST,/likes,0.500000,0.000000,4,4,4,4,4,4,4,4,4,4,4,28,0,4,4.81414571446034,3.1037709850352257,24.448488984489813,180.57142857142858
1781613672,10,POST,/posts,1.100000,0.000000,4,4,4,4,5,5,5,5,5,5,5,49,0,4,3.755519818752168,2.9436810000333935,6.332099001156166,227.9387755102041
1781613672,10,GET,/timeline/{user_id},13.800000,0.000000,3,3,3,3,4,4,4,5,5,5,5,496,0,3,3.3985159014616415,2.234979998320341,29.718101024627686,3557.594758064516
1781613672,10,GET,/users/{user_id},6.200000,0.000000,3,3,3,3,4,4,4,4,4,4,4,207,0,3,3.027824589651942,1.881338976090774,24.931082007242367,264.19806763285027
1781613672,10,,Aggregated,49.800000,0.000000,3,3,3,4,4,4,4,5,130,130,130,1949,0,3,4.441994664159146,1.881338976090774,183.94861099659465,5130.890200102616
1781613673,10,GET,/feed/{user_id},17.300000,0.000000,3,3,3,4,4,4,4,5,9,9,9,775,0,3,3.451990179469689,2.0985449955333024,45.58258200995624,4482.429677419354
1781613673,10,GET,/feed/{user_id}?with_fof=true,10.300000,0.000000,3,3,4,4,4,4,76,130,130,130,130,424,0,3,8.376910988412213,2.418164018308744,183.94861099659465,11552.57075471698
1781613673,10,POST,/likes,0.600000,0.000000,4,4,4,4,4,4,4,4,4,4,4,30,0,4,4.734486233792268,3.1037709850352257,24.448488984489813,180.56666666666666
1781613673,10,POST,/posts,1.000000,0.000000,4,4,4,4,4,5,5,5,5,5,5,51,0,4,3.7539689630434356,2.9436810000333935,6.332099001156166,227.9607843137255
1781613673,10,GET,/timeline/{user_id},14.300000,0.000000,3,3,3,3,4,4,4,5,5,5,5,510,0,3,3.3890330531707433,2.234979998320341,29.718101024627686,3558.005882352941
1781613673,10,GET,/users/{user_id},6.400000,0.000000,3,3,3,3,4,4,4,4,4,4,4,208,0,3,3.0319014809860025,1.881338976090774,24.931082007242367,264.2067307692308
1781613673,10,,Aggregated,49.900000,0.000000,3,3,3,4,4,4,5,5,130,130,130,1998,0,3,4.464280289022492,1.881338976090774,183.94861099659465,5134.511511511511
1781613674,10,GET,/feed/{user_id},17.900000,0.000000,3,3,3,4,4,4,4,5,9,9,9,797,0,3,3.4483875183565624,2.0985449955333024,45.58258200995624,4471.316185696362
1781613674,10,GET,/feed/{user_id}?with_fof=true,10.000000,0.000000,3,3,3,4,4,4,76,140,140,140,140,437,0,3,8.52488138240355,2.418164018308744,183.94861099659465,11556.386727688787
1781613674,10,POST,/likes,0.500000,0.000000,4,4,4,4,4,4,4,4,4,4,4,31,0,4,4.713026129813384,3.1037709850352257,24.448488984489813,180.58064516129033
1781613674,10,POST,/posts,0.900000,0.000000,4,4,4,4,4,5,5,5,5,5,5,52,0,4,3.742519617774703,2.9436810000333935,6.332099001156166,227.96153846153845
1781613674,10,GET,/timeline/{user_id},14.300000,0.000000,3,3,3,3,4,4,4,5,5,5,5,519,0,3,3.387590131281852,2.234979998320341,29.718101024627686,3559.64161849711
1781613674,10,GET,/users/{user_id},6.200000,0.000000,3,3,3,3,4,4,4,4,4,4,4,211,0,3,3.0335446307104594,1.881338976090774,24.931082007242367,264.2654028436019
1781613674,10,,Aggregated,49.800000,0.000000,3,3,3,4,4,4,5,5,140,140,140,2047,0,3,4.500581358868695,1.881338976090774,183.94861099659465,5146.28529555447
1781613675,10,GET,/feed/{user_id},18.200000,0.000000,3,3,3,4,4,4,4,5,9,9,9,815,0,3,3.443399317951107,2.0985449955333024,45.58258200995624,4478.279754601227
1781613675,10,GET,/feed/{user_id}?with_fof=true,9.400000,0.000000,3,3,3,4,4,4,76,140,140,140,140,447,0,3,8.406054284538182,2.4161510227713734,183.94861099659465,11484.34451901566
1781613675,10,POST,/likes,0.700000,0.000000,4,4,4,4,4,4,4,4,4,4,4,32,0,4,4.692140032602765,3.1037709850352257,24.448488984489813,180.53125
1781613675,10,POST,/posts,1.000000,0.000000,4,4,4,4,5,5,5,5,5,5,5,52,0,4,3.742519617774703,2.9436810000333935,6.332099001156166,227.96153846153845
1781613675,10,GET,/timeline/{user_id},14.800000,0.000000,3,3,3,3,4,4,4,5,5,5,5,536,0,3,3.378983462955229,2.234979998320341,29.718101024627686,3553.9347014925374
1781613675,10,GET,/users/{user_id},5.700000,0.000000,3,3,3,4,4,4,4,4,4,4,4,214,0,3,3.032625841344576,1.881338976090774,24.931082007242367,264.26635514018693
1781613675,10,,Aggregated,49.800000,0.000000,3,3,3,4,4,4,5,5,140,140,140,2096,0,3,4.469825036583032,1.881338976090774,183.94861099659465,5134.729484732825
1781613676,10,GET,/feed/{user_id},18.800000,0.000000,3,3,3,4,4,4,4,5,9,9,9,831,0,3,3.435515918370805,2.0985449955333024,45.58258200995624,4489.612515042118
1781613676,10,GET,/feed/{user_id}?with_fof=true,9.700000,0.000000,3,3,3,4,4,5,76,140,140,140,140,456,0,3,8.338005384231158,2.4161510227713734,183.94861099659465,11466.662280701754
1781613676,10,POST,/likes,0.800000,0.000000,4,4,4,4,4,4,4,4,4,4,4,33,0,4,4.642106000877296,3.0410169856622815,24.448488984489813,180.4848484848485
1781613676,10,POST,/posts,1.100000,0.000000,4,4,4,4,4,5,5,5,5,5,5,55,0,4,3.712144548031078,2.526324999053031,6.332099001156166,227.98181818181817
1781613676,10,GET,/timeline/{user_id},14.100000,0.000000,3,3,3,3,4,4,5,5,5,5,5,555,0,3,3.371665311918535,2.234979998320341,29.718101024627686,3544.872072072072
1781613676,10,GET,/users/{user_id},5.200000,0.000000,3,3,3,3,4,4,4,4,4,4,4,215,0,3,3.0308830374472797,1.881338976090774,24.931082007242367,264.2651162790698
1781613676,10,,Aggregated,49.700000,0.000000,3,3,3,4,4,4,5,9,140,140,140,2145,0,3,4.446301040891449,1.881338976090774,183.94861099659465,5129.315617715618
1781613677,10,GET,/feed/{user_id},19.300000,0.000000,3,3,3,4,4,4,4,5,9,9,9,854,0,3,3.429060387798635,2.0985449955333024,45.58258200995624,4480.234192037471
1781613677,10,GET,/feed/{user_id}?with_fof=true,9.900000,0.000000,3,3,4,4,4,5,76,140,140,140,140,462,0,3,8.27717440741064,2.4161510227713734,183.94861099659465,11474.666666666666
1781613677,10,POST,/likes,0.800000,0.000000,4,4,4,4,4,4,4,4,4,4,4,33,0,4,4.642106000877296,3.0410169856622815,24.448488984489813,180.4848484848485
1781613677,10,POST,/posts,1.100000,0.000000,4,4,4,4,4,5,5,5,5,5,5,56,0,4,3.7215743598478315,2.526324999053031,6.332099001156166,227.94642857142858
1781613677,10,GET,/timeline/{user_id},14.100000,0.000000,3,3,3,3,4,4,5,5,5,5,5,572,0,3,3.3672319566814712,2.180657989811152,29.718101024627686,3562.8444055944055
1781613677,10,GET,/users/{user_id},4.900000,0.000000,3,3,3,4,4,4,4,4,4,4,4,219,0,3,3.035200251315265,1.881338976090774,24.931082007242367,264.26940639269407
1781613677,10,,Aggregated,50.100000,0.000000,3,3,3,4,4,4,5,9,140,140,140,2196,0,3,4.419323927069228,1.881338976090774,183.94861099659465,5119.289162112933
1781613678,10,GET,/feed/{user_id},19.300000,0.000000,3,3,3,3,4,4,4,4,6,6,6,872,0,3,3.421615745687757,2.0985449955333024,45.58258200995624,4471.049311926606
1781613678,10,GET,/feed/{user_id}?with_fof=true,9.800000,0.000000,3,3,4,4,4,5,76,140,140,140,140,471,0,3,8.18388156943575,2.4161510227713734,183.94861099659465,11479.92144373673
1781613678,10,POST,/likes,1.000000,0.000000,4,4,4,4,4,4,4,4,4,4,4,35,0,4,4.592685943602452,3.0410169856622815,24.448488984489813,180.4857142857143
1781613678,10,POST,/posts,1.100000,0.000000,4,4,4,4,4,5,5,5,5,5,5,57,0,4,3.716346037292265,2.526324999053031,6.332099001156166,227.94736842105263
1781613678,10,GET,/timeline/{user_id},14.600000,0.000000,3,3,3,3,4,4,5,5,5,5,5,581,0,3,3.3628074272949307,2.180657989811152,29.718101024627686,3572.9638554216867
1781613678,10,GET,/users/{user_id},4.100000,0.000000,3,3,3,3,4,4,4,4,4,4,4,228,0,3,3.0209693248156997,1.881338976090774,24.931082007242367,264.280701754386
1781613678,10,,Aggregated,49.900000,0.000000,3,3,3,4,4,4,5,6,140,140,140,2244,0,3,4.3910004469305,1.881338976090774,183.94861099659465,5107.511586452763
1781613679,10,GET,/feed/{user_id},19.200000,0.000000,3,3,3,4,4,4,4,4,6,6,6,893,0,3,3.422251881564595,2.0985449955333024,45.58258200995624,4494.246360582307
1781613679,10,GET,/feed/{user_id}?with_fof=true,9.700000,0.000000,3,3,4,4,4,18,84,140,140,140,140,479,0,3,8.268289453637278,2.4161510227713734,183.94861099659465,11484.91649269311
1781613679,10,POST,/likes,1.000000,0.000000,4,4,4,4,4,4,4,4,4,4,4,36,0,4,4.57563027885044,3.0410169856622815,24.448488984489813,180.5
1781613679,10,POST,/posts,1.000000,0.000000,4,4,4,4,4,5,5,5,5,5,5,58,0,4,3.7035665882285684,2.526324999053031,6.332099001156166,227.91379310344828
1781613679,10,GET,/timeline/{user_id},15.500000,0.000000,3,3,3,3,4,4,5,5,5,5,5,597,0,3,3.3556587340456856,2.180657989811152,29.718101024627686,3549.452261306533
1781613679,10,GET,/users/{user_id},3.600000,0.000000,3,3,3,3,4,4,4,4,4,4,4,233,0,3,3.020098991617121,1.881338976090774,24.931082007242367,264.30042918454933
1781613679,10,,Aggregated,50.000000,0.000000,3,3,3,4,4,4,5,18,140,140,140,2296,0,3,4.4003146602601815,1.881338976090774,183.94861099659465,5102.33405923345
1781613680,10,GET,/feed/{user_id},19.400000,0.000000,3,3,4,4,4,4,4,5,6,6,6,915,0,3,3.4207269828003204,2.0985449955333024,45.58258200995624,4511.771584699453
1781613680,10,GET,/feed/{user_id}?with_fof=true,9.500000,0.000000,3,3,4,4,4,18,84,140,140,140,140,491,0,3,8.150178452815231,2.4161510227713734,183.94861099659465,11489.698574338085
1781613680,10,POST,/likes,1.000000,0.000000,4,4,4,4,4,4,4,4,4,4,4,36,0,4,4.57563027885044,3.0410169856622815,24.448488984489813,180.5
1781613680,10,POST,/posts,1.200000,0.000000,4,4,4,4,4,5,5,5,5,5,5,58,0,4,3.7035665882285684,2.526324999053031,6.332099001156166,227.91379310344828
1781613680,10,GET,/timeline/{user_id},14.900000,0.000000,3,3,3,3,4,4,4,5,5,5,5,605,0,3,3.3564120713402015,2.180657989811152,29.718101024627686,3534.8148760330578
1781613680,10,GET,/users/{user_id},4.100000,0.000000,3,3,3,4,4,4,4,4,4,4,4,238,0,3,3.0145640294224085,1.881338976090774,24.931082007242367,264.281512605042
1781613680,10,,Aggregated,50.100000,0.000000,3,3,3,4,4,4,5,18,140,140,140,2343,0,3,4.37871442762006,1.881338976090774,183.94861099659465,5117.751600512164
1781613681,10,GET,/feed/{user_id},19.300000,0.000000,3,3,4,4,4,4,4,6,6,6,6,939,0,3,3.417356383773033,2.0985449955333024,45.58258200995624,4545.978700745474
1781613681,10,GET,/feed/{user_id}?with_fof=true,9.500000,0.000000,3,3,4,4,4,18,84,140,140,140,140,497,0,3,8.092496902035396,2.4161510227713734,183.94861099659465,11490.400402414487
1781613681,10,POST,/likes,1.200000,0.000000,4,4,4,4,4,4,4,4,4,4,4,37,0,4,4.558130703879067,3.0410169856622815,24.448488984489813,180.48648648648648
1781613681,10,POST,/posts,1.000000,0.000000,3,4,4,4,4,4,4,4,4,4,4,61,0,4,3.6800474121204774,2.526324999053031,6.332099001156166,227.91803278688525
1781613681,10,GET,/timeline/{user_id},14.400000,0.000000,3,3,3,3,4,4,4,5,5,5,5,617,0,3,3.348075133184955,2.180657989811152,29.718101024627686,3545.9837925445704
1781613681,10,GET,/users/{user_id},4.300000,0.000000,3,3,3,3,4,4,4,4,4,4,4,243,0,3,3.0130039792270265,1.881338976090774,24.931082007242367,264.26748971193416
1781613681,10,,Aggregated,49.700000,0.000000,3,3,3,4,4,4,5,18,140,140,140,2394,0,3,4.35335198704454,1.881338976090774,183.94861099659465,5117.824979114453
1781613682,10,GET,/feed/{user_id},19.300000,0.000000,3,3,4,4,4,4,4,6,6,6,6,955,0,3,3.4125332202803813,2.0985449955333024,45.58258200995624,4537.053403141361
1781613682,10,GET,/feed/{user_id}?with_fof=true,9.500000,0.000000,3,3,4,4,4,5,84,140,140,140,140,509,0,3,7.981000328619465,2.4161510227713734,183.94861099659465,11499.082514734773
1781613682,10,POST,/likes,1.000000,0.000000,4,4,4,4,4,4,4,4,4,4,4,39,0,4,4.506441411556294,3.0410169856622815,24.448488984489813,180.48717948717947
1781613682,10,POST,/posts,1.100000,0.000000,3,3,4,4,4,4,4,4,4,4,4,62,0,4,3.6747418245443355,2.526324999053031,6.332099001156166,227.91935483870967
1781613682,10,GET,/timeline/{user_id},14.300000,0.000000,3,3,3,3,4,4,5,5,5,5,5,627,0,3,3.348811912661169,2.180657989811152,29.718101024627686,3565.3668261563
1781613682,10,GET,/users/{user_id},4.000000,0.000000,3,3,3,3,4,4,4,4,4,4,4,249,0,3,3.0048568272518077,1.881338976090774,24.931082007242367,264.2530120481928
1781613682,10,,Aggregated,49.200000,0.000000,3,3,3,4,4,4,5,6,140,140,140,2441,0,3,4.331338803781962,1.881338976090774,183.94861099659465,5124.282261368292
1781613683,10,GET,/feed/{user_id},19.600000,0.000000,3,3,3,4,4,4,4,6,6,6,6,975,0,3,3.4074553748210654,2.0985449955333024,45.58258200995624,4537.858461538462
1781613683,10,GET,/feed/{user_id}?with_fof=true,9.400000,0.000000,3,3,4,4,4,4,18,84,84,84,84,515,0,3,7.925516649011469,2.4161510227713734,183.94861099659465,11502.743689320389
1781613683,10,POST,/likes,1.000000,0.000000,4,4,4,4,4,4,4,4,4,4,4,40,0,4,4.4900378517922945,3.0410169856622815,24.448488984489813,180.425
1781613683,10,POST,/posts,1.400000,0.000000,3,3,4,4,4,4,4,4,4,4,4,62,0,4,3.6747418245443355,2.526324999053031,6.332099001156166,227.91935483870967
1781613683,10,GET,/timeline/{user_id},14.000000,0.000000,3,3,3,3,4,4,5,5,5,5,5,643,0,3,3.344174634752517,2.180657989811152,29.718101024627686,3545.98133748056
1781613683,10,GET,/users/{user_id},3.800000,0.000000,3,3,3,3,4,4,4,4,4,4,4,256,0,3,3.0009751131956364,1.881338976090774,24.931082007242367,264.265625
1781613683,10,,Aggregated,49.200000,0.000000,3,3,3,4,4,4,4,5,84,84,84,2491,0,3,4.307466676438714,1.881338976090774,183.94861099659465,5105.335608189482
1781613684,10,GET,/feed/{user_id},19.800000,0.000000,3,3,3,4,4,4,5,6,6,6,6,992,0,3,3.4042206769358487,2.0985449955333024,45.58258200995624,4549.926411290323
1781613684,10,GET,/feed/{user_id}?with_fof=true,9.600000,0.000000,3,3,4,4,4,5,84,110,110,110,110,523,0,3,8.050568057909736,2.4161510227713734,183.94861099659465,11507.65774378585
1781613684,10,POST,/likes,1.200000,0.000000,4,4,4,4,4,4,4,4,4,4,4,40,0,4,4.4900378517922945,3.0410169856622815,24.448488984489813,180.425
1781613684,10,POST,/posts,1.200000,0.000000,3,4,4,4,4,4,4,4,4,4,4,66,0,4,3.676409229008255,2.526324999053031,6.332099001156166,227.87878787878788
1781613684,10,GET,/timeline/{user_id},13.300000,0.000000,3,3,3,3,4,4,5,5,5,5,5,656,0,3,3.3430233736619743,2.180657989811152,29.718101024627686,3537.4634146341464
1781613684,10,GET,/users/{user_id},4.300000,0.000000,3,3,3,3,3,4,4,4,4,4,4,258,0,3,3.000223608358128,1.881338976090774,24.931082007242367,264.2480620155039
1781613684,10,,Aggregated,49.400000,0.000000,3,3,3,4,4,4,5,6,110,110,110,2535,0,3,4.330082663933744,1.881338976090774,183.94861099659465,5105.736094674557
1781613685,10,GET,/feed/{user_id},19.900000,0.000000,3,3,3,4,4,4,5,6,6,6,6,1014,0,3,3.4012669452920252,2.0985449955333024,45.58258200995624,4558.738658777121
1781613685,10,GET,/feed/{user_id}?with_fof=true,9.200000,0.000000,3,4,4,4,4,18,84,110,110,110,110,531,0,3,8.016179166280397,2.4161510227713734,183.94861099659465,11489.378531073446
1781613685,10,POST,/likes,1.000000,0.000000,4,4,4,4,4,4,4,4,4,4,4,43,0,4,4.439480234543945,3.0410169856622815,24.448488984489813,180.41860465116278
1781613685,10,POST,/posts,1.200000,0.000000,3,4,4,4,4,4,4,4,4,4,4,67,0,4,3.666278225484429,2.526324999053031,6.332099001156166,227.88059701492537
1781613685,10,GET,/timeline/{user_id},13.000000,0.000000,3,3,3,4,4,4,5,5,5,5,5,671,0,3,3.338093869041113,2.180657989811152,29.718101024627686,3547.1102831594635
1781613685,10,GET,/users/{user_id},4.800000,0.000000,3,3,3,3,4,4,4,4,4,4,4,265,0,3,2.994715596136268,1.881338976090774,24.931082007242367,264.22641509433964
1781613685,10,,Aggregated,49.100000,0.000000,3,3,4,4,4,4,5,6,110,110,110,2591,0,3,4.313189783912215,1.881338976090774,183.94861099659465,5093.2373600926285
1781613686,10,GET,/feed/{user_id},19.600000,0.000000,3,3,3,4,4,4,5,6,6,6,6,1036,0,3,3.3940871221830973,2.0985449955333024,45.58258200995624,4534.953667953668
1781613686,10,GET,/feed/{user_id}?with_fof=true,8.800000,0.000000,3,4,4,4,4,4,84,110,110,110,110,543,0,3,7.910096322876208,2.4161510227713734,183.94861099659465,11500.775322283609
1781613686,10,POST,/likes,0.900000,0.000000,4,4,4,4,4,4,4,4,4,4,4,43,0,4,4.439480234543945,3.0410169856622815,24.448488984489813,180.41860465116278
1781613686,10,POST,/posts,1.400000,0.000000,3,4,4,4,4,4,4,4,4,4,4,68,0,4,3.667908971906667,2.526324999053031,6.332099001156166,227.88235294117646
1781613686,10,GET,/timeline/{user_id},13.700000,0.000000,3,3,3,4,4,4,5,5,5,5,5,681,0,3,3.3367022659312306,2.180657989811152,29.718101024627686,3544.3935389133626
1781613686,10,GET,/users/{user_id},4.600000,0.000000,3,3,3,3,3,4,4,4,4,4,4,269,0,3,2.9966720481806512,1.881338976090774,24.931082007242367,264.25278810408923
1781613686,10,,Aggregated,49.000000,0.000000,3,3,3,4,4,4,5,6,110,110,110,2640,0,3,4.291731456870559,1.881338976090774,183.94861099659465,5095.152651515152
1781613687,10,GET,/feed/{user_id},19.200000,0.000000,3,3,3,4,4,4,5,5,6,6,6,1070,0,3,3.386436305150268,2.0985449955333024,45.58258200995624,4523.595327102804
1781613687,10,GET,/feed/{user_id}?with_fof=true,8.500000,0.000000,3,4,4,4,4,4,84,110,110,110,110,550,0,3,7.851190962458284,2.4161510227713734,183.94861099659465,11506.787272727273
1781613687,10,POST,/likes,1.200000,0.000000,4,4,4,4,4,4,4,4,4,4,4,43,0,4,4.439480234543945,3.0410169856622815,24.448488984489813,180.41860465116278
1781613687,10,POST,/posts,1.400000,0.000000,4,4,4,4,4,5,5,5,5,5,5,69,0,4,3.6800719432337075,2.526324999053031,6.332099001156166,227.8840579710145
1781613687,10,GET,/timeline/{user_id},13.700000,0.000000,3,3,3,4,4,4,5,5,5,5,5,690,0,3,3.3335708016765886,2.180657989811152,29.718101024627686,3541.3202898550726
1781613687,10,GET,/users/{user_id},5.000000,0.000000,3,3,3,3,4,4,4,4,4,4,4,272,0,3,2.999321588076247,1.881338976090774,24.931082007242367,264.2610294117647
1781613687,10,,Aggregated,49.000000,0.000000,3,3,3,4,4,4,5,5,110,110,110,2694,0,3,4.2696524926298975,1.881338976090774,183.94861099659465,5088.289532293987
1781613688,10,GET,/feed/{user_id},20.300000,0.000000,3,3,3,4,4,4,5,5,6,6,6,1087,0,3,3.382169822897726,2.0985449955333024,45.58258200995624,4537.318307267709
1781613688,10,GET,/feed/{user_id}?with_fof=true,8.600000,0.000000,3,4,4,4,4,4,81,110,110,110,110,562,0,3,7.895921107366668,2.4161510227713734,183.94861099659465,11517.73487544484
1781613688,10,POST,/likes,1.000000,0.000000,4,4,4,4,4,4,4,4,4,4,4,43,0,4,4.439480234543945,3.0410169856622815,24.448488984489813,180.41860465116278
1781613688,10,POST,/posts,1.300000,0.000000,3,4,4,4,4,5,5,5,5,5,5,70,0,4,3.671114844369835,2.526324999053031,6.332099001156166,227.88571428571427
1781613688,10,GET,/timeline/{user_id},12.800000,0.000000,3,3,3,4,4,4,5,5,5,5,5,704,0,3,3.3291168538612097,2.180657989811152,29.718101024627686,3521.552556818182
1781613688,10,GET,/users/{user_id},5.400000,0.000000,3,3,3,3,3,4,4,4,4,4,4,276,0,3,2.9967298838343686,1.881338976090774,24.931082007242367,264.2572463768116
1781613688,10,,Aggregated,49.400000,0.000000,3,3,3,4,4,4,5,5,110,110,110,2742,0,3,4.278846703894147,1.881338976090774,183.94861099659465,5098.778264040846
1781613689,10,GET,/feed/{user_id},21.300000,0.000000,3,3,3,3,4,4,5,5,6,6,6,1114,0,3,3.378859400773033,2.0985449955333024,45.58258200995624,4531.182226211849
1781613689,10,GET,/feed/{user_id}?with_fof=true,8.900000,0.000000,3,4,4,4,4,4,81,110,110,110,110,570,0,3,7.833837749632566,2.4161510227713734,183.94861099659465,11521.656140350877
1781613689,10,POST,/likes,1.000000,0.000000,4,4,4,4,4,4,4,4,4,4,4,45,0,4,4.40617640205245,3.0410169856622815,24.448488984489813,180.42222222222222
1781613689,10,POST,/posts,1.300000,0.000000,4,4,4,4,4,5,5,5,5,5,5,73,0,4,3.6826467548962682,2.526324999053031,6.332099001156166,227.8904109589041
1781613689,10,GET,/timeline/{user_id},11.900000,0.000000,3,3,3,4,4,4,5,5,5,5,5,707,0,3,3.3295431133254945,2.180657989811152,29.718101024627686,3532.7906647807636
1781613689,10,GET,/users/{user_id},5.400000,0.000000,3,3,3,3,4,4,4,4,4,4,4,284,0,3,2.9898902321804943,1.881338976090774,24.931082007242367,264.28521126760563
1781613689,10,,Aggregated,49.800000,0.000000,3,3,3,4,4,4,5,5,110,110,110,2793,0,3,4.26049547010809,1.881338976090774,183.94861099659465,5088.641604010025
1781613690,10,GET,/feed/{user_id},21.700000,0.000000,3,3,3,3,4,4,4,5,5,5,5,1134,0,3,3.3776185683071667,2.0985449955333024,45.58258200995624,4530.083774250441
1781613690,10,GET,/feed/{user_id}?with_fof=true,8.800000,0.000000,3,4,4,4,4,4,81,110,110,110,110,577,0,3,7.776031555154763,2.4161510227713734,183.94861099659465,11500.379549393414
1781613690,10,POST,/likes,0.900000,0.000000,4,4,4,4,4,4,4,4,4,4,4,47,0,4,4.350838853303898,2.555429993662983,24.448488984489813,180.40425531914894
1781613690,10,POST,/posts,1.200000,0.000000,4,4,4,4,4,5,5,5,5,5,5,74,0,4,3.679359001359223,2.526324999053031,6.332099001156166,227.8918918918919
1781613690,10,GET,/timeline/{user_id},12.100000,0.000000,3,3,3,4,4,4,5,5,5,5,5,718,0,3,3.3264968010890725,2.180657989811152,29.718101024627686,3562.5222841225627
1781613690,10,GET,/users/{user_id},5.100000,0.000000,3,3,3,3,4,4,4,4,4,4,4,290,0,3,2.988476282615889,1.881338976090774,24.931082007242367,264.3
1781613690,10,,Aggregated,49.800000,0.000000,3,3,3,4,4,4,5,5,110,110,110,2840,0,3,4.242547352510934,1.881338976090774,183.94861099659465,5081.941901408451
1781613691,10,GET,/feed/{user_id},21.800000,0.000000,3,3,3,3,4,4,5,5,5,5,5,1151,0,3,3.375527779739609,2.0985449955333024,45.58258200995624,4542.331016507384
1781613691,10,GET,/feed/{user_id}?with_fof=true,9.000000,0.000000,3,4,4,4,4,5,81,110,110,110,110,587,0,3,7.703045017587328,2.4161510227713734,183.94861099659465,11508.836456558773
1781613691,10,POST,/likes,0.800000,0.000000,4,4,4,4,4,4,4,4,4,4,4,47,0,4,4.350838853303898,2.555429993662983,24.448488984489813,180.40425531914894
1781613691,10,POST,/posts,1.500000,0.000000,4,4,4,4,4,5,5,5,5,5,5,75,0,4,3.6675198546921215,2.526324999053031,6.332099001156166,227.90666666666667
1781613691,10,GET,/timeline/{user_id},11.300000,0.000000,3,3,3,4,4,4,4,5,5,5,5,735,0,3,3.3215072778129606,2.180657989811152,29.718101024627686,3544.9632653061226
1781613691,10,GET,/users/{user_id},5.100000,0.000000,3,3,3,3,4,4,4,4,4,4,4,294,0,3,2.9932869997011737,1.881338976090774,24.931082007242367,264.3299319727891
1781613691,10,,Aggregated,49.500000,0.000000,3,3,3,4,4,4,5,5,110,110,110,2889,0,3,4.2256170100781985,1.881338976090774,183.94861099659465,5085.753894080997
1781613692,10,GET,/feed/{user_id},21.900000,0.000000,3,3,3,4,4,4,5,5,5,5,5,1168,0,3,3.3740219037161743,2.0985449955333024,45.58258200995624,4548.0085616438355
1781613692,10,GET,/feed/{user_id}?with_fof=true,8.800000,0.000000,3,4,4,4,4,5,81,110,110,110,110,598,0,3,7.622794435294517,2.4161510227713734,183.94861099659465,11513.510033444816
1781613692,10,POST,/likes,0.900000,0.000000,4,4,4,4,4,4,4,4,4,4,4,47,0,4,4.350838853303898,2.555429993662983,24.448488984489813,180.40425531914894
1781613692,10,POST,/posts,1.500000,0.000000,4,4,4,4,4,5,5,5,5,5,5,77,0,4,3.664112819567347,2.526324999053031,6.332099001156166,227.9090909090909
1781613692,10,GET,/timeline/{user_id},11.400000,0.000000,3,3,3,3,4,4,4,5,5,5,5,747,0,3,3.3190757338701933,2.180657989811152,29.718101024627686,3555.140562248996
1781613692,10,GET,/users/{user_id},5.200000,0.000000,3,3,3,3,4,4,4,4,4,4,4,299,0,3,2.9882486350133544,1.881338976090774,24.931082007242367,264.3478260869565
1781613692,10,,Aggregated,49.700000,0.000000,3,3,3,4,4,4,5,5,110,110,110,2936,0,3,4.209383748000207,1.881338976090774,183.94861099659465,5094.6563351498635
1781613693,10,GET,/feed/{user_id},21.700000,0.000000,3,3,3,4,4,4,5,5,5,5,5,1189,0,3,3.3745146842402796,2.0985449955333024,45.58258200995624,4550.622371740958
1781613693,10,GET,/feed/{user_id}?with_fof=true,8.800000,0.000000,3,4,4,4,4,5,120,120,120,120,120,605,0,3,7.962941522912068,2.4161510227713734,183.94861099659465,11517.768595041322
1781613693,10,POST,/likes,1.000000,0.000000,4,4,4,4,4,4,4,4,4,4,4,48,0,4,4.342470689152833,2.555429993662983,24.448488984489813,180.39583333333334
1781613693,10,POST,/posts,1.300000,0.000000,4,4,4,4,4,5,5,5,5,5,5,79,0,4,3.6570316470151507,2.526324999053031,6.332099001156166,227.8987341772152
1781613693,10,GET,/timeline/{user_id},11.500000,0.000000,3,3,3,3,4,4,4,4,5,5,5,761,0,3,3.318045069873529,2.180657989811152,29.718101024627686,3564.455978975033
1781613693,10,GET,/users/{user_id},5.100000,0.000000,3,3,3,3,4,4,4,4,4,4,4,304,0,3,2.9852848056179937,1.8795669893734157,24.931082007242367,264.3717105263158
1781613693,10,,Aggregated,49.400000,0.000000,3,3,4,4,4,4,5,5,120,120,120,2986,0,3,4.273201792765791,1.8795669893734157,183.94861099659465,5089.927327528466
1781613694,10,GET,/feed/{user_id},21.500000,0.000000,3,3,3,4,4,4,5,5,6,6,6,1204,0,3,3.375986606016851,2.0985449955333024,45.58258200995624,4548.230897009967
1781613694,10,GET,/feed/{user_id}?with_fof=true,8.800000,0.000000,3,4,4,4,4,74,120,120,120,120,120,616,0,3,8.22774693899026,2.4161510227713734,183.94861099659465,11520.961038961039
1781613694,10,POST,/likes,0.800000,0.000000,4,4,4,4,4,4,4,4,4,4,4,52,0,4,4.308737924685165,2.555429993662983,24.448488984489813,180.3846153846154
1781613694,10,POST,/posts,1.600000,0.000000,4,4,4,4,4,5,5,5,5,5,5,81,0,4,3.6515996311388816,2.526324999053031,6.332099001156166,227.88888888888889
1781613694,10,GET,/timeline/{user_id},11.900000,0.000000,3,3,3,3,4,4,5,5,11,11,11,775,0,3,3.327678685346919,2.180657989811152,29.718101024627686,3567.7741935483873
1781613694,10,GET,/users/{user_id},4.900000,0.000000,3,3,3,3,4,4,4,4,4,4,4,306,0,3,2.986715470339488,1.8795669893734157,24.931082007242367,264.3692810457516
1781613694,10,,Aggregated,49.500000,0.000000,3,3,4,4,4,4,5,74,120,120,120,3034,0,3,4.332794939135106,1.8795669893734157,183.94861099659465,5091.213909030982
1781613695,10,GET,/feed/{user_id},21.000000,0.000000,3,3,4,4,4,4,5,6,11,11,11,1215,0,3,3.3870576647322994,2.0985449955333024,45.58258200995624,4579.510288065843
1781613695,10,GET,/feed/{user_id}?with_fof=true,9.100000,0.000000,3,4,4,4,74,81,120,130,130,130,130,627,0,3,8.613037259059482,2.4161510227713734,183.94861099659465,11524.58692185008
1781613695,10,POST,/likes,0.800000,0.000000,4,4,4,4,4,4,4,4,4,4,4,53,0,4,4.287917643592183,2.555429993662983,24.448488984489813,180.39622641509433
1781613695,10,POST,/posts,1.600000,0.000000,4,4,4,4,4,5,5,5,5,5,5,83,0,4,3.639173724461369,2.526324999053031,6.332099001156166,227.89156626506025
1781613695,10,GET,/timeline/{user_id},11.900000,0.000000,3,3,3,3,4,4,5,5,11,11,11,793,0,3,3.326125671004543,2.180657989811152,29.718101024627686,3566.1841109709962
1781613695,10,GET,/users/{user_id},4.800000,0.000000,3,3,3,3,4,4,4,4,4,4,4,310,0,3,2.9916091351732312,1.8795669893734157,24.931082007242367,264.3741935483871
1781613695,10,,Aggregated,49.200000,0.000000,3,3,4,4,4,5,11,81,130,130,130,3081,0,3,4.417389473330419,1.8795669893734157,183.94861099659465,5104.977929243752
1781613696,10,GET,/feed/{user_id},21.200000,0.000000,3,3,4,4,4,5,5,6,11,11,11,1235,0,3,3.386738122679361,2.0985449955333024,45.58258200995624,4571.523886639676
1781613696,10,GET,/feed/{user_id}?with_fof=true,8.900000,0.000000,3,4,4,4,74,81,120,130,130,130,130,635,0,3,8.663897479308666,2.4161510227713734,183.94861099659465,11528.510236220473
1781613696,10,POST,/likes,1.200000,0.000000,4,4,4,4,4,4,4,4,4,4,4,53,0,4,4.287917643592183,2.555429993662983,24.448488984489813,180.39622641509433
1781613696,10,POST,/posts,1.500000,0.000000,4,4,4,4,4,5,5,5,5,5,5,85,0,4,3.633684554027722,2.526324999053031,6.332099001156166,227.89411764705883
1781613696,10,GET,/timeline/{user_id},11.900000,0.000000,3,3,3,4,4,4,5,5,11,11,11,804,0,3,3.324242529946678,2.180657989811152,29.718101024627686,3564.7226368159204
1781613696,10,GET,/users/{user_id},4.800000,0.000000,3,3,3,3,4,4,4,4,4,4,4,314,0,3,2.988483541097142,1.8795669893734157,24.931082007242367,264.36942675159236
1781613696,10,,Aggregated,49.500000,0.000000,3,3,4,4,4,5,74,81,130,130,130,3126,0,3,4.4246302396207255,1.8795669893734157,183.94861099659465,5100.58125399872
1781613697,10,GET,/feed/{user_id},20.600000,0.000000,3,3,4,4,4,5,5,6,11,11,11,1255,0,3,3.3889132498279286,2.0985449955333024,45.58258200995624,4565.3211155378485
1781613697,10,GET,/feed/{user_id}?with_fof=true,9.600000,0.000000,4,4,4,4,75,97,120,130,130,130,130,645,0,3,8.766331023883161,2.4161510227713734,183.94861099659465,11516.44031007752
1781613697,10,POST,/likes,1.000000,0.000000,4,4,4,4,4,4,4,4,4,4,4,53,0,4,4.287917643592183,2.555429993662983,24.448488984489813,180.39622641509433
1781613697,10,POST,/posts,1.700000,0.000000,4,4,4,4,4,5,5,5,5,5,5,86,0,4,3.644689070845976,2.526324999053031,6.332099001156166,227.88372093023256
1781613697,10,GET,/timeline/{user_id},11.900000,0.000000,3,3,3,4,4,4,5,5,11,11,11,817,0,3,3.326382751727928,2.180657989811152,29.718101024627686,3578.249694002448
1781613697,10,GET,/users/{user_id},4.400000,0.000000,3,3,3,4,4,4,4,4,4,4,4,319,0,3,2.986390915203717,1.8795669893734157,24.931082007242367,264.37617554858934
1781613697,10,,Aggregated,49.200000,0.000000,3,3,4,4,4,5,75,97,130,130,130,3175,0,3,4.446735730473553,1.8795669893734157,183.94861099659465,5100.632125984252
1781613698,10,GET,/feed/{user_id},19.900000,0.000000,3,3,4,4,4,5,5,6,11,11,11,1273,0,3,3.386843325618694,2.0985449955333024,45.58258200995624,4573.421838177534
1781613698,10,GET,/feed/{user_id}?with_fof=true,9.400000,0.000000,3,4,4,4,74,97,120,130,130,130,130,659,0,3,8.650154578833373,2.4161510227713734,183.94861099659465,11505.971168437025
1781613698,10,POST,/likes,1.000000,0.000000,4,4,4,4,4,4,4,4,4,4,4,53,0,4,4.287917643592183,2.555429993662983,24.448488984489813,180.39622641509433
1781613698,10,POST,/posts,1.700000,0.000000,3,4,4,4,4,5,5,5,5,5,5,87,0,4,3.6371506793403077,2.526324999053031,6.332099001156166,227.8735632183908
1781613698,10,GET,/timeline/{user_id},12.500000,0.000000,3,3,3,4,4,4,5,5,11,11,11,825,0,3,3.3235384220483177,2.180657989811152,29.718101024627686,3578.590303030303
1781613698,10,GET,/users/{user_id},4.500000,0.000000,3,3,3,4,4,4,4,4,4,4,4,325,0,3,2.9897549845134983,1.8795669893734157,24.931082007242367,264.40923076923076
1781613698,10,,Aggregated,49.000000,0.000000,3,3,4,4,4,5,74,97,130,130,130,3222,0,3,4.428673101593275,1.8795669893734157,183.94861099659465,5112.37026691496
1781613699,10,GET,/feed/{user_id},18.500000,0.000000,3,3,4,4,4,5,5,6,11,11,11,1303,0,3,3.3824067272539646,2.0985449955333024,45.58258200995624,4567.023023791251
1781613699,10,GET,/feed/{user_id}?with_fof=true,9.300000,0.000000,3,4,4,4,75,100,120,130,130,130,130,666,0,3,8.740136231928183,2.4161510227713734,183.94861099659465,11509.921921921921
1781613699,10,POST,/likes,1.000000,0.000000,4,4,4,4,4,4,4,4,4,4,4,54,0,4,4.280211797945581,2.555429993662983,24.448488984489813,180.40740740740742
1781613699,10,POST,/posts,1.800000,0.000000,3,4,4,4,4,5,5,5,5,5,5,90,0,4,3.6313032233414964,2.526324999053031,6.332099001156166,227.87777777777777
1781613699,10,GET,/timeline/{user_id},12.500000,0.000000,3,3,3,4,4,4,5,5,11,11,11,834,0,3,3.3255679355540626,2.180657989811152,29.718101024627686,3608.009592326139
1781613699,10,GET,/users/{user_id},4.800000,0.000000,3,3,4,4,4,4,4,4,4,4,4,327,0,3,2.9910508714493833,1.8795669893734157,24.931082007242367,264.4464831804281
1781613699,10,,Aggregated,47.900000,0.000000,3,3,4,4,4,5,75,100,130,130,130,3274,0,3,4.440364299475235,1.8795669893734157,183.94861099659465,5113.697006719609
1781613700,10,GET,/feed/{user_id},18.400000,0.000000,3,3,4,4,4,5,5,6,11,11,11,1324,0,3,3.377246184738281,2.0985449955333024,45.58258200995624,4553.88746223565
1781613700,10,GET,/feed/{user_id}?with_fof=true,9.700000,0.000000,3,4,4,4,77,100,120,130,130,130,130,673,0,3,8.8365917718249,2.4161510227713734,183.94861099659465,11514.369985141158
1781613700,10,POST,/likes,1.000000,0.000000,4,4,4,4,4,5,5,5,5,5,5,57,0,4,4.271247949075411,2.555429993662983,24.448488984489813,180.3859649122807
1781613700,10,POST,/posts,1.800000,0.000000,4,4,4,4,4,5,5,5,5,5,5,92,0,4,3.6287604686905346,2.526324999053031,6.332099001156166,227.8695652173913
1781613700,10,GET,/timeline/{user_id},12.000000,0.000000,3,3,3,4,4,4,5,5,11,11,11,844,0,3,3.3246646319023307,2.180657989811152,29.718101024627686,3603.2274881516587
1781613700,10,GET,/users/{user_id},4.800000,0.000000,3,3,4,4,4,4,4,4,4,4,4,333,0,3,2.9908041561521626,1.8795669893734157,24.931082007242367,264.4384384384384
1781613700,10,,Aggregated,47.700000,0.000000,3,3,4,4,4,5,77,100,130,130,130,3323,0,3,4.4531333254808025,1.8795669893734157,183.94861099659465,5097.486006620524
1781613701,10,GET,/feed/{user_id},18.900000,0.000000,3,3,4,4,4,5,5,6,11,11,11,1346,0,3,3.375069094845336,2.0985449955333024,45.58258200995624,4538.1010401188705
1781613701,10,GET,/feed/{user_id}?with_fof=true,9.500000,0.000000,3,4,4,4,78,110,120,130,130,130,130,679,0,3,8.939844293746855,2.4161510227713734,183.94861099659465,11516.62886597938
1781613701,10,POST,/likes,1.000000,0.000000,4,4,4,4,4,5,5,5,5,5,5,59,0,4,4.240270255634687,2.555429993662983,24.448488984489813,180.38983050847457
1781613701,10,POST,/posts,1.800000,0.000000,3,4,4,4,4,5,5,5,5,5,5,95,0,4,3.607272064791208,2.526324999053031,6.332099001156166,227.86315789473684
1781613701,10,GET,/timeline/{user_id},12.400000,0.000000,3,3,3,4,4,4,5,5,11,11,11,854,0,3,3.32157621124707,2.180657989811152,29.718101024627686,3596.9156908665104
1781613701,10,GET,/users/{user_id},4.400000,0.000000,3,3,4,4,4,4,4,4,4,4,4,338,0,3,2.9890503904495676,1.8795669893734157,24.931082007242367,264.44970414201185
1781613701,10,,Aggregated,48.000000,0.000000,3,3,4,4,4,5,78,110,130,130,130,3371,0,3,4.4653779841977155,1.8795669893734157,183.94861099659465,5079.061109463068
1781613702,10,GET,/feed/{user_id},19.000000,0.000000,3,3,4,4,4,5,5,6,11,11,11,1371,0,3,3.376637781630722,2.0985449955333024,45.58258200995624,4546.679795769512
1781613702,10,GET,/feed/{user_id}?with_fof=true,9.600000,0.000000,3,4,4,4,75,100,110,130,130,130,130,689,0,3,8.8583754491063,2.4161510227713734,183.94861099659465,11519.955007256895
1781613702,10,POST,/likes,1.200000,0.000000,4,4,4,4,4,5,5,5,5,5,5,59,0,4,4.240270255634687,2.555429993662983,24.448488984489813,180.38983050847457
1781613702,10,POST,/posts,1.800000,0.000000,3,4,4,4,4,5,5,5,5,5,5,95,0,4,3.607272064791208,2.526324999053031,6.332099001156166,227.86315789473684
1781613702,10,GET,/timeline/{user_id},12.500000,0.000000,3,3,3,4,4,5,5,5,11,11,11,864,0,3,3.3246728511652757,2.180657989811152,29.718101024627686,3597.3981481481483
1781613702,10,GET,/users/{user_id},4.200000,0.000000,3,3,4,4,4,4,4,4,4,4,4,342,0,3,2.9889514823124217,1.8795669893734157,24.931082007242367,264.4766081871345
1781613702,10,,Aggregated,48.300000,0.000000,3,3,4,4,4,5,75,100,130,130,130,3420,0,3,4.4504083697793035,1.8795669893734157,183.94861099659465,5088.198830409357
1781613703,10,GET,/feed/{user_id},19.400000,0.000000,3,3,4,4,4,5,5,6,11,11,11,1396,0,3,3.376000564927162,2.0985449955333024,45.58258200995624,4544.737106017192
1781613703,10,GET,/feed/{user_id}?with_fof=true,9.400000,0.000000,3,4,4,4,77,100,130,140,140,140,140,698,0,3,8.97632658085152,2.4161510227713734,183.94861099659465,11524.0
1781613703,10,POST,/likes,1.200000,0.000000,4,4,4,4,5,5,5,5,5,5,5,59,0,4,4.240270255634687,2.555429993662983,24.448488984489813,180.38983050847457
1781613703,10,POST,/posts,2.100000,0.000000,3,4,4,4,4,5,5,5,5,5,5,96,0,4,3.6009262309259307,2.526324999053031,6.332099001156166,227.86458333333334
1781613703,10,GET,/timeline/{user_id},12.100000,0.000000,3,3,3,4,4,5,5,5,11,11,11,877,0,3,3.320769664143587,2.180657989811152,29.718101024627686,3604.63511972634
1781613703,10,GET,/users/{user_id},4.400000,0.000000,3,3,3,4,4,4,4,4,4,4,4,345,0,3,2.987208263526765,1.8795669893734157,24.931082007242367,264.4811594202898
1781613703,10,,Aggregated,48.600000,0.000000,3,3,4,4,4,5,77,100,140,140,140,3471,0,3,4.470509781531165,1.8795669893734157,183.94861099659465,5091.683664649957
1781613704,10,GET,/feed/{user_id},19.900000,0.000000,3,3,4,4,4,4,5,5,6,6,6,1416,0,3,3.37403383239838,2.0985449955333024,45.58258200995624,4560.429378531074
1781613704,10,GET,/feed/{user_id}?with_fof=true,9.300000,0.000000,3,4,4,4,4,100,110,140,140,140,140,708,0,3,8.898196454024426,2.4161510227713734,183.94861099659465,11530.679378531073
1781613704,10,POST,/likes,1.200000,0.000000,4,4,4,4,5,5,5,5,5,5,5,59,0,4,4.240270255634687,2.555429993662983,24.448488984489813,180.38983050847457
1781613704,10,POST,/posts,1.800000,0.000000,3,4,4,4,4,5,5,5,5,5,5,98,0,4,3.6005017158161965,2.526324999053031,6.332099001156166,227.8673469387755
1781613704,10,GET,/timeline/{user_id},11.700000,0.000000,3,3,3,4,4,4,5,5,5,5,5,885,0,3,3.32057188751076,2.180657989811152,29.718101024627686,3621.3762711864406
1781613704,10,GET,/users/{user_id},4.300000,0.000000,3,3,3,4,4,4,4,4,4,4,4,352,0,3,2.9907797384525607,1.8795669893734157,24.931082007242367,264.45170454545456
1781613704,10,,Aggregated,48.200000,0.000000,3,3,4,4,4,5,5,100,140,140,140,3518,0,3,4.454815434263831,1.8795669893734157,183.94861099659465,5102.975554292211
1781613705,10,GET,/feed/{user_id},21.300000,0.000000,3,3,3,4,4,4,5,5,6,6,6,1429,0,3,3.371291396551406,2.0985449955333024,45.58258200995624,4553.016095171449
1781613705,10,GET,/feed/{user_id}?with_fof=true,9.200000,0.000000,3,4,4,4,5,100,110,140,140,140,140,719,0,3,8.917965410820951,2.4161510227713734,183.94861099659465,11538.15438108484
1781613705,10,POST,/likes,1.100000,0.000000,4,4,4,4,5,5,5,5,5,5,5,60,0,4,4.234223917592317,2.555429993662983,24.448488984489813,180.4
1781613705,10,POST,/posts,1.800000,0.000000,3,4,4,4,4,5,5,5,5,5,5,99,0,4,3.6028303953259244,2.526324999053031,6.332099001156166,227.87878787878788
1781613705,10,GET,/timeline/{user_id},11.300000,0.000000,3,3,3,3,4,4,5,5,5,5,5,899,0,3,3.3195062497220476,2.180657989811152,29.718101024627686,3637.1201334816465
1781613705,10,GET,/users/{user_id},4.100000,0.000000,3,3,3,4,4,4,4,4,4,4,4,357,0,3,2.9901261510704424,1.8795669893734157,24.931082007242367,264.45098039215685
1781613705,10,,Aggregated,48.800000,0.000000,3,3,4,4,4,4,6,100,140,140,140,3563,0,3,4.4602967540492,1.8795669893734157,183.94861099659465,5107.986808868931
1781613706,10,GET,/feed/{user_id},21.000000,0.000000,3,3,3,4,4,4,5,7,21,21,21,1445,0,3,3.3840230689666018,2.0985449955333024,45.58258200995624,4562.752941176471
1781613706,10,GET,/feed/{user_id}?with_fof=true,9.500000,0.000000,3,4,4,4,18,100,110,140,140,140,140,731,0,3,9.131414074332564,2.4161510227713734,183.94861099659465,11526.12585499316
1781613706,10,POST,/likes,0.700000,0.000000,4,4,5,5,21,21,21,21,21,21,21,61,0,4,4.51234370597913,2.555429993662983,24.448488984489813,180.4262295081967
1781613706,10,POST,/posts,1.600000,0.000000,3,4,4,4,4,4,4,4,4,4,4,100,0,4,3.601535531342961,2.526324999053031,6.332099001156166,227.88
1781613706,10,GET,/timeline/{user_id},11.000000,0.000000,3,3,3,3,4,4,5,5,5,5,5,906,0,3,3.318821055711572,2.180657989811152,29.718101024627686,3639.7527593818986
1781613706,10,GET,/users/{user_id},4.500000,0.000000,3,3,3,3,4,4,4,4,4,4,4,367,0,3,2.9834481497829377,1.8795669893734157,24.931082007242367,264.4059945504087
1781613706,10,,Aggregated,48.300000,0.000000,3,3,4,4,4,4,21,100,140,140,140,3610,0,3,4.515834041450939,1.8795669893734157,183.94861099659465,5110.03407202216
1781613707,10,GET,/feed/{user_id},21.400000,0.000000,3,3,4,4,4,4,5,7,21,21,21,1462,0,3,3.3832902603592565,2.0985449955333024,45.58258200995624,4558.647742818058
1781613707,10,GET,/feed/{user_id}?with_fof=true,9.000000,0.000000,3,4,4,4,6,100,110,140,140,140,140,740,0,3,9.063376055879367,2.4161510227713734,183.94861099659465,11530.117567567568
1781613707,10,POST,/likes,0.600000,0.000000,4,4,4,5,21,21,21,21,21,21,21,62,0,4,4.510166372300215,2.555429993662983,24.448488984489813,180.41935483870967
1781613707,10,POST,/posts,1.600000,0.000000,3,4,4,4,4,4,4,4,4,4,4,101,0,4,3.6003178727264413,2.526324999053031,6.332099001156166,227.87128712871288
1781613707,10,GET,/timeline/{user_id},10.700000,0.000000,3,3,3,3,4,4,5,5,5,5,5,916,0,3,3.319926706874005,2.180657989811152,29.718101024627686,3634.710698689956
1781613707,10,GET,/users/{user_id},4.800000,0.000000,3,3,3,3,4,4,4,4,4,4,4,371,0,3,2.9798348353782824,1.8795669893734157,24.931082007242367,264.39622641509436
1781613707,10,,Aggregated,48.100000,0.000000,3,3,4,4,4,4,21,100,140,140,140,3652,0,3,4.502492510855936,1.8795669893734157,183.94861099659465,5109.1777108433735
1781613708,10,GET,/feed/{user_id},20.700000,0.000000,3,3,4,4,4,4,5,7,21,21,21,1479,0,3,3.380485920615222,2.0985449955333024,45.58258200995624,4559.0067613252195
1781613708,10,GET,/feed/{user_id}?with_fof=true,9.700000,0.000000,3,4,4,4,80,110,140,180,180,180,180,747,0,3,9.353664305681049,2.4161510227713734,183.94861099659465,11533.17670682731
1781613708,10,POST,/likes,0.800000,0.000000,4,4,4,5,21,21,21,21,21,21,21,63,0,4,4.4941921443087125,2.555429993662983,24.448488984489813,180.42857142857142
1781613708,10,POST,/posts,1.500000,0.000000,3,3,4,4,4,4,4,4,4,4,4,101,0,4,3.6003178727264413,2.526324999053031,6.332099001156166,227.87128712871288
1781613708,10,GET,/timeline/{user_id},10.200000,0.000000,3,3,3,3,4,4,5,5,5,5,5,937,0,3,3.3147745031347595,2.180657989811152,29.718101024627686,3629.5144076840984
1781613708,10,GET,/users/{user_id},5.100000,0.000000,3,3,3,3,4,4,4,4,4,4,4,373,0,3,2.9780680372850377,1.8795669893734157,24.931082007242367,264.3941018766756
1781613708,10,,Aggregated,48.000000,0.000000,3,3,4,4,4,4,80,110,180,180,180,3700,0,3,4.5541770839229905,1.8795669893734157,183.94861099659465,5105.921621621622
1781613709,10,GET,/feed/{user_id},21.200000,0.000000,3,3,4,4,4,4,5,7,21,21,21,1494,0,3,3.379258848444672,2.0985449955333024,45.58258200995624,4565.944444444444
1781613709,10,GET,/feed/{user_id}?with_fof=true,9.300000,0.000000,3,4,4,4,6,100,140,180,180,180,180,761,0,3,9.243610900658172,2.4161510227713734,183.94861099659465,11524.609724047306
1781613709,10,POST,/likes,0.900000,0.000000,4,4,4,4,21,21,21,21,21,21,21,63,0,4,4.4941921443087125,2.555429993662983,24.448488984489813,180.42857142857142
1781613709,10,POST,/posts,1.500000,0.000000,3,3,4,4,4,4,4,4,4,4,4,102,0,4,3.6083819914161794,2.526324999053031,6.332099001156166,227.87254901960785
1781613709,10,GET,/timeline/{user_id},10.000000,0.000000,3,3,3,3,4,4,5,5,5,5,5,945,0,3,3.314804890446818,2.180657989811152,29.718101024627686,3638.274074074074
1781613709,10,GET,/users/{user_id},5.200000,0.000000,3,3,3,3,4,4,4,4,4,4,4,383,0,3,2.977544895246231,1.8795669893734157,24.931082007242367,264.3994778067885
1781613709,10,,Aggregated,48.100000,0.000000,3,3,4,4,4,4,21,100,180,180,180,3748,0,3,4.537641408629844,1.8795669893734157,183.94861099659465,5113.605389541089
1781613710,10,GET,/feed/{user_id},20.700000,0.000000,3,3,4,4,4,4,5,7,21,21,21,1517,0,3,3.3770290069058277,2.0985449955333024,45.58258200995624,4566.171390903099
1781613710,10,GET,/feed/{user_id}?with_fof=true,9.100000,0.000000,3,4,4,4,4,80,140,180,180,180,180,771,0,3,9.166846346814033,2.4161510227713734,183.94861099659465,11514.98962386511
1781613710,10,POST,/likes,1.000000,0.000000,4,4,4,4,21,21,21,21,21,21,21,64,0,4,4.474473892059905,2.555429993662983,24.448488984489813,180.453125
1781613710,10,POST,/posts,1.400000,0.000000,3,4,4,4,4,4,4,4,4,4,4,104,0,4,3.616799712640036,2.526324999053031,6.332099001156166,227.8653846153846
1781613710,10,GET,/timeline/{user_id},10.500000,0.000000,3,3,3,3,4,4,5,5,5,5,5,954,0,3,3.312991181832926,2.180657989811152,29.718101024627686,3637.8396226415093
1781613710,10,GET,/users/{user_id},4.900000,0.000000,3,3,3,3,4,4,4,4,4,4,4,388,0,3,2.975599517740943,1.8795669893734157,24.931082007242367,264.409793814433
1781613710,10,,Aggregated,47.600000,0.000000,3,3,4,4,4,4,20,80,180,180,180,3798,0,3,4.520334712066418,1.8795669893734157,183.94861099659465,5111.447077409162
1781613711,10,GET,/feed/{user_id},19.600000,0.000000,3,3,4,4,4,4,5,7,21,21,21,1536,0,3,3.375644583665386,2.0985449955333024,45.58258200995624,4570.345703125
1781613711,10,GET,/feed/{user_id}?with_fof=true,9.400000,0.000000,3,4,4,4,5,100,140,180,180,180,180,784,0,3,9.193756974944298,2.4161510227713734,183.94861099659465,11520.344387755102
1781613711,10,POST,/likes,0.900000,0.000000,4,4,4,4,21,21,21,21,21,21,21,65,0,4,4.462163078222567,2.555429993662983,24.448488984489813,180.43076923076924
1781613711,10,POST,/posts,1.200000,0.000000,4,4,4,4,4,4,4,4,4,4,4,107,0,4,3.6121550104232663,2.526324999053031,6.332099001156166,227.85981308411215
1781613711,10,GET,/timeline/{user_id},11.300000,0.000000,3,3,3,3,4,4,4,4,5,5,5,962,0,3,3.310708418329248,2.180657989811152,29.718101024627686,3640.664241164241
1781613711,10,GET,/users/{user_id},5.500000,0.000000,3,3,3,3,4,4,4,5,5,5,5,393,0,3,2.982181068432799,1.8795669893734157,24.931082007242367,264.44529262086513
1781613711,10,,Aggregated,47.900000,0.000000,3,3,4,4,4,4,21,100,180,180,180,3847,0,3,4.529850635142434,1.8795669893734157,183.94861099659465,5119.406290616064
1781613712,10,GET,/feed/{user_id},18.900000,0.000000,3,3,3,4,4,4,5,7,21,21,21,1558,0,3,3.3738041781615324,2.0985449955333024,45.58258200995624,4559.8421052631575
1781613712,10,GET,/feed/{user_id}?with_fof=true,9.900000,0.000000,3,4,4,4,4,80,110,180,180,180,180,793,0,3,9.125548857939517,2.4161510227713734,183.94861099659465,11526.322824716268
1781613712,10,POST,/likes,0.600000,0.000000,4,4,4,4,21,21,21,21,21,21,21,65,0,4,4.462163078222567,2.555429993662983,24.448488984489813,180.43076923076924
1781613712,10,POST,/posts,1.300000,0.000000,4,4,4,4,4,4,4,4,4,4,4,109,0,4,3.605791670644075,2.526324999053031,6.332099001156166,227.85321100917432
1781613712,10,GET,/timeline/{user_id},11.100000,0.000000,3,3,3,3,4,4,4,4,5,5,5,971,0,3,3.3111871127494785,2.180657989811152,29.718101024627686,3639.183316168898
1781613712,10,GET,/users/{user_id},5.600000,0.000000,3,3,3,3,4,4,4,5,5,5,5,400,0,3,2.977386309648864,1.8795669893734157,24.931082007242367,264.4425
1781613712,10,,Aggregated,47.400000,0.000000,3,3,4,4,4,4,20,80,180,180,180,3896,0,3,4.512868648985027,1.8795669893734157,183.94861099659465,5113.08932238193
1781613713,10,GET,/feed/{user_id},19.100000,0.000000,3,3,3,4,4,4,5,7,21,21,21,1580,0,3,3.3706527257476684,2.0985449955333024,45.58258200995624,4556.56329113924
1781613713,10,GET,/feed/{user_id}?with_fof=true,10.200000,0.000000,3,4,4,4,4,80,110,180,180,180,180,801,0,3,9.065859624578241,2.4161510227713734,183.94861099659465,11529.007490636704
1781613713,10,POST,/likes,0.600000,0.000000,4,4,4,4,21,21,21,21,21,21,21,68,0,4,4.436497442143531,2.555429993662983,24.448488984489813,180.4264705882353
1781613713,10,POST,/posts,1.200000,0.000000,4,4,4,4,4,4,4,4,4,4,4,109,0,4,3.605791670644075,2.526324999053031,6.332099001156166,227.85321100917432
1781613713,10,GET,/timeline/{user_id},10.900000,0.000000,3,3,3,3,4,4,4,5,5,5,5,981,0,3,3.3080016743027674,2.180657989811152,29.718101024627686,3636.4383282364934
1781613713,10,GET,/users/{user_id},5.500000,0.000000,3,3,3,3,4,4,4,5,5,5,5,403,0,3,2.9730742825276075,1.8795669893734157,24.931082007242367,264.42928039702235
1781613713,10,,Aggregated,47.500000,0.000000,3,3,4,4,4,4,20,80,180,180,180,3942,0,3,4.496549102608852,1.8795669893734157,183.94861099659465,5110.380771182141
1781613714,10,GET,/feed/{user_id},18.900000,0.000000,3,3,3,3,4,4,5,7,21,21,21,1596,0,3,3.3682366958879144,2.0985449955333024,45.58258200995624,4560.511278195489
1781613714,10,GET,/feed/{user_id}?with_fof=true,10.200000,0.000000,3,4,4,4,4,80,110,180,180,180,180,812,0,3,8.987651893181159,2.282300003571436,183.94861099659465,11535.312807881774
1781613714,10,POST,/likes,0.600000,0.000000,4,4,4,4,21,21,21,21,21,21,21,69,0,4,4.426747348760188,2.555429993662983,24.448488984489813,180.43478260869566
1781613714,10,POST,/posts,1.300000,0.000000,4,4,4,4,4,4,4,4,4,4,4,109,0,4,3.605791670644075,2.526324999053031,6.332099001156166,227.85321100917432
1781613714,10,GET,/timeline/{user_id},10.800000,0.000000,3,3,3,4,4,4,5,5,5,5,5,996,0,3,3.3090596702548276,2.180657989811152,29.718101024627686,3629.5793172690765
1781613714,10,GET,/users/{user_id},5.700000,0.000000,3,3,3,3,4,4,4,5,5,5,5,408,0,3,2.975158345233307,1.8795669893734157,24.931082007242367,264.4632352941176
1781613714,10,,Aggregated,47.500000,0.000000,3,3,4,4,4,4,7,80,180,180,180,3990,0,3,4.481665162780418,1.8795669893734157,183.94861099659465,5114.159899749374
1781613715,10,GET,/feed/{user_id},18.000000,0.000000,3,3,3,3,4,4,5,5,5,5,5,1612,0,3,3.3671982727858767,2.0985449955333024,45.58258200995624,4558.718362282879
1781613715,10,GET,/feed/{user_id}?with_fof=true,10.400000,0.000000,3,3,4,4,4,4,100,180,180,180,180,820,0,3,8.930078252692843,2.282300003571436,183.94861099659465,11538.913414634146
1781613715,10,POST,/likes,0.900000,0.000000,4,4,4,4,4,4,4,4,4,4,4,71,0,4,4.411176029054946,2.555429993662983,24.448488984489813,180.43661971830986
1781613715,10,POST,/posts,1.300000,0.000000,4,4,4,4,4,5,5,5,5,5,5,111,0,4,3.6154038475738286,2.526324999053031,6.332099001156166,227.85585585585585
1781613715,10,GET,/timeline/{user_id},10.800000,0.000000,3,3,3,4,4,4,5,5,5,5,5,1016,0,3,3.3059092180681504,2.180657989811152,29.718101024627686,3632.4498031496064
1781613715,10,GET,/users/{user_id},5.700000,0.000000,3,3,3,4,4,4,5,5,5,5,5,410,0,3,2.975724289824096,1.8795669893734157,24.931082007242367,264.44878048780487
1781613715,10,,Aggregated,47.100000,0.000000,3,3,3,4,4,4,5,5,180,180,180,4040,0,3,4.466322235759327,1.8795669893734157,183.94861099659465,5110.806683168317
1781613716,10,GET,/feed/{user_id},18.300000,0.000000,3,3,3,3,4,4,5,5,5,5,5,1627,0,3,3.3637836882681427,2.0985449955333024,45.58258200995624,4551.696373693915
1781613716,10,GET,/feed/{user_id}?with_fof=true,10.200000,0.000000,3,3,4,4,4,4,100,180,180,180,180,828,0,3,8.875431672960705,2.282300003571436,183.94861099659465,11542.369565217392
1781613716,10,POST,/likes,1.000000,0.000000,4,4,4,4,4,4,4,4,4,4,4,71,0,4,4.411176029054946,2.555429993662983,24.448488984489813,180.43661971830986
1781613716,10,POST,/posts,1.200000,0.000000,4,4,4,4,4,5,5,5,5,5,5,114,0,4,3.6118789481534215,2.526324999053031,6.332099001156166,227.8684210526316
1781613716,10,GET,/timeline/{user_id},10.900000,0.000000,3,3,3,4,4,4,5,5,5,5,5,1033,0,3,3.304405063488778,2.180657989811152,29.718101024627686,3634.94385285576
1781613716,10,GET,/users/{user_id},5.700000,0.000000,3,3,4,4,4,4,5,5,5,5,5,413,0,3,2.9785399754068274,1.8795669893734157,24.931082007242367,264.4769975786925
1781613716,10,,Aggregated,47.300000,0.000000,3,3,3,4,4,4,5,5,180,180,180,4086,0,3,4.451852331033542,1.8795669893734157,183.94861099659465,5106.609397944199
1781613717,10,GET,/feed/{user_id},18.000000,0.000000,3,3,3,3,4,4,5,5,17,17,17,1648,0,3,3.3699568488090628,2.0985449955333024,45.58258200995624,4548.1820388349515
1781613717,10,GET,/feed/{user_id}?with_fof=true,10.300000,0.000000,3,3,4,4,4,4,79,100,100,100,100,833,0,3,8.93244266895452,2.282300003571436,183.94861099659465,11544.18487394958
1781613717,10,POST,/likes,1.200000,0.000000,4,4,4,4,4,4,4,4,4,4,4,72,0,4,4.40515832047418,2.555429993662983,24.448488984489813,180.41666666666666
1781613717,10,POST,/posts,1.100000,0.000000,4,4,4,4,4,5,5,5,5,5,5,117,0,4,3.5982565734431975,2.526324999053031,6.332099001156166,227.87179487179486
1781613717,10,GET,/timeline/{user_id},11.600000,0.000000,3,3,3,4,4,4,4,5,5,5,5,1048,0,3,3.3053561188867104,2.180657989811152,29.718101024627686,3645.272900763359
1781613717,10,GET,/users/{user_id},5.200000,0.000000,3,3,4,4,4,4,5,5,5,5,5,419,0,3,2.9810082119737302,1.8795669893734157,24.931082007242367,264.4797136038186
1781613717,10,,Aggregated,47.400000,0.000000,3,3,4,4,4,4,5,5,100,100,100,4137,0,3,4.458698743450257,1.8795669893734157,183.94861099659465,5096.065748126662
1781613718,10,GET,/feed/{user_id},18.400000,0.000000,3,3,3,3,4,4,5,5,17,17,17,1666,0,3,3.3660113192660934,2.0985449955333024,45.58258200995624,4553.918967587035
1781613718,10,GET,/feed/{user_id}?with_fof=true,9.600000,0.000000,3,3,4,4,4,4,79,100,100,100,100,838,0,3,8.897197191233397,2.282300003571436,183.94861099659465,11545.231503579953
1781613718,10,POST,/likes,1.000000,0.000000,4,4,4,4,4,4,4,4,4,4,4,73,0,4,4.396483576410029,2.555429993662983,24.448488984489813,180.41095890410958
1781613718,10,POST,/posts,1.400000,0.000000,4,4,4,4,4,5,5,5,5,5,5,120,0,4,3.5978081342667187,2.526324999053031,6.332099001156166,227.86666666666667
1781613718,10,GET,/timeline/{user_id},12.600000,0.000000,3,3,3,4,4,4,4,5,5,5,5,1059,0,3,3.3044084754930343,2.180657989811152,29.718101024627686,3651.9310670443815
1781613718,10,GET,/users/{user_id},4.800000,0.000000,3,3,4,4,4,4,5,5,5,5,5,429,0,3,2.981404132317721,1.8795669893734157,24.931082007242367,264.4918414918415
1781613718,10,,Aggregated,47.800000,0.000000,3,3,3,4,4,4,5,5,100,100,100,4185,0,3,4.443177378650481,1.8795669893734157,183.94861099659465,5085.569653524492
1781613719,10,GET,/feed/{user_id},18.500000,0.000000,3,3,3,3,4,4,5,5,17,17,17,1688,0,3,3.368031392120166,2.0985449955333024,45.58258200995624,4550.642772511848
1781613719,10,GET,/feed/{user_id}?with_fof=true,9.500000,0.000000,3,3,4,4,4,4,79,100,100,100,100,848,0,3,8.8322640097448,2.282300003571436,183.94861099659465,11549.811320754718
1781613719,10,POST,/likes,1.000000,0.000000,4,4,4,4,4,4,4,4,4,4,4,73,0,4,4.396483576410029,2.555429993662983,24.448488984489813,180.41095890410958
1781613719,10,POST,/posts,1.500000,0.000000,4,4,4,4,4,5,5,5,5,5,5,122,0,4,3.6017425338256737,2.526324999053031,6.332099001156166,227.88524590163934
1781613719,10,GET,/timeline/{user_id},12.900000,0.000000,3,3,3,4,4,4,4,5,5,5,5,1071,0,3,3.3055925056452224,2.180657989811152,29.718101024627686,3647.9635854341736
1781613719,10,GET,/users/{user_id},4.800000,0.000000,3,3,3,4,4,4,5,5,5,5,5,432,0,3,2.9795326498532195,1.8795669893734157,24.931082007242367,264.474537037037
1781613719,10,,Aggregated,48.200000,0.000000,3,3,3,4,4,4,5,5,100,100,100,4234,0,3,4.431459716261153,1.8795669893734157,183.94861099659465,5086.89631554086
1781613720,10,GET,/feed/{user_id},18.500000,0.000000,3,3,3,4,4,4,5,5,17,17,17,1711,0,3,3.3680183920750206,2.0985449955333024,45.58258200995624,4544.774985388662
1781613720,10,GET,/feed/{user_id}?with_fof=true,9.000000,0.000000,3,3,4,4,4,4,4,79,79,79,79,856,0,3,8.7836330937288,2.282300003571436,183.94861099659465,11553.382009345794
1781613720,10,POST,/likes,1.000000,0.000000,4,4,4,4,4,4,4,4,4,4,4,74,0,4,4.3807979740007355,2.555429993662983,24.448488984489813,180.40540540540542
1781613720,10,POST,/posts,1.700000,0.000000,3,4,4,4,4,5,5,5,5,5,5,123,0,4,3.598052570104175,2.526324999053031,6.332099001156166,227.8861788617886
1781613720,10,GET,/timeline/{user_id},13.000000,0.000000,3,3,4,4,4,4,5,5,6,6,6,1083,0,3,3.305114095624053,2.180657989811152,29.718101024627686,3643.8504155124656
1781613720,10,GET,/users/{user_id},5.400000,0.000000,3,3,3,4,4,4,5,5,5,5,5,437,0,3,2.9806272693892657,1.8795669893734157,24.931082007242367,264.46681922196797
1781613720,10,,Aggregated,48.600000,0.000000,3,3,4,4,4,4,5,5,79,79,79,4284,0,3,4.418809896254678,1.8795669893734157,183.94861099659465,5081.476890756303
1781613721,10,GET,/feed/{user_id},19.000000,0.000000,3,3,4,4,4,4,5,5,17,17,17,1728,0,3,3.3700294895121865,2.0985449955333024,45.58258200995624,4542.393518518518
1781613721,10,GET,/feed/{user_id}?with_fof=true,8.900000,0.000000,3,4,4,4,4,4,4,79,79,79,79,868,0,3,8.712990843575053,2.282300003571436,183.94861099659465,11559.445852534562
1781613721,10,POST,/likes,1.000000,0.000000,4,4,4,4,4,4,4,4,4,4,4,74,0,4,4.3807979740007355,2.555429993662983,24.448488984489813,180.40540540540542
1781613721,10,POST,/posts,1.900000,0.000000,4,4,4,4,4,5,5,5,5,5,5,125,0,4,3.602724601048976,2.526324999053031,6.332099001156166,227.88
1781613721,10,GET,/timeline/{user_id},12.400000,0.000000,3,3,4,4,4,4,5,5,6,6,6,1096,0,3,3.305532168435531,2.180657989811152,29.718101024627686,3638.019160583942
1781613721,10,GET,/users/{user_id},4.800000,0.000000,3,3,4,4,4,4,4,4,4,4,4,442,0,3,2.9874971826909515,1.8795669893734157,24.931082007242367,264.46153846153845
1781613721,10,,Aggregated,48.000000,0.000000,3,3,4,4,4,4,5,5,79,79,79,4333,0,3,4.408987686744085,1.8795669893734157,183.94861099659465,5083.9720747749825
1781613722,10,GET,/feed/{user_id},19.500000,0.000000,3,3,4,4,4,4,5,5,17,17,17,1748,0,3,3.373044239059682,2.0985449955333024,45.58258200995624,4540.073798627002
1781613722,10,GET,/feed/{user_id}?with_fof=true,8.300000,0.000000,3,4,4,4,4,4,76,79,79,79,79,878,0,3,8.737789384041147,2.282300003571436,183.94861099659465,11561.45444191344
1781613722,10,POST,/likes,1.100000,0.000000,4,4,4,4,4,4,4,4,4,4,4,76,0,4,4.368651934782974,2.555429993662983,24.448488984489813,180.43421052631578
1781613722,10,POST,/posts,1.900000,0.000000,4,4,4,4,4,5,5,5,5,5,5,126,0,4,3.6014812630749056,2.526324999053031,6.332099001156166,227.88095238095238
1781613722,10,GET,/timeline/{user_id},12.600000,0.000000,3,3,4,4,4,4,5,5,6,6,6,1104,0,3,3.3065445929516,2.180657989811152,29.718101024627686,3635.725543478261
1781613722,10,GET,/users/{user_id},5.000000,0.000000,3,4,4,4,4,4,5,5,5,5,5,445,0,3,2.9944310803227965,1.8795669893734157,24.931082007242367,264.4696629213483
1781613722,10,,Aggregated,48.400000,0.000000,3,4,4,4,4,4,5,5,79,79,79,4377,0,3,4.417777394703588,1.8795669893734157,183.94861099659465,5085.894905186201
1781613723,10,GET,/feed/{user_id},19.100000,0.000000,3,3,4,4,4,4,5,5,17,17,17,1760,0,3,3.3726464124397766,2.0985449955333024,45.58258200995624,4536.41875
1781613723,10,GET,/feed/{user_id}?with_fof=true,8.400000,0.000000,3,4,4,4,4,4,76,79,79,79,79,888,0,3,8.677562139849682,2.282300003571436,183.94861099659465,11565.962837837838
1781613723,10,POST,/likes,0.900000,0.000000,4,4,4,4,4,4,4,4,4,4,4,78,0,4,4.351867808369347,2.555429993662983,24.448488984489813,180.43589743589743
1781613723,10,POST,/posts,1.800000,0.000000,4,4,4,4,4,5,5,5,5,5,5,127,0,4,3.605292851515994,2.526324999053031,6.332099001156166,227.88188976377953
1781613723,10,GET,/timeline/{user_id},13.200000,0.000000,3,3,4,4,4,4,4,4,6,6,6,1122,0,3,3.3093785345249307,2.180657989811152,29.718101024627686,3633.2094474153296
1781613723,10,GET,/users/{user_id},4.900000,0.000000,3,4,4,4,4,4,5,5,5,5,5,451,0,3,2.9933596490763597,1.8795669893734157,24.931082007242367,264.4589800443459
1781613723,10,,Aggregated,48.300000,0.000000,3,4,4,4,4,4,5,5,79,79,79,4426,0,3,4.406231058460523,1.8795669893734157,183.94861099659465,5082.1100316312695
1781613724,10,GET,/feed/{user_id},18.900000,0.000000,3,3,4,4,4,5,5,6,17,17,17,1781,0,3,3.3737702126803524,2.0985449955333024,45.58258200995624,4533.7046603032
1781613724,10,GET,/feed/{user_id}?with_fof=true,8.600000,0.000000,4,4,4,4,4,4,76,79,79,79,79,896,0,3,8.633673852922843,2.282300003571436,183.94861099659465,11568.370535714286
1781613724,10,POST,/likes,1.100000,0.000000,4,4,4,4,4,4,4,4,4,4,4,80,0,4,4.347071963275084,2.555429993662983,24.448488984489813,180.45
1781613724,10,POST,/posts,1.800000,0.000000,4,4,4,4,4,4,4,4,4,4,4,129,0,4,3.6068238304881017,2.526324999053031,6.332099001156166,227.87596899224806
1781613724,10,GET,/timeline/{user_id},13.200000,0.000000,3,4,4,4,4,4,4,4,6,6,6,1136,0,3,3.311470666976931,2.180657989811152,29.718101024627686,3642.2051056338028
1781613724,10,GET,/users/{user_id},4.600000,0.000000,3,3,4,4,4,4,5,5,5,5,5,455,0,3,2.9913389290923478,1.8795669893734157,24.931082007242367,264.44835164835166
1781613724,10,,Aggregated,48.200000,0.000000,3,4,4,4,4,4,5,6,79,79,79,4477,0,3,4.395888416935528,1.8795669893734157,183.94861099659465,5079.6267589903955
1781613725,10,GET,/feed/{user_id},18.200000,0.000000,3,4,4,4,4,5,5,6,17,17,17,1800,0,3,3.374109320979591,2.0985449955333024,45.58258200995624,4541.066666666667
1781613725,10,GET,/feed/{user_id}?with_fof=true,8.400000,0.000000,4,4,4,4,4,4,76,79,79,79,79,906,0,3,8.5769256724792,2.282300003571436,183.94861099659465,11572.12803532009
1781613725,10,POST,/likes,1.000000,0.000000,4,4,4,4,4,4,4,4,4,4,4,80,0,4,4.347071963275084,2.555429993662983,24.448488984489813,180.45
1781613725,10,POST,/posts,1.800000,0.000000,4,4,4,4,4,4,4,4,4,4,4,130,0,4,3.609338301108577,2.526324999053031,6.332099001156166,227.87692307692308
1781613725,10,GET,/timeline/{user_id},14.000000,0.000000,3,4,4,4,4,4,4,4,6,6,6,1151,0,3,3.3124286296211434,2.180657989811152,29.718101024627686,3640.51954821894
1781613725,10,GET,/users/{user_id},4.900000,0.000000,3,3,4,4,4,4,5,5,5,5,5,459,0,3,2.9952768446910065,1.8795669893734157,24.931082007242367,264.44444444444446
1781613725,10,,Aggregated,48.300000,0.000000,3,4,4,4,4,4,5,6,79,79,79,4526,0,3,4.385441581449989,1.8795669893734157,183.94861099659465,5084.831197525409
1781613726,10,GET,/feed/{user_id},18.100000,0.000000,3,4,4,4,4,5,5,5,6,6,6,1821,0,3,3.372594249782033,2.0985449955333024,45.58258200995624,4554.084019769358
1781613726,10,GET,/feed/{user_id}?with_fof=true,8.800000,0.000000,4,4,4,4,4,4,5,76,76,76,76,913,0,3,8.53686715693107,2.282300003571436,183.94861099659465,11573.922234392114
1781613726,10,POST,/likes,1.100000,0.000000,4,4,4,4,4,4,4,4,4,4,4,80,0,4,4.347071963275084,2.555429993662983,24.448488984489813,180.45
1781613726,10,POST,/posts,1.900000,0.000000,4,4,4,4,4,4,4,4,4,4,4,131,0,4,3.6137985811615008,2.526324999053031,6.332099001156166,227.87022900763358
1781613726,10,GET,/timeline/{user_id},14.100000,0.000000,3,4,4,4,4,4,4,4,6,6,6,1159,0,3,3.313545374190909,2.180657989811152,29.718101024627686,3642.62726488352
1781613726,10,GET,/users/{user_id},4.500000,0.000000,3,3,4,4,4,4,5,5,5,5,5,467,0,3,2.9903077402643707,1.8795669893734157,24.931082007242367,264.42826552462526
1781613726,10,,Aggregated,48.500000,0.000000,3,4,4,4,4,4,5,5,76,76,76,4571,0,3,4.374031944370167,1.8795669893734157,183.94861099659465,5086.317654780136
1781613727,10,GET,/feed/{user_id},18.600000,0.000000,3,4,4,4,4,5,5,5,6,6,6,1841,0,3,3.3713586278495495,2.0985449955333024,45.58258200995624,4552.322107550244
1781613727,10,GET,/feed/{user_id}?with_fof=true,8.400000,0.000000,4,4,4,4,4,4,76,84,84,84,84,923,0,3,8.56792627438249,2.282300003571436,183.94861099659465,11563.61105092091
1781613727,10,POST,/likes,0.900000,0.000000,4,4,4,4,4,4,4,4,4,4,4,81,0,4,4.336851988531028,2.555429993662983,24.448488984489813,180.4320987654321
1781613727,10,POST,/posts,2.000000,0.000000,4,4,4,4,4,4,4,4,4,4,4,131,0,4,3.6137985811615008,2.526324999053031,6.332099001156166,227.87022900763358
1781613727,10,GET,/timeline/{user_id},13.500000,0.000000,3,4,4,4,4,4,4,4,6,6,6,1168,0,3,3.3143322411950513,2.180657989811152,29.718101024627686,3642.8835616438355
1781613727,10,GET,/users/{user_id},5.100000,0.000000,3,3,4,4,4,4,5,5,5,5,5,475,0,3,2.9888418352378436,1.8795669893734157,24.931082007242367,264.4378947368421
1781613727,10,,Aggregated,48.500000,0.000000,3,4,4,4,4,4,5,5,84,84,84,4619,0,3,4.379822416060408,1.8795669893734157,183.94861099659465,5083.134877679151
1781613728,10,GET,/feed/{user_id},19.500000,0.000000,3,4,4,4,4,4,5,6,6,6,6,1859,0,3,3.3716074281022443,2.0985449955333024,45.58258200995624,4565.759548144163
1781613728,10,GET,/feed/{user_id}?with_fof=true,8.600000,0.000000,4,4,4,4,4,4,76,84,84,84,84,936,0,3,8.53209202695224,2.282300003571436,183.94861099659465,11554.42735042735
1781613728,10,POST,/likes,0.900000,0.000000,4,4,4,4,4,4,4,4,4,4,4,81,0,4,4.336851988531028,2.555429993662983,24.448488984489813,180.4320987654321
1781613728,10,POST,/posts,1.700000,0.000000,4,4,4,4,4,4,4,4,4,4,4,132,0,4,3.6155769101407547,2.526324999053031,6.332099001156166,227.87878787878788
1781613728,10,GET,/timeline/{user_id},12.500000,0.000000,3,4,4,4,4,4,4,4,6,6,6,1177,0,3,3.311255170546113,2.180657989811152,29.718101024627686,3634.1537807986406
1781613728,10,GET,/users/{user_id},5.200000,0.000000,3,3,4,4,4,4,4,5,5,5,5,481,0,3,2.985921541951101,1.8795669893734157,24.931082007242367,264.41995841995845
1781613728,10,,Aggregated,48.400000,0.000000,3,4,4,4,4,4,5,6,84,84,84,4666,0,3,4.3754764480690564,1.8795669893734157,183.94861099659465,5090.435276468067
1781613729,10,GET,/feed/{user_id},19.200000,0.000000,3,4,4,4,4,4,5,6,6,6,6,1871,0,3,3.3721673767111513,2.0985449955333024,45.58258200995624,4557.595938001069
1781613729,10,GET,/feed/{user_id}?with_fof=true,9.000000,0.000000,4,4,4,4,4,5,76,84,84,84,84,947,0,3,8.473633369824277,2.282300003571436,183.94861099659465,11557.359028511088
1781613729,10,POST,/likes,0.900000,0.000000,4,4,4,4,4,4,4,4,4,4,4,81,0,4,4.336851988531028,2.555429993662983,24.448488984489813,180.4320987654321
1781613729,10,POST,/posts,1.500000,0.000000,4,4,4,4,4,4,4,4,4,4,4,133,0,4,3.6173946100735295,2.526324999053031,6.332099001156166,227.88721804511277
1781613729,10,GET,/timeline/{user_id},12.100000,0.000000,3,4,4,4,4,4,4,4,5,5,5,1194,0,3,3.311835424348609,2.180657989811152,29.718101024627686,3653.5586264656617
1781613729,10,GET,/users/{user_id},5.500000,0.000000,3,3,4,4,4,4,5,5,5,5,5,484,0,3,2.984671608806099,1.8795669893734157,24.931082007242367,264.4028925619835
1781613729,10,,Aggregated,48.200000,0.000000,3,4,4,4,4,4,5,6,84,84,84,4710,0,3,4.366277497366314,1.8795669893734157,183.94861099659465,5097.0966029723995
1781613730,10,GET,/feed/{user_id},19.300000,0.000000,3,4,4,4,4,4,5,6,6,6,6,1890,0,3,3.36984844541697,2.0985449955333024,45.58258200995624,4564.02328042328
1781613730,10,GET,/feed/{user_id}?with_fof=true,9.500000,0.000000,3,4,4,4,4,5,76,84,84,84,84,959,0,3,8.405646939768735,2.282300003571436,183.94861099659465,11561.488008342023
1781613730,10,POST,/likes,0.800000,0.000000,4,4,4,4,4,4,4,4,4,4,4,81,0,4,4.336851988531028,2.555429993662983,24.448488984489813,180.4320987654321
1781613730,10,POST,/posts,1.400000,0.000000,4,4,4,4,4,4,4,4,4,4,4,135,0,4,3.6171295712443277,2.526324999053031,6.332099001156166,227.8962962962963
1781613730,10,GET,/timeline/{user_id},11.700000,0.000000,3,4,4,4,4,4,4,4,5,5,5,1209,0,3,3.307367976564441,2.180657989811152,29.718101024627686,3645.997518610422
1781613730,10,GET,/users/{user_id},5.400000,0.000000,3,3,3,4,4,4,5,5,5,5,5,487,0,3,2.983111783707212,1.8795669893734157,24.931082007242367,264.3983572895277
1781613730,10,,Aggregated,48.100000,0.000000,3,4,4,4,4,4,5,6,84,84,84,4761,0,3,4.352238983952344,1.8795669893734157,183.94861099659465,5103.050829657635
1781613731,10,GET,/feed/{user_id},18.400000,0.000000,3,3,4,4,4,4,6,6,7,7,7,1906,0,3,3.3704090597409,2.0985449955333024,45.58258200995624,4546.317943336831
1781613731,10,GET,/feed/{user_id}?with_fof=true,9.800000,0.000000,3,4,4,4,4,4,38,84,84,84,84,974,0,3,8.326133268202122,2.282300003571436,183.94861099659465,11551.507186858316
1781613731,10,POST,/likes,0.800000,0.000000,4,4,4,4,4,4,4,4,4,4,4,81,0,4,4.336851988531028,2.555429993662983,24.448488984489813,180.4320987654321
1781613731,10,POST,/posts,1.200000,0.000000,4,4,4,4,4,4,4,4,4,4,4,137,0,4,3.6179746505821355,2.526324999053031,6.332099001156166,227.8832116788321
1781613731,10,GET,/timeline/{user_id},12.300000,0.000000,3,3,4,4,4,4,4,4,5,5,5,1218,0,3,3.3056667476805686,2.180657989811152,29.718101024627686,3635.3727422003285
1781613731,10,GET,/users/{user_id},5.400000,0.000000,3,3,3,3,4,4,5,5,5,5,5,494,0,3,2.980308311056772,1.8795669893734157,24.931082007242367,264.41295546558706
1781613731,10,,Aggregated,47.900000,0.000000,3,3,4,4,4,4,5,6,84,84,84,4810,0,3,4.3407849092791615,1.8795669893734157,183.94861099659465,5097.877130977131
1781613732,10,GET,/feed/{user_id},18.200000,0.000000,3,3,4,4,4,4,6,6,7,7,7,1923,0,3,3.3706192359923,2.0985449955333024,45.58258200995624,4537.905356214249
1781613732,10,GET,/feed/{user_id}?with_fof=true,10.300000,0.000000,3,4,4,4,4,4,38,84,84,84,84,982,0,3,8.287066324066766,2.282300003571436,183.94861099659465,11553.418533604889
1781613732,10,POST,/likes,0.700000,0.000000,4,4,4,4,4,4,4,4,4,4,4,83,0,4,4.318572771917826,2.555429993662983,24.448488984489813,180.43373493975903
1781613732,10,POST,/posts,1.200000,0.000000,4,4,4,4,4,4,4,4,4,4,4,138,0,4,3.6219237330099703,2.526324999053031,6.332099001156166,227.8768115942029
1781613732,10,GET,/timeline/{user_id},12.400000,0.000000,3,3,4,4,4,4,4,4,5,5,5,1230,0,3,3.3063395655850267,2.180657989811152,29.718101024627686,3627.5439024390244
1781613732,10,GET,/users/{user_id},4.900000,0.000000,3,3,3,3,4,4,4,4,4,4,4,498,0,3,2.9817800996937307,1.8795669893734157,24.931082007242367,264.4096385542169
1781613732,10,,Aggregated,47.700000,0.000000,3,3,4,4,4,4,5,6,84,84,84,4854,0,3,4.332425029169421,1.8795669893734157,183.94861099659465,5091.023279769262
1781613733,10,GET,/feed/{user_id},17.700000,0.000000,3,3,4,4,4,4,5,6,7,7,7,1945,0,3,3.3715706328193447,2.0985449955333024,45.58258200995624,4547.9701799485865
1781613733,10,GET,/feed/{user_id}?with_fof=true,10.800000,0.000000,3,4,4,4,4,4,38,84,84,84,84,989,0,3,8.252916754515564,2.282300003571436,183.94861099659465,11556.145601617796
1781613733,10,POST,/likes,0.700000,0.000000,4,4,4,4,4,4,4,4,4,4,4,83,0,4,4.318572771917826,2.555429993662983,24.448488984489813,180.43373493975903
1781613733,10,POST,/posts,1.200000,0.000000,4,4,4,4,4,4,4,4,4,4,4,142,0,4,3.627913747627196,2.526324999053031,6.332099001156166,227.8732394366197
1781613733,10,GET,/timeline/{user_id},12.100000,0.000000,3,3,4,4,4,4,4,4,5,5,5,1240,0,3,3.306899027149719,2.180657989811152,29.718101024627686,3633.7548387096776
1781613733,10,GET,/users/{user_id},5.100000,0.000000,3,3,3,3,4,4,4,4,4,4,4,505,0,3,2.9819367655741953,1.8795669893734157,24.931082007242367,264.4059405940594
1781613733,10,,Aggregated,47.600000,0.000000,3,3,4,4,4,4,4,6,84,84,84,4904,0,3,4.322976693222345,1.8795669893734157,183.94861099659465,5090.037724306689
1781613734,10,GET,/feed/{user_id},17.500000,0.000000,3,3,4,4,4,4,5,6,7,7,7,1964,0,3,3.3708779352354106,2.0985449955333024,45.58258200995624,4555.107433808554
1781613734,10,GET,/feed/{user_id}?with_fof=true,10.500000,0.000000,3,4,4,4,4,4,38,84,84,84,84,998,0,3,8.210891453118366,2.282300003571436,183.94861099659465,11559.069138276553
1781613734,10,POST,/likes,0.600000,0.000000,4,4,4,4,4,4,4,4,4,4,4,84,0,4,4.308927834374897,2.555429993662983,24.448488984489813,180.4404761904762
1781613734,10,POST,/posts,1.200000,0.000000,4,4,4,4,4,4,4,4,4,4,4,144,0,4,3.6258241262759032,2.526324999053031,6.332099001156166,227.88194444444446
1781613734,10,GET,/timeline/{user_id},12.600000,0.000000,3,3,4,4,4,4,4,4,5,5,5,1250,0,3,3.3052456893026827,2.180657989811152,29.718101024627686,3620.0848
1781613734,10,GET,/users/{user_id},5.300000,0.000000,3,3,3,3,4,4,4,4,4,4,4,510,0,3,2.9823133659745364,1.8795669893734157,24.931082007242367,264.4156862745098
1781613734,10,,Aggregated,47.700000,0.000000,3,3,4,4,4,4,4,6,84,84,84,4950,0,3,4.3134301970830435,1.8795669893734157,183.94861099659465,5088.911515151515
1781613735,10,GET,/feed/{user_id},18.400000,0.000000,3,3,4,4,4,4,4,6,7,7,7,1982,0,3,3.368089333428944,2.0985449955333024,45.58258200995624,4557.3213925327955
1781613735,10,GET,/feed/{user_id}?with_fof=true,10.300000,0.000000,3,4,4,4,4,4,38,84,84,84,84,1005,0,3,8.17719166588724,2.282300003571436,183.94861099659465,11560.742288557214
1781613735,10,POST,/likes,0.500000,0.000000,4,4,4,4,4,4,4,4,4,4,4,84,0,4,4.308927834374897,2.555429993662983,24.448488984489813,180.4404761904762
1781613735,10,POST,/posts,1.500000,0.000000,4,4,4,4,4,4,4,4,4,4,4,145,0,4,3.627621366819046,2.526324999053031,6.332099001156166,227.88275862068966
1781613735,10,GET,/timeline/{user_id},12.000000,0.000000,3,3,3,4,4,4,4,4,5,5,5,1265,0,3,3.30390698157284,2.180657989811152,29.718101024627686,3625.0498023715413
1781613735,10,GET,/users/{user_id},5.300000,0.000000,3,3,3,3,4,4,4,4,4,4,4,516,0,3,2.9812703868974353,1.8795669893734157,24.931082007242367,264.3992248062016
1781613735,10,,Aggregated,48.000000,0.000000,3,3,4,4,4,4,4,6,84,84,84,4997,0,3,4.302454186647552,1.8795669893734157,183.94861099659465,5087.347408445067
1781613736,10,GET,/feed/{user_id},18.200000,0.000000,3,3,4,4,4,4,4,6,7,7,7,2000,0,3,3.3657030069152825,2.0985449955333024,45.58258200995624,4559.7045
1781613736,10,GET,/feed/{user_id}?with_fof=true,10.000000,0.000000,3,4,4,4,4,4,38,84,84,84,84,1010,0,3,8.155502682398442,2.282300003571436,183.94861099659465,11562.125742574257
1781613736,10,POST,/likes,0.400000,0.000000,4,4,4,4,5,5,5,5,5,5,5,86,0,4,4.313197419748555,2.555429993662983,24.448488984489813,180.46511627906978
1781613736,10,POST,/posts,1.500000,0.000000,4,4,4,4,4,4,4,4,4,4,4,147,0,4,3.621277912934849,2.526324999053031,6.332099001156166,227.8843537414966
1781613736,10,GET,/timeline/{user_id},11.500000,0.000000,3,3,3,4,4,4,4,4,5,5,5,1277,0,3,3.30264891127942,2.180657989811152,29.718101024627686,3621.0422866092404
1781613736,10,GET,/users/{user_id},5.700000,0.000000,3,3,3,3,4,4,4,4,4,4,4,526,0,3,2.976713735114928,1.8795669893734157,24.931082007242367,264.384030418251
1781613736,10,,Aggregated,47.300000,0.000000,3,3,4,4,4,4,4,6,84,84,84,5046,0,3,4.291510233596326,1.8795669893734157,183.94861099659465,5075.170828378914
1781613737,10,GET,/feed/{user_id},18.500000,0.000000,3,3,4,4,4,4,4,6,7,7,7,2020,0,3,3.366130689478313,2.0985449955333024,45.58258200995624,4556.543069306931
1781613737,10,GET,/feed/{user_id}?with_fof=true,10.000000,0.000000,3,4,4,4,4,4,5,7,7,7,7,1015,0,3,8.13481516280473,2.282300003571436,183.94861099659465,11563.498522167487
1781613737,10,POST,/likes,0.400000,0.000000,4,4,4,4,5,5,5,5,5,5,5,87,0,4,4.311275414870945,2.555429993662983,24.448488984489813,180.45977011494253
1781613737,10,POST,/posts,1.500000,0.000000,4,4,4,4,4,4,4,4,4,4,4,148,0,4,3.6210494542280465,2.526324999053031,6.332099001156166,227.8783783783784
1781613737,10,GET,/timeline/{user_id},11.600000,0.000000,3,3,3,4,4,4,5,5,5,5,5,1291,0,3,3.306374177159049,2.180657989811152,29.718101024627686,3619.104570100697
1781613737,10,GET,/users/{user_id},5.500000,0.000000,3,3,3,3,4,4,4,4,4,4,4,532,0,3,2.977904764363364,1.8795669893734157,24.931082007242367,264.3853383458647
1781613737,10,,Aggregated,47.500000,0.000000,3,3,4,4,4,4,5,5,7,7,7,5093,0,3,4.284349511224457,1.8795669893734157,183.94861099659465,5066.4659336344
1781613738,10,GET,/feed/{user_id},17.700000,0.000000,3,3,4,4,4,4,4,6,7,7,7,2036,0,3,3.364040641337569,2.0985449955333024,45.58258200995624,4557.563359528487
1781613738,10,GET,/feed/{user_id}?with_fof=true,9.600000,0.000000,3,4,4,4,4,4,5,7,7,7,7,1028,0,3,8.076038413640548,2.282300003571436,183.94861099659465,11568.056420233463
1781613738,10,POST,/likes,0.600000,0.000000,4,4,4,4,5,5,5,5,5,5,5,90,0,4,4.280719367670827,2.555429993662983,24.448488984489813,180.4777777777778
1781613738,10,POST,/posts,1.600000,0.000000,4,4,4,4,4,4,4,4,4,4,4,150,0,4,3.6281716148369014,2.526324999053031,6.332099001156166,227.88666666666666
1781613738,10,GET,/timeline/{user_id},12.000000,0.000000,3,3,4,4,4,4,5,5,5,5,5,1302,0,3,3.305986035122005,2.180657989811152,29.718101024627686,3631.437019969278
1781613738,10,GET,/users/{user_id},5.700000,0.000000,3,3,3,3,4,4,4,4,4,4,4,539,0,3,2.9799855355880047,1.8795669893734157,24.931082007242367,264.39146567717995
1781613738,10,,Aggregated,47.200000,0.000000,3,3,4,4,4,4,5,5,7,7,7,5145,0,3,4.274334449312433,1.8795669893734157,183.94861099659465,5071.375121477162
1781613739,10,GET,/feed/{user_id},17.600000,0.000000,3,3,4,4,4,4,4,5,7,7,7,2056,0,3,3.36188985156448,2.0985449955333024,45.58258200995624,4554.279182879377
1781613739,10,GET,/feed/{user_id}?with_fof=true,9.300000,0.000000,3,4,4,4,4,4,5,7,7,7,7,1035,0,3,8.044256109396752,2.282300003571436,183.94861099659465,11569.284057971014
1781613739,10,POST,/likes,0.500000,0.000000,4,4,4,4,4,5,5,5,5,5,5,92,0,4,4.266983359664901,2.555429993662983,24.448488984489813,180.4891304347826
1781613739,10,POST,/posts,1.700000,0.000000,4,4,4,4,4,4,4,4,4,4,4,156,0,4,3.6337989116033826,2.526324999053031,6.332099001156166,227.89102564102564
1781613739,10,GET,/timeline/{user_id},12.300000,0.000000,3,3,4,4,4,4,4,5,5,5,5,1310,0,3,3.3058862868813756,2.180657989811152,29.718101024627686,3629.5435114503816
1781613739,10,GET,/users/{user_id},5.700000,0.000000,3,3,3,3,4,4,4,4,4,4,4,543,0,3,2.982421877781533,1.8795669893734157,24.931082007242367,264.4014732965009
1781613739,10,,Aggregated,47.100000,0.000000,3,3,4,4,4,4,4,5,7,7,7,5192,0,3,4.265687947378945,1.8795669893734157,183.94861099659465,5063.21937596302
1781613740,10,GET,/feed/{user_id},17.700000,0.000000,3,3,4,4,4,4,4,5,7,7,7,2079,0,3,3.359489973452831,2.0985449955333024,45.58258200995624,4556.702741702742
1781613740,10,GET,/feed/{user_id}?with_fof=true,9.100000,0.000000,3,4,4,4,4,4,5,7,7,7,7,1049,0,3,7.981513183268969,2.282300003571436,183.94861099659465,11562.06291706387
1781613740,10,POST,/likes,0.800000,0.000000,4,4,4,4,4,5,5,5,5,5,5,93,0,4,4.258121269622377,2.555429993662983,24.448488984489813,180.49462365591398
1781613740,10,POST,/posts,1.800000,0.000000,4,4,4,4,4,4,4,4,4,4,4,157,0,4,3.633028370658956,2.526324999053031,6.332099001156166,227.89171974522293
1781613740,10,GET,/timeline/{user_id},12.400000,0.000000,3,3,4,4,4,4,5,5,5,5,5,1319,0,3,3.306583723880688,2.180657989811152,29.718101024627686,3633.45413191812
1781613740,10,GET,/users/{user_id},5.600000,0.000000,3,3,3,3,4,4,4,4,4,4,4,551,0,3,2.983363267989701,1.8795669893734157,24.931082007242367,264.40834845735026
1781613740,10,,Aggregated,47.400000,0.000000,3,3,4,4,4,4,4,5,7,7,7,5248,0,3,4.25468651082067,1.8795669893734157,183.94861099659465,5067.219702743902
1781613741,10,GET,/feed/{user_id},18.900000,0.000000,3,3,4,4,4,4,4,4,5,5,5,2100,0,3,3.358352711767934,2.0985449955333024,45.58258200995624,4550.243809523809
1781613741,10,GET,/feed/{user_id}?with_fof=true,9.000000,0.000000,3,4,4,4,4,4,5,7,7,7,7,1056,0,3,7.950440549476215,2.282300003571436,183.94861099659465,11563.412878787878
1781613741,10,POST,/likes,1.100000,0.000000,4,4,4,4,4,5,5,5,5,5,5,93,0,4,4.258121269622377,2.555429993662983,24.448488984489813,180.49462365591398
1781613741,10,POST,/posts,2.000000,0.000000,4,4,4,4,4,4,4,4,4,4,4,157,0,4,3.633028370658956,2.526324999053031,6.332099001156166,227.89171974522293
1781613741,10,GET,/timeline/{user_id},11.600000,0.000000,3,3,4,4,4,4,5,5,5,5,5,1339,0,3,3.3066953486361963,2.180657989811152,29.718101024627686,3627.3368185212844
1781613741,10,GET,/users/{user_id},5.800000,0.000000,3,3,3,3,4,4,4,4,4,4,4,555,0,3,2.980099375955425,1.8795669893734157,24.931082007242367,264.4018018018018
1781613741,10,,Aggregated,48.400000,0.000000,3,3,4,4,4,4,4,5,7,7,7,5300,0,3,4.244569221265474,1.8795669893734157,183.94861099659465,5060.903396226415
1781613742,10,GET,/feed/{user_id},18.800000,0.000000,3,3,3,4,4,4,4,5,5,5,5,2115,0,3,3.356821488285763,2.0985449955333024,45.58258200995624,4539.505437352246
1781613742,10,GET,/feed/{user_id}?with_fof=true,8.800000,0.000000,3,4,4,4,4,4,5,7,7,7,7,1068,0,3,7.901559003019681,2.282300003571436,183.94861099659465,11567.450374531834
1781613742,10,POST,/likes,1.200000,0.000000,4,4,4,4,4,5,5,5,5,5,5,95,0,4,4.241844232341177,2.555429993662983,24.448488984489813,180.50526315789475
1781613742,10,POST,/posts,2.200000,0.000000,4,4,4,4,4,4,4,4,4,4,4,159,0,4,3.6331328752658583,2.526324999053031,6.332099001156166,227.8930817610063
1781613742,10,GET,/timeline/{user_id},11.300000,0.000000,3,3,3,4,4,4,5,5,5,5,5,1357,0,3,3.3050003816404874,2.180657989811152,29.718101024627686,3621.451731761238
1781613742,10,GET,/users/{user_id},6.200000,0.000000,3,3,3,3,4,4,4,4,4,4,4,556,0,3,2.980548783545483,1.8795669893734157,24.931082007242367,264.4046762589928
1781613742,10,,Aggregated,48.500000,0.000000,3,3,4,4,4,4,4,5,7,7,7,5350,0,3,4.235748866117107,1.8795669893734157,183.94861099659465,5059.774392523364
1781613743,10,GET,/feed/{user_id},19.500000,0.000000,3,3,3,3,4,4,4,5,5,5,5,2140,0,3,3.3542784157064394,2.0985449955333024,45.58258200995624,4542.946261682243
1781613743,10,GET,/feed/{user_id}?with_fof=true,8.200000,0.000000,3,4,4,4,4,4,5,7,7,7,7,1079,0,3,7.854398319001834,2.282300003571436,183.94861099659465,11570.423540315107
1781613743,10,POST,/likes,1.200000,0.000000,4,4,4,4,4,5,5,5,5,5,5,95,0,4,4.241844232341177,2.555429993662983,24.448488984489813,180.50526315789475
1781613743,10,POST,/posts,2.000000,0.000000,4,4,4,4,4,4,4,4,4,4,4,159,0,4,3.6331328752658583,2.526324999053031,6.332099001156166,227.8930817610063
1781613743,10,GET,/timeline/{user_id},11.800000,0.000000,3,3,3,4,4,4,5,5,5,5,5,1362,0,3,3.3042373883111607,2.180657989811152,29.718101024627686,3617.9486049926577
1781613743,10,GET,/users/{user_id},6.200000,0.000000,3,3,3,3,4,4,4,4,4,4,4,562,0,3,2.976895433546498,1.8795669893734157,24.931082007242367,264.4217081850534
1781613743,10,,Aggregated,48.900000,0.000000,3,3,4,4,4,4,4,5,7,7,7,5397,0,3,4.225881319545557,1.8795669893734157,183.94861099659465,5065.04094867519
1781613744,10,GET,/feed/{user_id},19.200000,0.000000,3,3,3,3,4,4,4,5,5,5,5,2158,0,3,3.354008170349141,2.0985449955333024,45.58258200995624,4548.964318813716
1781613744,10,GET,/feed/{user_id}?with_fof=true,8.400000,0.000000,3,4,4,4,4,4,7,80,80,80,80,1088,0,3,7.890828764897485,2.282300003571436,183.94861099659465,11571.667279411764
1781613744,10,POST,/likes,1.300000,0.000000,4,4,4,4,4,5,5,5,5,5,5,95,0,4,4.241844232341177,2.555429993662983,24.448488984489813,180.50526315789475
1781613744,10,POST,/posts,2.100000,0.000000,4,4,4,4,4,4,4,4,4,4,4,163,0,4,3.6358418169165705,2.526324999053031,6.332099001156166,227.90184049079755
1781613744,10,GET,/timeline/{user_id},12.400000,0.000000,3,3,4,4,4,4,5,5,5,5,5,1378,0,3,3.3074594106601554,2.180657989811152,29.718101024627686,3620.4143686502175
1781613744,10,GET,/users/{user_id},5.900000,0.000000,3,3,3,3,4,4,4,4,4,4,4,564,0,3,2.979027371717772,1.8795669893734157,24.931082007242367,264.43794326241135
1781613744,10,,Aggregated,49.300000,0.000000,3,3,4,4,4,4,5,5,80,80,80,5446,0,3,4.233683299961484,1.8795669893734157,183.94861099659465,5067.757803892765
1781613745,10,GET,/feed/{user_id},19.300000,0.000000,3,3,3,3,4,4,4,5,5,5,5,2176,0,3,3.35319830311592,2.0985449955333024,45.58258200995624,4544.837775735294
1781613745,10,GET,/feed/{user_id}?with_fof=true,9.000000,0.000000,3,4,4,4,4,4,18,80,80,80,80,1102,0,3,7.846262010156444,2.282300003571436,183.94861099659465,11565.450998185119
1781613745,10,POST,/likes,1.200000,0.000000,4,4,4,4,4,5,5,5,5,5,5,97,0,4,4.237009505813307,2.555429993662983,24.448488984489813,180.49484536082474
1781613745,10,POST,/posts,1.700000,0.000000,4,4,4,4,4,4,4,4,4,4,4,163,0,4,3.6358418169165705,2.526324999053031,6.332099001156166,227.90184049079755
1781613745,10,GET,/timeline/{user_id},12.400000,0.000000,3,3,4,4,4,4,5,5,5,5,5,1391,0,3,3.305949353601075,2.180657989811152,29.718101024627686,3640.820273184759
1781613745,10,GET,/users/{user_id},5.500000,0.000000,3,3,3,3,4,4,4,4,4,4,4,569,0,3,2.9753656866174576,1.8795669893734157,24.931082007242367,264.4288224956063
1781613745,10,,Aggregated,49.100000,0.000000,3,3,4,4,4,4,5,5,80,80,80,5498,0,3,4.226688069759615,1.8795669893734157,183.94861099659465,5075.334849036013
1781613746,10,GET,/feed/{user_id},19.600000,0.000000,3,3,3,3,4,4,5,5,5,5,5,2191,0,3,3.3524957478749053,2.0985449955333024,45.58258200995624,4539.047466910087
1781613746,10,GET,/feed/{user_id}?with_fof=true,9.000000,0.000000,3,4,4,4,4,4,5,18,80,80,80,1115,0,3,7.793752639658849,2.282300003571436,183.94861099659465,11557.956053811658
1781613746,10,POST,/likes,1.100000,0.000000,4,4,4,4,4,4,4,4,4,4,4,99,0,4,4.231710243274016,2.555429993662983,24.448488984489813,180.4848484848485
1781613746,10,POST,/posts,1.900000,0.000000,4,4,4,4,4,4,4,4,4,4,4,165,0,4,3.6347991887437687,2.526324999053031,6.332099001156166,227.8909090909091
1781613746,10,GET,/timeline/{user_id},12.400000,0.000000,3,3,3,4,4,4,5,5,6,6,6,1403,0,3,3.307616468862493,2.180657989811152,29.718101024627686,3642.83891660727
1781613746,10,GET,/users/{user_id},5.400000,0.000000,3,3,3,3,4,4,4,4,4,4,4,576,0,3,2.9781299509118577,1.8795669893734157,24.931082007242367,264.4357638888889
1781613746,10,,Aggregated,49.400000,0.000000,3,3,4,4,4,4,5,5,80,80,80,5549,0,3,4.218782179596268,1.8795669893734157,183.94861099659465,5073.141466930979
1781613747,10,GET,/feed/{user_id},19.400000,0.000000,3,3,3,4,4,4,5,5,5,5,5,2216,0,3,3.351692523256626,2.0985449955333024,45.58258200995624,4537.699458483755
1781613747,10,GET,/feed/{user_id}?with_fof=true,9.600000,0.000000,3,4,4,4,4,4,5,18,80,80,80,1131,0,3,7.729256314986775,2.282300003571436,183.94861099659465,11551.334217506632
1781613747,10,POST,/likes,1.300000,0.000000,4,4,4,4,4,4,4,4,4,4,4,99,0,4,4.231710243274016,2.555429993662983,24.448488984489813,180.4848484848485
1781613747,10,POST,/posts,1.800000,0.000000,4,4,4,4,4,4,4,4,4,4,4,165,0,4,3.6347991887437687,2.526324999053031,6.332099001156166,227.8909090909091
1781613747,10,GET,/timeline/{user_id},12.400000,0.000000,3,3,3,4,4,4,5,5,6,6,6,1410,0,3,3.3070114630081275,2.180657989811152,29.718101024627686,3646.3432624113475
1781613747,10,GET,/users/{user_id},5.300000,0.000000,3,3,3,3,4,4,4,4,4,4,4,580,0,3,2.978342544419916,1.8795669893734157,24.931082007242367,264.44310344827585
1781613747,10,,Aggregated,49.800000,0.000000,3,3,4,4,4,4,5,5,80,80,80,5601,0,3,4.209631412715334,1.8795669893734157,183.94861099659465,5083.073022674523
1781613748,10,GET,/feed/{user_id},18.900000,0.000000,3,3,3,4,4,4,5,5,5,5,5,2234,0,3,3.350514443824172,2.0985449955333024,45.58258200995624,4532.108773500448
1781613748,10,GET,/feed/{user_id}?with_fof=true,10.300000,0.000000,3,4,4,4,4,4,18,77,80,80,80,1142,0,3,7.749763952975729,2.282300003571436,183.94861099659465,11555.944833625219
1781613748,10,POST,/likes,1.300000,0.000000,4,4,4,4,4,4,4,4,4,4,4,100,0,4,4.226313570979983,2.555429993662983,24.448488984489813,180.48
1781613748,10,POST,/posts,1.700000,0.000000,4,4,4,4,4,4,4,4,4,4,4,169,0,4,3.63661812517803,2.526324999053031,6.332099001156166,227.88165680473372
1781613748,10,GET,/timeline/{user_id},12.600000,0.000000,3,3,3,4,4,4,5,5,6,6,6,1421,0,3,3.306347248955505,2.180657989811152,29.718101024627686,3642.698803659395
1781613748,10,GET,/users/{user_id},5.100000,0.000000,3,3,3,4,4,4,4,4,4,4,4,585,0,3,2.9804309089787497,1.8795669893734157,24.931082007242367,264.44615384615383
1781613748,10,,Aggregated,49.900000,0.000000,3,3,4,4,4,4,5,5,80,80,80,5651,0,3,4.2141870544280495,1.8795669893734157,183.94861099659465,5080.367368607326
1781613749,10,GET,/feed/{user_id},19.800000,0.000000,3,3,3,4,4,4,5,5,5,5,5,2258,0,3,3.349454967500774,2.0985449955333024,45.58258200995624,4532.803808680248
1781613749,10,GET,/feed/{user_id}?with_fof=true,11.100000,0.000000,3,4,4,4,4,4,19,77,80,80,80,1153,0,3,7.72281356919892,2.282300003571436,183.94861099659465,11549.098872506505
1781613749,10,POST,/likes,1.300000,0.000000,4,4,4,4,4,4,4,4,4,4,4,101,0,4,4.226635931760515,2.555429993662983,24.448488984489813,180.46534653465346
1781613749,10,POST,/posts,1.700000,0.000000,4,4,4,4,4,4,4,4,4,4,4,170,0,4,3.638620724429048,2.526324999053031,6.332099001156166,227.88235294117646
1781613749,10,GET,/timeline/{user_id},12.000000,0.000000,3,3,4,4,4,4,5,5,6,6,6,1430,0,3,3.3066549578557844,2.180657989811152,29.718101024627686,3645.0846153846155
1781613749,10,GET,/users/{user_id},4.800000,0.000000,3,3,3,3,4,4,4,4,4,4,4,589,0,3,2.9790491303104862,1.8795669893734157,24.931082007242367,264.44482173174873
1781613749,10,,Aggregated,50.700000,0.000000,3,3,4,4,4,4,5,6,80,80,80,5701,0,3,4.209104655613138,1.8795669893734157,183.94861099659465,5082.683388879144
1781613750,10,GET,/feed/{user_id},19.800000,0.000000,3,3,3,4,4,4,5,5,5,5,5,2283,0,3,3.3465965767340036,2.0985449955333024,45.58258200995624,4530.305738063951
1781613750,10,GET,/feed/{user_id}?with_fof=true,11.800000,0.000000,3,4,4,4,4,4,19,77,80,80,80,1159,0,3,7.700055108980796,2.282300003571436,183.94861099659465,11550.81449525453
1781613750,10,POST,/likes,1.100000,0.000000,4,4,4,4,4,4,4,4,4,4,4,101,0,4,4.226635931760515,2.555429993662983,24.448488984489813,180.46534653465346
1781613750,10,POST,/posts,1.900000,0.000000,4,4,4,4,4,4,4,4,4,4,4,172,0,4,3.637902512584629,2.526324999053031,6.332099001156166,227.87790697674419
1781613750,10,GET,/timeline/{user_id},11.800000,0.000000,3,3,4,4,4,4,5,5,6,6,6,1441,0,3,3.305452922811521,2.180657989811152,29.718101024627686,3630.0388619014575
1781613750,10,GET,/users/{user_id},4.700000,0.000000,3,3,3,4,4,4,4,4,4,4,4,593,0,3,2.978624067010914,1.8795669893734157,24.931082007242367,264.4384485666105
1781613750,10,,Aggregated,51.100000,0.000000,3,3,4,4,4,4,5,6,80,80,80,5749,0,3,4.2001626458120915,1.8795669893734157,183.94861099659465,5074.830753174465
1781613751,10,GET,/feed/{user_id},19.600000,0.000000,3,3,3,4,4,4,4,5,5,5,5,2306,0,3,3.343284324685706,2.0985449955333024,45.58258200995624,4531.229835212489
1781613751,10,GET,/feed/{user_id}?with_fof=true,11.500000,0.000000,3,3,4,4,4,4,19,77,80,80,80,1166,0,3,7.67281181759566,2.282300003571436,183.94861099659465,11550.487993138937
1781613751,10,POST,/likes,0.900000,0.000000,4,4,4,4,4,4,4,4,4,4,4,102,0,4,4.22385880494189,2.555429993662983,24.448488984489813,180.45098039215685
1781613751,10,POST,/posts,1.700000,0.000000,4,4,4,4,4,4,4,4,4,4,4,177,0,4,3.6335060176292258,2.526324999053031,6.332099001156166,227.864406779661
1781613751,10,GET,/timeline/{user_id},12.200000,0.000000,3,3,4,4,4,4,5,6,6,6,6,1451,0,3,3.3041274878153093,2.180657989811152,29.718101024627686,3632.0951068228806
1781613751,10,GET,/users/{user_id},4.600000,0.000000,3,3,3,4,4,4,4,4,4,4,4,598,0,3,2.9813380814901085,1.8795669893734157,24.931082007242367,264.45317725752506
1781613751,10,,Aggregated,50.500000,0.000000,3,3,4,4,4,4,5,6,80,80,80,5800,0,3,4.190897509106435,1.8795669893734157,183.94861099659465,5069.6441379310345
1781613752,10,GET,/feed/{user_id},20.200000,0.000000,3,3,3,4,4,4,4,5,5,5,5,2325,0,3,3.3427596815876783,2.0985449955333024,45.58258200995624,4531.531612903226
1781613752,10,GET,/feed/{user_id}?with_fof=true,11.400000,0.000000,3,4,4,4,4,5,77,80,80,80,80,1177,0,3,7.631535195672731,2.282300003571436,183.94861099659465,11553.982158028886
1781613752,10,POST,/likes,0.800000,0.000000,4,4,4,4,4,4,4,4,4,4,4,103,0,4,4.213889020391134,2.555429993662983,24.448488984489813,180.45631067961165
1781613752,10,POST,/posts,1.500000,0.000000,4,4,4,4,4,4,4,4,4,4,4,179,0,4,3.630439235273405,2.526324999053031,6.332099001156166,227.8659217877095
1781613752,10,GET,/timeline/{user_id},12.200000,0.000000,3,3,4,4,4,4,5,5,6,6,6,1465,0,3,3.3052814544699833,2.180657989811152,29.718101024627686,3631.964505119454
1781613752,10,GET,/users/{user_id},4.400000,0.000000,3,3,4,4,4,4,4,4,4,4,4,604,0,3,2.9852223091655476,1.8795669893734157,24.931082007242367,264.4635761589404
1781613752,10,,Aggregated,50.500000,0.000000,3,3,4,4,4,4,5,6,80,80,80,5853,0,3,4.183055524132394,1.8795669893734157,183.94861099659465,5070.013155646677
1781613753,10,GET,/feed/{user_id},20.600000,0.000000,3,3,3,4,4,4,5,5,5,5,5,2342,0,3,3.343082404625165,2.0985449955333024,45.58258200995624,4530.5
1781613753,10,GET,/feed/{user_id}?with_fof=true,10.900000,0.000000,3,4,4,4,4,18,80,120,120,120,120,1182,0,3,7.713784664401874,2.282300003571436,183.94861099659465,11555.468697123519
1781613753,10,POST,/likes,0.800000,0.000000,4,4,4,4,4,4,4,4,4,4,4,105,0,4,4.2005285437751025,2.555429993662983,24.448488984489813,180.45714285714286
1781613753,10,POST,/posts,1.900000,0.000000,4,4,4,4,4,4,4,4,4,4,4,181,0,4,3.6322847740320765,2.526324999053031,6.332099001156166,227.87292817679557
1781613753,10,GET,/timeline/{user_id},11.600000,0.000000,3,3,4,4,4,4,5,5,6,6,6,1477,0,3,3.3042568650923307,2.180657989811152,29.718101024627686,3636.7779282329047
1781613753,10,GET,/users/{user_id},4.200000,0.000000,3,3,3,4,4,4,4,4,4,4,4,614,0,3,2.9808662732052906,1.8795669893734157,24.931082007242367,264.4657980456026
1781613753,10,,Aggregated,50.000000,0.000000,3,3,4,4,4,4,5,18,120,120,120,5901,0,3,4.195277205158577,1.8795669893734157,183.94861099659465,5060.6831045585495
1781613754,10,GET,/feed/{user_id},20.900000,0.000000,3,3,4,4,4,4,5,5,5,5,5,2368,0,3,3.3451070560388603,2.0985449955333024,45.58258200995624,4529.559966216216
1781613754,10,GET,/feed/{user_id}?with_fof=true,11.200000,0.000000,3,4,4,4,4,18,77,120,120,120,120,1189,0,3,7.751084890085781,2.282300003571436,183.94861099659465,11555.011774600505
1781613754,10,POST,/likes,0.800000,0.000000,4,4,4,4,4,4,4,4,4,4,4,106,0,4,4.19928475567535,2.555429993662983,24.448488984489813,180.46226415094338
1781613754,10,POST,/posts,2.000000,0.000000,4,4,4,4,4,4,4,4,4,4,4,181,0,4,3.6322847740320765,2.526324999053031,6.332099001156166,227.87292817679557
1781613754,10,GET,/timeline/{user_id},10.700000,0.000000,3,3,4,4,4,4,5,5,6,6,6,1489,0,3,3.3035431663880077,2.180657989811152,29.718101024627686,3638.375419744795
1781613754,10,GET,/users/{user_id},4.600000,0.000000,3,3,3,4,4,4,4,4,4,4,4,617,0,3,2.981137589548112,1.8795669893734157,24.931082007242367,264.47487844408425
1781613754,10,,Aggregated,50.200000,0.000000,3,3,4,4,4,4,5,18,120,120,120,5950,0,3,4.201371233397704,1.8795669893734157,183.94861099659465,5059.83243697479
1781613755,10,GET,/feed/{user_id},20.300000,0.000000,3,3,3,4,4,4,5,5,5,5,5,2387,0,3,3.3437989403646453,2.0985449955333024,45.58258200995624,4531.760787599497
1781613755,10,GET,/feed/{user_id}?with_fof=true,10.400000,0.000000,3,3,4,4,4,19,77,120,120,120,120,1202,0,3,7.763562705786201,2.282300003571436,183.94861099659465,11559.239600665558
1781613755,10,POST,/likes,1.000000,0.000000,4,4,4,4,4,4,4,4,4,4,4,106,0,4,4.19928475567535,2.555429993662983,24.448488984489813,180.46226415094338
1781613755,10,POST,/posts,2.100000,0.000000,4,4,4,4,4,4,4,4,4,4,4,181,0,4,3.6322847740320765,2.526324999053031,6.332099001156166,227.87292817679557
1781613755,10,GET,/timeline/{user_id},11.100000,0.000000,3,3,4,4,4,4,4,5,5,5,5,1503,0,3,3.3048346917867146,2.180657989811152,29.718101024627686,3634.843646041251
1781613755,10,GET,/users/{user_id},5.300000,0.000000,3,3,3,4,4,4,4,4,4,4,4,620,0,3,2.9812706093164913,1.8795669893734157,24.931082007242367,264.491935483871
1781613755,10,,Aggregated,50.200000,0.000000,3,3,4,4,4,4,5,19,120,120,120,5999,0,3,4.205963075635685,1.8795669893734157,183.94861099659465,5067.352558759793
1781613756,10,GET,/feed/{user_id},20.500000,0.000000,3,3,4,4,4,4,5,5,5,5,5,2409,0,3,3.342502567303959,2.0985449955333024,45.58258200995624,4536.379410543794
1781613756,10,GET,/feed/{user_id}?with_fof=true,10.100000,0.000000,3,3,4,4,4,19,77,120,120,120,120,1209,0,3,7.736742428725977,2.282300003571436,183.94861099659465,11551.86600496278
1781613756,10,POST,/likes,1.100000,0.000000,4,4,4,4,4,4,4,4,4,4,4,107,0,4,4.1916664960689705,2.555429993662983,24.448488984489813,180.47663551401868
1781613756,10,POST,/posts,1.900000,0.000000,4,4,4,4,4,4,4,4,4,4,4,182,0,4,3.629193758939976,2.526324999053031,6.332099001156166,227.87362637362637
1781613756,10,GET,/timeline/{user_id},11.200000,0.000000,3,3,4,4,4,4,5,5,5,5,5,1514,0,3,3.3061625024957686,2.180657989811152,29.718101024627686,3631.8269484808457
1781613756,10,GET,/users/{user_id},5.400000,0.000000,3,3,3,4,4,4,4,4,4,4,4,626,0,3,2.9765755363432067,1.8795669893734157,24.931082007242367,264.4728434504792
1781613756,10,,Aggregated,50.200000,0.000000,3,3,4,4,4,4,5,19,120,120,120,6047,0,3,4.197734111906869,1.8795669893734157,183.94861099659465,5063.547874979328
1781613757,10,GET,/feed/{user_id},21.000000,0.000000,3,3,3,4,4,4,5,5,5,5,5,2431,0,3,3.342048762893804,2.0985449955333024,45.58258200995624,4530.995063759769
1781613757,10,GET,/feed/{user_id}?with_fof=true,10.000000,0.000000,3,4,4,4,4,76,110,120,120,120,120,1222,0,3,7.857947449485463,2.282300003571436,183.94861099659465,11555.070376432079
1781613757,10,POST,/likes,0.900000,0.000000,4,4,4,4,4,4,4,4,4,4,4,108,0,4,4.186518362042046,2.555429993662983,24.448488984489813,180.46296296296296
1781613757,10,POST,/posts,1.800000,0.000000,4,4,4,4,4,4,4,4,4,4,4,185,0,4,3.631903514159038,2.526324999053031,6.332099001156166,227.88108108108108
1781613757,10,GET,/timeline/{user_id},11.400000,0.000000,3,3,4,4,4,4,5,5,5,5,5,1524,0,3,3.306012232145484,2.180657989811152,29.718101024627686,3627.988845144357
1781613757,10,GET,/users/{user_id},5.100000,0.000000,3,3,3,3,4,4,4,4,4,4,4,629,0,3,2.977782839021552,1.8795669893734157,24.931082007242367,264.4737678855326
1781613757,10,,Aggregated,50.200000,0.000000,3,3,4,4,4,4,5,76,120,120,120,6099,0,3,4.2240312357141026,1.8795669893734157,183.94861099659465,5065.125758321036
1781613758,10,GET,/feed/{user_id},22.100000,0.000000,3,3,3,4,4,4,5,5,5,5,5,2449,0,3,3.343299656033325,2.0985449955333024,45.58258200995624,4533.633728052267
1781613758,10,GET,/feed/{user_id}?with_fof=true,9.500000,0.000000,3,4,4,4,5,77,110,120,120,120,120,1230,0,3,7.900970014890209,2.282300003571436,183.94861099659465,11548.135772357724
1781613758,10,POST,/likes,0.700000,0.000000,4,4,4,4,4,4,4,4,4,4,4,111,0,4,4.18146493790151,2.555429993662983,24.448488984489813,180.47747747747746
1781613758,10,POST,/posts,1.700000,0.000000,4,4,4,4,4,4,4,4,4,4,4,185,0,4,3.631903514159038,2.526324999053031,6.332099001156166,227.88108108108108
1781613758,10,GET,/timeline/{user_id},11.100000,0.000000,3,3,4,4,4,4,5,5,5,5,5,1535,0,3,3.3049769679096554,2.180657989811152,29.718101024627686,3635.597394136808
1781613758,10,GET,/users/{user_id},5.000000,0.000000,3,3,3,3,4,4,4,4,4,4,4,637,0,3,2.9729953920889027,1.8795669893734157,24.931082007242367,264.458398744113
1781613758,10,,Aggregated,50.100000,0.000000,3,3,4,4,4,4,5,76,120,120,120,6147,0,3,4.2311560834014985,1.8795669893734157,183.94861099659465,5062.3668456157475
1781613759,10,GET,/feed/{user_id},21.200000,0.000000,3,3,4,4,4,5,5,5,5,5,5,2469,0,3,3.343514721195031,2.0985449955333024,45.58258200995624,4524.871607938437
1781613759,10,GET,/feed/{user_id}?with_fof=true,9.400000,0.000000,3,4,4,4,5,77,110,120,120,120,120,1237,0,3,7.876160428690834,2.282300003571436,183.94861099659465,11549.852869846403
1781613759,10,POST,/likes,0.800000,0.000000,4,4,4,4,4,4,4,4,4,4,4,111,0,4,4.18146493790151,2.555429993662983,24.448488984489813,180.47747747747746
1781613759,10,POST,/posts,1.800000,0.000000,4,4,4,4,4,4,4,4,4,4,4,187,0,4,3.634304861553053,2.526324999053031,6.332099001156166,227.88235294117646
1781613759,10,GET,/timeline/{user_id},11.600000,0.000000,3,3,4,4,4,4,5,5,5,5,5,1549,0,3,3.3051246137644137,2.180657989811152,29.718101024627686,3641.0961910910264
1781613759,10,GET,/users/{user_id},4.900000,0.000000,3,3,3,3,4,4,4,4,4,4,4,638,0,3,2.972354353863533,1.8795669893734157,24.931082007242367,264.4561128526646
1781613759,10,,Aggregated,49.700000,0.000000,3,3,4,4,4,5,5,76,120,120,120,6191,0,3,4.225118077632788,1.8795669893734157,183.94861099659465,5060.653206267162
1781613760,10,GET,/feed/{user_id},21.600000,0.000000,3,3,4,4,4,5,5,5,5,5,5,2483,0,3,3.3420663454107213,2.0985449955333024,45.58258200995624,4515.471606927104
1781613760,10,GET,/feed/{user_id}?with_fof=true,8.500000,0.000000,3,4,4,4,4,76,110,120,120,120,120,1248,0,3,7.8356149385562714,2.282300003571436,183.94861099659465,11544.314903846154
1781613760,10,POST,/likes,1.000000,0.000000,4,4,4,4,4,4,4,4,4,4,4,116,0,4,4.148443182077307,2.555429993662983,24.448488984489813,180.47413793103448
1781613760,10,POST,/posts,1.600000,0.000000,4,4,4,4,4,4,4,4,4,4,4,187,0,4,3.634304861553053,2.526324999053031,6.332099001156166,227.88235294117646
1781613760,10,GET,/timeline/{user_id},11.700000,0.000000,3,3,4,4,4,4,5,5,5,5,5,1561,0,3,3.304270471303475,2.180657989811152,29.718101024627686,3649.860345932095
1781613760,10,GET,/users/{user_id},4.800000,0.000000,3,3,3,3,4,4,4,4,4,4,4,645,0,3,2.970706022889606,1.8795669893734157,24.931082007242367,264.4542635658915
1781613760,10,,Aggregated,49.200000,0.000000,3,3,4,4,4,5,5,76,120,120,120,6240,0,3,4.216683363409127,1.8795669893734157,183.94861099659465,5056.213942307692
1781613761,10,GET,/feed/{user_id},21.300000,0.000000,3,3,4,4,4,5,5,5,5,5,5,2501,0,3,3.339869970660947,2.0985449955333024,45.58258200995624,4506.204318272691
1781613761,10,GET,/feed/{user_id}?with_fof=true,8.500000,0.000000,3,4,4,4,5,77,110,120,120,120,120,1259,0,3,7.879040905809277,2.282300003571436,183.94861099659465,11544.813343923748
1781613761,10,POST,/likes,1.000000,0.000000,4,4,4,4,4,5,5,5,5,5,5,117,0,4,4.153921932795953,2.555429993662983,24.448488984489813,180.47863247863248
1781613761,10,POST,/posts,1.700000,0.000000,4,4,4,4,4,4,4,4,4,4,4,190,0,4,3.632980263730707,2.526324999053031,6.332099001156166,227.8684210526316
1781613761,10,GET,/timeline/{user_id},11.600000,0.000000,3,3,4,4,4,4,5,5,5,5,5,1578,0,3,3.3049425283220866,2.180657989811152,29.718101024627686,3646.9790874524715
1781613761,10,GET,/users/{user_id},5.000000,0.000000,3,3,3,3,4,4,4,4,4,4,4,648,0,3,2.972021633917236,1.8795669893734157,24.931082007242367,264.4675925925926
1781613761,10,,Aggregated,49.100000,0.000000,3,3,4,4,4,5,5,77,120,120,120,6293,0,3,4.2253411316945,1.8795669893734157,183.94861099659465,5052.5434609884
1781613762,10,GET,/feed/{user_id},20.400000,0.000000,3,3,4,4,4,5,5,5,6,6,6,2523,0,3,3.341782834184117,2.0985449955333024,45.58258200995624,4520.151010701546
1781613762,10,GET,/feed/{user_id}?with_fof=true,8.500000,0.000000,3,4,4,4,5,77,110,120,120,120,120,1271,0,3,7.837477592829422,2.282300003571436,183.94861099659465,11547.43666404406
1781613762,10,POST,/likes,1.300000,0.000000,4,4,4,4,4,5,5,5,5,5,5,118,0,4,4.153500823106743,2.555429993662983,24.448488984489813,180.47457627118644
1781613762,10,POST,/posts,1.500000,0.000000,4,4,4,4,4,4,4,4,4,4,4,191,0,4,3.6310871367596325,2.526324999053031,6.332099001156166,227.86910994764398
1781613762,10,GET,/timeline/{user_id},12.200000,0.000000,3,3,4,4,4,5,5,5,6,6,6,1588,0,3,3.306089170474028,2.180657989811152,29.718101024627686,3647.0
1781613762,10,GET,/users/{user_id},5.100000,0.000000,3,3,3,3,4,4,4,4,4,4,4,653,0,3,2.9708723472819947,1.8795669893734157,24.931082007242367,264.4823889739663
1781613762,10,,Aggregated,49.000000,0.000000,3,3,4,4,4,5,6,77,120,120,120,6344,0,3,4.219175929518964,1.8795669893734157,183.94861099659465,5061.490384615385
1781613763,10,GET,/feed/{user_id},19.600000,0.000000,3,3,4,4,4,4,5,5,6,6,6,2546,0,3,3.341005681344975,2.0985449955333024,45.58258200995624,4515.741948153967
1781613763,10,GET,/feed/{user_id}?with_fof=true,9.400000,0.000000,3,4,4,4,4,76,100,110,110,110,110,1279,0,3,7.808973336631637,2.282300003571436,183.94861099659465,11548.817044566067
1781613763,10,POST,/likes,1.600000,0.000000,4,4,4,4,4,5,5,5,5,5,5,119,0,4,4.148087614438959,2.555429993662983,24.448488984489813,180.46218487394958
1781613763,10,POST,/posts,1.300000,0.000000,4,4,4,4,4,4,4,4,4,4,4,192,0,4,3.631094615229813,2.526324999053031,6.332099001156166,227.86458333333334
1781613763,10,GET,/timeline/{user_id},12.500000,0.000000,3,3,4,4,4,5,5,5,6,6,6,1598,0,3,3.3052156149562406,2.180657989811152,29.718101024627686,3646.5869837296623
1781613763,10,GET,/users/{user_id},5.000000,0.000000,3,3,3,3,4,4,5,5,5,5,5,654,0,3,2.97331755621457,1.8795669893734157,24.931082007242367,264.48623853211006
1781613763,10,,Aggregated,49.400000,0.000000,3,3,4,4,4,5,5,76,110,110,110,6388,0,3,4.212735471033646,1.8795669893734157,183.94861099659465,5061.5937695679395
1781613764,10,GET,/feed/{user_id},19.400000,0.000000,3,3,3,4,4,4,5,5,6,6,6,2568,0,3,3.3390080431199523,2.0985449955333024,45.58258200995624,4511.749221183801
1781613764,10,GET,/feed/{user_id}?with_fof=true,8.900000,0.000000,3,4,4,4,4,76,100,110,110,110,110,1289,0,3,7.832470178076509,2.282300003571436,183.94861099659465,11551.43832428239
1781613764,10,POST,/likes,1.500000,0.000000,4,4,4,4,4,5,5,5,5,5,5,121,0,4,4.138591703631692,2.555429993662983,24.448488984489813,180.46280991735537
1781613764,10,POST,/posts,1.200000,0.000000,4,4,4,4,4,4,4,4,4,4,4,194,0,4,3.6309754851600635,2.526324999053031,6.332099001156166,227.86082474226805
1781613764,10,GET,/timeline/{user_id},12.900000,0.000000,3,3,4,4,4,5,5,5,6,6,6,1608,0,3,3.3052358592441076,2.180657989811152,29.718101024627686,3650.902985074627
1781613764,10,GET,/users/{user_id},5.000000,0.000000,3,3,3,3,4,4,5,5,5,5,5,657,0,3,2.972418270580601,1.8795669893734157,24.931082007242367,264.49467275494675
1781613764,10,,Aggregated,48.900000,0.000000,3,3,4,4,4,4,5,76,110,110,110,6437,0,3,4.216794099731105,1.8795669893734157,183.94861099659465,5062.364766195433
1781613765,10,GET,/feed/{user_id},20.100000,0.000000,3,3,4,4,4,4,5,5,6,6,6,2580,0,3,3.3384651398239296,2.0985449955333024,45.58258200995624,4506.82480620155
1781613765,10,GET,/feed/{user_id}?with_fof=true,9.500000,0.000000,3,4,4,4,4,79,100,110,110,110,110,1305,0,3,7.858325244784819,2.282300003571436,183.94861099659465,11555.9908045977
1781613765,10,POST,/likes,1.400000,0.000000,4,4,4,4,4,5,5,5,5,5,5,123,0,4,4.133283269470482,2.555429993662983,24.448488984489813,180.45528455284554
1781613765,10,POST,/posts,1.200000,0.000000,4,4,4,4,4,4,4,4,4,4,4,194,0,4,3.6309754851600635,2.526324999053031,6.332099001156166,227.86082474226805
1781613765,10,GET,/timeline/{user_id},12.300000,0.000000,3,3,3,4,4,4,5,5,6,6,6,1621,0,3,3.302926379883631,2.180657989811152,29.718101024627686,3653.903763109192
1781613765,10,GET,/users/{user_id},4.200000,0.000000,3,3,3,4,4,4,5,5,5,5,5,660,0,3,2.973211898157994,1.8795669893734157,24.931082007242367,264.5060606060606
1781613765,10,,Aggregated,48.700000,0.000000,3,3,4,4,4,5,6,79,110,110,110,6483,0,3,4.226056008951333,1.8795669893734157,183.94861099659465,5070.511954342125
1781613766,10,GET,/feed/{user_id},20.500000,0.000000,3,3,3,4,4,4,5,6,6,6,6,2598,0,3,3.3382854210092736,2.0985449955333024,45.58258200995624,4506.6274056966895
1781613766,10,GET,/feed/{user_id}?with_fof=true,10.000000,0.000000,3,4,4,4,4,19,100,100,100,100,100,1314,0,3,7.827217744645993,2.282300003571436,183.94861099659465,11559.598173515982
1781613766,10,POST,/likes,1.400000,0.000000,4,4,4,4,4,5,5,5,5,5,5,124,0,4,4.130879920511131,2.555429993662983,24.448488984489813,180.45967741935485
1781613766,10,POST,/posts,1.200000,0.000000,4,4,4,4,4,4,4,4,4,4,4,196,0,4,3.6247258220991707,2.526324999053031,6.332099001156166,227.85714285714286
1781613766,10,GET,/timeline/{user_id},11.900000,0.000000,3,3,3,4,4,4,5,5,6,6,6,1633,0,3,3.302138205058046,2.180657989811152,29.718101024627686,3650.1537048377218
1781613766,10,GET,/users/{user_id},3.900000,0.000000,3,3,4,4,4,5,5,5,5,5,5,665,0,3,2.97655859809803,1.8795669893734157,24.931082007242367,264.50977443609025
1781613766,10,,Aggregated,48.900000,0.000000,3,3,4,4,4,4,6,19,100,100,100,6530,0,3,4.219342751625838,1.8795669893734157,183.94861099659465,5069.091424196018
1781613767,10,GET,/feed/{user_id},19.500000,0.000000,3,3,4,4,4,4,5,6,6,6,6,2623,0,3,3.3389934447876795,2.0985449955333024,45.58258200995624,4498.094929470072
1781613767,10,GET,/feed/{user_id}?with_fof=true,10.200000,0.000000,3,4,4,4,4,5,100,100,100,100,100,1324,0,3,7.7938442420934715,2.282300003571436,183.94861099659465,11561.092145015105
1781613767,10,POST,/likes,1.600000,0.000000,4,4,4,4,4,5,5,5,5,5,5,125,0,4,4.12934010499157,2.555429993662983,24.448488984489813,180.472
1781613767,10,POST,/posts,1.300000,0.000000,4,4,4,4,4,4,4,4,4,4,4,196,0,4,3.6247258220991707,2.526324999053031,6.332099001156166,227.85714285714286
1781613767,10,GET,/timeline/{user_id},11.700000,0.000000,3,3,3,4,4,4,5,5,6,6,6,1645,0,3,3.301394686204067,2.180657989811152,29.718101024627686,3648.351367781155
1781613767,10,GET,/users/{user_id},4.100000,0.000000,3,3,3,4,4,5,5,5,5,5,5,667,0,3,2.975736306966289,1.8795669893734157,24.931082007242367,264.5082458770615
1781613767,10,,Aggregated,48.400000,0.000000,3,3,4,4,4,4,5,6,100,100,100,6580,0,3,4.212682937996569,1.8795669893734157,183.94861099659465,5068.476139817629
1781613768,10,GET,/feed/{user_id},18.900000,0.000000,3,3,3,4,4,4,5,6,6,6,6,2644,0,3,3.337179289991776,2.0985449955333024,45.58258200995624,4494.7363842662635
1781613768,10,GET,/feed/{user_id}?with_fof=true,10.400000,0.000000,3,4,4,4,4,19,100,100,100,100,100,1330,0,3,7.842299363578502,2.282300003571436,183.94861099659465,11551.045864661653
1781613768,10,POST,/likes,1.800000,0.000000,4,4,4,4,4,5,5,5,5,5,5,125,0,4,4.12934010499157,2.555429993662983,24.448488984489813,180.472
1781613768,10,POST,/posts,1.500000,0.000000,4,4,4,4,4,4,4,4,4,4,4,198,0,4,3.6215421219234063,2.526324999053031,6.332099001156166,227.86363636363637
1781613768,10,GET,/timeline/{user_id},11.600000,0.000000,3,3,3,4,4,4,5,5,6,6,6,1663,0,3,3.300311267483751,2.180657989811152,29.718101024627686,3642.0078171978353
1781613768,10,GET,/users/{user_id},4.100000,0.000000,3,3,3,4,4,5,5,5,5,5,5,673,0,3,2.97632913928919,1.8795669893734157,24.931082007242367,264.51411589895986
1781613768,10,,Aggregated,48.300000,0.000000,3,3,4,4,4,4,5,19,100,100,100,6633,0,3,4.218073299883845,1.8795669893734157,183.94861099659465,5057.941655359566
1781613769,10,GET,/feed/{user_id},19.300000,0.000000,3,3,4,4,4,4,5,6,6,6,6,2662,0,3,3.3361954905077322,2.0985449955333024,45.58258200995624,4490.337716003005
1781613769,10,GET,/feed/{user_id}?with_fof=true,10.200000,0.000000,3,4,4,4,4,19,100,100,100,100,100,1339,0,3,7.812103258104699,2.282300003571436,183.94861099659465,11552.617625093353
1781613769,10,POST,/likes,1.800000,0.000000,4,4,4,4,4,5,5,5,5,5,5,127,0,4,4.1231820247535715,2.555429993662983,24.448488984489813,180.46456692913387
1781613769,10,POST,/posts,1.300000,0.000000,4,4,4,4,4,4,4,4,4,4,4,200,0,4,3.6247054106206633,2.526324999053031,6.332099001156166,227.865
1781613769,10,GET,/timeline/{user_id},11.600000,0.000000,3,3,3,4,4,4,5,5,6,6,6,1676,0,3,3.3005978471737327,2.180657989811152,29.718101024627686,3640.7046539379476
1781613769,10,GET,/users/{user_id},3.900000,0.000000,3,3,4,4,4,5,5,5,5,5,5,677,0,3,2.977782107438779,1.8795669893734157,24.931082007242367,264.5288035450517
1781613769,10,,Aggregated,48.100000,0.000000,3,3,4,4,4,4,5,19,100,100,100,6681,0,3,4.211600708905978,1.8795669893734157,183.94861099659465,5054.876964526268
1781613770,10,GET,/feed/{user_id},19.200000,0.000000,3,3,4,4,4,4,5,6,6,6,6,2677,0,3,3.3358890301847834,2.0985449955333024,45.58258200995624,4495.05528576765
1781613770,10,GET,/feed/{user_id}?with_fof=true,10.100000,0.000000,3,4,4,4,4,10,79,100,100,100,100,1346,0,3,7.790120016077027,2.282300003571436,183.94861099659465,11554.465824665676
1781613770,10,POST,/likes,1.500000,0.000000,4,4,4,4,4,4,4,4,4,4,4,128,0,4,4.119854125974598,2.555429993662983,24.448488984489813,180.4609375
1781613770,10,POST,/posts,1.200000,0.000000,3,4,4,4,4,4,4,4,4,4,4,202,0,4,3.6215713222587187,2.526324999053031,6.332099001156166,227.86633663366337
1781613770,10,GET,/timeline/{user_id},12.400000,0.000000,3,3,3,4,4,4,5,5,6,6,6,1696,0,3,3.298751730464985,2.180657989811152,29.718101024627686,3650.652712264151
1781613770,10,GET,/users/{user_id},3.900000,0.000000,3,3,4,4,4,5,5,5,5,5,5,679,0,3,2.9795164885671483,1.8795669893734157,24.931082007242367,264.5346097201767
1781613770,10,,Aggregated,48.300000,0.000000,3,3,4,4,4,4,5,10,100,100,100,6728,0,3,4.205164958571799,1.8795669893734157,183.94861099659465,5057.34661117717
1781613771,10,GET,/feed/{user_id},19.600000,0.000000,3,3,4,4,4,4,5,6,6,6,6,2707,0,3,3.33519004354187,2.0985449955333024,45.58258200995624,4506.1067602512
1781613771,10,GET,/feed/{user_id}?with_fof=true,10.100000,0.000000,3,4,4,4,4,10,79,100,100,100,100,1353,0,3,7.767042579948117,2.282300003571436,183.94861099659465,11554.160384331117
1781613771,10,POST,/likes,1.500000,0.000000,4,4,4,4,4,4,4,4,4,4,4,128,0,4,4.119854125974598,2.555429993662983,24.448488984489813,180.4609375
1781613771,10,POST,/posts,1.200000,0.000000,4,4,4,4,4,4,4,4,4,4,4,203,0,4,3.6210856507096456,2.526324999053031,6.332099001156166,227.87192118226602
1781613771,10,GET,/timeline/{user_id},12.600000,0.000000,3,3,3,4,4,4,4,5,5,5,5,1706,0,3,3.2978293093976077,2.180657989811152,29.718101024627686,3656.9484173505275
1781613771,10,GET,/users/{user_id},3.700000,0.000000,3,3,4,4,4,5,5,5,5,5,5,683,0,3,2.97924570090207,1.8795669893734157,24.931082007242367,264.5549048316252
1781613771,10,,Aggregated,48.700000,0.000000,3,3,4,4,4,4,5,10,100,100,100,6780,0,3,4.197715544145263,1.8795669893734157,183.94861099659465,5061.889675516224
1781613772,10,GET,/feed/{user_id},19.100000,0.000000,3,3,4,4,4,4,4,5,6,6,6,2725,0,3,3.3355931992164103,2.0985449955333024,45.58258200995624,4503.432293577982
1781613772,10,GET,/feed/{user_id}?with_fof=true,10.000000,0.000000,3,4,4,4,4,19,100,140,140,140,140,1358,0,3,7.8488223856302675,2.282300003571436,183.94861099659465,11555.467599410898
1781613772,10,POST,/likes,1.400000,0.000000,4,4,4,4,4,4,4,4,4,4,4,128,0,4,4.119854125974598,2.555429993662983,24.448488984489813,180.4609375
1781613772,10,POST,/posts,1.500000,0.000000,4,4,4,4,4,4,4,4,4,4,4,207,0,4,3.623484338466123,2.526324999053031,6.332099001156166,227.8647342995169
1781613772,10,GET,/timeline/{user_id},13.000000,0.000000,3,3,3,4,4,4,4,5,6,6,6,1718,0,3,3.2988837496446646,2.180657989811152,29.718101024627686,3650.399301513388
1781613772,10,GET,/users/{user_id},3.500000,0.000000,3,3,4,4,4,4,5,5,5,5,5,689,0,3,2.980131736906862,1.8795669893734157,24.931082007242367,264.58635703918725
1781613772,10,,Aggregated,48.500000,0.000000,3,3,4,4,4,4,5,19,140,140,140,6825,0,3,4.2119249673782,1.8795669893734157,183.94861099659465,5053.206007326007
1781613773,10,GET,/feed/{user_id},19.900000,0.000000,3,3,4,4,4,4,5,5,6,6,6,2747,0,3,3.334692709794974,2.0985449955333024,45.58258200995624,4502.323989807062
1781613773,10,GET,/feed/{user_id}?with_fof=true,9.600000,0.000000,3,4,4,4,4,10,100,140,140,140,140,1370,0,3,7.807421976386869,2.282300003571436,183.94861099659465,11557.132116788322
1781613773,10,POST,/likes,1.100000,0.000000,4,4,4,4,4,4,4,4,4,4,4,128,0,4,4.119854125974598,2.555429993662983,24.448488984489813,180.4609375
1781613773,10,POST,/posts,1.300000,0.000000,4,4,4,4,4,4,4,4,4,4,4,207,0,4,3.623484338466123,2.526324999053031,6.332099001156166,227.8647342995169
1781613773,10,GET,/timeline/{user_id},12.900000,0.000000,3,3,3,4,4,4,4,5,6,6,6,1732,0,3,3.296097685885669,2.180657989811152,29.718101024627686,3646.107390300231
1781613773,10,GET,/users/{user_id},3.500000,0.000000,3,3,4,4,4,4,5,5,5,5,5,695,0,3,2.981128949226423,1.8795669893734157,24.931082007242367,264.59424460431654
1781613773,10,,Aggregated,48.300000,0.000000,3,3,4,4,4,4,5,10,140,140,140,6879,0,3,4.203328591264774,1.8795669893734157,183.94861099659465,5054.567960459369
1781613774,10,GET,/feed/{user_id},20.600000,0.000000,3,3,4,4,4,4,5,5,6,6,6,2768,0,3,3.3342187553567637,2.0985449955333024,45.58258200995624,4506.298049132948
1781613774,10,GET,/feed/{user_id}?with_fof=true,9.200000,0.000000,3,4,4,4,4,78,120,140,140,140,140,1376,0,3,7.876252134930076,2.282300003571436,183.94861099659465,11558.168604651162
1781613774,10,POST,/likes,1.000000,0.000000,4,4,4,4,4,4,4,4,4,4,4,128,0,4,4.119854125974598,2.555429993662983,24.448488984489813,180.4609375
1781613774,10,POST,/posts,1.400000,0.000000,4,4,4,4,4,4,4,4,4,4,4,207,0,4,3.623484338466123,2.526324999053031,6.332099001156166,227.8647342995169
1781613774,10,GET,/timeline/{user_id},12.700000,0.000000,3,3,3,4,4,4,4,5,6,6,6,1743,0,3,3.296784411330894,2.180657989811152,29.718101024627686,3651.9311531841654
1781613774,10,GET,/users/{user_id},3.400000,0.000000,3,3,4,4,4,4,14,14,14,14,14,705,0,3,2.9967764251310616,1.8795669893734157,24.931082007242367,264.60425531914893
1781613774,10,,Aggregated,48.300000,0.000000,3,3,4,4,4,4,5,19,140,140,140,6927,0,3,4.215860494780668,1.8795669893734157,183.94861099659465,5052.634906886098
1781613775,10,GET,/feed/{user_id},20.200000,0.000000,3,3,4,4,4,4,5,5,6,6,6,2785,0,3,3.334039885026555,2.0985449955333024,45.58258200995624,4504.555116696589
1781613775,10,GET,/feed/{user_id}?with_fof=true,8.700000,0.000000,3,4,4,4,4,19,120,140,140,140,140,1380,0,3,7.862987126556117,2.282300003571436,183.94861099659465,11550.255797101448
1781613775,10,POST,/likes,0.900000,0.000000,4,4,4,4,4,4,4,4,4,4,4,130,0,4,4.104172308535244,2.555429993662983,24.448488984489813,180.47692307692307
1781613775,10,POST,/posts,1.500000,0.000000,4,4,4,4,4,4,4,4,4,4,4,209,0,4,3.625172325721875,2.526324999053031,6.332099001156166,227.86602870813397
1781613775,10,GET,/timeline/{user_id},13.200000,0.000000,3,3,4,4,4,4,4,5,6,6,6,1755,0,3,3.2976871965641417,2.180657989811152,29.718101024627686,3655.7361823361825
1781613775,10,GET,/users/{user_id},4.000000,0.000000,3,3,3,4,4,4,14,14,14,14,14,712,0,3,2.9951827495546586,1.8795669893734157,24.931082007242367,264.6081460674157
1781613775,10,,Aggregated,48.500000,0.000000,3,3,4,4,4,4,5,14,140,140,140,6971,0,3,4.209932273459308,1.8795669893734157,183.94861099659465,5043.730167838186
1781613776,10,GET,/feed/{user_id},19.900000,0.000000,3,3,3,4,4,4,5,5,6,6,6,2801,0,3,3.333053888557881,2.0985449955333024,45.58258200995624,4501.740092823991
1781613776,10,GET,/feed/{user_id}?with_fof=true,8.800000,0.000000,3,4,4,4,4,77,120,140,140,140,140,1391,0,3,7.882065687724942,2.282300003571436,183.94861099659465,11551.29978432782
1781613776,10,POST,/likes,0.800000,0.000000,3,4,4,4,4,4,4,4,4,4,4,131,0,4,4.09820694756296,2.555429993662983,24.448488984489813,180.4885496183206
1781613776,10,POST,/posts,1.400000,0.000000,4,4,4,4,4,4,4,4,4,4,4,213,0,4,3.6240723758811315,2.526324999053031,6.332099001156166,227.86854460093898
1781613776,10,GET,/timeline/{user_id},13.300000,0.000000,3,3,4,4,4,4,4,5,6,6,6,1768,0,3,3.2962667126461653,2.180657989811152,29.718101024627686,3660.7324660633485
1781613776,10,GET,/users/{user_id},4.700000,0.000000,3,3,3,3,4,4,4,14,14,14,14,718,0,3,2.99198007200388,1.8795669893734157,24.931082007242367,264.61420612813373
1781613776,10,,Aggregated,48.900000,0.000000,3,3,4,4,4,4,5,19,140,140,140,7022,0,3,4.213140284723249,1.8795669893734157,183.94861099659465,5042.947878097408
1781613777,10,GET,/feed/{user_id},20.000000,0.000000,3,3,3,4,4,4,5,5,6,6,6,2822,0,3,3.3326171537231546,2.0985449955333024,45.58258200995624,4503.840184266478
1781613777,10,GET,/feed/{user_id}?with_fof=true,7.800000,0.000000,3,4,4,4,4,78,120,140,140,140,140,1402,0,3,7.907337726523287,2.282300003571436,183.94861099659465,11553.629814550643
1781613777,10,POST,/likes,0.800000,0.000000,3,4,4,4,4,4,4,4,4,4,4,133,0,4,4.090883414815985,2.555429993662983,24.448488984489813,180.4812030075188
1781613777,10,POST,/posts,1.500000,0.000000,4,4,4,4,4,4,4,4,4,4,4,214,0,4,3.624771037721075,2.526324999053031,6.332099001156166,227.86915887850466
1781613777,10,GET,/timeline/{user_id},13.400000,0.000000,3,3,4,4,4,4,5,6,6,6,6,1779,0,3,3.2984919662437098,2.180657989811152,29.718101024627686,3663.060146149522
1781613777,10,GET,/users/{user_id},5.100000,0.000000,3,3,3,4,4,4,14,14,14,14,14,719,0,3,2.992959946710668,1.8795669893734157,24.931082007242367,264.6175243393602
1781613777,10,,Aggregated,48.600000,0.000000,3,3,4,4,4,4,6,77,140,140,140,7069,0,3,4.219900552591279,1.8795669893734157,183.94861099659465,5048.470505021926
1781613778,10,GET,/feed/{user_id},20.000000,0.000000,3,3,3,4,4,4,5,5,6,6,6,2838,0,3,3.332664738827217,2.0985449955333024,45.58258200995624,4501.678999295278
1781613778,10,GET,/feed/{user_id}?with_fof=true,7.900000,0.000000,3,4,4,4,4,77,120,140,140,140,140,1413,0,3,7.884473973542112,2.282300003571436,183.94861099659465,11548.292993630574
1781613778,10,POST,/likes,0.600000,0.000000,3,4,4,4,5,5,5,5,5,5,5,135,0,4,4.094490112253913,2.555429993662983,24.448488984489813,180.48888888888888
1781613778,10,POST,/posts,1.500000,0.000000,4,4,4,4,4,4,4,4,4,4,4,214,0,4,3.624771037721075,2.526324999053031,6.332099001156166,227.86915887850466
1781613778,10,GET,/timeline/{user_id},13.500000,0.000000,3,3,4,4,4,4,5,6,6,6,6,1793,0,3,3.2977857818998184,2.180657989811152,29.718101024627686,3664.006134969325
1781613778,10,GET,/users/{user_id},5.300000,0.000000,3,3,4,4,4,4,14,14,14,14,14,725,0,3,2.993360920929639,1.8795669893734157,24.931082007242367,264.6234482758621
1781613778,10,,Aggregated,48.800000,0.000000,3,3,4,4,4,4,5,20,140,140,140,7118,0,3,4.2161334637894905,1.8795669893734157,183.94861099659465,5047.491992132622
1781613779,10,GET,/feed/{user_id},20.100000,0.000000,3,3,3,4,4,4,5,5,6,6,6,2856,0,3,3.3318660181660253,2.0985449955333024,45.58258200995624,4506.550420168067
1781613779,10,GET,/feed/{user_id}?with_fof=true,7.600000,0.000000,3,4,4,4,4,88,120,140,140,140,140,1422,0,3,7.984200084822497,2.282300003571436,183.94861099659465,11549.231364275669
1781613779,10,POST,/likes,0.700000,0.000000,4,4,4,5,5,5,5,5,5,5,5,136,0,4,4.101120015762075,2.555429993662983,24.448488984489813,180.48529411764707
1781613779,10,POST,/posts,1.800000,0.000000,4,4,4,4,4,5,5,5,5,5,5,218,0,4,3.6309026791810255,2.526324999053031,6.332099001156166,227.87155963302752
1781613779,10,GET,/timeline/{user_id},13.700000,0.000000,3,3,4,4,4,4,5,6,6,6,6,1806,0,3,3.2974767922917545,2.180657989811152,29.718101024627686,3659.487818383167
1781613779,10,GET,/users/{user_id},5.200000,0.000000,3,3,3,4,4,4,4,14,14,14,14,732,0,3,2.992910539249182,1.8795669893734157,24.931082007242367,264.62841530054646
1781613779,10,,Aggregated,49.100000,0.000000,3,3,4,4,4,4,6,81,140,140,140,7170,0,3,4.234962981354836,1.8795669893734157,183.94861099659465,5044.725244072524
1781613780,10,GET,/feed/{user_id},19.600000,0.000000,3,3,3,4,4,4,5,5,6,6,6,2876,0,3,3.331675071909072,2.0985449955333024,45.58258200995624,4505.98157162726
1781613780,10,GET,/feed/{user_id}?with_fof=true,8.300000,0.000000,3,4,4,4,4,88,120,140,140,140,140,1433,0,3,7.947904209819033,2.282300003571436,183.94861099659465,11552.29658060014
1781613780,10,POST,/likes,1.000000,0.000000,4,4,4,5,5,5,5,5,5,5,5,136,0,4,4.101120015762075,2.555429993662983,24.448488984489813,180.48529411764707
1781613780,10,POST,/posts,1.700000,0.000000,4,4,4,4,4,5,5,5,5,5,5,220,0,4,3.6290772911425764,2.526324999053031,6.332099001156166,227.86818181818182
1781613780,10,GET,/timeline/{user_id},13.400000,0.000000,3,3,4,4,4,4,5,6,6,6,6,1816,0,3,3.2957651045670606,2.180657989811152,29.718101024627686,3656.339757709251
1781613780,10,GET,/users/{user_id},5.000000,0.000000,3,3,3,4,4,4,4,14,14,14,14,737,0,3,2.995192429758141,1.8795669893734157,24.931082007242367,264.6431478968792
1781613780,10,,Aggregated,49.000000,0.000000,3,3,4,4,4,4,6,81,140,140,140,7218,0,3,4.228312526503423,1.8795669893734157,183.94861099659465,5046.172901080632
1781613781,10,GET,/feed/{user_id},19.000000,0.000000,3,3,3,3,4,4,5,5,6,6,6,2895,0,3,3.3310315598768305,2.0985449955333024,45.58258200995624,4513.391364421416
1781613781,10,GET,/feed/{user_id}?with_fof=true,8.300000,0.000000,3,3,4,4,4,77,110,120,120,120,120,1442,0,3,7.918312664839004,2.282300003571436,183.94861099659465,11554.662968099861
1781613781,10,POST,/likes,1.000000,0.000000,4,4,5,5,5,5,5,5,5,5,5,139,0,4,4.099525382286675,2.555429993662983,24.448488984489813,180.4892086330935
1781613781,10,POST,/posts,1.800000,0.000000,4,4,4,4,4,5,5,5,5,5,5,220,0,4,3.6290772911425764,2.526324999053031,6.332099001156166,227.86818181818182
1781613781,10,GET,/timeline/{user_id},13.100000,0.000000,3,3,4,4,4,4,5,6,6,6,6,1828,0,3,3.294635052431382,2.180657989811152,29.718101024627686,3655.4699124726476
1781613781,10,GET,/users/{user_id},5.400000,0.000000,3,3,3,4,4,4,4,14,14,14,14,740,0,3,2.9958117199114627,1.8795669893734157,24.931082007242367,264.6445945945946
1781613781,10,,Aggregated,48.600000,0.000000,3,3,4,4,4,4,6,77,120,120,120,7264,0,3,4.222090832779396,1.8795669893734157,183.94861099659465,5049.744906387666
1781613782,10,GET,/feed/{user_id},19.800000,0.000000,3,3,3,3,4,4,5,6,21,21,21,2915,0,3,3.3358174332059716,2.0985449955333024,45.58258200995624,4511.022298456261
1781613782,10,GET,/feed/{user_id}?with_fof=true,8.400000,0.000000,3,3,4,4,4,77,110,120,120,120,120,1452,0,3,7.88664848188685,2.282300003571436,183.94861099659465,11549.026859504133
1781613782,10,POST,/likes,0.800000,0.000000,4,4,4,5,5,5,5,5,5,5,5,141,0,4,4.101187774064416,2.555429993662983,24.448488984489813,180.48936170212767
1781613782,10,POST,/posts,1.700000,0.000000,4,4,4,4,4,5,5,5,5,5,5,221,0,4,3.627392692529339,2.526324999053031,6.332099001156166,227.86425339366517
1781613782,10,GET,/timeline/{user_id},12.500000,0.000000,3,3,4,4,4,4,4,5,6,6,6,1840,0,3,3.2946318879745062,2.180657989811152,29.718101024627686,3663.733152173913
1781613782,10,GET,/users/{user_id},5.800000,0.000000,3,3,3,3,4,4,4,14,14,14,14,748,0,3,2.992578210842355,1.8795669893734157,24.931082007242367,264.6417112299465
1781613782,10,,Aggregated,49.000000,0.000000,3,3,4,4,4,4,6,77,120,120,120,7317,0,3,4.217003396237577,1.8795669893734157,183.94861099659465,5047.6759600929345
1781613783,10,GET,/feed/{user_id},19.600000,0.000000,3,3,3,3,4,4,5,6,21,21,21,2936,0,3,3.333978263565072,2.0985449955333024,45.58258200995624,4503.799046321526
1781613783,10,GET,/feed/{user_id}?with_fof=true,8.600000,0.000000,3,4,4,4,4,77,110,120,120,120,120,1459,0,3,7.864778979893358,2.282300003571436,183.94861099659465,11550.06237148732
1781613783,10,POST,/likes,0.900000,0.000000,4,4,4,5,5,5,5,5,5,5,5,142,0,4,4.098152085518937,2.555429993662983,24.448488984489813,180.49295774647888
1781613783,10,POST,/posts,1.800000,0.000000,4,4,4,4,4,5,5,5,5,5,5,224,0,4,3.62447434846607,2.526324999053031,6.332099001156166,227.86607142857142
1781613783,10,GET,/timeline/{user_id},12.100000,0.000000,3,3,4,4,4,4,4,5,6,6,6,1851,0,3,3.293478675240093,2.180657989811152,29.718101024627686,3658.592652620205
1781613783,10,GET,/users/{user_id},5.700000,0.000000,3,3,3,3,4,4,14,14,14,14,14,750,0,3,2.9918560915781804,1.8795669893734157,24.931082007242367,264.64666666666665
1781613783,10,,Aggregated,48.700000,0.000000,3,3,4,4,4,4,6,77,120,120,120,7362,0,3,4.2104338033475415,1.8795669893734157,183.94861099659465,5042.367155664222
1781613784,10,GET,/feed/{user_id},18.900000,0.000000,3,3,3,3,4,4,5,5,21,21,21,2955,0,3,3.333660575238966,2.0985449955333024,45.58258200995624,4510.783079526227
1781613784,10,GET,/feed/{user_id}?with_fof=true,9.000000,0.000000,3,4,4,4,4,20,88,110,110,110,110,1468,0,3,7.847679909841285,2.282300003571436,183.94861099659465,11544.67711171662
1781613784,10,POST,/likes,1.200000,0.000000,4,4,4,5,5,5,5,5,5,5,5,142,0,4,4.098152085518937,2.555429993662983,24.448488984489813,180.49295774647888
1781613784,10,POST,/posts,1.600000,0.000000,4,4,4,4,4,5,5,5,5,5,5,226,0,4,3.6252406063907885,2.526324999053031,6.332099001156166,227.86725663716814
1781613784,10,GET,/timeline/{user_id},12.000000,0.000000,3,3,4,4,4,4,5,5,6,6,6,1862,0,3,3.294130675042639,2.180657989811152,29.718101024627686,3664.0252416756175
1781613784,10,GET,/users/{user_id},6.000000,0.000000,3,3,3,4,4,4,4,4,4,4,4,755,0,3,2.992949950615166,1.8795669893734157,24.931082007242367,264.6596026490066
1781613784,10,,Aggregated,48.700000,0.000000,3,3,4,4,4,4,5,21,110,110,110,7408,0,3,4.207066902039688,1.8795669893734157,183.94861099659465,5045.39835313175
1781613785,10,GET,/feed/{user_id},19.100000,0.000000,3,3,3,3,4,4,4,5,21,21,21,2976,0,3,3.3321180305382994,2.0985449955333024,45.58258200995624,4514.302419354839
1781613785,10,GET,/feed/{user_id}?with_fof=true,9.400000,0.000000,3,3,4,4,4,20,88,110,110,110,110,1480,0,3,7.809464374086756,2.282300003571436,183.94861099659465,11547.656756756756
1781613785,10,POST,/likes,1.300000,0.000000,4,4,4,5,5,5,5,5,5,5,5,143,0,4,4.098320028979097,2.555429993662983,24.448488984489813,180.47552447552448
1781613785,10,POST,/posts,1.400000,0.000000,4,4,4,4,4,5,5,5,5,5,5,228,0,4,3.628557921298412,2.526324999053031,6.332099001156166,227.8684210526316
1781613785,10,GET,/timeline/{user_id},11.900000,0.000000,3,3,4,4,4,4,5,5,6,6,6,1873,0,3,3.2946210955382758,2.180657989811152,29.718101024627686,3672.5066737853713
1781613785,10,GET,/users/{user_id},5.600000,0.000000,3,3,3,4,4,4,4,4,4,4,4,755,0,3,2.992949950615166,1.8795669893734157,24.931082007242367,264.6596026490066
1781613785,10,,Aggregated,48.700000,0.000000,3,3,4,4,4,4,5,20,110,110,110,7455,0,3,4.200974383284785,1.8795669893734157,183.94861099659465,5054.4977867203215
1781613786,10,GET,/feed/{user_id},18.400000,0.000000,3,3,3,3,4,4,4,5,21,21,21,2997,0,3,3.3301582915870322,2.0985449955333024,45.58258200995624,4509.227894561228
1781613786,10,GET,/feed/{user_id}?with_fof=true,9.100000,0.000000,3,4,4,4,4,75,88,110,110,110,110,1492,0,3,7.871210686759474,2.282300003571436,183.94861099659465,11548.349195710456
1781613786,10,POST,/likes,1.400000,0.000000,4,4,4,5,5,5,5,5,5,5,5,145,0,4,4.098060628567854,2.555429993662983,24.448488984489813,180.4758620689655
1781613786,10,POST,/posts,1.700000,0.000000,4,4,4,4,4,5,5,5,5,5,5,228,0,4,3.628557921298412,2.526324999053031,6.332099001156166,227.8684210526316
1781613786,10,GET,/timeline/{user_id},12.300000,0.000000,3,3,4,4,4,4,5,5,6,6,6,1884,0,3,3.2942429155531743,2.180657989811152,29.718101024627686,3672.6640127388537
1781613786,10,GET,/users/{user_id},5.200000,0.000000,3,3,4,4,4,4,4,4,4,4,4,762,0,3,2.9937124930201784,1.8795669893734157,24.931082007242367,264.6679790026247
1781613786,10,,Aggregated,48.100000,0.000000,3,3,4,4,4,4,5,75,110,110,110,7508,0,3,4.213295593275626,1.8795669893734157,183.94861099659465,5053.728289824187
1781613787,10,GET,/feed/{user_id},19.300000,0.000000,3,3,3,3,4,4,5,5,21,21,21,3019,0,3,3.329991389827327,2.0985449955333024,45.58258200995624,4501.341835044716
1781613787,10,GET,/feed/{user_id}?with_fof=true,9.800000,0.000000,3,3,4,4,4,75,81,110,110,110,110,1502,0,3,7.890036561004427,2.282300003571436,183.94861099659465,11550.454061251665
1781613787,10,POST,/likes,1.300000,0.000000,4,4,4,5,5,5,5,5,5,5,5,145,0,4,4.098060628567854,2.555429993662983,24.448488984489813,180.4758620689655
1781613787,10,POST,/posts,1.800000,0.000000,4,4,4,4,4,5,5,5,5,5,5,230,0,4,3.6308979480173034,2.526324999053031,6.332099001156166,227.8695652173913
1781613787,10,GET,/timeline/{user_id},11.700000,0.000000,3,3,4,4,4,4,5,5,5,5,5,1890,0,3,3.2940206438840107,2.180657989811152,29.718101024627686,3674.810052910053
1781613787,10,GET,/users/{user_id},4.500000,0.000000,3,3,3,4,4,4,4,4,4,4,4,766,0,3,2.994390537419147,1.8795669893734157,24.931082007242367,264.6671018276762
1781613787,10,,Aggregated,48.400000,0.000000,3,3,4,4,4,4,5,75,110,110,110,7552,0,3,4.21779745872716,1.8795669893734157,183.94861099659465,5053.6332097457625
1781613788,10,GET,/feed/{user_id},19.400000,0.000000,3,3,3,3,4,4,5,5,21,21,21,3041,0,3,3.3288273974956497,2.0985449955333024,45.58258200995624,4506.0128247287075
1781613788,10,GET,/feed/{user_id}?with_fof=true,9.800000,0.000000,3,4,4,4,4,75,78,110,110,110,110,1511,0,3,7.911265143380525,2.282300003571436,183.94861099659465,11545.153540701522
1781613788,10,POST,/likes,1.400000,0.000000,4,4,4,5,5,5,5,5,5,5,5,145,0,4,4.098060628567854,2.555429993662983,24.448488984489813,180.4758620689655
1781613788,10,POST,/posts,1.700000,0.000000,4,4,4,4,4,4,4,4,4,4,4,230,0,4,3.6308979480173034,2.526324999053031,6.332099001156166,227.8695652173913
1781613788,10,GET,/timeline/{user_id},11.700000,0.000000,3,3,3,4,4,4,4,5,5,5,5,1903,0,3,3.2920144014365147,2.180657989811152,29.718101024627686,3677.0819758276407
1781613788,10,GET,/users/{user_id},4.500000,0.000000,3,3,4,4,4,4,4,4,4,4,4,770,0,3,2.9947663683825256,1.8795669893734157,24.931082007242367,264.6714285714286
1781613788,10,,Aggregated,48.500000,0.000000,3,3,4,4,4,4,5,75,110,110,110,7600,0,3,4.220642707395631,1.8795669893734157,183.94861099659465,5056.233552631579
1781613789,10,GET,/feed/{user_id},19.200000,0.000000,3,3,3,3,4,4,5,5,21,21,21,3060,0,3,3.3296362607145613,2.0985449955333024,45.58258200995624,4507.298039215686
1781613789,10,GET,/feed/{user_id}?with_fof=true,10.200000,0.000000,3,4,4,4,4,20,78,78,78,78,78,1519,0,3,7.888262464572603,2.282300003571436,183.94861099659465,11546.939433838052
1781613789,10,POST,/likes,1.300000,0.000000,4,4,4,4,5,5,5,5,5,5,5,145,0,4,4.098060628567854,2.555429993662983,24.448488984489813,180.4758620689655
1781613789,10,POST,/posts,1.600000,0.000000,4,4,4,4,4,4,4,4,4,4,4,231,0,4,3.629127385430401,2.526324999053031,6.332099001156166,227.86580086580088
1781613789,10,GET,/timeline/{user_id},11.300000,0.000000,3,3,3,4,4,4,5,5,5,5,5,1915,0,3,3.2901322631428003,2.180657989811152,29.718101024627686,3672.6067885117495
1781613789,10,GET,/users/{user_id},4.700000,0.000000,3,3,4,4,4,4,4,4,4,4,4,774,0,3,2.9969229568587137,1.8795669893734157,24.931082007242367,264.67571059431526
1781613789,10,,Aggregated,48.300000,0.000000,3,3,4,4,4,4,5,21,78,78,78,7644,0,3,4.215558151645239,1.8795669893734157,183.94861099659465,5056.101517530089
1781613790,10,GET,/feed/{user_id},19.800000,0.000000,3,3,3,3,4,4,5,5,21,21,21,3078,0,3,3.3278941035510785,2.0985449955333024,45.58258200995624,4503.200129954516
1781613790,10,GET,/feed/{user_id}?with_fof=true,9.700000,0.000000,3,4,4,4,4,20,78,78,78,78,78,1534,0,3,7.853136761828885,2.282300003571436,183.94861099659465,11534.795306388527
1781613790,10,POST,/likes,1.000000,0.000000,4,4,4,4,4,4,4,4,4,4,4,147,0,4,4.093286681319999,2.555429993662983,24.448488984489813,180.47619047619048
1781613790,10,POST,/posts,1.600000,0.000000,4,4,4,4,4,4,4,4,4,4,4,231,0,4,3.629127385430401,2.526324999053031,6.332099001156166,227.86580086580088
1781613790,10,GET,/timeline/{user_id},10.900000,0.000000,3,3,3,4,4,4,4,5,5,5,5,1929,0,3,3.2879778558257753,2.180657989811152,29.718101024627686,3667.405909797823
1781613790,10,GET,/users/{user_id},4.800000,0.000000,3,3,3,4,4,4,4,4,4,4,4,776,0,3,2.996467450542433,1.8795669893734157,24.931082007242367,264.67783505154637
1781613790,10,,Aggregated,47.800000,0.000000,3,3,4,4,4,4,5,21,78,78,78,7695,0,3,4.210237743609232,1.8795669893734157,183.94861099659465,5057.077192982456
1781613791,10,GET,/feed/{user_id},20.400000,0.000000,3,3,3,3,4,4,5,5,5,5,5,3094,0,3,3.3270230580624114,2.0985449955333024,45.58258200995624,4509.892372333549
1781613791,10,GET,/feed/{user_id}?with_fof=true,9.700000,0.000000,3,4,4,4,4,20,78,78,78,78,78,1542,0,3,7.829328776058172,2.282300003571436,183.94861099659465,11537.782101167315
1781613791,10,POST,/likes,0.900000,0.000000,4,4,4,4,4,4,4,4,4,4,4,147,0,4,4.093286681319999,2.555429993662983,24.448488984489813,180.47619047619048
1781613791,10,POST,/posts,1.400000,0.000000,4,4,4,4,4,4,4,4,4,4,4,233,0,4,3.63007856244641,2.526324999053031,6.332099001156166,227.86695278969958
1781613791,10,GET,/timeline/{user_id},10.900000,0.000000,3,3,3,3,4,4,4,5,5,5,5,1951,0,3,3.286688604744997,2.180657989811152,29.718101024627686,3666.3808303434134
1781613791,10,GET,/users/{user_id},4.400000,0.000000,3,3,4,4,4,4,4,4,4,4,4,780,0,3,2.9986161482296527,1.8795669893734157,24.931082007242367,264.6948717948718
1781613791,10,,Aggregated,47.700000,0.000000,3,3,4,4,4,4,5,20,78,78,78,7747,0,3,4.2036150542155,1.8795669893734157,183.94861099659465,5057.965793210275
1781613792,10,GET,/feed/{user_id},20.300000,0.000000,3,3,3,4,4,4,5,5,5,5,5,3108,0,3,3.327537896597046,2.0985449955333024,45.58258200995624,4515.15797940798
1781613792,10,GET,/feed/{user_id}?with_fof=true,10.200000,0.000000,3,4,4,4,4,20,78,78,78,78,78,1555,0,3,7.791323754079251,2.282300003571436,183.94861099659465,11541.563987138265
1781613792,10,POST,/likes,1.000000,0.000000,4,4,4,4,4,4,4,4,4,4,4,148,0,4,4.088026014623874,2.555429993662983,24.448488984489813,180.47297297297297
1781613792,10,POST,/posts,1.200000,0.000000,4,4,4,4,4,4,4,4,4,4,4,233,0,4,3.63007856244641,2.526324999053031,6.332099001156166,227.86695278969958
1781613792,10,GET,/timeline/{user_id},11.000000,0.000000,3,3,3,3,4,4,4,5,5,5,5,1965,0,3,3.2859328426699137,2.180657989811152,29.718101024627686,3661.235623409669
1781613792,10,GET,/users/{user_id},4.000000,0.000000,3,3,4,4,4,4,4,4,4,4,4,785,0,3,2.997345563838448,1.8795669893734157,24.931082007242367,264.69426751592357
1781613792,10,,Aggregated,47.700000,0.000000,3,3,4,4,4,4,5,20,78,78,78,7794,0,3,4.197858183075541,1.8795669893734157,183.94861099659465,5063.145881447267
1781613793,10,GET,/feed/{user_id},19.700000,0.000000,3,3,3,4,4,4,5,5,5,5,5,3124,0,3,3.3273335309474397,2.0985449955333024,45.58258200995624,4520.008322663252
1781613793,10,GET,/feed/{user_id}?with_fof=true,10.000000,0.000000,3,4,4,4,4,75,78,78,78,78,78,1563,0,3,7.813218026596997,2.282300003571436,183.94861099659465,11543.483045425464
1781613793,10,POST,/likes,1.000000,0.000000,4,4,4,4,4,4,4,4,4,4,4,150,0,4,4.080838574445806,2.555429993662983,24.448488984489813,180.47333333333333
1781613793,10,POST,/posts,1.300000,0.000000,4,4,4,4,4,4,4,4,4,4,4,233,0,4,3.63007856244641,2.526324999053031,6.332099001156166,227.86695278969958
1781613793,10,GET,/timeline/{user_id},12.100000,0.000000,3,3,3,3,4,4,4,4,5,5,5,1981,0,3,3.2840045673060683,2.180657989811152,29.718101024627686,3651.2483594144373
1781613793,10,GET,/users/{user_id},4.000000,0.000000,3,3,4,4,4,4,4,4,4,4,4,789,0,3,2.9955738765885167,1.8795669893734157,24.931082007242367,264.69708491761725
1781613793,10,,Aggregated,48.100000,0.000000,3,3,4,4,4,4,5,75,78,78,78,7840,0,3,4.200727634429777,1.8795669893734157,183.94861099659465,5061.875382653061
1781613794,10,GET,/feed/{user_id},19.600000,0.000000,3,3,3,4,4,4,5,5,6,6,6,3150,0,3,3.327136095132797,2.0985449955333024,45.58258200995624,4518.563492063492
1781613794,10,GET,/feed/{user_id}?with_fof=true,10.300000,0.000000,3,4,4,4,4,75,78,78,78,78,78,1570,0,3,7.794015578703902,2.282300003571436,183.94861099659465,11545.364968152866
1781613794,10,POST,/likes,0.800000,0.000000,4,4,4,4,4,4,4,4,4,4,4,151,0,4,4.081781557491296,2.555429993662983,24.448488984489813,180.4503311258278
1781613794,10,POST,/posts,1.200000,0.000000,4,4,4,4,4,4,4,4,4,4,4,236,0,4,3.625411288324404,2.526324999053031,6.332099001156166,227.86864406779662
1781613794,10,GET,/timeline/{user_id},12.700000,0.000000,3,3,3,3,4,4,4,4,5,5,5,1992,0,3,3.2832788844632845,2.180657989811152,29.718101024627686,3648.5170682730923
1781613794,10,GET,/users/{user_id},3.700000,0.000000,3,3,4,4,4,4,4,4,4,4,4,791,0,3,2.995723430675133,1.8795669893734157,24.931082007242367,264.6991150442478
1781613794,10,,Aggregated,48.300000,0.000000,3,3,4,4,4,4,5,75,78,78,78,7890,0,3,4.195049177309769,1.8795669893734157,183.94861099659465,5059.308745247148
1781613795,10,GET,/feed/{user_id},18.800000,0.000000,3,3,3,4,4,4,5,5,6,6,6,3166,0,3,3.327464180592117,2.0985449955333024,45.58258200995624,4515.511370814908
1781613795,10,GET,/feed/{user_id}?with_fof=true,10.300000,0.000000,3,4,4,4,4,18,76,78,78,78,78,1585,0,3,7.756045296893246,2.282300003571436,183.94861099659465,11540.642902208201
1781613795,10,POST,/likes,0.900000,0.000000,4,4,4,4,4,4,4,4,4,4,4,151,0,4,4.081781557491296,2.555429993662983,24.448488984489813,180.4503311258278
1781613795,10,POST,/posts,1.200000,0.000000,4,4,4,4,4,4,4,4,4,4,4,239,0,4,3.624937523138869,2.526324999053031,6.332099001156166,227.86610878661088
1781613795,10,GET,/timeline/{user_id},12.900000,0.000000,3,3,3,3,4,4,4,4,4,4,4,2002,0,3,3.283501541405171,2.180657989811152,29.718101024627686,3644.4345654345652
1781613795,10,GET,/users/{user_id},3.800000,0.000000,3,3,3,4,4,4,5,5,5,5,5,797,0,3,2.9984325542038137,1.8795669893734157,24.931082007242367,264.6825595984944
1781613795,10,,Aggregated,47.900000,0.000000,3,3,4,4,4,4,5,18,78,78,78,7940,0,3,4.1906943710497995,1.8795669893734157,183.94861099659465,5060.056171284635
1781613796,10,GET,/feed/{user_id},19.600000,0.000000,3,3,4,4,4,4,5,5,6,6,6,3185,0,3,3.326343631337498,2.0985449955333024,45.58258200995624,4516.756357927787
1781613796,10,GET,/feed/{user_id}?with_fof=true,10.200000,0.000000,3,4,4,4,4,5,75,76,76,76,76,1595,0,3,7.72925496145537,2.282300003571436,183.94861099659465,11542.889655172414
1781613796,10,POST,/likes,0.800000,0.000000,4,4,4,4,4,4,4,4,4,4,4,152,0,4,4.083930863041467,2.555429993662983,24.448488984489813,180.44736842105263
1781613796,10,POST,/posts,1.200000,0.000000,4,4,4,4,4,4,4,4,4,4,4,242,0,4,3.6229673968599188,2.526324999053031,6.332099001156166,227.86776859504133
1781613796,10,GET,/timeline/{user_id},13.000000,0.000000,3,3,3,4,4,4,4,4,5,5,5,2008,0,3,3.284136403835076,2.180657989811152,29.718101024627686,3645.2430278884462
1781613796,10,GET,/users/{user_id},3.400000,0.000000,3,3,4,4,4,4,5,5,5,5,5,803,0,3,3.0001636596273626,1.8795669893734157,24.931082007242367,264.6836861768369
1781613796,10,,Aggregated,48.200000,0.000000,3,3,4,4,4,4,5,6,76,76,76,7985,0,3,4.18581829031124,1.8795669893734157,183.94861099659465,5060.931621790858
1781613797,10,GET,/feed/{user_id},19.200000,0.000000,3,3,3,4,4,4,5,5,6,6,6,3196,0,3,3.326854547479881,2.0985449955333024,45.58258200995624,4517.0131414267835
1781613797,10,GET,/feed/{user_id}?with_fof=true,10.400000,0.000000,3,4,4,4,4,4,18,75,75,75,75,1604,0,3,7.704983021540102,2.282300003571436,183.94861099659465,11544.44825436409
1781613797,10,POST,/likes,0.800000,0.000000,4,4,4,4,4,4,4,4,4,4,4,153,0,4,4.084062628642796,2.555429993662983,24.448488984489813,180.45098039215685
1781613797,10,POST,/posts,0.900000,0.000000,4,4,4,4,4,4,4,4,4,4,4,246,0,4,3.6207635124352175,2.526324999053031,6.332099001156166,227.8658536585366
1781613797,10,GET,/timeline/{user_id},12.800000,0.000000,3,3,3,3,4,4,4,4,5,5,5,2026,0,3,3.282284986130412,2.180657989811152,29.718101024627686,3643.533070088845
1781613797,10,GET,/users/{user_id},3.900000,0.000000,3,4,4,4,4,4,5,5,5,5,5,807,0,3,3.003680128441163,1.8795669893734157,24.931082007242367,264.6914498141264
1781613797,10,,Aggregated,48.000000,0.000000,3,3,4,4,4,4,5,5,75,75,75,8032,0,3,4.180885028895626,1.8795669893734157,183.94861099659465,5058.856698207172
1781613798,10,GET,/feed/{user_id},19.200000,0.000000,3,3,3,4,4,4,5,5,6,6,6,3216,0,3,3.325150519194903,2.0985449955333024,45.58258200995624,4511.950248756219
1781613798,10,GET,/feed/{user_id}?with_fof=true,10.200000,0.000000,3,4,4,4,4,4,7,18,75,75,75,1619,0,3,7.663451487658237,2.282300003571436,183.94861099659465,11540.602223594811
1781613798,10,POST,/likes,0.800000,0.000000,4,4,4,4,4,4,4,4,4,4,4,154,0,4,4.079298001174307,2.555429993662983,24.448488984489813,180.46103896103895
1781613798,10,POST,/posts,1.200000,0.000000,4,4,4,4,4,4,4,4,4,4,4,247,0,4,3.620970186514418,2.526324999053031,6.332099001156166,227.86639676113361
1781613798,10,GET,/timeline/{user_id},12.700000,0.000000,3,3,3,3,4,4,4,5,5,5,5,2040,0,3,3.280841780845852,2.180657989811152,29.718101024627686,3639.9426470588237
1781613798,10,GET,/users/{user_id},3.700000,0.000000,3,4,4,4,4,4,5,5,5,5,5,810,0,3,3.0022935600474154,1.8795669893734157,24.931082007242367,264.7074074074074
1781613798,10,,Aggregated,47.800000,0.000000,3,3,4,4,4,4,5,5,75,75,75,8086,0,3,4.173655524741942,1.8795669893734157,183.94861099659465,5060.430002473411
1781613799,10,GET,/feed/{user_id},18.400000,0.000000,3,3,3,4,4,4,5,5,6,6,6,3236,0,3,3.324530476724602,2.0985449955333024,45.58258200995624,4508.921199011125
1781613799,10,GET,/feed/{user_id}?with_fof=true,10.200000,0.000000,3,4,4,4,4,4,5,7,75,75,75,1632,0,3,7.629280545652185,2.282300003571436,183.94861099659465,11542.58455882353
1781613799,10,POST,/likes,0.700000,0.000000,4,4,4,4,4,4,4,4,4,4,4,154,0,4,4.079298001174307,2.555429993662983,24.448488984489813,180.46103896103895
1781613799,10,POST,/posts,1.400000,0.000000,4,4,4,4,4,4,4,4,4,4,4,248,0,4,3.6207535970700726,2.526324999053031,6.332099001156166,227.86693548387098
1781613799,10,GET,/timeline/{user_id},13.100000,0.000000,3,3,3,3,4,4,4,5,5,5,5,2053,0,3,3.28057346659639,2.180657989811152,29.718101024627686,3638.891378470531
1781613799,10,GET,/users/{user_id},3.900000,0.000000,3,4,4,4,4,4,5,5,5,5,5,812,0,3,3.0026420032398504,1.8795669893734157,24.931082007242367,264.7155172413793
1781613799,10,,Aggregated,47.700000,0.000000,3,3,4,4,4,4,5,5,75,75,75,8135,0,3,4.168222236139219,1.8795669893734157,183.94861099659465,5064.322311001843
1781613800,10,GET,/feed/{user_id},18.000000,0.000000,3,3,4,4,4,4,5,5,6,6,6,3251,0,3,3.3248344206966527,2.0985449955333024,45.58258200995624,4514.0021531836355
1781613800,10,GET,/feed/{user_id}?with_fof=true,10.400000,0.000000,3,4,4,4,4,4,5,7,75,75,75,1640,0,3,7.608225517948839,2.282300003571436,183.94861099659465,11544.221951219512
1781613800,10,POST,/likes,0.900000,0.000000,4,4,4,4,4,4,4,4,4,4,4,155,0,4,4.074637246348204,2.555429993662983,24.448488984489813,180.44516129032257
1781613800,10,POST,/posts,1.700000,0.000000,4,4,4,4,4,5,5,5,5,5,5,251,0,4,3.6216281237084402,2.526324999053031,6.332099001156166,227.86454183266932
1781613800,10,GET,/timeline/{user_id},13.600000,0.000000,3,3,3,3,4,4,4,5,5,5,5,2067,0,3,3.2804474184680665,2.180657989811152,29.718101024627686,3645.496855345912
1781613800,10,GET,/users/{user_id},4.000000,0.000000,3,4,4,4,4,4,5,5,5,5,5,818,0,3,3.007177549662253,1.8795669893734157,24.931082007242367,264.72616136919316
1781613800,10,,Aggregated,48.600000,0.000000,3,3,4,4,4,4,5,5,75,75,75,8182,0,3,4.163735032137976,1.8795669893734157,183.94861099659465,5065.325837203618
1781613801,10,GET,/feed/{user_id},17.500000,0.000000,3,3,3,4,4,4,5,5,6,6,6,3269,0,3,3.323431056172753,2.0985449955333024,45.58258200995624,4508.515754053227
1781613801,10,GET,/feed/{user_id}?with_fof=true,11.200000,0.000000,3,4,4,4,4,4,5,7,75,75,75,1652,0,3,7.575669151000914,2.282300003571436,183.94861099659465,11546.700363196125
1781613801,10,POST,/likes,0.900000,0.000000,4,4,4,4,4,4,4,4,4,4,4,156,0,4,4.071356167864556,2.555429993662983,24.448488984489813,180.44230769230768
1781613801,10,POST,/posts,1.600000,0.000000,4,4,4,4,4,5,5,5,5,5,5,251,0,4,3.6216281237084402,2.526324999053031,6.332099001156166,227.86454183266932
1781613801,10,GET,/timeline/{user_id},13.700000,0.000000,3,3,3,3,4,4,4,5,5,5,5,2079,0,3,3.2802548888273817,2.180657989811152,29.718101024627686,3648.5743145743145
1781613801,10,GET,/users/{user_id},3.900000,0.000000,3,4,4,4,4,4,5,5,5,5,5,827,0,3,3.002519107172029,1.8795669893734157,24.931082007242367,264.7218863361548
1781613801,10,,Aggregated,48.800000,0.000000,3,3,4,4,4,4,5,5,75,75,75,8234,0,3,4.156691158224839,1.8795669893734157,183.94861099659465,5064.748724799611
1781613802,10,GET,/feed/{user_id},17.500000,0.000000,3,3,3,4,4,4,5,5,6,6,6,3291,0,3,3.3237337203421444,2.0985449955333024,45.58258200995624,4522.97386812519
1781613802,10,GET,/feed/{user_id}?with_fof=true,10.700000,0.000000,3,4,4,4,4,4,4,5,7,7,7,1663,0,3,7.548298751303234,2.282300003571436,183.94861099659465,11549.681900180396
1781613802,10,POST,/likes,0.800000,0.000000,4,4,4,4,4,4,4,4,4,4,4,157,0,4,4.06559724950196,2.555429993662983,24.448488984489813,180.44585987261146
1781613802,10,POST,/posts,1.900000,0.000000,4,4,4,4,4,5,5,5,5,5,5,252,0,4,3.621937154902197,2.526324999053031,6.332099001156166,227.86904761904762
1781613802,10,GET,/timeline/{user_id},13.500000,0.000000,3,3,3,4,4,4,4,5,5,5,5,2092,0,3,3.2800356705838203,2.180657989811152,29.718101024627686,3650.8585086042067
1781613802,10,GET,/users/{user_id},4.100000,0.000000,3,4,4,4,4,4,5,5,5,5,5,831,0,3,3.001806548289186,1.8795669893734157,24.931082007242367,264.71600481347775
1781613802,10,,Aggregated,48.500000,0.000000,3,3,4,4,4,4,5,5,7,7,7,8286,0,3,4.151410969437618,1.8795669893734157,183.94861099659465,5073.081824764663
1781613803,10,GET,/feed/{user_id},17.200000,0.000000,3,3,3,4,4,4,4,5,5,5,5,3312,0,3,3.3219636578189746,2.0985449955333024,45.58258200995624,4527.338164251208
1781613803,10,GET,/feed/{user_id}?with_fof=true,11.100000,0.000000,3,4,4,4,4,4,4,5,7,7,7,1672,0,3,7.525828760406242,2.282300003571436,183.94861099659465,11552.084928229666
1781613803,10,POST,/likes,0.900000,0.000000,4,4,4,4,4,4,4,4,4,4,4,158,0,4,4.063604045342477,2.555429993662983,24.448488984489813,180.4493670886076
1781613803,10,POST,/posts,1.800000,0.000000,4,4,4,4,4,4,5,5,5,5,5,254,0,4,3.6218142521697807,2.526324999053031,6.332099001156166,227.86614173228347
1781613803,10,GET,/timeline/{user_id},12.900000,0.000000,3,3,3,4,4,4,4,5,5,5,5,2101,0,3,3.2800815296832555,2.180657989811152,29.718101024627686,3652.4483579247976
1781613803,10,GET,/users/{user_id},4.700000,0.000000,3,4,4,4,4,4,5,5,5,5,5,834,0,3,3.0030125223197337,1.8795669893734157,24.931082007242367,264.7182254196643
1781613803,10,,Aggregated,48.600000,0.000000,3,3,4,4,4,4,4,5,7,7,7,8331,0,3,4.146378984370435,1.8795669893734157,183.94861099659465,5076.291921738087
1781613804,10,GET,/feed/{user_id},17.800000,0.000000,3,3,4,4,4,4,4,5,5,5,5,3329,0,3,3.3224146902170504,2.0985449955333024,45.58258200995624,4524.139080805046
1781613804,10,GET,/feed/{user_id}?with_fof=true,10.800000,0.000000,3,3,4,4,4,4,4,4,7,7,7,1685,0,3,7.493307036472048,2.282300003571436,183.94861099659465,11554.27477744807
1781613804,10,POST,/likes,0.900000,0.000000,4,4,4,4,4,4,4,4,4,4,4,161,0,4,4.059015771067522,2.555429993662983,24.448488984489813,180.42857142857142
1781613804,10,POST,/posts,1.900000,0.000000,4,4,4,4,4,5,5,5,5,5,5,255,0,4,3.621720478701058,2.526324999053031,6.332099001156166,227.86666666666667
1781613804,10,GET,/timeline/{user_id},12.700000,0.000000,3,3,3,4,4,4,4,5,5,5,5,2113,0,3,3.279389272552707,2.180657989811152,29.718101024627686,3655.6952200662563
1781613804,10,GET,/users/{user_id},4.600000,0.000000,3,4,4,4,4,4,5,5,5,5,5,841,0,3,3.0016787332182533,1.8519959994591773,24.931082007242367,264.71105826397144
1781613804,10,,Aggregated,48.700000,0.000000,3,3,4,4,4,4,4,5,7,7,7,8384,0,3,4.140904397535666,1.8519959994591773,183.94861099659465,5076.821684160305
1781613805,10,GET,/feed/{user_id},18.700000,0.000000,3,3,3,4,4,4,4,4,5,5,5,3343,0,3,3.321531820731185,2.0985449955333024,45.58258200995624,4525.131319174394
1781613805,10,GET,/feed/{user_id}?with_fof=true,11.100000,0.000000,3,3,4,4,4,4,4,4,4,4,4,1693,0,3,7.4740207031516634,2.282300003571436,183.94861099659465,11555.751919669226
1781613805,10,POST,/likes,0.800000,0.000000,4,4,4,4,4,4,4,4,4,4,4,162,0,4,4.05550035874411,2.555429993662983,24.448488984489813,180.42592592592592
1781613805,10,POST,/posts,2.000000,0.000000,4,4,4,4,4,5,5,5,5,5,5,257,0,4,3.6220104632453434,2.526324999053031,6.332099001156166,227.8599221789883
1781613805,10,GET,/timeline/{user_id},12.100000,0.000000,3,3,3,3,4,4,4,5,5,5,5,2131,0,3,3.277897300747809,2.180657989811152,29.718101024627686,3652.022524636321
1781613805,10,GET,/users/{user_id},4.400000,0.000000,3,3,4,4,4,4,5,5,5,5,5,845,0,3,3.0013726043277944,1.8519959994591773,24.931082007242367,264.712426035503
1781613805,10,,Aggregated,49.100000,0.000000,3,3,4,4,4,4,4,5,5,5,5,8431,0,3,4.1355242169210396,1.8519959994591773,183.94861099659465,5074.763729095007
1781613806,10,GET,/feed/{user_id},18.100000,0.000000,3,3,3,4,4,4,4,4,5,5,5,3367,0,3,3.321261989220162,2.0985449955333024,45.58258200995624,4524.539352539353
1781613806,10,GET,/feed/{user_id}?with_fof=true,11.100000,0.000000,3,3,4,4,4,4,4,4,4,4,4,1703,0,3,7.448807216896903,2.282300003571436,183.94861099659465,11557.603640634175
1781613806,10,POST,/likes,1.000000,0.000000,4,4,4,4,4,5,5,5,5,5,5,163,0,4,4.059778841210964,2.555429993662983,24.448488984489813,180.42944785276075
1781613806,10,POST,/posts,1.900000,0.000000,4,4,4,4,4,5,5,5,5,5,5,257,0,4,3.6220104632453434,2.526324999053031,6.332099001156166,227.8599221789883
1781613806,10,GET,/timeline/{user_id},12.100000,0.000000,3,3,3,4,4,4,5,5,5,5,5,2143,0,3,3.2783392271917005,2.180657989811152,29.718101024627686,3657.6808212785813
1781613806,10,GET,/users/{user_id},5.000000,0.000000,3,3,3,4,4,4,5,5,5,5,5,851,0,3,2.999300005459681,1.8519959994591773,24.931082007242367,264.72502937720327
1781613806,10,,Aggregated,49.200000,0.000000,3,3,4,4,4,4,4,5,5,5,5,8484,0,3,4.129949754451809,1.8519959994591773,183.94861099659465,5076.424328147101
1781613807,10,GET,/feed/{user_id},17.700000,0.000000,3,3,4,4,4,4,4,4,5,5,5,3385,0,3,3.3219428539538876,2.0985449955333024,45.58258200995624,4521.116691285081
1781613807,10,GET,/feed/{user_id}?with_fof=true,10.900000,0.000000,3,3,4,4,4,4,4,4,4,4,4,1713,0,3,7.425916372073659,2.282300003571436,183.94861099659465,11552.617046117923
1781613807,10,POST,/likes,1.100000,0.000000,4,4,4,4,4,5,5,5,5,5,5,165,0,4,4.052176903651068,2.555429993662983,24.448488984489813,180.43030303030304
1781613807,10,POST,/posts,2.100000,0.000000,4,4,4,4,4,5,5,5,5,5,5,260,0,4,3.6250280924902585,2.526324999053031,6.332099001156166,227.85384615384615
1781613807,10,GET,/timeline/{user_id},12.800000,0.000000,3,3,3,4,4,4,5,5,5,5,5,2152,0,3,3.2799928168469537,2.180657989811152,29.718101024627686,3655.3192379182155
1781613807,10,GET,/users/{user_id},4.900000,0.000000,3,3,3,4,4,4,5,5,5,5,5,857,0,3,3.0015084488793358,1.8519959994591773,24.931082007242367,264.70945157526256
1781613807,10,,Aggregated,49.500000,0.000000,3,3,4,4,4,4,4,5,5,5,5,8532,0,3,4.12650317413153,1.8519959994591773,183.94861099659465,5072.167018284107
