Timestamp,User Count,Type,Name,Requests/s,Failures/s,50%,66%,75%,80%,90%,95%,98%,99%,99.9%,99.99%,100%,Total Request Count,Total Failure Count,Total Median Response Time,Total Average Response Time,Total Min Response Time,Total Max Response Time,Total Average Content Size
1781613995,0,,Aggregated,0.000000,0.000000,N/A,N/A,N/A,N/A,N/A,N/A,N/A,N/A,N/A,N/A,N/A,0,0,0,0.0,0,0,0
1781613996,20,GET,/feed/{user_id},0.000000,0.000000,0,0,0,0,0,0,0,0,0,0,0,39,0,3,6.250781230240439,2.2714840015396476,32.006544002797455,1604.5897435897436
1781613996,20,GET,/feed/{user_id}?with_fof=true,0.000000,0.000000,0,0,0,0,0,0,0,0,0,0,0,24,0,3,52.0071317065837,2.3122860002331436,170.2725180075504,10589.583333333334
1781613996,20,POST,/likes,0.000000,0.000000,0,0,0,0,0,0,0,0,0,0,0,3,0,3.0095000111032277,9.346534333114201,3.0095000111032277,21.966690983390436,180.66666666666666
1781613996,20,POST,/posts,0.000000,0.000000,0,0,0,0,0,0,0,0,0,0,0,3,0,3.2860059873200953,9.176456330654522,3.2860059873200953,20.843166013946757,228.66666666666666
1781613996,20,GET,/timeline/{user_id},0.000000,0.000000,0,0,0,0,0,0,0,0,0,0,0,23,0,4,11.907621871416822,2.43876499007456,51.82224599411711,2169.608695652174
1781613996,20,GET,/users/{user_id},0.000000,0.000000,0,0,0,0,0,0,0,0,0,0,0,6,0,3,9.106808511811929,1.9380050071049482,21.68180901207961,261.8333333333333
1781613996,20,,Aggregated,0.000000,0.000000,0,0,0,0,0,0,0,0,0,0,0,98,0,3,19.14323219430766,1.9380050071049482,170.2725180075504,3769.683673469388
1781613997,40,GET,/feed/{user_id},0.000000,0.000000,3,3,4,4,13,22,34,37,37,37,37,129,0,3,5.61014920055267,1.9931380229536444,37.49047400197014,1546.5348837209303
1781613997,40,GET,/feed/{user_id}?with_fof=true,0.000000,0.000000,3,3,3,3,4,5,190,190,190,190,190,68,0,3,24.16260751316954,2.165685989893973,192.91187298949808,10681.161764705883
1781613997,40,POST,/likes,0.000000,0.000000,4,4,4,5,5,5,5,5,5,5,5,8,0,3.0095000111032277,5.937114754487993,3.0095000111032277,21.966690983390436,181.25
1781613997,40,POST,/posts,0.000000,0.000000,4,4,4,4,4,4,4,4,4,4,4,8,0,4,5.6449693693139125,2.7442239806987345,20.843166013946757,228.875
1781613997,40,GET,/timeline/{user_id},0.000000,0.000000,3,3,4,4,18,21,40,40,40,40,40,71,0,3,7.65225654927043,2.117624011589214,51.82224599411711,2117.0845070422533
1781613997,40,GET,/users/{user_id},0.000000,0.000000,3,3,4,4,4,11,11,11,11,11,11,21,0,3,4.90285428739818,1.736522011924535,21.68180901207961,260.0952380952381
1781613997,40,,Aggregated,0.000000,0.000000,3,3,4,4,10,21,34,40,190,190,190,305,0,3,10.182601264887872,1.736522011924535,192.91187298949808,3556.977049180328
1781613998,50,GET,/feed/{user_id},38.000000,0.000000,3,3,3,4,7,14,28,34,37,37,37,228,0,3,4.725465201389804,1.9931380229536444,37.49047400197014,1623.6754385964912
1781613998,50,GET,/feed/{user_id}?with_fof=true,23.000000,0.000000,3,3,3,4,5,77,180,190,190,190,190,119,0,3,19.19851208373732,2.165685989893973,192.91187298949808,10706.361344537816
1781613998,50,POST,/likes,3.000000,0.000000,3,4,4,4,5,5,5,5,5,5,5,12,0,3,5.039335335216795,2.838953980244696,21.966690983390436,180.91666666666666
1781613998,50,POST,/posts,3.000000,0.000000,4,4,4,4,4,8,8,8,8,8,8,16,0,3,4.718399748526281,2.6887400017585605,20.843166013946757,228.5625
1781613998,50,GET,/timeline/{user_id},23.000000,0.000000,3,3,3,4,4,18,21,31,40,40,40,128,0,3,5.642392498884874,1.9323660235386342,51.82224599411711,1771.578125
1781613998,50,GET,/users/{user_id},5.000000,0.000000,3,3,4,4,5,11,11,11,11,11,11,41,0,3,4.072795660382637,1.736522011924535,21.68180901207961,260.0975609756098
1781613998,50,,Aggregated,95.000000,0.000000,3,3,3,4,6,13,34,77,190,190,190,544,0,3,8.064717437157336,1.736522011924535,192.91187298949808,3469.685661764706
1781613999,50,GET,/feed/{user_id},64.000000,0.000000,3,3,3,3,5,11,22,30,37,37,37,321,0,3,4.201464588547886,1.9821910245809704,37.49047400197014,1540.9221183800623
1781613999,50,GET,/feed/{user_id}?with_fof=true,33.500000,0.000000,3,3,3,3,4,75,100,180,190,190,190,176,0,3,14.942091784674135,2.1575030114036053,192.91187298949808,10613.5625
1781613999,50,POST,/likes,4.000000,0.000000,3,4,4,4,5,6,6,6,6,6,6,19,0,3,4.491500789299607,2.5975829921662807,21.966690983390436,180.68421052631578
1781613999,50,POST,/posts,4.000000,0.000000,3,4,4,4,4,8,8,8,8,8,8,21,0,3,4.306750568849522,2.6887400017585605,20.843166013946757,228.38095238095238
1781613999,50,GET,/timeline/{user_id},34.500000,0.000000,3,3,3,4,4,9,19,31,40,40,40,185,0,3,4.806883621495217,1.9323660235386342,51.82224599411711,1667.6324324324323
1781613999,50,GET,/users/{user_id},10.500000,0.000000,3,3,3,3,4,5,11,11,11,11,11,70,0,3,3.502292213878328,1.736522011924535,21.68180901207961,260.75714285714287
1781613999,50,,Aggregated,150.500000,0.000000,3,3,3,4,4,10,28,77,190,190,190,792,0,3,6.677642031461048,1.736522011924535,192.91187298949808,3406.0820707070707
1781614000,50,GET,/feed/{user_id},75.333333,0.000000,3,3,3,3,4,10,17,28,37,37,37,407,0,3,3.927612388037438,1.9821910245809704,37.49047400197014,1619.7813267813267
1781614000,50,GET,/feed/{user_id}?with_fof=true,39.333333,0.000000,3,3,3,3,4,40,100,140,190,190,190,230,0,3,13.136444544374092,2.1575030114036053,192.91187298949808,10580.726086956522
1781614000,50,POST,/likes,4.000000,0.000000,3,4,4,4,5,6,6,6,6,6,6,21,0,3,4.400380952228304,2.5975829921662807,21.966690983390436,180.66666666666666
1781614000,50,POST,/posts,5.333333,0.000000,3,4,4,4,4,8,11,11,11,11,11,27,0,3,4.384312072673951,2.495099004590884,20.843166013946757,228.33333333333334
1781614000,50,GET,/timeline/{user_id},42.000000,0.000000,3,3,3,3,4,6,18,21,40,40,40,254,0,3,4.285909433016832,1.9323660235386342,51.82224599411711,1658.8307086614172
1781614000,50,GET,/users/{user_id},12.666667,0.000000,3,3,3,3,4,5,11,11,11,11,11,99,0,3,3.2388482620878465,1.736522011924535,21.68180901207961,261.050505050505
1781614000,50,,Aggregated,178.666667,0.000000,3,3,3,3,4,9,22,75,190,190,190,1038,0,3,6.0115336098547605,1.736522011924535,192.91187298949808,3420.003853564547
1781614001,50,GET,/feed/{user_id},79.500000,0.000000,3,3,3,3,4,10,17,24,37,37,37,497,0,3,3.8435980600306774,1.9821910245809704,37.49047400197014,1521.8993963782696
1781614001,50,GET,/feed/{user_id}?with_fof=true,43.750000,0.000000,3,3,3,4,4,75,110,180,190,190,190,281,0,3,13.131448695580293,2.1575030114036053,192.91187298949808,10648.227758007117
1781614001,50,POST,/likes,4.750000,0.000000,3,4,4,4,4,5,6,6,6,6,6,28,0,3,4.1730274637562355,2.5975829921662807,21.966690983390436,180.67857142857142
1781614001,50,POST,/posts,5.250000,0.000000,3,4,4,4,4,8,11,11,11,11,11,39,0,3,4.066980872243548,2.495099004590884,20.843166013946757,228.35897435897436
1781614001,50,GET,/timeline/{user_id},46.000000,0.000000,3,3,3,3,4,5,18,21,40,40,40,313,0,3,4.065833549248055,1.9323660235386342,51.82224599411711,1652.9169329073482
1781614001,50,GET,/users/{user_id},17.500000,0.000000,3,3,3,3,4,5,11,11,14,14,14,127,0,3,3.209576267138578,1.7197470006067306,21.68180901207961,261.1732283464567
1781614001,50,,Aggregated,196.750000,0.000000,3,3,3,3,4,9,22,77,190,190,190,1285,0,3,5.880065703608733,1.7197470006067306,192.91187298949808,3356.445914396887
1781614002,50,GET,/feed/{user_id},81.200000,0.000000,3,3,3,3,4,6,15,22,37,37,37,593,0,3,3.666940147992032,1.9810179946944118,37.49047400197014,1509.4890387858347
1781614002,50,GET,/feed/{user_id}?with_fof=true,45.800000,0.000000,3,3,3,3,4,75,120,180,190,190,190,323,0,3,12.421158198973643,2.1575030114036053,192.91187298949808,10642.578947368422
1781614002,50,POST,/likes,4.200000,0.000000,3,4,4,4,5,5,6,6,6,6,6,32,0,3,4.094863030331908,2.5975829921662807,21.966690983390436,180.71875
1781614002,50,POST,/posts,5.400000,0.000000,3,4,4,4,4,6,11,11,11,11,11,48,0,3,3.910093291172719,2.495099004590884,20.843166013946757,228.33333333333334
1781614002,50,GET,/timeline/{user_id},50.600000,0.000000,3,3,3,3,4,5,11,19,40,40,40,374,0,3,3.912973448940438,1.9323660235386342,51.82224599411711,1550.1417112299466
1781614002,50,GET,/users/{user_id},19.800000,0.000000,3,3,3,3,4,5,11,11,14,14,14,147,0,3,3.1673113671353175,1.7197470006067306,21.68180901207961,261.312925170068
1781614002,50,,Aggregated,207.000000,0.000000,3,3,3,3,4,6,19,75,190,190,190,1517,0,3,5.55985269732847,1.7197470006067306,192.91187298949808,3274.6137112722477
1781614003,50,GET,/feed/{user_id},81.666667,0.000000,3,3,3,3,4,6,14,22,37,37,37,686,0,3,3.5849452532848898,1.9810179946944118,37.49047400197014,1580.905247813411
1781614003,50,GET,/feed/{user_id}?with_fof=true,46.500000,0.000000,3,3,3,3,4,40,110,140,190,190,190,363,0,3,11.381384474754503,2.1575030114036053,192.91187298949808,10701.099173553719
1781614003,50,POST,/likes,4.666667,0.000000,3,4,4,4,4,5,6,6,6,6,6,37,0,3,3.9666338628661393,2.5975829921662807,21.966690983390436,180.72972972972974
1781614003,50,POST,/posts,6.333333,0.000000,3,3,4,4,4,6,8,11,11,11,11,60,0,3,3.754506799062559,2.495099004590884,20.843166013946757,228.35
1781614003,50,GET,/timeline/{user_id},51.666667,0.000000,3,3,3,3,4,5,10,18,40,40,40,438,0,3,3.7629975178879667,1.9323660235386342,51.82224599411711,1494.2945205479452
1781614003,50,GET,/users/{user_id},20.833333,0.000000,3,3,3,3,4,5,6,11,14,14,14,177,0,3,3.091431802137371,1.7197470006067306,21.68180901207961,261.26553672316385
1781614003,50,,Aggregated,211.666667,0.000000,3,3,3,3,4,6,17,40,190,190,190,1761,0,3,5.200526525140468,1.7197470006067306,192.91187298949808,3231.1942078364564
1781614004,50,GET,/feed/{user_id},84.142857,0.000000,3,3,3,3,4,5,13,20,37,37,37,770,0,3,3.4993764865756423,1.9810179946944118,37.49047400197014,1556.016883116883
1781614004,50,GET,/feed/{user_id}?with_fof=true,46.142857,0.000000,3,3,3,3,4,17,110,140,190,190,190,418,0,3,10.753483225691186,2.077073004329577,192.91187298949808,10646.09090909091
1781614004,50,POST,/likes,4.571429,0.000000,3,4,4,4,5,5,6,6,6,6,6,40,0,3,3.9813349743781146,2.5975829921662807,21.966690983390436,180.65
1781614004,50,POST,/posts,6.714286,0.000000,3,3,4,4,4,6,8,11,11,11,11,63,0,3,3.7594036021757695,2.495099004590884,20.843166013946757,228.36507936507937
1781614004,50,GET,/timeline/{user_id},53.142857,0.000000,3,3,3,3,4,5,15,28,40,40,40,512,0,3,3.8301019703226302,1.9323660235386342,51.82224599411711,1477.501953125
1781614004,50,GET,/users/{user_id},21.000000,0.000000,3,3,3,3,4,5,6,11,14,14,14,199,0,3,3.0417457233468568,1.7197470006067306,21.68180901207961,261.2110552763819
1781614004,50,,Aggregated,215.714286,0.000000,3,3,3,3,4,5,17,40,190,190,190,2002,0,3,5.070874783549235,1.7197470006067306,192.91187298949808,3235.901098901099
1781614005,50,GET,/feed/{user_id},85.375000,0.000000,3,3,3,3,4,5,13,17,37,37,37,865,0,3,3.4349013382711613,1.9810179946944118,37.49047400197014,1651.4462427745664
1781614005,50,GET,/feed/{user_id}?with_fof=true,44.750000,0.000000,3,3,3,3,4,17,110,130,190,190,190,467,0,3,10.440265418494487,2.077073004329577,192.91187298949808,10590.27408993576
1781614005,50,POST,/likes,4.625000,0.000000,3,4,4,4,4,5,6,6,6,6,6,46,0,3,3.8884100858527035,2.5975829921662807,21.966690983390436,180.69565217391303
1781614005,50,POST,/posts,7.500000,0.000000,3,4,4,4,4,5,8,11,11,11,11,73,0,3,3.733524643618307,2.495099004590884,20.843166013946757,228.3835616438356
1781614005,50,GET,/timeline/{user_id},54.500000,0.000000,3,3,3,3,4,5,15,21,40,40,40,570,0,3,3.794437612043367,1.9323660235386342,51.82224599411711,1523.9561403508771
1781614005,50,GET,/users/{user_id},22.125000,0.000000,3,3,3,3,4,5,6,11,14,14,14,229,0,3,3.0298465148619007,1.7197470006067306,21.68180901207961,261.235807860262
1781614005,50,,Aggregated,218.875000,0.000000,3,3,3,3,4,5,16,40,180,190,190,2250,0,3,4.957720916330193,1.7197470006067306,192.91187298949808,3256.7204444444446
1781614006,50,GET,/feed/{user_id},85.222222,0.000000,3,3,3,3,4,5,7,11,24,24,24,964,0,3,3.394324050253041,1.9810179946944118,37.49047400197014,1710.3371369294605
1781614006,50,GET,/feed/{user_id}?with_fof=true,46.333333,0.000000,3,3,3,3,4,17,110,120,190,190,190,509,0,3,10.256058696112165,2.077073004329577,192.91187298949808,10643.241650294696
1781614006,50,POST,/likes,4.444444,0.000000,3,4,4,4,4,5,6,6,6,6,6,51,0,3,3.877366194501519,2.5975829921662807,21.966690983390436,180.72549019607843
1781614006,50,POST,/posts,7.000000,0.000000,3,3,4,4,4,5,8,11,11,11,11,79,0,3,3.6839496571264125,2.495099004590884,20.843166013946757,228.37974683544303
1781614006,50,GET,/timeline/{user_id},56.555556,0.000000,3,3,3,3,4,5,9,15,40,40,40,638,0,3,3.715136156491877,1.9323660235386342,51.82224599411711,1495.934169278997
1781614006,50,GET,/users/{user_id},22.000000,0.000000,3,3,3,3,4,5,6,11,14,14,14,250,0,3,3.0601555433822796,1.6742190055083483,21.68180901207961,261.22
1781614006,50,,Aggregated,221.555556,0.000000,3,3,3,3,4,5,11,40,140,190,190,2491,0,3,4.8641251358028805,1.6742190055083483,192.91187298949808,3256.983139301485
1781614007,50,GET,/feed/{user_id},86.100000,0.000000,3,3,3,3,4,4,5,10,24,24,24,1063,0,3,3.354161748469186,1.9810179946944118,37.49047400197014,1704.1749764816557
1781614007,50,GET,/feed/{user_id}?with_fof=true,46.700000,0.000000,3,3,3,3,4,10,100,120,190,190,190,559,0,3,9.827507081100457,2.077073004329577,192.91187298949808,10630.228980322003
1781614007,50,POST,/likes,4.600000,0.000000,3,3,4,4,4,5,6,6,6,6,6,57,0,3,3.799860225786177,2.5975829921662807,21.966690983390436,180.73684210526315
1781614007,50,POST,/posts,7.300000,0.000000,3,3,4,4,4,5,8,11,11,11,11,86,0,3,3.7130732546143537,2.495099004590884,20.843166013946757,228.38372093023256
1781614007,50,GET,/timeline/{user_id},56.700000,0.000000,3,3,3,3,4,5,9,11,40,40,40,686,0,3,3.6744251688596123,1.9323660235386342,51.82224599411711,1475.9504373177842
1781614007,50,GET,/users/{user_id},22.700000,0.000000,3,3,3,3,4,5,6,12,14,14,14,282,0,3,3.0374119856233004,1.6742190055083483,21.68180901207961,261.21276595744683
1781614007,50,,Aggregated,224.100000,0.000000,3,3,3,3,4,5,10,24,120,190,190,2733,0,3,4.746495636848889,1.6742190055083483,192.91187298949808,3245.4968898646175
1781614008,50,GET,/feed/{user_id},92.100000,0.000000,3,3,3,3,4,4,6,11,24,24,24,1155,0,3,3.3494354671449904,1.9810179946944118,37.49047400197014,1707.1515151515152
1781614008,50,GET,/feed/{user_id}?with_fof=true,48.600000,0.000000,3,3,3,3,4,13,110,120,190,190,190,608,0,3,9.88933370933266,2.077073004329577,192.91187298949808,10663.009868421053
1781614008,50,POST,/likes,4.800000,0.000000,3,3,4,4,4,5,5,5,5,5,5,61,0,3,3.7920667520785307,2.5975829921662807,21.966690983390436,180.75409836065575
1781614008,50,POST,/posts,7.600000,0.000000,3,3,4,4,4,6,8,11,11,11,11,96,0,3,3.712976093083853,2.495099004590884,20.843166013946757,228.39583333333334
1781614008,50,GET,/timeline/{user_id},60.800000,0.000000,3,3,3,3,4,5,10,15,40,40,40,756,0,3,3.6172108359298565,1.9323660235386342,51.82224599411711,1474.9669312169312
1781614008,50,GET,/users/{user_id},24.200000,0.000000,3,3,3,3,4,5,6,12,14,14,14,307,0,3,3.0339925017333758,1.6742190055083483,21.68180901207961,261.2117263843648
1781614008,50,,Aggregated,238.100000,0.000000,3,3,3,3,4,5,11,28,130,190,190,2983,0,3,4.73855907698112,1.6742190055083483,192.91187298949808,3246.0908481394567
1781614009,50,GET,/feed/{user_id},93.100000,0.000000,3,3,3,3,4,5,7,11,24,24,24,1254,0,3,3.339255002793853,1.9810179946944118,37.49047400197014,1756.7830940988836
1781614009,50,GET,/feed/{user_id}?with_fof=true,49.000000,0.000000,3,3,3,3,4,11,120,130,190,190,190,666,0,3,9.67841063693932,2.077073004329577,192.91187298949808,10644.034534534534
1781614009,50,POST,/likes,4.900000,0.000000,3,3,4,4,4,5,5,5,5,5,5,64,0,3,3.7584044353025092,2.5975829921662807,21.966690983390436,180.75
1781614009,50,POST,/posts,7.800000,0.000000,3,3,4,4,4,5,6,8,8,8,8,107,0,3,3.6667951213513614,2.495099004590884,20.843166013946757,228.41121495327104
1781614009,50,GET,/timeline/{user_id},61.600000,0.000000,3,3,3,3,4,5,9,15,40,40,40,810,0,3,3.5638398900096315,1.9323660235386342,51.82224599411711,1507.6913580246915
1781614009,50,GET,/users/{user_id},26.000000,0.000000,3,3,3,3,4,5,6,12,14,14,14,324,0,3,3.0171387714088067,1.6742190055083483,21.68180901207961,261.24691358024694
1781614009,50,,Aggregated,242.400000,0.000000,3,3,3,3,4,5,10,24,140,190,190,3225,0,3,4.691595501517299,1.6742190055083483,192.91187298949808,3297.306976744186
1781614010,50,GET,/feed/{user_id},92.600000,0.000000,3,3,3,3,4,5,6,10,20,20,20,1368,0,3,3.307964394203651,1.9810179946944118,37.49047400197014,1761.5687134502923
1781614010,50,GET,/feed/{user_id}?with_fof=true,48.800000,0.000000,3,3,3,3,4,5,110,120,140,140,140,715,0,3,9.215473651868077,2.077073004329577,192.91187298949808,10639.420979020979
1781614010,50,POST,/likes,4.800000,0.000000,3,3,4,4,4,5,5,5,5,5,5,67,0,3,3.7438204458136277,2.5975829921662807,21.966690983390436,180.76119402985074
1781614010,50,POST,/posts,8.000000,0.000000,3,4,4,4,4,4,6,8,8,8,8,114,0,3,3.64177820186964,2.495099004590884,20.843166013946757,228.39473684210526
1781614010,50,GET,/timeline/{user_id},62.900000,0.000000,3,3,3,3,4,5,7,15,40,40,40,869,0,3,3.5104815109959246,1.9323660235386342,51.82224599411711,1526.078250863061
1781614010,50,GET,/users/{user_id},26.700000,0.000000,3,3,3,3,4,5,6,6,14,14,14,344,0,3,3.006593101650482,1.6742190055083483,21.68180901207961,261.25
1781614010,50,,Aggregated,243.800000,0.000000,3,3,3,3,4,5,8,15,130,140,140,3477,0,3,4.562908857423683,1.6742190055083483,192.91187298949808,3299.163646821973
1781614011,50,GET,/feed/{user_id},93.100000,0.000000,3,3,3,3,4,5,7,10,20,20,20,1466,0,3,3.290313978292433,1.9810179946944118,37.49047400197014,1753.712141882674
1781614011,50,GET,/feed/{user_id}?with_fof=true,49.000000,0.000000,3,3,3,3,4,5,110,120,140,140,140,762,0,3,9.070562965922875,2.077073004329577,192.91187298949808,10642.353018372703
1781614011,50,POST,/likes,4.500000,0.000000,3,3,4,4,4,4,5,5,5,5,5,74,0,3,3.702481390162673,2.5975829921662807,21.966690983390436,180.7972972972973
1781614011,50,POST,/posts,8.600000,0.000000,3,4,4,4,4,5,6,8,8,8,8,122,0,3,3.6394542544034354,2.495099004590884,20.843166013946757,228.39344262295083
1781614011,50,GET,/timeline/{user_id},62.400000,0.000000,3,3,3,3,4,5,7,11,40,40,40,921,0,3,3.46629569378007,1.9323660235386342,51.82224599411711,1479.7339847991313
1781614011,50,GET,/users/{user_id},25.300000,0.000000,3,3,3,3,4,5,6,6,14,14,14,366,0,3,2.9848816199768895,1.6742190055083483,21.68180901207961,261.22677595628414
1781614011,50,,Aggregated,242.900000,0.000000,3,3,3,3,4,5,8,14,130,140,140,3711,0,3,4.510453064134244,1.6742190055083483,192.91187298949808,3282.1616814874697
1781614012,50,GET,/feed/{user_id},95.500000,0.000000,3,3,3,3,4,5,7,10,20,20,20,1566,0,3,3.2650133557552246,1.9810179946944118,37.49047400197014,1790.3058748403575
1781614012,50,GET,/feed/{user_id}?with_fof=true,48.500000,0.000000,3,3,3,3,4,5,100,120,140,140,140,809,0,3,8.71069625223502,2.077073004329577,192.91187298949808,10655.367119901113
1781614012,50,POST,/likes,4.500000,0.000000,3,3,4,4,4,4,5,5,5,5,5,79,0,3,3.660988707325268,2.4991460086312145,21.966690983390436,180.81012658227849
1781614012,50,POST,/posts,8.600000,0.000000,3,4,4,4,4,5,6,8,8,8,8,129,0,3,3.6006862637875674,2.2996570041868836,20.843166013946757,228.4031007751938
1781614012,50,GET,/timeline/{user_id},61.400000,0.000000,3,3,3,3,4,5,7,11,40,40,40,971,0,3,3.4311424632281944,1.9323660235386342,51.82224599411711,1503.5983522142121
1781614012,50,GET,/users/{user_id},24.300000,0.000000,3,3,3,3,4,5,6,6,14,14,14,403,0,3,2.950873051521024,1.6742190055083483,21.68180901207961,261.1861042183623
1781614012,50,,Aggregated,242.800000,0.000000,3,3,3,3,4,5,8,14,130,140,140,3957,0,3,4.405992416132337,1.6742190055083483,192.91187298949808,3293.6090472580236
1781614013,50,GET,/feed/{user_id},97.500000,0.000000,3,3,3,3,4,5,8,11,20,20,20,1662,0,3,3.258317720263924,1.9763220043387264,37.49047400197014,1789.1185318892901
1781614013,50,GET,/feed/{user_id}?with_fof=true,48.100000,0.000000,3,3,3,3,4,5,110,120,150,150,150,862,0,3,8.548776858483263,2.077073004329577,192.91187298949808,10670.024361948956
1781614013,50,POST,/likes,4.600000,0.000000,3,3,4,4,4,4,5,5,5,5,5,87,0,3,3.6362195738735767,2.4991460086312145,21.966690983390436,180.77011494252875
1781614013,50,POST,/posts,8.400000,0.000000,3,4,4,4,4,5,6,8,8,8,8,138,0,3,3.590141521957433,2.2996570041868836,20.843166013946757,228.36231884057972
1781614013,50,GET,/timeline/{user_id},61.000000,0.000000,3,3,3,3,4,5,6,7,18,18,18,1031,0,3,3.406806920220801,1.9323660235386342,51.82224599411711,1486.0727449078565
1781614013,50,GET,/users/{user_id},24.000000,0.000000,3,3,3,3,4,5,6,6,14,14,14,425,0,3,2.9537195853395937,1.6742190055083483,21.68180901207961,261.2423529411765
1781614013,50,,Aggregated,243.600000,0.000000,3,3,3,3,4,5,7,12,140,150,150,4205,0,3,4.367160307863333,1.6742190055083483,192.91187298949808,3296.429488703924
1781614014,50,GET,/feed/{user_id},97.300000,0.000000,3,3,3,3,4,5,7,11,20,20,20,1751,0,3,3.2351859218931875,1.9354610121808946,37.49047400197014,1806.5071387778412
1781614014,50,GET,/feed/{user_id}?with_fof=true,48.600000,0.000000,3,3,3,3,4,5,100,120,150,150,150,914,0,3,8.237273272370697,2.077073004329577,192.91187298949808,10678.384026258205
1781614014,50,POST,/likes,4.600000,0.000000,3,3,4,4,4,4,6,6,6,6,6,91,0,3,3.6500714607997335,2.4991460086312145,21.966690983390436,180.7912087912088
1781614014,50,POST,/posts,8.200000,0.000000,3,4,4,4,4,6,6,8,8,8,8,144,0,3,3.5962834238792616,2.2996570041868836,20.843166013946757,228.35416666666666
1781614014,50,GET,/timeline/{user_id},59.700000,0.000000,3,3,3,3,4,4,5,6,15,15,15,1107,0,3,3.3675866933611442,1.9323660235386342,51.82224599411711,1484.8961156278228
1781614014,50,GET,/users/{user_id},25.500000,0.000000,3,3,3,3,4,5,6,6,14,14,14,446,0,3,2.9426539053011793,1.6742190055083483,21.68180901207961,261.195067264574
1781614014,50,,Aggregated,243.900000,0.000000,3,3,3,3,4,5,7,11,140,150,150,4453,0,3,4.285659498645473,1.6742190055083483,192.91187298949808,3308.521221648327
1781614015,50,GET,/feed/{user_id},97.400000,0.000000,3,3,3,3,4,5,7,11,20,20,20,1841,0,3,3.213162089635161,1.9354610121808946,37.49047400197014,1793.1249321021185
1781614015,50,GET,/feed/{user_id}?with_fof=true,50.200000,0.000000,3,3,3,3,4,5,17,120,150,150,150,977,0,3,7.893920407207261,2.077073004329577,192.91187298949808,10665.496417604912
1781614015,50,POST,/likes,5.000000,0.000000,3,3,4,4,4,5,6,6,6,6,6,97,0,3,3.651240906562925,2.4991460086312145,21.966690983390436,180.7835051546392
1781614015,50,POST,/posts,7.600000,0.000000,3,4,4,4,4,6,6,8,8,8,8,153,0,3,3.5678581635199875,2.2996570041868836,20.843166013946757,228.359477124183
1781614015,50,GET,/timeline/{user_id},59.400000,0.000000,3,3,3,3,4,4,5,6,15,15,15,1163,0,3,3.3350636082903984,1.9323660235386342,51.82224599411711,1451.8632846087705
1781614015,50,GET,/users/{user_id},24.700000,0.000000,3,3,3,3,4,5,6,6,14,14,14,468,0,3,2.947686992858787,1.6742190055083483,21.68180901207961,261.2457264957265
1781614015,50,,Aggregated,244.300000,0.000000,3,3,3,3,4,5,6,11,140,150,150,4699,0,3,4.210691806962042,1.6742190055083483,192.91187298949808,3316.5754415833158
1781614016,50,GET,/feed/{user_id},98.100000,0.000000,3,3,3,3,4,5,8,11,20,20,20,1935,0,3,3.1910404119549143,1.9354610121808946,37.49047400197014,1792.0671834625323
1781614016,50,GET,/feed/{user_id}?with_fof=true,49.300000,0.000000,3,3,3,3,4,5,76,130,160,160,160,1028,0,3,7.898577245992811,2.077073004329577,192.91187298949808,10687.832684824903
1781614016,50,POST,/likes,5.100000,0.000000,3,4,4,4,4,5,6,6,6,6,6,102,0,3,3.64227971494627,2.4991460086312145,21.966690983390436,180.7843137254902
1781614016,50,POST,/posts,8.100000,0.000000,3,3,4,4,4,5,6,6,6,6,6,161,0,3,3.5439940498091906,2.2996570041868836,20.843166013946757,228.34782608695653
1781614016,50,GET,/timeline/{user_id},59.200000,0.000000,3,3,3,3,4,4,5,6,15,15,15,1232,0,3,3.312074730085631,1.9323660235386342,51.82224599411711,1430.343344155844
1781614016,50,GET,/users/{user_id},24.800000,0.000000,3,3,3,3,4,5,6,6,14,14,14,485,0,3,2.943497415831236,1.6742190055083483,21.68180901207961,261.259793814433
1781614016,50,,Aggregated,244.600000,0.000000,3,3,3,3,4,5,6,11,140,160,160,4943,0,3,4.196756725288451,1.6742190055083483,192.91187298949808,3317.58850900263
1781614017,50,GET,/feed/{user_id},97.700000,0.000000,3,3,3,3,4,4,6,10,20,20,20,2036,0,3,3.163310792294266,1.9324159948155284,37.49047400197014,1783.8428290766208
1781614017,50,GET,/feed/{user_id}?with_fof=true,50.500000,0.000000,3,3,3,3,4,5,11,110,160,160,160,1073,0,3,7.685118496687284,2.077073004329577,192.91187298949808,10686.958061509786
1781614017,50,POST,/likes,5.100000,0.000000,3,4,4,4,4,4,6,6,6,6,6,103,0,3,3.6383878634067126,2.4991460086312145,21.966690983390436,180.7864077669903
1781614017,50,POST,/posts,8.000000,0.000000,3,3,4,4,4,4,6,6,6,6,6,167,0,3,3.5296464253504185,2.2996570041868836,20.843166013946757,228.34131736526948
1781614017,50,GET,/timeline/{user_id},59.300000,0.000000,3,3,3,3,4,4,5,6,10,10,10,1299,0,3,3.2775412152146344,1.9323660235386342,51.82224599411711,1446.5180908391071
1781614017,50,GET,/users/{user_id},24.100000,0.000000,2,3,3,3,4,4,6,6,14,14,14,510,0,3,2.9166511916806557,1.6742190055083483,21.68180901207961,261.3
1781614017,50,,Aggregated,244.700000,0.000000,3,3,3,3,4,4,6,10,140,160,160,5188,0,3,4.124104851453727,1.6742190055083483,192.91187298949808,3309.185427910563
1781614018,50,GET,/feed/{user_id},96.800000,0.000000,3,3,3,3,4,4,6,8,16,16,16,2127,0,3,3.1465320095443308,1.9324159948155284,37.49047400197014,1809.3511988716502
1781614018,50,GET,/feed/{user_id}?with_fof=true,51.700000,0.000000,3,3,3,3,4,4,6,76,160,160,160,1125,0,3,7.465835312924658,2.077073004329577,192.91187298949808,10681.949333333334
1781614018,50,POST,/likes,5.000000,0.000000,3,4,4,4,4,4,6,6,6,6,6,106,0,3,3.6371566595746874,2.4991460086312145,21.966690983390436,180.78301886792454
1781614018,50,POST,/posts,8.200000,0.000000,3,3,4,4,4,4,6,6,6,6,6,177,0,3,3.506080209314402,2.2996570041868836,20.843166013946757,228.35593220338984
1781614018,50,GET,/timeline/{user_id},59.500000,0.000000,3,3,3,3,4,4,5,6,10,10,10,1357,0,3,3.2583077755765597,1.9323660235386342,51.82224599411711,1421.1142225497422
1781614018,50,GET,/users/{user_id},23.800000,0.000000,3,3,3,3,4,4,6,6,14,14,14,540,0,3,2.9183994068902126,1.6742190055083483,21.68180901207961,261.3351851851852
1781614018,50,,Aggregated,245.000000,0.000000,3,3,3,3,4,4,6,7,110,160,160,5432,0,3,4.067620111465888,1.6742190055083483,192.91187298949808,3312.7463181148746
1781614019,50,GET,/feed/{user_id},97.100000,0.000000,3,3,3,3,3,4,5,7,16,16,16,2225,0,3,3.132149085580382,1.9324159948155284,37.49047400197014,1788.5033707865168
1781614019,50,GET,/feed/{user_id}?with_fof=true,51.300000,0.000000,3,3,3,3,4,4,7,76,160,160,160,1176,0,3,7.316741267960443,2.077073004329577,192.91187298949808,10685.552721088436
1781614019,50,POST,/likes,4.600000,0.000000,3,4,4,4,4,4,6,6,6,6,6,110,0,3,3.6302593266803096,2.4991460086312145,21.966690983390436,180.75454545454545
1781614019,50,POST,/posts,8.100000,0.000000,3,3,3,4,4,4,6,6,6,6,6,190,0,3,3.486088526857968,2.2996570041868836,20.843166013946757,228.3578947368421
1781614019,50,GET,/timeline/{user_id},61.200000,0.000000,3,3,3,3,4,4,5,6,10,10,10,1416,0,3,3.236733381028878,1.9323660235386342,51.82224599411711,1440.324152542373
1781614019,50,GET,/users/{user_id},22.900000,0.000000,3,3,3,3,4,4,6,6,14,14,14,565,0,3,2.913536532345203,1.6742190055083483,21.68180901207961,261.37699115044245
1781614019,50,,Aggregated,245.200000,0.000000,3,3,3,3,4,4,6,7,110,160,160,5682,0,3,4.02403509343323,1.6742190055083483,192.91187298949808,3308.0038718760998
1781614020,50,GET,/feed/{user_id},97.100000,0.000000,3,3,3,3,3,4,5,8,52,52,52,2318,0,3,3.1462231512033605,1.9324159948155284,51.53993199928664,1799.7174288179465
1781614020,50,GET,/feed/{user_id}?with_fof=true,51.700000,0.000000,3,3,3,3,4,4,6,76,160,160,160,1217,0,3,7.2704756861260265,2.077073004329577,192.91187298949808,10690.020542317174
1781614020,50,POST,/likes,4.600000,0.000000,3,4,4,4,4,4,6,6,6,6,6,116,0,3,3.6364340251974023,2.4991460086312145,21.966690983390436,180.75
1781614020,50,POST,/posts,8.100000,0.000000,3,3,3,4,4,4,5,6,6,6,6,202,0,3,3.464648371855129,2.2996570041868836,20.843166013946757,228.37623762376236
1781614020,50,GET,/timeline/{user_id},59.800000,0.000000,3,3,3,3,4,4,5,6,10,10,10,1477,0,3,3.2125971642289417,1.9323660235386342,51.82224599411711,1426.5450236966824
1781614020,50,GET,/users/{user_id},23.400000,0.000000,3,3,3,3,4,5,6,6,14,14,14,584,0,3,2.9147642940998058,1.6742190055083483,21.68180901207961,261.40410958904107
1781614020,50,,Aggregated,244.700000,0.000000,3,3,3,3,4,4,5,7,120,160,160,5914,0,3,4.009135585367405,1.6742190055083483,192.91187298949808,3298.6584376056812
1781614021,50,GET,/feed/{user_id},96.800000,0.000000,3,3,3,3,3,4,5,7,52,52,52,2432,0,3,3.1277998127255784,1.9324159948155284,51.53993199928664,1811.7759046052631
1781614021,50,GET,/feed/{user_id}?with_fof=true,50.600000,0.000000,3,3,3,3,4,4,12,110,160,160,160,1264,0,3,7.242800196947911,2.077073004329577,192.91187298949808,10691.710443037975
1781614021,50,POST,/likes,4.600000,0.000000,3,4,4,4,4,5,6,6,6,6,6,121,0,3,3.651147916593612,2.4991460086312145,21.966690983390436,180.7603305785124
1781614021,50,POST,/posts,8.200000,0.000000,3,3,3,4,4,4,5,6,6,6,6,210,0,3,3.463511457639037,2.2996570041868836,20.843166013946757,228.38095238095238
1781614021,50,GET,/timeline/{user_id},60.600000,0.000000,3,3,3,3,4,4,5,6,11,11,11,1531,0,3,3.199022081955096,1.9323660235386342,51.82224599411711,1429.3886348791639
1781614021,50,GET,/users/{user_id},24.000000,0.000000,3,3,3,3,4,5,6,6,14,14,14,599,0,3,2.915421016288856,1.6742190055083483,21.68180901207961,261.4290484140234
1781614021,50,,Aggregated,244.800000,0.000000,3,3,3,3,4,4,5,7,140,160,160,6157,0,3,3.9913715922905744,1.6742190055083483,192.91187298949808,3302.807048887445
1781614022,50,GET,/feed/{user_id},95.500000,0.000000,3,3,3,3,3,4,5,6,52,52,52,2542,0,3,3.108763052092903,1.9324159948155284,51.53993199928664,1810.3752950432731
1781614022,50,GET,/feed/{user_id}?with_fof=true,49.800000,0.000000,3,3,3,3,4,4,6,38,160,160,160,1302,0,3,7.114014599003583,2.077073004329577,192.91187298949808,10683.370967741936
1781614022,50,POST,/likes,5.000000,0.000000,4,4,4,4,5,6,6,6,6,6,6,127,0,3,3.648182424426988,2.4991460086312145,21.966690983390436,180.76377952755905
1781614022,50,POST,/posts,8.800000,0.000000,3,3,3,3,4,4,5,6,6,6,6,217,0,3,3.4518735948681813,2.2996570041868836,20.843166013946757,228.36405529953916
1781614022,50,GET,/timeline/{user_id},60.900000,0.000000,3,3,3,3,3,4,5,6,11,11,11,1593,0,3,3.1831166870311507,1.90484500490129,51.82224599411711,1437.1500313873196
1781614022,50,GET,/users/{user_id},24.100000,0.000000,3,3,3,3,4,5,6,6,14,14,14,622,0,3,2.9127362890392123,1.6742190055083483,21.68180901207961,261.4855305466238
1781614022,50,,Aggregated,244.100000,0.000000,3,3,3,3,4,4,5,6,120,160,160,6403,0,3,3.9449828640534843,1.6742190055083483,192.91187298949808,3285.3754490082774
1781614023,50,GET,/feed/{user_id},96.400000,0.000000,3,3,3,3,3,4,5,5,52,52,52,2643,0,3,3.0986678510535377,1.9324159948155284,51.53993199928664,1804.762391222096
1781614023,50,GET,/feed/{user_id}?with_fof=true,50.200000,0.000000,3,3,3,3,4,4,12,38,160,160,160,1356,0,3,6.95945009662427,2.077073004329577,192.91187298949808,10685.57743362832
1781614023,50,POST,/likes,4.700000,0.000000,4,4,4,4,4,5,6,6,6,6,6,131,0,3,3.6538477324105743,2.4991460086312145,21.966690983390436,180.74045801526717
1781614023,50,POST,/posts,8.800000,0.000000,3,3,3,4,4,4,5,5,5,5,5,224,0,3,3.4397931701408067,2.2996570041868836,20.843166013946757,228.35714285714286
1781614023,50,GET,/timeline/{user_id},60.600000,0.000000,3,3,3,3,3,4,5,5,11,11,11,1645,0,3,3.171911898159668,1.90484500490129,51.82224599411711,1425.6401215805472
1781614023,50,GET,/users/{user_id},23.400000,0.000000,3,3,3,3,4,5,6,6,14,14,14,649,0,3,2.900052266290486,1.6742190055083483,21.68180901207961,261.47149460708783
1781614023,50,,Aggregated,244.100000,0.000000,3,3,3,3,4,4,5,6,120,160,160,6648,0,3,3.9073240339514914,1.6742190055083483,192.91187298949808,3286.6022864019255
1781614024,50,GET,/feed/{user_id},97.500000,0.000000,3,3,3,3,3,4,5,5,52,52,52,2741,0,3,3.083236850518665,1.9324159948155284,51.53993199928664,1806.3608172199927
1781614024,50,GET,/feed/{user_id}?with_fof=true,49.000000,0.000000,3,3,3,3,4,4,21,110,160,160,160,1416,0,3,6.9258265557745275,2.0282299956306815,192.91187298949808,10673.973870056498
1781614024,50,POST,/likes,4.900000,0.000000,4,4,4,4,4,5,6,6,6,6,6,137,0,3,3.664073320598525,2.4991460086312145,21.966690983390436,180.74452554744525
1781614024,50,POST,/posts,8.800000,0.000000,3,3,3,4,4,4,5,5,5,5,5,228,0,3,3.436456724318161,2.2996570041868836,20.843166013946757,228.359649122807
1781614024,50,GET,/timeline/{user_id},62.200000,0.000000,3,3,3,3,3,4,5,6,13,13,13,1711,0,3,3.160200376682199,1.90484500490129,51.82224599411711,1421.635300993571
1781614024,50,GET,/users/{user_id},21.800000,0.000000,3,3,3,3,4,5,6,6,6,6,6,671,0,3,2.893952741901822,1.6742190055083483,21.68180901207961,261.4828614008942
1781614024,50,,Aggregated,244.200000,0.000000,3,3,3,3,4,4,5,6,120,160,160,6904,0,3,3.895214067588977,1.6742190055083483,192.91187298949808,3295.2321842410197
1781614025,50,GET,/feed/{user_id},98.100000,0.000000,3,3,3,3,3,4,5,5,52,52,52,2819,0,3,3.0739678567429523,1.9324159948155284,51.53993199928664,1789.5179141539554
1781614025,50,GET,/feed/{user_id}?with_fof=true,49.600000,0.000000,3,3,3,3,4,4,12,38,140,140,140,1464,0,3,6.798055584018743,2.0282299956306815,192.91187298949808,10676.112704918032
1781614025,50,POST,/likes,4.400000,0.000000,4,4,4,4,4,5,6,6,6,6,6,143,0,3,3.639953971516432,2.4991460086312145,21.966690983390436,180.76223776223776
1781614025,50,POST,/posts,8.800000,0.000000,3,3,4,4,4,5,5,5,5,5,5,240,0,3,3.447842429886805,2.2996570041868836,20.843166013946757,228.35833333333332
1781614025,50,GET,/timeline/{user_id},61.300000,0.000000,3,3,3,3,3,4,5,5,13,13,13,1786,0,3,3.1465384035310233,1.90484500490129,51.82224599411711,1423.1825307950728
1781614025,50,GET,/users/{user_id},22.300000,0.000000,3,3,3,3,4,5,6,6,6,6,6,695,0,3,2.884143360944049,1.6742190055083483,21.68180901207961,261.54244604316546
1781614025,50,,Aggregated,244.500000,0.000000,3,3,3,3,4,4,5,6,120,140,140,7147,0,3,3.8603696080626877,1.6742190055083483,192.91187298949808,3285.114173779208
1781614026,50,GET,/feed/{user_id},98.200000,0.000000,3,3,3,3,3,4,5,6,52,52,52,2912,0,3,3.067987372690238,1.9324159948155284,51.53993199928664,1795.059065934066
1781614026,50,GET,/feed/{user_id}?with_fof=true,50.400000,0.000000,3,3,3,3,4,4,21,81,140,140,140,1512,0,3,6.7885177401573555,2.0282299956306815,192.91187298949808,10664.501984126984
1781614026,50,POST,/likes,4.600000,0.000000,4,4,4,4,4,5,6,6,6,6,6,147,0,3,3.627281564131037,2.4991460086312145,21.966690983390436,180.73469387755102
1781614026,50,POST,/posts,8.400000,0.000000,3,3,3,4,4,4,5,5,5,5,5,251,0,3,3.4287487457235497,2.2996570041868836,20.843166013946757,228.3386454183267
1781614026,50,GET,/timeline/{user_id},60.400000,0.000000,3,3,3,3,4,4,5,6,15,15,15,1849,0,3,3.143744182033392,1.90484500490129,51.82224599411711,1418.0984315846404
1781614026,50,GET,/users/{user_id},22.200000,0.000000,3,3,3,3,4,5,6,6,6,6,6,723,0,3,2.875820073074652,1.6742190055083483,21.68180901207961,261.53941908713693
1781614026,50,,Aggregated,244.200000,0.000000,3,3,3,3,4,4,5,6,120,140,140,7394,0,3,3.852318810239178,1.6742190055083483,192.91187298949808,3279.277387070598
1781614027,50,GET,/feed/{user_id},97.700000,0.000000,3,3,3,3,3,4,5,6,52,52,52,3007,0,3,3.0624213831471807,1.9324159948155284,51.53993199928664,1804.042899900233
1781614027,50,GET,/feed/{user_id}?with_fof=true,48.900000,0.000000,3,3,3,3,4,4,21,81,140,140,140,1568,0,3,6.6622862980935045,2.0282299956306815,192.91187298949808,10672.578443877552
1781614027,50,POST,/likes,4.400000,0.000000,3,4,4,4,4,5,6,6,6,6,6,149,0,3,3.623103892083761,2.4991460086312145,21.966690983390436,180.74496644295303
1781614027,50,POST,/posts,8.500000,0.000000,3,3,3,4,4,4,5,5,5,5,5,258,0,3,3.424272791513191,2.2996570041868836,20.843166013946757,228.34108527131784
1781614027,50,GET,/timeline/{user_id},62.200000,0.000000,3,3,3,3,4,4,5,5,15,15,15,1916,0,3,3.1336847560150676,1.90484500490129,51.82224599411711,1411.3241127348642
1781614027,50,GET,/users/{user_id},22.700000,0.000000,3,3,3,3,4,5,6,6,6,6,6,740,0,3,2.8697908971210113,1.6742190055083483,21.68180901207961,261.5310810810811
1781614027,50,,Aggregated,244.400000,0.000000,3,3,3,3,4,4,5,6,120,140,140,7638,0,3,3.8238093913405984,1.6742190055083483,192.91187298949808,3291.8084577114428
1781614028,50,GET,/feed/{user_id},97.200000,0.000000,3,3,3,3,4,4,5,7,52,52,52,3111,0,3,3.0784812159848265,1.9324159948155284,51.53993199928664,1810.1057537769207
1781614028,50,GET,/feed/{user_id}?with_fof=true,48.100000,0.000000,3,3,3,3,4,5,14,81,140,140,140,1614,0,3,6.563085551693766,2.0282299956306815,192.91187298949808,10671.366171003718
1781614028,50,POST,/likes,4.600000,0.000000,4,4,4,4,4,5,11,11,11,11,11,152,0,3,3.6672349334893575,2.4991460086312145,21.966690983390436,180.75
1781614028,50,POST,/posts,8.900000,0.000000,3,3,3,4,4,4,5,5,5,5,5,271,0,3,3.409625067353262,2.2996570041868836,20.843166013946757,228.33579335793357
1781614028,50,GET,/timeline/{user_id},62.200000,0.000000,3,3,3,3,4,4,5,8,21,21,21,1979,0,3,3.1410428309074767,1.90484500490129,51.82224599411711,1403.2531581606872
1781614028,50,GET,/users/{user_id},23.800000,0.000000,3,3,3,3,4,5,6,6,7,7,7,758,0,3,2.8695787372568864,1.6742190055083483,21.68180901207961,261.5461741424802
1781614028,50,,Aggregated,244.800000,0.000000,3,3,3,3,4,4,5,11,120,140,140,7885,0,3,3.810103702182913,1.6742190055083483,192.91187298949808,3287.186683576411
1781614029,50,GET,/feed/{user_id},96.900000,0.000000,3,3,3,3,3,4,5,6,26,26,26,3199,0,3,3.0661835219562152,1.9324159948155284,51.53993199928664,1806.5617380431386
1781614029,50,GET,/feed/{user_id}?with_fof=true,49.500000,0.000000,3,3,3,3,4,5,14,81,140,140,140,1664,0,3,6.517498051974913,2.0282299956306815,192.91187298949808,10664.912259615385
1781614029,50,POST,/likes,4.600000,0.000000,4,4,4,4,4,5,11,11,11,11,11,161,0,3,3.666291589290482,2.4991460086312145,21.966690983390436,180.77639751552795
1781614029,50,POST,/posts,9.000000,0.000000,3,3,3,4,4,4,5,5,5,5,5,279,0,3,3.3942383738429918,2.2996570041868836,20.843166013946757,228.32974910394265
1781614029,50,GET,/timeline/{user_id},61.300000,0.000000,3,3,3,3,4,4,5,8,21,21,21,2032,0,3,3.128259915984662,1.90484500490129,51.82224599411711,1413.1983267716535
1781614029,50,GET,/users/{user_id},23.000000,0.000000,3,3,3,3,4,4,6,6,7,7,7,790,0,3,2.8489601110547333,1.6742190055083483,21.68180901207961,261.5873417721519
1781614029,50,,Aggregated,244.300000,0.000000,3,3,3,3,4,4,5,11,100,140,140,8125,0,3,3.790573038081997,1.6742190055083483,192.91187298949808,3285.7460923076924
1781614030,50,GET,/feed/{user_id},98.100000,0.000000,3,3,3,3,4,4,5,6,26,26,26,3305,0,3,3.066571520399457,1.9324159948155284,51.53993199928664,1828.413313161876
1781614030,50,GET,/feed/{user_id}?with_fof=true,48.800000,0.000000,3,3,3,3,4,4,13,81,120,120,120,1712,0,3,6.423917006728839,2.0282299956306815,192.91187298949808,10664.314836448599
1781614030,50,POST,/likes,4.600000,0.000000,4,4,4,4,4,5,11,11,11,11,11,165,0,3,3.6637598839165135,2.4991460086312145,21.966690983390436,180.78787878787878
1781614030,50,POST,/posts,9.300000,0.000000,3,3,3,4,4,4,5,5,5,5,5,285,0,3,3.3964184641821733,2.2996570041868836,20.843166013946757,228.32280701754385
1781614030,50,GET,/timeline/{user_id},62.200000,0.000000,3,3,3,3,4,4,5,8,21,21,21,2103,0,3,3.123603652032554,1.90484500490129,51.82224599411711,1402.233000475511
1781614030,50,GET,/users/{user_id},21.700000,0.000000,2,3,3,3,3,4,6,6,7,7,7,816,0,3,2.8436440684434308,1.6742190055083483,21.68180901207961,261.61151960784315
1781614030,50,,Aggregated,244.700000,0.000000,3,3,3,3,4,4,5,11,100,120,120,8386,0,3,3.7675431044183667,1.6742190055083483,192.91187298949808,3286.1299785356546
1781614031,50,GET,/feed/{user_id},97.400000,0.000000,3,3,3,3,4,4,5,7,26,26,26,3403,0,3,3.058578856547327,1.9324159948155284,51.53993199928664,1826.5592124595944
1781614031,50,GET,/feed/{user_id}?with_fof=true,49.100000,0.000000,3,3,3,3,4,4,13,81,120,120,120,1769,0,3,6.364737075500542,2.0282299956306815,192.91187298949808,10648.684567552289
1781614031,50,POST,/likes,5.000000,0.000000,4,4,4,4,4,5,11,11,11,11,11,167,0,3,3.659045172633581,2.4991460086312145,21.966690983390436,180.79041916167665
1781614031,50,POST,/posts,9.000000,0.000000,3,3,3,4,4,4,5,5,5,5,5,288,0,3,3.396571393346272,2.2996570041868836,20.843166013946757,228.32638888888889
1781614031,50,GET,/timeline/{user_id},61.400000,0.000000,3,3,3,3,4,4,5,8,21,21,21,2160,0,3,3.115300155709351,1.90484500490129,51.82224599411711,1410.7175925925926
1781614031,50,GET,/users/{user_id},22.500000,0.000000,2,3,3,3,3,4,5,6,7,7,7,840,0,3,2.8346640057861805,1.6742190055083483,21.68180901207961,261.6059523809524
1781614031,50,,Aggregated,244.400000,0.000000,3,3,3,3,4,4,5,11,100,120,120,8627,0,3,3.7518260046014995,1.6742190055083483,192.91187298949808,3293.8626405471196
1781614032,50,GET,/feed/{user_id},97.900000,0.000000,3,3,3,3,3,4,5,7,26,26,26,3505,0,3,3.0451053357085267,1.9324159948155284,51.53993199928664,1831.848787446505
1781614032,50,GET,/feed/{user_id}?with_fof=true,49.900000,0.000000,3,3,3,3,4,5,14,81,120,120,120,1816,0,3,6.298554770150766,2.0282299956306815,192.91187298949808,10649.926762114537
1781614032,50,POST,/likes,4.900000,0.000000,3,4,4,4,4,4,11,11,11,11,11,172,0,3,3.642418022134861,2.4991460086312145,21.966690983390436,180.7906976744186
1781614032,50,POST,/posts,8.400000,0.000000,3,3,3,4,4,4,5,5,5,5,5,290,0,3,3.395882321738413,2.2996570041868836,20.843166013946757,228.32758620689654
1781614032,50,GET,/timeline/{user_id},61.900000,0.000000,3,3,3,3,4,4,5,8,21,21,21,2229,0,3,3.1067036835114505,1.90484500490129,51.82224599411711,1418.1763122476448
1781614032,50,GET,/users/{user_id},23.100000,0.000000,2,3,3,3,3,4,5,6,7,7,7,868,0,3,2.8195987244443494,1.6742190055083483,21.68180901207961,261.57603686635946
1781614032,50,,Aggregated,246.100000,0.000000,3,3,3,3,4,4,5,11,100,120,120,8880,0,3,3.726894779361287,1.6742190055083483,192.91187298949808,3293.5102477477476
1781614033,50,GET,/feed/{user_id},97.000000,0.000000,3,3,3,3,4,4,5,7,26,26,26,3608,0,3,3.044595380119841,1.9324159948155284,51.53993199928664,1833.059866962306
1781614033,50,GET,/feed/{user_id}?with_fof=true,50.200000,0.000000,3,3,3,3,4,4,13,37,100,100,100,1863,0,3,6.22148622147053,2.0282299956306815,192.91187298949808,10643.871712292002
1781614033,50,POST,/likes,4.600000,0.000000,3,4,4,4,4,4,11,11,11,11,11,178,0,3,3.6469133192440495,2.4991460086312145,21.966690983390436,180.7921348314607
1781614033,50,POST,/posts,7.800000,0.000000,3,3,3,4,4,4,5,5,5,5,5,293,0,3,3.3980798952276707,2.2996570041868836,20.843166013946757,228.32423208191128
1781614033,50,GET,/timeline/{user_id},62.900000,0.000000,3,3,3,3,4,4,5,7,21,21,21,2290,0,3,3.100114681859151,1.90484500490129,51.82224599411711,1405.1668122270742
1781614033,50,GET,/users/{user_id},23.800000,0.000000,2,3,3,3,3,4,5,6,7,7,7,894,0,3,2.813704882367406,1.6742190055083483,21.68180901207961,261.582774049217
1781614033,50,,Aggregated,246.300000,0.000000,3,3,3,3,4,4,5,10,100,100,100,9126,0,3,3.707542376560711,1.6742190055083483,192.91187298949808,3286.651325882095
1781614034,50,GET,/feed/{user_id},96.000000,0.000000,3,3,3,3,4,4,5,9,26,26,26,3715,0,3,3.0410129788756612,1.8944389885291457,51.53993199928664,1840.2487213997308
1781614034,50,GET,/feed/{user_id}?with_fof=true,51.100000,0.000000,3,3,3,3,4,4,13,81,150,150,150,1914,0,3,6.208152566182981,2.0282299956306815,192.91187298949808,10639.993207941483
1781614034,50,POST,/likes,4.500000,0.000000,4,4,4,4,4,4,11,11,11,11,11,187,0,3,3.654833036390218,2.4991460086312145,21.966690983390436,180.7807486631016
1781614034,50,POST,/posts,7.300000,0.000000,3,3,3,3,4,4,4,5,5,5,5,298,0,3,3.3980173097092083,2.2996570041868836,20.843166013946757,228.31879194630872
1781614034,50,GET,/timeline/{user_id},63.300000,0.000000,3,3,3,3,4,4,5,7,21,21,21,2344,0,3,3.095152029178007,1.90484500490129,51.82224599411711,1395.7606655290103
1781614034,50,GET,/users/{user_id},24.600000,0.000000,2,3,3,3,3,4,4,6,7,7,7,909,0,3,2.8113326554958133,1.6742190055083483,21.68180901207961,261.5874587458746
1781614034,50,,Aggregated,246.800000,0.000000,3,3,3,3,4,4,5,10,100,150,150,9367,0,3,3.7030391699086755,1.6742190055083483,192.91187298949808,3289.501654745383
1781614035,50,GET,/feed/{user_id},96.400000,0.000000,3,3,3,3,4,4,5,8,26,26,26,3814,0,3,3.0367027707012126,1.8944389885291457,51.53993199928664,1844.782642894599
1781614035,50,GET,/feed/{user_id}?with_fof=true,50.300000,0.000000,3,3,3,3,4,4,13,100,150,150,150,1959,0,3,6.207340824762559,2.0282299956306815,192.91187298949808,10650.512506380806
1781614035,50,POST,/likes,4.700000,0.000000,3,4,4,4,4,4,11,11,11,11,11,192,0,3,3.6408805928355528,2.4991460086312145,21.966690983390436,180.78125
1781614035,50,POST,/posts,6.900000,0.000000,3,3,3,4,4,5,5,5,5,5,5,306,0,3,3.4032481413614613,2.2996570041868836,20.843166013946757,228.3235294117647
1781614035,50,GET,/timeline/{user_id},64.300000,0.000000,3,3,3,3,4,4,5,6,21,21,21,2403,0,3,3.083728463260598,1.90484500490129,51.82224599411711,1393.9205160216395
1781614035,50,GET,/users/{user_id},24.500000,0.000000,2,3,3,3,3,4,5,6,7,7,7,935,0,3,2.8091247153361354,1.6742190055083483,21.68180901207961,261.5935828877005
1781614035,50,,Aggregated,247.100000,0.000000,3,3,3,3,4,4,5,10,100,150,150,9609,0,3,3.6964657252887725,1.6742190055083483,192.91187298949808,3288.491310229993
1781614036,50,GET,/feed/{user_id},97.400000,0.000000,3,3,3,3,4,4,6,8,26,26,26,3912,0,3,3.0304928567433222,1.8944389885291457,51.53993199928664,1834.7236707566462
1781614036,50,GET,/feed/{user_id}?with_fof=true,49.800000,0.000000,3,3,3,3,4,4,11,37,150,150,150,2001,0,3,6.137784660036007,2.0282299956306815,192.91187298949808,10659.49375312344
1781614036,50,POST,/likes,4.800000,0.000000,4,4,4,4,4,4,11,11,11,11,11,197,0,3,3.6428708011085913,2.4991460086312145,21.966690983390436,180.76649746192894
1781614036,50,POST,/posts,7.000000,0.000000,3,3,4,4,4,5,5,5,5,5,5,313,0,3,3.3997465982272947,2.2996570041868836,20.843166013946757,228.32907348242813
1781614036,50,GET,/timeline/{user_id},63.400000,0.000000,3,3,3,3,4,4,5,6,21,21,21,2474,0,3,3.0755380517309048,1.90484500490129,51.82224599411711,1393.367421180275
1781614036,50,GET,/users/{user_id},23.900000,0.000000,2,3,3,3,4,4,5,6,7,7,7,958,0,3,2.8083444925572913,1.6742190055083483,21.68180901207961,261.58872651356995
1781614036,50,,Aggregated,246.300000,0.000000,3,3,3,3,4,4,5,9,100,150,150,9855,0,3,3.6750924969282197,1.6742190055083483,192.91187298949808,3278.7373921867074
1781614037,50,GET,/feed/{user_id},99.300000,0.000000,3,3,3,3,3,4,5,7,14,14,14,4004,0,3,3.0238789085152358,1.8944389885291457,51.53993199928664,1825.1508491508491
1781614037,50,GET,/feed/{user_id}?with_fof=true,49.500000,0.000000,3,3,3,3,4,4,11,100,150,150,150,2056,0,3,6.1045533743655715,2.0282299956306815,192.91187298949808,10651.485894941634
1781614037,50,POST,/likes,5.100000,0.000000,4,4,4,4,4,4,5,5,5,5,5,202,0,3,3.649790612675277,2.4991460086312145,21.966690983390436,180.75742574257427
1781614037,50,POST,/posts,6.800000,0.000000,3,3,4,4,4,5,6,6,6,6,6,318,0,3,3.4046075762609758,2.2996570041868836,20.843166013946757,228.32704402515722
1781614037,50,GET,/timeline/{user_id},61.500000,0.000000,3,3,3,3,4,4,5,5,13,13,13,2542,0,3,3.071357575494336,1.90484500490129,51.82224599411711,1397.9819040125885
1781614037,50,GET,/users/{user_id},23.800000,0.000000,2,3,3,3,4,4,5,5,7,7,7,979,0,3,2.8077767579162263,1.6742190055083483,21.68180901207961,261.5842696629214
1781614037,50,,Aggregated,246.000000,0.000000,3,3,3,3,4,4,5,7,100,150,150,10101,0,3,3.666438986566538,1.6742190055083483,192.91187298949808,3279.5011385011385
1781614038,50,GET,/feed/{user_id},100.700000,0.000000,3,3,3,3,4,4,5,7,14,14,14,4092,0,3,3.0200367357793745,1.8944389885291457,51.53993199928664,1833.5119745845552
1781614038,50,GET,/feed/{user_id}?with_fof=true,49.200000,0.000000,3,3,3,3,4,4,10,37,150,150,150,2104,0,3,6.038312590207941,2.0282299956306815,192.91187298949808,10651.092680608364
1781614038,50,POST,/likes,4.900000,0.000000,4,4,4,4,4,4,5,5,5,5,5,208,0,3,3.650256013385772,2.4991460086312145,21.966690983390436,180.76923076923077
1781614038,50,POST,/posts,6.300000,0.000000,3,3,4,4,5,5,6,6,6,6,6,327,0,3,3.40481650535322,2.2996570041868836,20.843166013946757,228.32415902140673
1781614038,50,GET,/timeline/{user_id},62.100000,0.000000,3,3,3,3,4,4,5,5,13,13,13,2611,0,3,3.0634812251719095,1.90484500490129,51.82224599411711,1393.7472232860973
1781614038,50,GET,/users/{user_id},23.000000,0.000000,2,3,3,3,4,4,5,5,7,7,7,1001,0,3,2.8085446033869164,1.6742190055083483,21.68180901207961,261.60939060939063
1781614038,50,,Aggregated,246.200000,0.000000,3,3,3,3,4,4,5,7,100,150,150,10343,0,3,3.6493600394040038,1.6742190055083483,192.91187298949808,3280.077056946727
1781614039,50,GET,/feed/{user_id},99.700000,0.000000,3,3,3,3,3,4,5,7,14,14,14,4182,0,3,3.014500513605184,1.8944389885291457,51.53993199928664,1820.6441893830704
1781614039,50,GET,/feed/{user_id}?with_fof=true,48.900000,0.000000,3,3,3,3,4,4,10,100,150,150,150,2152,0,3,6.015915785198075,2.0282299956306815,192.91187298949808,10645.512081784387
1781614039,50,POST,/likes,5.300000,0.000000,3,4,4,4,4,4,5,5,5,5,5,214,0,3,3.640333741901129,2.4991460086312145,21.966690983390436,180.7710280373832
1781614039,50,POST,/posts,5.900000,0.000000,3,3,4,4,5,5,6,6,6,6,6,335,0,3,3.3983673141928694,2.2996570041868836,20.843166013946757,228.31940298507462
1781614039,50,GET,/timeline/{user_id},62.900000,0.000000,3,3,3,3,4,4,5,5,20,20,20,2674,0,3,3.0656118256016582,1.90484500490129,51.82224599411711,1403.6507105459984
1781614039,50,GET,/users/{user_id},23.800000,0.000000,2,3,3,3,4,4,5,5,7,7,7,1028,0,3,2.8064506205889588,1.6742190055083483,21.68180901207961,261.6332684824903
1781614039,50,,Aggregated,246.500000,0.000000,3,3,3,3,4,4,5,7,100,150,150,10585,0,3,3.6422157438156706,1.6742190055083483,192.91187298949808,3274.498724610298
1781614040,50,GET,/feed/{user_id},98.300000,0.000000,3,3,3,3,3,4,5,6,12,12,12,4267,0,3,3.0133279730108153,1.8944389885291457,51.53993199928664,1828.9430513241152
1781614040,50,GET,/feed/{user_id}?with_fof=true,49.100000,0.000000,3,3,3,3,4,4,10,97,150,150,150,2208,0,3,5.9804845130834705,2.0282299956306815,192.91187298949808,10635.543025362318
1781614040,50,POST,/likes,5.600000,0.000000,3,4,4,4,4,4,5,5,5,5,5,219,0,3,3.639037861992694,2.4991460086312145,21.966690983390436,180.76712328767124
1781614040,50,POST,/posts,5.400000,0.000000,3,3,4,4,5,5,6,6,6,6,6,338,0,3,3.4033779474905246,2.2996570041868836,20.843166013946757,228.31360946745562
1781614040,50,GET,/timeline/{user_id},62.500000,0.000000,3,3,3,3,4,4,5,5,20,20,20,2738,0,3,3.059125700706587,1.90484500490129,51.82224599411711,1402.7706355003652
1781614040,50,GET,/users/{user_id},24.300000,0.000000,2,3,3,3,4,4,5,5,7,7,7,1058,0,2,2.8001365671011342,1.6742190055083483,21.68180901207961,261.63988657844993
1781614040,50,,Aggregated,245.200000,0.000000,3,3,3,3,4,4,5,6,100,150,150,10828,0,3,3.633958437410536,1.6742190055083483,192.91187298949808,3280.5446989287034
1781614041,50,GET,/feed/{user_id},98.300000,0.000000,3,3,3,3,4,4,5,8,15,15,15,4370,0,3,3.0139226240246586,1.8944389885291457,51.53993199928664,1825.871167048055
1781614041,50,GET,/feed/{user_id}?with_fof=true,48.700000,0.000000,3,3,3,3,4,4,10,97,150,150,150,2257,0,3,5.921922539610776,2.0282299956306815,192.91187298949808,10635.107221976074
1781614041,50,POST,/likes,5.400000,0.000000,4,4,4,4,4,5,5,5,5,5,5,224,0,3,3.6435408516938748,2.4991460086312145,21.966690983390436,180.76339285714286
1781614041,50,POST,/posts,5.600000,0.000000,3,3,4,4,5,5,5,6,6,6,6,346,0,3,3.404321552744146,2.2996570041868836,20.843166013946757,228.32080924855492
1781614041,50,GET,/timeline/{user_id},64.100000,0.000000,3,3,3,3,4,4,5,5,20,20,20,2798,0,3,3.0632773725991784,1.90484500490129,51.82224599411711,1412.5800571837026
1781614041,50,GET,/users/{user_id},23.600000,0.000000,2,3,3,3,4,4,5,5,7,7,7,1081,0,2,2.7944822942419796,1.6742190055083483,21.68180901207961,261.6336725254394
1781614041,50,,Aggregated,245.700000,0.000000,3,3,3,3,4,4,5,7,100,150,150,11076,0,3,3.622476967815661,1.6742190055083483,192.91187298949808,3280.715872156013
1781614042,50,GET,/feed/{user_id},96.300000,0.000000,3,3,3,3,4,4,5,7,15,15,15,4458,0,3,3.0115700318686334,1.8944389885291457,51.53993199928664,1809.069089277703
1781614042,50,GET,/feed/{user_id}?with_fof=true,49.600000,0.000000,3,3,3,3,4,4,6,97,150,150,150,2307,0,3,5.860080923235159,2.0282299956306815,192.91187298949808,10632.540095361943
1781614042,50,POST,/likes,5.400000,0.000000,4,4,4,4,4,5,5,5,5,5,5,232,0,3,3.6389161369729193,2.4991460086312145,21.966690983390436,180.7801724137931
1781614042,50,POST,/posts,5.300000,0.000000,3,4,4,4,5,5,5,6,6,6,6,353,0,3,3.4050397484539547,2.2996570041868836,20.843166013946757,228.32011331444758
1781614042,50,GET,/timeline/{user_id},63.800000,0.000000,3,3,3,3,4,4,5,5,20,20,20,2864,0,3,3.0553313130816067,1.90484500490129,51.82224599411711,1408.0628491620112
1781614042,50,GET,/users/{user_id},23.900000,0.000000,2,3,3,3,4,4,5,5,6,6,6,1100,0,2,2.7892201573228124,1.6742190055083483,21.68180901207961,261.6409090909091
1781614042,50,,Aggregated,244.300000,0.000000,3,3,3,3,4,4,5,6,100,150,150,11314,0,3,3.607000576336986,1.6742190055083483,192.91187298949808,3273.5668198691887
1781614043,50,GET,/feed/{user_id},96.100000,0.000000,3,3,3,3,4,4,5,6,15,15,15,4559,0,3,3.005315708098884,1.8944389885291457,51.53993199928664,1806.5237990787452
1781614043,50,GET,/feed/{user_id}?with_fof=true,49.000000,0.000000,3,3,3,3,4,4,6,97,150,150,150,2366,0,3,5.839497093405021,2.0282299956306815,192.91187298949808,10634.268808114963
1781614043,50,POST,/likes,5.700000,0.000000,4,4,4,4,4,5,5,5,5,5,5,241,0,3,3.644763090270011,2.4991460086312145,21.966690983390436,180.78838174273858
1781614043,50,POST,/posts,5.700000,0.000000,3,3,4,4,4,5,5,6,6,6,6,363,0,3,3.39744528983245,2.2996570041868836,20.843166013946757,228.3250688705234
1781614043,50,GET,/timeline/{user_id},64.200000,0.000000,3,3,3,3,4,4,5,5,20,20,20,2916,0,3,3.0485365471780455,1.90484500490129,51.82224599411711,1406.7037037037037
1781614043,50,GET,/users/{user_id},24.100000,0.000000,2,3,3,3,4,5,5,5,6,6,6,1123,0,2,2.7914845494490006,1.6742190055083483,21.68180901207961,261.713268032057
1781614043,50,,Aggregated,244.800000,0.000000,3,3,3,3,4,4,5,6,100,150,150,11568,0,3,3.600753345590055,1.6742190055083483,192.91187298949808,3277.9154564315354
1781614044,50,GET,/feed/{user_id},95.600000,0.000000,3,3,3,3,4,4,5,6,15,15,15,4668,0,3,3.0006510212425113,1.8944389885291457,51.53993199928664,1810.4284490145674
1781614044,50,GET,/feed/{user_id}?with_fof=true,49.500000,0.000000,3,3,3,3,4,4,5,17,110,110,110,2416,0,3,5.775811901479009,2.0282299956306815,192.91187298949808,10635.8940397351
1781614044,50,POST,/likes,6.000000,0.000000,4,4,4,4,4,5,5,5,5,5,5,247,0,3,3.63595841211165,2.4991460086312145,21.966690983390436,180.79757085020242
1781614044,50,POST,/posts,6.300000,0.000000,3,3,4,4,4,4,5,6,6,6,6,371,0,3,3.3927374077594346,2.2996570041868836,20.843166013946757,228.33153638814017
1781614044,50,GET,/timeline/{user_id},63.500000,0.000000,3,3,3,3,4,4,5,5,20,20,20,2967,0,3,3.044395638873611,1.90484500490129,51.82224599411711,1410.7920458375463
1781614044,50,GET,/users/{user_id},23.300000,0.000000,2,3,3,3,4,5,5,6,6,6,6,1148,0,2,2.7872374304255896,1.6683800204191357,21.68180901207961,261.70296167247386
1781614044,50,,Aggregated,244.200000,0.000000,3,3,3,3,4,4,5,6,100,110,110,11817,0,3,3.5838756247668813,1.6683800204191357,192.91187298949808,3280.2761276127612
1781614045,50,GET,/feed/{user_id},94.800000,0.000000,3,3,3,3,4,4,5,6,15,15,15,4761,0,3,2.9946268478003923,1.8944389885291457,51.53993199928664,1798.3343835328712
1781614045,50,GET,/feed/{user_id}?with_fof=true,50.100000,0.000000,3,3,3,3,4,4,6,17,110,110,110,2473,0,3,5.712457427857527,2.0282299956306815,192.91187298949808,10640.066720582288
1781614045,50,POST,/likes,6.300000,0.000000,4,4,4,4,4,5,5,5,5,5,5,252,0,3,3.6291395468103316,2.4991460086312145,21.966690983390436,180.79761904761904
1781614045,50,POST,/posts,6.900000,0.000000,3,3,4,4,4,4,5,6,6,6,6,379,0,3,3.3828715308775785,2.2996570041868836,20.843166013946757,228.3245382585752
1781614045,50,GET,/timeline/{user_id},62.300000,0.000000,3,3,3,3,4,4,5,5,20,20,20,3035,0,3,3.0360488795837974,1.9047649984713644,51.82224599411711,1411.5736408566722
1781614045,50,GET,/users/{user_id},23.100000,0.000000,2,3,3,3,4,5,5,6,6,6,6,1170,0,2,2.7908882761521374,1.6683800204191357,21.68180901207961,261.68547008547006
1781614045,50,,Aggregated,243.500000,0.000000,3,3,3,3,4,4,5,6,100,110,110,12070,0,3,3.567582829337445,1.6683800204191357,192.91187298949808,3280.6254349627175
1781614046,50,GET,/feed/{user_id},95.300000,0.000000,3,3,3,3,4,4,5,6,15,15,15,4853,0,3,2.991876682564672,1.8944389885291457,51.53993199928664,1800.8893467957964
1781614046,50,GET,/feed/{user_id}?with_fof=true,50.300000,0.000000,3,3,3,3,4,5,6,17,110,110,110,2513,0,3,5.711270295695664,2.0282299956306815,192.91187298949808,10642.649820931158
1781614046,50,POST,/likes,6.200000,0.000000,3,4,4,4,4,5,5,5,5,5,5,259,0,3,3.6288461419591918,2.4991460086312145,21.966690983390436,180.79150579150578
1781614046,50,POST,/posts,7.000000,0.000000,3,3,4,4,4,4,5,5,5,5,5,386,0,3,3.3904936921166335,2.2996570041868836,20.843166013946757,228.32124352331607
1781614046,50,GET,/timeline/{user_id},62.200000,0.000000,3,3,3,3,4,4,5,6,20,20,20,3106,0,3,3.0316961395475683,1.9047649984713644,51.82224599411711,1425.3354797166774
1781614046,50,GET,/users/{user_id},23.900000,0.000000,2,3,3,3,4,4,5,5,6,6,6,1202,0,2,2.7798053545026207,1.6683800204191357,21.68180901207961,261.68968386023295
1781614046,50,,Aggregated,244.900000,0.000000,3,3,3,3,4,4,5,6,100,110,110,12319,0,3,3.561845584466345,1.6683800204191357,192.91187298949808,3276.345076710772
1781614047,50,GET,/feed/{user_id},94.700000,0.000000,3,3,3,3,4,4,5,6,15,15,15,4962,0,3,2.985749272154057,1.8944389885291457,51.53993199928664,1795.7079806529625
1781614047,50,GET,/feed/{user_id}?with_fof=true,51.000000,0.000000,3,3,3,3,4,4,6,11,110,110,110,2566,0,3,5.6542294315063915,2.0282299956306815,192.91187298949808,10641.87295401403
1781614047,50,POST,/likes,6.000000,0.000000,3,4,4,4,4,5,5,5,5,5,5,260,0,3,3.627697202878503,2.4991460086312145,21.966690983390436,180.7923076923077
1781614047,50,POST,/posts,7.300000,0.000000,3,3,4,4,4,4,5,5,5,5,5,393,0,3,3.386772407453422,2.2996570041868836,20.843166013946757,228.3206106870229
1781614047,50,GET,/timeline/{user_id},63.200000,0.000000,3,3,3,3,4,4,5,6,20,20,20,3165,0,3,3.0245775392107626,1.9047649984713644,51.82224599411711,1426.0334913112165
1781614047,50,GET,/users/{user_id},23.500000,0.000000,2,3,3,3,4,4,5,5,6,6,6,1225,0,2,2.777985422872007,1.6683800204191357,21.68180901207961,261.69714285714286
1781614047,50,,Aggregated,245.700000,0.000000,3,3,3,3,4,4,5,6,100,110,110,12571,0,3,3.5457850205370858,1.6683800204191357,192.91187298949808,3276.43465118129
1781614048,50,GET,/feed/{user_id},93.400000,0.000000,3,3,3,3,4,4,5,6,15,15,15,5054,0,3,2.985895748607126,1.8944389885291457,51.53993199928664,1802.6254451919272
1781614048,50,GET,/feed/{user_id}?with_fof=true,51.200000,0.000000,3,3,3,3,4,4,6,11,130,130,130,2614,0,3,5.65280223152126,2.0282299956306815,192.91187298949808,10639.505355776588
1781614048,50,POST,/likes,6.300000,0.000000,4,4,4,4,4,5,5,5,5,5,5,263,0,3,3.6308823185246935,2.4991460086312145,21.966690983390436,180.79467680608366
1781614048,50,POST,/posts,7.300000,0.000000,3,4,4,4,4,4,5,5,5,5,5,398,0,3,3.3869089072584244,2.2996570041868836,20.843166013946757,228.321608040201
1781614048,50,GET,/timeline/{user_id},63.100000,0.000000,3,3,3,3,4,4,5,5,14,14,14,3231,0,3,3.021982257682539,1.9047649984713644,51.82224599411711,1427.6391210151655
1781614048,50,GET,/users/{user_id},24.600000,0.000000,2,3,3,3,4,4,5,6,10,10,10,1250,0,2,2.782527473592199,1.6683800204191357,21.68180901207961,261.7032
1781614048,50,,Aggregated,245.900000,0.000000,3,3,3,3,4,4,5,6,100,130,130,12810,0,3,3.5450615111694277,1.6683800204191357,192.91187298949808,3278.71881342701
1781614049,50,GET,/feed/{user_id},95.400000,0.000000,3,3,3,3,4,4,5,6,15,15,15,5155,0,3,2.9808023511919903,1.8731869931798428,51.53993199928664,1796.7383123181378
1781614049,50,GET,/feed/{user_id}?with_fof=true,50.500000,0.000000,3,3,3,3,4,5,6,11,130,130,130,2666,0,3,5.6079400894068785,2.0282299956306815,192.91187298949808,10647.462115528882
1781614049,50,POST,/likes,5.800000,0.000000,4,4,4,4,4,5,5,5,5,5,5,269,0,3,3.622222549284611,2.4991460086312145,21.966690983390436,180.78810408921933
1781614049,50,POST,/posts,7.600000,0.000000,3,3,4,4,4,4,4,5,5,5,5,408,0,3,3.3807741302178544,2.2996570041868836,20.843166013946757,228.3235294117647
1781614049,50,GET,/timeline/{user_id},62.100000,0.000000,3,3,3,3,4,4,5,6,14,14,14,3293,0,3,3.018754700119863,1.9047649984713644,51.82224599411711,1422.6119040388703
1781614049,50,GET,/users/{user_id},24.400000,0.000000,2,3,3,3,4,4,5,6,10,10,10,1266,0,2,2.7786491658841297,1.6683800204191357,21.68180901207961,261.70221169036336
1781614049,50,,Aggregated,245.800000,0.000000,3,3,3,3,4,4,5,6,100,130,130,13057,0,3,3.532899378198967,1.6683800204191357,192.91187298949808,3278.401164126522
1781614050,50,GET,/feed/{user_id},96.100000,0.000000,3,3,3,3,4,4,5,6,15,15,15,5243,0,3,2.978734742006448,1.8731869931798428,51.53993199928664,1789.533663932863
1781614050,50,GET,/feed/{user_id}?with_fof=true,50.800000,0.000000,3,3,3,3,4,4,6,11,130,130,130,2713,0,3,5.559808586921403,2.0282299956306815,192.91187298949808,10655.323626981202
1781614050,50,POST,/likes,5.500000,0.000000,3,4,4,4,4,4,5,5,5,5,5,275,0,3,3.61232772289606,2.4991460086312145,21.966690983390436,180.78545454545454
1781614050,50,POST,/posts,7.400000,0.000000,3,3,4,4,4,4,4,5,5,5,5,414,0,3,3.3765535703652136,2.2996570041868836,20.843166013946757,228.32608695652175
1781614050,50,GET,/timeline/{user_id},62.300000,0.000000,3,3,3,3,3,4,5,5,14,14,14,3357,0,3,3.014170136589153,1.9047649984713644,51.82224599411711,1430.2597557342865
1781614050,50,GET,/users/{user_id},25.000000,0.000000,2,3,3,3,4,4,6,6,15,15,15,1295,0,2,2.7829544995614763,1.6683800204191357,21.68180901207961,261.6988416988417
1781614050,50,,Aggregated,247.100000,0.000000,3,3,3,3,4,4,5,6,100,130,130,13297,0,3,3.520722379186816,1.6683800204191357,192.91187298949808,3277.050688125141
1781614051,50,GET,/feed/{user_id},97.000000,0.000000,3,3,3,3,4,4,5,6,14,14,14,5345,0,3,2.973247987530312,1.8731869931798428,51.53993199928664,1788.3025257249767
1781614051,50,GET,/feed/{user_id}?with_fof=true,51.100000,0.000000,3,3,3,3,4,4,6,11,130,130,130,2769,0,3,5.504687038342676,2.0282299956306815,192.91187298949808,10658.292524377031
1781614051,50,POST,/likes,5.400000,0.000000,3,4,4,4,4,5,5,5,5,5,5,280,0,3,3.6132001457320126,2.4991460086312145,21.966690983390436,180.77857142857144
1781614051,50,POST,/posts,7.300000,0.000000,3,3,3,4,4,4,5,5,5,5,5,419,0,3,3.3796407448501284,2.2996570041868836,20.843166013946757,228.32696897374703
1781614051,50,GET,/timeline/{user_id},61.600000,0.000000,3,3,3,3,3,4,5,5,14,14,14,3417,0,3,3.0088423829943944,1.9047649984713644,51.82224599411711,1435.4372256365232
1781614051,50,GET,/users/{user_id},24.200000,0.000000,2,3,3,3,4,4,6,6,15,15,15,1320,0,2,2.7773551416017157,1.6683800204191357,21.68180901207961,261.69772727272726
1781614051,50,,Aggregated,246.600000,0.000000,3,3,3,3,4,4,5,6,100,130,130,13550,0,3,3.506241891145658,1.6683800204191357,192.91187298949808,3281.7642804428046
1781614052,50,GET,/feed/{user_id},98.000000,0.000000,3,3,3,3,4,4,5,6,14,14,14,5450,0,3,2.967361090897044,1.8731869931798428,51.53993199928664,1790.7190825688074
1781614052,50,GET,/feed/{user_id}?with_fof=true,50.000000,0.000000,3,3,3,3,4,4,5,10,130,130,130,2821,0,3,5.455828378595942,2.0282299956306815,192.91187298949808,10657.812832328962
1781614052,50,POST,/likes,5.600000,0.000000,3,4,4,4,4,4,5,5,5,5,5,285,0,3,3.6109667150875584,2.4991460086312145,21.966690983390436,180.7859649122807
1781614052,50,POST,/posts,7.400000,0.000000,3,3,3,4,4,4,5,5,5,5,5,427,0,3,3.373366304693975,2.2996570041868836,20.843166013946757,228.3208430913349
1781614052,50,GET,/timeline/{user_id},62.000000,0.000000,3,3,3,3,3,4,5,5,14,14,14,3479,0,3,3.0021688013099834,1.9047649984713644,51.82224599411711,1441.5645300373671
1781614052,50,GET,/users/{user_id},23.900000,0.000000,2,3,3,3,4,4,6,6,15,15,15,1340,0,2,2.7771279544425336,1.6683800204191357,21.68180901207961,261.71268656716416
1781614052,50,,Aggregated,246.900000,0.000000,3,3,3,3,4,4,5,6,20,130,130,13802,0,3,3.492135882192635,1.6683800204191357,192.91187298949808,3285.0328937835097
1781614053,50,GET,/feed/{user_id},97.500000,0.000000,3,3,3,3,4,4,5,6,13,13,13,5545,0,3,2.9670637868919196,1.8731869931798428,51.53993199928664,1788.1769161406673
1781614053,50,GET,/feed/{user_id}?with_fof=true,50.900000,0.000000,3,3,3,3,4,4,6,10,130,130,130,2877,0,3,5.440398018108276,2.0282299956306815,192.91187298949808,10645.380604796663
1781614053,50,POST,/likes,5.500000,0.000000,3,4,4,4,4,5,5,5,5,5,5,290,0,3,3.61873642702041,2.4991460086312145,21.966690983390436,180.78275862068966
1781614053,50,POST,/posts,7.300000,0.000000,3,3,3,4,4,4,5,5,5,5,5,436,0,3,3.3737502754783395,2.2996570041868836,20.843166013946757,228.32110091743118
1781614053,50,GET,/timeline/{user_id},61.500000,0.000000,3,3,3,3,3,4,5,5,7,7,7,3542,0,3,2.99954209280164,1.9047649984713644,51.82224599411711,1445.9935064935064
1781614053,50,GET,/users/{user_id},23.600000,0.000000,2,3,3,3,4,4,5,6,15,15,15,1358,0,2,2.775328055185997,1.6683800204191357,21.68180901207961,261.71723122238586
1781614053,50,,Aggregated,246.300000,0.000000,3,3,3,3,4,4,5,6,94,130,130,14048,0,3,3.4893263149205347,1.6683800204191357,192.91187298949808,3286.681164578588
1781614054,50,GET,/feed/{user_id},98.600000,0.000000,3,3,3,3,4,4,5,6,13,13,13,5645,0,3,2.9631962663138514,1.8731869931798428,51.53993199928664,1787.4632418069089
1781614054,50,GET,/feed/{user_id}?with_fof=true,51.300000,0.000000,3,3,3,3,4,4,6,13,130,130,130,2931,0,3,5.3961984896026705,2.0282299956306815,192.91187298949808,10650.6417604913
1781614054,50,POST,/likes,5.300000,0.000000,3,4,4,4,4,5,5,5,5,5,5,295,0,3,3.6169363012126947,2.4991460086312145,21.966690983390436,180.7864406779661
1781614054,50,POST,/posts,7.400000,0.000000,3,3,3,4,4,4,5,5,5,5,5,444,0,3,3.3678757975288027,2.2996570041868836,20.843166013946757,228.3108108108108
1781614054,50,GET,/timeline/{user_id},60.900000,0.000000,3,3,3,3,4,4,5,6,7,7,7,3602,0,3,2.9955588760600245,1.9047649984713644,51.82224599411711,1454.723209328151
1781614054,50,GET,/users/{user_id},23.900000,0.000000,2,3,3,3,4,4,6,6,15,15,15,1378,0,2,2.7728936987794213,1.6683800204191357,21.68180901207961,261.69738751814225
1781614054,50,,Aggregated,247.400000,0.000000,3,3,3,3,4,4,5,6,94,130,130,14295,0,3,3.477921255530878,1.6683800204191357,192.91187298949808,3292.2346974466595
1781614055,50,GET,/feed/{user_id},98.700000,0.000000,3,3,3,3,4,4,5,6,13,13,13,5748,0,3,2.959944797581878,1.8731869931798428,51.53993199928664,1792.999478079332
1781614055,50,GET,/feed/{user_id}?with_fof=true,51.300000,0.000000,3,3,3,3,4,4,5,7,130,130,130,2987,0,3,5.35078820492285,2.0282299956306815,192.91187298949808,10650.448275862069
1781614055,50,POST,/likes,4.900000,0.000000,3,4,4,4,4,5,5,5,5,5,5,299,0,3,3.6152419895027146,2.4991460086312145,21.966690983390436,180.7826086956522
1781614055,50,POST,/posts,7.400000,0.000000,3,3,3,4,4,4,5,5,5,5,5,451,0,3,3.369943676513832,2.2996570041868836,20.843166013946757,228.30376940133038
1781614055,50,GET,/timeline/{user_id},62.700000,0.000000,3,3,3,3,4,4,5,5,7,7,7,3658,0,3,2.9917441993942124,1.9047649984713644,51.82224599411711,1450.5749043193002
1781614055,50,GET,/users/{user_id},23.200000,0.000000,2,3,3,3,4,4,6,6,15,15,15,1400,0,2,2.7707818570654905,1.6683800204191357,21.68180901207961,261.6878571428571
1781614055,50,,Aggregated,248.200000,0.000000,3,3,3,3,4,4,5,6,20,130,130,14543,0,3,3.4669781956164445,1.6683800204191357,192.91187298949808,3297.0250292236815
1781614056,50,GET,/feed/{user_id},98.100000,0.000000,3,3,3,3,4,4,6,7,24,24,24,5854,0,3,2.969719886993843,1.8731869931798428,51.53993199928664,1784.2605056371713
1781614056,50,GET,/feed/{user_id}?with_fof=true,51.400000,0.000000,3,3,3,3,4,5,96,110,140,140,140,3038,0,3,5.664654871032492,2.0282299956306815,192.91187298949808,10649.75641869651
1781614056,50,POST,/likes,4.700000,0.000000,3,4,4,4,4,5,5,5,5,5,5,301,0,3,3.6178180527102906,2.4991460086312145,21.966690983390436,180.78737541528238
1781614056,50,POST,/posts,7.500000,0.000000,3,3,4,4,4,4,5,5,5,5,5,456,0,3,3.3691420089381974,2.2996570041868836,20.843166013946757,228.30701754385964
1781614056,50,GET,/timeline/{user_id},63.700000,0.000000,3,3,3,3,4,4,5,5,7,7,7,3711,0,3,2.9919402329566758,1.9047649984713644,51.82224599411711,1451.142549178119
1781614056,50,GET,/users/{user_id},23.100000,0.000000,2,3,3,3,4,5,6,10,15,15,15,1425,0,2,2.7840599535939923,1.6683800204191357,21.68180901207961,261.68912280701755
1781614056,50,,Aggregated,248.500000,0.000000,3,3,3,3,4,4,6,11,130,140,140,14785,0,3,3.53666752417815,1.6683800204191357,192.91187298949808,3294.936963138316
1781614057,50,GET,/feed/{user_id},98.700000,0.000000,3,3,3,3,4,4,6,11,24,24,24,5947,0,3,2.973377618899377,1.8731869931798428,51.53993199928664,1791.4257608878427
1781614057,50,GET,/feed/{user_id}?with_fof=true,51.600000,0.000000,3,3,3,3,4,5,96,110,140,140,140,3087,0,3,5.666362898020227,2.0282299956306815,192.91187298949808,10652.692905733722
1781614057,50,POST,/likes,4.600000,0.000000,3,4,4,4,5,5,7,7,7,7,7,305,0,3,3.6320699634580094,2.4991460086312145,21.966690983390436,180.77704918032788
1781614057,50,POST,/posts,7.000000,0.000000,3,3,3,4,4,4,5,5,5,5,5,461,0,3,3.3717395859233097,2.2996570041868836,20.843166013946757,228.31236442516268
1781614057,50,GET,/timeline/{user_id},62.500000,0.000000,3,3,3,3,4,4,5,6,11,11,11,3779,0,3,2.996095623581967,1.9047649984713644,51.82224599411711,1459.9023551204023
1781614057,50,GET,/users/{user_id},23.000000,0.000000,2,3,3,3,4,5,6,9,15,15,15,1452,0,2,2.7786890928666863,1.6683800204191357,21.68180901207961,261.6873278236915
1781614057,50,,Aggregated,247.400000,0.000000,3,3,3,3,4,5,6,12,120,140,140,15031,0,3,3.5389391376559813,1.6683800204191357,192.91187298949808,3299.5676934335706
1781614058,50,GET,/feed/{user_id},100.100000,0.000000,3,3,3,3,4,4,6,11,24,24,24,6044,0,3,2.9721603576560574,1.8731869931798428,51.53993199928664,1785.638649900728
1781614058,50,GET,/feed/{user_id}?with_fof=true,52.200000,0.000000,3,3,3,3,4,5,96,110,140,140,140,3146,0,3,5.652237185392868,2.0282299956306815,192.91187298949808,10651.883979656706
1781614058,50,POST,/likes,4.200000,0.000000,3,4,4,4,5,5,7,7,7,7,7,310,0,3,3.631731160848792,2.4991460086312145,21.966690983390436,180.78064516129032
1781614058,50,POST,/posts,6.900000,0.000000,3,3,3,4,4,4,5,5,5,5,5,471,0,3,3.364574021537197,2.2996570041868836,20.843166013946757,228.3227176220807
1781614058,50,GET,/timeline/{user_id},60.700000,0.000000,3,3,3,3,4,4,5,6,12,12,12,3838,0,3,2.996611816964732,1.9047649984713644,51.82224599411711,1453.6831683168316
1781614058,50,GET,/users/{user_id},22.200000,0.000000,2,3,3,3,4,5,6,9,15,15,15,1469,0,2,2.781075194556966,1.6683800204191357,21.68180901207961,261.67052416609937
1781614058,50,,Aggregated,246.300000,0.000000,3,3,3,3,4,5,6,13,120,140,140,15278,0,3,3.537283808433116,1.6683800204191357,192.91187298949808,3300.8534494043724
1781614059,50,GET,/feed/{user_id},98.600000,0.000000,3,3,3,3,4,4,6,11,24,24,24,6152,0,3,2.9750316366593803,1.8731869931798428,51.53993199928664,1778.1423927178153
1781614059,50,GET,/feed/{user_id}?with_fof=true,52.100000,0.000000,3,3,3,3,4,5,97,110,160,160,160,3199,0,3,5.661280170474906,2.0282299956306815,192.91187298949808,10650.010003125977
1781614059,50,POST,/likes,4.500000,0.000000,4,4,4,4,5,5,7,7,7,7,7,315,0,3,3.626728720135159,2.4991460086312145,21.966690983390436,180.77142857142857
1781614059,50,POST,/posts,6.700000,0.000000,3,3,4,4,4,4,5,5,5,5,5,478,0,3,3.3648570253154277,2.2996570041868836,20.843166013946757,228.32217573221757
1781614059,50,GET,/timeline/{user_id},61.300000,0.000000,3,3,3,3,4,4,6,6,12,12,12,3888,0,3,2.992887166815289,1.9047649984713644,51.82224599411711,1456.1044238683128
1781614059,50,GET,/users/{user_id},22.700000,0.000000,2,3,3,3,4,5,6,7,15,15,15,1493,0,2,2.7808305940045606,1.6683800204191357,21.68180901207961,261.6965840589417
1781614059,50,,Aggregated,245.900000,0.000000,3,3,3,3,4,5,7,14,130,160,160,15525,0,3,3.539566923056215,1.6683800204191357,192.91187298949808,3299.6226731078905
1781614060,50,GET,/feed/{user_id},98.400000,0.000000,3,3,3,3,4,4,6,11,24,24,24,6244,0,3,2.973710233292491,1.8731869931798428,51.53993199928664,1776.7402306213964
1781614060,50,GET,/feed/{user_id}?with_fof=true,52.600000,0.000000,3,3,3,3,4,6,97,110,160,160,160,3245,0,3,5.622850439878244,2.0282299956306815,192.91187298949808,10646.974730354392
1781614060,50,POST,/likes,4.400000,0.000000,4,4,4,4,5,5,7,7,7,7,7,321,0,3,3.6275519154758435,2.4991460086312145,21.966690983390436,180.76947040498442
1781614060,50,POST,/posts,7.000000,0.000000,3,3,4,4,4,5,5,7,7,7,7,490,0,3,3.363987326690908,2.269051008624956,20.843166013946757,228.31836734693877
1781614060,50,GET,/timeline/{user_id},60.800000,0.000000,3,3,3,3,4,4,6,6,12,12,12,3958,0,3,2.987327386917826,1.9047649984713644,51.82224599411711,1454.5727640222335
1781614060,50,GET,/users/{user_id},22.000000,0.000000,2,3,3,3,4,5,6,7,15,15,15,1517,0,2,2.7804035054849447,1.6683800204191357,21.68180901207961,261.681608437706
1781614060,50,,Aggregated,245.200000,0.000000,3,3,3,3,4,5,7,14,130,160,160,15775,0,3,3.5289070202390445,1.6683800204191357,192.91187298949808,3294.292995245642
1781614061,50,GET,/feed/{user_id},99.700000,0.000000,3,3,3,3,4,4,7,11,24,24,24,6349,0,3,2.973215270843476,1.8731869931798428,51.53993199928664,1777.0899354229011
1781614061,50,GET,/feed/{user_id}?with_fof=true,53.300000,0.000000,3,3,3,3,4,12,110,130,160,160,160,3297,0,3,5.726570678647246,2.0282299956306815,192.91187298949808,10640.762208067941
1781614061,50,POST,/likes,4.700000,0.000000,4,4,4,4,5,5,7,7,7,7,7,326,0,3,3.6244666345090395,2.4991460086312145,21.966690983390436,180.77607361963192
1781614061,50,POST,/posts,7.000000,0.000000,3,3,4,4,4,4,5,7,7,7,7,493,0,3,3.365615659306472,2.269051008624956,20.843166013946757,228.31440162271807
1781614061,50,GET,/timeline/{user_id},59.500000,0.000000,3,3,3,3,4,4,6,6,12,12,12,4013,0,3,2.98219356203332,1.9047649984713644,51.82224599411711,1456.8464988786443
1781614061,50,GET,/users/{user_id},22.000000,0.000000,2,3,3,3,4,5,6,9,23,23,23,1543,0,2,2.7875532338797697,1.6683800204191357,22.678983019432053,261.6863253402463
1781614061,50,,Aggregated,246.200000,0.000000,3,3,3,3,4,5,10,22,140,160,160,16021,0,3,3.5495293258404237,1.6683800204191357,192.91187298949808,3294.858997565695
1781614062,50,GET,/feed/{user_id},99.700000,0.000000,3,3,3,3,4,4,7,11,24,24,24,6442,0,3,2.971217524655791,1.8731869931798428,51.53993199928664,1770.864793542378
1781614062,50,GET,/feed/{user_id}?with_fof=true,52.900000,0.000000,3,3,3,3,4,11,110,130,160,160,160,3355,0,3,5.6794142108962316,2.0282299956306815,192.91187298949808,10635.347242921014
1781614062,50,POST,/likes,4.400000,0.000000,3,4,4,4,5,5,7,7,7,7,7,328,0,3,3.6221026428215626,2.4991460086312145,21.966690983390436,180.78048780487805
1781614062,50,POST,/posts,7.700000,0.000000,3,3,4,4,4,4,5,7,7,7,7,497,0,3,3.3676759819467357,2.269051008624956,20.843166013946757,228.3138832997988
1781614062,50,GET,/timeline/{user_id},60.000000,0.000000,3,3,3,3,4,4,6,6,12,12,12,4067,0,3,2.9816445643646734,1.9047649984713644,51.82224599411711,1460.2185886402754
1781614062,50,GET,/users/{user_id},22.300000,0.000000,2,3,3,3,4,5,6,9,23,23,23,1571,0,2,2.786208026019683,1.6683800204191357,22.678983019432053,261.69637173774663
1781614062,50,,Aggregated,247.000000,0.000000,3,3,3,3,4,5,10,22,140,160,160,16260,0,3,3.5399928569133157,1.6683800204191357,192.91187298949808,3297.1773062730626
1781614063,50,GET,/feed/{user_id},100.300000,0.000000,3,3,3,3,4,4,9,11,24,24,24,6536,0,3,2.970856634755951,1.8731869931798428,51.53993199928664,1773.6901774785802
1781614063,50,GET,/feed/{user_id}?with_fof=true,52.600000,0.000000,3,3,3,4,4,12,110,140,190,190,190,3410,0,3,5.763837456487425,2.0282299956306815,192.91187298949808,10633.448387096774
1781614063,50,POST,/likes,4.500000,0.000000,3,4,4,4,4,5,7,7,7,7,7,336,0,3,3.617555404291904,2.4991460086312145,21.966690983390436,180.78571428571428
1781614063,50,POST,/posts,7.500000,0.000000,3,3,4,4,4,5,5,7,7,7,7,502,0,3,3.3651485020991423,2.269051008624956,20.843166013946757,228.31274900398407
1781614063,50,GET,/timeline/{user_id},59.300000,0.000000,3,3,3,3,4,5,6,7,12,12,12,4120,0,3,2.9822996005447564,1.9047649984713644,51.82224599411711,1469.321844660194
1781614063,50,GET,/users/{user_id},22.700000,0.000000,2,3,3,3,4,5,7,9,23,23,23,1604,0,2,2.782502765564783,1.6683800204191357,22.678983019432053,261.70324189526184
1781614063,50,,Aggregated,246.900000,0.000000,3,3,3,3,4,5,10,23,140,190,190,16508,0,3,3.5575004025619803,1.6683800204191357,192.91187298949808,3301.528531621032
1781614064,50,GET,/feed/{user_id},99.300000,0.000000,3,3,3,3,4,5,10,13,24,24,24,6635,0,3,2.9761704127602533,1.8731869931798428,51.53993199928664,1769.726299924642
1781614064,50,GET,/feed/{user_id}?with_fof=true,53.200000,0.000000,3,3,3,4,4,18,110,140,190,190,190,3456,0,3,5.7396396185191,2.0282299956306815,192.91187298949808,10624.985532407407
1781614064,50,POST,/likes,4.300000,0.000000,3,4,4,4,4,5,7,7,7,7,7,340,0,3,3.610772375952151,2.429591986583546,21.966690983390436,180.78529411764706
1781614064,50,POST,/posts,7.000000,0.000000,3,3,4,4,4,5,5,7,7,7,7,511,0,3,3.369904837685905,2.269051008624956,20.843166013946757,228.31506849315068
1781614064,50,GET,/timeline/{user_id},59.300000,0.000000,3,3,3,3,4,5,6,7,12,12,12,4177,0,3,2.981994092978213,1.9047649984713644,51.82224599411711,1465.0217859707925
1781614064,50,GET,/users/{user_id},23.100000,0.000000,2,3,3,3,4,5,7,9,23,23,23,1630,0,2,2.78037910244679,1.6683800204191357,22.678983019432053,261.7398773006135
1781614064,50,,Aggregated,246.200000,0.000000,3,3,3,3,4,5,11,24,140,190,190,16749,0,3,3.5536794109204,1.6683800204191357,192.91187298949808,3294.898322287898
1781614065,50,GET,/feed/{user_id},98.700000,0.000000,3,3,3,3,4,4,9,13,23,23,23,6733,0,3,2.973101913204385,1.8731869931798428,51.53993199928664,1762.9511361948612
1781614065,50,GET,/feed/{user_id}?with_fof=true,53.300000,0.000000,3,3,3,3,4,6,95,140,190,190,190,3504,0,3,5.727786719662161,2.0282299956306815,192.91187298949808,10619.773687214612
1781614065,50,POST,/likes,4.500000,0.000000,3,4,4,4,4,5,7,7,7,7,7,348,0,3,3.6125018816018457,2.429591986583546,21.966690983390436,180.79022988505747
1781614065,50,POST,/posts,6.500000,0.000000,3,3,4,4,4,5,5,7,7,7,7,519,0,3,3.36399763600043,2.269051008624956,20.843166013946757,228.32177263969172
1781614065,50,GET,/timeline/{user_id},57.800000,0.000000,3,3,3,3,4,5,6,8,21,21,21,4232,0,3,2.9831807644825297,1.9047649984713644,51.82224599411711,1477.1656427221171
1781614065,50,GET,/users/{user_id},24.300000,0.000000,2,3,3,3,4,5,6,7,23,23,23,1654,0,2,2.7815776511389387,1.6683800204191357,22.678983019432053,261.75997581620317
1781614065,50,,Aggregated,245.100000,0.000000,3,3,3,3,4,5,9,14,140,190,190,16990,0,3,3.55012805800217,1.6683800204191357,192.91187298949808,3292.9586227192467
1781614066,50,GET,/feed/{user_id},98.200000,0.000000,3,3,3,3,4,4,7,11,23,23,23,6833,0,3,2.968853813029991,1.8731869931798428,51.53993199928664,1759.0787355480754
1781614066,50,GET,/feed/{user_id}?with_fof=true,52.300000,0.000000,3,3,3,3,4,5,96,140,190,190,190,3544,0,3,5.750906690065623,2.0282299956306815,192.91187298949808,10615.545711060948
1781614066,50,POST,/likes,4.600000,0.000000,3,4,4,4,4,4,5,5,5,5,5,355,0,3,3.603777072792479,2.429591986583546,21.966690983390436,180.7830985915493
1781614066,50,POST,/posts,6.600000,0.000000,3,3,4,4,4,5,5,7,7,7,7,528,0,3,3.3632684736596383,2.269051008624956,20.843166013946757,228.3314393939394
1781614066,50,GET,/timeline/{user_id},57.200000,0.000000,3,3,3,3,4,4,6,8,21,21,21,4296,0,3,2.982111186270866,1.9047649984713644,51.82224599411711,1475.731843575419
1781614066,50,GET,/users/{user_id},25.100000,0.000000,2,3,3,3,4,5,6,7,23,23,23,1684,0,2,2.7774066110268776,1.6683800204191357,22.678983019432053,261.7624703087886
1781614066,50,,Aggregated,244.000000,0.000000,3,3,3,3,4,4,7,13,140,190,190,17240,0,3,3.550512785275465,1.6683800204191357,192.91187298949808,3283.4436194895593
1781614067,50,GET,/feed/{user_id},97.200000,0.000000,3,3,3,3,4,4,7,11,23,23,23,6919,0,3,2.9687366868701552,1.8731869931798428,51.53993199928664,1754.6191646191646
1781614067,50,GET,/feed/{user_id}?with_fof=true,52.100000,0.000000,3,3,3,3,4,5,95,140,190,190,190,3596,0,3,5.739330586879405,2.0282299956306815,192.91187298949808,10609.118464961068
1781614067,50,POST,/likes,5.000000,0.000000,3,4,4,4,4,4,5,5,5,5,5,359,0,3,3.606011375605225,2.429591986583546,21.966690983390436,180.78551532033427
1781614067,50,POST,/posts,7.000000,0.000000,3,3,4,4,4,5,5,7,7,7,7,533,0,3,3.361675733771161,2.269051008624956,20.843166013946757,228.32270168855536
1781614067,50,GET,/timeline/{user_id},57.000000,0.000000,3,3,3,3,4,4,6,9,21,21,21,4362,0,3,2.98332891337227,1.9047649984713644,51.82224599411711,1480.9550664832645
1781614067,50,GET,/users/{user_id},25.400000,0.000000,2,3,3,3,3,5,6,6,23,23,23,1710,0,2,2.7768275643323075,1.6683800204191357,22.678983019432053,261.7602339181287
1781614067,50,,Aggregated,243.700000,0.000000,3,3,3,3,4,4,7,15,140,190,190,17479,0,3,3.548676070253066,1.6683800204191357,192.91187298949808,3283.067337948395
1781614068,50,GET,/feed/{user_id},98.000000,0.000000,3,3,3,3,4,4,7,11,36,36,36,7014,0,3,2.9719250983052237,1.8731869931798428,51.53993199928664,1752.9609352723126
1781614068,50,GET,/feed/{user_id}?with_fof=true,50.500000,0.000000,3,3,3,3,4,5,85,110,190,190,190,3644,0,3,5.725087944911967,2.0282299956306815,192.91187298949808,10603.423161361141
1781614068,50,POST,/likes,5.300000,0.000000,3,4,4,4,4,4,5,5,5,5,5,364,0,3,3.6017577659439777,2.429591986583546,21.966690983390436,180.78846153846155
1781614068,50,POST,/posts,7.200000,0.000000,3,3,4,4,4,5,5,7,7,7,7,541,0,3,3.358950386395809,2.269051008624956,20.843166013946757,228.32347504621072
1781614068,50,GET,/timeline/{user_id},58.100000,0.000000,3,3,3,3,4,4,6,10,21,21,21,4429,0,3,2.9843897534711283,1.9047649984713644,51.82224599411711,1480.1968841724995
1781614068,50,GET,/users/{user_id},25.900000,0.000000,2,3,3,3,4,5,6,9,23,23,23,1738,0,2,2.7880891415390203,1.6683800204191357,22.678983019432053,261.7491369390104
1781614068,50,,Aggregated,245.000000,0.000000,3,3,3,3,4,5,7,15,140,190,190,17730,0,3,3.5476083611243223,1.6683800204191357,192.91187298949808,3278.859785673999
1781614069,50,GET,/feed/{user_id},97.300000,0.000000,3,3,3,3,4,4,7,11,36,36,36,7103,0,3,2.9694226907774532,1.8731869931798428,51.53993199928664,1750.3339434041955
1781614069,50,GET,/feed/{user_id}?with_fof=true,50.800000,0.000000,3,3,3,4,4,5,95,110,190,190,190,3690,0,3,5.719156707633857,2.0282299956306815,192.91187298949808,10598.667479674798
1781614069,50,POST,/likes,5.300000,0.000000,3,4,4,4,4,5,5,5,5,5,5,368,0,3,3.607986643581408,2.429591986583546,21.966690983390436,180.79076086956522
1781614069,50,POST,/posts,7.300000,0.000000,3,3,4,4,4,4,5,5,5,5,5,553,0,3,3.353522788601882,2.269051008624956,20.843166013946757,228.3218806509946
1781614069,50,GET,/timeline/{user_id},58.400000,0.000000,3,3,3,3,4,5,6,10,21,21,21,4493,0,3,2.9836742851164213,1.9047649984713644,51.82224599411711,1473.0505230358335
1781614069,50,GET,/users/{user_id},25.700000,0.000000,2,3,3,3,4,5,6,13,23,23,23,1765,0,2,2.790095996033801,1.6683800204191357,22.678983019432053,261.7365439093484
1781614069,50,,Aggregated,244.800000,0.000000,3,3,3,3,4,5,9,18,140,190,190,17972,0,3,3.544842132579775,1.6683800204191357,192.91187298949808,3272.5839639439127
1781614070,50,GET,/feed/{user_id},96.600000,0.000000,3,3,3,3,4,4,6,11,36,36,36,7197,0,3,2.9675474191582127,1.8731869931798428,51.53993199928664,1754.7383632068918
1781614070,50,GET,/feed/{user_id}?with_fof=true,50.500000,0.000000,3,3,3,4,4,5,95,100,190,190,190,3740,0,3,5.708973497355588,2.0282299956306815,192.91187298949808,10595.85935828877
1781614070,50,POST,/likes,5.700000,0.000000,3,4,4,4,4,4,5,5,5,5,5,374,0,3,3.6073410477337333,2.429591986583546,21.966690983390436,180.78342245989305
1781614070,50,POST,/posts,7.000000,0.000000,3,3,4,4,4,5,6,7,7,7,7,566,0,3,3.3571823480968486,2.269051008624956,20.843166013946757,228.32332155477033
1781614070,50,GET,/timeline/{user_id},58.600000,0.000000,3,3,3,3,4,5,6,10,21,21,21,4549,0,3,2.980989777977165,1.8961119931191206,51.82224599411711,1471.6742141129919
1781614070,50,GET,/users/{user_id},26.700000,0.000000,2,3,3,3,4,5,6,9,22,22,22,1793,0,2,2.792374237625051,1.6683800204191357,22.678983019432053,261.7590630228667
1781614070,50,,Aggregated,245.100000,0.000000,3,3,3,3,4,5,7,13,140,190,190,18219,0,3,3.541663094832133,1.6683800204191357,192.91187298949808,3272.308578956035
1781614071,50,GET,/feed/{user_id},95.200000,0.000000,3,3,3,3,4,4,6,11,36,36,36,7292,0,3,2.9657474833479505,1.8731869931798428,51.53993199928664,1759.793198025233
1781614071,50,GET,/feed/{user_id}?with_fof=true,49.100000,0.000000,3,3,3,3,4,5,78,98,190,190,190,3792,0,3,5.669408047770777,2.0282299956306815,192.91187298949808,10598.771888185654
1781614071,50,POST,/likes,5.300000,0.000000,3,4,4,4,4,4,5,5,5,5,5,381,0,3,3.5999360940574356,2.429591986583546,21.966690983390436,180.79002624671915
1781614071,50,POST,/posts,7.300000,0.000000,3,3,4,4,4,5,7,7,7,7,7,577,0,3,3.361678935929994,2.269051008624956,20.843166013946757,228.32409012131717
1781614071,50,GET,/timeline/{user_id},60.400000,0.000000,3,3,3,3,4,5,6,10,21,21,21,4602,0,3,2.9763259921419327,1.849282009061426,51.82224599411711,1468.0026075619296
1781614071,50,GET,/users/{user_id},27.700000,0.000000,2,3,3,3,4,5,6,9,22,22,22,1823,0,2,2.790875347237038,1.6683800204191357,22.678983019432053,261.75534832693364
1781614071,50,,Aggregated,245.000000,0.000000,3,3,3,3,4,5,6,13,110,190,190,18467,0,3,3.53174356080781,1.6683800204191357,192.91187298949808,3273.758975469757
1781614072,50,GET,/feed/{user_id},95.100000,0.000000,3,3,3,3,4,4,6,10,36,36,36,7390,0,3,2.9625914046583075,1.8731869931798428,51.53993199928664,1757.0752368064952
1781614072,50,GET,/feed/{user_id}?with_fof=true,49.500000,0.000000,3,3,3,3,4,4,22,95,100,100,100,3844,0,3,5.630999889219195,1.9855049904435873,192.91187298949808,10592.852497398544
1781614072,50,POST,/likes,5.500000,0.000000,3,4,4,4,4,4,5,5,5,5,5,387,0,3,3.600563069303744,2.429591986583546,21.966690983390436,180.78811369509043
1781614072,50,POST,/posts,7.500000,0.000000,3,3,4,4,4,5,7,7,7,7,7,583,0,3,3.357927204212765,2.269051008624956,20.843166013946757,228.32761578044597
1781614072,50,GET,/timeline/{user_id},58.700000,0.000000,3,3,3,3,4,4,6,10,21,21,21,4662,0,3,2.973778845961791,1.849282009061426,51.82224599411711,1467.1628056628056
1781614072,50,GET,/users/{user_id},27.700000,0.000000,2,3,3,3,4,5,6,6,22,22,22,1847,0,2,2.7887215089519586,1.6683800204191357,22.678983019432053,261.755278830536
1781614072,50,,Aggregated,244.000000,0.000000,3,3,3,3,4,4,6,11,98,100,100,18713,0,3,3.5218687078163953,1.6683800204191357,192.91187298949808,3272.065729706621
1781614073,50,GET,/feed/{user_id},94.100000,0.000000,3,3,3,3,3,4,5,6,36,36,36,7484,0,3,2.96007818594142,1.8731869931798428,51.53993199928664,1746.1878674505613
1781614073,50,GET,/feed/{user_id}?with_fof=true,49.200000,0.000000,3,3,3,3,4,4,18,95,100,100,100,3903,0,3,5.610788660271589,1.9855049904435873,192.91187298949808,10590.042018959775
1781614073,50,POST,/likes,5.700000,0.000000,3,4,4,4,4,4,5,5,5,5,5,391,0,3,3.599953984253971,2.429591986583546,21.966690983390436,180.7826086956522
1781614073,50,POST,/posts,8.200000,0.000000,3,3,4,4,4,5,7,7,7,7,7,592,0,3,3.3574607973482546,2.269051008624956,20.843166013946757,228.33277027027026
1781614073,50,GET,/timeline/{user_id},59.500000,0.000000,3,3,3,3,4,4,6,10,21,21,21,4716,0,3,2.9717802771054025,1.849282009061426,51.82224599411711,1462.1715436810857
1781614073,50,GET,/users/{user_id},27.600000,0.000000,3,3,3,3,4,5,6,6,22,22,22,1879,0,2,2.7867410879159875,1.6683800204191357,22.678983019432053,261.7546567323044
1781614073,50,,Aggregated,244.300000,0.000000,3,3,3,3,4,4,6,10,98,100,100,18965,0,3,3.5169277287383225,1.6683800204191357,192.91187298949808,3268.9006591088846
1781614074,50,GET,/feed/{user_id},94.200000,0.000000,3,3,3,3,3,4,5,7,36,36,36,7564,0,3,2.958611318032518,1.8731869931798428,51.53993199928664,1747.1155473294552
1781614074,50,GET,/feed/{user_id}?with_fof=true,48.800000,0.000000,3,3,3,3,4,4,22,96,100,100,100,3952,0,3,5.600486936770025,1.9855049904435873,192.91187298949808,10588.78390688259
1781614074,50,POST,/likes,5.900000,0.000000,3,4,4,4,4,4,5,5,5,5,5,396,0,3,3.5970307597914015,2.429591986583546,21.966690983390436,180.77777777777777
1781614074,50,POST,/posts,8.600000,0.000000,3,3,4,4,4,5,7,7,7,7,7,599,0,3,3.3577660719424065,2.269051008624956,20.843166013946757,228.330550918197
1781614074,50,GET,/timeline/{user_id},59.100000,0.000000,3,3,3,3,4,4,6,9,18,18,18,4796,0,3,2.96574513880928,1.849282009061426,51.82224599411711,1455.2702251876565
1781614074,50,GET,/users/{user_id},27.700000,0.000000,2,3,3,3,4,5,6,6,22,22,22,1901,0,2,2.785278492446608,1.6683800204191357,22.678983019432053,261.76538663861123
1781614074,50,,Aggregated,244.300000,0.000000,3,3,3,3,4,4,6,10,98,100,100,19208,0,3,3.5124070461034105,1.6683800204191357,192.91187298949808,3266.7381299458557
1781614075,50,GET,/feed/{user_id},94.700000,0.000000,3,3,3,3,4,4,5,7,36,36,36,7655,0,3,2.9579850561338326,1.8731869931798428,51.53993199928664,1747.054735467015
1781614075,50,GET,/feed/{user_id}?with_fof=true,49.000000,0.000000,3,3,3,3,4,4,17,78,100,100,100,4015,0,3,5.582069465259884,1.9855049904435873,192.91187298949808,10586.493648816937
1781614075,50,POST,/likes,5.500000,0.000000,3,4,4,4,4,4,5,5,5,5,5,400,0,3,3.5945508697477635,2.429591986583546,21.966690983390436,180.7775
1781614075,50,POST,/posts,9.000000,0.000000,3,3,4,4,4,5,7,7,7,7,7,601,0,3,3.357843282977708,2.269051008624956,20.843166013946757,228.33111480865225
1781614075,50,GET,/timeline/{user_id},59.600000,0.000000,3,3,3,3,4,4,6,11,18,18,18,4859,0,3,2.970345070943839,1.849282009061426,51.82224599411711,1454.397818481169
1781614075,50,GET,/users/{user_id},27.600000,0.000000,2,3,3,3,4,5,6,11,22,22,22,1922,0,2,2.7882109090463434,1.6683800204191357,22.678983019432053,261.76014568158166
1781614075,50,,Aggregated,245.400000,0.000000,3,3,3,3,4,4,6,11,96,100,100,19452,0,3,3.511367300822271,1.6683800204191357,192.91187298949808,3272.5702241414765
1781614076,50,GET,/feed/{user_id},93.800000,0.000000,3,3,3,3,3,4,5,6,36,36,36,7744,0,3,2.9542646012179063,1.8731869931798428,51.53993199928664,1742.0681818181818
1781614076,50,GET,/feed/{user_id}?with_fof=true,49.400000,0.000000,3,3,3,3,4,4,10,95,100,100,100,4071,0,3,5.5701811827585495,1.9855049904435873,192.91187298949808,10581.671088184721
1781614076,50,POST,/likes,5.500000,0.000000,3,4,4,4,4,4,5,5,5,5,5,405,0,3,3.5915338516200856,2.429591986583546,21.966690983390436,180.78765432098766
1781614076,50,POST,/posts,8.800000,0.000000,3,3,4,4,4,5,7,7,7,7,7,610,0,3,3.355555410008328,2.269051008624956,20.843166013946757,228.3311475409836
1781614076,50,GET,/timeline/{user_id},61.800000,0.000000,3,3,3,3,4,4,5,6,17,17,17,4925,0,3,2.9663195057185887,1.849282009061426,51.82224599411711,1459.5500507614213
1781614076,50,GET,/users/{user_id},26.900000,0.000000,2,3,3,3,4,5,6,11,22,22,22,1953,0,2,2.78317662639304,1.6683800204191357,22.678983019432053,261.7695852534562
1781614076,50,,Aggregated,246.200000,0.000000,3,3,3,3,4,4,6,8,98,100,100,19708,0,3,3.506198507908585,1.6683800204191357,192.91187298949808,3271.7972396996142
1781614077,50,GET,/feed/{user_id},93.300000,0.000000,3,3,3,3,3,4,5,7,19,19,19,7848,0,3,2.9556910783526176,1.8731869931798428,51.53993199928664,1748.2144495412845
1781614077,50,GET,/feed/{user_id}?with_fof=true,50.200000,0.000000,3,3,3,3,4,4,13,96,120,120,120,4117,0,3,5.57038478796984,1.9855049904435873,192.91187298949808,10580.936847218849
1781614077,50,POST,/likes,5.100000,0.000000,3,4,4,4,4,4,5,5,5,5,5,411,0,3,3.5861304134341214,2.429591986583546,21.966690983390436,180.7810218978102
1781614077,50,POST,/posts,8.200000,0.000000,3,3,4,4,4,5,7,7,7,7,7,611,0,3,3.3556580754628014,2.269051008624956,20.843166013946757,228.33224222585926
1781614077,50,GET,/timeline/{user_id},62.700000,0.000000,3,3,3,3,3,4,5,6,17,17,17,4988,0,3,2.9625420005439946,1.849282009061426,51.82224599411711,1458.6758219727346
1781614077,50,GET,/users/{user_id},26.900000,0.000000,2,3,3,3,4,5,6,7,13,13,13,1971,0,2,2.7800579265918617,1.6126369882840663,22.678983019432053,261.77219685438865
1781614077,50,,Aggregated,246.400000,0.000000,3,3,3,3,4,4,6,10,100,120,120,19946,0,3,3.504983360625608,1.6126369882840663,192.91187298949808,3273.2048531033793
1781614078,50,GET,/feed/{user_id},91.200000,0.000000,3,3,3,3,3,4,5,6,19,19,19,7937,0,3,2.9546191073343704,1.8731869931798428,51.53993199928664,1747.9546428121457
1781614078,50,GET,/feed/{user_id}?with_fof=true,52.200000,0.000000,3,3,3,3,4,4,10,95,120,120,120,4173,0,3,5.555265405482969,1.9855049904435873,192.91187298949808,10576.789120536783
1781614078,50,POST,/likes,5.100000,0.000000,3,4,4,4,4,4,4,4,4,4,4,418,0,3,3.584882172195544,2.429591986583546,21.966690983390436,180.77511961722487
1781614078,50,POST,/posts,8.300000,0.000000,3,4,4,4,4,6,7,7,7,7,7,620,0,3,3.365182090501842,2.269051008624956,20.843166013946757,228.33709677419355
1781614078,50,GET,/timeline/{user_id},63.100000,0.000000,3,3,3,3,3,4,5,6,17,17,17,5046,0,3,2.962017909201856,1.849282009061426,51.82224599411711,1458.3289734443124
1781614078,50,GET,/users/{user_id},27.100000,0.000000,2,3,3,3,4,5,6,6,11,11,11,1994,0,2,2.7770311737026967,1.6126369882840663,22.678983019432053,261.7713139418255
1781614078,50,,Aggregated,247.000000,0.000000,3,3,3,3,4,4,6,7,100,120,120,20188,0,3,3.5021582408499086,1.6126369882840663,192.91187298949808,3274.6329502674857
1781614079,50,GET,/feed/{user_id},92.900000,0.000000,3,3,3,3,3,4,5,6,19,19,19,8038,0,3,2.9514271799012306,1.8731869931798428,51.53993199928664,1747.5627021647176
1781614079,50,GET,/feed/{user_id}?with_fof=true,52.400000,0.000000,3,3,3,3,4,4,10,95,120,120,120,4223,0,3,5.545343724637937,1.9855049904435873,192.91187298949808,10574.939142789486
1781614079,50,POST,/likes,5.300000,0.000000,3,4,4,4,4,4,4,5,5,5,5,425,0,3,3.5825359104338155,2.429591986583546,21.966690983390436,180.78588235294117
1781614079,50,POST,/posts,7.900000,0.000000,3,4,4,4,4,5,6,7,7,7,7,625,0,3,3.3665628561750056,2.269051008624956,20.843166013946757,228.3392
1781614079,50,GET,/timeline/{user_id},62.000000,0.000000,3,3,3,3,3,4,5,6,17,17,17,5106,0,3,2.960298195836246,1.849282009061426,51.82224599411711,1449.4539757148452
1781614079,50,GET,/users/{user_id},26.400000,0.000000,2,3,3,3,4,5,6,6,11,11,11,2019,0,2,2.774236150742211,1.6126369882840663,22.678983019432053,261.7696879643388
1781614079,50,,Aggregated,246.900000,0.000000,3,3,3,3,4,4,5,7,100,120,120,20436,0,3,3.4979792104386496,1.6126369882840663,192.91187298949808,3271.3763945977685
1781614080,50,GET,/feed/{user_id},93.000000,0.000000,3,3,3,3,3,4,5,6,19,19,19,8138,0,3,2.9475667621045387,1.8567829974927008,51.53993199928664,1749.2342098795773
1781614080,50,GET,/feed/{user_id}?with_fof=true,52.300000,0.000000,3,3,3,3,4,4,10,95,120,120,120,4272,0,3,5.51404391340968,1.9855049904435873,192.91187298949808,10575.919007490636
1781614080,50,POST,/likes,5.100000,0.000000,3,4,4,4,4,4,5,5,5,5,5,430,0,3,3.5799203951556104,2.429591986583546,21.966690983390436,180.78837209302327
1781614080,50,POST,/posts,8.000000,0.000000,3,4,4,4,4,5,6,6,6,6,6,627,0,3,3.3659419650880342,2.269051008624956,20.843166013946757,228.3397129186603
1781614080,50,GET,/timeline/{user_id},62.000000,0.000000,3,3,3,3,3,4,5,6,17,17,17,5158,0,3,2.957460497462945,1.849282009061426,51.82224599411711,1452.6733229934082
1781614080,50,GET,/users/{user_id},25.800000,0.000000,2,3,3,3,4,4,5,6,11,11,11,2046,0,2,2.7703714131757495,1.6126369882840663,22.678983019432053,261.7639296187683
1781614080,50,,Aggregated,246.200000,0.000000,3,3,3,3,4,4,5,7,100,120,120,20671,0,3,3.4887458975081733,1.6126369882840663,192.91187298949808,3273.4246045184072
1781614081,50,GET,/feed/{user_id},93.100000,0.000000,3,3,3,3,4,4,5,6,19,19,19,8245,0,3,2.949388167728953,1.8567829974927008,51.53993199928664,1749.5280776228017
1781614081,50,GET,/feed/{user_id}?with_fof=true,53.300000,0.000000,3,3,3,3,4,4,76,100,160,160,160,4323,0,3,5.583283873929574,1.9855049904435873,192.91187298949808,10571.251677076105
1781614081,50,POST,/likes,5.600000,0.000000,3,4,4,4,4,4,5,5,5,5,5,435,0,3,3.581569540038726,2.429591986583546,21.966690983390436,180.79080459770114
1781614081,50,POST,/posts,7.300000,0.000000,3,4,4,4,4,5,6,6,6,6,6,630,0,3,3.3666157001991652,2.269051008624956,20.843166013946757,228.34126984126985
1781614081,50,GET,/timeline/{user_id},61.400000,0.000000,3,3,3,3,3,4,5,6,17,17,17,5214,0,3,2.9575920502380044,1.849282009061426,51.82224599411711,1454.5995397008055
1781614081,50,GET,/users/{user_id},25.100000,0.000000,2,3,3,3,4,4,6,7,14,14,14,2074,0,2,2.774698085980328,1.6126369882840663,22.678983019432053,261.7526518804243
1781614081,50,,Aggregated,245.800000,0.000000,3,3,3,3,4,4,5,10,120,160,160,20921,0,3,3.5040772932091793,1.6126369882840663,192.91187298949808,3272.9810238516325
1781614082,50,GET,/feed/{user_id},94.100000,0.000000,3,3,3,3,4,4,5,7,19,19,19,8344,0,3,2.9492984629494665,1.8567829974927008,51.53993199928664,1743.915028763183
1781614082,50,GET,/feed/{user_id}?with_fof=true,53.800000,0.000000,3,3,3,3,4,4,21,100,160,160,160,4362,0,3,5.5601235103422155,1.9855049904435873,192.91187298949808,10561.078862906923
1781614082,50,POST,/likes,5.500000,0.000000,3,4,4,4,4,4,5,5,5,5,5,437,0,3,3.5801689654377715,2.429591986583546,21.966690983390436,180.79176201372997
1781614082,50,POST,/posts,6.300000,0.000000,3,4,4,4,4,5,6,6,6,6,6,641,0,3,3.3693141343003767,2.269051008624956,20.843166013946757,228.33073322932918
1781614082,50,GET,/timeline/{user_id},60.700000,0.000000,3,3,3,3,3,4,5,6,17,17,17,5281,0,3,2.9540506453194073,1.849282009061426,51.82224599411711,1458.2344252982389
1781614082,50,GET,/users/{user_id},24.800000,0.000000,2,3,3,3,3,4,6,7,14,14,14,2097,0,2,2.7730159767969784,1.6126369882840663,22.678983019432053,261.76824034334766
1781614082,50,,Aggregated,245.200000,0.000000,3,3,3,3,4,4,5,10,120,160,160,21162,0,3,3.496920200653104,1.6126369882840663,192.91187298949808,3264.997779037898
1781614083,50,GET,/feed/{user_id},95.100000,0.000000,3,3,3,3,4,4,5,6,19,19,19,8425,0,3,2.950385075711261,1.8567829974927008,51.53993199928664,1744.6408308605342
1781614083,50,GET,/feed/{user_id}?with_fof=true,53.100000,0.000000,3,3,3,3,4,5,13,100,160,160,160,4423,0,3,5.525952962031289,1.9855049904435873,192.91187298949808,10559.81144019896
1781614083,50,POST,/likes,5.400000,0.000000,3,4,4,4,4,4,5,5,5,5,5,442,0,3,3.580640671707319,2.429591986583546,21.966690983390436,180.79638009049773
1781614083,50,POST,/posts,5.300000,0.000000,3,4,4,4,4,5,6,6,6,6,6,648,0,3,3.3684801775602806,2.269051008624956,20.843166013946757,228.33179012345678
1781614083,50,GET,/timeline/{user_id},60.800000,0.000000,3,3,3,3,3,4,5,6,17,17,17,5341,0,3,2.9525264497319585,1.849282009061426,51.82224599411711,1452.523684703239
1781614083,50,GET,/users/{user_id},25.200000,0.000000,2,3,3,3,4,4,5,7,14,14,14,2124,0,2,2.773110203555344,1.6126369882840663,22.678983019432053,261.7688323917138
1781614083,50,,Aggregated,244.900000,0.000000,3,3,3,3,4,4,5,10,120,160,160,21403,0,3,3.49125040350677,1.6126369882840663,192.91187298949808,3268.067186842966
1781614084,50,GET,/feed/{user_id},95.600000,0.000000,3,3,3,3,4,4,5,6,19,19,19,8526,0,3,2.9503733046970195,1.8567829974927008,51.53993199928664,1749.8699272812573
1781614084,50,GET,/feed/{user_id}?with_fof=true,51.800000,0.000000,3,3,3,3,4,4,12,100,160,160,160,4468,0,3,5.500782611275176,1.9855049904435873,192.91187298949808,10560.936213070725
1781614084,50,POST,/likes,4.800000,0.000000,3,4,4,4,4,4,5,5,5,5,5,446,0,3,3.5799673763406568,2.429591986583546,21.966690983390436,180.78923766816143
1781614084,50,POST,/posts,5.600000,0.000000,3,4,4,4,4,5,6,6,6,6,6,657,0,3,3.367312481099544,2.269051008624956,20.843166013946757,228.3302891933029
1781614084,50,GET,/timeline/{user_id},62.200000,0.000000,3,3,3,3,3,4,5,6,11,11,11,5410,0,3,2.9511975430687216,1.849282009061426,51.82224599411711,1451.06561922366
1781614084,50,GET,/users/{user_id},24.800000,0.000000,2,3,3,3,4,4,5,6,14,14,14,2147,0,2,2.775340971257581,1.6126369882840663,22.678983019432053,261.768979972054
1781614084,50,,Aggregated,244.800000,0.000000,3,3,3,3,4,4,5,6,120,160,160,21654,0,3,3.485083819444279,1.6126369882840663,192.91187298949808,3267.2292417105386
1781614085,50,GET,/feed/{user_id},94.500000,0.000000,3,3,3,3,4,4,5,6,19,19,19,8636,0,3,2.9513606678965654,1.8567829974927008,51.53993199928664,1752.884089856415
1781614085,50,GET,/feed/{user_id}?with_fof=true,52.000000,0.000000,3,3,3,3,4,4,12,96,160,160,160,4515,0,3,5.492571502110992,1.9855049904435873,192.91187298949808,10557.647619047619
1781614085,50,POST,/likes,5.100000,0.000000,3,4,4,4,4,4,5,5,5,5,5,453,0,3,3.580445302167196,2.429591986583546,21.966690983390436,180.78366445916114
1781614085,50,POST,/posts,5.600000,0.000000,3,4,4,4,4,5,6,6,6,6,6,670,0,3,3.3675444120829647,2.269051008624956,20.843166013946757,228.32835820895522
1781614085,50,GET,/timeline/{user_id},62.600000,0.000000,3,3,3,3,3,4,5,6,11,11,11,5457,0,3,2.951360484150182,1.849282009061426,51.82224599411711,1452.8797874289903
1781614085,50,GET,/users/{user_id},24.700000,0.000000,2,3,3,3,4,4,5,5,14,14,14,2168,0,2,2.777296825776773,1.6126369882840663,22.678983019432053,261.7841328413284
1781614085,50,,Aggregated,244.500000,0.000000,3,3,3,3,4,4,5,6,120,160,160,21899,0,3,3.483805708856787,1.6126369882840663,192.91187298949808,3266.6548244212063
1781614086,50,GET,/feed/{user_id},95.400000,0.000000,3,3,3,3,4,4,5,6,15,15,15,8742,0,3,2.9490317336798024,1.8567829974927008,51.53993199928664,1746.9381148478608
1781614086,50,GET,/feed/{user_id}?with_fof=true,51.400000,0.000000,3,3,3,3,4,4,6,79,160,160,160,4559,0,3,5.468007894713188,1.9855049904435873,192.91187298949808,10556.563281421364
1781614086,50,POST,/likes,5.000000,0.000000,3,4,4,4,4,5,5,5,5,5,5,460,0,3,3.578717197650922,2.429591986583546,21.966690983390436,180.77391304347827
1781614086,50,POST,/posts,5.900000,0.000000,3,4,4,4,4,5,6,6,6,6,6,677,0,3,3.363135650155906,2.269051008624956,20.843166013946757,228.32939438700149
1781614086,50,GET,/timeline/{user_id},61.000000,0.000000,3,3,3,3,3,4,5,6,11,11,11,5514,0,3,2.9469504149832164,1.849282009061426,51.82224599411711,1453.715088864708
1781614086,50,GET,/users/{user_id},24.800000,0.000000,3,3,3,3,4,4,5,5,14,14,14,2200,0,2,2.774834473754957,1.6126369882840663,22.678983019432053,261.80954545454546
1781614086,50,,Aggregated,243.500000,0.000000,3,3,3,3,4,4,5,6,120,160,160,22152,0,3,3.4753636955750986,1.6126369882840663,192.91187298949808,3260.5907367280606
1781614087,50,GET,/feed/{user_id},97.500000,0.000000,3,3,3,3,4,4,5,6,15,15,15,8844,0,3,2.9450664679861127,1.8567829974927008,51.53993199928664,1740.7874265038445
1781614087,50,GET,/feed/{user_id}?with_fof=true,50.000000,0.000000,3,3,3,3,4,4,6,79,160,160,160,4604,0,3,5.459737511935854,1.9855049904435873,192.91187298949808,10555.986533449175
1781614087,50,POST,/likes,5.300000,0.000000,3,4,4,4,4,5,6,6,6,6,6,464,0,3,3.5790722260948127,2.429591986583546,21.966690983390436,180.7780172413793
1781614087,50,POST,/posts,6.700000,0.000000,3,3,4,4,4,5,5,6,6,6,6,684,0,3,3.365242422819791,2.269051008624956,20.843166013946757,228.32748538011697
1781614087,50,GET,/timeline/{user_id},60.000000,0.000000,3,3,3,3,3,4,5,5,11,11,11,5574,0,3,2.9457010838206807,1.849282009061426,51.82224599411711,1456.4625044851095
1781614087,50,GET,/users/{user_id},24.600000,0.000000,2,3,3,3,4,5,5,6,14,14,14,2232,0,2,2.771093946361896,1.6126369882840663,22.678983019432053,261.80779569892474
1781614087,50,,Aggregated,244.100000,0.000000,3,3,3,3,4,4,5,6,120,160,160,22402,0,3,3.470660396725061,1.6126369882840663,192.91187298949808,3255.870904383537
1781614088,50,GET,/feed/{user_id},99.600000,0.000000,3,3,3,3,4,4,5,6,15,15,15,8943,0,3,2.9460392440829875,1.8567829974927008,51.53993199928664,1739.950352230795
1781614088,50,GET,/feed/{user_id}?with_fof=true,49.200000,0.000000,3,3,3,3,4,4,12,79,160,160,160,4648,0,3,5.458944216214544,1.9855049904435873,192.91187298949808,10553.478485370051
1781614088,50,POST,/likes,5.400000,0.000000,3,4,4,4,4,5,15,15,15,15,15,470,0,3,3.6012716720777345,2.429591986583546,21.966690983390436,180.7808510638298
1781614088,50,POST,/posts,6.600000,0.000000,3,3,4,4,4,4,5,5,5,5,5,692,0,3,3.3619988369358422,2.269051008624956,20.843166013946757,228.33092485549133
1781614088,50,GET,/timeline/{user_id},58.800000,0.000000,3,3,3,3,3,4,5,5,6,6,6,5630,0,3,2.9447186296887624,1.849282009061426,51.82224599411711,1454.4010657193605
1781614088,50,GET,/users/{user_id},24.400000,0.000000,2,3,3,3,4,4,5,6,14,14,14,2266,0,2,2.766735980265925,1.6126369882840663,22.678983019432053,261.7992056487202
1781614088,50,,Aggregated,244.000000,0.000000,3,3,3,3,4,4,5,6,120,160,160,22649,0,3,3.469773154411489,1.6126369882840663,192.91187298949808,3251.2442491942247
1781614089,50,GET,/feed/{user_id},99.500000,0.000000,3,3,3,3,4,4,6,8,26,26,26,9036,0,3,2.947279608427699,1.8567829974927008,51.53993199928664,1741.0261177512173
1781614089,50,GET,/feed/{user_id}?with_fof=true,48.700000,0.000000,3,3,3,3,4,5,12,79,160,160,160,4698,0,3,5.433865980419969,1.9855049904435873,192.91187298949808,10550.799914857385
1781614089,50,POST,/likes,5.300000,0.000000,3,4,4,4,4,5,15,15,15,15,15,477,0,3,3.5962259998633885,2.429591986583546,21.966690983390436,180.78406708595386
1781614089,50,POST,/posts,7.300000,0.000000,3,3,4,4,4,4,5,5,5,5,5,697,0,3,3.360460120753667,2.269051008624956,20.843166013946757,228.33142037302727
1781614089,50,GET,/timeline/{user_id},58.200000,0.000000,3,3,3,3,3,4,5,5,6,6,6,5702,0,3,2.940576823436399,1.849282009061426,51.82224599411711,1452.1971238162048
1781614089,50,GET,/users/{user_id},25.900000,0.000000,2,3,3,3,4,4,5,6,14,14,14,2291,0,2,2.7616076758149677,1.6126369882840663,22.678983019432053,261.8018332605849
1781614089,50,,Aggregated,244.900000,0.000000,3,3,3,3,4,4,5,8,120,160,160,22901,0,3,3.4632362628877464,1.6126369882840663,192.91187298949808,3249.8653770577703
1781614090,50,GET,/feed/{user_id},100.200000,0.000000,3,3,3,3,4,4,5,7,26,26,26,9133,0,3,2.9442063083130954,1.8567829974927008,51.53993199928664,1735.1310631774882
1781614090,50,GET,/feed/{user_id}?with_fof=true,47.900000,0.000000,3,3,3,3,4,4,6,79,160,160,160,4745,0,3,5.447925118843802,1.9855049904435873,192.91187298949808,10549.493150684932
1781614090,50,POST,/likes,5.500000,0.000000,3,4,4,4,4,5,15,15,15,15,15,479,0,3,3.593887857915853,2.429591986583546,21.966690983390436,180.7787056367432
1781614090,50,POST,/posts,7.400000,0.000000,3,3,4,4,4,4,5,5,5,5,5,702,0,3,3.35856643331269,2.269051008624956,20.843166013946757,228.32763532763533
1781614090,50,GET,/timeline/{user_id},58.600000,0.000000,3,3,3,3,3,4,4,5,10,10,10,5770,0,3,2.9386089082005915,1.849282009061426,51.82224599411711,1450.5315424610053
1781614090,50,GET,/users/{user_id},26.400000,0.000000,2,3,3,3,4,4,5,5,10,10,10,2314,0,2,2.7582662771022277,1.6126369882840663,22.678983019432053,261.80121002592915
1781614090,50,,Aggregated,246.000000,0.000000,3,3,3,3,4,4,5,6,94,160,160,23143,0,3,3.4635712046146354,1.6126369882840663,192.91187298949808,3246.1889556237306
1781614091,50,GET,/feed/{user_id},99.500000,0.000000,3,3,3,3,4,4,6,9,26,26,26,9228,0,3,2.9469899260890107,1.8567829974927008,51.53993199928664,1728.920892934547
1781614091,50,GET,/feed/{user_id}?with_fof=true,47.000000,0.000000,3,3,3,3,4,5,14,79,110,110,110,4810,0,3,5.428593171928165,1.9855049904435873,192.91187298949808,10545.101663201664
1781614091,50,POST,/likes,5.200000,0.000000,3,4,4,4,4,5,15,15,15,15,15,481,0,3,3.591057480147821,2.429591986583546,21.966690983390436,180.78170478170478
1781614091,50,POST,/posts,7.200000,0.000000,3,3,3,4,4,4,5,5,5,5,5,709,0,3,3.35780954753917,2.269051008624956,20.843166013946757,228.3286318758815
1781614091,50,GET,/timeline/{user_id},59.800000,0.000000,3,3,3,3,3,4,5,6,10,10,10,5827,0,3,2.9372791153818634,1.849282009061426,51.82224599411711,1448.3034151364338
1781614091,50,GET,/users/{user_id},27.600000,0.000000,2,3,3,3,4,4,5,5,10,10,10,2332,0,2,2.757665697753483,1.6126369882840663,22.678983019432053,261.8001715265866
1781614091,50,,Aggregated,246.300000,0.000000,3,3,3,3,4,4,5,9,88,110,110,23387,0,3,3.4617840520191336,1.6126369882840663,192.91187298949808,3248.601530764955
1781614092,50,GET,/feed/{user_id},99.000000,0.000000,3,3,3,3,4,4,6,7,26,26,26,9327,0,3,2.9444798059438053,1.8567829974927008,51.53993199928664,1727.1100032164684
1781614092,50,GET,/feed/{user_id}?with_fof=true,46.800000,0.000000,3,3,3,3,4,5,19,79,110,110,110,4863,0,3,5.423121775052386,1.9855049904435873,192.91187298949808,10545.869010898623
1781614092,50,POST,/likes,5.000000,0.000000,3,3,4,4,4,5,15,15,15,15,15,483,0,3,3.589000919130949,2.429591986583546,21.966690983390436,180.77846790890268
1781614092,50,POST,/posts,7.500000,0.000000,3,3,3,4,4,4,5,5,5,5,5,715,0,3,3.3538086547832155,2.269051008624956,20.843166013946757,228.3230769230769
1781614092,50,GET,/timeline/{user_id},61.200000,0.000000,3,3,3,3,3,4,5,6,10,10,10,5883,0,3,2.9350696505637788,1.849282009061426,51.82224599411711,1448.150093489716
1781614092,50,GET,/users/{user_id},27.000000,0.000000,2,3,3,3,3,4,5,6,10,10,10,2358,0,2,2.755314950043086,1.6126369882840663,22.678983019432053,261.8142493638677
1781614092,50,,Aggregated,246.500000,0.000000,3,3,3,3,4,4,6,10,94,110,110,23629,0,3,3.458940809204629,1.6126369882840663,192.91187298949808,3249.426890685175
1781614093,50,GET,/feed/{user_id},98.100000,0.000000,3,3,3,3,3,4,6,7,26,26,26,9416,0,3,2.942608934688306,1.8567829974927008,51.53993199928664,1726.6854290569245
1781614093,50,GET,/feed/{user_id}?with_fof=true,49.000000,0.000000,3,3,3,3,4,5,19,79,110,110,110,4910,0,3,5.400497525078747,1.9855049904435873,192.91187298949808,10546.792057026476
1781614093,50,POST,/likes,4.500000,0.000000,3,4,4,4,4,5,15,15,15,15,15,487,0,3,3.59019502656519,2.429591986583546,21.966690983390436,180.7741273100616
1781614093,50,POST,/posts,8.000000,0.000000,3,3,3,3,4,4,5,5,5,5,5,720,0,3,3.3512354503020307,2.269051008624956,20.843166013946757,228.32083333333333
1781614093,50,GET,/timeline/{user_id},61.100000,0.000000,3,3,3,3,3,4,5,5,10,10,10,5947,0,3,2.932554279718204,1.849282009061426,51.82224599411711,1444.2572725744074
1781614093,50,GET,/users/{user_id},26.100000,0.000000,2,3,3,3,3,4,5,6,10,10,10,2388,0,2,2.75471644352767,1.6126369882840663,22.678983019432053,261.81323283082077
1781614093,50,,Aggregated,246.800000,0.000000,3,3,3,3,4,4,6,10,94,110,110,23868,0,3,3.452468838945227,1.6126369882840663,192.91187298949808,3247.438201776437
1781614094,50,GET,/feed/{user_id},97.800000,0.000000,3,3,3,3,3,4,6,8,26,26,26,9494,0,3,2.9413065722349825,1.8567829974927008,51.53993199928664,1732.1431430377081
1781614094,50,GET,/feed/{user_id}?with_fof=true,50.100000,0.000000,3,3,3,3,4,5,17,79,110,110,110,4971,0,3,5.369266096764928,1.9855049904435873,192.91187298949808,10549.613156306577
1781614094,50,POST,/likes,4.800000,0.000000,3,3,4,4,4,5,15,15,15,15,15,495,0,3,3.5849983413525,2.429591986583546,21.966690983390436,180.76969696969698
1781614094,50,POST,/posts,7.600000,0.000000,3,3,3,4,4,5,5,5,5,5,5,728,0,3,3.354632519543744,2.269051008624956,20.843166013946757,228.32142857142858
1781614094,50,GET,/timeline/{user_id},60.100000,0.000000,3,3,3,3,3,4,5,5,10,10,10,6014,0,3,2.9307912129344804,1.849282009061426,51.82224599411711,1441.9414699035583
1781614094,50,GET,/users/{user_id},25.800000,0.000000,2,3,3,3,3,4,5,6,10,10,10,2409,0,2,2.751763246224454,1.6126369882840663,22.678983019432053,261.81278538812785
1781614094,50,,Aggregated,246.200000,0.000000,3,3,3,3,4,4,6,10,94,110,110,24111,0,3,3.4460167156798716,1.6126369882840663,192.91187298949808,3253.5081912819874
1781614095,50,GET,/feed/{user_id},98.500000,0.000000,3,3,3,3,3,4,6,7,26,26,26,9590,0,3,2.938535892452202,1.8567829974927008,51.53993199928664,1730.9934306569344
1781614095,50,GET,/feed/{user_id}?with_fof=true,48.900000,0.000000,3,3,3,3,4,5,14,79,110,110,110,5023,0,3,5.343682284125255,1.9855049904435873,192.91187298949808,10545.785188134581
1781614095,50,POST,/likes,4.600000,0.000000,3,3,4,4,4,6,15,15,15,15,15,499,0,3,3.583746362617053,2.429591986583546,21.966690983390436,180.76753507014027
1781614095,50,POST,/posts,7.300000,0.000000,3,3,3,3,4,5,5,5,5,5,5,737,0,3,3.3526165620802955,2.269051008624956,20.843166013946757,228.32428765264586
1781614095,50,GET,/timeline/{user_id},60.300000,0.000000,3,3,3,3,3,4,5,5,10,10,10,6076,0,3,2.9276988809659525,1.849282009061426,51.82224599411711,1444.7906517445688
1781614095,50,GET,/users/{user_id},25.900000,0.000000,2,3,3,3,3,4,5,6,10,10,10,2435,0,2,2.7500191971528665,1.6126369882840663,22.678983019432053,261.811909650924
1781614095,50,,Aggregated,245.500000,0.000000,3,3,3,3,4,4,5,7,94,110,110,24360,0,3,3.438671523349475,1.6126369882840663,192.91187298949808,3253.1298850574713
1781614096,50,GET,/feed/{user_id},96.900000,0.000000,3,3,3,3,3,4,6,7,26,26,26,9692,0,3,2.9356704074045252,1.8567829974927008,51.53993199928664,1733.8531778786628
1781614096,50,GET,/feed/{user_id}?with_fof=true,50.000000,0.000000,3,3,3,3,4,5,14,88,110,110,110,5067,0,3,5.34073577151445,1.9855049904435873,192.91187298949808,10545.918689559898
1781614096,50,POST,/likes,4.900000,0.000000,3,3,4,4,4,4,15,15,15,15,15,501,0,3,3.585437638673489,2.429591986583546,21.966690983390436,180.7684630738523
1781614096,50,POST,/posts,7.000000,0.000000,3,3,3,4,4,5,5,5,5,5,5,739,0,3,3.3528732073824745,2.269051008624956,20.843166013946757,228.32476319350474
1781614096,50,GET,/timeline/{user_id},60.700000,0.000000,3,3,3,3,3,4,5,6,10,10,10,6147,0,3,2.9247113648367287,1.849282009061426,51.82224599411711,1442.1729298844964
1781614096,50,GET,/users/{user_id},26.200000,0.000000,2,3,3,3,3,4,4,5,7,7,7,2457,0,2,2.7468022031014567,1.6126369882840663,22.678983019432053,261.8221408221408
1781614096,50,,Aggregated,245.700000,0.000000,3,3,3,3,4,4,5,7,100,110,110,24603,0,3,3.4351581950465837,1.6126369882840663,192.91187298949808,3251.9735804576676
1781614097,50,GET,/feed/{user_id},95.300000,0.000000,3,3,3,3,3,4,5,7,26,26,26,9797,0,3,2.9341347001749076,1.8567829974927008,51.53993199928664,1729.411962845769
1781614097,50,GET,/feed/{user_id}?with_fof=true,50.900000,0.000000,3,3,3,3,4,4,12,30,110,110,110,5124,0,3,5.313863274265553,1.9855049904435873,192.91187298949808,10544.085675253707
1781614097,50,POST,/likes,4.600000,0.000000,3,3,4,4,4,4,4,4,4,4,4,501,0,3,3.585437638673489,2.429591986583546,21.966690983390436,180.7684630738523
1781614097,50,POST,/posts,6.600000,0.000000,3,3,3,4,4,5,5,5,5,5,5,744,0,3,3.3531613941792577,2.269051008624956,20.843166013946757,228.3252688172043
1781614097,50,GET,/timeline/{user_id},61.600000,0.000000,3,3,3,3,3,4,5,6,10,10,10,6210,0,3,2.923298538116035,1.849282009061426,51.82224599411711,1443.6210950080515
1781614097,50,GET,/users/{user_id},26.400000,0.000000,2,3,3,3,3,4,4,5,7,7,7,2484,0,2,2.744662584504019,1.6126369882840663,22.678983019432053,261.8240740740741
1781614097,50,,Aggregated,245.400000,0.000000,3,3,3,3,3,4,5,7,100,110,110,24860,0,3,3.4286578918263717,1.6126369882840663,192.91187298949808,3252.077272727273
1781614098,50,GET,/feed/{user_id},94.600000,0.000000,3,3,3,3,3,4,5,6,24,24,24,9892,0,3,2.9331317327718343,1.8567829974927008,51.53993199928664,1736.3732308936515
1781614098,50,GET,/feed/{user_id}?with_fof=true,50.800000,0.000000,3,3,3,3,4,5,12,88,120,120,120,5175,0,3,5.315493304245309,1.9855049904435873,192.91187298949808,10544.739710144928
1781614098,50,POST,/likes,4.100000,0.000000,3,3,4,4,4,4,5,5,5,5,5,505,0,3,3.5863878414620376,2.429591986583546,21.966690983390436,180.76039603960396
1781614098,50,POST,/posts,6.300000,0.000000,3,3,4,4,4,5,5,5,5,5,5,756,0,3,3.3509010110200115,2.269051008624956,20.843166013946757,228.32407407407408
1781614098,50,GET,/timeline/{user_id},62.800000,0.000000,3,3,3,3,3,4,5,5,10,10,10,6273,0,3,2.923114243204823,1.849282009061426,51.82224599411711,1450.5118762952336
1781614098,50,GET,/users/{user_id},25.900000,0.000000,2,3,3,3,3,4,5,6,23,23,23,2510,0,2,2.7537545959643306,1.6126369882840663,23.113371018553153,261.83107569721113
1781614098,50,,Aggregated,244.500000,0.000000,3,3,3,3,4,4,5,6,100,120,120,25111,0,3,3.4293832845291803,1.6126369882840663,192.91187298949808,3256.1580980446815
1781614099,50,GET,/feed/{user_id},94.700000,0.000000,3,3,3,3,3,4,5,6,24,24,24,9984,0,3,2.930563961390712,1.8567829974927008,51.53993199928664,1734.5865384615386
1781614099,50,GET,/feed/{user_id}?with_fof=true,51.400000,0.000000,3,3,3,3,4,5,6,30,140,140,140,5227,0,3,5.317977794625741,1.9855049904435873,192.91187298949808,10541.215611249283
1781614099,50,POST,/likes,3.700000,0.000000,3,4,4,4,4,4,5,5,5,5,5,510,0,3,3.586717641127168,2.429591986583546,21.966690983390436,180.7549019607843
1781614099,50,POST,/posts,5.800000,0.000000,3,3,4,4,4,4,5,5,5,5,5,768,0,3,3.3464609757250705,2.269051008624956,20.843166013946757,228.32942708333334
1781614099,50,GET,/timeline/{user_id},64.200000,0.000000,3,3,3,3,3,4,5,5,10,10,10,6332,0,3,2.922166927595695,1.849282009061426,51.82224599411711,1452.6152874289323
1781614099,50,GET,/users/{user_id},25.100000,0.000000,2,3,3,3,4,4,5,6,23,23,23,2527,0,2,2.7551828365040287,1.6126369882840663,23.113371018553153,261.8417095370004
1781614099,50,,Aggregated,244.900000,0.000000,3,3,3,3,4,4,5,6,100,140,140,25348,0,3,3.4290924949797597,1.6126369882840663,192.91187298949808,3256.439245699858
1781614100,50,GET,/feed/{user_id},94.600000,0.000000,3,3,3,3,3,4,5,6,24,24,24,10074,0,3,2.930419375570113,1.8567829974927008,51.53993199928664,1731.4416319237641
1781614100,50,GET,/feed/{user_id}?with_fof=true,52.300000,0.000000,3,3,3,3,4,5,12,100,170,170,170,5288,0,3,5.321439724924439,1.9855049904435873,192.91187298949808,10543.414901664146
1781614100,50,POST,/likes,3.400000,0.000000,3,4,4,4,4,4,5,5,5,5,5,512,0,3,3.586506242129417,2.429591986583546,21.966690983390436,180.7578125
1781614100,50,POST,/posts,6.000000,0.000000,3,3,4,4,4,4,5,5,5,5,5,773,0,3,3.3505325683634752,2.269051008624956,20.843166013946757,228.33117723156533
1781614100,50,GET,/timeline/{user_id},63.700000,0.000000,3,3,3,3,3,4,4,5,10,10,10,6394,0,3,2.920300192779357,1.849282009061426,51.82224599411711,1451.3855176728182
1781614100,50,GET,/users/{user_id},24.900000,0.000000,2,3,3,3,4,4,5,7,23,23,23,2551,0,2,2.7550929862135525,1.6126369882840663,23.113371018553153,261.84123872990983
1781614100,50,,Aggregated,244.900000,0.000000,3,3,3,3,4,4,5,7,120,170,170,25592,0,3,3.430279484474483,1.6126369882840663,192.91187298949808,3259.349992185058
1781614101,50,GET,/feed/{user_id},94.400000,0.000000,3,3,3,3,3,4,5,6,12,12,12,10174,0,3,2.9297623936100763,1.8567829974927008,51.53993199928664,1733.1246314134066
1781614101,50,GET,/feed/{user_id}?with_fof=true,53.100000,0.000000,3,3,3,3,4,4,5,6,170,170,170,5344,0,3,5.297066145322096,1.9855049904435873,192.91187298949808,10543.42234281437
1781614101,50,POST,/likes,3.400000,0.000000,3,4,4,4,4,4,5,5,5,5,5,523,0,3,3.579688286849513,2.429591986583546,21.966690983390436,180.75717017208413
1781614101,50,POST,/posts,7.100000,0.000000,3,4,4,4,4,4,5,5,5,5,5,781,0,3,3.3514033141456516,2.269051008624956,20.843166013946757,228.32778489116518
1781614101,50,GET,/timeline/{user_id},62.600000,0.000000,3,3,3,3,3,4,4,5,10,10,10,6445,0,3,2.91978115264848,1.849282009061426,51.82224599411711,1452.7955003878976
1781614101,50,GET,/users/{user_id},23.500000,0.000000,2,3,3,3,4,4,5,7,23,23,23,2572,0,2,2.752753729337441,1.6126369882840663,23.113371018553153,261.8429237947123
1781614101,50,,Aggregated,244.100000,0.000000,3,3,3,3,4,4,5,6,120,170,170,25839,0,3,3.4251565136512867,1.6126369882840663,192.91187298949808,3261.985603158017
1781614102,50,GET,/feed/{user_id},95.000000,0.000000,3,3,3,3,3,4,5,6,15,15,15,10267,0,3,2.928940198938397,1.8567829974927008,51.53993199928664,1731.5453394370313
1781614102,50,GET,/feed/{user_id}?with_fof=true,54.400000,0.000000,3,3,3,3,4,4,5,100,170,170,170,5394,0,3,5.303439860885516,1.9855049904435873,192.91187298949808,10541.047460140897
1781614102,50,POST,/likes,3.300000,0.000000,3,3,4,4,4,4,5,5,5,5,5,527,0,3,3.578033762866016,2.429591986583546,21.966690983390436,180.75332068311195
1781614102,50,POST,/posts,7.000000,0.000000,3,4,4,4,4,4,5,5,5,5,5,787,0,3,3.3516678034982927,2.269051008624956,20.843166013946757,228.32401524777637
1781614102,50,GET,/timeline/{user_id},61.800000,0.000000,3,3,3,3,3,4,4,5,10,10,10,6500,0,3,2.918014758114273,1.849282009061426,51.82224599411711,1447.2235384615385
1781614102,50,GET,/users/{user_id},23.700000,0.000000,2,3,3,3,4,4,5,5,23,23,23,2605,0,2,2.7501554812676487,1.6126369882840663,23.113371018553153,261.84299424184263
1781614102,50,,Aggregated,245.200000,0.000000,3,3,3,3,4,4,5,6,140,170,170,26080,0,3,3.4253382263399366,1.6126369882840663,192.91187298949808,3259.209662576687
1781614103,50,GET,/feed/{user_id},94.700000,0.000000,3,3,3,3,3,4,5,6,15,15,15,10367,0,3,2.9284026768993097,1.8567829974927008,51.53993199928664,1730.5247419697116
1781614103,50,GET,/feed/{user_id}?with_fof=true,53.300000,0.000000,3,3,3,3,4,4,5,100,170,170,170,5447,0,3,5.28136096027215,1.9855049904435873,192.91187298949808,10539.16192399486
1781614103,50,POST,/likes,4.200000,0.000000,3,4,4,4,4,5,5,5,5,5,5,529,0,3,3.580160882889112,2.429591986583546,21.966690983390436,180.75803402646503
1781614103,50,POST,/posts,7.300000,0.000000,3,4,4,4,4,4,5,5,5,5,5,792,0,3,3.350245180994571,2.269051008624956,20.843166013946757,228.32575757575756
1781614103,50,GET,/timeline/{user_id},61.900000,0.000000,3,3,3,3,3,4,4,5,10,10,10,6560,0,3,2.91625301625772,1.849282009061426,51.82224599411711,1451.6588414634145
1781614103,50,GET,/users/{user_id},23.900000,0.000000,2,3,3,3,4,4,5,6,23,23,23,2633,0,2,2.748290110763942,1.6126369882840663,23.113371018553153,261.83820736802124
1781614103,50,,Aggregated,245.300000,0.000000,3,3,3,3,4,4,5,6,140,170,170,26328,0,3,3.419951786717779,1.6126369882840663,192.91187298949808,3260.2522789425707
1781614104,50,GET,/feed/{user_id},94.800000,0.000000,3,3,3,3,4,4,5,6,15,15,15,10465,0,3,2.9264193758685755,1.8567829974927008,51.53993199928664,1736.65618729097
1781614104,50,GET,/feed/{user_id}?with_fof=true,52.900000,0.000000,3,3,3,3,4,4,5,100,170,170,170,5492,0,3,5.262422856071134,1.9855049904435873,192.91187298949808,10536.27530954115
1781614104,50,POST,/likes,4.400000,0.000000,3,4,4,4,5,5,7,7,7,7,7,537,0,3,3.585935799065488,2.429591986583546,21.966690983390436,180.76722532588454
1781614104,50,POST,/posts,7.000000,0.000000,3,4,4,4,4,4,4,5,5,5,5,798,0,3,3.352195184670837,2.269051008624956,20.843166013946757,228.3233082706767
1781614104,50,GET,/timeline/{user_id},61.300000,0.000000,3,3,3,3,3,4,4,5,10,10,10,6626,0,3,2.912997878776102,1.849282009061426,51.82224599411711,1451.397826743133
1781614104,50,GET,/users/{user_id},24.500000,0.000000,2,3,3,3,4,4,5,7,23,23,23,2664,0,2,2.747651531404568,1.6126369882840663,23.113371018553153,261.841966966967
1781614104,50,,Aggregated,244.900000,0.000000,3,3,3,3,4,4,5,6,140,170,170,26582,0,3,3.4138955684261916,1.6126369882840663,192.91187298949808,3259.0893837935446
1781614105,50,GET,/feed/{user_id},94.800000,0.000000,3,3,3,3,4,4,5,6,15,15,15,10578,0,3,2.9241421047832232,1.8567829974927008,51.53993199928664,1731.175363962942
1781614105,50,GET,/feed/{user_id}?with_fof=true,53.000000,0.000000,3,3,3,3,4,4,5,110,170,170,170,5556,0,3,5.261645087175815,1.9855049904435873,192.91187298949808,10528.875449964004
1781614105,50,POST,/likes,4.100000,0.000000,3,4,4,4,5,5,7,7,7,7,7,541,0,3,3.5925518763088062,2.429591986583546,21.966690983390436,180.76894639556377
1781614105,50,POST,/posts,7.000000,0.000000,3,4,4,4,4,4,4,5,5,5,5,802,0,3,3.35340051541768,2.269051008624956,20.843166013946757,228.32418952618454
1781614105,50,GET,/timeline/{user_id},61.700000,0.000000,3,3,3,3,4,4,5,5,11,11,11,6664,0,3,2.914727759564791,1.849282009061426,51.82224599411711,1451.4551320528212
1781614105,50,GET,/users/{user_id},24.900000,0.000000,2,3,3,3,4,4,5,7,23,23,23,2686,0,2,2.745554447008508,1.6126369882840663,23.113371018553153,261.83991064780344
1781614105,50,,Aggregated,245.500000,0.000000,3,3,3,3,4,4,5,6,140,170,170,26827,0,3,3.414342941871936,1.6126369882840663,192.91187298949808,3260.4285235024417
1781614106,50,GET,/feed/{user_id},97.100000,0.000000,3,3,3,3,4,4,5,6,15,15,15,10681,0,3,2.9238142085383454,1.8567829974927008,51.53993199928664,1732.5675498548826
1781614106,50,GET,/feed/{user_id}?with_fof=true,52.000000,0.000000,3,3,3,3,4,4,5,110,170,170,170,5608,0,3,5.254524706722703,1.9855049904435873,192.91187298949808,10528.702924393723
1781614106,50,POST,/likes,4.000000,0.000000,3,4,4,4,5,5,7,7,7,7,7,545,0,3,3.5948956000763888,2.429591986583546,21.966690983390436,180.77614678899081
1781614106,50,POST,/posts,7.200000,0.000000,3,4,4,4,4,4,4,5,5,5,5,809,0,3,3.3533354244501146,2.269051008624956,20.843166013946757,228.3238566131026
1781614106,50,GET,/timeline/{user_id},61.500000,0.000000,3,3,3,3,4,4,5,5,11,11,11,6726,0,3,2.9135458045882796,1.849282009061426,51.82224599411711,1451.3177222717811
1781614106,50,GET,/users/{user_id},24.900000,0.000000,2,3,3,3,4,4,6,9,23,23,23,2704,0,2,2.747828409968398,1.6126369882840663,23.113371018553153,261.84726331360946
1781614106,50,,Aggregated,246.700000,0.000000,3,3,3,3,4,4,5,6,140,170,170,27073,0,3,3.412822283431318,1.6126369882840663,192.91187298949808,3261.676024083035
1781614107,50,GET,/feed/{user_id},98.400000,0.000000,3,3,3,3,4,4,5,7,15,15,15,10772,0,3,2.925147614766461,1.8567829974927008,51.53993199928664,1731.9564611956926
1781614107,50,GET,/feed/{user_id}?with_fof=true,53.100000,0.000000,3,3,3,3,4,4,6,84,170,170,170,5662,0,3,5.237627146986701,1.9855049904435873,192.91187298949808,10526.50918403391
1781614107,50,POST,/likes,4.300000,0.000000,3,4,4,4,5,6,7,7,7,7,7,550,0,3,3.5947119709718125,2.429591986583546,21.966690983390436,180.78363636363636
1781614107,50,POST,/posts,6.600000,0.000000,3,4,4,4,4,4,4,5,5,5,5,816,0,3,3.3519317602993253,2.269051008624956,20.843166013946757,228.32598039215685
1781614107,50,GET,/timeline/{user_id},59.200000,0.000000,3,3,3,3,4,4,5,5,16,16,16,6788,0,3,2.9141190173305747,1.849282009061426,51.82224599411711,1452.033883323512
1781614107,50,GET,/users/{user_id},25.200000,0.000000,2,3,3,3,4,4,5,7,10,10,10,2731,0,2,2.747992947108103,1.6126369882840663,23.113371018553153,261.865250823874
1781614107,50,,Aggregated,246.800000,0.000000,3,3,3,3,4,4,5,7,140,170,170,27319,0,3,3.4101984531327623,1.6126369882840663,192.91187298949808,3262.016728284344
1781614108,50,GET,/feed/{user_id},99.000000,0.000000,3,3,3,3,4,4,5,7,25,25,25,10859,0,3,2.9272471723277187,1.8567829974927008,51.53993199928664,1731.861773643982
1781614108,50,GET,/feed/{user_id}?with_fof=true,54.300000,0.000000,3,3,3,3,4,4,5,19,170,170,170,5720,0,3,5.21477268152635,1.9855049904435873,192.91187298949808,10524.353496503496
1781614108,50,POST,/likes,4.400000,0.000000,3,4,4,4,5,6,7,7,7,7,7,558,0,3,3.5910169911315486,2.429591986583546,21.966690983390436,180.78136200716847
1781614108,50,POST,/posts,6.900000,0.000000,3,4,4,4,4,4,5,5,5,5,5,829,0,3,3.3553977205813497,2.269051008624956,20.843166013946757,228.32931242460796
1781614108,50,GET,/timeline/{user_id},57.900000,0.000000,3,3,3,3,3,4,4,5,16,16,16,6834,0,3,2.9137372090575595,1.849282009061426,51.82224599411711,1450.8962540239977
1781614108,50,GET,/users/{user_id},24.300000,0.000000,2,3,3,3,4,4,5,7,10,10,10,2759,0,2,2.748414493511823,1.6126369882840663,23.113371018553153,261.8640811888365
1781614108,50,,Aggregated,246.800000,0.000000,3,3,3,3,4,4,5,7,110,170,170,27559,0,3,3.4070991200097693,1.6126369882840663,192.91187298949808,3263.3135454842336
1781614109,50,GET,/feed/{user_id},97.300000,0.000000,3,3,3,3,4,4,5,7,25,25,25,10956,0,3,2.9249434669823144,1.8567829974927008,51.53993199928664,1737.0521175611536
1781614109,50,GET,/feed/{user_id}?with_fof=true,53.700000,0.000000,3,3,3,3,4,4,6,41,170,170,170,5777,0,3,5.191686785752205,1.9855049904435873,192.91187298949808,10522.844729098148
1781614109,50,POST,/likes,4.900000,0.000000,3,4,4,4,5,6,6,7,7,7,7,563,0,3,3.5895624867562685,2.429591986583546,21.966690983390436,180.78152753108347
1781614109,50,POST,/posts,7.200000,0.000000,3,4,4,4,4,4,5,5,5,5,5,835,0,3,3.355705347692895,2.269051008624956,20.843166013946757,228.33293413173652
1781614109,50,GET,/timeline/{user_id},58.000000,0.000000,3,3,3,3,3,4,4,5,16,16,16,6889,0,3,2.912209152372394,1.849282009061426,51.82224599411711,1449.365365074757
1781614109,50,GET,/users/{user_id},24.700000,0.000000,2,3,3,3,4,4,5,7,10,10,10,2787,0,2,2.7447465778920623,1.6126369882840663,23.113371018553153,261.8736993182634
1781614109,50,,Aggregated,245.800000,0.000000,3,3,3,3,4,4,5,6,110,170,170,27807,0,3,3.401043276663958,1.6126369882840663,192.91187298949808,3266.3924551371956
1781614110,50,GET,/feed/{user_id},96.300000,0.000000,3,3,3,3,4,4,5,6,25,25,25,11058,0,3,2.9233045581661097,1.8567829974927008,51.53993199928664,1737.3751130403327
1781614110,50,GET,/feed/{user_id}?with_fof=true,54.400000,0.000000,3,3,3,3,4,4,6,41,160,160,160,5826,0,3,5.183694358928319,1.9855049904435873,192.91187298949808,10522.7693099897
1781614110,50,POST,/likes,5.300000,0.000000,3,4,4,4,5,6,7,7,7,7,7,566,0,3,3.589953236753292,2.429591986583546,21.966690983390436,180.7791519434629
1781614110,50,POST,/posts,7.400000,0.000000,3,4,4,4,4,4,5,5,5,5,5,841,0,3,3.3525272976625358,2.269051008624956,20.843166013946757,228.33293697978596
1781614110,50,GET,/timeline/{user_id},57.000000,0.000000,3,3,3,3,3,4,4,5,16,16,16,6949,0,3,2.9103085141434515,1.849282009061426,51.82224599411711,1446.7744999280471
1781614110,50,GET,/users/{user_id},24.900000,0.000000,2,3,3,3,4,4,5,7,14,14,14,2812,0,2,2.747608698594184,1.6126369882840663,23.113371018553153,261.8694879089616
1781614110,50,,Aggregated,245.300000,0.000000,3,3,3,3,4,4,5,6,84,160,160,28052,0,3,3.3982426798047722,1.6126369882840663,192.91187298949808,3265.4324112362756
1781614111,50,GET,/feed/{user_id},98.000000,0.000000,3,3,3,3,4,4,5,5,25,25,25,11157,0,3,2.9210965049118056,1.8567829974927008,51.53993199928664,1736.1101550596038
1781614111,50,GET,/feed/{user_id}?with_fof=true,55.100000,0.000000,3,3,3,3,4,4,6,19,110,110,110,5874,0,3,5.164679990998356,1.9855049904435873,192.91187298949808,10519.983827034388
1781614111,50,POST,/likes,5.200000,0.000000,4,4,4,4,5,6,7,7,7,7,7,569,0,3,3.589219434106205,2.429591986583546,21.966690983390436,180.7785588752197
1781614111,50,POST,/posts,6.700000,0.000000,3,4,4,4,4,5,5,5,5,5,5,845,0,3,3.3543343257955303,2.269051008624956,20.843166013946757,228.33372781065088
1781614111,50,GET,/timeline/{user_id},55.500000,0.000000,3,3,3,3,3,4,4,5,16,16,16,7013,0,3,2.909842968443824,1.849282009061426,51.82224599411711,1446.0403536289748
1781614111,50,GET,/users/{user_id},25.600000,0.000000,2,3,3,3,4,4,5,7,14,14,14,2833,0,2,2.745410275470171,1.6126369882840663,23.113371018553153,261.87257324391106
1781614111,50,,Aggregated,246.100000,0.000000,3,3,3,3,4,4,5,6,76,110,110,28291,0,3,3.3929220735863894,1.6126369882840663,192.91187298949808,3264.0393411332225
1781614112,50,GET,/feed/{user_id},97.200000,0.000000,3,3,3,3,3,4,5,5,25,25,25,11255,0,3,2.9191546590308035,1.8567829974927008,51.53993199928664,1734.0915148822746
1781614112,50,GET,/feed/{user_id}?with_fof=true,54.000000,0.000000,3,3,3,3,4,4,6,41,110,110,110,5917,0,3,5.166297748360289,1.9855049904435873,192.91187298949808,10517.62497887443
1781614112,50,POST,/likes,5.200000,0.000000,3,4,4,4,5,6,7,7,7,7,7,575,0,3,3.587130321716161,2.429591986583546,21.966690983390436,180.77913043478262
1781614112,50,POST,/posts,6.700000,0.000000,3,4,4,4,4,5,5,5,5,5,5,857,0,3,3.3523922186312802,2.269051008624956,20.843166013946757,228.33955659276546
1781614112,50,GET,/timeline/{user_id},56.100000,0.000000,3,3,3,3,3,4,4,5,16,16,16,7071,0,3,2.9078665535027794,1.849282009061426,51.82224599411711,1453.5642766228257
1781614112,50,GET,/users/{user_id},26.000000,0.000000,2,3,3,3,4,4,6,8,14,14,14,2854,0,2,2.7482607951861744,1.6126369882840663,23.113371018553153,261.88192011212334
1781614112,50,,Aggregated,245.200000,0.000000,3,3,3,3,4,4,5,6,84,110,110,28529,0,3,3.391802384944191,1.6126369882840663,192.91187298949808,3262.476287286621
1781614113,50,GET,/feed/{user_id},97.800000,0.000000,3,3,3,3,3,4,5,6,25,25,25,11360,0,3,2.9187405724782445,1.8567829974927008,51.53993199928664,1734.431778169014
1781614113,50,GET,/feed/{user_id}?with_fof=true,53.100000,0.000000,3,3,3,3,4,4,6,41,110,110,110,5961,0,3,5.149480090764437,1.9855049904435873,192.91187298949808,10516.254655259185
1781614113,50,POST,/likes,4.700000,0.000000,3,4,4,4,5,5,6,6,6,6,6,577,0,3,3.5856061004626,2.429591986583546,21.966690983390436,180.77989601386483
1781614113,50,POST,/posts,6.300000,0.000000,3,3,4,4,4,5,5,5,5,5,5,866,0,3,3.3505441344089864,2.269051008624956,20.843166013946757,228.34064665127022
1781614113,50,GET,/timeline/{user_id},56.500000,0.000000,3,3,3,3,3,4,4,5,16,16,16,7135,0,3,2.906818009504902,1.849282009061426,51.82224599411711,1455.869796776454
1781614113,50,GET,/users/{user_id},25.500000,0.000000,2,3,3,3,4,4,5,8,14,14,14,2872,0,2,2.747733879699109,1.6126369882840663,23.113371018553153,261.8944986072423
1781614113,50,,Aggregated,243.900000,0.000000,3,3,3,3,4,4,5,6,84,110,110,28771,0,3,3.387266617951343,1.6126369882840663,192.91187298949808,3261.352890062911
1781614114,50,GET,/feed/{user_id},97.800000,0.000000,3,3,3,3,3,4,5,6,25,25,25,11462,0,3,2.918340969481099,1.8567829974927008,51.53993199928664,1735.9177281451753
1781614114,50,GET,/feed/{user_id}?with_fof=true,52.500000,0.000000,3,3,3,3,4,4,6,19,140,140,140,6007,0,3,5.155377273030522,1.9855049904435873,192.91187298949808,10518.524221741302
1781614114,50,POST,/likes,4.800000,0.000000,3,4,4,4,4,6,6,6,6,6,6,579,0,3,3.585280174355703,2.429591986583546,21.966690983390436,180.78238341968913
1781614114,50,POST,/posts,7.000000,0.000000,3,3,4,4,4,5,5,5,5,5,5,871,0,3,3.3498813954396356,2.269051008624956,20.843166013946757,228.34328358208955
1781614114,50,GET,/timeline/{user_id},57.000000,0.000000,3,3,3,3,3,4,5,6,16,16,16,7197,0,3,2.9061566191184913,1.849282009061426,51.82224599411711,1463.7868556342921
1781614114,50,GET,/users/{user_id},25.200000,0.000000,3,3,3,3,4,4,5,10,14,14,14,2903,0,2,2.7488707252980227,1.6126369882840663,23.113371018553153,261.89528074405786
1781614114,50,,Aggregated,244.300000,0.000000,3,3,3,3,4,4,5,6,84,140,140,29019,0,3,3.387697036114357,1.6126369882840663,192.91187298949808,3262.7099486543298
1781614115,50,GET,/feed/{user_id},99.000000,0.000000,3,3,3,3,4,4,6,9,25,25,25,11554,0,3,2.9217443604080544,1.8567829974927008,51.53993199928664,1738.4069586290461
1781614115,50,GET,/feed/{user_id}?with_fof=true,51.700000,0.000000,3,3,3,3,4,4,13,94,140,140,140,6065,0,3,5.18691215747357,1.9855049904435873,192.91187298949808,10518.405111294313
1781614115,50,POST,/likes,4.800000,0.000000,3,4,4,4,4,6,6,6,6,6,6,581,0,3,3.582699812340379,2.429591986583546,21.966690983390436,180.78313253012047
1781614115,50,POST,/posts,7.400000,0.000000,3,3,4,4,4,5,5,5,5,5,5,877,0,3,3.3496557576279185,2.269051008624956,20.843166013946757,228.3466362599772
1781614115,50,GET,/timeline/{user_id},57.200000,0.000000,3,3,3,3,3,4,5,6,16,16,16,7264,0,3,2.9049632575380295,1.849282009061426,51.82224599411711,1460.543915198238
1781614115,50,GET,/users/{user_id},24.000000,0.000000,2,3,3,3,4,4,5,10,14,14,14,2927,0,2,2.7485234580122997,1.6126369882840663,23.113371018553153,261.89716433208065
1781614115,50,,Aggregated,244.100000,0.000000,3,3,3,3,4,4,6,10,110,140,140,29268,0,3,3.3955936357113417,1.6126369882840663,192.91187298949808,3265.03143364767
1781614116,50,GET,/feed/{user_id},98.600000,0.000000,3,3,3,3,4,4,6,9,25,25,25,11657,0,3,2.9227347207791388,1.8567829974927008,51.53993199928664,1740.0213605558893
1781614116,50,GET,/feed/{user_id}?with_fof=true,52.300000,0.000000,3,3,3,3,4,5,94,100,140,140,140,6118,0,3,5.2629651749105015,1.9855049904435873,192.91187298949808,10517.731448185681
1781614116,50,POST,/likes,4.500000,0.000000,3,4,4,4,4,4,5,5,5,5,5,585,0,3,3.579907146984966,2.429591986583546,21.966690983390436,180.7846153846154
1781614116,50,POST,/posts,7.200000,0.000000,3,3,4,4,4,5,5,5,5,5,5,885,0,3,3.3476937089988823,2.269051008624956,20.843166013946757,228.3457627118644
1781614116,50,GET,/timeline/{user_id},56.500000,0.000000,3,3,3,3,4,4,6,7,25,25,25,7319,0,3,2.911155083063426,1.849282009061426,51.82224599411711,1459.8535319032655
1781614116,50,GET,/users/{user_id},24.400000,0.000000,2,3,3,3,4,4,5,8,14,14,14,2949,0,2,2.7474089181190404,1.6126369882840663,23.113371018553153,261.902000678196
1781614116,50,,Aggregated,243.500000,0.000000,3,3,3,3,4,4,6,12,110,140,140,29513,0,3,3.413239831469161,1.6126369882840663,192.91187298949808,3266.2139396198286
1781614117,50,GET,/feed/{user_id},97.400000,0.000000,3,3,3,3,4,4,6,9,16,16,16,11757,0,3,2.9225907558127315,1.8567829974927008,51.53993199928664,1740.7382835757421
1781614117,50,GET,/feed/{user_id}?with_fof=true,50.900000,0.000000,3,3,3,3,4,5,99,110,140,140,140,6170,0,3,5.262285140042066,1.9855049904435873,192.91187298949808,10512.491410048622
1781614117,50,POST,/likes,3.900000,0.000000,3,4,4,4,4,4,5,5,5,5,5,586,0,3,3.5787321245313684,2.429591986583546,21.966690983390436,180.78327645051195
1781614117,50,POST,/posts,7.600000,0.000000,3,3,4,4,4,5,5,5,5,5,5,891,0,3,3.3476726929999483,2.269051008624956,20.843166013946757,228.34455667789
1781614117,50,GET,/timeline/{user_id},59.400000,0.000000,3,3,3,3,4,4,6,7,25,25,25,7379,0,3,2.9123269565069188,1.849282009061426,51.82224599411711,1456.6404661878303
1781614117,50,GET,/users/{user_id},24.000000,0.000000,2,3,3,3,4,4,5,8,14,14,14,2966,0,2,2.7471911471721886,1.6126369882840663,23.113371018553153,261.90728253540124
1781614117,50,,Aggregated,243.200000,0.000000,3,3,3,3,4,4,6,12,110,140,140,29749,0,3,3.413470764703534,1.6126369882840663,192.91187298949808,3266.082658240613
1781614118,50,GET,/feed/{user_id},96.200000,0.000000,3,3,3,3,4,4,6,9,16,16,16,11862,0,3,2.9207581122146893,1.8567829974927008,51.53993199928664,1736.4298600573259
1781614118,50,GET,/feed/{user_id}?with_fof=true,50.400000,0.000000,3,3,3,3,4,6,100,110,140,140,140,6214,0,3,5.276439873344515,1.9855049904435873,192.91187298949808,10507.071290634052
1781614118,50,POST,/likes,4.100000,0.000000,3,3,4,4,4,4,5,5,5,5,5,590,0,3,3.576204315285688,2.429591986583546,21.966690983390436,180.78305084745762
1781614118,50,POST,/posts,7.400000,0.000000,3,3,3,4,4,4,5,5,5,5,5,900,0,3,3.34562095829622,2.269051008624956,20.843166013946757,228.34555555555556
1781614118,50,GET,/timeline/{user_id},59.600000,0.000000,3,3,3,3,4,5,6,11,25,25,25,7444,0,3,2.9142678361171184,1.849282009061426,51.82224599411711,1459.2878828586781
1781614118,50,GET,/users/{user_id},25.100000,0.000000,2,3,3,3,4,4,6,8,14,14,14,2990,0,2,2.7459146844668556,1.6126369882840663,23.113371018553153,261.91672240802677
1781614118,50,,Aggregated,242.800000,0.000000,3,3,3,3,4,4,7,12,110,140,140,30000,0,3,3.4152981395716777,1.6126369882840663,192.91187298949808,3261.5571666666665
1781614119,50,GET,/feed/{user_id},98.700000,0.000000,3,3,3,3,4,4,6,9,16,16,16,11967,0,3,2.9177660198937168,1.8567829974927008,51.53993199928664,1730.6221275173393
1781614119,50,GET,/feed/{user_id}?with_fof=true,51.300000,0.000000,3,3,3,3,4,6,100,110,140,140,140,6250,0,3,5.2790388220502065,1.9855049904435873,192.91187298949808,10505.9968
1781614119,50,POST,/likes,3.600000,0.000000,3,3,3,4,4,4,4,4,4,4,4,595,0,3,3.573648357947803,2.429591986583546,21.966690983390436,180.78823529411764
1781614119,50,POST,/posts,7.600000,0.000000,3,3,3,4,4,4,5,5,5,5,5,911,0,3,3.3440056272795675,2.269051008624956,20.843166013946757,228.34357848518113
1781614119,50,GET,/timeline/{user_id},58.400000,0.000000,3,3,3,3,4,5,6,11,25,25,25,7509,0,3,2.911431963362125,1.849282009061426,51.82224599411711,1458.8962578239446
1781614119,50,GET,/users/{user_id},23.300000,0.000000,2,3,3,3,4,4,5,6,10,10,10,3010,0,2,2.745009939048201,1.6126369882840663,23.113371018553153,261.92292358803985
1781614119,50,,Aggregated,242.900000,0.000000,3,3,3,3,4,4,7,12,110,140,140,30242,0,3,3.4127382787756697,1.6126369882840663,192.91187298949808,3254.800112426427
1781614120,50,GET,/feed/{user_id},100.500000,0.000000,3,3,3,3,4,4,6,9,16,16,16,12057,0,3,2.917503762968299,1.8567829974927008,51.53993199928664,1728.0809488264078
1781614120,50,GET,/feed/{user_id}?with_fof=true,49.700000,0.000000,3,3,3,3,4,6,100,110,140,140,140,6307,0,3,5.259839146315426,1.9855049904435873,192.91187298949808,10502.332804820042
1781614120,50,POST,/likes,3.200000,0.000000,3,3,3,4,4,4,4,4,4,4,4,598,0,3,3.573730943142826,2.429591986583546,21.966690983390436,180.78929765886286
1781614120,50,POST,/posts,7.300000,0.000000,3,3,3,4,4,4,5,6,6,6,6,918,0,3,3.3459701072013774,2.269051008624956,20.843166013946757,228.34531590413943
1781614120,50,GET,/timeline/{user_id},60.100000,0.000000,3,3,3,3,4,5,6,11,25,25,25,7578,0,3,2.910729268765545,1.849282009061426,51.82224599411711,1454.9045922406967
1781614120,50,GET,/users/{user_id},22.700000,0.000000,2,3,3,3,4,4,6,6,10,10,10,3032,0,2,2.7440828181364596,1.598935981746763,23.113371018553153,261.9254617414248
1781614120,50,,Aggregated,243.500000,0.000000,3,3,3,3,4,4,7,13,110,140,140,30490,0,3,3.408868662893588,1.598935981746763,192.91187298949808,3253.881370941292
1781614121,50,GET,/feed/{user_id},100.600000,0.000000,3,3,3,3,4,4,6,9,16,16,16,12158,0,3,2.916499893836353,1.8567829974927008,51.53993199928664,1732.343559796019
1781614121,50,GET,/feed/{user_id}?with_fof=true,47.100000,0.000000,3,3,3,3,4,6,100,110,150,150,150,6353,0,3,5.265786358995927,1.9855049904435873,192.91187298949808,10500.996222257201
1781614121,50,POST,/likes,3.300000,0.000000,3,3,3,4,4,4,4,4,4,4,4,603,0,3,3.5700784078826215,2.429591986583546,21.966690983390436,180.7910447761194
1781614121,50,POST,/posts,7.500000,0.000000,3,3,4,4,4,4,4,6,6,6,6,927,0,3,3.346413291753154,2.269051008624956,20.843166013946757,228.34412081984897
1781614121,50,GET,/timeline/{user_id},61.900000,0.000000,3,3,3,3,4,5,6,11,25,25,25,7639,0,3,2.9099801440895083,1.849282009061426,51.82224599411711,1452.6762665270323
1781614121,50,GET,/users/{user_id},22.600000,0.000000,2,3,3,3,4,4,6,6,10,10,10,3051,0,2,2.744150408275788,1.598935981746763,23.113371018553153,261.9272369714848
1781614121,50,,Aggregated,243.000000,0.000000,3,3,3,3,4,4,8,13,110,150,150,30731,0,3,3.409227492295112,1.598935981746763,192.91187298949808,3253.766164459341
1781614122,50,GET,/feed/{user_id},100.400000,0.000000,3,3,3,3,4,4,6,9,16,16,16,12246,0,3,2.9151363269026738,1.8567829974927008,51.53993199928664,1730.5214764004572
1781614122,50,GET,/feed/{user_id}?with_fof=true,47.600000,0.000000,3,3,3,3,4,10,99,110,150,150,150,6410,0,3,5.258678255358263,1.9855049904435873,192.91187298949808,10496.55678627145
1781614122,50,POST,/likes,3.300000,0.000000,3,3,4,4,4,4,5,5,5,5,5,611,0,3,3.5701992192935146,2.429591986583546,21.966690983390436,180.78887070376433
1781614122,50,POST,/posts,7.700000,0.000000,3,3,4,4,4,4,4,6,6,6,6,934,0,3,3.3448055615323065,2.269051008624956,20.843166013946757,228.34475374732335
1781614122,50,GET,/timeline/{user_id},62.700000,0.000000,3,3,3,3,4,5,6,11,25,25,25,7708,0,3,2.908096408506384,1.849282009061426,51.82224599411711,1449.6190970420344
1781614122,50,GET,/users/{user_id},22.000000,0.000000,2,3,3,3,4,4,6,6,10,10,10,3072,0,2,2.7437285262503033,1.598935981746763,23.113371018553153,261.9410807291667
1781614122,50,,Aggregated,243.700000,0.000000,3,3,3,3,4,4,7,13,110,150,150,30981,0,3,3.4071420658779337,1.598935981746763,192.91187298949808,3252.863948871889
1781614123,50,GET,/feed/{user_id},99.900000,0.000000,3,3,3,3,4,4,7,10,22,22,22,12345,0,3,2.918858066207434,1.8567829974927008,51.53993199928664,1734.2427703523695
1781614123,50,GET,/feed/{user_id}?with_fof=true,47.700000,0.000000,3,3,3,3,4,12,100,110,150,150,150,6462,0,3,5.2595110332465556,1.9855049904435873,192.91187298949808,10496.320489012689
1781614123,50,POST,/likes,3.300000,0.000000,3,3,4,4,4,5,7,7,7,7,7,615,0,3,3.5764279691086007,2.429591986583546,21.966690983390436,180.78861788617886
1781614123,50,POST,/posts,8.300000,0.000000,3,3,4,4,4,4,4,6,6,6,6,941,0,3,3.3463349930326456,2.269051008624956,20.843166013946757,228.34643995749204
1781614123,50,GET,/timeline/{user_id},62.200000,0.000000,3,3,3,3,4,4,6,11,25,25,25,7771,0,3,2.9078209581626706,1.849282009061426,51.82224599411711,1449.893063955733
1781614123,50,GET,/users/{user_id},22.400000,0.000000,2,3,3,3,4,4,6,6,26,26,26,3095,0,2,2.7519947853915827,1.598935981746763,25.713253009598702,261.93699515347333
1781614123,50,,Aggregated,243.800000,0.000000,3,3,3,3,4,4,10,22,110,150,150,31229,0,3,3.409739923797899,1.598935981746763,192.91187298949808,3254.6774792660667
1781614124,50,GET,/feed/{user_id},99.700000,0.000000,3,3,3,3,4,4,6,9,22,22,22,12442,0,3,2.920663307035023,1.8567829974927008,51.53993199928664,1738.9638321813213
1781614124,50,GET,/feed/{user_id}?with_fof=true,48.700000,0.000000,3,3,3,3,4,6,100,110,150,150,150,6519,0,3,5.279596444358964,1.9855049904435873,192.91187298949808,10492.96134376438
1781614124,50,POST,/likes,3.500000,0.000000,3,3,4,4,4,5,7,7,7,7,7,618,0,3,3.574337255656885,2.429591986583546,21.966690983390436,180.7928802588997
1781614124,50,POST,/posts,7.800000,0.000000,3,3,4,4,4,4,6,7,7,7,7,947,0,3,3.349810063775281,2.269051008624956,20.843166013946757,228.3453009503696
1781614124,50,GET,/timeline/{user_id},63.000000,0.000000,3,3,3,3,4,4,7,11,25,25,25,7834,0,3,2.9070457881051435,1.849282009061426,51.82224599411711,1447.4089864692367
1781614124,50,GET,/users/{user_id},22.000000,0.000000,2,3,3,3,4,4,6,6,26,26,26,3120,0,2,2.7502355858208225,1.598935981746763,25.713253009598702,261.9375
1781614124,50,,Aggregated,244.700000,0.000000,3,3,3,3,4,4,7,21,110,150,150,31480,0,3,3.414622756450878,1.598935981746763,192.91187298949808,3256.798697585769
1781614125,50,GET,/feed/{user_id},98.100000,0.000000,3,3,3,3,4,4,6,7,22,22,22,12554,0,3,2.9199057802253896,1.8567829974927008,51.53993199928664,1742.5024693324838
1781614125,50,GET,/feed/{user_id}?with_fof=true,49.600000,0.000000,3,3,3,3,4,5,27,100,150,150,150,6560,0,3,5.264861572065523,1.9855049904435873,192.91187298949808,10490.485213414635
1781614125,50,POST,/likes,3.900000,0.000000,3,3,4,4,4,5,7,7,7,7,7,620,0,3,3.5724348532253756,2.429591986583546,21.966690983390436,180.78709677419354
1781614125,50,POST,/posts,7.700000,0.000000,3,3,4,4,4,4,6,7,7,7,7,954,0,3,3.349737911303313,2.269051008624956,20.843166013946757,228.3406708595388
1781614125,50,GET,/timeline/{user_id},63.600000,0.000000,3,3,3,3,4,4,6,10,13,13,13,7895,0,3,2.9067399737659896,1.849282009061426,51.82224599411711,1449.3323622545915
1781614125,50,GET,/users/{user_id},22.100000,0.000000,2,3,3,3,4,5,6,6,26,26,26,3139,0,2,2.7513771375420784,1.598935981746763,25.713253009598702,261.9404268875438
1781614125,50,,Aggregated,245.000000,0.000000,3,3,3,3,4,4,6,11,110,150,150,31722,0,3,3.41056155291941,1.598935981746763,192.91187298949808,3256.0240211840364
1781614126,50,GET,/feed/{user_id},98.400000,0.000000,3,3,3,3,4,4,5,7,22,22,22,12644,0,3,2.9190012427200913,1.8567829974927008,51.53993199928664,1745.9330907940525
1781614126,50,GET,/feed/{user_id}?with_fof=true,50.000000,0.000000,3,3,3,3,4,5,97,100,150,150,150,6613,0,3,5.27738583423274,1.9855049904435873,192.91187298949808,10490.202782398306
1781614126,50,POST,/likes,3.900000,0.000000,3,3,4,4,4,5,7,7,7,7,7,624,0,3,3.571470902198388,2.429591986583546,21.966690983390436,180.78846153846155
1781614126,50,POST,/posts,7.500000,0.000000,3,4,4,4,4,4,6,7,7,7,7,962,0,3,3.3514219526021902,2.269051008624956,20.843166013946757,228.34303534303535
1781614126,50,GET,/timeline/{user_id},63.800000,0.000000,3,3,3,3,4,4,5,7,13,13,13,7956,0,3,2.905198564727505,1.849282009061426,51.82224599411711,1447.4183006535948
1781614126,50,GET,/users/{user_id},21.500000,0.000000,2,3,3,3,4,5,6,6,26,26,26,3164,0,2,2.7518029332050715,1.598935981746763,25.713253009598702,261.93931731984827
1781614126,50,,Aggregated,245.100000,0.000000,3,3,3,3,4,4,6,10,120,150,150,31963,0,3,3.412706387314768,1.598935981746763,192.91187298949808,3257.6479992491318
1781614127,50,GET,/feed/{user_id},99.700000,0.000000,3,3,3,3,4,4,6,7,22,22,22,12746,0,3,2.9191022226576893,1.8500830046832561,51.53993199928664,1744.1274909775616
1781614127,50,GET,/feed/{user_id}?with_fof=true,49.100000,0.000000,3,3,3,3,4,5,97,100,150,150,150,6661,0,3,5.278364994868733,1.9855049904435873,192.91187298949808,10486.796577090527
1781614127,50,POST,/likes,3.900000,0.000000,3,3,4,4,4,5,7,7,7,7,7,627,0,3,3.56938790111651,2.429591986583546,21.966690983390436,180.79106858054226
1781614127,50,POST,/posts,7.700000,0.000000,3,4,4,4,4,4,6,7,7,7,7,965,0,3,3.3501986314969647,2.269051008624956,20.843166013946757,228.3440414507772
1781614127,50,GET,/timeline/{user_id},63.200000,0.000000,3,3,3,3,4,4,5,7,35,35,35,8023,0,3,2.9088627826325233,1.849282009061426,51.82224599411711,1450.443475009348
1781614127,50,GET,/users/{user_id},21.300000,0.000000,2,3,3,3,4,5,6,6,26,26,26,3185,0,2,2.7507940036598506,1.598935981746763,25.713253009598702,261.9350078492936
1781614127,50,,Aggregated,244.900000,0.000000,3,3,3,3,4,4,6,11,120,150,150,32207,0,3,3.413422518735912,1.598935981746763,192.91187298949808,3256.685813642997
1781614128,50,GET,/feed/{user_id},99.500000,0.000000,3,3,3,3,4,4,6,9,22,22,22,12832,0,3,2.9193156577325103,1.8500830046832561,51.53993199928664,1742.0970230673317
1781614128,50,GET,/feed/{user_id}?with_fof=true,49.400000,0.000000,3,3,3,3,4,5,27,110,150,150,150,6713,0,3,5.277113649456644,1.9855049904435873,192.91187298949808,10483.442872039326
1781614128,50,POST,/likes,3.800000,0.000000,3,4,4,4,4,5,7,7,7,7,7,631,0,3,3.569730074497651,2.429591986583546,21.966690983390436,180.7908082408875
1781614128,50,POST,/posts,7.800000,0.000000,3,4,4,4,4,4,6,7,7,7,7,969,0,3,3.34936660101495,2.269051008624956,20.843166013946757,228.343653250774
1781614128,50,GET,/timeline/{user_id},63.300000,0.000000,3,3,3,3,4,4,5,7,35,35,35,8082,0,3,2.907942245229432,1.849282009061426,51.82224599411711,1448.3851769364019
1781614128,50,GET,/users/{user_id},21.300000,0.000000,2,3,3,3,4,4,6,6,26,26,26,3220,0,2,2.7473755290924124,1.598935981746763,25.713253009598702,261.92329192546583
1781614128,50,,Aggregated,245.100000,0.000000,3,3,3,3,4,4,6,10,120,150,150,32447,0,3,3.412719104750497,1.598935981746763,192.91187298949808,3254.9858846734674
1781614129,50,GET,/feed/{user_id},98.400000,0.000000,3,3,3,3,4,4,6,10,22,22,22,12924,0,3,2.9192374793410565,1.8500830046832561,51.53993199928664,1740.1568399876198
1781614129,50,GET,/feed/{user_id}?with_fof=true,48.700000,0.000000,3,3,3,3,4,5,95,110,170,170,170,6761,0,3,5.300777167858016,1.9855049904435873,192.91187298949808,10482.07543262831
1781614129,50,POST,/likes,4.000000,0.000000,3,3,4,4,4,5,7,7,7,7,7,637,0,3,3.565925238568122,2.429591986583546,21.966690983390436,180.79434850863422
1781614129,50,POST,/posts,7.500000,0.000000,3,4,4,4,4,5,5,7,7,7,7,976,0,3,3.351183497305429,2.269051008624956,20.843166013946757,228.34323770491804
1781614129,50,GET,/timeline/{user_id},63.500000,0.000000,3,3,3,3,4,4,6,7,35,35,35,8148,0,3,2.9094420369310674,1.849282009061426,51.82224599411711,1448.6613892979872
1781614129,50,GET,/users/{user_id},22.400000,0.000000,2,3,3,3,4,4,6,6,26,26,26,3248,0,2,2.7452567936437524,1.598935981746763,25.713253009598702,261.9273399014778
1781614129,50,,Aggregated,244.500000,0.000000,3,3,3,3,4,4,6,11,140,170,170,32694,0,3,3.4175003629992995,1.598935981746763,192.91187298949808,3252.938184376338
1781614130,50,GET,/feed/{user_id},97.200000,0.000000,3,3,3,3,4,4,6,10,22,22,22,13013,0,3,2.9183135768047777,1.8500830046832561,51.53993199928664,1739.9044801352493
1781614130,50,GET,/feed/{user_id}?with_fof=true,49.400000,0.000000,3,3,3,3,4,5,98,110,170,170,170,6825,0,3,5.306498118072421,1.9855049904435873,192.91187298949808,10481.460073260074
1781614130,50,POST,/likes,4.200000,0.000000,3,3,4,4,4,4,7,7,7,7,7,643,0,3,3.5630607371262677,2.429591986583546,21.966690983390436,180.79160186625194
1781614130,50,POST,/posts,6.700000,0.000000,3,4,4,4,4,5,5,7,7,7,7,983,0,3,3.3517150106031677,2.269051008624956,20.843166013946757,228.3438453713123
1781614130,50,GET,/timeline/{user_id},63.800000,0.000000,3,3,3,3,4,4,6,7,35,35,35,8204,0,3,2.9093192848482503,1.849282009061426,51.82224599411711,1443.6565090199902
1781614130,50,GET,/users/{user_id},23.300000,0.000000,2,3,3,3,4,4,6,6,26,26,26,3269,0,2,2.744381745432356,1.598935981746763,25.713253009598702,261.9400428265525
1781614130,50,,Aggregated,244.600000,0.000000,3,3,3,3,4,4,6,14,120,170,170,32937,0,3,3.4191968752136916,1.598935981746763,192.91187298949808,3255.247684974345
1781614131,50,GET,/feed/{user_id},95.400000,0.000000,3,3,3,3,4,4,6,11,22,22,22,13112,0,3,2.9178221971547886,1.8500830046832561,51.53993199928664,1737.065283709579
1781614131,50,GET,/feed/{user_id}?with_fof=true,51.100000,0.000000,3,3,3,3,4,5,99,110,170,170,170,6876,0,3,5.307508962151318,1.9855049904435873,192.91187298949808,10478.081297265851
1781614131,50,POST,/likes,4.100000,0.000000,3,3,4,4,4,5,7,7,7,7,7,647,0,3,3.562435670701824,2.429591986583546,21.966690983390436,180.78979907264298
1781614131,50,POST,/posts,6.500000,0.000000,3,4,4,4,4,5,5,7,7,7,7,994,0,3,3.353348749929147,2.269051008624956,20.843166013946757,228.3450704225352
1781614131,50,GET,/timeline/{user_id},63.900000,0.000000,3,3,3,3,4,4,6,7,35,35,35,8262,0,3,2.9080252170115117,1.849282009061426,51.82224599411711,1442.4014766400387
1781614131,50,GET,/users/{user_id},23.300000,0.000000,2,3,3,3,4,4,6,6,26,26,26,3288,0,2,2.743271539781065,1.598935981746763,25.713253009598702,261.9470802919708
1781614131,50,,Aggregated,244.300000,0.000000,3,3,3,3,4,4,7,15,120,170,170,33179,0,3,3.4189403530838467,1.598935981746763,192.91187298949808,3253.4445281654057
1781614132,50,GET,/feed/{user_id},95.100000,0.000000,3,3,3,3,4,4,6,11,22,22,22,13207,0,3,2.9190491122967246,1.8500830046832561,51.53993199928664,1734.7699704702052
1781614132,50,GET,/feed/{user_id}?with_fof=true,51.900000,0.000000,3,3,3,3,4,5,100,110,170,170,170,6930,0,3,5.318495865169917,1.9855049904435873,192.91187298949808,10477.347907647907
1781614132,50,POST,/likes,4.400000,0.000000,3,3,4,4,4,4,5,5,5,5,5,658,0,3,3.560930647291767,2.429591986583546,21.966690983390436,180.7872340425532
1781614132,50,POST,/posts,6.500000,0.000000,3,4,4,4,4,5,5,7,7,7,7,997,0,3,3.354090781771011,2.269051008624956,20.843166013946757,228.34603811434303
1781614132,50,GET,/timeline/{user_id},62.700000,0.000000,3,3,3,3,4,4,6,7,35,35,35,8317,0,3,2.908497353856223,1.849282009061426,51.82224599411711,1443.6736804136108
1781614132,50,GET,/users/{user_id},23.600000,0.000000,2,3,3,3,4,4,6,6,26,26,26,3315,0,2,2.7442580687203817,1.598935981746763,25.713253009598702,261.942383107089
1781614132,50,,Aggregated,244.200000,0.000000,3,3,3,3,4,5,7,15,120,170,170,33424,0,3,3.4221926411232744,1.598935981746763,192.91187298949808,3253.3843944471037
1781614133,50,GET,/feed/{user_id},95.600000,0.000000,3,3,3,3,4,4,6,10,15,15,15,13310,0,3,2.9196246199930473,1.8500830046832561,51.53993199928664,1732.7218632607062
1781614133,50,GET,/feed/{user_id}?with_fof=true,52.100000,0.000000,3,3,3,3,4,5,95,100,170,170,170,6972,0,3,5.3160880782495,1.9855049904435873,192.91187298949808,10475.614457831325
1781614133,50,POST,/likes,4.300000,0.000000,3,3,4,4,4,4,5,5,5,5,5,664,0,3,3.5590937347796534,2.429591986583546,21.966690983390436,180.78614457831324
1781614133,50,POST,/posts,6.600000,0.000000,3,4,4,4,4,4,5,5,5,5,5,1006,0,3,3.351033441753638,2.2209580056369305,20.843166013946757,228.34393638170974
1781614133,50,GET,/timeline/{user_id},61.900000,0.000000,3,3,3,3,4,4,6,7,35,35,35,8372,0,3,2.9085469633454637,1.849282009061426,51.82224599411711,1442.1868131868132
1781614133,50,GET,/users/{user_id},23.900000,0.000000,2,3,3,3,4,4,6,6,10,10,10,3337,0,2,2.746321216292187,1.598935981746763,25.713253009598702,261.94545999400657
1781614133,50,,Aggregated,244.400000,0.000000,3,3,3,3,4,4,6,11,110,170,170,33661,0,3,3.4215613538473626,1.598935981746763,192.91187298949808,3249.9440895992393
1781614134,50,GET,/feed/{user_id},95.500000,0.000000,3,3,3,3,4,4,6,10,15,15,15,13394,0,3,2.9186330192736425,1.8500830046832561,51.53993199928664,1735.247200238913
1781614134,50,GET,/feed/{user_id}?with_fof=true,52.200000,0.000000,3,3,3,3,4,5,99,110,170,170,170,7015,0,3,5.324161257667013,1.9855049904435873,192.91187298949808,10475.12387740556
1781614134,50,POST,/likes,4.500000,0.000000,3,3,4,4,4,4,5,5,5,5,5,666,0,3,3.560350498304473,2.429591986583546,21.966690983390436,180.7867867867868
1781614134,50,POST,/posts,6.300000,0.000000,3,4,4,4,4,5,5,5,5,5,5,1018,0,3,3.3528562863325346,2.2209580056369305,20.843166013946757,228.34381139489196
1781614134,50,GET,/timeline/{user_id},61.500000,0.000000,3,3,3,3,4,4,5,7,35,35,35,8449,0,3,2.9066609825105556,1.849282009061426,51.82224599411711,1436.9876908509882
1781614134,50,GET,/users/{user_id},24.000000,0.000000,2,3,3,3,4,5,6,6,10,10,10,3368,0,2,2.746728807846759,1.598935981746763,25.713253009598702,261.9438836104513
1781614134,50,,Aggregated,244.000000,0.000000,3,3,3,3,4,4,6,11,120,170,170,33910,0,3,3.421849728106816,1.598935981746763,192.91187298949808,3246.861958124447
1781614135,50,GET,/feed/{user_id},97.200000,0.000000,3,3,3,3,4,4,6,11,15,15,15,13496,0,3,2.918338812014985,1.8500830046832561,51.53993199928664,1734.6192205097807
1781614135,50,GET,/feed/{user_id}?with_fof=true,51.600000,0.000000,3,3,3,3,4,5,100,110,170,170,170,7070,0,3,5.32374884323576,1.9855049904435873,192.91187298949808,10474.536067892504
1781614135,50,POST,/likes,4.600000,0.000000,3,3,4,4,4,4,5,5,5,5,5,673,0,3,3.5572682702284233,2.429591986583546,21.966690983390436,180.78603268945022
1781614135,50,POST,/posts,6.400000,0.000000,3,4,4,4,4,5,5,5,5,5,5,1029,0,3,3.3489736885117933,2.2209580056369305,20.843166013946757,228.3411078717201
1781614135,50,GET,/timeline/{user_id},59.700000,0.000000,3,3,3,3,4,4,5,7,35,35,35,8499,0,3,2.90544916885687,1.849282009061426,51.82224599411711,1435.9336392516766
1781614135,50,GET,/users/{user_id},23.900000,0.000000,2,3,3,3,4,5,6,6,10,10,10,3388,0,2,2.7464307440586944,1.598935981746763,25.713253009598702,261.94775678866586
1781614135,50,,Aggregated,243.400000,0.000000,3,3,3,3,4,5,6,11,140,170,170,34155,0,3,3.421556441134792,1.598935981746763,192.91187298949808,3247.357692870736
1781614136,50,GET,/feed/{user_id},94.900000,0.000000,3,3,3,3,4,4,6,10,15,15,15,13588,0,3,2.917011281118965,1.8500830046832561,51.53993199928664,1734.132911392405
1781614136,50,GET,/feed/{user_id}?with_fof=true,50.200000,0.000000,3,3,3,3,4,5,99,110,170,170,170,7131,0,3,5.323190961925999,1.9855049904435873,192.91187298949808,10472.636376384798
1781614136,50,POST,/likes,4.800000,0.000000,3,3,4,4,4,4,5,5,5,5,5,678,0,3,3.5572687948550508,2.429591986583546,21.966690983390436,180.7890855457227
1781614136,50,POST,/posts,7.300000,0.000000,3,4,4,4,4,5,5,5,5,5,5,1040,0,3,3.347111783100095,2.2209580056369305,20.843166013946757,228.34230769230768
1781614136,50,GET,/timeline/{user_id},60.600000,0.000000,3,3,3,3,4,4,5,6,15,15,15,8557,0,3,2.9049128763706573,1.849282009061426,51.82224599411711,1432.9128199135212
1781614136,50,GET,/users/{user_id},24.900000,0.000000,2,3,3,3,4,5,6,6,10,10,10,3408,0,2,2.749512919865698,1.598935981746763,25.713253009598702,261.95334507042253
1781614136,50,,Aggregated,242.700000,0.000000,3,3,3,3,4,4,6,11,150,170,170,34402,0,3,3.421793152976008,1.598935981746763,192.91187298949808,3248.589936631591
1781614137,50,GET,/feed/{user_id},94.300000,0.000000,3,3,3,3,4,4,6,10,15,15,15,13685,0,3,2.9167278870194333,1.8500830046832561,51.53993199928664,1736.1271465107782
1781614137,50,GET,/feed/{user_id}?with_fof=true,50.900000,0.000000,3,3,3,3,4,5,94,110,170,170,170,7184,0,3,5.317376769711222,1.9855049904435873,192.91187298949808,10470.121102449888
1781614137,50,POST,/likes,5.200000,0.000000,3,3,4,4,4,5,5,6,6,6,6,684,0,3,3.559942251336502,2.429591986583546,21.966690983390436,180.78947368421052
1781614137,50,POST,/posts,7.500000,0.000000,3,4,4,4,4,5,5,5,5,5,5,1045,0,3,3.345800467357975,2.2209580056369305,20.843166013946757,228.3444976076555
1781614137,50,GET,/timeline/{user_id},60.600000,0.000000,3,3,3,3,4,4,6,6,19,19,19,8611,0,3,2.9051302814016458,1.849282009061426,51.82224599411711,1428.8511206596213
1781614137,50,GET,/users/{user_id},25.000000,0.000000,2,3,3,3,4,5,6,6,10,10,10,3433,0,2,2.7475132341369144,1.598935981746763,25.713253009598702,261.9516457908535
1781614137,50,,Aggregated,243.500000,0.000000,3,3,3,3,4,5,6,11,150,170,170,34642,0,3,3.4205619658712316,1.598935981746763,192.91187298949808,3248.7052421915596
1781614138,50,GET,/feed/{user_id},94.400000,0.000000,3,3,3,3,4,4,6,10,15,15,15,13786,0,3,2.9179751532620184,1.8500830046832561,51.53993199928664,1738.905628898883
1781614138,50,GET,/feed/{user_id}?with_fof=true,51.800000,0.000000,3,3,3,3,4,5,100,120,160,160,160,7232,0,3,5.369982685243059,1.9855049904435873,192.91187298949808,10466.700774336283
1781614138,50,POST,/likes,5.400000,0.000000,3,3,4,4,4,5,5,6,6,6,6,688,0,3,3.557888639396731,2.429591986583546,21.966690983390436,180.7921511627907
1781614138,50,POST,/posts,7.900000,0.000000,3,3,4,4,4,4,5,5,5,5,5,1049,0,3,3.344960603813061,2.2209580056369305,20.843166013946757,228.34604385128694
1781614138,50,GET,/timeline/{user_id},59.800000,0.000000,3,3,3,3,4,4,5,6,19,19,19,8685,0,3,2.9061132084115027,1.849282009061426,51.82224599411711,1431.4503166378813
1781614138,50,GET,/users/{user_id},24.300000,0.000000,2,3,3,3,4,5,6,6,10,10,10,3454,0,2,2.746915417144584,1.598935981746763,25.713253009598702,261.9496236247829
1781614138,50,,Aggregated,243.600000,0.000000,3,3,3,3,4,5,6,11,150,160,160,34894,0,3,3.4317375584835252,1.598935981746763,192.91187298949808,3248.9417378345847
1781614139,50,GET,/feed/{user_id},94.100000,0.000000,3,3,3,3,4,4,6,9,15,15,15,13875,0,3,2.9170060481997795,1.8500830046832561,51.53993199928664,1739.4207567567566
1781614139,50,GET,/feed/{user_id}?with_fof=true,52.300000,0.000000,3,3,3,3,4,5,99,120,160,160,160,7280,0,3,5.353994453940726,1.9855049904435873,192.91187298949808,10463.487087912088
1781614139,50,POST,/likes,5.600000,0.000000,3,3,4,4,4,5,5,6,6,6,6,700,0,3,3.552588384149463,2.429591986583546,21.966690983390436,180.79
1781614139,50,POST,/posts,7.800000,0.000000,3,3,4,4,4,4,5,5,5,5,5,1055,0,3,3.344436268646588,2.2209580056369305,20.843166013946757,228.34502369668246
1781614139,50,GET,/timeline/{user_id},60.200000,0.000000,3,3,3,3,4,4,5,6,19,19,19,8749,0,3,2.90510155195456,1.849282009061426,51.82224599411711,1430.1017259115326
1781614139,50,GET,/users/{user_id},24.200000,0.000000,2,3,3,3,4,5,6,6,10,10,10,3478,0,2,2.7449690712429207,1.598935981746763,25.713253009598702,261.95140885566417
1781614139,50,,Aggregated,244.200000,0.000000,3,3,3,3,4,5,6,11,150,160,160,35137,0,3,3.427425977847298,1.598935981746763,192.91187298949808,3247.2645074992174
1781614140,50,GET,/feed/{user_id},94.900000,0.000000,3,3,3,3,4,4,6,10,13,13,13,13956,0,3,2.916977911758134,1.8500830046832561,51.53993199928664,1740.0825451418746
1781614140,50,GET,/feed/{user_id}?with_fof=true,52.000000,0.000000,3,3,3,3,4,5,99,120,160,160,160,7334,0,3,5.367500963556554,1.9855049904435873,192.91187298949808,10458.856013089719
1781614140,50,POST,/likes,5.600000,0.000000,3,3,4,4,4,5,5,6,6,6,6,703,0,3,3.5502809557896824,2.429591986583546,21.966690983390436,180.79374110953057
1781614140,50,POST,/posts,8.300000,0.000000,3,3,4,4,4,4,4,5,5,5,5,1062,0,3,3.343724440111298,2.2209580056369305,20.843166013946757,228.34651600753295
1781614140,50,GET,/timeline/{user_id},60.100000,0.000000,3,3,3,3,4,5,5,6,19,19,19,8823,0,3,2.9052519469696794,1.849282009061426,51.82224599411711,1433.1738637651592
1781614140,50,GET,/users/{user_id},23.400000,0.000000,2,3,3,3,4,5,6,6,10,10,10,3503,0,2,2.7439962543003196,1.598935981746763,25.713253009598702,261.95175563802457
1781614140,50,,Aggregated,244.300000,0.000000,3,3,3,3,4,5,6,11,150,160,160,35381,0,3,3.4302799660118746,1.598935981746763,192.91187298949808,3248.1262259404766
1781614141,50,GET,/feed/{user_id},95.700000,0.000000,3,3,3,3,4,4,6,10,13,13,13,14046,0,3,2.9161247292146095,1.8500830046832561,51.53993199928664,1741.7187099530115
1781614141,50,GET,/feed/{user_id}?with_fof=true,51.700000,0.000000,3,3,3,3,4,5,99,140,160,160,160,7389,0,3,5.367963043525244,1.9855049904435873,192.91187298949808,10454.92231695764
1781614141,50,POST,/likes,6.300000,0.000000,3,3,4,4,4,5,5,6,6,6,6,711,0,3,3.550479096951914,2.429591986583546,21.966690983390436,180.79184247538677
1781614141,50,POST,/posts,7.800000,0.000000,3,3,4,4,4,4,4,5,5,5,5,1068,0,3,3.343535505084989,2.2209580056369305,20.843166013946757,228.34831460674158
1781614141,50,GET,/timeline/{user_id},59.800000,0.000000,3,3,3,3,4,5,5,6,19,19,19,8892,0,3,2.90417188058753,1.849282009061426,51.82224599411711,1431.5161943319838
1781614141,50,GET,/users/{user_id},23.300000,0.000000,2,3,3,3,4,5,6,7,10,10,10,3528,0,2,2.7445760297062627,1.598935981746763,25.713253009598702,261.95890022675735
1781614141,50,,Aggregated,244.600000,0.000000,3,3,3,3,4,5,6,11,150,160,160,35634,0,3,3.4300335080964253,1.598935981746763,192.91187298949808,3248.0567435595217
1781614142,50,GET,/feed/{user_id},94.500000,0.000000,3,3,3,3,4,4,5,6,13,13,13,14138,0,3,2.9151182111640814,1.8500830046832561,51.53993199928664,1741.2382232281793
1781614142,50,GET,/feed/{user_id}?with_fof=true,51.100000,0.000000,3,3,3,3,4,5,96,140,160,160,160,7440,0,3,5.350949300472783,1.9855049904435873,192.91187298949808,10453.548924731183
1781614142,50,POST,/likes,6.100000,0.000000,3,3,4,4,4,5,5,6,6,6,6,718,0,3,3.5468989943152858,2.429591986583546,21.966690983390436,180.7966573816156
1781614142,50,POST,/posts,8.100000,0.000000,3,3,3,4,4,4,4,5,5,5,5,1079,0,3,3.3408816658321636,2.2209580056369305,20.843166013946757,228.34939759036143
1781614142,50,GET,/timeline/{user_id},61.100000,0.000000,3,3,3,3,4,4,5,6,19,19,19,8955,0,3,2.902771799787042,1.849282009061426,51.82224599411711,1433.7366834170855
1781614142,50,GET,/users/{user_id},23.400000,0.000000,2,3,3,3,4,5,6,6,10,10,10,3550,0,2,2.7457211323371027,1.598935981746763,25.713253009598702,261.95915492957744
1781614142,50,,Aggregated,244.300000,0.000000,3,3,3,3,4,5,6,11,150,160,160,35880,0,3,3.425811603879494,1.598935981746763,192.91187298949808,3247.973745819398
1781614143,50,GET,/feed/{user_id},93.900000,0.000000,3,3,3,3,4,4,5,7,17,17,17,14239,0,3,2.9150932171939012,1.8500830046832561,51.53993199928664,1746.9079289275933
1781614143,50,GET,/feed/{user_id}?with_fof=true,51.400000,0.000000,3,3,3,3,4,5,94,120,160,160,160,7490,0,3,5.33636570339264,1.9855049904435873,192.91187298949808,10450.585580774366
1781614143,50,POST,/likes,6.200000,0.000000,3,3,4,4,4,4,5,6,6,6,6,723,0,3,3.5456947120950577,2.429591986583546,21.966690983390436,180.80221300138314
1781614143,50,POST,/posts,7.300000,0.000000,3,3,3,3,4,4,4,6,6,6,6,1091,0,3,3.3420350177552445,2.2209580056369305,20.843166013946757,228.34463794683776
1781614143,50,GET,/timeline/{user_id},63.300000,0.000000,3,3,3,3,4,4,6,6,19,19,19,9006,0,3,2.902579821466588,1.849282009061426,51.82224599411711,1438.168443260049
1781614143,50,GET,/users/{user_id},23.700000,0.000000,2,3,3,3,4,5,6,6,10,10,10,3575,0,2,2.7438591867750444,1.598935981746763,25.713253009598702,261.9555244755245
1781614143,50,,Aggregated,245.800000,0.000000,3,3,3,3,4,4,6,10,140,160,160,36124,0,3,3.4225727877339,1.598935981746763,192.91187298949808,3250.403831247924
1781614144,50,GET,/feed/{user_id},93.300000,0.000000,3,3,3,3,4,4,5,6,17,17,17,14315,0,3,2.914276521817537,1.8500830046832561,51.53993199928664,1745.3137967167306
1781614144,50,GET,/feed/{user_id}?with_fof=true,51.000000,0.000000,3,3,3,3,4,5,96,130,160,160,160,7553,0,3,5.3579036266925275,1.9855049904435873,192.91187298949808,10448.003177545346
1781614144,50,POST,/likes,6.000000,0.000000,3,3,4,4,4,4,5,6,6,6,6,728,0,3,3.544366784178867,2.429591986583546,21.966690983390436,180.8063186813187
1781614144,50,POST,/posts,8.000000,0.000000,3,3,3,4,4,4,4,6,6,6,6,1099,0,3,3.3404532960818165,2.2209580056369305,20.843166013946757,228.33666969972703
1781614144,50,GET,/timeline/{user_id},63.700000,0.000000,3,3,3,3,4,4,6,6,19,19,19,9071,0,3,2.9005989968184194,1.849282009061426,51.82224599411711,1438.2579649432257
1781614144,50,GET,/users/{user_id},24.000000,0.000000,2,3,3,3,4,5,6,7,14,14,14,3608,0,2,2.7470381110529734,1.598935981746763,25.713253009598702,261.9559312638581
1781614144,50,,Aggregated,246.000000,0.000000,3,3,3,3,4,4,6,11,150,160,160,36374,0,3,3.4271792681124387,1.598935981746763,192.91187298949808,3251.5554791884315
1781614145,50,GET,/feed/{user_id},92.400000,0.000000,3,3,3,3,4,4,5,6,17,17,17,14410,0,3,2.9127812362841534,1.8500830046832561,51.53993199928664,1744.8498265093685
1781614145,50,GET,/feed/{user_id}?with_fof=true,51.500000,0.000000,3,3,3,3,4,5,96,130,160,160,160,7600,0,3,5.359019008855715,1.9855049904435873,192.91187298949808,10446.890131578948
1781614145,50,POST,/likes,6.100000,0.000000,3,3,4,4,4,5,6,6,6,6,6,736,0,3,3.5435732090817234,2.429591986583546,21.966690983390436,180.8111413043478
1781614145,50,POST,/posts,8.400000,0.000000,3,3,3,4,4,4,4,6,6,6,6,1104,0,3,3.3401421054462106,2.2209580056369305,20.843166013946757,228.33876811594203
1781614145,50,GET,/timeline/{user_id},63.300000,0.000000,3,3,3,3,4,4,5,7,19,19,19,9136,0,3,2.900142275087772,1.849282009061426,51.82224599411711,1438.472088441331
1781614145,50,GET,/users/{user_id},24.100000,0.000000,2,3,3,3,4,4,6,6,14,14,14,3634,0,2,2.745577600918442,1.598935981746763,25.713253009598702,261.9501926252064
1781614145,50,,Aggregated,245.800000,0.000000,3,3,3,3,4,4,6,11,140,160,160,36620,0,3,3.426281749737694,1.598935981746763,192.91187298949808,3250.09890770071
1781614146,50,GET,/feed/{user_id},92.500000,0.000000,3,3,3,3,4,4,5,10,17,17,17,14513,0,3,2.915590083910743,1.8500830046832561,51.53993199928664,1744.690553297044
1781614146,50,GET,/feed/{user_id}?with_fof=true,53.200000,0.000000,3,3,3,3,4,5,99,130,160,160,160,7650,0,3,5.356405810886701,1.9855049904435873,192.91187298949808,10442.801176470588
1781614146,50,POST,/likes,6.000000,0.000000,3,3,4,4,4,4,6,6,6,6,6,744,0,3,3.540431111398521,2.429591986583546,21.966690983390436,180.80645161290323
1781614146,50,POST,/posts,8.100000,0.000000,3,3,3,4,4,4,4,6,6,6,6,1109,0,3,3.3393863150465735,2.2209580056369305,20.843166013946757,228.33724075743913
1781614146,50,GET,/timeline/{user_id},62.700000,0.000000,3,3,3,3,4,4,5,6,12,12,12,9192,0,3,2.899078952467179,1.849282009061426,51.82224599411711,1435.121409921671
1781614146,50,GET,/users/{user_id},23.700000,0.000000,2,3,3,3,4,5,6,10,22,22,22,3658,0,2,2.7487742943531885,1.598935981746763,25.713253009598702,261.95899398578456
1781614146,50,,Aggregated,246.200000,0.000000,3,3,3,3,4,4,6,12,140,160,160,36866,0,3,3.4267692077027427,1.598935981746763,192.91187298949808,3248.1351651928608
1781614147,50,GET,/feed/{user_id},92.000000,0.000000,3,3,3,3,3,4,5,10,17,17,17,14627,0,3,2.9136762307941724,1.8500830046832561,51.53993199928664,1747.2184316674643
1781614147,50,GET,/feed/{user_id}?with_fof=true,53.700000,0.000000,3,3,3,3,4,5,39,110,150,150,150,7700,0,3,5.34348593587086,1.9855049904435873,192.91187298949808,10440.504675324675
1781614147,50,POST,/likes,6.200000,0.000000,3,3,4,4,4,4,5,6,6,6,6,751,0,3,3.54053260700079,2.429591986583546,21.966690983390436,180.80559254327562
1781614147,50,POST,/posts,7.500000,0.000000,3,3,3,4,4,4,4,6,6,6,6,1116,0,3,3.3367041616663453,2.2209580056369305,20.843166013946757,228.336917562724
1781614147,50,GET,/timeline/{user_id},62.400000,0.000000,3,3,3,3,4,4,5,6,12,12,12,9240,0,3,2.898063860188951,1.849282009061426,51.82224599411711,1434.4195887445887
1781614147,50,GET,/users/{user_id},24.200000,0.000000,2,3,3,3,4,4,6,10,22,22,22,3681,0,2,2.7468746519300664,1.598935981746763,25.713253009598702,261.96088019559903
1781614147,50,,Aggregated,246.000000,0.000000,3,3,3,3,4,4,6,11,130,150,150,37115,0,3,3.4227466368910062,1.598935981746763,192.91187298949808,3248.2116125555704
1781614148,50,GET,/feed/{user_id},92.500000,0.000000,3,3,3,3,4,4,5,10,17,17,17,14713,0,3,2.9138541519508316,1.8500830046832561,51.53993199928664,1748.6352205532523
1781614148,50,GET,/feed/{user_id}?with_fof=true,51.600000,0.000000,3,3,3,3,4,5,39,110,150,150,150,7756,0,3,5.341095697039001,1.9855049904435873,192.91187298949808,10436.711578133058
1781614148,50,POST,/likes,6.600000,0.000000,3,4,4,4,4,4,5,6,6,6,6,756,0,3,3.539789732602282,2.429591986583546,21.966690983390436,180.80291005291005
1781614148,50,POST,/posts,6.900000,0.000000,3,3,3,4,4,4,6,6,6,6,6,1123,0,3,3.3396009771944914,2.2209580056369305,20.843166013946757,228.3392698130009
1781614148,50,GET,/timeline/{user_id},63.400000,0.000000,3,3,3,3,4,4,5,6,12,12,12,9304,0,3,2.8980125102037038,1.849282009061426,51.82224599411711,1431.5266552020637
1781614148,50,GET,/users/{user_id},25.000000,0.000000,2,3,3,3,4,4,6,10,22,22,22,3708,0,2,2.7458304206528243,1.598935981746763,25.713253009598702,261.9536138079827
1781614148,50,,Aggregated,246.000000,0.000000,3,3,3,3,4,4,6,11,130,150,150,37360,0,3,3.42259568773661,1.598935981746763,192.91187298949808,3248.3448875802997
1781614149,50,GET,/feed/{user_id},93.600000,0.000000,3,3,3,3,3,4,5,7,17,17,17,14827,0,3,2.9113117436230596,1.8500830046832561,51.53993199928664,1746.347811425103
1781614149,50,GET,/feed/{user_id}?with_fof=true,51.400000,0.000000,3,3,3,3,4,5,6,110,150,150,150,7797,0,3,5.328235459948657,1.9855049904435873,192.91187298949808,10435.626266512762
1781614149,50,POST,/likes,6.700000,0.000000,3,4,4,4,4,4,5,6,6,6,6,758,0,3,3.5400564378323427,2.429591986583546,21.966690983390436,180.80211081794195
1781614149,50,POST,/posts,7.300000,0.000000,3,3,3,4,4,4,6,6,6,6,6,1129,0,3,3.339050471565321,2.2209580056369305,20.843166013946757,228.33835252435784
1781614149,50,GET,/timeline/{user_id},63.000000,0.000000,3,3,3,3,3,4,5,6,11,11,11,9361,0,3,2.8966595081698974,1.849282009061426,51.82224599411711,1431.9184916141437
1781614149,50,GET,/users/{user_id},24.800000,0.000000,2,3,3,3,4,4,6,11,22,22,22,3732,0,2,2.745359186710698,1.598935981746763,25.713253009598702,261.9541800643087
1781614149,50,,Aggregated,246.800000,0.000000,3,3,3,3,4,4,5,8,130,150,150,37604,0,3,3.4178473568496885,1.598935981746763,192.91187298949808,3245.3015902563557
1781614150,50,GET,/feed/{user_id},92.800000,0.000000,3,3,3,3,3,4,5,8,17,17,17,14909,0,3,2.910934530332535,1.8500830046832561,51.53993199928664,1747.4845395398752
1781614150,50,GET,/feed/{user_id}?with_fof=true,52.000000,0.000000,3,3,3,3,4,5,11,110,150,150,150,7857,0,3,5.33308612857314,1.9855049904435873,192.91187298949808,10431.666157566502
1781614150,50,POST,/likes,6.900000,0.000000,3,4,4,4,4,4,4,6,6,6,6,762,0,3,3.5388931166686195,2.429591986583546,21.966690983390436,180.8018372703412
1781614150,50,POST,/posts,7.000000,0.000000,3,3,3,4,4,4,6,6,6,6,6,1135,0,3,3.338189818870711,2.2209580056369305,20.843166013946757,228.33920704845815
1781614150,50,GET,/timeline/{user_id},61.900000,0.000000,3,3,3,3,3,4,5,6,11,11,11,9432,0,3,2.895005634004801,1.849282009061426,51.82224599411711,1427.3419211195928
1781614150,50,GET,/users/{user_id},24.800000,0.000000,2,3,3,3,4,4,6,11,22,22,22,3757,0,2,2.744738450310435,1.598935981746763,25.713253009598702,261.961937716263
1781614150,50,,Aggregated,245.400000,0.000000,3,3,3,3,4,4,6,10,130,150,150,37852,0,3,3.4186922255626193,1.598935981746763,192.91187298949808,3245.7641339955617
1781614151,50,GET,/feed/{user_id},94.600000,0.000000,3,3,3,3,4,4,5,7,17,17,17,15007,0,3,2.910368704109776,1.8500830046832561,51.53993199928664,1743.7321250083294
1781614151,50,GET,/feed/{user_id}?with_fof=true,51.500000,0.000000,3,3,3,3,4,5,11,110,150,150,150,7901,0,3,5.319332927886544,1.9855049904435873,192.91187298949808,10432.250348057209
1781614151,50,POST,/likes,5.800000,0.000000,3,4,4,4,4,4,6,6,6,6,6,766,0,3,3.540375826189747,2.429591986583546,21.966690983390436,180.8041775456919
1781614151,50,POST,/posts,7.600000,0.000000,3,3,4,4,4,4,6,6,6,6,6,1140,0,3,3.3396200995316336,2.2209580056369305,20.843166013946757,228.33771929824562
1781614151,50,GET,/timeline/{user_id},61.500000,0.000000,3,3,3,3,3,4,5,6,17,17,17,9504,0,3,2.8956250648064663,1.849282009061426,51.82224599411711,1428.5563973063972
1781614151,50,GET,/users/{user_id},25.100000,0.000000,2,3,3,3,4,4,6,11,22,22,22,3781,0,2,2.742764842839659,1.598935981746763,25.713253009598702,261.95979899497485
1781614151,50,,Aggregated,246.100000,0.000000,3,3,3,3,4,4,6,10,130,150,150,38099,0,3,3.415141129395307,1.598935981746763,192.91187298949808,3243.1210530460116
1781614152,50,GET,/feed/{user_id},94.700000,0.000000,3,3,3,3,4,4,5,6,17,17,17,15109,0,3,2.908472685245813,1.8500830046832561,51.53993199928664,1744.4039976173142
1781614152,50,GET,/feed/{user_id}?with_fof=true,52.400000,0.000000,3,3,3,3,4,5,22,110,150,150,150,7949,0,3,5.3172674000621205,1.9855049904435873,192.91187298949808,10430.883129953454
1781614152,50,POST,/likes,5.900000,0.000000,3,4,4,4,4,5,6,6,6,6,6,770,0,3,3.5401766608747374,2.429591986583546,21.966690983390436,180.8025974025974
1781614152,50,POST,/posts,7.200000,0.000000,3,3,4,4,4,4,5,6,6,6,6,1147,0,3,3.338159445875,2.2209580056369305,20.843166013946757,228.34001743679164
1781614152,50,GET,/timeline/{user_id},61.000000,0.000000,3,3,3,3,3,4,5,6,17,17,17,9560,0,3,2.894247974889893,1.849282009061426,51.82224599411711,1430.3869246861925
1781614152,50,GET,/users/{user_id},24.900000,0.000000,2,3,3,3,3,4,6,11,22,22,22,3805,0,2,2.741583165270246,1.598935981746763,25.713253009598702,261.95716162943495
1781614152,50,,Aggregated,246.100000,0.000000,3,3,3,3,4,4,6,10,130,150,150,38340,0,3,3.4133179932594055,1.598935981746763,192.91187298949808,3243.183620239958
1781614153,50,GET,/feed/{user_id},95.400000,0.000000,3,3,3,3,3,4,5,5,16,16,16,15215,0,3,2.9070910300554953,1.8500830046832561,51.53993199928664,1745.8186657903384
1781614153,50,GET,/feed/{user_id}?with_fof=true,51.300000,0.000000,3,3,3,3,4,5,10,110,130,130,130,8003,0,3,5.316534897416936,1.9855049904435873,192.91187298949808,10430.548544295889
1781614153,50,POST,/likes,5.800000,0.000000,3,4,4,4,4,5,6,6,6,6,6,774,0,3,3.5378403137576373,2.429591986583546,21.966690983390436,180.80103359173125
1781614153,50,POST,/posts,7.300000,0.000000,3,3,4,4,4,4,5,6,6,6,6,1152,0,3,3.3379383354359664,2.2209580056369305,20.843166013946757,228.34027777777777
1781614153,50,GET,/timeline/{user_id},61.000000,0.000000,3,3,3,3,3,4,5,6,17,17,17,9611,0,3,2.8927968954235026,1.849282009061426,51.82224599411711,1428.4795546769326
1781614153,50,GET,/users/{user_id},25.300000,0.000000,2,3,3,3,3,4,6,9,22,22,22,3834,0,2,2.7417022195829532,1.598935981746763,25.713253009598702,261.9564423578508
1781614153,50,,Aggregated,246.100000,0.000000,3,3,3,3,4,4,5,8,110,130,130,38589,0,3,3.41230841543935,1.598935981746763,192.91187298949808,3243.7937495141105
1781614154,50,GET,/feed/{user_id},96.300000,0.000000,3,3,3,3,4,4,5,6,16,16,16,15299,0,3,2.906331199051655,1.8500830046832561,51.53993199928664,1744.4491143211974
1781614154,50,GET,/feed/{user_id}?with_fof=true,50.700000,0.000000,3,3,3,3,4,4,10,100,120,120,120,8059,0,3,5.299499627388199,1.9855049904435873,192.91187298949808,10431.200024816975
1781614154,50,POST,/likes,5.500000,0.000000,3,3,4,4,4,4,6,6,6,6,6,780,0,3,3.535744130577092,2.429591986583546,21.966690983390436,180.79871794871795
1781614154,50,POST,/posts,6.900000,0.000000,3,3,3,4,4,4,5,6,6,6,6,1158,0,3,3.336143430423141,2.2209580056369305,20.843166013946757,228.34110535405873
1781614154,50,GET,/timeline/{user_id},60.600000,0.000000,3,3,3,3,3,4,5,6,17,17,17,9686,0,3,2.8909552257832116,1.849282009061426,51.82224599411711,1433.7119553995458
1781614154,50,GET,/users/{user_id},25.000000,0.000000,2,3,3,3,3,4,6,9,22,22,22,3856,0,2,2.7412325206761685,1.598935981746763,25.713253009598702,261.95513485477176
1781614154,50,,Aggregated,245.000000,0.000000,3,3,3,3,4,4,5,7,110,120,120,38838,0,3,3.408150469703805,1.598935981746763,192.91187298949808,3245.683171121067
1781614155,50,GET,/feed/{user_id},97.500000,0.000000,3,3,3,3,3,4,5,6,33,33,33,15403,0,3,2.9119494535078636,1.8500830046832561,51.53993199928664,1743.6822696877232
1781614155,50,GET,/feed/{user_id}?with_fof=true,51.000000,0.000000,3,3,3,3,4,5,10,76,120,120,120,8101,0,3,5.291501484650385,1.9855049904435873,192.91187298949808,10428.335267250957
1781614155,50,POST,/likes,5.100000,0.000000,3,4,4,4,4,5,7,7,7,7,7,785,0,3,3.5380998991539547,2.429591986583546,21.966690983390436,180.79617834394904
1781614155,50,POST,/posts,6.200000,0.000000,3,3,4,4,4,5,6,21,21,21,21,1168,0,3,3.351747335989486,2.2209580056369305,21.270400000503287,228.34332191780823
1781614155,50,GET,/timeline/{user_id},60.400000,0.000000,3,3,3,3,3,4,5,6,45,45,45,9742,0,3,2.8949896502717234,1.849282009061426,51.82224599411711,1429.9009443646069
1781614155,50,GET,/users/{user_id},26.000000,0.000000,2,3,3,3,3,4,6,8,11,11,11,3880,0,2,2.741976654305262,1.598935981746763,25.713253009598702,261.9590206185567
1781614155,50,,Aggregated,246.200000,0.000000,3,3,3,3,4,4,5,8,110,120,120,39079,0,3,3.4098446444498967,1.598935981746763,192.91187298949808,3241.9715959978507
1781614156,50,GET,/feed/{user_id},97.600000,0.000000,3,3,3,3,4,4,5,6,33,33,33,15495,0,3,2.910897524332208,1.8500830046832561,51.53993199928664,1741.9104227170055
1781614156,50,GET,/feed/{user_id}?with_fof=true,51.300000,0.000000,3,3,3,3,4,5,10,100,120,120,120,8145,0,3,5.2927634528027125,1.9855049904435873,192.91187298949808,10427.351995089011
1781614156,50,POST,/likes,5.200000,0.000000,3,4,4,4,4,5,7,7,7,7,7,791,0,3,3.5381509707422336,2.429591986583546,21.966690983390436,180.79519595448798
1781614156,50,POST,/posts,5.900000,0.000000,3,3,4,4,4,5,6,21,21,21,21,1174,0,3,3.3510141306694794,2.2209580056369305,21.270400000503287,228.34497444633732
1781614156,50,GET,/timeline/{user_id},61.400000,0.000000,3,3,3,3,3,4,6,8,45,45,45,9812,0,3,2.8960380752098858,1.849282009061426,51.82224599411711,1432.9387484712597
1781614156,50,GET,/users/{user_id},25.200000,0.000000,2,3,3,3,3,4,6,8,11,11,11,3904,0,2,2.740502192521445,1.598935981746763,25.713253009598702,261.9523565573771
1781614156,50,,Aggregated,246.600000,0.000000,3,3,3,3,4,4,6,10,110,120,120,39321,0,3,3.409413026714271,1.598935981746763,192.91187298949808,3240.3913176165406
1781614157,50,GET,/feed/{user_id},98.400000,0.000000,3,3,3,3,3,4,5,6,33,33,33,15585,0,3,2.9095767956794165,1.8500830046832561,51.53993199928664,1737.4395893487329
1781614157,50,GET,/feed/{user_id}?with_fof=true,49.700000,0.000000,3,3,3,3,4,4,10,100,150,150,150,8195,0,3,5.29460299209208,1.9855049904435873,192.91187298949808,10424.647467968274
1781614157,50,POST,/likes,5.100000,0.000000,3,3,4,4,4,6,7,7,7,7,7,796,0,3,3.5352392925283564,2.429591986583546,21.966690983390436,180.79773869346732
1781614157,50,POST,/posts,6.400000,0.000000,3,3,4,4,4,4,5,21,21,21,21,1181,0,3,3.3484585286996578,2.2209580056369305,21.270400000503287,228.3446232006774
1781614157,50,GET,/timeline/{user_id},61.400000,0.000000,3,3,3,3,3,4,6,8,45,45,45,9870,0,3,2.8952277860097757,1.849282009061426,51.82224599411711,1433.0374873353596
1781614157,50,GET,/users/{user_id},25.000000,0.000000,2,3,3,3,3,4,6,8,11,11,11,3935,0,2,2.737525343513909,1.598935981746763,25.713253009598702,261.9499364675985
1781614157,50,,Aggregated,246.000000,0.000000,3,3,3,3,4,4,6,10,110,150,150,39562,0,3,3.408616004113768,1.598935981746763,192.91187298949808,3237.865249481826
1781614158,50,GET,/feed/{user_id},98.300000,0.000000,3,3,3,3,4,4,6,9,50,50,50,15678,0,3,2.913598385296584,1.8500830046832561,51.53993199928664,1740.362673810435
1781614158,50,GET,/feed/{user_id}?with_fof=true,50.100000,0.000000,3,3,3,3,4,5,12,110,150,150,150,8244,0,3,5.306875825095536,1.9855049904435873,192.91187298949808,10425.392770499757
1781614158,50,POST,/likes,4.700000,0.000000,3,3,3,4,4,5,7,7,7,7,7,804,0,3,3.533016272229189,2.429591986583546,21.966690983390436,180.794776119403
1781614158,50,POST,/posts,6.500000,0.000000,3,3,4,4,4,4,5,21,21,21,21,1192,0,3,3.347942736044748,2.2209580056369305,21.270400000503287,228.34731543624162
1781614158,50,GET,/timeline/{user_id},62.100000,0.000000,3,3,3,3,3,4,6,8,45,45,45,9925,0,3,2.8966424195418456,1.849282009061426,51.82224599411711,1435.370377833753
1781614158,50,GET,/users/{user_id},24.300000,0.000000,2,3,3,3,4,5,6,8,11,11,11,3966,0,2,2.7418213532134477,1.598935981746763,25.713253009598702,261.9596570852244
1781614158,50,,Aggregated,246.000000,0.000000,3,3,3,3,4,4,6,11,110,150,150,39809,0,3,3.4133942603884146,1.598935981746763,192.91187298949808,3238.8373483383157
1781614159,50,GET,/feed/{user_id},95.600000,0.000000,3,3,3,3,4,4,5,7,50,50,50,15774,0,3,2.91251941700311,1.8500830046832561,51.53993199928664,1737.1539241790288
1781614159,50,GET,/feed/{user_id}?with_fof=true,49.700000,0.000000,3,3,3,3,4,4,10,110,150,150,150,8309,0,3,5.287815344447114,1.9855049904435873,192.91187298949808,10424.159345288243
1781614159,50,POST,/likes,4.600000,0.000000,3,3,3,4,4,5,7,7,7,7,7,807,0,3,3.5337295909464137,2.429591986583546,21.966690983390436,180.79677819083022
1781614159,50,POST,/posts,6.400000,0.000000,3,3,4,4,4,4,5,21,21,21,21,1197,0,3,3.347127346222545,2.2209580056369305,21.270400000503287,228.3467000835422
1781614159,50,GET,/timeline/{user_id},62.800000,0.000000,3,3,3,3,3,4,5,8,45,45,45,9981,0,3,2.8953246223646643,1.849282009061426,51.82224599411711,1433.1916641619077
1781614159,50,GET,/users/{user_id},25.500000,0.000000,2,3,3,3,3,5,6,7,9,9,9,3991,0,2,2.7402338102845296,1.598935981746763,25.713253009598702,261.96091205211724
1781614159,50,,Aggregated,244.600000,0.000000,3,3,3,3,4,4,6,10,110,150,150,40059,0,3,3.4092533110364096,1.598935981746763,192.91187298949808,3239.8615042811853
1781614160,50,GET,/feed/{user_id},96.400000,0.000000,3,3,3,3,3,4,6,7,50,50,50,15858,0,3,2.9116185368783545,1.8500830046832561,51.53993199928664,1734.4397780300164
1781614160,50,GET,/feed/{user_id}?with_fof=true,49.000000,0.000000,3,3,3,3,4,4,12,110,160,160,160,8357,0,3,5.294140253915022,1.9855049904435873,192.91187298949808,10422.098599976069
1781614160,50,POST,/likes,4.500000,0.000000,3,3,3,4,4,4,7,7,7,7,7,809,0,3,3.533176416404573,2.429591986583546,21.966690983390436,180.79604449938196
1781614160,50,POST,/posts,7.100000,0.000000,3,3,3,4,4,4,5,21,21,21,21,1207,0,3,3.3443960501131844,2.2209580056369305,21.270400000503287,228.34548467274234
1781614160,50,GET,/timeline/{user_id},62.100000,0.000000,3,3,3,3,3,4,5,8,45,45,45,10047,0,3,2.894522527199187,1.849282009061426,51.82224599411711,1429.8674231113766
1781614160,50,GET,/users/{user_id},25.500000,0.000000,2,3,3,3,3,5,6,7,9,9,9,4020,0,2,2.7393743066903116,1.598935981746763,25.713253009598702,261.9681592039801
1781614160,50,,Aggregated,244.600000,0.000000,3,3,3,3,4,4,6,11,120,160,160,40298,0,3,3.4097016019854083,1.598935981746763,192.91187298949808,3236.9619087795922
1781614161,50,GET,/feed/{user_id},94.200000,0.000000,3,3,3,3,3,4,6,7,50,50,50,15971,0,3,2.9107740766247194,1.8500830046832561,51.53993199928664,1736.3454386074761
1781614161,50,GET,/feed/{user_id}?with_fof=true,51.200000,0.000000,3,3,3,3,4,4,11,110,160,160,160,8395,0,3,5.2838176677643895,1.9855049904435873,192.91187298949808,10421.020964860036
1781614161,50,POST,/likes,5.000000,0.000000,3,3,4,4,4,4,7,7,7,7,7,813,0,3,3.533685811688473,2.429591986583546,21.966690983390436,180.80073800738006
1781614161,50,POST,/posts,6.800000,0.000000,3,3,3,4,4,4,5,21,21,21,21,1213,0,3,3.344411143851877,2.2209580056369305,21.270400000503287,228.3454245671888
1781614161,50,GET,/timeline/{user_id},61.700000,0.000000,3,3,3,3,4,4,5,8,45,45,45,10109,0,3,2.893614642473983,1.849282009061426,51.82224599411711,1431.0178059155207
1781614161,50,GET,/users/{user_id},26.100000,0.000000,2,3,3,3,3,5,6,7,9,9,9,4042,0,2,2.738689612795093,1.598935981746763,25.713253009598702,261.9663532904503
1781614161,50,,Aggregated,245.000000,0.000000,3,3,3,3,4,4,6,10,120,160,160,40543,0,3,3.406176484639463,1.598935981746763,192.91187298949808,3235.1983079693164
1781614162,50,GET,/feed/{user_id},95.000000,0.000000,3,3,3,3,3,4,6,7,50,50,50,16073,0,3,2.91010453211614,1.8500830046832561,51.53993199928664,1735.3540720462888
1781614162,50,GET,/feed/{user_id}?with_fof=true,49.500000,0.000000,3,3,3,3,4,4,12,100,160,160,160,8439,0,3,5.283274381072467,1.9855049904435873,192.91187298949808,10420.624244578741
1781614162,50,POST,/likes,4.700000,0.000000,3,3,4,4,4,4,7,7,7,7,7,818,0,3,3.532364858032038,2.429591986583546,21.966690983390436,180.7958435207824
1781614162,50,POST,/posts,7.100000,0.000000,3,3,3,4,4,4,5,21,21,21,21,1222,0,3,3.34460590218206,2.2209580056369305,21.270400000503287,228.3469721767594
1781614162,50,GET,/timeline/{user_id},61.500000,0.000000,3,3,3,3,4,4,5,11,45,45,45,10177,0,3,2.895414619610483,1.849282009061426,51.82224599411711,1433.765353247519
1781614162,50,GET,/users/{user_id},26.800000,0.000000,2,3,3,3,4,5,6,6,8,8,8,4064,0,2,2.7387667935290376,1.598935981746763,25.713253009598702,261.97022637795277
1781614162,50,,Aggregated,244.600000,0.000000,3,3,3,3,4,4,6,11,110,160,160,40793,0,3,3.4058105151763254,1.598935981746763,192.91187298949808,3233.765646066727
1781614163,50,GET,/feed/{user_id},95.700000,0.000000,3,3,3,3,4,4,6,11,50,50,50,16181,0,3,2.9115866898074207,1.8500830046832561,51.53993199928664,1734.5196835795068
1781614163,50,GET,/feed/{user_id}?with_fof=true,49.600000,0.000000,3,3,3,3,4,4,21,110,160,160,160,8482,0,3,5.2849622436730375,1.9855049904435873,192.91187298949808,10417.851568026408
1781614163,50,POST,/likes,4.700000,0.000000,3,3,3,4,4,4,7,7,7,7,7,820,0,3,3.5312703974252546,2.429591986583546,21.966690983390436,180.7987804878049
1781614163,50,POST,/posts,7.200000,0.000000,3,3,3,4,4,5,5,21,21,21,21,1230,0,3,3.3437553402538054,2.2209580056369305,21.270400000503287,228.34634146341463
1781614163,50,GET,/timeline/{user_id},60.800000,0.000000,3,3,3,3,4,4,5,11,45,45,45,10240,0,3,2.894582914237276,1.849282009061426,51.82224599411711,1431.746875
1781614163,50,GET,/users/{user_id},26.200000,0.000000,2,3,3,3,4,4,6,6,8,8,8,4083,0,2,2.7395104930104064,1.598935981746763,25.713253009598702,261.96963017389174
1781614163,50,,Aggregated,244.200000,0.000000,3,3,3,3,4,4,6,12,110,160,160,41036,0,3,3.4061274285447087,1.598935981746763,192.91187298949808,3231.072984696364
1781614164,50,GET,/feed/{user_id},96.600000,0.000000,3,3,3,3,4,4,6,7,50,50,50,16272,0,3,2.910822519590874,1.8500830046832561,51.53993199928664,1738.7336529006884
1781614164,50,GET,/feed/{user_id}?with_fof=true,48.800000,0.000000,3,3,3,3,4,4,21,110,160,160,160,8531,0,3,5.2812755901751345,1.9855049904435873,192.91187298949808,10414.513773297385
1781614164,50,POST,/likes,4.500000,0.000000,3,3,3,4,4,4,4,4,4,4,4,824,0,3,3.5294213833641126,2.429591986583546,21.966690983390436,180.79733009708738
1781614164,50,POST,/posts,7.400000,0.000000,3,3,3,4,4,4,5,5,5,5,5,1237,0,3,3.3438552777113872,2.2209580056369305,21.270400000503287,228.34599838318513
1781614164,50,GET,/timeline/{user_id},61.900000,0.000000,3,3,3,3,4,4,5,8,19,19,19,10312,0,3,2.8936312100304096,1.849282009061426,51.82224599411711,1433.6656322730798
1781614164,50,GET,/users/{user_id},25.800000,0.000000,2,3,3,3,4,4,6,6,7,7,7,4112,0,2,2.738633471041302,1.598935981746763,25.713253009598702,261.971546692607
1781614164,50,,Aggregated,245.000000,0.000000,3,3,3,3,4,4,6,9,110,160,160,41288,0,3,3.4044866345607248,1.598935981746763,192.91187298949808,3231.7263853904283
1781614165,50,GET,/feed/{user_id},95.600000,0.000000,3,3,3,3,3,4,6,7,50,50,50,16376,0,3,2.910952086572698,1.8500830046832561,51.53993199928664,1743.223558866634
1781614165,50,GET,/feed/{user_id}?with_fof=true,48.300000,0.000000,3,3,3,3,4,4,21,100,160,160,160,8580,0,3,5.272104161408744,1.9855049904435873,192.91187298949808,10412.601515151515
1781614165,50,POST,/likes,4.700000,0.000000,3,3,3,4,4,4,4,4,4,4,4,829,0,3,3.529487634368355,2.429591986583546,21.966690983390436,180.79855247285886
1781614165,50,POST,/posts,7.800000,0.000000,3,3,3,4,4,4,5,19,19,19,19,1244,0,3,3.3563980848370853,2.2209580056369305,21.270400000503287,228.34646302250803
1781614165,50,GET,/timeline/{user_id},63.000000,0.000000,3,3,3,3,4,4,5,7,19,19,19,10386,0,3,2.892954388577483,1.849282009061426,51.82224599411711,1433.5120354323128
1781614165,50,GET,/users/{user_id},25.000000,0.000000,2,3,3,3,4,4,6,6,6,6,6,4128,0,2,2.738745379092013,1.598935981746763,25.713253009598702,261.968507751938
1781614165,50,,Aggregated,244.400000,0.000000,3,3,3,3,4,4,6,10,110,160,160,41543,0,3,3.402678543814549,1.598935981746763,192.91187298949808,3232.5772572996652
1781614166,50,GET,/feed/{user_id},97.800000,0.000000,3,3,3,3,4,4,6,7,50,50,50,16468,0,3,2.9110161418204155,1.8500830046832561,51.53993199928664,1743.02034248239
1781614166,50,GET,/feed/{user_id}?with_fof=true,47.600000,0.000000,3,3,3,3,4,5,76,100,160,160,160,8621,0,3,5.2807438973283505,1.9855049904435873,192.91187298949808,10409.700614777868
1781614166,50,POST,/likes,4.500000,0.000000,3,3,3,4,4,4,4,4,4,4,4,832,0,3,3.5287560647772738,2.429591986583546,21.966690983390436,180.80048076923077
1781614166,50,POST,/posts,7.600000,0.000000,3,3,4,4,4,4,5,19,19,19,19,1250,0,3,3.355027313996106,2.2209580056369305,21.270400000503287,228.3456
1781614166,50,GET,/timeline/{user_id},61.800000,0.000000,3,3,3,3,4,4,5,10,19,19,19,10447,0,3,2.8934819713632765,1.849282009061426,51.82224599411711,1431.7808940365655
1781614166,50,GET,/users/{user_id},25.200000,0.000000,3,3,3,3,4,4,6,6,6,6,6,4159,0,2,2.737453245700544,1.598935981746763,25.713253009598702,261.9672998316903
1781614166,50,,Aggregated,244.500000,0.000000,3,3,3,3,4,4,6,12,110,160,160,41777,0,3,3.4039517043937297,1.598935981746763,192.91187298949808,3229.7504129066233
1781614167,50,GET,/feed/{user_id},97.600000,0.000000,3,3,3,3,4,4,5,7,50,50,50,16565,0,3,2.908954403776824,1.8312649917788804,51.53993199928664,1742.412194385753
1781614167,50,GET,/feed/{user_id}?with_fof=true,47.700000,0.000000,3,3,3,3,4,4,21,95,160,160,160,8674,0,3,5.276627310323731,1.9855049904435873,192.91187298949808,10407.992275766659
1781614167,50,POST,/likes,4.300000,0.000000,3,3,4,4,4,4,4,4,4,4,4,839,0,3,3.526695417075144,2.429591986583546,21.966690983390436,180.8021454112038
1781614167,50,POST,/posts,7.400000,0.000000,3,3,3,4,4,4,5,19,19,19,19,1258,0,3,3.3531341903622,2.2209580056369305,21.270400000503287,228.3497615262321
1781614167,50,GET,/timeline/{user_id},63.600000,0.000000,3,3,3,3,4,4,5,7,19,19,19,10509,0,3,2.8918115963495774,1.849282009061426,51.82224599411711,1437.1811780378723
1781614167,50,GET,/users/{user_id},24.500000,0.000000,2,3,3,3,4,4,6,6,6,6,6,4186,0,2,2.7347727159157884,1.598935981746763,25.713253009598702,261.97563306258957
1781614167,50,,Aggregated,245.100000,0.000000,3,3,3,3,4,4,6,11,100,160,160,42031,0,3,3.4015665082813644,1.598935981746763,192.91187298949808,3230.4943256168067
1781614168,50,GET,/feed/{user_id},96.000000,0.000000,3,3,3,3,4,4,5,7,14,14,14,16660,0,3,2.9085884169637817,1.8312649917788804,51.53993199928664,1743.264405762305
1781614168,50,GET,/feed/{user_id}?with_fof=true,47.700000,0.000000,3,3,3,3,4,5,21,95,160,160,160,8731,0,3,5.262352934694874,1.9855049904435873,192.91187298949808,10403.699232619401
1781614168,50,POST,/likes,4.200000,0.000000,3,3,4,4,4,4,4,4,4,4,4,843,0,3,3.527687878914405,2.429591986583546,21.966690983390436,180.80545670225385
1781614168,50,POST,/posts,7.500000,0.000000,3,3,4,4,4,5,5,19,19,19,19,1264,0,3,3.3570071593686994,2.2209580056369305,21.270400000503287,228.3496835443038
1781614168,50,GET,/timeline/{user_id},63.700000,0.000000,3,3,3,3,4,4,5,6,18,18,18,10567,0,3,2.8909870762013274,1.849282009061426,51.82224599411711,1438.3452257026593
1781614168,50,GET,/users/{user_id},25.400000,0.000000,2,3,3,3,4,4,6,6,11,11,11,4211,0,2,2.735825693376899,1.598935981746763,25.713253009598702,261.9819520303966
1781614168,50,,Aggregated,244.500000,0.000000,3,3,3,3,4,4,5,10,100,160,160,42276,0,3,3.3988411122110413,1.598935981746763,192.91187298949808,3231.638187151102
1781614169,50,GET,/feed/{user_id},98.100000,0.000000,3,3,3,3,4,4,5,6,14,14,14,16748,0,3,2.9078648284297075,1.8312649917788804,51.53993199928664,1741.198113207547
1781614169,50,GET,/feed/{user_id}?with_fof=true,47.700000,0.000000,3,3,3,3,4,5,21,95,170,170,170,8790,0,3,5.264202762092914,1.9855049904435873,192.91187298949808,10402.51353811149
1781614169,50,POST,/likes,4.300000,0.000000,3,3,4,4,4,4,4,4,4,4,4,850,0,3,3.525965185767478,2.429591986583546,21.966690983390436,180.80470588235295
1781614169,50,POST,/posts,7.400000,0.000000,3,3,4,4,4,5,5,19,19,19,19,1267,0,3,3.357208227670194,2.2209580056369305,21.270400000503287,228.34964483030782
1781614169,50,GET,/timeline/{user_id},62.800000,0.000000,3,3,3,3,3,4,5,7,19,19,19,10634,0,3,2.892347388963852,1.849282009061426,51.82224599411711,1440.3630806845965
1781614169,50,GET,/users/{user_id},25.100000,0.000000,2,3,3,3,4,4,5,6,11,11,11,4232,0,2,2.73519231095135,1.598935981746763,25.713253009598702,261.98133270321364
1781614169,50,,Aggregated,245.400000,0.000000,3,3,3,3,4,4,5,11,100,170,170,42521,0,3,3.399648918225951,1.598935981746763,192.91187298949808,3232.9486371439993
1781614170,50,GET,/feed/{user_id},97.300000,0.000000,3,3,3,3,4,4,5,6,14,14,14,16853,0,3,2.9073537870107216,1.8312649917788804,51.53993199928664,1740.7009434522045
1781614170,50,GET,/feed/{user_id}?with_fof=true,48.800000,0.000000,3,3,3,3,4,5,21,96,170,170,170,8841,0,3,5.261867870379954,1.9855049904435873,192.91187298949808,10401.42721411605
1781614170,50,POST,/likes,4.200000,0.000000,3,4,4,4,4,4,4,4,4,4,4,855,0,3,3.527176535582137,2.429591986583546,21.966690983390436,180.8046783625731
1781614170,50,POST,/posts,7.100000,0.000000,3,3,4,4,4,5,5,19,19,19,19,1269,0,3,3.3572101737348725,2.2209580056369305,21.270400000503287,228.35066981875494
1781614170,50,GET,/timeline/{user_id},64.600000,0.000000,3,3,3,3,3,4,5,7,19,19,19,10696,0,3,2.8908811533390772,1.849282009061426,51.82224599411711,1442.1295811518326
1781614170,50,GET,/users/{user_id},24.800000,0.000000,2,3,3,3,4,4,5,6,11,11,11,4254,0,2,2.733315393731167,1.598935981746763,25.713253009598702,261.9873060648801
1781614170,50,,Aggregated,246.800000,0.000000,3,3,3,3,4,4,5,11,100,170,170,42768,0,3,3.398387377571088,1.598935981746763,192.91187298949808,3233.2334455667788
