Timestamp,User Count,Type,Name,Requests/s,Failures/s,50%,66%,75%,80%,90%,95%,98%,99%,99.9%,99.99%,100%,Total Request Count,Total Failure Count,Total Median Response Time,Total Average Response Time,Total Min Response Time,Total Max Response Time,Total Average Content Size
1781621294,0,,Aggregated,0.000000,0.000000,N/A,N/A,N/A,N/A,N/A,N/A,N/A,N/A,N/A,N/A,N/A,0,0,0,0.0,0,0,0
1781621295,20,GET,/feed/{user_id},0.000000,0.000000,0,0,0,0,0,0,0,0,0,0,0,27,0,12,15.308943186903855,2.6804340013768524,48.270714993122965,10184.592592592593
1781621295,20,GET,/feed/{user_id}?with_fof=true,0.000000,0.000000,0,0,0,0,0,0,0,0,0,0,0,12,0,12,199.5253725835937,2.5309199991170317,570.401203003712,11623.583333333334
1781621295,20,GET,/timeline/{user_id},0.000000,0.000000,0,0,0,0,0,0,0,0,0,0,0,24,0,14,112.55525071101147,2.245973009848967,282.7222649939358,6231.458333333333
1781621295,20,GET,/users/{user_id},0.000000,0.000000,0,0,0,0,0,0,0,0,0,0,0,9,0,3,15.06075221954638,2.548696007579565,41.008491010870785,270.55555555555554
1781621295,20,,Aggregated,0.000000,0.000000,0,0,0,0,0,0,0,0,0,0,0,72,0,13,78.39609339013502,2.245973009848967,570.401203003712,7867.458333333333
1781621296,40,GET,/feed/{user_id},0.000000,0.000000,3,4,12,15,21,32,37,46,46,46,46,96,0,3,9.999836666186942,2.099993987940252,48.270714993122965,9001.135416666666
1781621296,40,GET,/feed/{user_id}?with_fof=true,0.000000,0.000000,5,320,450,460,660,810,920,920,920,920,920,44,0,5,209.8588487278903,2.2250319889280945,922.1685109951068,10895.795454545454
1781621296,40,POST,/likes,0.000000,0.000000,0,0,0,0,0,0,0,0,0,0,0,2,0,3,3.06385250587482,2.9572579951491207,3.1704470166005194,181.5
1781621296,40,POST,/posts,0.000000,0.000000,0,0,0,0,0,0,0,0,0,0,0,5,0,4.836061998503283,4.450477397767827,3.8946619897615165,4.836061998503283,228.6
1781621296,40,GET,/timeline/{user_id},0.000000,0.000000,3,12,21,48,200,300,340,770,770,770,770,72,0,4,71.67722188912902,2.192292013205588,772.857464995468,6769.819444444444
1781621296,40,GET,/users/{user_id},0.000000,0.000000,4,6,6,8,14,43,43,43,43,43,43,21,0,4,11.134983335588393,2.2414359846152365,42.784674995345995,270.42857142857144
1781621296,40,,Aggregated,0.000000,0.000000,4,7,17,21,260,460,710,810,920,920,920,240,0,4,65.06978492519313,2.099993987940252,922.1685109951068,7658.9
1781621297,60,GET,/feed/{user_id},17.000000,0.000000,3,4,5,13,21,28,42,53,59,59,59,202,0,3,8.49552808351363,2.099993987940252,58.94741200609133,8881.529702970298
1781621297,60,GET,/feed/{user_id}?with_fof=true,1.000000,0.000000,3,5,46,250,490,710,890,910,920,920,920,110,0,3,125.08221064662476,2.1990130189806223,922.1685109951068,11075.99090909091
1781621297,60,POST,/likes,0.000000,0.000000,3,4,5,5,5,5,5,5,5,5,5,8,0,3,3.8456753827631474,2.9572579951491207,5.330031010089442,181.25
1781621297,60,POST,/posts,0.000000,0.000000,5,5,5,9,23,23,23,23,23,23,23,12,0,5,6.302641246293206,3.5919389920309186,23.001311987172812,228.33333333333334
1781621297,60,GET,/timeline/{user_id},11.000000,0.000000,3,4,5,14,56,200,310,340,770,770,770,148,0,3,40.216542654938216,2.088868001010269,772.857464995468,7219.331081081081
1781621297,60,GET,/users/{user_id},7.000000,0.000000,3,5,6,7,16,25,43,43,43,43,43,47,0,3,7.977956914630263,1.743211003486067,42.784674995345995,269.72340425531917
1781621297,60,,Aggregated,36.000000,0.000000,3,4,7,14,37,300,570,790,920,920,920,527,0,3,41.57219967729522,1.743211003486067,922.1685109951068,7775.628083491461
1781621298,80,GET,/feed/{user_id},33.000000,0.000000,3,4,4,6,16,22,35,42,59,59,59,377,0,3,6.894788731600403,2.099993987940252,58.94741200609133,8990.159151193633
1781621298,80,GET,/feed/{user_id}?with_fof=true,13.000000,0.000000,3,5,13,46,400,490,810,910,920,920,920,186,0,3,94.42119430706796,2.1990130189806223,922.1685109951068,11002.161290322581
1781621298,80,POST,/likes,0.500000,0.000000,4,5,5,5,5,7,7,7,7,7,7,15,0,3,4.053523804759607,2.8073180001229048,6.740562996128574,181.26666666666668
1781621298,80,POST,/posts,1.000000,0.000000,5,5,5,6,9,23,23,23,23,23,23,21,0,5,5.799849902922731,3.5919389920309186,23.001311987172812,228.38095238095238
1781621298,80,GET,/timeline/{user_id},23.500000,0.000000,3,4,5,13,36,190,300,310,770,770,770,222,0,3,32.591234314594175,2.088868001010269,772.857464995468,7317.193693693694
1781621298,80,GET,/users/{user_id},7.500000,0.000000,3,6,7,8,20,39,43,48,48,48,48,83,0,3,8.624803156350705,1.743211003486067,48.29253599746153,270.1566265060241
1781621298,80,,Aggregated,78.500000,0.000000,3,4,6,10,28,190,430,650,920,920,920,904,0,3,31.30021004178958,1.743211003486067,922.1685109951068,7842.972345132744
1781621299,100,GET,/feed/{user_id},50.333333,0.000000,3,4,4,6,16,25,34,42,59,59,59,580,0,3,6.674426565436518,2.099993987940252,58.94741200609133,9006.474137931034
1781621299,100,GET,/feed/{user_id}?with_fof=true,24.666667,0.000000,3,5,10,16,370,460,710,890,920,920,920,281,0,3,69.62138708890913,2.0921560062561184,922.1685109951068,11071.907473309608
1781621299,100,POST,/likes,1.333333,0.000000,4,4,5,5,6,7,7,7,7,7,7,21,0,3,3.976752622596299,2.8073180001229048,6.740562996128574,181.28571428571428
1781621299,100,POST,/posts,3.333333,0.000000,5,6,7,8,10,23,24,24,24,24,24,40,0,5,6.419029024254996,3.554192022420466,24.049772997386754,228.475
1781621299,100,GET,/timeline/{user_id},34.666667,0.000000,3,4,5,11,25,170,260,300,770,770,770,347,0,3,24.39848746049623,1.9609589944593608,772.857464995468,7408.881844380404
1781621299,100,GET,/users/{user_id},11.666667,0.000000,3,5,6,7,15,25,39,43,48,48,48,136,0,3,6.930737697771025,1.743211003486067,48.29253599746153,270.16911764705884
1781621299,100,,Aggregated,126.000000,0.000000,3,4,5,8,21,46,370,460,910,920,920,1405,0,3,23.618438164889977,1.743211003486067,922.1685109951068,7797.531672597865
1781621300,120,GET,/feed/{user_id},70.500000,0.000000,3,4,5,7,18,27,33,37,59,59,59,821,0,3,6.872365263129906,2.084354986436665,58.94741200609133,9016.538367844092
1781621300,120,GET,/feed/{user_id}?with_fof=true,34.000000,0.000000,3,4,6,11,250,430,650,810,920,920,920,371,0,3,55.58289709961296,2.0921560062561184,922.1685109951068,11065.692722371969
1781621300,120,POST,/likes,2.750000,0.000000,4,5,6,6,9,14,32,32,32,32,32,35,0,4,5.670971001797755,2.8073180001229048,31.973164004739374,181.0
1781621300,120,POST,/posts,3.750000,0.000000,5,6,7,7,10,13,23,24,24,24,24,59,0,5,6.305427051255858,3.554192022420466,24.049772997386754,228.52542372881356
1781621300,120,GET,/timeline/{user_id},48.250000,0.000000,3,4,5,10,26,160,200,300,770,770,770,501,0,3,21.40557317076225,1.9609589944593608,772.857464995468,7395.317365269461
1781621300,120,GET,/users/{user_id},16.000000,0.000000,3,4,6,6,12,18,39,43,48,48,48,202,0,3,6.036751459832165,1.743211003486067,48.29253599746153,270.13366336633663
1781621300,120,,Aggregated,175.250000,0.000000,3,4,5,7,20,35,260,430,910,920,920,1989,0,3,19.496021538215714,1.743211003486067,922.1685109951068,7685.967320261438
1781621301,140,GET,/feed/{user_id},96.400000,0.000000,3,4,6,10,21,30,38,46,68,73,73,1086,0,3,7.7617902347936365,2.084354986436665,72.99913300084881,9073.959484346226
1781621301,140,GET,/feed/{user_id}?with_fof=true,45.400000,0.000000,4,4,6,10,40,390,490,710,920,920,920,510,0,4,43.32094349968019,2.0921560062561184,922.1685109951068,11075.401960784313
1781621301,140,POST,/likes,4.000000,0.000000,5,5,7,9,13,21,32,32,32,32,32,49,0,5,6.514158510907116,2.8073180001229048,31.973164004739374,181.0204081632653
1781621301,140,POST,/posts,5.800000,0.000000,5,6,7,8,10,22,24,37,37,37,37,76,0,5,6.827545803006567,3.554192022420466,37.04932300024666,228.5921052631579
1781621301,140,GET,/timeline/{user_id},57.200000,0.000000,4,4,6,12,30,63,190,260,770,770,770,681,0,4,19.56083886750164,1.9609589944593608,772.857464995468,7368.214390602056
1781621301,140,GET,/users/{user_id},20.800000,0.000000,3,4,6,6,15,30,39,43,48,48,48,264,0,3,6.790772597896373,1.743211003486067,48.29253599746153,270.20454545454544
1781621301,140,,Aggregated,229.600000,0.000000,4,5,6,9,24,37,190,390,890,920,920,2666,0,4,17.432396047448986,1.743211003486067,922.1685109951068,7733.7231807951985
1781621302,160,GET,/feed/{user_id},118.500000,0.000000,4,5,8,12,23,32,44,51,69,73,73,1402,0,4,8.425735947895216,2.0479889935813844,72.99913300084881,9181.5970042796
1781621302,160,GET,/feed/{user_id}?with_fof=true,53.500000,0.000000,4,5,7,11,31,380,460,660,920,920,920,661,0,4,38.26913777894676,2.0921560062561184,922.1685109951068,11047.16641452345
1781621302,160,POST,/likes,4.500000,0.000000,5,6,8,9,13,21,25,32,32,32,32,60,0,5,6.563245750536832,2.8073180001229048,31.973164004739374,181.03333333333333
1781621302,160,POST,/posts,7.833333,0.000000,5,6,7,8,11,13,23,24,37,37,37,103,0,5,6.762223786706087,3.554192022420466,37.04932300024666,228.62135922330097
1781621302,160,GET,/timeline/{user_id},69.666667,0.000000,4,5,8,13,29,53,190,210,770,770,770,860,0,4,18.003716683631147,1.9609589944593608,772.857464995468,7322.358139534884
1781621302,160,GET,/users/{user_id},27.666667,0.000000,3,5,6,7,17,30,39,43,58,58,58,329,0,3,7.245271108757229,1.743211003486067,58.403940027346835,270.1246200607903
1781621302,160,,Aggregated,281.666667,0.000000,4,5,7,11,24,37,180,380,810,920,920,3415,0,4,16.41756257938499,1.743211003486067,922.1685109951068,7787.78477306003
1781621303,180,GET,/feed/{user_id},134.714286,0.000000,4,5,9,12,22,31,41,48,69,73,73,1763,0,4,8.46963076220595,2.0479889935813844,72.99913300084881,9216.069200226886
1781621303,180,GET,/feed/{user_id}?with_fof=true,63.000000,0.000000,4,5,7,11,25,260,450,570,920,920,920,812,0,4,32.882859520756085,2.0921560062561184,922.1685109951068,11114.187192118226
1781621303,180,POST,/likes,5.714286,0.000000,4,5,6,8,11,14,25,32,32,32,32,84,0,4,6.119915596736107,2.8073180001229048,31.973164004739374,180.97619047619048
1781621303,180,POST,/posts,10.000000,0.000000,5,6,7,8,11,17,23,24,37,37,37,135,0,5,6.938523770723906,3.554192022420466,37.04932300024666,228.61481481481482
1781621303,180,GET,/timeline/{user_id},82.571429,0.000000,4,5,9,13,28,42,190,200,340,770,770,1075,0,4,16.86304424274821,1.9609589944593608,772.857464995468,7300.771162790697
1781621303,180,GET,/users/{user_id},34.428571,0.000000,4,5,6,8,17,29,39,46,58,58,58,412,0,4,7.448728635423428,1.743211003486067,58.403940027346835,270.18932038834953
1781621303,180,,Aggregated,330.428571,0.000000,4,5,8,11,23,35,100,300,790,920,920,4281,0,4,15.01524488263148,1.743211003486067,922.1685109951068,7773.501985517402
1781621304,200,GET,/feed/{user_id},154.000000,0.000000,4,6,9,13,23,34,51,65,91,140,140,2163,0,4,9.270178371481403,2.0479889935813844,135.8158020011615,9209.323624595469
1781621304,200,GET,/feed/{user_id}?with_fof=true,72.250000,0.000000,4,5,8,12,27,250,430,490,920,920,920,975,0,4,30.841094092077885,2.0921560062561184,922.1685109951068,11102.2
1781621304,200,POST,/likes,6.625000,0.000000,4,5,6,8,10,14,25,32,32,32,32,98,0,4,5.994077940288532,2.8073180001229048,31.973164004739374,181.03061224489795
1781621304,200,POST,/posts,10.875000,0.000000,6,7,8,8,12,21,37,53,68,68,68,154,0,6,7.927307617161181,3.554192022420466,67.83896300476044,228.57792207792207
1781621304,200,GET,/timeline/{user_id},95.250000,0.000000,4,6,10,14,30,57,180,200,340,770,770,1314,0,4,16.888877324110727,1.9609589944593608,772.857464995468,7264.881278538813
1781621304,200,GET,/users/{user_id},37.250000,0.000000,4,6,7,8,22,39,58,69,140,140,140,519,0,4,8.983130803307507,1.743211003486067,135.74554800288752,270.10019267822736
1781621304,200,,Aggregated,376.250000,0.000000,4,6,8,12,25,40,87,260,770,920,920,5223,0,4,15.084035469898412,1.743211003486067,922.1685109951068,7751.022400919012
1781621305,220,GET,/feed/{user_id},174.888889,0.000000,4,6,10,13,27,40,59,68,100,140,140,2604,0,4,10.172117304241699,2.0479889935813844,135.8158020011615,9153.171658986175
1781621305,220,GET,/feed/{user_id}?with_fof=true,83.111111,0.000000,4,6,8,13,29,61,400,460,910,920,920,1190,0,4,29.380810491255478,2.0921560062561184,922.1685109951068,11112.927731092437
1781621305,220,POST,/likes,8.000000,0.000000,5,6,8,9,11,21,27,28,32,32,32,121,0,5,6.52151815867444,2.8073180001229048,31.973164004739374,181.08264462809916
1781621305,220,POST,/posts,12.777778,0.000000,6,7,8,9,12,18,37,53,68,68,68,184,0,6,7.945459989296859,3.417511994484812,67.83896300476044,228.5923913043478
1781621305,220,GET,/timeline/{user_id},105.777778,0.000000,4,6,10,14,31,56,180,200,350,770,770,1529,0,4,17.058618322291647,1.9609589944593608,772.857464995468,7215.139960758665
1781621305,220,GET,/users/{user_id},41.222222,0.000000,4,6,8,12,28,46,63,69,140,140,140,634,0,4,10.300682490208255,1.743211003486067,135.74554800288752,270.2870662460568
1781621305,220,,Aggregated,425.777778,0.000000,4,6,9,13,27,45,74,200,710,920,920,6262,0,4,15.380978344561736,1.743211003486067,922.1685109951068,7717.42670073459
1781621306,240,GET,/feed/{user_id},195.200000,0.000000,5,6,10,14,27,41,62,70,110,140,140,3051,0,5,10.3971588999154,2.0479889935813844,135.8158020011615,9151.757784333005
1781621306,240,GET,/feed/{user_id}?with_fof=true,87.900000,0.000000,5,6,9,14,28,52,370,410,520,550,550,1427,0,5,27.94795262618493,2.0921560062561184,922.1685109951068,11132.765241765943
1781621306,240,POST,/likes,8.800000,0.000000,5,6,8,9,11,20,27,28,32,32,32,138,0,5,6.638738465498782,2.8073180001229048,31.973164004739374,181.1014492753623
1781621306,240,POST,/posts,14.800000,0.000000,6,7,8,10,13,18,37,53,68,68,68,207,0,6,8.066543923316361,3.417511994484812,67.83896300476044,228.59420289855072
1781621306,240,GET,/timeline/{user_id},119.300000,0.000000,5,6,11,16,31,56,170,190,330,350,350,1827,0,4,16.990509263114784,1.9609589944593608,772.857464995468,7285.623973727422
1781621306,240,GET,/users/{user_id},45.700000,0.000000,4,6,9,14,30,47,63,80,140,140,140,733,0,4,10.793212187814108,1.743211003486067,135.74554800288752,270.27421555252386
1781621306,240,,Aggregated,471.700000,0.000000,5,6,10,14,28,44,72,180,440,550,550,7383,0,5,15.324727842198504,1.743211003486067,922.1685109951068,7773.225788974672
1781621307,260,GET,/feed/{user_id},234.400000,0.000000,5,8,13,18,34,50,66,73,100,140,140,3508,0,5,11.940493802777945,2.0479889935813844,135.8158020011615,9146.148802736601
1781621307,260,GET,/feed/{user_id}?with_fof=true,108.000000,0.000000,5,7,12,17,34,56,300,410,550,550,550,1656,0,5,27.617156520329953,2.0921560062561184,922.1685109951068,11111.228260869566
1781621307,260,POST,/likes,10.800000,0.000000,6,7,9,10,17,28,42,49,50,50,50,164,0,5,8.385591610887076,2.8073180001229048,49.90973899839446,181.1219512195122
1781621307,260,POST,/posts,17.000000,0.000000,6,8,9,11,15,30,48,53,68,68,68,235,0,6,8.930923481610543,3.417511994484812,67.83896300476044,228.59148936170212
1781621307,260,GET,/timeline/{user_id},139.900000,0.000000,5,8,14,21,38,61,100,190,330,350,350,2146,0,5,17.78050709493243,1.9609589944593608,772.857464995468,7291.701770736254
1781621307,260,GET,/users/{user_id},56.400000,0.000000,5,7,12,18,37,52,67,80,140,140,140,858,0,5,12.295056335475525,1.743211003486067,135.74554800288752,270.35780885780883
1781621307,260,,Aggregated,566.500000,0.000000,5,7,13,18,35,53,74,110,440,550,550,8567,0,5,16.318593914058408,1.743211003486067,922.1685109951068,7756.305124314229
1781621308,280,GET,/feed/{user_id},273.400000,0.000000,5,9,16,21,37,54,69,81,100,140,140,4043,0,5,12.704765023474174,2.0479889935813844,135.8158020011615,9162.526836507544
1781621308,280,GET,/feed/{user_id}?with_fof=true,127.500000,0.000000,5,8,14,19,38,58,260,420,640,660,660,1921,0,5,27.843874161827262,2.0921560062561184,922.1685109951068,11106.049973971889
1781621308,280,POST,/likes,12.800000,0.000000,6,8,11,12,19,28,42,49,50,50,50,188,0,6,8.70540318190135,2.8073180001229048,49.90973899839446,181.11702127659575
1781621308,280,POST,/posts,18.900000,0.000000,7,9,11,12,17,30,38,53,68,68,68,283,0,6,9.378264053862924,3.417511994484812,67.83896300476044,228.59363957597174
1781621308,280,GET,/timeline/{user_id},161.800000,0.000000,5,8,15,22,39,61,99,190,320,350,350,2440,0,5,17.668165767946583,1.9609589944593608,772.857464995468,7322.098770491803
1781621308,280,GET,/users/{user_id},66.700000,0.000000,5,8,15,22,40,58,73,90,140,140,140,980,0,5,13.06938912950537,1.743211003486067,135.74554800288752,270.4469387755102
1781621308,280,,Aggregated,661.100000,0.000000,5,8,15,20,37,56,77,100,480,660,660,9855,0,5,16.749105794106733,1.743211003486067,922.1685109951068,7773.568645357686
1781621309,300,GET,/feed/{user_id},308.400000,0.000000,6,11,18,24,41,59,76,90,120,140,140,4604,0,5,13.795837623662779,2.0479889935813844,135.8158020011615,9144.397046046915
1781621309,300,GET,/feed/{user_id}?with_fof=true,145.500000,0.000000,6,9,17,22,40,63,110,410,640,660,660,2208,0,5,27.140324234030718,2.0921560062561184,922.1685109951068,11114.858242753624
1781621309,300,POST,/likes,14.500000,0.000000,6,9,11,13,24,34,49,50,61,61,61,219,0,6,9.907778028237153,2.8073180001229048,61.32153398357332,181.10045662100455
1781621309,300,POST,/posts,21.500000,0.000000,7,10,12,14,22,32,48,56,68,68,68,329,0,7,10.437367672661862,3.417511994484812,67.83896300476044,228.6048632218845
1781621309,300,GET,/timeline/{user_id},187.200000,0.000000,6,9,17,24,41,64,100,190,320,350,350,2727,0,5,18.139064563029756,1.9609589944593608,772.857464995468,7314.823248991565
1781621309,300,GET,/users/{user_id},75.600000,0.000000,6,10,18,24,42,59,80,93,140,140,140,1125,0,5,13.728515485327485,1.743211003486067,135.74554800288752,270.44177777777776
1781621309,300,,Aggregated,752.700000,0.000000,6,10,17,23,40,60,84,110,460,660,660,11212,0,5,17.29890997725192,1.743211003486067,922.1685109951068,7760.35078487335
1781621310,320,GET,/feed/{user_id},347.100000,0.000000,7,12,20,26,44,62,79,92,120,140,140,5197,0,6,14.495530194202924,2.0479889935813844,135.8158020011615,9147.280354050414
1781621310,320,GET,/feed/{user_id}?with_fof=true,163.100000,0.000000,6,12,20,26,45,65,110,410,550,660,660,2491,0,6,26.787215631774565,2.0921560062561184,922.1685109951068,11111.661983139302
1781621310,320,POST,/likes,16.600000,0.000000,7,9,12,14,27,37,47,49,61,61,61,250,0,6,10.317940884735435,2.8073180001229048,61.32153398357332,181.08
1781621310,320,POST,/posts,24.000000,0.000000,8,11,14,16,30,38,48,56,78,78,78,377,0,7,11.311220910692889,3.417511994484812,78.14074400812387,228.6631299734748
1781621310,320,GET,/timeline/{user_id},208.800000,0.000000,6,12,20,26,45,66,100,180,320,350,350,3084,0,6,18.59092203903502,1.9609589944593608,772.857464995468,7306.439688715954
1781621310,320,GET,/users/{user_id},84.300000,0.000000,6,12,21,26,46,63,82,93,120,140,140,1259,0,6,14.496901674980979,1.743211003486067,135.74554800288752,270.5321683876092
1781621310,320,,Aggregated,843.900000,0.000000,6,12,20,25,44,63,85,110,460,640,660,12658,0,6,17.7350326149252,1.743211003486067,922.1685109951068,7759.733133196398
1781621311,340,GET,/feed/{user_id},380.100000,0.000000,7,14,23,30,52,71,100,120,220,230,230,5773,0,6,16.6689592303289,2.0479889935813844,231.15632598637603,9140.416767711762
1781621311,340,GET,/feed/{user_id}?with_fof=true,180.600000,0.000000,7,15,24,31,54,82,200,420,700,800,800,2764,0,6,29.275372799136086,2.0921560062561184,922.1685109951068,11102.457308248915
1781621311,340,POST,/likes,18.000000,0.000000,7,10,13,17,32,39,49,50,61,61,61,273,0,6,10.853475795426805,2.8073180001229048,61.32153398357332,181.06959706959708
1781621311,340,POST,/posts,28.000000,0.000000,9,12,15,18,31,44,56,78,90,90,90,419,0,8,12.4771491559678,3.417511994484812,90.06975899683312,228.6801909307876
1781621311,340,GET,/timeline/{user_id},228.600000,0.000000,7,14,23,30,56,81,130,210,350,480,480,3460,0,6,20.885049156476864,1.9609589944593608,772.857464995468,7340.784393063584
1781621311,340,GET,/users/{user_id},94.900000,0.000000,7,14,23,30,53,73,100,120,230,230,230,1400,0,6,16.688689154772355,1.743211003486067,228.51918399101123,270.6007142857143
1781621311,340,,Aggregated,930.200000,0.000000,7,14,23,30,52,73,110,160,500,750,800,14089,0,6,19.942110251976306,1.743211003486067,922.1685109951068,7763.363049187309
1781621312,360,GET,/feed/{user_id},414.100000,0.000000,8,17,28,35,60,78,110,130,220,230,230,6377,0,7,18.490430688994213,2.0479889935813844,231.15632598637603,9162.768386388583
1781621312,360,GET,/feed/{user_id}?with_fof=true,202.200000,0.000000,9,19,30,37,60,93,200,420,700,800,800,3075,0,7,30.444789200460885,2.0921560062561184,922.1685109951068,11121.029593495936
1781621312,360,POST,/likes,20.800000,0.000000,8,12,18,21,34,41,49,50,61,61,61,310,0,7,11.745287009773985,2.8073180001229048,61.32153398357332,181.06129032258065
1781621312,360,POST,/posts,30.300000,0.000000,9,13,17,21,35,45,68,78,90,90,90,456,0,8,13.20192569376862,3.417511994484812,90.06975899683312,228.67543859649123
1781621312,360,GET,/timeline/{user_id},247.900000,0.000000,8,18,28,36,63,90,130,220,430,500,500,3815,0,7,22.488069098491923,1.9609589944593608,772.857464995468,7342.610747051114
1781621312,360,GET,/users/{user_id},102.200000,0.000000,8,17,27,35,59,83,120,180,230,230,230,1570,0,7,18.747354440029955,1.743211003486067,228.51918399101123,270.5872611464968
1781621312,360,,Aggregated,1017.500000,0.000000,8,17,27,35,59,81,120,190,520,750,800,15603,0,7,21.56108764123024,1.743211003486067,922.1685109951068,7769.366596167403
1781621313,380,GET,/feed/{user_id},449.700000,0.000000,10,22,33,40,64,87,120,140,220,230,230,6987,0,8,20.188813900535852,2.0479889935813844,231.15632598637603,9170.000286245886
1781621313,380,GET,/feed/{user_id}?with_fof=true,216.800000,0.000000,10,23,34,42,65,98,190,420,750,800,800,3394,0,8,31.59221369100623,2.0921560062561184,922.1685109951068,11141.790512669417
1781621313,380,POST,/likes,21.700000,0.000000,9,14,20,24,35,42,50,53,64,64,64,336,0,7,12.580618868793993,2.8073180001229048,63.87489099870436,181.07142857142858
1781621313,380,POST,/posts,32.700000,0.000000,11,16,22,28,40,48,78,88,99,99,99,498,0,9,14.754730229776532,3.417511994484812,99.48085001087748,228.69277108433735
1781621313,380,GET,/timeline/{user_id},266.200000,0.000000,10,22,33,41,66,99,130,210,350,500,500,4228,0,7,23.934846360380632,1.9609589944593608,772.857464995468,7334.670293282876
1781621313,380,GET,/users/{user_id},107.800000,0.000000,10,21,31,40,61,88,120,160,230,230,230,1730,0,7,20.37689029239118,1.743211003486067,228.51918399101123,270.60578034682084
1781621313,380,,Aggregated,1094.900000,0.000000,10,21,32,40,64,90,130,180,520,770,800,17173,0,8,23.077313818330442,1.743211003486067,922.1685109951068,7776.153962615734
1781621314,400,GET,/feed/{user_id},481.500000,0.000000,13,27,38,47,69,96,130,160,220,230,230,7609,0,9,22.178332212786874,2.0479889935813844,231.15632598637603,9173.256538309895
1781621314,400,GET,/feed/{user_id}?with_fof=true,232.000000,0.000000,14,29,39,48,71,110,180,420,750,800,800,3738,0,9,33.15525702867773,2.0921560062561184,922.1685109951068,11129.906634563938
1781621314,400,POST,/likes,23.400000,0.000000,11,19,25,30,39,47,61,71,91,91,91,366,0,8,14.209936835734387,2.8073180001229048,90.75848601059988,181.06284153005464
1781621314,400,POST,/posts,35.200000,0.000000,13,21,28,33,44,59,78,88,99,99,99,546,0,9,16.447599295606913,3.417511994484812,99.48085001087748,228.7216117216117
1781621314,400,GET,/timeline/{user_id},285.400000,0.000000,13,27,39,47,71,110,140,200,350,500,500,4637,0,9,25.701332574417066,1.9609589944593608,772.857464995468,7335.3978865645895
1781621314,400,GET,/users/{user_id},116.400000,0.000000,12,26,38,46,72,100,140,180,230,230,230,1872,0,8,22.477670056960207,1.743211003486067,228.51918399101123,270.6063034188034
1781621314,400,,Aggregated,1173.900000,0.000000,13,27,38,46,69,99,140,180,520,770,800,18768,0,9,24.94276343626248,1.743211003486067,922.1685109951068,7785.318947144075
1781621315,420,GET,/feed/{user_id},506.900000,0.000000,17,32,43,53,78,110,140,170,220,230,230,8306,0,10,24.63278685308858,2.0479889935813844,231.15632598637603,9168.223452925597
1781621315,420,GET,/feed/{user_id}?with_fof=true,247.000000,0.000000,18,33,44,53,79,130,190,410,750,800,800,4064,0,11,34.66520871855274,2.0921560062561184,922.1685109951068,11110.199311023622
1781621315,420,POST,/likes,24.900000,0.000000,14,22,29,33,42,53,73,91,100,100,100,405,0,9,15.82626117002449,2.8073180001229048,100.5343490105588,181.08641975308643
1781621315,420,POST,/posts,35.700000,0.000000,15,22,31,36,45,61,81,90,110,110,110,586,0,10,17.59352717653303,3.417511994484812,114.67822900158353,228.71672354948805
1781621315,420,GET,/timeline/{user_id},302.700000,0.000000,17,31,43,52,81,120,160,200,340,500,500,5074,0,10,27.954497966662714,1.9609589944593608,772.857464995468,7344.435159637367
1781621315,420,GET,/users/{user_id},125.800000,0.000000,15,29,42,51,79,120,150,190,230,230,230,2041,0,10,24.382813779296356,1.743211003486067,228.51918399101123,270.72954434100933
1781621315,420,,Aggregated,1243.000000,0.000000,17,31,42,51,77,110,150,190,520,770,800,20476,0,10,27.04655323987355,1.743211003486067,922.1685109951068,7781.241697597187
1781621316,440,GET,/feed/{user_id},528.800000,0.000000,21,37,51,60,88,120,150,180,220,230,230,8931,0,12,26.930183144859033,2.0479889935813844,231.15632598637603,9161.407345202106
1781621316,440,GET,/feed/{user_id}?with_fof=true,265.300000,0.000000,23,38,51,60,90,130,180,360,750,800,800,4388,0,13,36.70523151852938,2.0921560062561184,922.1685109951068,11122.49065633546
1781621316,440,POST,/likes,25.800000,0.000000,18,25,33,37,49,64,86,95,100,100,100,432,0,9,17.625345069164823,2.8073180001229048,100.5343490105588,181.09490740740742
1781621316,440,POST,/posts,36.500000,0.000000,19,28,36,40,56,69,86,90,110,110,110,637,0,11,19.508045333312616,3.417511994484812,114.67822900158353,228.73469387755102
1781621316,440,GET,/timeline/{user_id},319.800000,0.000000,22,38,51,61,93,130,170,210,340,500,500,5502,0,13,30.556164799347698,1.9609589944593608,772.857464995468,7345.10977826245
1781621316,440,GET,/users/{user_id},134.900000,0.000000,21,35,49,57,86,120,150,190,230,230,230,2224,0,11,26.76785532672485,1.743211003486067,228.51918399101123,270.8030575539568
1781621316,440,,Aggregated,1311.100000,0.000000,21,36,50,59,87,120,160,190,500,770,800,22114,0,12,29.360067128963074,1.743211003486067,922.1685109951068,7771.77421542914
1781621317,460,GET,/feed/{user_id},552.400000,0.000000,27,43,58,67,97,130,160,190,230,230,230,9594,0,15,29.775198279256024,2.0479889935813844,231.32937599439174,9156.720867208673
1781621317,460,GET,/feed/{user_id}?with_fof=true,278.600000,0.000000,28,45,57,67,100,140,190,220,750,800,800,4707,0,16,38.98881736310482,2.0921560062561184,922.1685109951068,11112.68727427236
1781621317,460,POST,/likes,27.400000,0.000000,22,32,38,43,56,79,96,110,130,130,130,472,0,11,20.468353754009605,2.8073180001229048,131.53392399544828,181.0635593220339
1781621317,460,POST,/posts,39.300000,0.000000,23,35,42,47,66,78,99,110,180,180,180,699,0,13,22.800260561369146,3.417511994484812,179.05882801278494,228.74964234620887
1781621317,460,GET,/timeline/{user_id},341.700000,0.000000,27,45,58,68,100,130,180,210,370,500,500,5894,0,15,33.01995910028654,1.9609589944593608,772.857464995468,7320.61825585341
1781621317,460,GET,/users/{user_id},136.700000,0.000000,25,43,56,64,94,130,160,200,230,230,230,2381,0,14,29.486687386682057,1.743211003486067,228.51918399101123,270.8710625787484
1781621317,460,,Aggregated,1376.100000,0.000000,27,43,56,66,96,130,170,200,500,770,800,23747,0,15,31.98759853153599,1.743211003486067,922.1685109951068,7756.559775971702
1781621318,480,GET,/feed/{user_id},575.600000,0.000000,35,54,66,77,110,140,180,200,230,250,250,10297,0,18,33.21706783043698,2.0479889935813844,254.54549602000043,9145.309604739245
1781621318,480,GET,/feed/{user_id}?with_fof=true,290.200000,0.000000,36,53,67,77,120,160,200,240,720,800,800,5037,0,19,42.41555805351408,2.0921560062561184,922.1685109951068,11107.427436966449
1781621318,480,POST,/likes,28.700000,0.000000,27,38,48,53,75,91,110,120,180,180,180,511,0,13,24.33584416601825,2.8073180001229048,177.32948798220605,181.08219178082192
1781621318,480,POST,/posts,41.700000,0.000000,30,42,52,59,76,96,110,120,180,180,180,760,0,15,26.2501879281588,3.417511994484812,179.05882801278494,228.76184210526316
1781621318,480,GET,/timeline/{user_id},358.800000,0.000000,35,53,67,77,110,150,200,220,430,500,500,6298,0,18,36.435390836808594,1.9609589944593608,772.857464995468,7332.330739917434
1781621318,480,GET,/users/{user_id},144.600000,0.000000,33,51,63,74,110,140,200,210,230,250,250,2543,0,16,32.67820087195393,1.743211003486067,246.9333469925914,270.9288242233582
1781621318,480,,Aggregated,1439.600000,0.000000,34,52,65,75,110,140,190,210,500,770,800,25446,0,18,35.39416131680403,1.743211003486067,922.1685109951068,7751.778196966125
1781621319,500,GET,/feed/{user_id},596.800000,0.000000,42,63,78,89,120,150,180,210,230,250,250,10914,0,20,36.69127517795274,2.0479889935813844,254.54549602000043,9140.395913505588
1781621319,500,GET,/feed/{user_id}?with_fof=true,299.200000,0.000000,45,65,79,92,130,160,200,240,720,800,800,5371,0,22,45.919578440393835,2.0921560062561184,922.1685109951068,11118.175758704152
1781621319,500,POST,/likes,29.500000,0.000000,34,50,62,70,87,100,130,140,180,180,180,552,0,17,28.81694258478777,2.8073180001229048,177.32948798220605,181.07789855072463
1781621319,500,POST,/posts,43.900000,0.000000,37,51,63,68,84,100,120,130,180,180,180,804,0,17,29.07771148428724,3.417511994484812,179.05882801278494,228.76243781094527
1781621319,500,GET,/timeline/{user_id},369.000000,0.000000,43,65,80,92,130,150,200,220,440,500,500,6706,0,21,40.437104074017476,1.9609589944593608,772.857464995468,7324.12630480167
1781621319,500,GET,/users/{user_id},148.800000,0.000000,41,60,77,87,120,150,200,210,230,250,250,2707,0,20,36.535269541334856,1.743211003486067,246.9333469925914,270.9903952715183
1781621319,500,,Aggregated,1487.200000,0.000000,43,63,77,89,120,150,190,220,500,770,800,27054,0,20,39.04931840040127,1.743211003486067,922.1685109951068,7747.728432024839
1781621320,500,GET,/feed/{user_id},612.500000,0.000000,52,71,85,96,130,160,200,220,300,350,350,11547,0,23,40.05374717061061,2.0479889935813844,354.40324200317264,9140.852948817876
1781621320,500,GET,/feed/{user_id}?with_fof=true,306.600000,0.000000,52,72,87,97,130,170,210,270,700,770,770,5682,0,25,48.9866556728967,2.0921560062561184,922.1685109951068,11111.768391411475
1781621320,500,POST,/likes,31.000000,0.000000,41,60,70,76,92,110,130,150,180,180,180,590,0,19,31.576890447246054,2.8073180001229048,177.32948798220605,181.07118644067796
1781621320,500,POST,/posts,47.000000,0.000000,42,59,67,72,87,100,130,140,210,210,210,842,0,19,31.065484645300558,3.417511994484812,211.47772198310122,228.76365795724465
1781621320,500,GET,/timeline/{user_id},376.100000,0.000000,51,72,87,99,130,160,210,240,420,500,500,7144,0,24,43.95601606582363,1.9609589944593608,772.857464995468,7328.1041433370665
1781621320,500,GET,/users/{user_id},153.200000,0.000000,50,71,83,95,130,150,200,210,250,310,310,2873,0,23,39.71976979586505,1.743211003486067,311.6081670159474,271.0160111381831
1781621320,500,,Aggregated,1526.400000,0.000000,51,71,85,96,130,160,200,230,530,740,770,28678,0,23,42.32397576349196,1.743211003486067,922.1685109951068,7745.189797056977
1781621321,500,GET,/feed/{user_id},622.400000,0.000000,58,75,89,100,130,160,200,220,300,350,350,12223,0,26,42.38762770726847,2.0479889935813844,354.40324200317264,9126.391147836046
1781621321,500,GET,/feed/{user_id}?with_fof=true,311.100000,0.000000,59,76,92,100,140,170,220,270,690,770,770,6044,0,29,51.464046811778616,2.0921560062561184,922.1685109951068,11106.202514890801
1781621321,500,POST,/likes,32.400000,0.000000,50,65,73,79,96,120,150,150,180,180,180,628,0,22,34.20248468448949,2.8073180001229048,177.32948798220605,181.06528662420382
1781621321,500,POST,/posts,46.600000,0.000000,50,64,70,75,93,110,140,150,210,210,210,883,0,21,32.96151701623304,3.417511994484812,211.47772198310122,228.75651189127973
1781621321,500,GET,/timeline/{user_id},385.400000,0.000000,58,76,90,100,140,170,220,250,420,500,500,7581,0,28,46.0599665745243,1.9609589944593608,772.857464995468,7319.429494789606
1781621321,500,GET,/users/{user_id},153.900000,0.000000,56,75,88,98,130,160,200,210,260,310,310,3014,0,26,41.73727452905187,1.743211003486067,311.6081670159474,271.01293961512937
1781621321,500,,Aggregated,1551.800000,0.000000,57,75,88,99,130,160,210,230,550,740,770,30373,0,27,44.60256162827369,1.743211003486067,922.1685109951068,7746.975800875778
1781621322,500,GET,/feed/{user_id},626.700000,0.000000,62,79,93,100,140,170,210,230,300,350,350,12909,0,30,45.09609581222916,2.0479889935813844,354.40324200317264,9113.823843829887
1781621322,500,GET,/feed/{user_id}?with_fof=true,314.000000,0.000000,63,81,96,110,140,180,220,260,640,740,740,6363,0,33,53.2460793337033,2.0921560062561184,922.1685109951068,11104.276441929907
1781621322,500,POST,/likes,33.500000,0.000000,56,69,79,82,100,120,150,150,180,180,180,661,0,25,36.03845262460928,2.8073180001229048,177.32948798220605,181.07564296520422
1781621322,500,POST,/posts,46.900000,0.000000,54,66,74,78,96,110,140,150,210,210,210,933,0,23,34.99887164446075,3.417511994484812,211.47772198310122,228.7577706323687
1781621322,500,GET,/timeline/{user_id},396.400000,0.000000,63,80,95,110,140,180,230,270,370,600,600,8026,0,32,48.872976580866876,1.9609589944593608,772.857464995468,7316.304634936457
1781621322,500,GET,/users/{user_id},158.400000,0.000000,61,78,93,100,140,170,200,210,290,310,310,3157,0,29,44.16646392609467,1.743211003486067,311.6081670159474,271.0161545771302
1781621322,500,,Aggregated,1575.900000,0.000000,62,79,93,100,140,170,210,240,460,720,740,32049,0,31,47.08770023159185,1.743211003486067,922.1685109951068,7744.898249555368
1781621323,500,GET,/feed/{user_id},632.800000,0.000000,67,84,99,110,150,180,220,240,300,470,470,13567,0,34,47.47322639542502,2.0479889935813844,467.8727399732452,9106.770325053438
1781621323,500,GET,/feed/{user_id}?with_fof=true,318.400000,0.000000,68,86,100,110,150,190,230,270,660,740,740,6718,0,37,55.830590439272996,2.0921560062561184,922.1685109951068,11104.982732956238
1781621323,500,POST,/likes,34.300000,0.000000,59,71,80,83,100,120,150,160,180,180,180,687,0,27,37.214640057938894,2.8073180001229048,177.32948798220605,181.07132459970887
1781621323,500,POST,/posts,46.200000,0.000000,59,69,77,82,100,120,140,150,210,210,210,987,0,27,37.28589264788262,3.417511994484812,211.47772198310122,228.76899696048633
1781621323,500,GET,/timeline/{user_id},404.900000,0.000000,68,85,100,110,150,190,230,270,440,600,600,8415,0,36,51.196090859500444,1.9609589944593608,772.857464995468,7311.307783719549
1781621323,500,GET,/users/{user_id},160.400000,0.000000,68,84,99,110,140,180,210,230,290,310,310,3319,0,32,46.959145906182854,1.743211003486067,311.6081670159474,271.05272672491714
1781621323,500,,Aggregated,1597.000000,0.000000,67,83,98,110,150,180,220,250,550,720,740,33693,0,34,49.51115402862163,1.743211003486067,922.1685109951068,7744.317721781972
1781621324,500,GET,/feed/{user_id},636.000000,0.000000,69,86,100,110,150,190,220,260,380,580,580,14117,0,36,49.16543047980927,2.0479889935813844,576.7711020016577,9107.351774456329
1781621324,500,GET,/feed/{user_id}?with_fof=true,322.400000,0.000000,70,88,100,120,160,190,240,340,690,850,850,7021,0,39,57.66782208219881,2.0921560062561184,922.1685109951068,11101.066657171343
1781621324,500,POST,/likes,35.300000,0.000000,60,72,80,84,100,120,150,160,180,180,180,713,0,29,37.88233331548635,2.8073180001229048,177.32948798220605,181.07854137447404
1781621324,500,POST,/posts,45.600000,0.000000,62,71,79,83,100,120,140,160,330,330,330,1035,0,29,38.35965415025872,3.417511994484812,326.794083986897,228.7671497584541
1781621324,500,GET,/timeline/{user_id},408.900000,0.000000,70,88,110,120,160,200,250,310,540,600,600,8783,0,38,53.37010821732151,1.9609589944593608,772.857464995468,7308.657634065809
1781621324,500,GET,/users/{user_id},159.300000,0.000000,70,86,100,110,150,180,220,240,380,540,540,3451,0,34,48.684211873530145,1.743211003486067,538.7864380027167,271.048971312663
1781621324,500,,Aggregated,1607.500000,0.000000,69,86,100,110,150,190,230,270,570,740,850,35120,0,36,51.32190724004363,1.743211003486067,922.1685109951068,7744.939834851936
1781621325,500,GET,/feed/{user_id},646.500000,0.000000,73,91,110,120,170,220,350,530,710,730,730,14749,14,37,54.51576237851347,2.0479889935813844,729.9180680129211,9112.561054986778
1781621325,500,GET,/feed/{user_id}?with_fof=true,323.700000,0.000000,74,92,110,120,170,230,420,610,720,850,850,7337,3,41,62.31248086814515,2.0921560062561184,922.1685109951068,11096.740220798692
1781621325,500,POST,/likes,34.800000,0.000000,63,75,82,85,100,130,160,310,490,490,490,748,0,30,40.345893820701356,2.8073180001229048,488.7282050040085,181.08021390374333
1781621325,500,POST,/posts,47.500000,0.000000,65,74,81,86,100,130,150,180,390,390,390,1068,0,30,39.63528503421306,3.417511994484812,389.9084849981591,228.76966292134833
1781621325,500,GET,/timeline/{user_id},416.000000,0.000000,74,92,110,120,170,230,340,530,690,710,710,9150,3,40,57.37276176477673,1.9609589944593608,772.857464995468,7309.0955191256835
1781621325,500,GET,/users/{user_id},157.400000,0.000000,75,93,110,120,170,210,410,550,710,730,730,3606,4,36,53.87598499567105,1.743211003486067,730.0722530053463,270.77176927343316
1781621325,500,,Aggregated,1625.900000,0.000000,73,90,110,120,170,220,360,540,710,740,850,36658,24,38,56.00377643316049,1.743211003486067,922.1685109951068,7748.713705057559
1781621326,500,GET,/feed/{user_id},649.000000,0.000000,75,95,110,130,170,220,350,530,710,730,730,15400,14,41,56.16381898992385,2.0479889935813844,729.9180680129211,9108.936883116883
1781621326,500,GET,/feed/{user_id}?with_fof=true,326.600000,0.000000,76,97,110,130,180,230,420,610,720,850,850,7660,3,44,63.69871789269306,2.0921560062561184,922.1685109951068,11103.34412532637
1781621326,500,POST,/likes,34.900000,0.000000,65,74,82,87,110,130,160,310,490,490,490,775,0,32,41.44899109791544,2.8073180001229048,488.7282050040085,181.08
1781621326,500,POST,/posts,48.600000,0.000000,66,76,82,89,110,130,150,180,390,390,390,1123,0,34,41.62014638786333,3.417511994484812,389.9084849981591,228.77114870881567
1781621326,500,GET,/timeline/{user_id},413.000000,0.000000,76,96,110,130,180,230,340,530,690,710,710,9564,3,43,59.08968224402849,1.9609589944593608,772.857464995468,7303.826746131326
1781621326,500,GET,/users/{user_id},155.200000,0.000000,77,96,110,130,170,210,410,550,710,730,730,3770,4,40,55.66184086272269,1.743211003486067,730.0722530053463,270.82785145888596
1781621326,500,,Aggregated,1627.300000,0.000000,75,94,110,120,170,220,360,540,710,740,850,38292,24,42,57.62812715532394,1.743211003486067,922.1685109951068,7745.7774731014315
1781621327,500,GET,/feed/{user_id},636.100000,0.400000,74,90,110,120,170,220,350,520,710,730,730,16124,14,44,57.034140815406914,2.0479889935813844,729.9180680129211,9107.031009675018
1781621327,500,GET,/feed/{user_id}?with_fof=true,320.100000,0.100000,76,93,110,120,170,220,410,600,720,850,850,7992,3,47,64.44550105471308,2.0921560062561184,922.1685109951068,11109.076326326327
1781621327,500,POST,/likes,33.900000,0.000000,66,74,81,84,100,130,160,310,490,490,490,818,0,36,43.03051109405372,2.8073180001229048,488.7282050040085,181.0794621026895
1781621327,500,POST,/posts,47.800000,0.000000,67,76,81,87,100,130,150,180,390,390,390,1171,0,36,42.84552666675785,3.417511994484812,389.9084849981591,228.76259607173355
1781621327,500,GET,/timeline/{user_id},402.000000,0.100000,76,92,110,120,170,220,340,520,690,710,710,9975,3,46,59.780308190677175,1.9609589944593608,772.857464995468,7316.415338345864
1781621327,500,GET,/users/{user_id},154.000000,0.200000,77,93,110,120,170,210,410,550,710,730,730,3928,4,43,56.479583687229955,1.743211003486067,730.0722530053463,270.8599796334012
1781621327,500,,Aggregated,1593.900000,0.800000,75,90,110,120,170,220,350,540,710,740,850,40008,24,45,58.44327083743361,1.743211003486067,922.1685109951068,7750.617151569686
1781621328,500,GET,/feed/{user_id},635.200000,1.400000,76,93,110,120,170,210,350,520,710,730,730,16779,14,47,58.485931422839364,2.0479889935813844,729.9180680129211,9114.089874247571
1781621328,500,GET,/feed/{user_id}?with_fof=true,321.700000,0.300000,78,94,110,120,170,220,400,590,710,850,850,8357,3,51,65.83071777651217,2.0921560062561184,922.1685109951068,11101.724183319373
1781621328,500,POST,/likes,34.100000,0.000000,67,76,82,84,100,120,160,310,490,490,490,852,0,39,44.58291030282175,2.8073180001229048,488.7282050040085,181.07159624413146
1781621328,500,POST,/posts,47.600000,0.000000,69,78,85,89,100,120,150,180,390,390,390,1238,0,40,44.96411243684948,3.417511994484812,389.9084849981591,228.76494345718902
1781621328,500,GET,/timeline/{user_id},401.100000,0.300000,77,94,110,120,160,220,340,520,690,710,710,10343,3,49,60.90176235038467,1.9609589944593608,772.857464995468,7314.333172193754
1781621328,500,GET,/users/{user_id},151.900000,0.400000,79,95,110,120,160,210,410,550,710,730,730,4088,4,46,57.910963546303535,1.743211003486067,730.0722530053463,270.86937377690805
1781621328,500,,Aggregated,1591.600000,2.400000,77,92,110,120,160,210,350,530,710,740,850,41657,24,48,59.816595279167394,1.743211003486067,922.1685109951068,7751.38317689704
1781621329,500,GET,/feed/{user_id},635.600000,1.400000,77,94,110,120,170,210,350,520,710,730,730,17436,14,50,59.91489546729309,2.0479889935813844,729.9180680129211,9108.104037623309
1781621329,500,GET,/feed/{user_id}?with_fof=true,322.600000,0.300000,79,94,110,120,170,220,400,590,710,850,850,8681,3,53,66.97972282704293,2.0921560062561184,922.1685109951068,11106.320930768345
1781621329,500,POST,/likes,34.100000,0.000000,69,78,83,87,110,130,160,310,490,490,490,890,0,42,46.42065227524838,2.8073180001229048,488.7282050040085,181.0685393258427
1781621329,500,POST,/posts,46.600000,0.000000,70,79,86,92,110,130,150,190,390,390,390,1284,0,42,46.457743008482865,3.417511994484812,389.9084849981591,228.7663551401869
1781621329,500,GET,/timeline/{user_id},399.800000,0.300000,78,93,110,120,160,220,340,530,690,710,710,10741,3,52,62.25448939104691,1.9609589944593608,772.857464995468,7320.860534400894
1781621329,500,GET,/users/{user_id},152.400000,0.400000,79,95,110,120,170,210,410,550,710,730,730,4252,4,48,59.26380018570003,1.743211003486067,730.0722530053463,270.88123236124176
1781621329,500,,Aggregated,1591.100000,2.400000,77,93,110,120,160,210,340,530,710,730,850,43284,24,50,61.17175775612172,1.743211003486067,922.1685109951068,7750.275182515479
1781621330,500,GET,/feed/{user_id},635.800000,1.400000,78,94,110,120,170,230,440,580,720,780,780,17848,14,51,61.57322256622333,2.0479889935813844,775.8327740011737,9109.359536082475
1781621330,500,GET,/feed/{user_id}?with_fof=true,322.300000,0.300000,79,94,110,120,170,240,480,600,710,850,850,8879,3,53,68.4308252266668,2.0921560062561184,922.1685109951068,11111.705484851898
1781621330,500,POST,/likes,33.700000,0.000000,67,76,82,85,110,140,230,360,490,490,490,913,0,42,46.670725091864426,2.8073180001229048,488.7282050040085,181.06900328587076
1781621330,500,POST,/posts,45.100000,0.000000,69,78,84,92,110,130,180,390,510,510,510,1331,0,42,47.360791596497435,3.417511994484812,514.9896279908717,228.76784372652142
1781621330,500,GET,/timeline/{user_id},399.600000,0.300000,78,93,110,120,160,220,400,570,690,710,710,10864,3,52,62.99063313596403,1.9609589944593608,772.857464995468,7295.304215758469
1781621330,500,GET,/users/{user_id},152.300000,0.400000,79,96,110,130,180,240,500,660,770,790,790,4360,4,50,62.006319112036536,1.743211003486067,793.3923590171617,270.9334862385321
1781621330,500,,Aggregated,1588.800000,2.400000,77,93,110,120,170,230,440,590,720,790,850,44195,24,51,62.606212216108894,1.743211003486067,922.1685109951068,7741.86996266546
1781621331,500,GET,/feed/{user_id},639.000000,1.400000,78,96,120,130,190,310,610,700,1000,1200,1200,18100,14,51,65.13558347148143,2.0479889935813844,1157.136732013896,9113.016077348066
1781621331,500,GET,/feed/{user_id}?with_fof=true,327.100000,0.300000,79,96,120,130,190,350,650,730,1000,1100,1100,9013,3,54,72.36688068152603,2.0921560062561184,1110.650007991353,11111.429379784755
1781621331,500,POST,/likes,33.500000,0.000000,66,75,80,83,110,140,360,490,580,580,580,922,0,41,47.466343496595314,2.8073180001229048,578.5061370115727,181.06724511930585
1781621331,500,POST,/posts,47.300000,0.000000,69,78,83,92,110,140,460,600,740,740,740,1352,0,42,50.054317550267335,3.417511994484812,743.8409620081075,228.77440828402368
1781621331,500,GET,/timeline/{user_id},398.800000,0.300000,78,97,110,130,180,300,570,680,1200,1800,1800,11008,3,52,66.27133735365047,1.9609589944593608,1815.820663003251,7292.282976017442
1781621331,500,GET,/users/{user_id},152.100000,0.400000,80,98,120,130,200,380,680,740,980,1000,1000,4417,4,51,65.74918300420157,1.743211003486067,1010.556708992226,270.9590219606067
1781621331,500,,Aggregated,1597.800000,2.400000,78,95,110,130,180,310,600,700,1100,1200,1800,44812,24,51,66.11093424454991,1.743211003486067,1815.820663003251,7744.341426403642
1781621332,500,GET,/feed/{user_id},643.200000,1.400000,79,99,120,140,220,470,700,870,1200,1400,1400,18351,14,51,68.60718632014911,2.0479889935813844,1362.6092670019716,9112.479537899842
1781621332,500,GET,/feed/{user_id}?with_fof=true,324.100000,0.300000,81,100,120,140,230,500,740,880,1300,1400,1400,9148,3,54,76.09103761121607,2.0921560062561184,1362.668145011412,11109.018801923918
1781621332,500,POST,/likes,32.500000,0.000000,67,76,82,85,110,240,490,840,960,960,960,936,0,41,50.757441560749726,2.8073180001229048,961.7409289930947,181.07905982905982
1781621332,500,POST,/posts,47.600000,0.000000,69,78,87,95,120,190,510,630,740,740,740,1366,0,41,51.04901839894707,3.417511994484812,743.8409620081075,228.77672035139094
1781621332,500,GET,/timeline/{user_id},391.200000,0.300000,80,100,120,130,210,430,780,1000,2800,3000,3000,11186,3,52,72.64321082864619,1.9609589944593608,2957.516959984787,7297.89710352226
1781621332,500,GET,/users/{user_id},150.600000,0.400000,81,100,120,140,230,460,700,790,1200,1400,1400,4479,4,51,68.45369779450748,1.743211003486067,1360.7220079866238,270.98303192676934
1781621332,500,,Aggregated,1589.200000,2.400000,79,98,120,130,210,460,700,920,2300,2900,3000,45466,24,52,70.19584483818927,1.743211003486067,2957.516959984787,7745.973364712093
1781621333,500,GET,/feed/{user_id},613.800000,1.400000,79,100,120,150,290,590,860,1000,1400,1500,1500,18637,14,52,72.11784905246293,2.0479889935813844,1460.8550060074776,9114.002843805334
1781621333,500,GET,/feed/{user_id}?with_fof=true,311.300000,0.300000,80,100,130,150,340,650,860,1000,1400,1700,1700,9307,3,54,80.64563153673727,2.0921560062561184,1719.3202880152967,11110.864295691415
1781621333,500,POST,/likes,31.500000,0.000000,66,75,81,85,120,360,690,920,990,990,990,952,0,41,52.678905610180266,2.8073180001229048,987.597184983315,181.08508403361344
1781621333,500,POST,/posts,47.500000,0.000000,68,78,87,96,130,330,600,700,750,750,750,1382,0,41,52.14165245079116,3.417511994484812,749.2825830122456,228.77568740955138
1781621333,500,GET,/timeline/{user_id},358.400000,0.300000,81,110,130,150,370,830,2800,3200,3900,4000,4000,11446,3,53,94.13682016322757,1.9609589944593608,3993.7575420190115,7307.739210204439
1781621333,500,GET,/users/{user_id},145.100000,0.400000,80,100,130,140,310,590,830,1000,1400,1400,1400,4557,4,51,72.3860158186819,1.743211003486067,1399.9007530219387,271.01075268817203
1781621333,500,,Aggregated,1507.600000,2.400000,79,100,120,140,310,620,970,1300,3500,3900,4000,46281,24,52,78.30842991735427,1.743211003486067,3993.7575420190115,7749.06387070288
1781621334,500,GET,/feed/{user_id},573.900000,1.400000,80,100,130,150,360,660,950,1100,1400,1700,1700,19162,21,51,75.70890354055747,2.0479889935813844,1717.7215510164388,9104.650140903872
1781621334,500,GET,/feed/{user_id}?with_fof=true,291.200000,0.300000,81,100,130,160,420,710,980,1100,1700,4800,4800,9551,11,54,85.55143400454888,2.0921560062561184,4762.4978789826855,11103.414197466234
1781621334,500,POST,/likes,28.400000,0.000000,66,74,81,85,120,310,690,920,990,990,990,980,0,39,51.949442591790195,2.8073180001229048,987.597184983315,181.07448979591837
1781621334,500,POST,/posts,45.800000,0.000000,69,78,88,98,130,460,630,710,750,750,750,1414,0,40,53.224960439919975,3.417511994484812,749.2825830122456,228.77369165487977
1781621334,500,GET,/timeline/{user_id},333.000000,0.300000,82,110,140,180,610,2400,3800,4100,4600,4700,4700,11826,6,54,121.0172647769381,1.9609589944593608,4738.506997004151,7315.444444444444
1781621334,500,GET,/users/{user_id},137.300000,0.400000,80,100,130,150,360,670,920,1000,1400,1400,1400,4701,6,51,75.5504768348305,1.743211003486067,1399.9007530219387,270.9117209104446
1781621334,500,,Aggregated,1409.600000,2.400000,80,100,130,150,410,730,1100,2900,4300,4700,4800,47634,44,52,87.75914826544495,1.743211003486067,4762.4978789826855,7742.346979048579
1781621335,500,GET,/feed/{user_id},527.800000,1.400000,81,100,120,140,300,620,950,1100,1400,1700,1700,19800,31,54,76.59938329613222,2.0479889935813844,1717.7215510164388,9094.967676767677
1781621335,500,GET,/feed/{user_id}?with_fof=true,270.800000,0.300000,82,100,130,150,380,720,990,1100,4000,5500,5500,9933,19,57,87.52122287677032,2.0921560062561184,5462.594282987993,11096.220477197221
1781621335,500,POST,/likes,27.000000,0.000000,68,76,81,86,120,260,690,920,990,990,990,1012,0,41,52.81973111063261,2.8073180001229048,987.597184983315,181.0691699604743
1781621335,500,POST,/posts,42.300000,0.000000,69,79,89,99,130,360,630,710,750,750,750,1470,0,43,54.219141064016114,3.417511994484812,749.2825830122456,228.77074829931973
1781621335,500,GET,/timeline/{user_id},307.800000,0.300000,84,110,140,170,600,2700,3900,4200,4700,4900,4900,12276,15,56,124.86307467368206,1.9609589944593608,4939.051608002046,7315.663815575106
1781621335,500,GET,/users/{user_id},128.500000,0.400000,81,100,120,140,320,600,920,1000,1400,1400,1400,4877,10,53,76.59048774542443,1.743211003486067,1399.9007530219387,270.71785933975804
1781621335,500,,Aggregated,1304.200000,2.400000,81,100,120,150,360,740,1200,3100,4400,4900,5500,49368,75,54,89.64354875172094,1.743211003486067,5462.594282987993,7736.712708637174
1781621336,500,GET,/feed/{user_id},498.400000,1.700000,81,100,120,140,300,620,950,1100,1400,1700,1700,20463,31,56,77.08702213125345,2.0479889935813844,1717.7215510164388,9087.314616625128
1781621336,500,GET,/feed/{user_id}?with_fof=true,253.700000,0.300000,82,100,120,150,380,720,990,1100,4000,5500,5500,10268,19,58,87.65161583034748,2.0921560062561184,5462.594282987993,11097.86813400857
1781621336,500,POST,/likes,26.100000,0.000000,70,77,82,86,120,260,690,920,990,990,990,1041,0,43,53.55430216131254,2.8073180001229048,987.597184983315,181.07012487992316
1781621336,500,POST,/posts,38.600000,0.000000,70,81,92,100,130,360,630,710,750,750,750,1522,0,45,55.38487972475346,3.417511994484812,749.2825830122456,228.7759526938239
1781621336,500,GET,/timeline/{user_id},297.200000,0.400000,84,110,130,160,600,2700,3900,4200,4700,4900,4900,12694,15,58,123.82675038128221,1.9609589944593608,4939.051608002046,7321.097605167796
1781621336,500,GET,/users/{user_id},121.100000,0.400000,81,100,120,140,330,610,920,1000,1400,1400,1400,5012,10,55,76.92816706152885,1.743211003486067,1399.9007530219387,270.74321628092576
1781621336,500,,Aggregated,1235.100000,2.800000,81,100,120,140,360,740,1200,3100,4400,4900,5500,51000,75,56,89.70402124237623,1.743211003486067,5462.594282987993,7739.888196078431
1781621337,500,GET,/feed/{user_id},497.800000,2.100000,84,100,120,140,300,620,950,1100,1400,1700,1700,21137,31,58,77.62355813308179,2.0479889935813844,1717.7215510164388,9094.549131854095
1781621337,500,GET,/feed/{user_id}?with_fof=true,252.700000,1.300000,85,100,130,150,380,720,990,1100,4000,5500,5500,10601,19,61,87.96440595471742,2.0921560062561184,5462.594282987993,11087.545420243374
1781621337,500,POST,/likes,26.000000,0.000000,71,79,85,92,120,260,840,920,990,990,990,1073,0,46,54.64523102606856,2.8073180001229048,987.597184983315,181.0698974836906
1781621337,500,POST,/posts,37.700000,0.000000,73,85,95,100,130,360,630,710,750,750,750,1563,0,48,56.31436515615205,3.417511994484812,749.2825830122456,228.77735124760076
1781621337,500,GET,/timeline/{user_id},302.800000,1.000000,87,110,140,160,590,2700,3900,4200,4700,4900,4900,13101,15,60,122.88650749669021,1.9609589944593608,4939.051608002046,7316.010915197313
1781621337,500,GET,/users/{user_id},124.000000,0.700000,84,100,120,140,330,610,920,1000,1400,1400,1400,5182,10,57,77.41167876307897,1.743211003486067,1399.9007530219387,270.74353531455034
1781621337,500,,Aggregated,1241.000000,5.100000,84,100,120,140,360,740,1200,3100,4400,4900,5500,52657,75,58,89.84516693847571,1.743211003486067,5462.594282987993,7740.138500104449
1781621339,500,GET,/feed/{user_id},495.800000,1.700000,83,100,120,140,370,670,980,1100,1400,1700,1700,21779,31,60,77.77880137003493,2.0479889935813844,1717.7215510164388,9097.575508517379
1781621339,500,GET,/feed/{user_id}?with_fof=true,254.600000,1.600000,84,100,130,150,440,760,1000,1200,4000,5500,5500,10959,19,62,88.04096239157025,2.0921560062561184,5462.594282987993,11090.172278492562
1781621339,500,POST,/likes,25.900000,0.000000,68,77,84,90,130,310,840,920,990,990,990,1104,0,48,55.23653783595786,2.8073180001229048,987.597184983315,181.07427536231884
1781621339,500,POST,/posts,39.600000,0.000000,72,82,91,100,140,510,630,710,750,750,750,1615,0,51,56.85397246811069,3.417511994484812,749.2825830122456,228.76904024767802
1781621339,500,GET,/timeline/{user_id},305.800000,1.200000,85,110,130,180,690,2800,4000,4200,4700,4900,4900,13560,15,62,121.52582139574258,1.9609589944593608,4939.051608002046,7318.568362831858
1781621339,500,GET,/users/{user_id},122.200000,0.600000,83,100,110,140,360,670,940,1200,1400,1400,1400,5353,10,59,77.5129652327759,1.743211003486067,1399.9007530219387,270.7941341303942
1781621339,500,,Aggregated,1243.900000,5.100000,83,100,120,150,430,790,1300,3300,4600,4900,5500,54370,75,60,89.6524327057454,1.743211003486067,5462.594282987993,7741.990270369689
1781621340,500,GET,/feed/{user_id},493.300000,1.700000,83,98,110,120,270,610,960,1100,1400,1700,1700,22464,31,61,78.08117441333093,2.0479889935813844,1717.7215510164388,9098.523949430199
1781621340,500,GET,/feed/{user_id}?with_fof=true,255.300000,1.600000,83,99,110,130,360,710,1000,1200,4000,5500,5500,11294,19,63,87.98574983047207,2.0921560062561184,5462.594282987993,11094.628298211439
1781621340,500,POST,/likes,25.100000,0.000000,72,81,86,91,120,240,840,920,990,990,990,1137,0,50,56.05915242466353,2.8073180001229048,987.597184983315,181.0703605980651
1781621340,500,POST,/posts,39.000000,0.000000,76,84,94,110,130,250,630,700,750,750,750,1672,0,53,57.794739427693905,3.417511994484812,749.2825830122456,228.76315789473685
1781621340,500,GET,/timeline/{user_id},308.700000,1.200000,85,100,120,140,560,2600,3900,4200,4700,4900,4900,13990,15,63,120.48899931252735,1.9609589944593608,4939.051608002046,7312.866833452466
1781621340,500,GET,/users/{user_id},122.700000,0.600000,81,96,110,120,240,540,930,1000,1400,1400,1400,5506,10,60,77.70394767363977,1.743211003486067,1399.9007530219387,270.8114783872139
1781621340,500,,Aggregated,1244.100000,5.100000,83,98,110,130,330,730,1200,3200,4500,4900,5500,56063,75,62,89.57026305245229,1.743211003486067,5462.594282987993,7742.69015215026
1781621341,500,GET,/feed/{user_id},486.600000,1.700000,82,96,110,120,160,410,820,1000,1400,1700,1700,23097,31,62,78.39893372012013,2.0479889935813844,1717.7215510164388,9102.987400961163
1781621341,500,GET,/feed/{user_id}?with_fof=true,253.300000,1.600000,83,98,110,120,210,550,960,1100,4000,5500,5500,11660,19,65,88.1345536634302,2.0921560062561184,5462.594282987993,11096.66269296741
1781621341,500,POST,/likes,24.500000,0.000000,73,83,89,96,120,150,690,920,990,990,990,1169,0,52,56.95689137363998,2.8073180001229048,987.597184983315,181.06843455945253
1781621341,500,POST,/posts,36.700000,0.000000,76,82,90,100,120,140,540,630,750,750,750,1714,0,55,58.32743662314192,3.417511994484812,749.2825830122456,228.75729288214703
1781621341,500,GET,/timeline/{user_id},313.700000,1.200000,84,100,110,130,360,1800,3800,4200,4700,4900,4900,14388,15,64,119.67616445485096,1.9609589944593608,4939.051608002046,7303.613080344731
1781621341,500,GET,/users/{user_id},123.900000,0.600000,81,96,110,110,160,410,900,1000,1400,1400,1400,5656,10,61,78.0755518550417,1.743211003486067,1399.9007530219387,270.8300919377652
1781621341,500,,Aggregated,1238.700000,5.100000,82,97,110,120,190,560,1100,3000,4400,4900,5500,57684,75,63,89.59990423177183,1.743211003486067,5462.594282987993,7746.667117398239
1781621342,500,GET,/feed/{user_id},490.000000,1.700000,83,96,110,120,140,260,650,910,1400,1700,1700,23775,31,64,78.85708052318564,2.0479889935813844,1717.7215510164388,9109.051188222924
1781621342,500,GET,/feed/{user_id}?with_fof=true,256.500000,1.600000,84,98,110,120,150,380,810,1000,4000,5500,5500,11989,19,66,88.45679529264063,2.0921560062561184,5462.594282987993,11095.234631745767
1781621342,500,POST,/likes,24.200000,0.000000,75,84,92,98,110,120,190,690,990,990,990,1201,0,55,57.85039893737188,2.8073180001229048,987.597184983315,181.06744379683596
1781621342,500,POST,/posts,37.600000,0.000000,78,86,95,100,120,130,220,550,720,720,720,1766,0,57,59.29102718289298,3.417511994484812,749.2825830122456,228.75651189127973
1781621342,500,GET,/timeline/{user_id},320.200000,1.200000,85,99,110,120,210,870,3800,4100,4700,4900,4900,14810,15,65,119.0283171849108,1.9609589944593608,4939.051608002046,7300.877447670493
1781621342,500,GET,/users/{user_id},122.400000,0.600000,82,96,110,110,140,230,570,910,1400,1400,1400,5805,10,63,78.55985367238084,1.743211003486067,1399.9007530219387,270.852540913006
1781621342,500,,Aggregated,1250.900000,5.100000,83,97,110,120,150,360,930,2700,4400,4900,5500,59346,75,64,89.78484176536959,1.743211003486067,5462.594282987993,7749.607387187005
1781621343,500,GET,/feed/{user_id},516.500000,1.700000,82,94,100,110,130,160,330,540,980,1100,1100,24456,31,65,78.99712661182878,2.0479889935813844,1717.7215510164388,9110.126063133792
1781621343,500,GET,/feed/{user_id}?with_fof=true,274.500000,1.600000,83,96,110,110,140,170,470,680,4000,5500,5500,12291,19,67,88.37375405088144,2.0921560062561184,5462.594282987993,11097.147587665771
1781621343,500,POST,/likes,25.300000,0.000000,75,84,89,95,110,120,140,190,310,310,310,1238,0,56,58.334193948087595,2.8073180001229048,987.597184983315,181.06300484652667
1781621343,500,POST,/posts,37.900000,0.000000,77,83,91,98,120,130,150,220,670,670,670,1813,0,58,59.68754259404309,3.417511994484812,749.2825830122456,228.75289575289574
1781621343,500,GET,/timeline/{user_id},349.800000,1.200000,83,95,100,110,140,260,1100,4100,4700,4900,4900,15207,15,66,118.09174985852911,1.9609589944593608,4939.051608002046,7299.917274939173
1781621343,500,GET,/users/{user_id},127.900000,0.600000,82,93,100,110,130,160,400,570,930,940,940,5962,10,64,78.71498729439864,1.743211003486067,1399.9007530219387,270.8713518953371
1781621343,500,,Aggregated,1331.900000,5.100000,82,94,100,110,130,170,460,760,4400,4900,5500,60967,75,65,89.61744518570382,1.743211003486067,5462.594282987993,7749.371725687667
1781621344,500,GET,/feed/{user_id},559.100000,1.700000,82,93,100,110,120,140,160,180,440,540,540,25114,31,66,79.27018143579825,2.0479889935813844,1717.7215510164388,9118.034761487617
1781621344,500,GET,/feed/{user_id}?with_fof=true,294.000000,1.600000,83,95,100,110,130,140,170,210,820,5500,5500,12631,19,68,88.62924947202892,2.0921560062561184,5462.594282987993,11097.642308605811
1781621344,500,POST,/likes,27.400000,0.000000,77,84,90,96,110,120,140,150,240,240,240,1268,0,58,58.91147619146837,2.8073180001229048,987.597184983315,181.0686119873817
1781621344,500,POST,/posts,41.300000,0.000000,78,84,89,96,110,120,130,140,170,170,170,1864,0,59,60.210514803075526,3.417511994484812,749.2825830122456,228.74624463519314
1781621344,500,GET,/timeline/{user_id},374.900000,1.200000,83,94,100,110,120,140,160,210,550,4200,4200,15684,15,68,117.35993411916681,1.9609589944593608,4939.051608002046,7301.709002805407
1781621344,500,GET,/users/{user_id},136.700000,0.600000,83,93,100,110,120,140,150,180,420,560,560,6128,10,65,79.00702619013595,1.743211003486067,1399.9007530219387,270.9029046997389
1781621344,500,,Aggregated,1433.400000,5.100000,83,93,100,110,120,140,160,180,550,4200,5500,62689,75,66,89.68124872436408,1.743211003486067,5462.594282987993,7752.567755108552
1781621345,500,GET,/feed/{user_id},603.900000,1.700000,83,94,100,110,130,140,160,170,210,270,270,25754,31,67,79.55008906559836,2.0479889935813844,1717.7215510164388,9116.187970800653
1781621345,500,GET,/feed/{user_id}?with_fof=true,310.300000,1.600000,84,96,100,110,130,140,170,180,680,840,840,12957,19,69,88.85321711541833,2.0921560062561184,5462.594282987993,11096.01427799645
1781621345,500,POST,/likes,29.700000,0.000000,80,87,96,100,110,120,140,140,150,150,150,1299,0,59,59.69273462101406,2.8073180001229048,987.597184983315,181.07005388760584
1781621345,500,POST,/posts,44.000000,0.000000,78,84,91,98,110,120,130,140,170,170,170,1920,0,60,60.765423641684414,3.417511994484812,749.2825830122456,228.7390625
1781621345,500,GET,/timeline/{user_id},397.000000,1.200000,84,94,100,110,130,140,160,170,410,490,490,16112,15,68,116.6306549178235,1.9609589944593608,4939.051608002046,7304.379220456803
1781621345,500,GET,/users/{user_id},146.300000,0.600000,83,93,100,110,120,140,150,160,200,230,230,6304,10,66,79.2492311962485,1.743211003486067,1399.9007530219387,270.9427347715736
1781621345,500,,Aggregated,1531.200000,5.100000,83,94,100,110,130,140,160,170,480,770,840,64346,75,67,89.71738521620121,1.743211003486067,5462.594282987993,7749.043172846797
1781621346,500,GET,/feed/{user_id},633.500000,1.400000,82,93,100,110,120,140,150,170,200,270,270,26432,31,68,79.71246563517983,2.0479889935813844,1717.7215510164388,9118.821390738498
1781621346,500,GET,/feed/{user_id}?with_fof=true,325.800000,1.600000,83,95,100,110,130,140,160,180,680,840,840,13289,19,69,88.73311579005419,2.0921560062561184,5462.594282987993,11102.61539619234
1781621346,500,POST,/likes,30.800000,0.000000,80,87,96,100,110,120,140,140,150,150,150,1341,0,60,60.33086226901055,2.8073180001229048,987.597184983315,181.0656226696495
1781621346,500,POST,/posts,47.400000,0.000000,77,83,88,93,110,120,130,140,170,170,170,1962,0,61,61.07844295721619,3.417511994484812,749.2825830122456,228.7375127420999
1781621346,500,GET,/timeline/{user_id},414.700000,1.100000,83,94,100,110,120,140,160,170,410,490,490,16512,15,69,115.97440294819937,1.9609589944593608,4939.051608002046,7304.008236434109
1781621346,500,GET,/users/{user_id},153.300000,0.600000,82,93,100,110,120,140,150,160,200,230,230,6507,10,67,79.42583241422994,1.743211003486067,1399.9007530219387,270.96357768556936
1781621346,500,,Aggregated,1605.500000,4.700000,82,93,100,110,120,140,150,170,480,770,840,66043,75,68,89.61838638141666,1.743211003486067,5462.594282987993,7746.920627469982
1781621347,500,GET,/feed/{user_id},644.900000,0.600000,81,91,100,100,120,140,150,160,200,220,220,27087,31,68,79.74868093750098,2.0479889935813844,1717.7215510164388,9121.542917266586
1781621347,500,GET,/feed/{user_id}?with_fof=true,332.700000,0.500000,82,92,100,110,130,140,160,180,680,840,840,13609,19,70,88.54033467353297,2.0921560062561184,5462.594282987993,11102.804835035638
1781621347,500,POST,/likes,31.300000,0.000000,78,84,91,99,110,120,130,140,150,150,150,1381,0,61,60.81651720907242,2.8073180001229048,987.597184983315,181.06444605358436
1781621347,500,POST,/posts,49.200000,0.000000,76,81,86,90,110,120,130,140,150,150,150,2012,0,62,61.34500990907114,3.417511994484812,749.2825830122456,228.73161033797217
1781621347,500,GET,/timeline/{user_id},416.500000,0.400000,82,92,100,110,120,140,150,170,410,490,490,16933,15,70,115.17566495440101,1.9609589944593608,4939.051608002046,7297.446642650446
1781621347,500,GET,/users/{user_id},156.000000,0.100000,81,90,99,100,120,140,150,160,200,230,230,6681,10,68,79.50815475907336,1.743211003486067,1399.9007530219387,270.9821882951654
1781621347,500,,Aggregated,1630.600000,1.600000,81,91,100,110,120,140,150,170,440,770,840,67703,75,68,89.41960063730052,1.743211003486067,5462.594282987993,7743.551364045907
1781621348,500,GET,/feed/{user_id},646.200000,0.000000,81,91,100,110,120,140,150,160,200,220,220,27783,31,69,79.8384839516944,2.0479889935813844,1717.7215510164388,9115.416765648059
1781621348,500,GET,/feed/{user_id}?with_fof=true,327.500000,0.000000,82,93,100,110,120,140,160,170,640,840,840,13949,19,70,88.45517839632441,2.0921560062561184,5462.594282987993,11098.918632160012
1781621348,500,POST,/likes,32.000000,0.000000,78,85,93,100,110,120,130,130,140,140,140,1419,0,61,61.26453741360882,2.8073180001229048,987.597184983315,181.06553911205074
1781621348,500,POST,/posts,47.400000,0.000000,76,82,86,92,110,120,130,140,150,150,150,2076,0,62,61.84716511568008,3.417511994484812,749.2825830122456,228.72928709055876
1781621348,500,GET,/timeline/{user_id},414.300000,0.000000,83,93,100,110,120,140,150,170,410,490,490,17345,15,70,114.4345670324568,1.9609589944593608,4939.051608002046,7295.9231478812335
1781621348,500,GET,/users/{user_id},158.800000,0.000000,81,91,100,110,120,140,150,160,200,230,230,6875,10,69,79.64252743482675,1.743211003486067,1399.9007530219387,271.0120727272727
1781621348,500,,Aggregated,1626.200000,0.000000,81,91,100,110,120,140,150,170,400,770,840,69447,75,69,89.27315676332523,1.743211003486067,5462.594282987993,7735.614338992325
1781621349,500,GET,/feed/{user_id},648.400000,0.000000,80,91,100,110,120,140,150,160,200,220,220,28445,31,69,79.96732429769797,2.0479889935813844,1717.7215510164388,9112.802144489366
1781621349,500,GET,/feed/{user_id}?with_fof=true,327.200000,0.000000,81,93,100,110,130,140,160,180,680,840,840,14278,19,70,88.43521808413817,2.0921560062561184,5462.594282987993,11101.546084885838
1781621349,500,POST,/likes,33.200000,0.000000,77,84,93,100,110,120,130,140,150,150,150,1452,0,62,61.592571947577866,2.8073180001229048,987.597184983315,181.06198347107437
1781621349,500,POST,/posts,48.000000,0.000000,75,82,86,92,110,120,130,130,150,150,150,2125,0,63,62.266519479659,3.417511994484812,749.2825830122456,228.7270588235294
1781621349,500,GET,/timeline/{user_id},413.700000,0.000000,82,93,100,110,120,140,160,170,410,490,490,17767,15,70,113.84220972896777,1.9609589944593608,4939.051608002046,7298.611020431136
1781621349,500,GET,/users/{user_id},163.500000,0.000000,80,91,100,110,120,140,150,160,200,230,230,7030,10,69,79.79378735723277,1.743211003486067,1399.9007530219387,271.0288762446657
1781621349,500,,Aggregated,1634.000000,0.000000,81,91,100,110,120,140,150,170,400,770,840,71097,75,69,89.21167162034054,1.743211003486067,5462.594282987993,7736.616650491582
1781621350,500,GET,/feed/{user_id},648.100000,0.000000,80,90,99,100,120,140,150,160,200,220,220,29109,31,69,80.07875697626478,2.0479889935813844,1717.7215510164388,9112.88759490192
1781621350,500,GET,/feed/{user_id}?with_fof=true,326.700000,0.000000,81,92,100,110,130,140,160,180,680,840,840,14618,19,71,88.43752857128578,2.0921560062561184,5462.594282987993,11104.028868518266
1781621350,500,POST,/likes,33.900000,0.000000,76,83,91,96,110,120,130,140,150,150,150,1483,0,62,61.81229104566047,2.8073180001229048,987.597184983315,181.06136210384355
1781621350,500,POST,/posts,49.600000,0.000000,75,83,88,94,110,120,130,130,150,150,150,2181,0,63,62.704031745624995,3.417511994484812,749.2825830122456,228.7244383310408
1781621350,500,GET,/timeline/{user_id},413.700000,0.000000,82,91,100,110,120,140,150,170,410,490,490,18185,15,71,113.13899017308898,1.9609589944593608,4939.051608002046,7293.911740445422
1781621350,500,GET,/users/{user_id},164.400000,0.000000,80,90,98,100,120,140,150,160,200,230,230,7196,10,70,79.87884125060307,1.743211003486067,1399.9007530219387,271.0568371317399
1781621350,500,,Aggregated,1636.400000,0.000000,80,90,99,100,120,140,150,170,420,770,840,72772,75,70,89.10649876699776,1.743211003486067,5462.594282987993,7735.714436871324
1781621351,500,GET,/feed/{user_id},653.100000,0.000000,79,89,96,100,120,130,150,160,200,220,220,29750,31,70,80.09945424236163,2.0479889935813844,1717.7215510164388,9112.639831932773
1781621351,500,GET,/feed/{user_id}?with_fof=true,325.700000,0.000000,79,89,97,100,120,140,160,180,710,840,840,14965,19,71,88.39147097769207,2.0921560062561184,5462.594282987993,11111.17119946542
1781621351,500,POST,/likes,34.200000,0.000000,75,81,88,93,100,120,120,130,150,150,150,1515,0,63,62.08514865257673,2.8073180001229048,987.597184983315,181.06270627062707
1781621351,500,POST,/posts,49.700000,0.000000,73,80,85,89,100,110,120,130,150,150,150,2210,0,64,62.80876499741882,3.417511994484812,749.2825830122456,228.72262443438913
1781621351,500,GET,/timeline/{user_id},412.200000,0.000000,80,89,98,100,120,130,150,170,390,490,490,18630,15,71,112.31560813270652,1.9609589944593608,4939.051608002046,7296.935373054213
1781621351,500,GET,/users/{user_id},163.600000,0.000000,79,89,95,100,120,140,150,160,190,190,190,7369,10,70,79.85992320130418,1.743211003486067,1399.9007530219387,271.08562898629395
1781621351,500,,Aggregated,1638.500000,0.000000,79,89,96,100,120,130,150,160,490,770,840,74439,75,70,88.92557733616856,1.743211003486067,5462.594282987993,7739.209755638845
1781621352,500,GET,/feed/{user_id},647.400000,0.000000,79,89,97,100,120,130,150,160,200,220,220,30458,31,70,80.144262788247,2.0479889935813844,1717.7215510164388,9116.264364042288
1781621352,500,GET,/feed/{user_id}?with_fof=true,324.900000,0.000000,79,90,98,100,120,140,150,180,710,840,840,15325,19,71,88.29332245063708,2.0921560062561184,5462.594282987993,11108.477455138662
1781621352,500,POST,/likes,32.900000,0.000000,75,82,89,94,100,120,120,130,150,150,150,1545,0,63,62.20866635578916,2.8073180001229048,987.597184983315,181.06148867313917
1781621352,500,POST,/posts,49.600000,0.000000,73,81,86,91,100,110,120,130,150,150,150,2254,0,64,63.03053431153971,3.417511994484812,749.2825830122456,228.7187222715173
1781621352,500,GET,/timeline/{user_id},409.800000,0.000000,80,90,98,100,120,130,150,170,420,490,490,19061,15,71,111.65692690989447,1.9609589944593608,4939.051608002046,7297.315041183569
1781621352,500,GET,/users/{user_id},165.500000,0.000000,79,89,97,100,120,140,150,160,190,190,190,7547,10,70,79.94566555365562,1.743211003486067,1399.9007530219387,271.09672717636147
1781621352,500,,Aggregated,1630.100000,0.000000,79,89,97,100,120,130,150,160,490,770,840,76190,75,70,88.77746368527676,1.743211003486067,5462.594282987993,7741.645334033337
1781621353,500,GET,/feed/{user_id},653.600000,0.000000,79,89,98,100,120,130,150,160,200,220,220,31125,31,70,80.344674531564,2.0479889935813844,1717.7215510164388,9116.017670682731
1781621353,500,GET,/feed/{user_id}?with_fof=true,323.100000,0.000000,79,90,98,100,120,140,160,180,660,750,750,15661,19,72,88.37897640558892,2.0921560062561184,5462.594282987993,11105.520400996105
1781621353,500,POST,/likes,34.100000,0.000000,75,81,89,95,100,120,120,130,150,150,150,1571,0,63,62.51137817608558,2.8073180001229048,987.597184983315,181.0604710375557
1781621353,500,POST,/posts,49.000000,0.000000,73,81,86,90,100,110,130,130,150,150,150,2306,0,64,63.45123056683698,3.417511994484812,749.2825830122456,228.71552471812663
1781621353,500,GET,/timeline/{user_id},418.000000,0.000000,79,89,98,100,120,130,150,170,350,480,480,19481,15,72,111.22379638008586,1.9609589944593608,4939.051608002046,7294.451978851188
1781621353,500,GET,/users/{user_id},167.900000,0.000000,79,89,96,100,120,140,150,160,200,210,210,7721,10,71,80.1645115681214,1.743211003486067,1399.9007530219387,271.10698096101544
1781621353,500,,Aggregated,1645.700000,0.000000,79,89,97,100,120,130,150,170,350,710,750,77865,75,71,88.80827108691312,1.743211003486067,5462.594282987993,7739.907596481089
1781621354,500,GET,/feed/{user_id},654.400000,0.000000,81,90,98,100,120,130,150,160,200,220,220,31729,31,71,80.60425252044149,2.0479889935813844,1717.7215510164388,9115.615052475654
1781621354,500,GET,/feed/{user_id}?with_fof=true,325.500000,0.000000,81,91,99,100,120,130,150,180,620,750,750,15999,19,72,88.56034188124035,2.0921560062561184,5462.594282987993,11104.86949184324
1781621354,500,POST,/likes,33.900000,0.000000,76,82,88,93,100,120,120,130,150,150,150,1610,0,64,63.09338253020722,2.8073180001229048,987.597184983315,181.06273291925467
1781621354,500,POST,/posts,47.400000,0.000000,75,83,88,92,100,110,120,130,140,140,140,2357,0,65,63.907398490078045,3.417511994484812,749.2825830122456,228.71149766652525
1781621354,500,GET,/timeline/{user_id},416.800000,0.000000,80,90,99,100,120,130,150,170,350,480,480,19879,15,72,110.94741973265302,1.9609589944593608,4939.051608002046,7296.566628100005
1781621354,500,GET,/users/{user_id},171.100000,0.000000,80,90,98,100,120,140,150,160,200,210,210,7886,10,71,80.48953323807726,1.743211003486067,1399.9007530219387,271.11361907177275
1781621354,500,,Aggregated,1649.100000,0.000000,80,90,98,100,120,130,150,160,310,710,750,79460,75,71,88.93586128963821,1.743211003486067,5462.594282987993,7738.650780266801
1781621355,500,GET,/feed/{user_id},650.000000,0.000000,81,90,97,100,120,130,150,160,200,220,220,32407,31,71,80.72685236974084,2.0479889935813844,1717.7215510164388,9117.544388558028
1781621355,500,GET,/feed/{user_id}?with_fof=true,329.300000,0.000000,81,91,99,100,120,130,150,180,620,750,750,16309,19,73,88.58732303114603,2.0921560062561184,5462.594282987993,11102.93862284628
1781621355,500,POST,/likes,32.800000,0.000000,75,81,88,94,100,110,120,130,150,150,150,1651,0,65,63.53457599376548,2.8073180001229048,987.597184983315,181.0672319806178
1781621355,500,POST,/posts,48.000000,0.000000,75,82,87,91,100,110,120,130,140,140,140,2413,0,66,64.25453797563154,3.417511994484812,749.2825830122456,228.71156237049317
1781621355,500,GET,/timeline/{user_id},416.900000,0.000000,81,91,99,100,120,130,160,170,390,490,490,20279,15,73,110.57055481370132,1.9609589944593608,4939.051608002046,7300.689185857291
1781621355,500,GET,/users/{user_id},171.100000,0.000000,80,90,98,100,120,140,150,160,200,210,210,8044,10,72,80.65573861432746,1.743211003486067,1399.9007530219387,271.1314022874192
1781621355,500,,Aggregated,1648.100000,0.000000,80,90,98,100,120,130,150,160,350,710,750,81103,75,72,88.92251314553987,1.743211003486067,5462.594282987993,7738.709628497097
1781621356,500,GET,/feed/{user_id},648.400000,0.000000,82,93,100,110,120,140,180,280,540,610,610,32795,31,72,81.45075383778351,2.0479889935813844,1717.7215510164388,9118.72919652386
1781621356,500,GET,/feed/{user_id}?with_fof=true,329.000000,0.000000,83,94,100,110,130,140,180,230,660,750,750,16440,19,73,88.87893294118494,2.0921560062561184,5462.594282987993,11100.830291970802
1781621356,500,POST,/likes,33.100000,0.000000,74,82,88,95,100,120,130,140,300,300,300,1679,0,65,63.28289708076641,2.8073180001229048,987.597184983315,181.06849315068493
1781621356,500,POST,/posts,48.200000,0.000000,75,83,89,94,110,120,130,150,540,540,540,2458,0,66,64.46182105221453,3.417511994484812,749.2825830122456,228.71236777868185
1781621356,500,GET,/timeline/{user_id},411.300000,0.000000,82,93,100,110,130,150,220,350,880,1100,1100,20531,15,73,111.18918096780736,1.9609589944593608,4939.051608002046,7309.3877551020405
1781621356,500,GET,/users/{user_id},173.200000,0.000000,82,94,100,110,130,150,190,250,490,630,630,8148,10,72,81.44946369965602,1.743211003486067,1399.9007530219387,271.1588119783996
1781621356,500,,Aggregated,1643.200000,0.000000,82,93,100,110,120,140,180,300,590,1000,1100,82051,75,72,89.49947684590028,1.743211003486067,5462.594282987993,7735.323213611046
1781621357,500,GET,/feed/{user_id},652.200000,0.000000,83,93,100,110,130,160,370,570,980,1200,1200,32965,31,72,82.91113201738865,2.0479889935813844,1717.7215510164388,9117.568269376612
1781621357,500,GET,/feed/{user_id}?with_fof=true,328.400000,0.000000,83,94,100,110,130,150,190,330,730,810,810,16461,19,73,89.10019833509878,2.0921560062561184,5462.594282987993,11100.90656703724
1781621357,500,POST,/likes,34.600000,0.000000,73,82,88,95,100,120,160,300,720,720,720,1685,0,65,63.964497936887454,2.8073180001229048,987.597184983315,181.0706231454006
1781621357,500,POST,/posts,48.300000,0.000000,76,83,89,95,110,120,150,330,800,800,800,2464,0,66,65.1148367464589,3.417511994484812,801.9002579967491,228.71469155844156
1781621357,500,GET,/timeline/{user_id},412.800000,0.000000,83,94,100,110,130,170,420,660,1100,1800,1800,20623,15,73,112.61969833201516,1.9609589944593608,4939.051608002046,7310.17873248315
1781621357,500,GET,/users/{user_id},172.100000,0.000000,83,95,100,110,140,160,430,720,1000,1200,1200,8197,10,72,83.57122316005896,1.743211003486067,1399.9007530219387,271.1786019275345
1781621357,500,,Aggregated,1648.400000,0.000000,82,93,100,110,130,160,350,540,1000,1400,1800,82395,75,72,90.72948993820427,1.743211003486067,5462.594282987993,7732.774864979671
1781621358,500,GET,/feed/{user_id},636.400000,0.000000,84,95,100,110,130,210,560,840,1500,1600,1600,33039,32,72,84.27962110206938,2.0479889935813844,1717.7215510164388,9116.963527951815
1781621358,500,GET,/feed/{user_id}?with_fof=true,317.500000,0.000000,83,94,100,110,130,150,190,340,730,810,810,16461,19,73,89.10019833509878,2.0921560062561184,5462.594282987993,11100.90656703724
1781621358,500,POST,/likes,34.100000,0.000000,75,84,89,95,110,120,300,540,720,720,720,1687,0,65,64.62882767200195,2.8073180001229048,987.597184983315,181.07231772377
1781621358,500,POST,/posts,50.000000,0.000000,76,84,90,95,110,130,330,530,800,800,800,2468,0,66,65.82832622013603,3.417511994484812,801.9002579967491,228.71677471636954
1781621358,500,GET,/timeline/{user_id},400.000000,0.000000,83,94,100,110,130,240,550,800,1600,3200,3200,20664,15,73,113.6124555459847,1.9609589944593608,4939.051608002046,7311.321234998064
1781621358,500,GET,/users/{user_id},164.300000,0.000000,84,96,100,110,140,230,680,920,1600,1800,1800,8219,10,72,85.2512793147632,1.743211003486067,1769.9063690088224,271.1816522691325
1781621358,500,,Aggregated,1602.300000,0.000000,83,94,100,110,130,180,490,770,1500,1800,3200,82538,76,72,91.72810043700524,1.743211003486067,5462.594282987993,7731.315357774601
1781621359,500,GET,/feed/{user_id},592.500000,0.000000,85,97,110,110,140,260,630,880,1500,2300,2300,33048,32,72,84.3445042985437,2.0479889935813844,2298.167151020607,9117.007292423143
1781621359,500,GET,/feed/{user_id}?with_fof=true,289.600000,0.000000,85,96,100,110,130,150,200,350,750,810,810,16461,19,73,89.10019833509878,2.0921560062561184,5462.594282987993,11100.90656703724
1781621359,500,POST,/likes,30.700000,0.000000,76,84,90,96,110,130,300,540,720,720,720,1687,0,65,64.62882767200195,2.8073180001229048,987.597184983315,181.07231772377
1781621359,500,POST,/posts,45.700000,0.000000,77,84,90,95,110,130,350,530,800,800,800,2468,0,66,65.82832622013603,3.417511994484812,801.9002579967491,228.71677471636954
1781621359,500,GET,/timeline/{user_id},374.500000,0.000000,85,97,110,110,140,310,630,890,1600,3200,3200,20665,15,73,113.60736706233915,1.9609589944593608,4939.051608002046,7311.4189692717155
1781621359,500,GET,/users/{user_id},152.300000,0.000000,85,99,110,110,140,290,760,930,1600,1800,1800,8219,10,72,85.2512793147632,1.743211003486067,1769.9063690088224,271.1816522691325
1781621359,500,,Aggregated,1485.300000,0.000000,85,96,100,110,140,210,550,810,1500,2300,3200,82548,76,72,91.75225552742104,1.743211003486067,5462.594282987993,7731.503331395067
1781621360,500,GET,/feed/{user_id},537.400000,0.100000,86,99,110,120,150,350,770,1000,3800,3800,3800,33054,32,72,85.01765410892207,2.0479889935813844,3814.0392070054077,9117.480698251346
1781621360,500,GET,/feed/{user_id}?with_fof=true,258.500000,0.000000,86,97,110,110,130,150,210,350,750,810,810,16461,19,73,89.10019833509878,2.0921560062561184,5462.594282987993,11100.90656703724
1781621360,500,POST,/likes,27.200000,0.000000,77,85,94,98,110,140,390,710,720,720,720,1687,0,65,64.62882767200195,2.8073180001229048,987.597184983315,181.07231772377
1781621360,500,POST,/posts,40.500000,0.000000,78,85,90,97,110,140,490,540,800,800,800,2468,0,66,65.82832622013603,3.417511994484812,801.9002579967491,228.71677471636954
1781621360,500,GET,/timeline/{user_id},339.200000,0.000000,87,100,110,120,160,370,730,1000,3800,5000,5000,20671,15,73,114.55599934392212,1.9609589944593608,4954.173008998623,7310.932707658072
1781621360,500,GET,/users/{user_id},138.000000,0.000000,87,100,110,120,160,410,820,1200,3800,3800,3800,8221,10,72,85.69241663168368,1.743211003486067,3785.2606710221153,271.18185135628266
1781621360,500,,Aggregated,1340.800000,0.100000,86,98,110,120,150,290,670,900,3800,5000,5000,82562,76,72,92.30408014185215,1.743211003486067,5462.594282987993,7731.460575082968
1781621361,500,GET,/feed/{user_id},475.100000,0.100000,88,100,110,120,190,430,900,1400,4500,4700,4700,33068,32,72,86.45379681620608,2.0479889935813844,4684.406777989352,9117.403955485666
1781621361,500,GET,/feed/{user_id}?with_fof=true,225.600000,0.000000,88,100,110,110,130,160,240,390,730,810,810,16461,19,73,89.10019833509878,2.0921560062561184,5462.594282987993,11100.90656703724
1781621361,500,POST,/likes,24.100000,0.000000,78,86,94,100,120,160,540,710,720,720,720,1687,0,65,64.62882767200195,2.8073180001229048,987.597184983315,181.07231772377
1781621361,500,POST,/posts,35.600000,0.000000,79,86,91,97,120,200,500,540,800,800,800,2468,0,66,65.82832622013603,3.417511994484812,801.9002579967491,228.71677471636954
1781621361,500,GET,/timeline/{user_id},299.200000,0.000000,89,100,120,130,190,480,900,1200,5100,5800,5800,20678,15,73,116.06678900117043,1.9609589944593608,5802.535146998707,7310.579698230003
1781621361,500,GET,/users/{user_id},123.100000,0.000000,89,110,120,130,200,560,920,1400,4700,4700,4700,8223,10,72,86.24722911784815,1.743211003486067,4713.109439006075,271.18107746564516
1781621361,500,,Aggregated,1182.700000,0.100000,88,100,110,120,170,390,810,1200,4600,5800,5800,82585,76,72,93.313140247122,1.743211003486067,5802.535146998707,7731.3600290609675
1781621362,500,GET,/feed/{user_id},412.700000,0.100000,89,110,120,130,300,660,1400,3700,4500,4700,4700,33082,32,72,87.91922034657001,2.0479889935813844,4684.406777989352,9117.292848074481
1781621362,500,GET,/feed/{user_id}?with_fof=true,192.300000,0.000000,90,100,110,120,140,170,290,440,810,810,810,16461,19,73,89.10019833509878,2.0921560062561184,5462.594282987993,11100.90656703724
1781621362,500,POST,/likes,22.100000,0.000000,78,86,95,99,130,290,710,720,4100,4100,4100,1688,0,65,66.99319938960501,2.8073180001229048,4055.688286985969,181.0734597156398
1781621362,500,POST,/posts,30.100000,0.000000,79,85,91,99,130,330,540,800,4500,4500,4500,2469,0,66,67.63149838125435,3.417511994484812,4517.860392021248,228.71769947347104
1781621362,500,GET,/timeline/{user_id},259.600000,0.000000,92,110,120,140,370,760,3800,6200,6700,6700,6700,20701,15,73,121.85027159925187,1.9609589944593608,6707.600487978198,7309.851794599294
1781621362,500,GET,/users/{user_id},106.400000,0.000000,93,110,120,140,340,760,1400,3700,4700,4700,4700,8228,10,72,88.29069339596909,1.743211003486067,4713.109439006075,271.1865580943121
1781621362,500,,Aggregated,1023.200000,0.100000,89,100,120,130,240,560,1200,3800,6500,6700,6700,82629,76,72,95.65850972431453,1.743211003486067,6707.600487978198,7730.61789444384
1781621363,500,GET,/feed/{user_id},345.800000,0.100000,88,110,140,170,460,880,3700,4200,5200,6400,6400,33096,32,72,88.94825050607925,2.0479889935813844,6393.946241994854,9117.34164249456
1781621363,500,GET,/feed/{user_id}?with_fof=true,157.900000,0.000000,87,97,110,120,150,210,390,500,810,810,810,16461,19,73,89.10019833509878,2.0921560062561184,5462.594282987993,11100.90656703724
1781621363,500,POST,/likes,17.800000,0.000000,73,83,93,98,140,390,720,4100,4100,4100,4100,1688,0,65,66.99319938960501,2.8073180001229048,4055.688286985969,181.0734597156398
1781621363,500,POST,/posts,26.500000,0.000000,76,83,91,110,210,540,800,4500,5200,5200,5200,2473,0,66,70.14218247689539,3.417511994484812,5158.848252001917,228.7189648200566
1781621363,500,GET,/timeline/{user_id},212.400000,0.000000,93,120,150,240,720,3700,6500,6900,8000,8000,8000,20725,15,73,127.60962806735996,1.9609589944593608,8035.936585016316,7307.375633293124
1781621363,500,GET,/users/{user_id},89.000000,0.000000,95,110,140,190,630,920,1800,4500,4700,4700,4700,8232,10,72,89.08805289504849,1.743211003486067,4713.109439006075,271.187925170068
1781621363,500,,Aggregated,849.400000,0.100000,88,110,130,160,440,880,3800,5100,7500,8000,8000,82675,76,72,97.67327722414674,1.743211003486067,8035.936585016316,7729.405684910796
1781621364,500,GET,/feed/{user_id},279.500000,0.100000,110,190,340,420,900,3700,5200,6400,7500,7500,7500,33133,32,72,92.23432386262144,2.0479889935813844,7524.362170981476,9117.692783629614
1781621364,500,GET,/feed/{user_id}?with_fof=true,123.200000,0.000000,95,110,130,140,240,390,500,730,8300,8300,8300,16462,19,73,89.60164102800738,2.0921560062561184,8343.84980899631,11100.281496780464
1781621364,500,POST,/likes,15.000000,0.000000,68,78,100,160,540,720,6500,6500,6500,6500,6500,1689,0,65,70.80676755456068,2.8073180001229048,6508.109829999739,181.07400828892835
1781621364,500,POST,/posts,22.900000,0.000000,77,88,140,210,560,4500,6400,6600,6600,6600,6600,2476,0,66,77.71352195008258,3.417511994484812,6628.927052021027,228.72172859450728
1781621364,500,GET,/timeline/{user_id},174.400000,0.000000,120,310,500,740,4600,7000,8000,8600,9000,9000,9000,20759,15,73,136.94100307760675,1.9609589944593608,9039.934661996085,7306.394575846621
1781621364,500,GET,/users/{user_id},72.200000,0.000000,120,210,410,580,930,3800,6500,6600,7500,7500,7500,8239,10,72,93.89568787159025,1.743211003486067,7451.180105999811,271.1882510013351
1781621364,500,,Aggregated,687.200000,0.100000,110,170,330,440,980,4500,6700,7500,8700,9000,9000,82758,76,72,102.21849528931831,1.743211003486067,9039.934661996085,7728.669892940864
1781621365,500,GET,/feed/{user_id},216.100000,0.100000,360,610,870,1100,4300,6600,7200,7400,7700,7700,7700,33154,32,72,95.68740176172467,2.0479889935813844,7730.51162000047,9117.157477227483
1781621365,500,GET,/feed/{user_id}?with_fof=true,90.200000,0.000000,200,340,390,450,700,810,8800,8800,8800,8800,8800,16463,19,73,90.12834742617106,2.0921560062561184,8760.769073996926,11099.656502460062
1781621365,500,POST,/likes,12.400000,0.000000,390,710,720,4100,6500,7200,7200,7200,7200,7200,7200,1690,0,65,75.01935074832593,2.8073180001229048,7190.072365017841,181.07514792899408
1781621365,500,POST,/posts,17.900000,0.000000,500,750,4500,5900,6600,7300,7800,7800,7800,7800,7800,2479,0,66,86.32769725712718,3.417511994484812,7753.48416500492,228.72488906817264
1781621365,500,GET,/timeline/{user_id},136.000000,0.000000,520,1000,4200,6200,7400,8000,8600,8700,9700,9700,9700,20771,15,73,141.04441639165645,1.9609589944593608,9666.687910998007,7306.088103605989
1781621365,500,GET,/users/{user_id},56.900000,0.000000,430,720,880,1200,4300,6500,7300,7500,7700,7700,7700,8245,10,72,95.9243633221409,1.743211003486067,7723.4874720161315,271.1890842935112
1781621365,500,,Aggregated,529.500000,0.100000,390,720,980,1500,6300,7200,7900,8500,9700,9700,9700,82802,76,72,105.28154047501857,1.743211003486067,9666.687910998007,7727.683147750055
1781621366,500,GET,/feed/{user_id},158.900000,0.100000,840,1500,3800,4500,6700,7400,8300,8800,8900,8900,8900,33186,32,72,98.04695956151028,2.0479889935813844,8940.919147979002,9117.072410052431
1781621366,500,GET,/feed/{user_id}?with_fof=true,57.800000,0.000000,200,350,450,500,1900,8300,9900,10000,10000,10000,10000,16474,19,73,91.7894772913694,2.0921560062561184,10025.901951972628,11099.347456598276
1781621366,500,POST,/likes,9.400000,0.000000,4100,6500,7200,7200,8900,8900,8900,8900,8900,8900,8900,1691,0,65,80.25254543563918,2.8073180001229048,8924.351566995028,181.07569485511533
1781621366,500,POST,/posts,13.500000,0.000000,800,5200,6400,6500,7300,7800,7800,7800,7800,7800,7800,2482,0,66,86.96571769879769,3.417511994484812,7753.48416500492,228.72562449637388
1781621366,500,GET,/timeline/{user_id},98.800000,0.000000,3700,6400,7000,7500,8500,9000,10000,10000,11000,11000,11000,20804,15,73,147.32334757811654,1.9609589944593608,10532.933352020336,7304.975197077485
1781621366,500,GET,/users/{user_id},40.400000,0.000000,870,1500,2000,4300,6500,7300,7700,8300,8300,8300,8300,8253,10,72,98.08058988913348,1.743211003486067,8286.9096469949,271.1928995516782
1781621366,500,,Aggregated,378.800000,0.100000,1000,3800,5200,6500,7500,8500,9000,10000,11000,11000,11000,82890,76,72,108.47938528093283,1.743211003486067,10532.933352020336,7727.042707202317
1781621367,500,GET,/feed/{user_id},95.700000,0.100000,1900,4100,5200,6100,7400,8700,8800,8800,8900,8900,8900,33231,32,72,102.01101206984967,2.0479889935813844,8940.919147979002,9116.68899521531
1781621367,500,GET,/feed/{user_id}?with_fof=true,25.700000,0.000000,190,390,610,1700,2800,8600,9900,10000,10000,10000,10000,16494,19,73,94.05016399581532,2.0921560062561184,10025.901951972628,11099.32157148054
1781621367,500,POST,/likes,5.000000,0.000000,6500,6500,7200,7200,8900,8900,8900,8900,8900,8900,8900,1692,0,65,82.40197417888395,2.8073180001229048,8924.351566995028,181.07683215130024
1781621367,500,POST,/posts,8.600000,0.000000,4500,5900,6500,6500,7300,7800,7800,7800,7800,7800,7800,2483,0,66,86.9327833114907,3.417511994484812,7753.48416500492,228.7257349979863
1781621367,500,GET,/timeline/{user_id},60.100000,0.000000,4500,6800,7500,8000,8700,10000,11000,11000,11000,11000,11000,20847,15,73,154.33705506802033,1.9609589944593608,11339.184666983783,7305.43329975536
1781621367,500,GET,/users/{user_id},24.500000,0.000000,1800,4300,5100,6500,7500,8600,8800,9200,9200,9200,9200,8265,10,72,102.31881015560437,1.743211003486067,9216.161064017797,271.1978221415608
1781621367,500,,Aggregated,219.600000,0.100000,3300,5200,6600,7200,8500,8800,10000,11000,11000,11000,11000,83012,76,72,112.74995351578482,1.743211003486067,11339.184666983783,7727.087987278947
1781621368,500,GET,/feed/{user_id},49.900000,0.100000,2000,4200,5900,6700,7700,8800,9600,9800,10000,10000,10000,33270,32,72,105.42265974899837,2.0479889935813844,9952.153090009233,9115.84024646829
1781621368,500,GET,/feed/{user_id}?with_fof=true,5.800000,0.000000,250,700,1900,2600,10000,13000,13000,13000,13000,13000,13000,16516,19,73,102.16767223359463,2.0921560062561184,12898.24154600501,11099.950653911359
1781621368,500,POST,/likes,1.400000,0.000000,4100,7200,7500,7500,8900,9900,9900,9900,9900,9900,9900,1697,0,65,95.3221535237261,2.8073180001229048,9927.080584020587,181.08485562757807
1781621368,500,POST,/posts,3.200000,0.000000,1900,5900,6400,6500,7300,7800,7800,7800,7800,7800,7800,2484,0,66,87.67423631377387,3.417511994484812,7753.48416500492,228.72665056360708
1781621368,500,GET,/timeline/{user_id},32.900000,0.000000,5100,7100,7800,8400,9800,11000,12000,12000,12000,12000,12000,20878,15,73,161.6995771536998,1.9609589944593608,12356.006079004146,7305.401571031708
1781621368,500,GET,/users/{user_id},13.000000,0.000000,2100,4600,6600,7500,7700,8800,9200,9800,9800,9800,9800,8279,10,72,109.37689745911325,1.743211003486067,9784.479738998925,271.20473487136127
1781621368,500,,Aggregated,106.200000,0.100000,3600,6000,7100,7500,8800,10000,12000,13000,13000,13000,13000,83124,76,72,118.56807622192548,1.743211003486067,12898.24154600501,7726.453563351138
1781621369,500,GET,/feed/{user_id},29.100000,0.100000,1900,4200,5200,6600,7400,8700,8900,9800,10000,10000,10000,33342,32,72,110.43774484446568,2.0479889935813844,9952.153090009233,9117.367644412452
1781621369,500,GET,/feed/{user_id}?with_fof=true,2.700000,0.000000,1500,5100,12000,13000,13000,13000,14000,14000,14000,14000,14000,16573,19,73,131.77141650009494,2.0921560062561184,13659.763829986332,11099.15863150908
1781621369,500,POST,/likes,0.800000,0.000000,2100,5000,6500,7200,8900,9900,9900,9900,9900,9900,9900,1703,0,65,99.4830935729753,2.8073180001229048,9927.080584020587,181.0857310628303
1781621369,500,POST,/posts,2.000000,0.000000,1900,5900,6400,6500,7300,7800,7800,7800,7800,7800,7800,2485,0,66,87.64070491807749,3.417511994484812,7753.48416500492,228.72676056338028
1781621369,500,GET,/timeline/{user_id},23.200000,0.000000,4300,6800,7600,8100,9800,11000,12000,12000,13000,13000,13000,20921,15,73,168.05831683475822,1.9609589944593608,13132.161769986851,7305.39247645906
1781621369,500,GET,/users/{user_id},7.900000,0.000000,1900,4300,5100,6500,7500,8300,9200,9800,9800,9800,9800,8308,10,72,116.47934046870145,1.743211003486067,9784.479738998925,271.2107607125662
1781621369,500,,Aggregated,65.700000,0.100000,2700,5200,7000,7500,9800,13000,13000,13000,14000,14000,14000,83332,76,72,128.84520042061163,1.743211003486067,13659.763829986332,7726.9684874958
1781621370,500,GET,/feed/{user_id},23.700000,0.000000,1300,2000,4100,4700,7100,8300,8800,9800,10000,10000,10000,33463,32,72,112.80911841685634,2.0479889935813844,9952.153090009233,9116.748020201416
1781621370,500,GET,/feed/{user_id}?with_fof=true,4.700000,0.000000,4900,13000,13000,13000,14000,14000,14000,14000,14000,14000,14000,16649,19,73,163.23094023101058,2.0921560062561184,14303.009621013189,11101.004444711394
1781621370,500,POST,/likes,1.100000,0.000000,1100,2100,4100,5000,7500,8900,9900,9900,9900,9900,9900,1713,0,65,101.57423754568539,2.8073180001229048,9927.080584020587,181.09340338587273
1781621370,500,POST,/posts,1.700000,0.000000,1400,2000,5200,5900,6600,7300,7800,7800,7800,7800,7800,2496,0,66,91.50458329586633,3.417511994484812,7753.48416500492,228.7323717948718
1781621370,500,GET,/timeline/{user_id},21.000000,0.000000,2000,6200,7100,7800,9000,11000,12000,12000,13000,13000,13000,20977,15,73,169.47045036272834,1.9609589944593608,13132.161769986851,7306.34013443295
1781621370,500,GET,/users/{user_id},6.500000,0.000000,1400,2700,4500,4900,7500,7700,8800,9200,9800,9800,9800,8333,10,72,118.10428047016158,1.743211003486067,9784.479738998925,271.22308892355693
1781621370,500,,Aggregated,58.700000,0.000000,1700,4200,6500,7300,10000,13000,14000,14000,14000,14000,14000,83631,76,72,136.72083520140157,1.743211003486067,14303.009621013189,7728.003850246918
1781621371,500,GET,/feed/{user_id},26.800000,0.000000,770,1600,2000,3400,6800,7500,8800,8900,10000,10000,10000,33585,32,72,114.26568361283908,2.0479889935813844,9952.153090009233,9116.173172547267
1781621371,500,GET,/feed/{user_id}?with_fof=true,9.300000,0.000000,1900,13000,13000,14000,14000,14000,14000,15000,15000,15000,15000,16731,19,73,187.92232588823586,2.0921560062561184,14685.942076001083,11100.532902994442
1781621371,500,POST,/likes,1.300000,0.000000,680,810,2000,3700,7200,8900,9900,9900,9900,9900,9900,1726,0,65,103.74452255257926,2.8073180001229048,9927.080584020587,181.1008111239861
1781621371,500,POST,/posts,1.600000,0.000000,750,1800,2000,5200,6500,7300,7800,7800,7800,7800,7800,2503,0,66,91.67847807408769,3.417511994484812,7753.48416500492,228.73272073511785
1781621371,500,GET,/timeline/{user_id},23.600000,0.000000,1500,3700,6800,7500,8700,11000,12000,12000,13000,13000,13000,21031,15,73,170.08940166648463,1.9609589944593608,13132.161769986851,7308.035518995768
1781621371,500,GET,/users/{user_id},7.900000,0.000000,860,1600,2100,4100,7300,7600,8800,9200,9800,9800,9800,8368,10,72,119.90887078619045,1.743211003486067,9784.479738998925,271.2325525812619
1781621371,500,,Aggregated,70.500000,0.000000,980,2000,5100,6800,10000,13000,14000,14000,15000,15000,15000,83944,76,72,142.60487148938745,1.743211003486067,14685.942076001083,7728.2445320689985
1781621372,500,GET,/feed/{user_id},36.500000,0.000000,690,1300,1700,1900,6000,7300,8800,8800,10000,10000,10000,33724,33,72,116.25615946488644,2.0479889935813844,9952.153090009233,9114.744573597438
1781621372,500,GET,/feed/{user_id}?with_fof=true,15.700000,0.000000,1600,12000,13000,14000,14000,14000,14000,15000,16000,16000,16000,16813,19,73,202.02588616416264,2.0921560062561184,16291.524133994244,11101.446678165705
1781621372,500,POST,/likes,2.300000,0.000000,680,810,1700,1800,6500,7500,9900,9900,9900,9900,9900,1734,0,65,107.06435353498537,2.8073180001229048,9927.080584020587,181.1066897347174
1781621372,500,POST,/posts,2.300000,0.000000,390,810,1500,2000,6400,6600,7800,7800,7800,7800,7800,2514,0,66,92.0317414432811,3.417511994484812,7753.48416500492,228.73468575974542
1781621372,500,GET,/timeline/{user_id},27.900000,0.000000,830,1900,3400,6700,8600,10000,12000,12000,13000,13000,13000,21107,15,73,171.97858481365748,1.9609589944593608,13132.161769986851,7307.610792628038
1781621372,500,GET,/users/{user_id},10.200000,0.000000,690,1300,1900,2000,6500,7500,8600,9200,9800,9800,9800,8402,11,73,121.79313089083264,1.743211003486067,9784.479738998925,271.20959295405856
1781621372,500,,Aggregated,94.900000,0.000000,810,1600,2100,5100,9000,13000,14000,14000,15000,16000,16000,84294,78,72,146.95659487385362,1.743211003486067,16291.524133994244,7728.23440577028
1781621373,500,GET,/feed/{user_id},47.300000,0.000000,610,1100,1600,1800,4100,7200,8700,8800,10000,10000,10000,33849,35,72,118.1997857893897,2.0479889935813844,9952.153090009233,9113.89952435818
1781621373,500,GET,/feed/{user_id}?with_fof=true,25.100000,0.000000,1200,5200,13000,13000,14000,14000,15000,16000,18000,18000,18000,16867,20,73,207.8417588922158,2.0921560062561184,17944.305960991187,11101.753898144305
1781621373,500,POST,/likes,3.500000,0.000000,670,790,1400,1700,5000,7500,9900,9900,9900,9900,9900,1737,0,65,107.90657000153413,2.8073180001229048,9927.080584020587,181.1076568796776
1781621373,500,POST,/posts,3.300000,0.000000,240,710,1300,1400,2000,6500,7800,7800,7800,7800,7800,2520,0,66,92.9367038795063,3.417511994484812,7753.48416500492,228.73730158730157
1781621373,500,GET,/timeline/{user_id},33.400000,0.000000,720,1500,2000,3200,8500,10000,12000,12000,13000,13000,13000,21182,16,73,174.06629502506996,1.9609589944593608,13132.161769986851,7307.283684260221
1781621373,500,GET,/users/{user_id},13.700000,0.000000,560,1100,1500,1900,4300,7500,8600,9200,9800,9800,9800,8436,14,73,123.53289577604326,1.743211003486067,9784.479738998925,271.1340682788051
1781621373,500,,Aggregated,126.300000,0.000000,720,1400,1900,2200,8700,13000,14000,14000,18000,18000,18000,84591,85,72,149.6310656249108,1.743211003486067,17944.305960991187,7727.900604083176
1781621374,500,GET,/feed/{user_id},59.700000,0.000000,540,910,1400,1600,2300,5000,8700,8800,10000,10000,10000,33979,35,72,120.24691527610887,2.0479889935813844,9952.153090009233,9113.927160893492
1781621374,500,GET,/feed/{user_id}?with_fof=true,31.600000,0.000000,1100,2400,13000,13000,14000,15000,18000,19000,19000,19000,19000,16949,20,73,226.45253370305636,2.0921560062561184,18999.706230999436,11101.46740220662
1781621374,500,POST,/likes,4.400000,0.000000,550,790,1300,1700,3700,7500,8900,9900,9900,9900,9900,1744,0,65,108.99628537825248,2.8073180001229048,9927.080584020587,181.11353211009174
1781621374,500,POST,/posts,4.100000,0.000000,49,470,810,1300,1800,2000,2300,2300,2300,2300,2300,2528,0,66,94.51663794396477,3.417511994484812,7753.48416500492,228.74011075949366
1781621374,500,GET,/timeline/{user_id},38.300000,0.000000,550,1100,1800,2000,7100,10000,12000,12000,17000,17000,17000,21246,16,73,176.825269427659,1.9609589944593608,16508.086740999715,7305.589616869058
1781621374,500,GET,/users/{user_id},16.000000,0.100000,520,1100,1400,1700,2700,6000,8300,8800,9800,9800,9800,8475,14,73,126.30639317117846,1.743211003486067,9784.479738998925,271.1439528023599
1781621374,500,,Aggregated,154.100000,0.100000,610,1200,1700,2000,8600,13000,14000,15000,19000,19000,19000,84921,85,72,155.20681417679722,1.743211003486067,18999.706230999436,7727.741324289634
1781621375,500,GET,/feed/{user_id},72.000000,0.200000,510,870,1300,1500,2000,3400,7500,8700,10000,10000,10000,34158,38,72,122.53039280355861,2.0479889935813844,9952.153090009233,9112.04912465601
1781621375,500,GET,/feed/{user_id}?with_fof=true,38.300000,0.100000,980,2000,13000,13000,14000,17000,19000,19000,20000,20000,20000,17074,23,74,259.36994363893336,2.0921560062561184,19712.01784000732,11100.523603139276
1781621375,500,POST,/likes,4.800000,0.000000,540,760,1100,1400,2100,7500,8900,9900,9900,9900,9900,1750,0,65,108.63777558495556,2.8073180001229048,9927.080584020587,181.11314285714286
1781621375,500,POST,/posts,4.800000,0.000000,190,440,710,880,1400,1900,2000,2300,2300,2300,2300,2545,0,66,95.89249676245325,3.417511994484812,7753.48416500492,228.74538310412575
1781621375,500,GET,/timeline/{user_id},44.000000,0.000000,430,860,1300,1700,3800,8700,11000,12000,17000,17000,17000,21368,17,73,180.88076977278754,1.9609589944593608,16508.086740999715,7305.865874204418
1781621375,500,GET,/users/{user_id},18.900000,0.200000,480,930,1200,1500,2400,5100,7600,8800,9800,9800,9800,8528,17,73,128.67506600607643,1.743211003486067,9784.479738998925,271.0678939962477
1781621375,500,,Aggregated,182.800000,0.500000,540,1000,1500,1800,7100,13000,14000,18000,20000,20000,20000,85423,95,72,164.01249473811455,1.743211003486067,19712.01784000732,7727.453121524648
1781621376,500,GET,/feed/{user_id},79.200000,0.300000,410,790,1100,1300,1800,2400,6000,7500,9800,10000,10000,34347,39,72,123.97303356665014,2.0479889935813844,9952.153090009233,9111.737182286663
1781621376,500,GET,/feed/{user_id}?with_fof=true,44.600000,0.100000,880,1900,13000,13000,15000,19000,20000,20000,21000,21000,21000,17192,24,74,291.16330674414877,2.0921560062561184,20604.30037401966,11099.787517449977
1781621376,500,POST,/likes,5.200000,0.000000,280,670,790,1100,1700,3700,7500,9900,9900,9900,9900,1763,0,65,109.32058940251792,2.8073180001229048,9927.080584020587,181.1174134997164
1781621376,500,POST,/posts,5.100000,0.000000,49,390,580,810,1400,1900,2000,2300,2300,2300,2300,2562,0,66,96.56245368560555,3.417511994484812,7753.48416500492,228.7470725995316
1781621376,500,GET,/timeline/{user_id},47.900000,0.100000,380,800,1100,1300,2100,6700,11000,12000,17000,17000,17000,21480,17,74,183.22980133239778,1.9609589944593608,16508.086740999715,7305.460102420857
1781621376,500,GET,/users/{user_id},22.200000,0.400000,390,800,1100,1300,2000,3400,7500,7500,9800,9800,9800,8572,17,73,129.51398156600217,1.743211003486067,9784.479738998925,271.07232851143254
1781621376,500,,Aggregated,204.200000,0.900000,440,910,1300,1600,5100,13000,16000,19000,21000,21000,21000,85916,97,73,171.67787771220713,1.743211003486067,20604.30037401966,7727.765014665487
1781621377,500,GET,/feed/{user_id},91.500000,0.400000,350,650,930,1200,1600,2000,2700,5100,7000,7600,7600,34585,51,72,125.4411087879928,2.0479889935813844,9952.153090009233,9109.286771721845
1781621377,500,GET,/feed/{user_id}?with_fof=true,54.300000,0.100000,780,1700,12000,13000,16000,19000,20000,21000,22000,22000,22000,17346,29,74,319.5867483360136,2.0921560062561184,21655.748858989682,11095.642972443215
1781621377,500,POST,/likes,5.900000,0.000000,110,540,680,760,1200,1700,1800,5000,5000,5000,5000,1771,0,65,109.58538939843095,2.8073180001229048,9927.080584020587,181.12083568605308
1781621377,500,POST,/posts,5.400000,0.000000,13,280,470,680,1200,1500,2000,2300,2300,2300,2300,2583,0,66,96.72333254179654,3.417511994484812,7753.48416500492,228.74874177313202
1781621377,500,GET,/timeline/{user_id},53.800000,0.100000,370,700,930,1200,1900,5100,8700,12000,17000,17000,17000,21617,23,74,185.63121258772983,1.9609589944593608,16508.086740999715,7302.602442522089
1781621377,500,GET,/users/{user_id},25.300000,0.500000,310,590,930,1100,1600,2100,3900,4900,7600,7600,7600,8639,20,73,131.20803718713813,1.743211003486067,9784.479738998925,271.0010417872439
1781621377,500,,Aggregated,236.200000,1.100000,390,790,1100,1400,2400,13000,18000,20000,21000,22000,22000,86541,123,73,178.7839374679972,1.743211003486067,21655.748858989682,7726.082018927445
1781621378,500,GET,/feed/{user_id},108.600000,0.700000,300,610,830,980,1400,1800,2200,2400,3200,5000,5000,34815,58,72,127.32885351956827,2.0479889935813844,9952.153090009233,9105.885422949877
1781621378,500,GET,/feed/{user_id}?with_fof=true,66.100000,0.500000,730,1400,8600,13000,17000,20000,21000,21000,22000,22000,22000,17484,34,74,351.64934522942775,2.0921560062561184,21998.857550002867,11094.873941889728
1781621378,500,POST,/likes,6.700000,0.000000,9,440,600,710,1000,1300,1700,1700,1700,1700,1700,1781,0,65,109.76601041135915,2.8073180001229048,9927.080584020587,181.12352610892756
1781621378,500,POST,/posts,7.200000,0.000000,10,260,440,590,1000,1400,2000,2000,2300,2300,2300,2596,0,66,97.02498103793629,3.417511994484812,7753.48416500492,228.75077041602466
1781621378,500,GET,/timeline/{user_id},62.600000,0.200000,310,620,850,990,1500,2100,6600,8400,20000,20000,20000,21758,25,74,188.98132322055355,1.9609589944593608,20240.856946009444,7298.956475779024
1781621378,500,GET,/users/{user_id},30.600000,0.700000,300,600,860,950,1400,1700,2200,2400,2500,2500,2500,8691,23,73,133.37624077294515,1.743211003486067,9784.479738998925,270.92866183408125
1781621378,500,,Aggregated,281.800000,2.100000,350,720,980,1200,2000,13000,19000,20000,22000,22000,22000,87125,140,73,187.0828102356688,1.743211003486067,21998.857550002867,7725.520011477762
1781621379,500,GET,/feed/{user_id},126.900000,1.500000,240,540,760,910,1300,1700,2100,2400,2700,2700,2700,35153,68,72,129.4533058068712,2.0479889935813844,9952.153090009233,9103.935140670783
1781621379,500,GET,/feed/{user_id}?with_fof=true,79.500000,0.800000,510,1100,1900,8500,16000,20000,21000,21000,22000,22000,22000,17680,35,74,368.43698624595004,2.0921560062561184,22301.36623600265,11095.048529411764
1781621379,500,POST,/likes,7.400000,0.000000,5,200,480,600,820,1200,1700,1700,1700,1700,1700,1801,0,65,109.39387976827535,2.8073180001229048,9927.080584020587,181.12104386451972
1781621379,500,POST,/posts,9.100000,0.000000,7,170,370,440,810,1000,1300,1400,2300,2300,2300,2623,0,66,97.60253890145229,3.417511994484812,7753.48416500492,228.75333587495234
1781621379,500,GET,/timeline/{user_id},71.900000,0.400000,210,530,750,890,1300,2100,5900,7500,19000,20000,20000,22003,31,74,191.72304525527767,1.9609589944593608,20240.856946009444,7297.447666227333
1781621379,500,GET,/users/{user_id},34.700000,1.000000,240,540,760,900,1200,1600,2100,2400,2500,2500,2500,8781,27,73,135.30445096204213,1.743211003486067,9784.479738998925,270.8365789773374
1781621379,500,,Aggregated,329.500000,3.700000,270,610,870,1000,1700,8200,18000,20000,22000,22000,22000,88041,161,73,192.23155531522903,1.743211003486067,22301.36623600265,7724.370077577492
1781621380,500,GET,/feed/{user_id},143.600000,1.900000,220,510,700,880,1300,1600,2000,2300,2700,2700,2700,35441,74,72,131.37009397434724,2.0479889935813844,9952.153090009233,9105.086594622047
1781621380,500,GET,/feed/{user_id}?with_fof=true,90.900000,1.000000,390,910,1400,2100,16000,20000,21000,22000,23000,24000,24000,17834,39,74,376.21972734650717,2.0921560062561184,23672.751684993273,11090.338118201189
1781621380,500,POST,/likes,7.800000,0.000000,5,35,420,480,910,1200,1700,1700,1700,1700,1700,1814,0,65,110.484932564315,2.8073180001229048,9927.080584020587,181.12568908489527
1781621380,500,POST,/posts,10.700000,0.000000,7,21,280,440,810,990,1300,1400,2300,2300,2300,2648,0,65,98.09379768371002,3.417511994484812,7753.48416500492,228.75075528700907
1781621380,500,GET,/timeline/{user_id},83.300000,0.900000,150,500,720,890,1300,2100,6600,9200,19000,20000,20000,22205,38,74,195.8979284018841,1.9609589944593608,20240.856946009444,7295.1490204908805
1781621380,500,GET,/users/{user_id},38.200000,1.000000,220,520,720,880,1200,1400,2100,2400,2500,2500,2500,8855,29,73,137.29762202288174,1.743211003486067,9784.479738998925,270.79119141727836
1781621380,500,,Aggregated,374.500000,4.800000,220,550,810,960,1600,2800,18000,20000,22000,24000,24000,88797,180,73,195.85398273767194,1.743211003486067,23672.751684993273,7723.22711352861
1781621381,500,GET,/feed/{user_id},167.600000,2.900000,160,460,640,810,1200,1500,2000,2300,2600,2700,2700,35862,92,72,133.19773206385165,2.0479889935813844,9952.153090009233,9101.008337516034
1781621381,500,GET,/feed/{user_id}?with_fof=true,104.200000,1.500000,320,750,1200,1700,14000,20000,21000,22000,25000,25000,25000,18067,47,74,389.69639238105924,2.0921560062561184,24976.86232900014,11085.206564454531
1781621381,500,POST,/likes,9.000000,0.000000,5,51,420,480,710,1000,1200,1400,1400,1400,1400,1835,0,65,112.30809568760255,2.8073180001229048,9927.080584020587,181.1373297002725
1781621381,500,POST,/posts,12.500000,0.000000,7,19,260,440,680,970,1200,1400,2300,2300,2300,2674,0,65,97.897926328162,3.417511994484812,7753.48416500492,228.74981301421093
1781621381,500,GET,/timeline/{user_id},98.600000,1.400000,120,430,670,840,1300,2000,6300,9200,19000,20000,20000,22449,47,74,198.4005467613236,1.9609589944593608,20240.856946009444,7290.804178359838
1781621381,500,GET,/users/{user_id},43.400000,1.600000,190,500,680,810,1000,1400,2000,2400,2500,2500,2500,8960,32,73,139.01330640273304,1.743211003486067,9784.479738998925,270.72879464285717
1781621381,500,,Aggregated,435.300000,7.400000,160,490,710,890,1400,2400,17000,20000,23000,25000,25000,89847,218,73,200.17028168580063,1.743211003486067,24976.86232900014,7720.8793281912585
1781621382,500,GET,/feed/{user_id},188.000000,3.700000,79,400,580,680,1000,1400,1800,2100,2600,2700,2700,36334,116,72,134.43559718999293,2.0479889935813844,9952.153090009233,9094.284747068861
1781621382,500,GET,/feed/{user_id}?with_fof=true,114.400000,1.800000,250,630,1000,1400,13000,20000,21000,22000,25000,25000,25000,18282,54,74,396.45692632127015,2.0921560062561184,25281.41858597519,11080.827863472268
1781621382,500,POST,/likes,9.700000,0.000000,5,11,230,410,600,900,1100,1200,1400,1400,1400,1860,0,64,111.57576593419259,2.8073180001229048,9927.080584020587,181.14139784946238
1781621382,500,POST,/posts,14.700000,0.000000,7,13,200,420,680,950,1000,1400,2300,2300,2300,2706,0,65,98.40932251349575,3.417511994484812,7753.48416500492,228.7509238728751
1781621382,500,GET,/timeline/{user_id},116.400000,1.800000,86,400,580,720,1200,1800,5600,8400,19000,20000,20000,22693,58,73,198.91153915867645,1.9609589944593608,20240.856946009444,7286.844753888864
1781621382,500,GET,/users/{user_id},49.600000,1.800000,120,450,590,700,970,1300,1700,2200,2500,2500,2500,9055,33,73,139.48089192283413,1.743211003486067,9784.479738998925,270.71176145775814
1781621382,500,,Aggregated,492.800000,9.100000,88,430,620,770,1300,2100,16000,20000,23000,25000,25000,90930,261,72,202.1701759722308,1.743211003486067,25281.41858597519,7717.794160343121
1781621383,500,GET,/feed/{user_id},210.200000,5.100000,66,350,520,620,990,1300,1700,2000,2600,2700,2700,36842,137,72,135.74439013218702,2.0479889935813844,9952.153090009233,9085.89938114109
1781621383,500,GET,/feed/{user_id}?with_fof=true,124.000000,2.800000,190,520,850,1100,10000,19000,21000,22000,25000,25000,25000,18544,59,74,397.57500614956916,2.0921560062561184,25281.41858597519,11078.617072907678
1781621383,500,POST,/likes,9.900000,0.000000,6,11,80,340,560,720,1000,1100,1200,1200,1200,1880,0,63,111.286948978569,2.8073180001229048,9927.080584020587,181.14202127659576
1781621383,500,POST,/posts,15.800000,0.000000,8,18,200,280,590,810,1000,1000,2300,2300,2300,2740,0,64,98.71647239030283,3.417511994484812,7753.48416500492,228.7536496350365
1781621383,500,GET,/timeline/{user_id},132.700000,2.900000,45,340,500,630,1000,1600,5200,7500,19000,20000,20000,23017,68,73,199.2985961441426,1.9609589944593608,20240.856946009444,7285.178954685667
1781621383,500,GET,/users/{user_id},54.000000,2.200000,97,380,540,650,950,1200,1700,2100,2500,2500,2500,9165,38,73,140.12382111711676,1.743211003486067,9784.479738998925,270.58134206219313
1781621383,500,,Aggregated,546.600000,13.000000,61,370,540,670,1100,1800,12000,20000,23000,25000,25000,92188,302,72,203.1166631416759,1.743211003486067,25281.41858597519,7715.914804529873
1781621384,500,GET,/feed/{user_id},241.600000,7.300000,34,310,460,560,920,1200,1500,1800,2500,2600,2600,37343,154,72,136.37408287242584,2.0479889935813844,9952.153090009233,9080.22055003615
1781621384,500,GET,/feed/{user_id}?with_fof=true,137.800000,3.200000,100,450,660,890,4600,18000,21000,22000,25000,25000,25000,18807,65,74,400.63262271260993,2.0921560062561184,25281.41858597519,11076.343010581166
1781621384,500,POST,/likes,11.500000,0.000000,7,11,35,230,510,710,920,1100,1200,1200,1200,1909,0,63,110.09731823292775,2.8073180001229048,9927.080584020587,181.14091147197485
1781621384,500,POST,/posts,17.500000,0.000000,8,13,98,270,530,790,990,1000,1200,1200,1200,2778,0,64,98.40392236088006,3.417511994484812,7753.48416500492,228.75233981281497
1781621384,500,GET,/timeline/{user_id},147.800000,3.600000,37,320,470,580,960,1400,2200,6600,13000,20000,20000,23324,81,73,200.54251149527468,1.9609589944593608,20240.856946009444,7283.03648602298
1781621384,500,GET,/users/{user_id},62.400000,2.100000,67,340,480,580,870,1000,1300,1600,2400,2400,2400,9290,46,73,140.93562413114603,1.743211003486067,9784.479738998925,270.3832077502691
1781621384,500,,Aggregated,618.600000,16.200000,35,330,490,600,980,1400,8700,19000,23000,25000,25000,93451,346,72,204.35953039753753,1.743211003486067,25281.41858597519,7712.685086301913
1781621385,500,GET,/feed/{user_id},277.900000,9.300000,26,270,420,510,830,1100,1400,1700,2500,2600,2600,37921,170,72,136.55050214803816,2.0479889935813844,9952.153090009233,9078.554864059492
1781621385,500,GET,/feed/{user_id}?with_fof=true,156.000000,3.700000,48,380,560,700,1700,13000,21000,22000,25000,25000,25000,19074,70,73,400.9783933104735,2.0921560062561184,25281.41858597519,11073.222239698018
1781621385,500,POST,/likes,13.300000,0.000000,7,12,31,200,490,700,920,1100,1200,1200,1200,1932,0,62,109.54251224671307,2.8073180001229048,9927.080584020587,181.13819875776397
1781621385,500,POST,/posts,20.600000,0.000000,10,14,26,130,480,670,910,1000,1200,1200,1200,2833,0,63,97.30787709481056,3.417511994484812,7753.48416500492,228.74620543593363
1781621385,500,GET,/timeline/{user_id},170.300000,4.900000,26,270,420,520,880,1300,2100,5600,13000,20000,20000,23700,92,73,200.2715560619772,1.9609589944593608,20240.856946009444,7279.139367088607
1781621385,500,GET,/users/{user_id},68.900000,2.400000,34,250,440,520,800,970,1200,1400,2400,2400,2400,9455,47,72,140.499714851848,1.743211003486067,9784.479738998925,270.4058170280275
1781621385,500,,Aggregated,707.000000,20.300000,25,270,440,530,900,1300,5400,15000,22000,25000,25000,94915,379,72,204.2729125851867,1.743211003486067,25281.41858597519,7707.409861454986
1781621386,500,GET,/feed/{user_id},313.200000,10.900000,40,200,350,460,690,960,1400,1600,2200,2600,2600,38596,187,72,136.1370592674696,2.0479889935813844,9952.153090009233,9075.131464400456
1781621386,500,GET,/feed/{user_id}?with_fof=true,175.700000,4.200000,47,270,460,560,1100,8300,19000,22000,25000,25000,25000,19437,81,73,401.4716694714641,2.0921560062561184,25281.41858597519,11068.557441992078
1781621386,500,POST,/likes,15.000000,0.000000,10,27,41,56,420,580,900,920,1100,1100,1100,1967,0,62,108.41617105573928,2.8073180001229048,9927.080584020587,181.13828164717845
1781621386,500,POST,/posts,22.800000,0.000000,12,26,44,72,390,560,800,910,1000,1000,1000,2885,0,63,96.50141984386534,3.417511994484812,7753.48416500492,228.74454072790294
1781621386,500,GET,/timeline/{user_id},192.600000,6.100000,35,190,340,440,730,1000,1800,5100,13000,20000,20000,24099,97,73,198.93198284858755,1.9609589944593608,20240.856946009444,7281.487074152455
1781621386,500,GET,/users/{user_id},75.900000,2.600000,43,160,350,460,690,900,1100,1300,1900,2100,2100,9633,51,72,139.86267114051273,1.743211003486067,9784.479738998925,270.34070383058236
1781621386,500,,Aggregated,795.200000,23.800000,38,190,350,460,740,1000,2000,9500,22000,25000,25000,96617,416,72,203.8023427500835,1.743211003486067,25281.41858597519,7705.686380243643
1781621387,500,GET,/feed/{user_id},355.100000,12.800000,69,120,280,370,620,910,1300,1500,2100,2500,2500,39246,187,72,135.455244079485,2.0479889935813844,9952.153090009233,9076.738597564083
1781621387,500,GET,/feed/{user_id}?with_fof=true,192.100000,4.800000,74,160,340,460,850,2100,15000,20000,25000,25000,25000,19753,81,74,396.9406496237582,2.0921560062561184,25281.41858597519,11069.811927302182
1781621387,500,POST,/likes,17.100000,0.000000,13,47,80,90,380,520,900,920,1100,1100,1100,2001,0,63,108.03648730668566,2.8073180001229048,9927.080584020587,181.13793103448276
1781621387,500,POST,/posts,27.000000,0.000000,17,68,85,90,300,530,790,910,1000,1000,1000,2942,0,64,96.32325845329213,3.417511994484812,7753.48416500492,228.7423521414004
1781621387,500,GET,/timeline/{user_id},220.200000,7.000000,64,120,250,350,630,930,1600,2200,11000,19000,19000,24500,97,73,197.29983521246393,1.9609589944593608,20240.856946009444,7281.562734693877
1781621387,500,GET,/users/{user_id},85.300000,3.100000,71,120,240,370,630,880,1000,1200,1900,2100,2100,9810,51,73,139.04496346671615,1.743211003486067,9784.479738998925,270.3788990825688
1781621387,500,,Aggregated,896.800000,27.700000,66,120,270,370,640,950,1600,5400,22000,25000,25000,98252,416,72,202.07513590507622,1.743211003486067,25281.41858597519,7704.4110959573345
1781621388,500,GET,/feed/{user_id},396.000000,14.700000,76,110,180,290,530,770,1100,1400,2100,2500,2500,39950,187,72,134.6202285408617,2.0479889935813844,9952.153090009233,9076.50648310388
1781621388,500,GET,/feed/{user_id}?with_fof=true,211.900000,5.100000,80,110,220,330,630,1100,10000,17000,25000,25000,25000,20089,81,74,391.93837120354704,2.0921560062561184,25281.41858597519,11072.186818656977
1781621388,500,POST,/likes,19.200000,0.000000,35,70,84,92,230,490,700,900,1100,1100,1100,2035,0,63,107.57275735556105,2.8073180001229048,9927.080584020587,181.13660933660933
1781621388,500,POST,/posts,29.800000,0.000000,39,74,86,92,170,480,670,810,950,950,950,2998,0,64,95.98192245718259,3.417511994484812,7753.48416500492,228.7368245496998
1781621388,500,GET,/timeline/{user_id},246.900000,7.900000,74,110,160,260,520,820,1400,2100,11000,19000,19000,24898,97,74,195.59275970830268,1.9609589944593608,20240.856946009444,7282.786810185557
1781621388,500,GET,/users/{user_id},98.500000,3.200000,73,110,160,270,540,720,980,1100,1900,2100,2100,9944,51,73,138.35373251241492,1.743211003486067,9784.479738998925,270.39370474658085
1781621388,500,,Aggregated,1002.300000,30.900000,74,100,160,280,540,820,1300,1900,22000,25000,25000,99914,416,73,200.21268772525687,1.743211003486067,25281.41858597519,7707.684428608603
1781621389,500,GET,/feed/{user_id},438.800000,14.000000,78,99,130,200,480,670,980,1200,1800,2500,2500,40561,187,73,133.83702471952017,2.0479889935813844,9952.153090009233,9078.832869012105
1781621389,500,GET,/feed/{user_id}?with_fof=true,228.800000,5.400000,80,100,140,240,550,880,5600,15000,25000,25000,25000,20427,81,74,386.89948440638454,2.0921560062561184,25281.41858597519,11074.38052577471
1781621389,500,POST,/likes,21.400000,0.000000,59,80,85,91,160,450,600,720,1100,1100,1100,2069,0,64,107.10775310222245,2.8073180001229048,9927.080584020587,181.13194780087
1781621389,500,POST,/posts,33.400000,0.000000,56,78,86,90,120,370,550,670,950,950,950,3039,0,65,95.74058122461389,3.417511994484812,7753.48416500492,228.73379401118788
1781621389,500,GET,/timeline/{user_id},268.700000,7.800000,79,97,120,190,460,700,1200,1800,11000,13000,13000,25304,97,74,193.80721776382327,1.9609589944593608,20240.856946009444,7284.790546949099
1781621389,500,GET,/users/{user_id},108.800000,3.100000,76,94,120,160,460,630,880,1000,1800,1900,1900,10119,51,73,137.4101942956297,1.743211003486067,9784.479738998925,270.4222749283526
1781621389,500,,Aggregated,1099.900000,30.300000,78,97,120,190,480,690,1100,1600,19000,25000,25000,101519,416,73,198.3754025305694,1.743211003486067,25281.41858597519,7708.936632551542
1781621390,500,GET,/feed/{user_id},484.700000,13.600000,79,96,110,140,380,570,860,1100,1600,1800,1800,41206,187,73,133.14908342447643,2.0479889935813844,9952.153090009233,9076.141459981556
1781621390,500,GET,/feed/{user_id}?with_fof=true,247.200000,5.200000,81,100,120,150,450,670,1300,14000,25000,25000,25000,20786,81,75,381.89844943461196,2.0921560062561184,25281.41858597519,11074.832002309247
1781621390,500,POST,/likes,23.700000,0.000000,69,82,88,94,120,380,520,600,720,720,720,2114,0,65,106.7122022329662,2.8073180001229048,9927.080584020587,181.1291390728477
1781621390,500,POST,/posts,37.300000,0.000000,70,80,87,91,120,300,520,640,800,800,800,3101,0,66,95.4767036374033,3.417511994484812,7753.48416500492,228.73234440503063
1781621390,500,GET,/timeline/{user_id},298.100000,7.300000,80,95,110,130,360,550,910,1300,7100,11000,11000,25744,97,74,192.10147159073395,1.9609589944593608,20240.856946009444,7285.3671923555
1781621390,500,GET,/users/{user_id},120.900000,3.100000,78,93,110,130,340,540,720,930,1200,1800,1800,10283,51,74,136.64912219738733,1.743211003486067,9784.479738998925,270.4637751628902
1781621390,500,,Aggregated,1211.900000,29.200000,79,94,110,130,370,570,900,1200,18000,25000,25000,103234,416,73,196.61127499878347,1.743211003486067,25281.41858597519,7706.964963093555
1781621391,500,GET,/feed/{user_id},520.200000,12.600000,81,94,110,120,280,500,720,940,1400,1600,1600,41858,187,74,132.48320706867793,2.0479889935813844,9952.153090009233,9077.528166658703
1781621391,500,GET,/feed/{user_id}?with_fof=true,262.800000,4.700000,82,98,110,130,330,590,1000,8900,22000,25000,25000,21101,81,75,377.6281006297645,2.0921560062561184,25281.41858597519,11074.432254395526
1781621391,500,POST,/likes,25.900000,0.000000,71,83,87,91,110,120,350,450,720,720,720,2154,0,66,106.2733086144425,2.8073180001229048,9927.080584020587,181.12952646239555
1781621391,500,POST,/posts,40.600000,0.000000,72,82,88,90,110,170,480,640,800,800,800,3138,0,66,95.30428637083934,3.417511994484812,7753.48416500492,228.729764181007
1781621391,500,GET,/timeline/{user_id},317.400000,6.800000,81,94,110,120,260,490,720,980,7000,11000,11000,26142,97,75,190.578313523897,1.9609589944593608,20240.856946009444,7286.744319485885
1781621391,500,GET,/users/{user_id},127.500000,2.500000,80,93,110,120,200,460,670,750,1200,1200,1200,10466,51,74,135.80001017846135,1.743211003486067,9784.479738998925,270.48471240206385
1781621391,500,,Aggregated,1294.400000,26.600000,80,94,110,120,270,500,730,990,16000,22000,25000,104859,416,74,194.9777450569437,1.743211003486067,25281.41858597519,7706.326009212371
1781621392,500,GET,/feed/{user_id},547.900000,11.800000,81,93,110,110,160,400,590,730,1100,1200,1200,42558,187,74,131.70892836852514,2.0479889935813844,9952.153090009233,9082.520818647492
1781621392,500,GET,/feed/{user_id}?with_fof=true,279.800000,4.400000,82,96,110,120,220,500,820,1100,17000,22000,22000,21424,81,75,373.3199699834076,2.0921560062561184,25281.41858597519,11076.249533233757
1781621392,500,POST,/likes,28.400000,0.000000,73,83,88,92,110,120,170,350,510,510,510,2182,0,66,105.95859902955758,2.8073180001229048,9927.080584020587,181.12878093492208
1781621392,500,POST,/posts,42.600000,0.000000,71,80,86,89,110,120,330,470,670,670,670,3192,0,66,94.91483039459865,3.417511994484812,7753.48416500492,228.7252506265664
1781621392,500,GET,/timeline/{user_id},336.600000,6.400000,81,94,110,110,170,380,620,870,5600,8900,8900,26550,97,75,189.01798708331276,1.9609589944593608,20240.856946009444,7285.498531073446
1781621392,500,GET,/users/{user_id},136.000000,2.300000,80,91,110,110,150,370,570,690,1200,1200,1200,10611,51,74,135.10320410580144,1.743211003486067,9784.479738998925,270.50909433606637
1781621392,500,,Aggregated,1371.300000,24.900000,80,92,110,110,160,400,620,840,12000,18000,22000,106517,416,74,193.29734284633292,1.743211003486067,25281.41858597519,7710.104143000648
1781621393,500,GET,/feed/{user_id},577.700000,10.400000,82,95,110,120,170,340,550,660,980,1100,1100,42939,187,74,131.9958210656162,2.0479889935813844,9952.153090009233,9084.602482591583
1781621393,500,GET,/feed/{user_id}?with_fof=true,291.400000,3.400000,84,99,110,120,210,440,660,1100,16000,18000,18000,21639,81,75,371.49944820152473,2.0921560062561184,25281.41858597519,11076.820231988539
1781621393,500,POST,/likes,30.600000,0.000000,74,84,88,94,110,120,250,350,450,450,450,2201,0,66,105.50450724327975,2.8073180001229048,9927.080584020587,181.13039527487507
1781621393,500,POST,/posts,45.200000,0.000000,72,81,87,90,110,120,170,350,470,470,470,3219,0,66,94.54743537978827,3.417511994484812,7753.48416500492,228.72662317489903
1781621393,500,GET,/timeline/{user_id},352.700000,5.300000,82,95,110,110,160,320,550,700,5100,6600,6600,26655,97,75,188.86376327461355,1.9609589944593608,20240.856946009444,7276.575951978991
1781621393,500,GET,/users/{user_id},143.500000,1.900000,81,94,110,120,160,320,560,650,900,1200,1200,10698,51,74,135.47435646145337,1.743211003486067,9784.479738998925,270.5300990839409
1781621393,500,,Aggregated,1441.100000,21.000000,82,94,110,110,160,340,560,690,10000,17000,18000,107351,416,74,193.07390719051207,1.743211003486067,25281.41858597519,7710.792270216393
1781621394,500,GET,/feed/{user_id},600.700000,8.200000,83,97,110,120,160,340,560,640,1100,1400,1400,43182,187,74,133.33485788968773,2.0479889935813844,9952.153090009233,9085.931962391738
1781621394,500,GET,/feed/{user_id}?with_fof=true,305.800000,3.000000,85,100,110,120,200,440,630,790,16000,18000,18000,21744,81,75,371.2445521839903,2.0921560062561184,25281.41858597519,11077.249678072112
1781621394,500,POST,/likes,31.800000,0.000000,77,85,89,95,110,120,170,250,350,350,350,2207,0,66,105.63277264541986,2.8073180001229048,9927.080584020587,181.13275940190303
1781621394,500,POST,/posts,46.700000,0.000000,74,83,88,91,110,120,170,300,630,630,630,3235,0,66,94.9496890654121,3.417511994484812,7753.48416500492,228.7289026275116
1781621394,500,GET,/timeline/{user_id},372.700000,4.600000,83,95,110,110,140,220,490,630,4200,5600,5600,26699,97,75,189.17354211172085,1.9609589944593608,20240.856946009444,7271.368178583468
1781621394,500,GET,/users/{user_id},150.300000,1.900000,82,95,110,120,160,350,600,690,920,1400,1400,10748,51,74,136.63635707541656,1.743211003486067,9784.479738998925,270.53944919985116
1781621394,500,,Aggregated,1508.000000,17.700000,83,95,110,110,160,330,560,660,5600,17000,18000,107815,416,74,193.75423750056615,1.743211003486067,25281.41858597519,7711.340221676019
1781621395,500,GET,/feed/{user_id},613.900000,6.000000,84,98,110,120,160,360,630,830,1300,1400,1400,43293,187,74,134.38954739626075,2.0479889935813844,9952.153090009233,9086.617674912803
1781621395,500,GET,/feed/{user_id}?with_fof=true,310.000000,2.400000,86,100,110,120,190,440,730,940,11000,16000,16000,21822,81,75,371.54748191552466,2.0921560062561184,25281.41858597519,11078.103748510677
1781621395,500,POST,/likes,32.100000,0.000000,80,86,90,95,110,120,220,350,840,840,840,2210,0,66,105.87411214682069,2.8073180001229048,9927.080584020587,181.13257918552037
1781621395,500,POST,/posts,48.300000,0.000000,76,85,89,92,110,120,300,620,870,870,870,3243,0,66,95.26409674303034,3.417511994484812,7753.48416500492,228.7304964539007
1781621395,500,GET,/timeline/{user_id},373.200000,3.300000,84,97,110,110,130,190,430,720,3000,4200,4200,26760,97,75,189.93917203657892,1.9609589944593608,20240.856946009444,7269.245739910314
1781621395,500,GET,/users/{user_id},153.000000,1.500000,84,96,110,120,160,350,740,890,1400,1400,1400,10775,51,74,138.0901773228432,1.743211003486067,9784.479738998925,270.5543387470998
1781621395,500,,Aggregated,1530.500000,13.200000,84,97,110,110,150,330,630,830,2900,14000,16000,108103,416,74,194.62598617726985,1.743211003486067,25281.41858597519,7712.23401755733
1781621396,500,GET,/feed/{user_id},597.700000,4.300000,85,100,110,120,210,510,810,1000,1400,1500,1500,43504,187,74,135.73914520587914,2.0479889935813844,9952.153090009233,9087.785376057374
1781621396,500,GET,/feed/{user_id}?with_fof=true,301.000000,1.900000,86,100,110,120,240,520,780,950,1400,1500,1500,21901,81,75,371.69729751165465,2.0921560062561184,25281.41858597519,11078.743984292954
1781621396,500,POST,/likes,31.300000,0.000000,81,86,93,100,110,140,350,490,840,840,840,2222,0,66,106.52210006098613,2.8073180001229048,9927.080584020587,181.13186318631864
1781621396,500,POST,/posts,46.700000,0.000000,76,84,89,94,110,150,550,630,930,930,930,3251,0,66,96.01120545297108,3.417511994484812,7753.48416500492,228.732697631498
1781621396,500,GET,/timeline/{user_id},352.500000,2.000000,85,99,110,110,150,410,870,1400,4000,4100,4100,26890,97,75,193.75021647292252,1.9609589944593608,20240.856946009444,7271.664373373001
1781621396,500,GET,/users/{user_id},149.700000,1.100000,85,99,110,120,230,500,920,1000,1400,1500,1500,10829,51,74,139.60205194419402,1.743211003486067,9784.479738998925,270.56801182011264
1781621396,500,,Aggregated,1478.900000,9.300000,85,99,110,120,180,480,810,1000,3900,4000,4100,108597,416,74,196.2877129438465,1.743211003486067,25281.41858597519,7712.935974290266
1781621397,500,GET,/feed/{user_id},558.800000,2.300000,86,110,120,140,350,580,860,1000,1400,1500,1500,43723,187,74,136.44334509962124,2.0479889935813844,9952.153090009233,9090.194565789172
1781621397,500,GET,/feed/{user_id}?with_fof=true,283.700000,1.300000,87,110,120,140,390,580,800,970,1400,1500,1500,22022,81,75,371.1642708881446,2.0921560062561184,25281.41858597519,11076.661928980111
1781621397,500,POST,/likes,28.800000,0.000000,80,87,98,100,120,250,450,490,840,840,840,2232,0,66,106.42395705625889,2.8073180001229048,9927.080584020587,181.13351254480287
1781621397,500,POST,/posts,43.400000,0.000000,75,85,94,100,130,300,630,660,930,930,930,3266,0,66,96.55953607123017,3.417511994484812,7753.48416500492,228.73331292100428
1781621397,500,GET,/timeline/{user_id},320.400000,1.100000,86,110,120,130,380,840,4200,4600,5000,5100,5100,27098,97,75,203.01332771532793,1.9609589944593608,20240.856946009444,7275.816739242749
1781621397,500,GET,/users/{user_id},140.100000,0.500000,87,110,120,140,350,640,920,1100,1400,1500,1500,10878,51,74,140.23138360946126,1.743211003486067,9784.479738998925,270.5761169332598
1781621397,500,,Aggregated,1375.200000,5.200000,86,110,120,130,350,610,950,1300,4800,5000,5100,109219,416,74,198.85812737327063,1.743211003486067,25281.41858597519,7715.100559426473
1781621398,500,GET,/feed/{user_id},512.700000,0.100000,88,110,140,180,440,630,900,1100,1400,1500,1500,44035,187,74,136.99050704376177,2.0479889935813844,9952.153090009233,9091.106755989555
1781621398,500,GET,/feed/{user_id}?with_fof=true,258.600000,0.600000,89,110,140,180,450,630,850,1000,1400,1500,1500,22183,81,76,370.0068646467422,2.0921560062561184,25281.41858597519,11075.811206779967
1781621398,500,POST,/likes,26.300000,0.000000,80,87,98,100,120,270,490,590,840,840,840,2245,0,66,106.01494114729057,2.8073180001229048,9927.080584020587,181.1305122494432
1781621398,500,POST,/posts,39.500000,0.000000,74,84,93,110,210,370,630,860,930,930,930,3294,0,66,96.67363099472855,3.417511994484812,7753.48416500492,228.7367941712204
1781621398,500,GET,/timeline/{user_id},289.600000,0.100000,90,120,150,240,820,4500,5000,5200,5800,6000,6000,27415,97,75,221.69441704764597,1.9609589944593608,20240.856946009444,7284.795549881452
1781621398,500,GET,/users/{user_id},124.600000,0.200000,87,110,130,180,440,690,990,1200,1500,1500,1500,10953,51,75,140.91396707008636,1.743211003486067,9784.479738998925,270.6027572354606
1781621398,500,,Aggregated,1251.300000,1.000000,87,110,130,180,480,770,1400,4800,5500,6000,6000,110125,416,74,203.5674811730561,1.743211003486067,25281.41858597519,7717.2148467650395
1781621399,500,GET,/feed/{user_id},470.300000,0.000000,87,120,170,260,530,720,930,1100,1400,1500,1500,44506,199,74,137.62190320422656,2.0479889935813844,9952.153090009233,9090.611872556508
1781621399,500,GET,/feed/{user_id}?with_fof=true,236.500000,0.000000,87,120,170,270,520,710,880,1000,2300,4600,4600,22432,86,75,368.03494846623323,2.0921560062561184,25281.41858597519,11073.196683309558
1781621399,500,POST,/likes,24.600000,0.000000,71,82,88,94,120,300,490,590,840,840,840,2267,0,65,105.24940619841216,2.8073180001229048,9927.080584020587,181.13101014556682
1781621399,500,POST,/posts,34.400000,0.000000,66,80,91,110,220,370,630,860,930,930,930,3329,0,65,96.09883756794136,3.417511994484812,7753.48416500492,228.7389606488435
1781621399,500,GET,/timeline/{user_id},269.100000,0.000000,93,130,320,520,4100,4900,5400,5800,6300,6800,6800,27756,109,75,234.61038317355613,1.9609589944593608,20240.856946009444,7286.4546404381035
1781621399,500,GET,/users/{user_id},114.700000,0.000000,86,120,180,290,530,770,990,1200,1500,1500,1500,11084,54,74,141.54732727180314,1.743211003486067,9784.479738998925,270.5654998195597
1781621399,500,,Aggregated,1149.600000,0.000000,86,120,180,290,590,880,4500,5000,6000,6800,6800,111374,448,74,206.691240262208,1.743211003486067,25281.41858597519,7716.29463788676
1781621400,500,GET,/feed/{user_id},426.100000,0.000000,98,130,200,290,540,720,930,1100,1400,1500,1500,45165,215,74,137.4988281227065,2.0479889935813844,9952.153090009233,9087.76619063434
1781621400,500,GET,/feed/{user_id}?with_fof=true,217.400000,0.000000,96,120,190,300,520,710,880,1000,4600,7200,7200,22769,88,76,364.90875525432494,2.0921560062561184,25281.41858597519,11072.487021827925
1781621400,500,POST,/likes,22.200000,0.000000,69,87,100,110,220,320,490,590,840,840,840,2286,0,65,105.18938755984837,2.8073180001229048,9927.080584020587,181.12992125984252
1781621400,500,POST,/posts,30.700000,0.000000,65,87,100,110,220,370,630,860,930,930,930,3373,0,66,95.88908676864712,3.417511994484812,7753.48416500492,228.74177290246072
1781621400,500,GET,/timeline/{user_id},250.200000,0.000000,100,150,370,540,4200,5000,5500,5800,6300,6800,6800,28166,116,76,235.40411127342168,1.9609589944593608,20240.856946009444,7285.532095434211
1781621400,500,GET,/users/{user_id},103.300000,0.000000,96,130,220,310,540,790,1000,1200,1500,1500,1500,11224,54,75,141.17725987934222,1.743211003486067,9784.479738998925,270.5988952245189
1781621400,500,,Aggregated,1049.900000,0.000000,97,130,210,320,600,900,4600,5100,6000,7200,7200,112983,473,75,206.20451407019695,1.743211003486067,25281.41858597519,7717.8471539966185
1781621401,500,GET,/feed/{user_id},396.000000,0.000000,100,140,200,290,540,720,930,1100,1400,1500,1500,45821,215,75,136.9215166139965,2.0479889935813844,9952.153090009233,9088.364396237534
1781621401,500,GET,/feed/{user_id}?with_fof=true,202.200000,0.000000,99,130,210,310,530,720,890,1100,4600,7200,7200,23064,88,76,361.48535044535305,2.0921560062561184,25281.41858597519,11072.238250086715
1781621401,500,POST,/likes,20.500000,0.000000,68,90,100,110,220,320,490,590,840,840,840,2308,0,66,105.07137785083161,2.8073180001229048,9927.080584020587,181.12694974003466
1781621401,500,POST,/posts,28.300000,0.000000,68,93,110,120,220,370,630,860,930,930,930,3421,0,66,95.7391083454164,3.417511994484812,7753.48416500492,228.74101140017538
1781621401,500,GET,/timeline/{user_id},243.200000,0.000000,110,160,370,540,4200,5000,5500,5800,6300,6800,6800,28584,116,76,233.41055726561683,1.9609589944593608,20240.856946009444,7285.261265043381
1781621401,500,GET,/users/{user_id},97.000000,0.000000,100,130,230,320,540,800,1000,1200,1500,1500,1500,11395,54,75,140.51460498215397,1.743211003486067,9784.479738998925,270.62931110136026
1781621401,500,,Aggregated,987.200000,0.000000,100,140,220,330,610,910,4700,5100,6000,7200,7200,114593,473,75,204.67374497415057,1.743211003486067,25281.41858597519,7717.175926976342
1781621402,500,GET,/feed/{user_id},389.700000,2.400000,100,130,190,280,540,720,930,1100,1400,1500,1500,46487,215,75,136.30288777117556,2.0479889935813844,9952.153090009233,9089.907307419278
1781621402,500,GET,/feed/{user_id}?with_fof=true,195.800000,0.500000,99,130,200,300,520,690,880,1000,4600,7200,7200,23386,88,76,357.88166353298686,2.0921560062561184,25281.41858597519,11073.57662704182
1781621402,500,POST,/likes,18.200000,0.000000,77,94,110,110,220,320,490,590,840,840,840,2333,0,66,104.93016708860554,2.8073180001229048,9927.080584020587,181.12816116588084
1781621402,500,POST,/posts,27.400000,0.000000,82,97,110,120,220,370,630,860,930,930,930,3472,0,66,95.63475810823401,3.417511994484812,7753.48416500492,228.7384792626728
1781621402,500,GET,/timeline/{user_id},239.400000,1.600000,100,150,330,500,4100,5000,5500,5800,6300,6800,6800,28986,116,76,231.50833764281535,1.9609589944593608,20240.856946009444,7285.637859656385
1781621402,500,GET,/users/{user_id},93.800000,0.300000,98,130,190,290,530,760,990,1200,1500,1500,1500,11580,54,75,139.79729883683828,1.743211003486067,9784.479738998925,270.65932642487047
1781621402,500,,Aggregated,964.300000,4.800000,100,130,210,320,600,890,4600,5100,6000,7200,7200,116244,473,75,203.12387979264034,1.743211003486067,25281.41858597519,7717.057826640515
1781621403,500,GET,/feed/{user_id},387.600000,2.800000,94,110,140,170,490,700,910,1000,1400,1500,1500,47134,215,75,135.6128381308552,2.0479889935813844,9952.153090009233,9089.548797046718
1781621403,500,GET,/feed/{user_id}?with_fof=true,197.700000,0.700000,93,110,140,170,470,670,850,1000,3700,7200,7200,23744,88,77,353.8174540856473,2.0921560062561184,25281.41858597519,11070.999747304582
1781621403,500,POST,/likes,16.400000,0.000000,79,90,100,110,160,300,490,590,840,840,840,2359,0,66,104.68110085534153,2.8073180001229048,9927.080584020587,181.12420517168292
1781621403,500,POST,/posts,27.200000,0.000000,82,93,100,110,160,360,630,860,930,930,930,3522,0,67,95.39214427592043,3.417511994484812,7753.48416500492,228.73679727427597
1781621403,500,GET,/timeline/{user_id},238.100000,1.900000,97,130,220,400,1400,4900,5400,5800,6300,6800,6800,29373,116,77,229.5924484501468,1.9609589944593608,20240.856946009444,7283.4261396520615
1781621403,500,GET,/users/{user_id},93.100000,0.300000,91,110,140,180,480,740,980,1200,1400,1500,1500,11747,54,75,139.0233357890833,1.743211003486067,9784.479738998925,270.6797480207713
1781621403,500,,Aggregated,960.100000,5.700000,93,110,140,200,550,840,4400,5000,6000,6800,7200,117879,473,75,201.50202415330384,1.743211003486067,25281.41858597519,7716.770968535532
1781621404,500,GET,/feed/{user_id},385.100000,2.800000,92,110,120,140,370,610,830,960,1400,1500,1500,47824,215,75,134.96134567341767,2.0479889935813844,9952.153090009233,9091.696219471394
1781621404,500,GET,/feed/{user_id}?with_fof=true,191.200000,0.700000,92,110,120,140,380,600,800,950,3700,7200,7200,24062,88,77,350.3857468398538,2.0921560062561184,25281.41858597519,11071.80899343363
1781621404,500,POST,/likes,15.100000,0.000000,82,94,100,110,130,240,490,590,840,840,840,2396,0,67,104.39909898654308,2.8073180001229048,9927.080584020587,181.12312186978298
1781621404,500,POST,/posts,28.000000,0.000000,82,94,100,110,130,280,550,660,930,930,930,3572,0,67,95.27074397134487,3.417511994484812,7753.48416500492,228.73600223964166
1781621404,500,GET,/timeline/{user_id},237.300000,1.900000,95,120,150,260,890,4800,5300,5700,6200,6800,6800,29802,116,77,227.5869560265093,1.9609589944593608,20240.856946009444,7283.004764780887
1781621404,500,GET,/users/{user_id},90.800000,0.300000,90,110,130,140,400,650,970,1100,1400,1500,1500,11891,54,76,138.41835978513066,1.743211003486067,9784.479738998925,270.70448238163317
1781621404,500,,Aggregated,947.500000,5.700000,92,110,130,140,450,750,4200,5000,6000,6800,7200,119547,473,76,199.95733689921497,1.743211003486067,25281.41858597519,7718.547675809515
1781621405,500,GET,/feed/{user_id},389.100000,2.800000,90,100,120,130,230,490,710,850,1300,1500,1500,48431,215,76,134.39394594044683,2.0479889935813844,9952.153090009233,9092.63638991555
1781621405,500,GET,/feed/{user_id}?with_fof=true,194.000000,0.700000,90,100,120,130,250,500,690,840,3700,7200,7200,24397,88,77,346.90532155164965,2.0921560062561184,25281.41858597519,11070.245849899578
1781621405,500,POST,/likes,14.600000,0.000000,82,92,100,110,120,160,320,490,590,590,590,2432,0,67,104.13183307641224,2.8073180001229048,9927.080584020587,181.1233552631579
1781621405,500,POST,/posts,27.500000,0.000000,83,93,100,110,120,170,430,550,660,660,660,3637,0,67,95.13327198808604,3.417511994484812,7753.48416500492,228.73274676931538
1781621405,500,GET,/timeline/{user_id},246.300000,1.900000,93,110,130,160,650,4700,5300,5600,6200,6800,6800,30203,116,77,225.739250940607,1.9609589944593608,20240.856946009444,7282.904678343211
1781621405,500,GET,/users/{user_id},98.200000,0.300000,89,100,120,130,230,480,710,910,1300,1400,1400,12065,54,76,137.69750813650117,1.743211003486067,9784.479738998925,270.7179444674679
1781621405,500,,Aggregated,969.700000,5.700000,90,100,120,130,320,600,3900,4900,6000,6800,7200,121165,473,76,198.49670850349477,1.743211003486067,25281.41858597519,7716.340824495523
1781621406,500,GET,/feed/{user_id},419.700000,2.800000,88,100,110,120,160,370,610,740,1000,1200,1200,49075,215,76,133.78515060123402,2.0479889935813844,9952.153090009233,9092.375894039735
1781621406,500,GET,/feed/{user_id}?with_fof=true,211.200000,0.700000,88,100,110,120,170,410,620,750,3700,7200,7200,24725,88,77,343.5024426557458,2.0921560062561184,25281.41858597519,11070.6550859454
1781621406,500,POST,/likes,15.700000,0.000000,81,91,100,110,120,130,190,240,450,450,450,2473,0,68,103.87955385394822,2.8073180001229048,9927.080584020587,181.12373635260818
1781621406,500,POST,/posts,30.600000,0.000000,82,93,100,110,120,140,300,450,660,660,660,3691,0,67,94.97209236428611,3.417511994484812,7753.48416500492,228.7279869953942
1781621406,500,GET,/timeline/{user_id},275.100000,1.900000,91,110,120,140,470,4600,5200,5600,6200,6800,6800,30642,116,77,223.82260899204303,1.9609589944593608,20240.856946009444,7280.849977155538
1781621406,500,GET,/users/{user_id},104.800000,0.300000,87,100,110,120,150,390,550,800,1200,1300,1300,12223,54,76,137.0640152298719,1.743211003486067,9784.479738998925,270.7283809212141
1781621406,500,,Aggregated,1057.100000,5.700000,88,100,110,120,180,490,920,4900,5900,6800,7200,122829,473,76,197.0198091078259,1.743211003486067,25281.41858597519,7715.045844222455
1781621407,500,GET,/feed/{user_id},469.900000,2.800000,86,97,110,110,140,230,540,690,970,1200,1200,49768,215,76,133.02809699699972,2.0479889935813844,9952.153090009233,9094.489531425816
1781621407,500,GET,/feed/{user_id}?with_fof=true,234.500000,0.700000,86,98,110,110,140,260,560,690,3700,7200,7200,25053,88,77,340.04267396943544,2.0921560062561184,25281.41858597519,11070.977767133676
1781621407,500,POST,/likes,19.200000,0.000000,79,88,95,100,110,130,150,220,260,260,260,2517,0,68,103.3582585875517,2.8073180001229048,9927.080584020587,181.12236789829163
1781621407,500,POST,/posts,34.400000,0.000000,80,91,97,100,110,130,150,290,470,470,470,3748,0,68,94.67621837339024,3.417511994484812,7753.48416500492,228.72758804695837
1781621407,500,GET,/timeline/{user_id},314.300000,1.900000,87,100,110,120,180,730,5200,5600,6200,6800,6800,31049,116,77,221.92558035282792,1.9609589944593608,20240.856946009444,7282.505877806048
1781621407,500,GET,/users/{user_id},116.000000,0.300000,85,97,110,110,140,190,530,740,1100,1200,1200,12386,54,76,136.3275465091886,1.743211003486067,9784.479738998925,270.74769901501696
1781621407,500,,Aggregated,1188.300000,5.700000,86,98,110,110,140,310,690,4300,5900,6800,7200,124521,473,76,195.41885289283763,1.743211003486067,25281.41858597519,7715.621646148039
1781621408,500,GET,/feed/{user_id},516.600000,2.800000,85,96,110,110,130,160,400,630,880,1000,1000,50483,215,76,132.39633674907913,2.0479889935813844,9952.153090009233,9098.634015411128
1781621408,500,GET,/feed/{user_id}?with_fof=true,259.800000,0.700000,86,97,110,110,130,160,440,610,2300,7200,7200,25378,88,77,336.90591290198824,2.0921560062561184,25281.41858597519,11073.260580029948
1781621408,500,POST,/likes,22.600000,0.000000,81,88,95,100,110,130,150,220,260,260,260,2544,0,68,103.07400259581249,2.8073180001229048,9927.080584020587,181.1198899371069
1781621408,500,POST,/posts,40.100000,0.000000,80,89,96,100,110,130,130,140,170,170,170,3806,0,68,94.49571380488679,3.417511994484812,7753.48416500492,228.72306883867577
1781621408,500,GET,/timeline/{user_id},347.500000,1.900000,85,97,110,110,140,210,750,5300,6200,6800,6800,31458,116,77,220.14760390298065,1.9609589944593608,20240.856946009444,7280.238413122258
1781621408,500,GET,/users/{user_id},130.200000,0.300000,84,95,110,110,130,160,430,550,950,1000,1000,12552,54,76,135.6518727182553,1.743211003486067,9784.479738998925,270.7641013384321
1781621408,500,,Aggregated,1316.800000,5.700000,85,96,110,110,130,160,480,700,5900,6800,7200,126221,473,76,193.97516344360346,1.743211003486067,25281.41858597519,7717.378312642112
1781621409,500,GET,/feed/{user_id},558.100000,2.800000,85,96,100,110,120,140,160,170,410,560,560,51151,215,76,131.75263927421872,2.0479889935813844,9952.153090009233,9098.168344704893
1781621409,500,GET,/feed/{user_id}?with_fof=true,282.700000,0.700000,86,97,100,110,120,140,170,220,690,7200,7200,25741,88,77,333.4002726229182,2.0921560062561184,25281.41858597519,11070.695077891301
1781621409,500,POST,/likes,25.400000,0.000000,81,88,95,100,110,120,130,150,160,160,160,2587,0,68,102.66018122449061,2.8073180001229048,9927.080584020587,181.1198299188249
1781621409,500,POST,/posts,44.700000,0.000000,80,90,97,100,110,120,130,140,160,160,160,3857,0,68,94.27523431329539,3.417511994484812,7753.48416500492,228.7189525537983
1781621409,500,GET,/timeline/{user_id},375.500000,1.900000,85,95,100,110,120,140,160,190,430,1100,1100,31881,116,77,218.3853803946781,1.9609589944593608,20240.856946009444,7282.193877230952
1781621409,500,GET,/users/{user_id},139.300000,0.300000,84,95,100,110,130,140,160,180,230,240,240,12706,54,76,135.03080828918652,1.743211003486067,9784.479738998925,270.78002518495197
1781621409,500,,Aggregated,1425.700000,5.700000,85,95,100,110,120,140,160,180,540,3700,7200,127923,473,76,192.52662069495946,1.743211003486067,25281.41858597519,7717.971365587111
1781621410,500,GET,/feed/{user_id},598.900000,2.800000,83,94,100,110,120,140,150,160,210,240,240,51813,215,76,131.21145946068708,2.0479889935813844,9952.153090009233,9098.405110686508
1781621410,500,GET,/feed/{user_id}?with_fof=true,300.600000,0.700000,84,95,100,110,120,140,160,200,650,760,760,26084,88,77,330.23742857359827,2.0921560062561184,25281.41858597519,11072.190308234933
1781621410,500,POST,/likes,28.300000,0.000000,80,87,94,99,110,120,130,150,160,160,160,2617,0,69,102.42949393840776,2.8073180001229048,9927.080584020587,181.11960259839512
1781621410,500,POST,/posts,48.000000,0.000000,79,88,96,100,110,120,130,140,160,160,160,3897,0,68,94.20153668601179,3.417511994484812,7753.48416500492,228.7169617654606
1781621410,500,GET,/timeline/{user_id},388.200000,1.900000,84,94,100,110,120,140,150,180,390,490,490,32327,116,77,216.66247333557106,1.9609589944593608,20240.856946009444,7282.335478083336
1781621410,500,GET,/users/{user_id},149.000000,0.300000,83,92,100,110,130,140,160,170,200,240,240,12867,54,76,134.45958112430472,1.743211003486067,9784.479738998925,270.8048496152949
1781621410,500,,Aggregated,1513.000000,5.700000,83,94,100,110,120,140,160,170,490,690,760,129605,473,76,191.20923587745713,1.743211003486067,25281.41858597519,7719.520705219706
1781621412,500,GET,/feed/{user_id},649.300000,0.400000,82,92,99,100,120,130,150,160,200,230,230,52495,215,76,130.57193907459865,2.0479889935813844,9952.153090009233,9098.902733593675
1781621412,500,GET,/feed/{user_id}?with_fof=true,322.600000,0.200000,83,93,100,110,120,130,160,180,650,760,760,26389,88,77,327.3900632369142,2.0921560062561184,25281.41858597519,11073.849406949865
1781621412,500,POST,/likes,31.400000,0.000000,80,85,92,95,110,120,130,130,160,160,160,2649,0,69,102.15840833700419,2.8073180001229048,9927.080584020587,181.11627029067571
1781621412,500,POST,/posts,52.000000,0.000000,79,88,94,100,110,120,130,140,160,160,160,3939,0,68,94.00587162261613,3.417511994484812,7753.48416500492,228.7169332317847
1781621412,500,GET,/timeline/{user_id},401.900000,0.300000,82,92,100,100,120,130,150,170,400,490,490,32708,116,77,215.09621135110075,1.9609589944593608,20240.856946009444,7284.181729240553
1781621412,500,GET,/users/{user_id},159.100000,0.000000,81,91,98,100,120,130,150,160,190,200,200,13029,54,76,133.76401170253064,1.743211003486067,9784.479738998925,270.82400798219356
1781621412,500,,Aggregated,1616.300000,0.900000,82,92,99,100,120,130,150,160,500,680,760,131209,473,76,189.872304962542,1.743211003486067,25281.41858597519,7720.773620711994
1781621413,500,GET,/feed/{user_id},652.000000,0.000000,82,92,99,100,120,130,150,160,200,230,230,53177,215,77,130.01845270194428,2.0479889935813844,9952.153090009233,9101.244447787578
1781621413,500,GET,/feed/{user_id}?with_fof=true,324.100000,0.000000,82,92,100,100,120,130,150,190,680,760,760,26739,88,78,324.3072729512269,2.0921560062561184,25281.41858597519,11075.14357305808
1781621413,500,POST,/likes,32.600000,0.000000,80,85,92,95,110,110,120,130,150,150,150,2688,0,69,101.89688549727786,2.8073180001229048,9927.080584020587,181.1142113095238
1781621413,500,POST,/posts,51.400000,0.000000,78,87,93,100,110,120,130,130,160,160,160,3983,0,68,93.87215761823344,3.417511994484812,7753.48416500492,228.71453678132062
1781621413,500,GET,/timeline/{user_id},408.300000,0.000000,82,92,99,100,120,130,150,170,400,490,490,33167,116,77,213.3434401834724,1.9609589944593608,20240.856946009444,7282.2475955015525
1781621413,500,GET,/users/{user_id},160.200000,0.000000,81,90,97,100,120,130,150,160,180,200,200,13180,54,76,133.18922166730556,1.743211003486067,9784.479738998925,270.8350531107739
1781621413,500,,Aggregated,1628.600000,0.000000,81,91,99,100,120,130,150,160,540,680,760,132934,473,77,188.55094170734728,1.743211003486067,25281.41858597519,7722.7259918455775
1781621414,500,GET,/feed/{user_id},653.200000,0.000000,82,91,99,100,120,130,150,160,200,230,230,53857,215,77,129.51733163645187,2.0479889935813844,9952.153090009233,9103.074103644838
1781621414,500,GET,/feed/{user_id}?with_fof=true,325.600000,0.000000,82,92,100,110,120,130,160,190,680,760,760,27063,88,78,321.5802541138113,2.0921560062561184,25281.41858597519,11073.920001478033
1781621414,500,POST,/likes,33.300000,0.000000,80,85,90,95,110,110,120,130,150,150,150,2724,0,70,101.65040232589246,2.8073180001229048,9927.080584020587,181.1086637298091
1781621414,500,POST,/posts,50.500000,0.000000,79,87,93,99,110,120,130,130,160,160,160,4033,0,69,93.77541395101177,3.417511994484812,7753.48416500492,228.71410860401687
1781621414,500,GET,/timeline/{user_id},403.600000,0.000000,82,92,100,100,120,130,150,170,400,490,490,33551,116,78,211.970263840576,1.9609589944593608,20240.856946009444,7281.5291347500815
1781621414,500,GET,/users/{user_id},160.500000,0.000000,81,90,97,100,120,130,150,160,180,200,200,13355,54,77,132.6140608243297,1.743211003486067,9784.479738998925,270.8480718831898
1781621414,500,,Aggregated,1626.700000,0.000000,82,91,99,100,120,130,150,160,540,680,760,134583,473,77,187.3662230136839,1.743211003486067,25281.41858597519,7722.322009466277
1781621415,500,GET,/feed/{user_id},653.200000,0.000000,81,91,98,100,120,130,150,160,190,220,220,54556,215,77,128.94093776473596,2.0479889935813844,9952.153090009233,9103.192884375687
1781621415,500,GET,/feed/{user_id}?with_fof=true,328.700000,0.000000,82,91,100,100,120,130,150,180,650,680,680,27373,88,78,318.915736707494,2.0921560062561184,25281.41858597519,11072.235998977094
1781621415,500,POST,/likes,35.100000,0.000000,80,84,89,95,110,110,120,130,150,150,150,2754,0,70,101.40661907692328,2.8073180001229048,9927.080584020587,181.10965867828614
1781621415,500,POST,/posts,49.900000,0.000000,77,84,91,96,110,120,130,130,160,160,160,4073,0,69,93.56708122871387,3.417511994484812,7753.48416500492,228.71126933464276
1781621415,500,GET,/timeline/{user_id},409.500000,0.000000,82,92,100,100,120,130,150,170,400,490,490,33967,116,78,210.44267206683884,1.9609589944593608,20240.856946009444,7282.89404421939
1781621415,500,GET,/users/{user_id},155.600000,0.000000,80,89,97,100,120,130,150,160,180,200,200,13518,54,76,132.0425134818707,1.743211003486067,9784.479738998925,270.86055629530995
1781621415,500,,Aggregated,1632.000000,0.000000,81,91,99,100,120,130,150,160,520,680,680,136241,473,77,186.12320631609924,1.743211003486067,25281.41858597519,7722.961362585418
1781621416,500,GET,/feed/{user_id},658.400000,0.000000,82,92,99,100,120,130,150,160,190,210,210,55210,215,77,128.46657846578614,2.0479889935813844,9952.153090009233,9101.451802209745
1781621416,500,GET,/feed/{user_id}?with_fof=true,325.400000,0.000000,82,92,100,100,120,130,150,180,650,680,680,27711,88,78,316.12808792528426,2.0921560062561184,25281.41858597519,11069.985240518206
1781621416,500,POST,/likes,36.200000,0.000000,80,85,90,95,100,110,120,120,150,150,150,2791,0,70,101.17078078679839,2.8073180001229048,9927.080584020587,181.1110713006091
1781621416,500,POST,/posts,50.500000,0.000000,77,85,90,95,110,120,130,130,160,160,160,4124,0,69,93.38847923777769,3.417511994484812,7753.48416500492,228.70877788554802
1781621416,500,GET,/timeline/{user_id},410.300000,0.000000,83,93,100,100,120,130,150,170,400,490,490,34393,116,78,208.94884362778808,1.9609589944593608,20240.856946009444,7283.311138894543
1781621416,500,GET,/users/{user_id},157.800000,0.000000,81,91,98,100,120,130,140,160,180,200,200,13669,54,77,131.57194914667966,1.743211003486067,9784.479738998925,270.8788499524471
1781621416,500,,Aggregated,1638.600000,0.000000,82,92,99,100,120,130,150,160,560,680,680,137898,473,77,184.95700830267756,1.743211003486067,25281.41858597519,7722.358221294
1781621417,500,GET,/feed/{user_id},659.400000,0.000000,83,93,100,100,120,130,150,160,190,210,210,55917,215,77,127.94931117761973,2.0479889935813844,9952.153090009233,9100.182216499454
1781621417,500,GET,/feed/{user_id}?with_fof=true,324.200000,0.000000,82,93,100,100,120,130,150,190,650,680,680,28059,88,78,313.3146477541746,2.0921560062561184,25281.41858597519,11069.232403150505
1781621417,500,POST,/likes,35.300000,0.000000,80,85,92,97,100,110,120,120,150,150,150,2823,0,70,100.97210127984847,2.8073180001229048,9927.080584020587,181.1105207226355
1781621417,500,POST,/posts,49.000000,0.000000,78,85,91,95,110,120,130,130,160,160,160,4187,0,69,93.20080414606281,3.417511994484812,7753.48416500492,228.70814425603058
1781621417,500,GET,/timeline/{user_id},407.900000,0.000000,83,94,100,110,120,130,150,180,430,490,490,34801,116,78,207.59410491680492,1.9609589944593608,20240.856946009444,7283.18214993822
1781621417,500,GET,/users/{user_id},158.200000,0.000000,81,91,98,100,120,130,140,160,180,200,200,13834,54,77,131.00474644599137,1.743211003486067,9784.479738998925,270.89027034841695
1781621417,500,,Aggregated,1634.000000,0.000000,83,93,100,100,120,130,150,160,560,680,680,139621,473,77,183.76831172151395,1.743211003486067,25281.41858597519,7721.795969087745
1781621418,500,GET,/feed/{user_id},662.600000,0.000000,84,94,100,110,120,130,140,160,180,200,200,56545,215,77,127.55732752292676,2.0479889935813844,9952.153090009233,9100.566310018568
1781621418,500,GET,/feed/{user_id}?with_fof=true,324.800000,0.000000,83,93,100,110,120,130,150,170,650,740,740,28399,88,78,310.7165789641705,2.0921560062561184,25281.41858597519,11069.16856227332
1781621418,500,POST,/likes,34.800000,0.000000,80,86,94,99,110,110,120,120,160,160,160,2860,0,70,100.80511165001076,2.8073180001229048,9927.080584020587,181.11013986013987
1781621418,500,POST,/posts,47.400000,0.000000,80,87,93,99,110,120,130,140,160,160,160,4234,0,69,93.23571121600196,3.417511994484812,7753.48416500492,228.70689655172413
1781621418,500,GET,/timeline/{user_id},407.700000,0.000000,84,95,100,110,120,140,160,180,450,510,510,35219,116,78,206.22658095893786,1.9609589944593608,20240.856946009444,7281.734092393311
1781621418,500,GET,/users/{user_id},156.000000,0.000000,82,92,99,100,120,130,150,160,180,190,190,13986,54,77,130.5595103668045,1.743211003486067,9784.479738998925,270.9009009009009
1781621418,500,,Aggregated,1633.300000,0.000000,83,93,100,110,120,130,150,160,560,680,740,141243,473,77,182.7271517751532,1.743211003486067,25281.41858597519,7721.978243169573
1781621419,500,GET,/feed/{user_id},664.800000,0.000000,84,94,100,110,120,130,140,160,190,200,200,57162,215,77,127.15063476121564,2.0479889935813844,9952.153090009233,9102.241261677338
1781621419,500,GET,/feed/{user_id}?with_fof=true,324.100000,0.000000,84,94,100,110,120,130,150,170,680,740,740,28726,88,79,308.29538154750077,2.0921560062561184,25281.41858597519,11070.323783332173
1781621419,500,POST,/likes,34.000000,0.000000,81,88,95,99,110,120,120,130,160,160,160,2887,0,71,100.66242928022811,2.8073180001229048,9927.080584020587,181.1104953238656
1781621419,500,POST,/posts,47.900000,0.000000,81,89,95,100,110,120,130,140,160,160,160,4294,0,70,93.20219645494666,3.417511994484812,7753.48416500492,228.7044713553796
1781621419,500,GET,/timeline/{user_id},405.800000,0.000000,85,95,100,110,120,140,150,180,430,510,510,35667,116,78,204.78883320079566,1.9609589944593608,20240.856946009444,7282.164914346595
1781621419,500,GET,/users/{user_id},157.100000,0.000000,83,92,99,100,120,130,150,160,180,190,190,14145,54,77,130.09302478750539,1.743211003486067,9784.479738998925,270.91035701661366
1781621419,500,,Aggregated,1633.700000,0.000000,84,94,100,110,120,130,150,160,560,690,740,142881,473,77,181.68594514914963,1.743211003486067,25281.41858597519,7722.358900063689
1781621420,500,GET,/feed/{user_id},664.300000,0.000000,85,94,100,110,120,130,140,150,180,190,190,57819,215,78,126.74426828492726,2.0479889935813844,9952.153090009233,9102.982825714731
1781621420,500,GET,/feed/{user_id}?with_fof=true,326.600000,0.000000,84,94,100,110,120,130,150,170,690,740,740,29028,88,79,306.0486917336159,2.0921560062561184,25281.41858597519,11070.031349042303
1781621420,500,POST,/likes,33.400000,0.000000,81,87,94,98,110,120,120,120,160,160,160,2918,0,71,100.44281952230484,2.8073180001229048,9927.080584020587,181.10726525017134
1781621420,500,POST,/posts,47.600000,0.000000,82,90,95,100,110,120,130,140,160,160,160,4355,0,70,93.1474549395121,3.417511994484812,7753.48416500492,228.700803673938
1781621420,500,GET,/timeline/{user_id},406.800000,0.000000,84,94,100,110,120,130,150,170,430,510,510,36047,116,78,203.56495319465893,1.9609589944593608,20240.856946009444,7284.12159125586
1781621420,500,GET,/users/{user_id},157.100000,0.000000,82,91,99,100,120,130,140,150,170,190,190,14293,54,77,129.64486195595305,1.743211003486067,9784.479738998925,270.9254180368012
1781621420,500,,Aggregated,1635.800000,0.000000,84,93,100,110,120,130,150,160,580,690,740,144460,473,78,180.68584705095878,1.743211003486067,25281.41858597519,7722.7866883566385
1781621421,500,GET,/feed/{user_id},651.500000,0.000000,85,94,100,110,120,130,150,160,190,210,210,58511,215,78,126.29189864550504,2.0479889935813844,9952.153090009233,9105.634530259267
1781621421,500,GET,/feed/{user_id}?with_fof=true,327.900000,0.000000,85,95,100,110,120,130,150,180,690,740,740,29367,88,79,303.56840253983233,2.0921560062561184,25281.41858597519,11073.077536009807
1781621421,500,POST,/likes,33.600000,0.000000,81,87,94,98,110,120,120,130,160,160,160,2941,0,71,100.3102300370887,2.8073180001229048,9927.080584020587,181.1033662019721
1781621421,500,POST,/posts,47.900000,0.000000,82,90,95,100,110,120,130,140,160,160,160,4402,0,70,93.02651776432562,3.417511994484812,7753.48416500492,228.70013630168106
1781621421,500,GET,/timeline/{user_id},409.300000,0.000000,85,95,100,110,120,140,160,180,470,520,520,36509,116,78,202.13911556869837,1.9609589944593608,20240.856946009444,7284.372812183297
1781621421,500,GET,/users/{user_id},155.400000,0.000000,82,92,99,100,120,130,140,150,170,190,190,14469,54,77,129.10450925748407,1.743211003486067,9784.479738998925,270.92895155159306
1781621421,500,,Aggregated,1625.600000,0.000000,84,94,100,110,120,130,150,160,560,690,740,146199,473,78,179.5961928023868,1.743211003486067,25281.41858597519,7724.864403997291
1781621422,500,GET,/feed/{user_id},652.800000,0.000000,85,95,100,110,120,130,150,160,190,210,210,59200,215,78,125.86625835899447,2.0479889935813844,9952.153090009233,9105.380878378379
1781621422,500,GET,/feed/{user_id}?with_fof=true,324.300000,0.000000,85,95,100,110,120,140,150,170,690,740,740,29682,88,79,301.3342696638738,2.0921560062561184,25281.41858597519,11072.459706219257
1781621422,500,POST,/likes,32.800000,0.000000,81,87,94,100,110,120,120,130,160,160,160,2968,0,71,100.17236556302302,2.8073180001229048,9927.080584020587,181.10175202156333
1781621422,500,POST,/posts,48.400000,0.000000,82,90,96,100,110,130,130,150,160,160,160,4441,0,70,93.00640318789128,3.417511994484812,7753.48416500492,228.69849133078137
1781621422,500,GET,/timeline/{user_id},409.400000,0.000000,85,96,100,110,120,140,160,190,500,520,520,36946,116,79,200.9112767293572,1.9609589944593608,20240.856946009444,7282.525198938992
1781621422,500,GET,/users/{user_id},155.900000,0.000000,83,93,100,110,120,130,150,160,170,190,190,14634,54,77,128.6714045094718,1.743211003486067,9784.479738998925,270.95544622112885
1781621422,500,,Aggregated,1623.600000,0.000000,85,95,100,110,120,130,150,160,520,690,740,147871,473,78,178.61301180216861,1.743211003486067,25281.41858597519,7724.77223390658
1781621423,500,GET,/feed/{user_id},653.000000,0.000000,84,95,100,110,120,140,150,160,190,210,210,59847,215,78,125.45718819696664,2.0479889935813844,9952.153090009233,9103.48675789931
1781621423,500,GET,/feed/{user_id}?with_fof=true,320.400000,0.000000,85,95,100,110,120,140,160,180,710,750,750,29999,88,79,299.16278760189454,2.0921560062561184,25281.41858597519,11072.68535617854
1781621423,500,POST,/likes,31.800000,0.000000,80,87,96,100,110,120,130,140,160,160,160,3006,0,71,99.91214007753194,2.8073180001229048,9927.080584020587,181.10113107119096
1781621423,500,POST,/posts,48.900000,0.000000,81,90,96,100,110,130,140,150,160,160,160,4480,0,71,92.88742918110984,3.417511994484812,7753.48416500492,228.69799107142856
1781621423,500,GET,/timeline/{user_id},407.500000,0.000000,85,96,100,110,130,140,160,220,500,520,520,37367,116,79,199.70649622068981,1.9609589944593608,20240.856946009444,7282.825032782936
1781621423,500,GET,/users/{user_id},155.700000,0.000000,83,93,100,110,120,140,150,160,190,190,190,14800,54,77,128.25756065035986,1.743211003486067,9784.479738998925,270.97033783783786
1781621423,500,,Aggregated,1617.300000,0.000000,84,94,100,110,120,140,150,170,520,740,750,149499,473,78,177.65962932863326,1.743211003486067,25281.41858597519,7723.814212804099
1781621424,500,GET,/feed/{user_id},652.500000,0.000000,86,95,100,110,120,140,150,160,190,210,210,60494,215,78,125.09030605470537,2.0479889935813844,9952.153090009233,9102.3986015142
1781621424,500,GET,/feed/{user_id}?with_fof=true,321.300000,0.000000,86,96,100,110,120,140,160,190,710,750,750,30333,88,79,296.9286239839869,2.0921560062561184,25281.41858597519,11071.73612896845
1781621424,500,POST,/likes,31.400000,0.000000,80,86,94,100,110,120,130,140,160,160,160,3051,0,72,99.64637179155645,2.8073180001229048,9927.080584020587,181.0986561783022
1781621424,500,POST,/posts,49.400000,0.000000,83,90,98,100,110,130,130,150,160,160,160,4531,0,71,92.81534924133402,3.417511994484812,7753.48416500492,228.69565217391303
1781621424,500,GET,/timeline/{user_id},410.900000,0.000000,85,96,100,110,130,140,160,250,500,520,520,37782,116,79,198.56953293775803,1.9609589944593608,20240.856946009444,7282.009554814462
1781621424,500,GET,/users/{user_id},155.200000,0.000000,84,93,100,110,120,130,150,160,190,190,190,14948,54,77,127.87679392869056,1.743211003486067,9784.479738998925,270.981000802783
1781621424,500,,Aggregated,1620.700000,0.000000,85,95,100,110,120,140,150,170,570,740,750,151139,473,78,176.74043603986084,1.743211003486067,25281.41858597519,7723.008184518887
1781621425,500,GET,/feed/{user_id},646.800000,0.000000,85,94,100,110,120,130,150,160,190,210,210,61210,215,78,124.60290800947841,2.0479889935813844,9952.153090009233,9099.272602515928
1781621425,500,GET,/feed/{user_id}?with_fof=true,315.600000,0.000000,85,94,100,110,120,140,160,180,710,750,750,30670,88,79,294.5745100486827,2.0921560062561184,25281.41858597519,11072.426736224323
1781621425,500,POST,/likes,30.400000,0.000000,81,86,92,96,110,120,130,140,160,160,160,3080,0,72,99.46457253604244,2.8073180001229048,9927.080584020587,181.0974025974026
1781621425,500,POST,/posts,48.500000,0.000000,83,90,96,100,110,130,130,150,160,160,160,4588,0,71,92.67005330895577,3.417511994484812,7753.48416500492,228.69289450741064
1781621425,500,GET,/timeline/{user_id},408.900000,0.000000,85,95,100,110,130,140,160,220,500,520,520,38179,116,79,197.37802375241688,1.9609589944593608,20240.856946009444,7283.592472301527
1781621425,500,GET,/users/{user_id},157.200000,0.000000,83,92,100,100,120,130,150,160,190,190,190,15117,54,78,127.3660837242256,1.743211003486067,9784.479738998925,271.0070781239664
1781621425,500,,Aggregated,1607.400000,0.000000,85,94,100,110,120,140,150,170,520,740,750,152844,473,78,175.69648770608174,1.743211003486067,25281.41858597519,7722.527007929653
1781621426,500,GET,/feed/{user_id},648.400000,0.000000,84,93,100,110,120,140,150,160,190,210,210,61894,215,78,124.18398604152,2.0479889935813844,9952.153090009233,9100.771625682619
1781621426,500,GET,/feed/{user_id}?with_fof=true,319.600000,0.000000,84,94,100,110,120,140,160,180,710,750,750,30997,88,79,292.4158521440428,2.0921560062561184,25281.41858597519,11073.591960512307
1781621426,500,POST,/likes,32.100000,0.000000,80,86,90,94,120,120,130,140,160,160,160,3118,0,72,99.29050640342884,2.8073180001229048,9927.080584020587,181.09749839640796
1781621426,500,POST,/posts,48.100000,0.000000,82,90,97,100,110,130,130,150,160,160,160,4642,0,71,92.57453943959159,3.417511994484812,7753.48416500492,228.69323567427833
1781621426,500,GET,/timeline/{user_id},413.100000,0.000000,84,93,100,110,120,140,160,190,500,520,520,38637,116,79,196.05694325771563,1.9609589944593608,20240.856946009444,7286.627662603204
1781621426,500,GET,/users/{user_id},156.700000,0.000000,83,92,100,110,120,130,150,160,190,190,190,15300,54,78,126.8949955724274,1.743211003486067,9784.479738998925,271.02300653594773
1781621426,500,,Aggregated,1618.000000,0.000000,84,93,100,110,120,140,150,170,520,740,750,154588,473,78,174.69740316786337,1.743211003486067,25281.41858597519,7722.7057080756595
1781621427,500,GET,/feed/{user_id},648.100000,0.000000,84,93,100,110,120,140,150,160,200,210,210,62500,215,78,123.87381817158638,2.0479889935813844,9952.153090009233,9101.54192
1781621427,500,GET,/feed/{user_id}?with_fof=true,321.100000,0.000000,85,95,100,110,120,140,160,190,690,750,750,31327,88,79,290.37138365769033,2.0921560062561184,25281.41858597519,11075.151019886998
1781621427,500,POST,/likes,32.000000,0.000000,80,86,91,94,120,130,150,160,170,170,170,3149,0,72,99.24008053919576,2.8073180001229048,9927.080584020587,181.0955859002858
1781621427,500,POST,/posts,49.000000,0.000000,83,90,96,100,110,130,140,150,160,160,160,4685,0,71,92.55640191839076,3.417511994484812,7753.48416500492,228.69284951974387
1781621427,500,GET,/timeline/{user_id},410.900000,0.000000,84,94,100,110,130,140,160,190,490,520,520,39063,116,79,194.95770030589807,1.9609589944593608,20240.856946009444,7288.5628855950645
1781621427,500,GET,/users/{user_id},156.700000,0.000000,83,92,100,110,120,140,160,160,190,200,200,15465,54,78,126.52870636671275,1.743211003486067,9784.479738998925,271.03511154219206
1781621427,500,,Aggregated,1617.800000,0.000000,84,93,100,110,120,140,160,170,520,710,750,156189,473,78,173.87338941400938,1.743211003486067,25281.41858597519,7723.616976867769
1781621428,500,GET,/feed/{user_id},647.400000,0.000000,84,93,100,110,120,140,150,160,200,210,210,63169,215,78,123.5130873088913,2.0479889935813844,9952.153090009233,9100.673019993985
1781621428,500,GET,/feed/{user_id}?with_fof=true,318.400000,0.000000,84,94,100,110,130,140,160,190,690,750,750,31687,88,79,288.14396538228556,2.0921560062561184,25281.41858597519,11074.93505222962
1781621428,500,POST,/likes,31.400000,0.000000,79,86,92,96,120,130,140,150,170,170,170,3186,0,72,99.05265914998996,2.8073180001229048,9927.080584020587,181.09667294413057
1781621428,500,POST,/posts,49.900000,0.000000,81,89,96,100,120,130,140,150,160,160,160,4736,0,71,92.50358357678886,3.417511994484812,7753.48416500492,228.69003378378378
1781621428,500,GET,/timeline/{user_id},411.700000,0.000000,84,93,100,110,130,140,160,190,490,520,520,39456,116,79,193.9235185874191,1.9609589944593608,20240.856946009444,7286.81701135442
1781621428,500,GET,/users/{user_id},157.900000,0.000000,83,92,100,110,120,140,160,160,190,200,200,15642,54,78,126.12116064860778,1.743211003486067,9784.479738998925,271.0537655031326
1781621428,500,,Aggregated,1616.700000,0.000000,84,93,100,110,130,140,160,170,520,710,750,157876,473,78,172.98720724749802,1.743211003486067,25281.41858597519,7722.645658618156
1781621429,500,GET,/feed/{user_id},642.100000,0.000000,83,93,100,110,130,140,150,160,200,210,210,63833,215,78,123.05638307948564,2.0479889935813844,9952.153090009233,9100.556796641236
1781621429,500,GET,/feed/{user_id}?with_fof=true,317.900000,0.000000,84,95,100,110,130,140,160,190,680,750,750,32009,88,79,286.0562743697959,2.0921560062561184,25281.41858597519,11076.680558592896
1781621429,500,POST,/likes,31.900000,0.000000,78,86,92,95,120,130,140,150,170,170,170,3221,0,72,98.76400226600919,2.8073180001229048,9927.080584020587,181.0968643278485
1781621429,500,POST,/posts,48.800000,0.000000,80,88,96,100,120,130,140,150,160,160,160,4785,0,71,92.30540784362576,3.417511994484812,7753.48416500492,228.68672936259142
1781621429,500,GET,/timeline/{user_id},413.300000,0.000000,84,94,100,110,130,140,160,190,490,520,520,39842,116,79,192.82803844164883,1.9609589944593608,20240.856946009444,7288.691506450479
1781621429,500,GET,/users/{user_id},158.700000,0.000000,83,93,100,110,120,140,160,160,190,200,200,15802,54,78,125.64812166297553,1.743211003486067,9784.479738998925,271.0643589419061
1781621429,500,,Aggregated,1612.700000,0.000000,83,93,100,110,130,140,160,170,500,710,750,159492,473,78,172.04235912369617,1.743211003486067,25281.41858597519,7723.436253855993
1781621430,500,GET,/feed/{user_id},644.800000,0.000000,82,92,100,110,130,140,170,250,470,540,540,64386,215,78,122.85414822205864,2.0479889935813844,9952.153090009233,9099.743438014475
1781621430,500,GET,/feed/{user_id}?with_fof=true,319.300000,0.000000,83,94,100,110,130,150,200,360,690,750,750,32283,88,79,284.54510916843896,2.0921560062561184,25281.41858597519,11079.498528637363
1781621430,500,POST,/likes,31.900000,0.000000,77,84,90,94,110,130,140,150,170,170,170,3254,0,72,98.17668919080144,2.8073180001229048,9927.080584020587,181.0961893054702
1781621430,500,POST,/posts,48.900000,0.000000,78,85,93,97,110,120,140,140,160,160,160,4848,0,71,91.53934923301301,3.417511994484812,7753.48416500492,228.68626237623764
1781621430,500,GET,/timeline/{user_id},415.900000,0.000000,83,93,100,110,130,150,220,350,520,1300,1300,40165,116,79,192.19926706238056,1.9609589944593608,20240.856946009444,7290.306510643595
1781621430,500,GET,/users/{user_id},159.900000,0.000000,82,92,100,110,130,150,170,280,500,560,560,15935,54,78,125.55726883987704,1.743211003486067,9784.479738998925,271.07185440853465
1781621430,500,,Aggregated,1620.700000,0.000000,82,92,100,110,130,150,180,300,530,1000,1300,160871,473,78,171.44013090577275,1.743211003486067,25281.41858597519,7723.009001000802
1781621431,500,GET,/feed/{user_id},649.400000,0.000000,81,91,100,110,130,160,350,460,670,750,750,64894,223,78,122.88629388875063,2.0479889935813844,9952.153090009233,9100.134388387216
1781621431,500,GET,/feed/{user_id}?with_fof=true,320.100000,0.000000,81,93,100,110,140,190,440,560,1300,1900,1900,32544,92,79,283.5445561728008,2.0921560062561184,25281.41858597519,11078.539454277286
1781621431,500,POST,/likes,32.100000,0.000000,76,84,88,93,110,130,140,150,170,170,170,3271,0,72,97.74971795228852,2.8073180001229048,9927.080584020587,181.09354937328035
1781621431,500,POST,/posts,47.500000,0.000000,76,83,89,95,110,120,140,140,180,180,180,4889,0,71,90.89766880378517,3.417511994484812,7753.48416500492,228.68562078134588
1781621431,500,GET,/timeline/{user_id},411.400000,0.000000,82,93,100,110,140,210,480,630,1900,2000,2000,40516,124,79,192.76173562882582,1.9609589944593608,20240.856946009444,7286.0586434988645
1781621431,500,GET,/users/{user_id},160.400000,0.000000,81,92,100,110,140,170,420,520,640,640,640,16065,58,78,125.86530333615238,1.743211003486067,9784.479738998925,271.0180516651105
1781621431,500,,Aggregated,1620.900000,0.000000,81,92,100,110,130,170,400,520,1700,1900,2000,162179,497,78,171.40539651089566,1.743211003486067,25281.41858597519,7722.02545952312
1781621432,500,GET,/feed/{user_id},643.400000,0.000000,80,91,100,110,140,300,480,570,810,890,890,65487,242,78,123.17837173044836,2.0479889935813844,9952.153090009233,9097.25554690244
1781621432,500,GET,/feed/{user_id}?with_fof=true,317.700000,0.000000,80,93,100,110,150,320,500,590,1900,2600,2600,32824,97,79,282.35179837898164,2.0921560062561184,25281.41858597519,11076.3495308311
1781621432,500,POST,/likes,32.600000,0.000000,73,82,87,90,100,120,140,150,170,170,170,3297,0,72,97.10071848709542,2.8073180001229048,9927.080584020587,181.0915984228086
1781621432,500,POST,/posts,48.200000,0.000000,73,82,88,94,110,120,140,160,290,290,290,4932,0,71,90.38539263638499,3.417511994484812,7753.48416500492,228.6867396593674
1781621432,500,GET,/timeline/{user_id},400.900000,0.000000,81,92,100,110,160,390,580,1000,3000,3300,3300,40880,130,79,192.82223400069915,1.9609589944593608,20240.856946009444,7285.053302348337
1781621432,500,GET,/users/{user_id},160.200000,0.000000,80,91,100,110,140,300,490,580,690,810,810,16200,61,78,125.76794048855339,1.743211003486067,9784.479738998925,270.98253086419754
1781621432,500,,Aggregated,1603.000000,0.000000,80,91,100,110,140,310,500,600,1800,3200,3300,163620,530,78,171.25310381800008,1.743211003486067,25281.41858597519,7720.632618261826
1781621433,500,GET,/feed/{user_id},631.000000,0.300000,80,94,110,120,170,380,520,590,810,890,890,66125,253,78,123.19991760482611,2.0479889935813844,9952.153090009233,9096.665693761815
1781621433,500,GET,/feed/{user_id}?with_fof=true,312.600000,0.200000,80,96,110,120,190,380,530,610,2600,4200,4200,33123,99,79,281.21552254960454,2.0921560062561184,25281.41858597519,11076.669021525828
1781621433,500,POST,/likes,32.600000,0.000000,71,82,87,91,100,120,140,160,170,170,170,3329,0,71,96.42957763108842,2.8073180001229048,9927.080584020587,181.0931210573746
1781621433,500,POST,/posts,48.100000,0.000000,71,81,89,95,110,120,140,160,290,290,290,4963,0,71,90.07210018430952,3.417511994484812,7753.48416500492,228.68527100544026
1781621433,500,GET,/timeline/{user_id},393.800000,0.300000,81,96,110,120,240,450,730,1800,3800,3800,3800,41322,138,79,194.05247103993977,1.9609589944593608,20240.856946009444,7281.059605052998
1781621433,500,GET,/users/{user_id},157.200000,0.000000,79,92,110,110,170,370,520,610,700,810,810,16375,63,78,125.64036239527401,1.743211003486067,9784.479738998925,270.9683053435115
1781621433,500,,Aggregated,1575.300000,0.800000,80,94,110,120,170,390,540,650,3600,4100,4200,165237,553,78,171.3014357844375,1.743211003486067,25281.41858597519,7718.927370988338
1781621434,500,GET,/feed/{user_id},619.200000,1.000000,79,91,100,110,170,380,520,590,810,890,890,66809,253,78,122.81793768431181,2.0479889935813844,9952.153090009233,9098.781586313222
1781621434,500,GET,/feed/{user_id}?with_fof=true,311.000000,0.600000,79,93,110,120,180,380,530,610,2600,4200,4200,33499,99,79,279.0202016438849,2.0921560062561184,25281.41858597519,11077.201737365294
1781621434,500,POST,/likes,31.900000,0.000000,70,80,86,90,100,120,130,150,170,170,170,3376,0,72,96.18408903818892,2.8073180001229048,9927.080584020587,181.093009478673
1781621434,500,POST,/posts,47.500000,0.000000,70,81,86,91,110,120,140,160,290,290,290,5013,0,71,89.98232911307196,3.417511994484812,7753.48416500492,228.68461998803113
1781621434,500,GET,/timeline/{user_id},388.200000,0.900000,80,93,110,120,240,450,730,1800,3800,3800,3800,41701,138,79,193.08358932710388,1.9609589944593608,20240.856946009444,7283.020670967123
1781621434,500,GET,/users/{user_id},155.500000,0.400000,78,91,110,110,160,370,520,610,700,810,810,16553,63,78,125.18644775917495,1.743211003486067,9784.479738998925,270.97565396000726
1781621434,500,,Aggregated,1553.300000,2.900000,79,91,100,110,170,390,540,650,3600,4100,4200,166951,553,78,170.42144259299693,1.743211003486067,25281.41858597519,7720.27811154171
1781621435,500,GET,/feed/{user_id},619.300000,3.300000,80,92,100,110,180,380,520,590,810,890,890,67453,253,78,122.53004217228613,2.0479889935813844,9952.153090009233,9100.078958682341
1781621435,500,GET,/feed/{user_id}?with_fof=true,308.400000,1.000000,81,95,110,120,180,380,530,610,2600,4200,4200,33830,99,79,277.2283186879829,2.0921560062561184,25281.41858597519,11078.241324268402
1781621435,500,POST,/likes,32.300000,0.000000,70,80,86,88,100,110,130,150,170,170,170,3404,0,72,96.10179799734262,2.8073180001229048,9927.080584020587,181.09106933019976
1781621435,500,POST,/posts,48.500000,0.000000,71,82,86,91,110,120,140,160,290,290,290,5065,0,71,89.95101214410082,3.417511994484812,7753.48416500492,228.6833168805528
1781621435,500,GET,/timeline/{user_id},385.600000,2.000000,81,94,110,120,240,450,730,1800,3800,3800,3800,42122,138,79,192.1026148748288,1.9609589944593608,20240.856946009444,7281.958596457908
1781621435,500,GET,/users/{user_id},153.300000,0.900000,79,92,110,110,160,360,520,610,700,810,810,16734,63,78,124.83318498634469,1.743211003486067,9784.479738998925,270.9959961754512
1781621435,500,,Aggregated,1547.500000,7.200000,80,92,110,110,180,390,540,650,3600,4100,4200,168608,553,78,169.666268587928,1.743211003486067,25281.41858597519,7719.946574302524
1781621436,500,GET,/feed/{user_id},616.000000,3.800000,80,92,100,110,170,380,520,590,810,890,890,68090,253,78,122.24030198035254,2.0479889935813844,9952.153090009233,9100.098957262448
1781621436,500,GET,/feed/{user_id}?with_fof=true,306.300000,1.100000,80,93,110,110,170,380,530,610,2600,4200,4200,34135,99,79,275.5522905413865,2.0921560062561184,25281.41858597519,11079.28199794932
1781621436,500,POST,/likes,31.300000,0.000000,71,80,85,88,100,110,120,130,130,130,130,3439,0,72,95.9970625673009,2.8073180001229048,9927.080584020587,181.08956091887177
1781621436,500,POST,/posts,46.600000,0.000000,71,81,85,90,100,110,130,140,290,290,290,5112,0,71,89.91075194188366,3.417511994484812,7753.48416500492,228.68172926447573
1781621436,500,GET,/timeline/{user_id},382.800000,2.200000,81,94,110,120,240,450,730,1800,3800,3800,3800,42551,138,79,191.1047034667512,1.9609589944593608,20240.856946009444,7282.558177246128
1781621436,500,GET,/users/{user_id},155.700000,0.900000,79,92,110,110,160,360,520,610,700,810,810,16899,63,78,124.51080412921614,1.743211003486067,9784.479738998925,271.0132552222025
1781621436,500,,Aggregated,1538.700000,8.000000,80,92,100,110,170,390,540,650,3600,4100,4200,170226,553,78,168.92179559974096,1.743211003486067,25281.41858597519,7719.554022299766
1781621437,500,GET,/feed/{user_id},610.200000,3.800000,81,95,110,120,170,380,520,590,810,890,890,68746,253,79,121.95141575195697,2.0479889935813844,9952.153090009233,9101.339888866261
1781621437,500,GET,/feed/{user_id}?with_fof=true,307.900000,1.100000,81,95,110,120,180,380,530,610,2600,4200,4200,34440,99,79,273.9425934344194,2.0921560062561184,25281.41858597519,11079.618292682926
1781621437,500,POST,/likes,31.300000,0.000000,71,81,86,91,100,110,120,130,130,130,130,3471,0,72,95.8434046501665,2.8073180001229048,9927.080584020587,181.08988764044943
1781621437,500,POST,/posts,46.900000,0.000000,71,82,90,94,110,120,130,140,290,290,290,5166,0,71,89.90191866316091,3.417511994484812,7753.48416500492,228.6831204026326
1781621437,500,GET,/timeline/{user_id},384.600000,2.200000,82,97,110,120,230,450,720,1800,3800,3800,3800,42998,138,79,190.0768223877783,1.9609589944593608,20240.856946009444,7281.0507930601425
1781621437,500,GET,/users/{user_id},156.700000,0.900000,81,95,110,120,160,370,520,610,700,810,810,17044,63,78,124.23602526059418,1.743211003486067,9784.479738998925,271.02851443323163
1781621437,500,,Aggregated,1537.600000,8.000000,81,95,110,120,170,390,540,650,3600,4100,4200,171865,553,78,168.18876873180176,1.743211003486067,25281.41858597519,7719.795991039478
1781621438,500,GET,/feed/{user_id},610.200000,3.800000,80,92,100,110,170,380,520,590,810,890,890,69422,253,78,121.53703834868297,2.0479889935813844,9952.153090009233,9099.571591138256
1781621438,500,GET,/feed/{user_id}?with_fof=true,310.000000,1.100000,80,93,100,110,180,390,530,610,2600,4200,4200,34750,99,79,272.2059442466604,2.0921560062561184,25281.41858597519,11079.08854676259
1781621438,500,POST,/likes,31.700000,0.000000,72,80,84,88,100,110,120,120,130,130,130,3505,0,72,95.67618252630292,2.8073180001229048,9927.080584020587,181.08844507845933
1781621438,500,POST,/posts,46.400000,0.000000,72,81,86,92,100,120,130,140,290,290,290,5227,0,71,89.73916941853683,3.417511994484812,7753.48416500492,228.68375741343027
1781621438,500,GET,/timeline/{user_id},383.400000,2.200000,81,95,110,120,230,440,720,1800,3800,3800,3800,43463,138,79,188.91785271347,1.9609589944593608,20240.856946009444,7281.039872995421
1781621438,500,GET,/users/{user_id},157.200000,0.900000,79,91,100,110,160,360,520,610,700,810,810,17242,63,78,123.71664417153264,1.743211003486067,9784.479738998925,271.0388006031783
1781621438,500,,Aggregated,1538.900000,8.000000,80,92,100,110,170,390,540,650,3600,4100,4200,173609,553,78,167.30107026945592,1.743211003486067,25281.41858597519,7716.581041305462
1781621439,500,GET,/feed/{user_id},612.500000,3.800000,81,93,100,110,160,370,510,590,810,890,890,70096,253,79,121.22994201403,2.0479889935813844,9952.153090009233,9100.029088678384
1781621439,500,GET,/feed/{user_id}?with_fof=true,310.700000,1.100000,81,92,100,110,160,380,530,610,2600,4200,4200,35106,99,79,270.3872819633483,2.0921560062561184,25281.41858597519,11078.629550504187
1781621439,500,POST,/likes,31.700000,0.000000,73,80,86,92,100,110,120,130,140,140,140,3533,0,72,95.58040204149947,2.8073180001229048,9927.080584020587,181.0883102179451
1781621439,500,POST,/posts,46.600000,0.000000,73,82,88,93,110,120,130,140,290,290,290,5269,0,71,89.67208828705202,3.417511994484812,7753.48416500492,228.68077434048206
1781621439,500,GET,/timeline/{user_id},385.500000,2.200000,81,95,110,120,210,430,690,1700,3800,3800,3800,43871,138,79,188.0059329871538,1.9609589944593608,20240.856946009444,7280.2442387910005
1781621439,500,GET,/users/{user_id},155.600000,0.900000,80,92,100,110,150,360,520,610,700,810,810,17400,63,78,123.3921725549767,1.743211003486067,9784.479738998925,271.03850574712646
1781621439,500,,Aggregated,1542.600000,8.000000,80,92,100,110,150,380,540,650,3500,4100,4200,175275,553,78,166.56767832351287,1.743211003486067,25281.41858597519,7717.896887747825
1781621440,500,GET,/feed/{user_id},610.000000,3.800000,82,93,100,110,140,280,490,580,780,890,890,70738,253,79,120.93083384237303,2.0479889935813844,9952.153090009233,9099.990090191975
1781621440,500,GET,/feed/{user_id}?with_fof=true,301.800000,1.100000,81,92,100,110,140,310,520,620,2500,4200,4200,35441,99,79,268.74520925820843,2.0921560062561184,25281.41858597519,11077.299145057983
1781621440,500,POST,/likes,31.700000,0.000000,75,83,88,94,100,110,120,120,140,140,140,3572,0,72,95.43154049988658,2.8073180001229048,9927.080584020587,181.08650615901456
1781621440,500,POST,/posts,47.200000,0.000000,77,84,91,97,110,120,130,140,290,290,290,5321,0,72,89.66173403204375,3.417511994484812,7753.48416500492,228.67957150911482
1781621440,500,GET,/timeline/{user_id},388.900000,2.200000,82,94,110,110,150,370,620,1700,3800,3800,3800,44295,138,79,187.071004004659,1.9609589944593608,20240.856946009444,7279.922542047635
1781621440,500,GET,/users/{user_id},154.200000,0.900000,80,92,100,110,140,260,490,570,700,810,810,17543,63,78,123.11809343052154,1.743211003486067,9784.479738998925,271.0540386478937
1781621440,500,,Aggregated,1533.800000,8.000000,81,92,100,110,140,290,510,620,3500,4100,4200,176910,553,79,165.86482771211294,1.743211003486067,25281.41858597519,7717.98413317506
1781621441,500,GET,/feed/{user_id},610.700000,3.800000,83,93,100,110,130,160,390,530,780,890,890,71376,253,79,120.62546698176308,2.0479889935813844,9952.153090009233,9100.490935328402
1781621441,500,GET,/feed/{user_id}?with_fof=true,298.400000,1.100000,83,93,100,110,130,170,420,530,790,4200,4200,35805,99,80,266.99939215251044,2.0921560062561184,25281.41858597519,11078.173690825304
1781621441,500,POST,/likes,30.900000,0.000000,77,84,90,96,110,120,120,130,160,160,160,3598,0,72,95.37429950935982,2.8073180001229048,9927.080584020587,181.082823790995
1781621441,500,POST,/posts,47.500000,0.000000,79,85,93,99,110,120,140,160,290,290,290,5379,0,72,89.65417877146248,3.417511994484812,7753.48416500492,228.68005205428517
1781621441,500,GET,/timeline/{user_id},389.800000,2.200000,82,94,100,110,130,200,430,670,3700,3800,3800,44702,138,80,186.18190991003473,1.9609589944593608,20240.856946009444,7280.658963804752
1781621441,500,GET,/users/{user_id},157.600000,0.900000,81,92,100,110,130,160,330,470,700,810,810,17700,63,78,122.80914026240718,1.743211003486067,9784.479738998925,271.06305084745765
1781621441,500,,Aggregated,1534.900000,8.000000,82,93,100,110,130,170,390,530,3500,4100,4200,178560,553,79,165.16301883960674,1.743211003486067,25281.41858597519,7719.254530689964
1781621442,500,GET,/feed/{user_id},617.800000,3.800000,83,92,99,100,120,140,160,200,480,570,570,72066,253,79,120.24042492700318,2.0479889935813844,9952.153090009233,9102.051577720424
1781621442,500,GET,/feed/{user_id}?with_fof=true,304.100000,1.100000,83,92,100,110,120,140,190,370,720,4200,4200,36115,99,80,265.42370966192806,2.0921560062561184,25281.41858597519,11078.89696801883
1781621442,500,POST,/likes,30.300000,0.000000,79,84,91,96,110,120,120,130,160,160,160,3629,0,72,95.20493613408591,2.8073180001229048,9927.080584020587,181.0834940755029
1781621442,500,POST,/posts,47.000000,0.000000,81,86,93,99,110,120,130,150,190,190,190,5419,0,72,89.56339124756306,3.417511994484812,7753.48416500492,228.67983022697913
1781621442,500,GET,/timeline/{user_id},401.900000,2.200000,83,93,100,110,120,140,210,360,3700,3800,3800,45115,138,80,185.2749612911579,1.9609589944593608,20240.856946009444,7279.405962540175
1781621442,500,GET,/users/{user_id},157.600000,0.900000,81,91,100,110,120,130,160,200,510,560,560,17865,63,78,122.41751871461895,1.743211003486067,9784.479738998925,271.07254408060453
1781621442,500,,Aggregated,1558.700000,8.000000,83,92,100,110,120,140,170,250,720,4100,4200,180209,553,79,164.40652419201194,1.743211003486067,25281.41858597519,7719.993407654446
1781621443,500,GET,/feed/{user_id},628.600000,3.500000,84,93,100,110,130,150,250,350,630,860,860,72498,253,79,120.70669573285569,2.0479889935813844,9952.153090009233,9101.36687908632
1781621443,500,GET,/feed/{user_id}?with_fof=true,313.800000,0.900000,84,92,100,110,120,140,180,280,700,810,810,36177,99,80,265.2698567606633,2.0921560062561184,25281.41858597519,11076.30400530724
1781621443,500,POST,/likes,31.800000,0.000000,80,85,92,97,110,120,130,140,230,230,230,3648,0,72,94.99069126387806,2.8073180001229048,9927.080584020587,181.0858004385965
1781621443,500,POST,/posts,47.200000,0.000000,81,86,92,98,110,120,140,170,330,330,330,5456,0,72,89.39018317331112,3.417511994484812,7753.48416500492,228.68126832844575
1781621443,500,GET,/timeline/{user_id},408.100000,1.900000,84,94,100,110,130,170,280,350,520,860,860,45374,138,80,185.31421958451023,1.9609589944593608,20240.856946009444,7279.841076387358
1781621443,500,GET,/users/{user_id},159.600000,0.900000,83,93,100,110,130,160,310,370,520,600,600,17958,63,78,122.95225839288526,1.743211003486067,9784.479738998925,271.0858113375654
1781621443,500,,Aggregated,1589.100000,7.200000,84,93,100,110,130,150,250,340,630,860,860,181111,553,79,164.5307274104957,1.743211003486067,25281.41858597519,7716.981850909111
1781621444,500,GET,/feed/{user_id},636.400000,2.800000,84,94,100,110,140,230,390,480,850,1500,1500,72701,253,79,121.26479995675192,2.0479889935813844,9952.153090009233,9102.250753084552
1781621444,500,GET,/feed/{user_id}?with_fof=true,318.100000,0.500000,83,92,99,110,120,150,270,470,720,960,960,36204,99,80,265.3732725735742,2.0921560062561184,25281.41858597519,11075.219865208264
1781621444,500,POST,/likes,32.800000,0.000000,79,85,93,98,110,120,180,230,240,240,240,3658,0,72,95.05208376124504,2.8073180001229048,9927.080584020587,181.08611262985238
1781621444,500,POST,/posts,47.900000,0.000000,80,87,94,100,120,140,240,260,420,420,420,5470,0,72,89.58267613630244,3.417511994484812,7753.48416500492,228.68299817184644
1781621444,500,GET,/timeline/{user_id},411.800000,1.300000,84,96,110,110,140,250,390,470,1500,2000,2000,45504,138,80,185.85803069852233,1.9609589944593608,20240.856946009444,7279.986155063291
1781621444,500,GET,/users/{user_id},161.600000,0.500000,83,94,100,110,140,240,400,500,1100,1100,1100,17994,63,78,123.56410775511513,1.743211003486067,9784.479738998925,271.08786262087364
1781621444,500,,Aggregated,1608.600000,5.100000,83,94,100,110,130,210,380,470,950,1900,2000,181531,553,79,164.94185746029484,1.743211003486067,25281.41858597519,7716.421691061031
1781621445,500,GET,/feed/{user_id},635.700000,0.500000,85,98,110,120,160,320,480,630,1700,1900,1900,72831,253,79,121.94530907366116,2.0479889935813844,9952.153090009233,9100.918633548901
1781621445,500,GET,/feed/{user_id}?with_fof=true,316.200000,0.100000,83,93,100,110,130,160,360,490,810,1000,1000,36212,99,80,265.3994446005943,2.0921560062561184,25281.41858597519,11074.81876173644
1781621445,500,POST,/likes,32.200000,0.000000,79,87,94,100,110,130,190,230,240,240,240,3661,0,72,95.0220128589627,2.8073180001229048,9927.080584020587,181.086588363835
1781621445,500,POST,/posts,48.400000,0.000000,79,88,99,100,120,160,270,420,1000,1000,1000,5483,0,72,89.88874277450975,3.417511994484812,7753.48416500492,228.68393215393033
1781621445,500,GET,/timeline/{user_id},409.100000,0.200000,85,99,110,120,170,330,480,610,1800,2300,2300,45578,138,80,186.403126416573,1.9609589944593608,20240.856946009444,7280.609175479398
1781621445,500,GET,/users/{user_id},160.000000,0.000000,84,98,110,120,180,330,520,760,1800,1900,1900,18028,63,78,124.46132694451126,1.743211003486067,9784.479738998925,271.095407144442
1781621445,500,,Aggregated,1601.500000,0.800000,84,97,110,120,150,290,470,600,1700,2000,2300,181793,553,79,165.42138342345422,1.743211003486067,25281.41858597519,7714.873988547414
1781621446,500,GET,/feed/{user_id},609.500000,0.000000,84,97,110,120,200,370,560,880,1900,2200,2200,72871,253,79,122.2792155275449,2.0479889935813844,9952.153090009233,9101.350550973639
1781621446,500,GET,/feed/{user_id}?with_fof=true,288.400000,0.000000,82,91,100,110,130,170,410,530,960,1000,1000,36213,99,80,265.40691112185453,2.0921560062561184,25281.41858597519,11074.535222157789
1781621446,500,POST,/likes,29.400000,0.000000,78,84,92,99,110,130,190,230,240,240,240,3661,0,72,95.0220128589627,2.8073180001229048,9927.080584020587,181.086588363835
1781621446,500,POST,/posts,47.900000,0.000000,79,86,94,100,120,170,270,420,1000,1000,1000,5483,0,72,89.88874277450975,3.417511994484812,7753.48416500492,228.68393215393033
1781621446,500,GET,/timeline/{user_id},391.200000,0.000000,84,99,110,120,210,370,550,960,2000,2300,2300,45598,138,80,186.64243707762708,1.9609589944593608,20240.856946009444,7280.32187815255
1781621446,500,GET,/users/{user_id},149.800000,0.000000,83,96,110,120,210,370,630,1100,1800,1900,1900,18035,63,78,124.66740609169086,1.743211003486067,9784.479738998925,271.09525921818687
1781621446,500,,Aggregated,1516.200000,0.000000,83,96,110,120,170,340,530,740,1900,2200,2300,181861,553,79,165.62882238413948,1.743211003486067,25281.41858597519,7714.907605258962
1781621447,500,GET,/feed/{user_id},564.400000,0.000000,84,97,110,120,240,410,610,960,1900,2200,2200,72876,253,79,122.27382369686464,2.0479889935813844,9952.153090009233,9101.460467094792
1781621447,500,GET,/feed/{user_id}?with_fof=true,256.800000,0.000000,82,91,100,110,130,180,410,540,960,1000,1000,36214,99,80,265.3999223041014,2.0921560062561184,25281.41858597519,11074.25161539736
1781621447,500,POST,/likes,27.300000,0.000000,78,84,90,97,120,140,220,230,240,240,240,3661,0,72,95.0220128589627,2.8073180001229048,9927.080584020587,181.086588363835
1781621447,500,POST,/posts,44.200000,0.000000,78,85,91,100,120,230,310,500,1000,1000,1000,5483,0,72,89.88874277450975,3.417511994484812,7753.48416500492,228.68393215393033
1781621447,500,GET,/timeline/{user_id},363.500000,0.000000,84,99,110,130,250,400,590,1000,2000,2300,2300,45604,138,80,186.62009063754587,1.9609589944593608,20240.856946009444,7280.303547934392
1781621447,500,GET,/users/{user_id},137.400000,0.000000,83,96,110,120,250,410,700,1100,1900,1900,1900,18037,63,78,124.65526392823698,1.743211003486067,9784.479738998925,271.0950823307645
1781621447,500,,Aggregated,1393.600000,0.000000,83,95,110,120,200,370,560,860,1900,2300,2300,181875,553,79,165.61806260712552,1.743211003486067,25281.41858597519,7714.850958075602
1781621448,500,GET,/feed/{user_id},513.300000,0.000000,85,99,120,130,280,440,650,1000,1900,2200,2200,72877,253,79,122.27231874503185,2.0479889935813844,9952.153090009233,9101.4277069583
1781621448,500,GET,/feed/{user_id}?with_fof=true,224.500000,0.000000,83,91,100,110,130,210,470,570,960,1000,1000,36214,99,80,265.3999223041014,2.0921560062561184,25281.41858597519,11074.25161539736
1781621448,500,POST,/likes,24.400000,0.000000,78,84,90,97,120,150,220,230,240,240,240,3662,0,72,94.99724758838536,2.8073180001229048,9927.080584020587,181.08656471873294
1781621448,500,POST,/posts,39.900000,0.000000,79,86,92,100,140,240,330,500,1000,1000,1000,5483,0,72,89.88874277450975,3.417511994484812,7753.48416500492,228.68393215393033
1781621448,500,GET,/timeline/{user_id},329.500000,0.000000,85,100,120,140,290,440,660,1100,2000,2300,2300,45606,138,80,186.61253550977108,1.9609589944593608,20240.856946009444,7280.319343945972
1781621448,500,GET,/users/{user_id},123.000000,0.000000,85,100,120,140,320,450,800,1200,1900,1900,1900,18038,63,78,124.64868596732593,1.743211003486067,9784.479738998925,271.0952988136157
1781621448,500,,Aggregated,1254.600000,0.000000,84,97,110,120,250,410,610,980,1900,2300,2300,181880,553,79,165.6137934283095,1.743211003486067,25281.41858597519,7714.762310314493
1781621449,500,GET,/feed/{user_id},452.100000,0.000000,88,110,130,170,350,480,800,1100,2200,4900,4900,72880,253,79,122.33529855885962,2.0479889935813844,9952.153090009233,9101.395924807903
1781621449,500,GET,/feed/{user_id}?with_fof=true,192.300000,0.000000,85,96,110,120,150,250,470,550,960,1000,1000,36214,99,80,265.3999223041014,2.0921560062561184,25281.41858597519,11074.25161539736
1781621449,500,POST,/likes,20.600000,0.000000,78,85,97,100,120,180,230,230,240,240,240,3662,0,72,94.99724758838536,2.8073180001229048,9927.080584020587,181.08656471873294
1781621449,500,POST,/posts,35.100000,0.000000,79,89,110,120,170,260,420,560,1000,1000,1000,5483,0,72,89.88874277450975,3.417511994484812,7753.48416500492,228.68393215393033
1781621449,500,GET,/timeline/{user_id},286.500000,0.000000,89,110,140,180,340,470,810,1300,2000,2300,2300,45609,138,80,186.60115054192443,1.9609589944593608,20240.856946009444,7280.452301080927
1781621449,500,GET,/users/{user_id},108.500000,0.000000,89,110,140,190,360,520,1100,1500,1900,1900,1900,18038,63,78,124.64868596732593,1.743211003486067,9784.479738998925,271.0952988136157
1781621449,500,,Aggregated,1095.100000,0.000000,87,110,130,150,310,460,710,1100,2000,4900,4900,181886,553,79,165.63580547780998,1.743211003486067,25281.41858597519,7714.798621114324
1781621450,500,GET,/feed/{user_id},389.200000,0.000000,91,120,180,250,410,560,1000,1400,5500,5600,5600,72886,253,79,122.6952014937396,2.0479889935813844,9952.153090009233,9101.60670087534
1781621450,500,GET,/feed/{user_id}?with_fof=true,166.800000,0.000000,86,99,110,120,180,320,520,660,8300,8300,8300,36217,99,80,265.9704135496511,2.0921560062561184,25281.41858597519,11073.950548085153
1781621450,500,POST,/likes,17.400000,0.000000,76,82,90,100,130,190,230,240,240,240,240,3662,0,72,94.99724758838536,2.8073180001229048,9927.080584020587,181.08656471873294
1781621450,500,POST,/posts,29.500000,0.000000,77,87,100,120,240,270,560,1000,5500,5500,5500,5484,0,72,90.86650182488212,3.417511994484812,7753.48416500492,228.6843544857768
1781621450,500,GET,/timeline/{user_id},242.600000,0.000000,94,130,190,240,410,570,1200,1800,5100,5400,5400,45619,138,80,187.3369653872641,1.9609589944593608,20240.856946009444,7280.444946184703
1781621450,500,GET,/users/{user_id},93.300000,0.000000,92,120,210,270,420,640,1300,1700,5100,5100,5100,18040,63,78,125.18738547830576,1.743211003486067,9784.479738998925,271.0958425720621
1781621450,500,,Aggregated,938.800000,0.000000,90,110,160,210,380,530,1000,1500,5500,8300,8300,181908,553,79,166.16152229867268,1.743211003486067,25281.41858597519,7714.775622842316
1781621451,500,GET,/feed/{user_id},324.500000,0.000000,110,200,280,350,490,730,1300,1900,6200,7100,7100,72893,253,79,123.03002052166441,2.0479889935813844,9952.153090009233,9101.710822712743
1781621451,500,GET,/feed/{user_id}?with_fof=true,135.900000,0.000000,85,95,120,180,360,480,960,5900,9700,9700,9700,36219,99,80,266.3861601964639,2.0921560062561184,25281.41858597519,11073.896242303763
1781621451,500,POST,/likes,15.100000,0.000000,75,80,84,110,180,230,230,240,240,240,240,3662,0,72,94.99724758838536,2.8073180001229048,9927.080584020587,181.08656471873294
1781621451,500,POST,/posts,24.700000,0.000000,73,86,93,140,260,420,1000,5500,5500,5500,5500,5484,0,72,90.86650182488212,3.417511994484812,7753.48416500492,228.6843544857768
1781621451,500,GET,/timeline/{user_id},201.900000,0.000000,110,200,290,340,490,860,1800,5000,8300,8300,8300,45623,138,80,187.92146773317376,1.9609589944593608,20240.856946009444,7280.322183986147
1781621451,500,GET,/users/{user_id},74.000000,0.000000,120,240,330,370,560,1100,1700,4900,5900,5900,5900,18042,63,78,125.5035543699506,1.743211003486067,9784.479738998925,271.0958873739053
1781621451,500,,Aggregated,776.100000,0.000000,95,180,270,320,470,710,1500,4800,8300,9700,9700,181923,553,79,166.5558268555979,1.743211003486067,25281.41858597519,7714.774657410003
1781621452,500,GET,/feed/{user_id},324.500000,0.000000,270,360,430,480,680,1000,1900,5400,7100,7100,7100,72894,253,79,123.02867945900465,2.0479889935813844,9952.153090009233,9101.678080500453
1781621452,500,GET,/feed/{user_id}?with_fof=true,135.900000,0.000000,270,390,460,470,600,5100,8300,9700,9700,9700,9700,36219,99,80,266.3861601964639,2.0921560062561184,25281.41858597519,11073.896242303763
1781621452,500,POST,/likes,15.100000,0.000000,7,110,150,180,230,230,240,240,240,240,240,3662,0,72,94.99724758838536,2.8073180001229048,9927.080584020587,181.08656471873294
1781621452,500,POST,/posts,24.700000,0.000000,42,200,240,260,420,560,5500,5500,5500,5500,5500,5484,0,72,90.86650182488212,3.417511994484812,7753.48416500492,228.6843544857768
1781621452,500,GET,/timeline/{user_id},201.900000,0.000000,260,360,440,470,810,1500,5000,5400,8300,8300,8300,45623,138,80,187.92146773317376,1.9609589944593608,20240.856946009444,7280.322183986147
1781621452,500,GET,/users/{user_id},74.000000,0.000000,310,400,450,520,830,1500,1900,5100,5900,5900,5900,18042,63,78,125.5035543699506,1.743211003486067,9784.479738998925,271.0958873739053
1781621452,500,,Aggregated,776.100000,0.000000,260,350,420,470,710,1200,4800,5500,8300,9700,9700,181924,553,79,166.55505026082284,1.743211003486067,25281.41858597519,7714.769161847805
1781621453,500,GET,/feed/{user_id},194.800000,0.000000,380,480,580,640,1100,1800,5400,6000,7600,7600,7600,72895,253,79,123.13143775836049,2.0479889935813844,9952.153090009233,9101.712092736127
1781621453,500,GET,/feed/{user_id}?with_fof=true,66.500000,0.000000,470,540,600,960,8000,9700,11000,11000,11000,11000,11000,36220,99,80,266.68386591341044,2.0921560062561184,25281.41858597519,11073.8873274434
1781621453,500,POST,/likes,8.300000,0.000000,90,180,190,190,220,240,240,240,240,240,240,3662,0,72,94.99724758838536,2.8073180001229048,9927.080584020587,181.08656471873294
1781621453,500,POST,/posts,14.500000,0.000000,170,260,270,420,560,1000,5500,5500,5500,5500,5500,5484,0,72,90.86650182488212,3.417511994484812,7753.48416500492,228.6843544857768
1781621453,500,GET,/timeline/{user_id},120.000000,0.000000,380,470,590,700,1400,2300,5400,6200,8300,8300,8300,45623,138,80,187.92146773317376,1.9609589944593608,20240.856946009444,7280.322183986147
1781621453,500,GET,/users/{user_id},44.800000,0.000000,410,570,740,830,1500,1900,5100,5900,5900,5900,5900,18042,63,78,125.5035543699506,1.743211003486067,9784.479738998925,271.0958873739053
1781621453,500,,Aggregated,448.900000,0.000000,380,480,580,680,1200,2000,5800,7100,11000,11000,11000,181926,553,79,166.65580425991303,1.743211003486067,25281.41858597519,7714.807102887988
1781621454,500,GET,/feed/{user_id},133.400000,0.000000,470,800,1000,1300,5400,8500,9400,9400,9500,9500,9500,72904,253,79,124.23897330811343,2.0479889935813844,9952.153090009233,9101.600433446725
1781621454,500,GET,/feed/{user_id}?with_fof=true,33.400000,0.000000,5900,8000,9700,9700,11000,11000,11000,11000,11000,11000,11000,36221,99,80,266.99044804209524,2.0921560062561184,25281.41858597519,11073.910300654317
1781621454,500,POST,/likes,5.300000,0.000000,5,5,16,16,16,16,16,16,16,16,16,3662,0,72,94.99724758838536,2.8073180001229048,9927.080584020587,181.08656471873294
1781621454,500,POST,/posts,9.900000,0.000000,230,500,560,1000,5500,9500,9500,9500,9500,9500,9500,5485,0,72,92.58122341780042,3.417511994484812,9496.11443898175,228.68459434822242
1781621454,500,GET,/timeline/{user_id},82.100000,0.000000,490,940,1200,1800,5800,8500,11000,11000,12000,12000,12000,45630,138,80,189.40628288215143,1.9609589944593608,20240.856946009444,7279.975213675214
1781621454,500,GET,/users/{user_id},29.100000,0.000000,410,800,1200,1500,4900,5900,8500,8500,8500,8500,8500,18044,63,78,126.42768261264801,1.743211003486067,9784.479738998925,271.0965417867435
1781621454,500,,Aggregated,293.200000,0.000000,470,810,1200,1400,5600,8500,9500,11000,12000,12000,12000,181946,553,79,167.67467739152218,1.743211003486067,25281.41858597519,7714.627372956811
1781621455,500,GET,/feed/{user_id},72.900000,0.000000,4900,8500,9000,9400,10000,10000,10000,10000,10000,10000,10000,72923,253,79,126.35817707576086,2.0479889935813844,10300.816621020203,9101.469700917405
1781621455,500,GET,/feed/{user_id}?with_fof=true,8.600000,0.000000,10000,11000,13000,13000,13000,13000,13000,13000,13000,13000,13000,36230,99,80,269.77969855649144,2.0921560062561184,25281.41858597519,11073.699033949766
1781621455,500,POST,/likes,2.600000,0.000000,5,16,16,10000,10000,10000,10000,10000,10000,10000,10000,3664,0,72,97.71354874635811,2.8073180001229048,10138.83877999615,181.0873362445415
1781621455,500,POST,/posts,5.000000,0.000000,500,1000,5500,5500,10000,10000,10000,10000,10000,10000,10000,5488,0,72,97.15979495456362,3.417511994484812,10176.274159020977,228.68586005830903
1781621455,500,GET,/timeline/{user_id},43.800000,0.000000,4800,7100,9000,9400,10000,11000,11000,12000,12000,12000,12000,45642,138,80,191.7330323037015,1.9609589944593608,20240.856946009444,7279.535668901451
1781621455,500,GET,/users/{user_id},16.000000,0.000000,4900,5900,8500,8500,10000,10000,10000,10000,10000,10000,10000,18047,63,78,128.04506854605458,1.743211003486067,10364.544534008019,271.0974677231673
1781621455,500,,Aggregated,148.900000,0.000000,5100,8500,9400,9700,10000,11000,13000,13000,13000,13000,13000,181994,553,79,170.0148336503998,1.743211003486067,25281.41858597519,7714.376221194106
1781621456,500,GET,/feed/{user_id},35.200000,0.000000,7100,9400,10000,10000,10000,11000,11000,11000,11000,11000,11000,72955,253,79,128.72117731391856,2.0479889935813844,10819.58763700095,9101.564197107806
1781621456,500,GET,/feed/{user_id}?with_fof=true,3.700000,0.000000,11000,13000,13000,14000,14000,14000,14000,14000,14000,14000,14000,36253,99,80,275.40292133745226,2.0921560062561184,25281.41858597519,11073.916503461782
1781621456,500,POST,/likes,1.100000,0.000000,880,10000,10000,11000,11000,11000,11000,11000,11000,11000,11000,3666,0,72,100.82996473585732,2.8073180001229048,10735.324855981162,181.08810692853245
1781621456,500,POST,/posts,2.500000,0.000000,810,5000,5500,9500,10000,10000,10000,10000,10000,10000,10000,5493,0,72,102.18324420419705,3.417511994484812,10453.313966019778,228.68760240305843
1781621456,500,GET,/timeline/{user_id},22.700000,0.000000,8300,9900,10000,11000,11000,11000,12000,13000,13000,13000,13000,45671,138,80,196.05121721067022,1.9609589944593608,20240.856946009444,7279.407041667579
1781621456,500,GET,/users/{user_id},7.800000,0.000000,4900,8400,8900,10000,11000,11000,11000,11000,11000,11000,11000,18056,63,78,129.61860518856068,1.743211003486067,10749.664358008886,271.0998006202924
1781621456,500,,Aggregated,73.000000,0.000000,8400,10000,10000,11000,11000,13000,14000,14000,14000,14000,14000,182094,553,79,173.5379501017719,1.743211003486067,25281.41858597519,7714.368062648961
1781621457,500,GET,/feed/{user_id},17.800000,0.000000,1500,8500,9800,10000,11000,12000,12000,12000,12000,12000,12000,73031,253,79,131.91396916585956,2.0479889935813844,12037.298398994608,9101.816256110418
1781621457,500,GET,/feed/{user_id}?with_fof=true,1.200000,0.000000,12000,14000,14000,14000,15000,15000,15000,15000,15000,15000,15000,36312,99,80,290.33782909657054,2.0921560062561184,25281.41858597519,11074.027814496585
1781621457,500,POST,/likes,0.300000,0.000000,390,1500,10000,10000,11000,12000,12000,12000,12000,12000,12000,3672,0,72,104.36294759303628,2.8073180001229048,11570.942452992313,181.09041394335512
1781621457,500,POST,/posts,1.300000,0.000000,5100,6600,10000,10000,10000,10000,10000,10000,10000,10000,10000,5499,0,72,105.18377268842535,3.417511994484812,10453.313966019778,228.68921622113112
1781621457,500,GET,/timeline/{user_id},10.500000,0.000000,4800,8500,10000,10000,11000,12000,12000,12000,13000,13000,13000,45728,138,80,199.61084137254215,1.9609589944593608,20240.856946009444,7279.927527991603
1781621457,500,GET,/users/{user_id},4.300000,0.000000,1600,8400,10000,11000,12000,12000,12000,12000,12000,12000,12000,18075,63,78,133.8752775228544,1.743211003486067,12020.20833597635,271.1042323651452
1781621457,500,,Aggregated,35.400000,0.000000,5100,10000,11000,11000,13000,14000,15000,15000,15000,15000,15000,182317,553,79,179.27995105991783,1.743211003486067,25281.41858597519,7714.881782828809
1781621458,500,GET,/feed/{user_id},7.800000,0.000000,520,1100,4400,6400,10000,11000,12000,12000,12000,12000,12000,73203,253,79,133.42090725393643,2.0479889935813844,12037.298398994608,9102.309837028537
1781621458,500,GET,/feed/{user_id}?with_fof=true,2.100000,0.000000,11000,14000,15000,15000,15000,16000,16000,16000,16000,16000,16000,36437,99,80,314.7903389999387,2.0921560062561184,25281.41858597519,11073.589318549826
1781621458,500,POST,/likes,0.300000,0.000000,330,740,1500,1500,10000,11000,12000,12000,12000,12000,12000,3683,0,72,105.66475265425487,2.8073180001229048,11570.942452992313,181.09448818897638
1781621458,500,POST,/posts,0.600000,0.000000,1500,5000,6600,9500,10000,10000,11000,11000,11000,11000,11000,5511,0,72,107.7266974283649,3.417511994484812,11465.426664013648,228.69134458356015
1781621458,500,GET,/timeline/{user_id},5.900000,0.000000,790,1600,6300,9000,11000,11000,12000,12000,13000,13000,13000,45817,138,80,200.54762059499203,1.9609589944593608,20240.856946009444,7280.23825217714
1781621458,500,GET,/users/{user_id},1.600000,0.000000,1000,1500,1600,5900,11000,12000,12000,12000,12000,12000,12000,18106,63,78,134.62126943872275,1.743211003486067,12020.20833597635,271.1068706506131
1781621458,500,,Aggregated,18.300000,0.000000,940,5000,9900,11000,14000,15000,15000,16000,16000,16000,16000,182757,553,79,185.19462678125726,1.743211003486067,25281.41858597519,7716.253752250256
1781621459,500,GET,/feed/{user_id},9.400000,0.000000,370,620,950,1300,9300,10000,12000,12000,12000,12000,12000,73384,253,79,133.8622478560582,2.0479889935813844,12037.298398994608,9101.715074130601
1781621459,500,GET,/feed/{user_id}?with_fof=true,4.700000,0.000000,8900,15000,15000,15000,16000,16000,16000,17000,17000,17000,17000,36568,99,80,337.78622265767194,2.0921560062561184,25281.41858597519,11074.011840953839
1781621459,500,POST,/likes,0.500000,0.000000,210,340,570,880,2200,11000,12000,12000,12000,12000,12000,3694,0,72,105.8522214652283,2.8073180001229048,11570.942452992313,181.09501894964808
1781621459,500,POST,/posts,1.100000,0.000000,480,3300,5000,5500,10000,10000,11000,11000,11000,11000,11000,5521,0,72,107.91994733213937,3.417511994484812,11465.426664013648,228.6917225140373
1781621459,500,GET,/timeline/{user_id},8.200000,0.000000,430,790,1400,3400,10000,11000,12000,12000,13000,13000,13000,45938,138,80,200.84683431997158,1.9609589944593608,20240.856946009444,7279.751055770822
1781621459,500,GET,/users/{user_id},2.400000,0.000000,590,1000,1400,1600,8900,11000,12000,12000,12000,12000,12000,18142,63,79,135.12386224768835,1.743211003486067,12020.20833597635,271.1160842244515
1781621459,500,,Aggregated,26.300000,0.000000,520,1100,5100,9900,14000,15000,16000,16000,17000,17000,17000,183247,553,79,190.12740675708972,1.743211003486067,25281.41858597519,7717.136367853225
1781621460,500,GET,/feed/{user_id},18.100000,0.000000,350,560,760,960,6500,10000,11000,12000,12000,12000,12000,73536,253,79,134.37200648690288,2.0479889935813844,12037.298398994608,9101.587195387294
1781621460,500,GET,/feed/{user_id}?with_fof=true,11.300000,0.000000,5100,15000,15000,15000,16000,16000,17000,18000,18000,18000,18000,36688,99,80,361.6551193821349,2.0921560062561184,25281.41858597519,11074.470862407326
1781621460,500,POST,/likes,1.400000,0.000000,160,320,400,740,2200,11000,12000,12000,12000,12000,12000,3701,0,72,105.8241670277133,2.8073180001229048,11570.942452992313,181.0953796271278
1781621460,500,POST,/posts,1.900000,0.000000,480,1000,3400,5000,10000,10000,11000,11000,11000,11000,11000,5530,0,72,108.39741327175678,3.417511994484812,11465.426664013648,228.69330922242315
1781621460,500,GET,/timeline/{user_id},13.700000,0.000000,410,640,1000,1400,9800,11000,12000,12000,13000,13000,13000,45991,138,80,201.0704959912808,1.9609589944593608,20240.856946009444,7277.739883890326
1781621460,500,GET,/users/{user_id},4.000000,0.000000,520,830,1100,1400,5900,11000,12000,12000,12000,12000,12000,18180,64,79,135.8259394227475,1.743211003486067,12020.20833597635,271.103300330033
1781621460,500,,Aggregated,50.400000,0.000000,490,900,1600,9000,15000,15000,16000,17000,18000,18000,18000,183626,554,79,195.2742236192887,1.743211003486067,25281.41858597519,7717.690327077865
1781621461,500,GET,/feed/{user_id},33.800000,0.000000,370,600,810,960,1900,10000,11000,12000,12000,12000,12000,73693,258,79,135.28792023806938,2.0479889935813844,12037.298398994608,9099.862212150409
1781621461,500,GET,/feed/{user_id}?with_fof=true,23.600000,0.000000,1400,15000,15000,15000,16000,17000,18000,18000,19000,19000,19000,36761,104,80,370.76599498375214,2.0921560062561184,25281.41858597519,11073.230488833275
1781621461,500,POST,/likes,2.100000,0.000000,240,390,570,840,1500,10000,12000,12000,12000,12000,12000,3712,0,72,106.89023781857689,2.8073180001229048,11570.942452992313,181.09913793103448
1781621461,500,POST,/posts,2.900000,0.000000,400,640,1500,3400,9500,10000,10000,11000,11000,11000,11000,5539,0,72,108.61992046845992,3.417511994484812,11465.426664013648,228.6947102365048
1781621461,500,GET,/timeline/{user_id},22.900000,0.000000,410,660,1000,1300,9200,11000,11000,12000,13000,13000,13000,46028,140,80,201.36175506167734,1.9609589944593608,20240.856946009444,7275.498609542018
1781621461,500,GET,/users/{user_id},7.200000,0.000000,520,830,1000,1200,1600,10000,12000,12000,12000,12000,12000,18228,65,79,137.03302403579832,1.743211003486067,12020.20833597635,271.0955672591617
1781621461,500,,Aggregated,92.500000,0.000000,490,870,1300,4900,14000,15000,16000,17000,19000,19000,19000,183961,567,79,197.67255328065448,1.743211003486067,25281.41858597519,7715.854621359962
1781621462,500,GET,/feed/{user_id},54.000000,0.000000,400,630,850,960,1500,9400,11000,12000,12000,12000,12000,73830,259,79,136.161666077138,2.0479889935813844,12037.298398994608,9100.286942977109
1781621462,500,GET,/feed/{user_id}?with_fof=true,37.900000,0.000000,1100,15000,15000,15000,16000,17000,18000,19000,20000,20000,20000,36835,105,80,377.36737370201473,2.0921560062561184,25281.41858597519,11072.81544726483
1781621462,500,POST,/likes,3.300000,0.000000,250,400,570,800,1500,10000,11000,12000,12000,12000,12000,3720,0,72,107.44636859692369,2.8073180001229048,11570.942452992313,181.1008064516129
1781621462,500,POST,/posts,3.800000,0.000000,350,560,810,1500,6600,10000,10000,11000,11000,11000,11000,5549,0,72,108.80782563899204,3.417511994484812,11465.426664013648,228.69580104523337
1781621462,500,GET,/timeline/{user_id},34.700000,0.000000,410,690,1000,1300,9000,11000,12000,12000,17000,17000,17000,46057,142,80,201.96047020246354,1.9609589944593608,20240.856946009444,7274.009379681699
1781621462,500,GET,/users/{user_id},11.100000,0.000000,510,740,960,1100,1600,8900,11000,12000,12000,12000,12000,18255,66,79,137.4794120214486,1.743211003486067,12020.20833597635,271.0868803067653
1781621462,500,,Aggregated,144.800000,0.000000,490,850,1200,1600,14000,15000,17000,18000,19000,20000,20000,184246,572,79,199.55927496394204,1.743211003486067,25281.41858597519,7716.052511316392
1781621463,500,GET,/feed/{user_id},67.700000,0.200000,420,630,830,950,1400,9300,11000,12000,12000,12000,12000,73907,259,79,136.62500058793034,2.0479889935813844,12037.298398994608,9101.052606654308
1781621463,500,GET,/feed/{user_id}?with_fof=true,48.400000,0.300000,1000,15000,15000,16000,17000,18000,19000,20000,20000,20000,20000,36891,105,80,388.90720023143115,2.0921560062561184,25281.41858597519,11073.439592312488
1781621463,500,POST,/likes,4.300000,0.000000,240,390,570,800,1500,10000,11000,12000,12000,12000,12000,3722,0,72,107.50033064684031,2.8073180001229048,11570.942452992313,181.1012896292316
1781621463,500,POST,/posts,4.700000,0.000000,340,530,710,1000,5100,10000,10000,11000,11000,11000,11000,5559,0,72,109.128500903006,3.417511994484812,11465.426664013648,228.69688792948372
1781621463,500,GET,/timeline/{user_id},37.300000,0.000000,420,700,1000,1300,8500,11000,11000,12000,17000,17000,17000,46075,142,80,202.16154694115863,1.9609589944593608,20240.856946009444,7273.1644275637545
1781621463,500,GET,/users/{user_id},15.000000,0.100000,520,760,950,1100,1600,8500,11000,12000,12000,12000,12000,18270,66,79,137.87613221355232,1.743211003486067,12020.20833597635,271.0911330049261
1781621463,500,,Aggregated,177.400000,0.600000,510,840,1100,1500,14000,16000,18000,19000,20000,20000,20000,184424,572,79,202.1703857428136,1.743211003486067,25281.41858597519,7716.734405500369
1781621464,500,GET,/feed/{user_id},81.200000,0.500000,420,640,830,940,1300,6400,11000,12000,12000,12000,12000,73998,259,79,137.27071493447266,2.0479889935813844,12037.298398994608,9101.295251223006
1781621464,500,GET,/feed/{user_id}?with_fof=true,55.100000,0.600000,1000,15000,15000,16000,17000,19000,20000,20000,21000,21000,21000,36952,105,80,397.93093310585937,2.0921560062561184,25281.41858597519,11073.804016020784
1781621464,500,POST,/likes,5.300000,0.000000,210,390,510,740,960,2200,11000,12000,12000,12000,12000,3723,0,72,107.47259423033555,2.8073180001229048,11570.942452992313,181.1009938221864
1781621464,500,POST,/posts,5.800000,0.000000,340,560,780,910,3400,10000,10000,11000,11000,11000,11000,5566,0,72,110.25673449295986,3.417511994484812,11465.426664013648,228.69798778296803
1781621464,500,GET,/timeline/{user_id},41.200000,0.400000,460,790,1100,1300,4700,10000,11000,12000,17000,17000,17000,46144,142,80,204.47624008711858,1.9609589944593608,20240.856946009444,7273.26900572122
1781621464,500,GET,/users/{user_id},18.600000,0.200000,530,770,940,1000,1500,1900,11000,12000,12000,12000,12000,18286,66,79,138.4007506703306,1.743211003486067,12020.20833597635,271.09362353713226
1781621464,500,,Aggregated,207.200000,1.700000,520,850,1100,1500,14000,16000,18000,19000,21000,21000,21000,184669,572,79,204.9183100882866,1.743211003486067,25281.41858597519,7717.586422193222
1781621465,500,GET,/feed/{user_id},93.800000,0.600000,400,600,780,880,1300,1900,11000,11000,12000,12000,12000,74152,259,79,138.00131298992522,2.0479889935813844,12037.298398994608,9102.129396375014
1781621465,500,GET,/feed/{user_id}?with_fof=true,61.700000,0.600000,900,14000,15000,16000,17000,19000,20000,21000,22000,22000,22000,37037,105,80,404.3560622939645,2.0921560062561184,25281.41858597519,11074.39195939196
1781621465,500,POST,/likes,5.800000,0.000000,210,390,570,800,1200,1500,11000,12000,12000,12000,12000,3732,0,72,108.32432670728254,2.8073180001229048,11570.942452992313,181.10289389067523
1781621465,500,POST,/posts,6.600000,0.000000,320,510,680,810,2400,3400,10000,11000,11000,11000,11000,5577,0,72,111.15592591514638,3.417511994484812,11465.426664013648,228.69983862291554
1781621465,500,GET,/timeline/{user_id},43.400000,0.400000,440,760,1100,1300,4700,6600,11000,12000,17000,17000,17000,46269,142,80,207.99339838987598,1.9609589944593608,20240.856946009444,7274.941083662928
1781621465,500,GET,/users/{user_id},21.400000,0.300000,470,640,880,1000,1400,1600,11000,12000,12000,12000,12000,18332,66,79,139.2308629322791,1.743211003486067,12020.20833597635,271.10048003491164
1781621465,500,,Aggregated,232.700000,1.900000,470,790,1100,1300,12000,16000,18000,20000,21000,22000,22000,185099,572,79,207.50743415948517,1.743211003486067,25281.41858597519,7718.187305171827
1781621466,500,GET,/feed/{user_id},101.500000,0.600000,370,560,690,800,1100,1400,2400,11000,12000,12000,12000,74352,259,79,138.55504575401923,2.0479889935813844,12037.298398994608,9101.314127394018
1781621466,500,GET,/feed/{user_id}?with_fof=true,67.300000,0.600000,750,2700,15000,15000,18000,20000,21000,21000,23000,23000,23000,37136,105,80,411.80033761063316,2.0921560062561184,25281.41858597519,11074.291603834554
1781621466,500,POST,/likes,6.000000,0.000000,200,360,460,580,960,1500,2200,12000,12000,12000,12000,3744,0,72,108.67425936261202,2.8073180001229048,11570.942452992313,181.10470085470087
1781621466,500,POST,/posts,7.500000,0.000000,280,400,560,640,1100,2600,3400,11000,11000,11000,11000,5586,0,72,111.22853544625858,3.417511994484812,11465.426664013648,228.70068027210885
1781621466,500,GET,/timeline/{user_id},45.200000,0.400000,420,640,890,1100,4400,5200,6100,11000,17000,17000,17000,46413,142,80,210.95879068834424,1.9609589944593608,20240.856946009444,7274.951112834766
1781621466,500,GET,/users/{user_id},22.800000,0.300000,430,600,770,890,1200,1600,2700,12000,12000,12000,12000,18365,66,79,139.71567014182224,1.743211003486067,12020.20833597635,271.10552681731554
1781621466,500,,Aggregated,250.300000,1.900000,440,680,900,1100,5500,16000,19000,20000,22000,23000,23000,185596,572,79,210.02483760339894,1.743211003486067,25281.41858597519,7718.606747990259
1781621467,500,GET,/feed/{user_id},111.200000,0.600000,340,520,640,720,1000,1200,1500,2300,2800,2800,2800,74543,259,79,138.8660148005144,2.0479889935813844,12037.298398994608,9102.07450733134
1781621467,500,GET,/feed/{user_id}?with_fof=true,74.200000,0.600000,620,1100,15000,15000,18000,20000,21000,22000,23000,23000,23000,37243,105,80,414.7778249298293,2.0921560062561184,25281.41858597519,11072.830760142846
1781621467,500,POST,/likes,6.200000,0.000000,180,340,420,510,840,1200,1500,2200,2200,2200,2200,3753,0,72,108.75914684056222,2.8073180001229048,11570.942452992313,181.10711430855315
1781621467,500,POST,/posts,8.100000,0.000000,200,350,460,530,800,1300,2400,2600,2600,2600,2600,5601,0,72,111.3508351097676,3.417511994484812,11465.426664013648,228.7013033386895
1781621467,500,GET,/timeline/{user_id},53.200000,0.400000,410,600,820,1100,4700,5400,5800,6100,17000,17000,17000,46572,142,80,214.7719205887281,1.9609589944593608,20240.856946009444,7276.847698187752
1781621467,500,GET,/users/{user_id},24.400000,0.300000,360,560,640,780,1000,1400,1700,2400,2800,2800,2800,18420,66,79,139.9869588392321,1.743211003486067,12020.20833597635,271.11210640608033
1781621467,500,,Aggregated,277.300000,1.900000,400,610,800,960,2700,15000,19000,20000,22000,23000,23000,186132,572,79,211.74127311883893,1.743211003486067,25281.41858597519,7718.894456622182
1781621468,500,GET,/feed/{user_id},123.500000,0.600000,340,520,640,720,980,1200,1500,1800,2800,2800,2800,74729,263,79,139.42111559474893,2.0479889935813844,12037.298398994608,9101.774920044427
1781621468,500,GET,/feed/{user_id}?with_fof=true,81.000000,0.600000,560,910,2400,15000,18000,20000,21000,22000,23000,23000,23000,37345,106,80,417.9174805064517,2.0921560062561184,25281.41858597519,11072.191699022627
1781621468,500,POST,/likes,6.900000,0.000000,160,340,410,470,710,880,1200,1400,1400,1400,1400,3765,0,72,109.1664131467585,2.8073180001229048,11570.942452992313,181.10810092961486
1781621468,500,POST,/posts,8.800000,0.000000,170,320,420,510,680,910,2300,2400,2600,2600,2600,5622,0,72,111.62366813586029,3.417511994484812,11465.426664013648,228.7041977943792
1781621468,500,GET,/timeline/{user_id},63.500000,0.400000,410,600,860,1100,4900,5600,6000,7000,17000,17000,17000,46726,142,80,218.38968245212956,1.9609589944593608,20240.856946009444,7277.575739417027
1781621468,500,GET,/users/{user_id},28.700000,0.300000,350,550,650,790,1100,1200,1600,2400,2800,2800,2800,18481,66,79,141.0508705130447,1.743211003486067,12020.20833597635,271.12336994751365
1781621468,500,,Aggregated,312.400000,1.900000,390,590,760,900,1900,15000,19000,20000,22000,23000,23000,186668,577,79,213.61843542953548,1.743211003486067,25281.41858597519,7717.915330961921
1781621469,500,GET,/feed/{user_id},139.600000,0.600000,320,520,650,740,1000,1200,1500,1800,2800,2800,2800,75003,275,79,140.09766545052722,2.0479889935813844,12037.298398994608,9100.42507633028
1781621469,500,GET,/feed/{user_id}?with_fof=true,88.600000,0.600000,470,780,1100,2900,18000,20000,21000,22000,23000,23000,23000,37495,106,80,424.9280906513558,2.0921560062561184,25281.41858597519,11072.388105080678
1781621469,500,POST,/likes,7.900000,0.000000,77,280,390,420,700,880,1200,1400,1400,1400,1400,3786,0,72,108.87457814780024,2.8073180001229048,11570.942452992313,181.10855784469098
1781621469,500,POST,/posts,9.200000,0.000000,130,280,390,480,640,870,2300,2400,2600,2600,2600,5649,0,72,111.63245596936062,3.417511994484812,11465.426664013648,228.70631970260223
1781621469,500,GET,/timeline/{user_id},74.200000,0.400000,400,650,980,1300,5200,5900,9000,9400,17000,17000,17000,46948,151,80,224.59618203745313,1.9609589944593608,20240.856946009444,7277.186120814518
1781621469,500,GET,/users/{user_id},31.100000,0.300000,290,520,640,750,1000,1200,1600,1900,2800,2800,2800,18553,71,79,141.3915121231941,1.743211003486067,12020.20833597635,271.05912790384303
1781621469,500,,Aggregated,350.600000,1.900000,350,580,750,880,1600,8800,18000,20000,22000,23000,23000,187434,603,79,216.88067872484663,1.743211003486067,25281.41858597519,7716.712586830565
1781621470,500,GET,/feed/{user_id},150.100000,0.600000,280,510,650,730,990,1300,1600,1800,2800,2800,2800,75333,294,79,141.01182452228775,2.0479889935813844,12037.298398994608,9098.479577343263
1781621470,500,GET,/feed/{user_id}?with_fof=true,92.600000,0.600000,380,660,870,1100,16000,20000,21000,22000,23000,23000,23000,37696,117,80,427.39371329107655,2.0921560062561184,25281.41858597519,11070.46705220713
1781621470,500,POST,/likes,7.800000,0.000000,36,220,350,410,700,880,1200,1400,1400,1400,1400,3804,0,72,109.06279192445622,2.8073180001229048,11570.942452992313,181.11041009463722
1781621470,500,POST,/posts,10.100000,0.000000,59,220,320,390,610,870,2300,2400,2600,2600,2600,5667,0,72,111.5852701238641,3.417511994484812,11465.426664013648,228.70707605434976
1781621470,500,GET,/timeline/{user_id},84.200000,0.400000,380,650,920,1300,5500,7900,9100,9600,13000,17000,17000,47182,158,80,230.84742675994121,1.9609589944593608,20240.856946009444,7276.846700012717
1781621470,500,GET,/users/{user_id},34.500000,0.300000,270,470,610,690,960,1200,1600,1900,2800,2800,2800,18618,73,79,141.83746242278582,1.743211003486067,12020.20833597635,271.04098184552583
1781621470,500,,Aggregated,379.300000,1.900000,310,550,710,840,1500,5900,18000,20000,22000,23000,23000,188300,642,79,219.40349943709782,1.743211003486067,25281.41858597519,7716.917349973447
1781621471,500,GET,/feed/{user_id},152.500000,1.000000,210,440,570,660,930,1200,1500,1700,2700,2800,2800,75708,299,79,141.1656110505467,2.0479889935813844,12037.298398994608,9097.869775981402
1781621471,500,GET,/feed/{user_id}?with_fof=true,89.900000,0.700000,310,580,750,960,11000,20000,21000,22000,23000,25000,25000,37878,119,80,429.2609728890769,2.0921560062561184,25281.41858597519,11070.451660594541
1781621471,500,POST,/likes,8.200000,0.000000,10,120,210,280,470,710,1000,1200,1400,1400,1400,3829,0,72,108.61207755096846,2.8073180001229048,11570.942452992313,181.109166884304
1781621471,500,POST,/posts,11.000000,0.000000,17,160,270,340,530,780,1400,2400,2600,2600,2600,5693,0,72,111.2200779569638,3.417511994484812,11465.426664013648,228.70735991568594
1781621471,500,GET,/timeline/{user_id},90.700000,0.400000,290,530,740,990,5100,7400,9000,9400,13000,17000,17000,47461,163,80,231.4943016802084,1.9609589944593608,20240.856946009444,7274.788731800847
1781621471,500,GET,/users/{user_id},37.200000,0.300000,190,390,530,610,860,1100,1500,1700,2800,2800,2800,18694,73,79,141.91116014397528,1.743211003486067,12020.20833597635,271.04718091366215
1781621471,500,,Aggregated,389.500000,2.400000,230,460,620,730,1200,5400,11000,20000,22000,25000,25000,189263,654,79,219.9891317427855,1.743211003486067,25281.41858597519,7716.454325462451
