Timestamp,User Count,Type,Name,Requests/s,Failures/s,50%,66%,75%,80%,90%,95%,98%,99%,99.9%,99.99%,100%,Total Request Count,Total Failure Count,Total Median Response Time,Total Average Response Time,Total Min Response Time,Total Max Response Time,Total Average Content Size
1781620204,0,,Aggregated,0.000000,0.000000,N/A,N/A,N/A,N/A,N/A,N/A,N/A,N/A,N/A,N/A,N/A,0,0,0,0.0,0,0,0
1781620205,20,GET,/feed/{user_id},0.000000,0.000000,0,0,0,0,0,0,0,0,0,0,0,21,0,4,8.278689427589555,2.3066169815137982,35.90527200140059,1499.4285714285713
1781620205,20,GET,/feed/{user_id}?with_fof=true,0.000000,0.000000,0,0,0,0,0,0,0,0,0,0,0,7,0,390.0,378.00022785501955,2.710261003812775,777.3408259963617,3660.5714285714284
1781620205,20,POST,/likes,0.000000,0.000000,0,0,0,0,0,0,0,0,0,0,0,1,0,4.088991991011426,4.088991991011426,4.088991991011426,4.088991991011426,180.0
1781620205,20,POST,/posts,0.000000,0.000000,0,0,0,0,0,0,0,0,0,0,0,3,0,4.082958999788389,4.444070335011929,4.082958999788389,4.761465999763459,227.33333333333334
1781620205,20,GET,/timeline/{user_id},0.000000,0.000000,0,0,0,0,0,0,0,0,0,0,0,23,0,160.0,195.53839382917985,2.8261459956411272,536.7581159807742,737.1304347826087
1781620205,20,GET,/users/{user_id},0.000000,0.000000,0,0,0,0,0,0,0,0,0,0,0,15,0,3,9.343148061695198,2.1245139942038804,24.587399006122723,258.2
1781620205,20,,Aggregated,0.000000,0.000000,0,0,0,0,0,0,0,0,0,0,0,70,0,5,106.78293649938756,2.1245139942038804,777.3408259963617,1125.7285714285715
1781620206,40,GET,/feed/{user_id},0.000000,0.000000,3,4,10,11,32,44,48,55,55,55,55,94,0,3,9.072454499781745,1.994858990656212,55.19060397637077,966.1914893617021
1781620206,40,GET,/feed/{user_id}?with_fof=true,0.000000,0.000000,3,5,14,23,370,480,480,480,480,480,480,44,0,3,100.6379725215745,2.2526360116899014,777.3408259963617,2252.590909090909
1781620206,40,POST,/likes,0.000000,0.000000,4,5,5,10,10,10,10,10,10,10,10,6,0,4,4.915192325521882,3.2300269813276827,10.401488980278373,180.0
1781620206,40,POST,/posts,0.000000,0.000000,4,4,4,5,5,5,5,5,5,5,5,7,0,4,4.290433712802561,3.533690993208438,4.88935798057355,227.0
1781620206,40,GET,/timeline/{user_id},0.000000,0.000000,3,4,12,38,170,190,250,250,250,250,250,67,0,4,89.86786219426918,2.141409000614658,536.7581159807742,734.0298507462686
1781620206,40,GET,/users/{user_id},0.000000,0.000000,3,3,3,4,4,4,8,8,8,8,8,35,0,3,5.833233969419131,1.974418992176652,24.587399006122723,258.0857142857143
1781620206,40,,Aggregated,0.000000,0.000000,3,4,7,11,43,170,370,480,480,480,480,253,0,3,45.71429114552259,1.974418992176652,777.3408259963617,991.3754940711462
1781620207,60,GET,/feed/{user_id},16.000000,0.000000,3,3,4,8,23,35,46,51,55,55,55,200,0,3,7.353785709710792,1.9332669908180833,55.19060397637077,1172.305
1781620207,60,GET,/feed/{user_id}?with_fof=true,4.000000,0.000000,3,3,4,13,40,370,430,480,480,480,480,108,0,3,57.85459301006523,2.138915006071329,777.3408259963617,2311.3055555555557
1781620207,60,POST,/likes,1.000000,0.000000,3,4,4,4,10,23,23,23,23,23,23,17,0,3,4.938436821034617,2.6498820225242525,22.643706004600972,180.0
1781620207,60,POST,/posts,2.000000,0.000000,5,5,25,25,34,44,44,44,44,44,44,18,0,5,10.673767891906513,3.533690993208438,44.32866501156241,227.16666666666666
1781620207,60,GET,/timeline/{user_id},23.000000,0.000000,3,3,4,4,40,180,190,200,250,250,250,139,0,3,49.51442681335033,1.9156410126015544,536.7581159807742,684.3093525179856
1781620207,60,GET,/users/{user_id},13.000000,0.000000,3,3,3,3,4,22,24,30,30,30,30,67,0,3,5.365339730285914,1.8528969958424568,30.307862994959578,258.07462686567163
1781620207,60,,Aggregated,59.000000,0.000000,3,3,4,6,26,46,250,400,480,480,480,549,0,3,27.754312429919786,1.8528969958424568,777.3408259963617,1099.528233151184
1781620208,75,GET,/feed/{user_id},42.500000,0.000000,3,3,4,4,12,27,44,48,55,55,55,351,0,3,6.086239210818165,1.9332669908180833,55.19060397637077,1009.7293447293447
1781620208,75,GET,/feed/{user_id}?with_fof=true,21.500000,0.000000,3,3,4,8,280,380,430,480,480,480,480,178,0,3,55.090552382628964,2.091203990858048,777.3408259963617,2733.016853932584
1781620208,75,POST,/likes,3.000000,0.000000,3,4,4,4,5,10,23,23,23,23,23,22,0,3,4.595144725912674,2.6498820225242525,22.643706004600972,179.77272727272728
1781620208,75,POST,/posts,3.000000,0.000000,5,5,6,6,26,34,44,44,44,44,44,31,0,5,8.12422061590628,3.236691001802683,44.32866501156241,227.06451612903226
1781620208,75,GET,/timeline/{user_id},31.000000,0.000000,3,3,3,4,31,170,190,230,250,250,250,228,0,3,36.1182368384713,1.9156410126015544,536.7581159807742,899.3728070175439
1781620208,75,GET,/users/{user_id},17.500000,0.000000,3,3,3,4,7,13,24,30,30,30,30,98,0,3,4.937877591072144,1.7210490186698735,30.307862994959578,258.38775510204084
1781620208,75,,Aggregated,118.500000,0.000000,3,3,4,5,20,44,280,380,480,480,480,908,0,3,23.143394618133076,1.7210490186698735,777.3408259963617,1191.921806167401
1781620209,75,GET,/feed/{user_id},62.666667,0.000000,3,3,3,4,10,20,37,46,55,55,55,494,0,3,5.24855433601032,1.9332669908180833,55.19060397637077,1031.253036437247
1781620209,75,GET,/feed/{user_id}?with_fof=true,34.333333,0.000000,3,3,4,5,40,370,430,430,480,480,480,244,0,3,47.37204127908268,1.9793669926002622,777.3408259963617,2984.4262295081967
1781620209,75,POST,/likes,5.666667,0.000000,3,4,4,5,8,10,23,23,23,23,23,28,0,3,4.6092763212592605,2.6498820225242525,22.643706004600972,179.75
1781620209,75,POST,/posts,5.333333,0.000000,5,5,5,6,25,34,44,44,44,44,44,41,0,5,7.244606050889848,3.236691001802683,44.32866501156241,227.0731707317073
1781620209,75,GET,/timeline/{user_id},44.333333,0.000000,3,3,4,4,14,160,180,230,250,250,250,320,0,3,27.555424944966944,1.9156410126015544,536.7581159807742,1035.359375
1781620209,75,GET,/users/{user_id},21.333333,0.000000,3,3,3,4,6,11,22,24,30,30,30,134,0,3,4.485880716055729,1.7097219824790955,30.307862994959578,258.67164179104475
1781620209,75,,Aggregated,173.666667,0.000000,3,3,4,4,12,35,230,370,480,480,480,1261,0,3,19.029735525382954,1.7097219824790955,777.3408259963617,1283.0761300555116
1781620210,75,GET,/feed/{user_id},84.000000,0.000000,3,3,3,4,8,13,32,44,55,55,55,639,0,3,4.7540034351747265,1.9214600033592433,55.19060397637077,1095.4945226917057
1781620210,75,GET,/feed/{user_id}?with_fof=true,43.000000,0.000000,3,3,4,4,20,350,410,430,480,480,480,327,0,3,36.954867902310816,1.957654021680355,777.3408259963617,2993.68501529052
1781620210,75,POST,/likes,5.500000,0.000000,3,4,4,4,8,10,23,23,23,23,23,40,0,3,4.437631873588543,2.534708008170128,22.643706004600972,179.75
1781620210,75,POST,/posts,7.250000,0.000000,5,5,6,6,11,26,44,44,44,44,44,49,0,5,7.001601818269499,3.236691001802683,44.32866501156241,227.14285714285714
1781620210,75,GET,/timeline/{user_id},55.000000,0.000000,3,3,3,4,12,54,180,200,250,250,250,410,0,3,23.016821320676925,1.9156410126015544,536.7581159807742,1038.8268292682926
1781620210,75,GET,/users/{user_id},23.500000,0.000000,3,3,3,4,6,11,13,24,30,30,30,167,0,3,4.186412395001807,1.6387859941460192,30.307862994959578,258.7185628742515
1781620210,75,,Aggregated,218.250000,0.000000,3,3,4,4,10,26,180,360,480,480,480,1632,0,3,15.795748391307521,1.6387859941460192,777.3408259963617,1327.4515931372548
1781620211,75,GET,/feed/{user_id},97.000000,0.000000,3,3,3,4,6,12,27,43,55,55,55,774,0,3,4.478330687241923,1.9214600033592433,55.19060397637077,1103.28165374677
1781620211,75,GET,/feed/{user_id}?with_fof=true,47.600000,0.000000,3,3,3,4,13,280,400,430,480,480,480,405,0,3,30.408370436994176,1.957654021680355,777.3408259963617,3147.614814814815
1781620211,75,POST,/likes,5.400000,0.000000,3,4,4,4,7,10,23,23,23,23,23,48,0,3,4.307370999110087,2.534708008170128,22.643706004600972,179.66666666666666
1781620211,75,POST,/posts,8.200000,0.000000,4,5,5,6,8,25,34,44,44,44,44,67,0,4,6.3022063613292385,3.236691001802683,44.32866501156241,227.23880597014926
1781620211,75,GET,/timeline/{user_id},61.200000,0.000000,3,3,3,4,11,40,180,190,250,250,250,494,0,3,20.536787407969967,1.9156410126015544,536.7581159807742,1049.0
1781620211,75,GET,/users/{user_id},26.000000,0.000000,3,3,3,4,6,11,15,24,30,30,30,207,0,3,4.086518826093615,1.6387859941460192,30.307862994959578,258.7391304347826
1781620211,75,,Aggregated,245.400000,0.000000,3,3,4,4,7,20,170,290,480,480,480,1995,0,3,13.735188967224449,1.6387859941460192,777.3408259963617,1365.5829573934836
1781620212,75,GET,/feed/{user_id},104.166667,0.000000,3,3,3,3,5,11,26,37,55,55,55,931,0,3,4.242859826929403,1.9214600033592433,55.19060397637077,1150.5671321160044
1781620212,75,GET,/feed/{user_id}?with_fof=true,53.000000,0.000000,3,3,3,4,8,260,400,430,480,480,480,476,0,3,27.669706877906506,1.957654021680355,777.3408259963617,3237.7373949579833
1781620212,75,POST,/likes,6.666667,0.000000,3,4,4,4,5,10,10,23,23,23,23,57,0,3,4.191061070805677,2.534708008170128,22.643706004600972,179.57894736842104
1781620212,75,POST,/posts,8.166667,0.000000,4,5,5,5,7,25,34,44,44,44,44,77,0,4,6.054424522777221,3.236691001802683,44.32866501156241,227.25974025974025
1781620212,75,GET,/timeline/{user_id},66.666667,0.000000,3,3,3,3,6,32,170,180,250,250,250,583,0,3,17.945643826050357,1.9156410126015544,536.7581159807742,1091.0566037735848
1781620212,75,GET,/users/{user_id},27.333333,0.000000,3,3,3,4,6,8,13,22,30,30,30,239,0,3,3.9649570077534952,1.6387859941460192,30.307862994959578,258.8200836820084
1781620212,75,,Aggregated,266.000000,0.000000,3,3,3,4,6,14,89,260,430,480,480,2363,0,3,12.37236530574904,1.6387859941460192,777.3408259963617,1412.6195514176893
1781620213,75,GET,/feed/{user_id},108.857143,0.000000,3,3,3,3,5,11,23,35,51,55,55,1067,0,3,4.1024242541148315,1.9214600033592433,55.19060397637077,1158.5754451733833
1781620213,75,GET,/feed/{user_id}?with_fof=true,56.857143,0.000000,3,3,3,4,6,40,380,420,480,480,480,558,0,3,24.681710709509353,1.957654021680355,777.3408259963617,3238.2706093189963
1781620213,75,POST,/likes,6.857143,0.000000,3,4,4,4,5,8,10,23,23,23,23,64,0,3,4.145401656387548,2.534708008170128,22.643706004600972,179.59375
1781620213,75,POST,/posts,9.428571,0.000000,4,5,5,5,7,11,34,44,44,44,44,86,0,4,5.903231165829374,3.236691001802683,44.32866501156241,227.25581395348837
1781620213,75,GET,/timeline/{user_id},69.428571,0.000000,3,3,3,3,5,25,170,180,250,250,250,666,0,3,16.795749957418046,1.899024995509535,536.7581159807742,1044.2507507507507
1781620213,75,GET,/users/{user_id},28.857143,0.000000,3,3,3,4,6,7,13,22,30,30,30,283,0,3,3.7808583064338803,1.6387859941460192,30.307862994959578,258.7773851590106
1781620213,75,,Aggregated,280.285714,0.000000,3,3,3,4,5,13,54,240,430,480,480,2724,0,3,11.44589471867771,1.6387859941460192,777.3408259963617,1410.7555066079294
1781620214,75,GET,/feed/{user_id},114.500000,0.000000,3,3,3,3,5,11,20,32,51,55,55,1224,0,3,3.9791112778842637,1.9214600033592433,55.19060397637077,1153.4583333333333
1781620214,75,GET,/feed/{user_id}?with_fof=true,58.625000,0.000000,3,3,3,4,6,38,370,410,480,480,480,625,0,3,23.909315847605466,1.957654021680355,777.3408259963617,3245.1792
1781620214,75,POST,/likes,7.000000,0.000000,3,4,4,4,5,8,10,23,23,23,23,67,0,3,4.104290224451906,2.534708008170128,22.643706004600972,179.61194029850745
1781620214,75,POST,/posts,9.625000,0.000000,4,5,5,5,7,11,34,44,44,44,44,101,0,4,5.717016210189403,3.236691001802683,44.32866501156241,227.2970297029703
1781620214,75,GET,/timeline/{user_id},71.750000,0.000000,3,3,3,3,5,24,170,180,250,250,250,751,0,3,15.713356139416435,1.899024995509535,536.7581159807742,1044.2303595206392
1781620214,75,GET,/users/{user_id},29.375000,0.000000,3,3,3,4,6,6,13,15,30,30,30,317,0,3,3.7063091788778806,1.6387859941460192,30.307862994959578,258.8675078864353
1781620214,75,,Aggregated,290.875000,0.000000,3,3,3,4,5,13,50,230,430,480,480,3085,0,3,10.90495661638807,1.6387859941460192,777.3408259963617,1407.241166936791
1781620215,75,GET,/feed/{user_id},117.000000,0.000000,3,3,3,3,4,8,13,25,50,51,51,1357,0,3,3.9126574717537212,1.8994060228578746,55.19060397637077,1146.277081798084
1781620215,75,GET,/feed/{user_id}?with_fof=true,61.222222,0.000000,3,3,3,3,5,16,360,410,430,430,430,693,0,3,22.34588893474628,1.957654021680355,777.3408259963617,3266.7388167388167
1781620215,75,POST,/likes,7.000000,0.000000,3,4,4,4,5,7,10,23,23,23,23,79,0,3,4.0561863423112925,2.534708008170128,22.643706004600972,179.51898734177215
1781620215,75,POST,/posts,9.333333,0.000000,4,5,5,5,7,8,26,34,44,44,44,115,0,4,5.536847845803055,3.236691001802683,44.32866501156241,227.2608695652174
1781620215,75,GET,/timeline/{user_id},73.222222,0.000000,3,3,3,3,5,15,160,170,230,230,230,864,0,3,14.542059626027939,1.899024995509535,536.7581159807742,1018.449074074074
1781620215,75,GET,/users/{user_id},30.555556,0.000000,3,3,3,4,6,8,13,15,30,30,30,355,0,3,3.7234300498286603,1.6387859941460192,30.307862994959578,258.84788732394367
1781620215,75,,Aggregated,298.333333,0.000000,3,3,3,4,5,11,32,180,420,430,430,3463,0,3,10.29122455351898,1.6387859941460192,777.3408259963617,1395.1764366156513
1781620216,75,GET,/feed/{user_id},121.000000,0.000000,3,3,3,3,4,6,11,13,44,50,50,1496,0,3,3.8368311023875328,1.8821200064849108,55.19060397637077,1153.4766042780748
1781620216,75,GET,/feed/{user_id}?with_fof=true,61.800000,0.000000,3,3,3,3,4,12,350,380,430,430,430,763,0,3,21.02236713087162,1.957654021680355,777.3408259963617,3246.072083879423
1781620216,75,POST,/likes,6.700000,0.000000,3,4,4,4,5,6,8,10,10,10,10,84,0,3,4.048882559887023,2.534708008170128,22.643706004600972,179.54761904761904
1781620216,75,POST,/posts,10.100000,0.000000,4,5,5,5,6,7,8,8,11,11,11,128,0,4,5.426759228384981,3.236691001802683,44.32866501156241,227.25
1781620216,75,GET,/timeline/{user_id},74.300000,0.000000,3,3,3,3,5,12,150,170,230,230,230,962,0,3,13.40079915677967,1.899024995509535,536.7581159807742,990.6496881496881
1781620216,75,GET,/users/{user_id},31.300000,0.000000,3,3,4,4,6,6,13,13,15,15,15,388,0,3,3.6524688313743963,1.6387859941460192,30.307862994959578,258.79896907216494
1781620216,75,,Aggregated,305.200000,0.000000,3,3,3,4,5,7,16,170,410,430,430,3821,0,3,9.715630322346477,1.6387859941460192,777.3408259963617,1387.0565297042658
1781620217,75,GET,/feed/{user_id},132.300000,0.000000,3,3,3,3,4,5,10,12,21,21,21,1643,0,3,3.7659885794645924,1.8821200064849108,55.19060397637077,1158.242848447961
1781620217,75,GET,/feed/{user_id}?with_fof=true,68.300000,0.000000,3,3,3,3,4,6,250,350,430,430,430,849,0,3,20.07126861119021,1.957654021680355,777.3408259963617,3177.804475853946
1781620217,75,POST,/likes,7.600000,0.000000,4,4,4,4,5,6,8,10,10,10,10,90,0,3,4.038275500190341,2.534708008170128,22.643706004600972,179.5
1781620217,75,POST,/posts,11.300000,0.000000,4,5,5,5,6,7,8,8,11,11,11,136,0,4,5.374542090173825,3.236691001802683,44.32866501156241,227.22794117647058
1781620217,75,GET,/timeline/{user_id},82.900000,0.000000,3,3,3,3,4,7,150,170,180,180,180,1059,0,3,12.761467277207364,1.899024995509535,536.7581159807742,974.9867799811143
1781620217,75,GET,/users/{user_id},33.800000,0.000000,3,3,3,4,5,6,12,13,15,15,15,419,0,3,3.589292392559763,1.6387859941460192,30.307862994959578,258.8639618138425
1781620217,75,,Aggregated,336.200000,0.000000,3,3,3,4,4,6,13,110,410,430,430,4196,0,3,9.3757664836241,1.6387859941460192,777.3408259963617,1379.642993326978
1781620218,75,GET,/feed/{user_id},139.400000,0.000000,3,3,3,3,4,5,10,12,21,21,21,1797,0,3,3.6997567568091974,1.8821200064849108,55.19060397637077,1186.0612131329995
1781620218,75,GET,/feed/{user_id}?with_fof=true,71.800000,0.000000,3,3,3,3,4,5,240,350,410,410,410,923,0,3,19.416555856665564,1.957654021680355,777.3408259963617,3262.6067172264356
1781620218,75,POST,/likes,7.700000,0.000000,3,4,4,4,5,6,6,10,10,10,10,102,0,3,3.980043519678635,2.534708008170128,22.643706004600972,179.52941176470588
1781620218,75,POST,/posts,12.100000,0.000000,4,5,5,5,5,6,8,8,11,11,11,155,0,4,5.218786117433,3.236691001802683,44.32866501156241,227.23225806451612
1781620218,75,GET,/timeline/{user_id},89.600000,0.000000,3,3,3,3,4,5,62,170,180,180,180,1129,0,3,12.288974257517257,1.899024995509535,536.7581159807742,978.5624446412754
1781620218,75,GET,/users/{user_id},34.900000,0.000000,3,3,3,4,5,6,10,13,15,15,15,451,0,3,3.558443047926078,1.6387859941460192,30.307862994959578,258.88248337028824
1781620218,75,,Aggregated,355.500000,0.000000,3,3,3,4,4,5,12,24,350,410,410,4557,0,3,9.055064732554186,1.6387859941460192,777.3408259963617,1408.3440860215053
1781620219,75,GET,/feed/{user_id},144.000000,0.000000,3,3,3,3,4,5,10,12,21,21,21,1952,0,3,3.642552580443959,1.8814990180544555,55.19060397637077,1173.4134221311476
1781620219,75,GET,/feed/{user_id}?with_fof=true,73.600000,0.000000,3,3,3,3,4,5,21,350,410,410,410,988,0,3,18.37066477710765,1.9167829887010157,777.3408259963617,3281.8532388663966
1781620219,75,POST,/likes,7.200000,0.000000,4,4,4,4,5,6,6,6,6,6,6,107,0,3,3.9953236075370597,2.534708008170128,22.643706004600972,179.54205607476635
1781620219,75,POST,/posts,12.000000,0.000000,4,4,5,5,5,6,7,7,8,8,8,167,0,4,5.147721575890963,3.236691001802683,44.32866501156241,227.23952095808383
1781620219,75,GET,/timeline/{user_id},91.500000,0.000000,3,3,3,3,4,5,33,160,180,180,180,1227,0,3,11.589327197675248,1.8759910017251968,536.7581159807742,971.2379788101059
1781620219,75,GET,/users/{user_id},35.100000,0.000000,3,3,3,4,5,6,10,12,15,15,15,497,0,3,3.507770582475143,1.6387859941460192,30.307862994959578,258.9054325955734
1781620219,75,,Aggregated,363.400000,0.000000,3,3,3,4,4,5,11,21,350,410,410,4938,0,3,8.608974284533597,1.6387859941460192,777.3408259963617,1399.4570676387202
1781620220,75,GET,/feed/{user_id},144.600000,0.000000,3,3,3,3,4,5,10,12,30,30,30,2103,0,3,3.645604971928134,1.8814990180544555,55.19060397637077,1168.7760342368047
1781620220,75,GET,/feed/{user_id}?with_fof=true,74.200000,0.000000,3,3,3,3,4,5,240,350,410,410,410,1054,0,3,18.04396596005358,1.9167829887010157,777.3408259963617,3275.0882352941176
1781620220,75,POST,/likes,7.900000,0.000000,3,4,4,4,5,6,6,6,6,6,6,113,0,3,3.9759011150016326,2.534708008170128,22.643706004600972,179.5132743362832
1781620220,75,POST,/posts,12.500000,0.000000,4,5,5,5,5,6,7,8,8,8,8,179,0,4,5.140330291427308,3.236691001802683,44.32866501156241,227.2290502793296
1781620220,75,GET,/timeline/{user_id},90.100000,0.000000,3,3,3,3,4,6,41,160,190,190,190,1318,0,3,11.473569277366934,1.8759910017251968,536.7581159807742,999.0
1781620220,75,GET,/users/{user_id},35.600000,0.000000,3,3,3,4,5,6,9,12,14,14,14,527,0,3,3.4877906838521198,1.6387859941460192,30.307862994959578,258.8444022770399
1781620220,75,,Aggregated,364.900000,0.000000,3,3,3,4,4,6,12,30,350,410,410,5294,0,3,8.502960582542821,1.6387859941460192,777.3408259963617,1402.3292406497922
1781620221,75,GET,/feed/{user_id},144.700000,0.000000,3,3,3,3,4,5,11,12,30,30,30,2243,0,3,3.6479049185309615,1.8814990180544555,55.19060397637077,1156.519393669193
1781620221,75,GET,/feed/{user_id}?with_fof=true,74.200000,0.000000,3,3,3,3,4,6,250,350,410,410,410,1133,0,3,17.692350736011186,1.8770729948300868,777.3408259963617,3267.621359223301
1781620221,75,POST,/likes,8.000000,0.000000,3,4,4,4,5,6,6,6,6,6,6,123,0,3,3.974647324852176,2.534708008170128,22.643706004600972,179.5528455284553
1781620221,75,POST,/posts,12.200000,0.000000,4,5,5,5,5,6,7,8,8,8,8,187,0,4,5.105653359370436,3.236691001802683,44.32866501156241,227.2139037433155
1781620221,75,GET,/timeline/{user_id},91.400000,0.000000,3,3,3,3,4,6,93,170,190,190,190,1416,0,3,11.148668311150399,1.8759910017251968,536.7581159807742,983.6179378531074
1781620221,75,GET,/users/{user_id},36.300000,0.000000,3,3,3,4,5,6,9,11,14,14,14,568,0,3,3.469009248797641,1.6387859941460192,30.307862994959578,258.82394366197184
1781620221,75,,Aggregated,366.800000,0.000000,3,3,3,4,4,6,13,33,360,410,410,5670,0,3,8.364767988929582,1.6387859941460192,777.3408259963617,1393.4174603174604
1781620222,75,GET,/feed/{user_id},145.900000,0.000000,3,3,3,3,4,5,10,12,30,30,30,2395,0,3,3.604517306606062,1.8814990180544555,55.19060397637077,1156.4208768267224
1781620222,75,GET,/feed/{user_id}?with_fof=true,73.300000,0.000000,3,3,3,3,4,5,290,350,410,410,410,1194,0,3,17.222862035070992,1.8770729948300868,777.3408259963617,3221.236180904523
1781620222,75,POST,/likes,7.300000,0.000000,4,4,4,4,5,6,6,6,6,6,6,128,0,3,3.9719915232581116,2.534708008170128,22.643706004600972,179.53125
1781620222,75,POST,/posts,13.000000,0.000000,4,4,5,5,5,6,7,8,8,8,8,198,0,4,5.060241677894756,3.236691001802683,44.32866501156241,227.2171717171717
1781620222,75,GET,/timeline/{user_id},90.400000,0.000000,3,3,3,3,4,6,28,170,190,190,190,1516,0,3,10.723370372996257,1.8759910017251968,536.7581159807742,991.5250659630607
1781620222,75,GET,/users/{user_id},35.900000,0.000000,3,3,3,4,5,6,10,13,14,14,14,593,0,3,3.4519007239446773,1.6387859941460192,30.307862994959578,258.8347386172007
1781620222,75,,Aggregated,365.800000,0.000000,3,3,3,4,4,6,12,30,360,410,410,6024,0,3,8.135933864734064,1.6387859941460192,777.3408259963617,1384.527556440903
1781620223,75,GET,/feed/{user_id},146.400000,0.000000,3,3,3,3,4,5,11,13,30,30,30,2562,0,3,3.5798067671765197,1.8814990180544555,55.19060397637077,1170.6881342701015
1781620223,75,GET,/feed/{user_id}?with_fof=true,72.800000,0.000000,3,3,3,3,4,5,29,350,410,410,410,1270,0,3,16.659717178627606,1.8770729948300868,777.3408259963617,3266.663779527559
1781620223,75,POST,/likes,7.300000,0.000000,4,4,4,4,5,6,6,6,6,6,6,137,0,3,3.9255746644938596,2.534708008170128,22.643706004600972,179.53284671532847
1781620223,75,POST,/posts,12.000000,0.000000,4,4,5,5,5,6,6,7,8,8,8,209,0,4,5.033104182928399,3.236691001802683,44.32866501156241,227.1866028708134
1781620223,75,GET,/timeline/{user_id},91.700000,0.000000,3,3,3,3,4,6,110,170,200,200,200,1590,0,3,10.805181990840337,1.8759910017251968,536.7581159807742,1013.3477987421384
1781620223,75,GET,/users/{user_id},35.800000,0.000000,3,3,3,4,5,6,10,14,26,26,26,629,0,3,3.4607720116393224,1.6387859941460192,30.307862994959578,258.88712241653417
1781620223,75,,Aggregated,366.000000,0.000000,3,3,3,4,4,6,13,30,370,410,410,6397,0,3,8.015646899857476,1.6387859941460192,777.3408259963617,1405.9882757542598
1781620224,75,GET,/feed/{user_id},146.600000,0.000000,3,3,3,4,4,5,11,13,30,30,30,2712,0,3,3.561140524134933,1.8814990180544555,55.19060397637077,1185.5940265486727
1781620224,75,GET,/feed/{user_id}?with_fof=true,71.800000,0.000000,3,3,3,3,4,5,29,350,410,410,410,1357,0,3,16.05912896447802,1.8770729948300868,777.3408259963617,3245.2608695652175
1781620224,75,POST,/likes,7.100000,0.000000,4,4,4,4,5,6,6,6,6,6,6,141,0,3,3.9305442061559264,2.534708008170128,22.643706004600972,179.53900709219857
1781620224,75,POST,/posts,12.000000,0.000000,4,4,5,5,6,6,6,7,8,8,8,218,0,4,5.020457697998083,3.236691001802683,44.32866501156241,227.17889908256882
1781620224,75,GET,/timeline/{user_id},92.900000,0.000000,3,3,3,3,4,6,28,170,200,200,200,1670,0,3,10.542793326065206,1.8759910017251968,536.7581159807742,1019.5796407185629
1781620224,75,GET,/users/{user_id},35.500000,0.000000,3,3,3,4,5,6,7,11,26,26,26,665,0,3,3.435285782522025,1.6387859941460192,30.307862994959578,258.9263157894737
1781620224,75,,Aggregated,365.900000,0.000000,3,3,3,4,4,6,12,26,370,410,410,6763,0,3,7.83522808182585,1.6387859941460192,777.3408259963617,1414.8859973384592
1781620225,75,GET,/feed/{user_id},148.300000,0.000000,3,3,3,4,4,5,11,14,30,30,30,2852,0,3,3.5510198410519114,1.8814990180544555,55.19060397637077,1189.0669705469845
1781620225,75,GET,/feed/{user_id}?with_fof=true,71.300000,0.000000,3,3,3,4,4,5,22,350,410,410,410,1436,0,3,15.343887260258924,1.8770729948300868,777.3408259963617,3223.186629526462
1781620225,75,POST,/likes,7.400000,0.000000,4,4,4,4,5,5,6,6,6,6,6,144,0,3,3.930451000188542,2.534708008170128,22.643706004600972,179.52777777777777
1781620225,75,POST,/posts,12.400000,0.000000,4,5,5,5,6,6,7,8,8,8,8,229,0,4,5.011865703819124,3.236691001802683,44.32866501156241,227.1703056768559
1781620225,75,GET,/timeline/{user_id},92.200000,0.000000,3,3,3,3,4,6,93,170,200,200,200,1764,0,3,10.303254916882137,1.8759910017251968,536.7581159807742,1010.703514739229
1781620225,75,GET,/users/{user_id},35.100000,0.000000,3,3,3,4,5,6,10,13,26,26,26,704,0,3,3.424477821474945,1.6387859941460192,30.307862994959578,258.9261363636364
1781620225,75,,Aggregated,366.700000,0.000000,3,3,3,4,4,6,12,26,370,410,410,7129,0,3,7.639333278483946,1.6387859941460192,777.3408259963617,1411.5239163978117
1781620226,75,GET,/feed/{user_id},148.000000,0.000000,3,3,3,4,4,5,11,14,30,30,30,3004,0,3,3.526332837454066,1.8814990180544555,55.19060397637077,1188.5056591211717
1781620226,75,GET,/feed/{user_id}?with_fof=true,73.000000,0.000000,3,3,3,4,4,5,21,350,390,390,390,1507,0,3,14.994708476296125,1.8770729948300868,777.3408259963617,3218.2667551426675
1781620226,75,POST,/likes,7.400000,0.000000,4,4,4,4,5,6,6,6,6,6,6,154,0,3,3.918140895880892,2.534708008170128,22.643706004600972,179.55844155844156
1781620226,75,POST,/posts,11.500000,0.000000,4,4,5,5,6,6,7,8,8,8,8,239,0,4,4.988204281232573,3.236691001802683,44.32866501156241,227.17991631799163
1781620226,75,GET,/timeline/{user_id},91.600000,0.000000,3,3,3,3,4,6,24,170,200,200,200,1852,0,3,9.949723304187494,1.8759910017251968,536.7581159807742,995.6290496760259
1781620226,75,GET,/users/{user_id},35.000000,0.000000,3,3,3,3,5,6,10,13,26,26,26,741,0,3,3.389218465884451,1.6387859941460192,30.307862994959578,258.93522267206475
1781620226,75,,Aggregated,366.500000,0.000000,3,3,3,4,4,6,12,22,360,390,390,7497,0,3,7.459517471154613,1.6387859941460192,777.3408259963617,1405.6186474589836
1781620227,75,GET,/feed/{user_id},149.900000,0.000000,3,3,3,4,4,5,11,14,30,30,30,3158,0,3,3.497707391250053,1.8709639844018966,55.19060397637077,1166.7178594046866
1781620227,75,GET,/feed/{user_id}?with_fof=true,73.800000,0.000000,3,3,3,4,4,5,29,360,490,490,490,1576,0,3,15.50479060953996,1.8770729948300868,777.3408259963617,3263.064086294416
1781620227,75,POST,/likes,6.700000,0.000000,4,4,4,4,5,6,6,6,6,6,6,158,0,3,3.9087712782791733,2.534708008170128,22.643706004600972,179.55696202531647
1781620227,75,POST,/posts,11.300000,0.000000,4,5,5,5,6,6,8,8,8,8,8,254,0,4,4.96375678035185,3.236691001802683,44.32866501156241,227.15748031496062
1781620227,75,GET,/timeline/{user_id},90.400000,0.000000,3,3,3,3,4,6,24,170,200,200,200,1937,0,3,9.639217856171948,1.8759910017251968,536.7581159807742,997.144553433144
1781620227,75,GET,/users/{user_id},34.600000,0.000000,3,3,3,3,5,6,10,14,26,26,26,785,0,3,3.389145717674356,1.6387859941460192,30.307862994959578,258.97579617834396
1781620227,75,,Aggregated,366.700000,0.000000,3,3,3,4,4,6,12,24,370,490,490,7868,0,3,7.459498525948088,1.6387859941460192,777.3408259963617,1404.1582358922217
1781620228,75,GET,/feed/{user_id},150.900000,0.000000,3,3,3,4,4,5,11,14,30,30,30,3303,0,3,3.473514011685556,1.8709639844018966,55.19060397637077,1173.2328186497123
1781620228,75,GET,/feed/{user_id}?with_fof=true,73.700000,0.000000,3,3,3,4,4,5,29,370,490,490,490,1658,0,3,15.114107260349082,1.8770729948300868,777.3408259963617,3245.003015681544
1781620228,75,POST,/likes,7.000000,0.000000,4,4,4,4,5,6,6,6,6,6,6,166,0,3,3.9008045663737345,2.534708008170128,22.643706004600972,179.5722891566265
1781620228,75,POST,/posts,11.200000,0.000000,4,5,5,5,6,6,7,8,8,8,8,267,0,4,4.922455049504452,3.236691001802683,44.32866501156241,227.1498127340824
1781620228,75,GET,/timeline/{user_id},88.300000,0.000000,3,3,3,4,4,5,16,170,200,200,200,2014,0,3,9.385729179426967,1.8557010043878108,536.7581159807742,987.1708043694141
1781620228,75,GET,/users/{user_id},35.200000,0.000000,3,3,3,3,5,6,9,14,26,26,26,825,0,3,3.363154451468621,1.6387859941460192,30.307862994959578,259.0
1781620228,75,,Aggregated,366.300000,0.000000,3,3,3,4,4,6,12,21,380,490,490,8233,0,3,7.308574840801581,1.6387859941460192,777.3408259963617,1402.611198833961
1781620229,75,GET,/feed/{user_id},150.800000,0.000000,3,3,3,3,4,5,10,13,20,23,23,3448,0,3,3.4535432112791624,1.8709639844018966,55.19060397637077,1162.6145591647332
1781620229,75,GET,/feed/{user_id}?with_fof=true,73.300000,0.000000,3,3,3,3,4,5,15,370,490,490,490,1719,0,3,14.883613717042554,1.8770729948300868,777.3408259963617,3258.9086678301337
1781620229,75,POST,/likes,6.900000,0.000000,4,4,4,4,5,6,6,6,6,6,6,172,0,3,3.899883808328521,2.534708008170128,22.643706004600972,179.57558139534885
1781620229,75,POST,/posts,11.600000,0.000000,4,5,5,5,6,6,7,8,8,8,8,278,0,4,4.9265975439535765,3.236691001802683,44.32866501156241,227.15827338129498
1781620229,75,GET,/timeline/{user_id},87.700000,0.000000,3,3,3,3,4,5,16,170,200,200,200,2117,0,3,9.225007787114889,1.8557010043878108,536.7581159807742,996.0288143599433
1781620229,75,GET,/users/{user_id},36.400000,0.000000,3,3,3,3,5,6,7,14,26,26,26,860,0,3,3.330026459941088,1.6387859941460192,30.307862994959578,259.0151162790698
1781620229,75,,Aggregated,366.700000,0.000000,3,3,3,4,4,6,12,17,380,490,490,8594,0,3,7.205758359926676,1.6387859941460192,777.3408259963617,1400.5285082615778
1781620230,75,GET,/feed/{user_id},150.600000,0.000000,3,3,3,3,4,5,7,12,19,20,20,3605,0,3,3.4260909129809276,1.8709639844018966,55.19060397637077,1151.7361997226076
1781620230,75,GET,/feed/{user_id}?with_fof=true,73.700000,0.000000,3,3,3,3,4,5,14,370,490,490,490,1799,0,3,14.77279373911637,1.8770729948300868,777.3408259963617,3285.213451917732
1781620230,75,POST,/likes,6.300000,0.000000,4,4,4,4,5,5,6,6,6,6,6,176,0,3,3.9007035342034544,2.534708008170128,22.643706004600972,179.58522727272728
1781620230,75,POST,/posts,11.200000,0.000000,4,5,5,5,6,6,6,7,8,8,8,288,0,4,4.91146085844068,3.236691001802683,44.32866501156241,227.16666666666666
1781620230,75,GET,/timeline/{user_id},88.100000,0.000000,3,3,3,3,4,5,13,160,200,200,200,2198,0,3,8.995599367262184,1.8557010043878108,536.7581159807742,977.8898999090081
1781620230,75,GET,/users/{user_id},36.900000,0.000000,3,3,3,3,4,6,7,14,26,26,26,895,0,3,3.313903573818515,1.6387859941460192,30.307862994959578,259.0458100558659
1781620230,75,,Aggregated,366.800000,0.000000,3,3,3,4,4,5,10,16,380,490,490,8961,0,3,7.116014879480769,1.6387859941460192,777.3408259963617,1399.4405758285905
1781620231,75,GET,/feed/{user_id},149.700000,0.000000,3,3,3,3,4,5,8,12,19,20,20,3748,0,3,3.409855084324103,1.8709639844018966,55.19060397637077,1147.185432230523
1781620231,75,GET,/feed/{user_id}?with_fof=true,73.200000,0.000000,3,3,3,3,4,5,13,370,490,490,490,1876,0,3,14.535875684838109,1.8770729948300868,777.3408259963617,3315.3256929637528
1781620231,75,POST,/likes,6.500000,0.000000,3,4,4,4,5,5,6,6,6,6,6,182,0,3,3.8959735605973176,2.534708008170128,22.643706004600972,179.5989010989011
1781620231,75,POST,/posts,11.500000,0.000000,4,5,5,5,6,6,7,7,8,8,8,298,0,4,4.900836269175884,3.236691001802683,44.32866501156241,227.15771812080536
1781620231,75,GET,/timeline/{user_id},88.600000,0.000000,3,3,3,3,4,5,15,100,200,200,200,2299,0,3,8.79220054853797,1.8557010043878108,536.7581159807742,985.0195737277077
1781620231,75,GET,/users/{user_id},36.600000,0.000000,3,3,3,3,4,6,7,12,26,26,26,923,0,3,3.307678991050095,1.6387859941460192,30.307862994959578,259.05742145178766
1781620231,75,,Aggregated,366.100000,0.000000,3,3,3,4,4,5,11,16,440,490,490,9326,0,3,7.02178992138904,1.6387859941460192,777.3408259963617,1407.16834655801
1781620232,75,GET,/feed/{user_id},150.100000,0.000000,3,3,3,3,4,5,7,11,19,20,20,3896,0,3,3.3930000762175005,1.8709639844018966,55.19060397637077,1140.6732546201233
1781620232,75,GET,/feed/{user_id}?with_fof=true,73.700000,0.000000,3,3,3,3,4,5,16,360,490,490,490,1939,0,3,14.491683178854593,1.8770729948300868,777.3408259963617,3280.8777720474473
1781620232,75,POST,/likes,6.300000,0.000000,4,4,4,4,5,6,6,6,6,6,6,193,0,3,3.888389067163382,2.534708008170128,22.643706004600972,179.60103626943004
1781620232,75,POST,/posts,10.800000,0.000000,4,5,5,5,6,6,7,8,8,8,8,305,0,4,4.891819059829701,3.236691001802683,44.32866501156241,227.15409836065575
1781620232,75,GET,/timeline/{user_id},88.000000,0.000000,3,3,3,3,4,5,8,30,180,180,180,2396,0,3,8.555483676159664,1.8557010043878108,536.7581159807742,981.512103505843
1781620232,75,GET,/users/{user_id},36.700000,0.000000,3,3,3,3,4,6,9,14,21,21,21,963,0,3,3.313847358861014,1.6387859941460192,30.307862994959578,259.0539979231568
1781620232,75,,Aggregated,365.600000,0.000000,3,3,3,4,4,5,8,14,440,490,490,9692,0,3,6.938829940013902,1.6387859941460192,777.3408259963617,1394.0158893933142
1781620233,75,GET,/feed/{user_id},150.000000,0.000000,3,3,3,3,4,5,7,11,17,19,19,4051,0,3,3.378159729200037,1.8709639844018966,55.19060397637077,1135.8249814860528
1781620233,75,GET,/feed/{user_id}?with_fof=true,73.700000,0.000000,3,3,3,3,4,5,16,360,490,490,490,2013,0,3,14.24033334162107,1.8770729948300868,777.3408259963617,3274.4555389965226
1781620233,75,POST,/likes,6.000000,0.000000,3,4,4,4,5,6,6,6,6,6,6,199,0,3,3.883404954425504,2.534708008170128,22.643706004600972,179.59798994974875
1781620233,75,POST,/posts,11.100000,0.000000,4,5,5,5,6,6,7,8,8,8,8,313,0,4,4.872890959193294,3.236691001802683,44.32866501156241,227.15015974440894
1781620233,75,GET,/timeline/{user_id},88.600000,0.000000,3,3,3,3,4,5,8,30,180,180,180,2490,0,3,8.33851354973705,1.8557010043878108,536.7581159807742,974.5955823293173
1781620233,75,GET,/users/{user_id},35.900000,0.000000,3,3,3,3,4,6,9,14,21,21,21,997,0,3,3.292625146123292,1.6387859941460192,30.307862994959578,259.04513540621866
1781620233,75,,Aggregated,365.300000,0.000000,3,3,3,3,4,5,8,14,440,490,490,10063,0,3,6.8264309396165075,1.6387859941460192,777.3408259963617,1389.700387558382
1781620234,75,GET,/feed/{user_id},149.600000,0.000000,3,3,3,3,4,5,7,11,17,19,19,4188,0,3,3.3637274758848132,1.8709639844018966,55.19060397637077,1134.7753104106973
1781620234,75,GET,/feed/{user_id}?with_fof=true,74.800000,0.000000,3,3,3,3,4,5,280,370,490,490,490,2088,0,3,14.009467124844964,1.8770729948300868,777.3408259963617,3256.379789272031
1781620234,75,POST,/likes,6.300000,0.000000,3,4,4,4,5,5,6,6,6,6,6,206,0,3,3.857329688701797,2.534708008170128,22.643706004600972,179.61165048543688
1781620234,75,POST,/posts,10.800000,0.000000,4,5,5,5,6,6,7,7,7,7,7,327,0,4,4.845524814021873,3.236691001802683,44.32866501156241,227.14678899082568
1781620234,75,GET,/timeline/{user_id},87.900000,0.000000,3,3,3,3,4,5,11,21,190,190,190,2578,0,3,8.30633894525829,1.8557010043878108,536.7581159807742,972.9519006982157
1781620234,75,GET,/users/{user_id},37.100000,0.000000,3,3,3,3,4,6,8,12,21,21,21,1027,0,3,3.2774268585416384,1.6359720029868186,30.307862994959578,259.0447906523856
1781620234,75,,Aggregated,366.500000,0.000000,3,3,3,3,4,5,8,14,440,490,490,10414,0,3,6.769523116990372,1.6359720029868186,777.3408259963617,1386.340119070482
1781620235,75,GET,/feed/{user_id},149.100000,0.000000,3,3,3,3,4,5,7,11,17,19,19,4325,0,3,3.3602285329413983,1.8709639844018966,55.19060397637077,1130.4506358381502
1781620235,75,GET,/feed/{user_id}?with_fof=true,73.400000,0.000000,3,3,3,3,4,5,280,370,490,490,490,2176,0,3,13.738791430930231,1.8770729948300868,777.3408259963617,3251.7555147058824
1781620235,75,POST,/likes,6.100000,0.000000,3,4,4,4,5,5,6,6,6,6,6,213,0,3,3.8390981635743393,2.534708008170128,22.643706004600972,179.60093896713616
1781620235,75,POST,/posts,10.400000,0.000000,4,5,5,5,6,6,7,7,7,7,7,339,0,4,4.841060927024408,3.236691001802683,44.32866501156241,227.12684365781712
1781620235,75,GET,/timeline/{user_id},89.900000,0.000000,3,3,3,3,4,5,11,30,190,190,190,2673,0,3,8.176023376222092,1.8557010043878108,536.7581159807742,973.5600448933782
1781620235,75,GET,/users/{user_id},36.600000,0.000000,3,3,3,3,4,6,9,12,21,21,21,1066,0,3,3.267542273718051,1.6359720029868186,30.307862994959578,259.05909943714823
1781620235,75,,Aggregated,365.500000,0.000000,3,3,3,3,4,5,10,15,440,490,490,10792,0,3,6.692471893087791,1.6359720029868186,777.3408259963617,1386.0964603409934
1781620236,75,GET,/feed/{user_id},148.100000,0.000000,3,3,3,3,4,5,7,11,17,19,19,4472,0,3,3.3442085644022304,1.8709639844018966,55.19060397637077,1143.932021466905
1781620236,75,GET,/feed/{user_id}?with_fof=true,73.100000,0.000000,3,3,3,3,4,5,12,350,490,490,490,2237,0,3,13.439844452702534,1.8770729948300868,777.3408259963617,3272.8144836835045
1781620236,75,POST,/likes,6.500000,0.000000,3,4,4,4,5,5,6,6,6,6,6,220,0,3,3.842147999437822,2.534708008170128,22.643706004600972,179.6
1781620236,75,POST,/posts,11.000000,0.000000,4,5,5,5,6,6,7,7,7,7,7,351,0,4,4.819612863935939,3.236691001802683,44.32866501156241,227.12535612535612
1781620236,75,GET,/timeline/{user_id},90.900000,0.000000,3,3,3,3,4,5,12,30,190,190,190,2774,0,3,7.982301531583991,1.8557010043878108,536.7581159807742,966.9675558759914
1781620236,75,GET,/users/{user_id},36.000000,0.000000,3,3,3,3,4,5,7,12,15,15,15,1099,0,3,3.247121188045353,1.6359720029868186,30.307862994959578,259.0609645131938
1781620236,75,,Aggregated,365.600000,0.000000,3,3,3,3,4,5,8,12,380,490,490,11153,0,3,6.569414511799158,1.6359720029868186,777.3408259963617,1391.8460503900296
1781620237,75,GET,/feed/{user_id},147.200000,0.000000,3,3,3,3,4,5,7,11,17,23,23,4611,0,3,3.334720222305636,1.8709639844018966,55.19060397637077,1141.5014096725222
1781620237,75,GET,/feed/{user_id}?with_fof=true,73.900000,0.000000,3,3,3,3,4,5,12,340,490,490,490,2307,0,3,13.138898265127501,1.8770729948300868,777.3408259963617,3261.6562635457303
1781620237,75,POST,/likes,6.800000,0.000000,3,4,4,4,5,6,6,6,6,6,6,227,0,3,3.8481345806642135,2.534708008170128,22.643706004600972,179.59911894273128
1781620237,75,POST,/posts,11.000000,0.000000,4,5,5,5,6,6,7,7,7,7,7,362,0,4,4.808684611369506,3.236691001802683,44.32866501156241,227.12154696132598
1781620237,75,GET,/timeline/{user_id},90.300000,0.000000,3,3,3,3,4,5,12,34,190,190,190,2865,0,3,7.887826098314442,1.8557010043878108,536.7581159807742,975.7455497382199
1781620237,75,GET,/users/{user_id},36.400000,0.000000,3,3,3,3,4,5,7,12,15,15,15,1148,0,3,3.2276810170039747,1.6359720029868186,30.307862994959578,259.10191637630663
1781620237,75,,Aggregated,365.600000,0.000000,3,3,3,3,4,5,8,14,370,490,490,11520,0,3,6.476224236199515,1.6359720029868186,777.3408259963617,1389.2405381944445
1781620238,75,GET,/feed/{user_id},146.100000,0.000000,3,3,3,3,4,5,7,11,17,23,23,4748,0,3,3.3192769507154223,1.8709639844018966,55.19060397637077,1142.597093513058
1781620238,75,GET,/feed/{user_id}?with_fof=true,72.700000,0.000000,3,3,3,3,4,5,11,280,490,490,490,2388,0,3,12.792087368372382,1.8770729948300868,777.3408259963617,3281.1159966499163
1781620238,75,POST,/likes,6.600000,0.000000,3,4,4,4,5,5,6,6,6,6,6,237,0,3,3.8263468346401326,2.534708008170128,22.643706004600972,179.59915611814347
1781620238,75,POST,/posts,10.900000,0.000000,4,5,5,5,5,6,7,7,7,7,7,374,0,4,4.793015559873778,3.236691001802683,44.32866501156241,227.11764705882354
1781620238,75,GET,/timeline/{user_id},92.500000,0.000000,3,3,3,3,4,5,12,51,190,190,190,2953,0,3,7.873144813931458,1.8557010043878108,536.7581159807742,974.0121909922113
1781620238,75,GET,/users/{user_id},36.100000,0.000000,3,3,3,3,4,5,8,12,15,15,15,1183,0,3,3.220263465372798,1.6359720029868186,30.307862994959578,259.1242603550296
1781620238,75,,Aggregated,364.900000,0.000000,3,3,3,3,4,5,8,14,370,490,490,11883,0,3,6.401231333160666,1.6359720029868186,777.3408259963617,1394.4849785407725
1781620239,75,GET,/feed/{user_id},145.300000,0.000000,3,3,3,3,4,5,7,11,17,23,23,4894,0,3,3.3092882125270195,1.8709639844018966,55.19060397637077,1141.389865140989
1781620239,75,GET,/feed/{user_id}?with_fof=true,72.400000,0.000000,3,3,3,3,4,5,11,280,490,490,490,2453,0,3,12.528563651370733,1.8770729948300868,777.3408259963617,3281.0289441500204
1781620239,75,POST,/likes,6.800000,0.000000,3,4,4,4,5,6,6,7,7,7,7,243,0,3,3.8304346453814304,2.534708008170128,22.643706004600972,179.58024691358025
1781620239,75,POST,/posts,10.900000,0.000000,4,4,5,5,5,6,7,7,7,7,7,390,0,4,4.766581426613415,3.236691001802683,44.32866501156241,227.12051282051283
1781620239,75,GET,/timeline/{user_id},92.600000,0.000000,3,3,3,3,4,5,12,51,190,190,190,3041,0,3,7.789091297106977,1.8557010043878108,536.7581159807742,980.3913186451825
1781620239,75,GET,/users/{user_id},36.300000,0.000000,3,3,3,3,4,5,8,10,15,15,15,1225,0,3,3.2039780004368144,1.6359720029868186,30.307862994959578,259.12734693877553
1781620239,75,,Aggregated,364.300000,0.000000,3,3,3,3,4,5,8,14,370,490,490,12246,0,3,6.314672971514288,1.6359720029868186,777.3408259963617,1393.5441776906746
1781620240,75,GET,/feed/{user_id},144.600000,0.000000,3,3,3,3,4,5,7,11,17,23,23,5039,0,3,3.294565541843737,1.8709639844018966,55.19060397637077,1142.2818019448302
1781620240,75,GET,/feed/{user_id}?with_fof=true,72.800000,0.000000,3,3,3,3,4,5,7,16,400,400,400,2518,0,3,12.279080892683726,1.8770729948300868,777.3408259963617,3279.6258935663227
1781620240,75,POST,/likes,7.100000,0.000000,3,3,4,4,5,6,6,7,7,7,7,249,0,3,3.8186125333391012,2.534708008170128,22.643706004600972,179.57831325301206
1781620240,75,POST,/posts,10.600000,0.000000,4,4,5,5,5,5,6,7,7,7,7,403,0,4,4.7424819413457,3.236691001802683,44.32866501156241,227.1166253101737
1781620240,75,GET,/timeline/{user_id},93.500000,0.000000,3,3,3,3,4,5,12,51,190,190,190,3127,0,3,7.705629590504049,1.8557010043878108,536.7581159807742,982.187080268628
1781620240,75,GET,/users/{user_id},35.500000,0.000000,3,3,3,3,4,5,7,9,15,15,15,1277,0,3,3.188452308275682,1.6359720029868186,30.307862994959578,259.1401722787784
1781620240,75,,Aggregated,364.100000,0.000000,3,3,3,3,4,5,8,12,340,400,400,12613,0,3,6.22764239462984,1.6359720029868186,777.3408259963617,1391.6213430587488
1781620241,75,GET,/feed/{user_id},144.900000,0.000000,3,3,3,3,4,4,6,11,17,23,23,5196,0,3,3.2791703803844037,1.8709639844018966,55.19060397637077,1138.2906081601232
1781620241,75,GET,/feed/{user_id}?with_fof=true,73.200000,0.000000,3,3,3,3,4,5,6,12,400,400,400,2591,0,3,12.019776093268254,1.8770729948300868,777.3408259963617,3280.800849093014
1781620241,75,POST,/likes,7.000000,0.000000,3,3,4,4,5,6,6,7,7,7,7,253,0,3,3.8237370901028793,2.534708008170128,22.643706004600972,179.57707509881422
1781620241,75,POST,/posts,11.000000,0.000000,4,4,5,5,5,5,6,6,7,7,7,416,0,4,4.735440676575728,3.236691001802683,44.32866501156241,227.12980769230768
1781620241,75,GET,/timeline/{user_id},92.100000,0.000000,3,3,3,3,4,5,12,160,190,190,190,3213,0,3,7.623765297086447,1.8557010043878108,536.7581159807742,980.7111733582321
1781620241,75,GET,/users/{user_id},36.000000,0.000000,2,3,3,3,4,5,6,7,10,10,10,1317,0,3,3.1742975600839904,1.6359720029868186,30.307862994959578,259.16324981017465
1781620241,75,,Aggregated,364.200000,0.000000,3,3,3,3,4,5,7,11,280,400,400,12986,0,3,6.144683947755761,1.6359720029868186,777.3408259963617,1389.7562759895272
1781620242,75,GET,/feed/{user_id},143.400000,0.000000,3,3,3,3,4,5,8,11,18,23,23,5344,0,3,3.2761173569199085,1.8709639844018966,55.19060397637077,1141.2677769461077
1781620242,75,GET,/feed/{user_id}?with_fof=true,72.200000,0.000000,3,3,3,3,4,5,8,17,400,400,400,2667,0,3,11.777951657490258,1.8770729948300868,777.3408259963617,3269.736407949006
1781620242,75,POST,/likes,7.200000,0.000000,3,4,4,4,5,6,6,7,7,7,7,256,0,3,3.816647897679104,2.534708008170128,22.643706004600972,179.57421875
1781620242,75,POST,/posts,11.500000,0.000000,4,4,5,5,5,6,6,6,7,7,7,422,0,4,4.7428524679580475,3.236691001802683,44.32866501156241,227.13270142180096
1781620242,75,GET,/timeline/{user_id},93.100000,0.000000,3,3,3,3,4,5,18,160,190,190,190,3319,0,3,7.534316698278369,1.8557010043878108,536.7581159807742,981.6263934920157
1781620242,75,GET,/users/{user_id},37.900000,0.000000,2,3,3,3,4,5,6,8,17,17,17,1351,0,3,3.1696308184388218,1.6359720029868186,30.307862994959578,259.18134715025906
1781620242,75,,Aggregated,365.300000,0.000000,3,3,3,3,4,5,8,15,190,400,400,13359,0,3,6.07728738576895,1.6359720029868186,777.3408259963617,1390.0228310502282
1781620243,75,GET,/feed/{user_id},144.500000,0.000000,3,3,3,3,4,5,7,11,18,23,23,5505,0,3,3.2629418978171523,1.8709639844018966,55.19060397637077,1132.8465031789283
1781620243,75,GET,/feed/{user_id}?with_fof=true,71.500000,0.000000,3,3,3,3,4,5,6,12,400,400,400,2746,0,3,11.519959331156878,1.8770729948300868,777.3408259963617,3266.8445010924984
1781620243,75,POST,/likes,7.100000,0.000000,3,4,4,4,5,6,6,7,7,7,7,258,0,3,3.810488956650113,2.534708008170128,22.643706004600972,179.58139534883722
1781620243,75,POST,/posts,11.700000,0.000000,4,5,5,5,5,6,6,7,8,8,8,433,0,4,4.743535072754049,3.181357024004683,44.32866501156241,227.12933025404158
1781620243,75,GET,/timeline/{user_id},91.300000,0.000000,3,3,3,3,4,5,12,51,190,190,190,3399,0,3,7.424584032815822,1.8557010043878108,536.7581159807742,986.4760223595175
1781620243,75,GET,/users/{user_id},39.300000,0.000000,3,3,3,3,4,5,6,9,17,17,17,1395,0,3,3.160145484961696,1.6359720029868186,30.307862994959578,259.1921146953405
1781620243,75,,Aggregated,365.400000,0.000000,3,3,3,3,4,5,7,12,170,400,400,13736,0,3,5.989947902389414,1.6359720029868186,777.3408259963617,1388.0575859056494
1781620244,75,GET,/feed/{user_id},143.900000,0.000000,3,3,3,3,4,4,6,9,18,23,23,5659,0,3,3.25115064687235,1.8709639844018966,55.19060397637077,1133.706661954409
1781620244,75,GET,/feed/{user_id}?with_fof=true,72.100000,0.000000,3,3,3,3,4,5,6,12,390,390,390,2823,0,3,11.419608536078814,1.8770729948300868,777.3408259963617,3281.9766206163654
1781620244,75,POST,/likes,6.600000,0.000000,3,4,4,5,5,6,7,7,7,7,7,261,0,3,3.809836102668303,2.534708008170128,22.643706004600972,179.59003831417624
1781620244,75,POST,/posts,11.700000,0.000000,4,5,5,5,5,6,7,8,8,8,8,447,0,4,4.737416875897125,3.181357024004683,44.32866501156241,227.1275167785235
1781620244,75,GET,/timeline/{user_id},91.900000,0.000000,3,3,3,3,4,4,12,51,190,190,190,3486,0,3,7.357007146114216,1.8557010043878108,536.7581159807742,977.9030407343661
1781620244,75,GET,/users/{user_id},38.500000,0.000000,2,3,3,3,4,5,6,9,17,17,17,1424,0,3,3.1525425522917163,1.6256459930446,30.307862994959578,259.19733146067415
1781620244,75,,Aggregated,364.700000,0.000000,3,3,3,3,4,5,7,12,170,390,390,14100,0,3,5.949188402846888,1.6256459930446,777.3408259963617,1390.5767375886526
1781620245,75,GET,/feed/{user_id},144.900000,0.000000,3,3,3,3,4,4,6,11,18,23,23,5794,0,3,3.248063346669949,1.8709639844018966,55.19060397637077,1131.5341732827062
1781620245,75,GET,/feed/{user_id}?with_fof=true,73.300000,0.000000,3,3,3,3,4,5,6,15,390,390,390,2908,0,3,11.173830705451374,1.8770729948300868,777.3408259963617,3280.5398899587344
1781620245,75,POST,/likes,6.000000,0.000000,3,4,4,4,5,6,7,7,7,7,7,265,0,3,3.808152765136669,2.534708008170128,22.643706004600972,179.6
1781620245,75,POST,/posts,12.100000,0.000000,4,4,5,5,6,6,7,8,8,8,8,456,0,4,4.731780231387555,3.181357024004683,44.32866501156241,227.140350877193
1781620245,75,GET,/timeline/{user_id},90.800000,0.000000,3,3,3,3,4,4,12,51,190,190,190,3585,0,3,7.23894447764652,1.8557010043878108,536.7581159807742,972.9824267782427
1781620245,75,GET,/users/{user_id},39.900000,0.000000,2,3,3,3,4,5,7,9,17,17,17,1463,0,3,3.143193882688567,1.6256459930446,30.307862994959578,259.1825017088175
1781620245,75,,Aggregated,367.000000,0.000000,3,3,3,3,4,5,7,12,170,390,390,14471,0,3,5.875871715366483,1.6256459930446,777.3408259963617,1389.98099647571
1781620246,75,GET,/feed/{user_id},146.300000,0.000000,3,3,3,3,4,4,6,9,17,18,18,5949,0,3,3.239100319786003,1.8709639844018966,55.19060397637077,1135.6446461590183
1781620246,75,GET,/feed/{user_id}?with_fof=true,73.700000,0.000000,3,3,3,3,4,4,6,16,390,390,390,2983,0,3,11.169818380663447,1.8770729948300868,777.3408259963617,3268.1575595038553
1781620246,75,POST,/likes,5.500000,0.000000,3,4,4,4,5,5,7,7,7,7,7,275,0,3,3.7898295011837035,2.534708008170128,22.643706004600972,179.60727272727271
1781620246,75,POST,/posts,11.700000,0.000000,4,4,5,5,6,6,8,8,8,8,8,463,0,4,4.738617042035818,3.181357024004683,44.32866501156241,227.13606911447084
1781620246,75,GET,/timeline/{user_id},90.700000,0.000000,3,3,3,3,4,4,12,51,190,190,190,3671,0,3,7.166887442230619,1.8557010043878108,536.7581159807742,978.7981476436938
1781620246,75,GET,/users/{user_id},39.700000,0.000000,2,3,3,3,4,5,7,10,17,17,17,1504,0,3,3.144359223544133,1.6256459930446,30.307862994959578,259.1788563829787
1781620246,75,,Aggregated,367.600000,0.000000,3,3,3,3,4,5,7,12,190,390,390,14845,0,3,5.851392314439412,1.6256459930446,777.3408259963617,1390.5283260357023
1781620247,75,GET,/feed/{user_id},146.900000,0.000000,3,3,3,3,4,4,6,10,17,18,18,6101,0,3,3.229162471640513,1.8709639844018966,55.19060397637077,1135.600721193247
1781620247,75,GET,/feed/{user_id}?with_fof=true,73.300000,0.000000,3,3,3,3,4,5,6,17,390,390,390,3050,0,3,11.221158675215833,1.8770729948300868,777.3408259963617,3255.23868852459
1781620247,75,POST,/likes,5.200000,0.000000,3,4,4,4,5,5,7,7,7,7,7,281,0,3,3.782818141746338,2.534708008170128,22.643706004600972,179.59430604982205
1781620247,75,POST,/posts,11.800000,0.000000,4,4,5,5,6,6,8,8,8,8,8,476,0,4,4.726796576612876,3.181357024004683,44.32866501156241,227.1344537815126
1781620247,75,GET,/timeline/{user_id},91.300000,0.000000,3,3,3,3,4,4,12,23,180,180,180,3762,0,3,7.069576952787716,1.8557010043878108,536.7581159807742,975.6576289207868
1781620247,75,GET,/users/{user_id},39.300000,0.000000,3,3,3,3,4,6,7,10,17,17,17,1536,0,3,3.148675346475708,1.6256459930446,30.307862994959578,259.1953125
1781620247,75,,Aggregated,367.800000,0.000000,3,3,3,3,4,5,7,12,350,390,390,15206,0,3,5.8312965339839264,1.6256459930446,777.3408259963617,1386.5518874128634
1781620248,75,GET,/feed/{user_id},147.800000,0.000000,3,3,3,3,4,5,7,11,30,34,34,6257,0,3,3.2418884542735777,1.8709639844018966,55.19060397637077,1135.5131852325396
1781620248,75,GET,/feed/{user_id}?with_fof=true,74.700000,0.000000,3,3,3,3,4,5,10,17,430,430,430,3117,0,3,11.182245674785399,1.8770729948300868,777.3408259963617,3279.509464228425
1781620248,75,POST,/likes,5.400000,0.000000,3,4,4,4,4,4,6,6,6,6,6,285,0,3,3.778469518721594,2.534708008170128,22.643706004600972,179.59298245614036
1781620248,75,POST,/posts,11.500000,0.000000,4,5,5,5,6,6,8,8,8,8,8,489,0,4,4.7205682403021365,3.181357024004683,44.32866501156241,227.13905930470347
1781620248,75,GET,/timeline/{user_id},89.000000,0.000000,3,3,3,3,4,4,12,23,180,180,180,3867,0,3,7.008606991553614,1.8557010043878108,536.7581159807742,973.9754331523145
1781620248,75,GET,/users/{user_id},40.100000,0.000000,3,3,3,3,4,5,8,10,17,17,17,1568,0,3,3.141063702913721,1.6256459930446,30.307862994959578,259.1926020408163
1781620248,75,,Aggregated,368.500000,0.000000,3,3,3,3,4,5,8,15,350,430,430,15583,0,3,5.810963783067818,1.6256459930446,777.3408259963617,1390.1154463197074
1781620249,75,GET,/feed/{user_id},148.700000,0.000000,3,3,3,3,4,5,7,11,30,34,34,6405,0,3,3.2346266540945896,1.8709639844018966,55.19060397637077,1133.4875878220141
1781620249,75,GET,/feed/{user_id}?with_fof=true,74.700000,0.000000,3,3,3,3,4,5,10,17,430,430,430,3186,0,3,11.000604068856246,1.8770729948300868,777.3408259963617,3264.406779661017
1781620249,75,POST,/likes,5.500000,0.000000,3,4,4,4,4,4,6,6,6,6,6,291,0,3,3.7742421437851776,2.534708008170128,22.643706004600972,179.60137457044672
1781620249,75,POST,/posts,11.300000,0.000000,4,5,5,5,6,6,8,8,8,8,8,499,0,4,4.711692864838185,3.181357024004683,44.32866501156241,227.1382765531062
1781620249,75,GET,/timeline/{user_id},89.700000,0.000000,3,3,3,3,4,4,12,23,190,190,190,3961,0,3,6.996996968047227,1.8557010043878108,536.7581159807742,974.2749305730877
1781620249,75,GET,/users/{user_id},38.600000,0.000000,3,3,3,3,4,5,8,10,17,17,17,1611,0,3,3.130723069710131,1.6256459930446,30.307862994959578,259.20422098075727
1781620249,75,,Aggregated,368.500000,0.000000,3,3,3,3,4,5,8,15,350,430,430,15953,0,3,5.765301030651644,1.6256459930446,777.3408259963617,1385.4870557261956
1781620250,75,GET,/feed/{user_id},149.900000,0.000000,3,3,3,3,4,5,7,11,30,34,34,6542,0,3,3.229110749814308,1.8709639844018966,55.19060397637077,1142.9763069397738
1781620250,75,GET,/feed/{user_id}?with_fof=true,72.800000,0.000000,3,3,3,3,4,5,10,17,430,430,430,3253,0,3,10.834030993370472,1.8770729948300868,777.3408259963617,3249.671995081463
1781620250,75,POST,/likes,5.000000,0.000000,3,4,4,4,4,4,4,4,4,4,4,296,0,3,3.7705458946859567,2.534708008170128,22.643706004600972,179.58783783783784
1781620250,75,POST,/posts,11.600000,0.000000,4,5,5,5,6,7,8,8,8,8,8,511,0,4,4.71195341017254,3.181357024004683,44.32866501156241,227.13502935420743
1781620250,75,GET,/timeline/{user_id},91.400000,0.000000,3,3,3,3,4,4,11,23,190,190,190,4061,0,3,6.936328349269448,1.8557010043878108,536.7581159807742,982.0357054912583
1781620250,75,GET,/users/{user_id},38.500000,0.000000,3,3,3,3,4,6,8,12,17,17,17,1666,0,3,3.1245256789535394,1.6256459930446,30.307862994959578,259.2154861944778
1781620250,75,,Aggregated,369.200000,0.000000,3,3,3,3,4,5,8,15,350,430,430,16329,0,3,5.711661726478314,1.6256459930446,777.3408259963617,1386.3468675362851
1781620251,75,GET,/feed/{user_id},150.300000,0.000000,3,3,3,3,4,5,6,12,30,34,34,6692,0,3,3.237756182083108,1.8709639844018966,55.19060397637077,1148.307680812911
1781620251,75,GET,/feed/{user_id}?with_fof=true,73.700000,0.000000,3,3,3,3,4,5,10,350,430,430,430,3341,0,3,10.859177133018406,1.8770729948300868,777.3408259963617,3267.5701885662975
1781620251,75,POST,/likes,4.800000,0.000000,3,4,4,4,4,4,4,4,4,4,4,304,0,3,3.769687910550458,2.534708008170128,22.643706004600972,179.5921052631579
1781620251,75,POST,/posts,11.000000,0.000000,4,5,5,6,6,7,8,8,8,8,8,523,0,4,4.7227584945111865,3.181357024004683,44.32866501156241,227.1376673040153
1781620251,75,GET,/timeline/{user_id},92.000000,0.000000,3,3,3,3,4,4,11,28,190,190,190,4146,0,3,6.8889234660956955,1.8557010043878108,536.7581159807742,984.8446695610227
1781620251,75,GET,/users/{user_id},37.900000,0.000000,3,3,3,3,4,6,7,10,15,15,15,1701,0,3,3.120804520956663,1.6256459930446,30.307862994959578,259.22398589065256
1781620251,75,,Aggregated,369.700000,0.000000,3,3,3,3,4,5,8,14,370,430,430,16707,0,3,5.712188194764552,1.6256459930446,777.3408259963617,1394.5604836296163
1781620252,75,GET,/feed/{user_id},150.700000,0.000000,3,3,3,3,4,5,6,12,30,34,34,6841,0,3,3.2294489519675778,1.8709639844018966,55.19060397637077,1155.4382400233883
1781620252,75,GET,/feed/{user_id}?with_fof=true,73.300000,0.000000,3,3,3,3,4,5,7,350,430,430,430,3404,0,3,10.71335478358267,1.8770729948300868,777.3408259963617,3285.4336075205642
1781620252,75,POST,/likes,4.700000,0.000000,3,4,4,4,4,4,5,5,5,5,5,319,0,3,3.7634077015351854,2.534708008170128,22.643706004600972,179.60815047021944
1781620252,75,POST,/posts,10.700000,0.000000,4,5,5,6,6,7,8,8,8,8,8,531,0,4,4.719539136817001,3.181357024004683,44.32866501156241,227.13935969868174
1781620252,75,GET,/timeline/{user_id},93.100000,0.000000,3,3,3,3,4,4,11,25,190,190,190,4247,0,3,6.790309170991424,1.8557010043878108,536.7581159807742,982.9288909818696
1781620252,75,GET,/users/{user_id},38.600000,0.000000,3,3,3,3,4,6,8,10,15,15,15,1729,0,3,3.1109554077865704,1.6256459930446,30.307862994959578,259.2284557547715
1781620252,75,,Aggregated,371.100000,0.000000,3,3,3,3,4,5,8,14,370,430,430,17071,0,3,5.6519716039733305,1.6256459930446,777.3408259963617,1399.3661765567335
1781620253,75,GET,/feed/{user_id},149.900000,0.000000,3,3,3,3,4,5,6,12,30,34,34,6986,0,3,3.2252135117564404,1.8709639844018966,55.19060397637077,1153.465645576868
1781620253,75,GET,/feed/{user_id}?with_fof=true,75.000000,0.000000,3,3,3,3,4,5,7,250,430,430,430,3493,0,3,10.514084293244814,1.8464069871697575,777.3408259963617,3278.443458345262
1781620253,75,POST,/likes,5.100000,0.000000,3,4,4,4,4,4,5,5,5,5,5,324,0,3,3.7619351290085894,2.534708008170128,22.643706004600972,179.60802469135803
1781620253,75,POST,/posts,10.800000,0.000000,4,5,5,6,6,7,8,8,8,8,8,540,0,4,4.718213097550216,3.181357024004683,44.32866501156241,227.14074074074074
1781620253,75,GET,/timeline/{user_id},92.400000,0.000000,3,3,3,3,4,4,10,23,190,190,190,4345,0,3,6.6984716294908315,1.8557010043878108,536.7581159807742,992.6409666283084
1781620253,75,GET,/users/{user_id},38.200000,0.000000,3,3,3,3,4,5,6,8,15,15,15,1766,0,3,3.1040279315808306,1.6256459930446,30.307862994959578,259.23895809739525
1781620253,75,,Aggregated,371.400000,0.000000,3,3,3,3,4,5,7,13,350,430,430,17454,0,3,5.592432258577973,1.6256459930446,777.3408259963617,1401.4784003666782
1781620254,75,GET,/feed/{user_id},150.300000,0.000000,3,3,3,3,4,5,8,15,33,34,34,7153,0,3,3.2318544177670883,1.8709639844018966,55.19060397637077,1158.4444289109465
1781620254,75,GET,/feed/{user_id}?with_fof=true,73.600000,0.000000,3,3,3,3,4,5,7,250,430,430,430,3549,0,3,10.411054192515808,1.8464069871697575,777.3408259963617,3295.624964778811
1781620254,75,POST,/likes,6.000000,0.000000,3,4,4,4,4,5,5,7,7,7,7,329,0,3,3.774436731843312,2.534708008170128,22.643706004600972,179.62006079027356
1781620254,75,POST,/posts,10.700000,0.000000,4,5,5,6,6,7,8,8,8,8,8,551,0,4,4.7047713078675075,3.181357024004683,44.32866501156241,227.1361161524501
1781620254,75,GET,/timeline/{user_id},93.300000,0.000000,3,3,3,3,4,5,13,28,190,190,190,4428,0,3,6.7014839085676146,1.8557010043878108,536.7581159807742,989.7253839205059
1781620254,75,GET,/users/{user_id},37.700000,0.000000,3,3,3,3,4,5,6,8,15,15,15,1813,0,3,3.096178294543713,1.6256459930446,30.307862994959578,259.24710424710423
1781620254,75,,Aggregated,371.600000,0.000000,3,3,3,3,4,5,8,19,350,430,430,17823,0,3,5.56516560904916,1.6256459930446,777.3408259963617,1403.7643494361218
1781620255,75,GET,/feed/{user_id},148.700000,0.000000,3,3,3,3,4,5,8,15,33,34,34,7306,0,3,3.2222225830976665,1.8709639844018966,55.19060397637077,1159.5572132493842
1781620255,75,GET,/feed/{user_id}?with_fof=true,74.700000,0.000000,3,3,3,3,4,5,7,29,430,430,430,3615,0,3,10.370575821641923,1.8464069871697575,777.3408259963617,3307.183125864454
1781620255,75,POST,/likes,6.600000,0.000000,4,4,4,4,4,5,5,7,7,7,7,336,0,3,3.767708145200491,2.534708008170128,22.643706004600972,179.6220238095238
1781620255,75,POST,/posts,10.500000,0.000000,4,5,5,5,6,6,7,8,8,8,8,566,0,4,4.698486421536983,3.181357024004683,44.32866501156241,227.13957597173146
1781620255,75,GET,/timeline/{user_id},94.700000,0.000000,3,3,3,3,4,5,12,27,190,190,190,4514,0,3,6.62783956514356,1.8557010043878108,536.7581159807742,985.4477182100132
1781620255,75,GET,/users/{user_id},36.500000,0.000000,3,3,3,3,4,5,6,7,13,13,13,1849,0,3,3.0894091476318857,1.6256459930446,30.307862994959578,259.2466197944835
1781620255,75,,Aggregated,371.700000,0.000000,3,3,3,3,4,5,7,17,350,430,430,18186,0,3,5.531005627942031,1.6256459930446,777.3408259963617,1404.5839656878918
1781620256,75,GET,/feed/{user_id},149.900000,0.000000,3,3,3,3,4,5,8,15,33,34,34,7433,0,3,3.2169439686391117,1.8709639844018966,55.19060397637077,1164.5973362034172
1781620256,75,GET,/feed/{user_id}?with_fof=true,72.300000,0.000000,3,3,3,3,4,5,6,28,430,430,430,3695,0,3,10.210713744864526,1.8464069871697575,777.3408259963617,3305.6560216508797
1781620256,75,POST,/likes,6.600000,0.000000,4,4,4,4,4,5,5,7,7,7,7,342,0,3,3.7614948384134284,2.534708008170128,22.643706004600972,179.61111111111111
1781620256,75,POST,/posts,10.600000,0.000000,4,5,5,5,6,6,7,8,8,8,8,575,0,4,4.69683060103663,3.181357024004683,44.32866501156241,227.1391304347826
1781620256,75,GET,/timeline/{user_id},93.600000,0.000000,3,3,3,3,4,5,11,89,200,200,200,4603,0,3,6.631240095415537,1.8557010043878108,536.7581159807742,981.2124701281773
1781620256,75,GET,/users/{user_id},38.900000,0.000000,2,3,3,3,4,5,6,7,13,13,13,1891,0,3,3.080612444278815,1.6256459930446,30.307862994959578,259.25224748810155
1781620256,75,,Aggregated,371.900000,0.000000,3,3,3,3,4,5,7,17,350,430,430,18539,0,3,5.500635251514717,1.6256459930446,777.3408259963617,1406.2058363450024
1781620257,75,GET,/feed/{user_id},150.800000,0.000000,3,3,3,3,4,5,7,15,33,34,34,7588,0,3,3.2119761311222232,1.8709639844018966,55.19060397637077,1165.091196626252
1781620257,75,GET,/feed/{user_id}?with_fof=true,70.200000,0.000000,3,3,3,3,4,5,6,16,390,390,390,3779,0,3,10.049787763767778,1.8464069871697575,777.3408259963617,3301.191849695687
1781620257,75,POST,/likes,7.000000,0.000000,4,4,4,4,4,5,5,7,7,7,7,345,0,3,3.75879216741811,2.534708008170128,22.643706004600972,179.61159420289854
1781620257,75,POST,/posts,10.900000,0.000000,4,5,5,5,6,6,7,8,8,8,8,589,0,4,4.686346085924349,3.181357024004683,44.32866501156241,227.1358234295416
1781620257,75,GET,/timeline/{user_id},93.000000,0.000000,3,3,3,3,4,5,11,28,200,200,200,4694,0,3,6.558460342167259,1.8557010043878108,536.7581159807742,982.9177673625906
1781620257,75,GET,/users/{user_id},38.800000,0.000000,3,3,3,3,4,5,6,6,13,13,13,1921,0,3,3.0800935721755964,1.6256459930446,30.307862994959578,259.26184279021345
1781620257,75,,Aggregated,370.700000,0.000000,3,3,3,3,4,5,7,15,200,390,390,18916,0,3,5.450937649761312,1.6256459930446,777.3408259963617,1407.4605096214846
1781620258,75,GET,/feed/{user_id},148.700000,0.000000,3,3,3,3,4,5,7,12,29,33,33,7724,0,3,3.2074379927298713,1.8709639844018966,55.19060397637077,1163.029129984464
1781620258,75,GET,/feed/{user_id}?with_fof=true,70.700000,0.000000,3,3,3,3,4,5,6,28,390,390,390,3864,0,3,10.063557831055194,1.8464069871697575,777.3408259963617,3280.986542443064
1781620258,75,POST,/likes,6.700000,0.000000,4,4,4,4,5,5,6,7,7,7,7,354,0,3,3.761524784837134,2.534708008170128,22.643706004600972,179.61581920903956
1781620258,75,POST,/posts,11.100000,0.000000,4,5,5,5,6,6,7,8,8,8,8,603,0,4,4.678314539886143,3.181357024004683,44.32866501156241,227.13266998341626
1781620258,75,GET,/timeline/{user_id},93.300000,0.000000,3,3,3,3,4,5,10,27,200,200,200,4769,0,3,6.505919329014651,1.8557010043878108,536.7581159807742,984.1518137974418
1781620258,75,GET,/users/{user_id},38.900000,0.000000,3,3,3,3,4,5,6,6,13,13,13,1953,0,3,3.0736378771984922,1.6256459930446,30.307862994959578,259.2836661546339
1781620258,75,,Aggregated,369.400000,0.000000,3,3,3,3,4,5,6,14,350,390,390,19267,0,3,5.441531427345513,1.6256459930446,777.3408259963617,1404.5422224528988
1781620259,75,GET,/feed/{user_id},148.800000,0.000000,3,3,3,3,4,5,7,12,29,33,33,7856,0,3,3.2023917254027134,1.8709639844018966,55.19060397637077,1161.7942973523423
1781620259,75,GET,/feed/{user_id}?with_fof=true,71.900000,0.000000,3,3,3,3,4,5,7,310,390,390,390,3954,0,3,10.18483083263459,1.8464069871697575,777.3408259963617,3283.6011633788567
1781620259,75,POST,/likes,6.200000,0.000000,4,4,4,4,5,6,6,7,7,7,7,363,0,3,3.767850955360705,2.534708008170128,22.643706004600972,179.60881542699724
1781620259,75,POST,/posts,11.500000,0.000000,4,5,5,5,6,6,7,7,8,8,8,614,0,4,4.674217136139172,3.181357024004683,44.32866501156241,227.13355048859935
1781620259,75,GET,/timeline/{user_id},92.500000,0.000000,3,3,3,3,4,4,8,24,200,200,200,4853,0,3,6.446445720940414,1.8557010043878108,536.7581159807742,984.6140531629919
1781620259,75,GET,/users/{user_id},38.600000,0.000000,3,3,3,3,4,5,6,7,9,9,9,1984,0,3,3.0735551463001154,1.6256459930446,30.307862994959578,259.2842741935484
1781620259,75,,Aggregated,369.500000,0.000000,3,3,3,3,4,5,7,15,360,390,390,19624,0,3,5.455006329971949,1.6256459930446,777.3408259963617,1406.8398389726865
1781620260,75,GET,/feed/{user_id},147.000000,0.000000,3,3,3,3,4,4,6,12,29,33,33,8004,0,3,3.1981234672406145,1.8709639844018966,55.19060397637077,1168.3663168415792
1781620260,75,GET,/feed/{user_id}?with_fof=true,74.000000,0.000000,3,3,3,3,4,5,6,32,390,390,390,4015,0,3,10.076855163469476,1.8464069871697575,777.3408259963617,3267.560896637609
1781620260,75,POST,/likes,6.800000,0.000000,3,4,4,4,5,6,6,7,7,7,7,372,0,3,3.759354902716148,2.534708008170128,22.643706004600972,179.61559139784947
1781620260,75,POST,/posts,11.100000,0.000000,4,5,5,5,6,6,7,8,10,10,10,630,0,4,4.670052923029289,3.181357024004683,44.32866501156241,227.13333333333333
1781620260,75,GET,/timeline/{user_id},90.800000,0.000000,3,3,3,3,4,4,7,24,200,200,200,4952,0,3,6.376663539131025,1.8557010043878108,536.7581159807742,977.204563812601
1781620260,75,GET,/users/{user_id},38.700000,0.000000,3,3,3,3,4,5,6,7,9,9,9,2019,0,3,3.0714717495046213,1.6171940078493208,30.307862994959578,259.284299157999
1781620260,75,,Aggregated,368.400000,0.000000,3,3,3,3,4,5,6,13,350,390,390,19992,0,3,5.410939695201548,1.6171940078493208,777.3408259963617,1402.7302921168468
1781620261,75,GET,/feed/{user_id},144.700000,0.000000,3,3,3,3,4,4,7,12,29,33,33,8142,0,3,3.19404677644174,1.8709639844018966,55.19060397637077,1169.493981822648
1781620261,75,GET,/feed/{user_id}?with_fof=true,75.600000,0.000000,3,3,3,3,4,5,10,290,390,390,390,4084,0,3,10.032351820315036,1.8464069871697575,777.3408259963617,3256.917972575906
1781620261,75,POST,/likes,7.300000,0.000000,3,4,4,4,5,6,6,7,7,7,7,377,0,3,3.758962524607679,2.534708008170128,22.643706004600972,179.6127320954907
1781620261,75,POST,/posts,11.500000,0.000000,4,5,5,5,5,6,6,6,10,10,10,645,0,4,4.668233467558355,3.181357024004683,44.32866501156241,227.12868217054265
1781620261,75,GET,/timeline/{user_id},89.200000,0.000000,3,3,3,3,4,5,6,21,200,200,200,5062,0,3,6.299573118683997,1.8557010043878108,536.7581159807742,980.7305412880285
1781620261,75,GET,/users/{user_id},37.900000,0.000000,3,3,3,3,4,5,6,7,9,9,9,2046,0,3,3.068993147767016,1.6171940078493208,30.307862994959578,259.2937438905181
1781620261,75,,Aggregated,366.200000,0.000000,3,3,3,3,4,5,6,13,350,390,390,20356,0,3,5.382874447505266,1.6171940078493208,777.3408259963617,1401.6731184908626
1781620262,75,GET,/feed/{user_id},146.000000,0.000000,3,3,3,3,4,4,6,11,29,33,33,8280,0,3,3.1875197442760523,1.8709639844018966,55.19060397637077,1161.4472222222223
1781620262,75,GET,/feed/{user_id}?with_fof=true,75.900000,0.000000,3,3,3,3,4,5,16,350,390,390,390,4160,0,3,10.068671611371919,1.8464069871697575,777.3408259963617,3242.9096153846153
1781620262,75,POST,/likes,7.700000,0.000000,4,4,4,4,5,6,6,7,7,7,7,383,0,3,3.760155660128245,2.534708008170128,22.643706004600972,179.60574412532637
1781620262,75,POST,/posts,11.800000,0.000000,4,5,5,5,6,6,6,7,10,10,10,656,0,4,4.673698853011734,3.181357024004683,44.32866501156241,227.1295731707317
1781620262,75,GET,/timeline/{user_id},88.400000,0.000000,3,3,3,3,4,5,6,21,200,200,200,5156,0,3,6.2357027685208575,1.8557010043878108,536.7581159807742,978.294608223429
1781620262,75,GET,/users/{user_id},36.100000,0.000000,3,3,3,3,4,5,6,8,9,9,9,2083,0,3,3.067437391938862,1.6171940078493208,30.307862994959578,259.3115698511762
1781620262,75,,Aggregated,365.900000,0.000000,3,3,3,3,4,5,7,13,360,390,390,20718,0,3,5.373355488619553,1.6171940078493208,777.3408259963617,1395.3714644270683
1781620263,75,GET,/feed/{user_id},145.500000,0.000000,3,3,3,3,4,4,6,10,16,17,17,8427,0,3,3.1829993435044304,1.8709639844018966,55.19060397637077,1164.6404414382343
1781620263,75,GET,/feed/{user_id}?with_fof=true,73.600000,0.000000,3,3,3,3,4,5,16,350,390,390,390,4235,0,3,10.118912282948786,1.8464069871697575,777.3408259963617,3251.7548996458086
1781620263,75,POST,/likes,7.300000,0.000000,4,4,4,4,5,6,6,6,6,6,6,391,0,3,3.7520121888119413,2.534708008170128,22.643706004600972,179.59079283887468
1781620263,75,POST,/posts,12.200000,0.000000,4,5,5,5,6,6,7,8,10,10,10,673,0,4,4.670272044004404,3.1307919998653233,44.32866501156241,227.12332838038634
1781620263,75,GET,/timeline/{user_id},91.600000,0.000000,3,3,3,3,4,4,5,7,200,200,200,5239,0,3,6.1818514250059415,1.8433629884384573,536.7581159807742,975.0236686390532
1781620263,75,GET,/users/{user_id},34.800000,0.000000,3,3,3,3,4,5,6,8,9,9,9,2119,0,3,3.065172525453713,1.6171940078493208,30.307862994959578,259.32562529495044
1781620263,75,,Aggregated,365.000000,0.000000,3,3,3,3,4,5,6,11,360,390,390,21084,0,3,5.367514657298564,1.6171940078493208,777.3408259963617,1397.568819958262
1781620264,75,GET,/feed/{user_id},143.900000,0.000000,3,3,3,3,4,4,6,11,16,17,17,8587,0,3,3.175585228017785,1.8709639844018966,55.19060397637077,1164.0720857109584
1781620264,75,GET,/feed/{user_id}?with_fof=true,75.300000,0.000000,3,3,3,3,4,5,12,350,390,390,390,4297,0,3,10.014876085673805,1.8464069871697575,777.3408259963617,3247.1305562020016
1781620264,75,POST,/likes,6.700000,0.000000,3,4,4,4,5,6,6,6,6,6,6,394,0,3,3.750007771112753,2.534708008170128,22.643706004600972,179.5964467005076
1781620264,75,POST,/posts,12.500000,0.000000,4,5,5,5,6,6,7,8,10,10,10,684,0,4,4.663401269878135,3.1307919998653233,44.32866501156241,227.12134502923976
1781620264,75,GET,/timeline/{user_id},90.100000,0.000000,3,3,3,3,4,4,5,6,200,200,200,5344,0,3,6.113668708809734,1.8433629884384573,536.7581159807742,974.4260853293413
1781620264,75,GET,/users/{user_id},35.500000,0.000000,3,3,3,3,4,5,6,8,9,9,9,2153,0,3,3.0579853811057105,1.6171940078493208,30.307862994959578,259.34556432884347
1781620264,75,,Aggregated,364.000000,0.000000,3,3,3,3,4,5,6,11,360,390,390,21459,0,3,5.3229521659417465,1.6171940078493208,777.3408259963617,1395.2478214269072
1781620265,75,GET,/feed/{user_id},143.900000,0.000000,3,3,3,3,4,5,11,16,34,36,36,8730,0,3,3.2125866273318056,1.8709639844018966,55.19060397637077,1160.0392898052692
1781620265,75,GET,/feed/{user_id}?with_fof=true,74.400000,0.000000,3,3,3,3,4,5,19,350,390,390,390,4333,0,3,10.06265358414259,1.8464069871697575,777.3408259963617,3260.264481883222
1781620265,75,POST,/likes,6.500000,0.000000,4,4,4,4,6,6,7,8,8,8,8,403,0,3,3.773007158128771,2.534708008170128,22.643706004600972,179.58560794044666
1781620265,75,POST,/posts,13.500000,0.000000,4,5,5,5,6,6,7,8,10,10,10,694,0,4,4.663991904339447,3.1307919998653233,44.32866501156241,227.11671469740634
1781620265,75,GET,/timeline/{user_id},89.100000,0.000000,3,3,3,3,4,5,7,24,470,470,470,5413,0,3,6.403040701265172,1.8433629884384573,536.7581159807742,974.2268612599298
1781620265,75,GET,/users/{user_id},36.000000,0.000000,3,3,3,4,5,6,9,17,22,22,22,2185,0,3,3.1003117965464,1.6171940078493208,30.307862994959578,259.35606407322655
1781620265,75,,Aggregated,363.400000,0.000000,3,3,3,4,4,5,10,21,380,470,470,21758,0,3,5.415871499882169,1.6171940078493208,777.3408259963617,1393.696295615406
1781620266,75,GET,/feed/{user_id},142.300000,0.000000,3,3,3,3,4,6,13,28,40,41,41,8823,0,3,3.249657895332711,1.8709639844018966,55.19060397637077,1160.422418678454
1781620266,75,GET,/feed/{user_id}?with_fof=true,74.500000,0.000000,3,3,3,4,5,11,390,950,1100,1100,1100,4379,0,3,12.297562295064793,1.8464069871697575,1079.0229160047602,3248.254852706097
1781620266,75,POST,/likes,6.500000,0.000000,3,4,4,4,6,6,7,8,8,8,8,412,0,3,3.7658058001786396,2.534708008170128,22.643706004600972,179.5898058252427
1781620266,75,POST,/posts,13.300000,0.000000,4,5,5,5,6,6,7,8,10,10,10,696,0,4,4.663705837095943,3.1307919998653233,44.32866501156241,227.11637931034483
1781620266,75,GET,/timeline/{user_id},91.900000,0.000000,3,3,3,3,5,6,360,600,1100,1100,1100,5490,0,3,8.308145586537572,1.8433629884384573,1055.6762569758575,975.6708561020037
1781620266,75,GET,/users/{user_id},33.900000,0.000000,3,3,3,4,5,7,15,22,36,36,36,2204,0,3,3.1348290741646463,1.6171940078493208,36.274142999900505,259.36751361161527
1781620266,75,,Aggregated,362.400000,0.000000,3,3,3,4,5,6,28,360,1100,1100,1100,22004,0,3,6.355257712345563,1.6171940078493208,1079.0229160047602,1391.6859661879657
1781620267,75,GET,/feed/{user_id},142.600000,0.000000,3,3,3,3,5,6,17,32,56,64,64,8924,0,3,3.2784207519812254,1.8709639844018966,63.97583900252357,1156.7155983863738
1781620267,75,GET,/feed/{user_id}?with_fof=true,73.000000,0.000000,3,3,3,4,6,310,950,1100,2200,2200,2200,4442,0,3,14.736845001618901,1.8464069871697575,2198.7522870185785,3236.2149932462853
1781620267,75,POST,/likes,6.900000,0.000000,3,4,4,4,6,6,7,8,8,8,8,421,0,3,3.7600283152611835,2.534708008170128,22.643706004600972,179.58194774346794
1781620267,75,POST,/posts,12.700000,0.000000,4,5,5,5,6,6,7,8,10,10,10,703,0,4,4.659659174447455,3.1307919998653233,44.32866501156241,227.11664295874823
1781620267,75,GET,/timeline/{user_id},89.500000,0.000000,3,3,3,4,5,21,470,790,1200,1200,1200,5571,0,3,8.779951499605078,1.8433629884384573,1179.6935079910327,975.5311434212888
1781620267,75,GET,/users/{user_id},34.000000,0.000000,3,3,3,4,6,9,22,36,41,41,41,2243,0,3,3.1801166274700883,1.6171940078493208,40.89826298877597,259.3629068212216
1781620267,75,,Aggregated,358.700000,0.000000,3,3,3,4,5,9,48,500,1300,2200,2200,22304,0,3,6.9773366215902275,1.6171940078493208,2198.7522870185785,1387.6210096843615
1781620268,75,GET,/feed/{user_id},139.300000,0.000000,3,3,3,4,5,8,25,34,57,64,64,9053,0,3,3.306589986833389,1.8709639844018966,63.97583900252357,1157.3222136308407
1781620268,75,GET,/feed/{user_id}?with_fof=true,69.000000,0.000000,3,3,3,4,8,390,1300,1800,2200,2200,2200,4524,0,3,18.03615794814417,1.8464069871697575,2198.7522870185785,3234.0886383731213
1781620268,75,POST,/likes,7.000000,0.000000,3,4,4,4,5,6,8,9,9,9,9,428,0,3,3.7668334128700685,2.534708008170128,22.643706004600972,179.58177570093457
1781620268,75,POST,/posts,12.100000,0.000000,4,5,5,5,6,6,7,8,10,10,10,717,0,4,4.654945384535998,3.1307919998653233,44.32866501156241,227.115760111576
1781620268,75,GET,/timeline/{user_id},88.600000,0.000000,3,3,3,4,5,32,500,790,1200,1200,1200,5640,0,3,9.10053480678574,1.8433629884384573,1179.6935079910327,974.8501773049645
1781620268,75,GET,/users/{user_id},31.400000,0.000000,3,3,4,4,6,9,21,31,41,41,41,2280,0,3,3.189969759790856,1.6171940078493208,40.89826298877597,259.3723684210526
1781620268,75,,Aggregated,347.400000,0.000000,3,3,4,4,5,12,300,870,1900,2200,2200,22642,0,3,7.732536242921222,1.6171940078493208,2198.7522870185785,1388.4587050613904
1781620269,75,GET,/feed/{user_id},133.800000,0.000000,3,3,3,4,5,8,25,34,57,64,64,9215,0,3,3.303920895252094,1.8709639844018966,63.97583900252357,1158.6657623440044
1781620269,75,GET,/feed/{user_id}?with_fof=true,66.700000,0.000000,3,3,4,4,8,390,1300,1800,2200,2200,2200,4593,0,3,17.95903826591184,1.8464069871697575,2198.7522870185785,3230.5005443065534
1781620269,75,POST,/likes,7.600000,0.000000,3,4,4,4,5,6,8,9,9,9,9,435,0,3,3.757066192338243,2.534708008170128,22.643706004600972,179.57931034482758
1781620269,75,POST,/posts,11.300000,0.000000,4,5,5,5,6,6,7,7,8,8,8,728,0,4,4.649236988620692,3.1307919998653233,44.32866501156241,227.1195054945055
1781620269,75,GET,/timeline/{user_id},88.200000,0.000000,3,3,3,4,6,36,550,800,1200,1200,1200,5722,0,3,9.077547557671894,1.8433629884384573,1179.6935079910327,972.4220552254457
1781620269,75,GET,/users/{user_id},31.900000,0.000000,3,3,3,4,6,9,22,36,41,41,41,2315,0,3,3.183613380768737,1.6171940078493208,40.89826298877597,259.36544276457886
1781620269,75,,Aggregated,339.500000,0.000000,3,3,4,4,5,14,300,870,1900,2200,2200,23008,0,3,7.70437474912823,1.6171940078493208,2198.7522870185785,1387.4688803894298
1781620270,75,GET,/feed/{user_id},133.100000,0.000000,3,3,3,4,5,9,25,34,57,64,64,9355,0,3,3.3014996746986287,1.8709639844018966,63.97583900252357,1159.0258685195083
1781620270,75,GET,/feed/{user_id}?with_fof=true,66.300000,0.000000,3,3,4,4,8,400,1300,1800,2200,2200,2200,4655,0,3,17.933442711351972,1.8464069871697575,2198.7522870185785,3233.8085929108483
1781620270,75,POST,/likes,7.200000,0.000000,3,4,4,4,4,6,8,9,9,9,9,448,0,3,3.7508907200520167,2.534708008170128,22.643706004600972,179.58705357142858
1781620270,75,POST,/posts,11.600000,0.000000,4,5,5,5,6,6,7,8,8,8,8,740,0,4,4.645764607719045,3.1307919998653233,44.32866501156241,227.11756756756756
1781620270,75,GET,/timeline/{user_id},86.600000,0.000000,3,3,3,4,7,39,550,800,1200,1200,1200,5822,0,3,9.039740495542747,1.8433629884384573,1179.6935079910327,972.4886636894538
1781620270,75,GET,/users/{user_id},32.500000,0.000000,3,3,4,4,6,9,21,31,41,41,41,2348,0,3,3.188640987006725,1.6171940078493208,40.89826298877597,259.3773424190801
1781620270,75,,Aggregated,337.300000,0.000000,3,3,4,4,6,15,340,870,1900,2200,2200,23368,0,3,7.685735550025084,1.6171940078493208,2198.7522870185785,1387.171987333105
1781620271,75,GET,/feed/{user_id},135.800000,0.000000,3,3,3,4,5,9,25,34,57,64,64,9488,0,3,3.3022917576682564,1.8709639844018966,63.97583900252357,1171.6948777403036
1781620271,75,GET,/feed/{user_id}?with_fof=true,64.400000,0.000000,3,3,4,4,12,400,1300,1800,2200,2200,2200,4731,0,3,18.013929848085173,1.8464069871697575,2198.7522870185785,3227.0786303107166
1781620271,75,POST,/likes,7.000000,0.000000,3,4,4,4,4,6,8,9,9,9,9,454,0,3,3.746535443961887,2.534708008170128,22.643706004600972,179.58590308370043
1781620271,75,POST,/posts,11.200000,0.000000,4,4,5,5,5,6,7,8,8,8,8,750,0,4,4.6419661062924815,3.1307919998653233,44.32866501156241,227.12133333333333
1781620271,75,GET,/timeline/{user_id},86.700000,0.000000,3,3,3,4,8,46,550,800,1200,1200,1200,5903,0,3,9.0044678344896,1.8433629884384573,1179.6935079910327,976.942571573776
1781620271,75,GET,/users/{user_id},32.900000,0.000000,3,3,4,4,6,9,21,31,41,41,41,2390,0,3,3.18075970854468,1.6171940078493208,40.89826298877597,259.38284518828453
1781620271,75,,Aggregated,338.000000,0.000000,3,3,4,4,6,16,360,870,1900,2200,2200,23716,0,3,7.694966997374739,1.6171940078493208,2198.7522870185785,1392.437173216394
1781620272,75,GET,/feed/{user_id},134.000000,0.000000,3,3,3,4,5,9,25,34,57,64,64,9637,0,3,3.3011251914098354,1.831053989008069,63.97583900252357,1169.0352806890112
1781620272,75,GET,/feed/{user_id}?with_fof=true,64.800000,0.000000,3,3,4,4,14,410,1300,1800,2200,2200,2200,4805,0,3,18.008777288282456,1.8464069871697575,2198.7522870185785,3226.2782518210197
1781620272,75,POST,/likes,7.000000,0.000000,3,4,4,4,4,6,8,9,9,9,9,463,0,3,3.743963478574103,2.493806998245418,22.643706004600972,179.57235421166305
1781620272,75,POST,/posts,11.000000,0.000000,4,4,5,5,5,6,6,7,7,7,7,772,0,4,4.635816735397648,3.1307919998653233,44.32866501156241,227.12564766839378
1781620272,75,GET,/timeline/{user_id},87.300000,0.000000,3,3,4,4,9,48,550,800,1200,1200,1200,5983,0,3,8.923301450747386,1.8433629884384573,1179.6935079910327,981.0528163128865
1781620272,75,GET,/users/{user_id},32.600000,0.000000,3,3,4,4,6,9,21,31,41,41,41,2432,0,3,3.1741235223930024,1.6171940078493208,40.89826298877597,259.38075657894734
1781620272,75,,Aggregated,336.700000,0.000000,3,3,4,4,6,17,370,870,1900,2200,2200,24092,0,3,7.669143488975675,1.6171940078493208,2198.7522870185785,1391.6319110078034
1781620273,75,GET,/feed/{user_id},133.900000,0.000000,3,3,3,4,5,9,25,34,57,64,64,9776,0,3,3.2961791017477737,1.831053989008069,63.97583900252357,1172.065875613748
1781620273,75,GET,/feed/{user_id}?with_fof=true,65.100000,0.000000,3,3,4,4,14,420,1300,1800,2200,2200,2200,4877,0,3,18.005341273996347,1.8464069871697575,2198.7522870185785,3232.673159729342
1781620273,75,POST,/likes,7.700000,0.000000,3,4,4,4,4,6,8,9,9,9,9,473,0,3,3.7423741387082243,2.493806998245418,22.643706004600972,179.57505285412262
1781620273,75,POST,/posts,10.400000,0.000000,4,4,5,5,5,6,6,6,7,7,7,783,0,4,4.629879612688244,3.1307919998653233,44.32866501156241,227.12515964240103
1781620273,75,GET,/timeline/{user_id},84.600000,0.000000,3,3,4,4,11,93,560,800,1200,1200,1200,6078,0,3,8.913707509202284,1.8433629884384573,1179.6935079910327,979.2579795985522
1781620273,75,GET,/users/{user_id},34.000000,0.000000,3,3,4,4,6,10,22,31,41,41,41,2459,0,3,3.1803982267158135,1.6171940078493208,40.89826298877597,259.38430256201707
1781620273,75,,Aggregated,335.700000,0.000000,3,3,4,4,6,20,370,870,1900,2200,2200,24446,0,3,7.667059988412664,1.6171940078493208,2198.7522870185785,1393.9457170907306
1781620274,75,GET,/feed/{user_id},135.400000,0.000000,3,3,3,4,5,9,25,34,57,64,64,9915,0,3,3.293049702637106,1.831053989008069,63.97583900252357,1168.780534543621
1781620274,75,GET,/feed/{user_id}?with_fof=true,63.500000,0.000000,3,3,4,4,12,410,1300,1800,2200,2200,2200,4954,0,3,17.865821240284124,1.8464069871697575,2198.7522870185785,3235.7244650787243
1781620274,75,POST,/likes,8.000000,0.000000,3,4,4,4,4,5,6,9,9,9,9,479,0,3,3.7430626358924384,2.493806998245418,22.643706004600972,179.57828810020877
1781620274,75,POST,/posts,11.400000,0.000000,4,4,5,5,5,6,6,6,6,6,6,800,0,4,4.617358592149685,3.1307919998653233,44.32866501156241,227.125
1781620274,75,GET,/timeline/{user_id},82.900000,0.000000,3,3,4,4,11,72,550,800,1200,1200,1200,6174,0,3,8.845072524293013,1.8433629884384573,1179.6935079910327,980.7648202137998
1781620274,75,GET,/users/{user_id},34.700000,0.000000,3,3,3,4,6,8,21,31,41,41,41,2496,0,3,3.179384953315233,1.6171940078493208,40.89826298877597,259.38822115384613
1781620274,75,,Aggregated,335.900000,0.000000,3,3,4,4,6,16,370,800,1900,2200,2200,24818,0,3,7.623092219791545,1.6171940078493208,2198.7522870185785,1393.69131275687
1781620275,75,GET,/feed/{user_id},134.400000,0.000000,3,3,3,3,4,6,14,26,57,64,64,10056,0,3,3.289003634997541,1.831053989008069,63.97583900252357,1167.2147971360382
1781620275,75,GET,/feed/{user_id}?with_fof=true,64.200000,0.000000,3,3,3,4,6,360,1200,1800,2200,2200,2200,5024,0,3,17.72817068618899,1.8464069871697575,2198.7522870185785,3235.4677547770702
1781620275,75,POST,/likes,8.300000,0.000000,3,4,4,4,4,5,6,9,9,9,9,486,0,3,3.743946239859567,2.493806998245418,22.643706004600972,179.58024691358025
1781620275,75,POST,/posts,10.600000,0.000000,4,4,5,5,5,6,6,6,8,8,8,810,0,4,4.617284753943368,3.1307919998653233,44.32866501156241,227.11975308641976
1781620275,75,GET,/timeline/{user_id},83.100000,0.000000,3,3,3,4,5,15,170,180,1200,1200,1200,6273,0,3,8.784451564983364,1.8433629884384573,1179.6935079910327,981.7235772357724
1781620275,75,GET,/users/{user_id},33.900000,0.000000,3,3,3,4,5,7,16,31,41,41,41,2530,0,3,3.171102929489481,1.6171940078493208,40.89826298877597,259.3920948616601
1781620275,75,,Aggregated,334.500000,0.000000,3,3,3,4,5,10,64,380,1900,2200,2200,25179,0,3,7.578849981451355,1.6171940078493208,2198.7522870185785,1393.1593391318163
1781620276,75,GET,/feed/{user_id},132.600000,0.000000,3,3,3,3,4,5,11,20,49,57,57,10191,0,3,3.287690684156199,1.831053989008069,63.97583900252357,1165.870179570209
1781620276,75,GET,/feed/{user_id}?with_fof=true,65.700000,0.000000,3,3,3,4,5,240,420,1700,2200,2200,2200,5097,0,3,17.70937927925606,1.8464069871697575,2198.7522870185785,3243.3578575632723
1781620276,75,POST,/likes,8.600000,0.000000,3,4,4,4,4,5,6,9,9,9,9,494,0,3,3.740172359412762,2.493806998245418,22.643706004600972,179.58704453441297
1781620276,75,POST,/posts,11.200000,0.000000,4,4,5,5,5,6,6,7,8,8,8,826,0,4,4.611274986348868,3.1307919998653233,44.32866501156241,227.11138014527845
1781620276,75,GET,/timeline/{user_id},82.500000,0.000000,3,3,3,3,4,11,93,170,790,790,790,6366,0,3,8.725659518718878,1.8433629884384573,1179.6935079910327,977.646245680176
1781620276,75,GET,/users/{user_id},34.100000,0.000000,3,3,3,4,5,6,8,10,22,22,22,2562,0,3,3.1732449482956095,1.6171940078493208,40.89826298877597,259.39734582357534
1781620276,75,,Aggregated,334.700000,0.000000,3,3,3,4,4,6,22,280,1900,2200,2200,25536,0,3,7.562011367738712,1.6171940078493208,2198.7522870185785,1393.2236842105262
1781620277,75,GET,/feed/{user_id},131.500000,0.000000,3,3,3,3,4,5,10,13,25,26,26,10329,0,3,3.2853222482726654,1.831053989008069,63.97583900252357,1164.7368573918095
1781620277,75,GET,/feed/{user_id}?with_fof=true,68.400000,0.000000,3,3,3,3,4,11,350,380,440,440,440,5173,0,3,17.497863084543315,1.8464069871697575,2198.7522870185785,3234.614343707713
1781620277,75,POST,/likes,8.200000,0.000000,3,4,4,4,4,5,6,9,9,9,9,498,0,3,3.74006055728869,2.493806998245418,22.643706004600972,179.59236947791166
1781620277,75,POST,/posts,11.500000,0.000000,4,4,5,5,5,6,7,7,8,8,8,836,0,4,4.616695281966761,3.1307919998653233,44.32866501156241,227.11004784688996
1781620277,75,GET,/timeline/{user_id},85.500000,0.000000,3,3,3,3,4,6,18,170,180,180,180,6480,0,3,8.67951945542756,1.8433629884384573,1179.6935079910327,975.4862654320988
1781620277,75,GET,/users/{user_id},33.900000,0.000000,3,3,3,3,5,6,8,9,22,22,22,2601,0,3,3.166980248175813,1.6171940078493208,40.89826298877597,259.4148404459823
1781620277,75,,Aggregated,339.000000,0.000000,3,3,3,4,4,6,13,130,410,440,440,25917,0,3,7.510639670821499,1.6171940078493208,2198.7522870185785,1390.5319674345023
1781620278,75,GET,/feed/{user_id},135.300000,0.000000,3,3,3,3,4,5,10,13,25,26,26,10484,0,3,3.2831983120391066,1.831053989008069,63.97583900252357,1163.5510301411675
1781620278,75,GET,/feed/{user_id}?with_fof=true,71.100000,0.000000,3,3,3,3,4,11,350,380,440,440,440,5234,0,3,17.44358879410168,1.8464069871697575,2198.7522870185785,3227.4191822697744
1781620278,75,POST,/likes,8.300000,0.000000,3,4,4,4,4,5,5,6,6,6,6,507,0,3,3.7360718867353935,2.493806998245418,22.643706004600972,179.59171597633136
1781620278,75,POST,/posts,13.000000,0.000000,4,4,5,5,6,6,7,7,8,8,8,847,0,4,4.61998261953759,3.1307919998653233,44.32866501156241,227.10979929161746
1781620278,75,GET,/timeline/{user_id},87.300000,0.000000,3,3,3,3,4,6,16,170,180,180,180,6560,0,3,8.608534580352858,1.8433629884384573,1179.6935079910327,972.2039634146341
1781620278,75,GET,/users/{user_id},35.600000,0.000000,3,3,3,3,4,6,8,9,22,22,22,2644,0,3,3.161749438555811,1.6171940078493208,40.89826298877597,259.40620272314675
1781620278,75,,Aggregated,350.600000,0.000000,3,3,3,4,4,6,13,56,410,440,440,26276,0,3,7.472970046419762,1.6171940078493208,2198.7522870185785,1386.7378596437813
1781620279,75,GET,/feed/{user_id},139.600000,0.000000,3,3,3,3,4,5,11,13,25,26,26,10629,0,3,3.283769654548989,1.831053989008069,63.97583900252357,1168.8212437670525
1781620279,75,GET,/feed/{user_id}?with_fof=true,73.000000,0.000000,3,3,3,3,4,10,360,380,440,440,440,5299,0,3,17.557011852852433,1.8464069871697575,2198.7522870185785,3236.9007359879224
1781620279,75,POST,/likes,7.800000,0.000000,3,4,4,4,4,5,5,5,5,5,5,518,0,3,3.725994711449194,2.493806998245418,22.643706004600972,179.58687258687257
1781620279,75,POST,/posts,13.200000,0.000000,4,4,5,5,6,6,7,8,8,8,8,858,0,4,4.622461101101844,3.1307919998653233,44.32866501156241,227.10256410256412
1781620279,75,GET,/timeline/{user_id},90.000000,0.000000,3,3,3,3,4,5,15,160,180,180,180,6651,0,3,8.557209872233784,1.8433629884384573,1179.6935079910327,972.3020598406255
1781620279,75,GET,/users/{user_id},36.500000,0.000000,3,3,3,3,4,6,7,8,22,22,22,2677,0,3,3.1555762205843116,1.6171940078493208,40.89826298877597,259.40306313036984
1781620279,75,,Aggregated,360.100000,0.000000,3,3,3,4,4,6,12,56,410,440,440,26632,0,3,7.479551320008764,1.6171940078493208,2198.7522870185785,1390.238097026134
1781620280,75,GET,/feed/{user_id},141.800000,0.000000,3,3,3,3,4,5,11,13,25,26,26,10769,0,3,3.2845847634185663,1.831053989008069,63.97583900252357,1166.6872504410808
1781620280,75,GET,/feed/{user_id}?with_fof=true,70.800000,0.000000,3,3,3,3,4,7,350,370,440,440,440,5373,0,3,17.472314493808536,1.8464069871697575,2198.7522870185785,3225.8723245858923
1781620280,75,POST,/likes,7.700000,0.000000,4,4,4,4,4,5,5,6,6,6,6,526,0,3,3.7248261208613243,2.493806998245418,22.643706004600972,179.5893536121673
1781620280,75,POST,/posts,12.900000,0.000000,4,4,5,5,6,6,7,8,8,8,8,869,0,4,4.61870174774883,3.1307919998653233,44.32866501156241,227.10471806674337
1781620280,75,GET,/timeline/{user_id},91.500000,0.000000,3,3,3,3,4,5,15,160,180,180,180,6746,0,3,8.50970084201668,1.8433629884384573,1179.6935079910327,971.6068781500148
1781620280,75,GET,/users/{user_id},36.400000,0.000000,2,3,3,3,4,6,8,8,22,22,22,2715,0,3,3.1495323814052925,1.6171940078493208,40.89826298877597,259.4044198895028
1781620280,75,,Aggregated,361.100000,0.000000,3,3,3,4,4,6,12,26,410,440,440,26998,0,3,7.451691671479905,1.6171940078493208,2198.7522870185785,1387.037113860286
1781620281,75,GET,/feed/{user_id},141.700000,0.000000,3,3,3,3,4,5,10,13,23,26,26,10933,0,3,3.2811659306903564,1.831053989008069,63.97583900252357,1165.871124119638
1781620281,75,GET,/feed/{user_id}?with_fof=true,70.600000,0.000000,3,3,3,3,4,6,250,360,430,430,430,5445,0,3,17.280452370630147,1.8464069871697575,2198.7522870185785,3214.5570247933883
1781620281,75,POST,/likes,8.100000,0.000000,4,4,4,4,4,5,5,6,6,6,6,531,0,3,3.720298119739098,2.493806998245418,22.643706004600972,179.58568738229755
1781620281,75,POST,/posts,12.900000,0.000000,4,4,5,5,6,7,7,8,8,8,8,878,0,4,4.617496907479259,3.1307919998653233,44.32866501156241,227.10592255125286
1781620281,75,GET,/timeline/{user_id},92.300000,0.000000,3,3,3,3,4,5,15,160,180,180,180,6830,0,3,8.465582698867056,1.8433629884384573,1179.6935079910327,972.6629575402635
1781620281,75,GET,/users/{user_id},36.200000,0.000000,3,3,3,3,4,6,8,9,22,22,22,2745,0,3,3.149184046043015,1.6171940078493208,40.89826298877597,259.40291438979966
1781620281,75,,Aggregated,361.800000,0.000000,3,3,3,3,4,6,12,22,410,430,430,27362,0,3,7.399281152851295,1.6171940078493208,2198.7522870185785,1385.1268182150427
1781620282,75,GET,/feed/{user_id},141.400000,0.000000,3,3,3,3,4,5,10,13,23,26,26,11084,0,3,3.2776373750780996,1.831053989008069,63.97583900252357,1166.0963551064597
1781620282,75,GET,/feed/{user_id}?with_fof=true,70.800000,0.000000,3,3,3,3,4,6,250,360,430,430,430,5510,0,3,17.115449947382142,1.8464069871697575,2198.7522870185785,3211.452450090744
1781620282,75,POST,/likes,8.400000,0.000000,3,4,4,4,4,5,5,6,6,6,6,538,0,3,3.712781763061722,2.493806998245418,22.643706004600972,179.5799256505576
1781620282,75,POST,/posts,12.900000,0.000000,4,4,5,5,6,7,7,8,8,8,8,890,0,4,4.6130508109874855,3.1307919998653233,44.32866501156241,227.10449438202247
1781620282,75,GET,/timeline/{user_id},92.000000,0.000000,3,3,3,3,4,5,13,56,170,170,170,6929,0,3,8.386416286054683,1.8433629884384573,1179.6935079910327,974.8820897676433
1781620282,75,GET,/users/{user_id},36.300000,0.000000,2,3,3,3,4,6,7,9,15,15,15,2782,0,3,3.1494309347458342,1.6171940078493208,40.89826298877597,259.4018691588785
1781620282,75,,Aggregated,361.800000,0.000000,3,3,3,3,4,5,11,20,390,430,430,27733,0,3,7.341785922629471,1.6171940078493208,2198.7522870185785,1384.468539285328
1781620283,75,GET,/feed/{user_id},144.100000,0.000000,3,3,3,3,4,5,10,13,23,26,26,11240,0,3,3.2747355302781473,1.831053989008069,63.97583900252357,1168.1381672597865
1781620283,75,GET,/feed/{user_id}?with_fof=true,71.300000,0.000000,3,3,3,3,4,6,24,350,430,430,430,5583,0,3,16.92892321998047,1.8464069871697575,2198.7522870185785,3210.0082392978684
1781620283,75,POST,/likes,7.500000,0.000000,3,4,4,4,4,5,5,6,6,6,6,548,0,3,3.713490199954096,2.493806998245418,22.643706004600972,179.57846715328466
1781620283,75,POST,/posts,12.800000,0.000000,4,4,5,5,6,7,8,8,8,8,8,895,0,4,4.612627301421068,3.1307919998653233,44.32866501156241,227.10391061452515
1781620283,75,GET,/timeline/{user_id},92.100000,0.000000,3,3,3,3,4,5,12,56,170,170,170,7017,0,3,8.327587156635717,1.8433629884384573,1179.6935079910327,976.9070827989169
1781620283,75,GET,/users/{user_id},35.700000,0.000000,2,3,3,3,4,5,7,8,15,15,15,2812,0,3,3.142578823016748,1.6171940078493208,40.89826298877597,259.3943812233286
1781620283,75,,Aggregated,363.500000,0.000000,3,3,3,3,4,5,11,18,360,430,430,28095,0,3,7.288026712591562,1.6171940078493208,2198.7522870185785,1385.918846769888
1781620284,75,GET,/feed/{user_id},144.000000,0.000000,3,3,3,3,4,5,8,13,23,26,26,11390,0,3,3.267753127078453,1.831053989008069,63.97583900252357,1168.4675153643548
1781620284,75,GET,/feed/{user_id}?with_fof=true,71.600000,0.000000,3,3,3,4,4,6,24,350,430,430,430,5659,0,3,16.784734634943714,1.8464069871697575,2198.7522870185785,3199.2307828238204
1781620284,75,POST,/likes,7.100000,0.000000,3,4,4,4,4,5,5,6,6,6,6,560,0,3,3.706123425945407,2.493806998245418,22.643706004600972,179.58035714285714
1781620284,75,POST,/posts,11.900000,0.000000,4,4,5,5,6,7,7,8,8,8,8,909,0,4,4.609830293492429,3.1307919998653233,44.32866501156241,227.1100110011001
1781620284,75,GET,/timeline/{user_id},94.700000,0.000000,3,3,3,3,4,5,12,29,170,170,170,7089,0,3,8.285640463980226,1.8433629884384573,1179.6935079910327,978.8332628015235
1781620284,75,GET,/users/{user_id},34.500000,0.000000,2,3,3,3,4,5,7,9,15,15,15,2850,0,3,3.139940242899843,1.6171940078493208,40.89826298877597,259.3985964912281
1781620284,75,,Aggregated,363.800000,0.000000,3,3,3,3,4,5,11,18,360,430,430,28457,0,3,7.2444748642971675,1.6171940078493208,2198.7522870185785,1384.4936219559336
1781620285,75,GET,/feed/{user_id},146.300000,0.000000,3,3,3,3,4,5,8,13,22,23,23,11543,0,3,3.2680248843761257,1.831053989008069,63.97583900252357,1170.9593693147363
1781620285,75,GET,/feed/{user_id}?with_fof=true,70.200000,0.000000,3,3,3,4,4,6,20,350,430,430,430,5734,0,3,16.67557785647648,1.8464069871697575,2198.7522870185785,3192.5261597488666
1781620285,75,POST,/likes,7.200000,0.000000,3,4,4,4,4,5,6,8,8,8,8,566,0,3,3.7161731740682757,2.493806998245418,22.643706004600972,179.58303886925796
1781620285,75,POST,/posts,11.500000,0.000000,4,4,5,5,6,7,8,8,8,8,8,920,0,4,4.6139308812321955,3.1307919998653233,44.32866501156241,227.10760869565217
1781620285,75,GET,/timeline/{user_id},93.700000,0.000000,3,3,3,3,4,5,12,29,170,170,170,7180,0,3,8.226977990429315,1.8433629884384573,1179.6935079910327,975.5878830083566
1781620285,75,GET,/users/{user_id},35.300000,0.000000,2,3,3,3,4,6,7,12,16,16,16,2888,0,3,3.142835430833485,1.6171940078493208,40.89826298877597,259.39993074792244
1781620285,75,,Aggregated,364.200000,0.000000,3,3,3,3,4,5,11,18,360,430,430,28831,0,3,7.208732121403198,1.6171940078493208,2198.7522870185785,1383.4684887794388
1781620286,75,GET,/feed/{user_id},148.400000,0.000000,3,3,3,3,4,5,8,12,22,23,23,11698,0,3,3.261394178106136,1.831053989008069,63.97583900252357,1165.9658061207044
1781620286,75,GET,/feed/{user_id}?with_fof=true,70.100000,0.000000,3,3,3,3,4,6,20,350,430,430,430,5800,0,3,16.519952278257076,1.8464069871697575,2198.7522870185785,3192.621896551724
1781620286,75,POST,/likes,8.200000,0.000000,3,4,4,4,5,6,8,10,10,10,10,569,0,3,3.72579036114176,2.493806998245418,22.643706004600972,179.58347978910368
1781620286,75,POST,/posts,11.400000,0.000000,4,4,5,5,6,7,8,8,8,8,8,929,0,4,4.612101512026007,3.1307919998653233,44.32866501156241,227.1022604951561
1781620286,75,GET,/timeline/{user_id},91.400000,0.000000,3,3,3,3,4,5,12,18,170,170,170,7285,0,3,8.153119685255213,1.8433629884384573,1179.6935079910327,972.976527110501
1781620286,75,GET,/users/{user_id},34.700000,0.000000,2,3,3,3,4,6,8,12,16,16,16,2915,0,3,3.1424071547822106,1.6171940078493208,40.89826298877597,259.4078902229846
1781620286,75,,Aggregated,364.200000,0.000000,3,3,3,3,4,5,10,17,360,430,430,29196,0,3,7.156039289382546,1.6171940078493208,2198.7522870185785,1380.8105219893137
1781620287,75,GET,/feed/{user_id},148.300000,0.000000,3,3,3,3,4,5,8,12,22,23,23,11851,0,3,3.262356158516705,1.831053989008069,63.97583900252357,1165.8799257446628
1781620287,75,GET,/feed/{user_id}?with_fof=true,70.400000,0.000000,3,3,3,3,4,6,25,360,430,430,430,5868,0,3,16.58530886021128,1.8464069871697575,2198.7522870185785,3194.7680640763465
1781620287,75,POST,/likes,7.800000,0.000000,3,4,4,4,5,6,8,10,10,10,10,573,0,3,3.7300373133179288,2.493806998245418,22.643706004600972,179.57940663176265
1781620287,75,POST,/posts,11.000000,0.000000,4,5,5,5,6,7,8,8,8,8,8,937,0,4,4.611789805428478,3.1307919998653233,44.32866501156241,227.0992529348986
1781620287,75,GET,/timeline/{user_id},90.700000,0.000000,3,3,3,3,4,5,13,18,170,170,170,7377,0,3,8.092395205393814,1.8433629884384573,1179.6935079910327,972.9079571641589
1781620287,75,GET,/users/{user_id},36.100000,0.000000,2,3,3,3,4,6,8,12,16,16,16,2956,0,3,3.1350127382271515,1.6171940078493208,40.89826298877597,259.41136671177264
1781620287,75,,Aggregated,364.300000,0.000000,3,3,3,3,4,5,11,18,360,430,430,29562,0,3,7.15134398007268,1.6171940078493208,2198.7522870185785,1380.9415804072796
1781620288,75,GET,/feed/{user_id},150.400000,0.000000,3,3,3,3,4,5,8,11,22,22,22,11998,0,3,3.261880277165673,1.831053989008069,63.97583900252357,1163.6039339889983
1781620288,75,GET,/feed/{user_id}?with_fof=true,70.600000,0.000000,3,3,3,3,4,5,17,240,390,390,390,5945,0,3,16.415237831439402,1.8464069871697575,2198.7522870185785,3199.755929352397
1781620288,75,POST,/likes,7.400000,0.000000,4,4,4,4,5,7,10,10,10,10,10,580,0,3,3.7438010250455056,2.493806998245418,22.643706004600972,179.5810344827586
1781620288,75,POST,/posts,10.200000,0.000000,4,5,5,5,6,6,7,8,8,8,8,946,0,4,4.614472109596757,3.1307919998653233,44.32866501156241,227.1014799154334
1781620288,75,GET,/timeline/{user_id},90.900000,0.000000,3,3,3,3,4,5,13,20,170,170,170,7460,0,3,8.054427362634518,1.8433629884384573,1179.6935079910327,977.9281501340482
1781620288,75,GET,/users/{user_id},35.500000,0.000000,2,3,3,3,4,6,8,14,17,17,17,2990,0,3,3.135864966306415,1.6171940078493208,40.89826298877597,259.4130434782609
1781620288,75,,Aggregated,365.000000,0.000000,3,3,3,3,4,5,11,17,360,390,390,29919,0,3,7.109983223304776,1.6171940078493208,2198.7522870185785,1382.8487917376917
1781620289,75,GET,/feed/{user_id},151.200000,0.000000,3,3,3,3,4,5,8,11,22,22,22,12142,0,3,3.2597026013208477,1.831053989008069,63.97583900252357,1160.9780102124855
1781620289,75,GET,/feed/{user_id}?with_fof=true,68.700000,0.000000,3,3,3,3,4,5,11,25,390,390,390,6026,0,3,16.231670085936685,1.8464069871697575,2198.7522870185785,3205.1088615997346
1781620289,75,POST,/likes,7.600000,0.000000,3,4,4,4,5,7,10,10,10,10,10,591,0,3,3.7386294593896667,2.493806998245418,22.643706004600972,179.58206429780034
1781620289,75,POST,/posts,9.900000,0.000000,4,5,5,5,6,6,7,8,8,8,8,959,0,4,4.613698889101769,3.1307919998653233,44.32866501156241,227.1021897810219
1781620289,75,GET,/timeline/{user_id},90.300000,0.000000,3,3,3,3,4,5,12,18,160,160,160,7538,0,3,8.000564154449211,1.8433629884384573,1179.6935079910327,977.4970814539665
1781620289,75,GET,/users/{user_id},35.300000,0.000000,2,3,3,3,4,6,8,14,17,17,17,3022,0,3,3.1303847863310845,1.6171940078493208,40.89826298877597,259.415949702184
1781620289,75,,Aggregated,363.000000,0.000000,3,3,3,3,4,5,9,15,340,390,390,30278,0,3,7.061024360551252,1.6171940078493208,2198.7522870185785,1383.4081841601162
1781620290,75,GET,/feed/{user_id},151.400000,0.000000,3,3,3,3,4,5,9,11,22,22,22,12292,0,3,3.257635045967998,1.831053989008069,63.97583900252357,1159.8147575658966
1781620290,75,GET,/feed/{user_id}?with_fof=true,70.900000,0.000000,3,3,3,3,4,5,16,240,390,390,390,6111,0,3,16.15895444553253,1.8464069871697575,2198.7522870185785,3204.06381934217
1781620290,75,POST,/likes,7.700000,0.000000,4,4,4,4,5,7,10,10,10,10,10,600,0,3,3.7442253391782288,2.493806998245418,22.643706004600972,179.58166666666668
1781620290,75,POST,/posts,9.800000,0.000000,4,5,5,5,6,6,7,8,8,8,8,970,0,4,4.610829547044014,3.1307919998653233,44.32866501156241,227.09690721649486
1781620290,75,GET,/timeline/{user_id},90.200000,0.000000,3,3,3,3,4,5,12,18,140,140,140,7637,0,3,7.949953088037936,1.8433629884384573,1179.6935079910327,973.3654576404347
1781620290,75,GET,/users/{user_id},34.300000,0.000000,2,3,3,3,4,6,7,14,17,17,17,3046,0,3,3.128761525710131,1.6171940078493208,40.89826298877597,259.4198949441891
1781620290,75,,Aggregated,364.300000,0.000000,3,3,3,4,4,5,10,15,350,390,390,30656,0,3,7.037880343374423,1.6171940078493208,2198.7522870185785,1382.7079527661795
1781620291,75,GET,/feed/{user_id},150.800000,0.000000,3,3,3,3,4,5,8,11,22,22,22,12438,0,3,3.2535928783694263,1.831053989008069,63.97583900252357,1159.4956584659913
1781620291,75,GET,/feed/{user_id}?with_fof=true,72.000000,0.000000,3,3,3,3,4,5,16,340,390,390,390,6172,0,3,16.082157480507203,1.8464069871697575,2198.7522870185785,3208.892741412832
1781620291,75,POST,/likes,7.400000,0.000000,4,4,4,4,5,7,10,10,10,10,10,609,0,3,3.737307143797532,2.493806998245418,22.643706004600972,179.58620689655172
1781620291,75,POST,/posts,10.500000,0.000000,4,5,5,5,6,6,7,8,8,8,8,977,0,4,4.60708217360289,3.1307919998653233,44.32866501156241,227.09621289662232
1781620291,75,GET,/timeline/{user_id},89.100000,0.000000,3,3,3,3,4,5,11,18,140,140,140,7736,0,3,7.8857404661814865,1.8433629884384573,1179.6935079910327,974.7006204756981
1781620291,75,GET,/users/{user_id},34.800000,0.000000,2,3,3,3,4,6,7,14,17,17,17,3085,0,3,3.130183000788485,1.6171940078493208,40.89826298877597,259.4275526742301
1781620291,75,,Aggregated,364.600000,0.000000,3,3,3,3,4,5,9,15,350,390,390,31017,0,3,7.001486485760859,1.6171940078493208,2198.7522870185785,1383.0786987780893
1781620292,75,GET,/feed/{user_id},151.600000,0.000000,3,3,3,3,4,5,9,11,22,22,22,12576,0,3,3.2516160565563217,1.831053989008069,63.97583900252357,1161.186227735369
1781620292,75,GET,/feed/{user_id}?with_fof=true,73.300000,0.000000,3,3,3,3,4,5,17,340,510,510,510,6246,0,3,16.013025632537232,1.8464069871697575,2198.7522870185785,3214.2816202369518
1781620292,75,POST,/likes,7.200000,0.000000,4,4,4,4,5,7,10,10,10,10,10,615,0,3,3.7411254301583923,2.493806998245418,22.643706004600972,179.58536585365854
1781620292,75,POST,/posts,10.200000,0.000000,4,5,5,5,6,6,6,7,7,7,7,990,0,4,4.607563801615433,3.1307919998653233,44.32866501156241,227.09292929292928
1781620292,75,GET,/timeline/{user_id},88.800000,0.000000,3,3,3,3,4,5,15,28,190,190,190,7831,0,3,7.921850589251942,1.8433629884384573,1179.6935079910327,975.2341974205083
1781620292,75,GET,/users/{user_id},33.600000,0.000000,2,3,3,3,4,6,8,14,17,17,17,3125,0,3,3.1258226958010344,1.6171940078493208,40.89826298877597,259.42784
1781620292,75,,Aggregated,364.700000,0.000000,3,3,3,4,4,5,11,17,360,510,510,31383,0,3,6.996659650767509,1.6171940078493208,2198.7522870185785,1384.9064461651212
1781620293,75,GET,/feed/{user_id},149.800000,0.000000,3,3,3,3,4,5,11,12,22,22,22,12725,0,3,3.2525305165762854,1.831053989008069,63.97583900252357,1159.936660117878
1781620293,75,GET,/feed/{user_id}?with_fof=true,73.100000,0.000000,3,3,3,3,4,6,17,350,510,510,510,6320,0,3,15.918588627962752,1.8464069871697575,2198.7522870185785,3214.0632911392404
1781620293,75,POST,/likes,7.800000,0.000000,4,4,4,5,6,8,10,10,10,10,10,624,0,3,3.7416213149882447,2.493806998245418,22.643706004600972,179.58173076923077
1781620293,75,POST,/posts,10.000000,0.000000,4,5,5,5,6,6,6,7,7,7,7,997,0,4,4.607898885249455,3.1307919998653233,44.32866501156241,227.09428284854565
1781620293,75,GET,/timeline/{user_id},90.200000,0.000000,3,3,3,3,4,5,17,31,190,190,190,7904,0,3,7.896370050807509,1.8433629884384573,1179.6935079910327,975.92370951417
1781620293,75,GET,/users/{user_id},33.800000,0.000000,2,3,3,3,4,6,8,14,17,17,17,3167,0,3,3.1209380711827435,1.6171940078493208,40.89826298877597,259.423429112725
1781620293,75,,Aggregated,364.700000,0.000000,3,3,3,4,4,6,11,18,360,510,510,31737,0,3,6.970403554032281,1.6171940078493208,2198.7522870185785,1384.7194441818697
1781620294,75,GET,/feed/{user_id},148.700000,0.000000,3,3,3,3,4,5,11,12,19,22,22,12874,0,3,3.248642268485282,1.831053989008069,63.97583900252357,1155.6395836569832
1781620294,75,GET,/feed/{user_id}?with_fof=true,73.200000,0.000000,3,3,3,3,4,5,14,350,510,510,510,6385,0,3,15.785891984452835,1.8464069871697575,2198.7522870185785,3210.8278778386843
1781620294,75,POST,/likes,8.000000,0.000000,4,4,4,4,5,7,10,10,10,10,10,630,0,3,3.7439995611618673,2.493806998245418,22.643706004600972,179.57619047619048
1781620294,75,POST,/posts,10.000000,0.000000,4,5,5,5,6,6,6,6,6,6,6,1010,0,4,4.600237535271277,3.1307919998653233,44.32866501156241,227.09405940594058
1781620294,75,GET,/timeline/{user_id},89.700000,0.000000,3,3,3,3,4,5,13,94,190,190,190,8001,0,3,7.876716617959785,1.8433629884384573,1179.6935079910327,978.7934008248969
1781620294,75,GET,/users/{user_id},34.900000,0.000000,2,3,3,3,4,5,7,10,17,17,17,3196,0,3,3.119961834603787,1.6171940078493208,40.89826298877597,259.4220901126408
1781620294,75,,Aggregated,364.500000,0.000000,3,3,3,3,4,5,11,16,360,510,510,32096,0,3,6.935877000344491,1.6171940078493208,2198.7522870185785,1382.7821846959123
1781620295,75,GET,/feed/{user_id},148.200000,0.000000,3,3,3,3,4,5,11,12,19,22,22,13019,0,3,3.2484527758249118,1.831053989008069,63.97583900252357,1155.0664413549428
1781620295,75,GET,/feed/{user_id}?with_fof=true,73.800000,0.000000,3,3,3,3,4,5,15,350,510,510,510,6457,0,3,15.753657702463203,1.8464069871697575,2198.7522870185785,3214.3921325693045
1781620295,75,POST,/likes,8.000000,0.000000,4,4,4,4,5,7,10,10,10,10,10,636,0,3,3.7408438859889634,2.493806998245418,22.643706004600972,179.5754716981132
1781620295,75,POST,/posts,10.200000,0.000000,4,5,5,5,6,6,6,6,6,6,6,1022,0,4,4.598385363579372,3.1307919998653233,44.32866501156241,227.09001956947162
1781620295,75,GET,/timeline/{user_id},89.300000,0.000000,3,3,3,3,4,5,20,170,190,190,190,8087,0,3,7.925349404377566,1.8433629884384573,1179.6935079910327,982.5099542475579
1781620295,75,GET,/users/{user_id},34.800000,0.000000,3,3,3,3,4,5,8,10,17,17,17,3237,0,3,3.121870753912334,1.6171940078493208,40.89826298877597,259.43373493975906
1781620295,75,,Aggregated,364.300000,0.000000,3,3,3,4,4,5,11,19,360,510,510,32458,0,3,6.940954380736709,1.6171940078493208,2198.7522870185785,1384.0896235134635
1781620296,75,GET,/feed/{user_id},147.200000,0.000000,3,3,3,3,4,5,11,12,19,22,22,13142,0,3,3.2462747709966764,1.831053989008069,63.97583900252357,1157.5621670978542
1781620296,75,GET,/feed/{user_id}?with_fof=true,72.600000,0.000000,3,3,3,3,4,5,14,350,510,510,510,6521,0,3,15.695366386894978,1.8464069871697575,2198.7522870185785,3215.030516791903
1781620296,75,POST,/likes,7.000000,0.000000,4,4,4,4,5,6,8,10,10,10,10,647,0,3,3.7438847178825747,2.493806998245418,22.643706004600972,179.57650695517773
1781620296,75,POST,/posts,9.900000,0.000000,4,5,5,5,6,6,6,6,6,6,6,1032,0,4,4.595802913327628,3.1307919998653233,44.32866501156241,227.09108527131784
1781620296,75,GET,/timeline/{user_id},90.600000,0.000000,3,3,3,3,4,5,94,170,190,190,190,8189,0,3,7.9235166273250295,1.8433629884384573,1179.6935079910327,980.8927830015875
1781620296,75,GET,/users/{user_id},35.500000,0.000000,3,3,3,3,4,7,10,15,22,22,22,3284,0,3,3.130566039108178,1.6171940078493208,40.89826298877597,259.4436662606577
1781620296,75,,Aggregated,362.800000,0.000000,3,3,3,4,4,5,11,19,350,510,510,32815,0,3,6.9280404023160305,1.6171940078493208,2198.7522870185785,1383.909309766875
1781620297,75,GET,/feed/{user_id},147.400000,0.000000,3,3,3,3,4,5,11,13,22,29,29,13290,0,3,3.2455810685166417,1.831053989008069,63.97583900252357,1155.939352896915
1781620297,75,GET,/feed/{user_id}?with_fof=true,72.000000,0.000000,3,3,3,3,4,5,15,350,510,510,510,6599,0,3,15.5517688147914,1.8464069871697575,2198.7522870185785,3222.834217305652
1781620297,75,POST,/likes,7.200000,0.000000,4,4,4,4,5,5,8,10,10,10,10,660,0,3,3.7381423732960792,2.493806998245418,22.643706004600972,179.5742424242424
1781620297,75,POST,/posts,10.400000,0.000000,4,5,5,5,6,6,6,6,6,6,6,1043,0,4,4.592038641012053,3.1307919998653233,44.32866501156241,227.09491850431448
1781620297,75,GET,/timeline/{user_id},90.500000,0.000000,3,3,3,3,4,5,120,170,190,190,190,8285,0,3,7.890406567171974,1.8433629884384573,1179.6935079910327,979.4741098370549
1781620297,75,GET,/users/{user_id},34.800000,0.000000,3,3,3,3,4,7,10,15,22,22,22,3317,0,3,3.131519993779777,1.6171940078493208,40.89826298877597,259.44648779017183
1781620297,75,,Aggregated,362.300000,0.000000,3,3,3,4,4,5,11,21,350,510,510,33194,0,3,6.892083970197413,1.6171940078493208,2198.7522870185785,1384.6123697053683
1781620298,75,GET,/feed/{user_id},145.000000,0.000000,3,3,3,3,4,5,11,13,25,29,29,13427,0,3,3.2466079367379783,1.831053989008069,63.97583900252357,1155.680345572354
1781620298,75,GET,/feed/{user_id}?with_fof=true,71.800000,0.000000,3,3,3,3,4,5,17,350,510,510,510,6669,0,3,15.464820708356084,1.8464069871697575,2198.7522870185785,3221.185185185185
1781620298,75,POST,/likes,7.500000,0.000000,4,4,4,4,5,5,6,8,8,8,8,665,0,3,3.7385790983015403,2.493806998245418,22.643706004600972,179.57744360902257
1781620298,75,POST,/posts,10.300000,0.000000,4,5,5,5,6,6,6,11,11,11,11,1054,0,4,4.598539650433147,3.1307919998653233,44.32866501156241,227.09297912713473
1781620298,75,GET,/timeline/{user_id},90.700000,0.000000,3,3,3,3,4,5,120,170,190,190,190,8382,0,3,7.851560757221661,1.8433629884384573,1179.6935079910327,977.8474111190646
1781620298,75,GET,/users/{user_id},36.100000,0.000000,3,3,3,3,4,7,10,15,22,22,22,3351,0,3,3.1326208368812414,1.6171940078493208,40.89826298877597,259.45120859444944
1781620298,75,,Aggregated,361.400000,0.000000,3,3,3,3,4,5,12,22,350,510,510,33548,0,3,6.866856583222715,1.6171940078493208,2198.7522870185785,1383.8058006438537
1781620299,75,GET,/feed/{user_id},144.200000,0.000000,3,3,3,3,4,5,11,13,29,29,29,13569,0,3,3.243608774656746,1.831053989008069,63.97583900252357,1157.7925418232737
1781620299,75,GET,/feed/{user_id}?with_fof=true,73.200000,0.000000,3,3,3,3,4,5,17,350,510,510,510,6739,0,3,15.387610004756025,1.8464069871697575,2198.7522870185785,3216.720433298709
1781620299,75,POST,/likes,8.700000,0.000000,3,4,4,4,5,5,5,8,8,8,8,676,0,3,3.7294754782759103,2.493806998245418,22.643706004600972,179.56952662721895
1781620299,75,POST,/posts,10.600000,0.000000,4,5,5,5,5,6,6,11,11,11,11,1064,0,4,4.5946200691816514,3.1307919998653233,44.32866501156241,227.09304511278197
1781620299,75,GET,/timeline/{user_id},90.600000,0.000000,3,3,3,3,4,5,140,170,190,190,190,8486,0,3,7.834778343511418,1.8433629884384573,1179.6935079910327,978.1168984209286
1781620299,75,GET,/users/{user_id},35.700000,0.000000,3,3,3,3,5,7,10,15,22,22,22,3393,0,3,3.13124650435834,1.6171940078493208,40.89826298877597,259.4432655467138
1781620299,75,,Aggregated,363.000000,0.000000,3,3,3,3,4,5,12,28,360,510,510,33927,0,3,6.844981309123051,1.6171940078493208,2198.7522870185785,1383.298641200224
1781620300,75,GET,/feed/{user_id},142.300000,0.000000,3,3,3,3,4,5,11,14,29,29,29,13725,0,3,3.243647705740677,1.831053989008069,63.97583900252357,1159.431912568306
1781620300,75,GET,/feed/{user_id}?with_fof=true,72.600000,0.000000,3,3,3,3,4,5,19,350,510,510,510,6807,0,3,15.314757240499299,1.8464069871697575,2198.7522870185785,3218.59850154253
1781620300,75,POST,/likes,8.400000,0.000000,3,4,4,4,5,5,5,8,8,8,8,681,0,3,3.730071123748219,2.493806998245418,22.643706004600972,179.56828193832598
1781620300,75,POST,/posts,10.900000,0.000000,4,5,5,5,6,6,6,11,11,11,11,1075,0,4,4.594808106586814,3.1307919998653233,44.32866501156241,227.09674418604652
1781620300,75,GET,/timeline/{user_id},91.500000,0.000000,3,3,3,3,4,5,160,170,190,190,190,8570,0,3,7.809924833973584,1.8433629884384573,1179.6935079910327,976.2193698949825
1781620300,75,GET,/users/{user_id},37.100000,0.000000,3,3,3,3,5,6,10,15,22,22,22,3424,0,3,3.1277647553014223,1.6171940078493208,40.89826298877597,259.4459696261682
1781620300,75,,Aggregated,362.800000,0.000000,3,3,3,3,4,5,13,29,360,510,510,34282,0,3,6.822435587087351,1.6171940078493208,2198.7522870185785,1383.9087859518115
1781620301,75,GET,/feed/{user_id},142.600000,0.000000,3,3,3,3,4,5,12,17,29,34,34,13855,0,3,3.2466485566442453,1.831053989008069,63.97583900252357,1162.8752075063155
1781620301,75,GET,/feed/{user_id}?with_fof=true,71.400000,0.000000,3,3,3,3,4,5,19,350,510,510,510,6893,0,3,15.217318396039525,1.8464069871697575,2198.7522870185785,3218.1978819091833
1781620301,75,POST,/likes,8.500000,0.000000,3,4,4,4,5,5,5,8,8,8,8,690,0,3,3.7292514293306116,2.493806998245418,22.643706004600972,179.5608695652174
1781620301,75,POST,/posts,10.200000,0.000000,4,5,5,5,6,6,7,11,11,11,11,1085,0,4,4.592957123116191,3.1307919998653233,44.32866501156241,227.09400921658985
1781620301,75,GET,/timeline/{user_id},93.500000,0.000000,3,3,3,3,4,5,140,170,190,190,190,8654,0,3,7.764503527274482,1.8433629884384573,1179.6935079910327,974.896001848856
1781620301,75,GET,/users/{user_id},36.600000,0.000000,3,3,3,3,5,6,10,16,31,31,31,3473,0,3,3.1328625355945325,1.6171940078493208,40.89826298877597,259.44457241577885
1781620301,75,,Aggregated,362.800000,0.000000,3,3,3,3,4,5,14,29,370,510,510,34650,0,3,6.796717995156676,1.6171940078493208,2198.7522870185785,1385.3612987012987
1781620302,75,GET,/feed/{user_id},142.600000,0.000000,3,3,3,3,4,5,10,15,29,34,34,13996,0,3,3.2442256495645587,1.831053989008069,63.97583900252357,1158.4625607316377
1781620302,75,GET,/feed/{user_id}?with_fof=true,69.300000,0.000000,3,3,3,3,4,5,17,260,430,430,430,6965,0,3,15.089765550001749,1.8464069871697575,2198.7522870185785,3216.4737975592247
1781620302,75,POST,/likes,8.200000,0.000000,3,4,4,4,5,5,5,5,5,5,5,696,0,3,3.726771356641307,2.493806998245418,22.643706004600972,179.558908045977
1781620302,75,POST,/posts,10.500000,0.000000,4,5,5,5,6,6,7,7,11,11,11,1099,0,4,4.596387836778133,3.12747698626481,44.32866501156241,227.09099181073702
1781620302,75,GET,/timeline/{user_id},94.000000,0.000000,3,3,3,3,4,5,34,170,190,190,190,8754,0,3,7.715133024347136,1.8433629884384573,1179.6935079910327,975.1899702992918
1781620302,75,GET,/users/{user_id},37.600000,0.000000,3,3,3,3,5,6,10,17,31,31,31,3513,0,3,3.1351035118443424,1.6171940078493208,40.89826298877597,259.4486194136066
1781620302,75,,Aggregated,362.200000,0.000000,3,3,3,3,4,5,12,25,360,430,430,35023,0,3,6.758517416445001,1.6171940078493208,2198.7522870185785,1383.0735231133826
1781620303,75,GET,/feed/{user_id},142.500000,0.000000,3,3,3,3,4,5,10,15,29,34,34,14142,0,3,3.2401796826743436,1.831053989008069,63.97583900252357,1156.635129401782
1781620303,75,GET,/feed/{user_id}?with_fof=true,71.100000,0.000000,3,3,3,3,4,5,18,350,430,430,430,7039,0,3,15.017617712438096,1.8464069871697575,2198.7522870185785,3220.0397783776107
1781620303,75,POST,/likes,8.200000,0.000000,3,4,4,4,4,5,5,5,5,5,5,702,0,3,3.7236019889054623,2.493806998245418,22.643706004600972,179.55270655270655
1781620303,75,POST,/posts,10.800000,0.000000,4,5,5,5,6,6,7,7,11,11,11,1109,0,4,4.594309675977318,3.12747698626481,44.32866501156241,227.0901713255185
1781620303,75,GET,/timeline/{user_id},91.900000,0.000000,3,3,3,3,4,5,49,170,190,190,190,8843,0,3,7.721891649460947,1.8433629884384573,1179.6935079910327,977.701911116137
1781620303,75,GET,/users/{user_id},38.300000,0.000000,3,3,3,3,4,6,13,17,31,31,31,3551,0,3,3.1314382813357513,1.6171940078493208,40.89826298877597,259.44100253449733
1781620303,75,,Aggregated,362.800000,0.000000,3,3,3,3,4,5,12,27,370,430,430,35386,0,3,6.744054580068649,1.6171940078493208,2198.7522870185785,1383.8234329961
1781620304,75,GET,/feed/{user_id},141.800000,0.000000,3,3,3,3,4,5,7,14,29,34,34,14288,0,3,3.2377416696347794,1.831053989008069,63.97583900252357,1159.91328387458
1781620304,75,GET,/feed/{user_id}?with_fof=true,72.500000,0.000000,3,3,3,3,4,5,17,260,430,430,430,7104,0,3,14.905749240120008,1.8464069871697575,2198.7522870185785,3221.659487612613
1781620304,75,POST,/likes,8.200000,0.000000,3,4,4,4,4,5,5,5,5,5,5,712,0,3,3.7193453935788567,2.493806998245418,22.643706004600972,179.5561797752809
1781620304,75,POST,/posts,10.600000,0.000000,4,5,5,5,6,7,7,11,11,11,11,1118,0,4,4.596053443380302,3.12747698626481,44.32866501156241,227.08944543828264
1781620304,75,GET,/timeline/{user_id},92.300000,0.000000,3,3,3,3,4,5,26,170,190,190,190,8946,0,3,7.701219241355915,1.8433629884384573,1179.6935079910327,974.8923541247485
1781620304,75,GET,/users/{user_id},38.100000,0.000000,3,3,3,3,4,6,10,17,31,31,31,3587,0,3,3.1262383443361306,1.6171940078493208,40.89826298877597,259.4390855868414
1781620304,75,,Aggregated,363.500000,0.000000,3,3,3,3,4,5,11,24,370,430,430,35755,0,3,6.713656314411559,1.6171940078493208,2198.7522870185785,1384.2325548874283
1781620305,75,GET,/feed/{user_id},142.200000,0.000000,3,3,3,3,4,5,8,14,29,34,34,14433,0,3,3.236267736079115,1.831053989008069,63.97583900252357,1160.1417584701726
1781620305,75,GET,/feed/{user_id}?with_fof=true,71.900000,0.000000,3,3,3,3,4,5,17,260,430,430,430,7176,0,3,14.835911163997583,1.8464069871697575,2198.7522870185785,3230.599358974359
1781620305,75,POST,/likes,7.500000,0.000000,3,4,4,4,4,5,5,6,6,6,6,726,0,3,3.7169241380974647,2.493806998245418,22.643706004600972,179.55509641873277
1781620305,75,POST,/posts,10.800000,0.000000,4,5,5,5,6,7,7,11,11,11,11,1126,0,4,4.59257031768787,3.12747698626481,44.32866501156241,227.09147424511545
1781620305,75,GET,/timeline/{user_id},92.300000,0.000000,3,3,3,3,4,5,27,170,190,190,190,9037,0,3,7.699377359664072,1.8433629884384573,1179.6935079910327,975.3810999225407
1781620305,75,GET,/users/{user_id},38.600000,0.000000,3,3,3,3,4,6,13,17,31,31,31,3620,0,3,3.1277784185361206,1.6171940078493208,40.89826298877597,259.44116022099445
1781620305,75,,Aggregated,363.300000,0.000000,3,3,3,3,4,5,11,25,360,430,430,36118,0,3,6.698684947229547,1.6171940078493208,2198.7522870185785,1386.2025859682153
1781620306,75,GET,/feed/{user_id},141.300000,0.000000,3,3,3,3,4,5,9,14,29,34,34,14580,0,3,3.2353175580570226,1.831053989008069,63.97583900252357,1156.7902606310013
1781620306,75,GET,/feed/{user_id}?with_fof=true,72.200000,0.000000,3,3,3,3,4,5,17,25,390,390,390,7252,0,3,14.71578403539156,1.8464069871697575,2198.7522870185785,3228.6093491450633
1781620306,75,POST,/likes,7.800000,0.000000,3,4,4,4,4,5,5,6,6,6,6,736,0,3,3.7113941022613766,2.493806998245418,22.643706004600972,179.55978260869566
1781620306,75,POST,/posts,10.900000,0.000000,4,5,5,5,6,7,7,11,11,11,11,1133,0,4,4.590115990949629,3.12747698626481,44.32866501156241,227.09267431597527
1781620306,75,GET,/timeline/{user_id},94.400000,0.000000,3,3,3,3,4,5,24,170,190,190,190,9126,0,3,7.6546799325365935,1.8433629884384573,1179.6935079910327,978.425925925926
1781620306,75,GET,/users/{user_id},38.600000,0.000000,3,3,3,3,5,6,10,16,31,31,31,3660,0,3,3.1341022063320874,1.6171940078493208,40.89826298877597,259.4418032786885
1781620306,75,,Aggregated,365.200000,0.000000,3,3,3,3,4,5,11,22,350,390,390,36487,0,3,6.664001053461388,1.6171940078493208,2198.7522870185785,1385.370159234796
1781620307,75,GET,/feed/{user_id},141.300000,0.000000,3,3,3,3,4,5,9,14,29,34,34,14745,0,3,3.2355716793076916,1.831053989008069,63.97583900252357,1151.7230925737538
1781620307,75,GET,/feed/{user_id}?with_fof=true,71.400000,0.000000,3,3,3,3,4,5,14,21,390,390,390,7316,0,3,14.619710489836644,1.8464069871697575,2198.7522870185785,3232.771733187534
1781620307,75,POST,/likes,8.900000,0.000000,3,4,4,4,4,5,5,6,6,6,6,743,0,3,3.7098321591677523,2.493806998245418,22.643706004600972,179.55989232839838
1781620307,75,POST,/posts,10.200000,0.000000,4,4,5,5,6,7,7,8,8,8,8,1135,0,4,4.5927647627902415,3.12747698626481,44.32866501156241,227.09339207048458
1781620307,75,GET,/timeline/{user_id},95.000000,0.000000,3,3,3,3,4,5,24,160,190,190,190,9213,0,3,7.621275372775033,1.8433629884384573,1179.6935079910327,978.2293498317595
1781620307,75,GET,/users/{user_id},38.400000,0.000000,3,3,3,3,4,6,8,13,31,31,31,3707,0,3,3.125509175385977,1.6171940078493208,40.89826298877597,259.43620178041544
1781620307,75,,Aggregated,365.200000,0.000000,3,3,3,3,4,5,10,20,350,390,390,36859,0,3,6.631665866615957,1.6171940078493208,2198.7522870185785,1383.6087794025882
1781620308,75,GET,/feed/{user_id},142.400000,0.000000,3,3,3,3,4,5,9,16,28,34,34,14884,0,3,3.2336454063594533,1.831053989008069,63.97583900252357,1149.7918570276806
1781620308,75,GET,/feed/{user_id}?with_fof=true,73.000000,0.000000,3,3,3,3,4,5,12,20,410,410,410,7387,0,3,14.560723069780906,1.8464069871697575,2198.7522870185785,3227.8655746581835
1781620308,75,POST,/likes,9.000000,0.000000,3,4,4,4,4,4,5,6,6,6,6,757,0,3,3.700518942176016,2.493806998245418,22.643706004600972,179.55217965653898
1781620308,75,POST,/posts,10.200000,0.000000,4,4,5,5,6,7,7,8,8,8,8,1150,0,4,4.588393243206867,3.12747698626481,44.32866501156241,227.09652173913042
1781620308,75,GET,/timeline/{user_id},94.000000,0.000000,3,3,3,3,4,5,19,160,190,190,190,9309,0,3,7.5912594197349526,1.8433629884384573,1179.6935079910327,973.1949726071543
1781620308,75,GET,/users/{user_id},37.800000,0.000000,3,3,3,3,4,6,8,13,31,31,31,3743,0,3,3.1240942968811884,1.6171940078493208,40.89826298877597,259.44162436548226
1781620308,75,,Aggregated,366.400000,0.000000,3,3,3,3,4,5,10,19,350,410,410,37230,0,3,6.611015404383018,1.6171940078493208,2198.7522870185785,1380.2145850120871
1781620309,75,GET,/feed/{user_id},144.800000,0.000000,3,3,3,3,4,5,9,14,24,34,34,15023,0,3,3.230844468030705,1.831053989008069,63.97583900252357,1152.1406510017973
1781620309,75,GET,/feed/{user_id}?with_fof=true,71.700000,0.000000,3,3,3,3,4,5,17,340,410,410,410,7471,0,3,14.558176241560849,1.8464069871697575,2198.7522870185785,3234.713291393388
1781620309,75,POST,/likes,8.200000,0.000000,3,4,4,4,4,4,5,6,6,6,6,761,0,3,3.697844482554458,2.493806998245418,22.643706004600972,179.54927726675427
1781620309,75,POST,/posts,9.600000,0.000000,4,4,5,5,6,7,7,8,8,8,8,1155,0,4,4.5863663616189045,3.12747698626481,44.32866501156241,227.0952380952381
1781620309,75,GET,/timeline/{user_id},92.700000,0.000000,3,3,3,3,4,5,12,110,190,190,190,9408,0,3,7.539704410294003,1.8433629884384573,1179.6935079910327,974.7951743197278
1781620309,75,GET,/users/{user_id},39.000000,0.000000,3,3,3,3,4,6,8,13,31,31,31,3780,0,3,3.120793907208031,1.6171940078493208,40.89826298877597,259.4425925925926
1781620309,75,,Aggregated,366.000000,0.000000,3,3,3,3,4,5,10,18,360,410,410,37598,0,3,6.599887334542063,1.6171940078493208,2198.7522870185785,1383.7345071546358
1781620310,75,GET,/feed/{user_id},145.100000,0.000000,3,3,3,3,4,5,8,13,20,21,21,15162,0,3,3.2282270947996903,1.831053989008069,63.97583900252357,1154.2864397836697
1781620310,75,GET,/feed/{user_id}?with_fof=true,71.700000,0.000000,3,3,3,3,4,5,14,240,410,410,410,7535,0,3,14.506809846012171,1.8464069871697575,2198.7522870185785,3232.870072992701
1781620310,75,POST,/likes,8.700000,0.000000,3,4,4,4,4,4,5,6,6,6,6,769,0,3,3.6959118689368,2.493806998245418,22.643706004600972,179.55006501950587
1781620310,75,POST,/posts,9.500000,0.000000,4,4,5,5,6,7,7,8,8,8,8,1162,0,4,4.584815403347973,3.12747698626481,44.32866501156241,227.09122203098107
1781620310,75,GET,/timeline/{user_id},92.900000,0.000000,3,3,3,3,4,5,12,130,190,190,190,9508,0,3,7.515099273655065,1.8433629884384573,1179.6935079910327,972.27902818679
1781620310,75,GET,/users/{user_id},38.600000,0.000000,3,3,3,3,4,6,8,13,18,18,18,3822,0,3,3.1184512407999936,1.6171940078493208,40.89826298877597,259.4429618001047
1781620310,75,,Aggregated,366.500000,0.000000,3,3,3,3,4,5,10,17,350,410,410,37958,0,3,6.580883810085023,1.6171940078493208,2198.7522870185785,1383.0797460350914
1781620311,75,GET,/feed/{user_id},144.200000,0.000000,3,3,3,3,4,5,9,13,20,21,21,15308,0,3,3.224971030007743,1.831053989008069,63.97583900252357,1152.6185654559708
1781620311,75,GET,/feed/{user_id}?with_fof=true,72.900000,0.000000,3,3,3,3,4,5,17,340,410,410,410,7604,0,3,14.498203536509804,1.8464069871697575,2198.7522870185785,3236.5666754339823
1781620311,75,POST,/likes,8.700000,0.000000,3,4,4,4,4,4,5,6,6,6,6,772,0,3,3.695104066353385,2.493806998245418,22.643706004600972,179.54533678756476
1781620311,75,POST,/posts,9.300000,0.000000,4,4,5,5,5,6,7,8,8,8,8,1175,0,4,4.584113559660878,3.12747698626481,44.32866501156241,227.09191489361703
1781620311,75,GET,/timeline/{user_id},92.400000,0.000000,3,3,3,3,4,5,14,160,190,190,190,9602,0,3,7.4899303791776335,1.8433629884384573,1179.6935079910327,973.1662153717975
1781620311,75,GET,/users/{user_id},39.200000,0.000000,2,3,3,3,4,6,9,13,18,18,18,3854,0,3,3.1206127564169295,1.6171940078493208,40.89826298877597,259.4390243902439
1781620311,75,,Aggregated,366.700000,0.000000,3,3,3,3,4,5,11,17,360,410,410,38315,0,3,6.571742217275216,1.6171940078493208,2198.7522870185785,1383.3955369959547
1781620312,75,GET,/feed/{user_id},144.000000,0.000000,3,3,3,3,4,5,8,13,20,21,21,15444,0,3,3.2212952947026143,1.831053989008069,63.97583900252357,1154.753108003108
1781620312,75,GET,/feed/{user_id}?with_fof=true,73.300000,0.000000,3,3,3,3,4,5,17,350,410,410,410,7675,0,3,14.43649670299892,1.8464069871697575,2198.7522870185785,3239.036351791531
1781620312,75,POST,/likes,8.700000,0.000000,3,4,4,4,4,4,5,6,6,6,6,782,0,3,3.6918527023602383,2.493806998245418,22.643706004600972,179.5460358056266
1781620312,75,POST,/posts,8.700000,0.000000,4,4,5,5,5,6,7,8,8,8,8,1188,0,4,4.579085512231778,3.12747698626481,44.32866501156241,227.09175084175084
1781620312,75,GET,/timeline/{user_id},92.900000,0.000000,3,3,3,3,4,5,12,130,190,190,190,9685,0,3,7.467375840467295,1.8433629884384573,1179.6935079910327,973.9234899328859
1781620312,75,GET,/users/{user_id},39.300000,0.000000,3,3,3,3,4,6,8,13,18,18,18,3903,0,3,3.1172661337743306,1.6171940078493208,40.89826298877597,259.4376120932616
1781620312,75,,Aggregated,366.900000,0.000000,3,3,3,3,4,5,10,17,360,410,410,38677,0,3,6.5507925605328206,1.6171940078493208,2198.7522870185785,1384.5136644517413
1781620313,75,GET,/feed/{user_id},143.900000,0.000000,3,3,3,3,4,5,8,12,20,21,21,15587,0,3,3.2183632959112263,1.831053989008069,63.97583900252357,1155.4812985179958
1781620313,75,GET,/feed/{user_id}?with_fof=true,72.000000,0.000000,3,3,3,3,4,5,19,350,410,410,410,7754,0,3,14.410206900399922,1.8464069871697575,2198.7522870185785,3239.640056744906
1781620313,75,POST,/likes,8.400000,0.000000,3,4,4,4,4,4,4,6,6,6,6,788,0,3,3.688987125929204,2.493806998245418,22.643706004600972,179.54187817258884
1781620313,75,POST,/posts,8.600000,0.000000,4,4,5,5,5,7,7,8,8,8,8,1198,0,4,4.582511281755167,3.12747698626481,44.32866501156241,227.09515859766276
1781620313,75,GET,/timeline/{user_id},94.300000,0.000000,3,3,3,3,4,5,12,110,190,190,190,9773,0,3,7.442063789922132,1.8433629884384573,1179.6935079910327,978.6810600634401
1781620313,75,GET,/users/{user_id},38.500000,0.000000,3,3,3,3,4,6,8,13,18,18,18,3946,0,3,3.112439103676202,1.6171940078493208,40.89826298877597,259.4336036492651
1781620313,75,,Aggregated,365.700000,0.000000,3,3,3,3,4,5,10,17,360,410,410,39046,0,3,6.538726565893036,1.6171940078493208,2198.7522870185785,1386.379398657993
1781620314,75,GET,/feed/{user_id},144.900000,0.000000,3,3,3,3,4,4,7,12,20,21,21,15722,0,3,3.2160933108208565,1.831053989008069,63.97583900252357,1156.699656532248
1781620314,75,GET,/feed/{user_id}?with_fof=true,70.600000,0.000000,3,3,3,3,4,5,17,350,410,410,410,7826,0,3,14.304477724714157,1.8464069871697575,2198.7522870185785,3244.635062611807
1781620314,75,POST,/likes,8.100000,0.000000,3,4,4,4,4,4,4,4,4,4,4,793,0,3,3.6864038287796443,2.493806998245418,22.643706004600972,179.5485498108449
1781620314,75,POST,/posts,9.100000,0.000000,4,4,5,5,5,6,7,8,8,8,8,1210,0,4,4.580403843337539,3.12747698626481,44.32866501156241,227.09586776859504
1781620314,75,GET,/timeline/{user_id},92.700000,0.000000,3,3,3,3,4,4,11,25,180,180,180,9874,0,3,7.3943417012091945,1.8433629884384573,1179.6935079910327,977.6839173587199
1781620314,75,GET,/users/{user_id},38.600000,0.000000,3,3,3,3,4,6,8,12,13,13,13,3996,0,3,3.105620172707265,1.6171940078493208,40.89826298877597,259.4356856856857
1781620314,75,,Aggregated,364.000000,0.000000,3,3,3,3,4,5,9,14,360,410,410,39421,0,3,6.504088094185256,1.6171940078493208,2198.7522870185785,1387.2217853428376
1781620315,75,GET,/feed/{user_id},143.000000,0.000000,3,3,3,3,4,4,7,11,20,21,21,15849,0,3,3.2135718251428282,1.831053989008069,63.97583900252357,1157.4457694491766
1781620315,75,GET,/feed/{user_id}?with_fof=true,70.700000,0.000000,3,3,3,3,4,5,16,350,410,410,410,7888,0,3,14.215909428823236,1.8464069871697575,2198.7522870185785,3240.0608519269776
1781620315,75,POST,/likes,8.800000,0.000000,3,4,4,4,4,4,5,5,5,5,5,801,0,3,3.6885824497976922,2.493806998245418,22.643706004600972,179.54931335830213
1781620315,75,POST,/posts,9.100000,0.000000,4,4,5,5,5,6,7,8,8,8,8,1220,0,4,4.577688662741776,3.12747698626481,44.32866501156241,227.09344262295082
1781620315,75,GET,/timeline/{user_id},94.000000,0.000000,3,3,3,3,4,4,11,100,180,180,180,9985,0,3,7.37336485303715,1.8433629884384573,1179.6935079910327,978.8947421131697
1781620315,75,GET,/users/{user_id},39.300000,0.000000,2,3,3,3,4,5,6,9,13,13,13,4041,0,3,3.1006956887389383,1.6171940078493208,40.89826298877597,259.43429844097994
1781620315,75,,Aggregated,364.900000,0.000000,3,3,3,3,4,5,8,14,360,410,410,39784,0,3,6.478968617480628,1.6171940078493208,2198.7522870185785,1386.1217826261814
1781620316,75,GET,/feed/{user_id},143.700000,0.000000,3,3,3,3,4,4,6,11,20,21,21,15992,0,3,3.213483231583627,1.831053989008069,63.97583900252357,1155.0585917958979
1781620316,75,GET,/feed/{user_id}?with_fof=true,71.900000,0.000000,3,3,3,3,4,5,17,360,410,410,410,7962,0,3,14.244062343422645,1.8464069871697575,2198.7522870185785,3228.186510926903
1781620316,75,POST,/likes,8.400000,0.000000,3,4,4,4,4,5,5,5,5,5,5,808,0,3,3.6889148480503815,2.493806998245418,22.643706004600972,179.54950495049505
1781620316,75,POST,/posts,8.900000,0.000000,4,4,5,5,5,6,7,7,7,7,7,1235,0,4,4.577244164800151,3.12747698626481,44.32866501156241,227.09473684210528
1781620316,75,GET,/timeline/{user_id},93.200000,0.000000,3,3,3,3,4,4,11,100,180,180,180,10073,0,3,7.351190581902091,1.8433629884384573,1179.6935079910327,975.4459446043879
1781620316,75,GET,/users/{user_id},39.900000,0.000000,3,3,3,3,4,5,7,13,20,20,20,4081,0,3,3.108821847859229,1.6171940078493208,40.89826298877597,259.4459691252144
1781620316,75,,Aggregated,366.000000,0.000000,3,3,3,3,4,5,8,14,390,410,410,40151,0,3,6.479799572891899,1.6171940078493208,2198.7522870185785,1381.8963911235087
1781620317,75,GET,/feed/{user_id},142.000000,0.000000,3,3,3,3,4,4,9,14,28,43,43,16139,0,3,3.220215418841834,1.831053989008069,63.97583900252357,1156.0283784621104
1781620317,75,GET,/feed/{user_id}?with_fof=true,71.700000,0.000000,3,3,3,3,4,5,16,350,410,410,410,8030,0,3,14.150154148366193,1.8464069871697575,2198.7522870185785,3231.309589041096
1781620317,75,POST,/likes,7.600000,0.000000,3,4,4,4,4,5,5,15,15,15,15,815,0,3,3.6999867426265785,2.493806998245418,22.643706004600972,179.55460122699387
1781620317,75,POST,/posts,9.300000,0.000000,4,5,5,5,5,6,7,7,7,7,7,1246,0,4,4.574547209919888,3.12747698626481,44.32866501156241,227.09309791332262
1781620317,75,GET,/timeline/{user_id},93.600000,0.000000,3,3,3,3,4,5,12,130,180,180,180,10172,0,3,7.346311858778852,1.8433629884384573,1179.6935079910327,978.6577860794338
1781620317,75,GET,/users/{user_id},41.700000,0.000000,3,3,3,3,4,6,9,13,20,20,20,4118,0,3,3.1083785165598274,1.6171940078493208,40.89826298877597,259.447547353084
1781620317,75,,Aggregated,365.900000,0.000000,3,3,3,3,4,5,11,18,360,410,410,40520,0,3,6.461973258478815,1.6171940078493208,2198.7522870185785,1383.4443484698913
1781620318,75,GET,/feed/{user_id},141.700000,0.000000,3,3,3,3,4,4,8,14,28,43,43,16281,0,3,3.220019167659227,1.831053989008069,63.97583900252357,1154.6787666605246
1781620318,75,GET,/feed/{user_id}?with_fof=true,70.900000,0.000000,3,3,3,4,4,5,14,350,410,410,410,8105,0,3,14.092871650768602,1.8464069871697575,2198.7522870185785,3231.8556446637876
1781620318,75,POST,/likes,7.400000,0.000000,3,4,4,4,5,5,7,15,15,15,15,825,0,3,3.704207121521573,2.493806998245418,22.643706004600972,179.55151515151516
1781620318,75,POST,/posts,10.000000,0.000000,4,4,5,5,5,6,7,7,7,7,7,1255,0,4,4.570338200472585,3.12747698626481,44.32866501156241,227.09561752988049
1781620318,75,GET,/timeline/{user_id},94.700000,0.000000,3,3,3,3,4,5,12,130,180,180,180,10275,0,3,7.30417313173735,1.8433629884384573,1179.6935079910327,977.0583941605839
1781620318,75,GET,/users/{user_id},41.400000,0.000000,3,3,3,3,4,6,7,12,20,20,20,4151,0,3,3.1066938844107033,1.6171940078493208,40.89826298877597,259.4543483497952
1781620318,75,,Aggregated,366.100000,0.000000,3,3,3,3,4,5,10,16,360,410,410,40892,0,3,6.441012113806561,1.6171940078493208,2198.7522870185785,1382.7379438520982
1781620319,75,GET,/feed/{user_id},139.600000,0.000000,3,3,3,3,4,4,10,15,28,43,43,16416,0,3,3.2189318939944194,1.831053989008069,63.97583900252357,1158.520772417154
1781620319,75,GET,/feed/{user_id}?with_fof=true,71.700000,0.000000,3,3,3,3,4,5,20,360,410,410,410,8183,0,3,14.077917202298579,1.8464069871697575,2198.7522870185785,3228.5505315898813
1781620319,75,POST,/likes,7.200000,0.000000,3,4,4,4,5,5,7,15,15,15,15,833,0,3,3.7007755405308136,2.493806998245418,22.643706004600972,179.55102040816325
1781620319,75,POST,/posts,11.000000,0.000000,4,5,5,5,6,6,7,7,7,7,7,1267,0,4,4.573022557638259,3.12747698626481,44.32866501156241,227.09471191791633
1781620319,75,GET,/timeline/{user_id},95.100000,0.000000,3,3,3,3,4,5,11,160,180,180,180,10355,0,3,7.304266418502043,1.8433629884384573,1179.6935079910327,978.143312409464
1781620319,75,GET,/users/{user_id},40.600000,0.000000,3,3,3,3,4,6,7,12,20,20,20,4189,0,3,3.1036801907901093,1.6171940078493208,40.89826298877597,259.4592981618525
1781620319,75,,Aggregated,365.200000,0.000000,3,3,3,3,4,5,11,19,360,410,410,41243,0,3,6.43879793242053,1.6171940078493208,2198.7522870185785,1384.2433867565405
1781620320,75,GET,/feed/{user_id},140.000000,0.000000,3,3,3,3,4,4,10,15,28,43,43,16552,0,3,3.218878518461748,1.831053989008069,63.97583900252357,1157.7462542290962
1781620320,75,GET,/feed/{user_id}?with_fof=true,71.500000,0.000000,3,3,3,4,4,5,15,360,410,410,410,8250,0,3,13.989936724425096,1.8464069871697575,2198.7522870185785,3237.896
1781620320,75,POST,/likes,7.200000,0.000000,3,4,4,4,5,5,7,15,15,15,15,843,0,3,3.699794892407567,2.493806998245418,22.643706004600972,179.55278766310795
1781620320,75,POST,/posts,10.500000,0.000000,4,5,5,5,6,7,7,8,9,9,9,1283,0,4,4.578227096234339,3.12747698626481,44.32866501156241,227.09431021044426
1781620320,75,GET,/timeline/{user_id},95.000000,0.000000,3,3,3,3,4,5,11,160,180,180,180,10456,0,3,7.281305271866706,1.8433629884384573,1179.6935079910327,978.4715952563122
1781620320,75,GET,/users/{user_id},40.900000,0.000000,3,3,3,3,5,6,9,13,20,20,20,4233,0,3,3.110564448464241,1.6171940078493208,40.89826298877597,259.4583038034491
1781620320,75,,Aggregated,365.100000,0.000000,3,3,3,3,4,5,11,18,360,410,410,41617,0,3,6.415383014293234,1.6171940078493208,2198.7522870185785,1385.1928058245428
1781620321,75,GET,/feed/{user_id},140.600000,0.000000,3,3,3,3,4,5,10,16,28,43,43,16699,0,3,3.2197519154699603,1.831053989008069,63.97583900252357,1156.0600634768548
1781620321,75,GET,/feed/{user_id}?with_fof=true,71.000000,0.000000,3,3,3,4,4,5,16,350,430,430,430,8324,0,3,13.98947416358006,1.8464069871697575,2198.7522870185785,3236.2568476693896
1781620321,75,POST,/likes,7.100000,0.000000,3,4,4,4,5,5,7,15,15,15,15,846,0,3,3.7000566291904637,2.493806998245418,22.643706004600972,179.55437352245863
1781620321,75,POST,/posts,10.900000,0.000000,4,5,5,5,6,7,8,9,9,9,9,1297,0,4,4.5852171345190245,3.12747698626481,44.32866501156241,227.09483423284502
1781620321,75,GET,/timeline/{user_id},95.100000,0.000000,3,3,3,3,4,5,12,130,180,180,180,10541,0,3,7.249958618787585,1.8433629884384573,1179.6935079910327,977.9812162033962
1781620321,75,GET,/users/{user_id},40.200000,0.000000,3,3,3,3,5,6,7,13,20,20,20,4273,0,3,3.1098004105520385,1.6171940078493208,40.89826298877597,259.46103440205945
1781620321,75,,Aggregated,364.900000,0.000000,3,3,3,4,4,5,11,18,360,430,430,41980,0,3,6.4078676908234495,1.6171940078493208,2198.7522870185785,1384.1751071939018
1781620322,75,GET,/feed/{user_id},139.200000,0.000000,3,3,3,3,4,5,10,16,28,43,43,16846,0,3,3.218264972266661,1.831053989008069,63.97583900252357,1156.2486050100915
1781620322,75,GET,/feed/{user_id}?with_fof=true,71.200000,0.000000,3,3,3,4,4,6,20,350,430,430,430,8389,0,3,13.944011438882043,1.8464069871697575,2198.7522870185785,3230.664560734295
1781620322,75,POST,/likes,7.300000,0.000000,3,4,4,4,5,5,7,15,15,15,15,857,0,3,3.6956636281167845,2.493806998245418,22.643706004600972,179.5507584597433
1781620322,75,POST,/posts,11.900000,0.000000,4,5,5,5,6,7,8,9,9,9,9,1309,0,4,4.580211909467389,3.12747698626481,44.32866501156241,227.09472880061116
1781620322,75,GET,/timeline/{user_id},94.800000,0.000000,3,3,3,3,4,5,13,170,180,180,180,10630,0,3,7.24752650072223,1.8433629884384573,1179.6935079910327,977.4878645343368
1781620322,75,GET,/users/{user_id},40.900000,0.000000,3,3,3,3,5,6,9,13,20,20,20,4316,0,3,3.1065721217351596,1.6171940078493208,40.89826298877597,259.4545875810936
1781620322,75,,Aggregated,365.300000,0.000000,3,3,3,4,4,5,11,20,360,430,430,42347,0,3,6.394858119405407,1.6171940078493208,2198.7522870185785,1382.4321203391032
1781620323,75,GET,/feed/{user_id},139.400000,0.000000,3,3,3,3,4,5,10,16,28,43,43,16988,0,3,3.2157423248252237,1.831053989008069,63.97583900252357,1154.2348716741228
1781620323,75,GET,/feed/{user_id}?with_fof=true,70.900000,0.000000,3,3,3,4,4,5,15,340,430,430,430,8468,0,3,13.842539110147529,1.8464069871697575,2198.7522870185785,3234.8199102503545
1781620323,75,POST,/likes,7.300000,0.000000,3,4,4,4,5,5,7,15,15,15,15,865,0,3,3.6952507541504165,2.493806998245418,22.643706004600972,179.54797687861273
1781620323,75,POST,/posts,12.100000,0.000000,4,5,5,5,6,7,8,9,9,9,9,1318,0,4,4.583218765176715,3.12747698626481,44.32866501156241,227.09408194233689
1781620323,75,GET,/timeline/{user_id},94.300000,0.000000,3,3,3,3,4,5,13,170,180,180,180,10715,0,3,7.229312520823061,1.8433629884384573,1179.6935079910327,978.1011665888941
1781620323,75,GET,/users/{user_id},41.500000,0.000000,3,3,3,3,5,6,9,13,20,20,20,4359,0,3,3.103012824342929,1.6171940078493208,40.89826298877597,259.45469144299153
1781620323,75,,Aggregated,365.500000,0.000000,3,3,3,4,4,5,11,20,360,430,430,42713,0,3,6.3697900544479,1.6171940078493208,2198.7522870185785,1382.870156626788
1781620324,75,GET,/feed/{user_id},139.900000,0.000000,3,3,3,3,4,5,10,16,28,43,43,17141,0,3,3.2134155646749685,1.831053989008069,63.97583900252357,1154.6641386150166
1781620324,75,GET,/feed/{user_id}?with_fof=true,70.700000,0.000000,3,3,3,4,4,6,25,360,430,430,430,8533,0,3,13.93102565107207,1.8464069871697575,2198.7522870185785,3233.7194421657096
1781620324,75,POST,/likes,7.500000,0.000000,3,4,4,4,5,5,7,15,15,15,15,876,0,3,3.693007219620804,2.493806998245418,22.643706004600972,179.5456621004566
1781620324,75,POST,/posts,11.900000,0.000000,4,5,5,5,6,7,8,9,9,9,9,1335,0,4,4.581495031822571,3.12747698626481,44.32866501156241,227.09588014981273
1781620324,75,GET,/timeline/{user_id},95.000000,0.000000,3,3,3,3,4,5,13,170,180,180,180,10798,0,3,7.196384691286669,1.8433629884384573,1179.6935079910327,977.0882570846453
1781620324,75,GET,/users/{user_id},41.800000,0.000000,3,3,3,3,5,6,9,13,20,20,20,4392,0,3,3.1025855825152755,1.6171940078493208,40.89826298877597,259.45605646630236
1781620324,75,,Aggregated,366.800000,0.000000,3,3,3,4,4,6,11,20,390,430,430,43075,0,3,6.375834847161534,1.6171940078493208,2198.7522870185785,1382.1476726639582
1781620325,75,GET,/feed/{user_id},140.400000,0.000000,3,3,3,3,4,5,10,16,28,43,43,17301,0,3,3.2103753069790995,1.831053989008069,63.97583900252357,1155.4363909600602
1781620325,75,GET,/feed/{user_id}?with_fof=true,71.600000,0.000000,3,3,3,3,4,6,20,350,430,430,430,8605,0,3,13.837838780078366,1.8464069871697575,2198.7522870185785,3232.0296339337597
1781620325,75,POST,/likes,7.600000,0.000000,3,4,4,4,5,5,7,15,15,15,15,881,0,3,3.694133640654918,2.493806998245418,22.643706004600972,179.54370034052212
1781620325,75,POST,/posts,12.100000,0.000000,4,5,5,5,7,8,9,9,16,16,16,1351,0,4,4.590689813831771,3.12747698626481,44.32866501156241,227.09696521095483
1781620325,75,GET,/timeline/{user_id},94.100000,0.000000,3,3,3,3,4,5,14,170,180,180,180,10881,0,3,7.180296636205413,1.8433629884384573,1179.6935079910327,973.420825291793
1781620325,75,GET,/users/{user_id},41.300000,0.000000,3,3,3,4,5,6,9,13,20,20,20,4434,0,3,3.098713076798633,1.6171940078493208,40.89826298877597,259.4634641407307
1781620325,75,,Aggregated,367.100000,0.000000,3,3,3,4,4,5,11,20,360,430,430,43453,0,3,6.3503638654546215,1.6171940078493208,2198.7522870185785,1381.0107242307781
1781620326,75,GET,/feed/{user_id},140.600000,0.000000,3,3,3,3,4,5,12,16,25,43,43,17427,0,3,3.223843896891359,1.831053989008069,63.97583900252357,1156.0449302805991
1781620326,75,GET,/feed/{user_id}?with_fof=true,70.600000,0.000000,3,3,3,4,4,9,21,350,430,430,430,8673,0,3,13.770496359911723,1.8464069871697575,2198.7522870185785,3232.2258734002075
1781620326,75,POST,/likes,8.200000,0.000000,3,4,4,4,5,5,6,7,7,7,7,886,0,3,3.6932863797332867,2.493806998245418,22.643706004600972,179.54176072234762
1781620326,75,POST,/posts,12.300000,0.000000,4,5,5,5,7,8,9,9,16,16,16,1355,0,4,4.589730707371807,3.12747698626481,44.32866501156241,227.0981549815498
1781620326,75,GET,/timeline/{user_id},92.900000,0.000000,3,3,3,4,4,12,180,290,520,520,520,10969,0,3,7.667682741234755,1.8433629884384573,1179.6935079910327,977.7449174947579
1781620326,75,GET,/users/{user_id},40.400000,0.000000,3,3,3,4,5,6,9,14,22,22,22,4463,0,3,3.1104024753444346,1.6171940078493208,40.89826298877597,259.45978041676005
1781620326,75,,Aggregated,365.000000,0.000000,3,3,3,4,5,6,16,180,430,520,520,43773,0,3,6.467304447893423,1.6171940078493208,2198.7522870185785,1382.7961300344962
1781620327,75,GET,/feed/{user_id},143.300000,0.000000,3,3,3,3,4,5,13,18,35,43,43,17566,0,3,3.2288625420780415,1.831053989008069,63.97583900252357,1156.761357167255
1781620327,75,GET,/feed/{user_id}?with_fof=true,71.700000,0.000000,3,3,3,4,5,12,330,360,430,430,430,8740,0,3,14.004675386676931,1.8464069871697575,2198.7522870185785,3232.812242562929
1781620327,75,POST,/likes,8.000000,0.000000,3,4,4,4,4,5,5,6,6,6,6,900,0,3,3.689607613842883,2.493806998245418,22.643706004600972,179.54
1781620327,75,POST,/posts,13.200000,0.000000,4,5,5,5,7,8,9,9,16,16,16,1361,0,4,4.5876964287290765,3.12747698626481,44.32866501156241,227.09551800146951
1781620327,75,GET,/timeline/{user_id},90.900000,0.000000,3,3,3,4,5,16,310,370,570,570,570,11061,0,3,8.041556184663802,1.8433629884384573,1179.6935079910327,977.1712322574813
1781620327,75,GET,/users/{user_id},38.700000,0.000000,3,3,3,4,5,6,9,14,22,22,22,4495,0,3,3.1119234225615853,1.6171940078493208,40.89826298877597,259.46451612903223
1781620327,75,,Aggregated,365.800000,0.000000,3,3,3,4,5,7,21,290,480,570,570,44123,0,3,6.609235834567884,1.6171940078493208,2198.7522870185785,1382.94984475217
1781620328,75,GET,/feed/{user_id},143.500000,0.000000,3,3,3,3,4,5,13,17,35,43,43,17696,0,3,3.229236077268283,1.831053989008069,63.97583900252357,1153.9043851717902
1781620328,75,GET,/feed/{user_id}?with_fof=true,71.100000,0.000000,3,3,3,4,5,17,340,360,470,470,470,8812,0,3,14.0520474527573,1.8464069871697575,2198.7522870185785,3230.9353154788923
1781620328,75,POST,/likes,7.800000,0.000000,3,4,4,4,4,5,6,6,6,6,6,906,0,3,3.6904156793263034,2.493806998245418,22.643706004600972,179.53863134657837
1781620328,75,POST,/posts,12.200000,0.000000,4,5,5,5,6,8,9,9,16,16,16,1372,0,4,4.585730507682212,3.12747698626481,44.32866501156241,227.09766763848395
1781620328,75,GET,/timeline/{user_id},88.600000,0.000000,3,3,3,4,5,160,310,370,570,570,570,11144,0,3,8.077808753932457,1.8433629884384573,1179.6935079910327,978.7987257717157
1781620328,75,GET,/users/{user_id},39.300000,0.000000,3,3,3,4,5,6,14,18,26,26,26,4539,0,3,3.118599966581538,1.6171940078493208,40.89826298877597,259.4683851068517
1781620328,75,,Aggregated,362.500000,0.000000,3,3,3,4,5,9,35,310,480,570,570,44469,0,3,6.628904824511084,1.6171940078493208,2198.7522870185785,1381.8658840990354
1781620329,75,GET,/feed/{user_id},143.800000,0.000000,3,3,3,3,4,6,13,18,35,43,43,17820,0,3,3.2312598127051095,1.831053989008069,63.97583900252357,1155.3356902356902
1781620329,75,GET,/feed/{user_id}?with_fof=true,70.100000,0.000000,3,3,3,4,6,26,380,470,750,750,750,8892,0,3,14.691700150671739,1.8464069871697575,2198.7522870185785,3233.4714349977507
1781620329,75,POST,/likes,8.400000,0.000000,3,4,4,4,4,5,5,6,6,6,6,914,0,3,3.6934467521457908,2.493806998245418,22.643706004600972,179.5382932166302
1781620329,75,POST,/posts,11.300000,0.000000,4,5,5,5,6,7,9,9,16,16,16,1381,0,4,4.584618426185333,3.12747698626481,44.32866501156241,227.09703113685734
1781620329,75,GET,/timeline/{user_id},88.700000,0.000000,3,3,3,4,5,160,310,400,570,570,570,11225,0,3,8.082764726837388,1.7986260063480586,1179.6935079910327,978.581737193764
1781620329,75,GET,/users/{user_id},37.700000,0.000000,3,3,3,4,5,7,14,21,47,47,47,4574,0,3,3.129356495919383,1.6171940078493208,47.19282401492819,259.4726716222125
1781620329,75,,Aggregated,360.000000,0.000000,3,3,3,4,5,11,180,350,580,750,750,44806,0,3,6.761807049307822,1.6171940078493208,2198.7522870185785,1383.5030353077714
1781620330,75,GET,/feed/{user_id},141.700000,0.000000,3,3,3,3,4,6,14,18,35,43,43,17954,0,3,3.2332298161200224,1.831053989008069,63.97583900252357,1157.598083992425
1781620330,75,GET,/feed/{user_id}?with_fof=true,71.200000,0.000000,3,3,3,4,8,330,430,620,750,750,750,8972,0,3,15.009791085478275,1.8464069871697575,2198.7522870185785,3241.0453633526527
1781620330,75,POST,/likes,8.300000,0.000000,3,4,4,4,4,5,5,6,6,6,6,921,0,3,3.691447216559335,2.493806998245418,22.643706004600972,179.5385450597177
1781620330,75,POST,/posts,11.800000,0.000000,4,5,5,5,5,7,8,16,16,16,16,1389,0,4,4.584349120623963,3.12747698626481,44.32866501156241,227.09647228221743
1781620330,75,GET,/timeline/{user_id},88.000000,0.000000,3,3,3,4,6,170,310,400,570,570,570,11315,0,3,8.144064481287637,1.7986260063480586,1179.6935079910327,976.856385329209
1781620330,75,GET,/users/{user_id},38.300000,0.000000,2,3,3,4,5,6,14,21,47,47,47,4611,0,3,3.1279736394138884,1.6171940078493208,47.19282401492819,259.469746258946
1781620330,75,,Aggregated,359.300000,0.000000,3,3,3,4,5,12,250,360,680,750,750,45162,0,3,6.843317692078182,1.6171940078493208,2198.7522870185785,1385.9552721314378
1781620331,75,GET,/feed/{user_id},140.500000,0.000000,3,3,3,3,4,7,16,19,35,43,43,18095,0,3,3.237433942552678,1.831053989008069,63.97583900252357,1159.4088422216082
1781620331,75,GET,/feed/{user_id}?with_fof=true,71.000000,0.000000,3,3,3,4,10,330,410,620,750,750,750,9046,0,3,14.987443514593616,1.8464069871697575,2198.7522870185785,3238.592858722087
1781620331,75,POST,/likes,8.000000,0.000000,3,4,4,4,5,5,6,18,18,18,18,930,0,3,3.7072036930132075,2.493806998245418,22.643706004600972,179.53978494623655
1781620331,75,POST,/posts,11.500000,0.000000,4,5,5,5,6,7,16,35,35,35,35,1396,0,4,4.607108598477427,3.12747698626481,44.32866501156241,227.09957020057305
1781620331,75,GET,/timeline/{user_id},87.000000,0.000000,3,3,3,4,5,170,310,370,570,570,570,11412,0,3,8.101448468763728,1.7986260063480586,1179.6935079910327,977.0041184717841
1781620331,75,GET,/users/{user_id},38.600000,0.000000,2,3,3,4,5,6,14,22,47,47,47,4647,0,3,3.131645607784786,1.6171940078493208,47.19282401492819,259.4678287066925
1781620331,75,,Aggregated,356.600000,0.000000,3,3,3,4,5,13,250,360,680,750,750,45526,0,3,6.832216564740784,1.6171940078493208,2198.7522870185785,1386.3536221060492
1781620332,75,GET,/feed/{user_id},139.900000,0.000000,3,3,3,3,4,8,16,19,35,43,43,18244,0,3,3.2353812867048224,1.831053989008069,63.97583900252357,1157.8923481692611
1781620332,75,GET,/feed/{user_id}?with_fof=true,72.000000,0.000000,3,3,3,4,10,330,430,620,750,750,750,9129,0,3,14.997412387105369,1.8464069871697575,2198.7522870185785,3242.7865045459525
1781620332,75,POST,/likes,7.800000,0.000000,4,4,4,4,5,5,8,18,18,18,18,937,0,3,3.711158118987001,2.493806998245418,22.643706004600972,179.53788687299894
1781620332,75,POST,/posts,10.700000,0.000000,4,5,5,5,6,7,16,35,35,35,35,1406,0,4,4.608610258513868,3.12747698626481,44.32866501156241,227.10170697012802
1781620332,75,GET,/timeline/{user_id},85.300000,0.000000,3,3,3,4,5,160,310,370,570,570,570,11495,0,3,8.084599915224992,1.7986260063480586,1179.6935079910327,980.6191387559809
1781620332,75,GET,/users/{user_id},38.200000,0.000000,2,3,3,4,5,7,15,23,47,47,47,4683,0,3,3.1374869520442163,1.6171940078493208,47.19282401492819,259.4764040145206
1781620332,75,,Aggregated,353.900000,0.000000,3,3,3,4,5,14,260,370,680,750,750,45894,0,3,6.831395443400518,1.6171940078493208,2198.7522870185785,1388.0433825772432
1781620333,75,GET,/feed/{user_id},139.200000,0.000000,3,3,3,3,4,8,16,19,35,43,43,18396,0,3,3.2336431434408657,1.831053989008069,63.97583900252357,1158.0369645575124
1781620333,75,GET,/feed/{user_id}?with_fof=true,72.600000,0.000000,3,3,3,4,6,310,430,620,750,750,750,9201,0,3,14.939146677952378,1.8464069871697575,2198.7522870185785,3246.621780241278
1781620333,75,POST,/likes,8.100000,0.000000,3,4,4,4,5,6,8,18,18,18,18,947,0,3,3.708820513673589,2.493806998245418,22.643706004600972,179.54487856388596
1781620333,75,POST,/posts,10.500000,0.000000,4,5,5,5,6,7,16,35,35,35,35,1415,0,4,4.608173138118931,3.12747698626481,44.32866501156241,227.10318021201414
1781620333,75,GET,/timeline/{user_id},87.000000,0.000000,3,3,3,4,6,170,310,370,570,570,570,11590,0,3,8.073460108402077,1.7986260063480586,1179.6935079910327,981.5904227782571
1781620333,75,GET,/users/{user_id},37.400000,0.000000,2,3,3,4,5,7,15,23,47,47,47,4716,0,3,3.1334458819603443,1.6171940078493208,47.19282401492819,259.4775233248516
1781620333,75,,Aggregated,354.800000,0.000000,3,3,3,4,5,14,260,370,680,750,750,46265,0,3,6.815578500014487,1.6171940078493208,2198.7522870185785,1389.1089160272345
1781620334,75,GET,/feed/{user_id},139.300000,0.000000,3,3,3,3,4,8,16,19,35,43,43,18542,0,3,3.231846753520987,1.831053989008069,63.97583900252357,1158.3783842088233
1781620334,75,GET,/feed/{user_id}?with_fof=true,73.500000,0.000000,3,3,3,4,6,290,410,580,750,750,750,9288,0,3,14.902012272599345,1.8464069871697575,2198.7522870185785,3248.8486218776916
1781620334,75,POST,/likes,8.500000,0.000000,3,4,4,4,5,6,8,18,18,18,18,954,0,3,3.7053744438305922,2.493806998245418,22.643706004600972,179.54507337526206
1781620334,75,POST,/posts,9.900000,0.000000,4,5,5,5,5,7,9,35,35,35,35,1423,0,4,4.607546941288214,3.12747698626481,44.32866501156241,227.10330288123683
1781620334,75,GET,/timeline/{user_id},86.100000,0.000000,3,3,3,4,6,170,310,370,570,570,570,11675,0,3,8.048170012971825,1.7986260063480586,1179.6935079910327,982.885653104925
1781620334,75,GET,/users/{user_id},37.000000,0.000000,2,3,3,4,5,7,15,23,47,47,47,4753,0,3,3.131520399812175,1.6171940078493208,47.19282401492819,259.47359562381655
1781620334,75,,Aggregated,354.300000,0.000000,3,3,3,4,5,14,260,360,680,750,750,46635,0,3,6.803318545519668,1.6171940078493208,2198.7522870185785,1390.733998070119
1781620335,75,GET,/feed/{user_id},139.700000,0.000000,3,3,3,3,4,6,13,18,33,35,35,18696,0,3,3.233833417879819,1.831053989008069,63.97583900252357,1155.900566966196
1781620335,75,GET,/feed/{user_id}?with_fof=true,73.500000,0.000000,3,3,3,4,5,310,430,620,750,750,750,9353,0,3,14.820460344570131,1.8464069871697575,2198.7522870185785,3251.8066930396662
1781620335,75,POST,/likes,8.000000,0.000000,3,4,4,4,5,6,8,18,18,18,18,963,0,3,3.700359189441149,2.493806998245418,22.643706004600972,179.54620976116303
1781620335,75,POST,/posts,9.400000,0.000000,4,5,5,5,6,7,22,35,35,35,35,1437,0,4,4.621124238340624,3.12747698626481,44.32866501156241,227.10160055671537
1781620335,75,GET,/timeline/{user_id},86.700000,0.000000,3,3,3,3,5,27,270,320,570,570,570,11758,0,3,8.028076085088477,1.7986260063480586,1179.6935079910327,980.230566422861
1781620335,75,GET,/users/{user_id},36.000000,0.000000,3,3,3,4,5,7,17,24,47,47,47,4790,0,3,3.141933058508592,1.6171940078493208,47.19282401492819,259.4705636743215
1781620335,75,,Aggregated,353.300000,0.000000,3,3,3,4,5,12,180,350,680,750,750,46997,0,3,6.781783828161357,1.6171940078493208,2198.7522870185785,1389.2914015788242
1781620336,75,GET,/feed/{user_id},140.300000,0.000000,3,3,3,3,4,5,12,18,28,33,33,18845,0,3,3.232952162570773,1.831053989008069,63.97583900252357,1157.070469620589
1781620336,75,GET,/feed/{user_id}?with_fof=true,74.900000,0.000000,3,3,3,4,5,18,420,580,750,750,750,9426,0,3,14.775455464545264,1.8464069871697575,2198.7522870185785,3251.883938043709
1781620336,75,POST,/likes,7.600000,0.000000,3,4,4,4,5,6,8,18,18,18,18,966,0,3,3.704063809968726,2.493806998245418,22.643706004600972,179.5455486542443
1781620336,75,POST,/posts,9.200000,0.000000,4,5,5,5,6,7,22,35,35,35,35,1448,0,4,4.620216379447992,3.12747698626481,44.32866501156241,227.10013812154696
1781620336,75,GET,/timeline/{user_id},86.900000,0.000000,3,3,3,3,4,11,100,170,320,320,320,11853,0,3,7.9987161359520496,1.7986260063480586,1179.6935079910327,983.0216822745297
1781620336,75,GET,/users/{user_id},36.300000,0.000000,3,3,3,4,5,7,17,24,47,47,47,4824,0,3,3.1395422857060042,1.6171940078493208,47.19282401492819,259.47719734660035
1781620336,75,,Aggregated,355.200000,0.000000,3,3,3,4,5,7,23,260,680,750,750,47362,0,3,6.765351125712718,1.6171940078493208,2198.7522870185785,1390.629766479456
1781620337,75,GET,/feed/{user_id},138.800000,0.000000,3,3,3,3,4,5,11,18,28,33,33,18990,0,3,3.229723128421122,1.831053989008069,63.97583900252357,1160.281674565561
1781620337,75,GET,/feed/{user_id}?with_fof=true,75.000000,0.000000,3,3,3,4,5,25,430,620,750,750,750,9495,0,3,14.731216886121384,1.8464069871697575,2198.7522870185785,3246.2259083728277
1781620337,75,POST,/likes,8.200000,0.000000,4,4,4,4,5,6,8,18,18,18,18,972,0,3,3.7043347864085043,2.493806998245418,22.643706004600972,179.54526748971193
1781620337,75,POST,/posts,8.500000,0.000000,4,5,5,5,6,7,22,35,35,35,35,1466,0,4,4.621583975091263,3.12747698626481,44.32866501156241,227.10027285129604
1781620337,75,GET,/timeline/{user_id},87.000000,0.000000,3,3,3,3,4,6,90,170,320,320,320,11939,0,3,7.9886603249402395,1.7986260063480586,1179.6935079910327,981.7417706675601
1781620337,75,GET,/users/{user_id},36.000000,0.000000,2,3,3,4,5,7,15,23,47,47,47,4866,0,3,3.1368938438610416,1.6171940078493208,47.19282401492819,259.48294286888614
1781620337,75,,Aggregated,353.500000,0.000000,3,3,3,4,5,7,22,290,680,750,750,47728,0,3,6.751214027950089,1.6171940078493208,2198.7522870185785,1390.1225695608448
1781620338,75,GET,/feed/{user_id},140.500000,0.000000,3,3,3,3,4,5,11,16,28,33,33,19140,0,3,3.2273401773684096,1.805645995773375,63.97583900252357,1159.387408568443
1781620338,75,GET,/feed/{user_id}?with_fof=true,75.000000,0.000000,3,3,3,4,4,11,370,620,750,750,750,9565,0,3,14.708999171010225,1.8464069871697575,2198.7522870185785,3247.904338734971
1781620338,75,POST,/likes,8.100000,0.000000,3,4,4,4,5,6,8,18,18,18,18,984,0,3,3.699488320581452,2.493806998245418,22.643706004600972,179.5487804878049
1781620338,75,POST,/posts,9.100000,0.000000,4,5,5,5,6,7,22,35,35,35,35,1474,0,4,4.618177965070624,3.12747698626481,44.32866501156241,227.09972862957937
1781620338,75,GET,/timeline/{user_id},88.400000,0.000000,3,3,3,3,4,5,27,170,320,320,320,12018,0,3,7.968900216710647,1.7986260063480586,1179.6935079910327,981.9677983025462
1781620338,75,GET,/users/{user_id},35.500000,0.000000,3,3,3,4,5,6,15,18,29,29,29,4899,0,3,3.134008524042124,1.6171940078493208,47.19282401492819,259.482547458665
1781620338,75,,Aggregated,356.600000,0.000000,3,3,3,4,4,6,18,170,680,750,750,48080,0,3,6.739478150108597,1.6171940078493208,2198.7522870185785,1390.1995632279534
1781620339,75,GET,/feed/{user_id},141.300000,0.000000,3,3,3,3,4,5,10,13,28,33,33,19264,0,3,3.2243384640632247,1.805645995773375,63.97583900252357,1160.8493044019933
1781620339,75,GET,/feed/{user_id}?with_fof=true,76.000000,0.000000,3,3,3,3,4,5,25,360,430,430,430,9635,0,3,14.621695949202795,1.8464069871697575,2198.7522870185785,3241.642864556305
1781620339,75,POST,/likes,7.100000,0.000000,3,4,4,4,5,6,8,18,18,18,18,990,0,3,3.7007593812604407,2.493806998245418,22.643706004600972,179.55252525252524
1781620339,75,POST,/posts,10.400000,0.000000,4,5,5,5,6,7,22,35,35,35,35,1484,0,4,4.617109189690637,3.12747698626481,44.32866501156241,227.10040431266847
1781620339,75,GET,/timeline/{user_id},88.100000,0.000000,3,3,3,3,4,5,18,130,190,190,190,12122,0,3,7.925133975613479,1.7986260063480586,1179.6935079910327,981.6975746576472
1781620339,75,GET,/users/{user_id},37.200000,0.000000,3,3,3,4,4,6,15,18,29,29,29,4940,0,3,3.1320594014613587,1.6171940078493208,47.19282401492819,259.4807692307692
1781620339,75,,Aggregated,360.100000,0.000000,3,3,3,3,4,5,12,24,370,430,430,48435,0,3,6.711057829314283,1.6171940078493208,2198.7522870185785,1389.337813564571
1781620340,75,GET,/feed/{user_id},143.000000,0.000000,3,3,3,3,4,5,8,11,24,33,33,19411,0,3,3.221471504798978,1.805645995773375,63.97583900252357,1160.9355520065942
1781620340,75,GET,/feed/{user_id}?with_fof=true,74.800000,0.000000,3,3,3,3,4,5,14,360,430,430,430,9709,0,3,14.605219784583246,1.8464069871697575,2198.7522870185785,3239.293542074364
1781620340,75,POST,/likes,7.800000,0.000000,3,4,4,4,5,6,8,8,8,8,8,998,0,3,3.707764683842364,2.493806998245418,22.643706004600972,179.55410821643287
1781620340,75,POST,/posts,10.400000,0.000000,4,5,5,5,6,7,9,22,22,22,22,1493,0,4,4.613713350601442,3.12747698626481,44.32866501156241,227.1011386470194
1781620340,75,GET,/timeline/{user_id},87.600000,0.000000,3,3,3,3,4,5,14,130,190,190,190,12220,0,3,7.8980257840568555,1.7986260063480586,1179.6935079910327,979.6578559738134
1781620340,75,GET,/users/{user_id},36.300000,0.000000,3,3,3,3,4,5,10,17,24,24,24,4974,0,3,3.1282907040930805,1.6171940078493208,47.19282401492819,259.47607559308403
1781620340,75,,Aggregated,359.900000,0.000000,3,3,3,3,4,5,10,19,370,430,430,48805,0,3,6.7000651264917135,1.6171940078493208,2198.7522870185785,1388.49566642762
1781620341,75,GET,/feed/{user_id},143.700000,0.000000,3,3,3,3,4,5,7,11,24,33,33,19551,0,3,3.2191150074060833,1.805645995773375,63.97583900252357,1161.2056672292977
1781620341,75,GET,/feed/{user_id}?with_fof=true,74.000000,0.000000,3,3,3,3,4,5,12,350,420,420,420,9792,0,3,14.507453726479321,1.8464069871697575,2198.7522870185785,3235.2272263071895
1781620341,75,POST,/likes,7.800000,0.000000,3,4,4,4,5,6,6,8,8,8,8,1004,0,3,3.7067433540253396,2.493806998245418,22.643706004600972,179.55677290836653
1781620341,75,POST,/posts,10.000000,0.000000,4,5,5,5,6,6,7,8,22,22,22,1505,0,4,4.611079624843972,3.12747698626481,44.32866501156241,227.09900332225914
1781620341,75,GET,/timeline/{user_id},89.300000,0.000000,3,3,3,3,4,5,12,130,190,190,190,12306,0,3,7.8764443590343625,1.7986260063480586,1179.6935079910327,982.5686656915326
1781620341,75,GET,/users/{user_id},36.600000,0.000000,3,3,3,3,4,5,9,15,24,24,24,5012,0,3,3.128227497646024,1.6171940078493208,47.19282401492819,259.47166799680764
1781620341,75,,Aggregated,361.400000,0.000000,3,3,3,3,4,5,8,15,360,420,420,49170,0,3,6.676049421655322,1.6171940078493208,2198.7522870185785,1388.9790115924345
1781620342,75,GET,/feed/{user_id},144.500000,0.000000,3,3,3,3,4,5,8,11,24,33,33,19697,0,3,3.2189252522076672,1.805645995773375,63.97583900252357,1158.4390516322283
1781620342,75,GET,/feed/{user_id}?with_fof=true,74.100000,0.000000,3,3,3,3,4,5,12,350,420,420,420,9875,0,3,14.44740245780094,1.8464069871697575,2198.7522870185785,3235.576202531646
1781620342,75,POST,/likes,7.900000,0.000000,3,4,4,4,5,6,6,8,8,8,8,1015,0,3,3.7067701541153446,2.493806998245418,22.643706004600972,179.55566502463054
1781620342,75,POST,/posts,10.500000,0.000000,4,4,5,5,6,6,7,8,22,22,22,1517,0,4,4.606219272513861,3.12747698626481,44.32866501156241,227.0969017798286
1781620342,75,GET,/timeline/{user_id},90.900000,0.000000,3,3,3,3,4,5,14,130,180,180,180,12396,0,3,7.869646890624148,1.7986260063480586,1179.6935079910327,982.1716682800903
1781620342,75,GET,/users/{user_id},35.800000,0.000000,3,3,3,3,4,5,9,14,24,24,24,5042,0,3,3.128869174748274,1.6171940078493208,47.19282401492819,259.4773899246331
1781620342,75,,Aggregated,363.700000,0.000000,3,3,3,3,4,5,9,18,360,420,420,49542,0,3,6.664026029260164,1.6171940078493208,2198.7522870185785,1388.2994025271487
1781620343,75,GET,/feed/{user_id},145.500000,0.000000,3,3,3,3,4,5,7,11,24,33,33,19851,0,3,3.2171064922161263,1.805645995773375,63.97583900252357,1159.3963528285728
1781620343,75,GET,/feed/{user_id}?with_fof=true,73.100000,0.000000,3,3,3,3,4,5,17,360,420,420,420,9943,0,3,14.478422086882478,1.8464069871697575,2198.7522870185785,3230.9974856683093
1781620343,75,POST,/likes,7.800000,0.000000,3,4,4,4,5,6,6,8,8,8,8,1023,0,3,3.7053592917238536,2.493806998245418,22.643706004600972,179.55327468230695
1781620343,75,POST,/posts,10.300000,0.000000,4,4,5,5,6,6,7,8,22,22,22,1525,0,4,4.604925809420462,3.12747698626481,44.32866501156241,227.0990163934426
1781620343,75,GET,/timeline/{user_id},89.700000,0.000000,3,3,3,3,4,5,12,90,180,180,180,12474,0,3,7.8374266403094515,1.7986260063480586,1179.6935079910327,981.2158088824756
1781620343,75,GET,/users/{user_id},36.800000,0.000000,3,3,3,3,4,5,10,14,24,24,24,5083,0,3,3.1264959957332725,1.6171940078493208,47.19282401492819,259.4861302380484
1781620343,75,,Aggregated,363.200000,0.000000,3,3,3,3,4,5,9,19,360,420,420,49899,0,3,6.659269028621552,1.6171940078493208,2198.7522870185785,1387.3954989077938
1781620344,75,GET,/feed/{user_id},145.000000,0.000000,3,3,3,3,4,5,7,11,21,23,23,19986,0,3,3.219949142249539,1.805645995773375,63.97583900252357,1159.8027118983289
1781620344,75,GET,/feed/{user_id}?with_fof=true,74.500000,0.000000,3,3,3,3,4,5,19,360,420,420,420,10009,0,3,14.465182300317803,1.8464069871697575,2198.7522870185785,3238.038865021481
1781620344,75,POST,/likes,7.700000,0.000000,3,4,4,4,5,6,6,8,8,8,8,1032,0,3,3.703163544029898,2.493806998245418,22.643706004600972,179.55910852713177
1781620344,75,POST,/posts,10.700000,0.000000,4,4,5,5,5,6,7,7,7,7,7,1533,0,4,4.601770293788313,3.12747698626481,44.32866501156241,227.09915198956296
1781620344,75,GET,/timeline/{user_id},89.800000,0.000000,3,3,3,3,4,5,11,71,180,180,180,12578,0,3,7.798633607827032,1.7986260063480586,1179.6935079910327,979.8755764032437
1781620344,75,GET,/users/{user_id},35.900000,0.000000,3,3,3,3,4,5,7,10,18,18,18,5126,0,3,3.125697891586958,1.6171940078493208,47.19282401492819,259.48927038626607
1781620344,75,,Aggregated,363.600000,0.000000,3,3,3,3,4,5,9,16,360,420,420,50264,0,3,6.647414307460999,1.6171940078493208,2198.7522870185785,1388.2264244787523
1781620345,75,GET,/feed/{user_id},145.900000,0.000000,3,3,3,3,4,4,7,11,21,23,23,20138,0,3,3.2173950172875916,1.805645995773375,63.97583900252357,1158.6443043003278
1781620345,75,GET,/feed/{user_id}?with_fof=true,74.300000,0.000000,3,3,3,3,4,5,19,360,390,390,390,10090,0,3,14.40966310205639,1.8464069871697575,2198.7522870185785,3239.1769078295342
1781620345,75,POST,/likes,7.700000,0.000000,3,4,4,4,5,5,6,8,8,8,8,1039,0,3,3.706091090897188,2.493806998245418,22.643706004600972,179.5543792107796
1781620345,75,POST,/posts,11.100000,0.000000,4,4,5,5,5,6,7,7,7,7,7,1541,0,4,4.604621340911551,3.12747698626481,44.32866501156241,227.09993510707332
1781620345,75,GET,/timeline/{user_id},88.500000,0.000000,3,3,3,3,4,5,11,83,180,180,180,12677,0,3,7.76698766475286,1.7986260063480586,1179.6935079910327,978.8050011832453
1781620345,75,GET,/users/{user_id},36.100000,0.000000,3,3,3,3,4,5,7,10,18,18,18,5160,0,3,3.1238943025697194,1.6171940078493208,47.19282401492819,259.48972868217055
1781620345,75,,Aggregated,363.600000,0.000000,3,3,3,3,4,5,8,16,360,390,390,50645,0,3,6.628752076513084,1.6171940078493208,2198.7522870185785,1388.091025767598
1781620346,75,GET,/feed/{user_id},145.200000,0.000000,3,3,3,3,4,4,6,11,21,21,21,20278,0,3,3.215385406760694,1.805645995773375,63.97583900252357,1157.9990137094387
1781620346,75,GET,/feed/{user_id}?with_fof=true,71.700000,0.000000,3,3,3,3,4,5,17,350,370,370,370,10166,0,3,14.323966662183635,1.8464069871697575,2198.7522870185785,3239.416191225654
1781620346,75,POST,/likes,7.900000,0.000000,3,4,4,4,5,6,6,8,8,8,8,1045,0,3,3.705447678856382,2.493806998245418,22.643706004600972,179.55693779904306
1781620346,75,POST,/posts,11.000000,0.000000,4,4,5,5,5,6,7,7,7,7,7,1551,0,4,4.603908086591295,3.12747698626481,44.32866501156241,227.10122501611863
1781620346,75,GET,/timeline/{user_id},89.100000,0.000000,3,3,3,3,4,5,7,19,180,180,180,12771,0,3,7.7436355241483845,1.7986260063480586,1179.6935079910327,977.7280557513116
1781620346,75,GET,/users/{user_id},36.700000,0.000000,3,3,3,3,4,5,7,10,18,18,18,5195,0,3,3.1229751567386317,1.6171940078493208,47.19282401492819,259.4854667949952
1781620346,75,,Aggregated,361.600000,0.000000,3,3,3,3,4,5,7,15,360,370,370,51006,0,3,6.606079870033259,1.6171940078493208,2198.7522870185785,1387.842057797122
1781620347,75,GET,/feed/{user_id},144.500000,0.000000,3,3,3,3,4,5,8,13,40,45,45,20438,0,3,3.2210111746396177,1.805645995773375,63.97583900252357,1157.004794989725
1781620347,75,GET,/feed/{user_id}?with_fof=true,72.200000,0.000000,3,3,3,3,4,5,17,350,370,370,370,10233,0,3,14.252042137162272,1.8464069871697575,2198.7522870185785,3242.5406039284667
1781620347,75,POST,/likes,7.300000,0.000000,3,4,4,4,5,6,6,8,8,8,8,1052,0,3,3.7020569110706187,2.493806998245418,22.643706004600972,179.55893536121673
1781620347,75,POST,/posts,10.800000,0.000000,4,4,5,5,5,6,7,7,7,7,7,1565,0,4,4.6011189024295875,3.12747698626481,44.32866501156241,227.10223642172525
1781620347,75,GET,/timeline/{user_id},91.400000,0.000000,3,3,3,3,4,5,12,83,180,180,180,12868,0,3,7.7353959664889365,1.7986260063480586,1179.6935079910327,979.4423375815977
1781620347,75,GET,/users/{user_id},37.100000,0.000000,3,3,3,3,4,5,10,14,35,35,35,5218,0,3,3.131324835983703,1.6171940078493208,47.19282401492819,259.4850517439632
1781620347,75,,Aggregated,363.300000,0.000000,3,3,3,3,4,5,10,19,360,370,370,51374,0,3,6.591774376543723,1.6171940078493208,2198.7522870185785,1388.4367578930976
1781620348,75,GET,/feed/{user_id},143.900000,0.000000,3,3,3,3,4,5,8,13,40,45,45,20580,0,3,3.219494946947886,1.805645995773375,63.97583900252357,1157.5501943634597
1781620348,75,GET,/feed/{user_id}?with_fof=true,73.400000,0.000000,3,3,3,3,4,5,19,350,370,370,370,10299,0,3,14.238113113561548,1.8464069871697575,2198.7522870185785,3245.780755413147
1781620348,75,POST,/likes,7.700000,0.000000,3,4,4,4,5,6,6,8,8,8,8,1058,0,3,3.7010105589806543,2.493806998245418,22.643706004600972,179.562381852552
1781620348,75,POST,/posts,10.200000,0.000000,4,4,5,5,5,6,7,9,9,9,9,1575,0,4,4.601617058617107,3.12747698626481,44.32866501156241,227.1015873015873
1781620348,75,GET,/timeline/{user_id},92.100000,0.000000,3,3,3,3,4,5,12,83,180,180,180,12978,0,3,7.705626785234975,1.7986260063480586,1179.6935079910327,983.511095700416
1781620348,75,GET,/users/{user_id},36.400000,0.000000,3,3,3,3,4,6,7,14,35,35,35,5250,0,3,3.1300241400243802,1.6171940078493208,47.19282401492819,259.48857142857145
1781620348,75,,Aggregated,363.700000,0.000000,3,3,3,3,4,5,11,19,360,370,370,51740,0,3,6.580885198248722,1.6171940078493208,2198.7522870185785,1390.117182064167
1781620349,75,GET,/feed/{user_id},144.200000,0.000000,3,3,3,3,4,5,7,13,40,45,45,20743,0,3,3.2162272502619915,1.805645995773375,63.97583900252357,1158.6831702261004
1781620349,75,GET,/feed/{user_id}?with_fof=true,73.200000,0.000000,3,3,3,3,4,5,17,350,370,370,370,10371,0,3,14.158598718506918,1.8464069871697575,2198.7522870185785,3250.8601870600714
1781620349,75,POST,/likes,8.100000,0.000000,3,4,4,4,5,5,6,6,6,6,6,1064,0,3,3.701990824623849,2.493806998245418,22.643706004600972,179.56484962406014
1781620349,75,POST,/posts,9.600000,0.000000,4,4,5,5,5,6,7,9,9,9,9,1584,0,4,4.600397122086371,3.12747698626481,44.32866501156241,227.1010101010101
1781620349,75,GET,/timeline/{user_id},92.600000,0.000000,3,3,3,3,4,5,12,83,180,180,180,13060,0,3,7.68872923245124,1.7986260063480586,1179.6935079910327,983.1714395099541
1781620349,75,GET,/users/{user_id},35.400000,0.000000,3,3,3,3,4,6,10,17,35,35,35,5286,0,3,3.1298067285398705,1.6171940078493208,47.19282401492819,259.48618993567914
1781620349,75,,Aggregated,363.100000,0.000000,3,3,3,3,4,5,11,19,360,370,370,52108,0,3,6.558262427717035,1.6171940078493208,2198.7522870185785,1391.5691256620864
1781620350,75,GET,/feed/{user_id},143.900000,0.000000,3,3,3,3,4,5,10,15,40,45,45,20899,0,3,3.216960691515347,1.805645995773375,63.97583900252357,1161.3287717115652
1781620350,75,GET,/feed/{user_id}?with_fof=true,73.300000,0.000000,3,3,3,3,4,5,17,340,370,370,370,10442,0,3,14.082317908115428,1.8464069871697575,2198.7522870185785,3245.930377322352
1781620350,75,POST,/likes,7.400000,0.000000,3,4,4,4,5,5,6,6,6,6,6,1071,0,3,3.7001964812672217,2.493806998245418,22.643706004600972,179.56302521008402
1781620350,75,POST,/posts,9.900000,0.000000,4,4,5,5,5,6,7,9,9,9,9,1592,0,4,4.5981889933358815,3.12747698626481,44.32866501156241,227.10175879396985
1781620350,75,GET,/timeline/{user_id},94.500000,0.000000,3,3,3,3,4,5,12,30,180,180,180,13140,0,3,7.658853568945132,1.7986260063480586,1179.6935079910327,983.5362252663623
1781620350,75,GET,/users/{user_id},35.100000,0.000000,3,3,3,3,4,6,10,17,35,35,35,5331,0,3,3.128096505505952,1.6171940078493208,47.19282401492819,259.48677546426563
1781620350,75,,Aggregated,364.100000,0.000000,3,3,3,3,4,5,11,18,360,370,370,52475,0,3,6.534068999793039,1.6171940078493208,2198.7522870185785,1391.6238780371605
1781620351,75,GET,/feed/{user_id},145.600000,0.000000,3,3,3,3,4,5,9,15,40,45,45,21047,0,3,3.2149772010232867,1.805645995773375,63.97583900252357,1159.7008599800447
1781620351,75,GET,/feed/{user_id}?with_fof=true,73.500000,0.000000,3,3,3,3,4,5,17,340,420,420,420,10505,0,3,14.088279948848433,1.8464069871697575,2198.7522870185785,3243.3927653498336
1781620351,75,POST,/likes,7.300000,0.000000,3,4,4,4,4,5,6,6,6,6,6,1076,0,3,3.6977155320010957,2.493806998245418,22.643706004600972,179.5604089219331
1781620351,75,POST,/posts,10.300000,0.000000,4,4,5,5,5,6,7,9,9,9,9,1601,0,4,4.596911486169745,3.12747698626481,44.32866501156241,227.10243597751406
1781620351,75,GET,/timeline/{user_id},93.800000,0.000000,3,3,3,3,4,5,11,24,180,180,180,13238,0,3,7.628101484360151,1.7986260063480586,1179.6935079910327,983.602810092159
1781620351,75,GET,/users/{user_id},34.400000,0.000000,3,3,3,3,4,6,10,17,35,35,35,5369,0,3,3.129540573621093,1.6171940078493208,47.19282401492819,259.48873160737566
1781620351,75,,Aggregated,364.900000,0.000000,3,3,3,3,4,5,10,18,360,420,420,52836,0,3,6.5255642744362214,1.6171940078493208,2198.7522870185785,1390.169429934136
1781620352,75,GET,/feed/{user_id},149.300000,0.000000,3,3,3,3,4,5,8,15,40,45,45,21202,0,3,3.2114616729048926,1.805645995773375,63.97583900252357,1159.7054523158192
1781620352,75,GET,/feed/{user_id}?with_fof=true,72.800000,0.000000,3,3,3,3,4,5,14,340,420,420,420,10577,0,3,14.048479586340136,1.8464069871697575,2198.7522870185785,3243.382811761369
1781620352,75,POST,/likes,7.100000,0.000000,3,4,4,4,4,5,6,6,6,6,6,1082,0,3,3.695576621446321,2.493806998245418,22.643706004600972,179.56284658040664
1781620352,75,POST,/posts,9.600000,0.000000,4,4,5,5,5,6,7,9,9,9,9,1610,0,4,4.595749681545797,3.12747698626481,44.32866501156241,227.09937888198758
1781620352,75,GET,/timeline/{user_id},92.000000,0.000000,3,3,3,3,4,5,12,67,200,200,200,13325,0,3,7.625762186712964,1.7986260063480586,1179.6935079910327,983.5144465290807
1781620352,75,GET,/users/{user_id},35.500000,0.000000,3,3,3,3,4,6,9,17,35,35,35,5403,0,3,3.127319972015219,1.6171940078493208,47.19282401492819,259.48750694058856
1781620352,75,,Aggregated,366.300000,0.000000,3,3,3,3,4,5,10,18,360,420,420,53199,0,3,6.51493713814341,1.6171940078493208,2198.7522870185785,1390.2628432865279
1781620353,75,GET,/feed/{user_id},148.700000,0.000000,3,3,3,3,4,5,7,12,40,45,45,21360,0,3,3.2092736679648595,1.805645995773375,63.97583900252357,1159.6591760299625
1781620353,75,GET,/feed/{user_id}?with_fof=true,72.700000,0.000000,3,3,3,3,4,5,14,240,420,420,420,10645,0,3,13.979576055480285,1.8464069871697575,2198.7522870185785,3249.3699389384687
1781620353,75,POST,/likes,7.100000,0.000000,3,4,4,4,5,6,7,7,7,7,7,1085,0,3,3.7016539635138868,2.493806998245418,22.643706004600972,179.563133640553
1781620353,75,POST,/posts,10.100000,0.000000,4,5,5,5,5,6,7,9,9,9,9,1618,0,4,4.595379014400194,3.12747698626481,44.32866501156241,227.09950556242273
1781620353,75,GET,/timeline/{user_id},91.800000,0.000000,3,3,3,3,4,5,13,67,200,200,200,13421,0,3,7.595685828025154,1.7986260063480586,1179.6935079910327,981.8351091572908
1781620353,75,GET,/users/{user_id},35.500000,0.000000,3,3,3,3,4,6,8,15,35,35,35,5441,0,3,3.125296192017925,1.6171940078493208,47.19282401492819,259.49200514611283
1781620353,75,,Aggregated,365.900000,0.000000,3,3,3,3,4,5,9,17,360,420,420,53570,0,3,6.491706674122162,1.6171940078493208,2198.7522870185785,1390.9135896957252
1781620354,75,GET,/feed/{user_id},150.200000,0.000000,3,3,3,3,4,5,7,12,40,45,45,21508,0,3,3.2088438188905606,1.805645995773375,63.97583900252357,1161.352194532267
1781620354,75,GET,/feed/{user_id}?with_fof=true,70.400000,0.000000,3,3,3,3,4,5,14,240,420,420,420,10715,0,3,13.941362243838004,1.8464069871697575,2198.7522870185785,3252.6252916472235
1781620354,75,POST,/likes,6.400000,0.000000,3,4,4,4,5,6,7,7,7,7,7,1095,0,3,3.7036186643104285,2.493806998245418,22.643706004600972,179.56164383561645
1781620354,75,POST,/posts,9.800000,0.000000,4,4,5,5,5,6,7,9,9,9,9,1628,0,4,4.593456863209432,3.12747698626481,44.32866501156241,227.0982800982801
1781620354,75,GET,/timeline/{user_id},92.700000,0.000000,3,3,3,3,4,5,13,83,200,200,200,13518,0,3,7.573805714527494,1.7986260063480586,1179.6935079910327,982.6890812250333
1781620354,75,GET,/users/{user_id},36.000000,0.000000,3,3,3,4,4,6,9,15,35,35,35,5487,0,3,3.124049102196445,1.6131580050569028,47.19282401492819,259.4995443776198
1781620354,75,,Aggregated,365.500000,0.000000,3,3,3,3,4,5,9,17,360,420,420,53951,0,3,6.4772753532442735,1.6131580050569028,2198.7522870185785,1392.0862263906138
1781620355,75,GET,/feed/{user_id},150.100000,0.000000,3,3,3,3,4,5,7,13,40,45,45,21658,0,3,3.207443546150494,1.805645995773375,63.97583900252357,1159.95955305199
1781620355,75,GET,/feed/{user_id}?with_fof=true,69.800000,0.000000,3,3,3,3,4,5,14,29,420,420,420,10786,0,3,13.869400278294767,1.8464069871697575,2198.7522870185785,3251.063044687558
1781620355,75,POST,/likes,6.400000,0.000000,3,4,4,4,5,5,7,7,7,7,7,1104,0,3,3.7039999278931646,2.493806998245418,22.643706004600972,179.56340579710144
1781620355,75,POST,/posts,9.400000,0.000000,4,4,5,5,5,6,7,9,9,9,9,1638,0,4,4.5909671387871125,3.12747698626481,44.32866501156241,227.0976800976801
1781620355,75,GET,/timeline/{user_id},94.800000,0.000000,3,3,3,3,4,5,16,160,200,200,200,13603,0,3,7.569524983850532,1.7986260063480586,1179.6935079910327,983.4401970153642
1781620355,75,GET,/users/{user_id},36.100000,0.000000,3,3,3,4,4,6,9,15,35,35,35,5522,0,3,3.1215896656425475,1.6131580050569028,47.19282401492819,259.5001810938066
1781620355,75,,Aggregated,366.600000,0.000000,3,3,3,3,4,5,9,18,360,420,420,54311,0,3,6.460515370862975,1.6131580050569028,2198.7522870185785,1391.4177790871095
1781620356,75,GET,/feed/{user_id},149.800000,0.000000,3,3,3,3,4,5,8,13,40,45,45,21799,0,3,3.2068397820399315,1.805645995773375,63.97583900252357,1163.8193953851094
1781620356,75,GET,/feed/{user_id}?with_fof=true,70.900000,0.000000,3,3,3,3,4,5,14,240,430,430,430,10868,0,3,13.8254572737127,1.8464069871697575,2198.7522870185785,3246.9152557968346
1781620356,75,POST,/likes,6.300000,0.000000,4,4,4,4,5,5,7,7,7,7,7,1114,0,3,3.7018703980485475,2.493806998245418,22.643706004600972,179.55834829443447
1781620356,75,POST,/posts,9.500000,0.000000,4,4,5,5,5,6,7,9,9,9,9,1645,0,4,4.589213764328243,3.097872977377847,44.32866501156241,227.0984802431611
1781620356,75,GET,/timeline/{user_id},93.500000,0.000000,3,3,3,3,4,4,12,67,200,200,200,13691,0,3,7.552397563096449,1.7986260063480586,1179.6935079910327,983.9956175589804
1781620356,75,GET,/users/{user_id},36.500000,0.000000,3,3,3,4,4,6,8,15,35,35,35,5567,0,3,3.117283679328406,1.6131580050569028,47.19282401492819,259.4938027663014
1781620356,75,,Aggregated,366.500000,0.000000,3,3,3,3,4,5,9,17,360,430,430,54684,0,3,6.4477343209040825,1.6131580050569028,2198.7522870185785,1392.503565942506
1781620357,75,GET,/feed/{user_id},152.000000,0.000000,3,3,3,3,4,5,7,12,18,22,22,21965,0,3,3.2058873513624224,1.805645995773375,63.97583900252357,1161.6395174140678
1781620357,75,GET,/feed/{user_id}?with_fof=true,70.100000,0.000000,3,3,3,3,4,5,11,25,430,430,430,10955,0,3,13.771775058853864,1.8464069871697575,2198.7522870185785,3247.592606115929
1781620357,75,POST,/likes,6.800000,0.000000,4,4,4,4,5,5,7,7,7,7,7,1120,0,3,3.700371602125025,2.4920750001911074,22.643706004600972,179.55892857142857
1781620357,75,POST,/posts,9.300000,0.000000,4,4,5,5,5,6,6,7,7,7,7,1654,0,4,4.587949822410325,3.097872977377847,44.32866501156241,227.09733978234584
1781620357,75,GET,/timeline/{user_id},92.600000,0.000000,3,3,3,3,4,5,13,99,200,200,200,13774,0,3,7.545007412974498,1.7986260063480586,1179.6935079910327,983.25678815159
1781620357,75,GET,/users/{user_id},36.300000,0.000000,3,3,3,3,4,6,6,13,17,17,17,5595,0,3,3.115744037130037,1.6131580050569028,47.19282401492819,259.49544235924935
1781620357,75,,Aggregated,367.100000,0.000000,3,3,3,3,4,5,8,15,360,430,430,55063,0,3,6.435855595174976,1.6131580050569028,2198.7522870185785,1392.3100811797397
1781620358,75,GET,/feed/{user_id},150.900000,0.000000,3,3,3,3,4,5,7,12,18,22,22,22118,0,3,3.2035471136614975,1.805645995773375,63.97583900252357,1160.860746902975
1781620358,75,GET,/feed/{user_id}?with_fof=true,70.100000,0.000000,3,3,3,3,4,5,12,25,430,430,430,11029,0,3,13.699467711562981,1.8464069871697575,2198.7522870185785,3243.3587813945055
1781620358,75,POST,/likes,7.000000,0.000000,3,4,4,4,5,5,7,7,7,7,7,1128,0,3,3.7002193930933287,2.4920750001911074,22.643706004600972,179.56028368794327
1781620358,75,POST,/posts,9.200000,0.000000,4,4,5,5,6,6,6,7,7,7,7,1659,0,4,4.588960678864135,3.097872977377847,44.32866501156241,227.09825195901146
1781620358,75,GET,/timeline/{user_id},92.000000,0.000000,3,3,3,3,4,5,20,160,200,200,200,13867,0,3,7.534571344068076,1.7986260063480586,1179.6935079910327,982.5851301651403
1781620358,75,GET,/users/{user_id},36.800000,0.000000,2,3,3,3,4,5,6,9,15,15,15,5633,0,3,3.1129817162768445,1.6131580050569028,47.19282401492819,259.49476300372805
1781620358,75,,Aggregated,366.000000,0.000000,3,3,3,3,4,5,8,16,360,430,430,55434,0,3,6.417573051347864,1.6131580050569028,2198.7522870185785,1391.0860482736227
1781620359,75,GET,/feed/{user_id},151.200000,0.000000,3,3,3,3,4,4,8,12,18,22,22,22251,0,3,3.202381558269607,1.805645995773375,63.97583900252357,1159.7519662037662
1781620359,75,GET,/feed/{user_id}?with_fof=true,72.100000,0.000000,3,3,3,3,4,5,12,25,430,430,430,11124,0,3,13.63999659321188,1.8464069871697575,2198.7522870185785,3239.641855447681
1781620359,75,POST,/likes,6.600000,0.000000,3,4,4,4,5,5,7,7,7,7,7,1134,0,3,3.6972403028461263,2.4920750001911074,22.643706004600972,179.56172839506172
1781620359,75,POST,/posts,9.000000,0.000000,4,5,5,5,6,6,7,8,8,8,8,1671,0,4,4.592274626688268,3.097872977377847,44.32866501156241,227.09634949132257
1781620359,75,GET,/timeline/{user_id},90.800000,0.000000,3,3,3,3,4,5,21,160,200,200,200,13958,0,3,7.521882577666098,1.7986260063480586,1179.6935079910327,984.0623298466829
1781620359,75,GET,/users/{user_id},38.100000,0.000000,3,3,3,3,4,5,6,9,15,15,15,5659,0,3,3.1118234327174217,1.6131580050569028,47.19282401492819,259.4963774518466
1781620359,75,,Aggregated,367.800000,0.000000,3,3,3,3,4,5,10,17,360,430,430,55797,0,3,6.406332264913541,1.6131580050569028,2198.7522870185785,1391.3032958761223
1781620360,75,GET,/feed/{user_id},153.800000,0.000000,3,3,3,3,4,5,7,12,21,22,22,22390,0,3,3.2030296063016,1.805645995773375,63.97583900252357,1157.8035283608754
1781620360,75,GET,/feed/{user_id}?with_fof=true,71.600000,0.000000,3,3,3,3,4,5,11,25,430,430,430,11192,0,3,13.638635460143,1.8464069871697575,2198.7522870185785,3235.7427626876342
1781620360,75,POST,/likes,6.900000,0.000000,3,4,4,4,5,5,7,7,7,7,7,1143,0,3,3.6973876924248295,2.4920750001911074,22.643706004600972,179.56517935258094
1781620360,75,POST,/posts,8.500000,0.000000,4,5,5,5,6,6,7,8,8,8,8,1683,0,4,4.589686985231385,3.097872977377847,44.32866501156241,227.09566250742722
1781620360,75,GET,/timeline/{user_id},90.200000,0.000000,3,3,3,3,4,5,22,160,200,200,200,14046,0,3,7.504655570764988,1.7986260063480586,1179.6935079910327,983.517941050833
1781620360,75,GET,/users/{user_id},37.900000,0.000000,3,3,3,3,4,5,6,8,13,13,13,5702,0,3,3.1132784505165745,1.6131580050569028,47.19282401492819,259.4945633111189
1781620360,75,,Aggregated,368.900000,0.000000,3,3,3,3,4,5,9,17,360,430,430,56156,0,3,6.401316050919044,1.6131580050569028,2198.7522870185785,1389.3302585654249
1781620361,75,GET,/feed/{user_id},151.600000,0.000000,3,3,3,3,4,5,8,12,21,22,22,22545,0,3,3.202509799609221,1.805645995773375,63.97583900252357,1157.443291195387
1781620361,75,GET,/feed/{user_id}?with_fof=true,74.500000,0.000000,3,3,3,3,4,5,11,25,430,430,430,11269,0,3,13.60076951085762,1.8464069871697575,2198.7522870185785,3244.7614695181474
1781620361,75,POST,/likes,7.000000,0.000000,3,4,4,4,5,5,7,7,7,7,7,1148,0,3,3.697150259984305,2.4920750001911074,22.643706004600972,179.56445993031357
1781620361,75,POST,/posts,8.400000,0.000000,4,4,5,5,6,6,7,8,8,8,8,1690,0,4,4.587960188857765,3.097872977377847,44.32866501156241,227.0940828402367
1781620361,75,GET,/timeline/{user_id},89.100000,0.000000,3,3,3,3,4,5,18,160,180,180,180,14132,0,3,7.490259200324203,1.7986260063480586,1179.6935079910327,982.2432069063119
1781620361,75,GET,/users/{user_id},37.900000,0.000000,3,3,3,3,4,5,6,6,13,13,13,5748,0,3,3.109774441014659,1.6131580050569028,47.19282401492819,259.4937369519833
1781620361,75,,Aggregated,368.600000,0.000000,3,3,3,3,4,5,8,16,360,430,430,56532,0,3,6.38917715229622,1.6131580050569028,2198.7522870185785,1390.7580839170735
1781620362,75,GET,/feed/{user_id},148.700000,0.000000,3,3,3,3,4,5,9,12,21,22,22,22692,0,3,3.2013735792003137,1.805645995773375,63.97583900252357,1155.4101445443328
1781620362,75,GET,/feed/{user_id}?with_fof=true,75.100000,0.000000,3,3,3,3,4,5,11,25,430,430,430,11330,0,3,13.5437826861171,1.8464069871697575,2198.7522870185785,3243.765489849956
1781620362,75,POST,/likes,7.100000,0.000000,3,4,4,4,5,5,5,7,7,7,7,1155,0,3,3.694921607344141,2.4920750001911074,22.643706004600972,179.56536796536795
1781620362,75,POST,/posts,9.000000,0.000000,4,5,5,5,6,6,7,8,8,8,8,1699,0,4,4.586673827017995,3.097872977377847,44.32866501156241,227.09535020600353
1781620362,75,GET,/timeline/{user_id},89.900000,0.000000,3,3,3,3,4,5,18,170,180,180,180,14238,0,3,7.468390519371918,1.7986260063480586,1179.6935079910327,983.0658800393313
1781620362,75,GET,/users/{user_id},37.600000,0.000000,3,3,3,3,4,5,6,6,13,13,13,5780,0,3,3.1076136698634573,1.6131580050569028,47.19282401492819,259.4937716262976
1781620362,75,,Aggregated,367.400000,0.000000,3,3,3,3,4,5,10,17,360,430,430,56894,0,3,6.370688853097593,1.6131580050569028,2198.7522870185785,1389.6092558090484
1781620363,75,GET,/feed/{user_id},148.600000,0.000000,3,3,3,3,4,5,9,12,22,24,24,22824,0,3,3.202915173992231,1.805645995773375,63.97583900252357,1156.1007711181212
1781620363,75,GET,/feed/{user_id}?with_fof=true,75.300000,0.000000,3,3,3,3,4,5,11,350,430,430,430,11406,0,3,13.566118990853935,1.8464069871697575,2198.7522870185785,3244.541820094687
1781620363,75,POST,/likes,7.200000,0.000000,3,4,4,4,5,5,5,5,5,5,5,1161,0,3,3.693154631767135,2.4920750001911074,22.643706004600972,179.56416881998277
1781620363,75,POST,/posts,8.700000,0.000000,4,4,5,5,5,6,6,8,8,8,8,1715,0,4,4.582724404102463,3.097872977377847,44.32866501156241,227.0932944606414
1781620363,75,GET,/timeline/{user_id},90.300000,0.000000,3,3,3,3,4,5,17,160,180,180,180,14347,0,3,7.444175752483512,1.7986260063480586,1179.6935079910327,984.3770823168607
1781620363,75,GET,/users/{user_id},37.900000,0.000000,3,3,3,3,4,5,6,9,19,19,19,5817,0,3,3.111647313870333,1.6131580050569028,47.19282401492819,259.500429774798
1781620363,75,,Aggregated,368.000000,0.000000,3,3,3,3,4,5,10,17,360,430,430,57270,0,3,6.371357708522101,1.6131580050569028,2198.7522870185785,1390.3334904836738
1781620364,75,GET,/feed/{user_id},147.900000,0.000000,3,3,3,3,4,5,8,12,21,24,24,22962,0,3,3.200961680652845,1.805645995773375,63.97583900252357,1156.6607438376448
1781620364,75,GET,/feed/{user_id}?with_fof=true,75.500000,0.000000,3,3,3,3,4,5,11,350,430,430,430,11483,0,3,13.528154408491684,1.8464069871697575,2198.7522870185785,3243.0963162936514
1781620364,75,POST,/likes,7.400000,0.000000,3,4,4,4,5,5,5,5,5,5,5,1170,0,3,3.6898186183823114,2.4920750001911074,22.643706004600972,179.56410256410257
1781620364,75,POST,/posts,8.900000,0.000000,4,4,5,5,6,6,6,8,8,8,8,1724,0,4,4.580863383452769,3.097872977377847,44.32866501156241,227.09338747099767
1781620364,75,GET,/timeline/{user_id},91.100000,0.000000,3,3,3,3,4,5,17,160,180,180,180,14437,0,3,7.427625509867161,1.7986260063480586,1179.6935079910327,988.93391978943
1781620364,75,GET,/users/{user_id},37.700000,0.000000,3,3,3,3,4,6,6,9,19,19,19,5857,0,3,3.1101020749324664,1.6131580050569028,47.19282401492819,259.50179272665184
1781620364,75,,Aggregated,368.500000,0.000000,3,3,3,3,4,5,10,17,380,430,430,57633,0,3,6.359330119536935,1.6131580050569028,2198.7522870185785,1391.5371228289348
1781620365,75,GET,/feed/{user_id},147.200000,0.000000,3,3,3,3,4,5,10,14,40,44,44,23116,0,3,3.207641609451446,1.805645995773375,63.97583900252357,1158.0948693545597
1781620365,75,GET,/feed/{user_id}?with_fof=true,75.600000,0.000000,3,3,3,3,4,5,14,350,390,390,390,11547,0,3,13.511302917887825,1.8464069871697575,2198.7522870185785,3240.7016541092926
1781620365,75,POST,/likes,7.300000,0.000000,3,4,4,4,4,5,5,5,5,5,5,1176,0,3,3.6886844239165995,2.4920750001911074,22.643706004600972,179.5654761904762
1781620365,75,POST,/posts,9.600000,0.000000,4,4,5,5,6,6,8,28,28,28,28,1733,0,4,4.595894784251049,3.097872977377847,44.32866501156241,227.09405654933641
1781620365,75,GET,/timeline/{user_id},92.100000,0.000000,3,3,3,3,4,5,16,100,180,180,180,14529,0,3,7.4048672131517295,1.7986260063480586,1179.6935079910327,986.7882166701081
1781620365,75,GET,/users/{user_id},37.500000,0.000000,3,3,3,3,4,6,9,19,45,45,45,5900,0,3,3.127828807292814,1.6131580050569028,47.19282401492819,259.50288135593223
1781620365,75,,Aggregated,369.300000,0.000000,3,3,3,3,4,5,11,28,360,390,390,58001,0,3,6.3534239493021225,1.6131580050569028,2198.7522870185785,1390.7301425837486
1781620366,75,GET,/feed/{user_id},145.400000,0.000000,3,3,3,3,4,5,10,15,40,44,44,23265,0,3,3.2073694498373473,1.805645995773375,63.97583900252357,1156.2738018482698
1781620366,75,GET,/feed/{user_id}?with_fof=true,76.700000,0.000000,3,3,3,3,4,5,31,350,390,390,390,11626,0,3,13.460132976584653,1.8464069871697575,2198.7522870185785,3234.278771718562
1781620366,75,POST,/likes,7.200000,0.000000,3,4,4,4,4,5,5,5,5,5,5,1184,0,3,3.6872212673384834,2.4920750001911074,22.643706004600972,179.56841216216216
1781620366,75,POST,/posts,9.500000,0.000000,4,5,5,5,6,7,8,28,28,28,28,1744,0,4,4.597373236878695,3.097872977377847,44.32866501156241,227.0934633027523
1781620366,75,GET,/timeline/{user_id},93.300000,0.000000,3,3,3,3,4,5,16,99,180,180,180,14630,0,3,7.374012600265679,1.7986260063480586,1179.6935079910327,989.5142857142857
1781620366,75,GET,/users/{user_id},37.000000,0.000000,3,3,3,3,4,6,10,19,45,45,45,5929,0,3,3.1255118121153243,1.6131580050569028,47.19282401492819,259.50143363130377
1781620366,75,,Aggregated,369.100000,0.000000,3,3,3,3,4,5,11,25,360,390,390,58378,0,3,6.336349464144077,1.6131580050569028,2198.7522870185785,1389.6720168556649
1781620367,75,GET,/feed/{user_id},145.300000,0.000000,3,3,3,3,4,5,11,15,40,44,44,23401,0,3,3.2076811618573497,1.805645995773375,63.97583900252357,1156.2631938806035
1781620367,75,GET,/feed/{user_id}?with_fof=true,76.100000,0.000000,3,3,3,4,4,5,14,350,390,390,390,11714,0,3,13.382592107632865,1.8464069871697575,2198.7522870185785,3238.5057196516987
1781620367,75,POST,/likes,6.900000,0.000000,3,3,4,4,4,4,5,5,5,5,5,1192,0,3,3.6847462957276065,2.4920750001911074,22.643706004600972,179.5704697986577
1781620367,75,POST,/posts,9.400000,0.000000,4,5,5,5,6,7,10,28,28,28,28,1756,0,4,4.6005294021174725,3.097872977377847,44.32866501156241,227.09282460136674
1781620367,75,GET,/timeline/{user_id},92.900000,0.000000,3,3,3,3,4,5,15,41,180,180,180,14715,0,3,7.355406386883375,1.7986260063480586,1179.6935079910327,989.4668705402651
1781620367,75,GET,/users/{user_id},37.400000,0.000000,3,3,3,3,4,6,10,19,45,45,45,5964,0,3,3.124726328305348,1.6131580050569028,47.19282401492819,259.5031857813548
1781620367,75,,Aggregated,368.000000,0.000000,3,3,3,4,4,5,11,24,360,390,390,58742,0,3,6.318614463877,1.6131580050569028,2198.7522870185785,1391.0673112934528
1781620368,75,GET,/feed/{user_id},145.800000,0.000000,3,3,3,3,4,5,11,15,40,44,44,23551,0,3,3.205933035051882,1.805645995773375,63.97583900252357,1156.210734151416
1781620368,75,GET,/feed/{user_id}?with_fof=true,75.500000,0.000000,3,3,3,3,4,5,14,350,390,390,390,11781,0,3,13.323420639485404,1.8464069871697575,2198.7522870185785,3235.651048298107
1781620368,75,POST,/likes,7.000000,0.000000,3,4,4,4,4,4,5,5,5,5,5,1198,0,3,3.6844984511990577,2.4920750001911074,22.643706004600972,179.57095158597662
1781620368,75,POST,/posts,9.900000,0.000000,4,5,5,5,6,7,10,28,28,28,28,1762,0,4,4.60038414705245,3.097872977377847,44.32866501156241,227.09364358683314
1781620368,75,GET,/timeline/{user_id},92.800000,0.000000,3,3,3,3,4,5,11,25,180,180,180,14815,0,3,7.336555107345335,1.7986260063480586,1179.6935079910327,990.220722240972
1781620368,75,GET,/users/{user_id},37.500000,0.000000,3,3,3,3,5,6,9,19,45,45,45,6003,0,3,3.1217160454895607,1.6131580050569028,47.19282401492819,259.5022488755622
1781620368,75,,Aggregated,368.500000,0.000000,3,3,3,4,4,5,11,21,360,390,390,59110,0,3,6.300402280668623,1.6131580050569028,2198.7522870185785,1390.4973946878702
1781620369,75,GET,/feed/{user_id},144.100000,0.000000,3,3,3,3,4,5,11,14,40,44,44,23682,0,3,3.2033667138564095,1.805645995773375,63.97583900252357,1155.982011654421
1781620369,75,GET,/feed/{user_id}?with_fof=true,75.400000,0.000000,3,3,3,4,4,5,14,340,390,390,390,11854,0,3,13.278463287227646,1.8464069871697575,2198.7522870185785,3235.699426353973
1781620369,75,POST,/likes,7.200000,0.000000,3,4,4,4,4,4,5,5,5,5,5,1208,0,3,3.6820455054401355,2.4920750001911074,22.643706004600972,179.56953642384107
1781620369,75,POST,/posts,10.300000,0.000000,4,4,5,5,6,7,10,28,28,28,28,1773,0,4,4.59910176147576,3.097872977377847,44.32866501156241,227.09531866892274
1781620369,75,GET,/timeline/{user_id},94.100000,0.000000,3,3,3,3,4,5,11,22,180,180,180,14917,0,3,7.304348364715131,1.7986260063480586,1179.6935079910327,990.091506335054
1781620369,75,GET,/users/{user_id},36.100000,0.000000,2,3,3,3,4,6,9,19,45,45,45,6042,0,3,3.1178700991506845,1.6131580050569028,47.19282401492819,259.5004965243297
1781620369,75,,Aggregated,367.200000,0.000000,3,3,3,4,4,5,11,20,350,390,390,59476,0,3,6.2826062346751,1.6131580050569028,2198.7522870185785,1390.2852242921515
1781620370,75,GET,/feed/{user_id},142.900000,0.000000,3,3,3,3,4,5,11,17,40,44,44,23839,0,3,3.207965767803534,1.805645995773375,63.97583900252357,1160.123201476572
1781620370,75,GET,/feed/{user_id}?with_fof=true,76.400000,0.000000,3,3,3,3,4,5,31,350,390,390,390,11917,0,3,13.284062593417277,1.8464069871697575,2198.7522870185785,3237.2347067214905
1781620370,75,POST,/likes,7.100000,0.000000,3,3,4,4,4,4,5,5,5,5,5,1218,0,3,3.678910755774095,2.4920750001911074,22.643706004600972,179.56650246305418
1781620370,75,POST,/posts,10.200000,0.000000,4,5,5,5,6,7,10,28,28,28,28,1785,0,4,4.597944909274964,3.097872977377847,44.32866501156241,227.09467787114846
1781620370,75,GET,/timeline/{user_id},93.300000,0.000000,3,3,3,3,4,5,12,41,180,180,180,15000,0,3,7.315207361228143,1.7986260063480586,1179.6935079910327,990.3061333333334
1781620370,75,GET,/users/{user_id},36.600000,0.000000,2,3,3,3,5,6,17,25,45,45,45,6075,0,3,3.126768724616318,1.6131580050569028,47.19282401492819,259.5038683127572
1781620370,75,,Aggregated,366.500000,0.000000,3,3,3,4,4,5,12,25,360,390,390,59834,0,3,6.287267193376292,1.6131580050569028,2198.7522870185785,1392.0088411271183
1781620371,75,GET,/feed/{user_id},143.500000,0.000000,3,3,3,3,4,5,11,17,40,44,44,23981,0,3,3.205862535860485,1.805645995773375,63.97583900252357,1160.0243943121638
1781620371,75,GET,/feed/{user_id}?with_fof=true,73.500000,0.000000,3,3,3,3,4,5,31,350,380,380,380,11997,0,3,13.244120947053707,1.8464069871697575,2198.7522870185785,3239.0191714595317
1781620371,75,POST,/likes,7.100000,0.000000,3,4,4,4,4,4,5,5,5,5,5,1224,0,3,3.680510989795865,2.4920750001911074,22.643706004600972,179.56944444444446
1781620371,75,POST,/posts,10.700000,0.000000,4,5,5,5,6,7,10,28,28,28,28,1792,0,4,4.597264279579706,3.097872977377847,44.32866501156241,227.09542410714286
1781620371,75,GET,/timeline/{user_id},95.100000,0.000000,3,3,3,3,4,5,11,41,180,180,180,15098,0,3,7.286536928766569,1.7986260063480586,1179.6935079910327,988.2616902901046
1781620371,75,GET,/users/{user_id},37.500000,0.000000,2,3,3,3,5,6,17,25,45,45,45,6107,0,3,3.124763464397268,1.6131580050569028,47.19282401492819,259.51138038316685
1781620371,75,,Aggregated,367.300000,0.000000,3,3,3,4,4,5,12,25,360,380,380,60199,0,3,6.272659289064309,1.6131580050569028,2198.7522870185785,1392.2061329922424
1781620372,75,GET,/feed/{user_id},143.800000,0.000000,3,3,3,3,4,5,11,17,40,44,44,24118,0,3,3.205539705254955,1.805645995773375,63.97583900252357,1157.0554357741107
1781620372,75,GET,/feed/{user_id}?with_fof=true,72.400000,0.000000,3,3,3,3,4,5,14,240,380,380,380,12082,0,3,13.2334206805839,1.8464069871697575,2198.7522870185785,3239.594769077967
1781620372,75,POST,/likes,7.400000,0.000000,3,4,4,4,4,5,5,8,8,8,8,1229,0,3,3.684079284386435,2.4920750001911074,22.643706004600972,179.5687550854353
1781620372,75,POST,/posts,10.200000,0.000000,4,5,5,5,6,7,10,28,28,28,28,1809,0,4,4.599188678865612,3.097872977377847,44.32866501156241,227.09729132117192
1781620372,75,GET,/timeline/{user_id},95.800000,0.000000,3,3,3,3,4,5,15,100,170,170,170,15184,0,3,7.2867888849866915,1.7986260063480586,1179.6935079910327,986.4982876712329
1781620372,75,GET,/users/{user_id},36.900000,0.000000,2,3,3,3,5,6,12,25,45,45,45,6139,0,3,3.126889896273172,1.6131580050569028,47.19282401492819,259.5201172829451
1781620372,75,,Aggregated,366.500000,0.000000,3,3,3,4,4,5,12,25,360,380,380,60561,0,3,6.272743853925652,1.6131580050569028,2198.7522870185785,1391.164941133733
1781620373,75,GET,/feed/{user_id},144.600000,0.000000,3,3,3,3,4,5,11,17,40,44,44,24281,0,3,3.2041059510664245,1.805645995773375,63.97583900252357,1159.057534697912
1781620373,75,GET,/feed/{user_id}?with_fof=true,73.700000,0.000000,3,3,3,3,4,5,14,240,380,380,380,12161,0,3,13.167401794995044,1.8464069871697575,2198.7522870185785,3234.4012005591644
1781620373,75,POST,/likes,7.500000,0.000000,3,4,4,4,4,4,5,8,8,8,8,1234,0,3,3.6815605879152975,2.4920750001911074,22.643706004600972,179.56969205834685
1781620373,75,POST,/posts,10.100000,0.000000,4,5,5,5,7,7,10,28,28,28,28,1820,0,4,4.599545460471315,3.097872977377847,44.32866501156241,227.09285714285716
1781620373,75,GET,/timeline/{user_id},94.900000,0.000000,3,3,3,3,4,5,16,100,170,170,170,15269,0,3,7.275813145628148,1.7986260063480586,1179.6935079910327,986.3334861484053
1781620373,75,GET,/users/{user_id},35.400000,0.000000,2,3,3,3,5,6,12,25,45,45,45,6171,0,3,3.125113711271781,1.6131580050569028,47.19282401492819,259.5292497164155
1781620373,75,,Aggregated,366.200000,0.000000,3,3,3,4,4,5,12,26,360,380,380,60936,0,3,6.256094196586225,1.6131580050569028,2198.7522870185785,1391.1876066692923
1781620374,75,GET,/feed/{user_id},143.500000,0.000000,3,3,3,3,4,5,12,18,40,44,44,24434,0,3,3.2053502259973703,1.805645995773375,63.97583900252357,1157.288696079234
1781620374,75,GET,/feed/{user_id}?with_fof=true,74.300000,0.000000,3,3,3,3,4,5,14,35,370,370,370,12228,0,3,13.112422433898908,1.8464069871697575,2198.7522870185785,3235.63485443245
1781620374,75,POST,/likes,7.500000,0.000000,3,4,4,4,4,4,5,8,8,8,8,1238,0,3,3.680100721716715,2.4920750001911074,22.643706004600972,179.5702746365105
1781620374,75,POST,/posts,10.500000,0.000000,4,5,5,5,7,7,8,10,28,28,28,1834,0,4,4.598588355586609,3.097872977377847,44.32866501156241,227.09051254089422
1781620374,75,GET,/timeline/{user_id},94.500000,0.000000,3,3,3,3,4,5,17,160,170,170,170,15356,0,3,7.273649082734538,1.7986260063480586,1179.6935079910327,987.9845662933055
1781620374,75,GET,/users/{user_id},35.900000,0.000000,2,3,3,3,5,6,12,25,45,45,45,6200,0,3,3.1234707226394676,1.6131580050569028,47.19282401492819,259.53548387096777
1781620374,75,,Aggregated,366.200000,0.000000,3,3,3,4,4,5,13,26,350,370,370,61290,0,3,6.244210776247398,1.6131580050569028,2198.7522870185785,1391.123152227117
1781620375,75,GET,/feed/{user_id},144.100000,0.000000,3,3,3,3,4,5,9,14,26,27,27,24586,0,3,3.202824760919946,1.805645995773375,63.97583900252357,1157.8397461970228
1781620375,75,GET,/feed/{user_id}?with_fof=true,75.200000,0.000000,3,3,3,3,4,5,11,30,370,370,370,12306,0,3,13.074370745394305,1.8464069871697575,2198.7522870185785,3232.7513408093614
1781620375,75,POST,/likes,7.300000,0.000000,3,4,4,4,4,4,5,8,8,8,8,1245,0,3,3.678128340919259,2.4920750001911074,22.643706004600972,179.570281124498
1781620375,75,POST,/posts,10.400000,0.000000,4,5,5,5,6,7,8,8,10,10,10,1845,0,4,4.596746677540994,3.097872977377847,44.32866501156241,227.09051490514906
1781620375,75,GET,/timeline/{user_id},92.700000,0.000000,3,3,3,3,4,5,13,160,170,170,170,15435,0,3,7.251214211895126,1.7986260063480586,1179.6935079910327,989.8684159378037
1781620375,75,GET,/users/{user_id},35.400000,0.000000,2,3,3,3,5,6,7,10,25,25,25,6233,0,3,3.1225207991853683,1.6131580050569028,47.19282401492819,259.5385849510669
1781620375,75,,Aggregated,365.100000,0.000000,3,3,3,3,4,5,10,18,350,370,370,61650,0,3,6.23006142532411,1.6131580050569028,2198.7522870185785,1391.5288888888888
1781620376,75,GET,/feed/{user_id},146.800000,0.000000,3,3,3,3,4,5,10,14,26,27,27,24737,0,3,3.203024952382619,1.805645995773375,63.97583900252357,1159.1758903666573
1781620376,75,GET,/feed/{user_id}?with_fof=true,74.900000,0.000000,3,3,3,3,4,5,12,350,370,370,370,12378,0,3,13.072763694448227,1.8464069871697575,2198.7522870185785,3234.8246889642915
1781620376,75,POST,/likes,7.300000,0.000000,3,4,4,4,4,5,5,8,8,8,8,1250,0,3,3.6788568419637158,2.4920750001911074,22.643706004600972,179.5712
1781620376,75,POST,/posts,10.900000,0.000000,4,5,5,5,6,7,8,8,10,10,10,1852,0,4,4.596085157684784,3.097872977377847,44.32866501156241,227.09071274298057
1781620376,75,GET,/timeline/{user_id},91.000000,0.000000,3,3,3,3,4,5,13,160,170,170,170,15519,0,3,7.238554781984483,1.7986260063480586,1179.6935079910327,988.2207616470133
1781620376,75,GET,/users/{user_id},34.400000,0.000000,2,3,3,3,4,6,7,10,25,25,25,6273,0,3,3.1196170143981887,1.6131580050569028,47.19282401492819,259.54264307348956
1781620376,75,,Aggregated,365.300000,0.000000,3,3,3,3,4,5,10,18,350,370,370,62009,0,3,6.225917321911221,1.6131580050569028,2198.7522870185785,1392.1291909238982
1781620377,75,GET,/feed/{user_id},146.800000,0.000000,3,3,3,3,4,5,10,14,26,26,26,24893,0,3,3.2006873304198926,1.805645995773375,63.97583900252357,1159.157273128992
1781620377,75,GET,/feed/{user_id}?with_fof=true,75.700000,0.000000,3,3,3,3,4,5,14,350,370,370,370,12452,0,3,13.06291459635834,1.8464069871697575,2198.7522870185785,3240.6300995823963
1781620377,75,POST,/likes,7.200000,0.000000,3,4,4,4,4,5,5,8,8,8,8,1256,0,3,3.6782048857484644,2.4920750001911074,22.643706004600972,179.56767515923568
1781620377,75,POST,/posts,11.300000,0.000000,4,5,5,5,5,6,7,8,8,8,8,1861,0,4,4.593936718975567,3.097872977377847,44.32866501156241,227.08812466415907
1781620377,75,GET,/timeline/{user_id},90.000000,0.000000,3,3,3,3,4,5,11,160,170,170,170,15600,0,3,7.2145541516380405,1.7986260063480586,1179.6935079910327,986.2763461538461
1781620377,75,GET,/users/{user_id},33.400000,0.000000,2,3,3,3,4,6,8,10,25,25,25,6311,0,3,3.116542712150452,1.6131580050569028,47.19282401492819,259.5461891934717
1781620377,75,,Aggregated,364.400000,0.000000,3,3,3,3,4,5,10,18,350,370,370,62373,0,3,6.216132135097638,1.6131580050569028,2198.7522870185785,1392.8988985618778
1781620378,75,GET,/feed/{user_id},147.400000,0.000000,3,3,3,3,4,5,10,14,26,26,26,25047,0,3,3.199001957002071,1.805645995773375,63.97583900252357,1160.2060126961312
1781620378,75,GET,/feed/{user_id}?with_fof=true,76.300000,0.000000,3,3,3,3,4,5,13,350,370,370,370,12533,0,3,13.023869154370514,1.8464069871697575,2198.7522870185785,3241.996249900263
1781620378,75,POST,/likes,6.400000,0.000000,3,4,4,4,4,5,5,8,8,8,8,1264,0,3,3.675971249552426,2.490001992555335,22.643706004600972,179.56566455696202
1781620378,75,POST,/posts,11.100000,0.000000,4,5,5,5,5,7,8,8,8,8,8,1868,0,4,4.594986156326902,3.097872977377847,44.32866501156241,227.08618843683084
1781620378,75,GET,/timeline/{user_id},88.700000,0.000000,3,3,3,3,4,5,11,160,170,170,170,15694,0,3,7.187858049039911,1.7986260063480586,1179.6935079910327,987.0073913597553
1781620378,75,GET,/users/{user_id},33.800000,0.000000,2,3,3,3,4,6,8,10,25,25,25,6342,0,3,3.1141563747031187,1.6131580050569028,47.19282401492819,259.5547146010722
1781620378,75,,Aggregated,363.700000,0.000000,3,3,3,3,4,5,10,19,350,370,370,62748,0,3,6.201626185347883,1.6131580050569028,2198.7522870185785,1394.1317173455727
1781620379,75,GET,/feed/{user_id},149.200000,0.000000,3,3,3,3,4,5,8,14,26,26,26,25207,0,3,3.196627717176948,1.805645995773375,63.97583900252357,1159.5803546633872
1781620379,75,GET,/feed/{user_id}?with_fof=true,73.800000,0.000000,3,3,3,3,4,5,13,350,400,400,400,12600,0,3,13.001071710621343,1.8464069871697575,2198.7522870185785,3239.321111111111
1781620379,75,POST,/likes,6.500000,0.000000,3,4,4,4,4,5,5,8,8,8,8,1271,0,3,3.6733644000021193,2.490001992555335,22.643706004600972,179.56648308418568
1781620379,75,POST,/posts,10.600000,0.000000,4,5,5,5,6,7,8,8,8,8,8,1879,0,4,4.593992189987711,3.097872977377847,44.32866501156241,227.08674827035657
1781620379,75,GET,/timeline/{user_id},88.100000,0.000000,3,3,3,3,4,5,11,54,180,180,180,15785,0,3,7.174898968250404,1.7986260063480586,1179.6935079910327,985.2948368704466
1781620379,75,GET,/users/{user_id},34.900000,0.000000,2,3,3,3,4,6,6,8,21,21,21,6376,0,3,3.111253884764877,1.6131580050569028,47.19282401492819,259.55630489335005
1781620379,75,,Aggregated,363.100000,0.000000,3,3,3,3,4,5,9,18,360,400,400,63118,0,3,6.191339885313085,1.6131580050569028,2198.7522870185785,1392.7520358693241
