Timestamp,User Count,Type,Name,Requests/s,Failures/s,50%,66%,75%,80%,90%,95%,98%,99%,99.9%,99.99%,100%,Total Request Count,Total Failure Count,Total Median Response Time,Total Average Response Time,Total Min Response Time,Total Max Response Time,Total Average Content Size
1781621112,0,,Aggregated,0.000000,0.000000,N/A,N/A,N/A,N/A,N/A,N/A,N/A,N/A,N/A,N/A,N/A,0,0,0,0.0,0,0,0
1781621113,20,GET,/feed/{user_id},0.000000,0.000000,0,0,0,0,0,0,0,0,0,0,0,29,0,4,10.877031381322263,2.5145190011244267,39.17274600826204,3751.551724137931
1781621113,20,GET,/feed/{user_id}?with_fof=true,0.000000,0.000000,0,0,0,0,0,0,0,0,0,0,0,17,0,3,146.01299570880226,2.456831978634,497.0104960084427,2875.294117647059
1781621113,20,POST,/likes,0.000000,0.000000,0,0,0,0,0,0,0,0,0,0,0,3,0,3.8679470017086715,3.5326876677572727,2.984683000249788,3.8679470017086715,181.33333333333334
1781621113,20,POST,/posts,0.000000,0.000000,0,0,0,0,0,0,0,0,0,0,0,3,0,14,11.596849324026456,4.647004010621458,15.778195986058563,228.33333333333334
1781621113,20,GET,/timeline/{user_id},0.000000,0.000000,0,0,0,0,0,0,0,0,0,0,0,26,0,12,103.32537645836754,2.1463459997903556,305.08025299059227,2801.6153846153848
1781621113,20,GET,/users/{user_id},0.000000,0.000000,0,0,0,0,0,0,0,0,0,0,0,7,0,3,6.026725430274382,2.0400369830895215,24.414718005573377,261.0
1781621113,20,,Aggregated,0.000000,0.000000,0,0,0,0,0,0,0,0,0,0,0,85,0,5,65.54929781191544,2.0400369830895215,497.0104960084427,2747.9176470588236
1781621114,40,GET,/feed/{user_id},0.000000,0.000000,3,3,6,9,12,17,26,27,28,28,28,118,0,3,6.764817864030316,2.1245240059215575,39.17274600826204,3142.14406779661
1781621114,40,GET,/feed/{user_id}?with_fof=true,0.000000,0.000000,3,3,4,4,360,380,410,410,410,410,410,51,0,3,77.91116135537295,2.016862010350451,497.0104960084427,3623.627450980392
1781621114,40,POST,/likes,0.000000,0.000000,3,3,4,4,4,4,4,4,4,4,4,5,0,3.873465000651777,3.4286684007383883,2.6718139997683465,3.873465000651777,181.4
1781621114,40,POST,/posts,0.000000,0.000000,5,5,5,5,12,12,12,12,12,12,12,9,0,5,7.662364103857221,3.415909013710916,15.778195986058563,228.33333333333334
1781621114,40,GET,/timeline/{user_id},0.000000,0.000000,3,3,11,30,170,190,200,210,210,210,210,71,0,3,54.12683002757315,1.9816999847535044,305.08025299059227,1917.1267605633802
1781621114,40,GET,/users/{user_id},0.000000,0.000000,3,5,6,6,13,24,24,24,24,24,24,20,0,3,6.294011751015205,1.9643540144897997,24.414718005573377,259.9
1781621114,40,,Aggregated,0.000000,0.000000,3,3,5,9,21,170,360,380,410,410,410,274,0,3,32.21426103283213,1.9643540144897997,497.0104960084427,2554.211678832117
1781621115,60,GET,/feed/{user_id},16.000000,0.000000,3,3,4,5,11,18,28,30,46,46,46,231,0,3,5.870268137765709,1.9671680056490004,46.34103301214054,2870.4199134199134
1781621115,60,GET,/feed/{user_id}?with_fof=true,8.000000,0.000000,3,4,4,6,240,380,390,410,410,410,410,102,0,3,56.30064634469283,2.016862010350451,497.0104960084427,3825.656862745098
1781621115,60,POST,/likes,2.000000,0.000000,4,4,5,5,5,7,7,7,7,7,7,13,0,4,3.9547786156897646,2.6718139997683465,6.521583010908216,180.69230769230768
1781621115,60,POST,/posts,3.000000,0.000000,5,5,5,5,12,21,21,21,21,21,21,14,0,5,7.767585349418888,3.415909013710916,20.871924003586173,228.28571428571428
1781621115,60,GET,/timeline/{user_id},16.000000,0.000000,3,3,4,7,53,180,200,200,210,210,210,155,0,3,33.15541284466763,1.9808990182355046,305.08025299059227,2207.690322580645
1781621115,60,GET,/users/{user_id},1.000000,0.000000,3,5,5,6,14,20,24,24,24,24,24,48,0,3,5.816137540629522,1.8463169981259853,24.414718005573377,260.1666666666667
1781621115,60,,Aggregated,46.000000,0.000000,3,3,4,5,18,53,210,360,410,410,410,563,0,3,22.517086637215062,1.8463169981259853,497.0104960084427,2510.6731793960926
1781621116,80,GET,/feed/{user_id},44.000000,0.000000,3,3,4,4,11,17,28,34,46,46,46,398,0,3,5.428048785341244,1.9245839794166386,46.34103301214054,3219.927135678392
1781621116,80,GET,/feed/{user_id}?with_fof=true,19.000000,0.000000,3,3,4,4,57,380,390,500,500,500,500,175,0,3,46.79343032683911,2.016862010350451,503.3353239996359,4568.108571428572
1781621116,80,POST,/likes,2.500000,0.000000,4,4,4,4,5,7,7,7,7,7,7,21,0,4,3.768482572576475,2.6718139997683465,6.521583010908216,180.57142857142858
1781621116,80,POST,/posts,3.500000,0.000000,5,5,12,14,19,21,21,21,21,21,21,23,0,5,8.034916122636313,3.415909013710916,20.871924003586173,228.43478260869566
1781621116,80,GET,/timeline/{user_id},25.500000,0.000000,3,3,4,5,29,170,190,200,210,210,210,243,0,3,25.81481001933427,1.912615989567712,305.08025299059227,2486.427983539095
1781621116,80,GET,/users/{user_id},6.500000,0.000000,3,3,5,5,11,20,32,43,43,43,43,88,0,3,5.280661852091064,1.6892309940885752,43.238103011390194,260.375
1781621116,80,,Aggregated,101.000000,0.000000,3,3,4,5,14,32,200,380,500,500,500,948,0,3,18.30258650452494,1.6892309940885752,503.3353239996359,2866.1508438818564
1781621117,100,GET,/feed/{user_id},62.666667,0.000000,3,3,4,5,11,17,28,34,46,46,46,606,0,3,5.340000652944786,1.9245839794166386,46.34103301214054,3212.4686468646864
1781621117,100,GET,/feed/{user_id}?with_fof=true,28.000000,0.000000,3,4,4,5,31,370,390,460,500,500,500,263,0,3,39.56185013842379,2.016862010350451,503.3353239996359,4556.319391634981
1781621117,100,POST,/likes,3.333333,0.000000,4,4,4,4,5,5,7,7,7,7,7,29,0,4,3.7766355160093896,2.6718139997683465,6.521583010908216,180.51724137931035
1781621117,100,POST,/posts,3.666667,0.000000,5,5,6,7,15,19,21,21,21,21,21,32,0,5,7.1766469945941935,3.415909013710916,20.871924003586173,228.40625
1781621117,100,GET,/timeline/{user_id},39.666667,0.000000,3,3,4,5,20,160,190,200,220,220,220,370,0,3,20.378287920706303,1.912615989567712,305.08025299059227,2536.697297297297
1781621117,100,GET,/users/{user_id},12.333333,0.000000,3,3,4,5,10,15,24,32,43,43,43,128,0,3,4.849160117373685,1.6892309940885752,43.238103011390194,260.1953125
1781621117,100,,Aggregated,149.666667,0.000000,3,3,4,5,13,29,190,360,500,500,500,1428,0,3,15.504650659360257,1.6892309940885752,503.3353239996359,2891.8032212885155
1781621118,120,GET,/feed/{user_id},81.500000,0.000000,3,3,4,5,10,17,28,34,61,61,61,849,0,3,5.196973738046385,1.9245839794166386,60.650567000266165,3108.552414605418
1781621118,120,GET,/feed/{user_id}?with_fof=true,36.500000,0.000000,3,4,4,5,25,360,410,500,590,590,590,384,0,3,35.188799243390655,2.016862010350451,594.394417013973,4212.067708333333
1781621118,120,POST,/likes,4.250000,0.000000,4,4,4,5,5,7,23,23,23,23,23,42,0,4,4.2776948782072095,2.6718139997683465,23.356110992608592,180.71428571428572
1781621118,120,POST,/posts,5.500000,0.000000,5,5,6,7,12,19,19,21,21,21,21,55,0,5,6.735106523741376,3.415909013710916,20.871924003586173,228.3090909090909
1781621118,120,GET,/timeline/{user_id},52.500000,0.000000,3,3,4,5,19,53,190,200,270,270,270,500,0,3,17.69896010728553,1.912615989567712,305.08025299059227,2655.762
1781621118,120,GET,/users/{user_id},17.250000,0.000000,3,4,5,5,10,20,24,32,43,43,43,190,0,3,5.015464494078371,1.6892309940885752,43.238103011390194,260.30526315789473
1781621118,120,,Aggregated,197.500000,0.000000,3,4,4,5,13,26,180,360,550,590,590,2020,0,3,13.998634635777982,1.6892309940885752,594.394417013973,2799.05
1781621119,140,GET,/feed/{user_id},104.400000,0.000000,3,4,4,5,10,17,27,33,46,61,61,1089,0,3,5.157189664324656,1.9245839794166386,60.650567000266165,3086.6326905417814
1781621119,140,GET,/feed/{user_id}?with_fof=true,46.000000,0.000000,3,4,5,6,23,300,410,480,590,590,590,539,0,3,30.024095815258683,2.016862010350451,594.394417013973,4072.070500927644
1781621119,140,POST,/likes,5.000000,0.000000,4,4,5,5,5,7,20,23,23,23,23,63,0,4,4.441474315374055,2.6718139997683465,23.356110992608592,180.6031746031746
1781621119,140,POST,/posts,5.400000,0.000000,5,5,6,7,10,15,19,21,21,21,21,71,0,5,6.358382615923199,3.415909013710916,20.871924003586173,228.22535211267606
1781621119,140,GET,/timeline/{user_id},64.200000,0.000000,3,4,4,5,16,45,190,200,270,270,270,671,0,3,16.121771890894216,1.912615989567712,305.08025299059227,2659.9225037257825
1781621119,140,GET,/users/{user_id},21.000000,0.000000,3,4,5,6,10,20,24,32,47,47,47,255,0,3,5.227002250167596,1.6892309940885752,46.831460000248626,260.5882352941176
1781621119,140,,Aggregated,246.000000,0.000000,3,4,5,5,12,25,170,300,500,590,590,2688,0,3,12.90216508521423,1.6892309940885752,594.394417013973,2766.0078125
1781621120,160,GET,/feed/{user_id},125.333333,0.000000,3,4,4,5,11,20,31,37,60,61,61,1401,0,3,5.634101360718382,1.9245839794166386,60.650567000266165,3093.3997144896503
1781621120,160,GET,/feed/{user_id}?with_fof=true,55.333333,0.000000,3,4,5,6,19,52,390,460,590,590,590,700,0,3,25.171559046097432,2.016862010350451,594.394417013973,4026.727142857143
1781621120,160,POST,/likes,6.666667,0.000000,4,4,5,5,6,7,20,23,23,23,23,76,0,4,4.472099063078579,2.6718139997683465,23.356110992608592,180.6578947368421
1781621120,160,POST,/posts,7.000000,0.000000,5,6,6,7,9,14,19,21,21,21,21,96,0,5,6.264014642511029,3.415909013710916,20.871924003586173,228.26041666666666
1781621120,160,GET,/timeline/{user_id},74.333333,0.000000,3,4,5,5,17,44,180,200,270,270,270,867,0,3,14.918911145217749,1.912615989567712,305.08025299059227,2644.136101499423
1781621120,160,GET,/users/{user_id},28.500000,0.000000,3,4,6,7,13,22,32,43,51,51,51,334,0,3,5.963014050377784,1.6892309940885752,51.18649802170694,260.6437125748503
1781621120,160,,Aggregated,297.166667,0.000000,3,4,5,6,13,26,57,220,500,590,590,3474,0,3,11.911639300184126,1.6892309940885752,594.394417013973,2754.0949913644213
1781621121,180,GET,/feed/{user_id},142.142857,0.000000,3,4,5,5,11,20,29,35,60,61,61,1767,0,3,5.632108910217851,1.9245839794166386,60.650567000266165,3131.119977362762
1781621121,180,GET,/feed/{user_id}?with_fof=true,67.571429,0.000000,3,4,5,6,19,46,390,460,590,590,590,861,0,3,23.973337599683692,2.016862010350451,594.394417013973,4167.358885017422
1781621121,180,POST,/likes,8.142857,0.000000,4,5,5,5,6,7,20,23,23,23,23,88,0,4,4.552606371858432,2.6718139997683465,23.356110992608592,180.6931818181818
1781621121,180,POST,/posts,8.571429,0.000000,5,6,7,8,10,12,19,19,21,21,21,127,0,5,6.354195847704009,3.415909013710916,20.871924003586173,228.29133858267716
1781621121,180,GET,/timeline/{user_id},86.285714,0.000000,3,4,5,6,16,36,180,200,240,270,270,1078,0,3,13.480417802379119,1.912615989567712,305.08025299059227,2674.2838589981448
1781621121,180,GET,/users/{user_id},33.142857,0.000000,3,5,6,7,12,20,30,32,51,51,51,417,0,3,5.771254069128295,1.6892309940885752,51.18649802170694,260.8033573141487
1781621121,180,,Aggregated,345.857143,0.000000,3,4,5,6,13,24,51,200,500,590,590,4338,0,3,11.235383976223085,1.6892309940885752,594.394417013973,2802.515444905486
1781621122,200,GET,/feed/{user_id},159.125000,0.000000,3,4,5,6,12,19,29,34,54,61,61,2138,0,3,5.745282963586281,1.9245839794166386,60.650567000266165,3139.5505144995323
1781621122,200,GET,/feed/{user_id}?with_fof=true,78.625000,0.000000,4,4,5,6,18,36,380,440,550,590,590,1059,0,4,21.78783545724461,2.016862010350451,594.394417013973,4078.7856468366385
1781621122,200,POST,/likes,8.250000,0.000000,4,5,5,5,7,9,14,20,23,23,23,109,0,4,4.9238517403030135,2.6718139997683465,23.356110992608592,180.63302752293578
1781621122,200,POST,/posts,10.500000,0.000000,5,6,7,7,10,12,17,19,21,21,21,160,0,5,6.402275485561404,3.3367309952154756,20.871924003586173,228.24375
1781621122,200,GET,/timeline/{user_id},98.125000,0.000000,3,4,5,6,16,33,170,190,240,270,270,1339,0,3,12.400860803299517,1.912615989567712,305.08025299059227,2601.997759522031
1781621122,200,GET,/users/{user_id},38.625000,0.000000,4,5,6,7,13,20,30,38,51,51,51,500,0,4,6.048268649552483,1.6892309940885752,51.18649802170694,260.874
1781621122,200,,Aggregated,393.250000,0.000000,4,4,5,6,14,23,45,190,490,590,590,5305,0,4,10.659129798896638,1.6892309940885752,594.394417013973,2771.4444863336475
1781621123,220,GET,/feed/{user_id},179.666667,0.000000,4,4,5,6,14,22,34,49,86,100,100,2556,0,4,6.46434007895025,1.9245839794166386,102.01381699880585,3105.85172143975
1781621123,220,GET,/feed/{user_id}?with_fof=true,88.777778,0.000000,4,5,6,7,18,34,380,420,560,590,590,1258,0,4,20.457001163804495,2.016862010350451,594.394417013973,4046.591414944356
1781621123,220,POST,/likes,9.333333,0.000000,4,5,6,6,8,12,23,47,55,55,55,133,0,4,5.690160779898664,2.6718139997683465,54.63099500047974,180.6766917293233
1781621123,220,POST,/posts,12.444444,0.000000,5,6,7,8,11,16,23,66,96,96,96,192,0,5,7.545818737829298,3.3367309952154756,96.22227601357736,228.265625
1781621123,220,GET,/timeline/{user_id},109.888889,0.000000,4,5,6,7,16,33,140,190,240,270,270,1614,0,4,12.2698397208161,1.912615989567712,305.08025299059227,2622.9114002478314
1781621123,220,GET,/users/{user_id},41.777778,0.000000,4,5,6,8,14,21,32,43,89,89,89,609,0,4,6.557118607442582,1.6892309940885752,88.73645699350163,260.9474548440066
1781621123,220,,Aggregated,441.888889,0.000000,4,5,6,7,15,25,50,170,490,590,590,6362,0,4,10.729354892892543,1.6892309940885752,594.394417013973,2749.0289217227287
1781621124,240,GET,/feed/{user_id},198.600000,0.000000,4,5,6,7,16,25,37,47,86,100,100,3016,0,4,7.029824946840715,1.9245839794166386,102.01381699880585,3110.314323607427
1781621124,240,GET,/feed/{user_id}?with_fof=true,96.800000,0.000000,4,5,7,8,20,36,390,460,560,590,590,1472,0,4,21.215374110773194,2.016862010350451,594.394417013973,3998.1073369565215
1781621124,240,POST,/likes,10.100000,0.000000,4,5,6,7,9,13,23,47,55,55,55,148,0,4,5.909470018318766,2.6718139997683465,54.63099500047974,180.6891891891892
1781621124,240,POST,/posts,14.400000,0.000000,6,7,8,9,12,17,24,46,96,96,96,231,0,6,7.7911969942032675,3.3367309952154756,96.22227601357736,228.28571428571428
1781621124,240,GET,/timeline/{user_id},124.700000,0.000000,4,5,6,8,18,32,67,180,240,270,270,1916,0,4,11.944634525917348,1.912615989567712,305.08025299059227,2606.2280793319414
1781621124,240,GET,/users/{user_id},46.800000,0.000000,4,6,7,9,17,24,32,43,89,89,89,733,0,4,7.173616492428015,1.6892309940885752,88.73645699350163,261.0231923601637
1781621124,240,,Aggregated,491.400000,0.000000,4,5,6,8,17,27,46,94,490,590,590,7516,0,4,11.076308068082657,1.6892309940885752,594.394417013973,2731.5408461947845
1781621125,260,GET,/feed/{user_id},236.600000,0.000000,4,5,7,10,21,32,47,56,92,100,100,3511,0,4,8.144994170771824,1.9245839794166386,102.01381699880585,3120.1321560808888
1781621125,260,GET,/feed/{user_id}?with_fof=true,116.500000,0.000000,4,6,7,10,23,37,290,450,560,590,590,1721,0,4,20.191243616525867,2.016862010350451,594.394417013973,4068.3666472980826
1781621125,260,POST,/likes,12.400000,0.000000,5,5,6,7,10,15,29,47,55,55,55,168,0,4,6.197802522018763,2.6718139997683465,54.63099500047974,180.67857142857142
1781621125,260,POST,/posts,17.300000,0.000000,6,7,8,9,13,19,24,46,96,96,96,262,0,6,8.011575590531193,3.3367309952154756,96.22227601357736,228.3091603053435
1781621125,260,GET,/timeline/{user_id},148.800000,0.000000,4,5,7,11,23,39,66,180,240,270,270,2190,0,4,12.553927180642734,1.912615989567712,305.08025299059227,2642.6858447488585
1781621125,260,GET,/users/{user_id},55.500000,0.000000,4,6,9,12,22,30,43,54,89,89,89,860,0,4,8.328424822160065,1.6892309940885752,88.73645699350163,261.21627906976744
1781621125,260,,Aggregated,587.100000,0.000000,4,6,7,10,21,34,53,76,490,590,590,8712,0,4,11.609505773496839,1.6892309940885752,594.394417013973,2761.563590449954
1781621126,280,GET,/feed/{user_id},274.300000,0.000000,5,6,9,13,23,35,49,55,92,100,100,4047,0,4,8.782576184694717,1.9245839794166386,102.01381699880585,3111.7047195453424
1781621126,280,GET,/feed/{user_id}?with_fof=true,133.100000,0.000000,5,6,9,13,25,37,82,420,560,590,590,1968,0,4,19.624528075223864,2.016862010350451,594.394417013973,4039.004573170732
1781621126,280,POST,/likes,13.500000,0.000000,5,6,8,8,12,20,31,47,55,55,55,197,0,5,6.713056384182776,2.6718139997683465,54.63099500047974,180.65989847715736
1781621126,280,POST,/posts,20.900000,0.000000,6,8,9,10,15,19,23,46,96,96,96,303,0,6,8.280876028738,3.3367309952154756,96.22227601357736,228.3003300330033
1781621126,280,GET,/timeline/{user_id},172.800000,0.000000,5,6,10,14,26,39,61,180,290,310,310,2519,0,4,13.2932128980558,1.912615989567712,308.27303099795245,2660.7800714569275
1781621126,280,GET,/users/{user_id},67.000000,0.000000,5,7,10,14,24,32,47,56,89,89,89,990,0,5,9.017249235455322,1.6892309940885752,88.73645699350163,261.27878787878785
1781621126,280,,Aggregated,681.600000,0.000000,5,6,9,13,24,35,53,72,480,590,590,10024,0,4,12.012012634596472,1.6892309940885752,594.394417013973,2754.166600159617
1781621127,300,GET,/feed/{user_id},310.500000,0.000000,5,7,12,16,28,40,55,76,120,130,130,4565,0,5,10.116647488436573,1.9245839794166386,131.2340150179807,3146.558817086528
1781621127,300,GET,/feed/{user_id}?with_fof=true,153.600000,0.000000,5,8,12,17,30,46,110,390,550,560,560,2264,0,5,20.295586419581188,2.016862010350451,594.394417013973,4004.1051236749117
1781621127,300,POST,/likes,14.900000,0.000000,6,7,8,9,15,24,47,55,56,56,56,222,0,5,7.610658457820505,2.6718139997683465,56.38021099730395,180.66666666666666
1781621127,300,POST,/posts,23.800000,0.000000,7,9,10,12,18,24,29,57,96,96,96,347,0,6,9.248568809098733,3.3367309952154756,96.22227601357736,228.29682997118155
1781621127,300,GET,/timeline/{user_id},195.000000,0.000000,5,8,12,17,32,48,88,170,290,310,310,2841,0,5,14.646185126778628,1.912615989567712,308.27303099795245,2626.0056318197817
1781621127,300,GET,/users/{user_id},77.900000,0.000000,6,9,14,17,28,43,72,93,130,130,130,1147,0,5,10.992059194684433,1.6892309940885752,126.18415700853802,261.2938099389712
1781621127,300,,Aggregated,775.700000,0.000000,5,8,12,16,29,43,69,110,470,560,560,11386,0,5,13.283701636616836,1.6892309940885752,594.394417013973,2749.7670823818726
1781621128,320,GET,/feed/{user_id},349.000000,0.000000,6,9,15,19,32,46,65,81,120,130,130,5156,0,5,11.199174003987029,1.9245839794166386,131.2340150179807,3149.22110162917
1781621128,320,GET,/feed/{user_id}?with_fof=true,171.500000,0.000000,6,9,15,20,34,53,93,390,550,580,580,2540,0,5,21.01063439020966,2.016862010350451,594.394417013973,3911.803937007874
1781621128,320,POST,/likes,16.800000,0.000000,6,8,9,11,15,24,47,55,56,56,56,254,0,5,7.8612836129371235,2.6718139997683465,56.38021099730395,180.68503937007873
1781621128,320,POST,/posts,26.700000,0.000000,7,10,12,13,19,28,36,57,96,96,96,391,0,7,9.841521733331486,3.3367309952154756,96.22227601357736,228.29667519181586
1781621128,320,GET,/timeline/{user_id},216.800000,0.000000,6,10,15,21,37,56,82,160,310,340,340,3217,0,5,15.615232822721284,1.912615989567712,336.2709530047141,2628.0264221324214
1781621128,320,GET,/users/{user_id},86.900000,0.000000,6,11,16,20,32,51,75,96,120,130,130,1290,0,6,12.191285286143842,1.6892309940885752,126.18415700853802,261.32945736434107
1781621128,320,,Aggregated,867.700000,0.000000,6,9,15,19,33,49,74,100,470,560,580,12848,0,5,14.23690189608719,1.6892309940885752,594.394417013973,2731.9427148194272
1781621129,340,GET,/feed/{user_id},381.500000,0.000000,6,11,17,22,37,56,83,120,200,210,210,5751,0,5,13.188610088383482,1.9245839794166386,209.56323202699423,3122.455051295427
1781621129,340,GET,/feed/{user_id}?with_fof=true,191.700000,0.000000,6,11,18,23,43,67,140,390,550,580,580,2821,0,5,22.522477703314664,2.016862010350451,594.394417013973,3917.2006380716057
1781621129,340,POST,/likes,18.900000,0.000000,6,8,10,12,20,27,39,50,56,56,56,274,0,6,8.297582583104253,2.6718139997683465,56.38021099730395,180.65328467153284
1781621129,340,POST,/posts,30.000000,0.000000,8,10,13,16,24,30,57,96,110,110,110,424,0,7,11.071660504075105,3.3367309952154756,111.00281699327752,228.31132075471697
1781621129,340,GET,/timeline/{user_id},237.900000,0.000000,7,11,18,24,42,68,110,180,310,340,340,3587,0,5,17.401426507148773,1.912615989567712,336.2709530047141,2646.0200724839697
1781621129,340,GET,/users/{user_id},97.300000,0.000000,7,12,18,23,38,59,89,110,190,210,210,1444,0,6,13.749179903162583,1.6892309940885752,212.75277200038545,261.33795013850414
1781621129,340,,Aggregated,957.300000,0.000000,7,11,17,22,39,60,97,150,470,560,580,14301,0,5,15.986592585284379,1.6892309940885752,594.394417013973,2728.663100482484
1781621130,360,GET,/feed/{user_id},414.600000,0.000000,7,14,22,27,47,71,110,130,200,210,210,6356,0,6,15.12349796210503,1.9245839794166386,209.56323202699423,3122.241032095658
1781621130,360,GET,/feed/{user_id}?with_fof=true,209.000000,0.000000,7,14,23,29,52,82,150,400,580,630,630,3121,0,6,24.162457648194202,2.016862010350451,628.804437990766,3907.2098686318486
1781621130,360,POST,/likes,19.900000,0.000000,8,10,13,15,24,32,40,50,56,56,56,307,0,6,9.255418856078395,2.6718139997683465,56.38021099730395,180.6840390879479
1781621130,360,POST,/posts,33.400000,0.000000,9,12,16,18,28,36,54,96,110,110,110,476,0,8,11.80533439673272,3.3367309952154756,111.00281699327752,228.32142857142858
1781621130,360,GET,/timeline/{user_id},260.400000,0.000000,8,14,22,29,56,80,140,180,310,350,350,3984,0,6,19.367734688237388,1.912615989567712,354.0643629967235,2642.640060240964
1781621130,360,GET,/users/{user_id},105.600000,0.000000,8,15,21,26,48,73,110,120,190,210,210,1596,0,6,15.416696884764626,1.6892309940885752,212.75277200038545,261.4448621553885
1781621130,360,,Aggregated,1042.900000,0.000000,7,14,21,27,49,74,120,150,490,630,630,15840,0,6,17.78805804007807,1.6892309940885752,628.804437990766,2724.0568813131313
1781621131,380,GET,/feed/{user_id},450.400000,0.000000,9,17,25,32,58,85,130,170,250,260,260,6982,0,6,17.417198071514623,1.9245839794166386,262.5682749785483,3123.720423947293
1781621131,380,GET,/feed/{user_id}?with_fof=true,221.100000,0.000000,8,18,27,34,65,100,190,420,630,800,800,3436,0,6,26.96110710446072,2.016862010350451,800.0115199829452,3921.8268335273574
1781621131,380,POST,/likes,20.800000,0.000000,8,12,14,17,27,37,55,56,69,69,69,336,0,6,10.18371710606083,2.6718139997683465,69.05326197738759,180.67857142857142
1781621131,380,POST,/posts,35.100000,0.000000,10,14,18,21,31,42,62,96,110,110,110,513,0,8,12.843128710964306,3.3367309952154756,111.00281699327752,228.33528265107213
1781621131,380,GET,/timeline/{user_id},282.000000,0.000000,9,18,27,35,66,94,150,190,310,350,350,4378,0,7,21.181231218563486,1.912615989567712,354.0643629967235,2642.888990406578
1781621131,380,GET,/users/{user_id},112.700000,0.000000,9,18,25,30,62,89,120,150,210,260,260,1742,0,7,17.780272585392506,1.6892309940885752,258.6850409861654,261.48794489092995
1781621131,380,,Aggregated,1122.100000,0.000000,9,17,25,32,61,88,140,180,490,690,800,17387,0,6,20.012662336298842,1.6892309940885752,800.0115199829452,2731.3013745902113
1781621132,400,GET,/feed/{user_id},482.500000,0.000000,11,23,33,40,70,100,140,170,240,260,260,7662,0,7,20.02917953166087,1.9245839794166386,262.5682749785483,3146.2843904985643
1781621132,400,GET,/feed/{user_id}?with_fof=true,236.000000,0.000000,11,24,34,43,76,110,180,410,630,800,800,3756,0,7,28.688631492540257,2.016862010350451,800.0115199829452,3879.2630457933974
1781621132,400,POST,/likes,22.900000,0.000000,9,14,18,24,33,43,56,59,69,69,69,365,0,7,11.542194388003075,2.6718139997683465,69.05326197738759,180.68493150684932
1781621132,400,POST,/posts,36.400000,0.000000,12,18,23,27,37,46,61,96,110,110,110,566,0,9,14.269904080900123,3.3367309952154756,111.00281699327752,228.36395759717314
1781621132,400,GET,/timeline/{user_id},301.900000,0.000000,12,24,34,41,72,110,160,190,310,350,350,4750,0,7,23.0604667536559,1.912615989567712,354.0643629967235,2630.324421052632
1781621132,400,GET,/users/{user_id},122.000000,0.000000,12,22,32,39,71,98,120,150,210,260,260,1905,0,8,20.018337988902708,1.6892309940885752,258.6850409861654,261.5291338582677
1781621132,400,,Aggregated,1201.700000,0.000000,11,23,32,40,70,100,140,180,490,690,800,19004,0,7,22.162696856856584,1.6892309940885752,800.0115199829452,2729.1518101452325
1781621133,400,GET,/feed/{user_id},506.400000,0.000000,13,25,36,45,77,110,140,160,240,260,260,8344,0,8,21.257393816749413,1.9245839794166386,262.5682749785483,3152.1411792905083
1781621133,400,GET,/feed/{user_id}?with_fof=true,249.200000,0.000000,14,27,36,47,83,110,160,270,630,800,800,4108,0,8,29.275462467978574,2.016862010350451,800.0115199829452,3868.3444498539434
1781621133,400,POST,/likes,23.600000,0.000000,11,15,21,25,35,47,59,84,98,98,98,394,0,7,12.613748922736649,2.6718139997683465,97.76317598880269,180.67258883248732
1781621133,400,POST,/posts,38.200000,0.000000,13,19,25,28,40,48,62,82,110,110,110,615,0,9,14.803942206090438,3.3367309952154756,111.00281699327752,228.3658536585366
1781621133,400,GET,/timeline/{user_id},319.300000,0.000000,14,26,37,46,78,110,160,200,330,350,350,5170,0,8,24.092941779339988,1.912615989567712,354.0643629967235,2617.653578336557
1781621133,400,GET,/users/{user_id},130.300000,0.000000,14,24,35,43,74,100,120,150,210,260,260,2057,0,8,20.7353193037635,1.6892309940885752,258.6850409861654,261.5546912980068
1781621133,400,,Aggregated,1267.000000,0.000000,14,25,35,43,77,110,140,180,490,690,800,20688,0,8,23.149777463493145,1.6892309940885752,800.0115199829452,2729.8695862335653
1781621134,400,GET,/feed/{user_id},536.700000,0.000000,16,28,41,50,83,110,140,160,240,260,260,8971,0,9,22.39578448602403,1.9245839794166386,262.5682749785483,3125.4104336194405
1781621134,400,GET,/feed/{user_id}?with_fof=true,264.000000,0.000000,17,30,43,54,89,110,160,240,630,800,800,4412,0,9,30.21920734093692,2.016862010350451,800.0115199829452,3861.0464641885765
1781621134,400,POST,/likes,25.100000,0.000000,11,16,23,26,37,47,59,84,98,98,98,421,0,8,13.039256063220257,2.6718139997683465,97.76317598880269,180.66983372921615
1781621134,400,POST,/posts,40.500000,0.000000,14,21,27,30,42,50,62,74,110,110,110,674,0,10,15.571856613976339,3.3367309952154756,111.00281699327752,228.36943620178042
1781621134,400,GET,/timeline/{user_id},333.600000,0.000000,16,30,42,55,84,110,160,200,330,390,390,5571,0,9,25.382624786742138,1.912615989567712,393.1944280047901,2600.067492371208
1781621134,400,GET,/users/{user_id},136.500000,0.000000,16,27,39,52,81,100,130,150,210,260,260,2242,0,9,22.01105784381288,1.6892309940885752,258.6850409861654,261.56244424620877
1781621134,400,,Aggregated,1336.400000,0.000000,16,29,40,50,82,110,140,180,480,690,800,22291,0,9,24.26899098046476,1.6892309940885752,800.0115199829452,2708.4642232291058
1781621135,400,GET,/feed/{user_id},565.400000,0.000000,17,30,44,54,86,110,150,180,260,270,270,9660,1,9,23.31694685131544,1.9245839794166386,268.9600989979226,3137.853623188406
1781621135,400,GET,/feed/{user_id}?with_fof=true,277.300000,0.000000,18,33,47,57,93,110,160,240,640,800,800,4736,0,10,30.9206052122406,2.016862010350451,800.0115199829452,3860.170185810811
1781621135,400,POST,/likes,26.000000,0.000000,12,18,24,27,39,50,70,84,98,98,98,456,0,8,13.754976365402271,2.6718139997683465,97.76317598880269,180.65131578947367
1781621135,400,POST,/posts,41.700000,0.000000,15,22,28,32,42,54,73,82,110,110,110,727,0,10,16.075834191078897,3.3367309952154756,111.00281699327752,228.37689133425033
1781621135,400,GET,/timeline/{user_id},346.800000,0.000000,17,31,46,59,89,120,170,220,340,450,450,6014,0,10,26.464929473891452,1.912615989567712,449.85373300733045,2607.0470568673095
1781621135,400,GET,/users/{user_id},144.000000,0.000000,18,30,43,55,85,110,130,160,260,260,260,2441,0,10,23.30660313304986,1.6892309940885752,259.16738199885003,261.60589922163047
1781621135,400,,Aggregated,1401.200000,0.000000,17,30,43,54,86,110,150,190,490,690,800,24034,1,10,25.201489458774,1.6892309940885752,800.0115199829452,2711.125904967962
1781621136,400,GET,/feed/{user_id},585.000000,0.000000,19,34,48,59,88,110,150,180,260,270,270,10278,1,10,24.17744902565677,1.9245839794166386,268.9600989979226,3136.9513524031913
1781621136,400,GET,/feed/{user_id}?with_fof=true,289.300000,0.000000,20,36,51,63,96,120,160,240,640,800,800,5071,0,10,31.567765663137028,2.016862010350451,800.0115199829452,3874.649773220272
1781621136,400,POST,/likes,27.000000,0.000000,14,21,27,33,40,56,75,84,98,98,98,491,0,9,14.654003250089715,2.6718139997683465,97.76317598880269,180.67006109979633
1781621136,400,POST,/posts,43.500000,0.000000,17,24,30,35,46,60,77,90,110,110,110,781,0,11,17.044848875774942,3.3367309952154756,111.00281699327752,228.37387964148527
1781621136,400,GET,/timeline/{user_id},360.900000,0.000000,19,35,50,62,90,120,170,220,340,450,450,6449,0,11,27.15427963275535,1.912615989567712,449.85373300733045,2606.2111955341916
1781621136,400,GET,/users/{user_id},146.700000,0.000000,20,33,48,59,87,110,130,160,260,260,260,2594,0,11,24.17820463250621,1.6892309940885752,259.16738199885003,261.6291441788743
1781621136,400,,Aggregated,1452.400000,0.000000,19,34,48,59,89,110,150,190,500,690,800,25664,1,10,25.98656933835734,1.6892309940885752,800.0115199829452,2713.6504831670823
1781621137,400,GET,/feed/{user_id},603.500000,0.100000,21,38,52,63,95,120,150,180,260,270,270,10936,1,11,25.528873799629185,1.9245839794166386,268.9600989979226,3132.0788222384786
1781621137,400,GET,/feed/{user_id}?with_fof=true,295.600000,0.000000,23,40,54,66,99,120,160,240,640,800,800,5350,0,11,32.572557964426395,2.016862010350451,800.0115199829452,3864.2742056074767
1781621137,400,POST,/likes,28.300000,0.000000,16,24,29,34,43,56,78,84,98,98,98,524,0,10,15.32420004919733,2.6718139997683465,97.76317598880269,180.6908396946565
1781621137,400,POST,/posts,45.800000,0.000000,18,27,33,37,47,60,79,90,110,110,110,824,0,12,17.586597450344836,3.3367309952154756,111.00281699327752,228.36771844660194
1781621137,400,GET,/timeline/{user_id},373.500000,0.000000,21,38,54,65,98,120,170,220,330,450,450,6903,0,12,28.6357550716894,1.912615989567712,449.85373300733045,2578.2819064174996
1781621137,400,GET,/users/{user_id},153.200000,0.000000,21,37,52,62,93,110,140,170,260,260,260,2763,0,12,25.69746558738679,1.6892309940885752,259.16738199885003,261.63083604777415
1781621137,400,,Aggregated,1499.900000,0.100000,21,37,51,62,94,120,150,190,500,690,800,27300,1,11,27.276296732055354,1.6892309940885752,800.0115199829452,2700.7290842490843
1781621138,400,GET,/feed/{user_id},617.300000,0.100000,22,39,52,65,98,120,150,180,260,270,270,11630,1,12,26.23329545707918,1.9245839794166386,268.9600989979226,3138.68426483233
1781621138,400,GET,/feed/{user_id}?with_fof=true,304.900000,0.000000,23,40,53,67,100,120,160,240,630,800,800,5701,0,12,32.86884327952905,2.016862010350451,800.0115199829452,3852.182950359586
1781621138,400,POST,/likes,28.500000,0.000000,16,23,29,33,43,56,78,84,98,98,98,555,0,10,15.500643149150434,2.6718139997683465,97.76317598880269,180.68828828828828
1781621138,400,POST,/posts,46.700000,0.000000,19,27,33,36,46,56,74,82,93,93,93,876,0,12,18.009669351723463,3.3367309952154756,111.00281699327752,228.37785388127853
1781621138,400,GET,/timeline/{user_id},385.600000,0.000000,22,38,54,65,100,130,170,210,330,450,450,7337,0,12,29.023298232437448,1.912615989567712,449.85373300733045,2580.8750170369362
1781621138,400,GET,/users/{user_id},157.700000,0.000000,22,38,52,64,96,120,140,160,260,260,260,2916,0,12,26.191570081741123,1.6892309940885752,259.16738199885003,261.64471879286697
1781621138,400,,Aggregated,1540.700000,0.100000,22,38,51,63,97,120,150,190,500,690,800,29015,1,12,27.784814285440802,1.6892309940885752,800.0115199829452,2704.2347061864552
1781621139,400,GET,/feed/{user_id},631.100000,0.100000,23,40,53,65,96,120,150,170,260,270,270,12262,1,13,26.74367705298885,1.9245839794166386,268.9600989979226,3147.640923177296
1781621139,400,GET,/feed/{user_id}?with_fof=true,307.100000,0.000000,25,41,56,68,100,120,150,230,630,800,800,6023,0,13,33.26691360112045,2.016862010350451,800.0115199829452,3847.702307820023
1781621139,400,POST,/likes,29.600000,0.000000,18,24,29,35,44,56,78,84,98,98,98,593,0,11,16.106764459962882,2.6718139997683465,97.76317598880269,180.69139966273187
1781621139,400,POST,/posts,47.900000,0.000000,20,28,34,38,48,59,74,82,93,93,93,923,0,13,18.37127031223018,3.3367309952154756,111.00281699327752,228.38678223185266
1781621139,400,GET,/timeline/{user_id},398.200000,0.000000,23,39,55,65,97,120,160,210,330,450,450,7781,0,13,29.59822293127479,1.912615989567712,449.85373300733045,2568.811078267575
1781621139,400,GET,/users/{user_id},160.200000,0.000000,23,39,54,64,94,120,140,160,260,260,260,3091,0,13,26.73744667920167,1.6892309940885752,259.16738199885003,261.67162730507926
1781621139,400,,Aggregated,1574.100000,0.100000,23,39,52,63,95,120,150,180,480,690,800,30673,1,13,28.290509659306416,1.6892309940885752,800.0115199829452,2702.239135395951
1781621140,400,GET,/feed/{user_id},639.200000,0.100000,23,38,51,62,96,120,140,160,240,270,270,12928,1,13,27.296521581936958,1.9245839794166386,268.9600989979226,3142.7715037128714
1781621140,400,GET,/feed/{user_id}?with_fof=true,311.700000,0.000000,25,40,53,64,99,120,140,170,540,690,690,6373,0,14,33.47827113404412,2.016862010350451,800.0115199829452,3815.1774674407657
1781621140,400,POST,/likes,29.800000,0.000000,19,24,29,35,43,52,78,84,120,120,120,622,0,11,16.47079072314707,2.6718139997683465,115.36101100500673,180.68327974276528
1781621140,400,POST,/posts,47.600000,0.000000,20,28,34,38,49,60,77,85,100,100,100,968,0,13,18.695418561202874,3.3367309952154756,111.00281699327752,228.38119834710744
1781621140,400,GET,/timeline/{user_id},409.300000,0.000000,23,38,52,63,98,120,160,200,290,450,450,8178,0,14,30.041341495487195,1.912615989567712,449.85373300733045,2560.540474443629
1781621140,400,GET,/users/{user_id},161.400000,0.000000,23,38,50,61,93,120,140,150,250,260,260,3283,0,14,27.4509711891855,1.6892309940885752,259.16738199885003,261.6777337800792
1781621140,400,,Aggregated,1599.000000,0.100000,23,37,50,61,94,120,140,170,450,640,690,32352,1,13,28.758286322631562,1.6892309940885752,800.0115199829452,2691.534433728981
1781621141,400,GET,/feed/{user_id},643.800000,0.100000,24,39,52,64,96,120,140,160,240,270,270,13574,1,14,27.908116833305854,1.9245839794166386,268.9600989979226,3147.216516870488
1781621141,400,GET,/feed/{user_id}?with_fof=true,318.800000,0.000000,25,41,55,65,98,120,140,160,540,640,640,6679,0,14,33.949316863175675,2.016862010350451,800.0115199829452,3835.527025003743
1781621141,400,POST,/likes,30.700000,0.000000,19,25,29,35,44,58,78,84,120,120,120,663,0,12,16.939069759690653,2.6718139997683465,115.36101100500673,180.69381598793365
1781621141,400,POST,/posts,49.200000,0.000000,20,28,34,38,49,63,80,90,100,100,100,1026,0,14,19.24266031900485,3.3367309952154756,111.00281699327752,228.38888888888889
1781621141,400,GET,/timeline/{user_id},412.900000,0.000000,25,41,56,67,100,120,150,200,280,450,450,8605,0,14,30.90583476106588,1.912615989567712,449.85373300733045,2565.20987797792
1781621141,400,GET,/users/{user_id},164.800000,0.000000,24,39,54,63,96,120,140,160,250,260,260,3427,0,14,28.260180766027144,1.6892309940885752,259.16738199885003,261.69857017799825
1781621141,400,,Aggregated,1620.200000,0.100000,24,39,52,63,96,120,140,160,440,600,640,33974,1,14,29.414793240906718,1.6892309940885752,800.0115199829452,2698.016159416024
1781621142,400,GET,/feed/{user_id},649.700000,0.100000,24,40,53,64,95,120,150,160,240,270,270,14201,1,15,28.743362939498812,1.9245839794166386,268.9600989979226,3139.169706358707
1781621142,400,GET,/feed/{user_id}?with_fof=true,322.600000,0.000000,25,41,56,67,98,120,140,170,590,640,640,6975,0,15,34.57123522134748,2.016862010350451,800.0115199829452,3845.295340501792
1781621142,400,POST,/likes,31.400000,0.000000,20,25,30,37,52,73,82,88,120,120,120,700,0,12,18.389629181017103,2.6718139997683465,116.11953697865829,180.70285714285714
1781621142,400,POST,/posts,49.900000,0.000000,21,29,36,40,52,71,86,91,110,110,110,1081,0,14,20.145022335139625,3.3367309952154756,111.00281699327752,228.38575393154485
1781621142,400,GET,/timeline/{user_id},416.300000,0.000000,26,42,57,69,100,120,150,190,280,450,450,8987,0,15,31.665294541004208,1.912615989567712,449.85373300733045,2566.1580060086794
1781621142,400,GET,/users/{user_id},165.400000,0.000000,24,40,54,66,97,120,140,170,250,260,260,3587,0,15,28.964787194105686,1.6892309940885752,259.16738199885003,261.701979369947
1781621142,400,,Aggregated,1635.300000,0.100000,24,39,53,64,95,120,150,170,450,600,640,35531,1,15,30.18325028985903,1.6892309940885752,800.0115199829452,2695.517942078748
1781621143,400,GET,/feed/{user_id},656.000000,0.100000,24,40,56,67,100,130,150,170,260,290,290,14857,1,15,29.557992250702625,1.9245839794166386,290.06559200934134,3129.646698525947
1781621143,400,GET,/feed/{user_id}?with_fof=true,322.400000,0.000000,25,42,58,70,100,130,160,220,750,1100,1100,7284,0,15,35.93718042034964,2.016862010350451,1090.280714997789,3839.0373421197146
1781621143,400,POST,/likes,32.400000,0.000000,20,25,30,37,52,73,82,88,120,120,120,728,0,13,18.507342676817284,2.6718139997683465,116.11953697865829,180.71978021978023
1781621143,400,POST,/posts,50.600000,0.000000,21,29,36,40,53,72,88,93,140,140,140,1133,0,14,20.467605270422332,3.3367309952154756,138.3499930088874,228.39894086496028
1781621143,400,GET,/timeline/{user_id},422.200000,0.000000,26,42,57,70,100,130,160,200,370,710,710,9384,0,15,32.41149084489195,1.912615989567712,711.307741003111,2556.1057118499575
1781621143,400,GET,/users/{user_id},167.300000,0.000000,25,41,56,68,100,130,150,180,250,260,260,3742,0,15,29.691174899834632,1.6892309940885752,259.16738199885003,261.726884019241
1781621143,400,,Aggregated,1650.900000,0.100000,24,40,55,67,100,130,160,180,500,970,1100,37128,1,15,31.050055533674705,1.6892309940885752,1090.280714997789,2688.454185520362
1781621144,400,GET,/feed/{user_id},655.600000,0.100000,24,40,54,65,99,130,160,170,280,320,320,15525,2,15,30.026710262933022,1.9245839794166386,322.2732819849625,3122.033043478261
1781621144,400,GET,/feed/{user_id}?with_fof=true,322.700000,0.000000,25,41,55,67,100,130,170,270,750,1100,1100,7619,0,16,36.4089965845478,2.016862010350451,1090.280714997789,3834.0195563722273
1781621144,400,POST,/likes,32.700000,0.000000,20,25,30,37,52,73,85,110,130,130,130,760,0,13,18.758074287861266,2.6718139997683465,125.61242599622346,180.71842105263158
1781621144,400,POST,/posts,50.100000,0.000000,21,29,36,40,52,72,89,100,140,140,140,1186,0,15,20.818631953870387,3.3367309952154756,138.52310701622628,228.38954468802697
1781621144,400,GET,/timeline/{user_id},422.600000,0.000000,26,41,56,67,100,130,160,200,360,710,710,9823,0,16,32.75623081324355,1.912615989567712,711.307741003111,2564.1100478468898
1781621144,400,GET,/users/{user_id},167.700000,0.000000,26,40,55,67,100,130,150,180,310,320,320,3907,2,16,30.301700941917655,1.6892309940885752,316.373568988638,261.62579984642946
1781621144,400,,Aggregated,1651.400000,0.100000,25,40,53,64,99,130,160,180,460,970,1100,38820,4,15,31.495751072239397,1.6892309940885752,1090.280714997789,2686.7233127253994
1781621145,400,GET,/feed/{user_id},647.800000,0.100000,24,38,53,66,100,130,160,170,280,320,320,16216,2,15,30.236876426800286,1.9245839794166386,322.2732819849625,3114.3457079427726
1781621145,400,GET,/feed/{user_id}?with_fof=true,317.600000,0.000000,24,41,56,68,110,130,170,280,750,1100,1100,7944,0,16,36.64727529602901,2.016862010350451,1090.280714997789,3839.8899798590132
1781621145,400,POST,/likes,33.100000,0.000000,19,24,29,36,52,73,85,110,130,130,130,786,0,13,18.811994565820555,2.6718139997683465,125.61242599622346,180.71119592875317
1781621145,400,POST,/posts,51.600000,0.000000,21,28,35,39,52,72,89,100,140,140,140,1224,0,15,20.702369732188185,3.3367309952154756,138.52310701622628,228.38888888888889
1781621145,400,GET,/timeline/{user_id},420.700000,0.000000,26,41,56,68,110,130,160,200,370,710,710,10231,0,16,33.02485603630155,1.912615989567712,711.307741003111,2570.0439839702863
1781621145,400,GET,/users/{user_id},165.700000,0.000000,25,39,55,66,100,130,150,180,310,320,320,4097,2,16,30.512680424470126,1.6892309940885752,316.373568988638,261.6448620942153
1781621145,400,,Aggregated,1636.500000,0.100000,24,39,53,65,100,130,160,180,460,970,1100,40498,4,16,31.71664835735188,1.6892309940885752,1090.280714997789,2686.403822410983
1781621146,400,GET,/feed/{user_id},649.300000,0.200000,24,38,53,64,99,130,160,170,280,320,320,16839,2,16,30.549027724979677,1.9245839794166386,322.2732819849625,3114.845121444266
1781621146,400,GET,/feed/{user_id}?with_fof=true,319.900000,0.000000,24,41,56,68,110,130,180,270,750,1100,1100,8299,0,17,37.07598499419757,2.016862010350451,1090.280714997789,3867.5047596095915
1781621146,400,POST,/likes,33.400000,0.000000,19,23,27,34,51,68,85,110,130,130,130,814,0,13,18.8849573130522,2.6718139997683465,125.61242599622346,180.71744471744472
1781621146,400,POST,/posts,50.500000,0.000000,21,28,35,39,50,64,88,100,140,140,140,1276,0,15,20.852207542503095,3.3367309952154756,138.52310701622628,228.39420062695925
1781621146,400,GET,/timeline/{user_id},420.700000,0.000000,25,41,56,68,110,130,170,200,370,710,710,10657,0,16,33.38025187093932,1.912615989567712,711.307741003111,2572.0949610584594
1781621146,400,GET,/users/{user_id},166.300000,0.200000,26,40,55,67,110,130,160,180,310,320,320,4283,2,16,31.118763698378682,1.6892309940885752,316.373568988638,261.64113938827927
1781621146,400,,Aggregated,1640.100000,0.400000,24,39,53,64,100,130,160,190,460,970,1100,42168,4,16,32.08839543050638,1.6892309940885752,1090.280714997789,2692.0237858091446
1781621147,400,GET,/feed/{user_id},654.200000,0.100000,24,38,53,65,98,130,160,170,280,320,320,17471,2,16,30.837905499501453,1.9245839794166386,322.2732819849625,3131.1614675748383
1781621147,400,GET,/feed/{user_id}?with_fof=true,320.500000,0.000000,25,41,57,69,110,140,180,270,750,1100,1100,8631,0,17,37.298957634584475,2.016862010350451,1090.280714997789,3848.24029660526
1781621147,400,POST,/likes,33.100000,0.000000,19,24,28,34,53,71,85,110,130,130,130,845,0,14,19.065576580872474,2.6718139997683465,125.61242599622346,180.72899408284025
1781621147,400,POST,/posts,49.700000,0.000000,21,28,35,39,51,64,88,100,140,140,140,1330,0,15,21.07618927235253,3.3367309952154756,138.52310701622628,228.40902255639097
1781621147,400,GET,/timeline/{user_id},421.700000,0.000000,25,41,57,69,100,130,170,200,370,710,710,11084,0,17,33.71217471899181,1.912615989567712,711.307741003111,2565.003969686034
1781621147,400,GET,/users/{user_id},164.800000,0.200000,25,39,53,66,100,130,170,190,310,320,320,4433,2,17,31.426630942803012,1.6892309940885752,316.373568988638,261.6456124520641
1781621147,400,,Aggregated,1644.000000,0.300000,24,39,53,65,99,130,160,190,480,970,1100,43794,4,16,32.374711006615186,1.6892309940885752,1090.280714997789,2693.6466867607437
1781621148,400,GET,/feed/{user_id},651.400000,0.100000,25,38,53,65,97,130,160,170,280,320,320,18120,2,17,31.027997192697278,1.9245839794166386,322.2732819849625,3139.5262141280355
1781621148,400,GET,/feed/{user_id}?with_fof=true,320.200000,0.000000,26,42,57,68,100,130,190,290,750,1100,1100,8987,0,18,37.47628369980146,2.016862010350451,1090.280714997789,3838.5188605763883
1781621148,400,POST,/likes,32.600000,0.000000,20,24,28,34,53,71,85,110,130,130,130,876,0,14,19.24435379660447,2.6718139997683465,125.61242599622346,180.7431506849315
1781621148,400,POST,/posts,48.900000,0.000000,21,28,34,38,50,64,86,100,140,140,140,1380,0,16,21.250123263229582,3.3367309952154756,138.52310701622628,228.41739130434783
1781621148,400,GET,/timeline/{user_id},417.000000,0.000000,26,42,57,68,100,130,160,200,370,710,710,11538,0,17,33.77968501450058,1.912615989567712,711.307741003111,2564.7523834286703
1781621148,400,GET,/users/{user_id},167.400000,0.200000,26,40,53,66,100,130,170,190,310,320,320,4603,2,17,31.534461700257598,1.6892309940885752,316.373568988638,261.6339343906148
1781621148,400,,Aggregated,1637.500000,0.300000,25,39,53,64,98,130,160,190,510,970,1100,45504,4,17,32.5270971271639,1.6892309940885752,1090.280714997789,2695.4761119901545
1781621149,400,GET,/feed/{user_id},650.500000,0.100000,25,40,54,67,100,130,160,180,280,320,320,18733,2,17,31.527616991014256,1.9245839794166386,322.2732819849625,3152.953611274222
1781621149,400,GET,/feed/{user_id}?with_fof=true,322.600000,0.000000,26,43,58,71,110,140,190,290,750,1100,1100,9319,0,18,37.847581488040824,2.016862010350451,1090.280714997789,3849.3158064169975
1781621149,400,POST,/likes,32.200000,0.000000,19,24,30,37,55,73,85,110,130,130,130,914,0,14,19.394149906831156,2.6718139997683465,125.61242599622346,180.73960612691465
1781621149,400,POST,/posts,49.500000,0.000000,22,29,35,39,52,66,86,100,140,140,140,1425,0,16,21.405398986964045,3.3367309952154756,138.52310701622628,228.41754385964913
1781621149,400,GET,/timeline/{user_id},417.400000,0.000000,27,43,58,70,100,130,170,200,370,710,710,11965,0,18,34.13734935663155,1.912615989567712,711.307741003111,2562.3784371082324
1781621149,400,GET,/users/{user_id},168.100000,0.200000,26,41,54,69,110,130,170,190,310,320,320,4766,2,17,32.00714444987139,1.6892309940885752,316.373568988638,261.6269408308854
1781621149,400,,Aggregated,1640.300000,0.300000,25,40,54,67,100,130,170,190,520,970,1100,47122,4,17,32.94717633061359,1.6892309940885752,1090.280714997789,2702.1882984593185
1781621150,400,GET,/feed/{user_id},645.900000,0.100000,25,39,52,64,96,120,160,180,280,320,320,19413,2,17,31.67393378775171,1.9245839794166386,322.2732819849625,3150.9587905012104
1781621150,400,GET,/feed/{user_id}?with_fof=true,325.700000,0.000000,26,41,56,67,100,140,190,310,750,1100,1100,9656,0,18,37.98935022762596,2.016862010350451,1090.280714997789,3849.232912178956
1781621150,400,POST,/likes,32.500000,0.000000,20,25,31,35,51,71,85,88,130,130,130,953,0,14,19.710828073351845,2.6718139997683465,125.61242599622346,180.74186778593915
1781621150,400,POST,/posts,49.900000,0.000000,21,28,33,38,49,62,81,100,140,140,140,1463,0,16,21.492077398794414,3.3367309952154756,138.52310701622628,228.4237867395762
1781621150,400,GET,/timeline/{user_id},414.300000,0.000000,26,40,54,66,99,120,160,190,370,710,710,12383,0,18,34.160705059229585,1.912615989567712,711.307741003111,2559.80125979165
1781621150,400,GET,/users/{user_id},166.900000,0.200000,27,40,52,63,100,130,160,180,310,320,320,4939,2,18,32.291838764536884,1.6892309940885752,316.373568988638,261.62644259971654
1781621150,400,,Aggregated,1635.200000,0.300000,26,39,52,63,97,130,160,190,540,970,1100,48807,4,18,33.07804153532093,1.6892309940885752,1090.280714997789,2701.1367017026246
1781621151,400,GET,/feed/{user_id},647.500000,0.100000,26,39,52,64,95,120,160,180,280,320,320,20073,2,18,31.986526399463433,1.9245839794166386,322.2732819849625,3160.863398595128
1781621151,400,GET,/feed/{user_id}?with_fof=true,326.300000,0.000000,27,41,56,66,100,140,190,310,750,1100,1100,10002,0,19,38.0851685926723,2.016862010350451,1090.280714997789,3850.8212357528496
1781621151,400,POST,/likes,31.900000,0.000000,21,26,31,38,51,74,85,92,130,130,130,986,0,15,20.0866950606421,2.6718139997683465,125.61242599622346,180.74949290060852
1781621151,400,POST,/posts,50.200000,0.000000,22,29,36,39,51,62,78,89,140,140,140,1512,0,16,21.773001551173845,3.3367309952154756,138.52310701622628,228.43386243386243
1781621151,400,GET,/timeline/{user_id},417.500000,0.000000,26,40,53,64,96,120,170,190,370,710,710,12775,0,18,34.26635224768553,1.912615989567712,711.307741003111,2565.676555772994
1781621151,400,GET,/users/{user_id},166.800000,0.200000,27,40,52,62,97,130,160,180,310,320,320,5131,2,18,32.55628219062969,1.6892309940885752,316.373568988638,261.64509842136033
1781621151,400,,Aggregated,1640.200000,0.300000,26,39,52,62,95,120,170,190,540,970,1100,50479,4,18,33.291439890643815,1.6892309940885752,1090.280714997789,2706.205649874205
1781621152,400,GET,/feed/{user_id},643.400000,0.100000,26,38,50,60,92,120,160,180,280,320,320,20749,2,18,32.216973696936655,1.9245839794166386,322.2732819849625,3161.852330232782
1781621152,400,GET,/feed/{user_id}?with_fof=true,324.800000,0.000000,26,40,54,64,98,130,190,290,750,1100,1100,10293,0,19,38.24912431504596,2.016862010350451,1090.280714997789,3846.455260856893
1781621152,400,POST,/likes,32.300000,0.000000,20,25,30,34,47,55,77,85,130,130,130,1024,0,15,20.302840011453327,2.6718139997683465,125.61242599622346,180.7626953125
1781621152,400,POST,/posts,49.600000,0.000000,22,29,34,38,51,59,77,85,140,140,140,1553,0,16,22.05468345999733,3.3367309952154756,138.52310701622628,228.44494526722474
1781621152,400,GET,/timeline/{user_id},418.200000,0.000000,26,39,52,61,92,120,160,190,330,710,710,13176,0,18,34.438478635411315,1.912615989567712,711.307741003111,2565.398224043716
1781621152,400,GET,/users/{user_id},165.900000,0.200000,26,39,51,61,94,120,160,180,310,320,320,5290,2,18,32.74506618338549,1.6892309940885752,316.373568988638,261.6584120982987
1781621152,400,,Aggregated,1634.200000,0.300000,25,38,50,60,91,120,160,190,510,970,1100,52085,4,18,33.48741576284726,1.6892309940885752,1090.280714997789,2705.626840741096
1781621153,400,GET,/feed/{user_id},645.100000,0.100000,26,39,51,61,92,120,160,180,210,260,260,21453,2,18,32.53667448314788,1.9245839794166386,322.2732819849625,3163.3477369132524
1781621153,400,GET,/feed/{user_id}?with_fof=true,328.900000,0.000000,26,40,54,63,96,120,170,200,580,690,690,10638,0,19,38.178831183574474,2.016862010350451,1090.280714997789,3847.28877608573
1781621153,400,POST,/likes,31.900000,0.000000,20,26,31,36,48,62,81,92,160,160,160,1059,0,15,20.648340383148597,2.6718139997683465,158.00041300826706,180.7724268177526
1781621153,400,POST,/posts,48.300000,0.000000,22,29,34,39,51,59,76,85,130,130,130,1601,0,17,22.27211864180511,3.3367309952154756,138.52310701622628,228.44971892567145
1781621153,400,GET,/timeline/{user_id},415.500000,0.000000,26,39,52,63,93,120,160,180,280,330,330,13579,0,18,34.61606904234319,1.912615989567712,711.307741003111,2567.1943442079682
1781621153,400,GET,/users/{user_id},166.500000,0.200000,26,40,52,63,95,120,160,180,230,240,240,5458,2,18,33.15472293553918,1.6892309940885752,316.373568988638,261.6760718211799
1781621153,400,,Aggregated,1636.200000,0.300000,25,38,51,60,91,120,160,180,460,680,690,53788,4,18,33.700639873898865,1.6892309940885752,1090.280714997789,2707.594686547185
1781621154,400,GET,/feed/{user_id},645.600000,0.100000,26,40,54,64,94,120,160,180,210,260,260,22127,2,18,32.83044279332824,1.9245839794166386,322.2732819849625,3158.328151127582
1781621154,400,GET,/feed/{user_id}?with_fof=true,329.900000,0.000000,25,41,55,65,96,120,160,200,590,690,690,10968,0,19,38.29892651558999,2.016862010350451,1090.280714997789,3858.814824945295
1781621154,400,POST,/likes,32.300000,0.000000,21,27,33,38,50,63,81,120,160,160,160,1073,0,15,20.73131880968356,2.6718139997683465,158.00041300826706,180.77726001863934
1781621154,400,POST,/posts,47.900000,0.000000,23,30,37,40,55,65,77,85,130,130,130,1653,0,17,22.649205641597632,3.3367309952154756,138.52310701622628,228.4561403508772
1781621154,400,GET,/timeline/{user_id},414.000000,0.000000,26,40,54,64,94,120,160,180,280,330,330,13968,0,19,34.79051671376535,1.912615989567712,711.307741003111,2573.7495704467356
1781621154,400,GET,/users/{user_id},169.200000,0.200000,27,42,55,65,97,120,160,180,230,240,240,5635,2,19,33.45920326638684,1.6892309940885752,316.373568988638,261.68624667258206
1781621154,400,,Aggregated,1638.900000,0.300000,26,40,53,63,93,120,160,180,460,680,690,55424,4,18,33.93263249825492,1.6892309940885752,1090.280714997789,2710.092306581986
1781621155,400,GET,/feed/{user_id},651.400000,0.100000,26,39,52,61,91,120,160,170,210,260,260,22835,2,18,32.858968659825415,1.9245839794166386,322.2732819849625,3150.349507335231
1781621155,400,GET,/feed/{user_id}?with_fof=true,331.100000,0.000000,24,39,52,61,92,120,160,190,600,690,690,11314,0,19,38.279287590707526,2.016862010350451,1090.280714997789,3852.729892168994
1781621155,400,POST,/likes,31.700000,0.000000,20,27,31,35,47,65,81,92,160,160,160,1107,0,15,20.752182446068737,2.6718139997683465,158.00041300826706,180.77416440831075
1781621155,400,POST,/posts,46.300000,0.000000,23,30,37,40,55,65,77,91,130,130,130,1703,0,17,22.693171998000164,3.3367309952154756,138.52310701622628,228.45684086905462
1781621155,400,GET,/timeline/{user_id},417.100000,0.000000,25,38,52,61,89,110,150,170,250,310,310,14393,0,19,34.82063947696516,1.912615989567712,711.307741003111,2580.4830820537763
1781621155,400,GET,/users/{user_id},171.200000,0.200000,26,41,53,63,93,120,150,170,200,230,230,5790,2,19,33.448307913508295,1.6892309940885752,316.373568988638,261.69844559585493
1781621155,400,,Aggregated,1648.800000,0.300000,25,38,51,60,89,120,150,180,460,680,690,57142,4,18,33.948491719574804,1.6892309940885752,1090.280714997789,2708.5737811067165
1781621156,400,GET,/feed/{user_id},657.300000,0.000000,26,40,53,63,91,120,160,170,210,260,260,23522,2,19,32.904595203465455,1.9245839794166386,322.2732819849625,3145.4617379474535
1781621156,400,GET,/feed/{user_id}?with_fof=true,330.400000,0.000000,25,40,54,64,90,120,160,200,590,680,680,11643,0,19,38.25228512753981,2.016862010350451,1090.280714997789,3853.687623464743
1781621156,400,POST,/likes,32.200000,0.000000,21,28,33,38,49,65,81,92,160,160,160,1134,0,15,20.901936023614972,2.6718139997683465,158.00041300826706,180.77601410934744
1781621156,400,POST,/posts,47.000000,0.000000,23,31,38,43,55,66,79,91,130,130,130,1757,0,17,22.88672732131057,3.3367309952154756,138.52310701622628,228.46385885031304
1781621156,400,GET,/timeline/{user_id},414.700000,0.000000,26,40,53,62,88,110,150,170,270,310,310,14812,0,19,34.90836213723616,1.912615989567712,711.307741003111,2589.6558871185525
1781621156,400,GET,/users/{user_id},171.900000,0.000000,27,42,56,65,93,120,150,170,200,230,230,5945,2,19,33.58563011731186,1.6892309940885752,316.373568988638,261.719259882254
1781621156,400,,Aggregated,1653.500000,0.000000,26,39,52,61,89,110,150,180,460,610,680,58813,4,19,34.00604033962463,1.6892309940885752,1090.280714997789,2709.883036063455
1781621157,400,GET,/feed/{user_id},652.500000,0.000000,26,40,53,63,91,120,150,170,210,260,260,24172,2,19,33.10311829401744,1.9245839794166386,322.2732819849625,3140.1030117491314
1781621157,400,GET,/feed/{user_id}?with_fof=true,331.900000,0.000000,25,40,54,64,91,120,150,190,590,680,680,11990,0,19,38.379171766371606,2.016862010350451,1090.280714997789,3845.3059216013344
1781621157,400,POST,/likes,31.500000,0.000000,21,28,34,38,50,65,84,92,160,160,160,1166,0,15,21.025943372926378,2.6718139997683465,158.00041300826706,180.7753001715266
1781621157,400,POST,/posts,46.800000,0.000000,23,31,38,43,56,66,79,91,130,130,130,1816,0,17,22.999997515026106,3.3367309952154756,138.52310701622628,228.465859030837
1781621157,400,GET,/timeline/{user_id},411.900000,0.000000,26,39,53,63,90,110,150,170,270,310,310,15243,0,19,35.107952235965534,1.912615989567712,711.307741003111,2586.0137768155873
1781621157,400,GET,/users/{user_id},170.100000,0.000000,27,42,57,66,95,120,150,170,210,230,230,6088,2,19,33.913203598637715,1.6892309940885752,316.373568988638,261.7283180026281
1781621157,400,,Aggregated,1644.700000,0.000000,26,39,52,62,89,110,150,170,430,610,680,60475,4,19,34.1998047091068,1.6892309940885752,1090.280714997789,2706.0020835055807
1781621158,400,GET,/feed/{user_id},659.900000,0.000000,25,39,52,62,90,120,150,170,210,260,260,24866,2,19,33.06368712180318,1.9245839794166386,322.2732819849625,3131.9909515000404
1781621158,400,GET,/feed/{user_id}?with_fof=true,332.100000,0.000000,24,39,55,64,91,120,150,190,560,680,680,12319,0,19,38.37894919210908,2.016862010350451,1090.280714997789,3845.642097572855
1781621158,400,POST,/likes,32.400000,0.000000,20,27,32,36,49,65,84,92,160,160,160,1197,0,15,20.921132902918405,2.6718139997683465,158.00041300826706,180.77276524644947
1781621158,400,POST,/posts,47.900000,0.000000,22,30,38,43,55,66,80,99,130,130,130,1872,0,17,23.023272526312898,3.3367309952154756,138.52310701622628,228.46260683760684
1781621158,400,GET,/timeline/{user_id},414.600000,0.000000,25,39,53,63,91,120,150,170,270,310,310,15655,0,19,35.089645138383986,1.912615989567712,711.307741003111,2593.1039284573617
1781621158,400,GET,/users/{user_id},164.500000,0.000000,26,41,57,66,96,120,150,170,210,230,230,6264,2,19,33.8037543752526,1.6892309940885752,316.373568988638,261.757343550447
1781621158,400,,Aggregated,1651.400000,0.000000,25,38,52,61,90,120,150,170,420,610,680,62173,4,19,34.165460784751936,1.6892309940885752,1090.280714997789,2704.281746095572
1781621159,400,GET,/feed/{user_id},661.600000,0.000000,23,39,52,61,88,110,150,170,210,260,260,25533,2,19,33.12127578549515,1.9245839794166386,322.2732819849625,3135.1664512591547
1781621159,400,GET,/feed/{user_id}?with_fof=true,333.900000,0.000000,23,38,54,63,89,110,140,180,560,610,610,12639,0,19,38.35997815900934,2.016862010350451,1090.280714997789,3846.5569269720704
1781621159,400,POST,/likes,31.600000,0.000000,20,26,32,36,49,65,84,120,160,160,160,1230,0,15,21.05475317053137,2.6718139997683465,158.00041300826706,180.76747967479676
1781621159,400,POST,/posts,48.100000,0.000000,22,30,36,43,54,64,77,99,130,130,130,1928,0,17,23.014358300945737,3.3367309952154756,138.52310701622628,228.46836099585062
1781621159,400,GET,/timeline/{user_id},411.900000,0.000000,24,40,54,63,90,120,150,170,280,370,370,16104,0,19,35.25520057241904,1.912615989567712,711.307741003111,2601.9582091405864
1781621159,400,GET,/users/{user_id},163.800000,0.000000,24,40,56,66,93,120,150,170,210,230,230,6412,2,19,33.84314923138084,1.6892309940885752,316.373568988638,261.7760449157829
1781621159,400,,Aggregated,1650.900000,0.000000,23,38,52,61,88,110,140,170,330,600,610,63846,4,19,34.23140605012998,1.6892309940885752,1090.280714997789,2708.2371957522787
1781621160,400,GET,/feed/{user_id},668.600000,0.000000,23,39,53,62,90,120,160,180,240,270,270,26142,2,19,33.49866726325954,1.9245839794166386,322.2732819849625,3138.006694208553
1781621160,400,GET,/feed/{user_id}?with_fof=true,332.900000,0.000000,23,39,56,65,92,120,160,190,560,610,610,12951,0,20,38.659412732368644,2.016862010350451,1090.280714997789,3841.7560806115357
1781621160,400,POST,/likes,31.800000,0.000000,19,25,30,34,46,62,81,92,160,160,160,1265,0,16,21.029964636867724,2.6718139997683465,158.00041300826706,180.76363636363635
1781621160,400,POST,/posts,48.200000,0.000000,22,30,36,43,55,66,85,120,180,180,180,1978,0,17,23.285247848426387,3.3367309952154756,179.5607699896209,228.4737108190091
1781621160,400,GET,/timeline/{user_id},411.400000,0.000000,24,40,55,65,94,120,160,190,290,370,370,16516,0,20,35.637829190739296,1.912615989567712,711.307741003111,2606.391135868249
1781621160,400,GET,/users/{user_id},164.700000,0.000000,24,42,58,67,99,130,160,190,240,260,260,6589,2,20,34.46849154586252,1.6892309940885752,316.373568988638,261.79830019729854
1781621160,400,,Aggregated,1657.600000,0.000000,23,39,53,62,90,120,160,180,310,600,610,65441,4,19,34.60779354094242,1.6892309940885752,1090.280714997789,2708.410415488761
1781621161,400,GET,/feed/{user_id},671.700000,0.000000,25,41,54,62,89,110,150,170,240,270,270,26840,2,19,33.652175289907554,1.9245839794166386,322.2732819849625,3130.6048435171388
1781621161,400,GET,/feed/{user_id}?with_fof=true,330.600000,0.000000,24,40,54,63,90,120,150,190,560,610,610,13261,0,20,38.68143770980702,2.016862010350451,1090.280714997789,3845.6971570771434
1781621161,400,POST,/likes,31.700000,0.000000,20,26,31,36,47,58,70,84,160,160,160,1309,0,16,21.25757703327448,2.6718139997683465,158.00041300826706,180.76470588235293
1781621161,400,POST,/posts,48.500000,0.000000,23,30,38,43,56,67,80,120,180,180,180,2024,0,17,23.47471157866569,3.3367309952154756,179.5607699896209,228.46986166007906
1781621161,400,GET,/timeline/{user_id},408.500000,0.000000,25,41,55,64,92,120,160,190,290,370,370,16909,0,20,35.669483612718786,1.912615989567712,711.307741003111,2600.5590513927496
1781621161,400,GET,/users/{user_id},164.800000,0.000000,26,44,58,67,97,120,150,180,240,260,260,6756,2,20,34.59021998279968,1.6892309940885752,316.373568988638,261.8214920071048
1781621161,400,,Aggregated,1655.800000,0.000000,25,40,53,62,89,120,150,180,330,600,610,67099,4,19,34.700140679204104,1.6892309940885752,1090.280714997789,2704.42163072475
1781621162,400,GET,/feed/{user_id},673.400000,0.000000,24,40,53,62,90,120,160,190,240,270,270,27453,2,19,33.88252706072473,1.9245839794166386,322.2732819849625,3134.481040323462
1781621162,400,GET,/feed/{user_id}?with_fof=true,329.700000,0.000000,25,40,54,63,91,120,170,200,560,610,610,13621,0,20,38.9182907030344,2.016862010350451,1090.280714997789,3850.580720945599
1781621162,400,POST,/likes,31.000000,0.000000,20,26,31,37,49,60,73,100,170,170,170,1344,0,16,21.532924785398272,2.6718139997683465,167.92967999936081,180.7671130952381
1781621162,400,POST,/posts,50.400000,0.000000,22,30,37,42,53,66,79,120,180,180,180,2073,0,18,23.66594915298248,3.3367309952154756,179.5607699896209,228.48046309696093
1781621162,400,GET,/timeline/{user_id},411.300000,0.000000,25,41,55,64,94,130,170,210,290,370,370,17310,0,20,35.93985262364188,1.912615989567712,711.307741003111,2596.773194685153
1781621162,400,GET,/users/{user_id},163.100000,0.000000,26,43,57,67,99,130,170,200,260,270,270,6920,2,20,34.92106911499185,1.6892309940885752,316.373568988638,261.84768786127165
1781621162,400,,Aggregated,1658.900000,0.000000,25,39,52,61,90,120,160,200,310,600,610,68721,4,20,34.95373268376209,1.6892309940885752,1090.280714997789,2706.2817624889044
1781621163,400,GET,/feed/{user_id},668.700000,0.000000,24,39,52,61,88,110,150,180,240,270,270,28145,2,19,33.85408453027307,1.9245839794166386,322.2732819849625,3131.3793213714694
1781621163,400,GET,/feed/{user_id}?with_fof=true,325.700000,0.000000,25,40,54,64,90,120,160,200,560,610,610,13950,0,20,38.79092076401715,2.016862010350451,1090.280714997789,3859.5139068100357
1781621163,400,POST,/likes,31.400000,0.000000,19,25,29,33,47,58,70,84,170,170,170,1380,0,16,21.38603088446805,2.6718139997683465,167.92967999936081,180.76521739130436
1781621163,400,POST,/posts,50.700000,0.000000,22,30,36,41,52,66,79,110,180,180,180,2120,0,18,23.677298545802806,3.3367309952154756,179.5607699896209,228.48396226415093
1781621163,400,GET,/timeline/{user_id},409.300000,0.000000,25,41,54,61,92,120,160,210,290,370,370,17749,0,20,35.873098920268895,1.912615989567712,711.307741003111,2590.1254718575697
1781621163,400,GET,/users/{user_id},162.500000,0.000000,26,43,55,64,95,120,150,200,260,270,270,7101,2,20,34.91337292559883,1.6892309940885752,316.373568988638,261.855231657513
1781621163,400,,Aggregated,1648.300000,0.000000,24,39,52,61,88,120,150,190,330,600,610,70445,4,20,34.89668029215396,1.6892309940885752,1090.280714997789,2704.781077436298
1781621164,400,GET,/feed/{user_id},668.100000,0.000000,24,38,50,58,86,110,140,170,240,270,270,28809,2,20,33.91743906477899,1.9245839794166386,322.2732819849625,3131.15154986289
1781621164,400,GET,/feed/{user_id}?with_fof=true,327.000000,0.000000,25,39,52,63,91,120,150,190,500,610,610,14269,0,20,38.78072807421413,2.016862010350451,1090.280714997789,3863.0434508374797
1781621164,400,POST,/likes,31.800000,0.000000,18,25,29,34,47,55,65,89,170,170,170,1419,0,16,21.478101633144725,2.6718139997683465,167.92967999936081,180.76885130373503
1781621164,400,POST,/posts,50.900000,0.000000,22,30,35,40,52,62,79,110,180,180,180,2167,0,18,23.808722653501224,3.3367309952154756,179.5607699896209,228.48269497000462
1781621164,400,GET,/timeline/{user_id},411.600000,0.000000,24,39,52,60,91,120,160,210,290,370,370,18178,0,20,35.92598466700734,1.912615989567712,711.307741003111,2591.6027065683793
1781621164,400,GET,/users/{user_id},161.600000,0.000000,24,41,53,63,96,130,160,190,260,270,270,7243,2,20,34.97782941322851,1.6892309940885752,316.373568988638,261.8680104928897
1781621164,400,,Aggregated,1651.000000,0.000000,24,38,50,59,87,110,150,180,280,600,610,72085,4,20,34.94440739172689,1.6892309940885752,1090.280714997789,2706.3273774016784
1781621165,400,GET,/feed/{user_id},665.300000,0.000000,25,39,51,60,88,110,140,180,240,270,270,29483,2,20,34.05345523963,1.9245839794166386,322.2732819849625,3129.3985008309874
1781621165,400,GET,/feed/{user_id}?with_fof=true,329.200000,0.000000,26,40,52,62,92,120,160,190,500,600,600,14590,0,20,38.794045949845405,2.016862010350451,1090.280714997789,3872.6732008224812
1781621165,400,POST,/likes,32.000000,0.000000,19,26,31,38,48,59,73,100,170,170,170,1450,0,16,21.734682233414034,2.6718139997683465,167.92967999936081,180.76206896551724
1781621165,400,POST,/posts,51.700000,0.000000,22,30,35,39,52,66,79,110,180,180,180,2217,0,18,23.86764475065628,3.3367309952154756,179.5607699896209,228.48173207036535
1781621165,400,GET,/timeline/{user_id},410.500000,0.000000,25,40,53,62,94,120,160,210,290,370,370,18580,0,20,36.04966557538933,1.912615989567712,711.307741003111,2596.2471474703984
1781621165,400,GET,/users/{user_id},161.100000,0.000000,25,41,53,63,98,130,160,190,260,270,270,7411,2,20,35.03717369019789,1.6892309940885752,316.373568988638,261.8789637026042
1781621165,400,,Aggregated,1649.800000,0.000000,25,39,51,60,89,120,150,180,280,580,600,73731,4,20,35.04491041078668,1.6892309940885752,1090.280714997789,2708.685139222308
1781621166,400,GET,/feed/{user_id},662.800000,0.000000,26,40,52,60,89,120,160,180,240,270,270,30146,2,20,34.22220539300738,1.9245839794166386,322.2732819849625,3135.4759503748423
1781621166,400,GET,/feed/{user_id}?with_fof=true,329.000000,0.000000,26,41,53,63,93,120,170,190,500,600,600,14933,0,20,38.901101644342376,2.016862010350451,1090.280714997789,3864.7838344605907
1781621166,400,POST,/likes,32.300000,0.000000,19,27,32,38,48,59,73,100,170,170,170,1476,0,16,21.828201853229757,2.6718139997683465,167.92967999936081,180.76829268292684
1781621166,400,POST,/posts,51.200000,0.000000,22,30,36,41,53,67,86,110,180,180,180,2291,0,18,24.112085871754555,3.3367309952154756,179.5607699896209,228.4871235268442
1781621166,400,GET,/timeline/{user_id},414.700000,0.000000,26,40,53,61,95,130,170,210,290,370,370,18973,0,20,36.13978635233917,1.912615989567712,711.307741003111,2590.1359300057975
1781621166,400,GET,/users/{user_id},161.300000,0.000000,25,40,52,61,98,130,160,190,260,270,270,7587,2,20,35.1092365603172,1.6892309940885752,316.373568988638,261.89534730459997
1781621166,400,,Aggregated,1651.300000,0.000000,25,39,51,60,90,120,160,190,280,580,600,75406,4,20,35.17075449627618,1.6892309940885752,1090.280714997789,2707.4079250987984
1781621167,400,GET,/feed/{user_id},663.500000,0.000000,25,40,52,60,92,120,160,180,240,270,270,30818,2,20,34.38736239634353,1.9245839794166386,322.2732819849625,3146.019566487118
1781621167,400,GET,/feed/{user_id}?with_fof=true,327.300000,0.000000,26,40,53,63,95,130,170,190,500,600,600,15280,0,21,39.045636350120915,2.016862010350451,1090.280714997789,3871.7303010471205
1781621167,400,POST,/likes,34.000000,0.000000,19,27,32,38,47,57,73,100,170,170,170,1507,0,16,21.835960892823852,2.6718139997683465,167.92967999936081,180.76907763769077
1781621167,400,POST,/posts,51.000000,0.000000,23,32,38,43,52,67,86,110,180,180,180,2339,0,18,24.28000725059885,3.3367309952154756,179.5607699896209,228.48952543822145
1781621167,400,GET,/timeline/{user_id},416.600000,0.000000,25,40,52,61,98,130,170,210,290,370,370,19382,0,20,36.25653710721611,1.912615989567712,711.307741003111,2585.0644928283973
1781621167,400,GET,/users/{user_id},159.900000,0.000000,25,40,52,62,100,130,170,190,260,270,270,7745,2,21,35.294581987205746,1.6892309940885752,316.373568988638,261.9140090380891
1781621167,400,,Aggregated,1652.300000,0.000000,25,39,51,60,93,120,160,190,290,580,600,77071,4,20,35.3199715520492,1.6892309940885752,1090.280714997789,2712.4751203435794
1781621168,400,GET,/feed/{user_id},658.000000,0.000000,25,40,52,60,91,120,160,180,240,270,270,31511,2,20,34.350209041798706,1.9245839794166386,322.2732819849625,3148.8153977975944
1781621168,400,GET,/feed/{user_id}?with_fof=true,325.300000,0.000000,25,40,51,61,93,130,170,190,490,600,600,15651,0,21,38.89380766893246,2.016862010350451,1090.280714997789,3873.4268736821928
1781621168,400,POST,/likes,33.700000,0.000000,19,26,32,38,47,57,73,100,170,170,170,1537,0,16,21.744350411455198,2.6718139997683465,167.92967999936081,180.7683799609629
1781621168,400,POST,/posts,50.700000,0.000000,23,32,37,42,52,67,86,110,180,180,180,2385,0,18,24.24232284616546,3.3367309952154756,179.5607699896209,228.4909853249476
1781621168,400,GET,/timeline/{user_id},413.800000,0.000000,26,40,52,60,95,130,170,210,290,340,340,19812,0,20,36.19923642934993,1.912615989567712,711.307741003111,2593.477690288714
1781621168,400,GET,/users/{user_id},164.000000,0.000000,25,41,52,62,98,130,170,190,260,270,270,7902,2,21,35.23996417600999,1.6892309940885752,316.373568988638,261.9266008605416
1781621168,400,,Aggregated,1645.500000,0.000000,25,39,51,59,91,120,160,190,280,580,600,78798,4,20,35.25496708761922,1.6892309940885752,1090.280714997789,2717.3258458336504
1781621169,400,GET,/feed/{user_id},657.300000,0.000000,25,40,52,60,92,120,160,180,240,270,270,32137,2,20,34.47136524741003,1.9245839794166386,322.2732819849625,3146.811712356474
1781621169,400,GET,/feed/{user_id}?with_fof=true,326.400000,0.000000,25,40,52,62,96,130,170,200,580,610,610,16006,0,21,39.13886691224298,2.016862010350451,1090.280714997789,3873.8348744220916
1781621169,400,POST,/likes,33.700000,0.000000,19,26,32,39,47,57,74,100,170,170,170,1572,0,16,21.8164234512458,2.6718139997683465,167.92967999936081,180.77162849872772
1781621169,400,POST,/posts,53.300000,0.000000,24,32,37,41,51,66,86,110,180,180,180,2432,0,18,24.292962852027095,3.3367309952154756,179.5607699896209,228.49794407894737
1781621169,400,GET,/timeline/{user_id},411.100000,0.000000,25,40,52,60,97,130,170,210,340,400,400,20217,0,21,36.384481554479585,1.912615989567712,711.307741003111,2581.1700054409657
1781621169,400,GET,/users/{user_id},163.600000,0.000000,25,40,52,62,100,130,170,190,260,270,270,8057,2,21,35.39565104999838,1.6892309940885752,316.373568988638,261.93756981506766
1781621169,400,,Aggregated,1645.400000,0.000000,25,39,50,59,93,120,170,190,360,600,610,80421,4,20,35.41869283112153,1.6892309940885752,1090.280714997789,2714.061178050509
1781621170,400,GET,/feed/{user_id},657.800000,0.000000,24,38,49,57,88,110,160,170,230,270,270,32846,2,20,34.436251978279344,1.9245839794166386,322.2732819849625,3145.8122145771176
1781621170,400,GET,/feed/{user_id}?with_fof=true,326.900000,0.000000,24,38,49,59,92,120,170,190,570,610,610,16350,0,21,39.05412823048318,2.016862010350451,1090.280714997789,3868.889235474006
1781621170,400,POST,/likes,33.800000,0.000000,19,26,31,38,47,57,74,100,170,170,170,1602,0,16,21.90368935852701,2.6718139997683465,167.92967999936081,180.76966292134833
1781621170,400,POST,/posts,51.500000,0.000000,23,31,36,40,49,60,77,100,160,160,160,2481,0,19,24.314044412750643,3.3367309952154756,179.5607699896209,228.50141072148327
1781621170,400,GET,/timeline/{user_id},410.400000,0.000000,24,38,50,58,93,120,160,180,320,400,400,20628,0,21,36.345973486412134,1.912615989567712,711.307741003111,2575.6324898196626
1781621170,400,GET,/users/{user_id},163.200000,0.000000,23,38,50,58,93,120,160,170,250,270,270,8230,2,21,35.33419363923769,1.6892309940885752,316.373568988638,261.9545565006075
1781621170,400,,Aggregated,1643.600000,0.000000,24,37,48,56,88,120,160,180,310,590,610,82137,4,20,35.374875370612614,1.6892309940885752,1090.280714997789,2711.6430475912193
1781621171,400,GET,/feed/{user_id},656.900000,0.000000,24,38,50,59,88,120,160,170,230,270,270,33517,2,20,34.498560288807944,1.9245839794166386,322.2732819849625,3148.768803890563
1781621171,400,GET,/feed/{user_id}?with_fof=true,331.900000,0.000000,24,39,51,61,93,120,170,190,570,610,610,16674,0,21,39.030410809024204,2.016862010350451,1090.280714997789,3870.5563152213026
1781621171,400,POST,/likes,33.600000,0.000000,19,25,31,39,50,59,74,100,170,170,170,1636,0,17,21.985606428109534,2.6718139997683465,167.92967999936081,180.77017114914426
1781621171,400,POST,/posts,51.300000,0.000000,22,31,36,40,51,62,79,110,160,160,160,2538,0,19,24.32527845582352,3.3367309952154756,179.5607699896209,228.50275807722616
1781621171,400,GET,/timeline/{user_id},411.300000,0.000000,24,39,52,60,93,120,160,180,320,400,400,21021,0,21,36.34966097149484,1.912615989567712,711.307741003111,2580.8968650397223
1781621171,400,GET,/users/{user_id},163.000000,0.000000,23,39,52,61,95,120,160,170,250,270,270,8397,2,21,35.45022411427829,1.6892309940885752,316.373568988638,261.9646302250804
1781621171,400,,Aggregated,1648.000000,0.000000,24,38,50,58,89,120,160,180,310,590,610,83783,4,20,35.407768628914106,1.6892309940885752,1090.280714997789,2714.1946456918467
1781621172,400,GET,/feed/{user_id},659.300000,0.000000,24,38,50,58,86,110,150,170,200,240,240,34179,2,20,34.53391541124081,1.9245839794166386,322.2732819849625,3147.5732467304483
1781621172,400,GET,/feed/{user_id}?with_fof=true,334.000000,0.000000,24,38,50,59,89,110,160,180,570,610,610,17006,0,21,39.0043079001924,2.016862010350451,1090.280714997789,3865.79524873574
1781621172,400,POST,/likes,34.100000,0.000000,19,26,33,39,48,57,65,76,110,110,110,1666,0,17,22.113479895792267,2.6718139997683465,167.92967999936081,180.76950780312126
1781621172,400,POST,/posts,49.400000,0.000000,22,30,34,39,49,60,79,100,130,130,130,2589,0,19,24.37632340745536,3.3367309952154756,179.5607699896209,228.50830436461953
1781621172,400,GET,/timeline/{user_id},405.600000,0.000000,24,38,50,59,88,110,150,170,290,400,400,21456,0,21,36.323478381990256,1.912615989567712,711.307741003111,2585.8226137211036
1781621172,400,GET,/users/{user_id},162.900000,0.000000,24,38,51,61,90,110,150,170,180,190,190,8537,2,21,35.481487320449084,1.6892309940885752,316.373568988638,261.9790324469954
1781621172,400,,Aggregated,1645.300000,0.000000,24,37,49,57,86,110,150,170,290,590,610,85433,4,20,35.41787509766048,1.6892309940885752,1090.280714997789,2714.7977362377537
1781621173,400,GET,/feed/{user_id},664.300000,0.000000,25,41,53,63,93,130,170,220,610,780,780,34429,2,21,35.36082174500084,1.9245839794166386,777.3528389807325,3148.6429173080833
1781621173,400,GET,/feed/{user_id}?with_fof=true,336.600000,0.000000,26,40,53,62,94,120,170,200,580,610,610,17056,0,21,39.33208364233645,2.016862010350451,1090.280714997789,3875.293855534709
1781621173,400,POST,/likes,33.100000,0.000000,20,27,35,40,51,59,74,100,480,480,480,1678,0,17,22.303677889983547,2.6718139997683465,483.26982601429336,180.76936829559
1781621173,400,POST,/posts,50.700000,0.000000,22,30,34,40,51,66,97,190,450,450,450,2611,0,18,24.81494802141026,3.3367309952154756,445.12951499200426,228.50785139793183
1781621173,400,GET,/timeline/{user_id},407.700000,0.000000,26,41,54,63,94,120,160,190,550,720,720,21529,0,21,36.73174516582115,1.912615989567712,721.0431389976293,2592.3530122160805
1781621173,400,GET,/users/{user_id},162.900000,0.000000,25,40,54,65,96,130,170,270,600,650,650,8592,2,21,36.35338307956051,1.6892309940885752,652.8607399959583,261.98719739292363
1781621173,400,,Aggregated,1655.300000,0.000000,25,40,52,61,92,120,170,200,580,720,780,85895,4,21,36.01663845788664,1.6892309940885752,1090.280714997789,2718.008801443623
1781621174,400,GET,/feed/{user_id},667.000000,0.000000,25,41,54,64,95,140,190,390,1000,1800,1800,34520,2,21,36.04240334644914,1.9245839794166386,1797.8628190176096,3151.904808806489
1781621174,400,GET,/feed/{user_id}?with_fof=true,336.300000,0.000000,26,40,52,61,93,120,170,220,610,1000,1000,17059,0,21,39.44772508761965,2.016862010350451,1090.280714997789,3875.330734509643
1781621174,400,POST,/likes,32.300000,0.000000,20,27,33,39,51,59,68,91,480,480,480,1679,0,17,22.292643477884386,2.6718139997683465,483.26982601429336,180.76950565812984
1781621174,400,POST,/posts,52.000000,0.000000,22,30,34,40,51,64,100,260,510,510,510,2614,0,18,24.98564623868228,3.3367309952154756,512.1348780230619,228.5080336648814
1781621174,400,GET,/timeline/{user_id},408.700000,0.000000,25,40,53,62,92,120,160,250,720,1300,1300,21543,0,21,36.96557678740125,1.912615989567712,1252.426603983622,2596.101842825976
1781621174,400,GET,/users/{user_id},163.000000,0.000000,25,41,55,66,96,130,170,360,740,1100,1100,8602,2,21,36.685898562489186,1.6892309940885752,1083.362290984951,261.9890723087654
1781621174,400,,Aggregated,1659.300000,0.000000,25,40,52,61,92,130,170,320,1000,1800,1800,86017,4,21,36.40891746540722,1.6892309940885752,1797.8628190176096,2720.3378983224247
1781621175,400,GET,/feed/{user_id},661.500000,0.000000,24,40,54,65,95,140,200,460,1800,2200,2200,34528,2,21,36.16324260323309,1.9245839794166386,2247.3322309961077,3151.7465824837814
1781621175,400,GET,/feed/{user_id}?with_fof=true,331.400000,0.000000,25,40,53,63,93,120,160,250,670,2900,2900,17060,0,21,39.6169049053179,2.016862010350451,2925.655415019719,3875.787162954279
1781621175,400,POST,/likes,31.500000,0.000000,19,25,31,38,51,59,68,91,1800,1800,1800,1681,0,17,23.35763070514206,2.6718139997683465,1830.1135499787051,180.7709696609161
1781621175,400,POST,/posts,51.200000,0.000000,21,30,34,40,51,62,97,300,510,510,510,2614,0,18,24.98564623868228,3.3367309952154756,512.1348780230619,228.5080336648814
1781621175,400,GET,/timeline/{user_id},404.300000,0.000000,25,40,54,62,93,120,170,350,2600,2600,2600,21551,0,21,37.82975401777211,1.912615989567712,2596.4018469967414,2597.96575564939
1781621175,400,GET,/users/{user_id},159.100000,0.000000,26,43,57,68,96,140,190,470,1100,2200,2200,8607,2,21,36.93522517236564,1.6892309940885752,2204.2447499989066,261.9888462879052
1781621175,400,,Aggregated,1639.000000,0.000000,24,39,53,62,93,130,180,380,2000,2600,2900,86041,4,21,36.75289695224343,1.6892309940885752,2925.655415019719,2720.671877360793
1781621176,400,GET,/feed/{user_id},661.500000,0.000000,24,40,54,66,97,140,250,490,1800,2200,2200,34528,2,21,36.16324260323309,1.9245839794166386,2247.3322309961077,3151.7465824837814
1781621176,400,GET,/feed/{user_id}?with_fof=true,331.400000,0.000000,24,40,53,63,94,120,170,250,670,2900,2900,17060,0,21,39.6169049053179,2.016862010350451,2925.655415019719,3875.787162954279
1781621176,400,POST,/likes,31.500000,0.000000,19,25,29,35,51,59,68,480,1800,1800,1800,1681,0,17,23.35763070514206,2.6718139997683465,1830.1135499787051,180.7709696609161
1781621176,400,POST,/posts,51.200000,0.000000,20,28,33,36,48,62,190,360,510,510,510,2614,0,18,24.98564623868228,3.3367309952154756,512.1348780230619,228.5080336648814
1781621176,400,GET,/timeline/{user_id},404.300000,0.000000,24,40,54,63,94,120,180,360,2600,2600,2600,21551,0,21,37.82975401777211,1.912615989567712,2596.4018469967414,2597.96575564939
1781621176,400,GET,/users/{user_id},159.100000,0.000000,25,44,58,69,96,140,270,530,2200,2200,2200,8607,2,21,36.93522517236564,1.6892309940885752,2204.2447499989066,261.9888462879052
1781621176,400,,Aggregated,1639.000000,0.000000,24,39,53,63,94,130,200,430,2100,2600,2900,86041,4,21,36.75289695224343,1.6892309940885752,2925.655415019719,2720.671877360793
1781621177,400,GET,/feed/{user_id},549.400000,0.000000,25,41,56,67,98,150,380,610,4100,4800,4800,34541,2,21,37.623294962376534,1.9245839794166386,4813.47394399927,3151.714426333922
1781621177,400,GET,/feed/{user_id}?with_fof=true,268.600000,0.000000,26,41,53,63,93,120,190,370,2900,4700,4700,17061,0,21,39.89160342112126,2.016862010350451,4726.248283026507,3876.1605415860736
1781621177,400,POST,/likes,25.200000,0.000000,20,26,32,38,53,59,68,480,1800,1800,1800,1681,0,17,23.35763070514206,2.6718139997683465,1830.1135499787051,180.7709696609161
1781621177,400,POST,/posts,43.200000,0.000000,20,28,33,36,51,73,300,510,4100,4100,4100,2616,0,18,27.70999721327748,3.3367309952154756,4110.181477997685,228.5091743119266
1781621177,400,GET,/timeline/{user_id},323.800000,0.000000,25,41,55,64,93,120,270,690,4500,4700,4700,21559,0,21,39.36263718762333,1.912615989567712,4702.835114003392,2598.08390927223
1781621177,400,GET,/users/{user_id},130.700000,0.000000,26,44,58,69,97,150,420,600,4100,4100,4100,8611,2,21,38.71307992782779,1.6892309940885752,4148.773111985065,261.98908373011267
1781621177,400,,Aggregated,1340.900000,0.000000,25,40,54,64,94,130,320,570,4100,4800,4800,86069,4,21,38.03771199357463,1.6892309940885752,4813.47394399927,2720.6575886788505
1781621178,400,GET,/feed/{user_id},484.600000,0.000000,27,45,63,75,110,200,940,4100,5600,5700,5700,34581,2,21,41.40786209549857,1.9245839794166386,5672.06892799004,3151.4892281888897
1781621178,400,GET,/feed/{user_id}?with_fof=true,237.400000,0.000000,27,42,55,68,97,130,200,400,2900,4700,4700,17061,0,21,39.89160342112126,2.016862010350451,4726.248283026507,3876.1605415860736
1781621178,400,POST,/likes,22.400000,0.000000,21,29,38,45,57,68,5300,5600,5600,5600,5600,1684,0,17,33.13753802694379,2.6718139997683465,5622.813257010421,180.7731591448931
1781621178,400,POST,/posts,38.300000,0.000000,20,30,33,40,55,80,360,510,4100,4100,4100,2617,0,18,27.701362220833882,3.3367309952154756,4110.181477997685,228.50859763087504
1781621178,400,GET,/timeline/{user_id},286.300000,0.000000,27,45,61,74,110,380,5100,5500,6000,6000,6000,21618,0,21,52.174295661574305,1.912615989567712,6022.358921007253,2597.112175039319
1781621178,400,GET,/users/{user_id},113.300000,0.000000,29,51,66,79,120,330,3500,4100,5600,5600,5600,8625,2,21,44.53409215808927,1.6892309940885752,5645.775329001481,261.9913043478261
1781621178,400,,Aggregated,1182.300000,0.000000,26,43,59,71,110,190,1800,4700,5700,6000,6000,86186,4,21,43.54331878190098,1.6892309940885752,6022.358921007253,2719.9231777782934
1781621179,400,GET,/feed/{user_id},419.000000,0.000000,27,50,69,85,180,750,4200,5300,5800,5900,5900,34697,2,21,47.03356573261411,1.9245839794166386,5923.322076996556,3151.067239242586
1781621179,400,GET,/feed/{user_id}?with_fof=true,201.300000,0.000000,26,43,56,71,110,230,5900,6100,6700,7100,7100,17108,0,21,49.56617356767916,2.016862010350451,7098.801218991866,3865.968143558569
1781621179,400,POST,/likes,19.600000,0.000000,21,32,46,52,630,4300,5600,5600,5800,5800,5800,1692,0,17,46.25937343049678,2.6718139997683465,5756.829542020569,180.77777777777777
1781621179,400,POST,/posts,30.000000,0.000000,18,28,33,40,59,300,3100,4100,5300,5300,5300,2622,0,18,31.564741421798242,3.3367309952154756,5304.13275299361,228.5091533180778
1781621179,400,GET,/timeline/{user_id},246.800000,0.000000,29,51,69,87,720,5400,6000,6200,6500,6500,6500,21720,0,21,68.0534611962184,1.912615989567712,6538.459941017209,2592.9912523020257
1781621179,400,GET,/users/{user_id},97.300000,0.000000,30,53,69,83,170,770,4100,4700,5700,5700,5700,8648,2,21,47.081044649921054,1.6892309940885752,5713.545331993373,261.99525901942644
1781621179,400,,Aggregated,1014.000000,0.000000,27,47,65,79,170,1400,5600,5900,6500,7100,7100,86487,4,21,52.334031597663305,1.6892309940885752,7098.801218991866,2716.7330928347615
1781621180,400,GET,/feed/{user_id},352.900000,0.000000,33,68,97,130,650,1200,4600,5600,5900,5900,5900,34833,2,21,48.43371999949622,1.9245839794166386,5923.322076996556,3150.287543421468
1781621180,400,GET,/feed/{user_id}?with_fof=true,166.700000,0.000000,34,67,100,130,1100,6500,7400,7700,7800,7800,7800,17203,1,21,66.9328608407182,2.016862010350451,7838.000204006676,3846.030692321107
1781621180,400,POST,/likes,16.300000,0.000000,25,40,51,57,1400,5300,5600,5800,5800,5800,5800,1696,0,17,46.23699783572209,2.6718139997683465,5756.829542020569,180.77712264150944
1781621180,400,POST,/posts,26.800000,0.000000,18,27,36,46,190,690,3300,4100,5300,5300,5300,2625,0,18,31.799175351592048,3.3367309952154756,5304.13275299361,228.51009523809523
1781621180,400,GET,/timeline/{user_id},205.900000,0.000000,33,71,120,310,5100,5800,6400,6800,7300,7600,7600,21826,0,21,75.5725227113486,1.912615989567712,7567.154393997043,2587.941033629616
1781621180,400,GET,/users/{user_id},82.600000,0.000000,36,69,100,150,770,1400,4100,4800,5700,5700,5700,8686,2,21,48.90485217803032,1.6892309940885752,5713.545331993373,262.00034538337553
1781621180,400,,Aggregated,851.200000,0.000000,32,66,98,140,910,4900,6100,6900,7700,7800,7800,86869,5,21,58.41740994058755,1.6892309940885752,7838.000204006676,2711.713096731861
1781621181,400,GET,/feed/{user_id},291.700000,0.000000,55,130,310,550,1000,3600,5200,5800,5900,5900,5900,34988,2,21,49.98556709253271,1.9245839794166386,5923.322076996556,3144.4946267291643
1781621181,400,GET,/feed/{user_id}?with_fof=true,130.800000,0.000000,81,290,870,1200,7300,7800,8200,8400,8700,8700,8700,17287,1,21,81.13399016357644,2.016862010350451,8710.465911979554,3830.86249783074
1781621181,400,POST,/likes,14.500000,0.000000,25,46,140,630,4300,5600,5600,5800,5800,5800,5800,1700,0,17,46.757933372556344,2.6718139997683465,5756.829542020569,180.77823529411765
1781621181,400,POST,/posts,21.600000,0.000000,22,59,200,450,830,1000,4100,5300,5300,5300,5300,2646,0,19,34.64202832953106,3.3367309952154756,5304.13275299361,228.5177626606198
1781621181,400,GET,/timeline/{user_id},172.600000,0.000000,65,310,920,1700,5700,6200,6900,7200,8200,8200,8200,21936,0,21,79.90583893749458,1.912615989567712,8201.657533005346,2584.423504741065
1781621181,400,GET,/users/{user_id},67.800000,0.000000,62,190,600,770,1200,3900,4700,5300,5700,5700,5700,8727,2,21,50.89327750034312,1.6892309940885752,5713.545331993373,262.00641686719376
1781621181,400,,Aggregated,699.000000,0.000000,60,170,600,800,4100,5800,7300,7700,8700,8700,8700,87284,5,21,63.236901594369265,1.6892309940885752,8710.465911979554,2705.354051143394
1781621182,400,GET,/feed/{user_id},237.100000,0.000000,210,640,810,890,1400,4300,5700,5800,5900,5900,5900,35128,2,21,51.2470835581429,1.9245839794166386,5923.322076996556,3143.3767934411294
1781621182,400,GET,/feed/{user_id}?with_fof=true,102.600000,0.000000,770,1200,6100,7100,7800,8200,8300,8500,8700,8700,8700,17361,1,21,85.40883876801959,2.016862010350451,8710.465911979554,3829.5004320027647
1781621182,400,POST,/likes,10.900000,0.000000,140,810,990,1800,5600,5600,5800,5800,5800,5800,5800,1708,0,17,48.20086153534438,2.6718139997683465,5756.829542020569,180.7827868852459
1781621182,400,POST,/posts,18.100000,0.000000,170,510,760,780,940,3300,4100,5300,5300,5300,5300,2652,0,19,34.919167359333315,3.3367309952154756,5304.13275299361,228.51809954751133
1781621182,400,GET,/timeline/{user_id},142.800000,0.000000,710,1100,4800,5400,6100,6500,7100,7300,9600,9600,9600,22022,0,21,81.94354624520203,1.912615989567712,9574.501379014691,2584.597493415675
1781621182,400,GET,/users/{user_id},55.300000,0.000000,330,760,860,1000,1600,4100,4900,5600,5700,5700,5700,8766,2,21,52.07800581409997,1.6892309940885752,5713.545331993373,262.0144877937486
1781621182,400,,Aggregated,566.800000,0.000000,360,810,1000,1300,5700,6500,7700,8100,8700,9600,9600,87637,5,21,65.25782122618955,1.6892309940885752,9574.501379014691,2704.726645138469
1781621183,400,GET,/feed/{user_id},184.300000,0.000000,220,750,890,1000,1400,4400,5700,5800,5900,5900,5900,35276,2,21,52.92373414679757,1.9245839794166386,5923.322076996556,3145.0468307064293
1781621183,400,GET,/feed/{user_id}?with_fof=true,79.100000,0.100000,770,1200,6000,7100,7900,8200,8500,9300,11000,11000,11000,17424,1,21,91.4442512569265,2.016862010350451,10504.937595018419,3828.2744490358127
1781621183,400,POST,/likes,8.900000,0.000000,710,840,1000,1400,5300,5600,5800,5800,5800,5800,5800,1723,0,17,52.891966590459326,2.6718139997683465,5756.829542020569,180.79628554846198
1781621183,400,POST,/posts,13.600000,0.000000,140,450,710,770,940,3100,4100,5300,5300,5300,5300,2665,0,18,35.904114361324716,3.3367309952154756,5304.13275299361,228.5204502814259
1781621183,400,GET,/timeline/{user_id},112.100000,0.000000,690,1100,4200,5200,6000,6500,7100,7300,9600,9600,9600,22105,0,21,83.49621290191267,1.912615989567712,9574.501379014691,2587.0801628590816
1781621183,400,GET,/users/{user_id},42.000000,0.000000,290,800,1000,1100,1600,4100,4900,5600,5700,5700,5700,8789,2,21,53.37376420097832,1.6892309940885752,5713.545331993373,262.0208214813972
1781621183,400,,Aggregated,440.000000,0.100000,460,870,1100,1400,5700,6700,7800,8200,9700,11000,11000,87982,5,21,67.76233096122584,1.6892309940885752,10504.937595018419,2705.7733740992476
1781621184,400,GET,/feed/{user_id},129.600000,0.000000,220,740,880,1000,1400,4200,5600,5800,5900,5900,5900,35428,2,21,54.30659090913119,1.9245839794166386,5923.322076996556,3145.841650671785
1781621184,400,GET,/feed/{user_id}?with_fof=true,53.100000,0.100000,720,1100,4700,6100,7800,8200,8700,10000,12000,12000,12000,17501,1,21,94.59843097209195,2.016862010350451,11567.668837989913,3824.389577738415
1781621184,400,POST,/likes,5.900000,0.000000,630,830,990,1100,5300,5600,5800,5800,5800,5800,5800,1727,0,17,52.77858823646692,2.6718139997683465,5756.829542020569,180.79675738274463
1781621184,400,POST,/posts,9.100000,0.000000,25,590,740,780,1000,3100,4100,5300,5300,5300,5300,2678,0,18,36.88631756046002,3.3367309952154756,5304.13275299361,228.5216579536968
1781621184,400,GET,/timeline/{user_id},80.100000,0.000000,610,970,2200,4900,5900,6400,7100,7300,11000,11000,11000,22204,0,21,86.21655074390503,1.912615989567712,11133.374819008168,2588.011439380292
1781621184,400,GET,/users/{user_id},28.400000,0.000000,210,790,950,1100,1400,4100,4800,5300,5700,5700,5700,8837,2,21,54.821248717836184,1.6892309940885752,5713.545331993373,262.0255742899174
1781621184,400,,Aggregated,306.200000,0.100000,380,840,1100,1300,5500,6500,7800,8300,11000,12000,12000,88375,5,21,69.7966494044666,1.6892309940885752,11567.668837989913,2705.3517736916547
1781621185,400,GET,/feed/{user_id},87.800000,0.000000,200,710,860,980,1300,4100,5600,5800,5900,5900,5900,35565,2,21,55.43539283612481,1.9245839794166386,5923.322076996556,3145.317193870378
1781621185,400,GET,/feed/{user_id}?with_fof=true,34.000000,0.100000,690,1100,2900,6100,7900,8400,12000,12000,13000,13000,13000,17584,1,22,106.52393212224014,2.016862010350451,12703.35290802177,3831.9340309372155
1781621185,400,POST,/likes,4.500000,0.000000,470,750,840,1000,4300,5600,5600,5800,5800,5800,5800,1738,0,17,54.24616276944644,2.6718139997683465,5756.829542020569,180.80092059838896
1781621185,400,POST,/posts,5.600000,0.000000,110,590,760,820,1300,3100,4100,5300,5300,5300,5300,2686,0,18,38.616436110183244,3.3367309952154756,5304.13275299361,228.52308265078184
1781621185,400,GET,/timeline/{user_id},54.800000,0.000000,430,920,1300,4700,5900,6400,7100,7600,13000,13000,13000,22294,0,21,89.79225541606903,1.912615989567712,12526.334424997913,2588.5007176818876
1781621185,400,GET,/users/{user_id},20.500000,0.000000,220,780,920,1100,1400,3900,4700,5300,5700,5700,5700,8878,2,21,56.812915613146224,1.6892309940885752,5713.545331993373,262.0349177742735
1781621185,400,,Aggregated,207.200000,0.100000,320,810,1000,1200,5300,6500,7900,8700,13000,13000,13000,88745,5,21,73.79450959489358,1.6892309940885752,12703.35290802177,2706.7030255225645
1781621186,400,GET,/feed/{user_id},82.600000,0.000000,160,660,830,940,1300,3900,5300,5800,5900,5900,5900,35759,2,21,56.72303015843894,1.9245839794166386,5923.322076996556,3144.2480774070864
1781621186,400,GET,/feed/{user_id}?with_fof=true,38.700000,0.100000,680,1100,1600,6400,8000,10000,12000,13000,13000,13000,13000,17685,1,22,121.95654385961305,2.016862010350451,13363.73190197628,3829.8070115917444
1781621186,400,POST,/likes,4.600000,0.000000,470,730,840,990,3300,5600,5600,5800,5800,5800,5800,1748,0,17,56.04986615579357,2.6718139997683465,5756.829542020569,180.80720823798626
1781621186,400,POST,/posts,5.700000,0.000000,7,500,710,770,1000,1300,4100,5300,5300,5300,5300,2696,0,18,39.27534368950851,3.3367309952154756,5304.13275299361,228.52373887240356
1781621186,400,GET,/timeline/{user_id},58.800000,0.000000,290,890,1200,3400,5800,6400,7100,7800,13000,13000,13000,22417,0,21,94.362051286198,1.912615989567712,12526.334424997913,2592.7027702190303
1781621186,400,GET,/users/{user_id},20.100000,0.000000,190,770,880,1000,1300,3500,4700,4900,5700,5700,5700,8922,2,21,58.288242935739135,1.6892309940885752,5713.545331993373,262.0406859448554
1781621186,400,,Aggregated,210.500000,0.100000,260,780,990,1200,5200,6600,8200,11000,13000,13000,13000,89227,5,21,78.72486594164826,1.6892309940885752,13363.73190197628,2707.2074596254497
1781621187,400,GET,/feed/{user_id},93.600000,0.000000,150,590,800,890,1200,1500,5000,5700,5900,5900,5900,35968,4,21,58.31564595144937,1.9245839794166386,5923.322076996556,3142.4080015569393
1781621187,400,GET,/feed/{user_id}?with_fof=true,45.300000,0.100000,570,970,1400,6000,7900,9300,12000,13000,15000,15000,15000,17805,1,22,129.19185914889562,2.016862010350451,14641.814565984532,3831.9700645885987
1781621187,400,POST,/likes,5.100000,0.000000,160,730,840,980,1500,5600,5600,5800,5800,5800,5800,1757,0,17,57.29932372075838,2.6718139997683465,5756.829542020569,180.80876494023903
1781621187,400,POST,/posts,6.600000,0.000000,12,450,700,770,960,1300,3300,5300,5300,5300,5300,2714,0,18,41.000476289591916,3.3367309952154756,5304.13275299361,228.52837140751657
1781621187,400,GET,/timeline/{user_id},67.400000,0.000000,240,820,1100,1300,5700,6300,7000,7400,12000,13000,13000,22567,0,21,97.40428843971199,1.912615989567712,12526.334424997913,2591.6332255062703
1781621187,400,GET,/users/{user_id},23.900000,0.000000,180,710,830,930,1200,1400,3600,4100,5700,5700,5700,8974,2,21,60.06756638496278,1.6892309940885752,5713.545331993373,262.0470247381324
1781621187,400,,Aggregated,241.900000,0.100000,220,730,930,1100,4600,6400,8000,10000,13000,15000,15000,89785,7,21,81.82744699128753,1.6892309940885752,14641.814565984532,2706.791357130924
1781621188,400,GET,/feed/{user_id},108.600000,0.000000,120,470,720,820,1000,1300,1500,5300,5900,5900,5900,36199,7,21,59.76710922817018,1.9245839794166386,5923.322076996556,3140.5500980690076
1781621188,400,GET,/feed/{user_id}?with_fof=true,54.900000,0.100000,490,900,1300,5700,7700,8700,12000,13000,15000,15000,15000,17912,2,22,136.85154215565575,2.016862010350451,14641.814565984532,3834.667876284055
1781621188,400,POST,/likes,5.800000,0.000000,17,560,730,810,990,1100,1400,1500,1500,1500,1500,1766,0,17,57.79251913215539,2.6718139997683465,5756.829542020569,180.81257078142696
1781621188,400,POST,/posts,7.300000,0.000000,9,420,680,710,930,1000,1300,1400,5300,5300,5300,2741,0,18,42.91907856368921,3.3367309952154756,5304.13275299361,228.53228748631886
1781621188,400,GET,/timeline/{user_id},78.500000,0.000000,130,630,870,970,1500,6300,7000,7400,12000,13000,13000,22729,1,21,100.02991377949546,1.912615989567712,12526.334424997913,2593.5319635707688
1781621188,400,GET,/users/{user_id},28.600000,0.000000,160,660,800,890,1200,1300,1600,1800,5700,5700,5700,9031,4,22,62.504756216889795,1.6892309940885752,5713.545331993373,262.0057579448566
1781621188,400,,Aggregated,283.700000,0.100000,160,640,830,940,1300,6300,7900,9400,13000,15000,15000,90378,14,21,84.89408436634983,1.6892309940885752,14641.814565984532,2706.7608046205937
1781621189,400,GET,/feed/{user_id},128.100000,0.000000,110,400,670,770,1000,1200,1400,1500,1800,2300,2300,36413,8,21,61.10254637139496,1.9245839794166386,5923.322076996556,3139.0659379891795
1781621189,400,GET,/feed/{user_id}?with_fof=true,65.400000,0.100000,340,800,1100,1400,7800,9300,12000,13000,16000,16000,16000,18051,2,22,144.93860741870458,2.016862010350451,15647.43439599988,3848.7898731372225
1781621189,400,POST,/likes,7.200000,0.000000,17,480,710,740,980,1000,1400,1500,1500,1500,1500,1778,0,17,59.600718645827456,2.6718139997683465,5756.829542020569,180.82002249718786
1781621189,400,POST,/posts,8.400000,0.000000,6,260,490,690,830,960,1300,1300,1400,1400,1400,2763,0,18,43.60377858704683,3.3367309952154756,5304.13275299361,228.53203040173725
1781621189,400,GET,/timeline/{user_id},90.900000,0.000000,120,450,770,900,1200,5200,7000,7400,12000,13000,13000,22891,4,22,102.05499638093792,1.912615989567712,12526.334424997913,2592.173911144118
1781621189,400,GET,/users/{user_id},32.700000,0.000000,140,500,770,840,1100,1300,1400,1400,1900,1900,1900,9093,4,22,63.796931790990506,1.6892309940885752,5713.545331993373,262.01407676234464
1781621189,400,,Aggregated,332.700000,0.100000,140,500,770,880,1200,4600,7900,10000,13000,16000,16000,90989,18,21,87.74585460282503,1.6892309940885752,15647.43439599988,2708.571288837112
1781621190,400,GET,/feed/{user_id},147.800000,0.300000,100,350,600,740,990,1200,1400,1400,1800,2300,2300,36686,11,21,62.48981634524767,1.9245839794166386,5923.322076996556,3140.744480183176
1781621190,400,GET,/feed/{user_id}?with_fof=true,75.300000,0.100000,310,750,960,1300,8000,11000,12000,13000,17000,17000,17000,18201,6,22,159.78887687061524,2.016862010350451,16779.34509399347,3854.1580132959725
1781621190,400,POST,/likes,7.800000,0.000000,6,370,660,730,860,1000,1400,1500,1500,1500,1500,1795,0,17,59.9166109098879,2.6718139997683465,5756.829542020569,180.82284122562675
1781621190,400,POST,/posts,10.000000,0.000000,6,240,470,680,830,940,1300,1300,1400,1400,1400,2788,0,18,44.70386917684606,3.3367309952154756,5304.13275299361,228.5351506456241
1781621190,400,GET,/timeline/{user_id},103.100000,0.000000,110,370,720,860,1200,1500,6700,7300,12000,13000,13000,23048,6,22,104.4997358289585,1.912615989567712,12526.334424997913,2591.10981430059
1781621190,400,GET,/users/{user_id},37.000000,0.200000,120,430,720,820,1100,1300,1400,1600,1900,1900,1900,9165,5,22,65.54244419699432,1.6892309940885752,5713.545331993373,261.9947626841244
1781621190,400,,Aggregated,381.000000,0.600000,120,430,720,830,1200,1500,8200,11000,13000,17000,17000,91683,28,21,92.08042785100189,1.6892309940885752,16779.34509399347,2709.9210976953195
1781621191,400,GET,/feed/{user_id},163.600000,0.500000,89,320,520,670,970,1200,1400,1400,1800,2300,2300,37019,12,21,63.96165851317978,1.9245839794166386,5923.322076996556,3141.999594802669
1781621191,400,GET,/feed/{user_id}?with_fof=true,87.300000,0.200000,210,600,890,1100,7800,11000,12000,13000,17000,17000,17000,18408,9,22,174.16123215568606,2.016862010350451,16779.34509399347,3861.007333767927
1781621191,400,POST,/likes,8.000000,0.000000,7,190,620,730,860,990,1100,1400,1500,1500,1500,1811,0,17,60.482557756047306,2.6718139997683465,5756.829542020569,180.8194367752623
1781621191,400,POST,/posts,12.700000,0.000000,6,88,330,440,800,940,1300,1300,1400,1400,1400,2814,0,18,44.763551390519766,3.3367309952154756,5304.13275299361,228.53198294243072
1781621191,400,GET,/timeline/{user_id},111.300000,0.100000,97,340,610,800,1100,1400,6300,7000,12000,13000,13000,23246,6,22,106.12464530831478,1.912615989567712,12526.334424997913,2592.1995612148326
1781621191,400,GET,/users/{user_id},41.200000,0.200000,100,380,630,770,1000,1300,1400,1500,1900,1900,1900,9259,7,22,67.43256791819063,1.6892309940885752,5713.545331993373,261.9533426935954
1781621191,400,,Aggregated,424.100000,1.000000,100,370,620,780,1100,1400,8400,11000,13000,17000,17000,92557,34,21,96.16330255866094,1.6892309940885752,16779.34509399347,2712.2892487872336
1781621192,400,GET,/feed/{user_id},175.200000,0.800000,72,260,450,570,900,1200,1300,1400,1800,2300,2300,37379,18,21,65.27721882544854,1.9245839794166386,5923.322076996556,3137.2049546536828
1781621192,400,GET,/feed/{user_id}?with_fof=true,95.500000,0.300000,130,490,810,1000,7400,11000,12000,13000,17000,17000,17000,18619,9,22,181.34312849766206,2.016862010350451,16779.34509399347,3864.3571083302004
1781621192,400,POST,/likes,8.900000,0.000000,6,62,460,590,780,980,1100,1400,1500,1500,1500,1829,0,17,60.99167818811678,2.6718139997683465,5756.829542020569,180.8223072717332
1781621192,400,POST,/posts,14.500000,0.000000,6,67,330,430,700,930,1300,1300,1400,1400,1400,2844,0,18,45.40726266593291,3.3367309952154756,5304.13275299361,228.5337552742616
1781621192,400,GET,/timeline/{user_id},118.100000,0.400000,79,280,460,670,1100,1400,6000,6800,12000,13000,13000,23503,9,22,107.56162193227345,1.912615989567712,12526.334424997913,2593.716717014849
1781621192,400,GET,/users/{user_id},44.700000,0.300000,73,340,500,630,980,1200,1400,1500,1900,1900,1900,9354,8,22,68.33216210084035,1.6892309940885752,5713.545331993373,261.94184306179176
1781621192,400,,Aggregated,456.900000,1.800000,77,310,510,670,1100,1400,8100,11000,13000,17000,17000,93528,44,21,98.62625899161576,1.6892309940885752,16779.34509399347,2711.562858181507
1781621193,400,GET,/feed/{user_id},188.600000,0.900000,70,220,370,470,820,1100,1300,1400,1800,2300,2300,37839,24,21,66.34283222501321,1.9245839794166386,5923.322076996556,3135.26692037316
1781621193,400,GET,/feed/{user_id}?with_fof=true,101.700000,0.500000,100,390,630,880,6800,10000,12000,13000,17000,17000,17000,18863,12,22,184.65303021056397,2.016862010350451,16779.34509399347,3862.0250225308805
1781621193,400,POST,/likes,10.100000,0.000000,7,42,190,370,710,860,990,1000,1500,1500,1500,1851,0,17,61.016828987582905,2.6718139997683465,5756.829542020569,180.827660723933
1781621193,400,POST,/posts,16.200000,0.000000,7,52,220,350,540,890,980,1300,1400,1400,1400,2882,0,18,45.605490060650716,3.3367309952154756,5304.13275299361,228.53331020124912
1781621193,400,GET,/timeline/{user_id},124.100000,0.600000,76,240,400,530,980,1400,5500,6700,12000,13000,13000,23792,15,22,109.32951781754721,1.912615989567712,12526.334424997913,2591.0231170141224
1781621193,400,GET,/users/{user_id},49.900000,0.300000,73,270,430,520,870,1200,1300,1400,1900,1900,1900,9473,8,22,69.61041982817062,1.6892309940885752,5713.545331993373,261.9611527499208
1781621193,400,,Aggregated,490.600000,2.300000,72,250,420,540,970,1300,7400,10000,13000,17000,17000,94700,59,21,100.30011726697205,1.6892309940885752,16779.34509399347,2709.664920802534
1781621194,400,GET,/feed/{user_id},207.900000,1.000000,52,170,310,400,710,980,1300,1400,1800,2300,2300,38371,33,21,66.65091426033244,1.9245839794166386,5923.322076996556,3139.0413854212816
1781621194,400,GET,/feed/{user_id}?with_fof=true,115.400000,0.800000,81,310,490,750,5000,9700,12000,12000,17000,17000,17000,19119,13,22,185.77481121872086,2.016862010350451,16779.34509399347,3872.916522830692
1781621194,400,POST,/likes,11.000000,0.000000,7,31,130,190,660,850,990,1000,1500,1500,1500,1873,0,16,60.51578474959452,2.6718139997683465,5756.829542020569,180.8291510945008
1781621194,400,POST,/posts,17.400000,0.000000,8,16,97,220,480,820,940,1300,1400,1400,1400,2932,0,18,45.219126228802715,3.3367309952154756,5304.13275299361,228.53069577080493
1781621194,400,GET,/timeline/{user_id},134.300000,0.600000,61,190,350,420,900,1200,4900,6600,12000,13000,13000,24100,21,22,109.32749978540714,1.912615989567712,12526.334424997913,2592.1814107883815
1781621194,400,GET,/users/{user_id},54.900000,0.500000,55,200,380,450,800,1100,1300,1400,1900,1900,1900,9585,8,22,69.65065575119468,1.6892309940885752,5713.545331993373,261.97235263432447
1781621194,400,,Aggregated,540.900000,2.900000,55,190,350,440,870,1300,6800,9900,13000,17000,17000,95980,75,21,100.62110512519499,1.6892309940885752,16779.34509399347,2713.958845592832
1781621195,400,GET,/feed/{user_id},227.100000,1.600000,36,150,260,340,560,860,1100,1300,1800,2300,2300,38940,45,21,66.97736874455092,1.9245839794166386,5923.322076996556,3138.0015921931176
1781621195,400,GET,/feed/{user_id}?with_fof=true,127.400000,0.800000,58,230,400,510,1300,8100,11000,12000,17000,17000,17000,19391,16,22,187.58421763511905,2.016862010350451,16779.34509399347,3883.948842246403
1781621195,400,POST,/likes,11.900000,0.000000,7,17,62,150,520,780,980,990,1000,1000,1000,1906,0,16,59.86923822248208,2.6718139997683465,5756.829542020569,180.8289611752361
1781621195,400,POST,/posts,19.400000,0.000000,8,14,56,98,420,680,900,940,980,980,980,2970,0,18,44.866359220107825,3.3367309952154756,5304.13275299361,228.53097643097644
1781621195,400,GET,/timeline/{user_id},149.600000,1.000000,40,160,260,360,720,1100,1800,5600,7500,8700,8700,24434,28,22,109.02666849542443,1.912615989567712,12526.334424997913,2588.968036342801
1781621195,400,GET,/users/{user_id},59.900000,0.600000,40,160,270,380,620,930,1200,1300,1800,1800,1800,9738,10,22,69.93059572932734,1.6892309940885752,5713.545331993373,261.935202300267
1781621195,400,,Aggregated,595.300000,4.000000,37,150,280,370,730,1100,5000,8500,13000,17000,17000,97379,99,21,101.02640114645344,1.6892309940885752,16779.34509399347,2714.5524291685065
1781621196,400,GET,/feed/{user_id},263.200000,2.200000,25,120,210,280,480,760,1100,1200,1500,1600,1600,39543,53,21,66.95966591637604,1.9245839794166386,5923.322076996556,3137.7965505904963
1781621196,400,GET,/feed/{user_id}?with_fof=true,146.800000,1.100000,41,160,290,400,960,6900,10000,11000,17000,17000,17000,19704,20,22,186.6859593387443,2.016862010350451,16779.34509399347,3885.8174989849776
1781621196,400,POST,/likes,13.200000,0.000000,8,13,23,42,190,520,780,860,880,880,880,1936,0,16,59.11878058935498,2.6718139997683465,5756.829542020569,180.82334710743802
1781621196,400,POST,/posts,22.300000,0.000000,9,16,33,75,330,490,820,890,960,960,960,3014,0,18,44.54809367578222,3.3367309952154756,5304.13275299361,228.52919708029196
1781621196,400,GET,/timeline/{user_id},171.900000,1.600000,26,110,200,280,500,910,1300,4300,7500,7600,7600,24856,30,22,108.17654325605534,1.912615989567712,12526.334424997913,2586.6117235275183
1781621196,400,GET,/users/{user_id},69.400000,0.600000,29,120,220,290,510,850,1200,1300,1800,1800,1800,9888,11,22,69.77127131748423,1.6892309940885752,5713.545331993373,261.91747572815535
1781621196,400,,Aggregated,686.800000,5.500000,25,110,220,290,530,910,1500,7200,11000,17000,17000,98941,114,21,100.60240563225985,1.6892309940885752,16779.34509399347,2714.4010976238364
1781621197,400,GET,/feed/{user_id},298.300000,3.500000,23,85,160,230,420,630,930,1200,1400,1500,1500,40170,53,21,66.5767669597813,1.9245839794166386,5923.322076996556,3135.241100323625
1781621197,400,GET,/feed/{user_id}?with_fof=true,164.700000,1.300000,32,110,220,310,800,5000,9900,11000,16000,17000,17000,20021,20,22,184.81417895014297,2.016862010350451,16779.34509399347,3885.8992557814295
1781621197,400,POST,/likes,14.500000,0.000000,9,15,22,39,190,460,780,850,880,880,880,1964,0,16,58.55679872198646,2.6718139997683465,5756.829542020569,180.81568228105905
1781621197,400,POST,/posts,26.000000,0.000000,11,17,30,38,220,450,800,830,900,900,900,3064,0,18,44.14344876301154,3.3367309952154756,5304.13275299361,228.5248041775457
1781621197,400,GET,/timeline/{user_id},193.800000,2.400000,24,83,160,210,420,790,1200,2600,7500,7600,7600,25268,30,22,107.25023553311067,1.912615989567712,12526.334424997913,2585.0803387684027
1781621197,400,GET,/users/{user_id},76.300000,0.700000,23,77,170,230,440,710,1100,1300,1700,1800,1800,10055,11,22,69.24009281362561,1.6892309940885752,5713.545331993373,261.9281949278966
1781621197,400,,Aggregated,773.600000,7.900000,23,82,160,230,450,810,1300,6100,11000,17000,17000,100542,114,21,99.76947514398637,1.6892309940885752,16779.34509399347,2712.807025919516
1781621198,400,GET,/feed/{user_id},342.900000,4.800000,22,67,130,180,350,500,820,1100,1400,1500,1500,40752,53,21,66.18463047679519,1.9245839794166386,5923.322076996556,3135.8970602669806
1781621198,400,GET,/feed/{user_id}?with_fof=true,182.900000,1.500000,27,82,160,230,520,1500,9800,11000,16000,17000,17000,20361,20,22,182.65587670997473,2.016862010350451,16779.34509399347,3890.2079465645106
1781621198,400,POST,/likes,17.500000,0.000000,11,16,21,31,89,250,710,780,860,860,860,2008,0,16,57.700710064705795,2.6718139997683465,5756.829542020569,180.8117529880478
1781621198,400,POST,/posts,28.600000,0.000000,12,19,25,33,94,260,490,800,900,900,900,3120,0,18,43.742949550934824,3.3367309952154756,5304.13275299361,228.52179487179487
1781621198,400,GET,/timeline/{user_id},216.100000,2.900000,24,67,130,180,380,610,1100,1300,6600,7600,7600,25690,30,22,106.41605587903992,1.912615989567712,12526.334424997913,2588.3270533281434
1781621198,400,GET,/users/{user_id},86.800000,0.800000,22,57,110,170,360,510,860,1100,1500,1600,1600,10225,11,22,68.79424564226434,1.6892309940885752,5713.545331993373,261.95432762836185
1781621198,400,,Aggregated,874.800000,10.000000,22,64,130,180,380,600,1200,3900,11000,17000,17000,102156,114,21,98.92520294956391,1.6892309940885752,16779.34509399347,2713.998825325972
1781621199,400,GET,/feed/{user_id},382.200000,5.100000,22,52,89,140,280,440,670,860,1400,1500,1500,41439,53,21,65.57835261860166,1.9245839794166386,5923.322076996556,3130.7346943700377
1781621199,400,GET,/feed/{user_id}?with_fof=true,205.100000,1.900000,25,61,100,160,400,1000,9200,10000,12000,17000,17000,20738,20,22,179.96148114263656,2.016862010350451,16779.34509399347,3893.7585109460892
1781621199,400,POST,/likes,18.700000,0.000000,12,16,21,25,60,190,460,780,850,850,850,2046,0,16,56.96900924970988,2.6718139997683465,5756.829542020569,180.81036168132943
1781621199,400,POST,/posts,32.700000,0.000000,13,20,25,31,69,140,390,490,870,870,870,3168,0,18,43.430206974417985,3.3367309952154756,5304.13275299361,228.52020202020202
1781621199,400,GET,/timeline/{user_id},245.500000,3.000000,22,52,89,130,280,450,920,1300,5600,7500,7500,26147,30,22,105.08837584704665,1.912615989567712,12526.334424997913,2589.4363406891803
1781621199,400,GET,/users/{user_id},97.600000,0.900000,21,47,82,130,270,450,730,1000,1300,1500,1500,10397,11,22,68.1237988701005,1.6892309940885752,5713.545331993373,261.96787534865825
1781621199,400,,Aggregated,981.800000,10.900000,22,50,87,130,290,470,940,1500,11000,17000,17000,103935,114,21,97.7506801254941,1.6892309940885752,16779.34509399347,2713.300052917689
1781621200,400,GET,/feed/{user_id},424.400000,4.800000,22,41,68,94,230,390,530,730,1300,1500,1500,42128,53,21,64.97134459566442,1.9245839794166386,5923.322076996556,3128.4829092290165
1781621200,400,GET,/feed/{user_id}?with_fof=true,224.900000,1.900000,24,49,77,110,270,540,5000,9200,11000,12000,12000,21081,20,22,177.6427687585478,2.016862010350451,16779.34509399347,3893.836013471847
1781621200,400,POST,/likes,21.200000,0.000000,13,17,22,25,49,89,210,460,680,680,680,2083,0,16,56.37092392508699,2.6718139997683465,5756.829542020569,180.81036965914546
1781621200,400,POST,/posts,35.800000,0.000000,14,21,25,31,54,96,350,480,540,540,540,3216,0,18,43.152364004649215,3.3367309952154756,5304.13275299361,228.51710199004975
1781621200,400,GET,/timeline/{user_id},273.000000,3.000000,22,43,66,95,220,390,650,1100,4600,7500,7500,26580,30,22,103.8831961883308,1.912615989567712,12526.334424997913,2585.918359668924
1781621200,400,GET,/users/{user_id},109.000000,0.700000,22,40,62,86,220,380,530,750,1300,1500,1500,10570,11,22,67.50465461640869,1.6892309940885752,5713.545331993373,261.9774834437086
1781621200,400,,Aggregated,1088.300000,10.400000,22,41,65,91,230,400,630,1100,10000,11000,12000,105658,114,21,96.66034000720512,1.6892309940885752,16779.34509399347,2711.550814893335
1781621201,400,GET,/feed/{user_id},461.100000,4.600000,22,36,53,71,180,290,450,540,1100,1500,1500,42817,53,21,64.35228557132214,1.9245839794166386,5923.322076996556,3129.1408786229767
1781621201,400,GET,/feed/{user_id}?with_fof=true,248.500000,1.800000,23,41,60,80,210,400,1200,5200,9600,9800,9800,21419,20,22,175.26515051187366,2.016862010350451,16779.34509399347,3897.2018301508006
1781621201,400,POST,/likes,24.100000,0.000000,14,20,23,25,44,72,190,300,680,680,680,2117,0,16,55.800860008468675,2.6718139997683465,5756.829542020569,180.80538497874352
1781621201,400,POST,/posts,37.800000,0.000000,16,22,26,30,47,78,260,390,540,540,540,3259,0,18,42.859358267239436,3.3367309952154756,5304.13275299361,228.5145750230132
1781621201,400,GET,/timeline/{user_id},299.000000,2.900000,22,36,54,71,180,310,470,770,4200,5200,5200,27070,30,22,102.46399349683419,1.912615989567712,12526.334424997913,2590.968858514961
1781621201,400,GET,/users/{user_id},120.600000,0.700000,22,35,52,67,170,270,420,520,1100,1300,1300,10747,11,22,66.81241850532669,1.6892309940885752,5713.545331993373,261.98483297664467
1781621201,400,,Aggregated,1191.100000,10.000000,22,35,53,70,180,300,480,740,8100,9800,9800,107429,114,21,95.49487107753055,1.6892309940885752,16779.34509399347,2713.7473401036964
1781621202,400,GET,/feed/{user_id},506.900000,4.300000,23,36,50,64,140,250,400,460,800,1200,1200,43475,53,21,63.950667982487765,1.9245839794166386,5923.322076996556,3131.1158366877517
1781621202,400,GET,/feed/{user_id}?with_fof=true,268.800000,1.700000,24,38,56,71,160,290,520,3300,8400,9600,9600,21738,20,22,173.29523024224616,2.016862010350451,16779.34509399347,3899.0145827583033
1781621202,400,POST,/likes,27.000000,0.000000,15,21,24,28,44,65,120,190,300,300,300,2148,0,16,55.47205987704813,2.6718139997683465,5756.829542020569,180.8072625698324
1781621202,400,POST,/posts,40.600000,0.000000,17,23,28,31,47,70,94,130,360,360,360,3320,0,18,42.69553861000115,3.3367309952154756,5304.13275299361,228.5105421686747
1781621202,400,GET,/timeline/{user_id},326.800000,2.600000,23,35,50,63,130,250,410,510,4200,5200,5200,27485,30,22,101.4867829475501,1.912615989567712,12526.334424997913,2590.740076405312
1781621202,400,GET,/users/{user_id},131.900000,0.600000,22,34,46,58,130,230,390,460,1000,1100,1100,10910,11,22,66.3084232781785,1.6892309940885752,5713.545331993373,261.9957836846929
1781621202,400,,Aggregated,1302.000000,9.200000,22,34,49,62,130,250,410,500,5300,9000,9600,109076,114,21,94.62245870424306,1.6892309940885752,16779.34509399347,2714.565385602699
1781621203,400,GET,/feed/{user_id},546.200000,4.200000,23,33,45,55,96,180,300,420,510,570,570,44143,53,21,63.49949379658201,1.9245839794166386,5923.322076996556,3131.4451894977688
1781621203,400,GET,/feed/{user_id}?with_fof=true,289.500000,1.400000,24,35,51,62,110,220,470,1500,6300,9600,9600,22072,20,22,171.31278520687596,2.016862010350451,16779.34509399347,3898.298704240667
1781621203,400,POST,/likes,28.900000,0.000000,16,21,25,30,44,58,73,89,210,210,210,2178,0,16,55.08413029602332,2.6718139997683465,5756.829542020569,180.80440771349862
1781621203,400,POST,/posts,42.500000,0.000000,18,24,29,31,46,64,75,94,140,140,140,3369,0,18,42.42562416837574,3.3367309952154756,5304.13275299361,228.51053725140991
1781621203,400,GET,/timeline/{user_id},355.000000,2.400000,23,33,46,56,97,180,300,410,1100,2900,2900,27908,30,22,100.49684434807978,1.912615989567712,12526.334424997913,2593.368926472696
1781621203,400,GET,/users/{user_id},140.000000,0.600000,23,33,42,52,88,170,260,320,510,800,800,11071,11,22,65.84129014774634,1.6892309940885752,5713.545331993373,262.0112004335652
1781621203,400,,Aggregated,1402.100000,8.600000,23,33,45,54,94,180,310,440,4100,9000,9600,110741,114,22,93.73921102977756,1.6892309940885752,16779.34509399347,2715.4779530616483
1781621204,400,GET,/feed/{user_id},576.400000,4.100000,23,32,42,51,86,140,250,290,480,530,530,44815,53,21,63.028444835286265,1.9245839794166386,5923.322076996556,3128.210866897244
1781621204,400,GET,/feed/{user_id}?with_fof=true,298.700000,1.100000,23,34,47,56,92,160,310,540,5200,6300,6300,22418,20,22,169.2312613592274,2.016862010350451,16779.34509399347,3906.6309215808724
1781621204,400,POST,/likes,30.700000,0.000000,17,21,25,29,44,53,72,84,210,210,210,2214,0,16,54.51284751613688,2.6718139997683465,5756.829542020569,180.8048780487805
1781621204,400,POST,/posts,43.900000,0.000000,19,24,28,31,46,62,73,84,140,140,140,3420,0,18,42.134085961219945,3.3367309952154756,5304.13275299361,228.51111111111112
1781621204,400,GET,/timeline/{user_id},380.300000,2.400000,23,33,43,53,88,140,250,320,1000,2200,2200,28304,30,22,99.54519957135523,1.912615989567712,12526.334424997913,2588.2882278123234
1781621204,400,GET,/users/{user_id},147.300000,0.400000,23,32,41,49,81,150,230,280,510,800,800,11263,11,22,65.24893214806298,1.6892309940885752,5713.545331993373,262.0247713752997
1781621204,400,,Aggregated,1477.300000,8.000000,23,32,42,51,85,140,250,320,2900,5700,6300,112434,114,21,92.81589414486622,1.6892309940885752,16779.34509399347,2714.139201664977
1781621205,400,GET,/feed/{user_id},609.700000,3.500000,23,32,41,49,76,110,160,220,330,410,410,45521,53,21,62.55970475494346,1.9245839794166386,5923.322076996556,3127.632433382395
1781621205,400,GET,/feed/{user_id}?with_fof=true,310.500000,1.100000,24,34,44,53,80,110,230,470,3300,3900,3900,22766,20,22,167.28548507485775,2.016862010350451,16779.34509399347,3912.7130369849774
1781621205,400,POST,/likes,31.900000,0.000000,17,22,27,31,44,53,65,73,95,95,95,2240,0,16,54.163777846770245,2.6718139997683465,5756.829542020569,180.80178571428573
1781621205,400,POST,/posts,47.300000,0.000000,20,25,29,31,46,60,72,75,94,94,94,3479,0,18,41.8037757782418,3.3367309952154756,5304.13275299361,228.50991664271342
1781621205,400,GET,/timeline/{user_id},398.700000,2.000000,23,33,43,51,78,110,180,260,990,2200,2200,28711,30,22,98.65476232947547,1.912615989567712,12526.334424997913,2590.7359896903627
1781621205,400,GET,/users/{user_id},155.600000,0.300000,23,32,41,47,73,100,170,220,310,340,340,11423,11,22,64.8121885089312,1.6892309940885752,5713.545331993373,262.031777991771
1781621205,400,,Aggregated,1553.700000,6.900000,23,32,41,49,75,110,170,250,890,3500,3900,114140,114,22,91.95540899117172,1.6892309940885752,16779.34509399347,2716.186902050114
1781621206,400,GET,/feed/{user_id},626.200000,2.900000,23,32,41,48,71,92,120,150,230,270,270,46206,53,21,62.07637250897611,1.9245839794166386,5923.322076996556,3127.06884387309
1781621206,400,GET,/feed/{user_id}?with_fof=true,318.200000,0.800000,24,33,42,51,75,98,160,340,1500,3300,3300,23095,20,22,165.3616110953946,2.016862010350451,16779.34509399347,3920.242649924226
1781621206,400,POST,/likes,32.300000,0.000000,18,23,29,34,44,53,69,73,95,95,95,2277,0,16,53.628895809710535,2.6718139997683465,5756.829542020569,180.80193236714976
1781621206,400,POST,/posts,48.000000,0.000000,20,25,30,32,47,59,72,75,94,94,94,3514,0,18,41.63670657837453,3.3367309952154756,5304.13275299361,228.50739897552646
1781621206,400,GET,/timeline/{user_id},409.200000,1.400000,24,33,42,50,74,98,140,200,890,1100,1100,29135,30,22,97.65655733899379,1.912615989567712,12526.334424997913,2588.2902351124076
1781621206,400,GET,/users/{user_id},159.200000,0.300000,23,32,40,46,68,88,120,150,230,270,270,11569,11,22,64.35801446724693,1.6892309940885752,5713.545331993373,262.03526666090414
1781621206,400,,Aggregated,1593.100000,5.400000,23,32,41,48,71,93,130,170,710,1600,3300,115796,114,22,91.069927514907,1.6892309940885752,16779.34509399347,2717.5664962520295
1781621207,400,GET,/feed/{user_id},643.800000,1.600000,23,31,39,46,68,86,110,120,210,260,260,46931,53,21,61.57142058218722,1.9245839794166386,5923.322076996556,3125.4972406298607
1781621207,400,GET,/feed/{user_id}?with_fof=true,329.000000,0.600000,23,32,41,48,71,90,120,230,880,1600,1600,23432,20,22,163.42150516862043,2.016862010350451,16779.34509399347,3923.402953226357
1781621207,400,POST,/likes,34.200000,0.000000,18,23,29,34,46,56,69,73,95,95,95,2316,0,16,53.10406197866114,2.6718139997683465,5756.829542020569,180.80094991364422
1781621207,400,POST,/posts,48.800000,0.000000,20,26,30,33,50,64,72,75,99,99,99,3564,0,18,41.484291245063346,3.3367309952154756,5304.13275299361,228.50533108866443
1781621207,400,GET,/timeline/{user_id},418.300000,0.600000,24,32,41,47,68,89,120,170,840,1100,1100,29598,30,22,96.60662328494058,1.912615989567712,12526.334424997913,2595.5861544698964
1781621207,400,GET,/users/{user_id},167.900000,0.200000,23,32,40,45,67,86,110,140,220,230,230,11762,11,22,63.79607233486113,1.6892309940885752,5713.545331993373,262.05050161537156
1781621207,400,,Aggregated,1642.000000,3.000000,23,31,39,46,68,86,110,140,670,1500,1600,117603,114,22,90.1292680355435,1.6892309940885752,16779.34509399347,2718.939261753527
1781621208,400,GET,/feed/{user_id},652.900000,0.300000,23,31,39,45,67,86,110,130,180,230,230,47560,53,22,61.298816210041856,1.9245839794166386,5923.322076996556,3126.242935239697
1781621208,400,GET,/feed/{user_id}?with_fof=true,335.700000,0.400000,23,32,39,45,69,86,120,200,750,880,880,23768,20,22,161.69706266699453,2.016862010350451,16779.34509399347,3927.1677886233592
1781621208,400,POST,/likes,32.800000,0.000000,19,24,29,34,44,58,73,85,95,95,95,2345,0,16,52.75621744971633,2.6718139997683465,5756.829542020569,180.80127931769724
1781621208,400,POST,/posts,51.100000,0.000000,21,26,30,34,50,64,73,90,99,99,99,3611,0,18,41.323534008119076,3.3367309952154756,5304.13275299361,228.50373857657158
1781621208,400,GET,/timeline/{user_id},425.200000,0.100000,23,32,40,46,68,87,120,150,300,410,410,30029,30,22,95.85112695094224,1.912615989567712,12526.334424997913,2597.685404109361
1781621208,400,GET,/users/{user_id},167.200000,0.100000,23,31,37,43,63,81,100,130,200,210,210,11932,11,22,63.38271036201906,1.6892309940885752,5713.545331993373,262.0606771706336
1781621208,400,,Aggregated,1664.900000,0.900000,23,31,39,45,66,85,110,140,530,810,880,119245,114,22,89.44707188470021,1.6892309940885752,16779.34509399347,2720.507752945616
1781621209,400,GET,/feed/{user_id},660.600000,0.000000,24,32,40,46,67,85,110,130,180,230,230,48232,53,22,60.8044723435358,1.9245839794166386,5923.322076996556,3124.474083595953
1781621209,400,GET,/feed/{user_id}?with_fof=true,334.900000,0.000000,24,32,40,45,67,84,120,330,750,880,880,24093,20,22,159.96250654726597,2.016862010350451,16779.34509399347,3928.1947868675547
1781621209,400,POST,/likes,33.900000,0.000000,19,24,30,35,44,58,73,85,95,95,95,2384,0,17,52.2784523249564,2.6718139997683465,5756.829542020569,180.79823825503357
1781621209,400,POST,/posts,49.300000,0.000000,22,27,30,35,50,64,73,90,99,99,99,3665,0,18,41.07439408411836,3.3367309952154756,5304.13275299361,228.5031377899045
1781621209,400,GET,/timeline/{user_id},424.300000,0.000000,24,33,40,46,67,86,120,160,300,410,410,30452,30,22,94.91563591890342,1.912615989567712,12526.334424997913,2597.1364770786813
1781621209,400,GET,/users/{user_id},167.100000,0.000000,24,32,38,44,62,79,100,120,200,210,210,12140,11,22,62.758801229446945,1.6892309940885752,5713.545331993373,262.06532125205933
1781621209,400,,Aggregated,1670.100000,0.000000,24,32,39,45,66,83,110,140,530,810,880,120966,114,22,88.57141888551834,1.6892309940885752,16779.34509399347,2718.777102656945
1781621210,400,GET,/feed/{user_id},668.700000,0.000000,24,32,40,47,68,85,110,130,180,230,230,48874,53,22,60.39753384032514,1.9245839794166386,5923.322076996556,3122.630089618202
1781621210,400,GET,/feed/{user_id}?with_fof=true,338.500000,0.000000,23,32,40,46,68,86,120,320,750,880,880,24472,20,22,158.0082506190116,2.016862010350451,16779.34509399347,3934.2691647597253
1781621210,400,POST,/likes,34.500000,0.000000,19,25,30,35,44,58,69,85,95,95,95,2418,0,17,51.8707957397535,2.6718139997683465,5756.829542020569,180.8006617038875
1781621210,400,POST,/posts,49.200000,0.000000,22,28,32,36,53,64,72,88,99,99,99,3725,0,18,40.90392118154231,3.3367309952154756,5304.13275299361,228.50120805369127
1781621210,400,GET,/timeline/{user_id},428.800000,0.000000,24,33,41,47,68,87,120,150,290,380,380,30879,30,22,94.02729649477943,1.912615989567712,12526.334424997913,2601.239871757505
1781621210,400,GET,/users/{user_id},169.300000,0.000000,23,31,39,44,62,79,100,120,200,210,210,12314,11,22,62.29744962678434,1.6892309940885752,5713.545331993373,262.0726815007309
1781621210,400,,Aggregated,1689.000000,0.000000,23,32,40,46,67,84,110,140,500,810,880,122682,114,22,87.76379054569526,1.6892309940885752,16779.34509399347,2720.317976557278
1781621211,400,GET,/feed/{user_id},671.300000,0.000000,24,33,41,48,69,86,110,130,180,230,230,49572,53,22,60.01838484945617,1.9245839794166386,5923.322076996556,3124.880335673364
1781621211,400,GET,/feed/{user_id}?with_fof=true,335.600000,0.000000,25,34,42,47,69,87,120,340,750,880,880,24827,20,23,156.28152771560832,2.016862010350451,16779.34509399347,3939.1844362991906
1781621211,400,POST,/likes,33.500000,0.000000,19,26,32,36,45,58,69,85,95,95,95,2445,0,17,51.5689537594412,2.6718139997683465,5756.829542020569,180.80122699386504
1781621211,400,POST,/posts,48.800000,0.000000,23,29,33,38,54,65,72,88,99,99,99,3771,0,19,40.759229855246716,3.3367309952154756,5304.13275299361,228.50198886237072
1781621211,400,GET,/timeline/{user_id},428.500000,0.000000,25,34,42,48,70,88,120,150,290,380,380,31313,30,22,93.18622424582294,1.912615989567712,12526.334424997913,2596.8720020438795
1781621211,400,GET,/users/{user_id},168.600000,0.000000,24,33,40,45,63,79,100,120,200,210,210,12476,11,22,61.90531038444626,1.6892309940885752,5713.545331993373,262.0799134337929
1781621211,400,,Aggregated,1686.300000,0.000000,24,33,41,47,67,85,110,140,500,810,880,124404,114,22,87.01724142507011,1.6892309940885752,16779.34509399347,2721.7292209253724
1781621212,400,GET,/feed/{user_id},670.200000,0.000000,23,32,39,45,65,80,110,120,180,230,230,50296,53,22,59.519368827482616,1.9245839794166386,5923.322076996556,3128.1761969142676
1781621212,400,GET,/feed/{user_id}?with_fof=true,333.500000,0.000000,23,32,40,45,64,83,120,190,700,880,880,25180,20,23,154.46786940475678,2.016862010350451,16779.34509399347,3936.466918189039
1781621212,400,POST,/likes,33.500000,0.000000,18,23,28,32,43,52,69,78,95,95,95,2494,0,17,50.94432386322471,2.6718139997683465,5756.829542020569,180.80032076984764
1781621212,400,POST,/posts,49.300000,0.000000,22,28,33,37,50,58,70,88,99,99,99,3823,0,19,40.50478911174209,3.3367309952154756,5304.13275299361,228.50170023541722
1781621212,400,GET,/timeline/{user_id},426.600000,0.000000,23,32,40,46,66,84,120,160,300,380,380,31736,30,22,92.26080068541233,1.912615989567712,12526.334424997913,2591.7961935971766
1781621212,400,GET,/users/{user_id},172.100000,0.000000,23,31,39,44,60,76,96,130,200,210,210,12657,11,22,61.3711300437908,1.6892309940885752,5713.545331993373,262.08754049142766
1781621212,400,,Aggregated,1685.200000,0.000000,23,31,39,45,64,80,110,140,470,810,880,126186,114,22,86.14073860938922,1.6892309940885752,16779.34509399347,2720.982922035725
1781621214,400,GET,/feed/{user_id},671.800000,0.000000,23,32,40,45,64,78,100,120,180,230,230,50958,53,22,59.133503742590335,1.9245839794166386,5923.322076996556,3130.329604772558
1781621214,400,GET,/feed/{user_id}?with_fof=true,338.800000,0.000000,24,33,40,45,64,81,110,170,600,750,750,25499,20,23,152.95466773821244,2.016862010350451,16779.34509399347,3934.7750892191852
1781621214,400,POST,/likes,32.700000,0.000000,18,25,29,33,43,52,69,85,100,100,100,2537,0,17,50.52007061683214,2.6718139997683465,5756.829542020569,180.80291683090263
1781621214,400,POST,/posts,51.100000,0.000000,23,29,34,38,50,58,70,87,99,99,99,3873,0,19,40.32131060060973,3.3367309952154756,5304.13275299361,228.49909630777177
1781621214,400,GET,/timeline/{user_id},421.500000,0.000000,23,32,41,46,65,83,110,150,290,340,340,32191,30,22,91.38692418447796,1.912615989567712,12526.334424997913,2587.8577863377964
1781621214,400,GET,/users/{user_id},172.300000,0.000000,23,31,39,44,58,75,94,120,200,210,210,12831,11,22,60.936145422342975,1.6892309940885752,5713.545331993373,262.08658717169357
1781621214,400,,Aggregated,1688.200000,0.000000,23,32,39,45,63,79,100,130,450,670,750,127889,114,22,85.39872991280869,1.6892309940885752,16779.34509399347,2720.0181641892577
1781621215,400,GET,/feed/{user_id},675.400000,0.000000,24,32,39,45,62,76,96,120,180,230,230,51637,53,22,58.76942229347776,1.9245839794166386,5923.322076996556,3130.9078761353294
1781621215,400,GET,/feed/{user_id}?with_fof=true,342.200000,0.000000,24,33,41,46,64,82,110,150,500,570,570,25869,20,23,151.28194924405935,2.016862010350451,16779.34509399347,3934.521976110402
1781621215,400,POST,/likes,34.200000,0.000000,20,26,30,35,43,52,68,78,100,100,100,2575,0,17,50.18893490132912,2.6718139997683465,5756.829542020569,180.80116504854368
1781621215,400,POST,/posts,49.900000,0.000000,23,30,36,39,51,58,69,87,99,99,99,3922,0,19,40.18953205715711,3.3367309952154756,5304.13275299361,228.4964303926568
1781621215,400,GET,/timeline/{user_id},420.700000,0.000000,24,32,40,45,63,79,110,150,290,340,340,32627,30,22,90.60725600217569,1.912615989567712,12526.334424997913,2587.781898427683
1781621215,400,GET,/users/{user_id},173.000000,0.000000,24,31,39,44,58,73,92,110,200,210,210,12999,11,22,60.587916530042406,1.6892309940885752,5713.545331993373,262.08954534964226
1781621215,400,,Aggregated,1695.400000,0.000000,24,32,39,45,62,77,99,120,370,550,570,129629,114,22,84.69458627790769,1.6892309940885752,16779.34509399347,2720.479422042907
1781621216,400,GET,/feed/{user_id},675.600000,0.000000,23,31,38,44,58,74,93,110,180,230,230,52334,53,22,58.32064852576391,1.9245839794166386,5923.322076996556,3131.917223984408
1781621216,400,GET,/feed/{user_id}?with_fof=true,340.100000,0.000000,24,33,40,45,61,78,110,140,500,570,570,26212,20,23,149.6226095404513,2.016862010350451,16779.34509399347,3940.4777964291166
1781621216,400,POST,/likes,35.700000,0.000000,19,26,29,33,43,49,61,78,100,100,100,2618,0,17,49.699417284907824,2.6718139997683465,5756.829542020569,180.7990832696715
1781621216,400,POST,/posts,49.900000,0.000000,23,29,34,37,47,56,65,87,99,99,99,3974,0,19,39.95081624866138,3.3367309952154756,5304.13275299361,228.49421238047307
1781621216,400,GET,/timeline/{user_id},425.600000,0.000000,23,31,39,44,60,77,100,150,290,340,340,33067,30,22,89.75462286272213,1.912615989567712,12526.334424997913,2585.052620437294
1781621216,400,GET,/users/{user_id},174.500000,0.000000,23,31,38,43,55,70,90,110,200,210,210,13171,11,22,60.126804131257735,1.6892309940885752,5713.545331993373,262.0964239617341
1781621216,400,,Aggregated,1701.400000,0.000000,23,31,38,43,58,74,96,120,340,550,570,131376,114,22,83.90257376431059,1.6892309940885752,16779.34509399347,2721.2499619412984
1781621217,400,GET,/feed/{user_id},674.500000,0.000000,24,32,38,44,58,72,91,110,180,230,230,52992,53,22,57.935322871359546,1.9245839794166386,5923.322076996556,3134.818217844203
1781621217,400,GET,/feed/{user_id}?with_fof=true,340.900000,0.000000,25,34,41,45,60,76,110,130,500,570,570,26553,20,23,148.11264880263806,2.016862010350451,16779.34509399347,3935.1637103152184
1781621217,400,POST,/likes,35.700000,0.000000,20,26,30,33,43,48,61,78,100,100,100,2657,0,17,49.30401772820309,2.6718139997683465,5756.829542020569,180.79751599548362
1781621217,400,POST,/posts,49.400000,0.000000,23,30,34,36,45,55,63,66,96,96,96,4034,0,19,39.75500030121646,3.3367309952154756,5304.13275299361,228.49157164105105
1781621217,400,GET,/timeline/{user_id},427.900000,0.000000,24,32,40,44,58,75,100,150,290,340,340,33518,30,22,88.93633457536876,1.912615989567712,12526.334424997913,2583.2141535891164
1781621217,400,GET,/users/{user_id},171.000000,0.000000,24,32,39,44,54,68,87,100,200,210,210,13373,11,22,59.66603561054504,1.6892309940885752,5713.545331993373,262.10154789501235
1781621217,400,,Aggregated,1699.400000,0.000000,24,32,39,44,57,72,95,120,360,550,570,133127,114,22,83.17770396757557,1.6892309940885752,16779.34509399347,2719.9746031984496
1781621218,400,GET,/feed/{user_id},674.400000,0.000000,23,31,37,43,56,70,87,100,140,160,160,53630,53,22,57.603135598935104,1.9245839794166386,5923.322076996556,3137.0659891851574
1781621218,400,GET,/feed/{user_id}?with_fof=true,341.000000,0.000000,24,33,40,44,58,75,100,130,640,900,900,26888,20,23,146.76890175147352,2.016862010350451,16779.34509399347,3932.209944956858
1781621218,400,POST,/likes,37.300000,0.000000,20,26,29,33,42,47,56,61,100,100,100,2688,0,17,48.96629379830605,2.6718139997683465,5756.829542020569,180.7938988095238
1781621218,400,POST,/posts,48.600000,0.000000,23,29,33,36,44,55,65,87,120,120,120,4082,0,19,39.57736397528894,3.3367309952154756,5304.13275299361,228.4936305732484
1781621218,400,GET,/timeline/{user_id},430.100000,0.000000,23,31,38,43,56,71,89,110,260,340,340,33940,30,22,88.1736055579042,1.912615989567712,12526.334424997913,2587.971685327048
1781621218,400,GET,/users/{user_id},173.600000,0.000000,23,32,39,43,53,67,83,92,110,150,150,13533,11,22,59.27495813816602,1.6892309940885752,5713.545331993373,262.10345082391194
1781621218,400,,Aggregated,1705.000000,0.000000,23,31,38,43,55,70,88,110,440,800,900,134761,114,22,82.54268498349309,1.6892309940885752,16779.34509399347,2721.644986309095
1781621219,400,GET,/feed/{user_id},672.200000,0.000000,24,33,40,45,63,79,100,120,140,160,160,54311,53,22,57.4644983692091,1.9245839794166386,5923.322076996556,3139.77836902285
1781621219,400,GET,/feed/{user_id}?with_fof=true,342.700000,0.000000,25,35,42,47,65,85,110,140,640,900,900,27212,20,23,145.58694369662595,2.016862010350451,16779.34509399347,3927.553175069822
1781621219,400,POST,/likes,37.800000,0.000000,21,26,30,34,44,52,72,78,120,120,120,2731,0,17,48.71721741775484,2.6718139997683465,5756.829542020569,180.7931160746979
1781621219,400,POST,/posts,51.100000,0.000000,23,30,35,37,48,58,76,87,120,120,120,4125,0,19,39.54602855494754,3.3367309952154756,5304.13275299361,228.49236363636365
1781621219,400,GET,/timeline/{user_id},433.900000,0.000000,23,32,40,45,59,80,100,120,260,340,340,34394,30,22,87.56567505420544,1.912615989567712,12526.334424997913,2585.8075536430774
1781621219,400,GET,/users/{user_id},178.300000,0.000000,25,33,41,45,57,77,100,120,150,150,150,13697,11,22,59.13821533580969,1.6892309940885752,5713.545331993373,262.114185588085
1781621219,400,,Aggregated,1716.000000,0.000000,24,33,40,45,61,79,100,120,370,800,900,136470,114,22,82.0736450108347,1.6892309940885752,16779.34509399347,2721.211987982707
1781621220,400,GET,/feed/{user_id},667.800000,0.000000,24,34,41,46,65,81,110,120,140,160,160,54971,53,22,57.202071706140465,1.9245839794166386,5923.322076996556,3140.5445234760145
1781621220,400,GET,/feed/{user_id}?with_fof=true,343.800000,0.000000,25,35,43,47,66,85,110,140,640,900,900,27540,20,23,144.3320017578102,2.016862010350451,16779.34509399347,3927.4125272331153
1781621220,400,POST,/likes,37.200000,0.000000,22,26,31,35,46,52,72,78,120,120,120,2764,0,17,48.4712167593353,2.6718139997683465,5756.829542020569,180.7963096960926
1781621220,400,POST,/posts,51.600000,0.000000,23,30,34,37,47,58,76,78,120,120,120,4178,0,19,39.44101377046401,3.3367309952154756,5304.13275299361,228.49234083293442
1781621220,400,GET,/timeline/{user_id},432.800000,0.000000,24,33,41,46,61,81,110,120,260,340,340,34806,30,22,86.97426188362844,1.912615989567712,12526.334424997913,2585.6908004367065
1781621220,400,GET,/users/{user_id},176.400000,0.000000,25,34,41,46,60,79,110,120,150,150,150,13866,11,23,58.85686943399226,1.6892309940885752,5713.545331993373,262.1167604211741
1781621220,400,,Aggregated,1709.600000,0.000000,24,33,41,46,63,80,110,120,370,800,900,138125,114,22,81.53088087976394,1.6892309940885752,16779.34509399347,2721.3483511312215
1781621221,400,GET,/feed/{user_id},669.400000,0.000000,24,33,40,45,62,79,100,120,140,160,160,55686,53,22,56.81399494941609,1.9245839794166386,5923.322076996556,3139.5144560571775
1781621221,400,GET,/feed/{user_id}?with_fof=true,340.800000,0.000000,24,34,41,46,65,84,110,130,640,900,900,27880,20,23,142.90519508890623,2.016862010350451,16779.34509399347,3927.15387374462
1781621221,400,POST,/likes,37.700000,0.000000,22,26,31,35,45,54,72,78,120,120,120,2799,0,17,48.14472874450293,2.6718139997683465,5756.829542020569,180.79671311182565
1781621221,400,POST,/posts,51.200000,0.000000,23,30,33,36,47,57,76,78,120,120,120,4239,0,19,39.22579974498741,3.3367309952154756,5304.13275299361,228.4902099551781
1781621221,400,GET,/timeline/{user_id},432.100000,0.000000,23,32,40,44,60,79,100,120,260,340,340,35238,30,22,86.24104242178392,1.912615989567712,12526.334424997913,2585.7255803394064
1781621221,400,GET,/users/{user_id},174.800000,0.000000,25,33,40,45,58,78,100,120,150,150,150,14056,11,23,58.41761523696813,1.6892309940885752,5713.545331993373,262.1259248719408
1781621221,400,,Aggregated,1706.000000,0.000000,24,32,40,45,61,79,100,120,340,800,900,139898,114,22,80.83786812775286,1.6892309940885752,16779.34509399347,2720.488584540165
1781621222,400,GET,/feed/{user_id},667.500000,0.000000,25,34,42,47,67,88,110,130,150,170,170,56335,53,22,56.60968707805663,1.9245839794166386,5923.322076996556,3140.4293778290585
1781621222,400,GET,/feed/{user_id}?with_fof=true,341.400000,0.000000,25,35,43,49,71,90,120,140,640,900,900,28210,20,23,141.72698506184435,2.016862010350451,16779.34509399347,3927.75473236441
1781621222,400,POST,/likes,37.400000,0.000000,22,28,33,37,48,64,78,87,120,120,120,2832,0,17,47.988099598448784,2.6718139997683465,5756.829542020569,180.79661016949152
1781621222,400,POST,/posts,51.000000,0.000000,24,31,36,38,51,68,85,100,140,140,140,4293,0,19,39.23890501676713,3.3367309952154756,5304.13275299361,228.49173072443512
1781621222,400,GET,/timeline/{user_id},431.000000,0.000000,24,34,41,47,65,86,110,130,240,270,270,35665,30,23,85.68048068430848,1.912615989567712,12526.334424997913,2584.672564138511
1781621222,400,GET,/users/{user_id},170.900000,0.000000,25,34,41,46,64,86,110,120,150,150,150,14216,11,23,58.17190206878111,1.6892309940885752,5713.545331993373,262.1348480585256
1781621222,400,,Aggregated,1699.200000,0.000000,25,34,41,46,66,87,110,130,370,800,900,141551,114,22,80.35510869476272,1.6892309940885752,16779.34509399347,2720.7143503048374
1781621223,400,GET,/feed/{user_id},672.700000,0.000000,25,34,41,47,67,88,110,130,150,170,170,57009,53,22,56.302078526995665,1.9245839794166386,5923.322076996556,3140.7775088143976
1781621223,400,GET,/feed/{user_id}?with_fof=true,337.800000,0.000000,25,35,43,48,70,90,120,140,640,900,900,28540,20,23,140.45537818940437,2.016862010350451,16779.34509399347,3928.1907498248074
1781621223,400,POST,/likes,37.800000,0.000000,23,28,33,37,49,64,74,83,120,120,120,2855,0,17,47.8470449180109,2.6718139997683465,5756.829542020569,180.79649737302978
1781621223,400,POST,/posts,51.100000,0.000000,24,31,35,38,50,66,83,100,140,140,140,4338,0,19,39.10066322336837,3.3367309952154756,5304.13275299361,228.4893960350392
1781621223,400,GET,/timeline/{user_id},431.200000,0.000000,25,34,41,47,65,86,120,130,270,360,360,36102,30,23,85.04658212500537,1.912615989567712,12526.334424997913,2585.3965985263976
1781621223,400,GET,/users/{user_id},172.700000,0.000000,26,35,41,46,64,87,110,130,150,150,150,14392,11,23,57.852976295076125,1.6892309940885752,5713.545331993373,262.14459421901057
1781621223,400,,Aggregated,1703.300000,0.000000,25,34,41,46,66,87,110,130,370,800,900,143236,114,22,79.7810286610256,1.6892309940885752,16779.34509399347,2721.2522201122624
1781621224,400,GET,/feed/{user_id},669.800000,0.000000,25,34,41,46,65,87,110,130,150,170,170,57672,53,22,56.012775347803455,1.9245839794166386,5923.322076996556,3140.5428804272437
1781621224,400,GET,/feed/{user_id}?with_fof=true,334.500000,0.000000,25,35,42,47,67,89,120,140,640,900,900,28864,20,23,139.29525173055094,2.016862010350451,16779.34509399347,3923.6472768847007
1781621224,400,POST,/likes,37.900000,0.000000,23,28,33,37,49,64,74,83,120,120,120,2892,0,17,47.59449261060885,2.6718139997683465,5756.829542020569,180.79149377593362
1781621224,400,POST,/posts,51.600000,0.000000,25,31,34,37,49,66,83,100,140,140,140,4384,0,20,39.00031935765821,3.3367309952154756,5304.13275299361,228.4867700729927
1781621224,400,GET,/timeline/{user_id},430.600000,0.000000,25,34,41,46,63,85,120,130,290,360,360,36543,30,23,84.4041337675388,1.912615989567712,12526.334424997913,2586.402484744
1781621224,400,GET,/users/{user_id},172.200000,0.000000,26,35,41,45,61,83,110,130,150,150,150,14566,11,23,57.51584199652796,1.6892309940885752,5713.545331993373,262.1440340519017
1781621224,400,,Aggregated,1696.600000,0.000000,25,34,41,46,64,85,110,130,470,800,900,144921,114,22,79.2277421028808,1.6892309940885752,16779.34509399347,2720.3191738947426
1781621225,400,GET,/feed/{user_id},664.500000,0.000000,25,34,41,47,66,88,110,130,150,190,190,58337,53,22,55.71512328429081,1.9245839794166386,5923.322076996556,3140.4351612184378
1781621225,400,GET,/feed/{user_id}?with_fof=true,332.000000,0.000000,26,35,42,48,68,89,120,150,640,900,900,29238,20,23,137.9173779942765,2.016862010350451,16779.34509399347,3922.679184622751
1781621225,400,POST,/likes,35.800000,0.000000,23,28,32,36,48,64,74,83,120,120,120,2917,0,18,47.36866494337597,2.6718139997683465,5756.829542020569,180.7908810421666
1781621225,400,POST,/posts,51.100000,0.000000,25,31,34,37,49,66,83,100,140,140,140,4436,0,20,38.81998039156721,3.3367309952154756,5304.13275299361,228.48579801623083
1781621225,400,GET,/timeline/{user_id},431.700000,0.000000,25,34,41,46,64,85,120,130,290,360,360,37002,30,23,83.71323575734327,1.912615989567712,12526.334424997913,2585.2671206961786
1781621225,400,GET,/users/{user_id},171.000000,0.000000,26,35,40,45,61,87,110,130,150,150,150,14724,11,23,57.22605400503202,1.6892309940885752,5713.545331993373,262.1523363216517
1781621225,400,,Aggregated,1686.100000,0.000000,25,34,41,46,64,86,120,130,470,800,900,146654,114,22,78.64234758105763,1.6892309940885752,16779.34509399347,2720.38795395966
1781621226,400,GET,/feed/{user_id},665.400000,0.000000,25,34,42,48,67,90,110,130,150,190,190,59022,53,22,55.3845799958173,1.9245839794166386,5923.322076996556,3137.5392734912407
1781621226,400,GET,/feed/{user_id}?with_fof=true,333.100000,0.000000,25,34,42,48,69,90,120,150,640,900,900,29558,20,23,136.75648201747336,2.016862010350451,16779.34509399347,3921.7077948440356
1781621226,400,POST,/likes,35.400000,0.000000,23,28,33,38,50,68,81,87,120,120,120,2951,0,17,47.100814547889094,2.6718139997683465,5756.829542020569,180.79227380548966
1781621226,400,POST,/posts,50.700000,0.000000,23,29,34,38,50,69,85,100,140,140,140,4504,0,20,38.57733686811672,3.3367309952154756,5304.13275299361,228.48312611012435
1781621226,400,GET,/timeline/{user_id},429.700000,0.000000,24,33,41,47,66,87,120,130,290,360,360,37408,30,23,83.11835401671978,1.912615989567712,12526.334424997913,2581.865269461078
1781621226,400,GET,/users/{user_id},171.300000,0.000000,25,35,40,44,64,88,110,130,150,150,150,14892,11,23,56.8991982873417,1.6892309940885752,5713.545331993373,262.1599516518936
1781621226,400,,Aggregated,1685.600000,0.000000,25,34,41,47,66,87,120,130,510,800,900,148335,114,22,78.07016451223868,1.6892309940885752,16779.34509399347,2717.8399568544173
1781621227,400,GET,/feed/{user_id},663.000000,0.000000,26,35,42,48,66,87,110,130,150,190,190,59741,53,22,55.088320597708595,1.9245839794166386,5923.322076996556,3138.7849550559918
1781621227,400,GET,/feed/{user_id}?with_fof=true,333.200000,0.000000,25,35,43,49,69,89,120,140,590,900,900,29883,20,23,135.65840001045345,2.016862010350451,16779.34509399347,3920.5988689221294
1781621227,400,POST,/likes,34.100000,0.000000,24,28,33,38,51,66,78,83,120,120,120,2993,0,18,46.80713386794095,2.6718139997683465,5756.829542020569,180.79051119278316
1781621227,400,POST,/posts,51.000000,0.000000,25,31,34,39,50,66,79,91,140,140,140,4554,0,20,38.46002552393177,3.3367309952154756,5304.13275299361,228.48155467720684
1781621227,400,GET,/timeline/{user_id},433.700000,0.000000,25,34,42,47,67,87,110,130,310,360,360,37854,30,23,82.52490323345795,1.912615989567712,12526.334424997913,2584.710360860147
1781621227,400,GET,/users/{user_id},171.200000,0.000000,26,35,41,45,67,94,110,130,140,150,150,15074,11,23,56.61020136579995,1.6892309940885752,5713.545331993373,262.1665118747512
1781621227,400,,Aggregated,1686.200000,0.000000,25,34,41,47,66,87,110,130,500,610,900,150099,114,22,77.53144190587628,1.6892309940885752,16779.34509399347,2718.5293906022025
1781621228,400,GET,/feed/{user_id},665.200000,0.000000,26,34,41,46,61,77,97,110,140,190,190,60414,53,22,54.835286372299606,1.9245839794166386,5923.322076996556,3136.767934584699
1781621228,400,GET,/feed/{user_id}?with_fof=true,332.600000,0.000000,25,34,41,47,63,81,110,130,570,610,610,30222,20,23,134.55150232287627,2.016862010350451,16779.34509399347,3921.9360068824035
1781621228,400,POST,/likes,33.400000,0.000000,24,28,33,37,49,57,73,81,120,120,120,3031,0,18,46.54623672639762,2.6718139997683465,5756.829542020569,180.79049818541736
1781621228,400,POST,/posts,52.800000,0.000000,24,29,34,38,47,58,79,91,140,140,140,4607,0,20,38.30272371805332,3.3367309952154756,5304.13275299361,228.47905361406555
1781621228,400,GET,/timeline/{user_id},432.200000,0.000000,25,34,41,47,63,81,100,120,310,360,360,38270,30,23,81.99768661695089,1.912615989567712,12526.334424997913,2586.733368173504
1781621228,400,GET,/users/{user_id},170.600000,0.000000,26,34,40,44,61,79,100,110,130,140,140,15251,11,23,56.31646103057357,1.6892309940885752,5713.545331993373,262.1713330273425
1781621228,400,,Aggregated,1686.800000,0.000000,25,33,40,45,61,79,100,110,510,590,610,151795,114,22,77.03620408967873,1.6892309940885752,16779.34509399347,2718.3154122336045
1781621229,400,GET,/feed/{user_id},669.000000,0.000000,25,33,39,43,58,74,96,110,140,190,190,61128,53,22,54.522816645545696,1.9245839794166386,5923.322076996556,3135.373184138202
1781621229,400,GET,/feed/{user_id}?with_fof=true,330.000000,0.000000,25,33,39,44,61,79,100,130,570,610,610,30573,20,23,133.3378973019748,2.016862010350451,16779.34509399347,3915.1412684394727
1781621229,400,POST,/likes,32.600000,0.000000,23,28,33,36,44,57,73,83,120,120,120,3057,0,18,46.342149849785024,2.6718139997683465,5756.829542020569,180.78966306836767
1781621229,400,POST,/posts,51.700000,0.000000,23,29,34,37,44,55,79,91,140,140,140,4660,0,20,38.134985665265866,3.3367309952154756,5304.13275299361,228.4774678111588
1781621229,400,GET,/timeline/{user_id},428.800000,0.000000,25,33,39,44,60,78,100,120,310,360,360,38708,30,23,81.39717873905722,1.912615989567712,12526.334424997913,2588.0677121008575
1781621229,400,GET,/users/{user_id},168.000000,0.000000,25,33,38,42,57,77,100,110,130,140,140,15426,11,23,55.99672099054324,1.6892309940885752,5713.545331993373,262.17930766238817
1781621229,400,,Aggregated,1680.100000,0.000000,25,33,39,43,58,76,99,110,470,590,610,153552,114,22,76.47777084013612,1.6892309940885752,16779.34509399347,2716.9778837136605
1781621230,400,GET,/feed/{user_id},666.700000,0.000000,25,33,39,44,59,74,96,110,140,190,190,61858,53,22,54.21815190298417,1.9245839794166386,5923.322076996556,3136.506417924925
1781621230,400,GET,/feed/{user_id}?with_fof=true,328.200000,0.000000,25,33,40,45,61,79,100,130,590,610,610,30893,20,23,132.26655907822155,2.016862010350451,16779.34509399347,3920.0537662253587
1781621230,400,POST,/likes,33.800000,0.000000,24,28,33,37,47,57,73,83,120,120,120,3095,0,18,46.07047676568609,2.6718139997683465,5756.829542020569,180.78836833602585
1781621230,400,POST,/posts,51.900000,0.000000,23,29,33,36,47,58,79,91,140,140,140,4724,0,20,37.971135382147956,3.3367309952154756,5304.13275299361,228.47671464860287
1781621230,400,GET,/timeline/{user_id},427.200000,0.000000,25,33,40,45,60,78,100,120,310,360,360,39129,30,23,80.8290480857776,1.912615989567712,12526.334424997913,2586.254798231491
1781621230,400,GET,/users/{user_id},168.900000,0.000000,25,33,39,43,59,78,100,110,130,140,140,15587,11,23,55.71406266574619,1.6892309940885752,5713.545331993373,262.18476935908126
1781621230,400,,Aggregated,1676.700000,0.000000,25,33,39,44,59,76,98,110,470,590,610,155286,114,22,75.94423152423664,1.6892309940885752,16779.34509399347,2717.8453756294834
1781621231,400,GET,/feed/{user_id},674.400000,0.000000,25,32,38,43,57,69,87,100,160,200,200,62521,53,22,53.97263270676538,1.9245839794166386,5923.322076996556,3137.577150077574
1781621231,400,GET,/feed/{user_id}?with_fof=true,332.400000,0.000000,25,33,39,43,58,71,94,140,590,610,610,31250,20,23,131.14348154283198,2.016862010350451,16779.34509399347,3918.732256
1781621231,400,POST,/likes,33.000000,0.000000,23,28,32,36,43,51,58,73,92,92,92,3120,0,18,45.920702590648524,2.6718139997683465,5756.829542020569,180.78878205128206
1781621231,400,POST,/posts,52.700000,0.000000,22,28,32,35,43,50,59,67,94,94,94,4784,0,20,37.79869131089388,3.3367309952154756,5304.13275299361,228.47554347826087
1781621231,400,GET,/timeline/{user_id},428.500000,0.000000,25,32,38,43,57,72,96,120,310,360,360,39543,30,23,80.3284261447028,1.912615989567712,12526.334424997913,2586.527248817743
1781621231,400,GET,/users/{user_id},171.200000,0.000000,25,33,38,42,56,73,100,110,170,200,200,15773,11,23,55.44417031915642,1.6892309940885752,5713.545331993373,262.19038863881315
1781621231,400,,Aggregated,1692.200000,0.000000,25,32,38,42,56,69,91,110,470,590,610,156991,114,22,75.46742267054312,1.6892309940885752,16779.34509399347,2717.9679599467486
1781621232,400,GET,/feed/{user_id},679.700000,0.000000,25,32,38,42,56,68,86,100,160,200,200,63232,53,22,53.65273937513852,1.9245839794166386,5923.322076996556,3134.67483236336
1781621232,400,GET,/feed/{user_id}?with_fof=true,331.700000,0.000000,25,32,38,42,57,70,92,140,590,610,610,31571,20,23,130.05253688417847,2.016862010350451,16779.34509399347,3919.1400335751164
1781621232,400,POST,/likes,33.100000,0.000000,22,27,31,33,42,51,58,63,92,92,92,3154,0,18,45.639501830284495,2.6718139997683465,5756.829542020569,180.789156626506
1781621232,400,POST,/posts,53.000000,0.000000,22,28,31,34,42,50,59,67,94,94,94,4830,0,20,37.66379648803658,3.3367309952154756,5304.13275299361,228.47184265010353
1781621232,400,GET,/timeline/{user_id},429.600000,0.000000,25,32,38,42,57,72,96,120,290,350,350,39982,30,23,79.73416633013575,1.912615989567712,12526.334424997913,2588.38414786654
1781621232,400,GET,/users/{user_id},170.900000,0.000000,25,32,37,41,56,71,100,110,170,200,200,15948,11,23,55.10103955210504,1.6892309940885752,5713.545331993373,262.1925633308252
1781621232,400,,Aggregated,1698.000000,0.000000,25,32,37,42,56,69,90,110,470,590,610,158717,114,22,74.91953981575637,1.6892309940885752,16779.34509399347,2717.332604572919
1781621233,400,GET,/feed/{user_id},677.700000,0.000000,24,32,38,42,57,71,88,100,160,200,200,63920,53,23,53.43545995553534,1.9245839794166386,5923.322076996556,3135.0436013767207
1781621233,400,GET,/feed/{user_id}?with_fof=true,332.000000,0.000000,24,32,38,43,59,72,93,140,590,610,610,31905,20,23,129.05896688561452,2.016862010350451,16779.34509399347,3914.946152640652
1781621233,400,POST,/likes,32.200000,0.000000,21,26,29,32,41,50,58,73,92,92,92,3193,0,18,45.337239062834534,2.6718139997683465,5756.829542020569,180.78828687754464
1781621233,400,POST,/posts,53.900000,0.000000,22,27,31,35,44,55,65,72,94,94,94,4869,0,20,37.61496732538666,3.3367309952154756,5304.13275299361,228.47196549599508
1781621233,400,GET,/timeline/{user_id},425.900000,0.000000,24,32,38,42,58,74,96,120,290,350,350,40422,30,23,79.2154215491714,1.912615989567712,12526.334424997913,2591.914724654891
1781621233,400,GET,/users/{user_id},169.600000,0.000000,24,32,37,41,57,73,97,110,170,200,200,16119,11,23,54.84123915949501,1.6892309940885752,5713.545331993373,262.19566970655745
1781621233,400,,Aggregated,1691.300000,0.000000,24,32,37,42,57,71,91,110,430,590,610,160428,114,23,74.47055204173007,1.6892309940885752,16779.34509399347,2717.634951504725
1781621234,400,GET,/feed/{user_id},683.700000,0.000000,25,32,38,43,58,71,86,99,160,200,200,64584,53,23,53.209675564523856,1.9245839794166386,5923.322076996556,3133.210702341137
1781621234,400,GET,/feed/{user_id}?with_fof=true,332.100000,0.000000,24,32,38,43,59,70,90,120,590,610,610,32243,20,23,128.03899864322912,2.016862010350451,16779.34509399347,3918.5641534596657
1781621234,400,POST,/likes,31.900000,0.000000,21,27,30,33,42,51,60,73,92,92,92,3226,0,18,45.13957052125074,2.6718139997683465,5756.829542020569,180.7876627402356
1781621234,400,POST,/posts,53.500000,0.000000,22,28,32,35,45,55,67,72,94,94,94,4914,0,20,37.53745387614429,3.3367309952154756,5304.13275299361,228.47049247049247
1781621234,400,GET,/timeline/{user_id},428.100000,0.000000,25,32,38,43,58,74,95,120,250,350,350,40847,30,23,78.74267870646356,1.912615989567712,12526.334424997913,2591.4820917080815
1781621234,400,GET,/users/{user_id},171.700000,0.000000,25,32,37,41,58,71,94,110,170,200,200,16308,11,23,54.563197464113465,1.6892309940885752,5713.545331993373,262.1998405690459
1781621234,400,,Aggregated,1701.000000,0.000000,25,32,38,42,57,71,90,110,350,590,610,162122,114,23,74.02544530741851,1.6892309940885752,16779.34509399347,2717.322096939342
1781621235,400,GET,/feed/{user_id},685.400000,0.000000,25,32,38,43,57,71,86,97,160,200,200,65269,53,23,52.92868139217349,1.9245839794166386,5923.322076996556,3129.649144310469
1781621235,400,GET,/feed/{user_id}?with_fof=true,333.600000,0.000000,25,32,38,42,58,70,91,120,530,610,610,32619,20,23,126.8848359178954,2.016862010350451,16779.34509399347,3916.966430607928
1781621235,400,POST,/likes,33.100000,0.000000,21,27,30,33,41,50,60,63,92,92,92,3269,0,18,44.8195900843343,2.6718139997683465,5756.829542020569,180.7880085653105
1781621235,400,POST,/posts,51.900000,0.000000,23,29,34,36,47,56,67,72,84,84,84,4969,0,20,37.40122581935523,3.3367309952154756,5304.13275299361,228.47051720668142
1781621235,400,GET,/timeline/{user_id},425.900000,0.000000,25,32,38,43,58,74,92,120,250,310,310,41273,30,23,78.18182998812085,1.912615989567712,12526.334424997913,2587.682625445206
1781621235,400,GET,/users/{user_id},172.000000,0.000000,25,32,37,41,58,71,94,110,170,200,200,16474,11,23,54.27651733312135,1.6892309940885752,5713.545331993373,262.2037756464732
1781621235,400,,Aggregated,1701.900000,0.000000,25,32,38,42,57,71,89,100,340,590,610,163873,114,23,73.51284540662036,1.6892309940885752,16779.34509399347,2714.8086261922344
1781621236,400,GET,/feed/{user_id},686.100000,0.000000,25,33,39,44,58,72,91,110,160,200,200,65940,53,23,52.80356466678746,1.9245839794166386,5923.322076996556,3128.7318774643613
1781621236,400,GET,/feed/{user_id}?with_fof=true,336.100000,0.000000,25,33,38,43,58,70,93,130,560,590,590,32955,20,23,126.01049148042776,2.016862010350451,16779.34509399347,3921.0605067516312
1781621236,400,POST,/likes,33.000000,0.000000,20,26,30,33,43,51,61,67,92,92,92,3302,0,18,44.68144747022941,2.6718139997683465,5756.829542020569,180.78588734100546
1781621236,400,POST,/posts,52.300000,0.000000,23,30,34,37,46,58,70,79,84,84,84,5021,0,20,37.36445813929028,3.3367309952154756,5304.13275299361,228.47161919936266
1781621236,400,GET,/timeline/{user_id},428.700000,0.000000,25,33,39,43,57,73,94,130,250,300,300,41700,30,23,77.77647245204821,1.912615989567712,12526.334424997913,2592.3604556354917
1781621236,400,GET,/users/{user_id},173.200000,0.000000,25,32,38,42,57,69,88,110,170,200,200,16657,11,23,54.09731357572503,1.6892309940885752,5713.545331993373,262.2056192591703
1781621236,400,,Aggregated,1709.400000,0.000000,25,32,38,43,57,71,91,110,340,590,590,165575,114,23,73.16361611481626,1.6892309940885752,16779.34509399347,2716.2327042125926
1781621237,400,GET,/feed/{user_id},688.000000,0.000000,25,32,38,43,58,72,90,110,160,200,200,66648,53,23,52.519473517834726,1.9245839794166386,5923.322076996556,3126.9766984755734
1781621237,400,GET,/feed/{user_id}?with_fof=true,336.000000,0.000000,24,32,37,42,57,69,92,120,560,610,610,33284,20,23,125.05221380653077,2.016862010350451,16779.34509399347,3916.659656291311
1781621237,400,POST,/likes,34.000000,0.000000,20,25,29,32,41,53,61,70,92,92,92,3338,0,18,44.456326806707274,2.6718139997683465,5756.829542020569,180.78639904134212
1781621237,400,POST,/posts,52.200000,0.000000,23,30,34,36,47,60,71,79,84,84,84,5072,0,20,37.23937654441769,3.3367309952154756,5304.13275299361,228.47160883280756
1781621237,400,GET,/timeline/{user_id},424.700000,0.000000,25,32,38,42,56,72,94,130,250,320,320,42107,30,23,77.29163616102674,1.912615989567712,12526.334424997913,2591.897119243831
1781621237,400,GET,/users/{user_id},173.700000,0.000000,25,32,37,41,57,69,88,110,170,200,200,16829,11,23,53.79936389286224,1.6892309940885752,5713.545331993373,262.21106423435737
1781621237,400,,Aggregated,1708.600000,0.000000,25,32,38,42,57,70,90,110,300,590,610,167278,114,23,72.69179157362308,1.6892309940885752,16779.34509399347,2714.5283779098268
1781621238,400,GET,/feed/{user_id},681.800000,0.000000,25,32,39,44,59,73,94,110,160,200,200,67326,53,23,52.32619190204225,1.9245839794166386,5923.322076996556,3128.3066868668866
1781621238,400,GET,/feed/{user_id}?with_fof=true,334.400000,0.000000,24,32,38,42,58,69,96,130,560,610,610,33623,20,23,124.12069303672463,2.016862010350451,16779.34509399347,3923.00154656039
1781621238,400,POST,/likes,34.500000,0.000000,20,26,30,33,44,53,61,70,92,92,92,3376,0,18,44.246564352748265,2.6718139997683465,5756.829542020569,180.7867298578199
1781621238,400,POST,/posts,51.000000,0.000000,23,29,33,36,47,61,71,79,84,84,84,5111,0,20,37.14204473945587,3.3367309952154756,5304.13275299361,228.46937976912542
1781621238,400,GET,/timeline/{user_id},422.100000,0.000000,25,32,39,44,58,74,110,140,250,540,540,42539,30,23,76.89534418992314,1.912615989567712,12526.334424997913,2592.7959284421354
1781621238,400,GET,/users/{user_id},174.500000,0.000000,25,32,38,42,58,73,96,120,170,200,200,17013,11,23,53.59642037464767,1.6892309940885752,5713.545331993373,262.2143654852172
1781621238,400,,Aggregated,1698.300000,0.000000,24,32,38,43,58,72,95,120,320,590,610,168988,114,23,72.30288302256851,1.6892309940885752,16779.34509399347,2716.4857800553887
1781621239,400,GET,/feed/{user_id},684.800000,0.000000,26,34,41,46,62,79,100,120,160,200,200,67994,53,23,52.24791489421701,1.9245839794166386,5923.322076996556,3127.0472835838455
1781621239,400,GET,/feed/{user_id}?with_fof=true,337.200000,0.000000,25,33,40,44,61,77,110,130,560,990,990,33926,20,23,123.4296767916794,2.016862010350451,16779.34509399347,3925.3101456110358
1781621239,400,POST,/likes,34.900000,0.000000,21,28,32,35,44,56,67,79,92,92,92,3410,0,18,44.149921818133144,2.6718139997683465,5756.829542020569,180.78563049853372
1781621239,400,POST,/posts,51.400000,0.000000,24,30,34,37,47,59,70,79,84,84,84,5150,0,20,37.09710976515232,3.3367309952154756,5304.13275299361,228.46757281553397
1781621239,400,GET,/timeline/{user_id},424.100000,0.000000,25,33,40,45,61,81,120,150,460,540,540,42942,30,23,76.59735656139286,1.912615989567712,12526.334424997913,2591.233477714126
1781621239,400,GET,/users/{user_id},175.200000,0.000000,26,33,39,45,60,79,100,130,170,200,200,17196,11,23,53.49080964937894,1.6892309940885752,5713.545331993373,262.2187136543382
1781621239,400,,Aggregated,1707.600000,0.000000,25,33,40,45,61,78,100,130,450,610,990,170618,114,23,72.03632053495049,1.6892309940885752,16779.34509399347,2715.8064975559437
1781621240,400,GET,/feed/{user_id},687.100000,0.000000,26,34,41,46,63,81,100,120,160,200,200,68716,53,23,52.02729184952316,1.9245839794166386,5923.322076996556,3127.378994702835
1781621240,400,GET,/feed/{user_id}?with_fof=true,337.900000,0.000000,26,34,40,45,61,77,110,130,610,990,990,34240,20,23,122.61935152302378,2.016862010350451,16779.34509399347,3931.868341121495
1781621240,400,POST,/likes,34.100000,0.000000,21,28,32,35,44,56,67,70,83,83,83,3448,0,18,43.947414475865,2.6718139997683465,5756.829542020569,180.78567285382832
1781621240,400,POST,/posts,50.200000,0.000000,25,31,35,38,48,60,70,79,84,84,84,5183,0,20,37.032481031734484,3.3367309952154756,5304.13275299361,228.46633224001545
1781621240,400,GET,/timeline/{user_id},423.600000,0.000000,26,33,40,45,62,82,120,150,460,540,540,43378,30,23,76.14840253810483,1.912615989567712,12526.334424997913,2591.5674535478815
1781621240,400,GET,/users/{user_id},174.800000,0.000000,26,34,40,45,61,81,100,130,170,200,200,17350,11,23,53.295318033460326,1.6892309940885752,5713.545331993373,262.2203458213256
1781621240,400,,Aggregated,1707.700000,0.000000,26,34,40,45,61,79,110,130,460,640,990,172315,114,23,71.64148907732181,1.6892309940885752,16779.34509399347,2717.709851144706
1781621241,400,GET,/feed/{user_id},679.100000,0.000000,27,35,42,47,63,79,98,120,140,170,170,69378,53,23,51.8296415421623,1.9245839794166386,5923.322076996556,3126.1462855660297
1781621241,400,GET,/feed/{user_id}?with_fof=true,332.100000,0.000000,26,35,41,46,61,75,100,120,610,990,990,34578,20,24,121.7617979168662,2.016862010350451,16779.34509399347,3930.583145352536
1781621241,400,POST,/likes,35.100000,0.000000,22,28,33,36,44,58,67,76,83,83,83,3484,0,18,43.77882232283465,2.6718139997683465,5756.829542020569,180.7853042479908
1781621241,400,POST,/posts,48.600000,0.000000,26,31,36,39,50,61,71,79,84,84,84,5234,0,20,36.94839446762401,3.3367309952154756,5304.13275299361,228.46446312571646
1781621241,400,GET,/timeline/{user_id},419.900000,0.000000,26,34,41,46,62,81,110,140,460,540,540,43821,30,23,75.72828004194936,1.912615989567712,12526.334424997913,2588.1308276853565
1781621241,400,GET,/users/{user_id},174.700000,0.000000,27,34,41,46,60,79,97,120,160,160,160,17514,11,23,53.09260222574141,1.6892309940885752,5713.545331993373,262.22678999657415
1781621241,400,,Aggregated,1689.500000,0.000000,26,34,41,46,61,77,100,120,460,640,990,174009,114,23,71.26287966712945,1.6892309940885752,16779.34509399347,2716.125263635789
1781621242,400,GET,/feed/{user_id},680.100000,0.000000,27,36,44,49,64,79,99,120,140,170,170,70073,53,23,51.69011719477225,1.9245839794166386,5923.322076996556,3127.117548841922
1781621242,400,GET,/feed/{user_id}?with_fof=true,332.400000,0.000000,27,36,42,47,62,74,100,120,610,990,990,34925,20,24,120.91003427358237,2.016862010350451,16779.34509399347,3927.3037652111666
1781621242,400,POST,/likes,34.500000,0.000000,23,30,35,38,46,58,67,70,83,83,83,3518,0,18,43.633100154296145,2.6718139997683465,5756.829542020569,180.7833996588971
1781621242,400,POST,/posts,47.000000,0.000000,26,31,36,39,50,58,67,76,81,81,81,5273,0,20,36.91780932478284,3.3367309952154756,5304.13275299361,228.46463113976864
1781621242,400,GET,/timeline/{user_id},418.400000,0.000000,27,36,44,48,63,82,110,150,460,540,540,44234,30,23,75.40693029993997,1.912615989567712,12526.334424997913,2587.7101098702356
1781621242,400,GET,/users/{user_id},174.700000,0.000000,27,35,44,47,62,78,96,110,160,160,160,17672,11,23,52.944575705398094,1.6892309940885752,5713.545331993373,262.23392937980987
1781621242,400,,Aggregated,1687.100000,0.000000,27,36,43,48,62,78,100,120,460,640,990,175695,114,23,70.94237218395307,1.6892309940885752,16779.34509399347,2716.225555650417
1781621243,400,GET,/feed/{user_id},682.000000,0.000000,29,40,48,54,72,95,160,280,530,630,630,70457,53,23,52.0863979624484,1.9245839794166386,5923.322076996556,3127.237222703209
1781621243,400,GET,/feed/{user_id}?with_fof=true,331.900000,0.000000,29,39,47,52,70,99,190,340,620,990,990,35112,20,24,120.95584450409608,2.016862010350451,16779.34509399347,3926.3875028480293
1781621243,400,POST,/likes,35.600000,0.000000,24,31,37,40,53,66,83,140,280,280,280,3532,0,18,43.781412170114805,2.6718139997683465,5756.829542020569,180.78454133635333
1781621243,400,POST,/posts,44.300000,0.000000,27,32,37,41,52,61,76,81,390,390,390,5299,0,20,36.97121607463402,3.3367309952154756,5304.13275299361,228.46555953953578
1781621243,400,GET,/timeline/{user_id},423.400000,0.000000,28,38,46,51,67,87,130,220,530,580,580,44326,30,23,75.49041629085444,1.912615989567712,12526.334424997913,2592.7071921671254
1781621243,400,GET,/users/{user_id},172.300000,0.000000,29,39,47,53,73,97,160,240,500,510,510,17779,11,23,53.31880093553816,1.6892309940885752,5713.545331993373,262.2398897575792
1781621243,400,,Aggregated,1689.500000,0.000000,28,39,46,52,69,92,150,270,540,640,990,176505,114,23,71.16819653592522,1.6892309940885752,16779.34509399347,2717.4014503838416
1781621244,400,GET,/feed/{user_id},678.600000,0.000000,30,42,51,57,81,120,280,430,720,840,840,70631,53,23,52.53377320719466,1.9245839794166386,5923.322076996556,3126.8938568050858
1781621244,400,GET,/feed/{user_id}?with_fof=true,334.100000,0.000000,30,41,50,56,80,130,340,540,750,990,990,35202,20,24,121.25019032205536,2.016862010350451,16779.34509399347,3925.7831941366967
1781621244,400,POST,/likes,36.300000,0.000000,24,32,37,41,55,67,140,280,490,490,490,3539,0,18,43.99306819181344,2.6718139997683465,5756.829542020569,180.7827069793727
1781621244,400,POST,/posts,44.100000,0.000000,25,32,36,41,53,62,80,350,500,500,500,5309,0,20,37.089100962421504,3.3367309952154756,5304.13275299361,228.46581277076663
1781621244,400,GET,/timeline/{user_id},422.700000,0.000000,29,39,47,52,71,96,170,300,660,720,720,44370,30,23,75.64615659462065,1.912615989567712,12526.334424997913,2596.5301104349787
1781621244,400,GET,/users/{user_id},171.400000,0.000000,29,41,50,57,83,140,260,500,770,800,800,17821,11,23,53.85667618920852,1.6892309940885752,5713.545331993373,262.24145670837777
1781621244,400,,Aggregated,1687.200000,0.000000,29,40,49,55,76,120,260,450,720,840,990,176872,114,23,71.50684921822354,1.6892309940885752,16779.34509399347,2718.2664356144555
1781621245,400,GET,/feed/{user_id},657.000000,0.000000,30,41,51,57,85,140,330,470,790,900,900,70694,53,23,52.64495740559803,1.9245839794166386,5923.322076996556,3127.092992333154
1781621245,400,GET,/feed/{user_id}?with_fof=true,323.000000,0.000000,30,41,50,57,85,160,410,570,750,990,990,35226,20,24,121.34694934931747,2.016862010350451,16779.34509399347,3925.0342644637485
1781621245,400,POST,/likes,34.600000,0.000000,24,32,37,40,55,70,280,480,530,530,530,3542,0,18,44.20712509029242,2.6718139997683465,5756.829542020569,180.7837380011293
1781621245,400,POST,/posts,44.200000,0.000000,25,31,35,38,51,59,76,350,500,500,500,5312,0,20,37.099025913689786,3.3367309952154756,5304.13275299361,228.46573795180723
1781621245,400,GET,/timeline/{user_id},399.300000,0.000000,29,38,47,52,72,98,220,360,680,720,720,44381,30,23,75.68376941121977,1.912615989567712,12526.334424997913,2596.917464680832
1781621245,400,GET,/users/{user_id},166.300000,0.000000,29,42,52,58,86,160,370,540,780,800,800,17834,11,23,54.01251341516058,1.6892309940885752,5713.545331993373,262.24262644387125
1781621245,400,,Aggregated,1624.400000,0.000000,29,40,49,55,79,130,320,500,760,900,990,176989,114,23,71.598135781426,1.6892309940885752,16779.34509399347,2718.330201311946
1781621246,400,GET,/feed/{user_id},612.400000,0.000000,31,44,55,62,96,200,430,650,2100,2600,2600,70737,53,23,53.18746887335231,1.9245839794166386,5923.322076996556,3126.579767307067
1781621246,400,GET,/feed/{user_id}?with_fof=true,299.000000,0.000000,32,45,54,62,110,250,540,670,2200,2700,2700,35258,20,24,122.0215447951967,2.016862010350451,16779.34509399347,3927.4403539622213
1781621246,400,POST,/likes,31.600000,0.000000,26,34,39,43,59,130,480,530,2100,2100,2100,3544,0,18,45.33196292630783,2.6718139997683465,5756.829542020569,180.78442437923252
1781621246,400,POST,/posts,40.100000,0.000000,25,31,37,39,54,63,350,500,2000,2000,2000,5317,0,20,37.58843184248834,3.3367309952154756,5304.13275299361,228.4662403611059
1781621246,400,GET,/timeline/{user_id},359.000000,0.000000,31,41,51,56,81,120,370,660,3700,4000,4000,44414,30,24,76.72141462296541,1.912615989567712,12526.334424997913,2597.0613320124285
1781621246,400,GET,/users/{user_id},153.500000,0.000000,31,45,56,64,100,190,500,710,2200,2300,2300,17847,11,23,54.59760353358982,1.6892309940885752,5713.545331993373,262.2451952709139
1781621246,400,,Aggregated,1495.600000,0.000000,31,43,53,60,91,180,470,660,2300,3900,4000,177117,114,23,72.30802305893172,1.6892309940885752,16779.34509399347,2718.655984462248
1781621247,400,GET,/feed/{user_id},555.100000,0.000000,34,48,59,70,140,350,1100,2200,2700,2800,2800,70859,53,23,55.024445926054774,1.9245839794166386,5923.322076996556,3127.5190025261436
1781621247,400,GET,/feed/{user_id}?with_fof=true,266.800000,0.000000,34,48,58,70,150,430,1100,2300,2800,2800,2800,35295,20,24,123.52073028080608,2.016862010350451,16779.34509399347,3930.395580110497
1781621247,400,POST,/likes,28.500000,0.000000,27,34,40,43,68,260,530,2000,2100,2100,2100,3548,0,19,45.7416733418365,2.6718139997683465,5756.829542020569,180.78551296505074
1781621247,400,POST,/posts,35.600000,0.000000,27,33,38,43,55,150,640,2000,2800,2800,2800,5325,0,20,38.76748645475392,3.3367309952154756,5304.13275299361,228.46723004694834
1781621247,400,GET,/timeline/{user_id},317.700000,0.000000,33,45,55,63,110,590,3200,4500,4900,4900,4900,44520,30,24,81.7770169706981,1.912615989567712,12526.334424997913,2595.799752920036
1781621247,400,GET,/users/{user_id},138.900000,0.000000,34,49,60,72,150,340,780,2000,3000,3000,3000,17872,11,24,55.9185332761867,1.6892309940885752,5713.545331993373,262.2490487914055
1781621247,400,,Aggregated,1342.600000,0.000000,33,47,57,67,130,390,1700,2300,4800,4900,4900,177419,114,23,74.78037038745005,1.6892309940885752,16779.34509399347,2719.2471832216393
1781621248,400,GET,/feed/{user_id},493.800000,0.000000,34,51,64,79,280,590,1300,2300,2700,2800,2800,70988,53,23,55.77516120598512,1.9245839794166386,5923.322076996556,3126.524567532541
1781621248,400,GET,/feed/{user_id}?with_fof=true,237.200000,0.000000,34,48,60,74,220,540,1400,2300,2800,2800,2800,35316,20,24,123.68402206841212,2.016862010350451,16779.34509399347,3934.3185524974515
1781621248,400,POST,/likes,25.000000,0.000000,27,37,43,56,260,400,530,2000,2100,2100,2100,3557,0,19,46.3605271073619,2.6718139997683465,5756.829542020569,180.78774247961766
1781621248,400,POST,/posts,30.600000,0.000000,27,34,41,49,150,480,770,2700,2800,2800,2800,5336,0,20,39.45266241614932,3.3367309952154756,5304.13275299361,228.4694527736132
1781621248,400,GET,/timeline/{user_id},281.200000,0.000000,35,50,62,76,540,2800,4900,5300,5600,5700,5700,44636,31,24,87.60117862912251,1.912615989567712,12526.334424997913,2595.6295366968366
1781621248,400,GET,/users/{user_id},122.200000,0.000000,36,53,70,89,270,590,1200,2100,3000,3000,3000,17907,11,24,56.65636046350937,1.6892309940885752,5713.545331993373,262.2522477243536
1781621248,400,,Aggregated,1190.000000,0.000000,34,49,62,76,300,680,2300,4000,5500,5700,5700,177740,115,23,76.67113494284523,1.6892309940885752,16779.34509399347,2719.1795093957467
1781621249,400,GET,/feed/{user_id},432.800000,0.000000,40,60,94,160,480,760,2000,2300,2700,2800,2800,71139,53,23,56.473877040476914,1.9245839794166386,5923.322076996556,3126.7773373255177
1781621249,400,GET,/feed/{user_id}?with_fof=true,207.600000,0.000000,36,54,74,110,350,670,2200,2300,2800,2800,2800,35340,20,24,123.8501218101327,2.016862010350451,16779.34509399347,3938.8978494623657
1781621249,400,POST,/likes,21.600000,0.000000,26,40,56,69,280,490,1100,2000,2100,2100,2100,3562,0,19,46.49915320013785,2.6718139997683465,5756.829542020569,180.78832116788323
1781621249,400,POST,/posts,26.100000,0.000000,27,38,50,56,430,640,810,2700,2800,2800,2800,5348,0,20,40.17092030171802,3.3367309952154756,5304.13275299361,228.4717651458489
1781621249,400,GET,/timeline/{user_id},245.000000,0.000000,42,65,180,400,3600,5200,6000,6200,6700,6700,6700,44769,31,24,96.52118524962499,1.912615989567712,12526.334424997913,2593.721526055976
1781621249,400,GET,/users/{user_id},106.800000,0.000000,41,65,100,180,450,770,1300,2200,3000,3000,3000,17928,11,24,57.22194571581371,1.6892309940885752,5713.545331993373,262.2555220883534
1781621249,400,,Aggregated,1039.900000,0.000000,39,59,91,170,570,1200,4600,5400,6400,6700,6700,178086,115,23,79.29794871162456,1.6892309940885752,16779.34509399347,2719.5980256729895
1781621250,400,GET,/feed/{user_id},376.900000,0.000000,54,110,230,340,670,950,2200,2300,2700,2800,2800,71252,53,23,57.04001997412618,1.9245839794166386,5923.322076996556,3128.204176724864
1781621250,400,GET,/feed/{user_id}?with_fof=true,175.800000,0.000000,46,74,130,200,540,850,2300,2500,2800,2800,2800,35356,20,24,123.98866484076531,2.016862010350451,16779.34509399347,3941.961505826451
1781621250,400,POST,/likes,18.700000,0.000000,30,54,160,250,400,530,2000,2100,2100,2100,2100,3571,0,19,46.692425242483495,2.6718139997683465,5756.829542020569,180.7905348641837
1781621250,400,POST,/posts,22.600000,0.000000,23,45,64,280,500,740,2000,2700,2800,2800,2800,5353,0,20,40.41050611163964,3.3367309952154756,5304.13275299361,228.4724453577433
1781621250,400,GET,/timeline/{user_id},214.500000,0.100000,60,320,660,1100,5100,6000,6600,6800,7300,7300,7300,44860,31,24,101.70533365389238,1.912615989567712,12526.334424997913,2592.235777975925
1781621250,400,GET,/users/{user_id},92.500000,0.000000,57,110,210,310,650,940,2000,2300,3000,3000,3000,17948,11,24,57.64580869952499,1.6892309940885752,5713.545331993373,262.25724314686875
1781621250,400,,Aggregated,901.000000,0.100000,52,110,270,400,810,2300,5300,6100,7000,7300,7300,178340,115,23,80.90245076435731,1.6892309940885752,16779.34509399347,2720.2315857351127
1781621251,400,GET,/feed/{user_id},329.300000,0.000000,120,310,470,580,840,1200,2300,2500,2800,2800,2800,71343,53,23,57.55002634976553,1.9245839794166386,5923.322076996556,3128.1623424862987
1781621251,400,GET,/feed/{user_id}?with_fof=true,149.800000,0.000000,85,180,340,460,810,2000,2500,2700,4100,4100,4100,35376,20,24,124.14831931315265,2.016862010350451,16779.34509399347,3942.6675712347355
1781621251,400,POST,/likes,15.700000,0.000000,55,240,280,350,520,710,2000,2100,2100,2100,2100,3574,0,19,46.89444921989817,2.6718139997683465,5756.829542020569,180.79182988248462
1781621251,400,POST,/posts,20.800000,0.000000,35,150,330,430,640,810,2700,2800,2800,2800,2800,5359,0,20,40.505728930148926,3.3367309952154756,5304.13275299361,228.47322261615975
1781621251,400,GET,/timeline/{user_id},190.100000,0.100000,480,920,4000,4800,6000,6600,7100,7200,7600,7600,7600,44936,31,24,105.99791369281876,1.912615989567712,12526.334424997913,2591.8710610646253
1781621251,400,GET,/users/{user_id},78.500000,0.000000,140,300,450,590,930,1200,2200,2300,3000,3000,3000,17975,11,24,58.46159601937047,1.6892309940885752,5713.545331993373,262.2603616133519
1781621251,400,,Aggregated,784.200000,0.100000,140,380,590,710,2000,4800,6200,6700,7500,7600,7600,178563,115,23,82.30318080952057,1.6892309940885752,16779.34509399347,2720.055554622178
1781621252,400,GET,/feed/{user_id},270.400000,0.000000,300,540,680,770,1200,2000,2300,2600,2800,2800,2800,71437,53,23,58.39911434117274,1.9245839794166386,5923.322076996556,3128.5935439618124
1781621252,400,GET,/feed/{user_id}?with_fof=true,119.600000,0.000000,200,520,670,780,1600,2300,2700,2800,6500,6500,6500,35409,20,24,124.833306830188,2.016862010350451,16779.34509399347,3942.994888305233
1781621252,400,POST,/likes,13.200000,0.000000,250,360,490,530,1300,1700,2000,2100,2100,2100,2100,3581,0,19,48.67122434848164,2.6718139997683465,5756.829542020569,180.7947500698129
1781621252,400,POST,/posts,17.500000,0.000000,200,400,500,630,930,1600,2700,2800,2800,2800,2800,5369,0,20,41.64180346109758,3.3367309952154756,5304.13275299361,228.47494878003351
1781621252,400,GET,/timeline/{user_id},159.100000,0.100000,730,2300,4800,5300,6300,6900,7300,7500,8300,8300,8300,44995,31,24,108.23327955756184,1.912615989567712,12526.334424997913,2592.1132570285586
1781621252,400,GET,/users/{user_id},63.900000,0.000000,310,540,720,810,1200,1500,2300,2400,3000,3000,3000,17995,11,24,59.10224558039775,1.6892309940885752,5713.545331993373,262.26351764378995
1781621252,400,,Aggregated,643.700000,0.100000,380,650,840,1200,2700,5500,6600,7100,8100,8300,8300,178786,115,23,83.47100954675717,1.6892309940885752,16779.34509399347,2720.2382680970545
1781621253,400,GET,/feed/{user_id},212.400000,0.000000,390,650,790,950,1500,2200,2500,2600,2800,2800,2800,71514,53,23,59.1640989433311,1.9245839794166386,5923.322076996556,3128.1281147747295
1781621253,400,GET,/feed/{user_id}?with_fof=true,87.100000,0.000000,370,760,1100,1500,2400,2700,5700,6300,6500,6500,6500,35443,20,24,126.68115211419101,2.016862010350451,16779.34509399347,3940.335411787941
1781621253,400,POST,/likes,9.900000,0.000000,260,370,530,710,1400,1700,2100,2100,2100,2100,2100,3584,0,19,49.077367886971906,2.6718139997683465,5756.829542020569,180.79547991071428
1781621253,400,POST,/posts,13.900000,0.000000,200,450,630,730,1500,2300,2700,2800,2800,2800,2800,5377,0,20,42.87078404085153,3.3367309952154756,5304.13275299361,228.47591593825553
1781621253,400,GET,/timeline/{user_id},123.000000,0.100000,830,2800,4900,5300,6300,7000,7400,7800,8500,8500,8500,45047,31,24,109.97241312201746,1.912615989567712,12526.334424997913,2592.0076364685774
1781621253,400,GET,/users/{user_id},50.700000,0.000000,380,670,850,1000,1300,2000,2400,2400,3000,3000,3000,18015,11,24,59.69457491331372,1.6892309940885752,5713.545331993373,262.26555648071053
1781621253,400,,Aggregated,497.000000,0.100000,490,790,1200,1500,4400,5800,6700,7200,8300,8500,8500,178980,115,23,84.68407643022597,1.6892309940885752,16779.34509399347,2719.4414459716168
1781621254,400,GET,/feed/{user_id},152.500000,0.000000,430,720,950,1200,1800,2200,2500,2600,2800,2800,2800,71594,53,23,60.06011296158344,1.9245839794166386,5923.322076996556,3127.928164371316
1781621254,400,GET,/feed/{user_id}?with_fof=true,57.000000,0.000000,610,1100,1800,2200,2700,6300,6900,7200,10000,10000,10000,35480,20,24,129.73005665164283,2.016862010350451,16779.34509399347,3937.345377677565
1781621254,400,POST,/likes,7.200000,0.000000,260,370,690,1100,1400,1700,2100,2100,2100,2100,2100,3586,0,19,49.45168000388108,2.6718139997683465,5756.829542020569,180.79615170105967
1781621254,400,POST,/posts,10.100000,0.000000,290,480,640,740,1600,2300,2700,2800,2800,2800,2800,5378,0,20,42.94858912712067,3.3367309952154756,5304.13275299361,228.47619933060616
1781621254,400,GET,/timeline/{user_id},85.500000,0.100000,890,2700,4900,5300,6300,7000,7400,7800,8500,8500,8500,45086,31,24,111.051106879487,1.912615989567712,12526.334424997913,2591.6633544781084
1781621254,400,GET,/users/{user_id},35.900000,0.000000,420,770,1000,1200,1900,2200,2400,2500,3000,3000,3000,18036,11,24,60.82392939650197,1.6892309940885752,5713.545331993373,262.26685517853184
1781621254,400,,Aggregated,348.200000,0.100000,550,940,1400,1900,4600,6000,6900,7300,8400,10000,10000,179160,115,23,86.04012039269418,1.6892309940885752,16779.34509399347,2718.7595557043983
1781621255,400,GET,/feed/{user_id},111.100000,0.000000,470,740,1000,1200,1600,2200,2500,2600,2800,2800,2800,71667,53,23,60.82181506790642,1.9245839794166386,5923.322076996556,3127.247491872131
1781621255,400,GET,/feed/{user_id}?with_fof=true,36.200000,0.000000,790,1500,2300,2500,6700,7200,7800,8400,12000,12000,12000,35532,20,24,135.249303758818,2.016862010350451,16779.34509399347,3932.6896881684115
1781621255,400,POST,/likes,5.500000,0.000000,260,500,690,740,1400,1400,1700,1700,1700,1700,1700,3591,0,19,50.49951773682006,2.6718139997683465,5756.829542020569,180.79838485101644
1781621255,400,POST,/posts,7.700000,0.000000,310,600,730,880,1600,2300,2700,2800,2800,2800,2800,5387,0,20,44.44651007567894,3.3367309952154756,5304.13275299361,228.47837386300353
1781621255,400,GET,/timeline/{user_id},71.900000,0.100000,930,2300,4900,5300,6300,7000,7400,7800,8500,8500,8500,45139,31,24,112.43853588844526,1.912615989567712,12526.334424997913,2591.118567092758
1781621255,400,GET,/users/{user_id},25.500000,0.000000,460,810,1100,1200,1900,2200,2400,2500,3000,3000,3000,18056,11,24,61.74371131309875,1.6892309940885752,5713.545331993373,262.26982720425343
1781621255,400,,Aggregated,257.900000,0.100000,600,1100,1400,1900,4900,6300,7100,7500,8500,12000,12000,179372,115,23,87.94895481200079,1.6892309940885752,16779.34509399347,2717.4413007604307
1781621256,400,GET,/feed/{user_id},97.900000,0.000000,450,710,880,1100,1400,1700,2200,2400,2600,2600,2600,71798,55,23,61.66419973393158,1.9245839794166386,5923.322076996556,3126.4723947742277
1781621256,400,GET,/feed/{user_id}?with_fof=true,28.900000,0.000000,810,1700,5600,6400,7100,7500,7900,8400,12000,12000,12000,35611,21,24,142.84435759667863,2.016862010350451,16779.34509399347,3924.91463311898
1781621256,400,POST,/likes,5.000000,0.000000,350,540,740,1100,1400,1400,1700,1700,1700,1700,1700,3596,0,19,51.6308832382905,2.6718139997683465,5756.829542020569,180.80061179087875
1781621256,400,POST,/posts,7.400000,0.000000,370,600,740,930,1300,2200,2300,2500,2500,2500,2500,5396,0,20,45.271667930260186,3.3367309952154756,5304.13275299361,228.4792438843588
1781621256,400,GET,/timeline/{user_id},70.700000,0.100000,820,1500,4900,5400,6400,7000,7500,8100,8900,8900,8900,45217,32,24,114.11991229080796,1.912615989567712,12526.334424997913,2591.5931397483246
1781621256,400,GET,/users/{user_id},22.000000,0.000000,480,800,1000,1100,1400,2100,2400,2400,2600,2600,2600,18088,11,24,62.64006050062529,1.6892309940885752,5713.545331993373,262.2729986731535
1781621256,400,,Aggregated,231.900000,0.100000,590,940,1200,1500,5300,6600,7200,7600,10000,12000,12000,179706,119,23,90.3550281879141,1.6892309940885752,16779.34509399347,2715.8564210432596
1781621257,400,GET,/feed/{user_id},95.000000,0.000000,390,670,850,1000,1300,1600,2100,2300,2500,2500,2500,71953,59,23,62.309088736837296,1.9245839794166386,5923.322076996556,3125.764443456145
1781621257,400,GET,/feed/{user_id}?with_fof=true,30.200000,0.000000,840,2100,6400,6700,7400,7900,9700,11000,12000,12000,12000,35671,21,24,149.4001398339912,2.016862010350451,16779.34509399347,3918.592217767935
1781621257,400,POST,/likes,4.700000,0.000000,250,540,710,1000,1300,1400,1600,1700,1700,1700,1700,3608,0,19,52.16980543873897,2.6718139997683465,5756.829542020569,180.8029379157428
1781621257,400,POST,/posts,7.400000,0.000000,300,530,730,880,1300,2200,2300,2500,2500,2500,2500,5406,0,20,45.67790089320441,3.3367309952154756,5304.13275299361,228.480577136515
1781621257,400,GET,/timeline/{user_id},74.200000,0.100000,740,1200,2400,5500,6400,7100,7500,8100,8900,8900,8900,45305,33,24,115.47028554840267,1.912615989567712,12526.334424997913,2590.727469374241
1781621257,400,GET,/users/{user_id},21.700000,0.000000,450,770,960,1100,1400,1900,2300,2400,2500,2500,2500,18121,11,24,63.18518200707299,1.6892309940885752,5713.545331993373,262.27664036201094
1781621257,400,,Aggregated,233.200000,0.100000,540,880,1200,1400,5600,6700,7500,7900,12000,12000,12000,180064,124,23,92.32329399586776,1.6892309940885752,16779.34509399347,2714.0425515372312
1781621258,400,GET,/feed/{user_id},102.300000,0.100000,390,700,890,1000,1300,1600,2100,2300,2500,2500,2500,72089,64,23,62.949707583262054,1.9245839794166386,5923.322076996556,3126.751279668188
1781621258,400,GET,/feed/{user_id}?with_fof=true,33.600000,0.000000,920,2300,6500,6900,7600,9500,10000,11000,12000,12000,12000,35735,23,24,153.98500380132234,2.016862010350451,16779.34509399347,3912.2292710228066
1781621258,400,POST,/likes,5.100000,0.000000,250,560,740,1000,1300,1400,1600,1700,1700,1700,1700,3617,0,19,52.93436145007557,2.6718139997683465,5756.829542020569,180.80536356096212
1781621258,400,POST,/posts,8.000000,0.000000,240,530,750,890,1300,2200,2300,2500,2500,2500,2500,5421,0,20,46.15854311948564,3.3367309952154756,5304.13275299361,228.48238332410995
1781621258,400,GET,/timeline/{user_id},78.200000,0.100000,670,1100,1300,1600,6500,7200,7500,8200,9900,9900,9900,45413,34,24,117.546862045344,1.912615989567712,12526.334424997913,2590.1740690991564
1781621258,400,GET,/users/{user_id},23.600000,0.000000,400,760,960,1100,1400,1900,2300,2400,2500,2500,2500,18158,11,24,63.875278966639875,1.6892309940885752,5713.545331993373,262.2816940191651
1781621258,400,,Aggregated,250.800000,0.200000,520,880,1200,1300,4600,6900,7700,9300,12000,12000,12000,180433,132,23,94.10876940452661,1.6892309940885752,16779.34509399347,2712.8659834952587
1781621259,400,GET,/feed/{user_id},105.000000,0.300000,340,680,890,1000,1300,1600,2100,2300,2500,2500,2500,72234,64,24,63.618783250818566,1.9245839794166386,5923.322076996556,3125.9816568375004
1781621259,400,GET,/feed/{user_id}?with_fof=true,36.600000,0.100000,920,2400,6700,7000,7900,10000,11000,11000,12000,12000,12000,35797,23,24,159.08175933762624,2.016862010350451,16779.34509399347,3905.739698857446
1781621259,400,POST,/likes,5.500000,0.000000,270,650,740,1000,1300,1400,1600,1700,1700,1700,1700,3625,0,19,53.52991424081044,2.6718139997683465,5756.829542020569,180.80689655172415
1781621259,400,POST,/posts,8.200000,0.000000,170,530,710,820,1200,1600,2300,2500,2500,2500,2500,5436,0,20,46.871574273506376,3.3367309952154756,5304.13275299361,228.48344370860926
1781621259,400,GET,/timeline/{user_id},78.400000,0.300000,530,920,1200,1400,6100,7200,7800,8300,9900,9900,9900,45501,36,24,118.73096138850279,1.912615989567712,12526.334424997913,2589.852992241929
1781621259,400,GET,/users/{user_id},24.200000,0.000000,400,740,920,1000,1400,1900,2200,2400,2500,2500,2500,18202,11,24,64.69216564724543,1.6892309940885752,5713.545331993373,262.289034172069
1781621259,400,,Aggregated,257.900000,0.700000,450,800,1100,1300,2400,7100,8300,9900,12000,12000,12000,180795,134,23,95.79265476629101,1.6892309940885752,16779.34509399347,2710.962526618546
1781621260,400,GET,/feed/{user_id},109.800000,0.800000,300,660,860,1000,1400,1600,2100,2300,2500,2500,2500,72349,64,24,64.03132422648356,1.9245839794166386,5923.322076996556,3126.55193575585
1781621260,400,GET,/feed/{user_id}?with_fof=true,39.900000,0.300000,840,2400,6700,7200,9600,10000,11000,11000,12000,12000,12000,35866,23,24,164.75207689120705,2.016862010350451,16779.34509399347,3901.0604193386494
1781621260,400,POST,/likes,6.100000,0.000000,380,650,750,1000,1300,1400,1600,1700,1700,1700,1700,3631,0,19,53.86031087302396,2.6718139997683465,5756.829542020569,180.8074910492977
1781621260,400,POST,/posts,8.600000,0.000000,130,530,710,820,1200,1600,2300,2500,2500,2500,2500,5442,0,20,46.84464288033043,3.3367309952154756,5304.13275299361,228.48364571848586
1781621260,400,GET,/timeline/{user_id},77.800000,0.200000,390,800,1100,1300,2500,7000,8100,8800,9900,9900,9900,45577,36,24,119.75296124348432,1.912615989567712,12526.334424997913,2588.729710160827
1781621260,400,GET,/users/{user_id},24.600000,0.000000,320,720,840,1000,1400,1800,2200,2400,2500,2500,2500,18238,11,24,65.31713584127702,1.6892309940885752,5713.545331993373,262.2936177212414
1781621260,400,,Aggregated,266.800000,1.300000,400,770,1100,1300,2300,7100,9600,10000,12000,12000,12000,181103,134,23,97.41048044286332,1.6892309940885752,16779.34509399347,2709.9965434034775
1781621261,400,GET,/feed/{user_id},106.600000,1.100000,270,660,800,970,1300,1500,2100,2300,2500,2500,2500,72483,64,24,64.85082963668974,1.9245839794166386,5923.322076996556,3125.3942579639365
1781621261,400,GET,/feed/{user_id}?with_fof=true,43.200000,0.300000,900,5500,6900,7300,9700,10000,11000,11000,12000,12000,12000,35910,23,24,167.3335649752706,2.016862010350451,16779.34509399347,3898.117293233083
1781621261,400,POST,/likes,6.100000,0.000000,200,540,660,750,1100,1300,1400,1600,1600,1600,1600,3637,0,19,54.110903820164225,2.6718139997683465,5756.829542020569,180.8072587297223
1781621261,400,POST,/posts,8.600000,0.000000,110,520,590,750,1100,1600,2300,2500,2500,2500,2500,5451,0,20,47.26015092914417,3.3367309952154756,5304.13275299361,228.48486516235553
1781621261,400,GET,/timeline/{user_id},71.300000,0.400000,350,750,980,1100,1900,6100,8000,8900,9900,9900,9900,45644,36,24,120.62639417891127,1.912615989567712,12526.334424997913,2589.4264525457893
1781621261,400,GET,/users/{user_id},25.600000,0.000000,290,670,820,960,1400,1800,2200,2400,2500,2500,2500,18261,11,24,65.9803192504887,1.6892309940885752,5713.545331993373,262.2981216800832
1781621261,400,,Aggregated,261.400000,1.800000,370,760,1000,1200,2300,7100,9700,10000,12000,12000,12000,181386,134,24,98.54501002537155,1.6892309940885752,16779.34509399347,2709.1617765428423
1781621262,400,GET,/feed/{user_id},107.500000,1.100000,260,650,820,970,1300,1600,2100,2300,2500,2500,2500,72610,64,24,65.55364180986524,1.9245839794166386,5923.322076996556,3125.639195703071
1781621262,400,GET,/feed/{user_id}?with_fof=true,48.700000,0.300000,870,2200,6900,7300,9600,10000,11000,11000,12000,12000,12000,35965,23,24,169.564498414904,2.016862010350451,16779.34509399347,3898.981287362714
1781621262,400,POST,/likes,6.100000,0.000000,200,540,670,860,1100,1300,1400,2100,2100,2100,2100,3643,0,19,54.84864071615094,2.6718139997683465,5756.829542020569,180.80675267636562
1781621262,400,POST,/posts,8.800000,0.000000,110,520,710,750,1100,1700,2300,2500,2500,2500,2500,5459,0,20,47.70118519925686,3.3367309952154756,5304.13275299361,228.48452097453747
1781621262,400,GET,/timeline/{user_id},70.500000,0.500000,310,750,950,1100,1500,5800,8000,9100,9900,9900,9900,45708,36,24,121.3691260221238,1.912615989567712,12526.334424997913,2589.7039030366677
1781621262,400,GET,/users/{user_id},27.800000,0.000000,320,720,850,1000,1400,1900,2200,2400,2500,2500,2500,18289,11,24,66.74111638428232,1.6892309940885752,5713.545331993373,262.3032970638088
1781621262,400,,Aggregated,269.400000,1.900000,340,760,1000,1200,2200,7000,9700,10000,12000,12000,12000,181674,134,24,99.55535616108614,1.6892309940885752,16779.34509399347,2709.5398956372405
1781621263,400,GET,/feed/{user_id},111.500000,1.100000,240,610,790,910,1200,1400,1900,2100,2300,2300,2300,72752,64,24,66.31445974601729,1.9245839794166386,5923.322076996556,3126.312087640202
1781621263,400,GET,/feed/{user_id}?with_fof=true,53.200000,0.300000,780,1900,6700,7400,9600,10000,11000,11000,12000,12000,12000,36041,23,24,172.82263659549196,2.016862010350451,16779.34509399347,3899.214006270636
1781621263,400,POST,/likes,6.100000,0.000000,180,530,650,690,1000,1100,1300,2100,2100,2100,2100,3649,0,19,55.01835700738641,2.6718139997683465,5756.829542020569,180.80871471636064
1781621263,400,POST,/posts,9.000000,0.000000,76,470,590,750,1100,1700,2200,2200,2200,2200,2200,5475,0,20,48.76859261748938,3.3367309952154756,5304.13275299361,228.48657534246576
1781621263,400,GET,/timeline/{user_id},69.900000,0.500000,300,740,930,1000,1700,5400,8200,9200,9900,9900,9900,45806,36,24,122.79667689392879,1.912615989567712,12526.334424997913,2590.3046325808846
1781621263,400,GET,/users/{user_id},28.600000,0.000000,280,660,810,960,1300,1600,1900,2200,2200,2200,2200,18327,11,24,67.61542168304163,1.6892309940885752,5713.545331993373,262.3088339608228
1781621263,400,,Aggregated,278.300000,1.900000,310,740,940,1100,1900,7000,9700,10000,12000,12000,12000,182050,134,24,100.9886990676695,1.6892309940885752,16779.34509399347,2709.9510683878057
1781621264,400,GET,/feed/{user_id},113.500000,1.100000,220,580,750,830,1100,1400,1700,2000,2300,2300,2300,72934,64,24,66.97745019302839,1.9245839794166386,5923.322076996556,3125.649244522445
1781621264,400,GET,/feed/{user_id}?with_fof=true,53.400000,0.300000,620,1200,6400,7300,9700,10000,11000,11000,15000,15000,15000,36154,23,24,178.01463510472166,2.016862010350451,16779.34509399347,3900.9133982408584
1781621264,400,POST,/likes,6.000000,0.000000,120,500,600,660,1000,1100,1300,2100,2100,2100,2100,3658,0,19,55.42005433816439,2.6718139997683465,5756.829542020569,180.80945872061235
1781621264,400,POST,/posts,8.900000,0.000000,43,370,530,590,840,1100,1700,2000,2100,2100,2100,5487,0,20,48.95533708487424,3.3367309952154756,5304.13275299361,228.48769819573536
1781621264,400,GET,/timeline/{user_id},70.000000,0.500000,250,640,820,930,1300,4800,7400,9200,10000,10000,10000,45927,36,24,123.70954291515572,1.912615989567712,12526.334424997913,2592.0256711738193
1781621264,400,GET,/users/{user_id},28.700000,0.000000,280,590,770,850,1200,1400,1800,2200,2600,2600,2600,18373,11,24,68.47692170354759,1.6892309940885752,5713.545331993373,262.31219724595877
1781621264,400,,Aggregated,280.500000,1.900000,260,670,830,970,1500,6900,9700,10000,12000,15000,15000,182533,134,24,102.62228541267365,1.6892309940885752,16779.34509399347,2710.623629699835
1781621265,400,GET,/feed/{user_id},122.400000,1.100000,200,460,700,770,1000,1300,1700,2000,2300,2300,2300,73128,64,24,67.56887910744922,1.9245839794166386,5923.322076996556,3125.73855431572
1781621265,400,GET,/feed/{user_id}?with_fof=true,58.600000,0.300000,460,930,2100,7200,9700,10000,11000,11000,15000,15000,15000,36252,23,24,183.2387070295977,2.016862010350451,16779.34509399347,3905.422955974843
1781621265,400,POST,/likes,6.300000,0.000000,81,270,520,600,860,1000,1100,2100,2100,2100,2100,3668,0,19,55.896909979553286,2.6718139997683465,5756.829542020569,180.81188658669575
1781621265,400,POST,/posts,9.900000,0.000000,54,390,530,580,750,890,1700,2000,2100,2100,2100,5508,0,20,49.95944104534343,3.3367309952154756,5304.13275299361,228.49110384894698
1781621265,400,GET,/timeline/{user_id},74.300000,0.500000,210,550,760,850,1200,2300,7000,9200,10000,10000,10000,46045,36,24,124.35093772012242,1.912615989567712,12526.334424997913,2591.9082419372353
1781621265,400,GET,/users/{user_id},31.200000,0.000000,240,470,740,810,1100,1400,1800,2200,2600,2600,2600,18411,11,24,69.01971346050333,1.6892309940885752,5713.545331993373,262.3152463201347
1781621265,400,,Aggregated,302.700000,1.900000,220,570,760,860,1400,6400,9700,10000,12000,15000,15000,183012,134,24,104.14953083695845,1.6892309940885752,16779.34509399347,2711.5929556531814
1781621266,400,GET,/feed/{user_id},129.500000,1.100000,190,410,680,750,990,1300,1700,2000,2300,2300,2300,73344,64,24,68.16883512231688,1.9245839794166386,5923.322076996556,3123.9474940008727
1781621266,400,GET,/feed/{user_id}?with_fof=true,64.400000,0.300000,330,810,1200,2200,9700,10000,11000,11000,15000,15000,15000,36358,23,24,186.6061461813557,2.016862010350451,16779.34509399347,3904.5028879476317
1781621266,400,POST,/likes,6.700000,0.000000,22,240,490,570,700,1000,1100,2100,2100,2100,2100,3680,0,19,56.1738837491683,2.6718139997683465,5756.829542020569,180.8141304347826
1781621266,400,POST,/posts,10.700000,0.000000,54,300,520,590,770,890,1700,2000,2100,2100,2100,5521,0,20,50.323631978769036,3.3367309952154756,5304.13275299361,228.49193986596632
1781621266,400,GET,/timeline/{user_id},80.900000,0.500000,190,430,710,790,1100,2000,6900,9100,10000,10000,10000,46164,36,24,124.90241429187206,1.912615989567712,12526.334424997913,2590.752707737631
1781621266,400,GET,/users/{user_id},32.400000,0.000000,240,470,730,780,1100,1400,1700,2200,2600,2600,2600,18465,11,24,69.68492517570783,1.6892309940885752,5713.545331993373,262.3208773354996
1781621266,400,,Aggregated,324.600000,1.900000,210,500,730,820,1200,2200,9700,10000,14000,15000,15000,183532,134,24,105.27692809517616,1.6892309940885752,16779.34509399347,2710.4422335069635
1781621267,400,GET,/feed/{user_id},139.300000,1.100000,170,360,640,720,970,1200,1700,1900,2300,2300,2300,73546,67,24,68.64411658267244,1.9245839794166386,5923.322076996556,3123.0115573926523
1781621267,400,GET,/feed/{user_id}?with_fof=true,68.500000,0.300000,290,740,1100,2000,9600,10000,11000,13000,16000,16000,16000,36500,23,24,193.70548722538857,2.016862010350451,16779.34509399347,3912.2371506849313
1781621267,400,POST,/likes,7.300000,0.000000,37,250,510,570,660,860,1100,2100,2100,2100,2100,3688,0,19,56.7393959969913,2.6718139997683465,5756.829542020569,180.81534707158352
1781621267,400,POST,/posts,11.200000,0.000000,49,220,510,570,730,820,1700,2000,2100,2100,2100,5544,0,20,50.69224104559858,3.3367309952154756,5304.13275299361,228.49386724386724
1781621267,400,GET,/timeline/{user_id},87.500000,0.500000,180,370,680,760,1000,1900,6700,9200,10000,10000,10000,46313,36,24,125.95952810202454,1.912615989567712,12526.334424997913,2589.0245071578174
1781621267,400,GET,/users/{user_id},34.800000,0.000000,230,450,700,760,1000,1400,1700,2200,2600,2600,2600,18521,11,24,70.47355171196989,1.6892309940885752,5713.545331993373,262.3264402570056
1781621267,400,,Aggregated,348.600000,1.900000,190,430,690,780,1200,2200,9700,10000,14000,16000,16000,184112,137,24,107.25996912181661,1.6892309940885752,16779.34509399347,2711.280747588424
1781621268,400,GET,/feed/{user_id},149.600000,1.000000,160,340,580,690,950,1200,1600,1900,2300,2300,2300,73785,75,24,69.34020941225533,1.9245839794166386,5923.322076996556,3123.772609608999
1781621268,400,GET,/feed/{user_id}?with_fof=true,72.500000,0.300000,260,650,1000,1500,9400,10000,11000,14000,16000,16000,16000,36659,25,24,200.19964514166873,2.016862010350451,16779.34509399347,3914.9923347609047
1781621268,400,POST,/likes,7.900000,0.000000,11,230,510,560,660,860,1100,2100,2100,2100,2100,3696,0,19,56.842768628225066,2.6718139997683465,5756.829542020569,180.81628787878788
1781621268,400,POST,/posts,12.300000,0.000000,41,170,410,510,710,810,1700,2000,2100,2100,2100,5563,0,20,51.11745009451684,3.3367309952154756,5304.13275299361,228.49523638324644
1781621268,400,GET,/timeline/{user_id},92.500000,0.500000,170,360,610,730,990,1500,5100,9100,10000,10000,10000,46463,36,24,126.70331283374468,1.912615989567712,12526.334424997913,2588.5131179648324
1781621268,400,GET,/users/{user_id},36.500000,0.000000,210,440,650,740,1100,1400,1700,2200,2600,2600,2600,18578,11,24,71.22046810110547,1.6892309940885752,5713.545331993373,262.3329206588438
1781621268,400,,Aggregated,371.300000,1.800000,180,410,640,750,1100,2100,9700,10000,15000,16000,16000,184744,147,24,109.12394053952411,1.6892309940885752,16779.34509399347,2712.349997834842
1781621269,400,GET,/feed/{user_id},157.200000,0.800000,140,320,510,640,930,1200,1600,1700,2300,2300,2300,74073,84,24,70.10325896132211,1.9245839794166386,5923.322076996556,3124.5504299812346
1781621269,400,GET,/feed/{user_id}?with_fof=true,78.700000,0.200000,260,580,940,1300,9200,11000,13000,14000,17000,17000,17000,36806,28,24,207.79720220214895,2.016862010350451,16779.34509399347,3920.3527685703416
1781621269,400,POST,/likes,8.200000,0.000000,6,120,390,510,580,700,1100,2100,2100,2100,2100,3711,0,19,56.93997387061931,2.6718139997683465,5756.829542020569,180.81891673403396
1781621269,400,POST,/posts,12.600000,0.000000,37,190,390,480,610,810,1700,2000,2100,2100,2100,5589,0,20,51.563248272283815,3.3367309952154756,5304.13275299361,228.49651100375738
1781621269,400,GET,/timeline/{user_id},98.500000,0.300000,160,330,540,690,960,1300,2500,7300,10000,10000,10000,46645,39,24,127.45031193577535,1.912615989567712,12526.334424997913,2589.291521063351
1781621269,400,GET,/users/{user_id},39.200000,0.000000,180,380,530,700,1000,1300,1700,1900,2600,2600,2600,18650,11,24,71.89937156199848,1.6892309940885752,5713.545331993373,262.33689008042893
1781621269,400,,Aggregated,394.400000,1.300000,160,370,570,710,1100,2000,9600,11000,15000,17000,17000,185474,162,24,111.20845424586352,1.6892309940885752,16779.34509399347,2713.8871216450825
1781621270,400,GET,/feed/{user_id},162.800000,0.600000,130,290,420,550,830,1000,1400,1700,2300,2300,2300,74408,95,24,70.66449669134971,1.9245839794166386,5923.322076996556,3125.5603832921192
1781621270,400,GET,/feed/{user_id}?with_fof=true,88.400000,0.200000,230,480,810,1100,9400,11000,14000,15000,16000,17000,17000,37026,30,24,216.49559240442707,2.016862010350451,16779.34509399347,3927.559444714525
1781621270,400,POST,/likes,7.800000,0.000000,7,89,240,320,570,660,860,2100,2100,2100,2100,3731,0,19,57.03156266815436,2.6718139997683465,5756.829542020569,180.82015545430178
1781621270,400,POST,/posts,14.100000,0.000000,13,170,320,400,600,730,970,2000,2100,2100,2100,5617,0,20,51.673148108575354,3.3367309952154756,5304.13275299361,228.4963503649635
1781621270,400,GET,/timeline/{user_id},101.500000,0.300000,150,300,460,620,910,1200,2100,6700,10000,10000,10000,46883,46,24,128.14421174247445,1.912615989567712,12526.334424997913,2588.0173623701553
1781621270,400,GET,/users/{user_id},41.000000,0.000000,150,310,470,620,910,1100,1500,1900,2600,2600,2600,18737,15,24,72.4892128075588,1.6892309940885752,5713.545331993373,262.2876127448364
1781621270,400,,Aggregated,415.600000,1.100000,150,310,490,640,990,1700,9700,11000,16000,17000,17000,186402,186,24,113.4269909492092,1.6892309940885752,16779.34509399347,2715.609907619017
1781621271,400,GET,/feed/{user_id},175.700000,1.100000,96,260,380,470,720,980,1300,1700,2200,2300,2300,74855,113,24,71.00962368033052,1.9245839794166386,5923.322076996556,3126.4671832208937
1781621271,400,GET,/feed/{user_id}?with_fof=true,97.100000,0.200000,180,410,660,960,9200,11000,13000,14000,16000,17000,17000,37256,47,24,223.01480287758554,2.016862010350451,16779.34509399347,3930.222407129053
1781621271,400,POST,/likes,8.400000,0.000000,7,33,130,240,530,610,780,860,2100,2100,2100,3757,0,19,56.761342853850046,2.6718139997683465,5756.829542020569,180.8179398456215
1781621271,400,POST,/posts,15.100000,0.000000,11,120,230,330,530,690,810,2000,2100,2100,2100,5652,0,20,51.60177998139696,3.3367309952154756,5304.13275299361,228.49646142958244
1781621271,400,GET,/timeline/{user_id},110.600000,0.200000,120,280,390,500,790,1100,2000,4300,10000,10000,10000,47187,54,24,128.3068204190394,1.912615989567712,12526.334424997913,2587.4882700743847
1781621271,400,GET,/users/{user_id},43.400000,0.000000,100,290,410,510,810,1100,1400,1700,2600,2600,2600,18877,21,24,73.06211086323782,1.6892309940885752,5713.545331993373,262.21873179000903
1781621271,400,,Aggregated,450.300000,1.500000,110,280,420,530,870,1500,9700,11000,15000,17000,17000,187584,235,24,114.94891837274801,1.6892309940885752,16779.34509399347,2715.9703066359602
1781621272,400,GET,/feed/{user_id},194.500000,2.600000,62,210,320,390,630,820,1100,1200,2000,2100,2100,75387,122,24,71.16813522540973,1.9245839794166386,5923.322076996556,3125.7412020640163
1781621272,400,GET,/feed/{user_id}?with_fof=true,107.900000,0.600000,120,350,510,680,8000,11000,13000,14000,16000,17000,17000,37533,50,24,224.46574362029403,2.016862010350451,16779.34509399347,3929.476620573895
1781621272,400,POST,/likes,9.200000,0.000000,8,23,77,130,490,570,660,700,780,780,780,3784,0,18,56.540275504732605,2.6718139997683465,5756.829542020569,180.8176532769556
1781621272,400,POST,/posts,16.800000,0.000000,9,54,140,230,460,560,690,730,780,780,780,5690,0,20,51.39786853299616,3.3367309952154756,5304.13275299361,228.49666080843585
1781621272,400,GET,/timeline/{user_id},121.300000,0.700000,83,240,340,410,710,970,1300,3900,10000,10000,10000,47496,64,24,128.51465076874413,1.912615989567712,12526.334424997913,2586.8313542193027
1781621272,400,GET,/users/{user_id},46.800000,0.100000,53,220,330,410,700,860,1100,1300,2600,2600,2600,19014,26,24,73.12254167625981,1.6892309940885752,5713.545331993373,262.1586725570632
1781621272,400,,Aggregated,496.500000,4.000000,70,240,350,430,730,1100,9000,11000,15000,17000,17000,188904,262,24,115.35335990950675,1.6892309940885752,16779.34509399347,2715.445332020497
1781621273,400,GET,/feed/{user_id},218.200000,4.000000,27,180,270,330,540,720,1000,1200,1500,1600,1600,75931,127,24,71.19498698048434,1.9245839794166386,5923.322076996556,3124.298837102106
1781621273,400,GET,/feed/{user_id}?with_fof=true,125.200000,1.700000,63,260,380,500,3000,10000,13000,14000,16000,17000,17000,37853,55,24,224.44576448321558,2.016862010350451,16779.34509399347,3925.405066969593
1781621273,400,POST,/likes,10.700000,0.000000,7,12,35,77,310,570,610,700,780,780,780,3807,0,18,56.249487900662224,2.6718139997683465,5756.829542020569,180.8187549251379
1781621273,400,POST,/posts,19.100000,0.000000,11,25,100,170,400,530,690,730,780,780,780,5731,0,20,51.12900282582333,3.3367309952154756,5304.13275299361,228.49572500436224
1781621273,400,GET,/timeline/{user_id},142.600000,1.400000,33,200,290,350,570,790,1100,1500,7900,10000,10000,47858,66,24,128.2418279814959,1.912615989567712,12526.334424997913,2588.3445400977894
1781621273,400,GET,/users/{user_id},55.800000,0.700000,26,180,280,340,600,820,1100,1200,1700,1700,1700,19150,26,24,73.14853774179862,1.6892309940885752,5713.545331993373,262.16548302872064
1781621273,400,,Aggregated,571.600000,7.800000,28,200,290,360,610,950,7500,10000,15000,17000,17000,190330,274,24,115.31133345412951,1.6892309940885752,16779.34509399347,2714.8155361740137
1781621274,400,GET,/feed/{user_id},259.100000,5.500000,19,120,210,270,450,640,960,1100,1400,1500,1500,76611,127,24,70.94373541276312,1.9245839794166386,5923.322076996556,3124.3573116132147
1781621274,400,GET,/feed/{user_id}?with_fof=true,146.700000,2.600000,29,200,310,390,1000,10000,13000,14000,16000,17000,17000,38189,55,24,223.8572014652386,2.016862010350451,16779.34509399347,3927.6559480478672
1781621274,400,POST,/likes,13.200000,0.000000,8,14,19,33,220,480,570,610,780,780,780,3843,0,18,55.84988330335394,2.6718139997683465,5756.829542020569,180.81863127764768
1781621274,400,POST,/posts,21.900000,0.000000,11,19,42,120,330,510,600,720,780,780,780,5769,0,20,50.883620600923585,3.3367309952154756,5304.13275299361,228.49488646212515
1781621274,400,GET,/timeline/{user_id},167.000000,2.400000,21,150,240,300,490,750,1100,1500,7300,10000,10000,48278,66,24,127.69847418331689,1.912615989567712,12526.334424997913,2588.586291892788
1781621274,400,GET,/users/{user_id},68.000000,1.300000,21,120,230,290,490,740,1000,1100,1700,1700,1700,19315,26,24,72.98703687551355,1.6892309940885752,5713.545331993373,262.17188713435155
1781621274,400,,Aggregated,675.900000,11.800000,19,130,230,290,510,810,2800,10000,15000,17000,17000,192005,274,24,114.92879582884362,1.6892309940885752,16779.34509399347,2715.565131116377
1781621275,400,GET,/feed/{user_id},295.500000,6.300000,22,58,150,210,370,560,870,1100,1400,1500,1500,77285,127,24,70.59741859124891,1.9245839794166386,5923.322076996556,3125.259765801902
1781621275,400,GET,/feed/{user_id}?with_fof=true,168.500000,3.200000,26,110,240,320,680,8800,12000,14000,16000,17000,17000,38532,55,24,222.29676275170957,2.016862010350451,16779.34509399347,3928.1463199418663
1781621275,400,POST,/likes,14.900000,0.000000,10,16,23,31,100,310,570,580,780,780,780,3877,0,18,55.563376843656044,2.6718139997683465,5756.829542020569,180.82073768377612
1781621275,400,POST,/posts,23.800000,0.000000,12,19,32,48,220,390,520,600,780,780,780,5798,0,20,50.7749574661478,3.3367309952154756,5304.13275299361,228.4944808554674
1781621275,400,GET,/timeline/{user_id},191.500000,3.000000,24,82,180,250,410,660,1000,1200,7300,10000,10000,48716,66,24,126.86054635157438,1.912615989567712,12526.334424997913,2587.3569258559814
1781621275,400,GET,/users/{user_id},76.500000,1.500000,22,54,160,230,400,650,920,1100,1500,1700,1700,19476,26,24,72.6433753206772,1.6892309940885752,5713.545331993373,262.1749845964264
1781621275,400,,Aggregated,770.700000,14.000000,22,63,170,230,420,690,1300,9600,15000,16000,17000,193684,274,24,114.23975923356383,1.6892309940885752,16779.34509399347,2716.1391131946884
1781621276,400,GET,/feed/{user_id},338.600000,6.300000,23,42,84,150,320,490,700,980,1400,1500,1500,77945,127,24,70.27589727470274,1.9245839794166386,5923.322076996556,3125.8618128167295
1781621276,400,GET,/feed/{user_id}?with_fof=true,191.700000,3.200000,25,58,160,250,500,5100,11000,13000,16000,17000,17000,38871,55,24,220.72018589046283,2.016862010350451,16779.34509399347,3925.0827352010497
1781621276,400,POST,/likes,17.100000,0.000000,12,20,27,33,49,160,310,510,580,580,580,3910,0,18,55.33322452858854,2.6718139997683465,5756.829542020569,180.82020460358055
1781621276,400,POST,/posts,27.000000,0.000000,14,23,32,39,140,320,480,520,600,600,600,5851,0,20,50.56107742243833,3.3367309952154756,5304.13275299361,228.49410357203897
1781621276,400,GET,/timeline/{user_id},220.500000,3.000000,25,50,110,180,350,510,890,1100,7300,7900,7900,49149,66,24,126.03841019777215,1.912615989567712,12526.334424997913,2587.528596716108
1781621276,400,GET,/users/{user_id},88.600000,1.500000,23,42,82,150,310,490,810,1000,1400,1700,1700,19665,26,24,72.25941982813913,1.6892309940885752,5713.545331993373,262.1798118484617
1781621276,400,,Aggregated,883.500000,14.000000,23,44,98,170,350,550,1000,6800,14000,16000,17000,195391,274,24,113.54206818359447,1.6892309940885752,16779.34509399347,2715.536155708298
1781621277,400,GET,/feed/{user_id},391.800000,6.300000,22,37,59,93,260,400,620,870,1200,1500,1500,78670,127,24,69.88831069925945,1.9245839794166386,5923.322076996556,3125.842150756324
1781621277,400,GET,/feed/{user_id}?with_fof=true,214.500000,3.200000,23,41,83,160,380,880,11000,13000,16000,17000,17000,39228,55,24,218.9650035799225,2.016862010350451,16779.34509399347,3927.32471703885
1781621277,400,POST,/likes,19.600000,0.000000,14,20,24,28,45,92,230,310,510,510,510,3946,0,18,55.007386523279685,2.6718139997683465,5756.829542020569,180.81779016725798
1781621277,400,POST,/posts,29.000000,0.000000,16,24,30,33,58,200,370,440,540,540,540,5893,0,20,50.374253677352534,3.3367309952154756,5304.13275299361,228.4921092821992
1781621277,400,GET,/timeline/{user_id},251.600000,3.000000,23,38,69,120,300,430,750,1000,6400,7900,7900,49570,66,24,125.20803245364853,1.912615989567712,12526.334424997913,2586.6978212628605
1781621277,400,GET,/users/{user_id},100.500000,1.500000,22,36,54,93,280,400,670,860,1300,1400,1400,19840,26,24,71.84333623239024,1.6892309940885752,5713.545331993373,262.1861391129032
1781621277,400,,Aggregated,1007.000000,14.000000,22,36,59,100,290,450,830,1400,14000,16000,17000,197147,274,24,112.77636051709179,1.6892309940885752,16779.34509399347,2716.0215017220653
1781621278,400,GET,/feed/{user_id},437.900000,6.300000,23,36,49,66,210,340,520,700,1200,1500,1500,79325,127,24,69.57995122860181,1.9245839794166386,5923.322076996556,3127.3561550583045
1781621278,400,GET,/feed/{user_id}?with_fof=true,239.100000,3.200000,24,38,56,89,290,530,10000,12000,15000,16000,16000,39579,55,24,217.3752353615582,2.016862010350451,16779.34509399347,3926.53932641047
1781621278,400,POST,/likes,21.700000,0.000000,16,22,27,31,45,63,210,240,310,310,310,3973,0,18,54.81669345249332,2.6718139997683465,5756.829542020569,180.816008054367
1781621278,400,POST,/posts,30.900000,0.000000,18,25,31,33,50,130,240,250,390,390,390,5930,0,20,50.23866788728864,3.3367309952154756,5304.13275299361,228.49106239460372
1781621278,400,GET,/timeline/{user_id},282.800000,3.000000,24,37,52,73,240,360,560,840,6200,7900,7900,50022,66,24,124.40681624825945,1.912615989567712,12526.334424997913,2587.9988205189716
1781621278,400,GET,/users/{user_id},112.600000,1.500000,24,35,46,60,220,340,580,760,1200,1300,1300,20019,26,24,71.49176318405814,1.6892309940885752,5713.545331993373,262.1838253659024
1781621278,400,,Aggregated,1125.000000,14.000000,23,36,49,67,230,370,620,1000,13000,16000,16000,198848,274,24,112.11024231973222,1.6892309940885752,16779.34509399347,2716.9742516897327
1781621279,400,GET,/feed/{user_id},487.000000,6.300000,24,36,45,54,130,260,410,530,870,1100,1100,80006,127,24,69.28931561774161,1.9245839794166386,5923.322076996556,3128.316313776467
1781621279,400,GET,/feed/{user_id}?with_fof=true,261.000000,3.200000,24,37,49,60,210,390,870,10000,14000,16000,16000,39915,55,24,215.85500911494734,2.016862010350451,16779.34509399347,3929.0834773894526
1781621279,400,POST,/likes,24.200000,0.000000,18,24,29,34,44,54,92,210,230,230,230,4009,0,19,54.61457805207078,2.6718139997683465,5756.829542020569,180.81666250935396
1781621279,400,POST,/posts,34.300000,0.000000,19,25,31,34,45,58,140,170,250,250,250,5968,0,20,50.11576154686251,3.3367309952154756,5304.13275299361,228.48894101876675
1781621279,400,GET,/timeline/{user_id},309.500000,3.000000,24,36,48,58,170,310,450,610,3900,6400,6400,50450,66,24,123.63556570222846,1.912615989567712,12526.334424997913,2587.889613478692
1781621279,400,GET,/users/{user_id},124.900000,1.500000,25,36,44,54,140,290,440,600,840,860,860,20203,26,24,71.17417349056922,1.6892309940885752,5713.545331993373,262.1891798247785
1781621279,400,,Aggregated,1240.900000,14.000000,24,35,45,55,140,300,470,650,12000,14000,16000,200551,274,24,111.45693862990322,1.6892309940885752,16779.34509399347,2717.8024392797843
1781621280,400,GET,/feed/{user_id},532.900000,6.000000,24,34,42,49,87,200,330,410,590,650,650,80662,127,24,68.95650659570727,1.9245839794166386,5923.322076996556,3128.507376459795
1781621280,400,GET,/feed/{user_id}?with_fof=true,281.200000,3.000000,24,34,44,52,110,280,500,1000,13000,13000,13000,40249,55,24,214.34954424507174,2.016862010350451,16779.34509399347,3927.190340132674
1781621280,400,POST,/likes,26.500000,0.000000,20,25,29,34,42,49,61,63,210,210,210,4046,0,19,54.334082389994464,2.6718139997683465,5756.829542020569,180.8180919426594
1781621280,400,POST,/posts,35.000000,0.000000,20,26,31,33,41,52,87,120,190,190,190,6011,0,20,49.943904036905195,3.3367309952154756,5304.13275299361,228.48910331059724
1781621280,400,GET,/timeline/{user_id},339.700000,3.000000,24,35,43,51,110,240,360,440,3900,6400,6400,50904,66,24,122.81071585732477,1.912615989567712,12526.334424997913,2588.2061724029545
1781621280,400,GET,/users/{user_id},138.000000,1.500000,25,35,41,48,94,210,330,400,670,740,740,20379,26,24,70.83503541914278,1.6892309940885752,5713.545331993373,262.19647676529763
1781621280,400,,Aggregated,1353.300000,13.500000,24,34,42,49,93,220,370,460,9200,13000,13000,202251,274,24,110.77659399788574,1.6892309940885752,16779.34509399347,2717.4922892841073
1781621281,400,GET,/feed/{user_id},573.500000,5.200000,25,34,41,47,71,130,240,310,490,590,590,81303,127,24,68.67186210893763,1.9245839794166386,5923.322076996556,3131.3078361192083
1781621281,400,GET,/feed/{user_id}?with_fof=true,300.400000,3.000000,25,35,43,50,83,210,390,580,10000,12000,12000,40573,55,24,212.971906662743,2.016862010350451,16779.34509399347,3921.9143765558374
1781621281,400,POST,/likes,28.300000,0.000000,21,27,30,35,43,49,60,63,210,210,210,4085,0,19,54.088576221056314,2.6718139997683465,5756.829542020569,180.81591187270502
1781621281,400,POST,/posts,36.400000,0.000000,22,28,33,36,44,50,78,91,190,190,190,6055,0,20,49.80868081464936,3.3367309952154756,5304.13275299361,228.48901734104047
1781621281,400,GET,/timeline/{user_id},366.200000,2.900000,25,34,42,49,74,150,280,350,2700,6400,6400,51319,66,24,122.10268879454333,1.912615989567712,12526.334424997913,2586.2285118572067
1781621281,400,GET,/users/{user_id},148.800000,1.500000,26,35,41,47,72,120,260,310,440,470,470,20551,26,24,70.5233565516348,1.6892309940885752,5713.545331993373,262.19989294924824
1781621281,400,,Aggregated,1453.600000,12.600000,25,34,41,47,72,140,280,360,3900,11000,12000,203886,274,24,110.17036165801383,1.6892309940885752,16779.34509399347,2716.919347086117
1781621282,400,GET,/feed/{user_id},606.100000,3.700000,26,35,41,46,64,91,140,220,330,410,410,81948,127,24,68.44115233005269,1.9245839794166386,5923.322076996556,3132.13613511007
1781621282,400,GET,/feed/{user_id}?with_fof=true,315.800000,2.600000,26,35,43,49,69,110,240,480,5600,7100,7100,40918,55,25,211.56664748161293,2.016862010350451,16779.34509399347,3924.9479935480717
1781621282,400,POST,/likes,30.500000,0.000000,22,27,32,34,42,48,58,62,81,81,81,4112,0,19,53.8979152809054,2.6718139997683465,5756.829542020569,180.81517509727627
1781621282,400,POST,/posts,38.400000,0.000000,25,31,35,37,45,54,69,80,92,92,92,6119,0,21,49.65817349102798,3.3367309952154756,5304.13275299361,228.49207386827914
1781621282,400,GET,/timeline/{user_id},390.200000,2.300000,26,35,42,48,66,110,240,290,570,3900,3900,51759,66,24,121.46796409967438,1.912615989567712,12526.334424997913,2588.831159798296
1781621282,400,GET,/users/{user_id},159.400000,1.400000,27,35,42,46,64,99,160,250,340,350,350,20694,26,24,70.34676141299916,1.6892309940885752,5713.545331993373,262.2071614960858
1781621282,400,,Aggregated,1540.400000,10.000000,26,35,41,46,64,97,180,270,860,6200,7100,205550,274,24,109.62686674063725,1.6892309940885752,16779.34509399347,2718.737027487229
1781621283,400,GET,/feed/{user_id},631.600000,2.300000,27,36,42,47,63,83,120,130,200,230,230,82602,127,24,68.23190392624757,1.9245839794166386,5923.322076996556,3133.664293842764
1781621283,400,GET,/feed/{user_id}?with_fof=true,324.300000,1.500000,27,36,44,49,65,89,130,460,2900,6200,6200,41275,55,25,210.1016461816815,2.016862010350451,16779.34509399347,3925.0076075105994
1781621283,400,POST,/likes,31.900000,0.000000,23,29,34,37,45,54,62,71,94,94,94,4141,0,19,53.783968278474575,2.6718139997683465,5756.829542020569,180.81502052644288
1781621283,400,POST,/posts,39.400000,0.000000,26,33,36,40,46,57,74,82,110,110,110,6174,0,21,49.48785077833809,3.3367309952154756,5304.13275299361,228.4920634920635
1781621283,400,GET,/timeline/{user_id},405.600000,1.600000,28,36,43,48,63,85,130,190,390,570,570,52194,66,24,120.80002213027596,1.912615989567712,12526.334424997913,2589.706134804767
1781621283,400,GET,/users/{user_id},164.500000,0.800000,28,36,42,47,62,86,120,140,200,230,230,20859,26,24,70.12003380254124,1.6892309940885752,5713.545331993373,262.2097895392876
1781621283,400,,Aggregated,1597.300000,6.200000,27,36,42,47,63,84,120,150,670,5900,6200,207245,274,24,109.06880608828223,1.6892309940885752,16779.34509399347,2719.7165094453426
1781621284,400,GET,/feed/{user_id},646.800000,0.800000,27,36,43,47,64,83,110,130,170,200,200,83277,127,24,67.98314491594334,1.9245839794166386,5923.322076996556,3133.900872990141
1781621284,400,GET,/feed/{user_id}?with_fof=true,333.000000,0.600000,26,36,43,49,65,87,120,190,830,940,940,41596,55,25,208.78960790765916,2.016862010350451,16779.34509399347,3927.057385325512
1781621284,400,POST,/likes,32.300000,0.000000,23,29,34,38,46,58,71,88,110,110,110,4166,0,19,53.658262961640226,2.6718139997683465,5756.829542020569,180.8132501200192
1781621284,400,POST,/posts,40.400000,0.000000,26,33,36,40,47,61,78,86,140,140,140,6215,0,21,49.38724862082134,3.3367309952154756,5304.13275299361,228.49251810136766
1781621284,400,GET,/timeline/{user_id},415.500000,0.600000,27,36,43,48,64,82,130,190,390,570,570,52605,66,24,120.14442348916894,1.912615989567712,12526.334424997913,2590.130633970155
1781621284,400,GET,/users/{user_id},166.800000,0.200000,27,36,43,48,65,86,120,140,190,200,200,21027,26,24,69.86632398826214,1.6892309940885752,5713.545331993373,262.21177533647216
1781621284,400,,Aggregated,1634.800000,2.200000,27,36,42,47,63,83,120,140,570,870,940,208886,274,24,108.50896448549662,1.6892309940885752,16779.34509399347,2720.4907940216194
1781621285,400,GET,/feed/{user_id},658.400000,0.000000,27,36,43,48,64,82,110,130,170,200,200,83968,127,24,67.65930144688039,1.9245839794166386,5923.322076996556,3134.825862233232
1781621285,400,GET,/feed/{user_id}?with_fof=true,336.600000,0.000000,27,36,44,49,64,85,120,150,830,940,940,41942,55,25,207.3124927049664,2.016862010350451,16779.34509399347,3928.8991702827716
1781621285,400,POST,/likes,32.800000,0.000000,24,30,35,39,46,58,71,88,110,110,110,4194,0,19,53.457736945427946,2.6718139997683465,5756.829542020569,180.8140200286123
1781621285,400,POST,/posts,43.200000,0.000000,26,33,37,40,47,61,78,86,140,140,140,6264,0,21,49.186349017943854,3.3367309952154756,5304.13275299361,228.49090038314176
1781621285,400,GET,/timeline/{user_id},425.100000,0.000000,28,36,43,48,63,82,130,180,390,570,570,53068,66,24,119.34941064111588,1.912615989567712,12526.334424997913,2589.277530715309
1781621285,400,GET,/users/{user_id},166.300000,0.000000,28,36,43,47,63,86,120,140,190,200,200,21201,26,24,69.53465615887751,1.6892309940885752,5713.545331993373,262.2170180651856
1781621285,400,,Aggregated,1662.400000,0.000000,27,36,43,47,63,82,120,140,540,870,940,210637,274,24,107.84648756414089,1.6892309940885752,16779.34509399347,2721.1154308122505
1781621286,400,GET,/feed/{user_id},664.800000,0.000000,27,36,43,47,62,81,110,130,170,200,200,84688,127,24,67.32766853948036,1.9245839794166386,5923.322076996556,3134.2372591158132
1781621286,400,GET,/feed/{user_id}?with_fof=true,338.900000,0.000000,27,36,43,48,63,82,110,150,830,940,940,42288,55,25,205.88554497445125,2.016862010350451,16779.34509399347,3929.2741912599317
1781621286,400,POST,/likes,32.700000,0.000000,24,30,34,38,46,59,73,94,110,110,110,4226,0,19,53.237069192185935,2.6718139997683465,5756.829542020569,180.81424514907715
1781621286,400,POST,/posts,43.800000,0.000000,25,32,36,40,48,61,78,86,140,140,140,6319,0,21,48.981297608377965,3.3367309952154756,5304.13275299361,228.48726064250673
1781621286,400,GET,/timeline/{user_id},429.100000,0.000000,27,36,42,47,62,79,120,160,350,570,570,53476,66,24,118.65625457694095,1.912615989567712,12526.334424997913,2588.9207681950784
1781621286,400,GET,/users/{user_id},168.600000,0.000000,28,37,43,47,63,83,120,140,190,200,200,21359,26,24,69.23462662841811,1.6892309940885752,5713.545331993373,262.224027342104
1781621286,400,,Aggregated,1677.900000,0.000000,27,36,42,47,62,80,110,140,500,870,940,212356,274,24,107.21086502409817,1.6892309940885752,16779.34509399347,2721.1255344798356
1781621287,400,GET,/feed/{user_id},662.500000,0.000000,28,37,43,48,63,80,100,120,170,200,200,85401,127,24,67.07114362698168,1.9245839794166386,5923.322076996556,3134.195372419527
1781621287,400,GET,/feed/{user_id}?with_fof=true,337.600000,0.000000,28,36,43,48,63,80,110,130,830,940,940,42635,55,25,204.4948117182092,2.016862010350451,16779.34509399347,3929.1536531019115
1781621287,400,POST,/likes,31.900000,0.000000,25,30,35,38,46,60,76,94,110,110,110,4245,0,19,53.124453281555645,2.6718139997683465,5756.829542020569,180.8141342756184
1781621287,400,POST,/posts,44.500000,0.000000,27,33,37,41,53,63,76,86,140,140,140,6376,0,21,48.86050934554242,3.3367309952154756,5304.13275299361,228.4861982434128
1781621287,400,GET,/timeline/{user_id},427.300000,0.000000,28,36,44,49,63,79,120,160,340,450,450,53893,66,25,118.02071321033658,1.912615989567712,12526.334424997913,2589.586031581096
1781621287,400,GET,/users/{user_id},169.400000,0.000000,28,37,44,48,64,82,120,140,190,200,200,21516,26,25,68.97946950355424,1.6892309940885752,5713.545331993373,262.2284811303216
1781621287,400,,Aggregated,1673.200000,0.000000,28,36,43,47,63,79,110,130,470,870,940,214066,274,24,106.64131393656237,1.6892309940885752,16779.34509399347,2721.6369577606906
1781621288,400,GET,/feed/{user_id},661.400000,0.000000,27,35,43,47,63,79,100,120,170,200,200,86086,127,24,66.74083523998193,1.9245839794166386,5923.322076996556,3134.4357851450873
1781621288,400,GET,/feed/{user_id}?with_fof=true,336.900000,0.000000,27,35,43,47,63,80,110,150,830,940,940,42988,55,25,203.09244276134385,2.016862010350451,16779.34509399347,3931.8921094258862
1781621288,400,POST,/likes,31.400000,0.000000,23,29,33,36,46,60,76,94,110,110,110,4281,0,19,52.81577747423208,2.6718139997683465,5756.829542020569,180.81032469049288
1781621288,400,POST,/posts,45.600000,0.000000,26,31,37,41,53,63,76,86,140,140,140,6414,0,21,48.69825991709968,3.3367309952154756,5304.13275299361,228.48565637667602
1781621288,400,GET,/timeline/{user_id},428.800000,0.000000,27,35,43,48,63,78,120,160,330,450,450,54336,66,24,117.26781840318067,1.912615989567712,12526.334424997913,2588.58480565371
1781621288,400,GET,/users/{user_id},168.300000,0.000000,27,36,43,47,64,81,120,140,190,200,200,21684,26,24,68.64221709553927,1.6892309940885752,5713.545331993373,262.23086146467443
1781621288,400,,Aggregated,1672.400000,0.000000,27,35,42,47,63,79,110,130,500,870,940,215789,274,24,106.00515536298862,1.6892309940885752,16779.34509399347,2722.262631552118
