Timestamp,User Count,Type,Name,Requests/s,Failures/s,50%,66%,75%,80%,90%,95%,98%,99%,99.9%,99.99%,100%,Total Request Count,Total Failure Count,Total Median Response Time,Total Average Response Time,Total Min Response Time,Total Max Response Time,Total Average Content Size
1781612169,0,,Aggregated,0.000000,0.000000,N/A,N/A,N/A,N/A,N/A,N/A,N/A,N/A,N/A,N/A,N/A,0,0,0,0.0,0,0,0
1781612170,20,GET,/feed/{user_id},0.000000,0.000000,0,0,0,0,0,0,0,0,0,0,0,41,0,4,9.606521753395521,2.972144982777536,64.24919300479814,1766.9268292682927
1781612170,20,GET,/feed/{user_id}?with_fof=true,0.000000,0.000000,0,0,0,0,0,0,0,0,0,0,0,19,0,85,90.68346221159261,68.38003799202852,136.19354899856262,7307.1578947368425
1781612170,20,POST,/likes,0.000000,0.000000,0,0,0,0,0,0,0,0,0,0,0,1,0,3.5983019915875047,3.5983019915875047,3.5983019915875047,3.5983019915875047,179.0
1781612170,20,POST,/posts,0.000000,0.000000,0,0,0,0,0,0,0,0,0,0,0,8,0,3,4.429283377248794,2.5832310202531517,13.689740997506306,226.125
1781612170,20,GET,/timeline/{user_id},0.000000,0.000000,0,0,0,0,0,0,0,0,0,0,0,20,0,4,15.179207903565839,2.8481190092861652,53.567285009194165,642.9
1781612170,20,GET,/users/{user_id},0.000000,0.000000,0,0,0,0,0,0,0,0,0,0,0,4,0,3,3.434188984101638,2.980966994073242,3.802287974394858,260.0
1781612170,20,,Aggregated,0.000000,0.000000,0,0,0,0,0,0,0,0,0,0,0,93,0,5,26.593619966954595,2.5832310202531517,136.19354899856262,2442.6451612903224
1781612171,40,GET,/feed/{user_id},0.000000,0.000000,4,4,5,7,24,31,38,46,46,46,46,101,0,4,9.116433988184678,2.6946500001940876,64.24919300479814,1479.6336633663366
1781612171,40,GET,/feed/{user_id}?with_fof=true,0.000000,0.000000,91,110,110,120,140,140,180,180,180,180,180,49,0,88,95.15341037019554,67.33643202460371,180.40828299126588,7060.65306122449
1781612171,40,POST,/likes,0.000000,0.000000,3,3,4,4,4,4,4,4,4,4,4,5,0,3,3.2669826061464846,2.918524027336389,3.6503419978544116,178.8
1781612171,40,POST,/posts,0.000000,0.000000,3,3,3,3,4,12,12,12,12,12,12,15,0,3,4.416183667490259,2.538375003496185,13.689740997506306,226.06666666666666
1781612171,40,GET,/timeline/{user_id},0.000000,0.000000,4,4,5,12,16,24,28,34,34,34,34,83,0,4,9.073615062235664,2.719195996178314,53.567285009194165,1067.4939759036145
1781612171,40,GET,/users/{user_id},0.000000,0.000000,0,0,0,0,0,0,0,0,0,0,0,22,0,3,4.196653088332493,2.716282004257664,12.675867008510977,261.95454545454544
1781612171,40,,Aggregated,0.000000,0.000000,4,8,21,38,88,110,140,140,180,180,180,275,0,4,23.67742191672071,2.538375003496185,180.40828299126588,2160.2363636363634
1781612172,60,GET,/feed/{user_id},21.000000,0.000000,4,5,7,17,25,32,46,52,90,90,90,196,0,4,9.90393832614004,2.6946500001940876,89.98369198525324,1382.3214285714287
1781612172,60,GET,/feed/{user_id}?with_fof=true,3.000000,0.000000,110,140,150,160,180,200,210,230,260,260,260,106,0,110.0,119.81082696331454,67.33643202460371,263.80243597668596,7199.877358490566
1781612172,60,POST,/likes,1.000000,0.000000,3,3,4,4,5,5,5,5,5,5,5,10,0,3,3.420530108269304,2.918524027336389,4.506685014348477,178.7
1781612172,60,POST,/posts,3.000000,0.000000,3,3,4,4,12,19,19,19,19,19,19,23,0,3,4.703541912654739,2.538375003496185,18.906191980931908,226.1304347826087
1781612172,60,GET,/timeline/{user_id},10.000000,0.000000,4,5,10,16,28,35,48,54,56,56,56,148,0,4,10.574616819605973,2.719195996178314,56.14497500937432,1247.8716216216217
1781612172,60,GET,/users/{user_id},0.000000,0.000000,4,5,6,13,24,24,73,73,73,73,73,36,0,4,7.4313712466391735,2.679085999261588,73.45095797791146,262.3333333333333
1781612172,60,,Aggregated,38.000000,0.000000,5,17,33,70,120,150,180,200,260,260,260,519,0,5,32.01556645335113,2.538375003496185,263.80243597668596,2380.0366088631986
1781612173,75,GET,/feed/{user_id},30.500000,0.000000,5,6,16,20,33,48,62,85,130,130,130,340,0,5,12.473208137945381,2.682451013242826,126.41239000367932,1415.2411764705882
1781612173,75,GET,/feed/{user_id}?with_fof=true,15.000000,0.000000,130,150,170,190,230,260,300,340,410,410,410,157,0,120.0,139.0277627904849,67.33643202460371,407.9271180089563,7243.675159235669
1781612173,75,POST,/likes,1.500000,0.000000,3,3,4,4,4,5,5,5,5,5,5,17,0,3,3.3800672424738023,2.6177339896094054,4.506685014348477,178.47058823529412
1781612173,75,POST,/posts,5.500000,0.000000,3,3,4,4,4,12,19,19,19,19,19,34,0,3,4.196527410599896,2.1494230022653937,18.906191980931908,226.2058823529412
1781612173,75,GET,/timeline/{user_id},23.500000,0.000000,4,6,14,17,31,42,54,56,110,110,110,224,0,4,11.7082923406997,2.719195996178314,109.6372629981488,1124.5982142857142
1781612173,75,GET,/users/{user_id},6.500000,0.000000,4,5,9,15,24,43,47,73,73,73,73,68,0,4,8.615740173862672,2.442421013256535,73.45095797791146,262.0
1781612173,75,,Aggregated,82.500000,0.000000,5,18,36,68,120,160,220,260,410,410,410,840,0,5,35.09157192408262,2.1494230022653937,407.9271180089563,2260.5833333333335
1781612174,75,GET,/feed/{user_id},46.000000,0.000000,5,9,19,24,39,52,65,82,130,130,130,447,0,5,13.88415613611983,2.682451013242826,126.41239000367932,1404.758389261745
1781612174,75,GET,/feed/{user_id}?with_fof=true,25.333333,0.000000,140,180,200,220,290,370,430,450,610,610,610,225,0,140.0,165.87825423171228,67.33643202460371,607.6032099954318,7244.097777777778
1781612174,75,POST,/likes,2.000000,0.000000,3,3,4,4,4,4,5,5,5,5,5,29,0,3,3.34653334997209,2.5449749955441803,4.506685014348477,178.51724137931035
1781612174,75,POST,/posts,7.000000,0.000000,3,3,4,4,4,12,19,19,19,19,19,38,0,3,4.094086550666313,2.1494230022653937,18.906191980931908,226.1315789473684
1781612174,75,GET,/timeline/{user_id},34.666667,0.000000,4,6,10,17,31,43,54,56,110,110,110,296,0,4,11.348459602870847,2.719195996178314,109.6372629981488,1088.9222972972973
1781612174,75,GET,/users/{user_id},9.333333,0.000000,4,5,9,15,24,37,47,73,73,73,73,98,0,4,8.84482666181296,2.442421013256535,73.45095797791146,262.1224489795918
1781612174,75,,Aggregated,124.333333,0.000000,6,22,43,71,140,200,290,380,460,610,610,1133,0,6,42.371921276577915,2.1494230022653937,607.6032099954318,2312.116504854369
1781612175,75,GET,/feed/{user_id},64.250000,0.000000,5,8,18,22,36,48,62,73,130,130,130,573,0,5,13.304034036598013,2.682451013242826,126.41239000367932,1416.8551483420592
1781612175,75,GET,/feed/{user_id}?with_fof=true,31.250000,0.000000,150,180,210,230,290,370,430,460,610,610,610,287,0,150.0,170.8018731884415,51.70385297969915,607.6032099954318,7316.484320557492
1781612175,75,POST,/likes,3.500000,0.000000,3,3,4,4,4,4,5,5,5,5,5,35,0,3,3.3518401756217435,2.5449749955441803,4.506685014348477,178.71428571428572
1781612175,75,POST,/posts,7.500000,0.000000,3,3,4,4,4,5,19,19,19,19,19,47,0,3,3.963694934351766,2.1494230022653937,18.906191980931908,226.08510638297872
1781612175,75,GET,/timeline/{user_id},44.000000,0.000000,4,6,10,17,31,42,51,55,110,110,110,359,0,4,10.998787513812797,2.719195996178314,109.6372629981488,1088.7715877437327
1781612175,75,GET,/users/{user_id},12.750000,0.000000,4,5,7,14,24,35,45,47,73,73,73,122,0,4,8.578492989801786,2.442421013256535,73.45095797791146,262.21311475409834
1781612175,75,,Aggregated,163.250000,0.000000,6,22,41,71,150,210,290,380,520,610,610,1423,0,6,43.5292326341035,2.1494230022653937,607.6032099954318,2355.185523541813
1781612176,75,GET,/feed/{user_id},75.400000,0.000000,5,7,16,21,35,45,60,69,130,130,130,708,0,5,12.561502935136945,2.682451013242826,126.41239000367932,1534.34604519774
1781612176,75,GET,/feed/{user_id}?with_fof=true,35.800000,0.000000,150,190,210,230,290,360,420,450,610,610,610,345,0,150.0,170.29089238283737,36.96284900070168,607.6032099954318,7195.713043478261
1781612176,75,POST,/likes,4.600000,0.000000,3,3,4,4,4,4,5,5,5,5,5,44,0,3,3.3248770268983208,2.5449749955441803,4.506685014348477,178.5681818181818
1781612176,75,POST,/posts,7.000000,0.000000,3,3,4,4,4,5,12,19,19,19,19,57,0,3,3.793809613470282,2.1494230022653937,18.906191980931908,226.12280701754386
1781612176,75,GET,/timeline/{user_id},48.400000,0.000000,4,6,10,16,30,40,50,54,110,110,110,438,0,4,10.746847199739625,2.719195996178314,109.6372629981488,1118.8287671232877
1781612176,75,GET,/users/{user_id},15.200000,0.000000,4,5,9,14,25,35,45,47,73,73,73,145,0,4,8.708580301528604,2.442421013256535,73.45095797791146,262.28275862068966
1781612176,75,,Aggregated,186.400000,0.000000,6,20,38,70,150,210,290,360,520,610,610,1737,0,6,42.588547440710876,2.1494230022653937,607.6032099954318,2370.559585492228
1781612177,75,GET,/feed/{user_id},81.333333,0.000000,5,7,15,21,34,44,57,65,130,130,130,843,0,5,12.30575758837465,2.682451013242826,126.41239000367932,1532.8422301304863
1781612177,75,GET,/feed/{user_id}?with_fof=true,41.166667,0.000000,150,190,210,230,290,360,390,440,610,610,610,406,0,150.0,171.24113386477975,36.96284900070168,607.6032099954318,7312.948275862069
1781612177,75,POST,/likes,4.833333,0.000000,3,3,4,4,4,4,5,5,5,5,5,47,0,3,3.2997208547114614,2.3934080090839416,4.506685014348477,178.5744680851064
1781612177,75,POST,/posts,6.833333,0.000000,3,3,4,4,4,6,12,19,19,19,19,75,0,3,3.716105280133585,2.1494230022653937,18.906191980931908,226.16
1781612177,75,GET,/timeline/{user_id},54.000000,0.000000,4,6,10,17,29,40,48,54,110,110,110,512,0,4,10.632186739258032,2.719195996178314,109.6372629981488,1127.009765625
1781612177,75,GET,/users/{user_id},17.666667,0.000000,4,5,9,14,25,36,43,47,73,73,73,165,0,4,8.80863730721599,2.442421013256535,73.45095797791146,262.1030303030303
1781612177,75,,Aggregated,205.833333,0.000000,6,20,38,70,150,210,290,360,460,610,610,2048,0,6,42.592067157457336,2.1494230022653937,607.6032099954318,2395.9345703125
1781612178,75,GET,/feed/{user_id},88.714286,0.000000,5,7,16,22,35,44,56,65,130,130,130,962,0,5,12.536148548692807,2.682451013242826,126.41239000367932,1518.1392931392932
1781612178,75,GET,/feed/{user_id}?with_fof=true,44.285714,0.000000,160,190,220,230,290,360,400,440,610,610,610,459,0,160.0,174.31761005677512,36.96284900070168,607.6032099954318,7436.176470588235
1781612178,75,POST,/likes,5.142857,0.000000,3,3,4,4,4,4,5,5,5,5,5,51,0,3,3.2783009445148648,2.3934080090839416,4.506685014348477,178.52941176470588
1781612178,75,POST,/posts,7.142857,0.000000,3,3,4,4,4,6,12,19,19,19,19,82,0,3,3.725550524328222,2.1494230022653937,18.906191980931908,226.1219512195122
1781612178,75,GET,/timeline/{user_id},56.571429,0.000000,4,6,10,17,30,40,47,54,110,110,110,584,0,4,10.558703764380045,2.719195996178314,109.6372629981488,1089.6986301369864
1781612178,75,GET,/users/{user_id},18.571429,0.000000,4,5,9,15,27,35,43,47,73,73,73,209,0,4,9.050749314577947,2.3181659926194698,73.45095797791146,262.14832535885165
1781612178,75,,Aggregated,220.428571,0.000000,6,20,37,68,160,220,290,350,460,610,610,2347,0,6,42.864139759783626,2.1494230022653937,607.6032099954318,2382.818491691521
1781612179,75,GET,/feed/{user_id},94.000000,0.000000,5,7,17,22,35,44,54,65,120,130,130,1096,0,5,12.62040350793939,2.682451013242826,126.41239000367932,1478.088503649635
1781612179,75,GET,/feed/{user_id}?with_fof=true,46.250000,0.000000,160,200,230,240,300,370,410,450,610,610,610,517,0,160.0,178.53656143353797,36.96284900070168,607.6032099954318,7520.288201160542
1781612179,75,POST,/likes,5.625000,0.000000,3,3,4,4,4,4,4,5,5,5,5,56,0,3,3.2742723597039003,2.3934080090839416,4.506685014348477,178.53571428571428
1781612179,75,POST,/posts,7.625000,0.000000,3,3,4,4,5,6,12,19,19,19,19,92,0,3,3.763468238859154,2.1494230022653937,18.906191980931908,226.1195652173913
1781612179,75,GET,/timeline/{user_id},58.750000,0.000000,4,6,10,16,30,40,48,55,110,110,110,667,0,4,10.5540523242877,2.6850879949051887,109.6372629981488,1125.9715142428786
1781612179,75,GET,/users/{user_id},19.250000,0.000000,4,5,9,15,27,36,44,47,73,73,73,241,0,4,9.135177849402606,2.3181659926194698,73.45095797791146,262.2282157676349
1781612179,75,,Aggregated,231.500000,0.000000,6,20,37,65,160,220,300,370,490,610,610,2669,0,6,43.42678666090861,2.1494230022653937,607.6032099954318,2380.29037092544
1781612180,75,GET,/feed/{user_id},98.777778,0.000000,5,8,18,22,35,44,54,65,120,130,130,1228,0,5,12.591468703136544,2.682451013242826,126.41239000367932,1509.5969055374592
1781612180,75,GET,/feed/{user_id}?with_fof=true,47.111111,0.000000,160,190,220,240,300,370,410,450,610,610,610,575,0,150.0,175.66098571309576,36.96284900070168,607.6032099954318,7484.88
1781612180,75,POST,/likes,5.222222,0.000000,3,3,4,4,4,4,5,6,6,6,6,69,0,3,3.359112435567152,2.3934080090839416,6.136351992608979,178.65217391304347
1781612180,75,POST,/posts,9.000000,0.000000,3,3,4,4,5,6,9,19,19,19,19,102,0,3,3.7449014406792784,2.1494230022653937,18.906191980931908,226.08823529411765
1781612180,75,GET,/timeline/{user_id},59.888889,0.000000,4,6,9,16,30,40,48,55,110,110,110,747,0,4,10.352879757000197,2.6850879949051887,109.6372629981488,1148.5060240963855
1781612180,75,GET,/users/{user_id},20.333333,0.000000,4,5,9,15,27,36,43,47,73,73,73,271,0,4,9.008852341616134,2.3141629935707897,73.45095797791146,262.3173431734317
1781612180,75,,Aggregated,240.333333,0.000000,6,20,36,59,160,220,300,360,490,610,610,2992,0,6,42.53213543467322,2.1494230022653937,607.6032099954318,2380.3479278074865
1781612181,75,GET,/feed/{user_id},100.400000,0.000000,5,8,18,22,35,44,53,63,120,130,130,1365,0,5,12.466623843498288,2.682451013242826,126.41239000367932,1482.602197802198
1781612181,75,GET,/feed/{user_id}?with_fof=true,48.700000,0.000000,160,190,220,240,300,370,410,450,610,610,610,629,0,150.0,172.0783551446505,24.910926003940403,607.6032099954318,7392.184419713832
1781612181,75,POST,/likes,5.300000,0.000000,3,4,4,4,4,4,5,6,6,6,6,80,0,3,3.3899366502737394,2.3934080090839416,6.136351992608979,178.6
1781612181,75,POST,/posts,8.400000,0.000000,3,3,4,4,5,5,8,9,9,9,9,108,0,3,3.7064611107645624,2.1494230022653937,18.906191980931908,226.10185185185185
1781612181,75,GET,/timeline/{user_id},61.500000,0.000000,5,6,9,15,29,39,46,53,110,110,110,829,0,4,10.222024824461856,2.6850879949051887,109.6372629981488,1146.5138721351025
1781612181,75,GET,/users/{user_id},21.500000,0.000000,4,5,10,15,27,35,43,45,48,48,48,299,0,4,9.17630573105064,2.3141629935707897,73.45095797791146,262.3076923076923
1781612181,75,,Aggregated,245.800000,0.000000,6,20,35,52,150,210,300,360,490,610,610,3310,0,6,41.43307965480599,2.1494230022653937,607.6032099954318,2338.680664652568
1781612182,75,GET,/feed/{user_id},112.100000,0.000000,5,8,18,22,34,42,52,59,69,76,76,1479,0,5,12.354438276911857,2.682451013242826,126.41239000367932,1470.2292089249493
1781612182,75,GET,/feed/{user_id}?with_fof=true,53.500000,0.000000,160,200,230,250,320,370,410,450,610,610,610,685,0,150.0,174.03422366559207,24.910926003940403,607.6032099954318,7401.8788321167885
1781612182,75,POST,/likes,6.000000,0.000000,3,4,4,4,4,4,6,6,6,6,6,88,0,3,3.4273694205198395,2.3934080090839416,6.136351992608979,178.63636363636363
1781612182,75,POST,/posts,9.300000,0.000000,3,3,4,4,5,5,8,9,9,9,9,120,0,3,3.6844775492985113,2.1494230022653937,18.906191980931908,226.075
1781612182,75,GET,/timeline/{user_id},68.600000,0.000000,5,6,9,15,30,39,45,48,66,66,66,914,0,4,10.236948652553915,2.6850879949051887,109.6372629981488,1153.3544857768052
1781612182,75,GET,/users/{user_id},25.400000,0.000000,4,5,9,15,27,36,43,45,48,48,48,335,0,4,8.97984413026985,2.3141629935707897,73.45095797791146,262.3731343283582
1781612182,75,,Aggregated,274.900000,0.000000,6,19,35,50,160,230,310,370,490,610,610,3621,0,6,41.58912512827381,2.1494230022653937,607.6032099954318,2327.9939243302956
1781612183,75,GET,/feed/{user_id},122.300000,0.000000,5,8,17,21,34,40,50,55,75,76,76,1581,0,5,12.340605036309313,2.682451013242826,126.41239000367932,1471.8399746995572
1781612183,75,GET,/feed/{user_id}?with_fof=true,56.600000,0.000000,170,200,240,260,330,380,460,520,680,680,680,746,0,160.0,181.31247543954245,24.910926003940403,681.555599992862,7392.970509383378
1781612183,75,POST,/likes,6.800000,0.000000,3,4,4,4,4,4,6,6,6,6,6,95,0,3,3.4300622949989417,2.3934080090839416,6.136351992608979,178.57894736842104
1781612183,75,POST,/posts,9.400000,0.000000,3,3,4,4,5,5,8,9,9,9,9,127,0,3,3.6616688259642602,2.1494230022653937,18.906191980931908,226.09448818897638
1781612183,75,GET,/timeline/{user_id},72.800000,0.000000,5,6,9,15,29,38,45,49,66,66,66,978,0,5,10.3725576392972,2.6850879949051887,109.6372629981488,1168.4427402862987
1781612183,75,GET,/users/{user_id},27.000000,0.000000,4,5,9,15,27,34,43,44,48,48,48,365,0,4,9.07278668664855,2.3141629935707897,73.45095797791146,262.4027397260274
1781612183,75,,Aggregated,294.900000,0.000000,6,19,34,51,160,230,330,380,610,680,680,3892,0,6,43.42662374385546,2.1494230022653937,681.555599992862,2344.8941418293934
1781612184,75,GET,/feed/{user_id},126.800000,0.000000,5,8,17,21,34,44,53,65,100,170,170,1672,0,5,12.883726098927285,2.682451013242826,166.5794839791488,1477.9485645933014
1781612184,75,GET,/feed/{user_id}?with_fof=true,57.300000,0.000000,170,210,240,280,360,460,620,700,830,830,830,806,0,160.0,193.04664513399095,24.910926003940403,832.2159300150815,7464.312655086848
1781612184,75,POST,/likes,7.800000,0.000000,3,4,4,4,4,4,6,6,6,6,6,98,0,3,3.426399132728634,2.3934080090839416,6.136351992608979,178.6122448979592
1781612184,75,POST,/posts,9.500000,0.000000,3,3,4,4,5,5,8,9,9,9,9,137,0,3,3.6393509479664456,2.1494230022653937,18.906191980931908,226.09489051094891
1781612184,75,GET,/timeline/{user_id},75.900000,0.000000,5,6,10,16,29,39,47,53,76,76,76,1020,0,5,10.528824832655635,2.6850879949051887,109.6372629981488,1178.1088235294117
1781612184,75,GET,/users/{user_id},27.600000,0.000000,4,6,12,16,28,38,46,63,100,100,100,385,0,4,9.92217629531084,2.3141629935707897,104.36702400329523,262.4415584415584
1781612184,75,,Aggregated,304.900000,0.000000,6,20,36,61,170,240,350,460,740,830,830,4118,0,6,46.75352195563025,2.1494230022653937,832.2159300150815,2389.158814958718
1781612185,75,GET,/feed/{user_id},126.900000,0.000000,5,8,18,22,35,45,61,75,130,170,170,1763,0,5,13.079829776109689,2.682451013242826,166.5794839791488,1460.0510493477027
1781612185,75,GET,/feed/{user_id}?with_fof=true,57.900000,0.000000,170,220,270,310,420,680,890,1000,1500,1500,1500,860,0,160.0,210.28926496270117,24.910926003940403,1451.849024015246,7493.870930232558
1781612185,75,POST,/likes,7.700000,0.000000,3,4,4,4,4,4,6,6,6,6,6,99,0,3,3.4251043333723725,2.3934080090839416,6.136351992608979,178.6161616161616
1781612185,75,POST,/posts,9.100000,0.000000,3,3,4,4,5,5,8,9,9,9,9,146,0,3,3.6247026977409953,2.1494230022653937,18.906191980931908,226.13013698630138
1781612185,75,GET,/timeline/{user_id},75.500000,0.000000,5,7,12,17,30,41,53,77,130,130,130,1081,0,5,11.210262240782969,2.6850879949051887,133.52627598214895,1198.5050878815912
1781612185,75,GET,/users/{user_id},29.500000,0.000000,4,6,13,16,29,39,48,63,100,100,100,408,0,4,9.905763893780827,2.3141629935707897,104.36702400329523,262.47549019607845
1781612185,75,,Aggregated,306.600000,0.000000,6,21,37,74,170,260,420,680,1100,1500,1500,4357,0,6,50.70843351779376,2.1494230022653937,1451.849024015246,2403.527886160202
1781612186,75,GET,/feed/{user_id},124.000000,0.000000,6,9,18,23,36,46,61,75,130,170,170,1882,0,5,13.070869204792611,2.682451013242826,166.5794839791488,1462.42348565356
1781612186,75,GET,/feed/{user_id}?with_fof=true,58.700000,0.000000,170,230,280,330,490,740,950,1100,1500,1500,1500,924,0,160.0,217.57268585358923,24.910926003940403,1451.849024015246,7526.410173160173
1781612186,75,POST,/likes,7.300000,0.000000,3,4,4,4,4,4,6,6,6,6,6,105,0,3,3.402286419545167,2.3934080090839416,6.136351992608979,178.61904761904762
1781612186,75,POST,/posts,9.600000,0.000000,3,3,4,4,5,5,8,9,9,9,9,160,0,3,3.59480803617771,2.1494230022653937,18.906191980931908,226.14375
1781612186,75,GET,/timeline/{user_id},75.500000,0.000000,5,7,13,18,32,43,53,77,130,130,130,1156,0,5,11.460534071224092,2.6850879949051887,133.52627598214895,1224.3304498269897
1781612186,75,GET,/users/{user_id},29.800000,0.000000,4,6,13,16,29,39,48,63,100,100,100,430,0,4,9.82281447382817,2.3141629935707897,104.36702400329523,262.5837209302326
1781612186,75,,Aggregated,304.900000,0.000000,6,22,39,76,170,270,480,740,1300,1500,1500,4657,0,6,52.403078063572686,2.1494230022653937,1451.849024015246,2424.2772170925487
1781612187,75,GET,/feed/{user_id},121.600000,0.000000,6,9,19,23,36,47,65,76,130,170,170,2021,0,5,13.028458234118915,2.682451013242826,166.5794839791488,1449.1820880752102
1781612187,75,GET,/feed/{user_id}?with_fof=true,57.500000,0.000000,170,230,300,340,500,740,950,1100,1500,1500,1500,984,0,160.0,217.54604703427896,24.910926003940403,1451.849024015246,7558.469512195122
1781612187,75,POST,/likes,6.900000,0.000000,3,4,4,4,4,4,6,6,6,6,6,108,0,3,3.426506629761274,2.3934080090839416,6.136351992608979,178.63888888888889
1781612187,75,POST,/posts,9.700000,0.000000,3,3,4,4,4,5,8,9,9,9,9,173,0,3,3.550254941024317,2.1494230022653937,18.906191980931908,226.1387283236994
1781612187,75,GET,/timeline/{user_id},72.200000,0.000000,5,7,13,18,32,43,56,77,130,130,130,1230,0,5,11.327931883946492,2.6850879949051887,133.52627598214895,1217.060975609756
1781612187,75,GET,/users/{user_id},28.300000,0.000000,4,6,11,15,28,38,48,63,100,100,100,457,0,4,9.548986347122689,2.3141629935707897,104.36702400329523,262.5886214442013
1781612187,75,,Aggregated,296.200000,0.000000,6,22,40,77,170,290,500,740,1300,1500,1500,4973,0,6,52.2174390049438,2.1494230022653937,1451.849024015246,2421.4224813995575
1781612188,75,GET,/feed/{user_id},118.500000,0.000000,5,8,18,21,35,47,67,79,130,170,170,2139,0,5,12.988372356753318,2.682451013242826,166.5794839791488,1443.0397381954185
1781612188,75,GET,/feed/{user_id}?with_fof=true,57.500000,0.000000,170,230,300,340,520,740,950,1100,1500,1500,1500,1039,0,160.0,216.8469398092383,24.910926003940403,1451.849024015246,7532.029836381135
1781612188,75,POST,/likes,6.400000,0.000000,3,4,4,4,4,5,6,6,6,6,6,110,0,3,3.4227298728761855,2.3934080090839416,6.136351992608979,178.62727272727273
1781612188,75,POST,/posts,10.000000,0.000000,3,3,4,4,4,5,5,8,8,8,8,177,0,3,3.553850778528505,2.1494230022653937,18.906191980931908,226.12429378531073
1781612188,75,GET,/timeline/{user_id},70.800000,0.000000,5,7,14,18,32,43,56,77,130,130,130,1305,0,5,11.234746833904593,2.6850879949051887,133.52627598214895,1221.9961685823755
1781612188,75,GET,/users/{user_id},28.200000,0.000000,4,6,9,15,28,40,49,63,100,100,100,495,0,4,9.77252751848698,2.2203190019354224,104.36702400329523,262.6282828282828
1781612188,75,,Aggregated,291.400000,0.000000,6,21,39,75,170,290,500,740,1300,1500,1500,5265,0,6,51.963984149402926,2.1494230022653937,1451.849024015246,2411.55175688509
1781612189,75,GET,/feed/{user_id},117.700000,0.000000,6,9,18,22,36,51,70,80,130,170,170,2253,0,5,13.117573691103248,2.682451013242826,166.5794839791488,1454.7376830892144
1781612189,75,GET,/feed/{user_id}?with_fof=true,57.400000,0.000000,180,240,310,350,520,740,950,1100,1500,1500,1500,1108,0,170.0,218.44324134015991,24.910926003940403,1451.849024015246,7557.186823104693
1781612189,75,POST,/likes,6.100000,0.000000,3,4,4,4,4,5,6,6,6,6,6,116,0,3,3.428247776073163,2.3934080090839416,6.136351992608979,178.6206896551724
1781612189,75,POST,/posts,10.100000,0.000000,3,3,4,4,4,4,5,5,5,5,5,186,0,3,3.539762450463479,2.1494230022653937,18.906191980931908,226.1290322580645
1781612189,75,GET,/timeline/{user_id},71.200000,0.000000,5,7,14,18,33,45,58,77,130,130,130,1368,0,5,11.410181966498092,2.6850879949051887,133.52627598214895,1198.7163742690059
1781612189,75,GET,/users/{user_id},28.100000,0.000000,4,6,15,20,32,42,49,63,100,100,100,522,0,4,10.049747300005993,2.2203190019354224,104.36702400329523,262.676245210728
1781612189,75,,Aggregated,290.600000,0.000000,6,24,43,86,180,320,520,740,1300,1500,1500,5553,0,6,52.854344410145146,2.1494230022653937,1451.849024015246,2429.43057806591
1781612190,75,GET,/feed/{user_id},118.500000,0.000000,5,8,18,21,37,52,71,80,130,170,170,2368,0,5,13.065700482346418,2.682451013242826,166.5794839791488,1438.9691722972973
1781612190,75,GET,/feed/{user_id}?with_fof=true,57.300000,0.000000,200,250,320,350,500,740,950,1100,1500,1500,1500,1172,0,170.0,217.28695729512896,24.910926003940403,1451.849024015246,7556.711604095563
1781612190,75,POST,/likes,6.100000,0.000000,3,4,4,4,4,5,5,6,6,6,6,124,0,3,3.438344734135054,2.3934080090839416,6.136351992608979,178.65322580645162
1781612190,75,POST,/posts,9.300000,0.000000,3,3,4,4,4,5,5,5,5,5,5,199,0,3,3.5232227879468745,2.1494230022653937,18.906191980931908,226.12562814070353
1781612190,75,GET,/timeline/{user_id},71.600000,0.000000,5,7,15,19,34,45,59,77,130,130,130,1443,0,5,11.30757950804934,2.6850879949051887,133.52627598214895,1194.6528066528067
1781612190,75,GET,/users/{user_id},28.500000,0.000000,4,6,14,18,32,42,49,63,100,100,100,555,0,4,9.982237689352283,2.2203190019354224,104.36702400329523,262.72612612612613
1781612190,75,,Aggregated,291.300000,0.000000,6,24,46,91,200,320,520,740,1300,1500,1500,5861,0,6,52.650460317629644,2.1494230022653937,1451.849024015246,2422.9302166865723
1781612191,75,GET,/feed/{user_id},117.000000,0.000000,5,8,17,21,39,52,71,80,130,170,170,2501,0,5,13.01495691566387,2.682451013242826,166.5794839791488,1428.0263894442223
1781612191,75,GET,/feed/{user_id}?with_fof=true,57.600000,0.000000,200,250,320,360,500,740,950,1100,1500,1500,1500,1223,0,170.0,215.04959776854878,24.910926003940403,1451.849024015246,7560.798037612429
1781612191,75,POST,/likes,5.800000,0.000000,3,4,4,4,4,5,6,6,6,6,6,131,0,3,3.44573735092404,2.3934080090839416,6.232232000911608,178.63358778625954
1781612191,75,POST,/posts,9.500000,0.000000,3,3,4,4,4,4,5,5,5,5,5,203,0,3,3.520504994004772,2.1494230022653937,18.906191980931908,226.10837438423644
1781612191,75,GET,/timeline/{user_id},71.600000,0.000000,5,7,15,21,35,45,59,77,130,130,130,1532,0,5,11.320614148953087,2.5938390172086656,133.52627598214895,1191.1964751958224
1781612191,75,GET,/users/{user_id},29.200000,0.000000,4,6,14,19,32,42,50,63,100,100,100,587,0,4,10.049029871644104,2.2203190019354224,104.36702400329523,262.7018739352641
1781612191,75,,Aggregated,290.700000,0.000000,6,24,47,90,200,320,520,740,1300,1500,1500,6177,0,6,51.799268388314026,2.1494230022653937,1451.849024015246,2406.794560466246
1781612192,75,GET,/feed/{user_id},115.300000,0.000000,5,9,18,22,40,52,71,80,130,170,170,2625,0,5,13.035244479243245,2.682451013242826,166.5794839791488,1443.5779047619048
1781612192,75,GET,/feed/{user_id}?with_fof=true,59.100000,0.000000,200,260,320,370,500,740,950,1100,1500,1500,1500,1280,0,170.0,215.2960052540493,24.910926003940403,1451.849024015246,7553.0875
1781612192,75,POST,/likes,5.600000,0.000000,3,4,4,4,4,5,6,6,6,6,6,143,0,3,3.4890623003654704,2.3934080090839416,6.3271140097640455,178.62937062937064
1781612192,75,POST,/posts,9.400000,0.000000,3,3,4,4,4,5,6,7,7,7,7,211,0,3,3.5443601410359284,2.1494230022653937,18.906191980931908,226.09004739336493
1781612192,75,GET,/timeline/{user_id},69.500000,0.000000,5,7,15,20,35,45,59,77,130,130,130,1607,0,5,11.297224443258807,2.5938390172086656,133.52627598214895,1181.4393279402614
1781612192,75,GET,/users/{user_id},27.600000,0.000000,4,6,10,17,32,40,50,63,100,100,100,620,0,4,9.821577217324727,2.2203190019354224,104.36702400329523,262.75
1781612192,75,,Aggregated,286.500000,0.000000,6,24,46,90,200,330,520,740,1300,1500,1500,6486,0,6,51.69398966034007,2.1494230022653937,1451.849024015246,2403.9579093432008
1781612193,75,GET,/feed/{user_id},112.900000,0.000000,5,9,18,23,40,52,70,80,130,170,170,2741,0,5,13.209037104335609,2.682451013242826,166.5794839791488,1435.3520612914995
1781612193,75,GET,/feed/{user_id}?with_fof=true,59.200000,0.000000,190,240,320,360,460,740,950,1100,1500,1500,1500,1334,0,170.0,215.60898530143825,24.910926003940403,1451.849024015246,7522.624437781109
1781612193,75,POST,/likes,5.400000,0.000000,3,4,4,4,5,6,6,9,9,9,9,150,0,3,3.51776919948558,2.3934080090839416,8.597934007411823,178.58666666666667
1781612193,75,POST,/posts,9.400000,0.000000,3,3,4,4,4,4,6,7,7,7,7,216,0,3,3.528864336759499,2.1494230022653937,18.906191980931908,226.10185185185185
1781612193,75,GET,/timeline/{user_id},69.100000,0.000000,5,7,16,20,35,43,59,77,130,130,130,1671,0,5,11.317010600484053,2.5938390172086656,133.52627598214895,1171.7474566128067
1781612193,75,GET,/users/{user_id},28.700000,0.000000,4,6,12,19,32,39,51,63,100,100,100,654,0,4,9.856463692142821,2.2203190019354224,104.36702400329523,262.7737003058104
1781612193,75,,Aggregated,284.700000,0.000000,6,23,44,86,190,320,480,740,1300,1500,1500,6766,0,6,51.79945449894113,2.1494230022653937,1451.849024015246,2390.6223765888267
1781612194,75,GET,/feed/{user_id},113.800000,0.000000,5,9,18,22,38,50,64,73,92,99,99,2836,0,5,13.225016460165497,2.682451013242826,166.5794839791488,1448.320874471086
1781612194,75,GET,/feed/{user_id}?with_fof=true,59.500000,0.000000,190,240,290,340,430,570,940,1100,1500,1500,1500,1400,0,170.0,217.27476568429014,24.910926003940403,1451.849024015246,7521.763571428572
1781612194,75,POST,/likes,4.900000,0.000000,4,4,4,4,5,6,6,9,9,9,9,157,0,3,3.529427311521107,2.3934080090839416,8.597934007411823,178.56687898089172
1781612194,75,POST,/posts,8.800000,0.000000,3,3,3,4,4,4,6,7,7,7,7,227,0,3,3.5102024261833535,2.1494230022653937,18.906191980931908,226.11894273127754
1781612194,75,GET,/timeline/{user_id},68.600000,0.000000,5,7,15,18,34,41,50,59,120,120,120,1733,0,5,11.350637645355468,2.5938390172086656,133.52627598214895,1164.6439699942296
1781612194,75,GET,/users/{user_id},29.100000,0.000000,4,6,10,17,30,34,42,49,57,57,57,690,0,4,9.836093383542586,2.2203190019354224,104.36702400329523,262.83623188405795
1781612194,75,,Aggregated,284.700000,0.000000,6,23,42,77,200,300,430,570,1300,1500,1500,7043,0,6,52.463341495347635,2.1494230022653937,1451.849024015246,2401.9531449666333
1781612195,75,GET,/feed/{user_id},113.800000,0.000000,5,9,19,24,39,50,63,71,92,92,92,2951,0,5,13.340479012571073,2.682451013242826,166.5794839791488,1442.7702473737716
1781612195,75,GET,/feed/{user_id}?with_fof=true,59.300000,0.000000,200,240,280,300,390,440,470,530,730,730,730,1459,0,170.0,217.43517076218248,24.910926003940403,1451.849024015246,7498.572995202193
1781612195,75,POST,/likes,5.500000,0.000000,4,4,4,4,5,5,6,9,9,9,9,163,0,3,3.5237006925580667,2.3934080090839416,8.597934007411823,178.55828220858896
1781612195,75,POST,/posts,9.100000,0.000000,3,3,3,4,4,4,6,7,7,7,7,232,0,3,3.493006033311068,2.1494230022653937,18.906191980931908,226.1206896551724
1781612195,75,GET,/timeline/{user_id},69.800000,0.000000,5,7,15,20,34,41,50,53,75,75,75,1807,0,5,11.322938255936332,2.5938390172086656,133.52627598214895,1168.0365246264528
1781612195,75,GET,/users/{user_id},28.400000,0.000000,4,6,10,17,29,33,42,49,57,57,57,714,0,4,9.78990707229999,2.2203190019354224,104.36702400329523,262.8557422969188
1781612195,75,,Aggregated,285.900000,0.000000,6,23,42,74,200,280,390,440,580,730,730,7326,0,6,52.61274247868356,2.1494230022653937,1451.849024015246,2399.388342888343
1781612196,75,GET,/feed/{user_id},114.900000,0.000000,5,9,19,23,38,50,62,70,90,92,92,3062,0,5,13.333204906967005,2.682451013242826,166.5794839791488,1434.9787720444153
1781612196,75,GET,/feed/{user_id}?with_fof=true,58.800000,0.000000,190,230,280,300,390,430,480,560,730,730,730,1516,0,170.0,217.59877201057768,24.910926003940403,1451.849024015246,7507.61345646438
1781612196,75,POST,/likes,5.400000,0.000000,4,4,4,4,5,5,6,9,9,9,9,169,0,3,3.5282081532424328,2.3934080090839416,8.597934007411823,178.53846153846155
1781612196,75,POST,/posts,8.800000,0.000000,3,3,3,4,4,5,6,7,7,7,7,242,0,3,3.4850369863479576,2.1494230022653937,18.906191980931908,226.10330578512398
1781612196,75,GET,/timeline/{user_id},69.600000,0.000000,5,7,15,20,34,42,51,57,75,75,75,1885,0,5,11.470792821496701,2.5938390172086656,133.52627598214895,1176.2647214854112
1781612196,75,GET,/users/{user_id},28.700000,0.000000,4,6,10,17,30,34,40,49,57,57,57,742,0,4,9.746901441498526,2.2203190019354224,104.36702400329523,262.90970350404314
1781612196,75,,Aggregated,286.200000,0.000000,6,23,42,74,190,280,390,430,580,730,730,7616,0,6,52.652350743156,2.1494230022653937,1451.849024015246,2399.2482930672268
1781612197,75,GET,/feed/{user_id},116.500000,0.000000,6,10,19,24,41,51,63,70,90,92,92,3187,0,5,13.310469058462822,2.682451013242826,166.5794839791488,1411.0203953561343
1781612197,75,GET,/feed/{user_id}?with_fof=true,59.800000,0.000000,200,240,280,310,400,450,510,580,730,730,730,1579,0,170.0,218.68999151804866,24.910926003940403,1451.849024015246,7506.90246991767
1781612197,75,POST,/likes,6.200000,0.000000,4,4,4,4,5,5,6,9,9,9,9,171,0,3,3.523213186536845,2.3934080090839416,8.597934007411823,178.53216374269005
1781612197,75,POST,/posts,9.000000,0.000000,3,3,4,4,4,5,6,7,7,7,7,248,0,3,3.474179510733173,2.1494230022653937,18.906191980931908,226.10887096774192
1781612197,75,GET,/timeline/{user_id},70.700000,0.000000,5,7,15,21,34,42,51,63,75,75,75,1960,0,5,11.521484313086649,2.5938390172086656,133.52627598214895,1166.9229591836734
1781612197,75,GET,/users/{user_id},31.200000,0.000000,4,6,12,20,30,35,42,49,57,57,57,779,0,4,9.792659244706629,2.2203190019354224,104.36702400329523,262.9178433889602
1781612197,75,,Aggregated,293.400000,0.000000,7,26,44,80,200,290,400,450,620,730,730,7924,0,6,52.92864945420946,2.1494230022653937,1451.849024015246,2388.8070418980315
1781612198,75,GET,/feed/{user_id},117.900000,0.000000,6,10,19,24,41,49,60,66,90,92,92,3300,0,5,13.377682641615992,2.682451013242826,166.5794839791488,1406.200606060606
1781612198,75,GET,/feed/{user_id}?with_fof=true,59.600000,0.000000,200,250,290,320,390,440,510,580,730,730,730,1643,0,170.0,219.25027422710818,24.910926003940403,1451.849024015246,7509.975045648204
1781612198,75,POST,/likes,6.400000,0.000000,3,4,4,4,5,5,6,9,9,9,9,182,0,3,3.508748652945672,2.3934080090839416,8.597934007411823,178.53296703296704
1781612198,75,POST,/posts,8.500000,0.000000,3,3,3,4,4,5,6,7,7,7,7,251,0,3,3.475079743796403,2.1494230022653937,18.906191980931908,226.10358565737053
1781612198,75,GET,/timeline/{user_id},72.200000,0.000000,5,7,14,20,34,42,51,57,75,75,75,2033,0,5,11.470632118411043,2.5938390172086656,133.52627598214895,1170.6276438760453
1781612198,75,GET,/users/{user_id},31.200000,0.000000,4,6,9,17,31,34,40,51,57,57,57,802,0,4,9.806529271404463,2.2203190019354224,104.36702400329523,262.95137157107234
1781612198,75,,Aggregated,295.800000,0.000000,7,26,43,78,200,290,390,440,620,730,730,8211,0,6,53.22981635798278,2.1494230022653937,1451.849024015246,2394.2721958348557
1781612199,75,GET,/feed/{user_id},117.100000,0.000000,6,10,19,23,40,49,60,64,82,90,90,3414,0,5,13.314036476092266,2.682451013242826,166.5794839791488,1404.7765084944347
1781612199,75,GET,/feed/{user_id}?with_fof=true,59.200000,0.000000,200,250,290,310,390,440,520,560,710,710,710,1710,0,180.0,219.42414260640936,24.910926003940403,1451.849024015246,7493.242105263158
1781612199,75,POST,/likes,6.400000,0.000000,3,4,4,4,5,5,6,9,9,9,9,188,0,3,3.503841749253742,2.3934080090839416,8.597934007411823,178.53191489361703
1781612199,75,POST,/posts,8.200000,0.000000,3,3,3,4,4,5,6,7,7,7,7,260,0,3,3.461973217893571,2.1494230022653937,18.906191980931908,226.08461538461538
1781612199,75,GET,/timeline/{user_id},72.700000,0.000000,5,7,14,19,33,41,48,53,66,66,66,2113,0,5,11.430839032589926,2.5938390172086656,133.52627598214895,1166.0212967345008
1781612199,75,GET,/users/{user_id},32.000000,0.000000,4,6,8,15,30,34,39,51,57,57,57,829,0,4,9.773437248070222,2.2203190019354224,104.36702400329523,262.9577804583836
1781612199,75,,Aggregated,295.600000,0.000000,6,23,42,76,200,290,390,440,610,710,710,8514,0,6,53.380758988297366,2.1494230022653937,1451.849024015246,2394.1146347192857
1781612200,75,GET,/feed/{user_id},115.000000,0.000000,6,10,18,22,39,48,58,64,82,90,90,3539,0,5,13.181705876385717,2.682451013242826,166.5794839791488,1410.9641141565414
1781612200,75,GET,/feed/{user_id}?with_fof=true,60.500000,0.000000,200,250,290,310,390,440,520,560,710,710,710,1761,0,170.0,217.5184075558083,24.910926003940403,1451.849024015246,7503.7512776831345
1781612200,75,POST,/likes,6.400000,0.000000,3,4,4,4,5,5,6,9,9,9,9,195,0,3,3.5053726711059707,2.3934080090839416,8.597934007411823,178.53846153846155
1781612200,75,POST,/posts,7.600000,0.000000,3,3,3,4,4,5,6,7,7,7,7,269,0,3,3.453696099110813,2.1494230022653937,18.906191980931908,226.0631970260223
1781612200,75,GET,/timeline/{user_id},72.800000,0.000000,5,7,14,18,33,41,47,53,66,66,66,2205,0,5,11.31641878960274,2.5656759971752763,133.52627598214895,1175.4167800453515
1781612200,75,GET,/users/{user_id},31.700000,0.000000,4,6,8,16,29,34,38,42,51,51,51,865,0,4,9.745558952263993,2.2203190019354224,104.36702400329523,262.964161849711
1781612200,75,,Aggregated,294.000000,0.000000,6,22,41,73,200,290,390,440,610,710,710,8834,0,6,52.60303108994977,2.1494230022653937,1451.849024015246,2391.033733303147
1781612201,75,GET,/feed/{user_id},115.900000,0.000000,5,9,16,21,38,48,58,64,82,90,90,3683,0,5,13.092358830362341,2.682451013242826,166.5794839791488,1415.3529731197393
1781612201,75,GET,/feed/{user_id}?with_fof=true,60.000000,0.000000,190,240,270,300,370,440,520,560,710,710,710,1816,0,170.0,215.64736609952126,24.910926003940403,1451.849024015246,7514.962555066079
1781612201,75,POST,/likes,7.300000,0.000000,4,4,4,4,5,5,6,9,9,9,9,199,0,3,3.5075564364476794,2.3934080090839416,8.597934007411823,178.52261306532662
1781612201,75,POST,/posts,7.600000,0.000000,3,3,3,4,4,5,6,7,7,7,7,279,0,3,3.4398099416524746,2.1494230022653937,18.906191980931908,226.08243727598565
1781612201,75,GET,/timeline/{user_id},72.600000,0.000000,5,7,14,18,32,40,48,53,66,66,66,2284,0,5,11.306331947969024,2.5656759971752763,133.52627598214895,1170.0096322241682
1781612201,75,GET,/users/{user_id},30.100000,0.000000,4,6,10,18,29,33,38,42,51,51,51,891,0,4,9.842979064749295,2.2203190019354224,104.36702400329523,262.9753086419753
1781612201,75,,Aggregated,293.500000,0.000000,6,21,40,72,190,270,370,440,610,710,710,9152,0,6,52.019912765448225,2.1494230022653937,1451.849024015246,2389.109812062937
1781612202,75,GET,/feed/{user_id},115.300000,0.000000,5,8,15,20,37,48,57,63,82,90,90,3804,0,5,12.989858094391108,2.682451013242826,166.5794839791488,1420.3159831756045
1781612202,75,GET,/feed/{user_id}?with_fof=true,59.700000,0.000000,190,240,270,300,370,430,520,560,710,710,710,1876,0,170.0,214.09571664118363,24.910926003940403,1451.849024015246,7503.159914712153
1781612202,75,POST,/likes,7.100000,0.000000,3,4,4,4,5,5,5,6,6,6,6,204,0,3,3.5125935383428657,2.3934080090839416,8.597934007411823,178.51960784313727
1781612202,75,POST,/posts,7.200000,0.000000,3,3,4,4,4,4,5,5,5,5,5,287,0,3,3.4472877796551127,2.1494230022653937,18.906191980931908,226.06968641114983
1781612202,75,GET,/timeline/{user_id},75.200000,0.000000,5,7,12,17,31,39,47,53,66,66,66,2374,0,5,11.178909567012722,2.5656759971752763,133.52627598214895,1196.5480202190397
1781612202,75,GET,/users/{user_id},31.100000,0.000000,4,6,12,19,29,33,38,42,51,51,51,914,0,4,9.790085860752477,2.2203190019354224,104.36702400329523,262.9551422319475
1781612202,75,,Aggregated,295.600000,0.000000,6,21,39,72,190,270,370,430,610,710,710,9459,0,6,51.61748547133134,2.1494230022653937,1451.849024015246,2395.7137118088594
1781612203,75,GET,/feed/{user_id},116.300000,0.000000,5,8,14,20,36,46,56,60,74,82,82,3908,0,5,13.014064437329402,2.682451013242826,166.5794839791488,1426.0985158648925
1781612203,75,GET,/feed/{user_id}?with_fof=true,59.500000,0.000000,190,230,260,290,370,440,520,560,710,710,710,1939,0,170.0,214.6993761458702,24.910926003940403,1451.849024015246,7505.256833419288
1781612203,75,POST,/likes,7.200000,0.000000,3,4,4,4,5,5,5,6,6,6,6,209,0,3,3.505218123491301,2.3934080090839416,8.597934007411823,178.5023923444976
1781612203,75,POST,/posts,7.300000,0.000000,3,3,3,4,4,4,5,5,5,5,5,295,0,3,3.4378998093030777,2.1494230022653937,18.906191980931908,226.05762711864406
1781612203,75,GET,/timeline/{user_id},76.500000,0.000000,5,7,11,17,31,40,48,53,67,67,67,2450,0,5,11.224702261709037,2.4904030142351985,133.52627598214895,1196.1832653061224
1781612203,75,GET,/users/{user_id},30.600000,0.000000,4,6,13,19,29,34,38,42,58,58,58,948,0,4,9.896520919530978,2.2203190019354224,104.36702400329523,262.9978902953587
1781612203,75,,Aggregated,297.400000,0.000000,6,21,39,72,190,260,370,440,580,710,710,9749,0,6,51.881243981165476,2.1494230022653937,1451.849024015246,2401.256641706842
1781612204,75,GET,/feed/{user_id},116.700000,0.000000,5,8,13,19,36,47,57,65,82,90,90,4028,0,5,12.998737917652667,2.682451013242826,166.5794839791488,1418.8438430983117
1781612204,75,GET,/feed/{user_id}?with_fof=true,59.000000,0.000000,180,230,270,300,390,470,540,570,710,710,710,1993,0,170.0,216.5431206928446,24.910926003940403,1451.849024015246,7493.734570998495
1781612204,75,POST,/likes,6.900000,0.000000,3,4,4,4,4,5,5,6,6,6,6,211,0,3,3.5004938947935083,2.3934080090839416,8.597934007411823,178.51184834123222
1781612204,75,POST,/posts,7.600000,0.000000,3,3,4,4,4,5,5,5,5,5,5,301,0,3,3.4434587832585137,2.1494230022653937,18.906191980931908,226.0531561461794
1781612204,75,GET,/timeline/{user_id},76.500000,0.000000,5,7,11,17,31,39,48,57,72,72,72,2525,0,5,11.214517604439786,2.4904030142351985,133.52627598214895,1196.7093069306932
1781612204,75,GET,/users/{user_id},30.400000,0.000000,4,6,13,20,29,34,40,51,79,79,79,984,0,4,9.927271322776209,2.2203190019354224,104.36702400329523,263.0548780487805
1781612204,75,,Aggregated,297.100000,0.000000,6,20,38,68,180,270,390,470,610,710,710,10042,0,6,52.15988180756111,2.1494230022653937,1451.849024015246,2393.583051185023
1781612205,75,GET,/feed/{user_id},117.200000,0.000000,5,8,13,19,36,48,57,66,83,90,90,4145,0,5,13.034867734715132,2.682451013242826,166.5794839791488,1425.2670687575392
1781612205,75,GET,/feed/{user_id}?with_fof=true,60.100000,0.000000,190,240,280,300,410,470,540,580,710,710,710,2062,0,180.0,217.28869779381534,17.214614985277876,1451.849024015246,7498.899612027158
1781612205,75,POST,/likes,6.100000,0.000000,3,3,4,4,4,5,5,6,6,6,6,220,0,3,3.4963721308899536,2.3934080090839416,8.597934007411823,178.51363636363635
1781612205,75,POST,/posts,7.700000,0.000000,3,3,4,4,4,5,5,5,5,5,5,307,0,3,3.4354267385371138,2.1494230022653937,18.906191980931908,226.06840390879478
1781612205,75,GET,/timeline/{user_id},76.900000,0.000000,5,7,11,17,32,40,51,64,93,93,93,2597,0,5,11.296412345501789,2.4904030142351985,133.52627598214895,1181.7936080092413
1781612205,75,GET,/users/{user_id},29.600000,0.000000,4,6,12,20,30,37,49,58,79,79,79,1008,0,4,10.024315366767013,2.2203190019354224,104.36702400329523,263.09722222222223
1781612205,75,,Aggregated,297.600000,0.000000,6,20,39,71,190,270,410,470,620,710,710,10339,0,6,52.55285735948713,2.1494230022653937,1451.849024015246,2399.9863623174388
1781612206,75,GET,/feed/{user_id},117.900000,0.000000,5,8,13,20,36,48,57,63,83,90,90,4260,0,5,13.02908721653621,2.682451013242826,166.5794839791488,1429.2018779342723
1781612206,75,GET,/feed/{user_id}?with_fof=true,59.700000,0.000000,190,240,270,300,380,450,530,570,630,630,630,2125,0,180.0,217.08550460127128,17.214614985277876,1451.849024015246,7499.047529411765
1781612206,75,POST,/likes,6.100000,0.000000,3,3,4,4,4,5,5,6,6,6,6,224,0,3,3.4938399721795577,2.3934080090839416,8.597934007411823,178.51339285714286
1781612206,75,POST,/posts,7.900000,0.000000,3,3,4,4,4,5,5,6,6,6,6,314,0,3,3.4437548684491626,2.1494230022653937,18.906191980931908,226.0796178343949
1781612206,75,GET,/timeline/{user_id},77.700000,0.000000,5,7,11,17,31,38,46,52,93,93,93,2678,0,5,11.292452621438887,2.4904030142351985,133.52627598214895,1181.8902165795369
1781612206,75,GET,/users/{user_id},29.700000,0.000000,4,7,13,19,29,36,49,58,79,79,79,1028,0,4,9.973062189396222,2.2203190019354224,104.36702400329523,263.11867704280155
1781612206,75,,Aggregated,299.000000,0.000000,6,21,39,72,190,270,380,450,610,630,630,10629,0,6,52.607777218319654,2.1494230022653937,1451.849024015246,2405.723962743438
1781612207,75,GET,/feed/{user_id},119.100000,0.000000,5,7,12,18,35,46,56,64,83,90,90,4382,0,5,12.978910784217586,2.682451013242826,166.5794839791488,1428.6681880419899
1781612207,75,GET,/feed/{user_id}?with_fof=true,59.200000,0.000000,190,240,270,300,390,460,530,560,630,630,630,2180,0,180.0,216.83024608746646,17.214614985277876,1451.849024015246,7514.87752293578
1781612207,75,POST,/likes,5.300000,0.000000,3,3,4,4,4,5,5,6,6,6,6,232,0,3,3.485892516217628,2.3934080090839416,8.597934007411823,178.48275862068965
1781612207,75,POST,/posts,7.500000,0.000000,3,3,4,4,4,5,5,6,6,6,6,322,0,3,3.4292979028165593,2.1494230022653937,18.906191980931908,226.08695652173913
1781612207,75,GET,/timeline/{user_id},79.500000,0.000000,5,6,10,17,30,38,46,52,93,93,93,2752,0,5,11.239135932153784,2.4904030142351985,133.52627598214895,1171.1228197674418
1781612207,75,GET,/users/{user_id},29.000000,0.000000,4,7,15,21,29,35,45,58,79,79,79,1060,0,4,10.00557507235636,2.133158006472513,104.36702400329523,263.12924528301886
1781612207,75,,Aggregated,299.600000,0.000000,6,19,38,71,180,270,390,450,600,630,630,10928,0,6,52.43525770292577,2.133158006472513,1451.849024015246,2402.9019033674963
1781612208,75,GET,/feed/{user_id},119.500000,0.000000,5,7,11,17,33,44,55,64,83,90,90,4531,0,5,12.870103939398042,2.682451013242826,166.5794839791488,1422.8399911719268
1781612208,75,GET,/feed/{user_id}?with_fof=true,59.400000,0.000000,170,220,250,280,370,450,530,560,630,630,630,2238,0,170.0,215.13692743241265,17.214614985277876,1451.849024015246,7515.57908847185
1781612208,75,POST,/likes,5.700000,0.000000,3,3,4,4,4,5,5,6,6,6,6,240,0,3,3.4864500362649173,2.3934080090839416,8.597934007411823,178.4875
1781612208,75,POST,/posts,7.600000,0.000000,3,3,4,4,4,5,5,6,6,6,6,329,0,3,3.4229182300305045,2.1494230022653937,18.906191980931908,226.08206686930092
1781612208,75,GET,/timeline/{user_id},80.000000,0.000000,5,6,11,17,30,38,46,52,93,93,93,2830,0,5,11.208555862647334,2.4904030142351985,133.52627598214895,1177.091519434629
1781612208,75,GET,/users/{user_id},28.700000,0.000000,4,7,15,19,29,35,45,58,79,79,79,1079,0,4,9.992169450184777,2.133158006472513,104.36702400329523,263.1334569045412
1781612208,75,,Aggregated,300.900000,0.000000,6,18,35,65,170,250,370,440,600,630,630,11247,0,6,51.9476781877458,2.133158006472513,1451.849024015246,2400.5567706944075
1781612209,75,GET,/feed/{user_id},120.300000,0.000000,5,7,10,17,33,43,55,64,83,90,90,4648,0,5,12.777410583768114,2.682451013242826,166.5794839791488,1419.4175989672979
1781612209,75,GET,/feed/{user_id}?with_fof=true,60.500000,0.000000,170,210,240,270,350,440,510,550,630,630,630,2293,0,170.0,214.11022480324243,17.214614985277876,1451.849024015246,7521.893153074575
1781612209,75,POST,/likes,5.500000,0.000000,3,4,4,4,4,5,6,18,18,18,18,249,0,3,3.545190649711149,2.3934080090839416,18.1881440221332,178.51004016064257
1781612209,75,POST,/posts,7.000000,0.000000,3,3,4,4,4,5,6,7,7,7,7,338,0,3,3.431106366051124,2.1494230022653937,18.906191980931908,226.07396449704143
1781612209,75,GET,/timeline/{user_id},79.600000,0.000000,5,6,10,17,29,38,46,52,93,93,93,2926,0,5,11.121276555441957,2.4904030142351985,133.52627598214895,1171.6103896103896
1781612209,75,GET,/users/{user_id},28.500000,0.000000,4,7,15,18,29,35,45,58,79,79,79,1107,0,4,9.966110328623357,2.133158006472513,104.36702400329523,263.1382113821138
1781612209,75,,Aggregated,301.400000,0.000000,6,18,34,58,170,240,340,440,600,630,630,11561,0,6,51.54917010861532,2.133158006472513,1451.849024015246,2394.7272727272725
1781612210,75,GET,/feed/{user_id},120.100000,0.000000,5,7,11,19,34,44,58,65,90,100,100,4757,0,5,12.842830384588645,2.682451013242826,166.5794839791488,1422.6441034265292
1781612210,75,GET,/feed/{user_id}?with_fof=true,59.400000,0.000000,170,220,250,280,370,440,520,570,630,630,630,2343,0,170.0,213.85949675581148,17.214614985277876,1451.849024015246,7541.5860008536065
1781612210,75,POST,/likes,6.400000,0.000000,3,3,4,4,4,5,6,18,18,18,18,259,0,3,3.528599632597388,2.3934080090839416,18.1881440221332,178.4942084942085
1781612210,75,POST,/posts,7.700000,0.000000,3,3,4,4,4,5,6,7,7,7,7,344,0,3,3.4247168247908797,2.1494230022653937,18.906191980931908,226.07848837209303
1781612210,75,GET,/timeline/{user_id},78.600000,0.000000,5,6,10,18,31,39,48,65,93,93,93,2988,0,5,11.200862411735175,2.4904030142351985,133.52627598214895,1171.698795180723
1781612210,75,GET,/users/{user_id},28.000000,0.000000,4,7,15,18,30,36,45,58,79,79,79,1135,0,4,9.975599044690828,2.133158006472513,104.36702400329523,263.13920704845816
1781612210,75,,Aggregated,300.200000,0.000000,6,19,36,65,170,250,360,440,600,630,630,11826,0,6,51.50081487678962,2.133158006472513,1451.849024015246,2398.203450025368
1781612211,75,GET,/feed/{user_id},123.500000,0.000000,5,7,13,19,34,45,60,66,90,100,100,4867,0,5,12.85347171352016,2.682451013242826,166.5794839791488,1418.228888432299
1781612211,75,GET,/feed/{user_id}?with_fof=true,59.200000,0.000000,180,230,280,320,430,540,630,720,940,940,940,2412,0,170.0,217.85073432005248,17.214614985277876,1451.849024015246,7552.247927031509
1781612211,75,POST,/likes,5.600000,0.000000,3,3,4,4,4,5,5,18,18,18,18,263,0,3,3.537967778961865,2.3934080090839416,18.1881440221332,178.48669201520912
1781612211,75,POST,/posts,7.700000,0.000000,3,3,4,4,4,5,6,7,7,7,7,356,0,3,3.4150212772289983,2.1494230022653937,18.906191980931908,226.09831460674158
1781612211,75,GET,/timeline/{user_id},79.100000,0.000000,5,7,11,19,31,39,50,67,93,93,93,3062,0,5,11.22562858081752,2.4904030142351985,133.52627598214895,1177.046048334422
1781612211,75,GET,/users/{user_id},27.500000,0.000000,4,7,15,19,33,37,49,58,79,79,79,1157,0,4,10.113791767274357,2.133158006472513,104.36702400329523,263.1322385479689
1781612211,75,,Aggregated,302.600000,0.000000,6,21,38,72,180,280,430,540,870,940,940,12117,0,6,52.50759948002223,2.133158006472513,1451.849024015246,2406.0851695964348
1781612212,75,GET,/feed/{user_id},123.100000,0.000000,5,8,14,20,36,48,63,72,92,100,100,4973,0,5,12.918265609611371,2.682451013242826,166.5794839791488,1426.2704604866278
1781612212,75,GET,/feed/{user_id}?with_fof=true,58.300000,0.000000,180,250,300,340,440,540,630,720,940,940,940,2462,0,170.0,218.00281273841202,17.214614985277876,1451.849024015246,7553.536149471974
1781612212,75,POST,/likes,6.500000,0.000000,3,3,4,4,5,5,10,18,18,18,18,267,0,3,3.5572418460599757,2.3934080090839416,18.1881440221332,178.49063670411985
1781612212,75,POST,/posts,7.900000,0.000000,3,3,3,4,4,5,6,7,7,7,7,368,0,3,3.3979648661720008,2.1494230022653937,18.906191980931908,226.10326086956522
1781612212,75,GET,/timeline/{user_id},80.400000,0.000000,5,7,15,20,33,41,52,68,93,93,93,3124,0,5,11.323816541458402,2.4904030142351985,133.52627598214895,1179.51152368758
1781612212,75,GET,/users/{user_id},27.400000,0.000000,4,7,15,19,33,40,57,69,79,79,79,1184,0,4,10.179597288574646,2.133158006472513,104.36702400329523,263.13597972972974
1781612212,75,,Aggregated,303.600000,0.000000,6,21,39,74,180,300,440,540,870,940,940,12378,0,6,52.560505780207265,2.133158006472513,1451.849024015246,2408.8591856519633
1781612213,75,GET,/feed/{user_id},120.400000,0.000000,5,8,14,20,36,48,62,71,92,100,100,5102,0,5,12.950448244919173,2.682451013242826,166.5794839791488,1425.391023128185
1781612213,75,GET,/feed/{user_id}?with_fof=true,58.200000,0.000000,180,250,300,350,470,580,660,830,940,940,940,2526,0,170.0,220.97020857876507,17.214614985277876,1451.849024015246,7567.685273159145
1781612213,75,POST,/likes,6.300000,0.000000,3,4,4,4,4,5,10,18,18,18,18,272,0,3,3.5556286321105506,2.3934080090839416,18.1881440221332,178.4889705882353
1781612213,75,POST,/posts,7.400000,0.000000,3,3,3,4,4,6,6,7,7,7,7,374,0,3,3.412051338803292,2.1494230022653937,18.906191980931908,226.11229946524065
1781612213,75,GET,/timeline/{user_id},77.400000,0.000000,5,7,15,20,32,43,55,68,100,100,100,3196,0,5,11.355089354032309,2.4904030142351985,133.52627598214895,1178.5716520650813
1781612213,75,GET,/users/{user_id},26.400000,0.000000,4,7,15,18,33,36,57,64,69,69,69,1202,0,4,10.153034924023542,2.133158006472513,104.36702400329523,263.1522462562396
1781612213,75,,Aggregated,296.100000,0.000000,6,22,40,77,190,310,470,580,870,940,940,12672,0,6,53.26562386034945,2.133158006472513,1451.849024015246,2415.12444760101
1781612214,75,GET,/feed/{user_id},119.000000,0.000000,5,8,14,20,35,46,62,71,92,100,100,5207,0,5,12.906076822820973,2.682451013242826,166.5794839791488,1420.5175724985597
1781612214,75,GET,/feed/{user_id}?with_fof=true,59.100000,0.000000,180,240,290,330,430,580,660,830,940,940,940,2584,0,170.0,220.04999544580485,17.214614985277876,1451.849024015246,7573.263931888545
1781612214,75,POST,/likes,6.200000,0.000000,3,4,4,4,5,5,10,18,18,18,18,280,0,3,3.550271224646297,2.3934080090839416,18.1881440221332,178.49642857142857
1781612214,75,POST,/posts,7.800000,0.000000,3,3,4,4,4,6,6,7,7,7,7,383,0,3,3.411211907759056,2.1494230022653937,18.906191980931908,226.1201044386423
1781612214,75,GET,/timeline/{user_id},76.700000,0.000000,5,7,15,21,32,41,59,68,100,100,100,3287,0,5,11.357584199397097,2.4904030142351985,133.52627598214895,1176.1883176148463
1781612214,75,GET,/users/{user_id},27.300000,0.000000,4,7,15,18,33,36,57,64,69,69,69,1230,0,4,10.122030237959358,2.133158006472513,104.36702400329523,263.1577235772358
1781612214,75,,Aggregated,296.100000,0.000000,6,22,39,76,180,290,440,580,870,940,940,12971,0,6,53.03324160111552,2.133158006472513,1451.849024015246,2412.4853133914116
1781612215,75,GET,/feed/{user_id},116.900000,0.000000,5,8,14,20,34,44,60,68,92,100,100,5325,0,5,12.865712327583138,2.682451013242826,166.5794839791488,1417.5128638497652
1781612215,75,GET,/feed/{user_id}?with_fof=true,58.600000,0.000000,170,230,280,320,430,580,660,830,940,940,940,2645,0,170.0,219.04650819503274,17.214614985277876,1451.849024015246,7564.051039697542
1781612215,75,POST,/likes,6.200000,0.000000,3,4,4,4,5,5,10,18,18,18,18,288,0,3,3.5613850205764823,2.3934080090839416,18.1881440221332,178.50694444444446
1781612215,75,POST,/posts,8.200000,0.000000,3,3,4,4,4,5,6,7,7,7,7,394,0,3,3.4045423850089755,2.1494230022653937,18.906191980931908,226.13451776649745
1781612215,75,GET,/timeline/{user_id},74.500000,0.000000,5,8,16,21,32,41,55,65,100,100,100,3375,0,5,11.373950613757458,2.4904030142351985,133.52627598214895,1176.016
1781612215,75,GET,/users/{user_id},26.100000,0.000000,5,7,15,19,30,35,41,57,69,69,69,1256,0,4,10.138426485494044,2.133158006472513,104.36702400329523,263.18073248407643
1781612215,75,,Aggregated,290.500000,0.000000,6,21,37,75,170,280,420,580,870,940,940,13283,0,6,52.80252562621948,2.133158006472513,1451.849024015246,2408.73951667545
1781612216,75,GET,/feed/{user_id},118.200000,0.000000,5,8,13,20,34,44,60,68,92,100,100,5441,0,5,12.853529864631053,2.682451013242826,166.5794839791488,1426.0192979231758
1781612216,75,GET,/feed/{user_id}?with_fof=true,59.000000,0.000000,170,220,270,300,420,580,660,830,940,940,940,2709,0,170.0,218.0874537979837,17.214614985277876,1451.849024015246,7566.800295311923
1781612216,75,POST,/likes,6.400000,0.000000,3,4,4,4,5,5,10,18,18,18,18,294,0,3,3.56208835708668,2.3934080090839416,18.1881440221332,178.50340136054422
1781612216,75,POST,/posts,7.800000,0.000000,3,3,4,4,4,5,6,7,7,7,7,407,0,3,3.3964707288165696,2.1494230022653937,18.906191980931908,226.11793611793613
1781612216,75,GET,/timeline/{user_id},75.500000,0.000000,5,8,15,21,32,41,55,65,100,100,100,3454,0,5,11.363656458803307,2.4904030142351985,133.52627598214895,1178.4316734221193
1781612216,75,GET,/users/{user_id},25.200000,0.000000,5,8,16,20,30,35,41,57,69,69,69,1281,0,4,10.11875218478781,2.133158006472513,104.36702400329523,263.1834504293521
1781612216,75,,Aggregated,292.100000,0.000000,6,21,37,75,170,270,420,580,870,940,940,13586,0,6,52.65543771921294,2.133158006472513,1451.849024015246,2414.9406742234655
1781612217,75,GET,/feed/{user_id},118.200000,0.000000,5,8,15,20,35,43,59,64,92,100,100,5586,0,5,12.814389566665275,2.682451013242826,166.5794839791488,1427.766917293233
1781612217,75,GET,/feed/{user_id}?with_fof=true,59.200000,0.000000,170,220,260,290,420,580,660,830,940,940,940,2766,0,170.0,217.22061330288966,17.214614985277876,1451.849024015246,7565.619305856833
1781612217,75,POST,/likes,6.900000,0.000000,3,4,4,4,5,7,10,18,18,18,18,301,0,3,3.5665482789296594,2.3934080090839416,18.1881440221332,178.49501661129568
1781612217,75,POST,/posts,8.200000,0.000000,3,3,4,4,4,5,6,7,7,7,7,412,0,3,3.4018048704505754,2.1494230022653937,18.906191980931908,226.126213592233
1781612217,75,GET,/timeline/{user_id},76.000000,0.000000,5,7,15,19,32,41,54,65,100,100,100,3532,0,5,11.313851979796288,2.4904030142351985,133.52627598214895,1177.2352774631936
1781612217,75,GET,/users/{user_id},24.700000,0.000000,5,8,16,19,29,35,51,57,69,69,69,1305,0,4,10.124583864161723,2.133158006472513,104.36702400329523,263.1800766283525
1781612217,75,,Aggregated,293.200000,0.000000,6,21,37,72,160,260,420,580,870,940,940,13902,0,6,52.3709954171443,2.133158006472513,1451.849024015246,2413.346640771112
1781612218,75,GET,/feed/{user_id},117.600000,0.000000,5,8,15,21,34,44,60,64,92,100,100,5712,0,5,12.785745074679067,2.682451013242826,166.5794839791488,1430.0294117647059
1781612218,75,GET,/feed/{user_id}?with_fof=true,59.100000,0.000000,160,220,260,290,420,580,660,830,940,940,940,2826,0,170.0,216.09954312441468,17.214614985277876,1451.849024015246,7565.85279547063
1781612218,75,POST,/likes,6.900000,0.000000,3,4,4,4,5,7,10,18,18,18,18,308,0,3,3.567245197818802,2.3934080090839416,18.1881440221332,178.50324675324674
1781612218,75,POST,/posts,8.800000,0.000000,3,3,4,4,4,5,6,7,7,7,7,427,0,3,3.3948235798559523,2.1494230022653937,18.906191980931908,226.12646370023418
1781612218,75,GET,/timeline/{user_id},77.200000,0.000000,5,7,14,19,32,41,54,65,100,100,100,3603,0,5,11.264542520031112,2.4904030142351985,133.52627598214895,1182.489036913683
1781612218,75,GET,/users/{user_id},25.100000,0.000000,5,7,15,19,26,35,41,57,69,69,69,1334,0,4,10.067010170022114,2.133158006472513,104.36702400329523,263.18440779610194
1781612218,75,,Aggregated,294.700000,0.000000,6,21,37,72,160,260,420,580,870,940,940,14210,0,6,52.09664491148283,2.133158006472513,1451.849024015246,2414.676917663617
1781612219,75,GET,/feed/{user_id},117.500000,0.000000,5,9,17,23,36,45,59,64,92,100,100,5842,0,5,12.817743920827088,2.682451013242826,166.5794839791488,1430.771140020541
1781612219,75,GET,/feed/{user_id}?with_fof=true,58.600000,0.000000,170,220,270,300,420,580,660,830,940,940,940,2888,0,170.0,215.39477734809614,17.214614985277876,1451.849024015246,7573.2191828254845
1781612219,75,POST,/likes,7.000000,0.000000,3,4,4,4,5,7,7,10,10,10,10,310,0,3,3.567745828730685,2.3934080090839416,18.1881440221332,178.50967741935483
1781612219,75,POST,/posts,9.400000,0.000000,3,3,4,4,4,5,6,6,6,6,6,436,0,3,3.3914555081645874,2.1494230022653937,18.906191980931908,226.13302752293578
1781612219,75,GET,/timeline/{user_id},77.700000,0.000000,5,8,16,21,33,42,55,65,100,100,100,3681,0,5,11.300563128659777,2.4904030142351985,133.52627598214895,1171.635696821516
1781612219,75,GET,/users/{user_id},24.700000,0.000000,4,7,14,19,26,34,51,57,69,69,69,1354,0,4,10.02719502203855,2.133158006472513,104.36702400329523,263.14254062038407
1781612219,75,,Aggregated,294.900000,0.000000,7,24,40,78,170,270,420,580,870,940,940,14511,0,6,52.00883796510762,2.133158006472513,1451.849024015246,2415.618496313142
1781612220,75,GET,/feed/{user_id},118.900000,0.000000,5,9,17,23,35,44,58,68,86,92,92,5951,0,5,12.84929579959361,2.682451013242826,166.5794839791488,1434.7687783565787
1781612220,75,GET,/feed/{user_id}?with_fof=true,58.800000,0.000000,170,220,260,290,410,550,660,820,940,940,940,2952,0,170.0,216.3843918774879,17.214614985277876,1451.849024015246,7576.797086720867
1781612220,75,POST,/likes,6.800000,0.000000,3,4,4,4,5,7,7,10,10,10,10,317,0,3,3.5642547126564166,2.3934080090839416,18.1881440221332,178.52681388012618
1781612220,75,POST,/posts,9.000000,0.000000,3,3,4,4,4,5,6,6,6,6,6,443,0,3,3.3878878545505886,2.1494230022653937,18.906191980931908,226.1196388261851
1781612220,75,GET,/timeline/{user_id},78.500000,0.000000,5,7,16,21,33,42,54,60,100,100,100,3760,0,5,11.328855245402009,2.4904030142351985,133.52627598214895,1174.2781914893617
1781612220,75,GET,/users/{user_id},24.900000,0.000000,4,7,14,18,26,36,53,62,69,69,69,1377,0,4,10.062634498699309,2.133158006472513,104.36702400329523,263.15541031227303
1781612220,75,,Aggregated,296.900000,0.000000,6,23,39,78,170,260,410,550,870,940,940,14800,0,6,52.31867098760975,2.133158006472513,1451.849024015246,2421.5830405405404
1781612221,75,GET,/feed/{user_id},118.300000,0.000000,5,9,17,23,36,46,54,64,86,92,92,6070,0,5,12.879715844546944,2.682451013242826,166.5794839791488,1432.5144975288304
1781612221,75,GET,/feed/{user_id}?with_fof=true,58.900000,0.000000,180,220,260,280,370,460,570,650,870,870,870,3013,0,170.0,216.43031428687956,17.214614985277876,1451.849024015246,7577.083969465649
1781612221,75,POST,/likes,6.900000,0.000000,3,4,4,4,5,5,7,7,7,7,7,327,0,3,3.555958647891845,2.365746011491865,18.1881440221332,178.50764525993884
1781612221,75,POST,/posts,9.700000,0.000000,3,3,4,4,4,4,6,6,6,6,6,448,0,3,3.3884049097910713,2.1494230022653937,18.906191980931908,226.11830357142858
1781612221,75,GET,/timeline/{user_id},78.000000,0.000000,5,8,16,22,33,42,53,59,100,100,100,3826,0,5,11.374389350198424,2.4904030142351985,133.52627598214895,1176.8536330371144
1781612221,75,GET,/users/{user_id},25.300000,0.000000,4,6,8,16,24,34,50,53,64,64,64,1411,0,4,10.0107313484466,2.133158006472513,104.36702400329523,263.14103472714385
1781612221,75,,Aggregated,297.100000,0.000000,6,24,40,81,180,260,370,480,820,870,870,15095,0,6,52.375539687759684,2.133158006472513,1451.849024015246,2421.9095064590924
1781612222,75,GET,/feed/{user_id},118.900000,0.000000,5,8,16,23,36,45,52,58,80,83,83,6182,0,5,12.856757722667371,2.682451013242826,166.5794839791488,1444.7253316078938
1781612222,75,GET,/feed/{user_id}?with_fof=true,59.200000,0.000000,180,220,250,270,340,400,540,590,830,830,830,3069,0,170.0,216.27767828198162,17.214614985277876,1451.849024015246,7565.242424242424
1781612222,75,POST,/likes,5.800000,0.000000,3,4,4,4,5,5,7,7,7,7,7,332,0,3,3.566305725505654,2.365746011491865,18.1881440221332,178.5210843373494
1781612222,75,POST,/posts,9.500000,0.000000,3,3,4,4,4,5,6,6,6,6,6,457,0,3,3.3912189444043026,2.1494230022653937,18.906191980931908,226.1203501094092
1781612222,75,GET,/timeline/{user_id},75.300000,0.000000,5,7,15,21,32,41,49,55,100,100,100,3901,0,5,11.363907904056553,2.4904030142351985,133.52627598214895,1182.8282491668804
1781612222,75,GET,/users/{user_id},24.400000,0.000000,4,6,8,16,25,34,40,50,62,62,62,1453,0,4,10.004170483560062,2.133158006472513,104.36702400329523,263.14934618031657
1781612222,75,,Aggregated,293.100000,0.000000,6,23,38,71,180,250,340,400,650,830,830,15394,0,6,52.282521494980465,2.133158006472513,1451.849024015246,2423.554371833182
1781612223,75,GET,/feed/{user_id},120.200000,0.000000,5,8,17,23,37,46,53,58,88,120,120,6325,0,5,12.888306171970125,2.682451013242826,166.5794839791488,1446.0915415019763
1781612223,75,GET,/feed/{user_id}?with_fof=true,60.400000,0.000000,170,210,240,260,320,380,440,510,570,570,570,3116,0,170.0,215.26183927293206,17.214614985277876,1451.849024015246,7553.326059050064
1781612223,75,POST,/likes,5.700000,0.000000,3,4,4,4,5,5,7,7,7,7,7,337,0,3,3.5620078216313775,2.365746011491865,18.1881440221332,178.52818991097922
1781612223,75,POST,/posts,10.000000,0.000000,3,3,4,4,4,4,5,5,5,5,5,467,0,3,3.3824878728702243,2.1494230022653937,18.906191980931908,226.12633832976445
1781612223,75,GET,/timeline/{user_id},76.700000,0.000000,5,7,15,20,32,39,46,51,64,64,64,3968,0,5,11.35427333235472,2.4904030142351985,133.52627598214895,1185.359122983871
1781612223,75,GET,/users/{user_id},24.400000,0.000000,4,6,8,16,25,35,50,52,62,62,62,1491,0,4,10.032686513510834,2.133158006472513,104.36702400329523,263.14889336016097
1781612223,75,,Aggregated,297.400000,0.000000,6,22,38,58,170,240,320,370,540,570,570,15704,0,6,51.9018682093171,2.133158006472513,1451.849024015246,2416.2199439633214
1781612224,75,GET,/feed/{user_id},119.600000,0.000000,5,8,17,22,35,45,53,58,88,120,120,6427,0,5,12.83600054779132,2.682451013242826,166.5794839791488,1443.0315854986775
1781612224,75,GET,/feed/{user_id}?with_fof=true,59.800000,0.000000,170,220,250,270,330,390,450,530,620,620,620,3179,0,170.0,215.49859027913902,17.214614985277876,1451.849024015246,7560.797106008179
1781612224,75,POST,/likes,6.400000,0.000000,3,4,4,4,5,5,7,7,7,7,7,348,0,3,3.548824695178479,2.365746011491865,18.1881440221332,178.5316091954023
1781612224,75,POST,/posts,9.100000,0.000000,3,3,4,4,4,4,5,5,5,5,5,476,0,3,3.3848650243936476,2.1494230022653937,18.906191980931908,226.1113445378151
1781612224,75,GET,/timeline/{user_id},76.700000,0.000000,5,7,14,21,33,39,46,51,64,64,64,4050,0,5,11.336919130551928,2.4904030142351985,133.52627598214895,1193.5624691358025
1781612224,75,GET,/users/{user_id},24.700000,0.000000,4,6,8,16,25,35,50,52,62,62,62,1522,0,4,10.025848435384402,2.133158006472513,104.36702400329523,263.1491458607096
1781612224,75,,Aggregated,296.300000,0.000000,6,21,38,58,170,240,330,390,550,620,620,16002,0,6,51.9676943232697,2.133158006472513,1451.849024015246,2419.3436445444318
1781612225,75,GET,/feed/{user_id},121.100000,0.000000,5,8,17,21,35,43,52,58,88,120,120,6577,0,5,12.748504471316947,2.682451013242826,166.5794839791488,1436.8710658354873
1781612225,75,GET,/feed/{user_id}?with_fof=true,59.900000,0.000000,170,210,240,260,330,390,450,530,620,620,620,3228,0,170.0,214.1831503969547,17.214614985277876,1451.849024015246,7560.782837670384
1781612225,75,POST,/likes,6.600000,0.000000,3,4,4,4,4,5,5,7,7,7,7,359,0,3,3.5447346349441364,2.365746011491865,18.1881440221332,178.5459610027855
1781612225,75,POST,/posts,8.900000,0.000000,3,3,4,4,4,4,5,5,5,5,5,491,0,3,3.3788325408731574,2.1494230022653937,18.906191980931908,226.11608961303463
1781612225,75,GET,/timeline/{user_id},77.300000,0.000000,5,7,14,20,32,39,48,51,66,66,66,4129,0,5,11.310344776614869,2.4904030142351985,133.52627598214895,1200.8646161298136
1781612225,75,GET,/users/{user_id},27.700000,0.000000,4,5,8,16,25,35,50,52,62,62,62,1548,0,4,9.98854825038671,2.133158006472513,104.36702400329523,263.14082687338504
1781612225,75,,Aggregated,301.500000,0.000000,6,20,36,53,160,230,320,380,550,620,620,16332,0,6,51.45263140919522,2.133158006472513,1451.849024015246,2412.2790227773694
1781612226,75,GET,/feed/{user_id},122.000000,0.000000,5,7,15,20,34,43,52,58,88,120,120,6728,0,5,12.653609358089035,2.682451013242826,166.5794839791488,1430.1260404280617
1781612226,75,GET,/feed/{user_id}?with_fof=true,59.100000,0.000000,160,210,230,260,330,390,450,530,620,620,620,3279,0,170.0,213.2209539713899,17.214614985277876,1451.849024015246,7569.952424519671
1781612226,75,POST,/likes,6.300000,0.000000,3,4,4,4,4,5,6,7,7,7,7,367,0,3,3.5488669507869086,2.365746011491865,18.1881440221332,178.5367847411444
1781612226,75,POST,/posts,9.500000,0.000000,3,3,4,4,4,4,5,5,5,5,5,496,0,3,3.376155019249117,2.1494230022653937,18.906191980931908,226.11693548387098
1781612226,75,GET,/timeline/{user_id},75.800000,0.000000,5,7,16,22,32,38,46,51,66,66,66,4210,0,5,11.314341667810048,2.4904030142351985,133.52627598214895,1197.698812351544
1781612226,75,GET,/users/{user_id},29.000000,0.000000,4,5,7,15,24,35,50,52,62,62,62,1578,0,4,9.918036880636327,2.133158006472513,104.36702400329523,263.13751584283904
1781612226,75,,Aggregated,301.700000,0.000000,6,20,34,50,160,230,320,380,550,620,620,16658,0,6,51.05931321365237,2.133158006472513,1451.849024015246,2405.9900348181054
1781612227,75,GET,/feed/{user_id},121.700000,0.000000,5,7,13,20,34,43,53,58,88,120,120,6838,0,5,12.625557900294465,2.682451013242826,166.5794839791488,1423.716730038023
1781612227,75,GET,/feed/{user_id}?with_fof=true,59.400000,0.000000,170,210,240,270,340,400,460,540,620,620,620,3344,0,170.0,213.44402741544582,17.214614985277876,1451.849024015246,7569.72966507177
1781612227,75,POST,/likes,6.700000,0.000000,3,4,4,4,4,5,5,6,6,6,6,375,0,3,3.547580194504311,2.365746011491865,18.1881440221332,178.53333333333333
1781612227,75,POST,/posts,9.400000,0.000000,3,3,4,4,4,4,5,5,5,5,5,502,0,3,3.3790612162185454,2.1494230022653937,18.906191980931908,226.10756972111554
1781612227,75,GET,/timeline/{user_id},76.100000,0.000000,5,7,16,22,32,39,48,52,66,66,66,4279,0,5,11.309649202953661,2.4904030142351985,133.52627598214895,1197.3930824959102
1781612227,75,GET,/users/{user_id},29.500000,0.000000,4,5,8,16,28,38,49,51,62,62,62,1616,0,4,10.028036620442975,2.133158006472513,104.36702400329523,263.1299504950495
1781612227,75,,Aggregated,302.800000,0.000000,6,20,35,52,160,230,340,400,570,620,620,16954,0,6,51.180625222426556,2.133158006472513,1451.849024015246,2405.206440957886
1781612228,75,GET,/feed/{user_id},125.900000,0.000000,5,7,13,19,33,43,53,58,88,120,120,6971,0,5,12.596582922848494,2.682451013242826,166.5794839791488,1421.0984076889972
1781612228,75,GET,/feed/{user_id}?with_fof=true,57.900000,0.000000,170,210,240,270,340,400,460,540,620,620,620,3399,0,170.0,212.47421216926787,17.214614985277876,1451.849024015246,7574.068843777582
1781612228,75,POST,/likes,6.900000,0.000000,3,4,4,4,4,5,5,6,6,6,6,380,0,3,3.546353320799474,2.365746011491865,18.1881440221332,178.53157894736842
1781612228,75,POST,/posts,9.400000,0.000000,3,3,4,4,4,5,5,5,5,5,5,508,0,3,3.374032530643497,2.1494230022653937,18.906191980931908,226.10629921259843
1781612228,75,GET,/timeline/{user_id},75.400000,0.000000,5,7,17,22,32,39,48,53,66,66,66,4357,0,5,11.30372953073425,2.4904030142351985,133.52627598214895,1199.626118889144
1781612228,75,GET,/users/{user_id},29.300000,0.000000,4,5,8,16,28,38,49,51,62,62,62,1647,0,4,9.982140911764956,2.133158006472513,104.36702400329523,263.12750455373407
1781612228,75,,Aggregated,304.800000,0.000000,6,20,34,52,160,230,340,400,570,620,620,17262,0,6,50.907379512980825,2.133158006472513,1451.849024015246,2403.752925501101
1781612229,75,GET,/feed/{user_id},127.900000,0.000000,5,7,12,19,33,43,54,62,88,120,120,7079,0,5,12.636348869655865,2.682451013242826,166.5794839791488,1418.1608984319819
1781612229,75,GET,/feed/{user_id}?with_fof=true,56.300000,0.000000,170,220,250,290,380,430,500,540,620,620,620,3459,0,170.0,212.92016540020634,17.214614985277876,1451.849024015246,7584.2879444926275
1781612229,75,POST,/likes,7.200000,0.000000,3,4,4,4,4,5,5,6,6,6,6,387,0,3,3.5409717439302035,2.365746011491865,18.1881440221332,178.5374677002584
1781612229,75,POST,/posts,8.800000,0.000000,3,3,4,4,4,5,5,5,5,5,5,518,0,3,3.3765715685907685,2.1494230022653937,18.906191980931908,226.1100386100386
1781612229,75,GET,/timeline/{user_id},74.200000,0.000000,5,7,15,20,31,38,48,52,66,66,66,4417,0,5,11.325148429115348,2.4904030142351985,133.52627598214895,1202.9481548562374
1781612229,75,GET,/users/{user_id},30.100000,0.000000,4,5,8,16,28,38,49,51,56,56,56,1680,0,4,10.005895905193203,2.133158006472513,104.36702400329523,263.1410714285714
1781612229,75,,Aggregated,304.500000,0.000000,6,19,34,53,160,240,370,410,590,620,620,17540,0,6,51.07731309219873,2.133158006472513,1451.849024015246,2406.780558722919
1781612230,75,GET,/feed/{user_id},125.700000,0.000000,5,7,12,19,32,43,55,62,88,120,120,7192,0,5,12.62506888185076,2.682451013242826,166.5794839791488,1420.8363459399332
1781612230,75,GET,/feed/{user_id}?with_fof=true,57.400000,0.000000,160,210,250,290,380,440,510,560,620,620,620,3525,0,170.0,213.50315610049228,17.214614985277876,1451.849024015246,7574.0295035460995
1781612230,75,POST,/likes,7.300000,0.000000,3,4,4,4,4,5,5,6,6,6,6,394,0,3,3.544882266235013,2.365746011491865,18.1881440221332,178.51522842639594
1781612230,75,POST,/posts,8.800000,0.000000,3,3,4,4,4,5,5,5,5,5,5,526,0,3,3.3750054515573327,2.1494230022653937,18.906191980931908,226.1102661596958
1781612230,75,GET,/timeline/{user_id},74.100000,0.000000,5,7,15,21,31,39,49,53,78,78,78,4483,0,5,11.309413551698555,2.4904030142351985,133.52627598214895,1200.0693731875976
1781612230,75,GET,/users/{user_id},31.000000,0.000000,4,5,8,16,28,38,49,51,56,56,56,1714,0,4,9.990702212774309,2.133158006472513,104.36702400329523,263.1534422403734
1781612230,75,,Aggregated,304.300000,0.000000,6,19,34,53,160,240,380,440,600,620,620,17834,0,6,51.272525607148225,2.133158006472513,1451.849024015246,2407.6109678142875
1781612231,75,GET,/feed/{user_id},124.500000,0.000000,5,7,11,19,32,41,55,63,88,120,120,7323,0,5,12.589156719950298,2.682451013242826,166.5794839791488,1416.8284855933362
1781612231,75,GET,/feed/{user_id}?with_fof=true,56.900000,0.000000,160,200,240,280,370,440,500,560,620,620,620,3584,0,170.0,213.001636455983,17.214614985277876,1451.849024015246,7571.802455357143
1781612231,75,POST,/likes,7.300000,0.000000,3,4,4,4,4,5,5,6,6,6,6,401,0,3,3.5419699274632905,2.365746011491865,18.1881440221332,178.52369077306733
1781612231,75,POST,/posts,8.300000,0.000000,3,3,3,4,4,5,5,5,5,5,5,536,0,3,3.3643255326805686,2.1494230022653937,18.906191980931908,226.11753731343285
1781612231,75,GET,/timeline/{user_id},73.900000,0.000000,5,6,11,19,30,37,48,52,78,78,78,4574,0,5,11.263968076339921,2.4904030142351985,133.52627598214895,1200.5754263226934
1781612231,75,GET,/users/{user_id},31.900000,0.000000,4,5,9,16,29,39,49,51,56,56,56,1748,0,4,9.97647597915088,2.133158006472513,104.36702400329523,263.1567505720824
1781612231,75,,Aggregated,302.800000,0.000000,5,18,33,51,150,230,360,430,590,620,620,18166,0,6,51.071900150699285,2.133158006472513,1451.849024015246,2403.2253660684796
1781612232,75,GET,/feed/{user_id},123.000000,0.000000,5,7,11,18,31,39,54,62,88,120,120,7462,0,5,12.518683197560573,2.682451013242826,166.5794839791488,1415.9611364245511
1781612232,75,GET,/feed/{user_id}?with_fof=true,57.700000,0.000000,160,190,230,260,370,440,500,560,620,620,620,3631,0,170.0,211.98314034763283,17.214614985277876,1451.849024015246,7568.96970531534
1781612232,75,POST,/likes,7.800000,0.000000,3,4,4,4,4,5,5,6,6,6,6,409,0,3,3.539573393456415,2.365746011491865,18.1881440221332,178.51344743276283
1781612232,75,POST,/posts,8.400000,0.000000,3,3,3,4,4,5,5,5,5,5,5,553,0,3,3.3602400930854364,2.1494230022653937,18.906191980931908,226.09584086799276
1781612232,75,GET,/timeline/{user_id},73.400000,0.000000,5,6,9,18,29,37,44,51,78,78,78,4660,0,5,11.197360508871373,2.4904030142351985,133.52627598214895,1197.2090128755365
1781612232,75,GET,/users/{user_id},33.200000,0.000000,4,5,12,16,28,38,49,51,56,56,56,1782,0,4,9.939406620416039,2.133158006472513,104.36702400329523,263.17957351290687
1781612232,75,,Aggregated,303.500000,0.000000,5,17,31,48,140,220,350,420,590,620,620,18497,0,6,50.62025287780579,2.133158006472513,1451.849024015246,2394.7047629345298
1781612233,75,GET,/feed/{user_id},123.400000,0.000000,5,7,11,19,31,40,54,63,84,110,110,7574,0,5,12.582261681569213,2.682451013242826,166.5794839791488,1412.4386057565355
1781612233,75,GET,/feed/{user_id}?with_fof=true,57.400000,0.000000,160,200,240,290,400,460,550,590,620,620,620,3690,0,170.0,213.24979859895797,17.214614985277876,1451.849024015246,7572.185636856369
1781612233,75,POST,/likes,7.800000,0.000000,3,4,4,4,4,5,5,6,6,6,6,415,0,3,3.5382432142182827,2.365746011491865,18.1881440221332,178.51325301204818
1781612233,75,POST,/posts,8.100000,0.000000,3,3,3,4,4,5,5,5,5,5,5,561,0,3,3.359131949300896,2.1494230022653937,18.906191980931908,226.09625668449198
1781612233,75,GET,/timeline/{user_id},73.200000,0.000000,5,6,9,18,29,37,49,57,78,78,78,4724,0,5,11.234704613127239,2.4904030142351985,133.52627598214895,1199.7635478408129
1781612233,75,GET,/users/{user_id},33.700000,0.000000,4,6,12,17,28,35,42,51,63,63,63,1806,0,4,9.994340046284568,2.133158006472513,104.36702400329523,263.2015503875969
1781612233,75,,Aggregated,303.600000,0.000000,5,18,32,52,150,230,390,460,610,620,620,18770,0,6,50.96777695683652,2.133158006472513,1451.849024015246,2396.54358018114
1781612234,75,GET,/feed/{user_id},125.500000,0.000000,5,7,11,19,31,40,55,64,84,110,110,7696,0,5,12.555103623329872,2.682451013242826,166.5794839791488,1415.6907484407484
1781612234,75,GET,/feed/{user_id}?with_fof=true,57.200000,0.000000,160,190,230,260,390,460,540,590,620,620,620,3755,0,170.0,212.2267797585039,17.214614985277876,1451.849024015246,7565.207989347537
1781612234,75,POST,/likes,7.400000,0.000000,3,4,4,4,4,5,5,6,6,6,6,420,0,3,3.5344256117241457,2.365746011491865,18.1881440221332,178.5047619047619
1781612234,75,POST,/posts,9.000000,0.000000,3,3,3,4,4,5,5,5,5,5,5,569,0,3,3.3583496038446787,2.1494230022653937,18.906191980931908,226.09138840070298
1781612234,75,GET,/timeline/{user_id},75.000000,0.000000,5,6,9,17,29,37,48,57,78,78,78,4801,0,5,11.214845755748653,2.4904030142351985,133.52627598214895,1203.394292855655
1781612234,75,GET,/users/{user_id},33.800000,0.000000,4,6,12,16,26,35,43,51,63,63,63,1844,0,4,9.966570709666229,2.133158006472513,104.36702400329523,263.21637744034706
1781612234,75,,Aggregated,307.900000,0.000000,6,18,32,51,150,220,380,450,610,620,620,19085,0,6,50.78081351961302,2.133158006472513,1451.849024015246,2398.1659418391405
1781612235,75,GET,/feed/{user_id},127.000000,0.000000,5,7,11,19,32,42,56,65,84,110,110,7841,0,5,12.525678699157893,2.682451013242826,166.5794839791488,1419.6854992985589
1781612235,75,GET,/feed/{user_id}?with_fof=true,55.900000,0.000000,160,200,240,290,400,460,540,590,620,620,620,3806,0,170.0,211.9787476755167,17.214614985277876,1451.849024015246,7568.790593799265
1781612235,75,POST,/likes,7.400000,0.000000,3,4,4,4,5,5,5,6,6,6,6,425,0,3,3.538689484600635,2.365746011491865,18.1881440221332,178.50823529411764
1781612235,75,POST,/posts,9.700000,0.000000,3,3,3,4,4,5,5,5,5,5,5,575,0,3,3.3539806096814573,2.1494230022653937,18.906191980931908,226.09565217391304
1781612235,75,GET,/timeline/{user_id},75.400000,0.000000,5,6,9,16,29,38,49,57,78,78,78,4884,0,5,11.155466693163644,2.4904030142351985,133.52627598214895,1199.268837018837
1781612235,75,GET,/users/{user_id},32.300000,0.000000,4,6,12,16,27,38,43,51,63,63,63,1868,0,4,9.92001629958582,2.133158006472513,104.36702400329523,263.21413276231266
1781612235,75,,Aggregated,307.700000,0.000000,6,17,33,55,150,230,390,450,610,620,620,19399,0,6,50.59288272548447,2.133158006472513,1451.849024015246,2396.6882313521314
1781612236,75,GET,/feed/{user_id},125.600000,0.000000,5,7,12,19,33,43,56,65,84,110,110,7981,0,5,12.511091196604163,2.682451013242826,166.5794839791488,1415.1255481769201
1781612236,75,GET,/feed/{user_id}?with_fof=true,57.100000,0.000000,160,200,240,290,400,460,540,590,620,620,620,3870,0,170.0,211.25204583154076,17.214614985277876,1451.849024015246,7562.409819121447
1781612236,75,POST,/likes,7.900000,0.000000,3,4,4,4,4,5,5,5,5,5,5,431,0,3,3.5361042481889244,2.365746011491865,18.1881440221332,178.49883990719258
1781612236,75,POST,/posts,9.200000,0.000000,3,3,3,4,4,5,5,5,5,5,5,586,0,3,3.3515262382828914,2.1494230022653937,18.906191980931908,226.08873720136518
1781612236,75,GET,/timeline/{user_id},75.700000,0.000000,5,6,8,15,29,39,49,57,78,78,78,4950,0,5,11.149269969183763,2.4904030142351985,133.52627598214895,1200.098585858586
1781612236,75,GET,/users/{user_id},31.500000,0.000000,4,6,12,17,26,34,43,51,63,63,63,1898,0,4,9.916291334906749,2.133158006472513,104.36702400329523,263.204425711275
1781612236,75,,Aggregated,307.000000,0.000000,6,18,34,63,160,230,390,450,610,620,620,19716,0,6,50.46127504645346,2.133158006472513,1451.849024015246,2394.5077094745384
1781612237,75,GET,/feed/{user_id},127.000000,0.000000,5,7,13,19,33,43,56,66,84,110,110,8097,0,5,12.48813296590348,2.682451013242826,166.5794839791488,1418.2019266394962
1781612237,75,GET,/feed/{user_id}?with_fof=true,56.600000,0.000000,150,190,220,270,380,450,520,570,620,620,620,3931,0,170.0,210.5647714948024,17.214614985277876,1451.849024015246,7551.5599084202495
1781612237,75,POST,/likes,7.100000,0.000000,3,4,4,4,4,5,5,5,5,5,5,437,0,3,3.534354658976402,2.365746011491865,18.1881440221332,178.48741418764303
1781612237,75,POST,/posts,9.300000,0.000000,3,3,3,4,4,5,5,5,5,5,5,595,0,3,3.351915853211515,2.1494230022653937,18.906191980931908,226.09747899159663
1781612237,75,GET,/timeline/{user_id},75.000000,0.000000,5,6,8,16,29,40,49,57,78,78,78,5024,0,5,11.133368387053434,2.4904030142351985,133.52627598214895,1193.9432722929937
1781612237,75,GET,/users/{user_id},31.800000,0.000000,4,6,8,16,24,37,43,51,63,63,63,1934,0,4,9.89771954941401,2.133158006472513,104.36702400329523,263.18665977249225
1781612237,75,,Aggregated,306.800000,0.000000,6,19,34,59,150,220,380,450,610,620,620,20018,0,6,50.32778822433537,2.133158006472513,1451.849024015246,2392.260165850734
1781612238,75,GET,/feed/{user_id},125.600000,0.000000,5,7,12,19,34,43,56,66,84,110,110,8211,0,5,12.473382665685119,2.682451013242826,166.5794839791488,1423.9818536110097
1781612238,75,GET,/feed/{user_id}?with_fof=true,57.300000,0.000000,160,190,230,270,380,450,520,570,620,620,620,3988,0,170.0,210.06345972892123,17.214614985277876,1451.849024015246,7543.219408224674
1781612238,75,POST,/likes,6.600000,0.000000,3,4,4,4,4,5,5,5,5,5,5,443,0,3,3.5346564604889217,2.365746011491865,18.1881440221332,178.4943566591422
1781612238,75,POST,/posts,8.500000,0.000000,3,3,3,4,5,5,5,5,5,5,5,602,0,3,3.350508404722394,2.1494230022653937,18.906191980931908,226.09468438538207
1781612238,75,GET,/timeline/{user_id},74.900000,0.000000,5,6,7,11,28,39,49,57,78,78,78,5112,0,5,11.086419528313888,2.4904030142351985,133.52627598214895,1194.2036384976525
1781612238,75,GET,/users/{user_id},32.000000,0.000000,4,6,8,16,23,37,43,51,63,63,63,1969,0,4,9.851803064302917,2.133158006472513,104.36702400329523,263.185373285932
1781612238,75,,Aggregated,304.900000,0.000000,6,17,35,58,150,220,370,450,610,620,620,20325,0,6,50.17499917347458,2.133158006472513,1451.849024015246,2391.7754981549815
1781612239,75,GET,/feed/{user_id},125.000000,0.000000,5,7,11,19,33,42,54,66,85,110,110,8319,0,5,12.483278736623124,2.682451013242826,166.5794839791488,1419.1212886164203
1781612239,75,GET,/feed/{user_id}?with_fof=true,59.000000,0.000000,160,200,230,270,350,420,490,560,620,620,620,4048,0,170.0,210.56528564373804,17.214614985277876,1451.849024015246,7542.029891304348
1781612239,75,POST,/likes,6.400000,0.000000,3,4,4,4,4,5,5,6,6,6,6,451,0,3,3.5334937715208046,2.365746011491865,18.1881440221332,178.5011086474501
1781612239,75,POST,/posts,9.100000,0.000000,3,3,4,4,4,5,5,6,6,6,6,611,0,3,3.35336083415004,2.1494230022653937,18.906191980931908,226.09819967266776
1781612239,75,GET,/timeline/{user_id},74.500000,0.000000,5,6,8,13,29,40,49,57,72,72,72,5170,0,5,11.137273397027133,2.4904030142351985,133.52627598214895,1193.4787234042553
1781612239,75,GET,/users/{user_id},31.500000,0.000000,4,6,8,16,24,34,41,43,63,63,63,2007,0,4,9.89759931170918,2.133158006472513,104.36702400329523,263.1938216243149
1781612239,75,,Aggregated,305.500000,0.000000,6,17,34,55,150,230,350,420,590,620,620,20606,0,6,50.33987025806423,2.133158006472513,1451.849024015246,2390.224788896438
1781612240,75,GET,/feed/{user_id},124.500000,0.000000,5,7,11,19,33,43,53,66,85,110,110,8440,0,5,12.470394699175381,2.682451013242826,166.5794839791488,1418.7490521327013
1781612240,75,GET,/feed/{user_id}?with_fof=true,58.500000,0.000000,160,200,230,260,350,440,500,590,630,630,630,4113,0,170.0,210.7658477957138,17.214614985277876,1451.849024015246,7557.305373206905
1781612240,75,POST,/likes,6.200000,0.000000,3,4,4,4,4,5,5,6,6,6,6,455,0,3,3.533033435079423,2.365746011491865,18.1881440221332,178.5032967032967
1781612240,75,POST,/posts,9.000000,0.000000,3,3,3,4,4,5,5,6,6,6,6,620,0,3,3.350617591387427,2.1494230022653937,18.906191980931908,226.09354838709677
1781612240,75,GET,/timeline/{user_id},74.400000,0.000000,5,6,8,13,28,40,52,57,72,72,72,5259,0,5,11.121808022767501,2.4904030142351985,133.52627598214895,1188.9589275527667
1781612240,75,GET,/users/{user_id},31.800000,0.000000,4,6,8,17,26,35,41,43,63,63,63,2034,0,4,9.8901764210863,2.133158006472513,104.36702400329523,263.1991150442478
1781612240,75,,Aggregated,304.400000,0.000000,5,17,34,55,150,220,340,420,610,630,630,20921,0,6,50.40013305275351,2.133158006472513,1451.849024015246,2393.1417236269776
1781612241,75,GET,/feed/{user_id},124.000000,0.000000,5,7,12,19,35,43,53,65,85,110,110,8570,0,5,12.441653972039273,2.682451013242826,166.5794839791488,1416.429521586931
1781612241,75,GET,/feed/{user_id}?with_fof=true,58.400000,0.000000,160,200,230,270,350,440,500,590,630,630,630,4172,0,170.0,209.98854831851318,17.214614985277876,1451.849024015246,7548.608341323106
1781612241,75,POST,/likes,6.200000,0.000000,3,4,4,4,4,5,5,6,6,6,6,462,0,3,3.5310843570769697,2.365746011491865,18.1881440221332,178.5194805194805
1781612241,75,POST,/posts,9.400000,0.000000,3,3,4,4,4,5,5,6,6,6,6,630,0,3,3.3479668184309195,2.1494230022653937,18.906191980931908,226.0888888888889
1781612241,75,GET,/timeline/{user_id},75.900000,0.000000,5,6,8,15,29,40,52,57,72,72,72,5337,0,5,11.09620819610528,2.4904030142351985,133.52627598214895,1186.186621697583
1781612241,75,GET,/users/{user_id},32.200000,0.000000,4,6,8,17,27,35,41,43,63,63,63,2061,0,4,9.886099715936975,2.133158006472513,104.36702400329523,263.1897137311984
1781612241,75,,Aggregated,306.100000,0.000000,6,18,36,58,150,230,340,430,620,630,630,21232,0,6,50.20881183359809,2.133158006472513,1451.849024015246,2389.3000659382064
1781612242,75,GET,/feed/{user_id},124.700000,0.000000,5,7,13,20,35,43,53,62,80,85,85,8701,0,5,12.41963431196113,2.682451013242826,166.5794839791488,1417.32582461786
1781612242,75,GET,/feed/{user_id}?with_fof=true,58.200000,0.000000,160,210,250,280,350,440,500,590,630,630,630,4226,0,170.0,209.85339110998794,17.214614985277876,1451.849024015246,7555.032181732135
1781612242,75,POST,/likes,6.500000,0.000000,3,4,4,4,4,5,5,6,6,6,6,465,0,3,3.5344061203255888,2.365746011491865,18.1881440221332,178.51827956989248
1781612242,75,POST,/posts,9.400000,0.000000,3,3,4,4,4,5,5,6,6,6,6,634,0,3,3.3497123780079354,2.1494230022653937,18.906191980931908,226.09305993690853
1781612242,75,GET,/timeline/{user_id},74.800000,0.000000,5,6,8,13,29,40,50,55,72,72,72,5416,0,5,11.071515041276868,2.4904030142351985,133.52627598214895,1196.9804283604135
1781612242,75,GET,/users/{user_id},31.900000,0.000000,4,5,7,15,27,35,41,44,63,63,63,2088,0,4,9.849441640559736,2.133158006472513,104.36702400329523,263.19683908045977
1781612242,75,,Aggregated,305.500000,0.000000,6,19,37,67,160,240,350,440,620,630,630,21530,0,6,50.12539921420509,2.133158006472513,1451.849024015246,2392.8691593125873
1781612243,75,GET,/feed/{user_id},124.300000,0.000000,5,7,13,20,35,43,55,62,110,120,120,8830,0,5,12.468996289157703,2.682451013242826,166.5794839791488,1415.0322763306908
1781612243,75,GET,/feed/{user_id}?with_fof=true,58.200000,0.000000,160,200,230,250,320,360,450,500,630,630,630,4286,0,170.0,209.4117979880538,17.214614985277876,1451.849024015246,7558.247783481102
1781612243,75,POST,/likes,6.300000,0.000000,3,4,4,4,4,5,5,6,6,6,6,474,0,3,3.5327320379590152,2.365746011491865,18.1881440221332,178.49789029535864
1781612243,75,POST,/posts,9.600000,0.000000,3,3,4,4,4,5,5,6,6,6,6,644,0,3,3.345448999408624,2.1494230022653937,18.906191980931908,226.0916149068323
1781612243,75,GET,/timeline/{user_id},76.900000,0.000000,5,6,8,15,29,40,48,55,72,72,72,5497,0,5,11.077623362649993,2.4904030142351985,133.52627598214895,1193.7789703474623
1781612243,75,GET,/users/{user_id},31.900000,0.000000,4,5,7,14,26,34,41,44,110,110,110,2116,0,4,9.885846824865082,2.133158006472513,105.80608298187144,263.20321361058603
1781612243,75,,Aggregated,307.200000,0.000000,6,19,36,59,160,220,310,360,590,630,630,21847,0,6,50.04262988316814,2.133158006472513,1451.849024015246,2391.1171785599854
1781612244,75,GET,/feed/{user_id},124.300000,0.000000,5,7,14,20,36,44,58,69,110,120,120,8948,0,5,12.494070739526045,2.682451013242826,166.5794839791488,1409.272239606616
1781612244,75,GET,/feed/{user_id}?with_fof=true,58.700000,0.000000,160,210,240,270,330,410,490,600,700,700,700,4351,0,170.0,209.63610073613236,17.214614985277876,1451.849024015246,7554.84601241094
1781612244,75,POST,/likes,6.300000,0.000000,3,4,4,4,4,5,5,6,6,6,6,483,0,3,3.5357336334977685,2.365746011491865,18.1881440221332,178.5134575569358
1781612244,75,POST,/posts,9.200000,0.000000,3,3,4,4,4,5,5,6,6,6,6,649,0,3,3.343982877728539,2.1494230022653937,18.906191980931908,226.0893682588598
1781612244,75,GET,/timeline/{user_id},75.600000,0.000000,5,6,9,17,29,41,52,56,72,72,72,5567,0,5,11.115851406780608,2.4904030142351985,133.52627598214895,1195.035566732531
1781612244,75,GET,/users/{user_id},31.400000,0.000000,4,6,8,15,29,36,43,57,110,110,110,2145,0,4,9.896492623503695,2.133158006472513,105.80608298187144,263.20885780885783
1781612244,75,,Aggregated,305.500000,0.000000,6,20,38,71,160,240,330,410,620,700,700,22143,0,6,50.16987512856339,2.133158006472513,1451.849024015246,2390.4440681027863
1781612245,75,GET,/feed/{user_id},124.200000,0.000000,5,7,14,21,36,44,58,70,110,120,120,9041,0,5,12.49985743735845,2.682451013242826,166.5794839791488,1405.5785864395532
1781612245,75,GET,/feed/{user_id}?with_fof=true,59.500000,0.000000,170,210,250,280,330,410,490,600,700,700,700,4411,0,170.0,209.81388330738346,17.214614985277876,1451.849024015246,7558.779868510542
1781612245,75,POST,/likes,5.700000,0.000000,3,4,4,4,4,4,5,6,6,6,6,487,0,3,3.531807841811027,2.365746011491865,18.1881440221332,178.51540041067761
1781612245,75,POST,/posts,7.900000,0.000000,3,3,4,4,4,5,5,6,6,6,6,660,0,3,3.3399429010001547,2.1494230022653937,18.906191980931908,226.09242424242424
1781612245,75,GET,/timeline/{user_id},75.900000,0.000000,5,7,10,18,31,40,52,56,72,72,72,5647,0,5,11.144426331615557,2.4904030142351985,133.52627598214895,1199.8818841862935
1781612245,75,GET,/users/{user_id},30.700000,0.000000,4,6,8,15,30,36,43,57,110,110,110,2171,0,4,9.904529585182162,2.133158006472513,105.80608298187144,263.22708429295255
1781612245,75,,Aggregated,303.900000,0.000000,6,21,39,77,170,250,330,410,620,700,700,22417,0,6,50.26809619118133,2.133158006472513,1451.849024015246,2392.513315787126
1781612246,75,GET,/feed/{user_id},124.900000,0.000000,5,7,16,22,36,46,59,74,120,120,120,9182,0,5,12.549890736229912,2.682451013242826,166.5794839791488,1408.8847745589196
1781612246,75,GET,/feed/{user_id}?with_fof=true,59.000000,0.000000,170,220,270,290,350,430,510,600,700,700,700,4470,0,170.0,210.20117025855998,17.214614985277876,1451.849024015246,7567.712975391499
1781612246,75,POST,/likes,5.700000,0.000000,3,4,4,4,4,4,5,6,6,6,6,494,0,3,3.530387550560373,2.365746011491865,18.1881440221332,178.50404858299595
1781612246,75,POST,/posts,8.200000,0.000000,3,3,4,4,4,5,5,6,6,6,6,665,0,3,3.3429719844685963,2.1494230022653937,18.906191980931908,226.09774436090225
1781612246,75,GET,/timeline/{user_id},77.000000,0.000000,5,7,11,18,32,41,54,58,72,72,72,5710,0,5,11.1612482071088,2.4904030142351985,133.52627598214895,1197.575656742557
1781612246,75,GET,/users/{user_id},30.800000,0.000000,4,6,11,18,31,37,44,57,110,110,110,2199,0,4,9.964074679632791,2.133158006472513,105.80608298187144,263.23010459299684
1781612246,75,,Aggregated,305.600000,0.000000,6,23,40,77,170,270,350,430,620,700,700,22720,0,6,50.37152918567686,2.133158006472513,1451.849024015246,2395.228565140845
1781612247,75,GET,/feed/{user_id},123.700000,0.000000,5,8,17,23,37,48,62,78,120,120,120,9298,0,5,12.614008459253986,2.682451013242826,166.5794839791488,1414.4366530436653
1781612247,75,GET,/feed/{user_id}?with_fof=true,59.600000,0.000000,180,230,280,300,370,450,520,600,700,700,700,4532,0,170.0,210.52320362354743,17.214614985277876,1451.849024015246,7562.095763459841
1781612247,75,POST,/likes,6.300000,0.000000,3,4,4,4,4,5,6,19,19,19,19,500,0,3,3.5596767319366336,2.365746011491865,18.58414101297967,178.51
1781612247,75,POST,/posts,7.700000,0.000000,3,3,4,4,4,5,6,6,6,6,6,672,0,3,3.3467102375652757,2.1494230022653937,18.906191980931908,226.09821428571428
1781612247,75,GET,/timeline/{user_id},76.200000,0.000000,5,7,13,19,32,41,55,57,72,72,72,5783,0,5,11.18843186968065,2.4904030142351985,133.52627598214895,1199.03648625281
1781612247,75,GET,/users/{user_id},30.200000,0.000000,4,6,10,17,31,35,44,57,110,110,110,2224,0,4,9.937992166617228,2.133158006472513,105.80608298187144,263.22706834532374
1781612247,75,,Aggregated,303.700000,0.000000,6,24,40,80,180,280,370,450,630,700,700,23009,0,6,50.51109710124702,2.133158006472513,1451.849024015246,2398.343604676431
1781612248,75,GET,/feed/{user_id},119.500000,0.000000,5,8,18,24,38,50,65,78,120,130,130,9401,0,5,12.613762746747673,2.682451013242826,166.5794839791488,1410.9991490266993
1781612248,75,GET,/feed/{user_id}?with_fof=true,60.600000,0.000000,180,240,290,310,400,460,560,630,700,700,700,4595,0,170.0,211.01187621608125,17.214614985277876,1451.849024015246,7566.536670293797
1781612248,75,POST,/likes,6.400000,0.000000,3,4,4,4,4,4,5,19,19,19,19,504,0,3,3.5576144443424824,2.365746011491865,18.58414101297967,178.51388888888889
1781612248,75,POST,/posts,8.300000,0.000000,3,3,4,4,4,5,5,6,6,6,6,681,0,3,3.346301937816328,2.1494230022653937,18.906191980931908,226.10279001468427
1781612248,75,GET,/timeline/{user_id},75.100000,0.000000,5,7,13,19,32,42,53,57,72,72,72,5866,0,5,11.16013914529812,2.4904030142351985,133.52627598214895,1201.4551653597
1781612248,75,GET,/users/{user_id},30.400000,0.000000,4,6,11,17,31,38,46,59,110,110,110,2249,0,4,9.963244101635759,2.133158006472513,105.80608298187144,263.23477100933746
1781612248,75,,Aggregated,300.300000,0.000000,6,25,43,85,180,300,400,460,670,700,700,23296,0,6,50.657887032347496,2.133158006472513,1451.849024015246,2400.272020947802
1781612249,75,GET,/feed/{user_id},119.600000,0.000000,5,8,18,24,39,51,62,74,120,130,130,9518,0,5,12.647401904819871,2.682451013242826,166.5794839791488,1413.2992225257408
1781612249,75,GET,/feed/{user_id}?with_fof=true,60.300000,0.000000,170,220,280,300,390,460,530,630,700,700,700,4648,0,170.0,210.61516645693422,17.214614985277876,1451.849024015246,7568.303356282272
1781612249,75,POST,/likes,6.500000,0.000000,3,4,4,4,4,5,5,19,19,19,19,509,0,3,3.557878620748743,2.365746011491865,18.58414101297967,178.50687622789783
1781612249,75,POST,/posts,8.000000,0.000000,3,3,4,4,4,5,6,6,6,6,6,686,0,3,3.349315430963909,2.1494230022653937,18.906191980931908,226.10495626822157
1781612249,75,GET,/timeline/{user_id},75.700000,0.000000,5,7,14,20,32,40,50,57,86,86,86,5946,0,5,11.20212494439706,2.4904030142351985,133.52627598214895,1204.0612176252944
1781612249,75,GET,/users/{user_id},29.800000,0.000000,4,6,10,15,29,38,52,62,110,110,110,2277,0,4,9.953971287029782,2.133158006472513,105.80608298187144,263.24242424242425
1781612249,75,,Aggregated,299.900000,0.000000,6,24,42,80,170,280,390,460,670,700,700,23584,0,6,50.57237462540111,2.133158006472513,1451.849024015246,2401.3727527137044
1781612250,75,GET,/feed/{user_id},120.600000,0.000000,5,8,18,24,41,53,63,74,120,130,130,9628,0,5,12.63926036186735,2.682451013242826,166.5794839791488,1415.4312422102203
1781612250,75,GET,/feed/{user_id}?with_fof=true,59.700000,0.000000,170,230,290,310,410,490,600,630,710,710,710,4700,0,170.0,211.52316743914815,17.214614985277876,1451.849024015246,7566.868510638298
1781612250,75,POST,/likes,6.200000,0.000000,3,4,4,4,4,5,5,19,19,19,19,514,0,3,3.5536708383855378,2.365746011491865,18.58414101297967,178.51556420233464
1781612250,75,POST,/posts,7.700000,0.000000,3,3,4,4,4,5,6,6,6,6,6,694,0,3,3.348953316519265,2.1494230022653937,18.906191980931908,226.10662824207492
1781612250,75,GET,/timeline/{user_id},76.200000,0.000000,5,7,17,21,34,42,52,57,86,86,86,6015,0,5,11.254484547700436,2.4904030142351985,133.52627598214895,1202.6024937655861
1781612250,75,GET,/users/{user_id},28.300000,0.000000,4,6,10,16,30,39,52,62,110,110,110,2307,0,4,9.966427325781742,2.133158006472513,105.80608298187144,263.24403987863025
1781612250,75,,Aggregated,298.700000,0.000000,6,24,43,78,170,290,410,490,680,710,710,23858,0,6,50.74560812036408,2.133158006472513,1451.849024015246,2400.9425349987428
1781612251,75,GET,/feed/{user_id},118.700000,0.000000,5,8,18,24,41,54,64,74,120,130,130,9750,0,5,12.632500138175555,2.682451013242826,166.5794839791488,1416.489641025641
1781612251,75,GET,/feed/{user_id}?with_fof=true,61.200000,0.000000,180,240,300,320,430,500,620,630,710,710,710,4773,0,170.0,211.8860221502888,17.214614985277876,1451.849024015246,7555.886444584119
1781612251,75,POST,/likes,6.000000,0.000000,3,4,4,4,4,4,5,19,19,19,19,518,0,3,3.5510893666606154,2.365746011491865,18.58414101297967,178.51351351351352
1781612251,75,POST,/posts,7.700000,0.000000,3,3,4,4,5,5,6,6,6,6,6,701,0,3,3.345024851203953,2.1494230022653937,18.906191980931908,226.10271041369472
1781612251,75,GET,/timeline/{user_id},76.000000,0.000000,5,8,17,21,35,43,52,57,86,86,86,6082,0,5,11.244246814776002,2.4904030142351985,133.52627598214895,1206.151101611312
1781612251,75,GET,/users/{user_id},28.200000,0.000000,4,6,12,18,28,39,44,62,110,110,110,2333,0,4,9.948609675740522,2.133158006472513,105.80608298187144,263.23874839262754
1781612251,75,,Aggregated,297.800000,0.000000,7,26,45,90,180,300,430,500,680,710,710,24157,0,6,50.92854254601708,2.133158006472513,1451.849024015246,2404.1037794428116
1781612252,75,GET,/feed/{user_id},119.600000,0.000000,5,8,17,23,40,53,65,74,120,130,130,9878,0,5,12.601705809710793,2.682451013242826,166.5794839791488,1418.268779105082
1781612252,75,GET,/feed/{user_id}?with_fof=true,59.800000,0.000000,170,240,300,320,430,500,620,630,710,710,710,4828,0,170.0,211.43669330803667,17.214614985277876,1451.849024015246,7563.8833885666945
1781612252,75,POST,/likes,5.500000,0.000000,3,4,4,4,4,4,5,19,19,19,19,527,0,3,3.546015593838265,2.365746011491865,18.58414101297967,178.50284629981024
1781612252,75,POST,/posts,7.300000,0.000000,3,3,4,4,5,5,6,7,7,7,7,708,0,3,3.350624560299895,2.1494230022653937,18.906191980931908,226.09463276836158
1781612252,75,GET,/timeline/{user_id},78.000000,0.000000,6,8,17,21,33,40,52,57,86,86,86,6163,0,5,11.230802742266844,2.4904030142351985,133.52627598214895,1208.5599545675807
1781612252,75,GET,/users/{user_id},27.200000,0.000000,4,7,13,18,28,39,43,62,110,110,110,2371,0,4,9.941611295864096,2.133158006472513,105.80608298187144,263.2429354702657
1781612252,75,,Aggregated,297.400000,0.000000,7,24,43,86,180,300,430,500,680,710,710,24475,0,6,50.75889664430046,2.133158006472513,1451.849024015246,2404.6879673135854
1781612253,75,GET,/feed/{user_id},118.900000,0.000000,5,8,16,22,39,51,63,71,120,130,130,9997,0,5,12.591568400663292,2.682451013242826,166.5794839791488,1423.8010403120936
1781612253,75,GET,/feed/{user_id}?with_fof=true,59.500000,0.000000,180,230,290,320,430,500,620,630,710,710,710,4890,0,170.0,210.9708271127081,17.214614985277876,1451.849024015246,7553.59263803681
1781612253,75,POST,/likes,5.600000,0.000000,3,4,4,4,4,5,5,19,19,19,19,532,0,3,3.546808263124142,2.365746011491865,18.58414101297967,178.49436090225564
1781612253,75,POST,/posts,7.200000,0.000000,3,3,4,4,5,5,6,7,7,7,7,717,0,3,3.3474616299891866,2.1494230022653937,18.906191980931908,226.0976290097629
1781612253,75,GET,/timeline/{user_id},75.100000,0.000000,6,8,17,22,33,40,50,57,86,86,86,6242,0,5,11.220201070754882,2.4904030142351985,133.52627598214895,1214.8976289650752
1781612253,75,GET,/users/{user_id},26.800000,0.000000,4,7,13,18,29,39,49,59,72,72,72,2408,0,4,9.962952246091678,2.133158006472513,105.80608298187144,263.25083056478405
1781612253,75,,Aggregated,293.100000,0.000000,7,24,43,88,180,300,430,500,680,710,710,24786,0,6,50.667294842229424,2.133158006472513,1451.849024015246,2406.405914629226
1781612254,75,GET,/feed/{user_id},118.000000,0.000000,5,8,16,22,39,52,62,71,120,130,130,10095,0,5,12.61260063034748,2.682451013242826,166.5794839791488,1421.970084200099
1781612254,75,GET,/feed/{user_id}?with_fof=true,60.000000,0.000000,180,240,300,320,440,510,620,630,730,730,730,4947,0,170.0,211.69112837560863,17.214614985277876,1451.849024015246,7550.313119062058
1781612254,75,POST,/likes,5.300000,0.000000,3,3,4,4,4,5,5,19,19,19,19,536,0,3,3.5456577162805654,2.365746011491865,18.58414101297967,178.4962686567164
1781612254,75,POST,/posts,7.000000,0.000000,3,3,4,4,5,5,6,7,7,7,7,729,0,3,3.347819892607185,2.1494230022653937,18.906191980931908,226.10288065843622
1781612254,75,GET,/timeline/{user_id},74.200000,0.000000,5,8,17,21,34,40,52,57,86,86,86,6293,0,5,11.251938602208618,2.4904030142351985,133.52627598214895,1216.3594470046082
1781612254,75,GET,/users/{user_id},26.700000,0.000000,4,7,16,19,30,40,51,62,72,72,72,2434,0,4,10.047073789450666,2.133158006472513,105.80608298187144,263.259244042728
1781612254,75,,Aggregated,291.200000,0.000000,7,25,43,90,180,300,440,510,680,730,730,25034,0,6,50.897350639224754,2.133158006472513,1451.849024015246,2407.2067188623473
1781612255,75,GET,/feed/{user_id},117.200000,0.000000,5,8,16,22,39,50,63,72,100,130,130,10195,0,5,12.655893905695104,2.682451013242826,166.5794839791488,1422.4287395782246
1781612255,75,GET,/feed/{user_id}?with_fof=true,60.300000,0.000000,180,250,310,360,470,560,630,700,850,850,850,5015,0,170.0,213.35903090554368,17.214614985277876,1451.849024015246,7557.936789631107
1781612255,75,POST,/likes,6.200000,0.000000,3,3,4,4,4,5,5,19,19,19,19,542,0,3,3.543283806244303,2.365746011491865,18.58414101297967,178.49815498154982
1781612255,75,POST,/posts,7.300000,0.000000,3,3,4,4,5,5,6,7,7,7,7,732,0,3,3.347465485966411,2.1494230022653937,18.906191980931908,226.10655737704917
1781612255,75,GET,/timeline/{user_id},74.900000,0.000000,5,8,16,21,34,43,57,67,86,86,86,6349,0,5,11.297204666210096,2.4904030142351985,133.52627598214895,1212.5300047251535
1781612255,75,GET,/users/{user_id},28.200000,0.000000,4,6,12,18,30,40,49,62,72,72,72,2456,0,4,10.029692877254563,2.133158006472513,105.80608298187144,263.2630293159609
1781612255,75,,Aggregated,294.100000,0.000000,7,24,45,92,190,320,480,570,730,850,850,25289,0,6,51.39594531420301,2.133158006472513,1451.849024015246,2412.5863814306617
1781612256,75,GET,/feed/{user_id},116.600000,0.000000,5,8,16,22,40,50,62,69,100,130,130,10320,0,5,12.654504710532587,2.682451013242826,166.5794839791488,1425.3718992248062
1781612256,75,GET,/feed/{user_id}?with_fof=true,60.500000,0.000000,180,240,320,360,480,580,640,700,850,850,850,5082,0,170.0,213.9293836769695,17.214614985277876,1451.849024015246,7565.277449822905
1781612256,75,POST,/likes,5.900000,0.000000,3,3,4,4,4,5,19,19,19,19,19,546,0,3,3.541462023716058,2.365746011491865,18.58414101297967,178.5018315018315
1781612256,75,POST,/posts,7.500000,0.000000,3,3,4,4,5,5,6,7,7,7,7,740,0,3,3.3466196360972686,2.1494230022653937,18.906191980931908,226.10270270270271
1781612256,75,GET,/timeline/{user_id},74.200000,0.000000,5,8,15,20,33,42,56,67,86,86,86,6424,0,5,11.268699198589866,2.4904030142351985,133.52627598214895,1211.3303237858033
1781612256,75,GET,/users/{user_id},28.900000,0.000000,4,6,13,18,30,40,49,62,72,72,72,2489,0,4,10.052850506054787,2.133158006472513,105.80608298187144,263.26677380474086
1781612256,75,,Aggregated,293.600000,0.000000,7,25,46,94,190,330,490,580,730,850,850,25601,0,6,51.54507331026241,2.133158006472513,1451.849024015246,2416.242060856998
1781612257,75,GET,/feed/{user_id},114.400000,0.000000,5,8,15,21,39,49,61,69,100,130,130,10441,0,5,12.670904789289882,2.682451013242826,166.5794839791488,1426.7473422086007
1781612257,75,GET,/feed/{user_id}?with_fof=true,59.600000,0.000000,180,230,300,340,480,580,630,680,850,850,850,5146,0,170.0,213.3301758651958,17.214614985277876,1451.849024015246,7565.408666925768
1781612257,75,POST,/likes,5.300000,0.000000,3,3,4,4,4,4,5,5,5,5,5,553,0,3,3.538425922173599,2.365746011491865,18.58414101297967,178.50813743218808
1781612257,75,POST,/posts,8.000000,0.000000,3,3,4,4,5,5,6,7,7,7,7,746,0,3,3.347639759620789,2.1494230022653937,18.906191980931908,226.10053619302948
1781612257,75,GET,/timeline/{user_id},71.600000,0.000000,5,7,15,19,33,40,55,66,86,86,86,6503,0,5,11.25382496846559,2.4904030142351985,133.52627598214895,1209.2451176380132
1781612257,75,GET,/users/{user_id},28.600000,0.000000,4,7,16,19,31,40,49,62,72,72,72,2521,0,4,10.075772671358315,2.133158006472513,105.80608298187144,263.2649742165807
1781612257,75,,Aggregated,287.500000,0.000000,7,24,45,94,180,310,490,580,730,850,850,25910,0,6,51.4524406552427,2.133158006472513,1451.849024015246,2416.945580856812
1781612258,75,GET,/feed/{user_id},114.500000,0.000000,5,8,16,21,38,48,58,69,98,100,100,10554,0,5,12.658138115038355,2.682451013242826,166.5794839791488,1429.301970816752
1781612258,75,GET,/feed/{user_id}?with_fof=true,60.500000,0.000000,180,230,280,320,450,560,630,670,850,850,850,5213,0,170.0,212.7621272135238,17.214614985277876,1451.849024015246,7562.582006522156
1781612258,75,POST,/likes,5.500000,0.000000,3,3,4,4,4,5,5,5,5,5,5,560,0,3,3.5387747838415504,2.365746011491865,18.58414101297967,178.49107142857142
1781612258,75,POST,/posts,7.200000,0.000000,3,3,3,4,4,5,5,7,7,7,7,756,0,3,3.346092729732547,2.1494230022653937,18.906191980931908,226.10449735449737
1781612258,75,GET,/timeline/{user_id},71.300000,0.000000,5,8,15,21,35,42,59,71,86,86,86,6579,0,5,11.285145515432498,2.4904030142351985,133.52627598214895,1205.796929624563
1781612258,75,GET,/users/{user_id},28.600000,0.000000,4,6,14,18,31,39,48,55,72,72,72,2555,0,4,10.046259636982525,2.133158006472513,105.80608298187144,263.27788649706457
1781612258,75,,Aggregated,287.600000,0.000000,7,25,44,93,180,290,460,570,730,850,850,26217,0,6,51.384501832069425,2.133158006472513,1451.849024015246,2417.70973032765
1781612259,75,GET,/feed/{user_id},113.300000,0.000000,5,8,13,19,36,46,57,65,98,100,100,10680,0,5,12.622751106838574,2.682451013242826,166.5794839791488,1427.958426966292
1781612259,75,GET,/feed/{user_id}?with_fof=true,60.700000,0.000000,170,220,270,310,440,560,630,670,850,850,850,5260,0,170.0,212.23885144091884,17.214614985277876,1451.849024015246,7566.17927756654
1781612259,75,POST,/likes,5.000000,0.000000,3,3,4,4,4,5,5,8,8,8,8,569,0,3,3.5415699207596316,2.365746011491865,18.58414101297967,178.48154657293497
1781612259,75,POST,/posts,7.500000,0.000000,3,3,4,4,4,5,5,7,7,7,7,764,0,3,3.347663479995504,2.1494230022653937,18.906191980931908,226.10340314136127
1781612259,75,GET,/timeline/{user_id},71.700000,0.000000,5,7,14,18,33,40,55,66,86,86,86,6673,0,5,11.251687947984129,2.4904030142351985,133.52627598214895,1208.9487486887456
1781612259,75,GET,/users/{user_id},29.400000,0.000000,4,6,14,19,30,38,42,49,64,64,64,2585,0,4,10.017314926679273,2.133158006472513,105.80608298187144,263.2715667311412
1781612259,75,,Aggregated,287.600000,0.000000,6,22,41,86,180,280,450,560,730,850,850,26531,0,6,51.1378154365181,2.133158006472513,1451.849024015246,2414.943650823565
1781612260,75,GET,/feed/{user_id},114.000000,0.000000,5,7,13,19,35,44,56,65,98,100,100,10815,0,5,12.596854776905813,2.682451013242826,166.5794839791488,1428.6493758668516
1781612260,75,GET,/feed/{user_id}?with_fof=true,61.400000,0.000000,160,210,250,290,410,550,620,670,850,850,850,5317,0,170.0,211.82220640477942,17.214614985277876,1451.849024015246,7561.317096106827
1781612260,75,POST,/likes,5.300000,0.000000,3,3,4,4,4,5,5,8,8,8,8,576,0,3,3.5396156161671875,2.365746011491865,18.58414101297967,178.48958333333334
1781612260,75,POST,/posts,7.600000,0.000000,3,3,4,4,4,5,5,7,7,7,7,772,0,3,3.3462965877022754,2.1494230022653937,18.906191980931908,226.10621761658032
1781612260,75,GET,/timeline/{user_id},71.300000,0.000000,5,7,12,17,30,39,54,66,86,86,86,6756,0,5,11.215731907770712,2.4904030142351985,133.52627598214895,1208.612640615749
1781612260,75,GET,/users/{user_id},30.100000,0.000000,4,6,10,17,29,38,42,49,64,64,64,2615,0,4,9.96845353823903,2.133158006472513,105.80608298187144,263.2810707456979
1781612260,75,,Aggregated,289.700000,0.000000,6,20,39,77,160,250,420,550,730,850,850,26851,0,6,50.98345708533987,2.133158006472513,1451.849024015246,2412.781535138356
1781612261,75,GET,/feed/{user_id},114.800000,0.000000,5,8,14,20,35,44,55,65,98,100,100,10921,0,5,12.600170296344858,2.682451013242826,166.5794839791488,1428.5218386594634
1781612261,75,GET,/feed/{user_id}?with_fof=true,61.200000,0.000000,160,210,250,290,400,540,620,670,850,850,850,5371,0,170.0,211.77302062766296,17.214614985277876,1451.849024015246,7567.574753304785
1781612261,75,POST,/likes,5.700000,0.000000,3,3,4,4,4,5,5,8,8,8,8,579,0,3,3.5402426336906427,2.365746011491865,18.58414101297967,178.49222797927462
1781612261,75,POST,/posts,7.500000,0.000000,3,3,4,4,4,5,5,7,7,7,7,781,0,3,3.342464405544837,2.1494230022653937,18.906191980931908,226.1101152368758
1781612261,75,GET,/timeline/{user_id},71.100000,0.000000,5,7,11,17,32,39,55,66,86,86,86,6831,0,5,11.223032020495852,2.4904030142351985,133.52627598214895,1207.5775142731663
1781612261,75,GET,/users/{user_id},30.200000,0.000000,4,6,12,18,29,37,42,49,64,64,64,2645,0,4,9.979975051603091,2.133158006472513,105.80608298187144,263.29338374291115
1781612261,75,,Aggregated,290.500000,0.000000,6,21,39,77,160,250,400,540,730,850,850,27128,0,6,50.97173343138804,2.133158006472513,1451.849024015246,2413.434200825715
1781612262,75,GET,/feed/{user_id},115.500000,0.000000,5,8,15,21,35,47,56,72,98,100,100,11035,0,5,12.61747664922623,2.682451013242826,166.5794839791488,1426.9222473946534
1781612262,75,GET,/feed/{user_id}?with_fof=true,61.400000,0.000000,170,220,260,310,410,550,620,670,850,850,850,5440,0,170.0,211.96216650408078,17.214614985277876,1451.849024015246,7567.9755514705885
1781612262,75,POST,/likes,6.200000,0.000000,3,3,4,4,5,5,6,8,8,8,8,587,0,3,3.542927645586726,2.365746011491865,18.58414101297967,178.48892674616695
1781612262,75,POST,/posts,7.900000,0.000000,3,3,4,4,4,5,5,5,5,5,5,786,0,3,3.3439970288678067,2.1494230022653937,18.906191980931908,226.11195928753182
1781612262,75,GET,/timeline/{user_id},71.800000,0.000000,5,7,12,18,33,42,59,67,86,86,86,6908,0,5,11.25731224057295,2.4904030142351985,133.52627598214895,1207.11711059641
1781612262,75,GET,/users/{user_id},30.700000,0.000000,4,6,10,19,31,37,42,48,64,64,64,2678,0,4,9.989288615968247,2.133158006472513,105.80608298187144,263.2931292008962
1781612262,75,,Aggregated,293.500000,0.000000,6,23,42,84,170,270,410,550,730,850,850,27434,0,6,51.08744436358174,2.133158006472513,1451.849024015246,2414.603594080338
1781612263,75,GET,/feed/{user_id},118.000000,0.000000,5,8,14,21,35,47,56,72,98,100,100,11173,0,5,12.590063807673657,2.682451013242826,166.5794839791488,1426.566454846505
1781612263,75,GET,/feed/{user_id}?with_fof=true,60.500000,0.000000,160,220,260,310,410,550,620,670,850,850,850,5495,0,170.0,211.33693217455487,17.214614985277876,1451.849024015246,7559.501000909918
1781612263,75,POST,/likes,6.200000,0.000000,3,3,4,4,4,5,6,8,8,8,8,594,0,3,3.538738940987479,2.365746011491865,18.58414101297967,178.5
1781612263,75,POST,/posts,7.800000,0.000000,3,3,4,4,4,5,5,5,5,5,5,795,0,3,3.341746467506841,2.1494230022653937,18.906191980931908,226.1182389937107
1781612263,75,GET,/timeline/{user_id},74.400000,0.000000,5,6,11,18,32,42,56,67,86,86,86,6990,0,5,11.212600732313133,2.4904030142351985,133.52627598214895,1207.259513590844
1781612263,75,GET,/users/{user_id},31.200000,0.000000,4,6,10,15,29,37,42,48,64,64,64,2706,0,4,9.951657142121629,2.133158006472513,105.80608298187144,263.28307464892833
1781612263,75,,Aggregated,298.100000,0.000000,6,22,40,80,170,270,410,550,730,850,850,27753,0,6,50.878434329275436,2.133158006472513,1451.849024015246,2411.107483875617
1781612264,75,GET,/feed/{user_id},116.300000,0.000000,5,7,14,21,35,45,55,61,93,93,93,11301,0,5,12.594001831474625,2.682451013242826,166.5794839791488,1427.0629147863021
1781612264,75,GET,/feed/{user_id}?with_fof=true,59.900000,0.000000,160,200,240,270,380,490,610,670,850,850,850,5549,0,170.0,210.93244466376328,17.214614985277876,1451.849024015246,7563.051180392864
1781612264,75,POST,/likes,6.100000,0.000000,3,3,4,4,4,5,6,8,8,8,8,601,0,3,3.5389381696291102,2.365746011491865,18.58414101297967,178.50748752079866
1781612264,75,POST,/posts,8.100000,0.000000,3,3,4,4,4,5,5,5,5,5,5,804,0,3,3.342435725927538,2.1494230022653937,18.906191980931908,226.1181592039801
1781612264,75,GET,/timeline/{user_id},74.900000,0.000000,5,6,10,17,31,40,49,64,81,81,81,7066,0,5,11.215051667403115,2.4904030142351985,133.52627598214895,1201.9653269176338
1781612264,75,GET,/users/{user_id},31.500000,0.000000,4,6,10,15,27,34,39,42,48,48,48,2742,0,4,9.960187748594198,2.133158006472513,105.80608298187144,263.29467541940187
1781612264,75,,Aggregated,296.800000,0.000000,6,20,38,71,160,240,380,490,720,850,850,28063,0,6,50.74865695716159,2.133158006472513,1451.849024015246,2408.8205822613404
1781612265,75,GET,/feed/{user_id},115.300000,0.000000,5,7,14,21,35,44,53,58,93,93,93,11419,0,5,12.615191010301938,2.682451013242826,166.5794839791488,1424.5818372887293
1781612265,75,GET,/feed/{user_id}?with_fof=true,61.000000,0.000000,160,200,230,250,320,390,460,550,670,670,670,5615,0,170.0,211.0210992762695,17.214614985277876,1451.849024015246,7569.8163846838825
1781612265,75,POST,/likes,5.900000,0.000000,3,3,4,4,4,5,6,8,8,8,8,606,0,3,3.538841839838257,2.365746011491865,18.58414101297967,178.5082508250825
1781612265,75,POST,/posts,7.700000,0.000000,3,3,4,4,4,5,5,6,6,6,6,817,0,3,3.3424212945345335,2.1494230022653937,18.906191980931908,226.11627906976744
1781612265,75,GET,/timeline/{user_id},74.200000,0.000000,5,6,11,18,31,40,47,55,74,74,74,7138,0,5,11.243927373480735,2.4904030142351985,133.52627598214895,1204.1246847856542
1781612265,75,GET,/users/{user_id},30.600000,0.000000,4,5,8,14,27,33,39,43,48,48,48,2765,0,4,9.9235212418148,2.133158006472513,105.80608298187144,263.29692585895117
1781612265,75,,Aggregated,294.700000,0.000000,6,20,37,59,160,230,320,390,560,670,670,28360,0,6,50.828960675634384,2.133158006472513,1451.849024015246,2411.4171368124116
1781612266,75,GET,/feed/{user_id},117.200000,0.000000,5,7,13,20,34,43,54,59,93,93,93,11565,0,5,12.593305092049768,2.682451013242826,166.5794839791488,1423.8319930825767
1781612266,75,GET,/feed/{user_id}?with_fof=true,60.400000,0.000000,160,190,220,250,310,360,420,500,590,590,590,5672,0,170.0,210.6127406284053,17.214614985277876,1451.849024015246,7570.192172073343
1781612266,75,POST,/likes,6.500000,0.000000,3,3,4,4,4,5,6,8,8,8,8,614,0,3,3.5390131937147267,2.365746011491865,18.58414101297967,178.50162866449512
1781612266,75,POST,/posts,7.600000,0.000000,3,3,4,4,4,5,5,6,6,6,6,827,0,3,3.342496749330954,2.1494230022653937,18.906191980931908,226.12212817412333
1781612266,75,GET,/timeline/{user_id},74.800000,0.000000,5,6,12,19,32,40,48,55,74,74,74,7206,0,5,11.232492533288532,2.4904030142351985,133.52627598214895,1205.5563419372745
1781612266,75,GET,/users/{user_id},29.600000,0.000000,4,5,7,12,26,33,38,42,48,48,48,2798,0,4,9.895754529156502,2.133158006472513,105.80608298187144,263.3027162258756
1781612266,75,,Aggregated,296.100000,0.000000,6,19,36,55,150,220,310,360,520,590,590,28682,0,6,50.6869778785986,2.133158006472513,1451.849024015246,2410.0589219719686
1781612267,75,GET,/feed/{user_id},120.500000,0.000000,5,7,12,19,34,42,53,58,89,93,93,11694,0,5,12.553073428656639,2.682451013242826,166.5794839791488,1423.2030100906447
1781612267,75,GET,/feed/{user_id}?with_fof=true,60.300000,0.000000,150,190,220,250,310,370,420,500,590,590,590,5719,0,170.0,209.96531542337618,17.214614985277876,1451.849024015246,7570.865186221367
1781612267,75,POST,/likes,6.500000,0.000000,3,4,4,4,4,5,6,8,8,8,8,620,0,3,3.537193693421526,2.365746011491865,18.58414101297967,178.4983870967742
1781612267,75,POST,/posts,7.500000,0.000000,3,3,4,4,4,5,5,6,6,6,6,837,0,3,3.339578144226152,2.1494230022653937,18.906191980931908,226.12186379928315
1781612267,75,GET,/timeline/{user_id},77.700000,0.000000,4,6,10,18,31,40,47,54,74,74,74,7297,0,5,11.188114723701826,2.4904030142351985,133.52627598214895,1205.2191311497875
1781612267,75,GET,/users/{user_id},30.700000,0.000000,4,5,7,12,24,29,36,40,48,48,48,2832,0,4,9.863595700389748,2.133158006472513,105.80608298187144,263.31532485875704
1781612267,75,,Aggregated,303.200000,0.000000,5,18,34,52,150,210,310,360,520,590,590,28999,0,6,50.420667703713704,2.133158006472513,1451.849024015246,2406.3188385806407
1781612268,75,GET,/feed/{user_id},122.900000,0.000000,5,7,11,19,33,42,53,58,89,93,93,11827,0,5,12.517324333879646,2.6578230026643723,166.5794839791488,1422.3574025534792
1781612268,75,GET,/feed/{user_id}?with_fof=true,59.200000,0.000000,150,180,220,240,310,380,430,500,590,590,590,5771,0,170.0,209.40052353080296,17.214614985277876,1451.849024015246,7572.782533356437
1781612268,75,POST,/likes,6.400000,0.000000,3,4,4,4,4,5,6,8,8,8,8,624,0,3,3.537255511102371,2.365746011491865,18.58414101297967,178.50641025641025
1781612268,75,POST,/posts,8.500000,0.000000,3,3,4,4,4,5,5,6,6,6,6,845,0,3,3.3362006790282965,2.1494230022653937,18.906191980931908,226.11834319526628
1781612268,75,GET,/timeline/{user_id},78.000000,0.000000,4,6,9,16,30,39,46,53,74,74,74,7389,0,5,11.154265606420978,2.4904030142351985,133.52627598214895,1202.1220733522805
1781612268,75,GET,/users/{user_id},30.300000,0.000000,4,5,7,13,24,32,36,40,48,48,48,2868,0,4,9.847194258880418,2.133158006472513,105.80608298187144,263.313110181311
1781612268,75,,Aggregated,305.300000,0.000000,5,16,32,47,140,200,300,360,520,590,590,29324,0,6,50.203920846612974,2.133158006472513,1451.849024015246,2402.9760264629654
1781612269,75,GET,/feed/{user_id},125.400000,0.000000,5,7,12,19,34,43,53,58,89,93,93,11952,0,5,12.515997666414867,2.6578230026643723,166.5794839791488,1423.78422021419
1781612269,75,GET,/feed/{user_id}?with_fof=true,58.600000,0.000000,150,190,220,250,330,400,450,520,690,690,690,5826,0,170.0,209.43495323361773,17.214614985277876,1451.849024015246,7569.51184346035
1781612269,75,POST,/likes,6.800000,0.000000,3,4,4,4,4,5,5,6,6,6,6,631,0,3,3.5359622154103683,2.365746011491865,18.58414101297967,178.51030110935025
1781612269,75,POST,/posts,8.700000,0.000000,3,3,3,3,4,5,5,6,6,6,6,853,0,3,3.331641887172954,2.1494230022653937,18.906191980931908,226.1113716295428
1781612269,75,GET,/timeline/{user_id},77.500000,0.000000,4,6,9,16,30,39,47,55,74,74,74,7461,0,5,11.13929364991764,2.4904030142351985,133.52627598214895,1200.6217665192332
1781612269,75,GET,/users/{user_id},30.700000,0.000000,4,5,7,13,26,33,40,43,57,57,57,2908,0,4,9.853232508751677,2.133158006472513,105.80608298187144,263.32049518569465
1781612269,75,,Aggregated,307.700000,0.000000,5,17,33,48,140,220,310,380,550,690,690,29631,0,6,50.17028768496559,2.133158006472513,1451.849024015246,2401.070939219061
1781612270,75,GET,/feed/{user_id},125.200000,0.000000,5,7,12,19,34,43,53,58,89,93,93,12066,0,5,12.486749710006391,2.6578230026643723,166.5794839791488,1424.180341455329
1781612270,75,GET,/feed/{user_id}?with_fof=true,57.300000,0.000000,150,190,220,250,310,370,450,520,690,690,690,5876,0,170.0,208.86341900902684,17.214614985277876,1451.849024015246,7567.805479918312
1781612270,75,POST,/likes,6.600000,0.000000,3,4,4,4,4,4,5,6,6,6,6,639,0,3,3.5312474489482395,2.365746011491865,18.58414101297967,178.5117370892019
1781612270,75,POST,/posts,9.000000,0.000000,3,3,3,4,4,5,6,25,25,25,25,860,0,3,3.3564925497007922,2.1494230022653937,24.976485001388937,226.11627906976744
1781612270,75,GET,/timeline/{user_id},79.700000,0.000000,4,6,10,17,31,40,48,55,74,74,74,7538,0,5,11.136693710786783,2.4904030142351985,133.52627598214895,1203.9196073228973
1781612270,75,GET,/users/{user_id},31.300000,0.000000,4,5,7,13,24,33,40,43,57,57,57,2957,0,4,9.806884112785198,2.133158006472513,105.80608298187144,263.32397700371996
1781612270,75,,Aggregated,309.100000,0.000000,5,17,33,48,140,210,310,360,550,690,690,29936,0,6,49.97451150200481,2.133158006472513,1451.849024015246,2398.948055852485
1781612271,75,GET,/feed/{user_id},126.900000,0.000000,5,7,11,19,34,42,52,55,66,66,66,12190,0,5,12.491237406506775,2.6578230026643723,166.5794839791488,1423.6115668580803
1781612271,75,GET,/feed/{user_id}?with_fof=true,55.800000,0.000000,150,180,210,230,290,350,430,510,690,690,690,5944,0,170.0,208.34122385816096,17.214614985277876,1451.849024015246,7559.113896366083
1781612271,75,POST,/likes,6.500000,0.000000,3,4,4,4,4,5,6,7,7,7,7,646,0,3,3.5378609517868176,2.365746011491865,18.58414101297967,178.5077399380805
1781612271,75,POST,/posts,8.800000,0.000000,3,3,3,4,4,5,6,25,25,25,25,870,0,3,3.3541829078043435,2.1494230022653937,24.976485001388937,226.11494252873564
1781612271,75,GET,/timeline/{user_id},80.000000,0.000000,4,6,9,16,30,37,45,49,64,64,64,7623,0,5,11.130373485614651,2.4904030142351985,133.52627598214895,1201.9590712317986
1781612271,75,GET,/users/{user_id},31.600000,0.000000,4,5,7,13,24,33,37,43,57,57,57,2979,0,4,9.807557466089133,2.133158006472513,105.80608298187144,263.3242698892246
1781612271,75,,Aggregated,309.600000,0.000000,5,17,33,48,140,200,280,350,550,690,690,30252,0,6,49.9112642693108,2.133158006472513,1451.849024015246,2397.997190268412
1781612272,75,GET,/feed/{user_id},127.400000,0.000000,5,7,12,20,35,43,53,58,66,70,70,12307,0,5,12.528528155374987,2.6578230026643723,166.5794839791488,1422.8425286422362
1781612272,75,GET,/feed/{user_id}?with_fof=true,56.100000,0.000000,150,180,210,230,280,330,390,450,690,690,690,6005,0,170.0,208.21594845995597,17.214614985277876,1451.849024015246,7553.995170691091
1781612272,75,POST,/likes,6.100000,0.000000,3,4,4,4,4,5,5,7,7,7,7,651,0,3,3.5374840904247535,2.365746011491865,18.58414101297967,178.5084485407066
1781612272,75,POST,/posts,8.700000,0.000000,3,3,3,3,4,5,6,25,25,25,25,882,0,3,3.3513557650529,2.1494230022653937,24.976485001388937,226.12244897959184
1781612272,75,GET,/timeline/{user_id},79.300000,0.000000,4,6,10,16,30,37,45,49,64,64,64,7688,0,5,11.123386319696966,2.4904030142351985,133.52627598214895,1201.7695109261185
1781612272,75,GET,/users/{user_id},32.400000,0.000000,4,5,7,14,24,32,40,43,57,57,57,3013,0,4,9.83110763940061,2.133158006472513,105.80608298187144,263.33388649186855
1781612272,75,,Aggregated,310.000000,0.000000,5,17,33,47,140,200,270,320,450,690,690,30546,0,6,49.92214646046039,2.133158006472513,1451.849024015246,2397.0713677731947
1781612273,75,GET,/feed/{user_id},125.500000,0.000000,5,7,12,19,35,43,53,58,66,70,70,12420,0,5,12.507260935126103,2.6578230026643723,166.5794839791488,1423.4308373590982
1781612273,75,GET,/feed/{user_id}?with_fof=true,56.300000,0.000000,150,190,220,240,290,340,400,450,690,690,690,6066,0,170.0,208.01946929542413,17.214614985277876,1451.849024015246,7552.072865150017
1781612273,75,POST,/likes,6.500000,0.000000,3,4,4,4,4,5,5,7,7,7,7,664,0,3,3.536944670047953,2.365746011491865,18.58414101297967,178.50753012048193
1781612273,75,POST,/posts,8.700000,0.000000,3,3,3,3,4,5,6,25,25,25,25,892,0,3,3.3497261274981858,2.1494230022653937,24.976485001388937,226.11995515695068
1781612273,75,GET,/timeline/{user_id},78.300000,0.000000,4,6,8,14,29,36,45,49,64,64,64,7763,0,5,11.075299799262607,2.4904030142351985,133.52627598214895,1199.058611361587
1781612273,75,GET,/users/{user_id},33.700000,0.000000,4,5,8,14,24,32,40,44,57,57,57,3050,0,4,9.812648525742096,2.133158006472513,105.80608298187144,263.34
1781612273,75,,Aggregated,309.000000,0.000000,5,16,34,48,150,210,280,340,500,690,690,30855,0,6,49.859954589925074,2.133158006472513,1451.849024015246,2395.77352130935
1781612274,75,GET,/feed/{user_id},127.200000,0.000000,5,7,12,19,35,45,53,58,70,79,79,12527,0,5,12.523652473402343,2.6578230026643723,166.5794839791488,1421.5443442164924
1781612274,75,GET,/feed/{user_id}?with_fof=true,56.900000,0.000000,150,190,220,250,310,350,420,450,690,690,690,6128,0,170.0,208.19716676517507,17.214614985277876,1451.849024015246,7553.028557441253
1781612274,75,POST,/likes,6.700000,0.000000,3,4,4,4,4,5,5,7,7,7,7,671,0,3,3.532145728670122,2.365746011491865,18.58414101297967,178.51117734724292
1781612274,75,POST,/posts,8.900000,0.000000,3,3,3,3,4,5,6,25,25,25,25,900,0,3,3.350786008587521,2.1494230022653937,24.976485001388937,226.1211111111111
1781612274,75,GET,/timeline/{user_id},79.100000,0.000000,5,6,9,15,29,37,44,48,64,64,64,7843,0,5,11.09750234050594,2.4904030142351985,133.52627598214895,1201.4701007267627
1781612274,75,GET,/users/{user_id},33.100000,0.000000,4,5,8,14,24,31,41,44,57,57,57,3080,0,4,9.825728767681504,2.133158006472513,105.80608298187144,263.3422077922078
1781612274,75,,Aggregated,311.900000,0.000000,5,17,35,50,150,220,300,350,520,690,690,31149,0,6,49.934276064208085,2.133158006472513,1451.849024015246,2396.5507399916532
1781612275,75,GET,/feed/{user_id},127.100000,0.000000,5,7,12,19,35,44,52,57,70,79,79,12654,0,5,12.510965684150992,2.6578230026643723,166.5794839791488,1421.3439228702387
1781612275,75,GET,/feed/{user_id}?with_fof=true,56.600000,0.000000,150,180,210,230,290,340,390,450,690,690,690,6182,0,170.0,207.56288677724055,17.214614985277876,1451.849024015246,7554.604820446458
1781612275,75,POST,/likes,6.500000,0.000000,3,4,4,4,4,5,5,7,7,7,7,678,0,3,3.5301389748396788,2.365746011491865,18.58414101297967,178.51622418879057
1781612275,75,POST,/posts,9.700000,0.000000,3,3,3,4,4,5,5,25,25,25,25,911,0,3,3.3477952675528426,2.1494230022653937,24.976485001388937,226.12074643249176
1781612275,75,GET,/timeline/{user_id},77.200000,0.000000,4,6,8,14,29,36,43,47,61,61,61,7934,0,5,11.07895986194576,2.4904030142351985,133.52627598214895,1199.6830098311066
1781612275,75,GET,/users/{user_id},33.600000,0.000000,4,5,11,15,25,31,41,44,57,57,57,3114,0,4,9.80954308555669,2.133158006472513,105.80608298187144,263.33718689788054
1781612275,75,,Aggregated,310.700000,0.000000,5,16,33,47,140,200,280,340,520,690,690,31473,0,6,49.73654199634388,2.133158006472513,1451.849024015246,2394.22997489912
1781612276,75,GET,/feed/{user_id},124.400000,0.000000,5,7,12,19,35,45,52,58,76,79,79,12778,0,5,12.51037583010195,2.6578230026643723,166.5794839791488,1419.9064016277978
1781612276,75,GET,/feed/{user_id}?with_fof=true,56.800000,0.000000,150,180,210,230,290,340,390,450,690,690,690,6237,0,170.0,207.26901236087863,17.214614985277876,1451.849024015246,7548.79012345679
1781612276,75,POST,/likes,6.600000,0.000000,3,4,4,4,4,5,7,8,8,8,8,684,0,3,3.5392239150980607,2.365746011491865,18.58414101297967,178.51608187134502
1781612276,75,POST,/posts,9.700000,0.000000,3,3,3,4,4,4,5,25,25,25,25,921,0,3,3.347596318917814,2.1494230022653937,24.976485001388937,226.12377850162866
1781612276,75,GET,/timeline/{user_id},77.400000,0.000000,5,6,8,15,29,37,45,53,65,65,65,8017,0,5,11.090663104978558,2.42206099210307,133.52627598214895,1202.2426094549082
1781612276,75,GET,/users/{user_id},34.700000,0.000000,4,6,11,15,27,33,42,44,57,57,57,3152,0,4,9.833290914795569,2.133158006472513,105.80608298187144,263.3312182741117
1781612276,75,,Aggregated,309.600000,0.000000,5,17,33,48,140,200,280,340,520,690,690,31789,0,6,49.640025068279655,2.133158006472513,1451.849024015246,2391.5232313064266
1781612277,75,GET,/feed/{user_id},123.100000,0.000000,5,7,13,21,36,45,52,58,76,79,79,12899,0,5,12.515203300033281,2.6578230026643723,166.5794839791488,1419.431196216761
1781612277,75,GET,/feed/{user_id}?with_fof=true,57.800000,0.000000,150,190,220,240,300,340,390,480,690,690,690,6297,0,170.0,207.0967695305099,17.214614985277876,1451.849024015246,7547.247101794505
1781612277,75,POST,/likes,7.100000,0.000000,3,4,4,4,4,5,7,8,8,8,8,686,0,3,3.538274996988299,2.365746011491865,18.58414101297967,178.51895043731778
1781612277,75,POST,/posts,9.700000,0.000000,3,3,3,3,4,5,5,25,25,25,25,934,0,3,3.3474882866260427,2.1494230022653937,24.976485001388937,226.127408993576
1781612277,75,GET,/timeline/{user_id},78.200000,0.000000,5,6,9,17,29,37,45,53,65,65,65,8091,0,5,11.090275086946662,2.42206099210307,133.52627598214895,1201.6085774317141
1781612277,75,GET,/users/{user_id},33.900000,0.000000,4,5,10,15,27,35,42,44,57,57,57,3181,0,4,9.81702287064191,2.133158006472513,105.80608298187144,263.32945614586606
1781612277,75,,Aggregated,309.800000,0.000000,5,18,36,50,150,220,300,340,520,690,690,32088,0,6,49.614657856157756,2.133158006472513,1451.849024015246,2391.167757417103
1781612278,75,GET,/feed/{user_id},123.400000,0.000000,5,8,14,23,37,46,54,58,76,79,79,13025,0,5,12.512739065881718,2.6578230026643723,166.5794839791488,1416.3570825335892
1781612278,75,GET,/feed/{user_id}?with_fof=true,56.700000,0.000000,160,200,240,250,310,350,400,500,690,690,690,6358,0,170.0,207.00350035918873,17.214614985277876,1451.849024015246,7548.201006605851
1781612278,75,POST,/likes,7.000000,0.000000,3,4,4,4,5,5,7,8,8,8,8,695,0,3,3.538784253194915,2.365746011491865,18.58414101297967,178.51942446043165
1781612278,75,POST,/posts,9.400000,0.000000,3,3,3,4,4,5,5,25,25,25,25,942,0,3,3.3462198754619794,2.1494230022653937,24.976485001388937,226.12845010615712
1781612278,75,GET,/timeline/{user_id},80.100000,0.000000,5,6,10,17,30,38,47,53,65,65,65,8169,0,5,11.084129657781013,2.42206099210307,133.52627598214895,1202.222793487575
1781612278,75,GET,/users/{user_id},35.200000,0.000000,4,5,11,16,27,35,42,44,57,57,57,3209,0,4,9.814454244772824,2.133158006472513,105.80608298187144,263.33281396073545
1781612278,75,,Aggregated,311.800000,0.000000,6,20,37,54,150,230,310,350,530,690,690,32398,0,6,49.594392081035124,2.133158006472513,1451.849024015246,2390.3509475893575
1781612279,75,GET,/feed/{user_id},120.300000,0.000000,5,8,14,22,37,46,54,62,76,79,79,13137,0,5,12.514636769981156,2.6578230026643723,166.5794839791488,1415.9737382964147
1781612279,75,GET,/feed/{user_id}?with_fof=true,56.800000,0.000000,160,210,240,250,320,370,430,480,670,670,670,6412,0,170.0,207.3155222454273,17.214614985277876,1451.849024015246,7554.696194635059
1781612279,75,POST,/likes,7.000000,0.000000,3,4,4,4,5,5,7,8,8,8,8,703,0,3,3.5387278933314525,2.365746011491865,18.58414101297967,178.51920341394026
1781612279,75,POST,/posts,9.300000,0.000000,3,3,3,4,4,5,5,25,25,25,25,948,0,3,3.344761787627368,2.1494230022653937,24.976485001388937,226.126582278481
1781612279,75,GET,/timeline/{user_id},80.400000,0.000000,5,7,11,18,31,38,47,53,65,65,65,8235,0,5,11.084737326343655,2.42206099210307,133.52627598214895,1202.70686095932
1781612279,75,GET,/users/{user_id},35.200000,0.000000,4,6,13,17,28,35,42,44,55,55,55,3241,0,4,9.834266130378413,2.133158006472513,105.80608298187144,263.32243134834926
1781612279,75,,Aggregated,309.000000,0.000000,6,20,37,57,160,240,310,360,530,670,670,32676,0,6,49.65498041925577,2.133158006472513,1451.849024015246,2391.3558881136
1781612280,75,GET,/feed/{user_id},120.300000,0.000000,5,8,16,23,39,47,56,62,76,79,79,13250,0,5,12.523796648182467,2.6578230026643723,166.5794839791488,1415.8265660377358
1781612280,75,GET,/feed/{user_id}?with_fof=true,57.800000,0.000000,170,220,250,270,330,390,480,550,670,670,670,6475,0,170.0,207.82766782866995,17.214614985277876,1451.849024015246,7560.039382239383
1781612280,75,POST,/likes,6.600000,0.000000,3,3,4,4,5,5,5,8,8,8,8,706,0,3,3.5375490920765262,2.365746011491865,18.58414101297967,178.5169971671388
1781612280,75,POST,/posts,9.700000,0.000000,3,3,4,4,4,5,5,7,7,7,7,960,0,3,3.3522453298246546,2.1494230022653937,24.976485001388937,226.11979166666666
1781612280,75,GET,/timeline/{user_id},78.800000,0.000000,5,7,11,18,32,39,48,59,68,68,68,8307,0,5,11.11638202931961,2.42206099210307,133.52627598214895,1200.9523293607801
1781612280,75,GET,/users/{user_id},34.600000,0.000000,4,7,14,20,28,36,42,44,55,55,55,3268,0,4,9.854590014846382,2.133158006472513,105.80608298187144,263.31425948592414
1781612280,75,,Aggregated,307.800000,0.000000,6,22,40,63,170,250,330,390,570,670,670,32966,0,6,49.805517977333295,2.133158006472513,1451.849024015246,2393.098556088091
1781612281,75,GET,/feed/{user_id},119.800000,0.000000,5,8,16,23,38,48,58,66,90,91,91,13350,0,5,12.555305410511373,2.6578230026643723,166.5794839791488,1414.696329588015
1781612281,75,GET,/feed/{user_id}?with_fof=true,58.500000,0.000000,170,230,260,290,360,420,550,560,670,670,670,6534,0,170.0,208.11507731233192,17.214614985277876,1451.849024015246,7557.573002754821
1781612281,75,POST,/likes,7.100000,0.000000,3,4,4,4,4,5,5,8,8,8,8,708,0,3,3.5398343361264337,2.365746011491865,18.58414101297967,178.5141242937853
1781612281,75,POST,/posts,9.600000,0.000000,3,3,4,4,4,5,5,7,7,7,7,965,0,3,3.3524145395133083,2.1494230022653937,24.976485001388937,226.1160621761658
1781612281,75,GET,/timeline/{user_id},78.700000,0.000000,5,7,11,17,32,40,53,59,68,68,68,8383,0,5,11.115127512899626,2.42206099210307,133.52627598214895,1203.2441846594297
1781612281,75,GET,/users/{user_id},33.500000,0.000000,4,7,15,22,31,37,44,49,56,56,56,3304,0,4,9.907183549182966,2.133158006472513,105.80608298187144,263.31598062954
1781612281,75,,Aggregated,307.200000,0.000000,6,22,40,68,170,260,360,420,590,670,670,33244,0,6,49.90644848745186,2.133158006472513,1451.849024015246,2393.4773192154976
1781612282,75,GET,/feed/{user_id},117.900000,0.000000,5,8,17,22,38,47,57,66,90,91,91,13462,0,5,12.57479310805887,2.6578230026643723,166.5794839791488,1414.4860347645224
1781612282,75,GET,/feed/{user_id}?with_fof=true,58.700000,0.000000,170,230,260,280,360,430,550,570,670,670,670,6596,0,170.0,207.9430534741959,17.214614985277876,1451.849024015246,7551.27092177077
1781612282,75,POST,/likes,7.200000,0.000000,3,4,4,4,4,5,5,8,8,8,8,711,0,3,3.5413251996957915,2.365746011491865,18.58414101297967,178.51476793248946
1781612282,75,POST,/posts,9.600000,0.000000,3,4,4,4,4,5,5,7,7,7,7,971,0,3,3.3566532993147744,2.1494230022653937,24.976485001388937,226.11534500514932
1781612282,75,GET,/timeline/{user_id},77.000000,0.000000,5,7,10,17,32,39,53,59,68,68,68,8463,0,5,11.099746456882519,2.42206099210307,133.52627598214895,1203.919650242231
1781612282,75,GET,/users/{user_id},33.400000,0.000000,4,7,16,22,31,37,44,49,56,56,56,3346,0,4,9.93902738776614,2.133158006472513,105.80608298187144,263.3045427375971
1781612282,75,,Aggregated,303.800000,0.000000,6,22,39,64,170,250,350,430,590,670,670,33549,0,6,49.89253265406317,2.133158006472513,1451.849024015246,2392.5084205192406
1781612283,75,GET,/feed/{user_id},117.500000,0.000000,5,8,17,23,39,49,59,68,90,91,91,13583,0,5,12.590463080734398,2.6578230026643723,166.5794839791488,1414.0529338143267
1781612283,75,GET,/feed/{user_id}?with_fof=true,59.500000,0.000000,180,230,260,290,370,440,560,580,670,670,670,6654,0,170.0,208.23069689539327,17.214614985277876,1451.849024015246,7551.9977457168625
1781612283,75,POST,/likes,6.500000,0.000000,3,4,4,4,5,5,5,8,8,8,8,719,0,3,3.541373581324687,2.365746011491865,18.58414101297967,178.52294853963838
1781612283,75,POST,/posts,10.200000,0.000000,3,4,4,4,4,5,5,7,7,7,7,979,0,3,3.355706547094657,2.1494230022653937,24.976485001388937,226.1164453524004
1781612283,75,GET,/timeline/{user_id},76.300000,0.000000,5,7,12,18,33,41,55,60,89,89,89,8534,0,5,11.117627537809149,2.42206099210307,133.52627598214895,1206.844855870635
1781612283,75,GET,/users/{user_id},31.700000,0.000000,4,7,15,22,32,39,44,49,56,56,56,3374,0,4,9.948937357305347,2.133158006472513,105.80608298187144,263.3135743924126
1781612283,75,,Aggregated,301.700000,0.000000,6,23,41,70,180,260,370,440,640,670,670,33843,0,6,49.961893139891615,2.133158006472513,1451.849024015246,2393.2699228791776
1781612284,75,GET,/feed/{user_id},114.800000,0.000000,5,8,16,23,37,48,58,66,90,91,91,13685,0,5,12.586555503153779,2.6578230026643723,166.5794839791488,1416.2553160394593
1781612284,75,GET,/feed/{user_id}?with_fof=true,59.400000,0.000000,180,230,260,280,370,440,560,580,670,670,670,6713,0,170.0,208.12905163083872,17.214614985277876,1451.849024015246,7552.362431103828
1781612284,75,POST,/likes,6.200000,0.000000,3,4,4,4,5,5,5,8,8,8,8,726,0,3,3.5390994599657954,2.365746011491865,18.58414101297967,178.5206611570248
1781612284,75,POST,/posts,9.500000,0.000000,3,3,4,4,4,5,5,7,7,7,7,989,0,3,3.352886601186407,2.1494230022653937,24.976485001388937,226.11931243680485
1781612284,75,GET,/timeline/{user_id},75.700000,0.000000,5,7,12,18,33,40,55,60,89,89,89,8618,0,5,11.120407208252145,2.42206099210307,133.52627598214895,1205.9494082153633
1781612284,75,GET,/users/{user_id},32.200000,0.000000,4,7,15,22,32,38,46,49,56,56,56,3409,0,4,9.956225579812545,2.133158006472513,105.80608298187144,263.31856849515987
1781612284,75,,Aggregated,297.800000,0.000000,6,23,40,66,170,260,370,440,640,670,670,34140,0,6,49.9437366443259,2.133158006472513,1451.849024015246,2393.7968951376683
1781612285,75,GET,/feed/{user_id},115.000000,0.000000,5,8,15,22,37,47,58,66,90,91,91,13816,0,5,12.57225750149973,2.6578230026643723,166.5794839791488,1416.7382744643892
1781612285,75,GET,/feed/{user_id}?with_fof=true,58.700000,0.000000,180,240,260,280,370,440,560,580,670,670,670,6772,0,170.0,207.82433674331395,17.214614985277876,1451.849024015246,7549.296072061429
1781612285,75,POST,/likes,5.900000,0.000000,3,4,4,4,5,5,5,8,8,8,8,736,0,3,3.5391210624410356,2.365746011491865,18.58414101297967,178.5108695652174
1781612285,75,POST,/posts,9.000000,0.000000,3,3,4,4,4,5,5,7,7,7,7,995,0,3,3.354335794559956,2.1494230022653937,24.976485001388937,226.12361809045225
1781612285,75,GET,/timeline/{user_id},77.500000,0.000000,5,7,12,18,33,40,53,59,89,89,89,8687,0,5,11.114725731169434,2.42206099210307,133.52627598214895,1207.2580867963625
1781612285,75,GET,/users/{user_id},33.300000,0.000000,4,7,15,22,32,37,44,48,56,56,56,3448,0,4,9.941277373727306,2.133158006472513,105.80608298187144,263.3207656612529
1781612285,75,,Aggregated,299.400000,0.000000,6,23,40,71,180,260,370,440,640,670,670,34454,0,6,49.85947123977671,2.133158006472513,1451.849024015246,2393.0239449701053
1781612286,75,GET,/feed/{user_id},116.400000,0.000000,5,8,17,23,37,48,58,65,90,91,91,13957,0,5,12.56733062239967,2.6578230026643723,166.5794839791488,1419.7970194167801
1781612286,75,GET,/feed/{user_id}?with_fof=true,58.800000,0.000000,180,230,260,280,370,430,560,580,670,670,670,6829,0,170.0,207.4891668431271,17.214614985277876,1451.849024015246,7549.371357446185
1781612286,75,POST,/likes,5.500000,0.000000,3,4,4,4,5,5,5,5,5,5,5,742,0,3,3.536907080810384,2.365746011491865,18.58414101297967,178.5067385444744
1781612286,75,POST,/posts,8.700000,0.000000,3,4,4,4,4,5,5,7,7,7,7,1007,0,3,3.3557650899859524,2.1494230022653937,24.976485001388937,226.11717974180735
1781612286,75,GET,/timeline/{user_id},77.100000,0.000000,5,7,13,19,33,40,51,59,89,89,89,8760,0,5,11.114971373457733,2.42206099210307,133.52627598214895,1209.7179223744292
1781612286,75,GET,/users/{user_id},32.100000,0.000000,4,7,14,20,32,38,44,48,56,56,56,3479,0,4,9.92734197344098,2.133158006472513,105.80608298187144,263.3167576889911
1781612286,75,,Aggregated,298.600000,0.000000,6,23,40,68,180,260,370,430,640,670,670,34774,0,6,49.757110666739955,2.133158006472513,1451.849024015246,2393.861045608788
1781612287,75,GET,/feed/{user_id},115.700000,0.000000,5,8,15,21,36,47,58,64,90,91,91,14083,0,5,12.530674936159187,2.6578230026643723,166.5794839791488,1416.9058439253
1781612287,75,GET,/feed/{user_id}?with_fof=true,58.200000,0.000000,170,230,260,290,380,440,560,580,670,670,670,6885,0,170.0,207.19366471716674,17.214614985277876,1451.849024015246,7550.373129992738
1781612287,75,POST,/likes,5.500000,0.000000,3,4,4,4,4,5,5,5,5,5,5,747,0,3,3.5350926693325047,2.365746011491865,18.58414101297967,178.50334672021418
1781612287,75,POST,/posts,8.900000,0.000000,3,4,4,4,4,5,5,7,7,7,7,1014,0,3,3.354375555854625,2.1494230022653937,24.976485001388937,226.11932938856015
1781612287,75,GET,/timeline/{user_id},76.500000,0.000000,5,7,12,18,33,41,55,62,89,89,89,8842,0,5,11.117542399604435,2.42206099210307,133.52627598214895,1210.0513458493554
1781612287,75,GET,/users/{user_id},32.700000,0.000000,5,7,15,22,32,40,47,52,56,56,56,3511,0,4,9.97050809384999,2.133158006472513,105.80608298187144,263.3198518940473
1781612287,75,,Aggregated,297.500000,0.000000,6,21,39,66,170,260,370,430,640,670,670,35082,0,6,49.66500460509835,2.133158006472513,1451.849024015246,2392.2530357448263
1781612288,75,GET,/feed/{user_id},115.500000,0.000000,5,8,15,21,36,47,58,64,90,91,91,14212,0,5,12.51988646854192,2.6578230026643723,166.5794839791488,1417.9727694905714
1781612288,75,GET,/feed/{user_id}?with_fof=true,58.900000,0.000000,170,220,250,270,370,430,560,580,670,670,670,6942,0,170.0,206.7814765281914,17.214614985277876,1451.849024015246,7551.996542783059
1781612288,75,POST,/likes,5.800000,0.000000,3,3,4,4,4,5,5,5,5,5,5,754,0,3,3.5324925490388206,2.365746011491865,18.58414101297967,178.5026525198939
1781612288,75,POST,/posts,8.400000,0.000000,3,4,4,4,4,5,6,7,7,7,7,1023,0,3,3.3548399194643057,2.1494230022653937,24.976485001388937,226.12121212121212
1781612288,75,GET,/timeline/{user_id},75.000000,0.000000,5,7,14,18,32,41,55,64,89,89,89,8918,0,5,11.117198483523282,2.42206099210307,133.52627598214895,1208.339986544068
1781612288,75,GET,/users/{user_id},33.400000,0.000000,5,7,16,22,32,40,47,52,56,56,56,3541,0,4,9.963850698009908,2.133158006472513,105.80608298187144,263.319683705168
1781612288,75,,Aggregated,297.000000,0.000000,6,21,39,66,170,250,360,430,640,670,670,35390,0,6,49.56005392955421,2.133158006472513,1451.849024015246,2391.9890647075445
1781612289,75,GET,/feed/{user_id},117.500000,0.000000,5,8,15,21,36,46,56,62,90,91,91,14306,0,5,12.524230972873239,2.6578230026643723,166.5794839791488,1420.4555431287572
1781612289,75,GET,/feed/{user_id}?with_fof=true,58.700000,0.000000,170,210,250,270,350,420,530,570,670,670,670,7005,0,170.0,206.72801868244457,17.214614985277876,1451.849024015246,7552.536473947181
1781612289,75,POST,/likes,5.800000,0.000000,3,3,4,4,4,5,5,5,5,5,5,760,0,3,3.5311834026575335,2.365746011491865,18.58414101297967,178.50263157894736
1781612289,75,POST,/posts,8.600000,0.000000,3,4,4,4,4,5,7,28,28,28,28,1032,0,3,3.3780249899044335,2.1494230022653937,28.213479003170505,226.12209302325581
1781612289,75,GET,/timeline/{user_id},74.700000,0.000000,5,7,14,20,33,40,51,64,89,89,89,8995,0,5,11.121106436788667,2.42206099210307,133.52627598214895,1209.492051139522
1781612289,75,GET,/users/{user_id},33.100000,0.000000,4,7,15,22,32,40,47,52,56,56,56,3575,0,4,9.95197453639483,2.133158006472513,105.80608298187144,263.32251748251747
1781612289,75,,Aggregated,298.400000,0.000000,6,22,39,68,170,250,350,420,590,670,670,35673,0,6,49.59167722677026,2.133158006472513,1451.849024015246,2394.42530765565
1781612290,75,GET,/feed/{user_id},117.500000,0.000000,5,8,15,21,37,46,56,64,90,91,91,14423,0,5,12.526619050063845,2.6578230026643723,166.5794839791488,1419.9774665464884
1781612290,75,GET,/feed/{user_id}?with_fof=true,58.400000,0.000000,170,220,250,280,360,420,530,560,670,670,670,7066,0,170.0,207.30700642141355,17.214614985277876,1451.849024015246,7560.0138692329465
1781612290,75,POST,/likes,6.200000,0.000000,3,4,4,4,4,5,5,5,5,5,5,764,0,3,3.529279850764963,2.365746011491865,18.58414101297967,178.4973821989529
1781612290,75,POST,/posts,7.900000,0.000000,3,3,4,4,4,5,6,28,28,28,28,1041,0,3,3.374950217641577,2.1494230022653937,28.213479003170505,226.12295869356387
1781612290,75,GET,/timeline/{user_id},75.000000,0.000000,5,7,14,19,32,40,51,60,89,89,89,9055,0,5,11.133373329308695,2.42206099210307,133.52627598214895,1209.3221424627277
1781612290,75,GET,/users/{user_id},32.900000,0.000000,4,6,14,21,32,38,47,52,56,56,56,3604,0,4,9.952741596472686,2.133158006472513,105.80608298187144,263.3265815760266
1781612290,75,,Aggregated,297.900000,0.000000,6,21,39,68,170,250,360,420,590,670,670,35953,0,6,49.742575115453675,2.133158006472513,1451.849024015246,2396.7568770339053
1781612291,75,GET,/feed/{user_id},118.700000,0.000000,5,8,14,20,36,45,56,63,74,88,88,14537,0,5,12.519108656946438,2.6578230026643723,166.5794839791488,1415.2984797413496
1781612291,75,GET,/feed/{user_id}?with_fof=true,58.600000,0.000000,170,220,260,290,360,440,540,610,770,770,770,7126,0,170.0,208.01282095098676,17.214614985277876,1451.849024015246,7564.797081111423
1781612291,75,POST,/likes,5.900000,0.000000,3,3,4,4,4,4,5,5,5,5,5,772,0,3,3.528096996096368,2.365746011491865,18.58414101297967,178.5
1781612291,75,POST,/posts,8.100000,0.000000,3,3,4,4,4,5,6,28,28,28,28,1045,0,3,3.373342223518916,2.1494230022653937,28.213479003170505,226.12535885167463
1781612291,75,GET,/timeline/{user_id},74.100000,0.000000,5,7,15,19,32,41,51,60,89,89,89,9125,0,5,11.135030327760296,2.42206099210307,133.52627598214895,1210.0180821917809
1781612291,75,GET,/users/{user_id},33.100000,0.000000,4,6,13,19,31,38,46,49,56,56,56,3637,0,4,9.968782258645092,2.133158006472513,105.80608298187144,263.3321418751718
1781612291,75,,Aggregated,298.500000,0.000000,6,20,38,64,170,260,360,440,670,770,770,36242,0,6,49.89796619841153,2.133158006472513,1451.849024015246,2396.506677335688
1781612292,75,GET,/feed/{user_id},116.900000,0.000000,5,7,12,19,35,44,55,63,73,88,88,14669,0,5,12.525282861968591,2.6578230026643723,166.5794839791488,1416.2779330561048
1781612292,75,GET,/feed/{user_id}?with_fof=true,59.000000,0.000000,170,220,270,290,370,440,560,610,770,770,770,7183,0,170.0,207.90499712875982,17.214614985277876,1451.849024015246,7563.883474871223
1781612292,75,POST,/likes,5.600000,0.000000,3,3,4,4,4,5,5,5,5,5,5,779,0,3,3.5276901579072844,2.365746011491865,18.58414101297967,178.49550706033375
1781612292,75,POST,/posts,8.300000,0.000000,3,3,4,4,4,5,6,28,28,28,28,1057,0,3,3.3733397347776815,2.1494230022653937,28.213479003170505,226.120151371807
1781612292,75,GET,/timeline/{user_id},75.700000,0.000000,5,7,15,19,32,40,50,60,89,89,89,9205,0,5,11.116881197174132,2.42206099210307,133.52627598214895,1212.0689842476916
1781612292,75,GET,/users/{user_id},33.200000,0.000000,4,6,13,19,31,37,44,48,56,56,56,3662,0,4,9.974799579924206,2.133158006472513,105.80608298187144,263.3342435827417
1781612292,75,,Aggregated,298.700000,0.000000,6,20,37,63,170,260,370,440,670,770,770,36555,0,6,49.85056126090656,2.133158006472513,1451.849024015246,2396.5596498427026
1781612293,75,GET,/feed/{user_id},117.600000,0.000000,5,8,14,20,35,43,55,61,72,73,73,14773,0,5,12.535894228739606,2.6578230026643723,166.5794839791488,1419.9478101942734
1781612293,75,GET,/feed/{user_id}?with_fof=true,58.700000,0.000000,170,210,250,280,360,430,540,610,770,770,770,7239,0,170.0,207.8327220918315,17.214614985277876,1451.849024015246,7563.724685730073
1781612293,75,POST,/likes,5.900000,0.000000,3,3,4,4,4,4,5,5,5,5,5,784,0,3,3.525744739780915,2.365746011491865,18.58414101297967,178.49744897959184
1781612293,75,POST,/posts,8.000000,0.000000,3,3,4,4,4,5,6,28,28,28,28,1069,0,3,3.3730102353783757,2.1494230022653937,28.213479003170505,226.12254443405052
1781612293,75,GET,/timeline/{user_id},74.600000,0.000000,5,7,14,19,32,40,50,52,79,79,79,9280,0,5,11.11668162489752,2.42206099210307,133.52627598214895,1212.7336206896553
1781612293,75,GET,/users/{user_id},33.100000,0.000000,4,6,12,17,30,35,44,48,56,56,56,3699,0,4,9.954859899925285,2.133158006472513,105.80608298187144,263.34063260340633
1781612293,75,,Aggregated,297.900000,0.000000,6,20,37,61,170,250,360,430,650,770,770,36844,0,6,49.833069284833854,2.133158006472513,1451.849024015246,2397.6936271848876
1781612294,75,GET,/feed/{user_id},119.400000,0.000000,5,7,13,20,35,43,55,61,72,73,73,14892,0,5,12.539104272777573,2.6578230026643723,166.5794839791488,1420.552309965082
1781612294,75,GET,/feed/{user_id}?with_fof=true,58.700000,0.000000,170,210,250,290,360,440,570,620,770,770,770,7304,0,170.0,207.81994932128487,17.214614985277876,1451.849024015246,7556.16538882804
1781612294,75,POST,/likes,6.500000,0.000000,3,3,4,4,4,5,5,5,5,5,5,791,0,3,3.52671380400129,2.365746011491865,18.58414101297967,178.48798988621996
1781612294,75,POST,/posts,8.000000,0.000000,3,3,4,4,4,5,6,28,28,28,28,1079,0,3,3.373549598326563,2.1494230022653937,28.213479003170505,226.1241890639481
1781612294,75,GET,/timeline/{user_id},73.600000,0.000000,5,7,14,18,30,41,51,52,79,79,79,9368,0,5,11.114736128318398,2.42206099210307,133.52627598214895,1211.9874039282665
1781612294,75,GET,/users/{user_id},33.300000,0.000000,4,6,12,16,27,34,42,46,56,56,56,3731,0,4,9.947309361517886,2.133158006472513,105.80608298187144,263.3449477351916
1781612294,75,,Aggregated,299.500000,0.000000,6,20,37,61,160,250,360,440,700,770,770,37165,0,6,49.84031213739641,2.133158006472513,1451.849024015246,2396.521108569891
1781612295,75,GET,/feed/{user_id},120.900000,0.000000,5,8,14,20,35,44,55,61,72,73,73,14995,0,5,12.547887385406005,2.6578230026643723,166.5794839791488,1420.9857952650884
1781612295,75,GET,/feed/{user_id}?with_fof=true,58.300000,0.000000,170,220,270,310,380,450,570,620,770,770,770,7374,0,170.0,208.10741093106802,17.214614985277876,1451.849024015246,7552.718877135882
1781612295,75,POST,/likes,6.800000,0.000000,3,3,4,4,4,5,5,6,6,6,6,798,0,3,3.5273850212217353,2.365746011491865,18.58414101297967,178.49248120300751
1781612295,75,POST,/posts,8.400000,0.000000,3,3,4,4,4,5,16,28,28,28,28,1088,0,3,3.3833225768777244,2.1494230022653937,28.213479003170505,226.1222426470588
1781612295,75,GET,/timeline/{user_id},74.400000,0.000000,5,7,14,18,32,42,52,53,79,79,79,9429,0,5,11.136674149867543,2.42206099210307,133.52627598214895,1210.5982606851203
1781612295,75,GET,/users/{user_id},31.600000,0.000000,5,7,13,18,27,34,42,46,56,56,56,3763,0,4,9.96673569541574,2.133158006472513,105.80608298187144,263.34201435025244
1781612295,75,,Aggregated,300.400000,0.000000,6,21,38,73,170,280,380,450,700,770,770,37447,0,6,49.98392540767984,2.133158006472513,1451.849024015246,2397.937778727268
1781612296,75,GET,/feed/{user_id},118.700000,0.000000,5,8,15,20,35,43,55,61,73,75,75,15136,0,5,12.535360010186322,2.6578230026643723,166.5794839791488,1415.1115882663848
1781612296,75,GET,/feed/{user_id}?with_fof=true,58.700000,0.000000,170,220,270,300,380,450,570,620,770,770,770,7428,0,170.0,207.6301057654523,17.214614985277876,1451.849024015246,7549.679590737749
1781612296,75,POST,/likes,6.500000,0.000000,3,3,4,4,4,5,5,6,6,6,6,805,0,3,3.5270052234951685,2.365746011491865,18.58414101297967,178.49068322981367
1781612296,75,POST,/posts,8.900000,0.000000,3,3,4,4,5,5,16,28,28,28,28,1096,0,3,3.3809504530723564,2.1494230022653937,28.213479003170505,226.12591240875912
1781612296,75,GET,/timeline/{user_id},73.800000,0.000000,5,7,14,18,32,41,52,53,79,79,79,9506,0,5,11.123865880507848,2.42206099210307,133.52627598214895,1210.869240479697
1781612296,75,GET,/users/{user_id},32.400000,0.000000,5,8,15,20,27,34,44,49,56,56,56,3783,0,4,9.976599710495126,2.133158006472513,105.80608298187144,263.3454929949775
1781612296,75,,Aggregated,299.000000,0.000000,6,21,38,74,170,270,380,450,700,770,770,37754,0,6,49.850117640683145,2.133158006472513,1451.849024015246,2394.353631403295
1781612297,75,GET,/feed/{user_id},119.500000,0.000000,5,8,17,21,36,44,55,61,73,75,75,15272,0,5,12.529078996280932,2.6578230026643723,166.5794839791488,1416.0906888423258
1781612297,75,GET,/feed/{user_id}?with_fof=true,58.800000,0.000000,170,220,270,300,380,450,570,620,770,770,770,7484,0,170.0,207.30238148728176,17.214614985277876,1451.849024015246,7555.238776055585
1781612297,75,POST,/likes,6.400000,0.000000,3,4,4,4,4,5,5,6,6,6,6,812,0,3,3.5290554998955215,2.365746011491865,18.58414101297967,178.48522167487684
1781612297,75,POST,/posts,8.900000,0.000000,3,3,4,4,4,5,16,28,28,28,28,1105,0,3,3.3797117498254496,2.1494230022653937,28.213479003170505,226.1266968325792
1781612297,75,GET,/timeline/{user_id},74.900000,0.000000,5,7,11,18,31,39,48,52,69,69,69,9584,0,5,11.103044712561887,2.42206099210307,133.52627598214895,1211.6503547579298
1781612297,75,GET,/users/{user_id},32.200000,0.000000,4,7,13,18,26,33,38,44,55,55,55,3828,0,4,9.9441267437028,2.133158006472513,105.80608298187144,263.35292580982235
1781612297,75,,Aggregated,300.700000,0.000000,6,21,37,72,170,270,380,450,700,770,770,38085,0,6,49.72753025420976,2.133158006472513,1451.849024015246,2394.258001837994
1781612298,75,GET,/feed/{user_id},117.300000,0.000000,5,9,17,22,36,44,56,63,74,75,75,15388,0,5,12.53646854272342,2.6578230026643723,166.5794839791488,1414.9010917598127
1781612298,75,GET,/feed/{user_id}?with_fof=true,60.100000,0.000000,170,220,280,310,400,450,570,620,770,770,770,7549,0,170.0,207.22965520756122,17.214614985277876,1451.849024015246,7559.081865147702
1781612298,75,POST,/likes,6.400000,0.000000,3,4,4,4,4,5,5,6,6,6,6,819,0,3,3.5272978387075966,2.365746011491865,18.58414101297967,178.4896214896215
1781612298,75,POST,/posts,9.300000,0.000000,3,3,4,4,5,5,16,28,28,28,28,1113,0,3,3.3875421613269894,2.1494230022653937,28.213479003170505,226.12758310871519
1781612298,75,GET,/timeline/{user_id},73.800000,0.000000,5,7,11,18,31,38,48,52,69,69,69,9648,0,5,11.103406201003704,2.42206099210307,133.52627598214895,1210.8805970149253
1781612298,75,GET,/users/{user_id},31.000000,0.000000,4,8,13,19,27,35,44,47,75,75,75,3860,0,4,9.989149950235392,2.133158006472513,105.80608298187144,263.3533678756477
1781612298,75,,Aggregated,297.900000,0.000000,6,22,39,75,170,280,400,450,700,770,770,38377,0,6,49.75977325710604,2.133158006472513,1451.849024015246,2395.5230997733015
1781612299,75,GET,/feed/{user_id},117.600000,0.000000,5,8,17,21,36,45,59,65,82,83,83,15486,0,5,12.546399593929921,2.6578230026643723,166.5794839791488,1415.647875500452
1781612299,75,GET,/feed/{user_id}?with_fof=true,60.000000,0.000000,170,220,280,320,420,510,610,670,840,840,840,7601,0,170.0,207.66858705220525,17.214614985277876,1451.849024015246,7556.562689119853
1781612299,75,POST,/likes,6.300000,0.000000,3,4,4,4,4,5,5,6,6,6,6,829,0,3,3.526845184485939,2.365746011491865,18.58414101297967,178.48250904704463
1781612299,75,POST,/posts,8.800000,0.000000,3,3,4,4,4,5,10,16,16,16,16,1121,0,3,3.386811839879169,2.1494230022653937,28.213479003170505,226.1329170383586
1781612299,75,GET,/timeline/{user_id},74.100000,0.000000,5,7,12,18,31,41,52,56,73,73,73,9715,0,5,11.125222141680112,2.42206099210307,133.52627598214895,1208.4216160576427
1781612299,75,GET,/users/{user_id},30.100000,0.000000,5,9,15,20,27,37,45,49,75,75,75,3885,0,4,10.027658028512812,2.133158006472513,105.80608298187144,263.3619047619048
1781612299,75,,Aggregated,297.000000,0.000000,6,22,39,75,170,280,420,510,720,840,840,38637,0,6,49.862614322360656,2.133158006472513,1451.849024015246,2394.714651758677
1781612300,75,GET,/feed/{user_id},119.200000,0.000000,5,9,18,22,37,47,63,75,120,120,120,15564,0,5,12.593346541813782,2.6578230026643723,166.5794839791488,1416.704189154459
1781612300,75,GET,/feed/{user_id}?with_fof=true,59.700000,0.000000,170,210,270,320,460,560,690,720,1000,1000,1000,7664,0,170.0,208.57801867000518,17.214614985277876,1451.849024015246,7554.540057411274
1781612300,75,POST,/likes,6.400000,0.000000,3,4,4,4,4,5,5,6,6,6,6,834,0,3,3.525044322475887,2.365746011491865,18.58414101297967,178.47961630695443
1781612300,75,POST,/posts,9.100000,0.000000,3,3,4,4,4,5,10,16,16,16,16,1131,0,3,3.386147738712083,2.1494230022653937,28.213479003170505,226.13527851458886
1781612300,75,GET,/timeline/{user_id},73.800000,0.000000,5,7,12,18,31,43,53,61,84,84,84,9776,0,5,11.14848623426731,2.42206099210307,133.52627598214895,1207.128682487725
1781612300,75,GET,/users/{user_id},31.600000,0.000000,5,9,15,20,27,37,47,58,75,75,75,3912,0,4,10.043397312083675,2.133158006472513,105.80608298187144,263.3678425357873
1781612300,75,,Aggregated,299.800000,0.000000,6,22,40,80,170,280,460,560,880,1000,1000,38881,0,6,50.14253163324519,2.133158006472513,1451.849024015246,2396.6301021064273
1781612301,75,GET,/feed/{user_id},116.800000,0.000000,5,9,18,22,37,48,69,76,120,120,120,15681,0,5,12.598516565836007,2.6578230026643723,166.5794839791488,1414.7753332057905
1781612301,75,GET,/feed/{user_id}?with_fof=true,60.200000,0.000000,170,220,280,340,510,690,880,1000,1200,1200,1200,7721,0,170.0,210.51168168979743,17.214614985277876,1451.849024015246,7561.346198678928
1781612301,75,POST,/likes,6.300000,0.000000,3,4,4,4,5,5,5,6,6,6,6,838,0,3,3.525833873463592,2.365746011491865,18.58414101297967,178.4749403341289
1781612301,75,POST,/posts,9.000000,0.000000,3,3,4,4,4,5,10,16,16,16,16,1144,0,3,3.386199974213357,2.1494230022653937,28.213479003170505,226.1346153846154
1781612301,75,GET,/timeline/{user_id},72.400000,0.000000,5,7,14,18,31,42,55,67,89,89,89,9832,0,5,11.157453076697179,2.42206099210307,133.52627598214895,1207.39106997559
1781612301,75,GET,/users/{user_id},31.900000,0.000000,5,8,15,20,26,38,49,60,75,75,75,3937,0,4,10.037284870935377,2.133158006472513,105.80608298187144,263.3731267462535
1781612301,75,,Aggregated,296.600000,0.000000,7,22,42,81,170,290,520,690,1100,1200,1200,39153,0,6,50.544360926090526,2.133158006472513,1451.849024015246,2397.83605343141
1781612302,75,GET,/feed/{user_id},117.000000,0.000000,5,8,17,21,36,47,67,76,120,120,120,15819,0,5,12.574003551534947,2.6578230026643723,166.5794839791488,1415.466085087553
1781612302,75,GET,/feed/{user_id}?with_fof=true,59.900000,0.000000,170,220,280,340,510,690,880,1000,1200,1200,1200,7778,0,170.0,210.52001361518006,17.214614985277876,1451.849024015246,7564.802777063513
1781612302,75,POST,/likes,6.900000,0.000000,3,4,4,4,5,5,6,6,6,6,6,844,0,3,3.53049069901093,2.365746011491865,18.58414101297967,178.47748815165878
1781612302,75,POST,/posts,8.900000,0.000000,3,3,4,4,4,5,16,20,20,20,20,1151,0,3,3.399396764998891,2.1494230022653937,28.213479003170505,226.13553431798437
1781612302,75,GET,/timeline/{user_id},71.900000,0.000000,5,7,14,18,31,42,56,67,89,89,89,9901,0,5,11.143293009103877,2.42206099210307,133.52627598214895,1211.066255933744
1781612302,75,GET,/users/{user_id},31.000000,0.000000,4,7,15,19,26,36,49,58,75,75,75,3974,0,4,10.017645496704672,2.133158006472513,105.80608298187144,263.362858580775
1781612302,75,,Aggregated,295.600000,0.000000,6,22,40,81,170,290,520,690,1100,1200,1200,39467,0,6,50.50713596660812,2.133158006472513,1451.849024015246,2398.930296196823
1781612303,75,GET,/feed/{user_id},113.800000,0.000000,5,8,15,20,35,45,67,76,120,120,120,15963,0,5,12.550887893987182,2.6578230026643723,166.5794839791488,1417.2089206289545
1781612303,75,GET,/feed/{user_id}?with_fof=true,59.600000,0.000000,160,210,270,320,520,690,880,1000,1200,1200,1200,7834,0,170.0,210.09342641115944,17.214614985277876,1451.849024015246,7563.794230278274
1781612303,75,POST,/likes,7.000000,0.000000,3,4,4,4,5,5,6,6,6,6,6,850,0,3,3.530076834037626,2.365746011491865,18.58414101297967,178.48235294117646
1781612303,75,POST,/posts,8.900000,0.000000,3,3,4,4,4,5,16,20,20,20,20,1168,0,3,3.3964620894811848,2.1494230022653937,28.213479003170505,226.1361301369863
1781612303,75,GET,/timeline/{user_id},71.900000,0.000000,5,8,14,18,31,41,56,67,89,89,89,9962,0,5,11.13823702781796,2.42206099210307,133.52627598214895,1209.9098574583418
1781612303,75,GET,/users/{user_id},30.800000,0.000000,4,8,15,20,27,36,49,58,75,75,75,4003,0,4,10.01924697574437,2.133158006472513,105.80608298187144,263.3689732700475
1781612303,75,,Aggregated,292.000000,0.000000,6,21,38,78,160,270,520,690,1100,1200,1200,39780,0,6,50.38349728258456,2.133158006472513,1451.849024015246,2398.212543991956
1781612304,75,GET,/feed/{user_id},113.400000,0.000000,5,7,13,20,34,44,64,75,120,120,120,16113,0,5,12.525734930775823,2.6578230026643723,166.5794839791488,1415.9798920126607
1781612304,75,GET,/feed/{user_id}?with_fof=true,59.400000,0.000000,160,200,260,310,500,690,880,1000,1200,1200,1200,7884,0,170.0,209.55383726191306,17.214614985277876,1451.849024015246,7557.7850076103505
1781612304,75,POST,/likes,6.500000,0.000000,3,4,4,4,5,5,6,6,6,6,6,856,0,3,3.5308408433958784,2.365746011491865,18.58414101297967,178.48714953271028
1781612304,75,POST,/posts,9.800000,0.000000,3,3,4,4,4,5,16,20,20,20,20,1177,0,3,3.3975889367334697,2.1494230022653937,28.213479003170505,226.1376380628717
1781612304,75,GET,/timeline/{user_id},70.900000,0.000000,5,7,13,17,30,37,56,67,89,89,89,10043,0,5,11.11819983701719,2.42206099210307,133.52627598214895,1209.611669819775
1781612304,75,GET,/users/{user_id},29.900000,0.000000,4,6,13,19,26,35,49,58,75,75,75,4038,0,4,9.985646942777501,2.133158006472513,105.80608298187144,263.3632986627043
1781612304,75,,Aggregated,289.900000,0.000000,6,20,36,74,150,260,490,670,1100,1200,1200,40111,0,6,50.18456546012552,2.133158006472513,1451.849024015246,2394.151255266635
1781612305,75,GET,/feed/{user_id},114.000000,0.000000,5,7,13,19,35,43,64,75,120,120,120,16236,0,5,12.529747159250594,2.6578230026643723,166.5794839791488,1415.058327174181
1781612305,75,GET,/feed/{user_id}?with_fof=true,59.300000,0.000000,160,200,240,270,490,690,880,1000,1200,1200,1200,7950,0,170.0,209.42810573571202,17.214614985277876,1451.849024015246,7566.059371069183
1781612305,75,POST,/likes,6.500000,0.000000,3,4,4,4,5,5,5,6,6,6,6,865,0,3,3.5315081040775995,2.365746011491865,18.58414101297967,178.4878612716763
1781612305,75,POST,/posts,9.500000,0.000000,3,3,4,4,4,5,10,20,20,20,20,1185,0,3,3.3936864924852888,2.1494230022653937,28.213479003170505,226.13417721518988
1781612305,75,GET,/timeline/{user_id},69.300000,0.000000,5,7,13,17,29,36,56,67,89,89,89,10115,0,5,11.127612974021783,2.42206099210307,133.52627598214895,1206.4812654473553
1781612305,75,GET,/users/{user_id},31.100000,0.000000,4,6,13,19,27,37,49,58,75,75,75,4066,0,4,10.001270000693886,2.133158006472513,105.80608298187144,263.36645351697
1781612305,75,,Aggregated,289.700000,0.000000,6,19,36,72,150,230,480,670,1100,1200,1200,40417,0,6,50.19382085595609,2.133158006472513,1451.849024015246,2395.5718138407105
1781612306,75,GET,/feed/{user_id},118.700000,0.000000,5,7,12,19,34,43,64,76,120,120,120,16342,0,5,12.51453102035359,2.6578230026643723,166.5794839791488,1416.790845673724
1781612306,75,GET,/feed/{user_id}?with_fof=true,59.300000,0.000000,160,190,230,270,480,670,880,1000,1200,1200,1200,8012,0,170.0,208.93698832911602,17.214614985277876,1451.849024015246,7571.61744882676
1781612306,75,POST,/likes,6.600000,0.000000,3,4,4,4,5,5,6,6,6,6,6,875,0,3,3.5354655931836794,2.365746011491865,18.58414101297967,178.4902857142857
1781612306,75,POST,/posts,9.900000,0.000000,3,3,4,4,4,5,10,20,20,20,20,1193,0,3,3.3936394355220805,2.1494230022653937,28.213479003170505,226.13830678960605
1781612306,75,GET,/timeline/{user_id},68.200000,0.000000,5,7,13,17,29,36,56,67,89,89,89,10206,0,5,11.112530124444797,2.42206099210307,133.52627598214895,1208.4175974916716
1781612306,75,GET,/users/{user_id},30.500000,0.000000,4,6,12,16,27,35,49,58,75,75,75,4108,0,4,9.967372807908584,2.133158006472513,105.80608298187144,263.37049659201557
1781612306,75,,Aggregated,293.200000,0.000000,6,19,35,73,150,230,480,670,1100,1200,1200,40736,0,6,50.07900163523865,2.133158006472513,1451.849024015246,2397.3387912411627
1781612307,75,GET,/feed/{user_id},122.300000,0.000000,5,7,12,19,34,42,64,76,120,120,120,16469,0,5,12.505468009993617,2.6578230026643723,166.5794839791488,1415.0690995203108
1781612307,75,GET,/feed/{user_id}?with_fof=true,57.900000,0.000000,160,190,230,260,480,670,880,1000,1200,1200,1200,8070,0,170.0,208.55740835785082,17.214614985277876,1451.849024015246,7571.839653035936
1781612307,75,POST,/likes,6.500000,0.000000,3,4,4,4,5,5,6,6,6,6,6,886,0,3,3.533972931178823,2.365746011491865,18.58414101297967,178.48532731376974
1781612307,75,POST,/posts,9.800000,0.000000,3,3,4,4,4,5,7,10,20,20,20,1206,0,3,3.389194679528955,2.1494230022653937,28.213479003170505,226.13847429519072
1781612307,75,GET,/timeline/{user_id},67.600000,0.000000,5,7,14,18,29,36,53,67,89,89,89,10290,0,5,11.099534262874185,2.42206099210307,133.52627598214895,1208.15296404276
1781612307,75,GET,/users/{user_id},30.600000,0.000000,4,6,12,16,27,35,49,58,75,75,75,4134,0,4,9.952134877560686,2.133158006472513,105.80608298187144,263.3759071117562
1781612307,75,,Aggregated,294.700000,0.000000,6,19,36,75,160,220,480,670,1100,1200,1200,41055,0,6,49.97163902213588,2.133158006472513,1451.849024015246,2395.836560711241
1781612308,75,GET,/feed/{user_id},124.300000,0.000000,5,7,13,20,35,42,62,76,120,120,120,16584,0,5,12.515393396441494,2.6578230026643723,166.5794839791488,1415.085684997588
1781612308,75,GET,/feed/{user_id}?with_fof=true,57.700000,0.000000,160,190,230,260,490,690,880,1000,1200,1200,1200,8124,0,170.0,208.3681269751113,17.214614985277876,1451.849024015246,7568.0780403742
1781612308,75,POST,/likes,6.500000,0.000000,3,4,4,4,5,5,6,6,6,6,6,892,0,3,3.533038399094818,2.365746011491865,18.58414101297967,178.48318385650225
1781612308,75,POST,/posts,9.700000,0.000000,3,3,3,4,4,5,5,7,20,20,20,1216,0,3,3.389963787388919,2.1494230022653937,28.213479003170505,226.1389802631579
1781612308,75,GET,/timeline/{user_id},68.500000,0.000000,5,7,13,17,29,35,53,67,89,89,89,10370,0,5,11.084372491791656,2.42206099210307,133.52627598214895,1208.5681774349084
1781612308,75,GET,/users/{user_id},30.400000,0.000000,4,6,11,15,27,35,46,51,60,60,60,4169,0,4,9.961845164751486,2.133158006472513,105.80608298187144,263.3763492444231
1781612308,75,,Aggregated,297.100000,0.000000,6,19,35,70,150,220,480,670,1100,1200,1200,41355,0,6,49.91143728887863,2.133158006472513,1451.849024015246,2394.2910651674524
1781612309,75,GET,/feed/{user_id},120.000000,0.000000,5,7,13,20,35,42,53,72,120,120,120,16721,0,5,12.52024440705882,2.6578230026643723,166.5794839791488,1415.005741283416
1781612309,75,GET,/feed/{user_id}?with_fof=true,58.400000,0.000000,160,200,230,260,390,650,870,1000,1200,1200,1200,8181,0,170.0,208.5139453669234,17.214614985277876,1451.849024015246,7570.153648698203
1781612309,75,POST,/likes,7.000000,0.000000,3,4,4,4,5,5,6,6,6,6,6,896,0,3,3.5316091115678967,2.365746011491865,18.58414101297967,178.48995535714286
1781612309,75,POST,/posts,9.800000,0.000000,3,3,3,4,4,5,6,7,20,20,20,1222,0,3,3.3930259087117642,2.1494230022653937,28.213479003170505,226.1415711947627
1781612309,75,GET,/timeline/{user_id},70.100000,0.000000,5,7,12,17,29,35,44,60,89,89,89,10433,0,5,11.09277617327093,2.42206099210307,133.52627598214895,1208.6454519313716
1781612309,75,GET,/users/{user_id},32.300000,0.000000,4,6,8,15,26,31,38,51,60,60,60,4197,0,4,9.961711004007666,2.133158006472513,105.80608298187144,263.37645937574456
1781612309,75,,Aggregated,297.500000,0.000000,6,19,35,60,160,220,380,630,1100,1200,1200,41650,0,6,49.94128278754375,2.133158006472513,1451.849024015246,2394.794693877551
1781612310,75,GET,/feed/{user_id},119.000000,0.000000,5,7,13,20,35,41,49,54,76,110,110,16842,0,5,12.520100743754009,2.6578230026643723,166.5794839791488,1417.0662629141432
1781612310,75,GET,/feed/{user_id}?with_fof=true,58.600000,0.000000,160,190,220,240,330,460,830,1000,1200,1200,1200,8240,0,170.0,208.2419994570072,17.214614985277876,1451.849024015246,7569.259951456311
1781612310,75,POST,/likes,7.400000,0.000000,3,4,4,4,5,5,6,6,6,6,6,903,0,3,3.5307769047584725,2.365746011491865,18.58414101297967,178.49169435215947
1781612310,75,POST,/posts,10.100000,0.000000,3,3,3,4,4,5,6,7,20,20,20,1234,0,3,3.391737787209027,2.1494230022653937,28.213479003170505,226.1418152350081
1781612310,75,GET,/timeline/{user_id},70.500000,0.000000,5,6,11,17,29,35,42,47,89,89,89,10516,0,5,11.081092356011373,2.42206099210307,133.52627598214895,1209.8169456066946
1781612310,75,GET,/users/{user_id},30.400000,0.000000,4,6,7,15,25,30,38,39,55,55,55,4226,0,4,9.944577133892643,2.133158006472513,105.80608298187144,263.37742546142925
1781612310,75,,Aggregated,296.000000,0.000000,6,18,33,48,150,220,320,430,1100,1200,1200,41961,0,6,49.872640270968354,2.133158006472513,1451.849024015246,2395.382307380663
1781612311,75,GET,/feed/{user_id},119.400000,0.000000,5,7,13,20,35,41,48,52,70,75,75,16969,0,5,12.524139544006403,2.6578230026643723,166.5794839791488,1416.113913607166
1781612311,75,GET,/feed/{user_id}?with_fof=true,57.500000,0.000000,160,190,220,230,290,330,370,410,630,630,630,8296,0,170.0,208.09835193270538,17.214614985277876,1451.849024015246,7575.268442622951
1781612311,75,POST,/likes,7.300000,0.000000,3,4,4,4,4,5,6,6,6,6,6,910,0,3,3.5263921582564755,2.365746011491865,18.58414101297967,178.4945054945055
1781612311,75,POST,/posts,10.300000,0.000000,3,3,4,4,4,5,6,20,20,20,20,1241,0,3,3.3903534258057277,2.1494230022653937,28.213479003170505,226.14101531023368
1781612311,75,GET,/timeline/{user_id},72.300000,0.000000,5,6,11,17,29,35,42,46,62,62,62,10584,0,5,11.087911891436327,2.42206099210307,133.52627598214895,1210.1019463340892
1781612311,75,GET,/users/{user_id},30.800000,0.000000,4,5,7,14,25,30,38,39,51,51,51,4255,0,4,9.932931606998704,2.133158006472513,105.80608298187144,263.3755581668625
1781612311,75,,Aggregated,297.600000,0.000000,6,18,33,45,150,210,290,330,420,630,630,42255,0,6,49.8388730438563,2.133158006472513,1451.849024015246,2396.0695065672703
1781612312,75,GET,/feed/{user_id},123.800000,0.000000,5,8,15,21,35,42,49,53,75,83,83,17072,0,5,12.529120452402019,2.6578230026643723,166.5794839791488,1416.7823336457357
1781612312,75,GET,/feed/{user_id}?with_fof=true,57.300000,0.000000,160,200,220,240,310,370,440,540,750,750,750,8360,0,170.0,208.8440745645452,17.214614985277876,1451.849024015246,7574.521531100479
1781612312,75,POST,/likes,6.700000,0.000000,3,4,4,4,4,5,5,6,6,6,6,917,0,3,3.525934124312383,2.365746011491865,18.58414101297967,178.48636859323884
1781612312,75,POST,/posts,10.300000,0.000000,3,3,3,4,4,5,6,6,6,6,6,1245,0,3,3.3887489433269424,2.1494230022653937,28.213479003170505,226.14136546184739
1781612312,75,GET,/timeline/{user_id},71.600000,0.000000,5,7,11,19,29,35,43,47,62,62,62,10643,0,5,11.092925352424572,2.42206099210307,133.52627598214895,1206.9021892323592
1781612312,75,GET,/users/{user_id},31.000000,0.000000,4,6,8,14,27,31,38,44,51,51,51,4276,0,4,9.939173050683527,2.133158006472513,105.80608298187144,263.3751169317119
1781612312,75,,Aggregated,300.700000,0.000000,6,20,35,50,160,220,310,360,630,750,750,42513,0,6,50.05169689836093,2.133158006472513,1451.849024015246,2397.543763084233
1781612313,75,GET,/feed/{user_id},127.400000,0.000000,5,8,14,21,35,42,49,54,75,83,83,17203,0,5,12.507045224644294,2.6578230026643723,166.5794839791488,1414.8024763122712
1781612313,75,GET,/feed/{user_id}?with_fof=true,57.400000,0.000000,160,200,230,250,310,390,470,540,750,750,750,8413,0,170.0,208.56938314710533,17.214614985277876,1451.849024015246,7570.142992987044
1781612313,75,POST,/likes,6.800000,0.000000,3,4,4,4,4,5,6,6,6,6,6,923,0,3,3.5303197063900176,2.365746011491865,18.58414101297967,178.48212351029252
1781612313,75,POST,/posts,10.300000,0.000000,3,3,3,4,5,5,6,9,9,9,9,1256,0,3,3.392862528265946,2.136541996151209,28.213479003170505,226.14410828025478
1781612313,75,GET,/timeline/{user_id},73.800000,0.000000,5,6,9,17,29,35,42,47,62,62,62,10736,0,5,11.05781473991904,2.42206099210307,133.52627598214895,1202.0191877794337
1781612313,75,GET,/users/{user_id},31.500000,0.000000,4,5,7,14,25,30,37,39,51,51,51,4306,0,4,9.92436975329952,2.133158006472513,105.80608298187144,263.3745935903391
1781612313,75,,Aggregated,307.200000,0.000000,6,19,35,49,160,220,310,370,630,750,750,42837,0,6,49.92935721563437,2.133158006472513,1451.849024015246,2393.122884422345
1781612314,75,GET,/feed/{user_id},128.400000,0.000000,5,8,15,21,36,44,52,63,86,92,92,17294,0,5,12.526691033623997,2.6578230026643723,166.5794839791488,1413.3382676072627
1781612314,75,GET,/feed/{user_id}?with_fof=true,57.100000,0.000000,170,210,240,270,350,440,600,660,840,840,840,8467,0,170.0,209.17473663879807,17.214614985277876,1451.849024015246,7572.682768394945
1781612314,75,POST,/likes,7.300000,0.000000,3,4,4,4,4,5,6,6,6,6,6,932,0,3,3.528675013887566,2.365746011491865,18.58414101297967,178.48390557939913
1781612314,75,POST,/posts,9.700000,0.000000,3,3,3,4,5,5,6,9,9,9,9,1262,0,3,3.3945282816725655,2.136541996151209,28.213479003170505,226.14500792393028
1781612314,75,GET,/timeline/{user_id},74.600000,0.000000,5,7,11,18,30,38,46,51,68,68,68,10809,0,5,11.084593331650613,2.42206099210307,133.52627598214895,1202.5859006383569
1781612314,75,GET,/users/{user_id},31.700000,0.000000,4,5,8,15,27,34,41,51,75,75,75,4339,0,4,9.945978010278822,2.133158006472513,105.80608298187144,263.3795805485135
1781612314,75,,Aggregated,308.800000,0.000000,6,20,37,63,170,240,340,440,750,840,840,43103,0,6,50.07216847015334,2.133158006472513,1451.849024015246,2393.185485929054
1781612315,75,GET,/feed/{user_id},125.000000,0.000000,5,8,14,21,36,44,53,64,86,92,92,17427,0,5,12.507426284646444,2.6578230026643723,166.5794839791488,1412.7444769610374
1781612315,75,GET,/feed/{user_id}?with_fof=true,58.200000,0.000000,170,210,250,280,360,480,620,660,840,840,840,8524,0,170.0,209.14088619623968,17.214614985277876,1451.849024015246,7575.68054903801
1781612315,75,POST,/likes,7.300000,0.000000,3,4,4,4,4,5,6,6,6,6,6,942,0,3,3.5298737748775673,2.365746011491865,18.58414101297967,178.48195329087048
1781612315,75,POST,/posts,9.300000,0.000000,3,3,4,4,5,5,6,9,9,9,9,1273,0,3,3.394535087600997,2.136541996151209,28.213479003170505,226.14611154752552
1781612315,75,GET,/timeline/{user_id},74.100000,0.000000,5,6,10,17,30,38,46,51,68,68,68,10887,0,5,11.086967589037007,2.42206099210307,133.52627598214895,1202.3642876825572
1781612315,75,GET,/users/{user_id},29.900000,0.000000,4,5,8,14,26,33,41,51,75,75,75,4366,0,4,9.9357608278734,2.133158006472513,105.80608298187144,263.376546037563
1781612315,75,,Aggregated,303.800000,0.000000,6,19,36,56,160,240,350,470,750,840,840,43419,0,6,50.0337079153843,2.133158006472513,1451.849024015246,2392.755590870356
1781612316,75,GET,/feed/{user_id},123.700000,0.000000,5,8,16,22,37,45,53,63,86,92,92,17548,0,5,12.516486970912105,2.6578230026643723,166.5794839791488,1413.2276612719397
1781612316,75,GET,/feed/{user_id}?with_fof=true,57.600000,0.000000,170,220,260,280,360,480,620,660,840,840,840,8585,0,170.0,208.87779037690999,17.214614985277876,1451.849024015246,7577.0203843913805
1781612316,75,POST,/likes,7.400000,0.000000,3,4,4,4,4,4,6,6,6,6,6,947,0,3,3.529551438157473,2.365746011491865,18.58414101297967,178.48257655755015
1781612316,75,POST,/posts,8.800000,0.000000,3,3,4,4,5,5,6,9,9,9,9,1279,0,3,3.3953783936628184,2.136541996151209,28.213479003170505,226.14698983580922
1781612316,75,GET,/timeline/{user_id},77.500000,0.000000,5,6,11,19,31,38,46,51,68,68,68,10978,0,5,11.084259545617837,2.42206099210307,133.52627598214895,1200.0779741300782
1781612316,75,GET,/users/{user_id},30.100000,0.000000,4,6,9,15,27,33,41,51,75,75,75,4395,0,4,9.930501728901636,2.133158006472513,105.80608298187144,263.38202502844143
1781612316,75,,Aggregated,305.100000,0.000000,6,21,37,57,170,250,360,470,750,840,840,43732,0,6,49.98325881091839,2.133158006472513,1451.849024015246,2392.7175523644014
1781612317,75,GET,/feed/{user_id},117.600000,0.000000,5,8,15,21,37,46,55,65,86,92,92,17674,0,5,12.504025564874388,2.6578230026643723,166.5794839791488,1411.741201765305
1781612317,75,GET,/feed/{user_id}?with_fof=true,58.200000,0.000000,180,220,270,300,370,500,620,660,840,840,840,8637,0,170.0,208.87375600332453,17.214614985277876,1451.849024015246,7579.573694569874
1781612317,75,POST,/likes,7.600000,0.000000,3,4,4,4,4,4,6,6,6,6,6,950,0,3,3.5290036136039387,2.365746011491865,18.58414101297967,178.48
1781612317,75,POST,/posts,8.500000,0.000000,3,3,4,4,5,5,6,9,9,9,9,1287,0,3,3.3940189095067836,2.136541996151209,28.213479003170505,226.14685314685315
1781612317,75,GET,/timeline/{user_id},76.500000,0.000000,5,6,12,20,32,41,48,53,68,68,68,11052,0,5,11.097908457456528,2.42206099210307,133.52627598214895,1198.343105320304
1781612317,75,GET,/users/{user_id},30.000000,0.000000,4,6,9,15,28,35,44,63,75,75,75,4420,0,4,9.942037099445601,2.133158006472513,105.80608298187144,263.3819004524887
1781612317,75,,Aggregated,298.400000,0.000000,6,21,38,59,170,260,360,480,750,840,840,44020,0,6,49.96268338153388,2.133158006472513,1451.849024015246,2391.747728305316
1781612318,75,GET,/feed/{user_id},118.500000,0.000000,5,8,15,21,38,48,63,74,100,110,110,17767,0,5,12.534281878925885,2.6578230026643723,166.5794839791488,1412.794844374402
1781612318,75,GET,/feed/{user_id}?with_fof=true,57.000000,0.000000,180,230,280,320,440,580,680,750,880,880,880,8696,0,170.0,209.76501869522647,17.214614985277876,1451.849024015246,7580.6193652253905
1781612318,75,POST,/likes,7.700000,0.000000,3,4,4,4,4,4,6,6,6,6,6,961,0,3,3.528082599282181,2.365746011491865,18.58414101297967,178.4828303850156
1781612318,75,POST,/posts,8.700000,0.000000,3,3,4,4,5,6,6,9,9,9,9,1295,0,3,3.391736767207125,2.136541996151209,28.213479003170505,226.14826254826255
1781612318,75,GET,/timeline/{user_id},77.000000,0.000000,5,7,13,20,33,43,53,57,76,76,76,11116,0,5,11.111718330319988,2.42206099210307,133.52627598214895,1199.164447643037
1781612318,75,GET,/users/{user_id},29.800000,0.000000,4,6,9,16,29,36,45,63,81,81,81,4442,0,4,9.975289746192816,2.133158006472513,105.80608298187144,263.38068437640703
1781612318,75,,Aggregated,298.700000,0.000000,6,21,39,70,180,280,440,580,840,880,880,44277,0,6,50.19364620955423,2.133158006472513,1451.849024015246,2393.7128757594237
1781612319,75,GET,/feed/{user_id},120.600000,0.000000,5,7,13,20,36,47,63,74,100,110,110,17904,0,5,12.508762644942768,2.6578230026643723,166.5794839791488,1414.2315683646113
1781612319,75,GET,/feed/{user_id}?with_fof=true,57.200000,0.000000,180,220,280,320,470,620,700,810,1100,1100,1100,8755,0,170.0,209.96654506574365,17.214614985277876,1451.849024015246,7584.072073101085
1781612319,75,POST,/likes,7.200000,0.000000,3,4,4,4,4,5,6,6,6,6,6,966,0,3,3.528557904685296,2.365746011491865,18.58414101297967,178.48447204968943
1781612319,75,POST,/posts,8.500000,0.000000,3,3,4,4,4,5,6,9,9,9,9,1304,0,3,3.3926708201761357,2.136541996151209,28.213479003170505,226.14493865030676
1781612319,75,GET,/timeline/{user_id},76.700000,0.000000,5,7,13,18,32,43,51,57,76,76,76,11200,0,5,11.104027655949592,2.42206099210307,133.52627598214895,1200.270625
1781612319,75,GET,/users/{user_id},28.600000,0.000000,4,5,8,15,29,37,45,63,81,81,81,4464,0,4,9.964813825828845,2.133158006472513,105.80608298187144,263.37925627240145
1781612319,75,,Aggregated,298.800000,0.000000,6,20,38,70,170,270,470,600,880,1100,1100,44593,0,6,50.20731183809592,2.133158006472513,1451.849024015246,2395.1072589868363
1781612320,75,GET,/feed/{user_id},120.400000,0.000000,5,8,15,20,37,48,65,75,100,110,110,17995,0,5,12.532275077976092,2.6578230026643723,166.5794839791488,1415.0862461794943
1781612320,75,GET,/feed/{user_id}?with_fof=true,56.500000,0.000000,180,230,290,330,500,620,700,810,1100,1100,1100,8810,0,170.0,210.00391341674893,17.214614985277876,1451.849024015246,7582.457207718502
1781612320,75,POST,/likes,6.400000,0.000000,3,4,4,4,4,5,6,6,6,6,6,971,0,3,3.5269603655452,2.365746011491865,18.58414101297967,178.48403707518023
1781612320,75,POST,/posts,8.100000,0.000000,3,4,4,4,4,5,6,9,9,9,9,1312,0,3,3.3933935263387576,2.136541996151209,28.213479003170505,226.14634146341464
1781612320,75,GET,/timeline/{user_id},76.100000,0.000000,5,7,15,21,35,45,56,64,93,93,93,11275,0,5,11.155526963258245,2.42206099210307,133.52627598214895,1201.3846563192906
1781612320,75,GET,/users/{user_id},28.600000,0.000000,4,6,8,14,29,38,55,63,81,81,81,4498,0,4,9.945433353151126,2.133158006472513,105.80608298187144,263.37772343263674
1781612320,75,,Aggregated,296.100000,0.000000,6,21,40,75,180,290,500,620,880,1100,1100,44861,0,6,50.245039205199355,2.133158006472513,1451.849024015246,2395.53781681193
1781612321,75,GET,/feed/{user_id},118.000000,0.000000,5,7,12,20,35,46,64,74,100,110,110,18104,0,5,12.508695526912781,2.6578230026643723,166.5794839791488,1413.9903888643394
1781612321,75,GET,/feed/{user_id}?with_fof=true,56.900000,0.000000,180,240,310,360,530,650,760,840,1100,1100,1100,8870,0,170.0,210.60154595225748,17.214614985277876,1451.849024015246,7586.018263810597
1781612321,75,POST,/likes,6.900000,0.000000,3,4,4,4,4,6,6,7,7,7,7,979,0,3,3.531129563811632,2.365746011491865,18.58414101297967,178.48110316649644
1781612321,75,POST,/posts,7.900000,0.000000,3,3,4,4,4,5,6,9,9,9,9,1322,0,3,3.3907550215367483,2.136541996151209,28.213479003170505,226.15128593040848
1781612321,75,GET,/timeline/{user_id},74.400000,0.000000,5,7,15,21,35,46,56,66,93,93,93,11343,0,5,11.16222681934819,2.42206099210307,133.52627598214895,1200.014546416292
1781612321,75,GET,/users/{user_id},27.200000,0.000000,4,5,7,9,27,37,55,63,81,81,81,4534,0,4,9.907975536708213,2.133158006472513,105.80608298187144,263.3791354212616
1781612321,75,,Aggregated,291.300000,0.000000,6,20,40,76,180,310,530,650,880,1100,1100,45152,0,6,50.36252193241705,2.133158006472513,1451.849024015246,2395.6080572289156
1781612322,75,GET,/feed/{user_id},117.900000,0.000000,5,7,14,20,36,49,65,74,100,110,110,18227,0,5,12.513359273233458,2.6578230026643723,166.5794839791488,1416.199594008888
1781612322,75,GET,/feed/{user_id}?with_fof=true,57.300000,0.000000,170,240,310,360,520,660,790,840,1100,1100,1100,8928,0,170.0,210.69711993229856,17.214614985277876,1451.849024015246,7585.981182795699
1781612322,75,POST,/likes,7.000000,0.000000,3,4,4,4,4,6,6,7,7,7,7,984,0,3,3.5314994328939244,2.365746011491865,18.58414101297967,178.48069105691056
1781612322,75,POST,/posts,8.000000,0.000000,3,4,4,4,4,5,5,6,6,6,6,1329,0,3,3.3899666429647968,2.136541996151209,28.213479003170505,226.1482317531979
1781612322,75,GET,/timeline/{user_id},76.500000,0.000000,5,8,17,22,37,48,58,67,93,93,93,11421,0,5,11.163768767781322,2.42206099210307,133.52627598214895,1198.7753261535768
1781612322,75,GET,/users/{user_id},26.500000,0.000000,4,5,7,12,28,38,60,63,81,81,81,4574,0,4,9.917014300296161,2.133158006472513,105.80608298187144,263.3786620026235
1781612322,75,,Aggregated,293.200000,0.000000,6,21,41,74,170,310,520,650,880,1100,1100,45463,0,6,50.37122437686978,2.133158006472513,1451.849024015246,2395.6358577304622
1781612324,75,GET,/feed/{user_id},113.400000,0.000000,5,8,14,20,35,45,63,73,100,110,110,18337,0,5,12.523539759948129,2.6578230026643723,166.5794839791488,1416.4711239570267
1781612324,75,GET,/feed/{user_id}?with_fof=true,57.400000,0.000000,170,220,270,330,480,590,740,810,1100,1100,1100,8982,0,170.0,210.37866339151242,17.214614985277876,1451.849024015246,7586.873636161211
1781612324,75,POST,/likes,6.800000,0.000000,3,4,4,4,4,6,6,7,7,7,7,988,0,3,3.5310582236480155,2.365746011491865,18.58414101297967,178.47975708502025
1781612324,75,POST,/posts,8.100000,0.000000,3,4,4,4,4,5,5,8,8,8,8,1340,0,3,3.394047422777625,2.136541996151209,28.213479003170505,226.14328358208957
1781612324,75,GET,/timeline/{user_id},75.900000,0.000000,5,7,16,21,35,46,57,66,93,93,93,11502,0,5,11.16340424567523,2.42206099210307,133.52627598214895,1200.3261171970091
1781612324,75,GET,/users/{user_id},27.900000,0.000000,4,5,7,11,27,35,45,60,81,81,81,4601,0,4,9.91479936222201,2.133158006472513,105.80608298187144,263.3768745924799
1781612324,75,,Aggregated,289.500000,0.000000,6,21,39,70,160,270,480,580,880,1100,1100,45750,0,6,50.30210884659122,2.133158006472513,1451.849024015246,2395.9879344262295
1781612325,75,GET,/feed/{user_id},115.400000,0.000000,5,8,17,22,37,48,66,80,110,110,110,18461,0,5,12.547648623908506,2.6578230026643723,166.5794839791488,1417.395428199989
1781612325,75,GET,/feed/{user_id}?with_fof=true,56.700000,0.000000,170,220,300,360,500,650,790,870,1100,1100,1100,9040,0,170.0,210.80276034298493,17.214614985277876,1451.849024015246,7588.385951327434
1781612325,75,POST,/likes,6.700000,0.000000,3,4,4,4,4,5,6,7,7,7,7,993,0,3,3.529553241666204,2.365746011491865,18.58414101297967,178.47935548841895
1781612325,75,POST,/posts,8.400000,0.000000,3,3,4,4,4,5,5,8,8,8,8,1353,0,3,3.3932832878579284,2.136541996151209,28.213479003170505,226.14338507021435
1781612325,75,GET,/timeline/{user_id},77.600000,0.000000,5,7,16,21,37,50,60,67,93,93,93,11563,0,5,11.177772926298443,2.42206099210307,133.52627598214895,1197.6420479114418
1781612325,75,GET,/users/{user_id},29.700000,0.000000,4,5,7,11,27,35,45,60,81,81,81,4620,0,4,9.906065936925522,2.133158006472513,105.80608298187144,263.37748917748917
1781612325,75,,Aggregated,294.500000,0.000000,6,22,41,75,170,290,500,610,900,1100,1100,46030,0,6,50.41081178317138,2.133158006472513,1451.849024015246,2396.5650010862482
1781612326,75,GET,/feed/{user_id},112.800000,0.000000,5,9,17,22,38,52,69,80,110,110,110,18602,0,5,12.573421491978278,2.6578230026643723,166.5794839791488,1418.5013976991722
1781612326,75,GET,/feed/{user_id}?with_fof=true,56.800000,0.000000,170,250,340,390,530,660,790,870,1100,1100,1100,9102,0,170.0,211.29364803996322,17.214614985277876,1451.849024015246,7591.440892111624
1781612326,75,POST,/likes,6.400000,0.000000,3,4,4,4,4,5,7,7,7,7,7,996,0,3,3.5310190682482707,2.365746011491865,18.58414101297967,178.47991967871485
1781612326,75,POST,/posts,8.400000,0.000000,3,3,4,4,4,5,5,8,8,8,8,1359,0,3,3.3928745345629183,2.136541996151209,28.213479003170505,226.1449595290655
1781612326,75,GET,/timeline/{user_id},76.100000,0.000000,5,8,16,20,38,51,61,72,93,93,93,11628,0,5,11.178125818618732,2.42206099210307,133.52627598214895,1196.1996044031648
1781612326,75,GET,/users/{user_id},29.500000,0.000000,4,5,7,9,27,39,50,60,81,81,81,4647,0,4,9.910850798499142,2.133158006472513,105.80608298187144,263.38390359371635
1781612326,75,,Aggregated,290.000000,0.000000,6,22,43,75,170,340,530,660,900,1100,1100,46334,0,6,50.52981294983134,2.133158006472513,1451.849024015246,2397.865692579963
1781612327,75,GET,/feed/{user_id},116.300000,0.000000,5,9,18,22,37,51,68,80,110,110,110,18738,0,5,12.562850406754434,2.6578230026643723,166.5794839791488,1418.7264916213044
1781612327,75,GET,/feed/{user_id}?with_fof=true,57.100000,0.000000,160,230,330,390,530,660,790,870,1100,1100,1100,9150,0,170.0,210.90547792281436,17.214614985277876,1451.849024015246,7591.817486338798
1781612327,75,POST,/likes,6.100000,0.000000,3,4,4,4,4,5,6,7,7,7,7,1001,0,3,3.5307474545034285,2.365746011491865,18.58414101297967,178.47652347652348
1781612327,75,POST,/posts,9.100000,0.000000,3,3,4,4,4,5,5,8,8,8,8,1373,0,3,3.3920265727878927,2.136541996151209,28.213479003170505,226.13983976693373
1781612327,75,GET,/timeline/{user_id},75.200000,0.000000,5,7,15,19,35,48,60,72,93,93,93,11717,0,5,11.169295097692052,2.42206099210307,133.52627598214895,1196.6583596483742
1781612327,75,GET,/users/{user_id},28.000000,0.000000,4,5,7,8,24,35,48,60,81,81,81,4682,0,4,9.885216449915841,2.133158006472513,105.80608298187144,263.3855190089705
1781612327,75,,Aggregated,291.800000,0.000000,6,21,40,73,160,320,530,660,900,1100,1100,46661,0,6,50.37467175328572,2.133158006472513,1451.849024015246,2395.850689012237
1781612328,75,GET,/feed/{user_id},117.100000,0.000000,5,8,15,21,35,45,64,72,110,110,110,18877,0,5,12.54277943117827,2.6578230026643723,166.5794839791488,1417.9883985802828
1781612328,75,GET,/feed/{user_id}?with_fof=true,57.600000,0.000000,160,210,270,340,470,570,690,800,1100,1100,1100,9207,0,170.0,210.56206802745325,17.214614985277876,1451.849024015246,7592.752253719996
1781612328,75,POST,/likes,5.400000,0.000000,4,4,4,4,5,5,7,7,7,7,7,1007,0,3,3.5330748311005804,2.365746011491865,18.58414101297967,178.47269116186692
1781612328,75,POST,/posts,8.600000,0.000000,3,3,4,4,4,5,5,8,8,8,8,1381,0,3,3.3928123558390952,2.136541996151209,28.213479003170505,226.13758146270817
1781612328,75,GET,/timeline/{user_id},73.900000,0.000000,5,7,15,19,34,45,58,67,93,93,93,11785,0,5,11.168561305869117,2.42206099210307,133.52627598214895,1196.2141705557913
1781612328,75,GET,/users/{user_id},28.100000,0.000000,4,5,6,9,24,30,40,50,60,60,60,4711,0,4,9.888652116636527,2.133158006472513,105.80608298187144,263.3884525578433
1781612328,75,,Aggregated,290.700000,0.000000,6,20,37,65,160,260,470,570,900,1100,1100,46968,0,6,50.28668929868379,2.133158006472513,1451.849024015246,2395.3343127235566
1781612329,75,GET,/feed/{user_id},118.800000,0.000000,5,8,17,23,37,48,65,73,110,110,110,18990,0,5,12.55803197890686,2.6578230026643723,166.5794839791488,1420.3709320695102
1781612329,75,GET,/feed/{user_id}?with_fof=true,56.200000,0.000000,160,210,270,330,460,540,670,790,900,900,900,9283,0,170.0,210.56887429944342,17.214614985277876,1451.849024015246,7593.451901325003
1781612329,75,POST,/likes,5.400000,0.000000,4,4,4,4,5,5,7,7,7,7,7,1012,0,3,3.5340472074706852,2.365746011491865,18.58414101297967,178.46640316205534
1781612329,75,POST,/posts,9.400000,0.000000,3,3,4,4,4,5,5,8,8,8,8,1389,0,3,3.3916637569518735,2.136541996151209,28.213479003170505,226.13750899928004
1781612329,75,GET,/timeline/{user_id},73.900000,0.000000,5,7,16,21,35,47,60,72,93,93,93,11855,0,5,11.184572633281716,2.42206099210307,133.52627598214895,1195.8533108393083
1781612329,75,GET,/users/{user_id},28.600000,0.000000,4,5,6,11,25,30,40,50,60,60,60,4743,0,4,9.886068230760037,2.133158006472513,105.80608298187144,263.38983765549233
1781612329,75,,Aggregated,292.300000,0.000000,6,22,40,72,160,270,460,540,810,900,900,47272,0,6,50.36719610593127,2.133158006472513,1451.849024015246,2398.5376121171093
1781612330,75,GET,/feed/{user_id},119.900000,0.000000,5,8,16,22,37,48,64,72,110,110,110,19108,0,5,12.573565073906297,2.6578230026643723,166.5794839791488,1418.6174900565209
1781612330,75,GET,/feed/{user_id}?with_fof=true,57.000000,0.000000,160,210,280,330,450,530,670,790,900,900,900,9335,0,170.0,210.59313050624513,17.214614985277876,1451.849024015246,7590.716657739689
1781612330,75,POST,/likes,5.700000,0.000000,4,4,4,4,5,5,7,7,7,7,7,1016,0,3,3.533928038321635,2.365746011491865,18.58414101297967,178.46358267716536
1781612330,75,POST,/posts,9.300000,0.000000,3,3,4,4,4,5,5,8,8,8,8,1396,0,3,3.390112130715576,2.136541996151209,28.213479003170505,226.13825214899714
1781612330,75,GET,/timeline/{user_id},73.200000,0.000000,5,7,14,18,32,43,56,65,78,78,78,11939,0,5,11.177543516338526,2.42206099210307,133.52627598214895,1194.2545439316525
1781612330,75,GET,/users/{user_id},29.000000,0.000000,4,5,8,15,26,32,40,48,60,60,60,4770,0,4,9.90030474585444,2.133158006472513,105.80608298187144,263.3916142557652
1781612330,75,,Aggregated,294.100000,0.000000,6,21,39,70,160,270,450,530,810,900,900,47564,0,6,50.35612580541366,2.133158006472513,1451.849024015246,2396.305483138508
1781612331,75,GET,/feed/{user_id},122.200000,0.000000,5,8,18,25,38,48,64,72,110,110,110,19215,0,5,12.572014720797174,2.6578230026643723,166.5794839791488,1418.8017694509497
1781612331,75,GET,/feed/{user_id}?with_fof=true,58.400000,0.000000,160,200,250,300,400,480,580,610,900,900,900,9395,0,170.0,210.38492360080932,17.214614985277876,1451.849024015246,7595.374348057478
1781612331,75,POST,/likes,5.100000,0.000000,4,4,4,4,5,5,5,5,5,5,5,1026,0,3,3.532463374208853,2.365746011491865,18.58414101297967,178.46491228070175
1781612331,75,POST,/posts,9.400000,0.000000,3,3,4,4,5,5,6,8,8,8,8,1404,0,3,3.3931543707008145,2.136541996151209,28.213479003170505,226.13817663817665
1781612331,75,GET,/timeline/{user_id},73.800000,0.000000,5,7,15,19,31,41,55,60,78,78,78,12016,0,5,11.182642857646899,2.42206099210307,133.52627598214895,1194.3260652463382
1781612331,75,GET,/users/{user_id},30.100000,0.000000,5,6,14,18,27,34,40,48,60,60,60,4813,0,4,9.90506861702322,2.133158006472513,105.80608298187144,263.39081653854146
1781612331,75,,Aggregated,299.000000,0.000000,6,22,38,67,160,240,390,470,690,900,900,47869,0,6,50.315854688406645,2.133158006472513,1451.849024015246,2396.961352858844
1781612332,75,GET,/feed/{user_id},120.000000,0.000000,5,9,18,24,38,47,63,71,110,110,110,19322,0,5,12.573248289269735,2.6578230026643723,166.5794839791488,1417.4387226995136
1781612332,75,GET,/feed/{user_id}?with_fof=true,57.800000,0.000000,170,210,260,310,390,470,580,600,900,900,900,9461,0,170.0,210.65452542759616,17.214614985277876,1451.849024015246,7597.036571186978
1781612332,75,POST,/likes,5.000000,0.000000,4,4,4,4,5,5,5,5,5,5,5,1030,0,3,3.5302779815008285,2.365746011491865,18.58414101297967,178.4640776699029
1781612332,75,POST,/posts,9.200000,0.000000,3,3,4,4,5,5,6,8,8,8,8,1410,0,3,3.3922026194557744,2.136541996151209,28.213479003170505,226.13829787234042
1781612332,75,GET,/timeline/{user_id},73.900000,0.000000,5,7,15,19,32,40,53,60,78,78,78,12103,0,5,11.178581489669709,2.42206099210307,133.52627598214895,1194.2487812938941
1781612332,75,GET,/users/{user_id},30.600000,0.000000,4,6,11,16,26,31,40,48,57,57,57,4837,0,4,9.899795094409114,2.133158006472513,105.80608298187144,263.3845358693405
1781612332,75,,Aggregated,296.500000,0.000000,6,23,39,72,170,260,390,470,690,900,900,48163,0,6,50.40262527606805,2.133158006472513,1451.849024015246,2397.981251167909
1781612333,75,GET,/feed/{user_id},121.600000,0.000000,5,8,16,22,37,47,62,71,110,110,110,19453,0,5,12.55688302385868,2.6578230026643723,166.5794839791488,1417.781370482702
1781612333,75,GET,/feed/{user_id}?with_fof=true,58.400000,0.000000,170,220,270,310,390,480,580,600,900,900,900,9515,0,170.0,210.55460524313943,17.214614985277876,1451.849024015246,7596.491434576984
1781612333,75,POST,/likes,5.500000,0.000000,4,4,4,4,5,5,5,5,5,5,5,1036,0,3,3.53213121139617,2.365746011491865,18.58414101297967,178.46428571428572
1781612333,75,POST,/posts,9.200000,0.000000,3,3,4,4,5,5,6,6,6,6,6,1421,0,3,3.3931389439680313,2.136541996151209,28.213479003170505,226.137227304715
1781612333,75,GET,/timeline/{user_id},74.000000,0.000000,5,7,15,20,32,39,51,57,78,78,78,12181,0,5,11.174192652450342,2.42206099210307,133.52627598214895,1195.4001313521057
1781612333,75,GET,/users/{user_id},31.300000,0.000000,4,6,9,16,26,36,40,48,57,57,57,4870,0,4,9.898282454116748,2.133158006472513,105.80608298187144,263.38850102669403
1781612333,75,,Aggregated,300.000000,0.000000,6,22,38,71,170,260,390,470,690,900,900,48476,0,6,50.344387510872,2.133158006472513,1451.849024015246,2397.2856258767224
1781612334,75,GET,/feed/{user_id},121.500000,0.000000,5,8,13,21,35,44,57,64,80,80,80,19594,0,5,12.537098428083738,2.6578230026643723,166.5794839791488,1415.7682453812392
1781612334,75,GET,/feed/{user_id}?with_fof=true,59.000000,0.000000,170,210,240,280,360,440,540,580,790,790,790,9569,0,170.0,210.209276282842,17.214614985277876,1451.849024015246,7592.065733096458
1781612334,75,POST,/likes,5.100000,0.000000,4,4,4,4,5,5,5,5,5,5,5,1047,0,3,3.529666125091236,2.365746011491865,18.58414101297967,178.46704871060172
1781612334,75,POST,/posts,8.800000,0.000000,3,3,4,4,5,5,6,6,6,6,6,1429,0,3,3.3937780982215138,2.136541996151209,28.213479003170505,226.13645906228132
1781612334,75,GET,/timeline/{user_id},75.700000,0.000000,5,7,13,19,31,38,46,54,74,74,74,12262,0,5,11.160150946524109,2.42206099210307,133.52627598214895,1195.6290164736586
1781612334,75,GET,/users/{user_id},30.200000,0.000000,4,6,9,16,26,31,40,48,57,57,57,4904,0,4,9.887332979312289,2.133158006472513,105.80608298187144,263.3880505709625
1781612334,75,,Aggregated,300.300000,0.000000,6,21,35,57,160,230,360,440,680,790,790,48805,0,6,50.2207354271602,2.133158006472513,1451.849024015246,2394.252679028788
1781612335,75,GET,/feed/{user_id},122.000000,0.000000,5,7,13,21,34,43,52,59,74,77,77,19720,0,5,12.541272301566536,2.6578230026643723,166.5794839791488,1415.593509127789
1781612335,75,GET,/feed/{user_id}?with_fof=true,58.600000,0.000000,170,200,220,240,320,380,450,510,600,600,600,9631,0,170.0,210.0239277570916,17.214614985277876,1451.849024015246,7594.157719862943
1781612335,75,POST,/likes,5.200000,0.000000,3,4,4,4,5,5,5,5,5,5,5,1055,0,3,3.527389891954333,2.365746011491865,18.58414101297967,178.46635071090049
1781612335,75,POST,/posts,9.200000,0.000000,3,3,4,4,5,5,6,8,8,8,8,1441,0,3,3.3926638212047857,2.136541996151209,28.213479003170505,226.1325468424705
1781612335,75,GET,/timeline/{user_id},76.000000,0.000000,5,7,14,19,32,39,45,54,77,77,77,12328,0,5,11.165913736486239,2.42206099210307,133.52627598214895,1196.2003569110966
1781612335,75,GET,/users/{user_id},29.600000,0.000000,5,6,10,16,26,31,40,43,57,57,57,4939,0,4,9.891012127680064,2.133158006472513,105.80608298187144,263.39623405547684
1781612335,75,,Aggregated,300.600000,0.000000,6,21,35,54,160,220,320,380,540,600,600,49114,0,6,50.19280971535272,2.133158006472513,1451.849024015246,2394.7682534511546
1781612336,75,GET,/feed/{user_id},125.100000,0.000000,5,8,13,21,35,44,55,65,83,84,84,19826,0,5,12.546679906935822,2.6578230026643723,166.5794839791488,1416.04832038737
1781612336,75,GET,/feed/{user_id}?with_fof=true,58.600000,0.000000,170,200,230,270,340,390,490,540,630,630,630,9681,0,170.0,210.0165682138786,17.214614985277876,1451.849024015246,7598.136452845781
1781612336,75,POST,/likes,5.900000,0.000000,3,4,4,4,5,5,5,5,5,5,5,1061,0,3,3.527715419426571,2.365746011491865,18.58414101297967,178.4665409990575
1781612336,75,POST,/posts,8.800000,0.000000,3,3,4,4,5,6,6,8,8,8,8,1447,0,3,3.3914825876865153,2.136541996151209,28.213479003170505,226.1333794056669
1781612336,75,GET,/timeline/{user_id},76.000000,0.000000,5,7,11,18,31,38,46,55,77,77,77,12411,0,5,11.146561760010965,2.42206099210307,133.52627598214895,1194.6400773507373
1781612336,75,GET,/users/{user_id},30.300000,0.000000,5,6,10,16,27,32,40,43,57,57,57,4968,0,4,9.879099473180938,2.133158006472513,105.80608298187144,263.3977455716586
1781612336,75,,Aggregated,304.700000,0.000000,6,21,36,63,170,230,340,390,590,630,630,49394,0,6,50.167846261977736,2.133158006472513,1451.849024015246,2394.702575211564
1781612337,75,GET,/feed/{user_id},125.800000,0.000000,5,8,14,22,35,44,54,65,83,84,84,19945,0,5,12.540084616292825,2.6578230026643723,166.5794839791488,1416.6203559789421
1781612337,75,GET,/feed/{user_id}?with_fof=true,59.000000,0.000000,170,210,240,270,350,430,510,560,630,630,630,9743,0,170.0,209.97266077919076,17.214614985277876,1451.849024015246,7595.377809709535
1781612337,75,POST,/likes,6.200000,0.000000,3,4,4,4,4,5,5,5,5,5,5,1067,0,3,3.5263505932764128,2.365746011491865,18.58414101297967,178.46766635426428
1781612337,75,POST,/posts,8.800000,0.000000,3,3,4,4,4,6,6,8,8,8,8,1456,0,3,3.389661347123015,2.136541996151209,28.213479003170505,226.13324175824175
1781612337,75,GET,/timeline/{user_id},75.900000,0.000000,5,7,15,20,32,38,45,54,77,77,77,12491,0,5,11.164742993481498,2.42206099210307,133.52627598214895,1195.3039788647827
1781612337,75,GET,/users/{user_id},31.900000,0.000000,5,6,10,18,28,34,40,48,57,57,57,4999,0,4,9.896293636272633,2.133158006472513,105.80608298187144,263.4004800960192
1781612337,75,,Aggregated,307.600000,0.000000,6,22,36,65,170,230,340,420,590,630,630,49701,0,6,50.170096401830286,2.133158006472513,1451.849024015246,2394.785114987626
1781612338,75,GET,/feed/{user_id},122.100000,0.000000,5,8,13,22,35,45,59,69,84,84,84,20043,0,5,12.56087700273794,2.6578230026643723,166.5794839791488,1416.3308885895326
1781612338,75,GET,/feed/{user_id}?with_fof=true,58.000000,0.000000,170,210,250,290,380,500,580,650,850,850,850,9795,0,170.0,210.56448789114657,17.214614985277876,1451.849024015246,7598.630627871363
1781612338,75,POST,/likes,6.500000,0.000000,3,4,4,4,4,5,5,5,5,5,5,1073,0,3,3.5273021677318432,2.365746011491865,18.58414101297967,178.46784715750232
1781612338,75,POST,/posts,8.700000,0.000000,3,3,4,4,4,6,6,8,8,8,8,1464,0,3,3.3927051778841393,2.136541996151209,28.213479003170505,226.13319672131146
1781612338,75,GET,/timeline/{user_id},77.900000,0.000000,5,7,13,18,32,39,48,54,96,96,96,12568,0,5,11.17875305748585,2.42206099210307,133.52627598214895,1197.2627307447485
1781612338,75,GET,/users/{user_id},32.000000,0.000000,5,7,13,18,28,37,48,52,91,91,91,5027,0,4,9.922705564869025,2.133158006472513,105.80608298187144,263.4012333399642
1781612338,75,,Aggregated,305.200000,0.000000,6,21,36,59,160,240,380,470,770,850,850,49970,0,6,50.29746931293061,2.133158006472513,1451.849024015246,2395.6369421652994
1781612339,75,GET,/feed/{user_id},120.500000,0.000000,5,8,13,21,35,43,54,65,84,84,84,20174,0,5,12.553240399221126,2.6578230026643723,166.5794839791488,1416.1871716070189
1781612339,75,GET,/feed/{user_id}?with_fof=true,59.400000,0.000000,170,210,240,280,380,500,610,680,850,850,850,9859,0,170.0,210.5284674185649,17.214614985277876,1451.849024015246,7595.603103763059
1781612339,75,POST,/likes,6.600000,0.000000,3,4,4,4,4,5,5,5,5,5,5,1083,0,3,3.527534578928796,2.365746011491865,18.58414101297967,178.4709141274238
1781612339,75,POST,/posts,8.100000,0.000000,3,3,4,4,4,6,6,8,8,8,8,1468,0,3,3.3915139778083563,2.136541996151209,28.213479003170505,226.13147138964578
1781612339,75,GET,/timeline/{user_id},77.200000,0.000000,5,7,14,18,32,39,48,55,96,96,96,12638,0,5,11.17407370679847,2.42206099210307,133.52627598214895,1195.5500870390886
1781612339,75,GET,/users/{user_id},31.600000,0.000000,4,6,9,15,28,36,48,52,91,91,91,5061,0,4,9.898105583017168,2.133158006472513,105.80608298187144,263.39873542778105
1781612339,75,,Aggregated,303.400000,0.000000,6,20,36,61,170,240,380,490,770,850,850,50283,0,6,50.29454389006416,2.133158006472513,1451.849024015246,2394.902432233558
1781612340,75,GET,/feed/{user_id},116.400000,0.000000,5,8,14,21,34,44,59,69,84,84,84,20294,0,5,12.55893666876509,2.6578230026643723,166.5794839791488,1416.0706612791957
1781612340,75,GET,/feed/{user_id}?with_fof=true,58.600000,0.000000,170,210,240,280,380,500,610,680,850,850,850,9915,0,170.0,210.3664185794133,17.214614985277876,1451.849024015246,7596.723146747352
1781612340,75,POST,/likes,6.600000,0.000000,3,4,4,4,4,5,5,5,5,5,5,1088,0,3,3.5257791644867478,2.365746011491865,18.58414101297967,178.47518382352942
1781612340,75,POST,/posts,8.300000,0.000000,3,3,4,4,4,5,6,8,8,8,8,1484,0,3,3.389536792785337,2.136541996151209,28.213479003170505,226.13274932614556
1781612340,75,GET,/timeline/{user_id},77.500000,0.000000,5,6,11,18,32,41,52,56,96,96,96,12709,0,5,11.177636197629486,2.42206099210307,133.52627598214895,1193.9180895428437
1781612340,75,GET,/users/{user_id},31.600000,0.000000,4,6,9,15,29,38,52,59,91,91,91,5100,0,4,9.921616199523365,2.133158006472513,105.80608298187144,263.39745098039214
1781612340,75,,Aggregated,299.000000,0.000000,6,20,36,60,170,240,380,490,770,850,850,50590,0,6,50.2505839564242,2.133158006472513,1451.849024015246,2393.869183633129
1781612341,75,GET,/feed/{user_id},118.100000,0.000000,5,8,14,21,34,43,59,69,84,84,84,20408,0,5,12.555911960404902,2.6578230026643723,166.5794839791488,1415.9318404547237
1781612341,75,GET,/feed/{user_id}?with_fof=true,57.500000,0.000000,160,200,220,250,360,510,610,680,850,850,850,9977,0,170.0,210.1285014088369,17.214614985277876,1451.849024015246,7591.010624436203
1781612341,75,POST,/likes,6.900000,0.000000,3,4,4,4,4,5,5,6,6,6,6,1092,0,3,3.5276679019518316,2.365746011491865,18.58414101297967,178.47710622710622
1781612341,75,POST,/posts,7.900000,0.000000,3,3,4,4,4,5,6,8,8,8,8,1491,0,3,3.386871870240949,2.136541996151209,28.213479003170505,226.13145539906102
1781612341,75,GET,/timeline/{user_id},77.700000,0.000000,5,6,13,18,32,41,49,56,96,96,96,12794,0,5,11.176850079623557,2.42206099210307,133.52627598214895,1192.3802563701736
1781612341,75,GET,/users/{user_id},31.600000,0.000000,4,6,9,15,28,38,50,59,91,91,91,5128,0,4,9.912518161389999,2.133158006472513,105.80608298187144,263.39528081123245
1781612341,75,,Aggregated,299.700000,0.000000,6,20,35,59,150,220,360,490,770,850,850,50890,0,6,50.21464260565305,2.133158006472513,1451.849024015246,2392.806307722539
1781612342,75,GET,/feed/{user_id},118.300000,0.000000,5,8,14,21,34,44,62,73,110,130,130,20528,0,5,12.558426397165507,2.6578230026643723,166.5794839791488,1415.0551929072487
1781612342,75,GET,/feed/{user_id}?with_fof=true,58.100000,0.000000,160,200,230,270,360,500,610,680,850,850,850,10035,0,170.0,210.06905424126006,17.214614985277876,1451.849024015246,7589.834678624813
1781612342,75,POST,/likes,7.200000,0.000000,3,4,4,4,4,5,5,6,6,6,6,1099,0,3,3.527533913500907,2.365746011491865,18.58414101297967,178.4758871701547
1781612342,75,POST,/posts,8.800000,0.000000,3,3,4,4,4,4,5,8,8,8,8,1500,0,3,3.3844111896857307,2.136541996151209,28.213479003170505,226.13333333333333
1781612342,75,GET,/timeline/{user_id},76.900000,0.000000,5,6,11,18,32,42,53,63,96,96,96,12876,0,5,11.169223101019522,2.42206099210307,133.52627598214895,1192.9080459770114
1781612342,75,GET,/users/{user_id},32.900000,0.000000,4,6,9,15,29,38,52,59,91,91,91,5157,0,4,9.913868437005926,2.133158006472513,105.80608298187144,263.3957727360869
1781612342,75,,Aggregated,302.200000,0.000000,6,20,36,65,150,230,360,490,770,850,850,51195,0,6,50.19506688399041,2.133158006472513,1451.849024015246,2392.1438617052445
1781612343,75,GET,/feed/{user_id},118.900000,0.000000,5,8,16,22,36,48,68,79,110,130,130,20631,0,5,12.57564131293427,2.6578230026643723,166.5794839791488,1415.5213998351994
1781612343,75,GET,/feed/{user_id}?with_fof=true,58.200000,0.000000,170,220,280,310,450,580,680,780,1000,1000,1000,10098,0,170.0,211.0114517700622,17.214614985277876,1451.849024015246,7590.645177262824
1781612343,75,POST,/likes,6.600000,0.000000,3,4,4,4,4,5,5,6,6,6,6,1105,0,3,3.529849372766238,2.365746011491865,18.58414101297967,178.47239819004525
1781612343,75,POST,/posts,8.700000,0.000000,3,3,3,4,4,5,5,8,8,8,8,1505,0,3,3.3857878514927537,2.136541996151209,28.213479003170505,226.13222591362126
1781612343,75,GET,/timeline/{user_id},77.100000,0.000000,5,7,14,18,34,43,55,66,96,96,96,12935,0,5,11.184533143624037,2.42206099210307,133.52627598214895,1194.3972168534983
1781612343,75,GET,/users/{user_id},31.500000,0.000000,4,6,9,15,30,39,52,59,91,91,91,5193,0,4,9.911288970091364,2.133158006472513,105.80608298187144,263.39168110918547
1781612343,75,,Aggregated,301.000000,0.000000,6,21,39,74,170,280,450,580,850,1000,1000,51467,0,6,50.42802281090977,2.133158006472513,1451.849024015246,2393.938232265335
1781612344,75,GET,/feed/{user_id},120.400000,0.000000,5,8,16,22,37,50,69,83,110,130,130,20751,0,5,12.588087750767563,2.6578230026643723,166.5794839791488,1415.6684015228182
1781612344,75,GET,/feed/{user_id}?with_fof=true,57.300000,0.000000,170,220,270,330,450,580,680,780,1000,1000,1000,10151,0,170.0,210.80760201468473,17.214614985277876,1451.849024015246,7591.34952221456
1781612344,75,POST,/likes,6.700000,0.000000,3,4,4,4,4,5,5,6,6,6,6,1107,0,3,3.5297355951965126,2.365746011491865,18.58414101297967,178.46973803071364
1781612344,75,POST,/posts,9.000000,0.000000,3,3,4,4,4,5,5,7,7,7,7,1514,0,3,3.387028672068061,2.136541996151209,28.213479003170505,226.1340819022457
1781612344,75,GET,/timeline/{user_id},77.100000,0.000000,5,7,14,18,34,43,55,66,96,96,96,13020,0,5,11.187444395755314,2.42206099210307,133.52627598214895,1195.2112903225807
1781612344,75,GET,/users/{user_id},31.800000,0.000000,4,6,9,15,28,39,52,59,91,91,91,5219,0,4,9.896816681117087,2.133158006472513,105.80608298187144,263.3887717953631
1781612344,75,,Aggregated,302.300000,0.000000,6,21,39,73,170,270,450,580,850,1000,1000,51762,0,6,50.37422757953921,2.133158006472513,1451.849024015246,2393.8899965225455
1781612345,75,GET,/feed/{user_id},118.100000,0.000000,6,8,16,23,38,50,68,78,110,130,130,20863,0,5,12.602243435274138,2.6578230026643723,166.5794839791488,1417.9159277189283
1781612345,75,GET,/feed/{user_id}?with_fof=true,58.200000,0.000000,180,230,280,320,430,560,680,780,1000,1000,1000,10217,0,170.0,210.86832515230952,17.214614985277876,1451.849024015246,7593.923167270236
1781612345,75,POST,/likes,6.900000,0.000000,4,4,4,4,4,5,5,6,6,6,6,1113,0,3,3.530546453608215,2.365746011491865,18.58414101297967,178.47259658580413
1781612345,75,POST,/posts,8.200000,0.000000,3,3,4,4,4,5,5,7,7,7,7,1524,0,3,3.387024243737466,2.136541996151209,28.213479003170505,226.13188976377953
1781612345,75,GET,/timeline/{user_id},75.000000,0.000000,5,7,14,19,36,45,56,66,96,96,96,13093,0,5,11.205160266922821,2.42206099210307,133.52627598214895,1193.7232108760406
1781612345,75,GET,/users/{user_id},31.700000,0.000000,4,6,9,15,26,39,52,59,91,91,91,5242,0,4,9.895936032379268,2.133158006472513,105.80608298187144,263.3824876001526
1781612345,75,,Aggregated,298.100000,0.000000,6,23,43,76,180,280,430,560,850,1000,1000,52052,0,6,50.43105483128662,2.133158006472513,1451.849024015246,2396.1120994390226
