Timestamp,User Count,Type,Name,Requests/s,Failures/s,50%,66%,75%,80%,90%,95%,98%,99%,99.9%,99.99%,100%,Total Request Count,Total Failure Count,Total Median Response Time,Total Average Response Time,Total Min Response Time,Total Max Response Time,Total Average Content Size
1781616910,0,,Aggregated,0.000000,0.000000,N/A,N/A,N/A,N/A,N/A,N/A,N/A,N/A,N/A,N/A,N/A,0,0,0,0.0,0,0,0
1781616911,20,GET,/feed/{user_id},0.000000,0.000000,0,0,0,0,0,0,0,0,0,0,0,42,0,3,6.802051525612894,2.395841001998633,40.10842501884326,1867.404761904762
1781616911,20,GET,/feed/{user_id}?with_fof=true,0.000000,0.000000,0,0,0,0,0,0,0,0,0,0,0,20,0,4,49.42032405087957,2.251364989206195,166.1642650142312,5977.15
1781616911,20,POST,/likes,0.000000,0.000000,0,0,0,0,0,0,0,0,0,0,0,3,0,11,9.322372342770299,4.0164400124922395,13.117135007632896,180.66666666666666
1781616911,20,POST,/posts,0.000000,0.000000,0,0,0,0,0,0,0,0,0,0,0,3,0,4,4.135635322503124,3.83229399449192,4.438882984686643,228.33333333333334
1781616911,20,GET,/timeline/{user_id},0.000000,0.000000,0,0,0,0,0,0,0,0,0,0,0,22,0,3,37.06590895043601,2.2362819872796535,181.93098600022495,2522.0454545454545
1781616911,20,GET,/users/{user_id},0.000000,0.000000,0,0,0,0,0,0,0,0,0,0,0,9,0,10,15.00717933393187,2.414779009995982,51.80064999149181,262.3333333333333
1781616911,20,,Aggregated,0.000000,0.000000,0,0,0,0,0,0,0,0,0,0,0,99,0,3,22.87859877781952,2.2362819872796535,181.93098600022495,2596.4343434343436
1781616912,40,GET,/feed/{user_id},0.000000,0.000000,3,3,4,4,11,15,41,42,42,42,42,111,0,3,5.8676464323726325,2.0635929831769317,42.365037981653586,1906.2072072072071
1781616912,40,GET,/feed/{user_id}?with_fof=true,0.000000,0.000000,3,3,6,18,110,120,130,190,190,190,190,58,0,3,28.193736879921776,2.0814400049857795,185.99423099658452,5456.258620689655
1781616912,40,POST,/likes,0.000000,0.000000,4,10,10,16,16,16,16,16,16,16,16,8,0,4,8.005714629689464,3.2911930175032467,15.747197991004214,180.375
1781616912,40,POST,/posts,0.000000,0.000000,5,5,5,5,5,5,5,5,5,5,5,8,0,4,4.472381999221398,3.83229399449192,5.364300013752654,228.625
1781616912,40,GET,/timeline/{user_id},0.000000,0.000000,3,3,5,12,140,150,160,160,160,160,160,76,0,3,27.255920128434234,2.134017995558679,181.93098600022495,2044.25
1781616912,40,GET,/users/{user_id},0.000000,0.000000,3,4,4,4,6,7,16,16,16,16,16,31,0,3,6.939823901648784,1.9506730022840202,51.80064999149181,262.35483870967744
1781616912,40,,Aggregated,0.000000,0.000000,3,3,4,5,18,110,140,160,190,190,190,292,0,3,16.003269646480227,1.9506730022840202,185.99423099658452,2379.5205479452056
1781616913,60,GET,/feed/{user_id},15.000000,0.000000,3,3,4,4,12,25,34,41,43,43,43,220,0,3,6.153906631648582,2.0635929831769317,43.40160998981446,2022.490909090909
1781616913,60,GET,/feed/{user_id}?with_fof=true,5.000000,0.000000,3,4,4,18,41,120,130,190,240,240,240,118,0,3,21.425984508083676,2.0814400049857795,235.8261670160573,5376.220338983051
1781616913,60,POST,/likes,3.000000,0.000000,4,4,4,5,10,16,16,16,16,16,16,16,0,4,6.115728625445627,3.2911930175032467,15.747197991004214,180.5
1781616913,60,POST,/posts,3.000000,0.000000,4,5,5,5,5,5,5,5,5,5,5,15,0,4,4.445707132496561,3.83229399449192,5.364300013752654,228.53333333333333
1781616913,60,GET,/timeline/{user_id},8.000000,0.000000,3,3,4,8,33,140,160,160,160,160,160,151,0,3,20.72925013659633,1.9032229902222753,181.93098600022495,2037.6622516556292
1781616913,60,GET,/users/{user_id},5.000000,0.000000,3,3,3,4,4,9,13,16,16,16,16,61,0,3,5.088176592119558,1.9483900105115026,51.80064999149181,261.9836065573771
1781616913,60,,Aggregated,39.000000,0.000000,3,3,4,5,21,41,140,150,240,240,240,581,0,3,12.886675453797727,1.9032229902222753,235.8261670160573,2425.6901893287436
1781616914,80,GET,/feed/{user_id},34.000000,0.000000,3,3,4,4,11,22,34,39,43,43,43,390,0,3,5.493467991861205,1.9140579970553517,43.40160998981446,2119.6358974358973
1781616914,80,GET,/feed/{user_id}?with_fof=true,17.500000,0.000000,3,3,4,5,28,110,130,190,240,240,240,190,0,3,15.952479730874888,2.0814400049857795,235.8261670160573,5534.773684210526
1781616914,80,POST,/likes,2.500000,0.000000,4,4,5,10,16,16,16,16,16,16,16,22,0,4,6.3886235888772225,3.2911930175032467,16.018803988117725,180.63636363636363
1781616914,80,POST,/posts,2.000000,0.000000,5,5,5,5,17,25,28,28,28,28,28,30,0,5,6.782155265682377,3.7500909820664674,27.54848398035392,228.63333333333333
1781616914,80,GET,/timeline/{user_id},23.000000,0.000000,3,3,4,5,27,140,150,160,160,160,160,249,0,3,18.56997584195688,1.9032229902222753,181.93098600022495,1768.6626506024097
1781616914,80,GET,/users/{user_id},7.500000,0.000000,3,3,3,4,5,9,16,31,31,31,31,98,0,3,4.691832981010595,1.6855259891599417,51.80064999149181,261.9795918367347
1781616914,80,,Aggregated,86.500000,0.000000,3,3,4,5,16,33,140,150,240,240,240,979,0,3,10.828561449851042,1.6855259891599417,235.8261670160573,2405.688457609806
1781616915,100,GET,/feed/{user_id},50.000000,0.000000,3,3,4,4,11,21,28,38,43,43,43,589,0,3,5.357683055999757,1.9140579970553517,43.40160998981446,2202.7843803056026
1781616915,100,GET,/feed/{user_id}?with_fof=true,27.666667,0.000000,3,4,4,5,28,120,130,170,240,240,240,290,0,3,15.76619656477525,1.9991070148535073,235.8261670160573,5543.7793103448275
1781616915,100,POST,/likes,3.333333,0.000000,4,4,6,10,16,16,28,28,28,28,28,35,0,4,6.809927600469174,3.225835011107847,27.918492996832356,180.74285714285713
1781616915,100,POST,/posts,4.000000,0.000000,5,5,5,5,7,17,28,28,28,28,28,45,0,5,6.07549459932165,3.7500909820664674,27.54848398035392,228.57777777777778
1781616915,100,GET,/timeline/{user_id},35.000000,0.000000,3,3,4,5,20,140,150,160,200,200,200,369,0,3,15.773683218433721,1.9032229902222753,202.16262701433152,1765.739837398374
1781616915,100,GET,/users/{user_id},13.000000,0.000000,2,3,3,4,5,12,18,31,41,41,41,148,0,3,4.548982184182072,1.6855259891599417,51.80064999149181,261.8918918918919
1781616915,100,,Aggregated,133.000000,0.000000,3,4,4,5,14,28,130,150,200,240,240,1476,0,3,9.981948182666372,1.6855259891599417,235.8261670160573,2447.1991869918697
1781616916,120,GET,/feed/{user_id},71.750000,0.000000,3,3,4,5,12,22,29,38,43,43,43,824,0,3,5.469925240195329,1.9140579970553517,43.40160998981446,2200.7912621359224
1781616916,120,GET,/feed/{user_id}?with_fof=true,35.500000,0.000000,3,4,4,6,26,55,130,170,240,240,240,428,0,3,13.845127406388643,1.9991070148535073,235.8261670160573,5343.957943925234
1781616916,120,POST,/likes,5.250000,0.000000,4,5,5,6,16,16,28,28,28,28,28,46,0,4,6.814043848704466,3.225835011107847,28.44522299710661,180.7391304347826
1781616916,120,POST,/posts,5.750000,0.000000,5,5,5,6,7,17,25,28,28,28,28,60,0,5,5.813434632727876,3.7500909820664674,27.54848398035392,228.5
1781616916,120,GET,/timeline/{user_id},45.500000,0.000000,3,4,4,5,19,100,150,150,200,200,200,523,0,3,13.206261062732386,1.9032229902222753,202.16262701433152,1861.7055449330785
1781616916,120,GET,/users/{user_id},19.000000,0.000000,3,3,3,4,6,11,18,31,41,41,41,193,0,3,4.346697934610055,1.6855259891599417,51.80064999149181,262.04145077720204
1781616916,120,,Aggregated,182.750000,0.000000,3,4,4,5,14,28,120,140,200,240,240,2074,0,3,9.084364638403157,1.6855259891599417,235.8261670160573,2481.6470588235293
1781616917,140,GET,/feed/{user_id},93.200000,0.000000,3,4,4,5,12,21,33,39,51,58,58,1101,0,3,5.586427402371527,1.860347983893007,58.3022820064798,2137.7647593097186
1781616917,140,GET,/feed/{user_id}?with_fof=true,45.000000,0.000000,3,4,4,5,24,48,130,160,240,240,240,576,0,3,12.405594197641928,1.9991070148535073,235.8261670160573,5209.152777777777
1781616917,140,POST,/likes,6.000000,0.000000,4,4,5,6,12,16,28,28,28,28,28,56,0,4,6.335336393801429,2.9441329825203866,28.44522299710661,180.75
1781616917,140,POST,/posts,7.000000,0.000000,5,5,6,6,7,19,28,33,33,33,33,85,0,5,6.24120830462369,3.522949991747737,32.961126998998225,228.50588235294117
1781616917,140,GET,/timeline/{user_id},59.000000,0.000000,3,4,4,5,15,36,140,150,200,200,200,682,0,3,11.666029064043471,1.9032229902222753,202.16262701433152,1761.1906158357772
1781616917,140,GET,/users/{user_id},23.400000,0.000000,3,3,4,4,8,13,31,37,41,41,41,254,0,3,4.673406533419345,1.6736980178393424,51.80064999149181,261.98425196850394
1781616917,140,,Aggregated,233.600000,0.000000,3,4,4,5,13,28,60,140,200,240,240,2754,0,3,8.46943988851302,1.6736980178393424,235.8261670160573,2415.1677559912855
1781616918,160,GET,/feed/{user_id},112.166667,0.000000,3,4,4,5,12,20,32,38,55,58,58,1443,0,3,5.5038307058117955,1.860347983893007,58.3022820064798,2125.734580734581
1781616918,160,GET,/feed/{user_id}?with_fof=true,56.833333,0.000000,3,4,4,5,20,44,120,160,240,240,240,723,0,3,11.649373577938919,1.9991070148535073,235.8261670160573,5202.390041493776
1781616918,160,POST,/likes,6.666667,0.000000,4,5,5,5,10,16,28,28,28,28,28,73,0,4,5.898431123294931,2.9441329825203866,28.44522299710661,180.87671232876713
1781616918,160,POST,/posts,8.500000,0.000000,5,5,6,6,7,19,28,33,33,33,33,102,0,5,6.183608194559758,3.522949991747737,32.961126998998225,228.54901960784315
1781616918,160,GET,/timeline/{user_id},71.666667,0.000000,3,4,5,5,15,30,140,150,200,200,200,891,0,3,10.523524878495117,1.9032229902222753,202.16262701433152,1704.0044893378226
1781616918,160,GET,/users/{user_id},27.666667,0.000000,3,3,4,4,7,13,28,31,41,41,41,321,0,3,4.644682537238447,1.6736980178393424,51.80064999149181,262.0529595015576
1781616918,160,,Aggregated,283.500000,0.000000,3,4,4,5,12,25,46,130,190,240,240,3553,0,3,7.963197881895462,1.6736980178393424,235.8261670160573,2383.244019138756
1781616919,180,GET,/feed/{user_id},132.285714,0.000000,3,4,4,5,12,19,32,37,55,58,58,1845,0,3,5.596297341894212,1.860347983893007,58.3022820064798,2185.6861788617884
1781616919,180,GET,/feed/{user_id}?with_fof=true,68.857143,0.000000,3,4,5,5,16,39,120,160,240,240,240,869,0,3,10.857115443041698,1.9991070148535073,235.8261670160573,5109.819332566168
1781616919,180,POST,/likes,6.714286,0.000000,4,5,5,6,10,16,28,28,28,28,28,85,0,4,5.943792353055494,2.9441329825203866,28.44522299710661,180.87058823529412
1781616919,180,POST,/posts,10.142857,0.000000,5,6,6,6,7,15,25,28,33,33,33,130,0,5,6.147714383237494,3.501578001305461,32.961126998998225,228.53076923076924
1781616919,180,GET,/timeline/{user_id},83.285714,0.000000,3,4,5,5,14,27,140,150,160,200,200,1115,0,3,9.856877092954873,1.9032229902222753,202.16262701433152,1717.2421524663678
1781616919,180,GET,/users/{user_id},31.285714,0.000000,3,3,4,4,8,13,31,37,41,41,41,393,0,3,4.7274553599861,1.6736980178393424,51.80064999149181,262.0814249363868
1781616919,180,,Aggregated,332.571429,0.000000,3,4,5,5,13,24,41,120,190,240,240,4437,0,3,7.643167692302878,1.6736980178393424,235.8261670160573,2374.539102997521
1781616920,200,GET,/feed/{user_id},154.000000,0.000000,3,4,5,6,13,21,32,38,51,58,58,2225,0,3,5.991282628684336,1.860347983893007,58.3022820064798,2191.7829213483146
1781616920,200,GET,/feed/{user_id}?with_fof=true,78.125000,0.000000,3,4,5,6,21,38,130,170,220,240,240,1043,0,3,11.419707555153067,1.9991070148535073,235.8261670160573,5054.92138063279
1781616920,200,POST,/likes,7.500000,0.000000,4,5,6,6,10,16,28,28,28,28,28,101,0,4,5.993494772326921,2.9441329825203866,28.44522299710661,180.86138613861385
1781616920,200,POST,/posts,11.375000,0.000000,5,6,7,7,12,19,25,33,35,35,35,164,0,5,6.862654755312223,3.501578001305461,35.4766369855497,228.5
1781616920,200,GET,/timeline/{user_id},93.750000,0.000000,3,4,5,6,15,26,140,150,170,200,200,1356,0,3,9.620895936355753,1.9032229902222753,202.16262701433152,1794.7330383480826
1781616920,200,GET,/users/{user_id},35.000000,0.000000,3,4,4,5,9,17,31,40,46,46,46,505,0,3,5.1295695378039365,1.6736980178393424,51.80064999149181,262.12079207920794
1781616920,200,,Aggregated,379.750000,0.000000,3,4,5,6,14,25,40,120,200,240,240,5394,0,3,7.899248180758789,1.6736980178393424,235.8261670160573,2367.5880608083057
1781616921,220,GET,/feed/{user_id},177.555556,0.000000,4,4,5,7,15,24,34,42,66,75,75,2663,0,3,6.468294800041555,1.860347983893007,75.09491199743934,2223.286518963575
1781616921,220,GET,/feed/{user_id}?with_fof=true,86.555556,0.000000,4,4,6,7,23,37,120,170,240,250,250,1249,0,4,11.412439446722392,1.9991070148535073,245.9350330173038,5113.092073658927
1781616921,220,POST,/likes,8.555556,0.000000,4,5,6,6,10,16,21,28,28,28,28,123,0,4,6.0269088369351245,2.9441329825203866,28.44522299710661,180.9512195121951
1781616921,220,POST,/posts,12.555556,0.000000,5,6,7,8,13,21,33,42,43,43,43,192,0,5,7.3997176133768034,3.501578001305461,43.23272701003589,228.50520833333334
1781616921,220,GET,/timeline/{user_id},108.222222,0.000000,4,4,5,6,16,26,120,150,180,200,200,1603,0,4,9.86046522827944,1.9032229902222753,202.16262701433152,1733.703680598877
1781616921,220,GET,/users/{user_id},37.888889,0.000000,3,4,4,5,12,20,40,45,53,53,53,604,0,3,5.708749651639423,1.6736980178393424,52.60182500933297,262.2566225165563
1781616921,220,,Aggregated,431.333333,0.000000,4,4,5,6,15,26,42,120,200,250,250,6434,0,4,8.221273242259938,1.6736980178393424,245.9350330173038,2379.627603357165
1781616922,240,GET,/feed/{user_id},198.800000,0.000000,4,5,6,7,17,26,38,46,73,75,75,3140,0,4,6.9736596691654995,1.860347983893007,75.09491199743934,2197.874203821656
1781616922,240,GET,/feed/{user_id}?with_fof=true,93.400000,0.000000,4,5,6,8,22,32,120,160,220,250,250,1466,0,4,11.113596490411517,1.9991070148535073,245.9350330173038,5082.576398362892
1781616922,240,POST,/likes,9.100000,0.000000,5,5,7,7,11,16,21,28,28,28,28,137,0,5,6.3455936347685045,2.9441329825203866,28.44522299710661,180.97080291970804
1781616922,240,POST,/posts,14.000000,0.000000,6,7,7,9,13,19,28,35,43,43,43,237,0,5,7.428726205825295,3.501578001305461,43.23272701003589,228.51476793248946
1781616922,240,GET,/timeline/{user_id},120.400000,0.000000,4,5,6,7,18,29,70,150,180,200,200,1886,0,4,10.256019123155358,1.9032229902222753,202.16262701433152,1720.2444326617178
1781616922,240,GET,/users/{user_id},42.600000,0.000000,3,4,5,6,14,25,40,46,53,53,53,720,0,3,6.1952364561471365,1.6736980178393424,52.8277289995458,262.3208333333333
1781616922,240,,Aggregated,478.300000,0.000000,4,5,6,7,17,28,44,66,190,250,250,7586,0,4,8.518745131764273,1.6736980178393424,245.9350330173038,2354.941339309254
1781616923,260,GET,/feed/{user_id},237.300000,0.000000,4,5,7,11,24,38,59,85,120,170,170,3632,0,4,9.264136607098928,1.860347983893007,172.5469290104229,2179.898127753304
1781616923,260,GET,/feed/{user_id}?with_fof=true,112.200000,0.000000,4,5,7,12,28,49,120,170,250,310,310,1694,0,4,13.292913428454693,1.9991070148535073,313.73577401973307,5023.534238488784
1781616923,260,POST,/likes,10.600000,0.000000,5,6,8,9,17,27,33,40,63,63,63,157,0,5,7.805063680836124,2.9441329825203866,62.754115991992876,180.96178343949043
1781616923,260,POST,/posts,17.200000,0.000000,6,7,9,11,17,29,42,65,88,88,88,276,0,6,9.165575839806875,3.501578001305461,88.39559799525887,228.55434782608697
1781616923,260,GET,/timeline/{user_id},142.600000,0.000000,4,5,7,11,26,51,100,150,260,300,300,2153,0,4,12.695144800809063,1.9032229902222753,300.5345469864551,1711.4175568973526
1781616923,260,GET,/users/{user_id},53.200000,0.000000,4,5,6,8,23,38,54,81,150,150,150,826,0,3,8.458494629067387,1.6736980178393424,153.04869000101462,262.35956416464893
1781616923,260,,Aggregated,573.100000,0.000000,4,5,7,11,25,43,79,110,200,310,310,8738,0,4,10.78507630512876,1.6736980178393424,313.73577401973307,2336.9352254520486
1781616924,280,GET,/feed/{user_id},276.900000,0.000000,4,6,9,13,27,43,67,90,120,170,170,4166,0,4,10.033218008856165,1.860347983893007,172.5469290104229,2161.48631781085
1781616924,280,GET,/feed/{user_id}?with_fof=true,129.700000,0.000000,4,6,9,14,30,52,100,160,250,310,310,1970,0,4,13.75788691813223,1.9991070148535073,313.73577401973307,4981.696446700507
1781616924,280,POST,/likes,12.200000,0.000000,5,7,9,10,17,27,33,59,63,63,63,188,0,5,8.328576223303049,2.9441329825203866,62.754115991992876,180.93617021276594
1781616924,280,POST,/posts,19.900000,0.000000,6,8,10,12,20,29,43,65,88,88,88,316,0,6,9.59782529048713,3.501578001305461,88.39559799525887,228.5632911392405
1781616924,280,GET,/timeline/{user_id},166.000000,0.000000,4,6,9,13,29,53,100,150,250,300,300,2456,0,4,13.39848433182869,1.9032229902222753,300.5345469864551,1682.8004885993485
1781616924,280,GET,/users/{user_id},63.300000,0.000000,4,5,7,10,26,40,56,81,150,150,150,968,0,4,9.170328534866321,1.6736980178393424,153.04869000101462,262.3780991735537
1781616924,280,,Aggregated,668.000000,0.000000,4,6,9,13,28,46,82,110,220,310,310,10064,0,4,11.455054065591419,1.6736980178393424,313.73577401973307,2316.362877583466
1781616925,300,GET,/feed/{user_id},312.400000,0.000000,5,7,11,16,31,50,80,100,130,170,170,4733,0,4,11.199552908491759,1.860347983893007,172.5469290104229,2136.6103950982465
1781616925,300,GET,/feed/{user_id}?with_fof=true,146.800000,0.000000,5,7,12,18,37,64,100,160,250,310,310,2230,0,4,14.875638505601588,1.9991070148535073,313.73577401973307,5039.283856502242
1781616925,300,POST,/likes,13.800000,0.000000,6,8,10,12,18,26,33,59,63,63,63,215,0,6,8.80598754914434,2.9441329825203866,62.754115991992876,180.91627906976746
1781616925,300,POST,/posts,24.300000,0.000000,7,9,12,13,22,31,42,59,88,88,88,353,0,6,9.96254198789061,3.501578001305461,88.39559799525887,228.55807365439094
1781616925,300,GET,/timeline/{user_id},186.500000,0.000000,5,7,12,16,38,62,110,160,250,300,300,2799,0,4,14.822424302287214,1.9032229902222753,300.5345469864551,1679.3254733833512
1781616925,300,GET,/users/{user_id},71.400000,0.000000,4,6,9,15,31,46,72,95,150,150,150,1092,0,4,10.346995352477649,1.6736980178393424,153.04869000101462,262.3809523809524
1781616925,300,,Aggregated,755.200000,0.000000,5,7,12,16,33,54,90,110,230,310,310,11422,0,4,12.64026501271073,1.6736980178393424,313.73577401973307,2316.2939940465767
1781616926,300,GET,/feed/{user_id},353.300000,0.000000,5,7,13,17,34,52,79,100,130,170,170,5278,0,5,11.520156029044925,1.860347983893007,172.5469290104229,2128.0958696475936
1781616926,300,GET,/feed/{user_id}?with_fof=true,165.800000,0.000000,5,8,14,20,39,60,96,140,240,310,310,2528,0,5,14.917450117007066,1.9991070148535073,313.73577401973307,5025.989319620253
1781616926,300,POST,/likes,14.200000,0.000000,7,9,10,12,21,27,33,59,63,63,63,244,0,6,9.146884115237254,2.9441329825203866,62.754115991992876,180.9672131147541
1781616926,300,POST,/posts,26.600000,0.000000,7,10,13,14,23,29,42,59,88,88,88,395,0,6,10.243433176634149,3.501578001305461,88.39559799525887,228.57974683544305
1781616926,300,GET,/timeline/{user_id},207.800000,0.000000,5,8,14,19,40,60,110,150,250,300,300,3123,0,5,14.869651362168183,1.9032229902222753,300.5345469864551,1693.7239833493436
1781616926,300,GET,/users/{user_id},79.600000,0.000000,5,7,10,16,31,49,77,95,130,150,150,1233,0,4,10.607415210919807,1.6736980178393424,153.04869000101462,262.3933495539335
1781616926,300,,Aggregated,847.300000,0.000000,5,8,13,18,35,54,89,110,220,300,310,12801,0,5,12.835681384665003,1.6736980178393424,313.73577401973307,2318.980314037966
1781616927,300,GET,/feed/{user_id},389.300000,0.000000,5,8,14,19,38,57,89,110,140,170,170,5849,0,5,12.296659196432406,1.860347983893007,172.5469290104229,2138.408787826979
1781616927,300,GET,/feed/{user_id}?with_fof=true,183.100000,0.000000,6,9,17,23,45,68,100,130,240,310,310,2822,0,5,15.660111666409927,1.9991070148535073,313.73577401973307,5031.917788802268
1781616927,300,POST,/likes,16.700000,0.000000,8,10,12,15,23,31,39,41,63,63,63,276,0,7,9.78743813438864,2.9441329825203866,62.754115991992876,180.9891304347826
1781616927,300,POST,/posts,29.100000,0.000000,7,11,14,17,25,34,43,60,88,88,88,444,0,7,10.882257977222629,3.501578001305461,88.39559799525887,228.5990990990991
1781616927,300,GET,/timeline/{user_id},228.900000,0.000000,5,8,15,22,45,72,110,150,250,300,300,3451,0,5,15.538160572591138,1.9032229902222753,300.5345469864551,1720.2836858881483
1781616927,300,GET,/users/{user_id},89.600000,0.000000,5,7,13,18,35,53,88,110,130,150,150,1357,0,4,11.394734427494333,1.6736980178393424,153.04869000101462,262.4170965364775
1781616927,300,,Aggregated,936.700000,0.000000,6,8,15,20,39,60,95,120,220,300,310,14199,0,5,13.573765545717437,1.6736980178393424,313.73577401973307,2334.8035072892458
1781616928,300,GET,/feed/{user_id},425.000000,0.000000,6,9,16,22,43,65,97,110,140,170,170,6403,0,5,13.1213409271964,1.860347983893007,172.5469290104229,2150.739028580353
1781616928,300,GET,/feed/{user_id}?with_fof=true,199.600000,0.000000,6,11,20,26,49,75,110,130,240,310,310,3095,0,5,16.33312636371386,1.9991070148535073,313.73577401973307,5015.002584814217
1781616928,300,POST,/likes,18.300000,0.000000,8,10,12,15,23,31,39,41,63,63,63,308,0,7,9.735397451561754,2.9441329825203866,62.754115991992876,180.97727272727272
1781616928,300,POST,/posts,32.000000,0.000000,8,12,15,18,27,35,48,60,88,88,88,474,0,7,11.180018404899519,3.501578001305461,88.39559799525887,228.5970464135021
1781616928,300,GET,/timeline/{user_id},248.800000,0.000000,6,10,18,25,51,81,110,150,250,300,300,3800,0,5,16.229658774521482,1.9032229902222753,300.5345469864551,1716.5986842105262
1781616928,300,GET,/users/{user_id},97.400000,0.000000,5,7,14,21,37,56,90,110,130,150,150,1483,0,4,11.931681520101003,1.6736980178393424,153.04869000101462,262.4706675657451
1781616928,300,,Aggregated,1021.100000,0.000000,6,10,17,23,45,68,100,120,220,300,310,15563,0,5,14.279521315236636,1.6736980178393424,313.73577401973307,2336.890702306753
1781616929,300,GET,/feed/{user_id},455.500000,0.000000,6,11,19,25,46,66,96,110,140,170,170,6974,0,5,13.50008705160246,1.860347983893007,172.5469290104229,2160.6691998852884
1781616929,300,GET,/feed/{user_id}?with_fof=true,215.800000,0.000000,7,12,21,27,50,73,110,130,240,310,310,3382,0,5,16.463013308319717,1.9991070148535073,313.73577401973307,5025.730928444707
1781616929,300,POST,/likes,20.600000,0.000000,8,10,14,16,24,31,39,41,63,63,63,333,0,7,10.005360081258395,2.9441329825203866,62.754115991992876,180.97597597597598
1781616929,300,POST,/posts,33.900000,0.000000,9,13,16,19,27,37,48,60,88,88,88,517,0,7,11.410880854861754,3.501578001305461,88.39559799525887,228.6092843326886
1781616929,300,GET,/timeline/{user_id},265.500000,0.000000,6,11,20,27,52,75,110,150,250,300,300,4139,0,5,16.204421130528996,1.9032229902222753,300.5345469864551,1734.1292582749456
1781616929,300,GET,/users/{user_id},105.900000,0.000000,6,8,16,23,41,59,90,110,130,150,150,1604,0,5,12.16709160934286,1.6736980178393424,153.04869000101462,262.49002493765585
1781616929,300,,Aggregated,1097.200000,0.000000,6,11,19,25,47,67,100,110,220,300,310,16949,0,5,14.493176141145842,1.6736980178393424,313.73577401973307,2350.7333766003894
1781616930,300,GET,/feed/{user_id},481.200000,0.000000,7,12,20,27,49,71,100,110,140,170,170,7535,0,5,14.070366228637567,1.860347983893007,172.5469290104229,2140.1108161911084
1781616930,300,GET,/feed/{user_id}?with_fof=true,228.100000,0.000000,7,13,22,29,52,76,110,130,230,310,310,3639,0,6,16.84514528018092,1.9991070148535073,313.73577401973307,5039.569661995053
1781616930,300,POST,/likes,23.000000,0.000000,8,10,15,17,25,31,40,59,91,91,91,361,0,7,10.256366872769158,2.9441329825203866,90.9862809930928,180.9556786703601
1781616930,300,POST,/posts,36.600000,0.000000,9,13,16,18,27,37,57,65,88,88,88,551,0,7,11.430089192307756,3.501578001305461,88.39559799525887,228.5989110707804
1781616930,300,GET,/timeline/{user_id},282.400000,0.000000,7,13,22,30,54,82,110,150,240,300,300,4482,0,5,16.600656992029496,1.9032229902222753,300.5345469864551,1714.5593485051315
1781616930,300,GET,/users/{user_id},112.700000,0.000000,6,9,18,25,46,68,98,110,150,150,150,1742,0,5,13.034145063836258,1.6736980178393424,153.04869000101462,262.51090700344434
1781616930,300,,Aggregated,1164.000000,0.000000,7,12,20,27,49,73,100,120,200,300,310,18310,0,5,14.98797630436224,1.6736980178393424,313.73577401973307,2337.4091206990715
1781616931,300,GET,/feed/{user_id},498.400000,0.000000,7,13,21,29,50,74,100,110,140,170,170,8060,0,5,14.214882204896526,1.860347983893007,172.5469290104229,2128.355210918114
1781616931,300,GET,/feed/{user_id}?with_fof=true,241.800000,0.000000,7,15,24,31,54,77,110,130,230,310,310,3943,0,6,17.0167459651827,1.9991070148535073,313.73577401973307,5018.556175500888
1781616931,300,POST,/likes,24.400000,0.000000,9,12,15,18,25,31,40,59,91,91,91,390,0,7,10.357247815446522,2.9441329825203866,90.9862809930928,180.95128205128205
1781616931,300,POST,/posts,37.700000,0.000000,9,13,16,18,27,37,57,65,88,88,88,594,0,7,11.313291518303789,3.501578001305461,88.39559799525887,228.6010101010101
1781616931,300,GET,/timeline/{user_id},295.400000,0.000000,7,13,23,31,55,83,110,140,240,300,300,4808,0,5,16.6257449089368,1.9032229902222753,300.5345469864551,1718.2379367720466
1781616931,300,GET,/users/{user_id},118.100000,0.000000,6,10,20,26,47,69,98,110,150,150,150,1894,0,5,13.234813751848542,1.6736980178393424,153.04869000101462,262.5337909186906
1781616931,300,,Aggregated,1215.800000,0.000000,7,13,22,28,51,74,100,120,200,300,310,19689,0,6,15.106491974719246,1.6736980178393424,313.73577401973307,2331.6368022753823
1781616932,300,GET,/feed/{user_id},516.700000,0.000000,7,13,21,28,50,74,100,110,140,170,170,8641,0,6,14.369227438633763,1.860347983893007,172.5469290104229,2122.3624580488367
1781616932,300,GET,/feed/{user_id}?with_fof=true,252.800000,0.000000,7,14,23,30,54,77,110,120,200,230,230,4200,0,6,17.016238479215342,1.9991070148535073,313.73577401973307,5017.179047619047
1781616932,300,POST,/likes,25.100000,0.000000,9,12,14,17,24,31,41,77,91,91,91,416,0,7,10.698483194713704,2.9441329825203866,91.19399599148892,180.93509615384616
1781616932,300,POST,/posts,39.000000,0.000000,9,12,16,18,26,33,40,57,84,84,84,627,0,7,11.327509463807802,3.501578001305461,88.39559799525887,228.59489633173843
1781616932,300,GET,/timeline/{user_id},305.000000,0.000000,7,13,23,30,54,82,110,130,230,240,240,5154,0,5,16.590735579373145,1.9032229902222753,300.5345469864551,1717.4862242918123
1781616932,300,GET,/users/{user_id},122.200000,0.000000,6,10,19,25,49,73,100,120,150,150,150,2032,0,5,13.398776217106539,1.6736980178393424,153.04869000101462,262.5551181102362
1781616932,300,,Aggregated,1260.800000,0.000000,7,13,21,28,50,74,100,120,180,230,240,21070,0,6,15.183700892358654,1.6736980178393424,313.73577401973307,2326.3179876601803
1781616933,300,GET,/feed/{user_id},533.100000,0.000000,7,13,21,28,48,70,99,110,150,160,160,9160,0,6,14.596598433069737,1.860347983893007,172.5469290104229,2136.3336244541483
1781616933,300,GET,/feed/{user_id}?with_fof=true,261.300000,0.000000,7,14,23,30,52,74,110,120,210,230,230,4480,0,6,17.118494891454766,1.9991070148535073,313.73577401973307,5032.809375
1781616933,300,POST,/likes,26.800000,0.000000,9,12,14,17,24,31,41,77,91,91,91,439,0,7,10.817710482921125,2.9441329825203866,91.19399599148892,180.94305239179954
1781616933,300,POST,/posts,39.000000,0.000000,9,13,16,18,27,37,43,58,84,84,84,658,0,7,11.627481619735095,3.501578001305461,88.39559799525887,228.5987841945289
1781616933,300,GET,/timeline/{user_id},316.700000,0.000000,7,13,22,28,51,77,110,130,230,240,240,5513,0,6,16.631612214211447,1.9032229902222753,300.5345469864551,1725.7391619807727
1781616933,300,GET,/users/{user_id},124.900000,0.000000,6,10,19,25,46,70,98,110,140,150,150,2166,0,5,13.564577558727024,1.6736980178393424,153.04869000101462,262.5697137580794
1781616933,300,,Aggregated,1301.800000,0.000000,7,13,21,27,48,70,100,120,180,230,240,22416,0,6,15.340226164238699,1.6736980178393424,313.73577401973307,2338.8820485367596
1781616934,300,GET,/feed/{user_id},541.000000,0.000000,7,13,21,27,47,66,97,110,150,160,160,9722,0,6,14.547178855281896,1.860347983893007,172.5469290104229,2139.576321744497
1781616934,300,GET,/feed/{user_id}?with_fof=true,268.600000,0.000000,7,14,23,29,50,70,110,120,170,230,230,4783,0,6,17.03541002382416,1.9991070148535073,313.73577401973307,5049.184821241898
1781616934,300,POST,/likes,27.400000,0.000000,9,11,14,17,23,31,41,77,91,91,91,460,0,7,10.687347132593656,2.9441329825203866,91.19399599148892,180.91521739130434
1781616934,300,POST,/posts,40.300000,0.000000,9,12,15,18,27,36,43,58,84,84,84,698,0,7,11.45951207850614,3.501578001305461,88.39559799525887,228.58022922636104
1781616934,300,GET,/timeline/{user_id},321.100000,0.000000,7,12,21,28,48,72,110,120,200,240,240,5867,0,6,16.55298074948196,1.9032229902222753,300.5345469864551,1726.1157320606783
1781616934,300,GET,/users/{user_id},130.200000,0.000000,6,9,17,23,44,67,98,110,140,150,150,2302,0,5,13.45327581712326,1.6736980178393424,153.04869000101462,262.5834057341442
1781616934,300,,Aggregated,1328.600000,0.000000,7,12,21,27,46,67,100,120,170,230,240,23832,0,6,15.269752310969299,1.6736980178393424,313.73577401973307,2346.658694192682
1781616935,300,GET,/feed/{user_id},554.800000,0.000000,7,13,21,28,47,68,98,110,150,160,160,10240,0,6,14.692547227818409,1.860347983893007,172.5469290104229,2135.89892578125
1781616935,300,GET,/feed/{user_id}?with_fof=true,274.800000,0.000000,7,14,22,29,48,72,110,120,210,250,250,5058,0,6,17.01009311025696,1.9991070148535073,313.73577401973307,5074.320284697509
1781616935,300,POST,/likes,27.500000,0.000000,9,11,13,16,23,33,41,77,91,91,91,475,0,7,10.75206696435711,2.9441329825203866,91.19399599148892,180.91368421052633
1781616935,300,POST,/posts,38.000000,0.000000,9,11,14,17,27,37,43,58,84,84,84,736,0,8,11.496756900511253,3.501578001305461,88.39559799525887,228.5774456521739
1781616935,300,GET,/timeline/{user_id},330.100000,0.000000,7,12,21,27,48,72,110,120,200,240,240,6234,0,6,16.634711312541825,1.9032229902222753,300.5345469864551,1730.3837022778312
1781616935,300,GET,/users/{user_id},132.300000,0.000000,6,10,17,23,42,67,98,110,140,150,150,2442,0,5,13.479253670048536,1.6736980178393424,153.04869000101462,262.5966420966421
1781616935,300,,Aggregated,1357.500000,0.000000,7,12,20,27,46,69,100,120,170,240,250,25185,0,6,15.353373326822727,1.6736980178393424,313.73577401973307,2351.405876513798
1781616936,300,GET,/feed/{user_id},551.900000,0.000000,7,13,22,28,47,66,97,110,150,160,160,10799,0,6,14.85629286972248,1.860347983893007,172.5469290104229,2138.3860542642838
1781616936,300,GET,/feed/{user_id}?with_fof=true,277.500000,0.000000,7,14,22,29,48,71,110,130,210,250,250,5321,0,6,17.089187418317596,1.9991070148535073,313.73577401973307,5067.460439766961
1781616936,300,POST,/likes,28.400000,0.000000,9,11,13,17,23,33,48,77,91,91,91,495,0,7,10.780212771784834,2.9441329825203866,91.19399599148892,180.92323232323233
1781616936,300,POST,/posts,38.500000,0.000000,9,11,14,18,27,37,42,57,84,84,84,765,0,8,11.542686661233626,3.501578001305461,88.39559799525887,228.57908496732026
1781616936,300,GET,/timeline/{user_id},337.600000,0.000000,7,12,21,27,46,70,100,130,190,240,240,6624,0,6,16.711935053039365,1.9032229902222753,300.5345469864551,1731.2564915458938
1781616936,300,GET,/users/{user_id},134.100000,0.000000,6,10,18,24,41,65,95,110,140,150,150,2583,0,5,13.598525958763366,1.6736980178393424,153.04869000101462,262.6178861788618
1781616936,300,,Aggregated,1368.000000,0.000000,7,13,21,27,45,66,99,120,170,240,250,26587,0,6,15.472068451261773,1.6736980178393424,313.73577401973307,2349.5314627449507
1781616937,300,GET,/feed/{user_id},554.700000,0.000000,7,14,22,29,47,66,98,110,150,160,160,11340,0,6,15.046135422743273,1.860347983893007,172.5469290104229,2149.493209876543
1781616937,300,GET,/feed/{user_id}?with_fof=true,281.500000,0.000000,7,14,22,29,49,72,110,130,220,250,250,5580,0,6,17.29457886038055,1.9991070148535073,313.73577401973307,5070.857885304659
1781616937,300,POST,/likes,26.800000,0.000000,8,11,14,17,23,32,48,77,91,91,91,524,0,8,10.912574660379567,2.9441329825203866,91.19399599148892,180.95038167938932
1781616937,300,POST,/posts,37.900000,0.000000,8,11,13,16,25,37,53,59,84,84,84,809,0,8,11.640180881052855,3.501578001305461,88.39559799525887,228.5859085290482
1781616937,300,GET,/timeline/{user_id},339.100000,0.000000,7,13,22,28,47,71,110,130,190,240,240,6957,0,6,16.9015621632839,1.9032229902222753,300.5345469864551,1721.7897082075608
1781616937,300,GET,/users/{user_id},134.100000,0.000000,6,11,19,25,42,66,97,110,140,150,150,2716,0,5,13.93420057606704,1.6736980178393424,153.04869000101462,262.6347569955817
1781616937,300,,Aggregated,1374.100000,0.000000,7,13,21,27,46,67,100,120,180,240,250,27926,0,6,15.673260686249623,1.6736980178393424,313.73577401973307,2350.5762013893864
1781616938,300,GET,/feed/{user_id},550.400000,0.000000,7,14,22,29,46,64,94,110,150,160,160,11886,0,6,15.256394274792756,1.860347983893007,172.5469290104229,2146.8183577317855
1781616938,300,GET,/feed/{user_id}?with_fof=true,281.100000,0.000000,7,14,22,29,47,68,110,130,220,250,250,5842,0,6,17.451622112431483,1.9991070148535073,313.73577401973307,5059.621704895584
1781616938,300,POST,/likes,25.800000,0.000000,8,12,14,18,26,33,48,77,91,91,91,550,0,8,11.049437270954844,2.9441329825203866,91.19399599148892,180.95636363636365
1781616938,300,POST,/posts,37.100000,0.000000,8,11,13,16,25,37,43,59,84,84,84,845,0,8,11.709291178398331,3.501578001305461,88.39559799525887,228.5940828402367
1781616938,300,GET,/timeline/{user_id},344.800000,0.000000,7,14,23,29,47,71,100,130,190,230,230,7321,0,6,17.239054065023456,1.9032229902222753,300.5345469864551,1726.96940308701
1781616938,300,GET,/users/{user_id},134.200000,0.000000,7,13,21,27,45,70,96,110,140,150,150,2864,0,5,14.405353039928842,1.6736980178393424,153.04869000101462,262.643156424581
1781616938,300,,Aggregated,1373.400000,0.000000,7,14,22,28,45,66,96,120,170,230,250,29308,0,6,15.924848716806881,1.6736980178393424,313.73577401973307,2346.2342705063465
1781616939,300,GET,/feed/{user_id},549.300000,0.000000,7,13,21,27,45,62,93,110,150,160,160,12442,0,6,15.196502149828378,1.860347983893007,172.5469290104229,2158.628355569844
1781616939,300,GET,/feed/{user_id}?with_fof=true,277.700000,0.000000,7,14,22,29,48,72,100,130,210,250,250,6116,0,6,17.412208432913644,1.9991070148535073,313.73577401973307,5046.299542184434
1781616939,300,POST,/likes,25.300000,0.000000,8,12,13,16,23,30,38,65,91,91,91,568,0,7,10.92047991023463,2.9441329825203866,91.19399599148892,180.95422535211267
1781616939,300,POST,/posts,36.900000,0.000000,8,10,13,14,22,32,40,58,84,84,84,888,0,8,11.581944946826567,3.501578001305461,88.39559799525887,228.58896396396398
1781616939,300,GET,/timeline/{user_id},348.200000,0.000000,7,13,22,28,47,70,100,120,190,230,230,7688,0,6,17.176278223507154,1.9032229902222753,300.5345469864551,1730.6445109261185
1781616939,300,GET,/users/{user_id},135.000000,0.000000,6,12,20,26,44,70,93,110,140,150,150,2987,0,5,14.357398357676907,1.6736980178393424,153.04869000101462,262.6565115500502
1781616939,300,,Aggregated,1372.400000,0.000000,7,13,21,27,45,66,95,120,170,230,250,30689,0,6,15.868627915616791,1.6736980178393424,313.73577401973307,2349.9084688324806
1781616940,300,GET,/feed/{user_id},545.100000,0.000000,7,13,21,27,44,60,86,100,150,160,160,12999,0,6,15.262147932781067,1.860347983893007,172.5469290104229,2158.856604354181
1781616940,300,GET,/feed/{user_id}?with_fof=true,275.500000,0.000000,7,14,22,28,47,67,99,120,210,250,250,6398,0,6,17.388967319749064,1.9991070148535073,313.73577401973307,5059.084245076587
1781616940,300,POST,/likes,24.200000,0.000000,9,12,14,17,24,33,38,65,91,91,91,598,0,8,11.140200857755987,2.9441329825203866,91.19399599148892,180.96321070234114
1781616940,300,POST,/posts,36.500000,0.000000,8,10,13,15,25,33,42,58,84,84,84,930,0,8,11.681230781350775,3.501578001305461,88.39559799525887,228.58817204301076
1781616940,300,GET,/timeline/{user_id},350.100000,0.000000,7,13,23,28,46,68,99,120,200,320,320,8002,0,6,17.25316143941688,1.9032229902222753,321.47057401016355,1742.0304923769058
1781616940,300,GET,/users/{user_id},136.100000,0.000000,6,12,20,25,41,62,90,100,140,140,140,3129,0,5,14.329286752136296,1.6736980178393424,153.04869000101462,262.67369766698624
1781616940,300,,Aggregated,1367.500000,0.000000,7,13,21,27,44,62,91,110,180,250,320,32056,0,6,15.911804177539876,1.6736980178393424,321.47057401016355,2355.6724170202147
1781616941,300,GET,/feed/{user_id},548.800000,0.000000,7,13,21,26,42,58,84,110,150,160,160,13520,0,6,15.357050806606503,1.860347983893007,172.5469290104229,2158.956730769231
1781616941,300,GET,/feed/{user_id}?with_fof=true,272.300000,0.000000,7,14,21,28,46,66,99,130,210,250,250,6700,0,6,17.577687855492826,1.9991070148535073,313.73577401973307,5065.522835820895
1781616941,300,POST,/likes,23.200000,0.000000,8,12,14,17,24,31,38,41,65,65,65,623,0,8,11.165290372352748,2.9441329825203866,91.19399599148892,180.97431781701445
1781616941,300,POST,/posts,36.900000,0.000000,8,10,13,15,26,34,43,58,78,78,78,968,0,8,11.67727923000877,3.501578001305461,88.39559799525887,228.59400826446281
1781616941,300,GET,/timeline/{user_id},351.600000,0.000000,7,14,23,29,46,66,100,130,200,320,320,8355,0,6,17.405201234985178,1.9032229902222753,321.47057401016355,1756.836146020347
1781616941,300,GET,/users/{user_id},138.100000,0.000000,6,12,19,25,40,57,85,100,140,150,150,3262,0,5,14.378939814325125,1.6736980178393424,153.04869000101462,262.68884120171674
1781616941,300,,Aggregated,1371.000000,0.000000,7,13,21,26,43,60,89,120,180,250,320,33428,0,6,16.033922930668176,1.6736980178393424,321.47057401016355,2363.209913844681
1781616942,300,GET,/feed/{user_id},546.000000,0.000000,7,14,22,28,46,63,88,110,150,160,160,14049,0,6,15.584341670309497,1.860347983893007,172.5469290104229,2151.9774361164496
1781616942,300,GET,/feed/{user_id}?with_fof=true,273.500000,0.000000,7,15,23,30,50,72,100,130,220,250,250,6977,0,6,17.859323531436225,1.9991070148535073,313.73577401973307,5065.829869571449
1781616942,300,POST,/likes,24.100000,0.000000,9,12,15,19,25,31,38,41,65,65,65,646,0,8,11.221675369800241,2.9441329825203866,91.19399599148892,180.9860681114551
1781616942,300,POST,/posts,36.800000,0.000000,8,10,13,15,27,34,43,58,78,78,78,1011,0,8,11.675324819667235,3.501578001305461,88.39559799525887,228.59841740850644
1781616942,300,GET,/timeline/{user_id},352.200000,0.000000,7,14,24,30,50,70,100,130,200,320,320,8681,0,6,17.613476731877018,1.9032229902222753,321.47057401016355,1745.957378182237
1781616942,300,GET,/users/{user_id},137.300000,0.000000,6,12,21,26,43,66,90,110,140,150,150,3419,0,5,14.667162888044405,1.6736980178393424,153.04869000101462,262.70400701959636
1781616942,300,,Aggregated,1369.900000,0.000000,7,14,22,28,46,66,93,120,190,250,320,34783,0,6,16.262297487572418,1.6736980178393424,321.47057401016355,2356.907023545985
1781616943,300,GET,/feed/{user_id},543.500000,0.000000,7,14,22,28,46,62,84,100,150,160,160,14601,0,6,15.624805000080295,1.860347983893007,172.5469290104229,2140.4028491199233
1781616943,300,GET,/feed/{user_id}?with_fof=true,274.900000,0.000000,7,15,22,29,50,70,99,130,220,250,250,7247,0,6,17.856835016249022,1.9991070148535073,313.73577401973307,5050.490823789154
1781616943,300,POST,/likes,22.900000,0.000000,9,12,15,19,27,31,36,38,46,46,46,668,0,8,11.24438016459661,2.9441329825203866,91.19399599148892,181.00149700598803
1781616943,300,POST,/posts,38.200000,0.000000,8,10,13,15,26,32,50,59,78,78,78,1052,0,8,11.753189450273947,3.501578001305461,88.39559799525887,228.59695817490496
1781616943,300,GET,/timeline/{user_id},351.100000,0.000000,7,13,24,30,50,68,91,120,200,320,320,9044,0,6,17.488135038504584,1.9032229902222753,321.47057401016355,1756.8247456877489
1781616943,300,GET,/users/{user_id},138.200000,0.000000,6,12,21,26,44,63,85,97,140,150,150,3554,0,5,14.714564733851473,1.6736980178393424,153.04869000101462,262.72115925717503
1781616943,300,,Aggregated,1368.800000,0.000000,7,13,22,28,46,65,88,110,180,250,320,36166,0,6,16.255049460070545,1.6736980178393424,321.47057401016355,2351.2900514295193
1781616944,300,GET,/feed/{user_id},543.300000,0.000000,7,15,23,30,47,63,85,100,150,160,160,15141,0,6,15.635730891453925,1.860347983893007,172.5469290104229,2145.841027673205
1781616944,300,GET,/feed/{user_id}?with_fof=true,276.500000,0.000000,7,15,24,31,51,71,100,130,210,230,230,7530,0,6,17.82830519877126,1.9991070148535073,313.73577401973307,5060.000132802124
1781616944,300,POST,/likes,23.000000,0.000000,9,12,17,19,28,33,38,42,48,48,48,691,0,8,11.31764517083,2.9441329825203866,91.19399599148892,181.00578871201157
1781616944,300,POST,/posts,37.200000,0.000000,8,11,13,16,26,32,46,59,78,78,78,1106,0,8,11.78061165701102,3.501578001305461,88.39559799525887,228.60216998191683
1781616944,300,GET,/timeline/{user_id},352.500000,0.000000,7,14,25,31,51,68,91,120,200,320,320,9389,0,6,17.46608868047524,1.9032229902222753,321.47057401016355,1759.4822664820535
1781616944,300,GET,/users/{user_id},135.500000,0.000000,6,14,22,29,46,64,85,97,140,150,150,3698,0,6,14.734895183393009,1.6736980178393424,153.04869000101462,262.72796106003244
1781616944,300,,Aggregated,1368.000000,0.000000,7,14,23,30,47,65,88,110,180,230,320,37555,0,6,16.25126715188706,1.6736980178393424,321.47057401016355,2355.511543070164
1781616945,300,GET,/feed/{user_id},537.800000,0.000000,7,14,23,29,47,62,85,100,140,160,160,15708,0,6,15.820460066236196,1.860347983893007,172.5469290104229,2150.1927680162976
1781616945,300,GET,/feed/{user_id}?with_fof=true,275.200000,0.000000,8,16,24,31,51,70,99,130,210,230,230,7791,0,6,17.939254165157994,1.9991070148535073,313.73577401973307,5072.505069952509
1781616945,300,POST,/likes,23.200000,0.000000,9,12,17,19,28,34,41,46,64,64,64,717,0,8,11.42176693314141,2.9441329825203866,91.19399599148892,181.00278940027894
1781616945,300,POST,/posts,39.200000,0.000000,8,11,13,16,27,35,55,64,100,100,100,1143,0,8,11.99584377489879,3.501578001305461,104.97968300478533,228.59930008748907
1781616945,300,GET,/timeline/{user_id},351.400000,0.000000,7,14,25,31,50,69,99,120,190,320,320,9709,0,6,17.594521610562435,1.9032229902222753,321.47057401016355,1760.249768256257
1781616945,300,GET,/users/{user_id},139.200000,0.000000,6,14,22,28,45,61,84,100,140,150,150,3845,0,6,14.756125179682561,1.6736980178393424,153.04869000101462,262.7292587776333
1781616945,300,,Aggregated,1366.000000,0.000000,7,14,23,29,47,65,89,120,190,230,320,38913,0,6,16.38875655641523,1.6736980178393424,321.47057401016355,2358.765502531288
1781616946,300,GET,/feed/{user_id},541.200000,0.000000,7,14,23,30,49,67,94,110,150,160,160,16224,0,6,15.97916471670549,1.860347983893007,172.5469290104229,2143.810589250493
1781616946,300,GET,/feed/{user_id}?with_fof=true,276.000000,0.000000,8,16,25,32,54,76,100,130,210,230,230,8081,0,6,18.054653346425916,1.9991070148535073,313.73577401973307,5068.319762405643
1781616946,300,POST,/likes,22.600000,0.000000,9,12,16,19,29,35,44,48,64,64,64,742,0,8,11.483533547487049,2.9441329825203866,91.19399599148892,180.99191374663073
1781616946,300,POST,/posts,39.100000,0.000000,9,11,14,16,26,35,53,64,100,100,100,1181,0,8,12.009992854839039,3.501578001305461,104.97968300478533,228.58933107535987
1781616946,300,GET,/timeline/{user_id},351.100000,0.000000,7,15,26,33,54,74,110,120,200,320,320,10067,0,6,17.776165126035817,1.9032229902222753,321.47057401016355,1761.6448793086322
1781616946,300,GET,/users/{user_id},137.700000,0.000000,6,13,23,29,47,66,87,100,140,150,150,3988,0,6,14.831908908944111,1.6736980178393424,153.04869000101462,262.7269307923771
1781616946,300,,Aggregated,1367.700000,0.000000,7,14,24,30,49,69,96,120,190,230,320,40283,0,6,16.531849975492634,1.6736980178393424,321.47057401016355,2356.4473599285056
1781616947,300,GET,/feed/{user_id},540.600000,0.000000,7,13,23,30,48,66,94,110,150,160,160,16751,0,6,16.0911638280704,1.860347983893007,172.5469290104229,2148.6997791176645
1781616947,300,GET,/feed/{user_id}?with_fof=true,272.900000,0.000000,8,16,24,31,53,76,100,130,210,230,230,8371,0,7,18.236228136472075,1.9991070148535073,313.73577401973307,5068.177876000478
1781616947,300,POST,/likes,23.500000,0.000000,9,12,15,19,29,36,44,48,64,64,64,764,0,8,11.560041351018032,2.9441329825203866,91.19399599148892,180.9829842931937
1781616947,300,POST,/posts,40.900000,0.000000,8,11,13,16,27,35,50,64,100,100,100,1224,0,8,12.027484585392765,3.501578001305461,104.97968300478533,228.59313725490196
1781616947,300,GET,/timeline/{user_id},350.300000,0.000000,7,14,25,32,52,72,100,120,200,320,320,10417,0,6,17.891923083966535,1.9032229902222753,321.47057401016355,1760.529423058462
1781616947,300,GET,/users/{user_id},138.900000,0.000000,6,12,22,28,45,58,86,100,140,150,150,4122,0,6,14.930141351728501,1.6736980178393424,153.04869000101462,262.7331392527899
1781616947,300,,Aggregated,1367.100000,0.000000,7,14,23,30,48,67,97,120,190,230,320,41649,0,6,16.655244283334962,1.6736980178393424,321.47057401016355,2359.2181564983553
1781616948,300,GET,/feed/{user_id},541.800000,0.000000,7,13,22,29,48,67,95,110,150,160,160,17263,0,6,16.064158420723473,1.860347983893007,172.5469290104229,2154.6372009500087
1781616948,300,GET,/feed/{user_id}?with_fof=true,273.800000,0.000000,8,15,24,30,53,76,110,130,210,230,230,8656,0,7,18.18930180884485,1.9991070148535073,313.73577401973307,5068.000115526802
1781616948,300,POST,/likes,24.300000,0.000000,9,12,15,17,28,35,42,48,64,64,64,804,0,8,11.579271102227406,2.9441329825203866,91.19399599148892,180.99253731343285
1781616948,300,POST,/posts,41.000000,0.000000,9,11,13,16,26,35,52,64,100,100,100,1259,0,8,12.034597114012211,3.501578001305461,104.97968300478533,228.59650516282764
1781616948,300,GET,/timeline/{user_id},343.900000,0.000000,7,13,24,30,52,73,100,120,210,320,320,10780,0,6,17.880041063582855,1.9032229902222753,321.47057401016355,1760.6254174397031
1781616948,300,GET,/users/{user_id},141.200000,0.000000,6,11,20,26,44,58,86,100,140,150,150,4276,0,6,14.931906849306028,1.6736980178393424,153.04869000101462,262.74204864359217
1781616948,300,,Aggregated,1366.000000,0.000000,7,13,22,29,48,68,98,120,190,230,320,43038,0,6,16.632258268509183,1.6736980178393424,321.47057401016355,2360.7151586969653
1781616949,300,GET,/feed/{user_id},539.500000,0.000000,7,13,22,29,49,70,96,110,150,160,160,17819,0,6,16.17157428711526,1.860347983893007,172.5469290104229,2151.587518940457
1781616949,300,GET,/feed/{user_id}?with_fof=true,274.500000,0.000000,8,15,23,30,54,79,110,130,220,230,230,8946,0,7,18.288933083219522,1.9991070148535073,313.73577401973307,5077.343393695506
1781616949,300,POST,/likes,24.200000,0.000000,9,12,14,17,26,35,44,48,64,64,64,821,0,8,11.513106673760237,2.9441329825203866,91.19399599148892,180.98416565164433
1781616949,300,POST,/posts,42.000000,0.000000,9,11,14,16,26,37,50,64,100,100,100,1286,0,8,12.062909461534872,3.501578001305461,104.97968300478533,228.60186625194402
1781616949,300,GET,/timeline/{user_id},343.200000,0.000000,7,13,24,30,53,75,100,130,190,320,320,11127,0,6,17.94531946819549,1.9032229902222753,321.47057401016355,1757.2145232317785
1781616949,300,GET,/users/{user_id},140.500000,0.000000,6,11,20,26,44,59,89,100,140,150,150,4402,0,6,14.982580745477726,1.6736980178393424,153.04869000101462,262.7503407542026
1781616949,300,,Aggregated,1363.900000,0.000000,7,13,22,29,49,71,99,120,190,230,320,44401,0,6,16.719671401443296,1.6736980178393424,321.47057401016355,2362.847120560348
1781616950,300,GET,/feed/{user_id},539.700000,0.000000,7,14,24,32,51,70,95,110,150,160,160,18370,0,6,16.27312963446942,1.860347983893007,172.5469290104229,2149.8017419706043
1781616950,300,GET,/feed/{user_id}?with_fof=true,278.800000,0.000000,8,15,25,33,55,79,110,140,220,230,230,9223,0,7,18.322546051012225,1.9991070148535073,313.73577401973307,5084.74802125122
1781616950,300,POST,/likes,24.300000,0.000000,9,11,14,18,28,36,46,48,64,64,64,854,0,8,11.590132032931658,2.9441329825203866,91.19399599148892,180.9824355971897
1781616950,300,POST,/posts,41.300000,0.000000,9,11,15,17,28,37,50,64,100,100,100,1328,0,8,12.104447742227006,3.501578001305461,104.97968300478533,228.59864457831324
1781616950,300,GET,/timeline/{user_id},345.100000,0.000000,7,13,25,31,54,75,100,120,190,210,210,11479,0,6,18.004319072973523,1.9032229902222753,321.47057401016355,1775.5861137729767
1781616950,300,GET,/users/{user_id},140.000000,0.000000,6,12,22,30,47,61,89,100,140,150,150,4525,0,6,15.147370407627946,1.6736980178393424,153.04869000101462,262.76265193370165
1781616950,300,,Aggregated,1369.200000,0.000000,7,14,24,31,51,71,98,120,190,230,230,45779,0,6,16.80054921917625,1.6736980178393424,321.47057401016355,2368.2819851897157
1781616951,300,GET,/feed/{user_id},533.800000,0.000000,7,14,24,31,49,66,90,100,140,150,150,18957,0,6,16.217778664847987,1.860347983893007,172.5469290104229,2156.5413303792793
1781616951,300,GET,/feed/{user_id}?with_fof=true,281.000000,0.000000,7,14,23,30,50,75,100,130,210,230,230,9500,0,7,18.196999359805456,1.9991070148535073,313.73577401973307,5076.533684210526
1781616951,300,POST,/likes,25.500000,0.000000,9,11,13,17,27,35,42,48,64,64,64,884,0,8,11.588181789826951,2.9441329825203866,91.19399599148892,180.97737556561086
1781616951,300,POST,/posts,41.000000,0.000000,9,11,15,17,28,35,46,64,100,100,100,1371,0,8,12.129326699978185,3.501578001305461,104.97968300478533,228.60029175784098
1781616951,300,GET,/timeline/{user_id},343.000000,0.000000,7,13,24,30,51,73,98,120,210,210,210,11799,0,6,17.94470844165136,1.9032229902222753,321.47057401016355,1775.5013984235952
1781616951,300,GET,/users/{user_id},141.100000,0.000000,6,11,22,29,45,59,86,100,120,130,130,4662,0,6,15.13201139217008,1.6736980178393424,153.04869000101462,262.7683397683398
1781616951,300,,Aggregated,1365.300000,0.000000,7,13,23,30,48,67,94,110,190,220,230,47173,0,6,16.735425681828453,1.6736980178393424,321.47057401016355,2369.0709940008055
1781616952,300,GET,/feed/{user_id},535.100000,0.000000,7,14,23,31,48,67,92,110,140,150,150,19518,0,6,16.310087423398063,1.860347983893007,172.5469290104229,2154.816784506609
1781616952,300,GET,/feed/{user_id}?with_fof=true,282.500000,0.000000,7,14,24,30,50,72,99,130,210,230,230,9758,0,7,18.231579775188028,1.9991070148535073,313.73577401973307,5078.529719204755
1781616952,300,POST,/likes,25.200000,0.000000,9,13,15,18,28,35,44,49,64,64,64,913,0,8,11.680668094328034,2.9441329825203866,91.19399599148892,180.98466593647316
1781616952,300,POST,/posts,40.200000,0.000000,9,12,15,18,28,37,48,64,100,100,100,1416,0,8,12.179657330322652,3.501578001305461,104.97968300478533,228.59887005649716
1781616952,300,GET,/timeline/{user_id},346.200000,0.000000,7,14,24,30,51,72,100,120,210,240,240,12124,0,6,17.994779993922972,1.9032229902222753,321.47057401016355,1770.3606070603762
1781616952,300,GET,/users/{user_id},141.300000,0.000000,6,12,22,28,45,58,86,100,120,130,130,4790,0,6,15.192405061886475,1.6736980178393424,153.04869000101462,262.77661795407096
1781616952,300,,Aggregated,1370.500000,0.000000,7,13,23,30,48,67,96,110,190,230,240,48519,0,7,16.79950574865073,1.6736980178393424,321.47057401016355,2366.608833652796
1781616953,300,GET,/feed/{user_id},538.200000,0.000000,7,14,23,30,49,70,98,110,140,150,150,20089,0,6,16.414758717393255,1.860347983893007,172.5469290104229,2155.52610881577
1781616953,300,GET,/feed/{user_id}?with_fof=true,280.100000,0.000000,7,14,23,30,50,77,100,130,200,230,230,10043,0,7,18.25253698598883,1.9991070148535073,313.73577401973307,5091.032062132829
1781616953,300,POST,/likes,25.500000,0.000000,9,12,14,17,27,34,41,49,64,64,64,934,0,8,11.647474187583567,2.9441329825203866,91.19399599148892,180.99250535331905
1781616953,300,POST,/posts,39.300000,0.000000,9,12,15,18,28,36,45,53,100,100,100,1473,0,8,12.293626714707399,3.501578001305461,104.97968300478533,228.59538357094365
1781616953,300,GET,/timeline/{user_id},344.700000,0.000000,7,14,24,30,51,75,100,120,210,240,240,12427,0,6,18.022127562588135,1.9032229902222753,321.47057401016355,1775.7066065824415
1781616953,300,GET,/users/{user_id},139.400000,0.000000,6,12,21,28,45,60,98,110,130,130,130,4940,0,6,15.31913160555124,1.6736980178393424,153.04869000101462,262.77854251012144
1781616953,300,,Aggregated,1367.200000,0.000000,7,13,22,29,48,70,99,120,190,230,240,49906,0,7,16.86552837770352,1.6736980178393424,321.47057401016355,2370.5005209794413
1781616954,300,GET,/feed/{user_id},545.100000,0.000000,7,14,24,32,52,78,100,120,170,200,200,20609,0,6,16.593652203644638,1.860347983893007,202.47239302261733,2151.91367848998
1781616954,300,GET,/feed/{user_id}?with_fof=true,277.600000,0.000000,7,14,24,31,53,82,110,140,220,240,240,10309,0,7,18.42078314626487,1.9991070148535073,313.73577401973307,5089.227180133864
1781616954,300,POST,/likes,25.800000,0.000000,9,12,15,18,28,35,49,64,83,83,83,966,0,8,11.779603776629237,2.9441329825203866,91.19399599148892,181.00103519668738
1781616954,300,POST,/posts,40.500000,0.000000,9,13,17,21,31,39,54,79,110,110,110,1518,0,8,12.502991454300012,3.501578001305461,113.49447400425561,228.60474308300394
1781616954,300,GET,/timeline/{user_id},344.300000,0.000000,7,14,24,31,54,80,110,140,210,240,240,12782,0,6,18.10739801762428,1.9032229902222753,321.47057401016355,1770.10452198404
1781616954,300,GET,/users/{user_id},139.700000,0.000000,6,12,22,29,48,72,100,130,180,200,200,5093,0,6,15.61509224634259,1.6736980178393424,195.66413000575267,262.78951502061653
1781616954,300,,Aggregated,1373.000000,0.000000,7,13,23,30,51,77,110,130,200,240,240,51277,0,7,17.029340567262214,1.6736980178393424,321.47057401016355,2365.5706067047604
1781616955,300,GET,/feed/{user_id},547.300000,0.000000,7,14,24,31,51,73,99,110,170,200,200,21192,0,7,16.60826053220255,1.860347983893007,202.47239302261733,2149.714750849377
1781616955,300,GET,/feed/{user_id}?with_fof=true,277.600000,0.000000,7,14,24,31,52,79,110,140,220,240,240,10565,0,7,18.412342287155536,1.9991070148535073,313.73577401973307,5082.848935163275
1781616955,300,POST,/likes,26.300000,0.000000,9,12,15,17,27,34,46,62,83,83,83,989,0,8,11.773703491769137,2.9441329825203866,91.19399599148892,180.98584428715876
1781616955,300,POST,/posts,39.900000,0.000000,9,12,16,21,30,37,52,66,110,110,110,1552,0,8,12.467321395307248,3.501578001305461,113.49447400425561,228.60309278350516
1781616955,300,GET,/timeline/{user_id},341.700000,0.000000,7,14,24,31,53,77,110,140,210,330,330,13117,0,6,18.109702169386715,1.9032229902222753,332.2512379963882,1763.0176107341617
1781616955,300,GET,/users/{user_id},136.600000,0.000000,7,13,23,31,49,72,100,130,180,200,200,5243,0,6,15.70484752819589,1.6736980178393424,195.66413000575267,262.79973297730305
1781616955,300,,Aggregated,1369.400000,0.000000,7,13,23,30,50,73,100,130,200,240,330,52658,0,7,17.041429753642138,1.6736980178393424,332.2512379963882,2360.404914732804
1781616956,300,GET,/feed/{user_id},549.200000,0.000000,7,14,24,31,51,76,100,120,170,200,200,21713,0,7,16.73608212851395,1.860347983893007,202.47239302261733,2151.0622668447472
1781616956,300,GET,/feed/{user_id}?with_fof=true,277.700000,0.000000,7,13,24,31,53,79,110,150,230,280,280,10857,0,7,18.56756853133375,1.9991070148535073,313.73577401973307,5086.337570231187
1781616956,300,POST,/likes,26.400000,0.000000,8,12,15,18,27,34,41,50,83,83,83,1013,0,8,11.738881623227176,2.9441329825203866,91.19399599148892,180.99111549851926
1781616956,300,POST,/posts,41.600000,0.000000,9,13,17,21,30,35,52,66,110,110,110,1589,0,8,12.473794676258995,3.501578001305461,113.49447400425561,228.59911894273128
1781616956,300,GET,/timeline/{user_id},337.500000,0.000000,7,13,23,30,53,75,110,140,210,330,330,13451,0,6,18.241037939777346,1.9032229902222753,332.2512379963882,1764.1524793695637
1781616956,300,GET,/users/{user_id},139.300000,0.000000,7,12,23,31,51,75,110,140,180,200,200,5357,0,6,15.870053837483859,1.6736980178393424,195.66413000575267,262.80082135523617
1781616956,300,,Aggregated,1371.700000,0.000000,7,13,23,30,51,75,100,130,200,280,330,53980,0,7,17.174269532444697,1.6736980178393424,332.2512379963882,2364.0683401259726
1781616957,300,GET,/feed/{user_id},542.800000,0.000000,7,14,23,30,50,73,97,120,170,200,200,22314,0,7,16.704921290370404,1.860347983893007,202.47239302261733,2151.78963879179
1781616957,300,GET,/feed/{user_id}?with_fof=true,276.900000,0.000000,7,13,23,30,52,76,100,150,230,280,280,11121,0,7,18.545052637363256,1.9991070148535073,313.73577401973307,5098.425051703984
1781616957,300,POST,/likes,27.200000,0.000000,8,11,15,17,25,33,41,50,83,83,83,1036,0,8,11.730204859455647,2.9441329825203866,91.19399599148892,180.992277992278
1781616957,300,POST,/posts,41.200000,0.000000,9,13,17,21,28,35,52,66,110,110,110,1630,0,8,12.486135573329923,3.501578001305461,113.49447400425561,228.59877300613496
1781616957,300,GET,/timeline/{user_id},338.900000,0.000000,7,14,23,30,51,73,110,140,210,330,330,13794,0,6,18.162955122508865,1.9032229902222753,332.2512379963882,1768.021313614615
1781616957,300,GET,/users/{user_id},138.900000,0.000000,7,12,23,31,51,74,100,140,180,200,200,5480,0,6,15.880327057351492,1.6736980178393424,195.66413000575267,262.80602189781024
1781616957,300,,Aggregated,1365.900000,0.000000,7,13,22,29,50,72,100,130,200,280,330,55375,0,7,17.138817742781747,1.6736980178393424,332.2512379963882,2367.5486410835215
1781616958,300,GET,/feed/{user_id},547.600000,0.000000,7,14,23,31,52,76,100,130,180,200,200,22839,0,7,16.888713275950394,1.860347983893007,203.7754560005851,2153.2252287753404
1781616958,300,GET,/feed/{user_id}?with_fof=true,275.400000,0.000000,7,13,23,31,53,77,110,140,230,280,280,11403,0,7,18.619662422184952,1.9991070148535073,313.73577401973307,5107.6613171972285
1781616958,300,POST,/likes,27.300000,0.000000,8,11,15,18,27,34,46,57,83,83,83,1062,0,8,11.815288289455152,2.9441329825203866,91.19399599148892,180.99717514124293
1781616958,300,POST,/posts,40.900000,0.000000,9,13,17,21,30,36,53,68,110,110,110,1671,0,8,12.593680328246009,3.501578001305461,113.49447400425561,228.60203470975463
1781616958,300,GET,/timeline/{user_id},339.700000,0.000000,7,14,23,31,53,78,120,150,210,330,330,14114,0,6,18.361598578370057,1.9032229902222753,332.2512379963882,1766.862476973218
1781616958,300,GET,/users/{user_id},138.000000,0.000000,6,12,24,31,56,78,130,140,200,200,200,5603,0,6,16.028011406610357,1.6736980178393424,197.18154898146167,262.8101017312154
1781616958,300,,Aggregated,1368.900000,0.000000,7,13,23,30,52,75,110,140,200,280,330,56692,0,7,17.296863037957017,1.6736980178393424,332.2512379963882,2370.782614831017
1781616959,300,GET,/feed/{user_id},547.200000,0.000000,7,13,23,30,50,74,100,130,180,200,200,23367,0,7,16.814591704055648,1.860347983893007,203.7754560005851,2148.886035862541
1781616959,300,GET,/feed/{user_id}?with_fof=true,276.000000,0.000000,7,14,23,30,51,72,110,140,230,280,280,11684,0,7,18.559109238469972,1.9991070148535073,313.73577401973307,5109.281496062992
1781616959,300,POST,/likes,27.400000,0.000000,8,12,16,19,27,33,42,57,83,83,83,1090,0,8,11.814820506009744,2.9441329825203866,91.19399599148892,180.99357798165138
1781616959,300,POST,/posts,40.200000,0.000000,9,13,15,20,29,36,53,68,110,110,110,1730,0,8,12.515757672490036,3.501578001305461,113.49447400425561,228.59537572254337
1781616959,300,GET,/timeline/{user_id},339.300000,0.000000,7,13,21,30,52,75,110,140,210,330,330,14468,0,6,18.26673721046684,1.9032229902222753,332.2512379963882,1764.58536079624
1781616959,300,GET,/users/{user_id},136.300000,0.000000,6,12,21,29,51,73,130,140,200,200,200,5765,0,6,15.893546294025974,1.6736980178393424,197.18154898146167,262.81613183000866
1781616959,300,,Aggregated,1366.400000,0.000000,7,13,22,29,50,72,110,140,200,280,330,58104,0,7,17.21380731381667,1.6736980178393424,332.2512379963882,2367.2685873605947
1781616960,300,GET,/feed/{user_id},556.300000,0.000000,7,13,22,29,51,78,110,130,180,200,200,23882,0,7,16.919103811639186,1.860347983893007,203.7754560005851,2149.6772045892303
1781616960,300,GET,/feed/{user_id}?with_fof=true,274.000000,0.000000,7,14,23,30,52,75,120,140,230,280,280,11956,0,7,18.63889840484617,1.9991070148535073,313.73577401973307,5112.350786216126
1781616960,300,POST,/likes,26.500000,0.000000,8,12,16,19,29,36,57,79,83,83,83,1127,0,8,11.975953995121872,2.9441329825203866,91.19399599148892,180.9955634427684
1781616960,300,POST,/posts,40.600000,0.000000,10,13,16,20,31,37,56,68,110,110,110,1767,0,8,12.639520021181697,3.501578001305461,113.49447400425561,228.59762308998302
1781616960,300,GET,/timeline/{user_id},335.000000,0.000000,7,13,21,30,52,78,120,150,210,330,330,14793,0,7,18.368514644121408,1.9032229902222753,332.2512379963882,1763.532008382343
1781616960,300,GET,/users/{user_id},134.400000,0.000000,6,11,20,27,52,75,130,140,200,200,200,5913,0,6,16.000090354833866,1.6736980178393424,197.18154898146167,262.82242516489094
1781616960,300,,Aggregated,1366.800000,0.000000,7,13,21,28,50,76,110,140,200,280,330,59438,0,7,17.313395638925584,1.6736980178393424,332.2512379963882,2367.370520542414
1781616961,300,GET,/feed/{user_id},555.400000,0.000000,7,14,24,32,55,83,110,130,180,200,200,24437,0,7,17.129021256313465,1.860347983893007,203.7754560005851,2153.627818471989
1781616961,300,GET,/feed/{user_id}?with_fof=true,275.000000,0.000000,8,15,25,33,55,80,130,140,240,320,320,12233,0,7,18.790246000495866,1.9991070148535073,319.1724889911711,5111.980544429003
1781616961,300,POST,/likes,26.000000,0.000000,8,12,16,19,30,38,65,79,83,83,83,1151,0,8,12.09024006825913,2.9441329825203866,91.19399599148892,180.9860990443093
1781616961,300,POST,/posts,41.900000,0.000000,10,13,16,20,31,40,56,68,110,110,110,1803,0,8,12.742666224839297,3.501578001305461,113.49447400425561,228.6006655574043
1781616961,300,GET,/timeline/{user_id},332.000000,0.000000,7,14,24,31,55,84,120,150,200,330,330,15127,0,7,18.531470601070062,1.9032229902222753,332.2512379963882,1761.7857473391948
1781616961,300,GET,/users/{user_id},132.300000,0.000000,7,12,22,31,58,84,130,140,200,200,200,6047,0,6,16.280460340677312,1.6736980178393424,197.18154898146167,262.8389283942451
1781616961,300,,Aggregated,1362.600000,0.000000,7,14,23,31,54,80,120,140,200,320,330,60798,0,7,17.50234160250357,1.6736980178393424,332.2512379963882,2368.8848810816144
1781616962,300,GET,/feed/{user_id},549.700000,0.000000,7,14,24,31,53,77,110,130,180,200,200,24987,0,7,17.135757304366333,1.860347983893007,203.7754560005851,2150.054308240285
1781616962,300,GET,/feed/{user_id}?with_fof=true,272.200000,0.000000,8,14,25,32,53,76,120,140,240,320,320,12505,0,7,18.78512201789131,1.9991070148535073,319.1724889911711,5122.335785685726
1781616962,300,POST,/likes,26.300000,0.000000,8,11,15,19,30,39,65,79,83,83,83,1185,0,8,12.115378915243841,2.9441329825203866,91.19399599148892,180.9831223628692
1781616962,300,POST,/posts,44.500000,0.000000,10,13,16,20,31,39,56,68,110,110,110,1850,0,8,12.769283162873565,3.501578001305461,113.49447400425561,228.60054054054055
1781616962,300,GET,/timeline/{user_id},330.400000,0.000000,7,13,24,31,53,79,120,140,200,330,330,15472,0,7,18.515028970164227,1.9032229902222753,332.2512379963882,1760.0687693898656
1781616962,300,GET,/users/{user_id},136.100000,0.000000,7,12,23,31,55,78,120,140,200,200,200,6186,0,6,16.31528614824628,1.6736980178393424,197.18154898146167,262.8603297769156
1781616962,300,,Aggregated,1359.200000,0.000000,8,13,23,30,52,76,110,140,200,320,330,62185,0,7,17.503415691939292,1.6736980178393424,332.2512379963882,2368.311168288172
1781616963,300,GET,/feed/{user_id},547.000000,0.000000,8,15,25,33,55,83,110,130,180,200,200,25523,0,7,17.281260200891484,1.860347983893007,203.7754560005851,2150.6654390157896
1781616963,300,GET,/feed/{user_id}?with_fof=true,271.600000,0.000000,8,15,26,35,56,80,120,140,240,320,320,12763,0,7,18.885047094476345,1.9991070148535073,319.1724889911711,5131.046854187887
1781616963,300,POST,/likes,27.000000,0.000000,9,12,17,21,31,39,65,79,83,83,83,1209,0,8,12.205514579463859,2.9441329825203866,91.19399599148892,180.9859387923904
1781616963,300,POST,/posts,43.400000,0.000000,10,13,16,21,33,41,56,68,110,110,110,1886,0,8,12.863081459343396,3.501578001305461,113.49447400425561,228.60074231177094
1781616963,300,GET,/timeline/{user_id},331.200000,0.000000,8,14,26,33,57,84,120,140,200,330,330,15838,0,7,18.724719823772368,1.9032229902222753,332.2512379963882,1758.1689607273645
1781616963,300,GET,/users/{user_id},137.700000,0.000000,7,13,24,34,60,83,130,140,200,200,200,6301,0,6,16.49458626963955,1.6736980178393424,197.18154898146167,262.87240120615775
1781616963,300,,Aggregated,1357.900000,0.000000,8,14,25,32,55,80,120,140,200,320,330,63520,0,7,17.657591303321063,1.6736980178393424,332.2512379963882,2369.823315491184
1781616964,300,GET,/feed/{user_id},543.300000,0.000000,8,15,25,34,55,79,110,120,150,200,200,26068,0,7,17.322978703867822,1.860347983893007,203.7754560005851,2145.1162344637105
1781616964,300,GET,/feed/{user_id}?with_fof=true,273.600000,0.000000,8,16,27,35,55,76,110,130,230,320,320,13017,0,7,18.910792535293258,1.9991070148535073,319.1724889911711,5120.733348697857
1781616964,300,POST,/likes,26.800000,0.000000,9,12,16,21,31,39,58,72,79,79,79,1242,0,8,12.28791851813353,2.9441329825203866,91.19399599148892,180.98631239935588
1781616964,300,POST,/posts,43.200000,0.000000,10,13,16,21,33,41,53,56,72,72,72,1933,0,8,12.98990861319217,3.501578001305461,113.49447400425561,228.6088980858769
1781616964,300,GET,/timeline/{user_id},330.600000,0.000000,8,16,27,35,56,80,120,130,200,250,250,16202,0,7,18.732510534250835,1.9032229902222753,332.2512379963882,1756.739970374028
1781616964,300,GET,/users/{user_id},137.800000,0.000000,7,14,25,34,58,75,110,130,160,200,200,6426,0,6,16.514775106921277,1.6736980178393424,197.18154898146167,262.8887332710862
1781616964,300,,Aggregated,1355.300000,0.000000,8,15,25,33,55,76,110,130,200,280,320,64888,0,7,17.687960238351764,1.6736980178393424,332.2512379963882,2363.9838799161635
1781616965,300,GET,/feed/{user_id},542.000000,0.000000,8,17,28,37,59,84,110,130,160,200,200,26569,0,7,17.57543179444196,1.860347983893007,203.7754560005851,2145.0246527908466
1781616965,300,GET,/feed/{user_id}?with_fof=true,273.000000,0.000000,8,17,29,38,59,80,120,140,230,320,320,13297,0,7,19.154997539751424,1.9991070148535073,319.1724889911711,5119.733248101075
1781616965,300,POST,/likes,27.200000,0.000000,9,13,18,23,33,42,58,72,79,79,79,1268,0,8,12.381886819880478,2.9441329825203866,91.19399599148892,180.99211356466876
1781616965,300,POST,/posts,42.800000,0.000000,10,13,17,22,35,47,59,70,94,94,94,1980,0,9,13.158144711853696,3.501578001305461,113.49447400425561,228.61111111111111
1781616965,300,GET,/timeline/{user_id},333.600000,0.000000,8,18,30,38,59,85,120,140,220,260,260,16531,0,7,18.977752225347327,1.9032229902222753,332.2512379963882,1759.6663238763535
1781616965,300,GET,/users/{user_id},137.600000,0.000000,7,15,27,37,61,81,120,140,160,200,200,6559,0,6,16.7650013384722,1.6736980178393424,197.18154898146167,262.906083244397
1781616965,300,,Aggregated,1356.200000,0.000000,8,16,28,36,58,81,120,130,200,280,320,66204,0,7,17.930969042141527,1.6736980178393424,332.2512379963882,2364.86988701589
1781616966,300,GET,/feed/{user_id},538.400000,0.000000,8,16,26,34,55,79,110,130,160,200,200,27122,0,7,17.49399356289352,1.860347983893007,203.7754560005851,2140.2144753336775
1781616966,300,GET,/feed/{user_id}?with_fof=true,269.600000,0.000000,8,16,27,35,55,75,120,140,230,320,320,13571,0,7,19.100823039862288,1.9991070148535073,319.1724889911711,5119.622135435856
1781616966,300,POST,/likes,28.000000,0.000000,9,13,19,23,33,44,58,72,79,79,79,1301,0,8,12.427793739918872,2.9441329825203866,91.19399599148892,180.99385088393544
1781616966,300,POST,/posts,41.300000,0.000000,10,13,17,22,35,46,59,70,94,94,94,2026,0,9,13.14753900122172,3.501578001305461,113.49447400425561,228.61056268509378
1781616966,300,GET,/timeline/{user_id},339.400000,0.000000,8,17,28,36,56,79,120,140,220,260,260,16882,0,7,18.918853725864274,1.9032229902222753,332.2512379963882,1759.6122497334438
1781616966,300,GET,/users/{user_id},134.400000,0.000000,7,15,26,34,55,74,110,130,160,200,200,6690,0,6,16.705036860982393,1.6736980178393424,197.18154898146167,262.9191330343797
1781616966,300,,Aggregated,1351.100000,0.000000,8,16,26,34,54,75,110,130,190,260,320,67592,0,7,17.866605837360808,1.6736980178393424,332.2512379963882,2362.5374304651436
1781616967,300,GET,/feed/{user_id},543.000000,0.000000,8,16,27,36,58,83,120,130,160,200,200,27654,0,7,17.58504289756512,1.860347983893007,203.7754560005851,2143.2434005930427
1781616967,300,GET,/feed/{user_id}?with_fof=true,270.700000,0.000000,8,17,28,36,57,77,120,140,230,320,320,13827,0,7,19.14409697614361,1.9991070148535073,319.1724889911711,5114.966080856296
1781616967,300,POST,/likes,27.800000,0.000000,9,13,19,23,33,42,58,72,79,79,79,1329,0,8,12.411701648338944,2.9441329825203866,91.19399599148892,180.9879608728367
1781616967,300,POST,/posts,41.100000,0.000000,10,13,17,22,36,47,59,70,94,94,94,2072,0,9,13.170037188919613,3.501578001305461,113.49447400425561,228.6119691119691
1781616967,300,GET,/timeline/{user_id},339.400000,0.000000,8,17,28,36,57,83,130,150,220,260,260,17244,0,7,18.91493562740799,1.9032229902222753,332.2512379963882,1762.7338204592902
1781616967,300,GET,/users/{user_id},132.600000,0.000000,7,15,26,35,57,83,120,140,160,200,200,6816,0,6,16.837886930470674,1.6736980178393424,197.18154898146167,262.92987089201876
1781616967,300,,Aggregated,1354.600000,0.000000,8,16,27,35,56,79,120,130,180,260,320,68942,0,7,17.924079095494747,1.6736980178393424,332.2512379963882,2362.8095790664615
1781616968,300,GET,/feed/{user_id},534.900000,0.000000,8,15,25,33,52,77,110,120,160,180,180,28172,0,7,17.50757537430979,1.860347983893007,203.7754560005851,2150.3942922050264
1781616968,300,GET,/feed/{user_id}?with_fof=true,270.000000,0.000000,8,16,27,35,54,74,120,140,230,320,320,14129,0,7,19.11307632260196,1.9991070148535073,319.1724889911711,5118.870196050676
1781616968,300,POST,/likes,28.000000,0.000000,9,13,17,21,31,39,58,72,79,79,79,1363,0,8,12.344459800290693,2.9441329825203866,91.19399599148892,180.99192956713134
1781616968,300,POST,/posts,43.200000,0.000000,10,13,17,21,35,44,56,62,94,94,94,2115,0,9,13.16553665598608,3.501578001305461,113.49447400425561,228.61040189125296
1781616968,300,GET,/timeline/{user_id},339.500000,0.000000,8,16,26,33,51,72,120,130,220,260,260,17583,0,7,18.828244912027664,1.9032229902222753,332.2512379963882,1764.1250071091395
1781616968,300,GET,/users/{user_id},132.100000,0.000000,7,14,25,34,52,75,110,130,150,160,160,6960,0,6,16.7571918802005,1.6736980178393424,197.18154898146167,262.94439655172414
1781616968,300,,Aggregated,1347.700000,0.000000,8,15,25,33,51,73,110,130,180,260,320,70322,0,7,17.855433055326685,1.6736980178393424,332.2512379963882,2367.4572822160917
1781616969,300,GET,/feed/{user_id},539.300000,0.000000,8,16,27,34,53,77,110,120,160,180,180,28747,0,7,17.541956764569626,1.860347983893007,203.7754560005851,2152.7117612272586
1781616969,300,GET,/feed/{user_id}?with_fof=true,270.400000,0.000000,8,16,28,35,54,74,120,140,230,320,320,14399,0,7,19.09477681824313,1.9991070148535073,319.1724889911711,5114.1639002708525
1781616969,300,POST,/likes,28.400000,0.000000,9,13,16,20,32,44,59,72,79,79,79,1390,0,8,12.374701903376682,2.9441329825203866,91.19399599148892,180.9884892086331
1781616969,300,POST,/posts,43.200000,0.000000,11,13,18,21,35,46,56,68,94,94,94,2157,0,9,13.183391220356745,3.501578001305461,113.49447400425561,228.60917941585535
1781616969,300,GET,/timeline/{user_id},340.800000,0.000000,8,17,27,35,53,75,120,130,230,260,260,17918,0,7,18.862231370080778,1.9032229902222753,332.2512379963882,1771.0187520928675
1781616969,300,GET,/users/{user_id},131.600000,0.000000,7,15,27,35,54,78,110,130,160,160,160,7092,0,6,16.768362270322775,1.6736980178393424,197.18154898146167,262.95572476029326
1781616969,300,,Aggregated,1353.700000,0.000000,8,16,26,34,52,73,110,130,180,260,320,71703,0,7,17.875910630450687,1.6736980178393424,332.2512379963882,2369.0156757736777
1781616970,300,GET,/feed/{user_id},530.000000,0.000000,8,16,26,33,51,70,100,120,160,180,180,29307,0,7,17.516577787294512,1.860347983893007,203.7754560005851,2149.113215272802
1781616970,300,GET,/feed/{user_id}?with_fof=true,269.500000,0.000000,8,15,26,34,54,72,110,140,230,320,320,14685,0,7,19.068305743519716,1.9991070148535073,319.1724889911711,5116.178345250255
1781616970,300,POST,/likes,29.500000,0.000000,9,13,15,19,31,40,53,59,72,72,72,1412,0,8,12.368622136460756,2.9441329825203866,91.19399599148892,180.9900849858357
1781616970,300,POST,/posts,43.600000,0.000000,10,13,17,20,33,41,56,68,94,94,94,2198,0,9,13.130288650750991,3.501578001305461,113.49447400425561,228.60828025477707
1781616970,300,GET,/timeline/{user_id},344.100000,0.000000,8,17,27,34,51,70,110,130,240,260,260,18235,0,7,18.84355322423184,1.9032229902222753,332.2512379963882,1770.4202906498492
1781616970,300,GET,/users/{user_id},132.800000,0.000000,7,14,26,34,51,73,110,130,160,160,160,7227,0,6,16.72864999928472,1.6736980178393424,197.18154898146167,262.96734467967343
1781616970,300,,Aggregated,1349.500000,0.000000,8,15,25,33,50,69,100,130,190,260,320,73064,0,7,17.850260464189734,1.6736980178393424,332.2512379963882,2368.570814628271
1781616971,300,GET,/feed/{user_id},532.800000,0.000000,8,17,28,35,55,84,130,170,430,520,520,29627,0,7,18.19973449090811,1.860347983893007,522.7376949915197,2149.5135855807202
1781616971,300,GET,/feed/{user_id}?with_fof=true,269.500000,0.000000,8,16,27,36,59,88,150,220,520,740,740,14844,0,7,19.903840249110466,1.9991070148535073,737.8921330091543,5117.063325249259
1781616971,300,POST,/likes,30.200000,0.000000,9,12,15,19,30,39,49,58,61,61,61,1424,0,8,12.322396449214946,2.9441329825203866,91.19399599148892,180.98876404494382
1781616971,300,POST,/posts,43.500000,0.000000,10,13,16,20,33,43,59,72,96,96,96,2222,0,9,13.178743008709857,3.501578001305461,113.49447400425561,228.60936093609362
1781616971,300,GET,/timeline/{user_id},344.900000,0.000000,8,17,27,35,53,75,120,160,460,560,560,18334,0,7,19.207568291634313,1.9032229902222753,562.0695490215439,1778.051816297589
1781616971,300,GET,/users/{user_id},135.500000,0.000000,7,15,27,35,56,80,130,160,500,510,510,7310,0,6,17.40817950682784,1.6736980178393424,508.8458929967601,262.9770177838577
1781616971,300,,Aggregated,1356.400000,0.000000,8,16,26,34,54,80,130,170,470,610,740,73761,0,7,18.450017586294937,1.6736980178393424,737.8921330091543,2371.5539241604642
1781616972,300,GET,/feed/{user_id},538.300000,0.000000,8,17,29,37,62,99,160,300,770,1000,1000,29760,0,7,18.792042686063038,1.860347983893007,1040.194913977757,2149.038944892473
1781616972,300,GET,/feed/{user_id}?with_fof=true,270.600000,0.000000,8,16,29,38,64,100,180,270,1300,1700,1700,14904,0,7,20.40186565444486,1.9991070148535073,1684.035373997176,5116.335882984434
1781616972,300,POST,/likes,29.600000,0.000000,9,12,14,18,30,40,53,59,620,620,620,1430,0,8,12.717497773904848,2.9441329825203866,618.3625900011975,180.9881118881119
1781616972,300,POST,/posts,42.000000,0.000000,10,13,16,19,34,47,68,94,160,160,160,2234,0,9,13.206378532374101,3.501578001305461,164.60711997933686,228.60966875559535
1781616972,300,GET,/timeline/{user_id},343.600000,0.000000,8,17,27,35,55,80,130,170,670,1700,1700,18350,0,7,19.432673623967137,1.9032229902222753,1707.3535780073144,1779.4597820163488
1781616972,300,GET,/users/{user_id},132.400000,0.000000,7,14,27,35,61,100,150,300,800,810,810,7345,0,6,17.9834676541886,1.6736980178393424,810.9754140023142,262.9805309734513
1781616972,300,,Aggregated,1356.500000,0.000000,8,16,27,35,59,92,150,240,770,1700,1700,74023,0,7,18.908822912188132,1.6736980178393424,1707.3535780073144,2371.7422287667346
1781616973,300,GET,/feed/{user_id},537.600000,0.000000,8,18,30,38,63,110,200,490,1700,1800,1800,29813,0,7,19.848001867248996,1.860347983893007,1802.4050199892372,2149.030490054674
1781616973,300,GET,/feed/{user_id}?with_fof=true,271.400000,0.000000,9,17,31,39,67,130,250,610,2400,2600,2600,14941,0,7,22.10178280757068,1.9991070148535073,2609.4014510163106,5116.233853155746
1781616973,300,POST,/likes,28.300000,0.000000,9,12,14,18,30,47,59,620,1600,1600,1600,1433,0,8,14.285311276819888,2.9441329825203866,1563.179418008076,180.99162595952546
1781616973,300,POST,/posts,43.200000,0.000000,9,12,16,18,34,49,82,96,1600,1600,1600,2240,0,9,14.362924351917172,3.501578001305461,1649.599438009318,228.61160714285714
1781616973,300,GET,/timeline/{user_id},339.600000,0.000000,8,17,27,35,56,87,180,670,2700,2700,2700,18386,1,7,22.029667200794822,1.9032229902222753,2748.3175059896894,1779.6961818775155
1781616973,300,GET,/users/{user_id},131.500000,0.000000,7,14,28,36,64,110,280,630,1600,1700,1700,7357,0,6,19.272788873730857,1.6736980178393424,1664.7351330029778,262.98409677857825
1781616973,300,,Aggregated,1351.600000,0.000000,8,16,28,36,60,100,220,550,2500,2700,2700,74170,1,7,20.512638359202327,1.6736980178393424,2748.3175059896894,2372.096737225293
1781616974,300,GET,/feed/{user_id},509.300000,0.000000,8,18,31,40,74,130,360,1000,1700,1800,1800,29923,0,7,20.822184915087618,1.860347983893007,1802.4050199892372,2152.309360692444
1781616974,300,GET,/feed/{user_id}?with_fof=true,256.500000,0.000000,9,18,32,42,76,150,380,1200,2700,3700,3700,14983,1,7,23.199924691515204,1.9991070148535073,3708.9489520003553,5110.234532470133
1781616974,300,POST,/likes,26.700000,0.000000,8,12,14,18,32,48,720,1600,1600,1600,1600,1437,0,8,16.44354628160189,2.9441329825203866,1641.378801985411,180.99582463465552
1781616974,300,POST,/posts,40.700000,0.000000,9,12,16,18,33,52,94,160,1600,1600,1600,2245,0,9,14.883203081227114,3.501578001305461,1649.599438009318,228.6129175946548
1781616974,300,GET,/timeline/{user_id},314.800000,0.000000,8,19,31,40,74,200,2700,3100,3900,3900,3900,18491,2,7,31.079194216198633,1.9032229902222753,3936.2489600025583,1777.565085717376
1781616974,300,GET,/users/{user_id},123.300000,0.000000,7,15,30,39,76,140,630,1500,1700,1700,1700,7386,0,6,20.949193697272598,1.6736980178393424,1740.0495680049062,262.9891686975359
1781616974,300,,Aggregated,1271.300000,0.000000,8,17,30,39,72,140,690,1600,3400,3900,3900,74465,3,7,23.59665618332022,1.6736980178393424,3936.2489600025583,2370.978553682938
1781616975,300,GET,/feed/{user_id},467.300000,0.000000,8,17,31,39,78,150,690,1200,1700,1800,1800,30053,3,7,21.646058753017417,1.860347983893007,1802.4050199892372,2149.878048780488
1781616975,300,GET,/feed/{user_id}?with_fof=true,235.200000,0.000000,8,18,33,44,89,190,750,1400,2700,3700,3700,15043,1,7,24.39125989908211,1.9991070148535073,3708.9489520003553,5110.569500764475
1781616975,300,POST,/likes,24.000000,0.000000,8,12,14,18,39,620,1100,1600,1600,1600,1600,1445,0,8,18.751656778993013,2.9441329825203866,1641.378801985411,180.99930795847752
1781616975,300,POST,/posts,38.100000,0.000000,9,12,15,18,31,49,160,1100,1600,1600,1600,2253,0,9,15.830630708550018,3.501578001305461,1649.599438009318,228.61296049711495
1781616975,300,GET,/timeline/{user_id},281.300000,0.000000,9,21,35,46,240,3000,3700,3900,4600,4700,4700,18629,4,7,45.971912974970834,1.9032229902222753,4669.35354200541,1772.338933920232
1781616975,300,GET,/users/{user_id},113.500000,0.000000,7,15,30,39,86,230,720,1500,1700,1700,1700,7434,0,6,21.700656612844735,1.6736980178393424,1740.0495680049062,262.9919289749798
1781616975,300,,Aggregated,1159.400000,0.000000,8,17,31,40,88,320,1600,3200,4300,4700,4700,74857,8,7,28.02600597765008,1.6736980178393424,4669.35354200541,2367.6767035814955
1781616976,300,GET,/feed/{user_id},420.800000,0.000000,8,19,35,45,110,290,840,1200,1700,1800,1800,30262,3,7,22.430048614974258,1.860347983893007,1802.4050199892372,2151.3730090542595
1781616976,300,GET,/feed/{user_id}?with_fof=true,213.900000,0.000000,9,19,37,50,120,360,1200,1700,4100,4900,4900,15138,1,7,26.431099419938054,1.9991070148535073,4879.185896017589,5109.396948077685
1781616976,300,POST,/likes,21.800000,0.000000,7,11,13,18,53,630,1100,1600,1600,1600,1600,1461,0,8,19.881368819774785,2.9441329825203866,1641.378801985411,181.00273785078713
1781616976,300,POST,/posts,34.700000,0.000000,8,11,14,17,31,64,950,1100,1600,1600,1600,2274,0,9,16.37936183351525,3.501578001305461,1649.599438009318,228.61345646437994
1781616976,300,GET,/timeline/{user_id},248.800000,0.100000,10,27,47,79,1700,3500,4200,4600,5200,5300,5300,18830,5,7,58.318351346322615,1.9032229902222753,5297.142199007794,1770.6031864046734
1781616976,300,GET,/users/{user_id},103.900000,0.000000,7,15,34,42,110,340,760,1500,1700,1700,1700,7483,0,6,22.154963786295628,1.6736980178393424,1740.0495680049062,262.9958572764934
1781616976,300,,Aggregated,1043.900000,0.100000,8,20,36,49,140,750,3000,3700,4700,5300,5300,75448,9,7,31.93067560073937,1.6736980178393424,5297.142199007794,2366.4466785070513
1781616977,300,GET,/feed/{user_id},376.900000,0.000000,9,23,41,57,160,520,920,1500,1700,1800,1800,30584,3,7,23.475221502368512,1.860347983893007,1802.4050199892372,2151.6276811404655
1781616977,300,GET,/feed/{user_id}?with_fof=true,191.500000,0.100000,9,25,50,70,210,670,1700,2600,5800,6000,6000,15326,1,7,30.271442640748344,1.9991070148535073,5962.780653004302,5109.808821610335
1781616977,300,POST,/likes,18.700000,0.000000,7,12,17,29,400,630,1400,1600,1600,1600,1600,1477,0,8,21.088162591526714,2.9441329825203866,1641.378801985411,181.00880162491538
1781616977,300,POST,/posts,31.000000,0.000000,8,9,13,15,31,160,950,1100,1600,1600,1600,2296,0,8,16.656040514141722,3.501578001305461,1649.599438009318,228.61454703832752
1781616977,300,GET,/timeline/{user_id},224.600000,0.200000,11,40,81,210,2800,3600,4400,4600,5500,5700,5700,19053,5,7,63.19662845012322,1.9032229902222753,5678.169366990915,1773.7208313651392
1781616977,300,GET,/users/{user_id},93.200000,0.000000,7,16,36,52,150,520,840,1500,1700,1700,1700,7567,3,6,23.013606571799436,1.6736980178393424,1740.0495680049062,262.90603938152503
1781616977,300,,Aggregated,935.900000,0.300000,9,25,46,68,340,1100,3300,3900,5000,6000,6000,76303,12,7,34.46162159151946,1.6736980178393424,5962.780653004302,2368.1201656553476
1781616978,300,GET,/feed/{user_id},341.800000,0.300000,9,28,50,76,190,540,950,1500,1700,1800,1800,31070,8,7,23.825008475570453,1.860347983893007,1802.4050199892372,2147.3964274219506
1781616978,300,GET,/feed/{user_id}?with_fof=true,170.900000,0.100000,10,34,74,110,360,1100,2600,3200,5800,6000,6000,15594,8,7,34.41744046801906,1.9991070148535073,5962.780653004302,5114.074772348339
1781616978,300,POST,/likes,17.200000,0.000000,6,12,20,45,440,680,1400,1600,1600,1600,1600,1497,0,8,20.96691125430028,2.9441329825203866,1641.378801985411,181.00801603206412
1781616978,300,POST,/posts,26.500000,0.000000,7,9,13,16,58,160,950,1100,1600,1600,1600,2327,0,8,16.733332355625286,3.501578001305461,1649.599438009318,228.61753330468414
1781616978,300,GET,/timeline/{user_id},207.000000,0.400000,12,52,150,460,3000,3700,4400,4600,5500,5700,5700,19349,6,7,66.83842186904228,1.9032229902222753,5678.169366990915,1773.8028838699674
1781616978,300,GET,/users/{user_id},84.500000,0.000000,7,16,41,69,190,600,870,1600,1700,1700,1700,7691,7,6,23.254099786625034,1.6736980178393424,1740.0495680049062,262.79586529710053
1781616978,300,,Aggregated,847.900000,0.800000,9,31,65,99,450,1400,3400,4000,5300,6000,6000,77528,29,7,36.365937683630804,1.6736980178393424,5962.780653004302,2368.356284181199
1781616979,300,GET,/feed/{user_id},306.800000,0.300000,8,19,43,71,190,530,950,1500,1700,1800,1800,31631,8,7,23.578373156139406,1.860347983893007,1802.4050199892372,2145.1458379437895
1781616979,300,GET,/feed/{user_id}?with_fof=true,154.300000,0.100000,9,26,68,100,360,1100,2600,3200,5800,6000,6000,15866,8,7,34.02327679530494,1.9991070148535073,5962.780653004302,5114.509643262322
1781616979,300,POST,/likes,15.600000,0.000000,6,11,16,32,440,680,1400,1600,1600,1600,1600,1519,0,8,20.80281559695426,2.9441329825203866,1641.378801985411,181.00987491770903
1781616979,300,POST,/posts,24.400000,0.000000,7,9,12,13,39,420,1100,1200,1600,1600,1600,2358,0,8,16.635728355207714,3.501578001305461,1649.599438009318,228.61916878710772
1781616979,300,GET,/timeline/{user_id},190.900000,0.500000,10,41,140,420,3000,3700,4400,4600,5500,5700,5700,19740,6,7,65.73883666217819,1.9032229902222753,5678.169366990915,1775.8041033434652
1781616979,300,GET,/users/{user_id},78.800000,0.000000,6,14,36,64,190,530,840,1500,1700,1700,1700,7821,7,6,23.013602365581,1.6736980178393424,1740.0495680049062,262.80744150364404
1781616979,300,,Aggregated,770.800000,0.900000,8,22,56,94,450,1400,3400,4000,5300,6000,6000,78935,29,7,35.90449578896707,1.6736980178393424,5962.780653004302,2368.0717805789573
1781616980,300,GET,/feed/{user_id},288.500000,0.300000,8,15,42,74,180,530,920,1500,1700,1800,1800,32198,8,7,23.483395718256762,1.860347983893007,1802.4050199892372,2143.6894217032113
1781616980,300,GET,/feed/{user_id}?with_fof=true,147.300000,0.100000,9,26,69,110,360,1100,2600,3200,5800,6000,6000,16151,8,7,33.820566814448306,1.9991070148535073,5962.780653004302,5113.273914927869
1781616980,300,POST,/likes,14.500000,0.000000,7,11,15,32,440,680,1400,1600,1600,1600,1600,1536,0,8,20.708677848195595,2.9441329825203866,1641.378801985411,181.01041666666666
1781616980,300,POST,/posts,22.400000,0.000000,7,10,12,15,64,420,1100,1200,1600,1600,1600,2392,0,9,16.64895057385432,3.501578001305461,1649.599438009318,228.61998327759198
1781616980,300,GET,/timeline/{user_id},177.400000,0.500000,10,37,110,350,2900,3600,4400,4600,5500,5700,5700,20090,6,7,64.94436460314667,1.9032229902222753,5678.169366990915,1774.173369835739
1781616980,300,GET,/users/{user_id},73.900000,0.300000,7,13,36,64,190,530,840,1500,1700,1700,1700,7958,7,6,22.929090070268614,1.6736980178393424,1740.0495680049062,262.81930133199296
1781616980,300,,Aggregated,724.000000,1.200000,8,20,57,98,440,1200,3400,3900,5200,6000,6000,80325,29,7,35.620157517092906,1.6736980178393424,5962.780653004302,2367.4640398381575
1781616981,300,GET,/feed/{user_id},285.500000,0.800000,8,13,23,36,130,450,860,1200,1700,1800,1800,32773,8,7,23.289703200212717,1.860347983893007,1802.4050199892372,2140.6627711835963
1781616981,300,GET,/feed/{user_id}?with_fof=true,145.500000,0.800000,8,17,34,60,220,840,2500,3100,5800,6000,6000,16442,8,7,33.45983067512495,1.9991070148535073,5962.780653004302,5119.767120788225
1781616981,300,POST,/likes,13.300000,0.000000,8,11,14,18,400,630,1400,1600,1600,1600,1600,1571,0,8,20.457669636425084,2.9441329825203866,1641.378801985411,181.0025461489497
1781616981,300,POST,/posts,21.300000,0.000000,8,10,13,15,47,160,950,1100,1600,1600,1600,2430,0,9,16.568015862355455,3.501578001305461,1649.599438009318,228.61975308641976
1781616981,300,GET,/timeline/{user_id},176.200000,0.600000,9,23,61,140,2400,3500,4300,4600,5400,5700,5700,20448,6,7,64.0563143686518,1.9032229902222753,5678.169366990915,1776.0134487480439
1781616981,300,GET,/users/{user_id},72.400000,0.700000,6,10,18,32,130,500,810,1500,1700,1700,1700,8091,7,6,22.723871189972133,1.6736980178393424,1740.0495680049062,262.83376591274254
1781616981,300,,Aggregated,714.200000,2.900000,8,15,29,52,230,1100,3300,3900,5200,6000,6000,81755,29,7,35.2211071432155,1.6736980178393424,5962.780653004302,2368.265720751024
1781616982,300,GET,/feed/{user_id},286.700000,0.800000,7,12,20,28,94,230,800,1200,1700,1800,1800,33320,8,7,23.12534533294045,1.860347983893007,1802.4050199892372,2138.291386554622
1781616982,300,GET,/feed/{user_id}?with_fof=true,145.700000,0.800000,8,15,26,42,160,670,2300,3000,5800,6000,6000,16742,8,7,33.11063663530799,1.9991070148535073,5962.780653004302,5123.146935849958
1781616982,300,POST,/likes,12.700000,0.000000,8,11,14,17,150,600,1100,1600,1600,1600,1600,1591,0,8,20.33946195782392,2.9441329825203866,1641.378801985411,180.99937146448775
1781616982,300,POST,/posts,19.600000,0.000000,8,11,13,15,26,100,950,1100,1600,1600,1600,2481,0,9,16.424579113063615,3.501578001305461,1649.599438009318,228.61588069326885
1781616982,300,GET,/timeline/{user_id},181.900000,0.600000,9,20,41,79,1500,3400,4200,4600,5400,5700,5700,20797,6,7,63.2370146463546,1.9032229902222753,5678.169366990915,1778.8012213299994
1781616982,300,GET,/users/{user_id},72.500000,0.700000,6,10,18,28,84,280,720,1500,1700,1700,1700,8239,7,6,22.580796579314132,1.6736980178393424,1740.0495680049062,262.8476756887972
1781616982,300,,Aggregated,719.100000,2.900000,8,13,24,37,160,800,3100,3700,5000,6000,6000,83170,29,7,34.858333851310924,1.6736980178393424,5962.780653004302,2369.05244679572
1781616983,300,GET,/feed/{user_id},289.800000,0.800000,7,11,17,23,61,160,560,810,1200,1600,1600,33899,8,7,22.907168336219662,1.860347983893007,1802.4050199892372,2138.9373432844627
1781616983,300,GET,/feed/{user_id}?with_fof=true,147.000000,0.800000,8,12,21,29,120,410,1600,3000,5700,6000,6000,17024,8,7,32.73685161020626,1.9991070148535073,5962.780653004302,5130.433858082707
1781616983,300,POST,/likes,12.800000,0.000000,8,11,13,16,48,400,630,990,1100,1100,1100,1619,0,8,20.1756667047066,2.9441329825203866,1641.378801985411,180.99814700432367
1781616983,300,POST,/posts,19.000000,0.000000,8,10,13,14,22,63,450,1100,1200,1200,1200,2520,0,8,16.327243771229405,3.501578001305461,1649.599438009318,228.61230158730157
1781616983,300,GET,/timeline/{user_id},186.800000,0.600000,8,15,28,47,620,3400,4200,4600,5400,5700,5700,21133,6,7,62.39918402399927,1.9032229902222753,5678.169366990915,1776.9455354185397
1781616983,300,GET,/users/{user_id},72.300000,0.700000,6,9,16,21,54,140,500,670,1200,1400,1400,8391,7,6,22.35283021091157,1.6736980178393424,1740.0495680049062,262.86390179954714
1781616983,300,,Aggregated,727.700000,2.900000,7,12,19,27,100,490,2800,3600,5000,5800,6000,84586,29,7,34.44891440922878,1.6736980178393424,5962.780653004302,2370.0773532263024
1781616984,300,GET,/feed/{user_id},317.800000,0.800000,7,11,16,21,51,130,480,710,1100,1600,1600,34426,8,7,22.766580347056244,1.860347983893007,1802.4050199892372,2139.193748910707
1781616984,300,GET,/feed/{user_id}?with_fof=true,162.500000,0.800000,7,12,19,26,88,230,1000,2700,5700,6000,6000,17320,8,7,32.42277144802758,1.9991070148535073,5962.780653004302,5129.564318706697
1781616984,300,POST,/likes,15.200000,0.000000,8,11,13,15,48,400,600,680,1100,1100,1100,1647,0,8,20.079441596179947,2.9441329825203866,1641.378801985411,181.0
1781616984,300,POST,/posts,21.700000,0.000000,8,11,13,15,22,47,150,450,1100,1100,1100,2571,0,9,16.311332426893877,3.501578001305461,1649.599438009318,228.61376896149358
1781616984,300,GET,/timeline/{user_id},215.200000,0.600000,8,13,22,34,180,2500,4000,4500,5400,5700,5700,21469,6,7,61.65520642505115,1.9032229902222753,5678.169366990915,1776.611998695794
1781616984,300,GET,/users/{user_id},80.100000,0.700000,6,9,15,21,46,110,330,660,870,1400,1400,8553,7,6,22.18418561509354,1.6736980178393424,1740.0495680049062,262.87875599204955
1781616984,300,,Aggregated,812.500000,2.900000,7,11,18,24,67,220,1100,3500,4900,5800,6000,85986,29,7,34.11891399520112,1.6736980178393424,5962.780653004302,2369.7380503802947
1781616985,300,GET,/feed/{user_id},362.800000,0.800000,7,10,15,20,40,93,230,540,860,1100,1100,35019,8,7,22.544631463465493,1.860347983893007,1802.4050199892372,2132.198977697821
1781616985,300,GET,/feed/{user_id}?with_fof=true,186.600000,0.800000,7,11,17,23,57,180,740,2300,5700,6000,6000,17597,8,7,32.084327918900385,1.9991070148535073,5962.780653004302,5137.950673410241
1781616985,300,POST,/likes,16.800000,0.000000,8,11,13,14,25,59,400,440,600,600,600,1677,0,8,19.896771674954234,2.9441329825203866,1641.378801985411,180.99821109123434
1781616985,300,POST,/posts,24.900000,0.000000,8,11,13,15,21,33,64,120,450,450,450,2620,0,9,16.238304497134244,3.501578001305461,1649.599438009318,228.61297709923664
1781616985,300,GET,/timeline/{user_id},248.900000,0.600000,7,11,18,24,64,250,3000,4300,5300,5700,5700,21809,6,7,60.86093804127181,1.9032229902222753,5678.169366990915,1776.3903892888256
1781616985,300,GET,/users/{user_id},92.100000,0.700000,6,8,13,18,37,72,220,500,840,870,870,8688,7,6,21.959575235485595,1.6736980178393424,1740.0495680049062,262.89456721915286
1781616985,300,,Aggregated,932.100000,2.900000,7,10,16,21,46,130,540,1600,4800,5800,6000,87410,29,7,33.72715477493841,1.6736980178393424,5962.780653004302,2368.2395606909963
1781616986,300,GET,/feed/{user_id},413.800000,0.800000,7,10,14,18,34,61,160,280,820,1100,1100,35594,8,7,22.375093284437693,1.860347983893007,1802.4050199892372,2128.642411642412
1781616986,300,GET,/feed/{user_id}?with_fof=true,211.200000,0.800000,7,11,16,21,47,120,440,1800,5700,6000,6000,17863,8,7,31.81126162368842,1.9991070148535073,5962.780653004302,5143.79869002967
1781616986,300,POST,/likes,19.000000,0.000000,8,11,13,14,20,41,140,400,440,440,440,1709,0,8,19.704789939087707,2.9441329825203866,1641.378801985411,181.00468110005852
1781616986,300,POST,/posts,28.600000,0.000000,9,11,13,15,22,33,63,85,150,150,150,2657,0,9,16.19103399118646,3.501578001305461,1649.599438009318,228.61196838539706
1781616986,300,GET,/timeline/{user_id},277.500000,0.500000,7,10,15,20,41,98,380,2400,4700,5700,5700,22140,6,7,60.11091244153608,1.9032229902222753,5678.169366990915,1777.0951219512194
1781616986,300,GET,/users/{user_id},103.800000,0.700000,6,8,13,17,32,58,120,260,670,680,680,8831,7,6,21.77387084200716,1.6736980178393424,1740.0495680049062,262.90601290907034
1781616986,300,,Aggregated,1053.900000,2.800000,7,10,15,19,36,72,210,550,4300,5800,6000,88794,29,7,33.38625757294484,1.6736980178393424,5962.780653004302,2367.6593238281866
1781616987,300,GET,/feed/{user_id},455.900000,0.800000,7,10,13,17,28,45,84,140,370,570,570,36180,8,7,22.1577658706179,1.860347983893007,1802.4050199892372,2128.121282476506
1781616987,300,GET,/feed/{user_id}?with_fof=true,235.600000,0.700000,7,10,14,18,32,59,160,310,3800,5700,5700,18112,8,7,31.516218670922395,1.9991070148535073,5962.780653004302,5135.773244257951
1781616987,300,POST,/likes,21.400000,0.000000,8,10,11,13,17,24,48,59,98,98,98,1742,0,8,19.48794347984755,2.9441329825203866,1641.378801985411,181.00172215843858
1781616987,300,POST,/posts,33.500000,0.000000,9,12,13,15,21,32,55,67,150,150,150,2708,0,9,16.08808278524655,3.501578001305461,1649.599438009318,228.6129985228951
1781616987,300,GET,/timeline/{user_id},300.300000,0.400000,7,10,14,18,32,53,150,240,4600,5200,5200,22480,6,7,59.363215316653914,1.9032229902222753,5678.169366990915,1774.7806494661922
1781616987,300,GET,/users/{user_id},117.700000,0.700000,6,8,12,16,28,42,68,120,500,600,600,8988,7,6,21.53756918876802,1.6736980178393424,1740.0495680049062,262.9182242990654
1781616987,300,,Aggregated,1164.400000,2.600000,7,10,13,17,29,50,110,190,3400,5200,5700,90210,29,7,33.012626091099115,1.6736980178393424,5962.780653004302,2363.475446181133
1781616988,300,GET,/feed/{user_id},499.500000,0.500000,7,10,13,16,27,39,59,75,140,160,160,36715,8,7,22.042573522314225,1.860347983893007,1802.4050199892372,2128.295873621136
1781616988,300,GET,/feed/{user_id}?with_fof=true,257.500000,0.700000,7,10,13,17,28,45,67,110,210,240,240,18393,8,7,31.244972720308667,1.9991070148535073,5962.780653004302,5138.405534714294
1781616988,300,POST,/likes,23.300000,0.000000,8,10,12,13,18,25,41,54,62,62,62,1777,0,8,19.31487389465914,2.9441329825203866,1641.378801985411,181.0016882386044
1781616988,300,POST,/posts,36.700000,0.000000,9,12,14,15,22,34,47,58,85,85,85,2751,0,9,16.08614154724199,3.501578001305461,1649.599438009318,228.61504907306434
1781616988,300,GET,/timeline/{user_id},318.300000,0.200000,7,9,13,17,30,45,71,110,190,200,200,22826,6,7,58.71718341243068,1.9032229902222753,5678.169366990915,1774.408832033646
1781616988,300,GET,/users/{user_id},126.500000,0.700000,6,8,12,16,29,42,63,78,120,160,160,9130,7,6,21.460922449257996,1.6736980178393424,1740.0495680049062,262.93066812705365
1781616988,300,,Aggregated,1261.800000,2.100000,7,10,13,17,28,42,62,87,180,230,240,91592,29,7,32.740567156056485,1.6736980178393424,5962.780653004302,2363.7964996942965
1781616989,300,GET,/feed/{user_id},536.900000,0.500000,7,10,13,17,27,40,58,73,140,160,160,37252,8,7,21.900609190203287,1.860347983893007,1802.4050199892372,2127.154595726404
1781616989,300,GET,/feed/{user_id}?with_fof=true,271.800000,0.700000,7,10,13,18,29,46,67,98,210,230,230,18693,8,7,30.961928211345814,1.9991070148535073,5962.780653004302,5130.701974000963
1781616989,300,POST,/likes,25.400000,0.000000,8,10,12,13,20,28,48,56,62,62,62,1806,0,8,19.20345550381598,2.9441329825203866,1641.378801985411,181.00442967884828
1781616989,300,POST,/posts,39.000000,0.000000,9,12,14,15,23,34,54,63,85,85,85,2788,0,9,16.02487813899455,3.501578001305461,1649.599438009318,228.61477761836443
1781616989,300,GET,/timeline/{user_id},330.800000,0.100000,7,9,13,17,30,45,75,110,190,200,200,23215,6,7,57.97356058256192,1.9032229902222753,5678.169366990915,1776.9727331466725
1781616989,300,GET,/users/{user_id},135.300000,0.700000,6,8,12,16,29,42,62,74,110,160,160,9274,7,6,21.30516172973151,1.6736980178393424,1740.0495680049062,262.9438214362734
1781616989,300,,Aggregated,1339.200000,2.000000,7,10,13,17,28,42,62,84,180,210,230,93028,29,7,32.43552368432337,1.6736980178393424,5962.780653004302,2362.7747559874447
1781616990,300,GET,/feed/{user_id},561.200000,0.500000,7,10,13,16,27,37,54,65,97,110,110,37824,8,7,21.74962022213249,1.860347983893007,1802.4050199892372,2131.709100042301
1781616990,300,GET,/feed/{user_id}?with_fof=true,277.200000,0.700000,7,10,13,17,28,43,62,82,200,210,210,18977,8,7,30.70814018431015,1.9991070148535073,5962.780653004302,5132.574748379618
1781616990,300,POST,/likes,26.900000,0.000000,8,11,12,14,21,28,46,56,62,62,62,1837,0,8,19.099005684766702,2.9441329825203866,1641.378801985411,180.99891126837235
1781616990,300,POST,/posts,41.200000,0.000000,9,12,14,15,22,31,41,57,85,85,85,2829,0,9,15.970266162071834,3.501578001305461,1649.599438009318,228.61046306115236
1781616990,300,GET,/timeline/{user_id},342.600000,0.100000,7,9,13,17,28,42,62,100,190,200,200,23565,6,7,57.29824979525996,1.9032229902222753,5678.169366990915,1779.8549968173138
1781616990,300,GET,/users/{user_id},143.500000,0.400000,6,9,13,16,29,41,60,71,100,110,110,9409,7,6,21.200340806093894,1.6736980178393424,1740.0495680049062,262.95355510681264
1781616990,300,,Aggregated,1392.600000,1.700000,7,10,13,16,27,39,58,73,180,210,210,94441,29,7,32.140468981108036,1.6736980178393424,5962.780653004302,2365.776336548745
1781616991,300,GET,/feed/{user_id},563.200000,0.000000,7,9,13,16,26,37,54,67,97,110,110,38376,8,7,21.59125723708019,1.860347983893007,1802.4050199892372,2132.393449030644
1781616991,300,GET,/feed/{user_id}?with_fof=true,279.300000,0.000000,7,9,13,16,27,42,62,84,200,210,210,19245,8,7,30.428938872615387,1.9991070148535073,5962.780653004302,5127.882878669784
1781616991,300,POST,/likes,27.900000,0.000000,8,10,12,14,21,28,48,56,62,62,62,1864,0,8,18.98067425690702,2.9441329825203866,1641.378801985411,181.00482832618025
1781616991,300,POST,/posts,41.900000,0.000000,9,12,14,15,22,32,41,57,85,85,85,2867,0,9,15.913170050021767,3.501578001305461,1649.599438009318,228.6100453435647
1781616991,300,GET,/timeline/{user_id},345.600000,0.000000,7,9,13,16,27,41,60,91,190,200,200,23946,6,7,56.56244882106091,1.9032229902222753,5678.169366990915,1781.822225006264
1781616991,300,GET,/users/{user_id},142.900000,0.000000,6,8,12,16,28,40,60,71,100,110,110,9557,7,6,21.025215303206426,1.6736980178393424,1740.0495680049062,262.96547033587944
1781616991,300,,Aggregated,1400.800000,0.000000,7,9,13,16,26,39,58,73,180,210,210,95855,29,7,31.824906721650404,1.6736980178393424,5962.780653004302,2364.9505085806686
1781616992,300,GET,/feed/{user_id},559.300000,0.000000,7,9,13,16,25,36,51,66,97,110,110,38945,8,7,21.437858745496484,1.860347983893007,1802.4050199892372,2133.10250353062
1781616992,300,GET,/feed/{user_id}?with_fof=true,281.100000,0.000000,7,9,13,16,27,41,62,84,200,210,210,19542,8,7,30.13795220645788,1.9991070148535073,5962.780653004302,5121.434193020162
1781616992,300,POST,/likes,28.700000,0.000000,8,10,12,14,21,28,48,56,62,62,62,1896,0,8,18.796740561135614,2.9441329825203866,1641.378801985411,181.00791139240508
1781616992,300,POST,/posts,43.200000,0.000000,9,12,14,16,23,34,41,57,85,85,85,2897,0,9,15.85875927386799,3.501578001305461,1649.599438009318,228.60959613393166
1781616992,300,GET,/timeline/{user_id},345.900000,0.000000,7,9,12,16,26,38,57,85,190,200,200,24292,6,7,55.905920275241044,1.9032229902222753,5678.169366990915,1779.3313848180471
1781616992,300,GET,/users/{user_id},144.000000,0.000000,6,8,12,15,27,39,57,70,100,110,110,9690,7,6,20.883256594184427,1.6736980178393424,1740.0495680049062,262.9747162022704
1781616992,300,,Aggregated,1402.200000,0.000000,7,9,13,16,26,37,56,73,180,210,210,97262,29,7,31.521664044601568,1.6736980178393424,5962.780653004302,2364.0677756986283
1781616993,300,GET,/feed/{user_id},559.800000,0.000000,7,9,13,16,27,37,56,71,97,110,110,39477,8,7,21.327088565655643,1.860347983893007,1802.4050199892372,2137.3317121361806
1781616993,300,GET,/feed/{user_id}?with_fof=true,281.300000,0.000000,7,9,13,16,28,43,65,84,180,200,200,19856,8,7,29.874827746039358,1.9991070148535073,5962.780653004302,5127.783491136181
1781616993,300,POST,/likes,29.700000,0.000000,8,10,12,13,19,26,54,59,62,62,62,1925,0,8,18.702896673189983,2.9441329825203866,1641.378801985411,181.0083116883117
1781616993,300,POST,/posts,43.700000,0.000000,9,12,14,15,22,33,41,57,85,85,85,2940,0,9,15.773587632771077,3.501578001305461,1649.599438009318,228.60714285714286
1781616993,300,GET,/timeline/{user_id},347.300000,0.000000,7,9,12,16,27,39,62,84,190,200,200,24663,6,7,55.2705775124115,1.9032229902222753,5678.169366990915,1774.1942180594413
1781616993,300,GET,/users/{user_id},144.500000,0.000000,6,8,11,15,27,39,57,70,100,110,110,9819,7,6,20.750792199458477,1.6736980178393424,1740.0495680049062,262.98207556777675
1781616993,300,,Aggregated,1406.300000,0.000000,7,9,13,16,27,39,59,74,170,200,200,98680,29,7,31.256503451186028,1.6736980178393424,5962.780653004302,2366.7656262667206
1781616994,300,GET,/feed/{user_id},559.500000,0.000000,7,9,13,16,26,37,53,66,95,110,110,40037,8,7,21.181191092675817,1.860347983893007,1802.4050199892372,2139.821340260259
1781616994,300,GET,/feed/{user_id}?with_fof=true,279.400000,0.000000,7,9,13,16,28,42,62,78,180,200,200,20123,8,7,29.644843034711272,1.9991070148535073,5962.780653004302,5125.467425334195
1781616994,300,POST,/likes,29.000000,0.000000,8,10,12,13,18,25,41,48,62,62,62,1957,0,8,18.568870297265605,2.9441329825203866,1641.378801985411,181.00510986203372
1781616994,300,POST,/posts,43.200000,0.000000,9,11,13,15,23,31,37,42,74,74,74,2983,0,9,15.725152164404872,3.501578001305461,1649.599438009318,228.60777740529667
1781616994,300,GET,/timeline/{user_id},348.800000,0.000000,7,9,12,16,27,37,59,83,190,200,200,25026,6,7,54.6363556587426,1.9032229902222753,5678.169366990915,1771.795852313594
1781616994,300,GET,/users/{user_id},145.400000,0.000000,6,8,12,15,26,37,51,69,100,110,110,9984,7,6,20.574233558937895,1.6736980178393424,1740.0495680049062,262.99028445512823
1781616994,300,,Aggregated,1405.300000,0.000000,7,9,13,16,26,37,56,72,170,200,200,100110,29,7,30.97157643403469,1.6736980178393424,5962.780653004302,2365.5442013784836
1781616995,300,GET,/feed/{user_id},559.800000,0.000000,7,9,13,16,27,39,57,70,97,110,110,40600,8,7,21.068814765724895,1.860347983893007,1802.4050199892372,2141.8506650246304
1781616995,300,GET,/feed/{user_id}?with_fof=true,279.600000,0.000000,7,10,13,17,29,43,63,78,200,230,230,20421,8,7,29.410650313417513,1.9991070148535073,5962.780653004302,5129.84006659811
1781616995,300,POST,/likes,30.000000,0.000000,8,10,12,14,20,26,45,54,62,62,62,1977,0,8,18.502829391348538,2.9441329825203866,1641.378801985411,181.0055639858371
1781616995,300,POST,/posts,41.600000,0.000000,9,11,14,15,23,32,38,50,74,74,74,3019,0,9,15.677399616946076,3.501578001305461,1649.599438009318,228.60914210003313
1781616995,300,GET,/timeline/{user_id},348.100000,0.000000,7,10,13,17,28,40,61,83,180,190,190,25385,6,7,54.07515278115577,1.9032229902222753,5678.169366990915,1774.0389206224147
1781616995,300,GET,/users/{user_id},144.300000,0.000000,6,9,13,16,28,40,57,74,100,110,110,10130,7,6,20.47412857468282,1.6736980178393424,1740.0495680049062,262.9984205330701
1781616995,300,,Aggregated,1403.400000,0.000000,7,9,13,16,28,39,58,73,170,200,230,101532,29,7,30.72922436768829,1.6736980178393424,5962.780653004302,2368.334830398298
1781616996,300,GET,/feed/{user_id},554.200000,0.000000,7,9,13,17,28,40,59,72,96,110,110,41151,8,7,20.971212910709287,1.860347983893007,1802.4050199892372,2141.632742825205
1781616996,300,GET,/feed/{user_id}?with_fof=true,281.300000,0.000000,7,9,14,17,30,42,65,76,180,230,230,20717,8,7,29.19379845388767,1.9991070148535073,5962.780653004302,5128.553941207704
1781616996,300,POST,/likes,30.400000,0.000000,8,10,12,13,20,28,45,54,62,62,62,2001,0,8,18.410738170762354,2.9441329825203866,1641.378801985411,181.00449775112443
1781616996,300,POST,/posts,41.700000,0.000000,9,11,13,14,22,32,38,47,74,74,74,3066,0,9,15.611038957429738,3.501578001305461,1649.599438009318,228.6086105675147
1781616996,300,GET,/timeline/{user_id},351.700000,0.000000,7,10,13,17,30,43,67,84,180,210,210,25731,6,7,53.56532106291086,1.9032229902222753,5678.169366990915,1774.0629590766002
1781616996,300,GET,/users/{user_id},142.500000,0.000000,6,9,12,16,28,41,57,75,100,110,110,10262,7,6,20.357722365470718,1.6736980178393424,1740.0495680049062,263.0075034106412
1781616996,300,,Aggregated,1401.800000,0.000000,7,9,13,17,28,40,60,75,170,210,230,102928,29,7,30.503826565804673,1.6736980178393424,5962.780653004302,2368.5399696875484
1781616997,300,GET,/feed/{user_id},556.900000,0.000000,7,9,13,17,30,41,61,72,96,110,110,41749,8,7,20.83230320235597,1.860347983893007,1802.4050199892372,2142.4671489137463
1781616997,300,GET,/feed/{user_id}?with_fof=true,279.100000,0.000000,7,9,14,17,30,44,65,77,180,230,230,21008,8,7,28.952188133722704,1.9991070148535073,5962.780653004302,5123.0976770754
1781616997,300,POST,/likes,30.700000,0.000000,8,10,12,13,18,29,45,54,62,62,62,2029,0,8,18.282010325103514,2.9441329825203866,1641.378801985411,180.99950714637754
1781616997,300,POST,/posts,40.100000,0.000000,9,11,13,14,26,33,39,47,74,74,74,3106,0,9,15.575897006933557,3.501578001305461,1649.599438009318,228.61107533805537
1781616997,300,GET,/timeline/{user_id},354.300000,0.000000,7,9,13,17,30,44,67,83,180,210,210,26068,6,7,53.00735543442286,1.9032229902222753,5678.169366990915,1775.2707534141475
1781616997,300,GET,/users/{user_id},142.500000,0.000000,6,9,12,16,30,42,58,75,100,110,110,10408,7,6,20.21009207989715,1.6736980178393424,1740.0495680049062,263.0196003074558
1781616997,300,,Aggregated,1403.600000,0.000000,7,9,13,17,30,42,62,75,170,210,230,104368,29,7,30.235040525770696,1.6736980178393424,5962.780653004302,2368.201718917676
1781616998,300,GET,/feed/{user_id},556.200000,0.000000,7,9,13,17,30,41,58,69,89,110,110,42310,8,7,20.753674771006853,1.860347983893007,1802.4050199892372,2141.899645473883
1781616998,300,GET,/feed/{user_id}?with_fof=true,282.100000,0.000000,7,10,14,18,30,42,61,73,200,260,260,21283,8,7,28.77966296304391,1.9991070148535073,5962.780653004302,5123.815533524409
1781616998,300,POST,/likes,29.600000,0.000000,8,10,12,13,18,26,41,48,62,62,62,2044,0,8,18.223654808071732,2.9441329825203866,1641.378801985411,180.99804305283757
1781616998,300,POST,/posts,39.700000,0.000000,9,11,12,14,22,30,37,39,47,47,47,3144,0,9,15.530023389785393,3.501578001305461,1649.599438009318,228.60814249363867
1781616998,300,GET,/timeline/{user_id},355.700000,0.000000,7,10,13,17,28,42,62,77,180,210,210,26436,6,7,52.47680934148363,1.9032229902222753,5678.169366990915,1776.3051898925708
1781616998,300,GET,/users/{user_id},143.200000,0.000000,6,9,13,16,28,37,52,61,80,80,80,10540,7,6,20.1087588211273,1.6736980178393424,1740.0495680049062,263.0258064516129
1781616998,300,,Aggregated,1406.500000,0.000000,7,9,13,17,29,40,58,71,170,230,260,105757,29,7,30.030204526367527,1.6736980178393424,5962.780653004302,2368.574562440311
1781616999,300,GET,/feed/{user_id},552.500000,0.000000,7,9,14,17,30,41,58,69,89,110,110,42878,8,7,20.626272897134392,1.860347983893007,1802.4050199892372,2142.0581883483374
1781616999,300,GET,/feed/{user_id}?with_fof=true,284.900000,0.000000,7,10,14,18,30,42,61,73,230,280,280,21591,8,7,28.557026815644324,1.9991070148535073,5962.780653004302,5118.682182390811
1781616999,300,POST,/likes,28.700000,0.000000,8,10,12,13,18,26,41,48,62,62,62,2069,0,8,18.121324104240387,2.9441329825203866,1641.378801985411,180.9995166747221
1781616999,300,POST,/posts,40.100000,0.000000,9,11,13,14,23,32,38,43,47,47,47,3182,0,9,15.48398938891595,3.501578001305461,1649.599438009318,228.60779384035197
1781616999,300,GET,/timeline/{user_id},358.200000,0.000000,7,10,14,17,29,42,62,76,180,210,210,26795,6,7,51.93607428036929,1.9032229902222753,5678.169366990915,1773.108863593954
1781616999,300,GET,/users/{user_id},141.900000,0.000000,6,9,13,16,27,36,51,61,80,80,80,10690,7,6,19.953129582969673,1.6736980178393424,1740.0495680049062,263.03414405986905
1781616999,300,,Aggregated,1406.300000,0.000000,7,10,13,17,29,40,58,70,170,260,280,107205,29,7,29.781047848994998,1.6736980178393424,5962.780653004302,2367.3228207639568
1781617000,300,GET,/feed/{user_id},553.500000,0.000000,7,9,14,18,31,43,59,69,90,110,110,43455,8,7,20.542952553238372,1.860347983893007,1802.4050199892372,2143.055344609366
1781617000,300,GET,/feed/{user_id}?with_fof=true,288.900000,0.000000,7,10,15,19,32,43,62,76,230,280,280,21885,8,7,28.39244793696407,1.9991070148535073,5962.780653004302,5119.233036326251
1781617000,300,POST,/likes,28.100000,0.000000,8,10,12,13,18,26,40,48,62,62,62,2101,0,8,18.018432489145496,2.9441329825203866,1641.378801985411,181.00142789148026
1781617000,300,POST,/posts,39.700000,0.000000,9,11,13,14,24,32,39,45,56,56,56,3231,0,9,15.459178468442072,3.501578001305461,1649.599438009318,228.60662333642836
1781617000,300,GET,/timeline/{user_id},356.600000,0.000000,7,10,14,18,30,43,63,76,180,210,210,27117,6,7,51.4978673693479,1.9032229902222753,5678.169366990915,1777.7508573957296
1781617000,300,GET,/users/{user_id},140.200000,0.000000,6,8,12,16,27,37,52,60,77,80,80,10802,7,6,19.882592137542822,1.6736980178393424,1740.0495680049062,263.0390668394742
1781617000,300,,Aggregated,1407.000000,0.000000,7,10,14,18,30,42,59,70,170,260,280,108591,29,7,29.589077256098243,1.6736980178393424,5962.780653004302,2369.7029680176074
1781617001,300,GET,/feed/{user_id},555.800000,0.000000,7,10,14,18,31,42,58,68,90,110,110,44043,8,7,20.4164714480363,1.860347983893007,1802.4050199892372,2145.4501282837227
1781617001,300,GET,/feed/{user_id}?with_fof=true,288.100000,0.000000,7,10,15,19,31,43,60,72,230,280,280,22169,8,7,28.167833134254415,1.9991070148535073,5962.780653004302,5112.121836799134
1781617001,300,POST,/likes,26.200000,0.000000,8,9,11,13,18,25,37,45,62,62,62,2123,0,8,17.913449883495655,2.9441329825203866,1641.378801985411,180.99811587376354
1781617001,300,POST,/posts,39.100000,0.000000,9,11,13,14,22,32,39,43,56,56,56,3284,0,9,15.391452675903654,3.501578001305461,1649.599438009318,228.60505481120586
1781617001,300,GET,/timeline/{user_id},359.300000,0.000000,7,10,14,18,30,43,63,77,180,210,210,27477,6,7,50.994484590569776,1.9032229902222753,5678.169366990915,1778.7971394257015
1781617001,300,GET,/users/{user_id},140.300000,0.000000,6,9,12,15,26,36,51,60,77,80,80,10929,7,6,19.758459646047065,1.6736980178393424,1740.0495680049062,263.0443773446793
1781617001,300,,Aggregated,1408.800000,0.000000,7,10,14,18,30,41,58,70,170,260,280,110025,29,7,29.35102738465049,1.6736980178393424,5962.780653004302,2369.5388139059305
1781617002,300,GET,/feed/{user_id},560.400000,0.000000,7,10,15,19,32,43,60,70,94,120,120,44619,8,7,20.338785967456577,1.860347983893007,1802.4050199892372,2143.634191712051
1781617002,300,GET,/feed/{user_id}?with_fof=true,288.300000,0.000000,7,11,16,20,32,44,64,77,230,280,280,22455,8,7,28.01592797403198,1.9991070148535073,5962.780653004302,5113.539746158985
1781617002,300,POST,/likes,26.500000,0.000000,8,10,12,14,18,27,37,45,62,62,62,2149,0,8,17.82753391043691,2.9441329825203866,1641.378801985411,180.99674267100977
1781617002,300,POST,/posts,39.300000,0.000000,9,11,13,15,22,32,39,45,71,71,71,3322,0,9,15.36334804958889,3.501578001305461,1649.599438009318,228.60475617098135
1781617002,300,GET,/timeline/{user_id},355.100000,0.000000,7,11,15,19,32,44,67,83,180,210,210,27811,6,7,50.58074640297582,1.9032229902222753,5678.169366990915,1782.3953112077954
1781617002,300,GET,/users/{user_id},141.200000,0.000000,6,9,13,16,28,37,52,61,79,80,80,11065,7,6,19.690301842084622,1.6736980178393424,1740.0495680049062,263.05485765928603
1781617002,300,,Aggregated,1410.800000,0.000000,7,10,15,18,31,43,61,72,170,260,280,111421,29,7,29.17328595533045,1.6736980178393424,5962.780653004302,2370.294953375037
1781617003,300,GET,/feed/{user_id},560.900000,0.000000,7,10,15,19,31,42,58,68,94,120,120,45183,8,7,20.240801564336298,1.860347983893007,1802.4050199892372,2145.861430183919
1781617003,300,GET,/feed/{user_id}?with_fof=true,289.800000,0.000000,7,11,16,20,32,43,60,76,230,280,280,22735,8,7,27.81694022040877,1.9991070148535073,5962.780653004302,5115.926325049483
1781617003,300,POST,/likes,26.500000,0.000000,8,10,12,15,18,25,36,40,45,45,45,2178,0,8,17.7360040232053,2.9441329825203866,1641.378801985411,180.99586776859505
1781617003,300,POST,/posts,40.100000,0.000000,9,12,13,15,22,32,39,45,71,71,71,3364,0,9,15.296985232664035,3.501578001305461,1649.599438009318,228.602853745541
1781617003,300,GET,/timeline/{user_id},352.500000,0.000000,7,11,15,19,31,43,63,82,180,210,210,28171,6,7,50.08459122489852,1.9032229902222753,5678.169366990915,1787.476305420468
1781617003,300,GET,/users/{user_id},138.100000,0.000000,6,9,13,16,27,37,52,62,79,80,80,11204,7,6,19.589653331636253,1.6736980178393424,1740.0495680049062,263.0606926097822
1781617003,300,,Aggregated,1407.900000,0.000000,7,10,15,18,30,41,58,71,170,260,280,112835,29,7,28.957875157547182,1.6736980178393424,5962.780653004302,2372.779704878805
1781617004,300,GET,/feed/{user_id},563.600000,0.000000,7,10,15,19,33,43,59,69,96,120,120,45744,8,7,20.16142975219906,1.860347983893007,1802.4050199892372,2147.1605019237495
1781617004,300,GET,/feed/{user_id}?with_fof=true,290.400000,0.000000,7,11,16,20,32,43,60,76,230,280,280,22995,8,7,27.650024329251547,1.9991070148535073,5962.780653004302,5116.635051098065
1781617004,300,POST,/likes,25.800000,0.000000,8,10,12,14,19,28,36,40,45,45,45,2214,0,8,17.64245203235788,2.9441329825203866,1641.378801985411,180.99909665763323
1781617004,300,POST,/posts,41.600000,0.000000,9,12,13,15,22,32,40,46,71,71,71,3411,0,9,15.275319342898591,3.501578001305461,1649.599438009318,228.60363529756668
1781617004,300,GET,/timeline/{user_id},351.200000,0.000000,7,11,15,19,32,44,64,82,180,210,210,28516,6,7,49.639025084438565,1.9032229902222753,5678.169366990915,1787.9459601627157
1781617004,300,GET,/users/{user_id},136.800000,0.000000,6,10,14,17,29,42,57,64,86,88,88,11355,7,6,19.52826776016081,1.6736980178393424,1740.0495680049062,263.0685160722149
1781617004,300,,Aggregated,1409.400000,0.000000,7,11,15,19,32,43,60,72,170,260,280,114235,29,7,28.76956427398281,1.6736980178393424,5962.780653004302,2372.5604411957806
1781617005,300,GET,/feed/{user_id},565.000000,0.000000,7,10,15,19,32,42,58,68,94,120,120,46284,8,7,20.050669623937825,1.860347983893007,1802.4050199892372,2147.4448621553884
1781617005,300,GET,/feed/{user_id}?with_fof=true,288.900000,0.000000,7,11,16,19,32,42,60,76,190,280,280,23273,8,7,27.4643613075125,1.9991070148535073,5962.780653004302,5118.438920637649
1781617005,300,POST,/likes,25.500000,0.000000,8,10,12,14,18,26,35,37,41,41,41,2253,0,8,17.495759485426486,2.9441329825203866,1641.378801985411,180.9977807367954
1781617005,300,POST,/posts,42.400000,0.000000,9,11,13,14,21,32,39,45,71,71,71,3461,0,9,15.19185294935962,3.501578001305461,1649.599438009318,228.60184917653856
1781617005,300,GET,/timeline/{user_id},351.000000,0.000000,7,10,15,19,32,43,63,81,180,210,210,28904,6,7,49.14134264960292,1.9032229902222753,5678.169366990915,1786.6349294215333
1781617005,300,GET,/users/{user_id},136.200000,0.000000,6,10,13,17,27,38,54,63,86,88,88,11497,7,6,19.404901901068015,1.6736980178393424,1740.0495680049062,263.07601983126034
1781617005,300,,Aggregated,1409.000000,0.000000,7,10,15,18,31,41,58,70,170,260,280,115672,29,7,28.552110691119037,1.6736980178393424,5962.780653004302,2372.0366813057612
1781617006,300,GET,/feed/{user_id},568.700000,0.000000,7,10,15,19,32,42,58,67,91,120,120,46827,8,7,19.983480065392946,1.860347983893007,1802.4050199892372,2146.3015995045594
1781617006,300,GET,/feed/{user_id}?with_fof=true,287.200000,0.000000,7,11,16,20,32,43,58,75,190,280,280,23549,8,7,27.32680003028056,1.9991070148535073,5962.780653004302,5124.539003779354
1781617006,300,POST,/likes,24.900000,0.000000,8,10,12,14,19,24,35,37,51,51,51,2290,0,8,17.389433195928365,2.9441329825203866,1641.378801985411,180.99694323144104
1781617006,300,POST,/posts,42.100000,0.000000,9,12,13,15,21,30,38,45,71,71,71,3503,0,9,15.141099296532685,3.501578001305461,1649.599438009318,228.60262632029688
1781617006,300,GET,/timeline/{user_id},348.600000,0.000000,7,10,15,19,31,42,57,74,180,200,200,29255,6,7,48.72592302656898,1.9032229902222753,5678.169366990915,1787.5474619723125
1781617006,300,GET,/users/{user_id},138.100000,0.000000,6,10,13,17,27,39,53,63,86,88,88,11648,7,6,19.307527935722476,1.6736980178393424,1740.0495680049062,263.08447802197804
1781617006,300,,Aggregated,1409.600000,0.000000,7,10,15,19,31,41,57,69,170,260,280,117072,29,7,28.38011882710797,1.6736980178393424,5962.780653004302,2372.5316130244637
1781617007,300,GET,/feed/{user_id},569.200000,0.000000,7,10,15,19,31,42,57,67,91,120,120,47389,8,7,19.867710656193015,1.860347983893007,1802.4050199892372,2145.7408259300682
1781617007,300,GET,/feed/{user_id}?with_fof=true,286.500000,0.000000,7,11,16,20,32,42,58,77,230,280,280,23834,8,7,27.164247888182388,1.9991070148535073,5962.780653004302,5125.4639590500965
1781617007,300,POST,/likes,25.900000,0.000000,8,10,12,14,19,24,34,37,51,51,51,2319,0,8,17.281474944668147,2.9441329825203866,1641.378801985411,180.9987063389392
1781617007,300,POST,/posts,42.900000,0.000000,9,12,13,15,20,26,34,45,71,71,71,3548,0,9,15.073979245679896,3.501578001305461,1649.599438009318,228.60174746335963
1781617007,300,GET,/timeline/{user_id},347.300000,0.000000,7,11,16,19,31,41,57,74,180,200,200,29607,6,7,48.283317054083824,1.9032229902222753,5678.169366990915,1786.7706623433648
1781617007,300,GET,/users/{user_id},136.500000,0.000000,6,10,13,17,27,39,51,63,86,88,88,11792,7,6,19.18142637579847,1.6736980178393424,1740.0495680049062,263.09090909090907
1781617007,300,,Aggregated,1408.300000,0.000000,7,11,15,19,30,41,56,69,170,260,280,118489,29,7,28.173192372770835,1.6736980178393424,5962.780653004302,2372.1942290001602
1781617008,300,GET,/feed/{user_id},564.400000,0.000000,7,10,14,18,30,41,56,66,97,120,120,47950,8,7,19.778084781125763,1.860347983893007,1802.4050199892372,2143.4855474452556
1781617008,300,GET,/feed/{user_id}?with_fof=true,284.200000,0.000000,7,11,16,20,32,43,59,86,200,230,230,24110,8,7,27.04377270043096,1.9991070148535073,5962.780653004302,5121.867855661551
1781617008,300,POST,/likes,27.500000,0.000000,8,10,12,14,19,24,32,36,51,51,51,2346,0,8,17.215290233433404,2.9441329825203866,1641.378801985411,180.99829497016196
1781617008,300,POST,/posts,44.300000,0.000000,9,12,13,15,20,26,35,45,71,71,71,3579,0,9,15.050982053584002,3.501578001305461,1649.599438009318,228.60044705224922
1781617008,300,GET,/timeline/{user_id},350.400000,0.000000,7,11,15,19,31,41,56,74,180,200,200,29960,6,7,47.8762355237468,1.9032229902222753,5678.169366990915,1786.0170560747663
1781617008,300,GET,/users/{user_id},136.500000,0.000000,6,9,13,17,27,38,51,63,86,88,88,11927,7,6,19.092165257605878,1.6736980178393424,1740.0495680049062,263.1003605265364
1781617008,300,,Aggregated,1407.300000,0.000000,7,10,15,18,30,40,55,70,170,210,230,119872,29,7,28.00256383507946,1.6736980178393424,5962.780653004302,2370.513697944474
1781617009,300,GET,/feed/{user_id},564.400000,0.000000,7,10,14,17,30,41,58,69,100,130,130,48514,8,7,19.665812742193314,1.860347983893007,1802.4050199892372,2140.7751164612278
1781617009,300,GET,/feed/{user_id}?with_fof=true,281.500000,0.000000,7,10,15,19,32,44,65,99,200,230,230,24384,8,7,26.874242846068064,1.9991070148535073,5962.780653004302,5121.287934711286
1781617009,300,POST,/likes,28.700000,0.000000,8,10,12,14,18,24,32,40,51,51,51,2371,0,8,17.101250784764755,2.9441329825203866,1641.378801985411,180.99493884436947
1781617009,300,POST,/posts,43.500000,0.000000,9,11,13,14,19,24,33,35,71,71,71,3628,0,9,14.956068101355664,3.501578001305461,1649.599438009318,228.59729878721058
1781617009,300,GET,/timeline/{user_id},350.800000,0.000000,7,10,15,19,31,42,61,90,190,220,220,30334,6,7,47.44664110729042,1.9032229902222753,5678.169366990915,1788.2169183094877
1781617009,300,GET,/users/{user_id},138.000000,0.000000,6,9,13,16,27,40,54,69,120,130,130,12056,7,6,18.99638149107719,1.6736980178393424,1740.0495680049062,263.10774717982747
1781617009,300,,Aggregated,1406.900000,0.000000,7,10,14,18,30,41,58,76,180,220,230,121287,29,7,27.805479929593414,1.6736980178393424,5962.780653004302,2369.663179071129
1781617010,300,GET,/feed/{user_id},560.800000,0.000000,7,10,14,17,29,40,57,69,100,130,130,49047,8,7,19.591990306951722,1.860347983893007,1802.4050199892372,2141.5964483046873
1781617010,300,GET,/feed/{user_id}?with_fof=true,281.900000,0.000000,7,10,15,19,31,42,61,99,200,230,230,24679,8,7,26.714049778015198,1.9991070148535073,5962.780653004302,5121.837878358118
1781617010,300,POST,/likes,29.100000,0.000000,8,10,12,13,18,24,32,35,51,51,51,2396,0,8,17.0320915595267,2.9441329825203866,1641.378801985411,180.99207011686144
1781617010,300,POST,/posts,43.900000,0.000000,9,11,12,14,18,23,33,35,71,71,71,3668,0,9,14.922659594206735,3.501578001305461,1649.599438009318,228.59651035986914
1781617010,300,GET,/timeline/{user_id},352.800000,0.000000,7,10,15,19,31,41,59,91,190,220,220,30682,6,7,47.059448259466905,1.9032229902222753,5678.169366990915,1787.2360993416335
1781617010,300,GET,/users/{user_id},137.800000,0.000000,6,9,12,16,26,37,53,68,120,130,130,12185,7,6,18.908398312706254,1.6736980178393424,1740.0495680049062,263.111776774723
1781617010,300,,Aggregated,1406.300000,0.000000,7,10,14,17,29,40,57,74,180,220,230,122657,29,7,27.638262918236254,1.6736980178393424,5962.780653004302,2370.4710045085076
1781617011,300,GET,/feed/{user_id},562.000000,0.000000,7,9,14,17,30,41,59,71,110,130,130,49591,8,7,19.50935416666157,1.860347983893007,1802.4050199892372,2140.2398419067977
1781617011,300,GET,/feed/{user_id}?with_fof=true,280.700000,0.000000,7,10,15,19,31,43,63,100,200,230,230,24974,8,7,26.560003110978997,1.9991070148535073,5962.780653004302,5114.3319852646755
1781617011,300,POST,/likes,30.200000,0.000000,8,10,12,13,18,26,34,50,76,76,76,2424,0,8,16.992373036148344,2.9441329825203866,1641.378801985411,180.99051155115512
1781617011,300,POST,/posts,43.400000,0.000000,9,11,12,13,17,23,34,38,63,63,63,3716,0,9,14.88057776981975,3.501578001305461,1649.599438009318,228.59714747039828
1781617011,300,GET,/timeline/{user_id},351.000000,0.000000,7,9,14,18,30,41,57,90,190,220,220,31046,6,7,46.65741583043953,1.9032229902222753,5678.169366990915,1786.4961669780325
1781617011,300,GET,/users/{user_id},137.900000,0.000000,6,8,12,15,25,37,55,69,120,130,130,12331,7,6,18.800015000608468,1.6736980178393424,1740.0495680049062,263.11961722488036
1781617011,300,,Aggregated,1405.200000,0.000000,7,9,13,17,29,40,57,77,180,220,230,124082,29,7,27.46274847479119,1.6736980178393424,5962.780653004302,2368.258385583727
1781617013,300,GET,/feed/{user_id},556.300000,0.000000,6,9,12,16,29,41,58,70,110,130,130,50122,8,7,19.422405333642715,1.860347983893007,1802.4050199892372,2144.5240213878137
1781617013,300,GET,/feed/{user_id}?with_fof=true,277.900000,0.000000,7,9,14,19,32,45,64,100,200,230,230,25281,8,7,26.385058570878066,1.9991070148535073,5962.780653004302,5116.42225386654
1781617013,300,POST,/likes,29.200000,0.000000,8,10,11,13,19,31,37,50,76,76,76,2451,0,8,16.925574699150772,2.9441329825203866,1641.378801985411,180.99020807833537
1781617013,300,POST,/posts,43.500000,0.000000,9,11,12,13,17,23,34,38,63,63,63,3761,0,9,14.80876938971064,3.501578001305461,1649.599438009318,228.59718160063812
1781617013,300,GET,/timeline/{user_id},355.100000,0.000000,7,9,14,18,30,42,59,91,190,220,220,31374,6,7,46.299632040869525,1.9032229902222753,5678.169366990915,1787.0560336584433
1781617013,300,GET,/users/{user_id},138.300000,0.000000,6,8,11,14,26,38,54,68,120,130,130,12479,7,6,18.700282448539813,1.6736980178393424,1740.0495680049062,263.1237278628095
1781617013,300,,Aggregated,1400.300000,0.000000,7,9,13,16,29,41,58,77,180,220,230,125468,29,7,27.28724703869537,1.6736980178393424,5962.780653004302,2371.043469251124
1781617014,300,GET,/feed/{user_id},552.500000,0.000000,6,9,13,16,29,43,59,70,110,130,130,50696,8,7,19.37557937768326,1.860347983893007,1802.4050199892372,2145.36645889222
1781617014,300,GET,/feed/{user_id}?with_fof=true,279.100000,0.000000,7,9,14,19,33,47,69,120,210,230,230,25568,8,7,26.283313406102582,1.9991070148535073,5962.780653004302,5116.692662703379
1781617014,300,POST,/likes,30.000000,0.000000,8,10,11,13,19,30,38,50,76,76,76,2484,0,8,16.852204528021502,2.9441329825203866,1641.378801985411,180.99114331723027
1781617014,300,POST,/posts,42.900000,0.000000,9,11,12,13,16,21,33,37,63,63,63,3798,0,9,14.767299217423373,3.501578001305461,1649.599438009318,228.5974196945761
1781617014,300,GET,/timeline/{user_id},355.500000,0.000000,7,9,14,18,31,45,64,93,190,220,220,31719,6,7,45.97093164629668,1.9032229902222753,5678.169366990915,1787.0517670796683
1781617014,300,GET,/users/{user_id},139.500000,0.000000,6,8,11,14,26,38,51,65,120,130,130,12619,7,6,18.652203904125493,1.6736980178393424,1740.0495680049062,263.1278231238608
1781617014,300,,Aggregated,1399.500000,0.000000,7,9,13,17,30,43,60,77,180,220,230,126884,29,7,27.156673416101505,1.6736980178393424,5962.780653004302,2371.510954887929
1781617015,300,GET,/feed/{user_id},548.000000,0.000000,6,9,13,16,29,42,59,70,100,130,130,51314,8,7,19.26962522357996,1.860347983893007,1802.4050199892372,2144.275538839303
1781617015,300,GET,/feed/{user_id}?with_fof=true,282.000000,0.000000,7,9,15,19,33,47,68,100,210,230,230,25812,8,7,26.12938431939546,1.9991070148535073,5962.780653004302,5113.86603130327
1781617015,300,POST,/likes,29.800000,0.000000,8,10,11,13,19,31,38,50,76,76,76,2510,0,8,16.76885992492896,2.9441329825203866,1641.378801985411,180.99003984063745
1781617015,300,POST,/posts,43.700000,0.000000,9,11,12,13,17,22,34,37,63,63,63,3842,0,9,14.721378670703997,3.501578001305461,1649.599438009318,228.59864653826133
1781617015,300,GET,/timeline/{user_id},354.300000,0.000000,6,9,14,18,31,44,61,90,200,220,220,32085,6,7,45.56651143981323,1.9032229902222753,5678.169366990915,1787.168178276453
1781617015,300,GET,/users/{user_id},140.600000,0.000000,6,8,10,14,26,37,51,63,120,130,130,12758,7,6,18.540207731016142,1.6736980178393424,1740.0495680049062,263.1327010503214
1781617015,300,,Aggregated,1398.400000,0.000000,7,9,13,17,29,42,59,77,180,220,230,128321,29,7,26.96705980952523,1.6736980178393424,5962.780653004302,2369.5370516127523
1781617016,300,GET,/feed/{user_id},548.700000,0.000000,6,9,13,17,31,45,64,77,100,130,130,51841,8,7,19.25712042121654,1.860347983893007,1802.4050199892372,2143.1791825003374
1781617016,300,GET,/feed/{user_id}?with_fof=true,282.300000,0.000000,7,9,15,19,34,49,74,100,210,230,230,26112,8,7,26.041012057022478,1.9991070148535073,5962.780653004302,5115.438036151961
1781617016,300,POST,/likes,30.600000,0.000000,8,10,11,13,19,30,39,48,76,76,76,2533,0,8,16.7233634077057,2.9441329825203866,1641.378801985411,180.98776154757206
1781617016,300,POST,/posts,43.200000,0.000000,9,11,12,13,17,24,36,42,63,63,63,3890,0,9,14.712082311525405,3.501578001305461,1649.599438009318,228.59794344473008
1781617016,300,GET,/timeline/{user_id},353.400000,0.000000,6,9,14,18,32,48,65,93,200,220,220,32420,6,7,45.27107532318683,1.9032229902222753,5678.169366990915,1788.9900987045035
1781617016,300,GET,/users/{user_id},140.800000,0.000000,6,8,11,15,27,41,56,73,120,130,130,12899,7,6,18.519424091125046,1.6736980178393424,1740.0495680049062,263.1368323125824
1781617016,300,,Aggregated,1399.000000,0.000000,7,9,13,17,31,45,65,84,180,220,230,129695,29,7,26.866508960421605,1.6736980178393424,5962.780653004302,2370.32899494969
1781617017,300,GET,/feed/{user_id},554.700000,0.000000,6,9,13,18,32,45,65,77,100,130,130,52405,8,7,19.178505779297364,1.860347983893007,1802.4050199892372,2143.655471806125
1781617017,300,GET,/feed/{user_id}?with_fof=true,280.500000,0.000000,7,10,15,19,34,50,74,95,210,220,220,26406,8,7,25.89636865079544,1.9991070148535073,5962.780653004302,5114.97178671514
1781617017,300,POST,/likes,29.200000,0.000000,8,10,11,13,19,31,39,48,76,76,76,2560,0,8,16.628300545983166,2.9441329825203866,1641.378801985411,180.98828125
1781617017,300,POST,/posts,43.000000,0.000000,9,11,12,13,17,25,37,48,63,63,63,3939,0,9,14.66047457547839,3.501578001305461,1649.599438009318,228.59735973597358
1781617017,300,GET,/timeline/{user_id},355.300000,0.000000,7,9,14,18,32,48,69,94,200,220,220,32768,6,7,44.93727853808682,1.9032229902222753,5678.169366990915,1791.2554931640625
1781617017,300,GET,/users/{user_id},140.100000,0.000000,6,9,12,16,28,40,57,77,120,130,130,13044,7,6,18.439854259085585,1.6736980178393424,1740.0495680049062,263.14328426862926
1781617017,300,,Aggregated,1402.800000,0.000000,7,9,13,17,31,46,65,84,190,220,220,131122,29,7,26.70962437118857,1.6736980178393424,5962.780653004302,2371.045941947194
1781617018,300,GET,/feed/{user_id},554.900000,0.000000,6,9,14,18,32,45,61,73,100,130,130,52964,8,7,19.09854828620985,1.860347983893007,1802.4050199892372,2145.3190657805303
1781617018,300,GET,/feed/{user_id}?with_fof=true,282.100000,0.000000,7,10,15,19,33,47,68,85,200,220,220,26694,8,7,25.740892887983076,1.9991070148535073,5962.780653004302,5113.596276316775
1781617018,300,POST,/likes,27.900000,0.000000,8,10,11,12,18,26,38,43,76,76,76,2588,0,8,16.552913220487465,2.9441329825203866,1641.378801985411,180.98531684698608
1781617018,300,POST,/posts,42.400000,0.000000,9,11,12,13,19,24,37,48,63,63,63,3978,0,9,14.628041895638644,3.501578001305461,1649.599438009318,228.59728506787332
1781617018,300,GET,/timeline/{user_id},349.900000,0.000000,6,9,14,18,31,46,65,91,210,220,220,33141,6,7,44.5649298780958,1.9032229902222753,5678.169366990915,1793.485471168643
1781617018,300,GET,/users/{user_id},139.200000,0.000000,6,9,12,16,27,40,55,73,120,130,130,13184,7,6,18.355378411682782,1.6736980178393424,1740.0495680049062,263.1509405339806
1781617018,300,,Aggregated,1396.400000,0.000000,7,9,14,17,31,44,63,79,180,220,220,132549,29,7,26.545774365160398,1.6736980178393424,5962.780653004302,2372.043938468038
1781617019,300,GET,/feed/{user_id},555.200000,0.000000,7,10,14,19,32,44,59,70,95,120,120,53525,8,7,19.013745918667592,1.860347983893007,1802.4050199892372,2145.9872956562353
1781617019,300,GET,/feed/{user_id}?with_fof=true,284.600000,0.000000,7,10,15,19,33,46,65,82,200,220,220,26953,8,7,25.608887721400816,1.9991070148535073,5962.780653004302,5111.3825548176455
1781617019,300,POST,/likes,27.000000,0.000000,8,10,11,13,18,30,38,43,76,76,76,2616,0,8,16.478081104612272,2.9441329825203866,1641.378801985411,180.98547400611622
1781617019,300,POST,/posts,43.400000,0.000000,9,11,13,14,19,25,37,48,63,63,63,4024,0,9,14.581850931627809,3.501578001305461,1649.599438009318,228.59816103379723
1781617019,300,GET,/timeline/{user_id},350.100000,0.000000,7,9,14,18,31,44,59,80,200,220,220,33500,6,7,44.208469062180036,1.9032229902222753,5678.169366990915,1792.210895522388
1781617019,300,GET,/users/{user_id},139.200000,0.000000,6,9,13,16,27,38,53,65,91,91,91,13323,7,6,18.263197117202086,1.6736980178393424,1740.0495680049062,263.1562711101103
1781617019,300,,Aggregated,1399.500000,0.000000,7,10,14,18,31,43,59,73,180,220,220,133941,29,7,26.385015926009128,1.6736980178393424,5962.780653004302,2370.9655519967746
1781617020,300,GET,/feed/{user_id},554.700000,0.000000,6,9,13,17,31,44,59,70,95,120,120,54068,8,7,18.92415276140521,1.860347983893007,1802.4050199892372,2145.93056891322
1781617020,300,GET,/feed/{user_id}?with_fof=true,285.000000,0.000000,7,10,15,19,31,46,66,84,200,220,220,27224,8,7,25.48053755120434,1.9991070148535073,5962.780653004302,5111.844879518072
1781617020,300,POST,/likes,26.600000,0.000000,8,10,11,13,18,28,38,43,76,76,76,2643,0,8,16.41012754775501,2.9441329825203866,1641.378801985411,180.98297389330307
1781617020,300,POST,/posts,42.800000,0.000000,9,11,12,14,19,24,36,38,63,63,63,4074,0,9,14.525385922645164,3.501578001305461,1649.599438009318,228.5969563082965
1781617020,300,GET,/timeline/{user_id},351.900000,0.000000,7,9,14,18,30,43,58,80,200,220,220,33894,6,7,43.81280724935648,1.9032229902222753,5678.169366990915,1794.050274384847
1781617020,300,GET,/users/{user_id},138.700000,0.000000,6,9,13,16,26,38,51,63,91,91,91,13466,7,6,18.16714536480432,1.6736980178393424,1740.0495680049062,263.1610723303134
1781617020,300,,Aggregated,1399.700000,0.000000,7,9,14,17,30,42,58,73,180,220,220,135369,29,7,26.217610409675064,1.6736980178393424,5962.780653004302,2370.9412642480925
1781617021,300,GET,/feed/{user_id},555.200000,0.000000,6,9,13,17,31,44,60,70,95,100,100,54585,8,7,18.855596074095025,1.860347983893007,1802.4050199892372,2148.8262892736097
1781617021,300,GET,/feed/{user_id}?with_fof=true,283.000000,0.000000,7,10,14,18,30,45,66,79,200,220,220,27507,8,7,25.33700665456417,1.9991070148535073,5962.780653004302,5114.082597157088
1781617021,300,POST,/likes,27.000000,0.000000,8,10,11,12,18,30,38,40,48,48,48,2675,0,8,16.356514800659806,2.9441329825203866,1641.378801985411,180.97981308411215
1781617021,300,POST,/posts,44.400000,0.000000,9,11,12,15,20,25,37,51,68,68,68,4110,0,9,14.53400924445641,3.501578001305461,1649.599438009318,228.5970802919708
1781617021,300,GET,/timeline/{user_id},352.200000,0.000000,7,9,13,17,30,43,61,80,190,220,220,34291,6,7,43.458593750457176,1.9032229902222753,5678.169366990915,1794.337289667843
1781617021,300,GET,/users/{user_id},139.200000,0.000000,6,9,12,16,27,40,53,63,87,91,91,13589,7,6,18.0995984409866,1.6736980178393424,1740.0495680049062,263.1663845757598
1781617021,300,,Aggregated,1401.000000,0.000000,7,9,13,17,30,43,60,72,180,220,220,136757,29,7,26.074426101402448,1.6736980178393424,5962.780653004302,2372.79405076157
1781617022,300,GET,/feed/{user_id},553.000000,0.000000,6,9,14,18,31,44,61,71,95,100,100,55140,8,7,18.79126425306762,1.860347983893007,1802.4050199892372,2148.7185346391007
1781617022,300,GET,/feed/{user_id}?with_fof=true,282.800000,0.000000,7,10,15,18,29,43,66,79,200,220,220,27779,8,7,25.197044995322994,1.9991070148535073,5962.780653004302,5112.9623816552075
1781617022,300,POST,/likes,27.200000,0.000000,8,10,11,12,17,26,36,40,48,48,48,2704,0,8,16.26821515597818,2.9441329825203866,1641.378801985411,180.9792899408284
1781617022,300,POST,/posts,44.200000,0.000000,9,11,13,15,20,27,37,51,68,68,68,4145,0,9,14.503891566157144,3.501578001305461,1649.599438009318,228.5987937273824
1781617022,300,GET,/timeline/{user_id},354.300000,0.000000,7,9,13,17,30,44,64,80,190,220,220,34660,6,7,43.13290723742175,1.9032229902222753,5678.169366990915,1795.0012694748991
1781617022,300,GET,/users/{user_id},140.600000,0.000000,6,9,14,17,27,40,53,66,87,91,91,13740,7,6,18.041471419617867,1.6736980178393424,1740.0495680049062,263.17190684133914
1781617022,300,,Aggregated,1402.100000,0.000000,7,9,14,17,30,43,61,73,180,220,220,138168,29,7,25.93280130216287,1.6736980178393424,5962.780653004302,2372.336271785073
1781617023,300,GET,/feed/{user_id},551.400000,0.000000,6,9,13,17,30,42,61,72,95,100,100,55714,8,7,18.726048578853838,1.860347983893007,1802.4050199892372,2147.725508848763
1781617023,300,GET,/feed/{user_id}?with_fof=true,281.200000,0.000000,7,10,14,18,28,41,61,74,180,210,210,28047,8,7,25.07398829578159,1.9991070148535073,5962.780653004302,5115.871929261597
1781617023,300,POST,/likes,27.900000,0.000000,8,10,11,12,17,24,34,38,48,48,48,2730,0,8,16.199758149341907,2.9441329825203866,1641.378801985411,180.98021978021978
1781617023,300,POST,/posts,44.100000,0.000000,9,11,13,14,20,28,37,49,68,68,68,4201,0,9,14.450475466456204,3.501578001305461,1649.599438009318,228.59890502261365
1781617023,300,GET,/timeline/{user_id},359.700000,0.000000,6,9,13,17,28,40,58,75,190,220,220,35030,6,7,42.7838062558347,1.9032229902222753,5678.169366990915,1793.0742791892662
1781617023,300,GET,/users/{user_id},139.200000,0.000000,6,9,13,17,27,37,53,68,89,91,91,13870,7,6,17.987544930536835,1.6736980178393424,1740.0495680049062,263.17577505407354
1781617023,300,,Aggregated,1403.500000,0.000000,7,9,13,17,28,40,59,72,170,220,220,139592,29,7,25.787215519261196,1.6736980178393424,5962.780653004302,2371.620859361568
1781617024,300,GET,/feed/{user_id},552.100000,0.000000,7,9,14,18,32,44,61,72,98,100,100,56288,8,7,18.683557284343575,1.860347983893007,1802.4050199892372,2150.396603183627
1781617024,300,GET,/feed/{user_id}?with_fof=true,278.900000,0.000000,7,10,15,19,29,43,61,74,190,270,270,28327,8,7,24.968656280514477,1.9991070148535073,5962.780653004302,5118.255233522787
1781617024,300,POST,/likes,27.900000,0.000000,8,10,11,13,18,25,34,38,48,48,48,2757,0,8,16.14622069445635,2.9441329825203866,1641.378801985411,180.98005077983316
1781617024,300,POST,/posts,42.800000,0.000000,9,11,13,15,22,29,36,49,68,68,68,4244,0,9,14.422861328825535,3.501578001305461,1649.599438009318,228.59849198868991
1781617024,300,GET,/timeline/{user_id},359.900000,0.000000,7,9,14,18,31,43,58,75,190,230,230,35356,6,7,42.54159197411581,1.9032229902222753,5678.169366990915,1792.714871591809
1781617024,300,GET,/users/{user_id},140.200000,0.000000,6,9,14,18,28,38,55,68,89,91,91,14010,7,6,17.938219892611592,1.6736980178393424,1740.0495680049062,263.1804425410421
1781617024,300,,Aggregated,1401.800000,0.000000,7,10,14,18,30,42,60,72,170,230,270,140982,29,7,25.67766054776977,1.6736980178393424,5962.780653004302,2373.1104609099034
1781617025,300,GET,/feed/{user_id},556.800000,0.000000,6,9,13,17,29,40,57,67,87,100,100,56874,8,7,18.601431890886175,1.860347983893007,1802.4050199892372,2150.0868586700426
1781617025,300,GET,/feed/{user_id}?with_fof=true,275.300000,0.000000,7,10,14,17,27,38,52,66,180,270,270,28598,8,7,24.838960835156033,1.9991070148535073,5962.780653004302,5120.910728022939
1781617025,300,POST,/likes,27.900000,0.000000,8,10,11,12,17,22,34,38,42,42,42,2780,0,8,16.089962941618293,2.9441329825203866,1641.378801985411,180.9791366906475
1781617025,300,POST,/posts,43.700000,0.000000,9,11,12,14,20,27,36,51,68,68,68,4279,0,9,14.384405769233194,3.501578001305461,1649.599438009318,228.59897172236504
1781617025,300,GET,/timeline/{user_id},363.500000,0.000000,7,9,13,16,28,40,54,67,180,230,230,35732,6,7,42.19622158797909,1.9032229902222753,5678.169366990915,1790.797996193888
1781617025,300,GET,/users/{user_id},138.900000,0.000000,6,9,13,16,26,35,48,60,89,91,91,14141,7,6,17.855596887379875,1.6736980178393424,1740.0495680049062,263.18520613817975
1781617025,300,,Aggregated,1406.100000,0.000000,7,9,13,16,28,38,53,66,160,230,270,142404,29,7,25.524667803968597,1.6736980178393424,5962.780653004302,2372.9925985225136
1781617026,300,GET,/feed/{user_id},557.500000,0.000000,6,9,13,17,30,41,58,67,87,100,100,57471,8,7,18.545453048706186,1.860347983893007,1802.4050199892372,2152.115171129787
1781617026,300,GET,/feed/{user_id}?with_fof=true,274.300000,0.000000,7,10,14,18,28,38,56,67,170,270,270,28890,8,7,24.73673374548058,1.9991070148535073,5962.780653004302,5121.196988577362
1781617026,300,POST,/likes,27.200000,0.000000,8,10,11,13,18,25,34,38,42,42,42,2811,0,8,16.03427731789384,2.9441329825203866,1641.378801985411,180.977232301672
1781617026,300,POST,/posts,44.100000,0.000000,9,11,13,15,20,28,36,49,68,68,68,4328,0,9,14.370543541477748,3.501578001305461,1649.599438009318,228.59704251386322
1781617026,300,GET,/timeline/{user_id},361.800000,0.000000,6,9,13,16,29,41,55,67,170,230,230,36057,6,7,41.94034146644397,1.9032229902222753,5678.169366990915,1790.1599966719361
1781617026,300,GET,/users/{user_id},138.200000,0.000000,6,9,13,16,26,37,49,60,79,89,89,14276,7,6,17.79853800907151,1.6736980178393424,1740.0495680049062,263.19123003642477
1781617026,300,,Aggregated,1403.100000,0.000000,7,9,13,17,28,40,55,66,140,230,270,143833,29,7,25.40496865761162,1.6736980178393424,5962.780653004302,2373.855818901087
1781617027,300,GET,/feed/{user_id},553.300000,0.000000,6,9,13,16,30,41,58,67,87,100,100,58019,8,7,18.471118604482502,1.860347983893007,1802.4050199892372,2152.0939692169804
1781617027,300,GET,/feed/{user_id}?with_fof=true,277.500000,0.000000,7,9,13,17,27,39,56,67,170,270,270,29165,8,7,24.59881855909056,1.9991070148535073,5962.780653004302,5121.581861820676
1781617027,300,POST,/likes,27.000000,0.000000,8,10,12,13,19,27,38,40,53,53,53,2850,0,8,15.96171285148318,2.9441329825203866,1641.378801985411,180.97438596491227
1781617027,300,POST,/posts,43.600000,0.000000,9,11,12,14,20,28,36,49,68,68,68,4373,0,9,14.323730102551004,3.501578001305461,1649.599438009318,228.59638691973473
1781617027,300,GET,/timeline/{user_id},363.500000,0.000000,6,9,12,16,29,40,55,67,160,230,230,36400,6,7,41.64157483875457,1.9032229902222753,5678.169366990915,1792.3757142857144
1781617027,300,GET,/users/{user_id},137.800000,0.000000,6,8,12,16,26,37,50,62,79,89,89,14417,7,6,17.718510995658647,1.6736980178393424,1740.0495680049062,263.1944926128876
1781617027,300,,Aggregated,1402.700000,0.000000,7,9,13,16,28,39,55,66,140,230,270,145224,29,7,25.26049429921738,1.6736980178393424,5962.780653004302,2374.16442874456
1781617028,300,GET,/feed/{user_id},558.700000,0.000000,6,9,13,17,31,42,61,71,90,120,120,58604,8,7,18.418752604778213,1.860347983893007,1802.4050199892372,2149.3563920551496
1781617028,300,GET,/feed/{user_id}?with_fof=true,276.800000,0.000000,7,10,13,16,27,41,57,70,170,270,270,29437,8,7,24.491365755197155,1.9991070148535073,5962.780653004302,5118.955566124266
1781617028,300,POST,/likes,27.700000,0.000000,8,10,12,13,19,27,31,40,53,53,53,2877,0,8,15.904443727414193,2.9441329825203866,1641.378801985411,180.97393117831075
1781617028,300,POST,/posts,43.700000,0.000000,9,10,12,14,20,28,36,49,68,68,68,4416,0,9,14.278523629163038,3.501578001305461,1649.599438009318,228.5930706521739
1781617028,300,GET,/timeline/{user_id},362.500000,0.000000,6,9,12,16,29,41,57,74,170,230,230,36760,6,7,41.35504588116612,1.9032229902222753,5678.169366990915,1794.4913492927094
1781617028,300,GET,/users/{user_id},136.700000,0.000000,6,8,12,16,26,37,50,62,79,89,89,14572,7,6,17.631151343645264,1.6736980178393424,1740.0495680049062,263.1986000548998
1781617028,300,,Aggregated,1406.100000,0.000000,7,9,13,16,28,41,57,69,150,230,270,146666,29,7,25.134036384080293,1.6736980178393424,5962.780653004302,2372.5917254169335
1781617029,300,GET,/feed/{user_id},558.600000,0.000000,6,9,13,17,31,42,61,71,91,120,120,59187,8,7,18.35183316229921,1.860347983893007,1802.4050199892372,2147.8833527632755
1781617029,300,GET,/feed/{user_id}?with_fof=true,274.200000,0.000000,7,9,13,16,27,41,57,67,170,270,270,29733,8,7,24.367422277999996,1.9991070148535073,5962.780653004302,5122.44859247301
1781617029,300,POST,/likes,28.900000,0.000000,8,10,12,13,20,27,31,40,53,53,53,2905,0,8,15.847800685268732,2.9441329825203866,1641.378801985411,180.9752151462995
1781617029,300,POST,/posts,43.500000,0.000000,9,10,12,14,20,27,36,49,68,68,68,4454,0,9,14.246907782992645,3.501578001305461,1649.599438009318,228.59272563987426
1781617029,300,GET,/timeline/{user_id},362.100000,0.000000,7,9,13,17,30,43,62,75,180,230,230,37111,6,7,41.10409173329689,1.9032229902222753,5678.169366990915,1796.6232653391178
1781617029,300,GET,/users/{user_id},136.500000,0.000000,6,8,12,15,27,38,52,62,79,89,89,14701,7,6,17.566658059975843,1.6736980178393424,1740.0495680049062,263.2048159989116
1781617029,300,,Aggregated,1403.800000,0.000000,7,9,13,16,29,41,58,70,150,230,270,148091,29,7,25.010712958106513,1.6736980178393424,5962.780653004302,2373.677542862159
1781617030,300,GET,/feed/{user_id},561.700000,0.000000,6,9,13,18,31,42,62,73,100,140,140,59743,8,7,18.301718258450574,1.860347983893007,1802.4050199892372,2146.5220695311586
1781617030,300,GET,/feed/{user_id}?with_fof=true,273.500000,0.000000,7,9,13,17,28,41,58,79,170,270,270,30000,8,7,24.27359641106644,1.9991070148535073,5962.780653004302,5122.781833333333
1781617030,300,POST,/likes,28.700000,0.000000,7,9,12,13,18,25,28,38,53,53,53,2934,0,8,15.764425225882764,2.9441329825203866,1641.378801985411,180.97307430129516
1781617030,300,POST,/posts,43.600000,0.000000,9,10,12,13,19,25,32,43,76,76,76,4489,0,9,14.223645562803709,3.501578001305461,1649.599438009318,228.59300512363555
1781617030,300,GET,/timeline/{user_id},360.300000,0.000000,6,9,13,17,30,43,58,75,180,230,230,37476,6,7,40.826024592258264,1.9032229902222753,5678.169366990915,1795.4473262888248
1781617030,300,GET,/users/{user_id},137.500000,0.000000,6,8,13,16,27,39,54,66,130,140,140,14846,7,6,17.530201354634237,1.6736980178393424,1740.0495680049062,263.2088104539943
1781617030,300,,Aggregated,1405.300000,0.000000,7,9,13,17,29,41,59,73,150,230,270,149488,29,7,24.898049888426325,1.6736980178393424,5962.780653004302,2372.592007385208
1781617031,300,GET,/feed/{user_id},562.300000,0.000000,6,9,13,18,31,41,59,71,100,140,140,60329,8,7,18.231083777153437,1.860347983893007,1802.4050199892372,2147.623249183643
1781617031,300,GET,/feed/{user_id}?with_fof=true,276.500000,0.000000,7,9,13,17,28,42,60,80,170,270,270,30291,8,7,24.15398502062857,1.9991070148535073,5962.780653004302,5123.049519659305
1781617031,300,POST,/likes,28.700000,0.000000,7,9,12,13,18,25,30,38,53,53,53,2958,0,8,15.713949857236445,2.9441329825203866,1641.378801985411,180.96923597025017
1781617031,300,POST,/posts,42.700000,0.000000,9,10,12,14,19,26,33,37,76,76,76,4534,0,9,14.199454582141332,3.501578001305461,1649.599438009318,228.5917512130569
1781617031,300,GET,/timeline/{user_id},360.300000,0.000000,6,9,13,16,30,41,56,75,180,230,230,37816,6,7,40.55369798999282,1.9032229902222753,5678.169366990915,1795.7919928072774
1781617031,300,GET,/users/{user_id},137.300000,0.000000,6,8,12,15,26,38,53,63,130,140,140,15003,7,6,17.448954148962976,1.6736980178393424,1740.0495680049062,263.21395720855827
1781617031,300,,Aggregated,1407.800000,0.000000,7,9,13,16,29,40,57,72,150,230,270,150931,29,7,24.76455404450564,1.6736980178393424,5962.780653004302,2373.1153109699135
1781617032,300,GET,/feed/{user_id},565.300000,0.000000,6,9,13,17,30,41,61,80,140,160,160,60869,8,7,18.194784290110512,1.860347983893007,1802.4050199892372,2147.4235653616784
1781617032,300,GET,/feed/{user_id}?with_fof=true,276.200000,0.000000,7,9,13,17,27,41,67,95,170,270,270,30573,8,7,24.067516354624303,1.9991070148535073,5962.780653004302,5122.875249403068
1781617032,300,POST,/likes,28.500000,0.000000,8,10,12,13,17,24,30,38,53,53,53,2983,0,8,15.659484462861716,2.9441329825203866,1641.378801985411,180.9688233322159
1781617032,300,POST,/posts,41.400000,0.000000,9,10,12,14,19,27,33,52,91,91,91,4560,0,9,14.205993599662499,3.501578001305461,1649.599438009318,228.59122807017545
1781617032,300,GET,/timeline/{user_id},357.500000,0.000000,6,9,13,17,30,42,68,94,200,230,230,38163,6,7,40.337708971790526,1.9032229902222753,5678.169366990915,1795.146843801588
1781617032,300,GET,/users/{user_id},137.100000,0.000000,6,8,12,15,25,38,53,72,140,170,170,15165,7,6,17.400023699118584,1.6736980178393424,1740.0495680049062,263.2163534454336
1781617032,300,,Aggregated,1406.000000,0.000000,7,9,13,16,28,41,61,85,160,230,270,152313,29,7,24.67343839540521,1.6736980178393424,5962.780653004302,2372.845791232528
1781617033,300,GET,/feed/{user_id},570.700000,0.000000,6,9,12,16,28,39,60,80,140,160,160,61429,8,7,18.114402958401747,1.860347983893007,1802.4050199892372,2143.7305018802194
1781617033,300,GET,/feed/{user_id}?with_fof=true,277.000000,0.000000,7,9,12,16,26,39,65,93,170,170,170,30862,8,7,23.923455247324682,1.9991070148535073,5962.780653004302,5122.808113537684
1781617033,300,POST,/likes,28.100000,0.000000,7,9,12,13,17,24,30,38,53,53,53,3011,0,8,15.593291072688201,2.9441329825203866,1641.378801985411,180.96878113583526
1781617033,300,POST,/posts,42.100000,0.000000,9,10,12,13,18,25,33,52,91,91,91,4593,0,9,14.169335366961926,3.501578001305461,1649.599438009318,228.5919878075332
1781617033,300,GET,/timeline/{user_id},349.600000,0.000000,6,8,12,15,27,38,67,90,180,220,220,38540,6,7,40.028484817685666,1.9032229902222753,5678.169366990915,1795.6498183705241
1781617033,300,GET,/users/{user_id},141.300000,0.000000,6,8,11,14,23,34,52,70,140,170,170,15313,7,6,17.301683020251613,1.6736980178393424,1740.0495680049062,263.22249069418143
1781617033,300,,Aggregated,1408.800000,0.000000,6,9,12,15,26,38,60,84,150,220,220,153748,29,7,24.525489560173607,1.6736980178393424,5962.780653004302,2371.5249304055988
1781617034,300,GET,/feed/{user_id},570.600000,0.000000,6,9,13,17,30,42,67,86,140,160,160,61970,8,7,18.10926294993162,1.860347983893007,1802.4050199892372,2144.6390188801033
1781617034,300,GET,/feed/{user_id}?with_fof=true,278.100000,0.000000,7,9,13,16,28,44,83,120,270,290,290,31113,8,7,23.93223504958912,1.9991070148535073,5962.780653004302,5127.0207630251025
1781617034,300,POST,/likes,27.900000,0.000000,8,10,12,13,17,25,31,38,58,58,58,3041,0,8,15.568558141043724,2.9441329825203866,1641.378801985411,180.97007563301545
1781617034,300,POST,/posts,41.500000,0.000000,9,10,12,14,19,28,33,40,91,91,91,4632,0,9,14.155146195692227,3.501578001305461,1649.599438009318,228.59088946459414
1781617034,300,GET,/timeline/{user_id},348.600000,0.000000,6,9,13,17,31,46,77,96,190,220,220,38877,6,7,39.863276683179166,1.9032229902222753,5678.169366990915,1796.0653342593307
1781617034,300,GET,/users/{user_id},142.100000,0.000000,6,8,11,15,25,39,63,76,140,170,170,15467,7,6,17.29384162366116,1.6736980178393424,1740.0495680049062,263.22687011055797
1781617034,300,,Aggregated,1408.800000,0.000000,6,9,13,16,29,42,72,92,200,270,290,155100,29,7,24.4809396040976,1.6736980178393424,5962.780653004302,2372.188278529981
1781617035,300,GET,/feed/{user_id},569.300000,0.000000,6,9,12,16,28,40,66,86,140,160,160,62522,8,7,18.03311579192218,1.860347983893007,1802.4050199892372,2143.5900163142574
1781617035,300,GET,/feed/{user_id}?with_fof=true,280.300000,0.000000,7,9,12,16,27,42,85,130,270,290,290,31408,8,7,23.8333123105907,1.9991070148535073,5962.780653004302,5128.495001273561
1781617035,300,POST,/likes,28.000000,0.000000,8,10,12,13,16,23,30,34,58,58,58,3068,0,8,15.508168610761482,2.9441329825203866,1641.378801985411,180.97001303780965
1781617035,300,POST,/posts,39.200000,0.000000,9,10,12,13,16,25,33,40,91,91,91,4684,0,9,14.108692956557224,3.501578001305461,1649.599438009318,228.5911614005124
1781617035,300,GET,/timeline/{user_id},348.700000,0.000000,6,9,13,16,29,43,77,100,220,270,270,39240,6,7,39.61339072685627,1.9032229902222753,5678.169366990915,1793.8166411824668
1781617035,300,GET,/users/{user_id},143.200000,0.000000,6,8,11,14,24,37,63,76,140,170,170,15603,7,6,17.21893095566051,1.6736980178393424,1740.0495680049062,263.22848170223676
1781617035,300,,Aggregated,1408.700000,0.000000,6,9,12,15,27,40,72,94,210,270,290,156525,29,7,24.358944255057416,1.6736980178393424,5962.780653004302,2371.6324037693657
1781617036,300,GET,/feed/{user_id},565.000000,0.000000,7,9,14,17,29,42,70,87,140,160,160,63047,8,7,18.00946172609356,1.860347983893007,1802.4050199892372,2143.531016543214
1781617036,300,GET,/feed/{user_id}?with_fof=true,277.900000,0.000000,7,9,13,17,30,49,88,130,270,290,290,31709,8,7,23.77165700754609,1.9991070148535073,5962.780653004302,5125.390740799142
1781617036,300,POST,/likes,28.200000,0.000000,8,10,12,13,16,24,34,41,58,58,58,3097,0,8,15.463601397094068,2.9441329825203866,1641.378801985411,180.97158540523088
1781617036,300,POST,/posts,39.000000,0.000000,9,11,13,14,18,25,33,40,91,91,91,4730,0,9,14.085756448530946,3.501578001305461,1649.599438009318,228.59048625792812
1781617036,300,GET,/timeline/{user_id},350.100000,0.000000,6,9,14,18,31,49,82,110,220,270,270,39587,6,7,39.426690171029634,1.9032229902222753,5678.169366990915,1794.6234369868896
1781617036,300,GET,/users/{user_id},145.300000,0.000000,6,8,12,15,26,42,66,77,140,170,170,15745,7,6,17.194497807768567,1.6736980178393424,1740.0495680049062,263.2346141632264
1781617036,300,,Aggregated,1405.500000,0.000000,7,9,13,17,29,44,75,96,210,270,290,157915,29,7,24.286775536265996,1.6736980178393424,5962.780653004302,2371.492917075642
1781617037,300,GET,/feed/{user_id},563.100000,0.000000,6,9,13,16,28,40,65,86,140,160,160,63616,8,7,17.932024317279193,1.860347983893007,1802.4050199892372,2144.2688474597585
1781617037,300,GET,/feed/{user_id}?with_fof=true,279.500000,0.000000,7,9,13,17,28,44,86,130,270,290,290,31990,8,7,23.654995670841767,1.9991070148535073,5962.780653004302,5125.85579868709
1781617037,300,POST,/likes,28.600000,0.000000,8,10,12,13,15,21,30,37,58,58,58,3128,0,8,15.41157632825494,2.9441329825203866,1641.378801985411,180.97218670076725
1781617037,300,POST,/posts,40.000000,0.000000,9,11,13,14,17,25,33,40,91,91,91,4783,0,9,14.034709654324544,3.501578001305461,1649.599438009318,228.58854275559273
1781617037,300,GET,/timeline/{user_id},348.200000,0.000000,7,9,13,17,30,46,82,120,220,270,270,39951,6,7,39.16745301911769,1.9032229902222753,5678.169366990915,1796.2320342419464
1781617037,300,GET,/users/{user_id},145.300000,0.000000,6,8,11,14,25,39,65,77,140,170,170,15891,7,6,17.11673056480234,1.6736980178393424,1740.0495680049062,263.23956956767984
1781617037,300,,Aggregated,1404.700000,0.000000,7,9,13,16,28,41,73,96,210,270,290,159359,29,7,24.156798665162647,1.6736980178393424,5962.780653004302,2371.9385789318458
1781617038,300,GET,/feed/{user_id},555.800000,0.000000,7,9,13,17,29,46,85,120,270,340,340,64108,8,7,18.007755723183305,1.860347983893007,1802.4050199892372,2141.886909590067
1781617038,300,GET,/feed/{user_id}?with_fof=true,279.700000,0.000000,7,9,14,19,32,62,140,220,320,690,690,32239,8,7,23.83764187726602,1.9991070148535073,5962.780653004302,5122.673749185768
1781617038,300,POST,/likes,28.400000,0.000000,8,10,11,12,15,20,31,37,58,58,58,3153,0,8,15.344016809634763,2.9441329825203866,1641.378801985411,180.9698699651126
1781617038,300,POST,/posts,40.400000,0.000000,9,10,13,14,17,25,38,62,91,91,91,4811,0,9,14.02699031275549,3.501578001305461,1649.599438009318,228.5888588651008
1781617038,300,GET,/timeline/{user_id},350.900000,0.000000,7,9,14,18,34,66,140,200,820,850,850,40210,6,7,39.41573752121313,1.9032229902222753,5678.169366990915,1797.9730912708283
1781617038,300,GET,/users/{user_id},146.500000,0.000000,6,8,12,15,28,52,83,130,240,250,250,16011,7,6,17.232436514043506,1.6736980178393424,1740.0495680049062,263.2415839110611
1781617038,300,,Aggregated,1401.700000,0.000000,7,9,13,17,30,51,99,160,670,840,850,160532,29,7,24.29186593659034,1.6736980178393424,5962.780653004302,2371.138234121546
1781617039,300,GET,/feed/{user_id},557.300000,0.000000,7,10,14,18,32,53,97,150,270,340,340,64596,8,7,18.081913375807197,1.860347983893007,1802.4050199892372,2143.3281782153695
1781617039,300,GET,/feed/{user_id}?with_fof=true,282.200000,0.000000,7,10,15,20,36,73,170,230,690,920,920,32480,8,7,23.946156832149033,1.9991070148535073,5962.780653004302,5116.085837438423
1781617039,300,POST,/likes,27.600000,0.000000,8,10,11,13,15,20,34,41,58,58,58,3176,0,8,15.309462885334806,2.9441329825203866,1641.378801985411,180.9697732997481
1781617039,300,POST,/posts,40.500000,0.000000,9,10,12,14,17,25,38,62,91,91,91,4850,0,9,13.992877865075759,3.501578001305461,1649.599438009318,228.58845360824742
1781617039,300,GET,/timeline/{user_id},352.600000,0.000000,7,10,16,21,41,82,200,380,1000,1000,1000,40494,6,7,39.698190635482334,1.9032229902222753,5678.169366990915,1799.4327801649627
1781617039,300,GET,/users/{user_id},146.300000,0.000000,6,9,12,16,30,55,100,160,240,250,250,16132,7,6,17.2667102585227,1.6736980178393424,1740.0495680049062,263.2457227870072
1781617039,300,,Aggregated,1406.500000,0.000000,7,10,14,18,34,60,140,210,830,1000,1000,161728,29,7,24.413607189756455,1.6736980178393424,5962.780653004302,2370.753487336763
1781617040,300,GET,/feed/{user_id},549.400000,0.000000,7,10,15,20,40,73,150,210,280,340,340,65032,8,7,18.27223549179496,1.860347983893007,1802.4050199892372,2143.0465001845246
1781617040,300,GET,/feed/{user_id}?with_fof=true,279.000000,0.000000,7,11,17,22,47,100,220,290,920,1300,1300,32669,8,7,24.2617649154005,1.9991070148535073,5962.780653004302,5116.071841807217
1781617040,300,POST,/likes,27.500000,0.000000,8,10,11,13,15,21,37,41,58,58,58,3195,0,8,15.277261457561568,2.9441329825203866,1641.378801985411,180.96870109546165
1781617040,300,POST,/posts,39.600000,0.000000,8,10,12,13,16,22,38,62,91,91,91,4882,0,9,13.956933857787046,3.501578001305461,1649.599438009318,228.58766898811962
1781617040,300,GET,/timeline/{user_id},342.500000,0.000000,7,11,19,26,64,150,420,850,1400,1500,1500,40796,7,7,40.51881236291135,1.9032229902222753,5678.169366990915,1799.193278752819
1781617040,300,GET,/users/{user_id},143.900000,0.000000,6,9,13,18,38,68,130,170,250,260,260,16229,7,6,17.379363525995316,1.6736980178393424,1740.0495680049062,263.24844414320046
1781617040,300,,Aggregated,1381.900000,0.000000,7,10,16,21,43,89,200,260,1200,1400,1500,162803,30,7,24.77160358098383,1.6736980178393424,5962.780653004302,2370.164302869112
1781617041,300,GET,/feed/{user_id},540.600000,0.000000,7,10,16,21,45,81,190,220,290,340,340,65579,8,7,18.351756963583792,1.860347983893007,1802.4050199892372,2143.5431769316397
1781617041,300,GET,/feed/{user_id}?with_fof=true,275.900000,0.000000,7,11,18,23,58,150,270,580,1600,1600,1600,32929,8,7,24.753313520032986,1.9991070148535073,5962.780653004302,5120.538370433356
1781617041,300,POST,/likes,27.000000,0.000000,8,9,11,12,15,21,37,41,58,58,58,3221,0,8,15.211819079114736,2.9441329825203866,1641.378801985411,180.9689537410742
1781617041,300,POST,/posts,39.600000,0.000000,8,10,12,13,16,21,35,51,69,69,69,4917,0,9,13.929806730864291,3.501578001305461,1649.599438009318,228.5869432580842
1781617041,300,GET,/timeline/{user_id},337.500000,0.000000,7,12,20,28,71,190,620,990,1500,1500,1500,41134,7,7,40.712556834198864,1.9032229902222753,5678.169366990915,1799.03094763456
1781617041,300,GET,/users/{user_id},142.300000,0.000000,6,8,13,18,43,72,140,190,250,260,260,16353,7,6,17.404183803002788,1.6736980178393424,1740.0495680049062,263.25157463462364
1781617041,300,,Aggregated,1362.900000,0.000000,7,10,16,22,50,110,220,300,1400,1600,1600,164133,30,7,24.951489281947648,1.6736980178393424,5962.780653004302,2371.2402807479302
1781617042,300,GET,/feed/{user_id},528.800000,0.000000,7,10,16,21,45,80,190,220,290,340,340,66165,8,7,18.26167050727114,1.860347983893007,1802.4050199892372,2141.3477971737325
1781617042,300,GET,/feed/{user_id}?with_fof=true,267.700000,0.000000,7,11,18,23,59,150,270,580,1600,1600,1600,33212,8,7,24.62235691254106,1.9991070148535073,5962.780653004302,5121.0142117307
1781617042,300,POST,/likes,26.300000,0.000000,8,9,11,12,15,21,37,41,58,58,58,3253,0,8,15.146273123241043,2.9441329825203866,1641.378801985411,180.96618505994468
1781617042,300,POST,/posts,39.000000,0.000000,8,10,11,13,16,20,35,51,69,69,69,4960,0,9,13.886176911593441,3.501578001305461,1649.599438009318,228.58709677419355
1781617042,300,GET,/timeline/{user_id},330.100000,0.000000,7,12,20,28,72,190,620,1000,1500,1500,1500,41486,7,7,40.44318855917716,1.9032229902222753,5678.169366990915,1799.3740297931834
1781617042,300,GET,/users/{user_id},138.900000,0.000000,6,8,13,18,43,72,140,190,250,260,260,16491,7,6,17.314587763396876,1.6736980178393424,1740.0495680049062,263.2558971560245
1781617042,300,,Aggregated,1330.800000,0.000000,7,10,16,21,50,110,220,300,1400,1600,1600,165567,30,7,24.80898003960014,1.6736980178393424,5962.780653004302,2370.4848188346714
1781617043,300,GET,/feed/{user_id},522.100000,0.000000,7,10,15,20,41,75,190,220,290,340,340,66704,8,7,18.21461427894057,1.860347983893007,1802.4050199892372,2143.5663078675943
1781617043,300,GET,/feed/{user_id}?with_fof=true,262.600000,0.000000,7,11,17,22,53,130,260,580,1600,1600,1600,33482,8,7,24.526795777474458,1.9991070148535073,5962.780653004302,5120.503733349262
1781617043,300,POST,/likes,26.100000,0.000000,7,9,11,12,15,21,30,41,53,53,53,3284,0,8,15.091035986855106,2.9441329825203866,1641.378801985411,180.96802679658953
1781617043,300,POST,/posts,38.400000,0.000000,8,10,11,13,15,19,29,51,69,69,69,5003,0,9,13.863481591536754,3.501578001305461,1649.599438009318,228.5842494503298
1781617043,300,GET,/timeline/{user_id},331.300000,0.100000,7,11,19,26,67,190,620,990,1500,1500,1500,41870,7,7,40.20793837731858,1.9032229902222753,5678.169366990915,1797.9214712204443
1781617043,300,GET,/users/{user_id},134.200000,0.000000,6,8,12,16,38,70,140,190,250,260,260,16631,7,6,17.246838945340453,1.6736980178393424,1740.0495680049062,263.2591545908244
1781617043,300,,Aggregated,1314.700000,0.100000,7,10,15,21,46,100,220,290,1400,1600,1600,166974,30,7,24.70714198632956,1.6736980178393424,5962.780653004302,2370.5744247607413
1781617044,300,GET,/feed/{user_id},526.600000,0.000000,7,10,15,20,42,75,190,220,290,340,340,67250,8,7,18.154912371038662,1.860347983893007,1802.4050199892372,2146.984148698885
1781617044,300,GET,/feed/{user_id}?with_fof=true,263.200000,0.000000,7,11,17,22,53,130,260,580,1600,1600,1600,33772,8,7,24.43376494975966,1.9991070148535073,5962.780653004302,5123.212542934975
1781617044,300,POST,/likes,26.900000,0.000000,7,9,10,12,15,21,26,41,53,53,53,3308,0,8,15.04099985212707,2.9441329825203866,1641.378801985411,180.96644498186214
1781617044,300,POST,/posts,39.600000,0.000000,8,10,12,13,16,21,38,51,69,69,69,5038,0,9,13.85907769460395,3.501578001305461,1649.599438009318,228.58455736403334
1781617044,300,GET,/timeline/{user_id},331.100000,0.100000,7,11,19,26,65,180,590,990,1500,1500,1500,42261,7,7,39.947970410432816,1.9032229902222753,5678.169366990915,1797.6023047253968
1781617044,300,GET,/users/{user_id},131.900000,0.000000,6,8,12,16,39,69,140,190,250,260,260,16776,7,6,17.191849873450646,1.6736980178393424,1740.0495680049062,263.2643657606104
1781617044,300,,Aggregated,1319.300000,0.100000,7,10,15,21,47,100,220,290,1400,1600,1600,168405,30,7,24.59739484435825,1.6736980178393424,5962.780653004302,2372.5011608918976
1781617045,300,GET,/feed/{user_id},524.000000,0.000000,7,9,15,20,41,74,190,220,290,340,340,67806,8,7,18.10246696775229,1.860347983893007,1802.4050199892372,2146.7414978025545
1781617045,300,GET,/feed/{user_id}?with_fof=true,260.600000,0.000000,7,10,17,22,47,130,260,580,1600,1600,1600,34067,8,7,24.33511466901688,1.9991070148535073,5962.780653004302,5126.663838905686
1781617045,300,POST,/likes,27.200000,0.000000,7,9,10,12,16,19,22,26,53,53,53,3337,0,8,14.99214937157,2.9441329825203866,1641.378801985411,180.96583757866347
1781617045,300,POST,/posts,40.800000,0.000000,8,10,11,13,16,21,34,51,69,69,69,5083,0,9,13.836784949126764,3.501578001305461,1649.599438009318,228.58449734408813
1781617045,300,GET,/timeline/{user_id},333.200000,0.100000,7,10,18,25,62,180,590,990,1500,1500,1500,42618,7,7,39.719635366167054,1.9032229902222753,5678.169366990915,1798.5623210849876
1781617045,300,GET,/users/{user_id},131.900000,0.000000,6,8,12,15,38,68,140,190,250,260,260,16902,7,6,17.14510055081933,1.6736980178393424,1740.0495680049062,263.265708200213
1781617045,300,,Aggregated,1317.700000,0.100000,7,10,15,20,44,99,220,290,1400,1600,1600,169813,30,7,24.49399820119405,1.6736980178393424,5962.780653004302,2373.6618221219815
1781617046,300,GET,/feed/{user_id},526.600000,0.000000,7,9,15,20,42,74,190,220,290,340,340,68358,8,7,18.050909545151573,1.860347983893007,1802.4050199892372,2145.838526580649
1781617046,300,GET,/feed/{user_id}?with_fof=true,264.800000,0.000000,7,10,16,22,48,130,260,580,1600,1600,1600,34339,8,7,24.222670694031127,1.9991070148535073,5962.780653004302,5125.336381373948
1781617046,300,POST,/likes,26.600000,0.000000,7,8,9,11,15,19,22,26,53,53,53,3360,0,8,14.940510230033917,2.9441329825203866,1641.378801985411,180.96547619047618
1781617046,300,POST,/posts,40.400000,0.000000,9,10,12,13,16,25,38,51,69,69,69,5127,0,9,13.816673839166876,3.501578001305461,1649.599438009318,228.58513750731422
1781617046,300,GET,/timeline/{user_id},335.400000,0.100000,7,10,17,24,62,170,570,980,1500,1500,1500,43011,7,7,39.457326598217875,1.9032229902222753,5678.169366990915,1795.995908023529
1781617046,300,GET,/users/{user_id},130.200000,0.000000,6,8,12,16,39,69,140,190,250,260,260,17019,7,6,17.101622562426883,1.6736980178393424,1740.0495680049062,263.26869968858335
1781617046,300,,Aggregated,1324.000000,0.100000,7,10,15,20,45,99,220,290,1400,1600,1600,171214,30,7,24.384081637611338,1.6736980178393424,5962.780653004302,2372.4246031282487
1781617047,300,GET,/feed/{user_id},526.400000,0.000000,7,9,14,18,38,64,170,220,280,290,290,68944,8,7,17.992049063218428,1.860347983893007,1802.4050199892372,2144.8770016245066
1781617047,300,GET,/feed/{user_id}?with_fof=true,264.500000,0.000000,7,10,15,19,40,87,210,510,1600,1600,1600,34618,8,7,24.11569351315751,1.9991070148535073,5962.780653004302,5127.204517880871
1781617047,300,POST,/likes,26.500000,0.000000,7,9,10,12,17,21,34,40,53,53,53,3391,0,8,14.908495780883689,2.9441329825203866,1641.378801985411,180.96520200530816
1781617047,300,POST,/posts,39.800000,0.000000,9,10,12,13,18,25,34,40,69,69,69,5168,0,9,13.808048323399442,3.501578001305461,1649.599438009318,228.58436532507739
1781617047,300,GET,/timeline/{user_id},335.900000,0.100000,7,10,16,22,51,140,370,970,1500,1500,1500,43369,7,7,39.23996342291903,1.9032229902222753,5678.169366990915,1796.8116857663308
1781617047,300,GET,/users/{user_id},129.300000,0.000000,6,8,11,15,33,55,110,160,240,260,260,17154,7,6,17.04916753917472,1.6736980178393424,1740.0495680049062,263.27293925615015
1781617047,300,,Aggregated,1322.400000,0.100000,7,9,14,18,39,72,200,260,1400,1600,1600,172644,30,7,24.278023014045495,1.6736980178393424,5962.780653004302,2372.553074534881
1781617048,300,GET,/feed/{user_id},529.300000,0.000000,6,9,13,17,34,58,140,210,270,290,290,69545,8,7,17.931087514523615,1.860347983893007,1802.4050199892372,2143.8637285211016
1781617048,300,GET,/feed/{user_id}?with_fof=true,262.500000,0.000000,7,9,14,17,35,68,190,310,1600,1600,1600,34887,8,7,24.026112974515662,1.9991070148535073,5962.780653004302,5128.061598876372
1781617048,300,POST,/likes,26.300000,0.000000,7,9,10,11,16,20,26,35,41,41,41,3414,0,8,14.867646829235353,2.9441329825203866,1641.378801985411,180.96631517281781
1781617048,300,POST,/posts,39.100000,0.000000,9,11,12,13,18,25,34,40,59,59,59,5203,0,9,13.791350106720877,3.501578001305461,1649.599438009318,228.58562367864693
1781617048,300,GET,/timeline/{user_id},340.900000,0.100000,6,9,14,18,42,78,240,710,1500,1500,1500,43715,7,7,39.02400941920333,1.9032229902222753,5678.169366990915,1795.3014068397574
1781617048,300,GET,/users/{user_id},127.100000,0.000000,6,8,11,14,28,51,84,140,220,260,260,17294,7,6,16.995326981027652,1.6736980178393424,1740.0495680049062,263.27732161443276
1781617048,300,,Aggregated,1325.200000,0.100000,7,9,13,17,34,62,170,230,1400,1600,1600,174058,30,7,24.17345242384769,1.6736980178393424,5962.780653004302,2371.8505153454594
1781617049,300,GET,/feed/{user_id},529.800000,0.000000,6,9,12,15,28,43,65,100,270,290,290,70089,8,7,17.882362852997392,1.860347983893007,1802.4050199892372,2142.5736278160625
1781617049,300,GET,/feed/{user_id}?with_fof=true,261.000000,0.000000,7,9,13,16,28,47,110,210,1600,1600,1600,35180,8,7,23.933975967742093,1.9991070148535073,5962.780653004302,5129.324616259239
1781617049,300,POST,/likes,26.000000,0.000000,8,9,10,12,17,21,26,35,41,41,41,3446,0,8,14.826902865941106,2.9441329825203866,1641.378801985411,180.9648868253047
1781617049,300,POST,/posts,38.600000,0.000000,9,11,13,14,18,25,34,40,59,59,59,5243,0,9,13.766111746961426,3.501578001305461,1649.599438009318,228.58439824527943
1781617049,300,GET,/timeline/{user_id},340.400000,0.100000,6,9,12,16,30,52,140,240,1500,1500,1500,44069,7,7,38.810170495867006,1.9032229902222753,5678.169366990915,1795.387347114752
1781617049,300,GET,/users/{user_id},126.000000,0.000000,6,8,10,13,23,38,59,76,210,220,220,17428,7,6,16.9464754040591,1.6736980178393424,1740.0495680049062,263.2802386963507
1781617049,300,,Aggregated,1321.800000,0.100000,7,9,12,15,27,44,74,170,1400,1600,1600,175455,30,7,24.076213346091695,1.6736980178393424,5962.780653004302,2371.844227864695
1781617050,300,GET,/feed/{user_id},540.400000,0.000000,7,9,12,15,25,37,55,63,83,93,93,70662,8,7,17.818175610360424,1.860347983893007,1802.4050199892372,2142.22067023294
1781617050,300,GET,/feed/{user_id}?with_fof=true,262.500000,0.000000,7,9,12,15,26,38,59,74,230,330,330,35460,8,7,23.83285720764983,1.9991070148535073,5962.780653004302,5128.347574732093
1781617050,300,POST,/likes,26.100000,0.000000,8,10,11,13,17,21,25,34,40,40,40,3481,0,8,14.784719076698405,2.9441329825203866,1641.378801985411,180.96437805228382
1781617050,300,POST,/posts,38.800000,0.000000,9,11,13,14,18,24,34,40,59,59,59,5285,0,9,13.733929506407886,3.501578001305461,1649.599438009318,228.58353831598865
1781617050,300,GET,/timeline/{user_id},348.900000,0.100000,6,9,12,15,26,40,64,82,210,480,480,44435,7,7,38.577993954259775,1.9032229902222753,5678.169366990915,1794.7192978507933
1781617050,300,GET,/users/{user_id},128.200000,0.000000,6,8,10,13,22,34,50,60,78,80,80,17569,7,6,16.879319830315715,1.6736980178393424,1740.0495680049062,263.2842506687916
1781617050,300,,Aggregated,1344.900000,0.100000,7,9,12,15,25,37,57,68,190,330,480,176892,30,7,23.96375414131904,1.6736980178393424,5962.780653004302,2371.1462135088077
1781617051,300,GET,/feed/{user_id},546.000000,0.000000,7,9,13,16,27,39,57,67,95,110,110,71212,8,7,17.800836317178046,1.860347983893007,1802.4050199892372,2142.0288574959277
1781617051,300,GET,/feed/{user_id}?with_fof=true,266.900000,0.000000,7,10,13,17,28,44,62,80,210,230,230,35751,8,7,23.798540696382982,1.9991070148535073,5962.780653004302,5128.133898352494
1781617051,300,POST,/likes,26.600000,0.000000,8,10,11,12,17,21,26,35,44,44,44,3507,0,8,14.750215141427653,2.9441329825203866,1641.378801985411,180.96350156829197
1781617051,300,POST,/posts,39.000000,0.000000,10,11,13,14,19,25,35,42,52,52,52,5324,0,9,13.729893258312465,3.501578001305461,1649.599438009318,228.58245679939895
1781617051,300,GET,/timeline/{user_id},354.600000,0.100000,6,9,12,15,27,41,64,84,210,250,250,44773,7,7,38.39430668417091,1.9032229902222753,5678.169366990915,1795.3559287963728
1781617051,300,GET,/users/{user_id},129.300000,0.000000,6,8,11,14,25,38,52,69,110,110,110,17724,7,6,16.869779348795646,1.6736980178393424,1740.0495680049062,263.28723764387274
1781617051,300,,Aggregated,1362.400000,0.100000,7,9,13,15,26,39,58,72,180,230,250,178291,30,7,23.900869941903427,1.6736980178393424,5962.780653004302,2371.267534536236
1781617052,300,GET,/feed/{user_id},558.400000,0.000000,7,9,12,15,26,38,55,65,95,110,110,71785,8,7,17.738819659258535,1.860347983893007,1802.4050199892372,2141.078317197186
1781617052,300,GET,/feed/{user_id}?with_fof=true,276.000000,0.000000,7,9,13,17,28,43,62,81,210,230,230,36037,8,7,23.7069488657575,1.9991070148535073,5962.780653004302,5128.749035713295
1781617052,300,POST,/likes,28.700000,0.000000,8,10,11,12,17,21,28,35,44,44,44,3533,0,8,14.702258134696581,2.9441329825203866,1641.378801985411,180.96263798471554
1781617052,300,POST,/posts,39.900000,0.000000,10,11,13,14,19,25,34,42,52,52,52,5364,0,9,13.70768756624892,3.501578001305461,1649.599438009318,228.58165548098435
1781617052,300,GET,/timeline/{user_id},361.400000,0.100000,6,9,12,15,26,38,58,76,200,250,250,45126,7,7,38.174372215844485,1.9032229902222753,5678.169366990915,1795.845853831494
1781617052,300,GET,/users/{user_id},132.200000,0.000000,6,8,11,14,25,37,51,69,110,110,110,17885,7,6,16.792666746887566,1.6736980178393424,1740.0495680049062,263.2891249650545
1781617052,300,,Aggregated,1396.600000,0.100000,7,9,12,15,26,38,57,69,190,230,250,179730,30,7,23.792205892119497,1.6736980178393424,5962.780653004302,2370.977327101764
1781617053,300,GET,/feed/{user_id},561.800000,0.000000,7,9,13,16,28,41,58,67,100,120,120,72327,8,7,17.717002090328243,1.860347983893007,1802.4050199892372,2142.6339817772064
1781617053,300,GET,/feed/{user_id}?with_fof=true,279.100000,0.000000,7,10,13,17,29,45,67,83,200,210,210,36293,8,7,23.652186950464518,1.9991070148535073,5962.780653004302,5125.050395393051
1781617053,300,POST,/likes,28.700000,0.000000,8,10,11,12,17,23,34,44,47,47,47,3558,0,8,14.690793386409625,2.9441329825203866,1641.378801985411,180.9637436762226
1781617053,300,POST,/posts,40.100000,0.000000,10,12,13,14,19,25,35,44,61,61,61,5411,0,9,13.70316966554445,3.501578001305461,1649.599438009318,228.5810386250231
1781617053,300,GET,/timeline/{user_id},362.300000,0.000000,7,9,13,16,28,41,61,78,190,210,210,45497,7,7,37.99551045763396,1.9032229902222753,5678.169366990915,1795.07114754819
1781617053,300,GET,/users/{user_id},137.600000,0.000000,6,9,12,15,26,39,56,75,110,110,110,18025,7,6,16.783470005388264,1.6736980178393424,1740.0495680049062,263.29131761442443
1781617053,300,,Aggregated,1409.600000,0.000000,7,9,13,16,27,41,59,73,170,210,210,181111,30,7,23.728254557964572,1.6736980178393424,5962.780653004302,2370.207447366532
1781617054,300,GET,/feed/{user_id},558.500000,0.000000,7,9,13,16,27,40,58,67,100,120,120,72886,8,7,17.647135961066287,1.860347983893007,1802.4050199892372,2142.59141673298
1781617054,300,GET,/feed/{user_id}?with_fof=true,280.800000,0.000000,7,9,13,17,28,43,67,82,200,210,210,36589,8,7,23.5346644010458,1.9991070148535073,5962.780653004302,5123.959605345869
1781617054,300,POST,/likes,27.800000,0.000000,8,10,11,13,18,24,34,44,47,47,47,3581,0,8,14.652654335090796,2.9441329825203866,1641.378801985411,180.96341803965373
1781617054,300,POST,/posts,39.700000,0.000000,10,11,13,14,19,24,35,44,61,61,61,5452,0,9,13.662148141455054,3.501578001305461,1649.599438009318,228.57978723404256
1781617054,300,GET,/timeline/{user_id},361.400000,0.000000,6,9,12,16,27,40,60,75,180,210,210,45857,7,7,37.77533955226097,1.9032229902222753,5678.169366990915,1797.6358898314325
1781617054,300,GET,/users/{user_id},138.900000,0.000000,6,8,12,14,25,37,56,75,110,110,110,18174,7,6,16.710984659748522,1.6736980178393424,1740.0495680049062,263.2941564872895
1781617054,300,,Aggregated,1407.100000,0.000000,7,9,12,15,26,39,58,73,170,210,210,182539,30,7,23.61284632502402,1.6736980178393424,5962.780653004302,2370.7756698568523
1781617055,300,GET,/feed/{user_id},560.900000,0.000000,7,9,12,15,26,38,55,67,100,120,120,73438,8,7,17.59882811208404,1.860347983893007,1802.4050199892372,2140.090647893461
1781617055,300,GET,/feed/{user_id}?with_fof=true,279.400000,0.000000,7,9,12,16,28,42,67,83,200,210,210,36868,8,7,23.44112652866883,1.9991070148535073,5962.780653004302,5120.592546381686
1781617055,300,POST,/likes,27.100000,0.000000,8,10,11,13,18,25,34,44,47,47,47,3610,0,8,14.612004751785545,2.9441329825203866,1641.378801985411,180.9639889196676
1781617055,300,POST,/posts,40.100000,0.000000,9,11,13,14,18,23,34,44,61,61,61,5485,0,9,13.642556640146973,3.501578001305461,1649.599438009318,228.57903372835005
1781617055,300,GET,/timeline/{user_id},358.800000,0.000000,6,9,12,16,27,38,58,75,180,210,210,46201,7,7,37.57493777457152,1.9032229902222753,5678.169366990915,1794.9163654466354
1781617055,300,GET,/users/{user_id},138.000000,0.000000,6,8,11,14,24,37,54,69,110,110,110,18336,7,6,16.64561359740833,1.6736980178393424,1740.0495680049062,263.2970658813264
1781617055,300,,Aggregated,1404.300000,0.000000,7,9,12,15,26,38,57,72,170,210,210,183938,30,7,23.515764133155436,1.6736980178393424,5962.780653004302,2368.253242940556
1781617056,300,GET,/feed/{user_id},560.400000,0.000000,7,9,12,15,25,37,55,67,100,120,120,74029,8,7,17.534433247948602,1.860347983893007,1802.4050199892372,2138.591605992246
1781617056,300,GET,/feed/{user_id}?with_fof=true,278.400000,0.000000,6,9,12,15,28,42,69,85,200,210,210,37157,8,7,23.338015527589253,1.9991070148535073,5962.780653004302,5116.223887827327
1781617056,300,POST,/likes,27.400000,0.000000,8,10,11,12,17,23,29,44,47,47,47,3628,0,8,14.574921957517565,2.9441329825203866,1641.378801985411,180.96334068357223
1781617056,300,POST,/posts,41.500000,0.000000,9,11,12,13,18,21,29,42,61,61,61,5536,0,9,13.603553533999005,3.501578001305461,1649.599438009318,228.57857658959537
1781617056,300,GET,/timeline/{user_id},359.900000,0.000000,6,9,12,15,27,38,57,74,180,200,200,46528,7,7,37.38434070959571,1.9032229902222753,5678.169366990915,1796.250193431912
1781617056,300,GET,/users/{user_id},138.800000,0.000000,6,8,11,14,25,37,54,69,110,110,110,18496,7,6,16.59409477448541,1.6736980178393424,1740.0495680049062,263.29995674740485
1781617056,300,,Aggregated,1406.400000,0.000000,7,9,12,15,26,37,57,73,170,210,210,185374,30,7,23.410819600278415,1.6736980178393424,5962.780653004302,2367.0482376169257
1781617057,300,GET,/feed/{user_id},560.000000,0.000000,7,9,14,17,28,42,61,72,100,120,120,74616,8,7,17.52607960548941,1.860347983893007,1802.4050199892372,2139.9850970301277
1781617057,300,GET,/feed/{user_id}?with_fof=true,279.700000,0.000000,7,9,13,17,31,49,72,87,210,230,230,37400,8,7,23.30188440972859,1.9991070148535073,5962.780653004302,5118.777272727273
1781617057,300,POST,/likes,27.200000,0.000000,8,10,11,12,19,24,30,44,47,47,47,3651,0,8,14.550494811234188,2.9441329825203866,1641.378801985411,180.96521500958642
1781617057,300,POST,/posts,40.000000,0.000000,9,11,13,14,18,23,31,45,61,61,61,5581,0,9,13.592565256983853,3.501578001305461,1649.599438009318,228.579286866153
1781617057,300,GET,/timeline/{user_id},358.300000,0.000000,6,9,13,17,29,42,61,77,180,220,220,46877,7,7,37.22747984069409,1.9032229902222753,5678.169366990915,1796.7646393753867
1781617057,300,GET,/users/{user_id},141.800000,0.000000,6,8,12,15,27,40,56,75,110,110,110,18633,7,6,16.576450686351414,1.6736980178393424,1740.0495680049062,263.30231310041324
1781617057,300,,Aggregated,1407.000000,0.000000,7,9,13,16,28,42,62,76,180,220,230,186758,30,7,23.357403560506285,1.6736980178393424,5962.780653004302,2367.7103577892244
1781617058,300,GET,/feed/{user_id},562.400000,0.000000,6,9,13,16,26,38,57,69,100,120,120,75197,8,7,17.45707620134157,1.860347983893007,1802.4050199892372,2139.351237416386
1781617058,300,GET,/feed/{user_id}?with_fof=true,281.200000,0.000000,6,9,12,16,28,44,69,85,210,230,230,37688,8,7,23.20011811022081,1.9991070148535073,5962.780653004302,5120.420850137975
1781617058,300,POST,/likes,26.600000,0.000000,8,9,11,12,17,22,30,44,47,47,47,3676,0,8,14.504662873441623,2.9441329825203866,1641.378801985411,180.9651795429815
1781617058,300,POST,/posts,40.100000,0.000000,9,11,13,14,17,21,30,43,61,61,61,5621,0,9,13.559502179362568,3.501578001305461,1649.599438009318,228.57747731720335
1781617058,300,GET,/timeline/{user_id},351.600000,0.000000,6,9,12,16,27,40,57,74,180,220,220,47234,7,7,37.02084599896678,1.9032229902222753,5678.169366990915,1795.6437947241393
1781617058,300,GET,/users/{user_id},146.700000,0.000000,6,8,11,14,25,38,54,63,110,110,110,18778,7,6,16.50630567795369,1.6736980178393424,1740.0495680049062,263.30684843966344
1781617058,300,,Aggregated,1408.600000,0.000000,7,9,12,15,26,38,57,73,170,220,230,188194,30,7,23.248461485801833,1.6736980178393424,5962.780653004302,2367.5626906277566
1781617059,300,GET,/feed/{user_id},566.700000,0.000000,6,9,13,16,27,41,60,71,100,120,120,75777,8,7,17.421573419097662,1.860347983893007,1802.4050199892372,2139.3002626126663
1781617059,300,GET,/feed/{user_id}?with_fof=true,277.200000,0.000000,6,9,12,16,30,47,72,85,210,230,230,37962,8,7,23.135311897743748,1.9991070148535073,5962.780653004302,5119.723249565355
1781617059,300,POST,/likes,26.300000,0.000000,8,9,10,11,17,23,32,44,47,47,47,3709,0,8,14.460394627351366,2.9441329825203866,1641.378801985411,180.96441089242384
1781617059,300,POST,/posts,40.900000,0.000000,9,11,13,14,19,24,39,43,61,61,61,5659,0,9,13.562508090160573,3.501578001305461,1649.599438009318,228.57872415621134
1781617059,300,GET,/timeline/{user_id},349.700000,0.000000,6,9,12,16,28,41,61,77,180,220,220,47569,7,7,36.849486156358424,1.9032229902222753,5678.169366990915,1795.6176921944964
1781617059,300,GET,/users/{user_id},147.800000,0.000000,6,8,11,14,25,40,55,67,110,110,110,18919,7,6,16.459603988502014,1.6736980178393424,1740.0495680049062,263.30820867910563
1781617059,300,,Aggregated,1408.600000,0.000000,6,9,12,16,27,41,61,74,170,220,230,189595,30,7,23.170935789585048,1.6736980178393424,5962.780653004302,2367.2917534745116
1781617060,300,GET,/feed/{user_id},562.400000,0.000000,6,9,12,15,26,39,59,70,96,120,120,76297,8,7,17.37304528365893,1.860347983893007,1802.4050199892372,2140.1193362779663
1781617060,300,GET,/feed/{user_id}?with_fof=true,277.700000,0.000000,6,9,12,15,28,44,71,85,200,230,230,38228,8,7,23.06572188508987,1.9991070148535073,5962.780653004302,5121.801140525269
1781617060,300,POST,/likes,26.000000,0.000000,7,9,10,12,17,23,33,47,67,67,67,3740,0,8,14.439833771076643,2.9441329825203866,1641.378801985411,180.96283422459894
1781617060,300,POST,/posts,41.600000,0.000000,9,10,13,14,18,24,31,41,61,61,61,5704,0,9,13.530362376084076,3.501578001305461,1649.599438009318,228.57784011220195
1781617060,300,GET,/timeline/{user_id},351.600000,0.000000,6,9,12,15,28,41,63,76,180,220,220,47953,7,7,36.6514384112799,1.9032229902222753,5678.169366990915,1794.8120868350259
1781617060,300,GET,/users/{user_id},147.900000,0.000000,6,8,11,14,25,38,55,66,100,110,110,19068,7,6,16.422441818193665,1.6736980178393424,1740.0495680049062,263.3110971260751
1781617060,300,,Aggregated,1407.200000,0.000000,6,9,12,15,26,40,61,73,170,220,230,190990,30,7,23.085707965091903,1.6736980178393424,5962.780653004302,2367.395926488298
1781617061,300,GET,/feed/{user_id},565.800000,0.000000,6,9,13,16,27,38,57,70,96,120,120,76858,8,7,17.327266705226823,1.860347983893007,1802.4050199892372,2140.3456894532774
1781617061,300,GET,/feed/{user_id}?with_fof=true,276.300000,0.000000,6,9,12,16,27,42,68,84,200,230,230,38534,8,7,22.983197334538218,1.9991070148535073,5962.780653004302,5117.6614418435665
1781617061,300,POST,/likes,26.400000,0.000000,8,9,12,13,18,26,36,47,67,67,67,3776,0,8,14.419343728728194,2.9441329825203866,1641.378801985411,180.96080508474577
1781617061,300,POST,/posts,41.500000,0.000000,9,11,13,14,19,25,35,43,61,61,61,5746,0,9,13.536197580946384,3.501578001305461,1649.599438009318,228.57848938391925
1781617061,300,GET,/timeline/{user_id},349.900000,0.000000,6,9,12,16,28,41,61,75,180,220,220,48282,7,7,36.48363039253632,1.9032229902222753,5678.169366990915,1796.1863220247712
1781617061,300,GET,/users/{user_id},148.300000,0.000000,6,8,11,15,26,38,55,66,100,110,110,19206,7,6,16.390588149504936,1.6736980178393424,1740.0495680049062,263.31302717900655
1781617061,300,,Aggregated,1408.200000,0.000000,6,9,12,16,27,39,59,72,170,220,230,192402,30,7,23.0034007045195,1.6736980178393424,5962.780653004302,2367.35602020769
1781617062,300,GET,/feed/{user_id},562.900000,0.000000,6,9,12,15,25,38,57,69,89,100,100,77485,8,7,17.291216792632227,1.860347983893007,1802.4050199892372,2140.846112150739
1781617062,300,GET,/feed/{user_id}?with_fof=true,276.100000,0.000000,6,9,12,15,27,41,64,79,200,230,230,38787,8,7,22.922747293189182,1.9991070148535073,5962.780653004302,5114.271018640266
1781617062,300,POST,/likes,25.800000,0.000000,8,9,11,12,16,23,32,36,67,67,67,3804,0,8,14.37304959952476,2.9441329825203866,1641.378801985411,180.96188222923237
1781617062,300,POST,/posts,42.100000,0.000000,9,10,12,14,18,25,32,41,56,56,56,5801,0,9,13.516865078113767,3.501578001305461,1649.599438009318,228.57903809687986
1781617062,300,GET,/timeline/{user_id},349.800000,0.000000,6,9,12,15,27,38,58,75,180,220,220,48632,7,7,36.317924457830195,1.9032229902222753,5678.169366990915,1794.473474255634
1781617062,300,GET,/users/{user_id},148.300000,0.000000,6,8,11,14,25,38,54,61,83,86,86,19333,7,6,16.363556112781378,1.6736980178393424,1740.0495680049062,263.31490198106866
1781617062,300,,Aggregated,1405.000000,0.000000,6,9,12,15,26,38,57,70,170,220,230,193842,30,7,22.92883317337976,1.6736980178393424,5962.780653004302,2365.97103826828
1781617063,300,GET,/feed/{user_id},562.500000,0.000000,6,9,12,16,26,38,57,69,89,100,100,78067,8,7,17.234169042982455,1.860347983893007,1802.4050199892372,2142.68781943715
1781617063,300,GET,/feed/{user_id}?with_fof=true,279.900000,0.000000,7,9,12,15,28,41,64,78,200,230,230,39067,8,7,22.82902972363066,1.9991070148535073,5962.780653004302,5113.002431719866
1781617063,300,POST,/likes,26.600000,0.000000,8,9,11,12,17,23,33,36,67,67,67,3822,0,8,14.354105278278977,2.9441329825203866,1641.378801985411,180.96153846153845
1781617063,300,POST,/posts,42.000000,0.000000,9,10,12,14,19,25,35,43,56,56,56,5845,0,9,13.480938617977568,3.501578001305461,1649.599438009318,228.5781009409752
1781617063,300,GET,/timeline/{user_id},349.400000,0.000000,6,9,12,16,27,38,57,74,180,220,220,48977,7,7,36.13334603375409,1.9032229902222753,5678.169366990915,1795.5388243461216
1781617063,300,GET,/users/{user_id},146.900000,0.000000,6,8,11,14,26,38,54,61,83,86,86,19489,7,6,16.29677215794425,1.6736980178393424,1740.0495680049062,263.31725588793677
1781617063,300,,Aggregated,1407.300000,0.000000,6,9,12,15,26,38,57,70,170,220,230,195267,30,7,22.831557491888177,1.6736980178393424,5962.780653004302,2366.6182457865384
1781617064,300,GET,/feed/{user_id},567.300000,0.000000,7,9,12,16,26,39,59,70,95,100,100,78641,8,7,17.205337081873463,1.860347983893007,1802.4050199892372,2142.41204969418
1781617064,300,GET,/feed/{user_id}?with_fof=true,274.500000,0.000000,7,9,12,15,28,42,64,78,200,230,230,39335,8,7,22.7633737958287,1.9991070148535073,5962.780653004302,5112.040371170713
1781617064,300,POST,/likes,26.400000,0.000000,8,9,11,12,16,21,33,53,67,67,67,3856,0,8,14.312138896936604,2.9441329825203866,1641.378801985411,180.96135892116183
1781617064,300,POST,/posts,43.900000,0.000000,9,11,13,14,19,25,37,43,59,59,59,5879,0,9,13.472531986918716,3.501578001305461,1649.599438009318,228.57798945398878
1781617064,300,GET,/timeline/{user_id},349.300000,0.000000,6,9,12,16,28,41,65,84,210,230,230,49336,7,7,35.99090359204482,1.9032229902222753,5678.169366990915,1795.2337846602886
1781617064,300,GET,/users/{user_id},144.300000,0.000000,6,8,11,14,26,38,54,63,83,86,86,19627,7,6,16.260581995932718,1.6736980178393424,1740.0495680049062,263.32195445050183
1781617064,300,,Aggregated,1405.700000,0.000000,7,9,12,15,26,39,60,72,180,230,230,196674,30,7,22.76675364971197,1.6736980178393424,5962.780653004302,2366.062646816559
1781617065,300,GET,/feed/{user_id},568.900000,0.000000,7,9,13,16,28,41,61,70,95,100,100,79178,8,7,17.169972713373333,1.860347983893007,1802.4050199892372,2143.434287302028
1781617065,300,GET,/feed/{user_id}?with_fof=true,276.100000,0.000000,7,9,13,17,29,44,65,79,200,230,230,39638,8,7,22.69874909188236,1.9991070148535073,5962.780653004302,5112.41104495686
1781617065,300,POST,/likes,26.700000,0.000000,8,9,10,12,16,21,33,53,67,67,67,3878,0,8,14.271654141472451,2.9441329825203866,1641.378801985411,180.96132026817946
1781617065,300,POST,/posts,43.900000,0.000000,9,11,13,14,18,25,41,49,59,59,59,5919,0,9,13.455638570720772,3.501578001305461,1649.599438009318,228.57712451427605
1781617065,300,GET,/timeline/{user_id},349.000000,0.000000,7,9,13,17,29,43,65,83,210,230,230,49695,7,7,35.82489428596556,1.9032229902222753,5678.169366990915,1794.1338162793038
1781617065,300,GET,/users/{user_id},146.100000,0.000000,6,8,11,15,27,39,55,66,86,91,91,19773,7,6,16.233259653070746,1.6736980178393424,1740.0495680049062,263.3253932129672
1781617065,300,,Aggregated,1410.700000,0.000000,7,9,13,16,28,41,62,73,180,230,230,198081,30,7,22.695285666598043,1.6736980178393424,5962.780653004302,2366.6051665732707
1781617066,300,GET,/feed/{user_id},572.200000,0.000000,6,9,12,15,26,38,56,67,86,96,96,79752,8,7,17.122659421594584,1.860347983893007,1802.4050199892372,2142.94743705487
1781617066,300,GET,/feed/{user_id}?with_fof=true,275.000000,0.000000,7,9,13,16,28,41,63,75,190,200,200,39939,8,7,22.60955571748581,1.9991070148535073,5962.780653004302,5110.519291920178
1781617066,300,POST,/likes,27.400000,0.000000,8,9,10,12,15,19,32,53,67,67,67,3903,0,8,14.234617659913974,2.9441329825203866,1641.378801985411,180.9584934665642
1781617066,300,POST,/posts,42.600000,0.000000,9,11,13,14,19,26,41,43,59,59,59,5954,0,9,13.444393444096974,3.501578001305461,1649.599438009318,228.57608330534094
1781617066,300,GET,/timeline/{user_id},347.000000,0.000000,6,9,12,16,27,39,63,82,190,230,230,50056,7,7,35.65218113083705,1.9032229902222753,5678.169366990915,1795.935312450056
1781617066,300,GET,/users/{user_id},144.600000,0.000000,6,8,11,14,25,36,52,64,86,91,91,19892,7,6,16.192524209502807,1.6736980178393424,1740.0495680049062,263.32837321536294
1781617066,300,,Aggregated,1408.800000,0.000000,7,9,12,15,26,38,58,70,170,220,230,199496,30,7,22.611392115857054,1.6736980178393424,5962.780653004302,2367.0452690780767
1781617067,300,GET,/feed/{user_id},573.000000,0.000000,7,9,13,16,28,39,56,67,85,96,96,80332,8,7,17.092509785554164,1.860347983893007,1802.4050199892372,2140.531419608624
1781617067,300,GET,/feed/{user_id}?with_fof=true,273.800000,0.000000,7,10,13,17,29,41,63,78,200,230,230,40214,8,7,22.56297636129198,1.9991070148535073,5962.780653004302,5113.389864226388
1781617067,300,POST,/likes,27.000000,0.000000,8,9,10,12,15,19,32,53,67,67,67,3928,0,8,14.20106312948121,2.9441329825203866,1641.378801985411,180.95875763747455
1781617067,300,POST,/posts,43.600000,0.000000,9,11,13,15,20,26,37,43,59,59,59,6004,0,9,13.432060458889259,3.501578001305461,1649.599438009318,228.57578281145902
1781617067,300,GET,/timeline/{user_id},348.300000,0.000000,7,9,13,17,29,40,63,83,200,230,230,50399,7,7,35.50443021451058,1.9032229902222753,5678.169366990915,1795.4515962618307
1781617067,300,GET,/users/{user_id},144.400000,0.000000,6,8,12,15,27,36,54,66,86,91,91,20039,7,6,16.154754939841002,1.6736980178393424,1740.0495680049062,263.33464743749687
1781617067,300,,Aggregated,1410.100000,0.000000,7,9,13,16,28,39,57,70,180,230,230,200916,30,7,22.54655580976347,1.6736980178393424,5962.780653004302,2366.322906090107
1781617068,300,GET,/feed/{user_id},573.600000,0.000000,7,9,12,15,27,37,51,64,85,96,96,80886,8,7,17.03482488749893,1.860347983893007,1802.4050199892372,2140.904458126252
1781617068,300,GET,/feed/{user_id}?with_fof=true,274.500000,0.000000,7,9,13,17,28,39,60,74,200,230,230,40505,8,7,22.471101416339916,1.9991070148535073,5962.780653004302,5110.821701024565
1781617068,300,POST,/likes,27.300000,0.000000,8,10,11,12,15,18,31,53,67,67,67,3966,0,8,14.149582615157776,2.9441329825203866,1641.378801985411,180.96041351487645
1781617068,300,POST,/posts,42.200000,0.000000,9,11,12,14,18,25,31,43,59,59,59,6040,0,9,13.40881899091826,3.501578001305461,1649.599438009318,228.57350993377483
1781617068,300,GET,/timeline/{user_id},350.300000,0.000000,6,9,13,17,28,38,57,80,200,230,230,50771,7,7,35.31620870652731,1.9032229902222753,5678.169366990915,1795.34630005318
1781617068,300,GET,/users/{user_id},140.200000,0.000000,6,8,12,15,26,35,49,63,86,91,91,20179,7,6,16.09701287180953,1.6736980178393424,1740.0495680049062,263.3394618167402
1781617068,300,,Aggregated,1408.100000,0.000000,7,9,12,16,27,37,53,67,180,230,230,202347,30,7,22.451719941759603,1.6736980178393424,5962.780653004302,2365.9691421172543
1781617069,300,GET,/feed/{user_id},567.200000,0.000000,7,9,14,17,29,40,55,65,89,97,97,81417,8,7,17.039459905542778,1.860347983893007,1802.4050199892372,2139.1181571416287
1781617069,300,GET,/feed/{user_id}?with_fof=true,280.000000,0.000000,7,10,14,18,30,42,61,74,190,230,230,40798,8,7,22.440266199516994,1.9991070148535073,5962.780653004302,5111.202166772881
1781617069,300,POST,/likes,27.900000,0.000000,8,10,11,12,16,19,28,36,63,63,63,3995,0,8,14.133619287550141,2.9441329825203866,1641.378801985411,180.95994993742178
1781617069,300,POST,/posts,42.000000,0.000000,10,11,13,15,23,31,45,53,63,63,63,6097,0,9,13.458544673150756,3.501578001305461,1649.599438009318,228.57438084303757
1781617069,300,GET,/timeline/{user_id},350.800000,0.000000,7,10,15,18,29,42,64,96,210,230,230,51119,7,7,35.21280696387635,1.9032229902222753,5678.169366990915,1793.1314579706175
1781617069,300,GET,/users/{user_id},138.400000,0.000000,6,9,13,17,27,36,51,61,91,93,93,20315,7,6,16.099291110948293,1.6736980178393424,1740.0495680049062,263.34314545902043
1781617069,300,,Aggregated,1406.300000,0.000000,7,10,14,17,29,40,57,69,180,230,230,203741,30,7,22.42278589762829,1.6736980178393424,5962.780653004302,2364.8498093167304
1781617070,300,GET,/feed/{user_id},566.300000,0.000000,6,9,13,16,28,40,55,65,89,97,97,81995,8,7,16.974670440329138,1.860347983893007,1802.4050199892372,2137.9873284956398
1781617070,300,GET,/feed/{user_id}?with_fof=true,282.300000,0.000000,7,9,13,17,30,42,61,75,190,230,230,41071,8,7,22.35465792742356,1.9991070148535073,5962.780653004302,5112.317961578729
1781617070,300,POST,/likes,28.800000,0.000000,8,9,10,11,15,19,25,41,63,63,63,4025,0,8,14.096233495619575,2.9441329825203866,1641.378801985411,180.96049689440994
1781617070,300,POST,/posts,41.900000,0.000000,9,11,13,14,22,31,45,56,63,63,63,6136,0,9,13.43633114932332,3.501578001305461,1649.599438009318,228.57415254237287
1781617070,300,GET,/timeline/{user_id},350.100000,0.000000,6,9,14,17,29,42,64,96,210,230,230,51490,7,7,35.02387809124633,1.9032229902222753,5678.169366990915,1793.7073218100602
1781617070,300,GET,/users/{user_id},139.400000,0.000000,6,8,11,15,25,34,50,61,91,93,93,20449,7,6,16.038921583008243,1.6736980178393424,1740.0495680049062,263.34705853586973
1781617070,300,,Aggregated,1408.800000,0.000000,7,9,13,16,28,40,57,69,170,230,230,205166,30,7,22.325864502955113,1.6736980178393424,5962.780653004302,2364.6527835996217
1781617071,300,GET,/feed/{user_id},562.500000,0.000000,7,9,13,16,28,38,53,63,89,97,97,82576,8,7,16.929951088510833,1.860347983893007,1802.4050199892372,2138.8815878705677
1781617071,300,GET,/feed/{user_id}?with_fof=true,282.400000,0.000000,7,9,13,17,29,41,59,72,180,230,230,41337,8,7,22.277093017958098,1.9991070148535073,5962.780653004302,5116.656965914314
1781617071,300,POST,/likes,28.600000,0.000000,8,9,10,11,15,19,25,41,63,63,63,4046,0,8,14.065898161353745,2.9441329825203866,1641.378801985411,180.96144340088978
1781617071,300,POST,/posts,43.500000,0.000000,9,11,12,14,22,31,45,56,63,63,63,6180,0,9,13.414448170434243,3.501578001305461,1649.599438009318,228.57265372168285
1781617071,300,GET,/timeline/{user_id},351.300000,0.000000,7,9,14,17,28,41,63,89,210,230,230,51838,7,7,34.86374457574326,1.9032229902222753,5678.169366990915,1793.3349087541958
1781617071,300,GET,/users/{user_id},139.100000,0.000000,6,8,11,14,24,33,50,61,91,93,93,20596,7,6,15.988017108607997,1.6736980178393424,1740.0495680049062,263.3489998057875
1781617071,300,,Aggregated,1407.400000,0.000000,7,9,13,16,27,39,55,67,170,230,230,206573,30,7,22.24513242538254,1.6736980178393424,5962.780653004302,2365.551717794678
1781617072,300,GET,/feed/{user_id},565.100000,0.000000,6,9,12,15,27,37,52,63,89,97,97,83132,8,7,16.874668994540723,1.860347983893007,1802.4050199892372,2139.1490280517733
1781617072,300,GET,/feed/{user_id}?with_fof=true,281.800000,0.000000,7,9,13,16,28,40,58,73,190,230,230,41655,8,7,22.180324398727393,1.9991070148535073,5962.780653004302,5113.419973592606
1781617072,300,POST,/likes,28.200000,0.000000,7,9,10,11,15,19,36,50,63,63,63,4073,0,8,14.04862546202437,2.9441329825203866,1641.378801985411,180.96071691627793
1781617072,300,POST,/posts,43.300000,0.000000,9,11,13,14,21,29,43,53,63,63,63,6230,0,9,13.385574147885368,3.501578001305461,1649.599438009318,228.57174959871588
1781617072,300,GET,/timeline/{user_id},352.700000,0.000000,6,9,13,16,27,40,64,97,210,230,230,52197,7,7,34.689343812422194,1.9032229902222753,5678.169366990915,1791.073567446405
1781617072,300,GET,/users/{user_id},138.800000,0.000000,6,8,11,14,24,32,48,60,91,93,93,20723,7,6,15.94084258890403,1.6736980178393424,1740.0495680049062,263.3503353761521
1781617072,300,,Aggregated,1409.900000,0.000000,6,9,12,16,27,37,54,67,180,230,230,208010,30,7,22.154609557608374,1.6736980178393424,5962.780653004302,2364.9746502571993
1781617073,300,GET,/feed/{user_id},569.300000,0.000000,6,9,12,16,28,39,56,68,100,120,120,83690,8,7,16.855463543338363,1.860347983893007,1802.4050199892372,2140.2625642251164
1781617073,300,GET,/feed/{user_id}?with_fof=true,279.500000,0.000000,7,9,13,17,30,43,62,81,190,230,230,41949,8,7,22.130703561307733,1.9991070148535073,5962.780653004302,5112.495291902072
1781617073,300,POST,/likes,27.000000,0.000000,7,9,10,11,16,21,36,41,63,63,63,4102,0,8,14.023631713514296,2.9441329825203866,1641.378801985411,180.9612384202828
1781617073,300,POST,/posts,43.300000,0.000000,9,11,13,14,22,29,43,53,63,63,63,6266,0,9,13.37598316062697,3.501578001305461,1649.599438009318,228.57101819342483
1781617073,300,GET,/timeline/{user_id},354.800000,0.000000,6,9,13,17,28,41,69,96,200,210,210,52551,7,7,34.55480900275663,1.9032229902222753,5678.169366990915,1791.3622576164107
1781617073,300,GET,/users/{user_id},137.400000,0.000000,6,8,11,14,25,32,50,61,91,93,93,20858,7,6,15.909328136536631,1.6736980178393424,1740.0495680049062,263.35295809761243
1781617073,300,,Aggregated,1411.300000,0.000000,6,9,13,16,28,39,58,74,170,210,230,209416,30,7,22.099839599573567,1.6736980178393424,5962.780653004302,2365.569307025251
1781617074,300,GET,/feed/{user_id},563.500000,0.000000,6,9,12,16,27,37,51,63,100,120,120,84255,8,7,16.81810166911003,1.860347983893007,1802.4050199892372,2138.7758708681977
1781617074,300,GET,/feed/{user_id}?with_fof=true,284.600000,0.000000,7,9,13,17,29,39,56,76,190,230,230,42240,8,7,22.060588526359094,1.9991070148535073,5962.780653004302,5113.574053030303
1781617074,300,POST,/likes,27.500000,0.000000,7,9,10,11,16,21,32,41,63,63,63,4130,0,8,13.987798010845856,2.9441329825203866,1641.378801985411,180.96150121065375
1781617074,300,POST,/posts,42.300000,0.000000,9,11,13,14,22,27,36,46,63,63,63,6320,0,9,13.349191093119414,3.501578001305461,1649.599438009318,228.57009493670887
1781617074,300,GET,/timeline/{user_id},356.500000,0.000000,6,9,13,16,27,38,57,88,200,210,210,52902,7,7,34.400480826714826,1.8971429963130504,5678.169366990915,1790.4498884730256
1781617074,300,GET,/users/{user_id},138.300000,0.000000,6,8,11,15,25,32,46,54,76,93,93,21002,7,6,15.882871618321603,1.6736980178393424,1740.0495680049062,263.3545376630797
1781617074,300,,Aggregated,1412.700000,0.000000,7,9,13,16,27,37,52,67,170,210,230,210849,30,7,22.02719109599942,1.6736980178393424,5962.780653004302,2364.9209386812363
1781617075,300,GET,/feed/{user_id},562.800000,0.000000,6,9,13,16,27,37,51,63,100,120,120,84799,8,7,16.784590402503916,1.860347983893007,1802.4050199892372,2136.8247620844586
1781617075,300,GET,/feed/{user_id}?with_fof=true,287.100000,0.000000,7,9,13,17,29,39,56,75,190,230,230,42520,8,7,21.99410560146954,1.9991070148535073,5962.780653004302,5116.2884289746
1781617075,300,POST,/likes,27.700000,0.000000,7,9,10,12,17,22,32,41,63,63,63,4155,0,8,13.954010892871803,2.9441329825203866,1641.378801985411,180.9626955475331
1781617075,300,POST,/posts,41.500000,0.000000,9,11,13,14,22,27,36,46,63,63,63,6361,0,9,13.323982544180929,3.501578001305461,1649.599438009318,228.57003615783682
1781617075,300,GET,/timeline/{user_id},353.000000,0.000000,6,9,13,16,27,38,57,83,200,210,210,53256,7,7,34.247789216316406,1.8971429963130504,5678.169366990915,1790.3695733814031
1781617075,300,GET,/users/{user_id},136.300000,0.000000,6,8,11,14,24,31,46,54,76,93,93,21149,7,6,15.841470617379843,1.6736980178393424,1740.0495680049062,263.3586457988557
1781617075,300,,Aggregated,1408.400000,0.000000,6,9,13,16,27,36,52,66,160,210,230,212240,30,7,21.957077575060744,1.6736980178393424,5962.780653004302,2364.6283217112705
1781617076,300,GET,/feed/{user_id},557.100000,0.000000,6,9,13,16,27,36,52,65,110,150,150,85388,8,7,16.755147970122202,1.860347983893007,1802.4050199892372,2137.639762027451
1781617076,300,GET,/feed/{user_id}?with_fof=true,288.900000,0.000000,7,9,13,17,28,40,60,85,210,230,230,42842,8,7,21.94564333024933,1.9991070148535073,5962.780653004302,5119.939848746557
1781617076,300,POST,/likes,27.200000,0.000000,8,9,11,12,17,22,36,49,63,63,63,4180,0,8,13.946188498046372,2.9441329825203866,1641.378801985411,180.96196172248804
1781617076,300,POST,/posts,43.700000,0.000000,9,11,13,14,21,27,37,49,69,69,69,6406,0,9,13.32728843483594,3.501578001305461,1649.599438009318,228.5691539182017
1781617076,300,GET,/timeline/{user_id},355.700000,0.000000,6,9,13,16,26,37,64,88,200,210,210,53608,7,7,34.10555694613308,1.8971429963130504,5678.169366990915,1790.1688927025816
1781617076,300,GET,/users/{user_id},136.900000,0.000000,6,8,11,14,24,32,48,57,93,120,120,21271,7,6,15.809784296700249,1.6736980178393424,1740.0495680049062,263.36157209346055
1781617076,300,,Aggregated,1409.500000,0.000000,7,9,13,16,26,36,54,73,170,210,230,213695,30,7,21.896507277222597,1.6736980178393424,5962.780653004302,2366.3034698986876
1781617077,300,GET,/feed/{user_id},560.300000,0.000000,6,9,13,16,27,38,54,67,110,150,150,85977,8,7,16.714203919412004,1.860347983893007,1802.4050199892372,2136.5831210672623
1781617077,300,GET,/feed/{user_id}?with_fof=true,289.000000,0.000000,7,9,13,17,28,41,60,84,170,210,210,43105,8,7,21.87497227724741,1.9991070148535073,5962.780653004302,5117.765595638557
1781617077,300,POST,/likes,27.400000,0.000000,8,9,11,12,17,22,38,49,63,63,63,4202,0,8,13.91778052780901,2.9441329825203866,1641.378801985411,180.9607329842932
1781617077,300,POST,/posts,43.900000,0.000000,9,11,13,14,22,28,38,49,69,69,69,6446,0,9,13.309196198662795,3.501578001305461,1649.599438009318,228.56825938566553
1781617077,300,GET,/timeline/{user_id},354.600000,0.000000,6,9,13,16,27,39,63,83,190,210,210,53958,7,7,33.95938880698582,1.8971429963130504,5678.169366990915,1792.911523777753
1781617077,300,GET,/users/{user_id},136.000000,0.000000,6,8,12,14,25,33,50,57,93,120,120,21413,7,6,15.776719648117664,1.6736980178393424,1740.0495680049062,263.3663195255219
1781617077,300,,Aggregated,1411.200000,0.000000,7,9,13,16,26,38,55,72,160,210,210,215101,30,7,21.824347548067568,1.6736980178393424,5962.780653004302,2365.9277455706856
1781617078,300,GET,/feed/{user_id},559.500000,0.000000,6,9,12,15,25,35,50,66,110,150,150,86540,8,7,16.682983003654257,1.860347983893007,1802.4050199892372,2136.5686272244047
1781617078,300,GET,/feed/{user_id}?with_fof=true,289.200000,0.000000,6,9,13,16,26,37,52,82,190,210,210,43407,8,7,21.800476416174742,1.9991070148535073,5962.780653004302,5117.843043748704
1781617078,300,POST,/likes,28.200000,0.000000,7,9,11,12,16,22,38,43,50,50,50,4232,0,8,13.886610841398541,2.9441329825203866,1641.378801985411,180.9586483931947
1781617078,300,POST,/posts,44.300000,0.000000,8,11,12,13,18,23,27,37,69,69,69,6493,0,9,13.287069423923807,3.501578001305461,1649.599438009318,228.56830432773756
1781617078,300,GET,/timeline/{user_id},353.800000,0.000000,6,9,12,15,24,35,56,76,190,210,210,54283,7,7,33.817007324653986,1.8971429963130504,5678.169366990915,1794.8716541090212
1781617078,300,GET,/users/{user_id},136.700000,0.000000,6,8,11,13,23,31,45,53,74,120,120,21570,7,6,15.731011994717537,1.6736980178393424,1740.0495680049062,263.36898470097356
1781617078,300,,Aggregated,1411.700000,0.000000,6,9,12,15,24,35,50,67,170,210,210,216525,30,7,21.75308276233071,1.6736980178393424,5962.780653004302,2366.5196166724395
1781617079,300,GET,/feed/{user_id},560.700000,0.000000,6,9,13,16,27,38,54,71,110,150,150,87103,8,7,16.666616219973946,1.860347983893007,1802.4050199892372,2136.2048149891507
1781617079,300,GET,/feed/{user_id}?with_fof=true,288.000000,0.000000,7,9,13,16,27,40,59,84,190,210,210,43671,8,7,21.75574696089045,1.9991070148535073,5962.780653004302,5118.30965629365
1781617079,300,POST,/likes,26.700000,0.000000,8,10,11,12,16,23,38,43,50,50,50,4256,0,8,13.864121224820762,2.9441329825203866,1641.378801985411,180.95864661654136
1781617079,300,POST,/posts,44.600000,0.000000,9,11,13,14,18,24,28,37,69,69,69,6530,0,9,13.276420874372453,3.501578001305461,1649.599438009318,228.5678407350689
1781617079,300,GET,/timeline/{user_id},354.100000,0.000000,6,9,13,16,27,39,61,79,190,210,210,54642,7,7,33.70432285648344,1.8971429963130504,5678.169366990915,1793.7345082537242
1781617079,300,GET,/users/{user_id},138.300000,0.000000,6,8,11,13,25,34,50,55,80,120,120,21700,7,6,15.708581430823832,1.6736980178393424,1740.0495680049062,263.3727188940092
1781617079,300,,Aggregated,1412.400000,0.000000,7,9,13,16,26,38,54,71,170,210,210,217902,30,7,21.70726314101162,1.6736980178393424,5962.780653004302,2366.1218621215044
1781617080,300,GET,/feed/{user_id},562.300000,0.000000,7,9,13,17,28,39,56,71,110,150,150,87679,8,7,16.64465941640342,1.860347983893007,1802.4050199892372,2136.986849758779
1781617080,300,GET,/feed/{user_id}?with_fof=true,288.000000,0.000000,7,10,14,17,28,42,64,85,190,210,210,43966,8,7,21.716169751965015,1.9991070148535073,5962.780653004302,5118.477255151708
1781617080,300,POST,/likes,26.500000,0.000000,8,10,11,13,16,23,37,43,50,50,50,4283,0,8,13.84697184820929,2.9441329825203866,1641.378801985411,180.95797338314264
1781617080,300,POST,/posts,44.900000,0.000000,9,11,13,14,18,25,33,40,69,69,69,6561,0,9,13.27537902129664,3.501578001305461,1649.599438009318,228.56805365035817
1781617080,300,GET,/timeline/{user_id},353.100000,0.000000,6,9,14,17,28,41,63,79,190,210,210,54986,7,7,33.58654056354706,1.8971429963130504,5678.169366990915,1792.9670643436511
1781617080,300,GET,/users/{user_id},137.800000,0.000000,6,9,12,14,26,37,51,60,80,120,120,21859,7,6,15.69209328957969,1.6736980178393424,1740.0495680049062,263.37659545267394
1781617080,300,,Aggregated,1412.600000,0.000000,7,9,13,16,27,39,57,72,170,210,210,219334,30,7,21.658153962059643,1.6736980178393424,5962.780653004302,2366.3807480828327
1781617081,300,GET,/feed/{user_id},564.100000,0.000000,7,10,14,18,30,41,59,74,110,150,150,88239,8,7,16.630390432159107,1.860347983893007,1802.4050199892372,2138.452033681252
1781617081,300,GET,/feed/{user_id}?with_fof=true,286.700000,0.000000,7,10,15,18,31,46,67,89,190,210,210,44244,8,7,21.685837152651548,1.9991070148535073,5962.780653004302,5116.582632673357
1781617081,300,POST,/likes,25.800000,0.000000,8,10,12,13,17,23,37,44,50,50,50,4310,0,8,13.835219450797638,2.9441329825203866,1641.378801985411,180.95730858468679
1781617081,300,POST,/posts,42.900000,0.000000,9,11,13,14,18,26,33,42,69,69,69,6612,0,9,13.264958643780663,3.501578001305461,1649.599438009318,228.56699939503932
1781617081,300,GET,/timeline/{user_id},352.100000,0.000000,7,10,14,18,30,44,67,86,190,210,210,55338,7,7,33.47050587822771,1.8971429963130504,5678.169366990915,1795.0732046694857
1781617081,300,GET,/users/{user_id},138.300000,0.000000,6,9,12,15,27,39,55,67,110,120,120,22013,7,6,15.668612673274684,1.6736980178393424,1740.0495680049062,263.38054785808384
1781617081,300,,Aggregated,1409.900000,0.000000,7,10,14,17,29,42,63,76,170,210,210,220756,30,7,21.61372251615773,1.6736980178393424,5962.780653004302,2366.8562530576746
1781617082,300,GET,/feed/{user_id},565.800000,0.000000,7,10,14,18,31,45,63,77,110,150,150,88819,8,7,16.61320286307469,1.860347983893007,1802.4050199892372,2139.3054076267467
1781617082,300,GET,/feed/{user_id}?with_fof=true,288.000000,0.000000,7,10,15,18,32,49,70,90,190,210,210,44525,8,7,21.633834272603714,1.9991070148535073,5962.780653004302,5116.831487928131
1781617082,300,POST,/likes,25.400000,0.000000,8,10,11,13,16,23,32,43,49,49,49,4332,0,8,13.804073401890227,2.9441329825203866,1641.378801985411,180.957756232687
1781617082,300,POST,/posts,42.300000,0.000000,9,11,13,14,18,26,33,40,69,69,69,6659,0,9,13.255929433794382,3.501578001305461,1649.599438009318,228.56810331881664
1781617082,300,GET,/timeline/{user_id},349.800000,0.000000,7,10,14,18,30,46,69,88,190,210,210,55679,7,7,33.34776566580406,1.8971429963130504,5678.169366990915,1794.917778695738
1781617082,300,GET,/users/{user_id},139.300000,0.000000,6,9,12,15,27,43,62,69,110,120,120,22149,7,6,15.649159009479105,1.6736980178393424,1740.0495680049062,263.38272608244165
1781617082,300,,Aggregated,1410.600000,0.000000,7,10,14,17,30,44,66,79,170,210,210,222163,30,7,21.561954436908586,1.6736980178393424,5962.780653004302,2367.256131759114
1781617083,300,GET,/feed/{user_id},565.600000,0.000000,7,10,15,19,32,46,62,74,110,150,150,89386,8,7,16.595310688189368,1.860347983893007,1802.4050199892372,2139.1650817801446
1781617083,300,GET,/feed/{user_id}?with_fof=true,289.100000,0.000000,7,10,15,18,32,49,70,91,200,210,210,44802,8,7,21.59399851151235,1.9991070148535073,5962.780653004302,5116.211843221285
1781617083,300,POST,/likes,26.200000,0.000000,8,10,11,13,16,21,32,43,49,49,49,4374,0,8,13.754025364893652,2.9441329825203866,1641.378801985411,180.9570187471422
1781617083,300,POST,/posts,42.800000,0.000000,9,11,13,14,19,26,36,42,69,69,69,6686,0,9,13.245663440274848,3.501578001305461,1649.599438009318,228.56805264732276
1781617083,300,GET,/timeline/{user_id},347.100000,0.000000,7,10,14,18,31,45,67,81,190,210,210,56032,7,7,33.22024001289761,1.8971429963130504,5678.169366990915,1795.9658766419188
1781617083,300,GET,/users/{user_id},142.000000,0.000000,6,9,12,15,28,43,62,70,110,120,120,22292,7,6,15.62322503764837,1.6736980178393424,1740.0495680049062,263.3845774268796
1781617083,300,,Aggregated,1412.800000,0.000000,7,10,14,18,31,45,65,76,170,210,210,223572,30,7,21.510890434118934,1.6736980178393424,5962.780653004302,2367.2489131018197
1781617084,300,GET,/feed/{user_id},566.200000,0.000000,7,10,14,18,32,48,66,77,110,150,150,89951,8,7,16.575644061052373,1.860347983893007,1802.4050199892372,2140.171026447733
1781617084,300,GET,/feed/{user_id}?with_fof=true,285.200000,0.000000,7,10,14,18,33,51,71,91,200,210,210,45067,8,7,21.54872023599277,1.9991070148535073,5962.780653004302,5116.106974060843
1781617084,300,POST,/likes,25.800000,0.000000,8,10,12,13,17,22,28,43,49,49,49,4397,0,8,13.735972394134082,2.9441329825203866,1641.378801985411,180.9549692972481
1781617084,300,POST,/posts,42.900000,0.000000,9,12,13,15,20,30,38,42,69,69,69,6739,0,9,13.244490014332289,3.501578001305461,1649.599438009318,228.56729485086808
1781617084,300,GET,/timeline/{user_id},346.800000,0.000000,7,9,13,17,31,48,69,86,190,210,210,56386,7,7,33.098419150736355,1.8971429963130504,5678.169366990915,1795.0712588231122
1781617084,300,GET,/users/{user_id},141.700000,0.000000,6,8,12,15,28,43,64,70,110,120,120,22428,7,6,15.598880426766005,1.6736980178393424,1740.0495680049062,263.38581237738543
1781617084,300,,Aggregated,1408.600000,0.000000,7,10,14,17,31,47,66,79,180,210,210,224968,30,7,21.460486714019968,1.6736980178393424,5962.780653004302,2367.1730912840935
1781617085,300,GET,/feed/{user_id},567.000000,0.000000,7,9,14,18,32,46,63,74,110,120,120,90502,8,7,16.53409332706465,1.860347983893007,1802.4050199892372,2140.8091423393957
1781617085,300,GET,/feed/{user_id}?with_fof=true,284.900000,0.000000,7,10,14,18,32,49,67,84,210,250,250,45355,8,7,21.49115696604293,1.9991070148535073,5962.780653004302,5117.058890971227
1781617085,300,POST,/likes,26.700000,0.000000,8,9,12,13,17,21,27,37,44,44,44,4426,0,8,13.704180457762932,2.9441329825203866,1641.378801985411,180.95549028468142
1781617085,300,POST,/posts,42.600000,0.000000,10,12,13,15,21,27,33,38,58,58,58,6788,0,9,13.239109074764572,3.501578001305461,1649.599438009318,228.56806128461992
1781617085,300,GET,/timeline/{user_id},348.800000,0.000000,6,9,13,17,31,48,68,86,190,210,210,56746,7,7,32.95997433428854,1.8971429963130504,5678.169366990915,1795.648362880203
1781617085,300,GET,/users/{user_id},143.600000,0.000000,6,8,12,14,27,43,63,69,100,110,110,22558,7,6,15.552558316587575,1.6736980178393424,1740.0495680049062,263.3887312705027
1781617085,300,,Aggregated,1413.600000,0.000000,7,9,13,17,30,46,65,76,180,210,250,226375,30,7,21.39283502005737,1.6736980178393424,5962.780653004302,2367.847726118167
1781617086,300,GET,/feed/{user_id},570.500000,0.000000,7,10,14,19,33,47,65,75,110,120,120,91093,8,7,16.50691763459211,1.860347983893007,1802.4050199892372,2140.9441120613
1781617086,300,GET,/feed/{user_id}?with_fof=true,281.600000,0.000000,7,10,15,19,34,50,67,84,210,630,630,45637,8,7,21.44946497037663,1.9991070148535073,5962.780653004302,5117.725507811644
1781617086,300,POST,/likes,26.500000,0.000000,8,9,11,13,16,20,27,37,44,44,44,4456,0,8,13.668180886467994,2.9441329825203866,1641.378801985411,180.95511669658887
1781617086,300,POST,/posts,41.300000,0.000000,10,12,14,15,21,29,36,42,62,62,62,6831,0,9,13.247009586667629,3.501578001305461,1649.599438009318,228.56814522031914
1781617086,300,GET,/timeline/{user_id},345.300000,0.000000,7,9,13,17,33,49,68,96,190,210,210,57087,7,7,32.84674938368739,1.8971429963130504,5678.169366990915,1794.7865713735175
1781617086,300,GET,/users/{user_id},142.500000,0.000000,6,8,12,14,27,43,63,69,100,110,110,22699,7,6,15.519177702255979,1.6736980178393424,1740.0495680049062,263.39217586677825
1781617086,300,,Aggregated,1407.700000,0.000000,7,10,14,17,32,47,65,76,180,250,630,227803,30,7,21.34011323023667,1.6736980178393424,5962.780653004302,2367.7829791530403
