Timestamp,User Count,Type,Name,Requests/s,Failures/s,50%,66%,75%,80%,90%,95%,98%,99%,99.9%,99.99%,100%,Total Request Count,Total Failure Count,Total Median Response Time,Total Average Response Time,Total Min Response Time,Total Max Response Time,Total Average Content Size
1781617092,0,,Aggregated,0.000000,0.000000,N/A,N/A,N/A,N/A,N/A,N/A,N/A,N/A,N/A,N/A,N/A,0,0,0,0.0,0,0,0
1781617093,20,GET,/feed/{user_id},0.000000,0.000000,0,0,0,0,0,0,0,0,0,0,0,33,0,4,12.673377060282016,2.4985549971461296,38.989202002994716,7312.030303030303
1781617093,20,GET,/feed/{user_id}?with_fof=true,0.000000,0.000000,0,0,0,0,0,0,0,0,0,0,0,19,0,15,75.97834458207025,2.4082090239971876,195.36491800681688,10276.78947368421
1781617093,20,POST,/likes,0.000000,0.000000,0,0,0,0,0,0,0,0,0,0,0,1,0,4.137200012337416,4.137200012337416,4.137200012337416,4.137200012337416,177.0
1781617093,20,POST,/posts,0.000000,0.000000,0,0,0,0,0,0,0,0,0,0,0,1,0,3.7534349830821157,3.7534349830821157,3.7534349830821157,3.7534349830821157,228.0
1781617093,20,GET,/timeline/{user_id},0.000000,0.000000,0,0,0,0,0,0,0,0,0,0,0,28,0,3,55.63019135297509,2.368379005929455,194.06230599270202,5332.607142857143
1781617093,20,GET,/users/{user_id},0.000000,0.000000,0,0,0,0,0,0,0,0,0,0,0,9,0,3,7.752762670861557,2.246786985779181,17.793156002881005,270.8888888888889
1781617093,20,,Aggregated,0.000000,0.000000,0,0,0,0,0,0,0,0,0,0,0,91,0,4,38.429899417199096,2.246786985779181,195.36491800681688,6469.3626373626375
1781617094,40,GET,/feed/{user_id},0.000000,0.000000,3,3,4,4,12,14,18,21,22,22,22,124,0,3,6.717933571405498,2.287458017235622,38.989202002994716,7625.169354838709
1781617094,40,GET,/feed/{user_id}?with_fof=true,0.000000,0.000000,3,4,15,24,120,130,200,200,200,200,200,49,0,3,35.35862900055375,2.2043030185159296,195.36491800681688,10263.755102040815
1781617094,40,POST,/likes,0.000000,0.000000,0,0,0,0,0,0,0,0,0,0,0,3,0,5,6.700204345785703,4.137200012337416,11.39769100700505,179.0
1781617094,40,POST,/posts,0.000000,0.000000,0,0,0,0,0,0,0,0,0,0,0,8,0,4,4.60518800173304,3.7534349830821157,6.109887006459758,228.0
1781617094,40,GET,/timeline/{user_id},0.000000,0.000000,3,4,15,21,140,150,180,190,190,190,190,74,0,3,33.61233293135474,2.144363010302186,194.06230599270202,4777.540540540541
1781617094,40,GET,/users/{user_id},0.000000,0.000000,3,3,3,3,8,11,11,11,11,11,11,24,0,3,4.7070637507810416,1.8453249940648675,17.793156002881005,270.5
1781617094,40,,Aggregated,0.000000,0.000000,3,4,4,10,21,130,150,180,200,200,200,282,0,3,18.52064137543132,1.8453249940648675,195.36491800681688,6421.404255319149
1781617095,60,GET,/feed/{user_id},19.000000,0.000000,3,3,4,4,13,24,34,36,40,40,40,247,0,3,6.558990549967296,2.0455860067158937,39.67857497627847,7634.538461538462
1781617095,60,GET,/feed/{user_id}?with_fof=true,5.000000,0.000000,3,3,8,15,110,130,140,200,200,200,200,101,0,3,25.043975337383124,2.2043030185159296,195.36491800681688,9576.0
1781617095,60,POST,/likes,0.000000,0.000000,3,4,4,5,5,5,5,5,5,5,5,7,0,4,4.834203290686544,3.2491589954588562,11.39769100700505,179.85714285714286
1781617095,60,POST,/posts,0.000000,0.000000,5,5,5,5,6,36,36,36,36,36,36,16,0,4,6.461961251261528,3.6848820163868368,35.9325020108372,227.875
1781617095,60,GET,/timeline/{user_id},11.000000,0.000000,3,3,8,15,120,150,170,180,190,190,190,151,0,3,23.774356276740548,2.102200989611447,194.06230599270202,5155.682119205298
1781617095,60,GET,/users/{user_id},5.000000,0.000000,3,3,3,4,5,30,31,42,42,42,42,61,0,3,5.0944672300113885,1.8186949891969562,42.109747999347746,269.6885245901639
1781617095,60,,Aggregated,40.000000,0.000000,3,3,4,5,25,60,140,150,200,200,200,583,0,3,14.043624831545669,1.8186949891969562,195.36491800681688,6265.4734133790735
1781617096,80,GET,/feed/{user_id},37.000000,0.000000,3,3,4,4,11,18,29,35,40,40,40,403,0,3,5.539346527783131,2.0455860067158937,39.67857497627847,7432.580645161291
1781617096,80,GET,/feed/{user_id}?with_fof=true,16.000000,0.000000,3,3,4,8,36,120,130,150,200,200,200,180,0,3,18.705294355297358,2.145495993318036,195.36491800681688,9424.127777777778
1781617096,80,POST,/likes,1.000000,0.000000,4,4,4,4,4,5,5,5,5,5,5,16,0,4,4.278637252355111,3.2491589954588562,11.39769100700505,179.9375
1781617096,80,POST,/posts,1.500000,0.000000,5,5,6,6,14,14,36,36,36,36,36,30,0,5,6.371187568098928,3.6848820163868368,35.9325020108372,227.9
1781617096,80,GET,/timeline/{user_id},24.500000,0.000000,3,3,4,4,29,140,160,170,190,190,190,245,0,3,18.23562070637067,1.936232001753524,194.06230599270202,5211.461224489796
1781617096,80,GET,/users/{user_id},7.000000,0.000000,3,3,3,4,5,11,31,42,42,42,42,92,0,3,4.547699587419629,1.7359920020680875,42.109747999347746,269.30434782608694
1781617096,80,,Aggregated,87.000000,0.000000,3,3,4,4,14,34,140,150,200,200,200,966,0,3,11.123207963596476,1.7359920020680875,195.36491800681688,6214.257763975155
1781617097,100,GET,/feed/{user_id},58.666667,0.000000,3,3,4,4,11,17,27,31,40,40,40,617,0,3,5.269603281158492,2.0455860067158937,39.67857497627847,7370.983792544571
1781617097,100,GET,/feed/{user_id}?with_fof=true,23.000000,0.000000,3,3,4,4,18,110,130,150,200,200,200,286,0,3,14.681801447193822,2.145495993318036,196.39785497565754,9558.451048951049
1781617097,100,POST,/likes,2.333333,0.000000,4,4,4,4,5,5,10,10,10,10,10,25,0,4,4.382480682106689,3.2491589954588562,11.39769100700505,179.84
1781617097,100,POST,/posts,3.666667,0.000000,5,5,6,6,14,14,36,36,36,36,36,42,0,5,6.375174644441965,3.6848820163868368,35.9325020108372,227.85714285714286
1781617097,100,GET,/timeline/{user_id},35.000000,0.000000,3,3,4,4,21,140,150,160,190,190,190,361,0,3,14.711350692730202,1.936232001753524,194.06230599270202,5137.761772853186
1781617097,100,GET,/users/{user_id},12.666667,0.000000,3,3,3,3,4,11,30,31,42,42,42,136,0,3,4.07244411048048,1.7359920020680875,42.109747999347746,269.43382352941177
1781617097,100,,Aggregated,135.333333,0.000000,3,3,4,4,12,26,120,150,200,200,200,1467,0,3,9.333544505516292,1.7359920020680875,196.39785497565754,6262.477845944104
1781617098,120,GET,/feed/{user_id},78.000000,0.000000,3,3,4,4,10,17,26,29,40,40,40,829,0,3,5.081299559125593,2.0455860067158937,39.67857497627847,7324.943305186972
1781617098,120,GET,/feed/{user_id}?with_fof=true,34.250000,0.000000,3,3,4,4,22,100,130,150,200,200,200,404,0,3,13.278675296947263,2.145495993318036,196.39785497565754,9350.14603960396
1781617098,120,POST,/likes,2.500000,0.000000,4,4,4,5,6,10,10,10,10,10,10,38,0,4,4.5813347900739725,3.2491589954588562,11.39769100700505,179.92105263157896
1781617098,120,POST,/posts,6.000000,0.000000,5,5,6,6,8,14,16,36,36,36,36,64,0,5,6.051395173017227,3.3568170038051903,35.9325020108372,227.875
1781617098,120,GET,/timeline/{user_id},46.500000,0.000000,3,3,4,4,15,84,150,160,190,190,190,510,0,3,12.32309831151118,1.936232001753524,194.06230599270202,5203.005882352942
1781617098,120,GET,/users/{user_id},18.750000,0.000000,3,3,3,4,7,14,30,33,42,42,42,205,0,3,4.458511326882261,1.7359920020680875,42.109747999347746,269.3414634146341
1781617098,120,,Aggregated,186.000000,0.000000,3,4,4,4,11,24,110,140,190,200,200,2050,0,3,8.457140062663068,1.7359920020680875,196.39785497565754,6136.588292682927
1781617099,140,GET,/feed/{user_id},97.800000,0.000000,3,4,4,4,10,16,25,29,40,44,44,1081,0,3,5.108605384091984,2.0455860067158937,43.60354502568953,7332.160962072156
1781617099,140,GET,/feed/{user_id}?with_fof=true,45.200000,0.000000,3,4,4,5,16,42,130,130,200,200,200,558,0,3,11.42094801979116,2.145495993318036,196.39785497565754,9286.668458781362
1781617099,140,POST,/likes,3.800000,0.000000,4,4,5,5,7,10,17,17,17,17,17,47,0,4,4.924602851152737,3.2491589954588562,16.51149900862947,179.9787234042553
1781617099,140,POST,/posts,7.200000,0.000000,5,5,6,6,8,14,16,36,36,36,36,83,0,5,5.924713061505322,3.3568170038051903,35.9325020108372,227.86746987951807
1781617099,140,GET,/timeline/{user_id},59.400000,0.000000,3,4,4,5,15,41,150,160,190,190,190,688,0,3,12.077644552338699,1.936232001753524,194.06230599270202,5275.228197674419
1781617099,140,GET,/users/{user_id},22.600000,0.000000,3,3,4,4,8,19,31,42,47,47,47,276,0,3,4.81403899945123,1.7171920044347644,47.33561398461461,269.21014492753625
1781617099,140,,Aggregated,236.000000,0.000000,3,4,4,5,11,23,84,140,190,200,200,2733,0,3,8.143649158146207,1.7171920044347644,196.39785497565754,6161.382363702891
1781617100,160,GET,/feed/{user_id},117.166667,0.000000,3,4,4,5,10,16,25,30,40,44,44,1414,0,3,5.147884300099146,2.0455860067158937,43.60354502568953,7358.048090523338
1781617100,160,GET,/feed/{user_id}?with_fof=true,55.000000,0.000000,3,4,4,5,15,40,130,140,200,200,200,708,0,3,10.889348651058539,2.145495993318036,196.39785497565754,9288.552259887005
1781617100,160,POST,/likes,5.166667,0.000000,4,5,5,5,7,10,17,27,27,27,27,69,0,4,5.137524290425379,3.2491589954588562,26.75916801672429,180.07246376811594
1781617100,160,POST,/posts,8.500000,0.000000,5,5,6,6,8,14,14,16,36,36,36,109,0,5,5.858471523382949,3.3568170038051903,35.9325020108372,227.87155963302752
1781617100,160,GET,/timeline/{user_id},70.666667,0.000000,3,4,4,5,14,34,150,160,190,190,190,865,0,3,11.316793480944535,1.936232001753524,194.06230599270202,5341.961849710982
1781617100,160,GET,/users/{user_id},27.833333,0.000000,3,3,4,4,9,17,30,35,47,47,47,347,0,3,4.846884535980526,1.7171920044347644,47.33561398461461,269.06051873198845
1781617100,160,,Aggregated,284.333333,0.000000,3,4,4,5,11,22,43,140,190,200,200,3512,0,3,7.816835168673119,1.7171920044347644,196.39785497565754,6187.926822323462
1781617101,180,GET,/feed/{user_id},132.428571,0.000000,3,4,4,5,10,17,26,31,44,49,49,1764,0,3,5.255126469219372,2.0455860067158937,48.67719899630174,7389.744897959184
1781617101,180,GET,/feed/{user_id}?with_fof=true,66.857143,0.000000,3,4,5,5,13,34,130,140,200,200,200,884,0,3,10.338341709239803,2.145495993318036,196.39785497565754,9315.462669683258
1781617101,180,POST,/likes,6.000000,0.000000,4,5,5,6,7,9,17,27,27,27,27,86,0,4,5.1595210236480975,3.2491589954588562,26.75916801672429,180.13953488372093
1781617101,180,POST,/posts,10.000000,0.000000,5,5,6,7,8,14,18,18,36,36,36,144,0,5,5.991079792592144,3.3568170038051903,35.9325020108372,227.85416666666666
1781617101,180,GET,/timeline/{user_id},83.000000,0.000000,3,4,4,5,14,30,150,160,180,190,190,1085,0,3,10.544632688435096,1.936232001753524,194.06230599270202,5361.898617511521
1781617101,180,GET,/users/{user_id},33.714286,0.000000,3,3,4,4,10,19,30,33,47,47,47,436,0,3,5.0048286532086035,1.7171920044347644,47.33561398461461,268.92660550458714
1781617101,180,,Aggregated,332.000000,0.000000,3,4,5,5,11,21,40,130,180,200,200,4399,0,3,7.578677704157534,1.7171920044347644,196.39785497565754,6195.406683337122
1781617102,200,GET,/feed/{user_id},152.250000,0.000000,3,4,5,5,10,17,26,31,44,64,64,2173,0,3,5.371362313665055,2.0331270061433315,64.43119500181638,7336.922687528762
1781617102,200,GET,/feed/{user_id}?with_fof=true,77.375000,0.000000,3,4,5,5,14,32,130,140,200,200,200,1067,0,3,10.07665566837759,2.145495993318036,196.39785497565754,9309.481724461106
1781617102,200,POST,/likes,6.750000,0.000000,4,5,5,6,7,8,10,17,27,27,27,103,0,4,5.107679475806382,3.169831004925072,26.75916801672429,180.16504854368932
1781617102,200,POST,/posts,11.125000,0.000000,5,6,6,7,8,14,18,21,36,36,36,172,0,5,6.111835919423462,3.3568170038051903,35.9325020108372,227.83139534883722
1781617102,200,GET,/timeline/{user_id},96.750000,0.000000,3,4,5,5,14,27,140,160,180,190,190,1309,0,3,9.802202332999295,1.936232001753524,194.06230599270202,5370.268907563025
1781617102,200,GET,/users/{user_id},38.250000,0.000000,3,4,4,5,10,17,30,31,47,47,47,547,0,3,5.002346708757677,1.7171920044347644,47.33561398461461,268.9360146252285
1781617102,200,,Aggregated,382.500000,0.000000,3,4,5,5,11,21,36,130,180,200,200,5371,0,3,7.367055515451215,1.7171920044347644,196.39785497565754,6164.752187674549
1781617103,220,GET,/feed/{user_id},173.555556,0.000000,4,4,5,5,10,17,26,30,49,64,64,2617,0,4,5.46509838842936,2.0331270061433315,64.43119500181638,7290.1811234237675
1781617103,220,GET,/feed/{user_id}?with_fof=true,85.888889,0.000000,4,4,5,6,13,27,120,140,190,200,200,1265,0,4,9.812601352029521,2.145495993318036,196.39785497565754,9332.633992094861
1781617103,220,POST,/likes,8.222222,0.000000,4,5,6,6,7,8,10,17,27,27,27,127,0,4,5.115680842051708,3.169831004925072,26.75916801672429,180.1259842519685
1781617103,220,POST,/posts,13.777778,0.000000,5,6,7,7,10,14,21,27,36,36,36,203,0,5,6.42421049323378,3.3568170038051903,35.9325020108372,227.78817733990147
1781617103,220,GET,/timeline/{user_id},106.555556,0.000000,3,4,5,6,13,22,98,150,170,180,180,1563,0,3,9.400735331862517,1.936232001753524,194.06230599270202,5374.0
1781617103,220,GET,/users/{user_id},42.444444,0.000000,3,4,4,5,9,17,29,31,47,47,47,660,0,3,4.963196725337625,1.7171920044347644,47.33561398461461,268.97121212121215
1781617103,220,,Aggregated,430.444444,0.000000,4,4,5,6,11,20,32,84,170,200,200,6435,0,4,7.247547560579323,1.7171920044347644,196.39785497565754,6143.028127428128
1781617104,240,GET,/feed/{user_id},192.600000,0.000000,4,4,5,6,11,18,27,33,64,67,67,3080,0,4,5.843476174276794,2.0331270061433315,66.9821790070273,7304.069155844156
1781617104,240,GET,/feed/{user_id}?with_fof=true,94.700000,0.000000,4,4,5,6,15,27,110,140,190,200,200,1477,0,4,9.903401647459214,2.145495993318036,196.39785497565754,9308.36222071767
1781617104,240,POST,/likes,9.200000,0.000000,5,5,6,6,8,10,17,27,28,28,28,155,0,5,5.510590354266066,3.169831004925072,28.189267992274836,180.1225806451613
1781617104,240,POST,/posts,15.700000,0.000000,5,6,7,8,11,14,26,29,54,54,54,248,0,5,7.015101343342629,3.3568170038051903,53.93771798117086,227.82258064516128
1781617104,240,GET,/timeline/{user_id},117.400000,0.000000,4,4,5,6,14,22,64,150,180,180,180,1853,0,4,9.500668107719058,1.936232001753524,194.06230599270202,5383.600647598489
1781617104,240,GET,/users/{user_id},48.800000,0.000000,3,4,5,5,10,17,27,30,50,50,50,773,0,3,5.1103516165251435,1.7171920044347644,49.857824022183195,269.0569210866753
1781617104,240,,Aggregated,478.400000,0.000000,4,5,5,6,12,20,33,54,180,200,200,7586,0,4,7.484070299407771,1.7171920044347644,196.39785497565754,6131.452148694964
1781617105,260,GET,/feed/{user_id},231.600000,0.000000,4,5,6,7,15,23,38,51,74,97,97,3586,0,4,6.904808208584003,2.0331270061433315,96.63701700628735,7282.147239263803
1781617105,260,GET,/feed/{user_id}?with_fof=true,114.800000,0.000000,4,5,6,8,20,34,100,140,200,220,220,1737,0,4,10.897941567219803,2.145495993318036,216.30458600702696,9315.729994242947
1781617105,260,POST,/likes,11.300000,0.000000,5,6,6,7,10,13,24,27,28,28,28,182,0,5,6.102940675151371,3.169831004925072,28.189267992274836,180.15384615384616
1781617105,260,POST,/posts,18.600000,0.000000,6,7,8,8,12,18,26,35,54,54,54,283,0,6,7.42039451656975,3.3568170038051903,53.93771798117086,227.81272084805653
1781617105,260,GET,/timeline/{user_id},140.400000,0.000000,4,5,6,7,17,30,62,150,180,180,180,2138,0,4,10.122605645814035,1.936232001753524,194.06230599270202,5378.248362956034
1781617105,260,GET,/users/{user_id},58.900000,0.000000,3,4,5,6,12,21,36,43,64,64,64,894,0,3,5.948890195421143,1.7171920044347644,63.793398992856964,269.0950782997763
1781617105,260,,Aggregated,575.600000,0.000000,4,5,6,7,16,26,45,66,180,220,220,8820,0,4,8.374321121855639,1.7171920044347644,216.30458600702696,6137.384126984127
1781617106,280,GET,/feed/{user_id},274.200000,0.000000,4,5,7,9,19,28,45,56,76,97,97,4108,0,4,7.71388518060493,2.0331270061433315,96.63701700628735,7238.885832521909
1781617106,280,GET,/feed/{user_id}?with_fof=true,132.500000,0.000000,4,6,7,9,22,37,65,140,220,260,260,2008,0,4,11.233883628568243,2.145495993318036,263.4069040068425,9403.014940239043
1781617106,280,POST,/likes,13.200000,0.000000,5,6,7,8,11,15,26,28,35,35,35,204,0,5,6.53613982242806,3.169831004925072,34.852288983529434,180.15196078431373
1781617106,280,POST,/posts,21.400000,0.000000,6,7,8,9,12,21,27,35,54,54,54,322,0,6,7.800753037383785,3.3568170038051903,53.93771798117086,227.80434782608697
1781617106,280,GET,/timeline/{user_id},161.700000,0.000000,4,5,7,9,20,32,55,140,180,180,180,2447,0,4,10.205160435594575,1.936232001753524,194.06230599270202,5379.0396403759705
1781617106,280,GET,/users/{user_id},68.500000,0.000000,4,5,6,7,16,27,46,50,73,73,73,1042,0,4,6.82927233268884,1.7171920044347644,73.2194599986542,269.0259117082534
1781617106,280,,Aggregated,671.500000,0.000000,4,6,7,9,19,30,48,64,180,260,260,10131,0,4,8.901354555963348,1.7171920044347644,263.4069040068425,6136.762017569835
1781617107,300,GET,/feed/{user_id},309.000000,0.000000,5,6,8,11,23,36,56,69,140,150,150,4627,0,4,9.029945921532393,2.0331270061433315,146.45850102533586,7214.88502269289
1781617107,300,GET,/feed/{user_id}?with_fof=true,151.600000,0.000000,5,6,8,12,26,41,110,140,250,260,260,2275,0,4,12.300546861248561,2.145495993318036,263.4069040068425,9415.912527472528
1781617107,300,POST,/likes,15.800000,0.000000,5,6,7,9,13,21,28,56,74,74,74,228,0,5,7.285753941814938,3.169831004925072,74.38780600205064,180.12280701754386
1781617107,300,POST,/posts,25.200000,0.000000,6,8,9,10,14,22,29,41,54,54,54,363,0,6,8.220754653204505,3.3568170038051903,53.93771798117086,227.81267217630855
1781617107,300,GET,/timeline/{user_id},186.100000,0.000000,5,6,8,11,25,39,67,140,180,200,200,2808,0,4,11.417234000212833,1.936232001753524,201.83225499931723,5390.086538461538
1781617107,300,GET,/users/{user_id},78.200000,0.000000,4,5,7,10,21,39,58,72,130,160,160,1193,0,4,8.616071249495361,1.7171920044347644,158.09137900942005,269.12908633696566
1781617107,300,,Aggregated,765.900000,0.000000,5,6,8,11,23,38,61,98,180,260,260,11494,0,4,10.157400017345006,1.7171920044347644,263.4069040068425,6123.601183226031
1781617108,320,GET,/feed/{user_id},348.700000,0.000000,5,7,10,14,27,40,58,71,140,150,150,5239,0,5,9.81456765359255,2.0331270061433315,146.45850102533586,7194.530826493606
1781617108,320,GET,/feed/{user_id}?with_fof=true,170.100000,0.000000,5,7,11,15,29,45,89,140,240,260,260,2553,0,5,12.852949221434525,2.145495993318036,263.4069040068425,9418.082256169213
1781617108,320,POST,/likes,17.500000,0.000000,6,7,8,10,15,23,33,35,74,74,74,260,0,5,7.715095987077802,3.169831004925072,74.38780600205064,180.15384615384616
1781617108,320,POST,/posts,27.800000,0.000000,7,8,10,11,18,26,40,46,55,55,55,410,0,6,8.815154707607268,3.3568170038051903,55.304355977568775,227.81219512195122
1781617108,320,GET,/timeline/{user_id},206.800000,0.000000,5,7,10,14,28,43,65,130,200,210,210,3159,0,5,12.039120655223678,1.936232001753524,211.42941998550668,5383.657803102247
1781617108,320,GET,/users/{user_id},88.900000,0.000000,4,6,9,12,26,43,61,73,130,160,160,1341,0,4,9.234007995873954,1.7171920044347644,158.09137900942005,269.16703952274423
1781617108,320,,Aggregated,859.800000,0.000000,5,7,10,14,27,42,62,91,190,250,260,12962,0,5,10.82137205358521,1.7171920044347644,263.4069040068425,6113.61533713933
1781617109,340,GET,/feed/{user_id},381.400000,0.000000,6,9,14,19,36,56,90,130,200,220,220,5807,0,5,12.551705132610888,2.0331270061433315,220.428530999925,7194.085069743413
1781617109,340,GET,/feed/{user_id}?with_fof=true,188.300000,0.000000,6,9,15,20,40,63,140,180,240,260,260,2834,0,5,15.789031008388351,2.145495993318036,263.4069040068425,9400.758997882851
1781617109,340,POST,/likes,19.700000,0.000000,6,8,10,12,19,29,36,42,74,74,74,284,0,6,8.654810118892321,3.169831004925072,74.38780600205064,180.18661971830986
1781617109,340,POST,/posts,29.700000,0.000000,7,10,11,13,22,35,54,77,110,110,110,465,0,7,10.54989700042893,3.3568170038051903,111.90930099110119,227.83870967741936
1781617109,340,GET,/timeline/{user_id},227.200000,0.000000,6,9,14,19,37,55,99,160,210,220,220,3528,0,5,14.395544668532198,1.936232001753524,220.43145500356331,5353.005102040816
1781617109,340,GET,/users/{user_id},98.400000,0.000000,5,8,12,16,36,52,97,130,190,190,190,1481,0,4,11.781804057644337,1.7171920044347644,193.49639699794352,269.23160027008777
1781617109,340,,Aggregated,944.800000,0.000000,6,9,13,18,36,55,99,150,210,250,260,14399,0,5,13.419950493906642,1.7171920044347644,263.4069040068425,6101.746996319189
1781617110,360,GET,/feed/{user_id},415.000000,0.000000,7,11,18,24,44,65,110,160,210,240,240,6398,0,5,14.417053662062843,2.0331270061433315,239.4660779973492,7207.449828071272
1781617110,360,GET,/feed/{user_id}?with_fof=true,205.900000,0.000000,7,12,19,26,47,83,160,190,240,260,260,3157,0,5,17.602374948640325,2.145495993318036,263.4069040068425,9387.640164713335
1781617110,360,POST,/likes,21.100000,0.000000,7,10,12,15,26,35,56,74,130,130,130,315,0,6,10.439912393127406,3.169831004925072,130.57644799118862,180.22222222222223
1781617110,360,POST,/posts,33.100000,0.000000,8,11,12,16,29,42,77,110,160,160,160,507,0,7,12.021690785425166,3.3568170038051903,163.73038600431755,227.85207100591717
1781617110,360,GET,/timeline/{user_id},250.900000,0.000000,6,11,18,24,44,67,160,180,240,250,250,3935,0,5,16.5672641132205,1.936232001753524,252.9158660036046,5353.324777636594
1781617110,360,GET,/users/{user_id},108.300000,0.000000,5,9,15,20,43,66,130,180,230,250,250,1633,0,5,14.163491147291143,1.7171920044347644,252.03273101942614,269.2553582363748
1781617110,360,,Aggregated,1034.300000,0.000000,7,11,17,23,44,67,140,180,220,250,260,15945,0,5,15.397663342980895,1.7171920044347644,263.4069040068425,6110.213985575416
1781617111,380,GET,/feed/{user_id},451.900000,0.000000,8,14,23,30,55,83,130,160,210,240,240,7038,0,6,16.661950575164514,2.0331270061433315,239.4660779973492,7205.518186984939
1781617111,380,GET,/feed/{user_id}?with_fof=true,218.500000,0.000000,8,15,24,32,57,100,160,190,250,260,260,3482,0,6,19.683096650157044,2.145495993318036,263.4069040068425,9393.931361286617
1781617111,380,POST,/likes,22.900000,0.000000,8,12,15,19,33,50,68,87,130,130,130,347,0,6,11.96937725033144,3.169831004925072,130.57644799118862,180.22478386167148
1781617111,380,POST,/posts,35.700000,0.000000,9,12,18,22,40,57,79,100,160,160,160,561,0,7,13.98524808779993,3.3568170038051903,163.73038600431755,227.87700534759358
1781617111,380,GET,/timeline/{user_id},270.900000,0.000000,8,14,23,31,54,91,160,180,250,340,340,4307,0,6,18.727333082924314,1.936232001753524,336.58699100487866,5368.102623635941
1781617111,380,GET,/users/{user_id},116.000000,0.000000,7,13,20,28,55,90,150,180,230,250,250,1781,0,5,16.205844051554458,1.7171920044347644,252.03273101942614,269.2734418865806
1781617111,380,,Aggregated,1115.900000,0.000000,8,14,22,30,55,87,140,170,230,260,340,17516,0,6,17.545311749882902,1.7171920044347644,336.58699100487866,6120.831068737155
1781617112,400,GET,/feed/{user_id},484.300000,0.000000,10,19,29,36,64,100,150,190,260,270,270,7659,0,6,19.11196236559058,2.0331270061433315,274.17303499532863,7199.743830787309
1781617112,400,GET,/feed/{user_id}?with_fof=true,233.800000,0.000000,10,19,30,38,70,130,180,210,260,270,270,3825,0,7,22.210437421651946,2.145495993318036,271.19991299696267,9417.249673202614
1781617112,400,POST,/likes,24.200000,0.000000,10,14,20,25,42,61,88,130,160,160,160,380,0,7,14.31158429699472,3.169831004925072,158.98700300022028,180.23684210526315
1781617112,400,POST,/posts,39.200000,0.000000,10,16,21,26,44,67,100,110,160,160,160,606,0,8,15.406868406421607,3.3568170038051903,163.73038600431755,227.88448844884488
1781617112,400,GET,/timeline/{user_id},290.100000,0.000000,9,18,29,37,64,120,170,190,270,490,490,4696,0,6,21.01899721102855,1.936232001753524,486.40636799973436,5375.557708688245
1781617112,400,GET,/users/{user_id},122.600000,0.000000,9,16,28,36,66,120,170,190,270,270,270,1950,0,5,18.990055013265913,1.7171920044347644,271.81725401896983,269.354358974359
1781617112,400,,Aggregated,1194.200000,0.000000,10,18,29,36,64,110,170,190,260,340,490,19116,0,6,19.97511118235431,1.7171920044347644,486.40636799973436,6127.812617702448
1781617113,400,GET,/feed/{user_id},506.000000,0.000000,12,22,32,40,74,120,160,190,260,270,270,8290,0,7,20.497889997689246,2.0331270061433315,274.17303499532863,7190.621833534379
1781617113,400,GET,/feed/{user_id}?with_fof=true,249.800000,0.000000,12,22,33,41,79,140,180,200,260,270,270,4170,0,7,23.45009496280861,2.145495993318036,271.19991299696267,9421.429016786571
1781617113,400,POST,/likes,25.400000,0.000000,12,17,22,28,46,63,88,130,160,160,160,406,0,7,14.949574324777211,3.169831004925072,158.98700300022028,180.25862068965517
1781617113,400,POST,/posts,40.200000,0.000000,12,18,23,29,48,66,100,110,160,160,160,652,0,8,16.043327963572462,3.3568170038051903,163.73038600431755,227.91257668711657
1781617113,400,GET,/timeline/{user_id},310.300000,0.000000,11,21,32,40,72,130,170,190,270,490,490,5106,0,7,22.202300567535957,1.936232001753524,486.40636799973436,5351.799843321583
1781617113,400,GET,/users/{user_id},130.000000,0.000000,10,20,33,39,74,130,170,190,270,270,270,2120,0,6,20.434973189480413,1.7171920044347644,271.81725401896983,269.37075471698114
1781617113,400,,Aggregated,1261.700000,0.000000,11,21,32,40,72,120,170,190,260,340,490,20744,0,7,21.255846073245355,1.7171920044347644,486.40636799973436,6123.059872734285
1781617114,400,GET,/feed/{user_id},534.500000,0.000000,14,26,38,49,90,140,180,200,260,270,270,8916,0,8,23.20190794454699,2.0331270061433315,274.17303499532863,7191.168124719606
1781617114,400,GET,/feed/{user_id}?with_fof=true,264.700000,0.000000,14,26,38,48,96,150,190,220,270,340,340,4507,0,8,25.787159491268188,2.145495993318036,344.1152570012491,9411.870423785223
1781617114,400,POST,/likes,27.000000,0.000000,13,19,26,33,52,68,110,140,160,160,160,440,0,8,15.927451549611181,3.169831004925072,158.98700300022028,180.2659090909091
1781617114,400,POST,/posts,41.800000,0.000000,14,21,28,33,56,75,110,120,160,160,160,698,0,9,17.314089378727303,3.3568170038051903,163.73038600431755,227.9140401146132
1781617114,400,GET,/timeline/{user_id},327.800000,0.000000,13,25,38,47,90,140,180,210,270,490,490,5507,0,8,24.601613372657415,1.936232001753524,486.40636799973436,5357.140911567097
1781617114,400,GET,/users/{user_id},135.700000,0.000000,13,23,36,46,90,140,180,210,270,270,270,2274,0,7,22.442786429373697,1.7171920044347644,271.81725401896983,269.39841688654354
1781617114,400,,Aggregated,1331.500000,0.000000,14,25,37,47,88,140,180,210,260,340,490,22342,0,8,23.6639617452568,1.7171920044347644,486.40636799973436,6126.960119953451
1781617115,400,GET,/feed/{user_id},556.300000,0.000000,15,28,41,53,97,140,190,220,270,280,280,9614,0,8,23.994796460783004,2.0331270061433315,275.9144190058578,7193.349906386519
1781617115,400,GET,/feed/{user_id}?with_fof=true,281.200000,0.000000,15,27,41,52,100,150,190,230,280,340,340,4819,0,9,26.29908734577933,2.145495993318036,344.1152570012491,9425.354222867814
1781617115,400,POST,/likes,27.700000,0.000000,14,19,26,33,52,68,110,140,160,160,160,472,0,9,16.038420347085466,3.169831004925072,158.98700300022028,180.25423728813558
1781617115,400,POST,/posts,43.600000,0.000000,15,21,29,36,56,77,110,130,160,160,160,750,0,9,17.585229468376685,3.3568170038051903,163.73038600431755,227.90533333333335
1781617115,400,GET,/timeline/{user_id},343.300000,0.000000,14,26,40,51,98,140,190,210,310,490,490,5915,0,8,25.32391960032769,1.936232001753524,486.40636799973436,5373.4897717666945
1781617115,400,GET,/users/{user_id},141.900000,0.000000,14,26,39,50,100,140,180,220,270,270,270,2441,0,7,23.01867804722288,1.7171920044347644,271.81725401896983,269.4317902498976
1781617115,400,,Aggregated,1394.000000,0.000000,15,27,40,51,96,140,190,210,270,340,490,24011,0,8,24.32884549363186,1.7171920044347644,486.40636799973436,6133.669234933988
1781617116,400,GET,/feed/{user_id},572.400000,0.000000,17,31,46,58,100,150,190,220,270,280,280,10313,0,9,25.283418287989566,2.0331270061433315,275.9144190058578,7200.213129060409
1781617116,400,GET,/feed/{user_id}?with_fof=true,294.100000,0.000000,17,31,46,57,110,160,200,230,280,340,340,5155,0,10,27.451037169235626,2.145495993318036,344.1152570012491,9451.671968962173
1781617116,400,POST,/likes,28.700000,0.000000,14,21,30,33,52,68,110,140,160,160,160,507,0,10,16.47935720703416,3.169831004925072,158.98700300022028,180.2662721893491
1781617116,400,POST,/posts,45.500000,0.000000,16,23,30,39,57,77,110,130,160,160,160,808,0,10,18.28498440237928,3.3568170038051903,163.73038600431755,227.90717821782178
1781617116,400,GET,/timeline/{user_id},357.700000,0.000000,16,30,45,57,110,150,190,210,340,490,490,6301,0,9,26.630637999322676,1.936232001753524,486.40636799973436,5373.32058403428
1781617116,400,GET,/users/{user_id},148.100000,0.000000,15,30,44,58,110,140,190,210,270,270,270,2599,0,8,24.244986816559603,1.7171920044347644,271.81725401896983,269.4709503655252
1781617116,400,,Aggregated,1446.500000,0.000000,16,30,45,56,100,150,190,220,270,450,490,25683,0,9,25.54996151861174,1.7171920044347644,486.40636799973436,6144.623252735272
1781617117,400,GET,/feed/{user_id},591.800000,0.000000,18,34,49,62,100,150,190,220,270,280,280,10956,0,10,26.02264989722773,2.0331270061433315,275.9144190058578,7198.198156261409
1781617117,400,GET,/feed/{user_id}?with_fof=true,303.800000,0.000000,19,34,50,63,110,160,190,230,280,340,340,5492,0,10,28.391317757744165,2.145495993318036,344.1152570012491,9455.10360524399
1781617117,400,POST,/likes,28.600000,0.000000,16,24,33,37,56,72,120,140,160,160,160,540,0,10,17.465180142446318,3.169831004925072,158.98700300022028,180.27592592592592
1781617117,400,POST,/posts,44.900000,0.000000,18,24,33,40,60,79,110,130,160,160,160,854,0,10,18.65574600843934,3.3568170038051903,163.73038600431755,227.90281030444964
1781617117,400,GET,/timeline/{user_id},367.300000,0.000000,18,35,51,63,120,160,190,220,340,490,490,6727,0,10,27.81358646661188,1.936232001753524,486.40636799973436,5371.833358109113
1781617117,400,GET,/users/{user_id},152.200000,0.000000,17,33,49,62,110,150,190,220,270,270,270,2748,0,9,25.080136738835666,1.7171920044347644,271.81725401896983,269.4428675400291
1781617117,400,,Aggregated,1488.600000,0.000000,18,33,49,61,110,150,190,220,270,450,490,27317,0,10,26.445608437489646,1.7171920044347644,486.40636799973436,6148.538199655892
1781617118,400,GET,/feed/{user_id},606.800000,0.000000,19,34,51,65,110,150,190,220,270,280,280,11637,0,10,26.546740388382005,2.0331270061433315,275.9144190058578,7193.381369768841
1781617118,400,GET,/feed/{user_id}?with_fof=true,309.400000,0.000000,19,34,51,64,110,150,190,220,280,340,340,5828,0,11,28.586957585890133,2.145495993318036,344.1152570012491,9459.590768702814
1781617118,400,POST,/likes,29.900000,0.000000,17,28,36,41,60,72,120,140,160,160,160,570,0,10,18.03290104205524,3.169831004925072,158.98700300022028,180.29649122807018
1781617118,400,POST,/posts,46.500000,0.000000,19,25,33,40,62,79,110,130,160,160,160,905,0,11,19.17760267857596,3.3568170038051903,163.73038600431755,227.9193370165746
1781617118,400,GET,/timeline/{user_id},378.500000,0.000000,19,35,53,67,120,150,190,210,340,490,490,7114,0,10,28.298585734752216,1.936232001753524,486.40636799973436,5373.696092212539
1781617118,400,GET,/users/{user_id},153.600000,0.000000,18,33,49,63,110,140,180,210,270,270,270,2924,0,9,25.521790575738212,1.7171920044347644,271.81725401896983,269.43091655266755
1781617118,400,,Aggregated,1524.700000,0.000000,19,33,50,63,110,150,190,220,270,450,490,28978,0,10,26.886104813608174,1.7171920044347644,486.40636799973436,6148.291807578163
1781617119,400,GET,/feed/{user_id},624.500000,0.000000,20,35,56,71,110,150,190,220,270,280,280,12307,0,11,27.795704475711474,2.0331270061433315,275.9144190058578,7195.357520110506
1781617119,400,GET,/feed/{user_id}?with_fof=true,317.500000,0.000000,19,34,53,68,110,150,190,230,290,340,340,6134,0,11,29.520062916888946,2.145495993318036,344.1152570012491,9469.723671340073
1781617119,400,POST,/likes,30.300000,0.000000,18,28,38,46,61,72,110,130,160,160,160,611,0,11,19.05318725039251,3.169831004925072,158.98700300022028,180.29787234042553
1781617119,400,POST,/posts,49.200000,0.000000,19,26,38,44,63,85,110,130,160,160,160,965,0,11,20.001463367002945,3.3568170038051903,163.73038600431755,227.92331606217616
1781617119,400,GET,/timeline/{user_id},385.600000,0.000000,19,37,56,73,120,150,190,220,340,490,490,7492,0,11,29.1315959351393,1.936232001753524,486.40636799973436,5380.81006406834
1781617119,400,GET,/users/{user_id},155.200000,0.000000,18,35,56,70,120,140,180,210,270,270,270,3082,0,10,26.725417721093713,1.7171920044347644,271.81725401896983,269.42083062946136
1781617119,400,,Aggregated,1562.200000,0.000000,19,35,54,68,110,150,190,220,270,450,490,30591,0,11,27.94032116100814,1.7171920044347644,486.40636799973436,6149.3263378117745
1781617120,400,GET,/feed/{user_id},632.500000,0.000000,19,33,55,70,110,150,190,220,270,280,280,12971,0,11,28.317489699669345,2.0331270061433315,278.1704849912785,7202.613985043558
1781617120,400,GET,/feed/{user_id}?with_fof=true,323.200000,0.000000,19,33,52,67,110,150,190,230,290,340,340,6472,0,12,30.006049447006887,2.145495993318036,344.1152570012491,9458.967861557478
1781617120,400,POST,/likes,30.900000,0.000000,17,26,37,41,60,69,120,140,160,160,160,650,0,11,19.380145210754844,3.169831004925072,158.98700300022028,180.30615384615385
1781617120,400,POST,/posts,48.700000,0.000000,19,26,33,40,61,76,110,130,140,140,140,1021,0,12,20.05910686301966,3.3568170038051903,163.73038600431755,227.92066601371204
1781617120,400,GET,/timeline/{user_id},394.400000,0.000000,19,35,54,71,120,150,200,230,340,490,490,7925,0,11,29.68655613643978,1.936232001753524,486.40636799973436,5372.840504731861
1781617120,400,GET,/users/{user_id},155.700000,0.000000,18,33,52,67,120,140,180,210,270,270,270,3248,0,10,27.080085710738857,1.7171920044347644,271.81725401896983,269.4325738916256
1781617120,400,,Aggregated,1585.400000,0.000000,19,33,52,67,110,150,190,220,280,450,490,32287,0,11,28.426451177852957,1.7171920044347644,486.40636799973436,6146.384922724316
1781617121,400,GET,/feed/{user_id},642.300000,0.000000,19,34,54,69,110,150,190,220,270,280,280,13614,0,12,28.80139846261567,2.0331270061433315,278.1704849912785,7194.413324518878
1781617121,400,GET,/feed/{user_id}?with_fof=true,329.000000,0.000000,20,34,53,67,120,160,200,230,290,640,640,6846,0,12,30.910160352153255,2.145495993318036,636.1364799959119,9465.55156295647
1781617121,400,POST,/likes,31.400000,0.000000,17,29,38,44,59,69,110,140,150,150,150,681,0,11,19.77792311164553,3.169831004925072,158.98700300022028,180.31277533039648
1781617121,400,POST,/posts,50.100000,0.000000,19,25,33,40,56,75,110,130,140,140,140,1075,0,12,20.404275660646732,3.3568170038051903,163.73038600431755,227.92837209302326
1781617121,400,GET,/timeline/{user_id},397.200000,0.000000,19,36,54,70,120,160,200,230,330,490,490,8310,0,11,30.187594851309566,1.936232001753524,486.40636799973436,5377.901805054152
1781617121,400,GET,/users/{user_id},157.900000,0.000000,19,34,52,66,110,140,170,210,270,270,270,3412,0,10,27.52889908867355,1.7171920044347644,271.81725401896983,269.44929660023445
1781617121,400,,Aggregated,1607.900000,0.000000,19,34,52,66,110,150,190,220,280,490,640,33938,0,12,28.991221501563246,1.7171920044347644,636.1364799959119,6150.139961105546
1781617122,400,GET,/feed/{user_id},646.100000,0.000000,19,35,55,70,110,150,190,210,260,280,280,14264,0,12,29.423609116310534,2.0331270061433315,278.1704849912785,7192.828238923164
1781617122,400,GET,/feed/{user_id}?with_fof=true,329.800000,0.000000,20,35,53,66,110,150,190,220,290,640,640,7188,0,12,31.129407969025316,2.145495993318036,636.1364799959119,9454.684613244295
1781617122,400,POST,/likes,33.500000,0.000000,17,29,39,44,59,68,84,120,150,150,150,705,0,12,20.0488852993387,3.169831004925072,158.98700300022028,180.31063829787234
1781617122,400,POST,/posts,50.500000,0.000000,19,26,38,41,56,72,100,120,140,140,140,1135,0,13,20.86945720804683,3.3568170038051903,163.73038600431755,227.93832599118943
1781617122,400,GET,/timeline/{user_id},396.400000,0.000000,19,37,54,69,120,160,200,220,310,450,450,8722,0,12,30.780075650356903,1.936232001753524,486.40636799973436,5378.210387525797
1781617122,400,GET,/users/{user_id},160.500000,0.000000,18,34,52,65,110,140,170,200,260,270,270,3584,0,11,28.115180566552617,1.7171920044347644,271.81725401896983,269.4603794642857
1781617122,400,,Aggregated,1616.800000,0.000000,19,35,52,66,110,150,190,210,280,450,640,35598,0,12,29.510266586788916,1.7171920044347644,636.1364799959119,6146.949294904208
1781617123,400,GET,/feed/{user_id},654.800000,0.000000,19,35,53,67,110,150,180,200,260,280,280,14910,0,12,29.61650509470994,2.0331270061433315,278.1704849912785,7194.807042253521
1781617123,400,GET,/feed/{user_id}?with_fof=true,332.900000,0.000000,20,35,52,64,110,150,190,210,290,640,640,7475,0,13,31.41567243284929,2.145495993318036,636.1364799959119,9455.333511705685
1781617123,400,POST,/likes,33.400000,0.000000,18,30,39,43,57,66,83,110,150,150,150,748,0,12,20.40834182894846,3.169831004925072,158.98700300022028,180.30347593582889
1781617123,400,POST,/posts,50.700000,0.000000,20,27,37,41,56,72,100,110,130,130,130,1181,0,13,21.215926309310966,3.3568170038051903,163.73038600431755,227.9407281964437
1781617123,400,GET,/timeline/{user_id},396.400000,0.000000,20,38,54,68,110,150,190,220,310,450,450,9160,0,12,31.1377140434514,1.936232001753524,486.40636799973436,5384.762445414847
1781617123,400,GET,/users/{user_id},162.100000,0.000000,18,33,50,63,110,140,170,190,230,270,270,3788,0,11,28.461948967686414,1.7171920044347644,271.81725401896983,269.4466737064414
1781617123,400,,Aggregated,1630.300000,0.000000,19,35,51,64,110,150,180,210,280,450,640,37262,0,12,29.78291595686314,1.7171920044347644,636.1364799959119,6137.683001449198
1781617124,400,GET,/feed/{user_id},654.400000,0.000000,20,36,52,67,110,150,180,200,260,280,280,15607,0,13,30.3750623042217,2.0331270061433315,278.1704849912785,7193.822771833152
1781617124,400,GET,/feed/{user_id}?with_fof=true,336.700000,0.000000,20,35,51,64,110,150,190,210,290,640,640,7787,0,13,31.999506052305897,2.145495993318036,636.1364799959119,9458.395017336587
1781617124,400,POST,/likes,32.800000,0.000000,19,32,39,43,58,69,84,110,150,150,150,777,0,12,20.778778292026857,3.169831004925072,158.98700300022028,180.31402831402832
1781617124,400,POST,/posts,52.200000,0.000000,20,27,36,40,55,73,100,110,130,130,130,1221,0,14,21.544801620302195,3.3568170038051903,163.73038600431755,227.94758394758395
1781617124,400,GET,/timeline/{user_id},398.100000,0.000000,20,37,53,65,110,150,190,220,300,450,450,9552,0,13,31.732426251381206,1.936232001753524,486.40636799973436,5385.572340871022
1781617124,400,GET,/users/{user_id},162.400000,0.000000,19,34,50,64,110,140,170,190,220,270,270,3965,0,12,29.194475239284294,1.7171920044347644,271.81725401896983,269.46027742749055
1781617124,400,,Aggregated,1636.600000,0.000000,20,35,51,63,110,150,180,210,280,450,640,38909,0,13,30.444352062493085,1.7171920044347644,636.1364799959119,6138.845485620293
1781617125,400,GET,/feed/{user_id},656.800000,0.000000,20,34,52,67,110,140,180,200,250,280,280,16256,0,13,30.75609569723419,2.0331270061433315,278.1704849912785,7194.580401082677
1781617125,400,GET,/feed/{user_id}?with_fof=true,331.700000,0.000000,20,35,52,66,110,150,190,210,290,640,640,8102,0,13,32.461874114193556,2.145495993318036,636.1364799959119,9454.967785731918
1781617125,400,POST,/likes,32.500000,0.000000,20,33,40,47,63,74,110,130,150,150,150,815,0,13,21.631546170190777,3.169831004925072,158.98700300022028,180.32638036809817
1781617125,400,POST,/posts,53.100000,0.000000,20,28,36,40,56,76,110,130,140,140,140,1279,0,14,21.94009498237764,3.3568170038051903,163.73038600431755,227.94683346364346
1781617125,400,GET,/timeline/{user_id},400.900000,0.000000,20,37,53,66,110,150,190,210,280,340,340,9961,0,13,32.1366010727067,1.936232001753524,486.40636799973436,5392.21232807951
1781617125,400,GET,/users/{user_id},164.100000,0.000000,20,34,50,65,100,140,170,200,220,220,220,4153,0,12,29.605478297721916,1.7171920044347644,271.81725401896983,269.4955453888755
1781617125,400,,Aggregated,1639.100000,0.000000,20,34,51,64,110,150,180,200,260,350,640,40566,0,13,30.85669087398985,1.7171920044347644,636.1364799959119,6133.924961790663
1781617126,400,GET,/feed/{user_id},659.100000,0.000000,21,37,55,69,110,140,180,200,250,280,280,16916,0,13,31.0758420711223,2.0331270061433315,278.1704849912785,7195.915109955072
1781617126,400,GET,/feed/{user_id}?with_fof=true,327.200000,0.000000,21,36,54,67,110,150,190,210,290,640,640,8424,0,14,32.765662787752426,2.145495993318036,636.1364799959119,9459.52374169041
1781617126,400,POST,/likes,33.400000,0.000000,22,35,42,47,65,77,110,130,150,150,150,849,0,13,22.116469923029484,3.169831004925072,158.98700300022028,180.3356890459364
1781617126,400,POST,/posts,52.200000,0.000000,21,29,36,40,56,75,110,130,140,140,140,1331,0,14,22.12355504021735,3.3568170038051903,163.73038600431755,227.9504132231405
1781617126,400,GET,/timeline/{user_id},404.100000,0.000000,21,38,53,66,110,150,190,210,260,300,300,10377,0,14,32.40250997890313,1.936232001753524,486.40636799973436,5395.167774886769
1781617126,400,GET,/users/{user_id},167.700000,0.000000,20,35,51,65,100,140,170,200,220,220,220,4319,0,13,29.834987568244706,1.7171920044347644,271.81725401896983,269.49432739059966
1781617126,400,,Aggregated,1643.700000,0.000000,21,36,52,65,110,140,180,200,250,350,640,42216,0,13,31.149762646405136,1.7171920044347644,636.1364799959119,6135.570328785295
1781617127,400,GET,/feed/{user_id},662.500000,0.000000,20,36,54,69,110,140,180,200,250,280,280,17615,0,14,31.264509624801775,2.0331270061433315,278.1704849912785,7188.689582741981
1781617127,400,GET,/feed/{user_id}?with_fof=true,325.900000,0.000000,21,36,55,68,110,150,190,210,290,640,640,8760,0,14,33.02857547922479,2.145495993318036,636.1364799959119,9451.85901826484
1781617127,400,POST,/likes,33.500000,0.000000,20,34,41,47,62,74,110,130,150,150,150,880,0,13,22.138709530356042,3.169831004925072,158.98700300022028,180.34545454545454
1781617127,400,POST,/posts,52.500000,0.000000,20,28,36,40,55,73,110,130,140,140,140,1380,0,14,22.086265945973288,3.3568170038051903,163.73038600431755,227.95
1781617127,400,GET,/timeline/{user_id},403.000000,0.000000,21,36,51,64,110,150,190,220,280,330,330,10751,0,14,32.60719170470395,1.936232001753524,486.40636799973436,5394.972374662822
1781617127,400,GET,/users/{user_id},168.100000,0.000000,20,34,50,65,100,130,170,200,220,220,220,4494,0,13,30.055310033856752,1.7171920044347644,271.81725401896983,269.5166889185581
1781617127,400,,Aggregated,1645.500000,0.000000,20,35,51,65,100,140,180,200,260,350,640,43880,0,14,31.350142455343512,1.7171920044347644,636.1364799959119,6132.928053783045
1781617128,400,GET,/feed/{user_id},655.900000,0.000000,20,36,54,69,110,140,180,200,250,280,280,18293,0,14,31.576883429958652,2.0331270061433315,278.1704849912785,7185.072814737878
1781617128,400,GET,/feed/{user_id}?with_fof=true,325.500000,0.000000,20,35,54,67,110,150,190,210,250,640,640,9095,0,14,33.199994456425664,2.145495993318036,636.1364799959119,9447.056074766355
1781617128,400,POST,/likes,34.400000,0.000000,19,33,40,45,62,75,110,130,150,150,150,928,0,14,22.255584838039166,3.169831004925072,158.98700300022028,180.35560344827587
1781617128,400,POST,/posts,52.300000,0.000000,20,28,35,40,55,70,100,130,140,140,140,1435,0,14,22.260781816180103,3.3568170038051903,163.73038600431755,227.94843205574912
1781617128,400,GET,/timeline/{user_id},403.400000,0.000000,20,36,51,65,110,150,190,210,280,330,330,11179,0,14,32.879545654182856,1.936232001753524,486.40636799973436,5392.652562841041
1781617128,400,GET,/users/{user_id},169.400000,0.000000,20,34,50,65,100,140,170,200,220,220,220,4647,0,13,30.26176632520587,1.7171920044347644,271.81725401896983,269.5203357004519
1781617128,400,,Aggregated,1640.900000,0.000000,20,35,51,65,100,140,180,200,250,350,640,45577,0,14,31.60309260773385,1.7171920044347644,636.1364799959119,6130.0417315751365
1781617129,400,GET,/feed/{user_id},656.900000,0.000000,20,36,54,69,110,150,180,200,250,280,280,18910,0,14,32.20537711526465,2.0331270061433315,278.1704849912785,7186.133368588049
1781617129,400,GET,/feed/{user_id}?with_fof=true,323.500000,0.000000,21,37,56,69,110,150,190,210,290,640,640,9426,0,15,33.81415839650501,2.145495993318036,636.1364799959119,9452.249734776151
1781617129,400,POST,/likes,34.100000,0.000000,20,32,41,47,65,77,110,130,150,150,150,968,0,14,22.878082954249738,3.169831004925072,158.98700300022028,180.36570247933884
1781617129,400,POST,/posts,53.000000,0.000000,20,29,36,40,57,79,110,130,140,140,140,1474,0,15,22.746314646685978,3.3568170038051903,163.73038600431755,227.94911804613298
1781617129,400,GET,/timeline/{user_id},406.800000,0.000000,21,36,53,65,110,150,190,210,280,330,330,11555,0,14,33.315401037577466,1.936232001753524,486.40636799973436,5393.80926006058
1781617129,400,GET,/users/{user_id},172.300000,0.000000,20,34,50,65,100,140,170,200,220,220,220,4825,0,13,30.841697561946685,1.7171920044347644,271.81725401896983,269.5388601036269
1781617129,400,,Aggregated,1646.600000,0.000000,20,35,52,66,110,150,180,200,250,350,640,47158,0,14,32.17228551061623,1.7171920044347644,636.1364799959119,6130.948513507782
1781617130,400,GET,/feed/{user_id},663.400000,0.000000,20,36,55,70,110,140,180,190,240,250,250,19568,0,14,32.36696035835035,2.0331270061433315,278.1704849912785,7185.92375306623
1781617130,400,GET,/feed/{user_id}?with_fof=true,324.800000,0.000000,21,35,55,68,110,150,180,200,290,350,350,9767,0,15,33.90348363280398,2.145495993318036,636.1364799959119,9446.712603665404
1781617130,400,POST,/likes,33.900000,0.000000,20,30,41,47,65,77,100,110,130,130,130,995,0,14,22.822739344514936,3.169831004925072,158.98700300022028,180.37386934673367
1781617130,400,POST,/posts,52.400000,0.000000,20,29,36,41,57,80,110,130,140,140,140,1526,0,15,22.907919900515942,3.3568170038051903,163.73038600431755,227.95543905635648
1781617130,400,GET,/timeline/{user_id},398.300000,0.000000,21,36,53,66,110,150,190,210,280,330,330,11993,0,14,33.499711865672616,1.936232001753524,486.40636799973436,5392.631451680147
1781617130,400,GET,/users/{user_id},173.100000,0.000000,20,34,51,67,100,130,170,200,230,240,240,4997,0,14,31.187027295248242,1.7171920044347644,271.81725401896983,269.5607364418651
1781617130,400,,Aggregated,1645.900000,0.000000,20,35,52,66,100,140,180,200,240,340,350,48846,0,14,32.34168071385872,1.7171920044347644,636.1364799959119,6130.048601727879
1781617131,400,GET,/feed/{user_id},661.900000,0.000000,20,37,56,71,110,140,170,190,230,250,250,20240,0,14,32.6680600211547,2.0331270061433315,278.1704849912785,7184.494268774703
1781617131,400,GET,/feed/{user_id}?with_fof=true,324.900000,0.000000,21,37,56,70,110,150,180,200,290,350,350,10094,0,15,34.300972098528554,2.145495993318036,636.1364799959119,9451.943629879137
1781617131,400,POST,/likes,35.600000,0.000000,20,32,41,50,69,83,110,120,130,130,130,1031,0,14,23.437267823331556,3.169831004925072,158.98700300022028,180.3850630455868
1781617131,400,POST,/posts,51.600000,0.000000,20,30,39,44,64,88,120,140,140,140,140,1574,0,15,23.443411010357593,3.3568170038051903,163.73038600431755,227.96060991105463
1781617131,400,GET,/timeline/{user_id},402.800000,0.000000,21,37,55,67,110,140,180,200,280,330,330,12399,0,14,33.69630553134847,1.936232001753524,486.40636799973436,5392.842406645697
1781617131,400,GET,/users/{user_id},171.700000,0.000000,20,35,52,68,100,130,180,200,230,240,240,5153,0,14,31.455908108516137,1.7171920044347644,271.81725401896983,269.5872307393751
1781617131,400,,Aggregated,1648.500000,0.000000,20,37,54,68,110,140,180,200,240,340,350,50491,0,14,32.64724576683467,1.7171920044347644,636.1364799959119,6132.219722326751
1781617132,400,GET,/feed/{user_id},656.000000,0.000000,20,37,56,71,110,140,170,190,230,250,250,20873,0,15,32.88548875175459,2.0331270061433315,278.1704849912785,7186.873329181239
1781617132,400,GET,/feed/{user_id}?with_fof=true,326.500000,0.000000,22,39,58,71,110,140,180,200,290,350,350,10427,0,15,34.55655270246188,2.145495993318036,636.1364799959119,9453.417569770787
1781617132,400,POST,/likes,34.600000,0.000000,20,31,41,49,69,83,110,120,130,130,130,1065,0,15,23.499880850499828,3.169831004925072,158.98700300022028,180.38967136150234
1781617132,400,POST,/posts,50.000000,0.000000,20,32,41,46,66,88,120,140,140,140,140,1636,0,15,23.925922772783643,3.3568170038051903,163.73038600431755,227.96515892420538
1781617132,400,GET,/timeline/{user_id},400.900000,0.000000,21,38,55,68,110,140,180,200,240,330,330,12828,0,15,33.9791802170315,1.936232001753524,486.40636799973436,5391.171967570938
1781617132,400,GET,/users/{user_id},173.400000,0.000000,20,36,54,70,100,130,180,200,230,240,240,5300,0,14,31.716549378525432,1.7171920044347644,271.81725401896983,269.59622641509435
1781617132,400,,Aggregated,1641.400000,0.000000,21,37,55,68,100,140,170,200,240,340,350,52129,0,15,32.89709758553329,1.7171920044347644,636.1364799959119,6133.5201519307875
1781617133,400,GET,/feed/{user_id},656.300000,0.000000,20,38,58,72,110,140,170,190,230,250,250,21539,0,15,33.13959121293905,2.0331270061433315,278.1704849912785,7186.48219508798
1781617133,400,GET,/feed/{user_id}?with_fof=true,324.900000,0.000000,22,39,59,73,110,140,180,200,290,350,350,10753,0,15,34.78523058775044,2.145495993318036,636.1364799959119,9458.479215102761
1781617133,400,POST,/likes,34.200000,0.000000,20,29,41,49,69,95,110,120,130,130,130,1094,0,15,23.493077856271658,3.169831004925072,158.98700300022028,180.39945155393053
1781617133,400,POST,/posts,50.200000,0.000000,20,33,41,47,66,88,120,140,170,170,170,1693,0,15,24.166002073436612,3.3568170038051903,165.52407402195968,227.96869462492617
1781617133,400,GET,/timeline/{user_id},406.700000,0.000000,20,37,55,68,110,140,180,200,250,330,330,13276,0,15,34.07593780814636,1.936232001753524,486.40636799973436,5386.772898463392
1781617133,400,GET,/users/{user_id},172.700000,0.000000,20,38,57,72,100,130,180,200,230,240,240,5462,0,14,32.06407945769144,1.7171920044347644,271.81725401896983,269.5935554741853
1781617133,400,,Aggregated,1645.000000,0.000000,21,37,56,69,110,140,180,200,240,340,350,53817,0,15,33.11183939404883,1.7171920044347644,636.1364799959119,6133.141795343478
1781617134,400,GET,/feed/{user_id},659.300000,0.000000,20,36,57,73,110,140,180,200,240,270,270,22173,0,15,33.560694227601225,2.0331270061433315,278.1704849912785,7186.035944617327
1781617134,400,GET,/feed/{user_id}?with_fof=true,322.100000,0.000000,21,38,59,75,110,150,190,210,290,340,340,11077,0,16,35.273905962602115,2.145495993318036,636.1364799959119,9457.12683939695
1781617134,400,POST,/likes,35.000000,0.000000,20,26,39,49,72,93,110,120,130,130,130,1128,0,15,23.74312150592322,3.169831004925072,158.98700300022028,180.40336879432624
1781617134,400,POST,/posts,49.100000,0.000000,20,31,41,46,68,88,120,140,170,170,170,1737,0,15,24.245124886249513,3.3568170038051903,165.52407402195968,227.9643062751871
1781617134,400,GET,/timeline/{user_id},408.900000,0.000000,20,37,57,70,110,140,190,210,240,330,330,13650,0,15,34.5483354292213,1.936232001753524,486.40636799973436,5386.456556776557
1781617134,400,GET,/users/{user_id},172.400000,0.000000,20,38,57,74,110,140,190,210,240,270,270,5637,0,14,32.76106728895124,1.7171920044347644,271.81725401896983,269.6010289160901
1781617134,400,,Aggregated,1646.800000,0.000000,20,36,56,71,110,140,180,200,240,330,340,55402,0,15,33.573251278999514,1.7171920044347644,636.1364799959119,6132.213837045594
1781617135,400,GET,/feed/{user_id},659.500000,0.000000,21,36,58,73,110,140,180,210,270,300,300,22824,0,15,33.93157181505857,2.0331270061433315,295.0408130127471,7194.774185068349
1781617135,400,GET,/feed/{user_id}?with_fof=true,322.600000,0.000000,21,37,58,73,110,150,190,210,290,340,340,11397,0,16,35.42093351176898,2.145495993318036,636.1364799959119,9442.213038518908
1781617135,400,POST,/likes,35.900000,0.000000,21,28,39,49,69,84,110,110,120,120,120,1163,0,15,24.180699914475817,3.169831004925072,158.98700300022028,180.39724849527084
1781617135,400,POST,/posts,49.700000,0.000000,21,31,42,46,67,86,110,130,170,170,170,1786,0,16,24.34111235572431,3.3568170038051903,165.52407402195968,227.96584546472565
1781617135,400,GET,/timeline/{user_id},408.800000,0.000000,21,35,56,70,110,140,190,210,260,330,330,14051,1,15,34.73700154102996,1.936232001753524,486.40636799973436,5388.270799231372
1781617135,400,GET,/users/{user_id},168.400000,0.000000,21,37,57,74,110,140,190,210,270,290,290,5817,0,15,33.04346119405009,1.7171920044347644,289.86114999861456,269.61251504211793
1781617135,400,,Aggregated,1644.900000,0.000000,21,36,56,71,110,140,180,210,260,330,340,57038,1,15,33.837886626936225,1.7171920044347644,636.1364799959119,6131.391458326028
1781617136,400,GET,/feed/{user_id},657.800000,0.000000,21,36,56,73,110,150,190,210,270,300,300,23472,0,16,34.15986990284316,2.0331270061433315,295.0408130127471,7194.03902522154
1781617136,400,GET,/feed/{user_id}?with_fof=true,327.000000,0.000000,21,36,56,70,110,160,200,210,290,340,340,11724,0,16,35.61962988328025,2.145495993318036,636.1364799959119,9436.359177755032
1781617136,400,POST,/likes,34.900000,0.000000,20,27,40,50,72,88,110,110,120,120,120,1199,0,15,24.332370258949492,3.169831004925072,158.98700300022028,180.4045037531276
1781617136,400,POST,/posts,51.100000,0.000000,20,32,42,47,70,91,120,140,170,170,170,1832,0,16,24.589565606021697,3.3568170038051903,165.52407402195968,227.9683406113537
1781617136,400,GET,/timeline/{user_id},409.400000,0.000000,21,37,57,70,110,150,190,210,260,330,330,14466,1,16,35.08590773820582,1.936232001753524,486.40636799973436,5388.261509746993
1781617136,400,GET,/users/{user_id},164.800000,0.000000,21,36,56,74,110,140,190,210,270,290,290,5973,0,15,33.12070293066339,1.7171920044347644,289.86114999861456,269.62397455215137
1781617136,400,,Aggregated,1645.000000,0.000000,21,36,55,70,110,150,190,210,270,330,340,58666,1,16,34.07442646827059,1.7171920044347644,636.1364799959119,6131.001892066955
1781617137,400,GET,/feed/{user_id},649.900000,0.000000,20,36,58,74,110,150,200,220,270,300,300,24103,0,16,34.34971310016509,2.0331270061433315,295.0408130127471,7196.761979836535
1781617137,400,GET,/feed/{user_id}?with_fof=true,326.600000,0.000000,21,37,59,74,110,160,200,210,280,340,340,12050,0,16,35.77083142496031,2.145495993318036,636.1364799959119,9438.279253112034
1781617137,400,POST,/likes,34.700000,0.000000,20,28,41,51,72,88,110,110,120,120,120,1233,0,15,24.480293692215756,3.169831004925072,158.98700300022028,180.4176804541768
1781617137,400,POST,/posts,50.900000,0.000000,21,32,43,48,70,89,120,140,170,170,170,1885,0,16,24.59361707227828,3.3568170038051903,165.52407402195968,227.96870026525198
1781617137,400,GET,/timeline/{user_id},407.100000,0.000000,21,39,60,74,110,150,190,210,250,310,310,14884,1,16,35.4485734427471,1.936232001753524,486.40636799973436,5395.3773179252885
1781617137,400,GET,/users/{user_id},165.700000,0.000000,20,36,57,75,110,140,190,210,270,290,290,6110,0,15,33.22225270622601,1.7171920044347644,289.86114999861456,269.6322422258593
1781617137,400,,Aggregated,1634.900000,0.000000,21,36,57,72,110,150,190,210,260,310,340,60265,1,16,34.28386882908299,1.7171920044347644,636.1364799959119,6136.219098979507
1781617138,400,GET,/feed/{user_id},654.100000,0.000000,22,39,61,76,110,160,200,220,270,320,320,24754,0,16,34.69297207236904,2.0331270061433315,319.8600639880169,7200.568918154641
1781617138,400,GET,/feed/{user_id}?with_fof=true,327.900000,0.000000,22,39,61,76,120,160,200,220,300,380,380,12418,0,16,36.12206085060833,2.145495993318036,636.1364799959119,9442.065147366726
1781617138,400,POST,/likes,34.300000,0.000000,21,32,43,55,72,88,110,120,130,130,130,1275,0,15,24.707876845883828,3.169831004925072,158.98700300022028,180.41176470588235
1781617138,400,POST,/posts,50.500000,0.000000,22,34,44,50,71,98,140,150,170,170,170,1930,0,16,25.132458363379197,3.3568170038051903,167.10059001343325,227.97461139896373
1781617138,400,GET,/timeline/{user_id},407.700000,0.100000,22,42,62,75,110,150,200,220,260,310,310,15315,1,16,35.73457229760438,1.936232001753524,486.40636799973436,5395.667515507672
1781617138,400,GET,/users/{user_id},165.600000,0.000000,21,38,59,76,110,160,210,220,270,290,290,6265,0,15,33.55918836666822,1.7171920044347644,289.86114999861456,269.6593774940144
1781617138,400,,Aggregated,1640.100000,0.100000,22,39,60,74,110,150,200,220,270,340,380,61957,1,16,34.61893022252652,1.7171920044347644,636.1364799959119,6141.170941136595
1781617139,400,GET,/feed/{user_id},651.800000,0.000000,22,39,59,73,110,150,200,220,270,320,320,25370,0,16,34.92401346564316,2.0331270061433315,319.8600639880169,7205.003547497044
1781617139,400,GET,/feed/{user_id}?with_fof=true,327.700000,0.000000,22,39,60,73,110,160,200,220,280,380,380,12755,0,17,36.309052418494105,2.145495993318036,636.1364799959119,9435.588396707173
1781617139,400,POST,/likes,35.000000,0.000000,21,30,41,50,70,88,110,120,130,130,130,1298,0,16,24.78445965753838,3.169831004925072,158.98700300022028,180.40986132511557
1781617139,400,POST,/posts,49.400000,0.000000,23,34,44,50,71,100,140,150,170,170,170,1978,0,16,25.43885513614671,3.3568170038051903,167.10059001343325,227.97573306370072
1781617139,400,GET,/timeline/{user_id},407.300000,0.100000,22,41,61,74,110,150,200,210,260,310,310,15706,1,16,35.94740996701015,1.936232001753524,486.40636799973436,5396.195530370559
1781617139,400,GET,/users/{user_id},164.100000,0.000000,21,38,60,77,110,160,210,220,270,290,290,6431,0,15,33.90402068933883,1.7171920044347644,289.86114999861456,269.6848079614368
1781617139,400,,Aggregated,1635.300000,0.100000,22,39,59,72,110,150,200,220,260,320,380,63538,1,16,34.84936962622423,1.7171920044347644,636.1364799959119,6143.000535112846
1781617140,400,GET,/feed/{user_id},643.600000,0.000000,23,39,59,73,110,150,200,210,270,320,320,26065,0,16,35.01457289143905,2.0331270061433315,319.8600639880169,7210.468943027047
1781617140,400,GET,/feed/{user_id}?with_fof=true,325.600000,0.000000,23,40,61,74,110,160,200,220,280,380,380,13089,0,17,36.458289184903755,2.145495993318036,636.1364799959119,9433.328978531592
1781617140,400,POST,/likes,35.200000,0.000000,21,29,41,49,70,85,110,120,130,130,130,1323,0,16,24.77106729512932,3.169831004925072,158.98700300022028,180.41043083900226
1781617140,400,POST,/posts,50.000000,0.000000,23,32,43,49,68,95,130,150,170,170,170,2036,0,16,25.422352329612398,3.3568170038051903,167.10059001343325,227.97151277013754
1781617140,400,GET,/timeline/{user_id},411.500000,0.100000,23,41,60,73,110,150,190,210,260,310,310,16131,1,16,36.04254912776,1.936232001753524,486.40636799973436,5401.499349079412
1781617140,400,GET,/users/{user_id},159.600000,0.000000,22,38,58,74,110,150,200,220,270,290,290,6605,0,15,33.8903531229857,1.7171920044347644,289.86114999861456,269.71612414837244
1781617140,400,,Aggregated,1625.500000,0.100000,23,39,58,72,110,150,190,210,260,320,380,65249,1,16,34.937509590772656,1.7171920044347644,636.1364799959119,6146.141856580178
1781617141,400,GET,/feed/{user_id},639.200000,0.000000,24,41,61,74,110,150,200,220,270,320,320,26656,0,17,35.41484112194791,2.0331270061433315,319.8600639880169,7215.824392256903
1781617141,400,GET,/feed/{user_id}?with_fof=true,329.800000,0.000000,24,42,62,76,110,160,210,240,310,380,380,13416,0,17,37.06483061746241,2.145495993318036,636.1364799959119,9435.03488372093
1781617141,400,POST,/likes,34.300000,0.000000,21,28,40,46,66,82,110,120,130,130,130,1352,0,16,25.006676380488624,3.169831004925072,158.98700300022028,180.40976331360946
1781617141,400,POST,/posts,50.000000,0.000000,24,32,42,47,67,95,130,150,170,170,170,2078,0,17,25.660482080419918,3.3568170038051903,167.10059001343325,227.9706448508181
1781617141,400,GET,/timeline/{user_id},411.100000,0.100000,24,45,64,75,110,150,200,220,260,330,330,16528,1,17,36.461497978088744,1.936232001753524,486.40636799973436,5400.350254114231
1781617141,400,GET,/users/{user_id},160.700000,0.000000,23,39,61,76,110,150,200,220,280,290,290,6760,0,16,34.32041863601647,1.7171920044347644,289.86114999861456,269.73269230769233
1781617141,400,,Aggregated,1625.100000,0.100000,24,41,61,73,110,150,200,220,280,360,380,66790,1,17,35.38034060939333,1.7171920044347644,636.1364799959119,6149.475400509058
1781617142,400,GET,/feed/{user_id},643.300000,0.000000,25,42,63,76,110,160,200,220,270,320,320,27321,0,17,35.789975043873206,2.0331270061433315,319.8600639880169,7217.66073716189
1781617142,400,GET,/feed/{user_id}?with_fof=true,331.300000,0.000000,24,41,63,78,120,170,210,240,310,380,380,13750,0,17,37.39826610108033,2.145495993318036,636.1364799959119,9440.656218181819
1781617142,400,POST,/likes,32.900000,0.000000,22,29,40,47,72,84,110,120,130,130,130,1379,0,16,25.14249568490549,3.169831004925072,158.98700300022028,180.40464104423495
1781617142,400,POST,/posts,50.300000,0.000000,23,31,40,46,71,99,130,150,170,170,170,2125,0,17,25.91134360287448,3.3568170038051903,167.10059001343325,227.97364705882353
1781617142,400,GET,/timeline/{user_id},414.500000,0.100000,25,44,66,77,110,160,200,220,260,330,330,16876,1,17,36.73842111563692,1.936232001753524,486.40636799973436,5397.397665323537
1781617142,400,GET,/users/{user_id},160.000000,0.000000,24,38,59,74,110,160,200,220,280,290,290,6892,0,16,34.378432748759934,1.7171920044347644,289.86114999861456,269.7293964016251
1781617142,400,,Aggregated,1632.300000,0.100000,24,41,62,75,110,160,200,220,280,360,380,68343,1,17,35.683404694278224,1.7171920044347644,636.1364799959119,6155.44257641602
1781617143,400,GET,/feed/{user_id},643.900000,0.000000,26,44,65,78,110,160,210,230,270,320,320,27984,0,17,36.13388413009761,2.0331270061433315,319.8600639880169,7217.281553744997
1781617143,400,GET,/feed/{user_id}?with_fof=true,332.200000,0.000000,26,44,66,79,120,170,210,240,310,380,380,14091,0,17,37.77027358766034,2.145495993318036,636.1364799959119,9440.002554822227
1781617143,400,POST,/likes,32.500000,0.000000,23,32,41,52,70,83,110,130,160,160,160,1409,0,16,25.292430536122826,3.169831004925072,158.98700300022028,180.41022001419446
1781617143,400,POST,/posts,51.300000,0.000000,24,32,41,46,72,95,140,150,170,170,170,2183,0,17,26.110059219492285,3.3568170038051903,167.10059001343325,227.98167659184608
1781617143,400,GET,/timeline/{user_id},411.000000,0.100000,26,47,69,81,110,160,210,230,270,330,330,17271,1,17,37.0856793171391,1.936232001753524,486.40636799973436,5399.189276822419
1781617143,400,GET,/users/{user_id},160.700000,0.000000,24,39,61,76,110,160,210,230,280,290,290,7043,0,16,34.7788146188364,1.7171920044347644,289.86114999861456,269.75181030810734
1781617143,400,,Aggregated,1631.600000,0.100000,26,43,64,77,110,160,210,230,280,360,380,69981,1,17,36.03093398734958,1.7171920044347644,636.1364799959119,6157.223031965819
1781617144,400,GET,/feed/{user_id},638.700000,0.000000,26,43,63,76,110,160,200,220,270,320,320,28591,0,17,36.40208664159356,2.0331270061433315,319.8600639880169,7218.9177363506
1781617144,400,GET,/feed/{user_id}?with_fof=true,329.600000,0.000000,26,43,65,79,120,170,210,240,320,380,380,14407,0,18,38.107801120683376,2.145495993318036,636.1364799959119,9442.337058374402
1781617144,400,POST,/likes,31.700000,0.000000,23,31,41,50,67,83,120,130,160,160,160,1444,0,16,25.579493927585226,3.169831004925072,161.12839299603365,180.41620498614958
1781617144,400,POST,/posts,49.900000,0.000000,24,32,41,49,71,95,140,150,170,170,170,2217,0,17,26.212711111898354,3.3568170038051903,167.10059001343325,227.98421290031575
1781617144,400,GET,/timeline/{user_id},407.600000,0.100000,26,47,68,80,120,160,200,230,270,330,330,17675,1,17,37.42400174218861,1.936232001753524,486.40636799973436,5399.314002828854
1781617144,400,GET,/users/{user_id},159.300000,0.000000,24,38,59,74,110,150,190,220,280,290,290,7190,0,16,35.13346054830951,1.7171920044347644,289.86114999861456,269.76995827538246
1781617144,400,,Aggregated,1616.800000,0.100000,26,42,62,75,110,160,200,220,280,360,380,71524,1,17,36.33633929614594,1.7171920044347644,636.1364799959119,6159.754907443656
1781617145,400,GET,/feed/{user_id},636.600000,0.000000,26,43,63,77,120,160,200,220,260,320,320,29283,0,17,36.59248356752735,2.0331270061433315,319.8600639880169,7222.93456954547
1781617145,400,GET,/feed/{user_id}?with_fof=true,330.000000,0.000000,26,42,65,79,120,170,210,240,320,380,380,14740,0,18,38.215319336217206,2.145495993318036,636.1364799959119,9445.147693351424
1781617145,400,POST,/likes,30.700000,0.000000,22,30,39,46,67,77,120,130,160,160,160,1481,0,17,25.65115447969938,3.169831004925072,161.12839299603365,180.41863605671844
1781617145,400,POST,/posts,49.000000,0.000000,25,33,41,50,71,94,140,150,170,170,170,2275,0,17,26.339482479206808,3.3568170038051903,167.10059001343325,227.98725274725274
1781617145,400,GET,/timeline/{user_id},399.200000,0.100000,26,46,68,80,120,160,200,220,270,330,330,18076,1,18,37.54597754995012,1.936232001753524,486.40636799973436,5404.82014826289
1781617145,400,GET,/users/{user_id},158.400000,0.000000,23,38,60,76,110,160,200,220,280,280,280,7358,0,16,35.30653510743296,1.7171920044347644,289.86114999861456,269.78105463441153
1781617145,400,,Aggregated,1603.900000,0.100000,25,42,63,76,120,160,200,220,280,360,380,73213,1,17,36.48545697160041,1.7171920044347644,636.1364799959119,6162.82789941677
1781617146,400,GET,/feed/{user_id},639.600000,0.000000,26,43,62,75,110,160,200,220,260,320,320,29938,0,18,36.751101971676604,2.0331270061433315,319.8600639880169,7221.368094061059
1781617146,400,GET,/feed/{user_id}?with_fof=true,331.000000,0.000000,27,44,65,79,120,170,210,240,350,380,380,15053,0,18,38.38418422506377,2.145495993318036,636.1364799959119,9443.639739586793
1781617146,400,POST,/likes,31.300000,0.000000,23,30,39,46,66,75,120,130,160,160,160,1524,0,17,25.801323288951583,3.169831004925072,161.12839299603365,180.42125984251967
1781617146,400,POST,/posts,48.700000,0.000000,26,35,43,51,71,90,140,150,170,170,170,2317,0,18,26.639692092399375,3.3568170038051903,167.10059001343325,227.99654725938714
1781617146,400,GET,/timeline/{user_id},395.100000,0.100000,26,46,65,77,110,160,190,220,270,330,330,18472,1,18,37.69499977696044,1.936232001753524,486.40636799973436,5401.514670853183
1781617146,400,GET,/users/{user_id},155.900000,0.000000,25,41,61,74,110,160,190,220,280,280,280,7524,0,17,35.471526263753304,1.7171920044347644,289.86114999861456,269.7985114300904
1781617146,400,,Aggregated,1601.600000,0.100000,26,43,62,75,110,160,200,220,280,360,380,74828,1,18,36.64786976435155,1.7171920044347644,636.1364799959119,6160.23948254664
1781617147,400,GET,/feed/{user_id},639.300000,0.000000,25,40,58,73,110,160,200,220,260,320,320,30636,0,18,36.6738229605743,2.0331270061433315,319.8600639880169,7218.640357749054
1781617147,400,GET,/feed/{user_id}?with_fof=true,331.800000,0.000000,25,40,59,76,120,170,210,240,350,380,380,15399,0,18,38.28938815214927,2.145495993318036,636.1364799959119,9440.939476589389
1781617147,400,POST,/likes,31.600000,0.000000,21,28,35,41,61,75,120,130,160,160,160,1553,0,17,25.697332285490027,3.169831004925072,161.12839299603365,180.41403734707018
1781617147,400,POST,/posts,47.800000,0.000000,25,33,42,50,69,88,140,150,170,170,170,2377,0,18,26.506981879710168,3.3568170038051903,167.10059001343325,227.9949516196887
1781617147,400,GET,/timeline/{user_id},400.200000,0.100000,25,41,61,74,110,160,190,220,270,330,330,18867,1,18,37.60248967929152,1.936232001753524,486.40636799973436,5400.770074733662
1781617147,400,GET,/users/{user_id},154.800000,0.000000,23,39,60,73,110,160,190,220,280,280,280,7695,0,17,35.45451107063292,1.7171920044347644,289.86114999861456,269.8191033138402
1781617147,400,,Aggregated,1605.500000,0.100000,25,40,58,72,110,160,200,220,280,360,380,76527,1,18,36.56671784873651,1.7171920044347644,636.1364799959119,6158.950527264887
1781617148,400,GET,/feed/{user_id},644.900000,0.000000,25,40,56,71,110,160,200,220,260,290,290,31274,0,18,36.77391402468948,2.0331270061433315,319.8600639880169,7216.952356590139
1781617148,400,GET,/feed/{user_id}?with_fof=true,331.300000,0.000000,26,42,62,78,130,170,220,260,350,400,400,15706,0,18,38.66767643318704,2.145495993318036,636.1364799959119,9438.287915446326
1781617148,400,POST,/likes,31.600000,0.000000,21,27,35,41,66,75,130,150,160,160,160,1577,0,17,25.67959781064736,3.169831004925072,161.12839299603365,180.4159797083069
1781617148,400,POST,/posts,48.600000,0.000000,24,32,40,46,66,81,110,130,170,170,170,2423,0,18,26.499598763949994,3.3568170038051903,167.10059001343325,227.99422203879487
1781617148,400,GET,/timeline/{user_id},398.400000,0.000000,25,41,60,74,120,160,200,230,280,330,330,19298,1,18,37.868072021562476,1.936232001753524,486.40636799973436,5400.293139185408
1781617148,400,GET,/users/{user_id},153.300000,0.000000,24,39,58,72,110,160,190,210,280,280,280,7858,0,17,35.59847117372874,1.7171920044347644,289.86114999861456,269.83519979638584
1781617148,400,,Aggregated,1608.100000,0.000000,25,40,57,72,110,160,200,230,280,360,400,78136,1,18,36.76407810964856,1.7171920044347644,636.1364799959119,6157.3779819801375
1781617149,400,GET,/feed/{user_id},641.100000,0.000000,24,38,55,71,110,160,190,220,260,290,290,31898,0,18,36.86969203895666,2.0331270061433315,319.8600639880169,7216.388645056117
1781617149,400,GET,/feed/{user_id}?with_fof=true,331.500000,0.000000,25,39,59,78,130,170,210,250,350,400,400,16046,0,18,38.784547205087335,2.145495993318036,636.1364799959119,9439.580019942665
1781617149,400,POST,/likes,31.700000,0.000000,21,27,33,41,68,77,130,150,170,170,170,1608,0,17,25.831821002761153,3.169831004925072,168.78901299787685,180.42226368159203
1781617149,400,POST,/posts,47.500000,0.000000,22,31,38,43,66,78,120,150,170,170,170,2471,0,18,26.614937464672114,3.3568170038051903,167.10059001343325,227.99676244435452
1781617149,400,GET,/timeline/{user_id},396.900000,0.000000,24,39,58,73,120,160,190,230,280,330,330,19710,1,18,37.942661138121245,1.936232001753524,486.40636799973436,5398.333992897006
1781617149,400,GET,/users/{user_id},152.900000,0.000000,23,36,55,70,110,160,190,210,280,280,280,8025,0,17,35.739424290734625,1.7171920044347644,289.86114999861456,269.8500934579439
1781617149,400,,Aggregated,1601.600000,0.000000,24,38,55,71,110,160,200,230,280,360,400,79758,1,18,36.86612115053838,1.7171920044347644,636.1364799959119,6157.076092680358
1781617150,400,GET,/feed/{user_id},645.600000,0.000000,23,38,55,72,120,160,200,220,260,290,290,32601,0,18,36.99536728210893,2.0331270061433315,319.8600639880169,7218.247630440784
1781617150,400,GET,/feed/{user_id}?with_fof=true,330.700000,0.000000,23,39,63,80,140,180,220,260,350,400,400,16359,0,18,38.867967207733834,2.145495993318036,636.1364799959119,9440.642582064918
1781617150,400,POST,/likes,31.400000,0.000000,21,26,33,39,68,78,130,150,170,170,170,1642,0,17,25.791571401565133,3.169831004925072,168.78901299787685,180.42204628501827
1781617150,400,POST,/posts,48.800000,0.000000,22,32,41,48,69,84,120,150,180,180,180,2529,0,18,26.787188931350062,3.3568170038051903,176.10024401801638,228.0007908264136
1781617150,400,GET,/timeline/{user_id},394.100000,0.000000,23,39,60,75,120,160,200,230,280,330,330,20110,1,18,38.02313557887924,1.936232001753524,486.40636799973436,5398.228443560418
1781617150,400,GET,/users/{user_id},157.700000,0.000000,22,34,55,71,120,160,190,210,280,280,280,8203,0,17,35.7320052442201,1.7171920044347644,289.86114999861456,269.8755333414604
1781617150,400,,Aggregated,1608.300000,0.000000,23,37,56,73,120,160,200,230,280,360,400,81444,1,18,36.95516552322718,1.7171920044347644,636.1364799959119,6156.458339472521
1781617151,400,GET,/feed/{user_id},648.000000,0.000000,23,37,54,71,120,160,200,220,270,280,280,33206,0,18,37.10603126415999,2.0331270061433315,319.8600639880169,7220.486147081852
1781617151,400,GET,/feed/{user_id}?with_fof=true,326.900000,0.000000,22,37,57,76,130,170,210,250,320,400,400,16683,0,18,38.9407280159556,2.145495993318036,636.1364799959119,9434.393514355932
1781617151,400,POST,/likes,29.800000,0.000000,20,26,33,37,65,77,130,150,170,170,170,1674,0,17,25.79555853611173,3.169831004925072,168.78901299787685,180.41935483870967
1781617151,400,POST,/posts,48.300000,0.000000,21,31,41,46,67,80,120,160,180,180,180,2585,0,18,26.840028375417816,3.3568170038051903,183.6197470256593,228.00116054158607
1781617151,400,GET,/timeline/{user_id},396.200000,0.000000,22,37,55,72,120,160,200,230,280,290,290,20568,1,18,38.10648944346265,1.936232001753524,486.40636799973436,5399.1100252819915
1781617151,400,GET,/users/{user_id},158.400000,0.000000,21,34,50,68,110,160,190,210,270,280,280,8367,0,17,35.733851429342394,1.7171920044347644,289.86114999861456,269.89040277279787
1781617151,400,,Aggregated,1607.600000,0.000000,22,36,53,70,120,160,200,220,280,350,400,83083,1,18,37.03662226653165,1.7171920044347644,636.1364799959119,6154.759974964794
1781617152,400,GET,/feed/{user_id},647.400000,0.000000,22,35,52,66,110,150,190,220,270,280,280,33869,0,18,37.11785812006992,2.0331270061433315,319.8600639880169,7219.844577637367
1781617152,400,GET,/feed/{user_id}?with_fof=true,326.600000,0.000000,22,35,54,72,120,170,210,250,320,400,400,16984,0,18,38.862436037609115,2.145495993318036,636.1364799959119,9435.625765426283
1781617152,400,POST,/likes,30.700000,0.000000,20,25,30,35,57,74,130,150,170,170,170,1702,0,17,25.654181218271052,3.169831004925072,168.78901299787685,180.41774383078732
1781617152,400,POST,/posts,49.100000,0.000000,21,29,39,43,61,75,100,160,180,180,180,2633,0,18,26.798357735124466,3.3568170038051903,183.6197470256593,228.00341815419674
1781617152,400,GET,/timeline/{user_id},397.200000,0.000000,21,35,53,68,120,160,200,230,280,290,290,21015,1,18,38.02373888629124,1.936232001753524,486.40636799973436,5396.93399952415
1781617152,400,GET,/users/{user_id},157.400000,0.000000,21,33,50,64,110,150,180,210,270,280,280,8524,0,17,35.689141694661885,1.7171920044347644,289.86114999861456,269.9039183481933
1781617152,400,,Aggregated,1608.400000,0.000000,21,34,51,66,110,160,190,220,280,350,400,84727,1,18,36.99754457471882,1.7171920044347644,636.1364799959119,6153.979451650595
1781617153,400,GET,/feed/{user_id},651.800000,0.000000,23,39,57,73,120,170,210,260,750,830,830,34158,1,18,38.16337278534612,2.0331270061433315,833.6296130146366,7221.795216347561
1781617153,400,GET,/feed/{user_id}?with_fof=true,323.100000,0.000000,22,36,55,72,120,170,210,260,660,790,790,17037,1,18,39.138679713498846,2.145495993318036,789.922055992065,9430.087339320304
1781617153,400,POST,/likes,32.000000,0.000000,19,25,33,37,65,82,150,510,620,620,620,1718,0,17,26.975738198159082,3.169831004925072,616.435319010634,180.4220023282887
1781617153,400,POST,/posts,49.600000,0.000000,21,29,41,45,65,80,130,170,630,630,630,2654,0,18,27.30729028806236,3.3568170038051903,626.7234069819096,228.0041446872645
1781617153,400,GET,/timeline/{user_id},395.800000,0.000000,22,38,57,71,120,170,220,260,790,880,880,21163,2,18,38.91901997219493,1.936232001753524,875.1792859984562,5399.385531351888
1781617153,400,GET,/users/{user_id},159.200000,0.000000,21,35,57,72,120,170,230,300,670,680,680,8603,0,17,37.01334826389207,1.7171920044347644,680.833430000348,269.91212367778684
1781617153,400,,Aggregated,1611.500000,0.000000,22,37,55,70,120,170,210,260,730,870,880,85333,4,18,37.8666763774334,1.7171920044347644,875.1792859984562,6150.572662393212
1781617154,400,GET,/feed/{user_id},648.400000,0.000000,22,39,58,75,120,170,260,400,1300,1400,1400,34250,1,18,39.147628331700524,2.0331270061433315,1392.9394659935497,7222.239766423358
1781617154,400,GET,/feed/{user_id}?with_fof=true,323.700000,0.000000,21,35,54,71,120,170,220,280,870,1500,1500,17056,1,18,39.529441523039324,2.145495993318036,1481.4621499972418,9426.483935272045
1781617154,400,POST,/likes,32.100000,0.000000,19,25,30,37,65,84,170,530,620,620,620,1723,0,17,27.239795788984477,3.169831004925072,616.435319010634,180.42019733023795
1781617154,400,POST,/posts,51.000000,0.000000,21,29,41,45,66,92,170,450,1200,1200,1200,2662,0,18,28.177949320636447,3.3568170038051903,1173.1228859862313,228.00563486100677
1781617154,400,GET,/timeline/{user_id},402.900000,0.000000,21,37,56,71,120,170,240,330,1200,1300,1300,21200,2,18,39.41168026408188,1.936232001753524,1253.7881649914198,5401.111226415094
1781617154,400,GET,/users/{user_id},159.500000,0.000000,21,35,57,73,120,180,300,490,1300,1300,1300,8628,0,17,38.10407491308615,1.7171920044347644,1256.1707160202786,269.9159712563746
1781617154,400,,Aggregated,1617.600000,0.000000,21,37,55,71,120,170,250,350,1200,1400,1500,85519,4,18,38.602578072268265,1.7171920044347644,1481.4621499972418,6149.394052783592
1781617155,400,GET,/feed/{user_id},647.900000,0.000000,22,41,61,79,130,180,280,550,1300,2100,2100,34275,1,18,39.33602885192754,2.0331270061433315,2104.302979016211,7221.018847556528
1781617155,400,GET,/feed/{user_id}?with_fof=true,319.000000,0.000000,21,36,57,74,130,170,260,350,2800,3000,3000,17068,1,18,40.65657806057891,2.145495993318036,2972.0872080069967,9426.028064213733
1781617155,400,POST,/likes,32.400000,0.000000,18,25,29,38,68,88,440,530,620,620,620,1723,0,17,27.239795788984477,3.169831004925072,616.435319010634,180.42019733023795
1781617155,400,POST,/posts,49.400000,0.000000,21,29,42,46,68,100,320,630,1200,1200,1200,2665,0,18,28.87289220845942,3.3568170038051903,1173.1228859862313,228.00562851782365
1781617155,400,GET,/timeline/{user_id},410.700000,0.000000,21,38,58,72,130,180,250,360,1200,1300,1300,21206,2,18,39.43906897578767,1.936232001753524,1253.7881649914198,5401.117183815901
1781617155,400,GET,/users/{user_id},161.100000,0.000000,21,38,60,76,130,190,330,540,1300,1300,1300,8630,0,17,38.22888186756753,1.7171920044347644,1256.1707160202786,269.9172653534183
1781617155,400,,Aggregated,1620.500000,0.000000,21,38,57,73,130,180,270,440,1300,3000,3000,85567,4,18,38.94386196004786,1.7171920044347644,2972.0872080069967,6149.191206890507
1781617156,400,GET,/feed/{user_id},606.800000,0.100000,21,40,64,82,140,210,580,1200,3000,3000,3000,34346,1,18,41.76626911103778,2.0331270061433315,3045.012865011813,7221.755284458161
1781617156,400,GET,/feed/{user_id}?with_fof=true,288.900000,0.100000,20,37,63,81,150,240,2800,3500,4000,4000,4000,17126,1,18,49.00953298406426,2.145495993318036,4048.017016000813,9423.11935069485
1781617156,400,POST,/likes,30.200000,0.000000,18,25,29,38,79,170,1200,2500,2900,2900,2900,1729,0,17,33.3950901534982,3.169831004925072,2949.7804889979307,180.4274146905726
1781617156,400,POST,/posts,46.400000,0.000000,20,27,40,43,68,130,550,780,2800,2800,2800,2669,0,18,30.253751901680715,3.3568170038051903,2817.1827510232106,228.00749344323717
1781617156,400,GET,/timeline/{user_id},384.000000,0.100000,21,37,60,77,140,190,360,870,3800,3900,3900,21242,2,18,42.183197457849296,1.936232001753524,3946.3812839821912,5401.6059693060915
1781617156,400,GET,/users/{user_id},153.900000,0.000000,21,36,62,80,140,220,510,1200,3000,3000,3000,8644,0,17,40.759150655501934,1.7064069979824126,3036.4231310086325,269.91982878297085
1781617156,400,,Aggregated,1510.200000,0.300000,21,37,61,79,140,210,620,1300,3800,4000,4000,85756,4,18,42.68746786393459,1.7064069979824126,4048.017016000813,6150.162799104436
1781617157,400,GET,/feed/{user_id},555.300000,0.100000,23,44,75,98,170,300,1100,2700,3100,3300,3300,34505,1,18,44.64288664213712,2.0331270061433315,3291.8746109935455,7220.711520069555
1781617157,400,GET,/feed/{user_id}?with_fof=true,259.100000,0.100000,22,47,81,110,230,2900,4100,4400,4600,4600,4600,17241,1,19,63.61766714819706,2.145495993318036,4622.589423001045,9423.500261005742
1781617157,400,POST,/likes,27.400000,0.000000,19,26,33,46,130,550,2800,2900,2900,2900,2900,1738,0,17,38.55170311241612,3.169831004925072,2949.7804889979307,180.43210586881472
1781617157,400,POST,/posts,43.900000,0.000000,21,30,43,48,96,450,780,1200,2800,2800,2800,2679,0,18,31.642850687794773,3.3568170038051903,2817.1827510232106,228.01082493467712
1781617157,400,GET,/timeline/{user_id},345.900000,0.100000,22,40,68,86,160,260,790,2800,4700,4800,4800,21300,2,18,45.191164763504695,1.936232001753524,4768.1761420099065,5402.377370892019
1781617157,400,GET,/users/{user_id},140.000000,0.000000,21,38,65,88,170,330,1100,2600,3000,3000,3000,8674,0,17,42.883335223211496,1.7064069979824126,3036.4231310086325,269.92494812082083
1781617157,400,,Aggregated,1371.600000,0.300000,22,42,71,92,170,350,2700,3100,4600,4800,4800,86137,4,18,47.87200528320915,1.7064069979824126,4768.1761420099065,6152.496813216156
1781617158,400,GET,/feed/{user_id},486.100000,0.100000,24,55,89,110,220,660,1300,2700,3100,3300,3300,34771,1,18,46.2601765210672,2.0331270061433315,3291.8746109935455,7218.101607661557
1781617158,400,GET,/feed/{user_id}?with_fof=true,229.000000,0.100000,24,63,110,150,2700,4300,4700,4900,5400,5600,5600,17427,1,19,82.2175810607137,2.145495993318036,5601.501393015496,9427.229873185288
1781617158,400,POST,/likes,23.700000,0.000000,18,26,37,47,250,860,2800,2900,2900,2900,2900,1750,0,17,39.14445706880984,3.169831004925072,2949.7804889979307,180.43428571428572
1781617158,400,POST,/posts,38.400000,0.000000,20,34,44,55,130,490,780,1200,2800,2800,2800,2696,0,18,31.850086157884224,3.3568170038051903,2817.1827510232106,228.01149851632047
1781617158,400,GET,/timeline/{user_id},307.400000,0.100000,23,51,81,110,240,930,4700,5000,5600,5800,5800,21494,3,18,58.05628605702581,1.936232001753524,5754.715823975857,5401.966595328929
1781617158,400,GET,/users/{user_id},124.800000,0.000000,22,48,80,100,260,600,1200,2600,3000,3000,3000,8747,1,17,44.53792289050068,1.7064069979824126,3036.4231310086325,269.90236652566597
1781617158,400,,Aggregated,1209.400000,0.300000,23,52,86,110,270,1100,3900,4600,5300,5800,5800,86885,6,18,55.62667939395855,1.7064069979824126,5754.715823975857,6153.767980664096
1781617159,400,GET,/feed/{user_id},431.100000,0.100000,25,64,100,130,330,810,1300,2700,3100,3300,3300,35157,6,18,47.59052365815866,2.0331270061433315,3291.8746109935455,7214.354865318429
1781617159,400,GET,/feed/{user_id}?with_fof=true,202.100000,0.100000,27,77,150,330,3000,4300,4800,5000,5600,5900,5900,17635,5,19,86.25928232073367,2.145495993318036,5866.514076013118,9427.882279557698
1781617159,400,POST,/likes,20.200000,0.000000,17,27,41,60,490,1200,2900,2900,2900,2900,2900,1763,0,17,39.258407016685716,3.169831004925072,2949.7804889979307,180.4344866704481
1781617159,400,POST,/posts,34.500000,0.000000,20,34,44,55,280,520,790,1200,2800,2800,2800,2720,0,18,32.510682663140706,3.3568170038051903,2817.1827510232106,228.0128676470588
1781617159,400,GET,/timeline/{user_id},271.000000,0.100000,25,64,100,150,640,2800,4900,5200,5900,6200,6200,21743,4,18,65.86942874639588,1.936232001753524,6230.233962007333,5397.871038955066
1781617159,400,GET,/users/{user_id},110.600000,0.000000,22,57,93,130,380,730,1300,2700,3000,3000,3000,8831,2,17,46.154891361128804,1.7064069979824126,3036.4231310086325,269.87940210621673
1781617159,400,,Aggregated,1069.500000,0.300000,25,62,100,140,540,1300,4300,4800,5700,6200,6200,87849,17,18,59.09864594057069,1.7064069979824126,6230.233962007333,6153.550911222666
1781617160,400,GET,/feed/{user_id},382.400000,0.100000,26,79,140,210,460,900,1400,2800,3200,3300,3300,35615,21,18,48.62817974787147,2.0331270061433315,3291.8746109935455,7214.85809349993
1781617160,400,GET,/feed/{user_id}?with_fof=true,184.500000,0.100000,29,98,260,470,3300,4400,4800,5100,6800,7000,7000,17906,15,19,88.6038374186528,2.145495993318036,6977.208591008093,9424.72232771138
1781617160,400,POST,/likes,18.300000,0.000000,16,26,48,100,490,1200,2900,2900,2900,2900,2900,1791,0,17,39.52230488854039,3.169831004925072,2949.7804889979307,180.43718592964825
1781617160,400,POST,/posts,30.000000,0.000000,17,29,44,74,340,550,790,1200,2800,2800,2800,2753,0,18,32.6160784368399,3.3568170038051903,2817.1827510232106,228.01089720305123
1781617160,400,GET,/timeline/{user_id},240.000000,0.100000,25,77,150,250,790,3800,5000,5200,6500,6800,6800,22085,12,18,69.84140424517678,1.936232001753524,6762.760564975906,5397.699298166176
1781617160,400,GET,/users/{user_id},96.500000,0.000000,23,69,130,230,450,820,1300,2700,3000,3000,3000,8979,4,17,47.232736750114285,1.7064069979824126,3036.4231310086325,269.83706426105357
1781617160,400,,Aggregated,951.700000,0.300000,25,77,150,250,660,2500,4400,4900,5900,7000,7000,89129,52,18,61.097505891066035,1.7064069979824126,6977.208591008093,6151.737167476354
1781617161,400,GET,/feed/{user_id},344.200000,0.100000,31,78,140,200,450,880,1300,2700,3100,3300,3300,36280,26,18,48.71160860071027,2.0331270061433315,3291.8746109935455,7210.280512679162
1781617161,400,GET,/feed/{user_id}?with_fof=true,168.600000,0.100000,33,99,260,460,3200,4400,4800,5100,6800,7000,7000,18250,17,19,87.88827991663887,2.145495993318036,6977.208591008093,9424.234410958905
1781617161,400,POST,/likes,17.100000,0.000000,17,33,57,96,490,1200,2900,2900,2900,2900,2900,1826,0,17,39.437548334234435,3.169831004925072,2949.7804889979307,180.43647316538883
1781617161,400,POST,/posts,27.200000,0.000000,21,34,54,100,340,550,790,1200,2800,2800,2800,2802,0,18,32.712910798939426,3.3568170038051903,2817.1827510232106,228.01034975017845
1781617161,400,GET,/timeline/{user_id},214.800000,0.200000,33,86,170,280,880,3900,5000,5300,6500,6800,6800,22495,18,19,70.17834302070997,1.936232001753524,6762.760564975906,5398.038364080907
1781617161,400,GET,/users/{user_id},86.900000,0.100000,29,84,150,260,470,840,1300,2700,3000,3000,3000,9119,5,18,47.55250873990852,1.7064069979824126,3036.4231310086325,269.82180063603465
1781617161,400,,Aggregated,858.800000,0.500000,31,81,150,250,660,2500,4400,4900,5900,7000,7000,90772,66,18,61.11120126558241,1.7064069979824126,6977.208591008093,6152.10632133257
1781617162,400,GET,/feed/{user_id},319.800000,0.700000,30,59,130,190,440,850,1300,2700,3100,3300,3300,36994,26,19,48.3624191696141,2.0331270061433315,3291.8746109935455,7209.984429907553
1781617162,400,GET,/feed/{user_id}?with_fof=true,155.600000,0.700000,34,74,240,440,3000,4400,4800,5100,6800,7000,7000,18577,17,19,86.91537115236252,2.145495993318036,6977.208591008093,9424.609517144856
1781617162,400,POST,/likes,15.400000,0.000000,25,37,55,95,440,1200,2800,2900,2900,2900,2900,1857,0,17,39.26740504541298,3.169831004925072,2949.7804889979307,180.43295638126008
1781617162,400,POST,/posts,24.200000,0.000000,24,34,44,70,320,550,790,1200,2800,2800,2800,2853,0,18,32.59431062694841,3.3568170038051903,2817.1827510232106,228.00665965650194
1781617162,400,GET,/timeline/{user_id},200.200000,0.300000,31,66,170,270,870,3900,5000,5300,6500,6800,6800,22941,18,19,69.41664304323554,1.936232001753524,6762.760564975906,5399.755590427619
1781617162,400,GET,/users/{user_id},79.900000,0.200000,30,60,130,240,450,820,1300,2700,3000,3000,3000,9299,5,18,47.191582491165626,1.7064069979824126,3036.4231310086325,269.82568018066456
1781617162,400,,Aggregated,795.100000,1.900000,30,61,140,240,650,2200,4400,4900,5900,7000,7000,92521,66,19,60.53738132625426,1.7064069979824126,6977.208591008093,6151.874752758833
1781617163,400,GET,/feed/{user_id},297.500000,2.200000,28,48,80,120,360,710,1200,2700,3100,3300,3300,37642,26,19,48.2518079266447,2.0331270061433315,3291.8746109935455,7209.441554646405
1781617163,400,GET,/feed/{user_id}?with_fof=true,152.800000,1.500000,32,61,130,280,2600,4300,4700,5000,6800,7000,7000,18892,17,19,86.20168217663985,2.145495993318036,6977.208591008093,9425.996453525302
1781617163,400,POST,/likes,14.300000,0.000000,25,36,45,58,180,860,2800,2900,2900,2900,2900,1893,0,18,39.225145541049706,3.169831004925072,2949.7804889979307,180.43475964078183
1781617163,400,POST,/posts,21.000000,0.000000,24,33,42,57,280,490,790,1200,2800,2800,2800,2888,0,18,32.59467205462089,3.3568170038051903,2817.1827510232106,228.00484764542935
1781617163,400,GET,/timeline/{user_id},197.300000,1.300000,29,56,96,160,650,3000,4900,5200,6200,6800,6800,23351,18,19,68.99300600291565,1.936232001753524,6762.760564975906,5398.373260245814
1781617163,400,GET,/users/{user_id},76.800000,0.400000,28,45,77,110,410,720,1200,2600,3000,3000,3000,9480,5,18,47.09240008380858,1.7064069979824126,3036.4231310086325,269.8324894514768
1781617163,400,,Aggregated,759.700000,5.400000,28,51,89,140,490,1300,4200,4800,5800,7000,7000,94146,66,19,60.232989006727614,1.7064069979824126,6977.208591008093,6150.757238756824
1781617164,400,GET,/feed/{user_id},305.000000,2.600000,27,41,62,86,260,540,1100,2700,3000,3300,3300,38315,26,19,47.9677175106052,2.0331270061433315,3291.8746109935455,7213.914576536605
1781617164,400,GET,/feed/{user_id}?with_fof=true,155.500000,1.700000,30,49,85,150,1000,4000,4700,4900,6000,7000,7000,19231,17,19,85.22282779679026,2.145495993318036,6977.208591008093,9428.361499662004
1781617164,400,POST,/likes,14.900000,0.000000,25,35,42,55,120,590,2800,2900,2900,2900,2900,1917,0,18,39.075167971373745,3.169831004925072,2949.7804889979307,180.43348982785602
1781617164,400,POST,/posts,20.700000,0.000000,24,32,39,44,110,350,640,790,2800,2800,2800,2940,0,19,32.555507695499166,3.3568170038051903,2817.1827510232106,228.00272108843538
1781617164,400,GET,/timeline/{user_id},191.300000,1.700000,28,47,76,100,440,2100,4900,5100,6200,6800,6800,23757,18,19,68.37070268594601,1.936232001753524,6762.760564975906,5397.46840931094
1781617164,400,GET,/users/{user_id},74.900000,0.500000,27,37,57,78,330,590,1100,2200,3000,3000,3000,9647,5,18,46.733487153077206,1.7064069979824126,3036.4231310086325,269.83880999274385
1781617164,400,,Aggregated,762.300000,6.500000,28,43,66,95,370,990,4000,4700,5800,6800,7000,95807,66,19,59.729918708242096,1.7064069979824126,6977.208591008093,6153.673197156784
1781617165,400,GET,/feed/{user_id},313.400000,2.600000,27,40,55,70,190,460,1000,2300,3000,3300,3300,39046,26,19,47.65555582968032,2.0331270061433315,3291.8746109935455,7212.163832402807
1781617165,400,GET,/feed/{user_id}?with_fof=true,159.900000,1.700000,30,47,70,100,640,3900,4600,4900,6000,7000,7000,19570,17,20,84.40353629917023,2.145495993318036,6977.208591008093,9427.084261624936
1781617165,400,POST,/likes,15.500000,0.000000,25,34,41,46,100,340,2800,2900,2900,2900,2900,1945,0,18,38.911960313708946,3.169831004925072,2949.7804889979307,180.43547557840617
1781617165,400,POST,/posts,22.200000,0.000000,24,33,40,44,100,320,520,670,2800,2800,2800,2984,0,19,32.53789864736695,3.3568170038051903,2817.1827510232106,228.0
1781617165,400,GET,/timeline/{user_id},192.800000,1.700000,28,44,62,87,360,1100,4700,5100,6200,6800,6800,24186,18,19,67.73168622528476,1.936232001753524,6762.760564975906,5397.252956255685
1781617165,400,GET,/users/{user_id},77.600000,0.500000,26,37,52,67,220,450,980,1800,3000,3000,3000,9815,5,18,46.466981963712584,1.7064069979824126,3036.4231310086325,269.8418746816098
1781617165,400,,Aggregated,781.400000,6.500000,28,41,57,77,280,820,3600,4600,5800,6800,7000,97546,66,19,59.24942982483089,1.7064069979824126,6977.208591008093,6154.142097061899
1781617166,400,GET,/feed/{user_id},351.500000,2.500000,27,39,52,63,130,360,710,1000,3000,3300,3300,39731,26,19,47.42498460738289,2.0331270061433315,3291.8746109935455,7207.24232966701
1781617166,400,GET,/feed/{user_id}?with_fof=true,187.700000,1.600000,29,43,57,79,350,2600,4600,4900,6000,7000,7000,19875,17,20,83.64840468298937,2.145495993318036,6977.208591008093,9426.417761006289
1781617166,400,POST,/likes,17.400000,0.000000,24,32,40,44,90,140,590,2800,2900,2900,2900,1972,0,18,38.79345110913044,3.169831004925072,2949.7804889979307,180.43559837728193
1781617166,400,POST,/posts,23.400000,0.000000,24,33,40,44,73,150,490,620,810,810,810,3032,0,19,32.52791008138126,3.3568170038051903,2817.1827510232106,227.99901055408972
1781617166,400,GET,/timeline/{user_id},220.500000,1.600000,29,43,58,75,240,780,4600,5100,5900,6800,6800,24567,18,20,67.27951236474587,1.936232001753524,6762.760564975906,5396.848373834819
1781617166,400,GET,/users/{user_id},88.800000,0.500000,27,36,49,60,120,410,710,980,2800,3000,3000,10026,5,19,46.224348701376954,1.7064069979824126,3036.4231310086325,269.85806902054657
1781617166,400,,Aggregated,889.300000,6.200000,28,40,53,66,170,490,2400,4500,5700,6800,7000,99203,66,19,58.85084640392954,1.7064069979824126,6977.208591008093,6149.391459935688
1781617167,400,GET,/feed/{user_id},408.500000,2.500000,25,36,47,56,100,230,480,700,1300,1400,1400,40493,26,19,47.03037689541875,2.0331270061433315,3291.8746109935455,7206.012174943818
1781617167,400,GET,/feed/{user_id}?with_fof=true,218.200000,1.600000,27,38,50,60,140,450,3300,4800,6000,7000,7000,20236,17,20,82.67130140543227,2.145495993318036,6977.208591008093,9428.63965210516
1781617167,400,POST,/likes,19.400000,0.000000,22,31,36,41,58,110,300,360,860,860,860,2005,0,18,38.47995524049651,3.169831004925072,2949.7804889979307,180.4339152119701
1781617167,400,POST,/posts,27.900000,0.000000,23,32,38,42,61,110,290,360,620,620,620,3074,0,19,32.392788139153645,3.3568170038051903,2817.1827510232106,227.99707221860768
1781617167,400,GET,/timeline/{user_id},257.200000,1.600000,27,39,53,65,150,470,4100,5000,5900,6800,6800,24973,18,20,66.63169258966313,1.936232001753524,6762.760564975906,5397.4327473671565
1781617167,400,GET,/users/{user_id},102.500000,0.500000,25,34,44,55,100,300,530,740,1100,1400,1400,10211,5,19,45.782888305060695,1.7064069979824126,3036.4231310086325,269.85907354813435
1781617167,400,,Aggregated,1033.700000,6.200000,26,37,48,58,110,330,860,3100,5600,6800,7000,100992,66,19,58.277364339631895,1.7064069979824126,6977.208591008093,6150.974879198352
1781617168,400,GET,/feed/{user_id},478.900000,2.500000,27,37,48,56,87,150,390,530,1000,1100,1100,41125,26,20,46.94979035005534,2.0331270061433315,3291.8746109935455,7206.351489361702
1781617168,400,GET,/feed/{user_id}?with_fof=true,251.900000,1.600000,27,39,49,55,92,220,510,900,5900,7000,7000,20554,17,20,82.06187720278999,2.145495993318036,6977.208591008093,9425.47056534008
1781617168,400,POST,/likes,22.200000,0.000000,24,32,39,42,58,95,140,310,360,360,360,2040,0,18,38.433913133414144,3.169831004925072,2949.7804889979307,180.4294117647059
1781617168,400,POST,/posts,32.100000,0.000000,25,33,40,44,61,85,150,320,620,620,620,3134,0,19,32.48905573569131,3.3568170038051903,2817.1827510232106,227.99425654116146
1781617168,400,GET,/timeline/{user_id},299.300000,1.600000,28,40,52,60,110,250,750,2100,5900,6800,6800,25349,18,20,66.3342898190644,1.936232001753524,6762.760564975906,5399.159809065446
1781617168,400,GET,/users/{user_id},119.000000,0.500000,26,34,45,54,85,170,430,560,1100,1100,1100,10370,5,19,45.73134415412356,1.7064069979824126,3036.4231310086325,269.86933461909354
1781617168,400,,Aggregated,1203.400000,6.200000,27,37,48,56,91,190,460,700,5400,6800,7000,102572,66,20,58.0419391953138,1.7064069979824126,6977.208591008093,6150.18507974886
1781617169,400,GET,/feed/{user_id},540.100000,2.500000,29,40,51,58,82,110,210,380,670,1100,1100,41691,26,20,47.12520914355949,2.0331270061433315,3291.8746109935455,7206.648965004438
1781617169,400,GET,/feed/{user_id}?with_fof=true,275.800000,1.600000,30,42,51,58,84,120,270,420,5800,7000,7000,20899,17,20,81.70942884206781,2.145495993318036,6977.208591008093,9427.050193789177
1781617169,400,POST,/likes,24.300000,0.000000,26,35,41,44,59,89,120,180,360,360,360,2061,0,18,38.581271824902664,3.169831004925072,2949.7804889979307,180.42843279961184
1781617169,400,POST,/posts,36.600000,0.000000,27,36,43,47,63,79,110,140,350,350,350,3172,0,19,32.73895248317237,3.3568170038051903,2817.1827510232106,227.99401008827238
1781617169,400,GET,/timeline/{user_id},332.900000,1.600000,30,42,53,60,89,130,340,550,4400,6800,6800,25728,18,20,66.2272496650175,1.936232001753524,6762.760564975906,5399.323888370647
1781617169,400,GET,/users/{user_id},138.400000,0.500000,28,37,48,55,80,110,300,430,820,820,820,10521,5,19,45.883722072727345,1.7064069979824126,3036.4231310086325,269.8743465450052
1781617169,400,,Aggregated,1348.100000,6.200000,29,40,51,58,83,110,250,420,3800,6800,7000,104072,66,20,58.05926402481952,1.7064069979824126,6977.208591008093,6152.630265585364
1781617170,400,GET,/feed/{user_id},599.200000,2.500000,31,41,49,55,74,95,120,140,300,460,460,42310,26,20,47.07030732347963,2.0331270061433315,3291.8746109935455,7207.589742377689
1781617170,400,GET,/feed/{user_id}?with_fof=true,296.900000,1.600000,32,42,49,55,77,100,140,200,370,450,450,21239,17,21,81.10429127546577,2.145495993318036,6977.208591008093,9428.055699420876
1781617170,400,POST,/likes,26.800000,0.000000,29,36,41,44,58,72,95,110,130,130,130,2097,0,18,38.54371180977609,3.169831004925072,2949.7804889979307,180.42155460181212
1781617170,400,POST,/posts,39.500000,0.000000,30,38,44,48,62,76,94,110,140,140,140,3222,0,19,32.90703264698289,3.3568170038051903,2817.1827510232106,227.99224084419615
1781617170,400,GET,/timeline/{user_id},366.400000,1.600000,32,41,50,56,76,95,120,140,240,270,270,26149,18,21,65.85102693283233,1.936232001753524,6762.760564975906,5400.125243795173
1781617170,400,GET,/users/{user_id},153.900000,0.500000,30,38,47,52,70,87,100,120,150,160,160,10658,5,19,45.83555375814024,1.7064069979824126,3036.4231310086325,269.8811221617564
1781617170,400,,Aggregated,1482.700000,6.200000,31,41,49,55,73,91,110,130,240,300,310,105675,66,20,57.8322706726345,1.7064069979824126,6977.208591008093,6154.651525904897
1781617172,400,GET,/feed/{user_id},651.000000,1.900000,33,45,53,58,76,95,120,130,150,170,170,42947,26,21,47.11699515271214,2.0331270061433315,3291.8746109935455,7206.979043937877
1781617172,400,GET,/feed/{user_id}?with_fof=true,324.700000,1.000000,35,46,53,59,80,98,130,160,290,310,310,21544,17,21,80.70680934217745,2.145495993318036,6977.208591008093,9426.240438173041
1781617172,400,POST,/likes,29.400000,0.000000,31,39,43,49,59,71,90,110,130,130,130,2140,0,19,38.5693041191852,3.169831004925072,2949.7804889979307,180.4214953271028
1781617172,400,POST,/posts,45.000000,0.000000,32,42,48,52,65,79,94,110,110,110,110,3274,0,20,33.085501005339154,3.3568170038051903,2817.1827510232106,227.99022602321318
1781617172,400,GET,/timeline/{user_id},396.300000,1.400000,35,46,55,60,81,100,120,150,250,270,270,26536,18,21,65.71693492542754,1.936232001753524,6762.760564975906,5399.182242990654
1781617172,400,GET,/users/{user_id},168.000000,0.300000,32,42,52,56,77,92,110,120,150,160,160,10829,5,20,45.929565336339486,1.7064069979824126,3036.4231310086325,269.897682149783
1781617172,400,,Aggregated,1614.400000,4.600000,34,45,53,58,78,96,120,130,240,300,310,107270,66,21,57.74566216655485,1.7064069979824126,6977.208591008093,6151.999785587769
1781617173,400,GET,/feed/{user_id},664.500000,0.400000,33,43,51,56,72,89,110,120,150,160,160,43631,26,21,46.858239841117104,2.0331270061433315,3291.8746109935455,7202.974834406729
1781617173,400,GET,/feed/{user_id}?with_fof=true,330.900000,0.200000,34,44,52,57,76,94,120,160,300,340,340,21884,17,21,79.92784179405673,2.145495993318036,6977.208591008093,9421.545421312374
1781617173,400,POST,/likes,30.500000,0.000000,30,37,41,46,56,65,78,92,130,130,130,2175,0,19,38.33124993615195,3.169831004925072,2949.7804889979307,180.4216091954023
1781617173,400,POST,/posts,46.800000,0.000000,32,42,48,51,64,74,91,100,110,110,110,3316,0,20,33.035299248345105,3.3568170038051903,2817.1827510232106,227.9900482509047
1781617173,400,GET,/timeline/{user_id},401.500000,0.400000,33,44,52,58,76,96,120,150,250,270,270,26968,18,21,65.18228576629411,1.936232001753524,6762.760564975906,5397.39213141501
1781617173,400,GET,/users/{user_id},166.100000,0.100000,32,41,50,55,72,87,110,120,140,160,160,10996,5,20,45.68398724094685,1.7064069979824126,3036.4231310086325,269.9044197890142
1781617173,400,,Aggregated,1640.300000,1.100000,33,43,51,56,73,91,110,130,240,310,340,108970,66,21,57.32500027066591,1.7064069979824126,6977.208591008093,6149.649141965679
1781617174,400,GET,/feed/{user_id},661.500000,0.000000,33,44,52,57,72,88,110,120,150,160,160,44310,26,21,46.63144354449376,2.0331270061433315,3291.8746109935455,7204.512006319115
1781617174,400,GET,/feed/{user_id}?with_fof=true,327.300000,0.000000,34,45,53,58,76,95,120,140,300,340,340,22229,17,21,79.21099575461022,2.145495993318036,6977.208591008093,9424.160735975527
1781617174,400,POST,/likes,31.300000,0.000000,30,37,41,46,56,64,78,92,130,130,130,2210,0,19,38.14515770681369,3.169831004925072,2949.7804889979307,180.42398190045247
1781617174,400,POST,/posts,47.000000,0.000000,32,43,48,53,65,75,88,94,110,110,110,3373,0,20,32.9998418812817,3.3568170038051903,2817.1827510232106,227.99051289653127
1781617174,400,GET,/timeline/{user_id},399.400000,0.000000,34,44,53,58,76,96,120,150,260,280,280,27380,18,21,64.7079634086575,1.936232001753524,6762.760564975906,5398.465777940102
1781617174,400,GET,/users/{user_id},169.900000,0.000000,32,42,51,55,75,89,110,120,140,160,160,11169,5,20,45.48185404596119,1.7064069979824126,3036.4231310086325,269.91351060972335
1781617174,400,,Aggregated,1636.400000,0.000000,33,44,52,57,73,90,110,130,240,310,340,110671,66,21,56.946450463552104,1.7064069979824126,6977.208591008093,6150.789294395099
1781617175,400,GET,/feed/{user_id},658.900000,0.000000,33,44,52,57,73,90,110,130,160,160,160,44990,26,21,46.4546107638623,2.0331270061433315,3291.8746109935455,7204.552033785286
1781617175,400,GET,/feed/{user_id}?with_fof=true,328.600000,0.000000,34,45,53,58,76,95,120,140,300,340,340,22564,17,22,78.55132207182301,2.145495993318036,6977.208591008093,9426.282086509484
1781617175,400,POST,/likes,31.500000,0.000000,29,37,41,46,56,65,78,92,130,130,130,2243,0,19,37.972384313866954,3.169831004925072,2949.7804889979307,180.42353990191708
1781617175,400,POST,/posts,46.000000,0.000000,31,42,48,52,64,74,87,94,110,110,110,3441,0,20,32.928674098663684,3.3568170038051903,2817.1827510232106,227.98982853821565
1781617175,400,GET,/timeline/{user_id},399.600000,0.000000,34,46,54,60,78,100,130,170,260,280,280,27788,18,21,64.34792081550408,1.936232001753524,6762.760564975906,5400.5634806391245
1781617175,400,GET,/users/{user_id},168.600000,0.000000,32,42,51,56,76,93,110,120,140,160,160,11319,5,20,45.30625847878216,1.7064069979824126,3036.4231310086325,269.92561180316284
1781617175,400,,Aggregated,1633.200000,0.000000,33,44,52,57,75,93,120,140,240,310,340,112345,66,21,56.62758608239686,1.7064069979824126,6977.208591008093,6151.967368374205
1781617176,400,GET,/feed/{user_id},659.800000,0.000000,32,43,51,57,73,90,110,130,160,170,170,45693,26,21,46.19391696620074,2.0331270061433315,3291.8746109935455,7206.1902917295865
1781617176,400,GET,/feed/{user_id}?with_fof=true,330.500000,0.000000,33,44,53,58,77,95,120,140,260,340,340,22927,17,22,77.84201002989487,2.145495993318036,6977.208591008093,9421.357177127404
1781617176,400,POST,/likes,31.500000,0.000000,29,37,41,46,54,62,72,78,92,92,92,2275,0,19,37.82125966284414,3.169831004925072,2949.7804889979307,180.42197802197802
1781617176,400,POST,/posts,48.000000,0.000000,30,41,48,51,64,74,87,100,130,130,130,3492,0,20,32.90225448583956,3.3568170038051903,2817.1827510232106,227.98911798396335
1781617176,400,GET,/timeline/{user_id},399.100000,0.000000,33,44,53,59,78,100,130,170,270,300,300,28208,18,21,63.867540061807354,1.936232001753524,6762.760564975906,5399.225928814521
1781617176,400,GET,/users/{user_id},167.200000,0.000000,31,41,50,55,76,93,110,120,140,140,140,11490,5,20,45.08313369124968,1.7064069979824126,3036.4231310086325,269.93716275021757
1781617176,400,,Aggregated,1636.100000,0.000000,32,43,52,57,74,92,120,140,240,310,340,114085,66,21,56.23825416545111,1.7064069979824126,6977.208591008093,6152.302669062541
1781617177,400,GET,/feed/{user_id},662.400000,0.000000,34,45,54,59,75,91,110,130,160,170,170,46353,26,21,46.08231601043868,2.0331270061433315,3291.8746109935455,7205.737557439648
1781617177,400,GET,/feed/{user_id}?with_fof=true,330.200000,0.000000,34,46,54,60,77,94,120,140,230,340,340,23270,17,22,77.24763079597095,2.145495993318036,6977.208591008093,9421.7199398367
1781617177,400,POST,/likes,32.500000,0.000000,31,38,43,48,58,66,78,80,92,92,92,2312,0,19,37.72935674307116,3.169831004925072,2949.7804889979307,180.4182525951557
1781617177,400,POST,/posts,49.600000,0.000000,31,42,48,52,67,76,87,100,130,130,130,3536,0,20,32.924493910809055,3.3568170038051903,2817.1827510232106,227.98953619909503
1781617177,400,GET,/timeline/{user_id},399.400000,0.000000,34,46,54,60,78,99,130,170,270,300,300,28619,18,22,63.46119406302862,1.936232001753524,6762.760564975906,5401.056256333205
1781617177,400,GET,/users/{user_id},166.100000,0.000000,33,44,53,58,78,93,110,120,140,140,140,11666,5,20,44.966449522570365,1.7064069979824126,3036.4231310086325,269.9472827018687
1781617177,400,,Aggregated,1640.200000,0.000000,34,45,53,59,76,92,120,130,240,310,340,115756,66,21,55.9628162594844,1.7064069979824126,6977.208591008093,6152.564946957393
1781617178,400,GET,/feed/{user_id},658.300000,0.000000,32,43,51,57,74,89,110,120,160,170,170,47068,26,21,45.84958285236237,2.0331270061433315,3291.8746109935455,7204.526684796465
1781617178,400,GET,/feed/{user_id}?with_fof=true,332.000000,0.000000,33,44,53,59,77,95,120,140,220,340,340,23586,17,22,76.67721851311235,2.145495993318036,6977.208591008093,9424.977232256424
1781617178,400,POST,/likes,32.700000,0.000000,30,37,41,47,56,68,79,89,110,110,110,2357,0,19,37.621015080625284,3.169831004925072,2949.7804889979307,180.42257106491303
1781617178,400,POST,/posts,50.400000,0.000000,31,40,47,50,67,78,91,110,130,130,130,3577,0,20,32.88026454562546,3.3568170038051903,2817.1827510232106,227.9899357003075
1781617178,400,GET,/timeline/{user_id},397.800000,0.000000,32,43,52,58,77,96,130,160,260,300,300,29046,18,22,62.99665385731431,1.936232001753524,6762.760564975906,5401.271293809819
1781617178,400,GET,/users/{user_id},165.700000,0.000000,31,41,50,55,77,93,110,120,140,140,140,11845,5,20,44.72727705214207,1.7064069979824126,3036.4231310086325,269.9599831152385
1781617178,400,,Aggregated,1636.900000,0.000000,32,43,51,57,75,91,120,130,230,300,340,117479,66,21,55.60515398490119,1.7064069979824126,6977.208591008093,6151.941649145805
1781617179,400,GET,/feed/{user_id},654.400000,0.000000,27,37,45,51,67,81,110,120,160,170,170,47778,26,21,45.48402468204203,2.0331270061433315,3291.8746109935455,7203.897714429235
1781617179,400,GET,/feed/{user_id}?with_fof=true,335.700000,0.000000,29,38,47,52,68,86,120,140,220,340,340,23923,17,22,75.91921378581712,2.145495993318036,6977.208591008093,9429.040421351838
1781617179,400,POST,/likes,33.700000,0.000000,28,34,39,43,51,61,78,79,110,110,110,2391,0,20,37.38830941365784,3.169831004925072,2949.7804889979307,180.41781681304894
1781617179,400,POST,/posts,50.100000,0.000000,27,36,43,47,61,73,86,110,130,130,130,3623,0,20,32.74888494526587,3.3568170038051903,2817.1827510232106,227.98951145459563
1781617179,400,GET,/timeline/{user_id},400.600000,0.000000,28,38,47,52,69,86,130,160,260,300,300,29493,18,22,62.40189208560713,1.936232001753524,6762.760564975906,5402.5711524768585
1781617179,400,GET,/users/{user_id},161.900000,0.000000,26,35,44,50,67,86,110,120,140,140,140,12034,5,20,44.35706581623911,1.7064069979824126,3036.4231310086325,269.9731593817517
1781617179,400,,Aggregated,1636.400000,0.000000,28,37,46,51,67,83,110,130,230,300,340,119242,66,21,55.11151837385242,1.7064069979824126,6977.208591008093,6152.220123781889
1781617180,400,GET,/feed/{user_id},648.800000,0.000000,26,36,45,51,67,82,110,130,160,170,170,48429,26,21,45.396875821143894,2.0331270061433315,3291.8746109935455,7203.901195564641
1781617180,400,GET,/feed/{user_id}?with_fof=true,331.300000,0.000000,28,37,47,53,68,85,120,140,230,340,340,24283,17,22,75.38499136103196,2.145495993318036,6977.208591008093,9431.851995222996
1781617180,400,POST,/likes,35.000000,0.000000,26,35,40,46,52,62,72,80,150,150,150,2432,0,20,37.407765731526716,3.169831004925072,2949.7804889979307,180.41735197368422
1781617180,400,POST,/posts,50.000000,0.000000,26,34,41,46,58,72,82,91,130,130,130,3662,0,20,32.784877806868046,3.3568170038051903,2817.1827510232106,227.98880393227745
1781617180,400,GET,/timeline/{user_id},402.000000,0.000000,27,37,47,53,70,90,130,150,260,300,300,29913,18,22,62.08747215645045,1.936232001753524,6762.760564975906,5404.753585397653
1781617180,400,GET,/users/{user_id},161.400000,0.000000,26,34,44,51,68,87,110,120,140,180,180,12179,5,20,44.280267861767406,1.7064069979824126,3036.4231310086325,269.98152557681254
1781617180,400,,Aggregated,1628.500000,0.000000,27,36,46,51,68,84,110,130,230,300,340,120898,66,21,54.894579646100865,1.7064069979824126,6977.208591008093,6155.151962811627
1781617181,400,GET,/feed/{user_id},658.100000,0.000000,25,34,42,47,63,77,99,120,160,170,170,49143,26,22,45.2094273791659,2.0331270061433315,3291.8746109935455,7204.272836416173
1781617181,400,GET,/feed/{user_id}?with_fof=true,333.300000,0.000000,27,35,43,49,65,80,110,140,230,340,340,24632,17,22,74.79021402877486,2.145495993318036,6977.208591008093,9430.226940565119
1781617181,400,POST,/likes,35.100000,0.000000,24,31,37,40,50,61,72,80,150,150,150,2470,0,20,37.2003467145884,3.169831004925072,2949.7804889979307,180.4165991902834
1781617181,400,POST,/posts,48.300000,0.000000,25,32,38,41,52,70,80,87,130,130,130,3715,0,20,32.697601172414046,3.3568170038051903,2817.1827510232106,227.98654104979812
1781617181,400,GET,/timeline/{user_id},410.300000,0.000000,25,33,42,48,65,81,120,150,260,300,300,30304,18,22,61.68605977292449,1.936232001753524,6762.760564975906,5403.7707893347415
1781617181,400,GET,/users/{user_id},164.400000,0.000000,24,32,40,46,65,80,110,120,140,180,180,12348,5,21,44.13528141727186,1.7064069979824126,3036.4231310086325,269.99554583738256
1781617181,400,,Aggregated,1649.500000,0.000000,25,34,41,47,64,78,100,130,220,300,340,122612,66,22,54.57567527396037,1.7064069979824126,6977.208591008093,6155.248295436009
1781617182,400,GET,/feed/{user_id},667.000000,0.000000,25,34,41,47,62,77,99,120,160,170,170,49802,26,22,44.992050657699345,2.0331270061433315,3291.8746109935455,7202.426127464761
1781617182,400,GET,/feed/{user_id}?with_fof=true,334.900000,0.000000,27,35,42,48,65,81,110,140,230,280,280,25001,17,22,74.14632226705429,2.145495993318036,6977.208591008093,9430.273469061238
1781617182,400,POST,/likes,37.000000,0.000000,24,31,36,40,50,61,72,80,150,150,150,2524,0,20,36.89606286654378,3.169831004925072,2949.7804889979307,180.41402535657687
1781617182,400,POST,/posts,48.600000,0.000000,25,31,36,40,50,66,80,87,130,130,130,3763,0,21,32.5914357094468,3.3568170038051903,2817.1827510232106,227.98352378421473
1781617182,400,GET,/timeline/{user_id},413.800000,0.000000,25,34,41,47,63,81,120,140,260,300,300,30757,18,22,61.22809173548308,1.936232001753524,6762.760564975906,5403.382547062457
1781617182,400,GET,/users/{user_id},164.400000,0.000000,25,32,40,46,63,80,110,120,140,180,180,12513,5,21,43.92689857113435,1.7064069979824126,3036.4231310086325,269.9992008311356
1781617182,400,,Aggregated,1665.700000,0.000000,25,34,41,46,63,78,100,130,220,280,300,124360,66,22,54.22196240295909,1.7064069979824126,6977.208591008093,6154.27064168543
1781617183,400,GET,/feed/{user_id},675.600000,0.000000,25,33,40,46,62,77,99,120,160,170,170,50486,26,22,44.804686996307396,2.0331270061433315,3291.8746109935455,7200.145525492216
1781617183,400,GET,/feed/{user_id}?with_fof=true,335.100000,0.000000,26,35,42,47,65,81,110,140,230,280,280,25352,17,22,73.56678277740131,2.145495993318036,6977.208591008093,9426.10275323446
1781617183,400,POST,/likes,37.100000,0.000000,24,30,35,39,49,59,70,80,150,150,150,2564,0,20,36.71369489787986,3.169831004925072,2949.7804889979307,180.4106864274571
1781617183,400,POST,/posts,48.600000,0.000000,25,30,36,39,49,63,81,91,130,130,130,3807,0,21,32.54912723025705,3.3568170038051903,2817.1827510232106,227.9826635145784
1781617183,400,GET,/timeline/{user_id},410.400000,0.000000,25,33,41,47,63,81,110,140,240,300,300,31150,18,22,60.87596753026067,1.936232001753524,6762.760564975906,5400.84025682183
1781617183,400,GET,/users/{user_id},166.500000,0.000000,24,32,40,45,64,80,100,120,140,180,180,12671,5,21,43.798593774789566,1.7064069979824126,3036.4231310086325,270.00512982400755
1781617183,400,,Aggregated,1673.300000,0.000000,25,33,40,46,62,78,100,120,220,280,300,126030,66,22,53.926694565103155,1.7064069979824126,6977.208591008093,6153.019249385067
1781617184,400,GET,/feed/{user_id},676.900000,0.000000,24,32,39,45,61,76,97,110,160,170,170,51194,26,22,44.60020456624123,2.0331270061433315,3291.8746109935455,7199.433937570809
1781617184,400,GET,/feed/{user_id}?with_fof=true,341.600000,0.000000,26,34,40,46,64,80,110,130,230,280,280,25693,17,22,72.97924074170423,2.145495993318036,6977.208591008093,9422.017709103648
1781617184,400,POST,/likes,37.300000,0.000000,24,29,35,38,49,59,72,80,150,150,150,2588,0,20,36.59300077324897,3.169831004925072,2949.7804889979307,180.40880989180835
1781617184,400,POST,/posts,48.100000,0.000000,25,30,34,38,46,65,78,91,130,130,130,3854,0,21,32.4829968582253,3.3568170038051903,2817.1827510232106,227.98209652309288
1781617184,400,GET,/timeline/{user_id},417.300000,0.000000,25,32,39,44,61,78,110,130,240,300,300,31582,18,22,60.452205343282984,1.936232001753524,6762.760564975906,5398.732094230891
1781617184,400,GET,/users/{user_id},166.400000,0.000000,24,31,39,44,63,79,100,120,150,180,180,12838,5,21,43.62925733793595,1.7064069979824126,3036.4231310086325,270.00786726904505
1781617184,400,,Aggregated,1687.600000,0.000000,25,32,39,45,61,77,100,120,220,280,300,127749,66,22,53.60139504567122,1.7064069979824126,6977.208591008093,6152.395564740233
1781617185,400,GET,/feed/{user_id},677.300000,0.000000,24,33,40,46,62,77,98,110,150,170,170,51905,26,22,44.433876733561135,2.0331270061433315,3291.8746109935455,7201.188517483864
1781617185,400,GET,/feed/{user_id}?with_fof=true,342.900000,0.000000,25,34,41,47,64,77,100,130,230,280,280,26025,17,22,72.46656127629097,2.145495993318036,6977.208591008093,9424.588856868395
1781617185,400,POST,/likes,38.500000,0.000000,24,29,33,38,48,61,72,80,150,150,150,2613,0,20,36.49746233107901,3.169831004925072,2949.7804889979307,180.40642939150402
1781617185,400,POST,/posts,48.500000,0.000000,25,30,34,38,48,65,76,83,120,120,120,3910,0,21,32.41968257791128,3.3568170038051903,2817.1827510232106,227.9838874680307
1781617185,400,GET,/timeline/{user_id},412.800000,0.000000,25,33,40,45,61,78,110,130,220,260,260,32020,18,22,60.074383005520055,1.936232001753524,6762.760564975906,5397.630480949407
1781617185,400,GET,/users/{user_id},166.500000,0.000000,24,31,39,45,64,80,100,120,150,180,180,13016,5,21,43.44727665093143,1.7064069979824126,3036.4231310086325,270.0198217578365
1781617185,400,,Aggregated,1686.500000,0.000000,25,33,40,45,62,77,100,120,220,280,280,129489,66,22,53.31343167177853,1.7064069979824126,6977.208591008093,6153.126057039594
1781617186,400,GET,/feed/{user_id},683.100000,0.000000,23,31,39,44,60,79,110,140,520,630,630,52349,26,22,44.51763298677464,2.0331270061433315,3291.8746109935455,7201.109113832164
1781617186,400,GET,/feed/{user_id}?with_fof=true,343.700000,0.000000,24,33,40,45,62,81,130,180,480,610,610,26233,17,22,72.28152897088826,2.145495993318036,6977.208591008093,9427.59745358899
1781617186,400,POST,/likes,37.700000,0.000000,23,28,32,35,45,54,67,79,150,150,150,2641,0,20,36.265787084047204,3.169831004925072,2949.7804889979307,180.4059068534646
1781617186,400,POST,/posts,47.700000,0.000000,23,29,34,36,45,55,67,82,120,120,120,3948,0,21,32.26997996038798,3.3568170038051903,2817.1827510232106,227.9807497467072
1781617186,400,GET,/timeline/{user_id},417.700000,0.000000,24,32,39,44,60,81,120,160,420,500,500,32288,18,22,59.941271651409224,1.936232001753524,6762.760564975906,5398.48903617443
1781617186,400,GET,/users/{user_id},165.600000,0.000000,23,30,37,43,61,81,120,150,550,550,550,13136,5,21,43.49155916576568,1.7064069979824126,3036.4231310086325,270.0208587088916
1781617186,400,,Aggregated,1695.500000,0.000000,23,31,38,44,59,79,110,150,500,620,630,130595,66,22,53.26761088535313,1.7064069979824126,6977.208591008093,6152.723710708679
1781617187,400,GET,/feed/{user_id},684.900000,0.000000,23,31,39,45,65,100,420,830,1100,1300,1300,52759,51,22,46.122571989262426,2.0331270061433315,3291.8746109935455,7197.474099205822
1781617187,400,GET,/feed/{user_id}?with_fof=true,342.900000,0.000000,24,32,40,46,65,100,450,870,1100,1500,1500,26448,30,22,73.71901216184055,2.145495993318036,6977.208591008093,9422.792271627344
1781617187,400,POST,/likes,36.600000,0.000000,21,27,31,33,42,52,63,67,150,150,150,2654,0,20,36.13295962621229,3.169831004925072,2949.7804889979307,180.40316503391108
1781617187,400,POST,/posts,46.400000,0.000000,23,29,33,36,45,59,78,360,740,740,740,3984,0,21,32.83481598631201,3.3568170038051903,2817.1827510232106,227.9796686746988
1781617187,400,GET,/timeline/{user_id},419.000000,0.000000,24,32,39,45,65,100,390,830,1300,1500,1500,32516,31,22,61.43088030338266,1.936232001753524,6762.760564975906,5394.229117972691
1781617187,400,GET,/users/{user_id},167.800000,0.000000,23,30,38,45,67,110,590,940,1200,1500,1500,13249,11,21,45.43045445229788,1.7064069979824126,3036.4231310086325,269.9135029058797
1781617187,400,,Aggregated,1697.600000,0.000000,23,31,39,45,64,99,400,840,1200,1500,1500,131610,123,22,54.777042671214275,1.7064069979824126,6977.208591008093,6149.285350657245
1781617188,400,GET,/feed/{user_id},665.900000,0.000000,24,34,44,51,82,320,770,1000,1300,1300,1300,53183,69,22,47.564879991533445,2.0331270061433315,3291.8746109935455,7193.547129721904
1781617188,400,GET,/feed/{user_id}?with_fof=true,330.800000,0.000000,24,34,43,50,76,240,730,980,1200,1500,1500,26632,34,22,74.48612455517222,2.145495993318036,6977.208591008093,9421.540928206668
1781617188,400,POST,/likes,36.500000,0.000000,21,27,32,35,45,55,67,320,360,360,360,2676,0,20,36.40130175968774,3.169831004925072,2949.7804889979307,180.40545590433481
1781617188,400,POST,/posts,45.200000,0.000000,23,29,34,37,52,70,360,600,740,740,740,4013,0,20,33.33519088399133,3.3568170038051903,2817.1827510232106,227.9813107400947
1781617188,400,GET,/timeline/{user_id},408.600000,0.000000,24,34,43,49,80,280,750,970,1400,1500,1500,32775,39,22,62.54666565274795,1.936232001753524,6762.760564975906,5393.404088482075
1781617188,400,GET,/users/{user_id},164.700000,0.000000,23,33,43,53,89,370,850,1100,1200,1500,1500,13349,16,21,46.85640971086187,1.7064069979824126,3036.4231310086325,269.8319724323919
1781617188,400,,Aggregated,1651.700000,0.000000,24,33,42,49,79,290,750,980,1300,1500,1500,132628,158,22,55.9459138814465,1.7064069979824126,6977.208591008093,6146.947514853576
1781617189,400,GET,/feed/{user_id},638.800000,1.700000,23,35,46,56,99,390,800,1000,1300,1300,1300,53837,80,22,48.07615575246446,2.0331270061433315,3291.8746109935455,7192.669985326077
1781617189,400,GET,/feed/{user_id}?with_fof=true,316.700000,1.100000,23,34,46,53,91,340,780,980,1200,1500,1500,26956,41,22,74.63027095463941,2.145495993318036,6977.208591008093,9417.406106247217
1781617189,400,POST,/likes,34.300000,0.000000,20,26,30,33,43,55,70,320,360,360,360,2701,0,20,36.38109577821343,3.169831004925072,2949.7804889979307,180.4020733061829
1781617189,400,POST,/posts,44.400000,0.000000,22,29,34,39,58,83,340,430,740,740,740,4069,0,21,33.41590164743229,3.3568170038051903,2817.1827510232106,227.98132219218482
1781617189,400,GET,/timeline/{user_id},389.400000,0.900000,24,35,46,53,99,360,810,970,1400,1500,1500,33147,46,22,62.90267138912296,1.936232001753524,6762.760564975906,5389.894047726792
1781617189,400,GET,/users/{user_id},157.700000,0.600000,23,35,48,59,100,380,850,1100,1200,1500,1500,13514,16,21,47.13741598694755,1.7064069979824126,3036.4231310086325,269.84053574071334
1781617189,400,,Aggregated,1581.300000,4.300000,23,34,45,54,95,350,780,980,1300,1500,1500,134224,183,22,56.2961475800292,1.7064069979824126,6977.208591008093,6145.009372392418
1781617190,400,GET,/feed/{user_id},607.600000,3.600000,24,36,47,58,100,390,800,1000,1300,1300,1300,54486,80,22,47.904661320199125,2.0331270061433315,3291.8746109935455,7193.628271482583
1781617190,400,GET,/feed/{user_id}?with_fof=true,303.700000,1.600000,23,35,46,57,95,340,780,990,1200,1500,1500,27268,41,22,74.17484002920938,2.145495993318036,6977.208591008093,9420.1176103858
1781617190,400,POST,/likes,31.600000,0.000000,20,26,31,35,47,60,98,320,360,360,360,2746,0,20,36.30476262123781,3.169831004925072,2949.7804889979307,180.40203932993444
1781617190,400,POST,/posts,43.200000,0.000000,23,30,36,42,61,86,340,430,740,740,740,4132,0,21,33.41652262064166,3.3568170038051903,2817.1827510232106,227.98136495643757
1781617190,400,GET,/timeline/{user_id},370.700000,1.700000,24,36,47,56,100,360,790,970,1400,1500,1500,33561,46,22,62.56689621949576,1.936232001753524,6762.760564975906,5388.104883644706
1781617190,400,GET,/users/{user_id},150.300000,1.000000,24,35,47,59,100,380,840,1100,1200,1500,1500,13689,16,21,46.93388943009683,1.7064069979824126,3036.4231310086325,269.84359704872526
1781617190,400,,Aggregated,1507.100000,7.900000,24,35,46,55,98,350,780,980,1300,1500,1500,135882,183,22,56.02499581008734,1.7064069979824126,6977.208591008093,6143.427952193815
1781617191,400,GET,/feed/{user_id},600.600000,5.400000,26,38,50,62,100,390,800,1000,1300,1300,1300,55150,80,22,47.86154534991812,2.0331270061433315,3291.8746109935455,7193.097461468722
1781617191,400,GET,/feed/{user_id}?with_fof=true,300.800000,2.400000,25,37,49,59,97,340,780,990,1200,1500,1500,27588,41,23,73.83528711515451,2.145495993318036,6977.208591008093,9418.34435261708
1781617191,400,POST,/likes,30.400000,0.000000,23,30,36,39,53,67,98,320,360,360,360,2781,0,20,36.35142339841702,3.169831004925072,2949.7804889979307,180.3987774181949
1781617191,400,POST,/posts,43.700000,0.000000,24,32,40,47,66,86,340,430,740,740,740,4180,0,21,33.512489325475535,3.3568170038051903,2817.1827510232106,227.97822966507178
1781617191,400,GET,/timeline/{user_id},362.000000,2.800000,26,38,49,59,100,360,810,970,1400,1500,1500,33970,46,22,62.330733319648125,1.936232001753524,6762.760564975906,5388.017368266117
1781617191,400,GET,/users/{user_id},145.600000,1.100000,25,37,48,60,100,380,840,1100,1200,1500,1500,13859,16,21,46.859447082956514,1.7064069979824126,3036.4231310086325,269.85244245616565
1781617191,400,,Aggregated,1483.100000,11.700000,25,38,48,59,99,350,780,980,1300,1500,1500,137528,183,22,55.87595056151061,1.7064069979824126,6977.208591008093,6142.4443167936715
1781617192,400,GET,/feed/{user_id},603.800000,5.400000,29,43,57,69,110,400,800,1000,1300,1300,1300,55763,80,22,47.88214470765685,2.0331270061433315,3291.8746109935455,7192.690977888564
1781617192,400,GET,/feed/{user_id}?with_fof=true,296.200000,2.400000,28,42,54,66,100,350,790,990,1200,1500,1500,27912,41,23,73.54969491108497,2.145495993318036,6977.208591008093,9421.485239323589
1781617192,400,POST,/likes,30.500000,0.000000,26,35,41,47,62,79,98,320,360,360,360,2816,0,20,36.477054944953125,3.169831004925072,2949.7804889979307,180.39417613636363
1781617192,400,POST,/posts,46.500000,0.000000,27,37,46,50,73,89,340,430,740,740,740,4230,0,21,33.67506518544289,3.3568170038051903,2817.1827510232106,227.9770685579196
1781617192,400,GET,/timeline/{user_id},363.300000,2.800000,28,41,53,65,110,360,810,970,1400,1500,1500,34369,46,23,62.16180844407678,1.936232001753524,6762.760564975906,5388.655648986005
1781617192,400,GET,/users/{user_id},149.300000,1.100000,28,41,52,64,100,380,850,1100,1200,1500,1500,14006,16,21,46.860177326394734,1.7064069979824126,3036.4231310086325,269.85884620876766
1781617192,400,,Aggregated,1489.600000,11.700000,28,42,54,66,100,360,780,980,1300,1500,1500,139096,183,22,55.79526995886708,1.7064069979824126,6977.208591008093,6143.334136136194
1781617193,400,GET,/feed/{user_id},595.800000,5.400000,29,43,57,68,100,400,800,1000,1300,1300,1300,56472,80,22,47.62659791831325,2.0331270061433315,3291.8746109935455,7193.784778297209
1781617193,400,GET,/feed/{user_id}?with_fof=true,294.000000,2.400000,29,42,54,66,98,340,780,990,1200,1500,1500,28281,41,23,72.96032007549047,2.145495993318036,6977.208591008093,9421.162264417808
1781617193,400,POST,/likes,30.800000,0.000000,27,35,42,47,63,79,98,320,360,360,360,2843,0,20,36.369325300028194,3.169831004925072,2949.7804889979307,180.39113612381288
1781617193,400,POST,/posts,46.500000,0.000000,27,36,45,50,70,86,340,430,740,740,740,4289,0,21,33.554851755292574,3.3568170038051903,2817.1827510232106,227.97528561436232
1781617193,400,GET,/timeline/{user_id},362.900000,2.800000,29,41,53,66,100,360,810,970,1400,1500,1500,34811,46,23,61.724200835633425,1.936232001753524,6762.760564975906,5388.800235557726
1781617193,400,GET,/users/{user_id},149.500000,1.100000,28,41,51,62,100,380,850,1100,1200,1500,1500,14168,16,21,46.63139475293349,1.7064069979824126,3036.4231310086325,269.85834274421234
1781617193,400,,Aggregated,1479.500000,11.700000,29,41,53,66,99,350,780,980,1300,1500,1500,140864,183,22,55.440918594197946,1.7064069979824126,6977.208591008093,6144.868951612903
1781617194,400,GET,/feed/{user_id},592.200000,5.400000,29,42,55,68,100,400,800,1000,1300,1300,1300,57094,80,22,47.42940780757688,2.0331270061433315,3291.8746109935455,7191.994097453323
1781617194,400,GET,/feed/{user_id}?with_fof=true,288.600000,2.400000,28,41,53,64,96,340,780,990,1200,1500,1500,28634,41,23,72.44106170059646,2.145495993318036,6977.208591008093,9421.854334008522
1781617194,400,POST,/likes,29.200000,0.000000,25,35,42,47,61,78,98,320,360,360,360,2884,0,20,36.249823752374034,3.169831004925072,2949.7804889979307,180.39493758668516
1781617194,400,POST,/posts,46.300000,0.000000,25,36,45,50,69,86,340,430,740,740,740,4348,0,21,33.498925179736645,3.3568170038051903,2817.1827510232106,227.97539098436062
1781617194,400,GET,/timeline/{user_id},356.000000,2.800000,28,41,53,64,100,360,810,970,1400,1500,1500,35253,46,23,61.343241822635,1.936232001753524,6762.760564975906,5389.11431651207
1781617194,400,GET,/users/{user_id},148.400000,1.100000,28,41,51,60,98,380,840,1100,1200,1500,1500,14346,16,21,46.416538054888655,1.7064069979824126,3036.4231310086325,269.8620521399693
1781617194,400,,Aggregated,1460.700000,11.700000,28,41,53,64,97,350,780,980,1300,1500,1500,142559,183,22,55.14092233666591,1.7064069979824126,6977.208591008093,6143.214192018743
1781617195,400,GET,/feed/{user_id},590.400000,5.400000,31,42,55,67,96,350,800,1000,1300,1300,1300,57733,80,22,47.30259198854501,2.0331270061433315,3291.8746109935455,7191.984289747631
1781617195,400,GET,/feed/{user_id}?with_fof=true,289.100000,2.400000,30,42,53,63,93,280,770,980,1200,1500,1500,28978,41,23,71.98040587134989,2.145495993318036,6977.208591008093,9416.87380081441
1781617195,400,POST,/likes,27.600000,0.000000,29,38,45,48,62,78,98,320,360,360,360,2920,0,20,36.21338102188119,3.169831004925072,2949.7804889979307,180.39623287671233
1781617195,400,POST,/posts,47.600000,0.000000,28,38,46,50,71,89,330,430,740,740,740,4401,0,21,33.50639574787617,3.3568170038051903,2817.1827510232106,227.97386957509656
1781617195,400,GET,/timeline/{user_id},362.500000,2.800000,30,42,53,64,97,300,770,970,1400,1500,1500,35702,46,23,61.039457056106016,1.936232001753524,6762.760564975906,5392.161867682483
1781617195,400,GET,/users/{user_id},146.600000,1.100000,30,42,52,60,95,350,840,1100,1200,1500,1500,14519,16,21,46.28109605470741,1.7064069979824126,3036.4231310086325,269.8660376058957
1781617195,400,,Aggregated,1463.800000,11.700000,30,42,53,63,93,310,770,980,1300,1500,1500,144253,183,22,54.91157476323056,1.7064069979824126,6977.208591008093,6142.376352658177
1781617196,400,GET,/feed/{user_id},581.700000,5.400000,30,41,51,60,83,120,530,770,1300,1300,1300,58434,80,22,47.06613118902904,2.0331270061433315,3291.8746109935455,7191.885802786049
1781617196,400,GET,/feed/{user_id}?with_fof=true,288.600000,2.400000,29,40,49,57,83,110,420,690,1200,1500,1500,29335,41,23,71.44433162683877,2.145495993318036,6977.208591008093,9416.4796318391
1781617196,400,POST,/likes,29.100000,0.000000,28,37,44,48,62,78,98,320,360,360,360,2946,0,20,36.10459728983383,3.169831004925072,2949.7804889979307,180.39748811948405
1781617196,400,POST,/posts,48.700000,0.000000,28,38,45,49,68,82,120,330,430,430,430,4457,0,21,33.40768952373533,3.3568170038051903,2817.1827510232106,227.97397352479246
1781617196,400,GET,/timeline/{user_id},361.600000,2.800000,30,40,49,57,84,120,470,780,1400,1500,1500,36144,46,23,60.634489378215115,1.936232001753524,6762.760564975906,5391.421370075254
1781617196,400,GET,/users/{user_id},148.200000,1.100000,29,40,48,54,79,110,470,700,1200,1500,1500,14685,16,22,46.051521710468,1.7064069979824126,3036.4231310086325,269.8763363976847
1781617196,400,,Aggregated,1457.900000,11.700000,30,40,49,57,82,110,460,730,1300,1500,1500,146001,183,22,54.58307528304992,1.7064069979824126,6977.208591008093,6142.843432579229
1781617197,400,GET,/feed/{user_id},574.300000,5.400000,30,40,49,57,77,96,150,480,1000,1300,1300,59132,80,22,46.895099563898,2.0331270061433315,3291.8746109935455,7196.207468037611
1781617197,400,GET,/feed/{user_id}?with_fof=true,290.400000,2.400000,29,40,49,55,79,97,160,400,990,1200,1200,29652,41,23,71.0512418283178,2.145495993318036,6977.208591008093,9418.25148387967
1781617197,400,POST,/likes,30.400000,0.000000,28,37,42,48,60,71,83,89,110,110,110,2986,0,20,35.99050795641567,3.169831004925072,2949.7804889979307,180.3981915606162
1781617197,400,POST,/posts,48.100000,0.000000,28,37,44,47,61,76,90,110,190,190,190,4506,0,21,33.32623427791031,3.3568170038051903,2817.1827510232106,227.97203728362183
1781617197,400,GET,/timeline/{user_id},363.300000,2.800000,30,40,49,55,78,100,200,440,1000,1300,1300,36542,46,23,60.34446858795621,1.936232001753524,6762.760564975906,5392.133079743857
1781617197,400,GET,/users/{user_id},147.800000,1.100000,29,39,47,53,73,89,120,240,920,1200,1200,14859,16,22,45.87514910801774,1.7064069979824126,3036.4231310086325,269.88390874217646
1781617197,400,,Aggregated,1454.300000,11.700000,30,40,48,55,76,95,150,420,1000,1300,1300,147677,183,22,54.33625094129016,1.7064069979824126,6977.208591008093,6144.5694048497735
1781617198,400,GET,/feed/{user_id},594.600000,5.400000,29,38,46,52,70,85,100,120,170,210,210,59805,80,23,46.768525520494464,2.0331270061433315,3291.8746109935455,7197.176690912131
1781617198,400,GET,/feed/{user_id}?with_fof=true,302.100000,2.400000,29,39,46,53,73,90,110,120,230,310,310,29994,41,23,70.67862708235963,2.145495993318036,6977.208591008093,9420.651296926051
1781617198,400,POST,/likes,30.000000,0.000000,29,37,44,48,60,72,83,89,110,110,110,3014,0,21,35.96363208687638,3.169831004925072,2949.7804889979307,180.39449236894492
1781617198,400,POST,/posts,50.400000,0.000000,29,36,44,47,58,72,84,97,120,120,120,4557,0,21,33.312034136966446,3.3568170038051903,2817.1827510232106,227.9686197059469
1781617198,400,GET,/timeline/{user_id},376.400000,2.800000,29,39,46,52,71,87,110,130,230,310,310,36954,46,23,60.09094532205494,1.936232001753524,6762.760564975906,5393.909427937436
1781617198,400,GET,/users/{user_id},151.200000,1.100000,28,37,44,49,64,80,98,110,150,160,160,15047,16,22,45.70873189375635,1.7064069979824126,3036.4231310086325,269.893666511597
1781617198,400,,Aggregated,1504.700000,11.700000,29,38,46,52,70,86,100,120,210,310,310,149371,183,23,54.130345370721244,1.7064069979824126,6977.208591008093,6145.5058076869
1781617199,400,GET,/feed/{user_id},624.400000,3.700000,28,37,45,52,68,81,97,110,160,210,210,60533,80,23,46.5102091216693,2.0331270061433315,3291.8746109935455,7199.155171559315
1781617199,400,GET,/feed/{user_id}?with_fof=true,316.000000,1.300000,28,37,45,52,70,87,110,120,230,310,310,30377,41,23,70.10523333480945,2.145495993318036,6977.208591008093,9425.216084537644
1781617199,400,POST,/likes,32.100000,0.000000,28,36,43,48,58,71,81,84,98,98,98,3048,0,21,35.8421492568777,3.169831004925072,2949.7804889979307,180.39206036745406
1781617199,400,POST,/posts,50.800000,0.000000,27,34,42,46,55,70,82,89,120,120,120,4614,0,21,33.184915458633434,3.3568170038051903,2817.1827510232106,227.96749024707412
1781617199,400,GET,/timeline/{user_id},396.100000,1.900000,29,37,45,50,68,84,100,130,220,310,310,37385,46,23,59.69231673853166,1.936232001753524,6762.760564975906,5394.732807275645
1781617199,400,GET,/users/{user_id},157.500000,0.500000,28,36,44,49,62,78,96,110,150,160,160,15191,16,22,45.507742135756274,1.7064069979824126,3036.4231310086325,269.90566782963595
1781617199,400,,Aggregated,1576.900000,7.400000,28,37,45,51,67,82,99,110,200,310,310,151148,183,23,53.79003761008332,1.7064069979824126,6977.208591008093,6149.470380024876
1781617200,400,GET,/feed/{user_id},655.300000,1.800000,27,36,44,50,66,81,97,110,160,210,210,61173,80,23,46.40576418991669,2.0331270061433315,3291.8746109935455,7199.823091886944
1781617200,400,GET,/feed/{user_id}?with_fof=true,330.600000,0.800000,27,36,44,51,67,86,100,120,230,310,310,30706,41,23,69.76606830559933,2.145495993318036,6977.208591008093,9426.619813717189
1781617200,400,POST,/likes,33.100000,0.000000,27,36,42,47,57,69,81,84,98,98,98,3081,0,21,35.84947912915896,3.169831004925072,2949.7804889979307,180.39240506329114
1781617200,400,POST,/posts,53.700000,0.000000,27,33,38,43,55,68,82,87,120,120,120,4682,0,22,33.19378718069658,3.3568170038051903,2817.1827510232106,227.96582656984194
1781617200,400,GET,/timeline/{user_id},415.500000,1.100000,28,37,44,50,68,86,100,130,230,310,310,37799,46,23,59.47732487566167,1.936232001753524,6762.760564975906,5394.25146167888
1781617200,400,GET,/users/{user_id},167.800000,0.100000,27,35,43,48,61,77,97,110,150,160,160,15345,16,22,45.39013163702456,1.7064069979824126,3036.4231310086325,269.91788856304987
1781617200,400,,Aggregated,1656.000000,3.800000,27,36,44,49,66,82,100,110,210,310,310,152786,183,23,53.61471100692297,1.7064069979824126,6977.208591008093,6149.456704148286
1781617201,400,GET,/feed/{user_id},660.600000,0.000000,25,33,41,46,61,74,92,110,160,210,210,61873,80,23,46.24193058354545,2.0331270061433315,3291.8746109935455,7201.384464952403
1781617201,400,GET,/feed/{user_id}?with_fof=true,337.300000,0.000000,25,33,41,46,62,78,96,110,230,310,310,31054,41,23,69.32862567816508,2.145495993318036,6977.208591008093,9424.254073549302
1781617201,400,POST,/likes,34.200000,0.000000,26,33,40,43,52,61,66,70,98,98,98,3115,0,21,35.81169064943028,3.169831004925072,2949.7804889979307,180.38940609951845
1781617201,400,POST,/posts,54.100000,0.000000,25,31,36,39,50,58,70,81,110,110,110,4724,0,22,33.15786072546006,3.3568170038051903,2817.1827510232106,227.96613039796782
1781617201,400,GET,/timeline/{user_id},417.600000,0.000000,26,34,41,46,63,79,99,120,230,310,310,38188,46,23,59.1878758363716,1.936232001753524,6762.760564975906,5393.5420550958415
1781617201,400,GET,/users/{user_id},167.400000,0.000000,25,32,39,44,59,70,88,100,150,160,160,15504,16,22,45.252945469048704,1.7064069979824126,3036.4231310086325,269.91795665634675
1781617201,400,,Aggregated,1671.200000,0.000000,25,33,40,46,61,75,94,110,200,310,310,154458,183,23,53.37449359849911,1.7064069979824126,6977.208591008093,6150.696396431393
1781617202,400,GET,/feed/{user_id},657.700000,0.000000,26,34,43,48,63,77,96,110,170,210,210,62560,80,23,46.16115956785621,2.0331270061433315,3291.8746109935455,7200.395732097187
1781617202,400,GET,/feed/{user_id}?with_fof=true,339.600000,0.000000,25,34,42,48,65,82,100,120,230,310,310,31396,41,23,68.99223903559634,2.145495993318036,6977.208591008093,9428.528188304243
1781617202,400,POST,/likes,33.400000,0.000000,26,34,41,44,54,61,69,72,140,140,140,3149,0,21,35.77988999177814,3.169831004925072,2949.7804889979307,180.387742140362
1781617202,400,POST,/posts,53.600000,0.000000,26,32,37,42,54,62,84,90,110,110,110,4777,0,22,33.19703288427532,3.3568170038051903,2817.1827510232106,227.96797153024912
1781617202,400,GET,/timeline/{user_id},416.900000,0.000000,26,35,43,48,64,81,100,130,230,310,310,38597,46,23,58.948440336407714,1.936232001753524,6762.760564975906,5392.449749980568
1781617202,400,GET,/users/{user_id},163.400000,0.000000,25,33,40,45,60,72,88,100,150,160,160,15655,16,22,45.13993190418684,1.7064069979824126,3036.4231310086325,269.9231555413606
1781617202,400,,Aggregated,1664.600000,0.000000,26,34,42,48,63,78,97,110,200,310,310,156134,183,23,53.20477387771599,1.7064069979824126,6977.208591008093,6151.70239665928
1781617203,400,GET,/feed/{user_id},664.900000,0.000000,26,35,43,48,63,78,100,120,170,210,210,63226,80,23,46.03446082558003,2.0331270061433315,3291.8746109935455,7199.098788473097
1781617203,400,GET,/feed/{user_id}?with_fof=true,340.800000,0.000000,26,34,42,48,63,81,100,120,230,300,300,31735,41,23,68.60079714978427,2.145495993318036,6977.208591008093,9428.717598865605
1781617203,400,POST,/likes,33.100000,0.000000,27,34,40,44,55,64,70,83,140,140,140,3188,0,21,35.70579823375181,3.169831004925072,2949.7804889979307,180.3883312421581
1781617203,400,POST,/posts,53.800000,0.000000,27,33,38,42,53,64,84,90,110,110,110,4835,0,22,33.200217269712795,3.3568170038051903,2817.1827510232106,227.96814891416753
1781617203,400,GET,/timeline/{user_id},418.000000,0.000000,26,35,43,48,64,83,100,130,230,310,310,38996,46,23,58.69604911171056,1.936232001753524,6762.760564975906,5392.933146989435
1781617203,400,GET,/users/{user_id},164.400000,0.000000,26,34,40,46,59,72,92,110,150,160,160,15832,16,22,45.003173595051614,1.7064069979824126,3036.4231310086325,269.9254674077817
1781617203,400,,Aggregated,1675.000000,0.000000,26,35,42,48,62,78,100,120,200,300,310,157812,183,23,52.99581545441338,1.7064069979824126,6977.208591008093,6150.635933896028
1781617204,400,GET,/feed/{user_id},668.900000,0.000000,26,35,42,48,62,77,98,120,180,210,210,63928,80,23,45.85520739403838,2.0331270061433315,3291.8746109935455,7198.34879864848
1781617204,400,GET,/feed/{user_id}?with_fof=true,344.500000,0.000000,26,34,42,47,63,80,100,120,230,300,300,32135,41,23,68.11434269128661,2.145495993318036,6977.208591008093,9431.038587210207
1781617204,400,POST,/likes,33.300000,0.000000,26,33,39,43,54,63,69,72,140,140,140,3215,0,21,35.61395029743777,3.169831004925072,2949.7804889979307,180.38973561430794
1781617204,400,POST,/posts,54.500000,0.000000,26,32,37,41,53,61,81,87,99,99,99,4879,0,22,33.15433757819758,3.3568170038051903,2817.1827510232106,227.96925599508097
1781617204,400,GET,/timeline/{user_id},420.000000,0.000000,26,35,42,48,64,82,100,140,230,310,310,39422,46,23,58.417107463054684,1.936232001753524,6762.760564975906,5392.343716706408
1781617204,400,GET,/users/{user_id},161.600000,0.000000,25,33,40,44,58,71,86,100,140,140,140,15978,16,22,44.83812599204604,1.7064069979824126,3036.4231310086325,269.9326574039304
1781617204,400,,Aggregated,1682.800000,0.000000,26,34,42,47,62,77,99,120,210,300,310,159557,183,23,52.74533709853095,1.7064069979824126,6977.208591008093,6153.4413407120965
1781617205,400,GET,/feed/{user_id},670.200000,0.000000,26,35,43,48,62,79,100,120,180,210,210,64646,80,23,45.693507062052205,2.0331270061433315,3291.8746109935455,7197.1556476812175
1781617205,400,GET,/feed/{user_id}?with_fof=true,343.200000,0.000000,25,34,42,48,65,83,110,130,250,300,300,32510,41,23,67.73386577199011,2.145495993318036,6977.208591008093,9435.472193171332
1781617205,400,POST,/likes,34.000000,0.000000,25,33,39,43,54,63,69,78,140,140,140,3239,0,21,35.56620694788411,3.169831004925072,2949.7804889979307,180.38962642790986
1781617205,400,POST,/posts,53.700000,0.000000,26,31,37,40,53,61,81,87,99,99,99,4929,0,22,33.04107285899311,3.3568170038051903,2817.1827510232106,227.96652465003044
1781617205,400,GET,/timeline/{user_id},413.900000,0.000000,26,35,42,48,65,85,110,140,230,310,310,39804,46,23,58.14242461437568,1.936232001753524,6762.760564975906,5392.094487991157
1781617205,400,GET,/users/{user_id},164.700000,0.000000,25,33,40,45,60,73,93,110,140,140,140,16135,16,22,44.6920754785219,1.7064069979824126,3036.4231310086325,269.9375890920359
1781617205,400,,Aggregated,1679.700000,0.000000,26,35,42,48,63,80,100,120,220,300,310,161263,183,23,52.519155252001646,1.7064069979824126,6977.208591008093,6155.812715874069
1781617206,400,GET,/feed/{user_id},676.200000,0.000000,26,35,42,48,62,79,100,120,180,210,210,65294,80,23,45.57553067129374,2.0331270061433315,3291.8746109935455,7197.408291726651
1781617206,400,GET,/feed/{user_id}?with_fof=true,345.700000,0.000000,26,34,42,48,64,82,110,130,220,260,260,32831,41,24,67.42482150786279,2.145495993318036,6977.208591008093,9436.545399165423
1781617206,400,POST,/likes,33.000000,0.000000,27,34,40,44,54,63,70,78,140,140,140,3281,0,21,35.5369899976349,3.169831004925072,2949.7804889979307,180.38402925937214
1781617206,400,POST,/posts,52.900000,0.000000,26,32,37,40,54,64,81,87,99,99,99,4975,0,22,33.01757386954613,3.3568170038051903,2817.1827510232106,227.9654271356784
1781617206,400,GET,/timeline/{user_id},414.100000,0.000000,26,35,42,47,64,83,100,140,220,300,300,40202,46,23,57.90220110486404,1.936232001753524,6762.760564975906,5393.194741555147
1781617206,400,GET,/users/{user_id},162.600000,0.000000,25,33,40,45,59,73,93,110,140,140,140,16302,16,22,44.56946601312742,1.7064069979824126,3036.4231310086325,269.9441786283892
1781617206,400,,Aggregated,1684.500000,0.000000,26,34,42,47,62,79,100,120,200,260,300,162885,183,23,52.33537792014643,1.7064069979824126,6977.208591008093,6155.8928814808
1781617207,400,GET,/feed/{user_id},681.900000,0.000000,26,35,43,48,64,83,110,120,180,210,210,65960,80,23,45.40931905043934,2.0331270061433315,3291.8746109935455,7197.811309884779
1781617207,400,GET,/feed/{user_id}?with_fof=true,350.100000,0.000000,26,34,42,49,66,86,110,130,220,260,260,33214,41,23,66.9916288041645,2.145495993318036,6977.208591008093,9431.478232070813
1781617207,400,POST,/likes,31.800000,0.000000,26,34,40,44,56,65,73,79,140,140,140,3331,0,21,35.3783078499761,3.169831004925072,2949.7804889979307,180.3824677274092
1781617207,400,POST,/posts,52.900000,0.000000,26,32,37,41,54,64,81,87,99,99,99,5025,0,22,32.93218465991068,3.3568170038051903,2817.1827510232106,227.96338308457712
1781617207,400,GET,/timeline/{user_id},408.800000,0.000000,26,34,42,48,66,86,110,140,220,300,300,40642,46,23,57.59571492678603,1.936232001753524,6762.760564975906,5393.439545297968
1781617207,400,GET,/users/{user_id},161.000000,0.000000,25,34,42,47,63,77,100,120,140,180,180,16484,16,22,44.394789882671596,1.7064069979824126,3036.4231310086325,269.95225673380247
1781617207,400,,Aggregated,1686.500000,0.000000,26,35,42,48,64,82,110,120,210,260,300,164656,183,23,52.085540627205646,1.7064069979824126,6977.208591008093,6154.778356087843
1781617208,400,GET,/feed/{user_id},683.800000,0.000000,26,35,43,48,63,80,100,120,160,190,190,66636,80,23,45.258704531438866,2.0331270061433315,3291.8746109935455,7198.2312863917405
1781617208,400,GET,/feed/{user_id}?with_fof=true,348.500000,0.000000,26,35,42,48,64,81,100,130,220,260,260,33574,41,23,66.60673673529571,2.145495993318036,6977.208591008093,9430.55501280753
1781617208,400,POST,/likes,33.000000,0.000000,26,33,39,44,57,65,73,79,140,140,140,3367,0,21,35.321657110863015,3.169831004925072,2949.7804889979307,180.38283338283338
1781617208,400,POST,/posts,51.300000,0.000000,26,33,38,41,54,64,81,89,99,99,99,5077,0,22,32.930628572999396,3.3568170038051903,2817.1827510232106,227.9629702580264
1781617208,400,GET,/timeline/{user_id},405.100000,0.000000,26,34,42,48,65,84,110,130,220,300,300,41046,46,23,57.34547906547126,1.936232001753524,6762.760564975906,5391.67102762754
1781617208,400,GET,/users/{user_id},162.100000,0.000000,25,33,41,47,60,74,98,110,140,180,180,16653,16,22,44.236218932759186,1.7064069979824126,3036.4231310086325,269.9576652855341
1781617208,400,,Aggregated,1683.800000,0.000000,26,35,42,48,63,80,100,120,210,260,300,166353,183,23,51.86981132094821,1.7064069979824126,6977.208591008093,6154.680979603614
1781617209,400,GET,/feed/{user_id},680.400000,0.000000,25,34,41,47,63,81,100,120,170,190,190,67345,80,23,45.085124785074996,2.0331270061433315,3291.8746109935455,7197.2895686390975
1781617209,400,GET,/feed/{user_id}?with_fof=true,350.600000,0.000000,25,33,41,47,63,80,100,130,220,260,260,33943,41,23,66.20244399876137,2.145495993318036,6977.208591008093,9434.088589694487
1781617209,400,POST,/likes,33.900000,0.000000,25,32,37,42,54,65,73,79,140,140,140,3393,0,21,35.24006747374695,3.169831004925072,2949.7804889979307,180.38255231358679
1781617209,400,POST,/posts,51.200000,0.000000,25,32,37,41,54,64,73,89,99,99,99,5120,0,22,32.87379147618594,3.3568170038051903,2817.1827510232106,227.962109375
1781617209,400,GET,/timeline/{user_id},404.500000,0.000000,24,33,41,46,63,81,110,140,220,300,300,41456,46,23,57.052035483325106,1.936232001753524,6762.760564975906,5394.028632767271
1781617209,400,GET,/users/{user_id},161.400000,0.000000,24,32,40,46,61,75,110,120,170,180,180,16832,16,22,44.097377717869804,1.7064069979824126,3036.4231310086325,269.961858365019
1781617209,400,,Aggregated,1682.000000,0.000000,25,33,41,47,62,79,100,120,200,260,300,168089,183,23,51.63126017372459,1.7064069979824126,6977.208591008093,6156.624097948111
1781617210,400,GET,/feed/{user_id},673.400000,0.000000,24,34,41,48,66,86,110,130,170,190,190,68002,80,23,45.011441839365766,2.0331270061433315,3291.8746109935455,7198.283418134761
1781617210,400,GET,/feed/{user_id}?with_fof=true,353.000000,0.000000,24,33,40,47,67,87,110,150,260,650,650,34291,41,23,65.94295821994837,2.145495993318036,6977.208591008093,9431.371642705082
1781617210,400,POST,/likes,35.200000,0.000000,24,30,36,41,59,68,79,86,140,140,140,3424,0,21,35.239496935875614,3.169831004925072,2949.7804889979307,180.38171728971963
1781617210,400,POST,/posts,51.200000,0.000000,25,32,37,41,57,67,84,92,110,110,110,5169,0,22,32.92570039003379,3.3568170038051903,2817.1827510232106,227.96266202360223
1781617210,400,GET,/timeline/{user_id},401.500000,0.000000,24,33,40,47,67,87,120,140,210,300,300,41897,46,23,56.85679249478037,1.936232001753524,6762.760564975906,5393.301787717498
1781617210,400,GET,/users/{user_id},157.300000,0.000000,23,32,39,47,64,85,110,120,170,180,180,17019,16,22,44.02746731877201,1.7064069979824126,3036.4231310086325,269.96439273752867
1781617210,400,,Aggregated,1671.600000,0.000000,24,33,40,47,66,86,110,130,210,330,650,169802,183,23,51.497647451486486,1.7064069979824126,6977.208591008093,6155.7725409594705
1781617211,400,GET,/feed/{user_id},675.500000,0.000000,25,34,42,47,65,85,110,120,170,190,190,68696,80,23,44.93503863106775,2.0331270061433315,3291.8746109935455,7197.921698497729
1781617211,400,GET,/feed/{user_id}?with_fof=true,353.100000,0.000000,25,34,41,47,66,86,110,150,260,650,650,34608,41,24,65.69271785492876,2.145495993318036,6977.208591008093,9432.69481044845
1781617211,400,POST,/likes,34.300000,0.000000,24,31,36,40,55,67,78,85,110,110,110,3463,0,21,35.18782902469878,3.169831004925072,2949.7804889979307,180.3820386947733
1781617211,400,POST,/posts,51.100000,0.000000,25,32,37,41,55,65,71,91,110,110,110,5221,0,22,32.91131048307425,3.3568170038051903,2817.1827510232106,227.9599693545298
1781617211,400,GET,/timeline/{user_id},405.800000,0.000000,25,33,41,46,66,86,120,140,220,300,300,42322,46,23,56.66270851334981,1.936232001753524,6762.760564975906,5392.744199234441
1781617211,400,GET,/users/{user_id},161.800000,0.000000,24,33,40,46,63,85,120,130,170,180,180,17189,16,22,43.95568969798747,1.7064069979824126,3036.4231310086325,269.97568212228754
1781617211,400,,Aggregated,1681.600000,0.000000,25,34,41,47,65,84,110,130,210,330,650,171499,183,23,51.356975242937665,1.7064069979824126,6977.208591008093,6155.151371145022
1781617212,400,GET,/feed/{user_id},676.700000,0.000000,24,34,41,47,65,85,110,120,170,190,190,69388,80,23,44.74403908083138,2.0331270061433315,3291.8746109935455,7198.388755980861
1781617212,400,GET,/feed/{user_id}?with_fof=true,352.000000,0.000000,25,34,41,47,66,87,110,150,260,650,650,34960,41,23,65.30848422415362,2.145495993318036,6977.208591008093,9432.955635011442
1781617212,400,POST,/likes,34.000000,0.000000,23,30,36,39,54,67,78,85,110,110,110,3502,0,21,35.043540738036604,3.169831004925072,2949.7804889979307,180.38206739006282
1781617212,400,POST,/posts,48.800000,0.000000,25,32,37,40,54,65,71,91,110,110,110,5269,0,22,32.8318275204197,3.3568170038051903,2817.1827510232106,227.9590055038907
1781617212,400,GET,/timeline/{user_id},404.600000,0.000000,24,33,41,46,65,86,120,140,220,300,300,42772,46,23,56.333423181923465,1.936232001753524,6762.760564975906,5394.591181146545
1781617212,400,GET,/users/{user_id},164.800000,0.000000,23,32,40,46,64,85,120,130,170,180,180,17364,16,22,43.764607183482184,1.7064069979824126,3036.4231310086325,269.9824349228288
1781617212,400,,Aggregated,1680.900000,0.000000,24,33,41,46,65,84,110,130,210,330,650,173255,183,23,51.09820314887331,1.7064069979824126,6977.208591008093,6155.75983954287
1781617213,400,GET,/feed/{user_id},670.900000,0.000000,24,34,41,47,65,84,100,120,160,190,190,70062,80,23,44.62758334799163,2.0331270061433315,3291.8746109935455,7196.499942907711
1781617213,400,GET,/feed/{user_id}?with_fof=true,352.500000,0.000000,25,34,42,48,67,90,110,150,260,650,650,35279,41,24,65.03983867452006,2.145495993318036,6977.208591008093,9433.321267609626
1781617213,400,POST,/likes,33.900000,0.000000,25,32,38,40,53,65,74,82,89,89,89,3544,0,21,34.98690252048409,3.169831004925072,2949.7804889979307,180.380079006772
1781617213,400,POST,/posts,49.400000,0.000000,25,32,37,41,55,65,70,82,110,110,110,5318,0,22,32.82332005754713,3.3568170038051903,2817.1827510232106,227.95844302369312
1781617213,400,GET,/timeline/{user_id},407.800000,0.000000,24,33,41,46,66,86,110,130,220,240,240,43196,46,23,56.130383151842786,1.936232001753524,6762.760564975906,5394.995925548662
1781617213,400,GET,/users/{user_id},166.000000,0.000000,24,33,41,47,67,88,110,120,170,180,180,17530,16,22,43.696083636351496,1.7064069979824126,3036.4231310086325,269.9871648602396
1781617213,400,,Aggregated,1680.500000,0.000000,25,34,41,47,65,85,110,120,210,330,650,174929,183,23,50.93716072518718,1.7064069979824126,6977.208591008093,6154.645536188968
1781617214,400,GET,/feed/{user_id},676.000000,0.000000,24,34,42,48,68,87,110,120,160,190,190,70734,80,23,44.550856868640295,2.0331270061433315,3291.8746109935455,7196.104885910595
1781617214,400,GET,/feed/{user_id}?with_fof=true,351.800000,0.000000,25,34,42,49,70,92,110,140,260,650,650,35594,41,24,64.79293031230138,2.145495993318036,6977.208591008093,9430.454795752094
1781617214,400,POST,/likes,34.800000,0.000000,24,31,38,41,52,65,73,82,89,89,89,3586,0,21,34.932770860187034,3.169831004925072,2949.7804889979307,180.377579475739
1781617214,400,POST,/posts,48.700000,0.000000,25,33,37,41,55,66,73,100,140,140,140,5372,0,22,32.83410077048827,3.3568170038051903,2817.1827510232106,227.957930007446
1781617214,400,GET,/timeline/{user_id},409.100000,0.000000,25,33,41,48,68,88,110,130,230,240,240,43622,46,23,55.945802429100034,1.936232001753524,6762.760564975906,5395.440603365274
1781617214,400,GET,/users/{user_id},169.400000,0.000000,24,33,41,49,69,89,110,120,170,180,180,17700,16,22,43.635642725545495,1.7064069979824126,3036.4231310086325,269.98870056497174
1781617214,400,,Aggregated,1689.800000,0.000000,24,33,41,48,67,87,110,120,210,330,650,176608,183,23,50.80161853783823,1.7064069979824126,6977.208591008093,6153.101926300054
1781617215,400,GET,/feed/{user_id},674.500000,0.000000,25,34,41,47,66,84,100,120,160,190,190,71432,80,23,44.367130670300064,2.0331270061433315,3291.8746109935455,7196.253905812521
1781617215,400,GET,/feed/{user_id}?with_fof=true,349.000000,0.000000,25,34,41,48,68,87,110,130,260,650,650,35929,41,24,64.44006085657335,2.145495993318036,6977.208591008093,9430.848757271286
1781617215,400,POST,/likes,35.000000,0.000000,24,31,36,40,51,65,73,82,89,89,89,3618,0,21,34.832599865581024,3.169831004925072,2949.7804889979307,180.373410724157
1781617215,400,POST,/posts,48.500000,0.000000,26,33,37,41,55,66,73,100,140,140,140,5420,0,23,32.784894962185724,3.3568170038051903,2817.1827510232106,227.9559040590406
1781617215,400,GET,/timeline/{user_id},413.300000,0.000000,25,33,41,47,67,86,110,130,230,250,250,44068,46,23,55.649998559821654,1.936232001753524,6762.760564975906,5395.100481074703
1781617215,400,GET,/users/{user_id},169.000000,0.000000,24,33,41,48,67,89,110,120,170,180,180,17878,16,22,43.44638871328985,1.7064069979824126,3036.4231310086325,269.9955811612037
1781617215,400,,Aggregated,1689.300000,0.000000,25,33,41,47,66,84,110,120,210,330,650,178345,183,23,50.561198662793245,1.7064069979824126,6977.208591008093,6152.962824861925
1781617216,400,GET,/feed/{user_id},671.600000,0.000000,24,33,41,46,64,82,110,120,170,200,200,72119,80,23,44.277283820874324,2.0331270061433315,3291.8746109935455,7196.783288731125
1781617216,400,GET,/feed/{user_id}?with_fof=true,345.600000,0.000000,25,33,41,47,66,84,110,140,260,650,650,36284,41,24,64.14916595719001,2.145495993318036,6977.208591008093,9431.866855914453
1781617216,400,POST,/likes,36.500000,0.000000,24,31,36,39,49,59,72,85,160,160,160,3654,0,22,34.8039871561931,3.169831004925072,2949.7804889979307,180.3743842364532
1781617216,400,POST,/posts,48.900000,0.000000,26,33,38,42,54,66,91,110,140,140,140,5482,0,23,32.801955664905506,3.3568170038051903,2817.1827510232106,227.95530828164902
1781617216,400,GET,/timeline/{user_id},414.800000,0.000000,25,32,40,46,65,85,110,130,240,320,320,44464,46,23,55.46697737540325,1.936232001753524,6762.760564975906,5395.335417416337
1781617216,400,GET,/users/{user_id},168.700000,0.000000,24,32,40,46,64,81,110,120,170,170,170,18043,16,22,43.31479811546397,1.7064069979824126,3036.4231310086325,270.0053760461121
1781617216,400,,Aggregated,1686.100000,0.000000,25,33,40,46,64,82,110,130,210,330,650,180046,183,23,50.4072761622548,1.7064069979824126,6977.208591008093,6153.590254712684
1781617217,400,GET,/feed/{user_id},671.400000,0.000000,24,32,39,44,62,80,100,120,170,200,200,72834,80,23,44.073148830344905,2.0331270061433315,3291.8746109935455,7197.202748716259
1781617217,400,GET,/feed/{user_id}?with_fof=true,341.500000,0.000000,24,33,40,46,64,83,110,140,260,650,650,36596,41,24,63.81353350370317,2.145495993318036,6977.208591008093,9435.668269756257
1781617217,400,POST,/likes,37.500000,0.000000,24,31,36,39,49,58,72,85,160,160,160,3690,0,21,34.683534494764615,3.169831004925072,2949.7804889979307,180.37506775067752
1781617217,400,POST,/posts,48.700000,0.000000,26,33,37,41,52,66,91,110,140,140,140,5528,0,23,32.72321862136916,3.3568170038051903,2817.1827510232106,227.95332850940665
1781617217,400,GET,/timeline/{user_id},417.600000,0.000000,24,32,40,45,63,84,110,130,240,320,320,44895,46,23,55.17288508582594,1.936232001753524,6762.760564975906,5394.73210825259
1781617217,400,GET,/users/{user_id},171.700000,0.000000,24,32,39,45,63,83,110,120,170,170,170,18212,16,22,43.14572860303393,1.7064069979824126,3036.4231310086325,270.0087854162091
1781617217,400,,Aggregated,1688.400000,0.000000,24,32,39,45,62,81,110,130,210,330,650,181755,183,23,50.160802586350265,1.7064069979824126,6977.208591008093,6154.1547082611205
1781617218,400,GET,/feed/{user_id},669.300000,0.000000,24,33,40,44,62,80,110,120,160,200,200,73584,80,23,43.929079965215145,2.0331270061433315,3291.8746109935455,7196.735241356817
1781617218,400,GET,/feed/{user_id}?with_fof=true,338.900000,0.000000,25,34,40,46,63,82,110,130,260,650,650,36960,41,24,63.484184900172444,2.145495993318036,6977.208591008093,9437.45229978355
1781617218,400,POST,/likes,36.800000,0.000000,24,30,36,38,48,55,70,85,160,160,160,3728,0,21,34.537088722533625,3.169831004925072,2949.7804889979307,180.37339055793993
1781617218,400,POST,/posts,49.500000,0.000000,27,33,37,41,50,66,100,110,140,140,140,5566,0,23,32.689539631849996,3.3568170038051903,2817.1827510232106,227.95310815666548
1781617218,400,GET,/timeline/{user_id},418.400000,0.000000,25,32,40,45,63,84,110,130,240,320,320,45321,46,23,54.93924425353376,1.936232001753524,6762.760564975906,5394.887976876062
1781617218,400,GET,/users/{user_id},170.300000,0.000000,25,33,40,45,63,79,100,120,150,170,170,18383,16,22,43.026669270710755,1.7064069979824126,3036.4231310086325,270.0070173529892
1781617218,400,,Aggregated,1683.200000,0.000000,25,33,40,45,62,80,110,130,220,330,650,183542,183,23,49.96359355590056,1.7064069979824126,6977.208591008093,6155.426436455961
1781617219,400,GET,/feed/{user_id},677.900000,0.000000,24,33,40,45,63,82,120,140,430,470,470,74122,80,23,44.017710455362035,2.0331270061433315,3291.8746109935455,7199.089757426945
1781617219,400,GET,/feed/{user_id}?with_fof=true,337.400000,0.000000,25,33,40,44,62,82,120,160,450,620,620,37169,41,24,63.45236759502383,2.145495993318036,6977.208591008093,9437.245607899056
1781617219,400,POST,/likes,35.800000,0.000000,24,30,34,37,46,51,60,70,160,160,160,3754,0,21,34.43955716266083,3.169831004925072,2949.7804889979307,180.37373468300478
1781617219,400,POST,/posts,50.100000,0.000000,26,33,37,39,48,58,70,110,140,140,140,5600,0,23,32.64888911318849,3.3568170038051903,2817.1827510232106,227.95285714285714
1781617219,400,GET,/timeline/{user_id},421.400000,0.000000,25,33,40,45,63,85,120,150,440,460,460,45646,46,23,54.92356416074702,1.936232001753524,6762.760564975906,5396.604368400298
1781617219,400,GET,/users/{user_id},170.500000,0.000000,24,33,39,44,58,79,110,130,440,450,450,18483,16,22,43.059571375714896,1.7064069979824126,3036.4231310086325,270.01238976356655
1781617219,400,,Aggregated,1693.100000,0.000000,25,33,40,45,61,81,120,140,430,600,620,184774,183,23,49.98632236977622,1.7064069979824126,6977.208591008093,6157.043815688355
1781617220,400,GET,/feed/{user_id},683.300000,0.000000,25,35,43,49,71,100,160,220,650,920,920,74509,80,23,44.3437375539736,2.0331270061433315,3291.8746109935455,7199.602168865506
1781617220,400,GET,/feed/{user_id}?with_fof=true,333.700000,0.000000,25,34,41,47,68,98,170,290,1500,1700,1700,37305,41,24,63.85712337708464,2.145495993318036,6977.208591008093,9434.91947460126
1781617220,400,POST,/likes,35.600000,0.000000,22,29,34,37,47,51,70,130,280,280,280,3784,0,21,34.39590281227856,3.169831004925072,2949.7804889979307,180.3744714587738
1781617220,400,POST,/posts,49.300000,0.000000,26,33,36,39,48,57,100,120,280,280,280,5622,0,23,32.649268942871394,3.3568170038051903,2817.1827510232106,227.9517965136962
1781617220,400,GET,/timeline/{user_id},423.800000,0.000000,25,34,42,49,70,100,160,240,700,850,850,45844,46,23,55.27447085263981,1.936232001753524,6762.760564975906,5397.118946863276
1781617220,400,GET,/users/{user_id},171.000000,0.000000,25,34,42,47,67,95,170,330,760,930,930,18568,16,22,43.570210339748414,1.7064069979824126,3036.4231310086325,270.0180956484274
1781617220,400,,Aggregated,1696.700000,0.000000,25,34,42,48,68,100,160,240,730,1500,1700,185632,183,23,50.3303327151919,1.7064069979824126,6977.208591008093,6156.3099465609375
1781617221,400,GET,/feed/{user_id},680.400000,0.000000,25,35,45,52,83,130,280,550,910,1200,1200,74707,81,23,44.94715453224182,2.0331270061433315,3291.8746109935455,7200.285207544139
1781617221,400,GET,/feed/{user_id}?with_fof=true,330.300000,0.000000,25,34,43,50,79,140,460,870,2200,2400,2400,37385,42,24,65.11983851320093,2.145495993318036,6977.208591008093,9433.64408185101
1781617221,400,POST,/likes,36.400000,0.000000,21,28,33,36,49,60,220,560,660,660,660,3794,0,21,35.07280925477933,3.169831004925072,2949.7804889979307,180.375856615709
1781617221,400,POST,/posts,47.700000,0.000000,25,32,36,39,50,67,280,510,670,670,670,5637,0,23,33.09284386763793,3.3568170038051903,2817.1827510232106,227.95281177931523
1781617221,400,GET,/timeline/{user_id},419.000000,0.000000,25,34,45,52,81,130,280,570,910,1100,1100,45935,47,23,55.742535097800264,1.936232001753524,6762.760564975906,5398.990573636661
1781617221,400,GET,/users/{user_id},167.300000,0.000000,26,35,44,52,83,140,340,640,930,1400,1400,18628,18,22,44.24008919289877,1.7064069979824126,3036.4231310086325,269.9908739531887
1781617221,400,,Aggregated,1681.100000,0.000000,25,34,44,51,80,130,310,590,1900,2300,2400,186086,188,23,51.033503685680124,1.7064069979824126,6977.208591008093,6156.238669217459
1781617222,400,GET,/feed/{user_id},660.300000,0.000000,25,36,46,54,99,180,500,690,1200,1500,1500,74823,81,23,45.4281812116635,2.0331270061433315,3291.8746109935455,7199.754380337597
1781617222,400,GET,/feed/{user_id}?with_fof=true,312.500000,0.000000,26,35,44,53,100,300,1900,2900,3400,3400,3400,37465,42,24,68.09936169201302,2.145495993318036,6977.208591008093,9433.622554384092
1781617222,400,POST,/likes,36.100000,0.000000,21,28,33,36,47,72,340,640,770,770,770,3802,0,21,35.36692842440523,3.169831004925072,2949.7804889979307,180.3766438716465
1781617222,400,POST,/posts,46.500000,0.000000,23,31,35,38,49,80,280,510,670,670,670,5650,0,22,33.06781673290359,3.3568170038051903,2817.1827510232106,227.95256637168143
1781617222,400,GET,/timeline/{user_id},405.500000,0.000000,26,36,46,54,97,170,550,730,2400,3200,3200,45990,47,23,56.4186394000983,1.936232001753524,6762.760564975906,5400.148010437051
1781617222,400,GET,/users/{user_id},158.600000,0.000000,26,36,46,53,99,230,580,700,1300,1400,1400,18657,18,22,44.69372820604916,1.7064069979824126,3036.4231310086325,269.99271051080024
1781617222,400,,Aggregated,1619.500000,0.000000,26,35,45,53,96,180,600,820,3200,3400,3400,186387,188,23,52.04363892413534,1.7064069979824126,6977.208591008093,6156.554244662986
1781617223,400,GET,/feed/{user_id},624.600000,0.100000,26,39,51,61,120,260,640,800,1400,1900,1900,74966,81,23,45.98764635924749,2.0331270061433315,3291.8746109935455,7199.749806578982
1781617223,400,GET,/feed/{user_id}?with_fof=true,287.600000,0.100000,27,38,50,62,170,740,2900,3400,3900,4400,4400,37544,42,24,70.9646263912067,2.145495993318036,6977.208591008093,9434.196675900277
1781617223,400,POST,/likes,34.600000,0.000000,21,28,34,36,51,220,640,680,1400,1400,1400,3807,0,21,35.92194505872832,3.169831004925072,2949.7804889979307,180.377987916995
1781617223,400,POST,/posts,42.900000,0.000000,23,32,36,39,54,120,310,540,1400,1400,1400,5658,0,22,33.37596925767871,3.3568170038051903,2817.1827510232106,227.95334040296925
1781617223,400,GET,/timeline/{user_id},375.600000,0.100000,26,38,50,57,120,240,660,880,3200,3700,3700,46033,47,23,56.866138010263256,1.936232001753524,6762.760564975906,5401.312645276215
1781617223,400,GET,/users/{user_id},148.400000,0.200000,27,38,49,57,130,290,630,750,1400,1400,1400,18696,18,23,44.949475299383124,1.7064069979824126,3036.4231310086325,269.9931536157467
1781617223,400,,Aggregated,1513.700000,0.500000,26,37,49,59,130,310,730,1400,3600,4300,4400,186704,188,23,53.00098675079825,1.7064069979824126,6977.208591008093,6157.3228211500555
1781617224,400,GET,/feed/{user_id},566.700000,0.100000,25,40,54,70,160,440,730,1100,1500,1900,1900,75116,81,23,46.493265240059685,2.0331270061433315,3291.8746109935455,7199.631130518132
1781617224,400,GET,/feed/{user_id}?with_fof=true,261.000000,0.100000,28,41,60,86,530,2300,3500,3800,4700,5000,5000,37637,42,24,74.65485882366963,2.145495993318036,6977.208591008093,9436.019130111326
1781617224,400,POST,/likes,31.100000,0.000000,19,26,33,37,69,340,680,890,1400,1400,1400,3814,0,21,36.468162338111604,3.169831004925072,2949.7804889979307,180.37991609858418
1781617224,400,POST,/posts,39.200000,0.000000,22,31,36,39,65,280,520,670,1400,1400,1400,5676,0,22,33.83770050774605,3.3568170038051903,2817.1827510232106,227.95577871740662
1781617224,400,GET,/timeline/{user_id},340.000000,0.100000,26,39,52,65,150,480,910,1900,4100,4800,4800,46113,47,23,58.430884855236734,1.936232001753524,6762.760564975906,5402.153167219656
1781617224,400,GET,/users/{user_id},135.300000,0.200000,26,39,51,66,190,440,660,850,1500,1500,1500,18730,18,23,45.35344356258705,1.7064069979824126,3036.4231310086325,269.9946609717031
1781617224,400,,Aggregated,1373.300000,0.500000,26,39,52,68,180,560,1300,2800,4200,5000,5000,187086,188,23,54.3986123163416,1.7064069979824126,6977.208591008093,6158.1266316025785
1781617225,400,GET,/feed/{user_id},513.400000,0.100000,25,43,66,97,250,590,890,1200,1500,1900,1900,75277,81,23,47.0587417677704,2.0331270061433315,3291.8746109935455,7199.636356390398
1781617225,400,GET,/feed/{user_id}?with_fof=true,238.200000,0.100000,28,46,94,170,1200,3200,3900,4300,5000,5100,5100,37734,42,24,77.8166607675991,2.145495993318036,6977.208591008093,9437.683680500344
1781617225,400,POST,/likes,27.800000,0.000000,18,25,32,37,220,620,890,920,1400,1400,1400,3822,0,21,37.02023800092008,3.169831004925072,2949.7804889979307,180.3819989534275
1781617225,400,POST,/posts,35.300000,0.000000,19,28,33,36,99,390,540,670,1400,1400,1400,5682,0,22,33.916382541172666,3.3568170038051903,2817.1827510232106,227.95600140795494
1781617225,400,GET,/timeline/{user_id},301.600000,0.100000,25,44,64,100,300,700,2300,3900,5200,5700,5700,46205,47,24,60.533759874963486,1.936232001753524,6762.760564975906,5402.4474191104855
1781617225,400,GET,/users/{user_id},120.900000,0.200000,26,41,66,100,290,530,810,990,1500,1500,1500,18768,18,23,45.7922929995891,1.7064069979824126,3036.4231310086325,269.996110400682
1781617225,400,,Aggregated,1237.200000,0.500000,25,42,66,100,360,760,2000,3600,4800,5700,5700,187488,188,23,55.84021988999015,1.7064069979824126,6977.208591008093,6159.117479518689
1781617226,400,GET,/feed/{user_id},462.200000,0.100000,30,63,110,140,430,690,1000,1300,1800,1900,1900,75477,82,23,47.54806574258586,2.0331270061433315,3291.8746109935455,7199.640380513269
1781617226,400,GET,/feed/{user_id}?with_fof=true,212.900000,0.100000,36,84,220,460,2100,3500,4300,5000,5300,5300,5300,37837,42,24,80.03924008575133,2.145495993318036,6977.208591008093,9436.339535375426
1781617226,400,POST,/likes,23.800000,0.000000,14,26,35,41,320,640,890,920,1400,1400,1400,3835,0,21,37.20520591957378,3.169831004925072,2949.7804889979307,180.38331160365058
1781617226,400,POST,/posts,31.100000,0.000000,18,30,37,45,240,490,570,740,1400,1400,1400,5703,0,22,34.20837575482545,3.3568170038051903,2817.1827510232106,227.95668946168684
1781617226,400,GET,/timeline/{user_id},262.200000,0.100000,33,65,130,180,660,1600,4100,5300,6400,7100,7100,46375,48,24,64.94668814975354,1.936232001753524,7073.979303997476,5401.235407008086
1781617226,400,GET,/users/{user_id},110.400000,0.200000,29,60,110,160,400,640,930,1200,1500,1500,1500,18835,19,23,46.34787926733545,1.7064069979824126,3036.4231310086325,269.98226705601274
1781617226,400,,Aggregated,1102.600000,0.500000,31,62,120,180,570,1200,3300,4100,5700,7100,7100,188062,191,23,57.63986018309996,1.7064069979824126,7073.979303997476,6157.592979974689
1781617227,400,GET,/feed/{user_id},410.300000,0.100000,37,100,180,260,570,800,1200,1400,1800,1900,1900,75743,83,23,48.25605533298306,2.0331270061433315,3291.8746109935455,7199.189509261582
1781617227,400,GET,/feed/{user_id}?with_fof=true,188.500000,0.100000,44,220,490,710,2800,3800,4600,5100,6600,6700,6700,38001,44,24,81.81558754873816,2.145495993318036,6977.208591008093,9436.689008183996
1781617227,400,POST,/likes,21.300000,0.000000,10,29,46,120,530,680,890,920,1400,1400,1400,3850,0,21,37.668840232344536,3.169831004925072,2949.7804889979307,180.3851948051948
1781617227,400,POST,/posts,27.800000,0.000000,11,27,36,59,390,520,670,890,1400,1400,1400,5720,0,22,34.44943394629168,3.3568170038051903,2817.1827510232106,227.956993006993
1781617227,400,GET,/timeline/{user_id},229.900000,0.100000,48,140,330,490,1300,4000,5400,6300,6900,7100,7100,46573,52,24,70.23735867951405,1.936232001753524,7073.979303997476,5398.5624288751
1781617227,400,GET,/users/{user_id},94.800000,0.200000,33,100,190,280,510,700,1000,1300,1500,1500,1500,18892,20,23,46.75369794613137,1.7064069979824126,3036.4231310086325,269.96929917425365
1781617227,400,,Aggregated,972.600000,0.500000,37,120,230,380,770,1500,4000,5100,6700,7100,7100,188779,199,23,59.64987475287169,1.7064069979824126,7073.979303997476,6157.558494324051
1781617228,400,GET,/feed/{user_id},358.700000,0.100000,68,160,290,400,620,870,1200,1400,1800,1900,1900,76175,98,23,48.75427708729706,2.0331270061433315,3291.8746109935455,7196.522769937644
1781617228,400,GET,/feed/{user_id}?with_fof=true,166.600000,0.100000,140,430,640,1000,3100,3900,5000,5200,6700,6900,6900,38195,52,24,82.65443410384785,2.145495993318036,6977.208591008093,9435.136745647336
1781617228,400,POST,/likes,19.000000,0.000000,6,31,120,220,560,680,890,920,1400,1400,1400,3870,0,21,37.666939169904566,3.169831004925072,2949.7804889979307,180.38501291989664
1781617228,400,POST,/posts,23.600000,0.000000,7,17,43,69,390,520,670,890,1400,1400,1400,5749,0,22,34.38332212938334,3.3568170038051903,2817.1827510232106,227.956340233084
1781617228,400,GET,/timeline/{user_id},201.500000,0.100000,100,310,500,670,2900,5100,6600,7000,7600,7900,7900,46898,70,24,75.20972643877663,1.936232001753524,7882.200510997791,5394.798754744339
1781617228,400,GET,/users/{user_id},84.100000,0.200000,52,170,290,380,590,790,1200,1300,1500,1500,1500,18989,24,22,47.32735934253285,1.7064069979824126,3036.4231310086325,269.91905840223285
1781617228,400,,Aggregated,853.500000,0.500000,72,210,400,490,920,2600,4500,5600,7200,7900,7900,189876,244,23,61.304055901281885,1.7064069979824126,7882.200510997791,6155.119899302703
1781617229,400,GET,/feed/{user_id},307.400000,0.200000,50,190,320,420,630,870,1200,1400,1800,1900,1900,76636,116,23,49.22777597602904,2.0331270061433315,3291.8746109935455,7194.217626180907
1781617229,400,GET,/feed/{user_id}?with_fof=true,145.200000,0.100000,130,390,620,860,3000,4000,5000,5300,6900,6900,6900,38444,62,24,84.03311529212526,2.145495993318036,6977.208591008093,9431.816226199147
1781617229,400,POST,/likes,17.100000,0.000000,7,31,120,240,560,680,890,920,1400,1400,1400,3900,0,21,37.685945460644476,3.169831004925072,2949.7804889979307,180.3851282051282
1781617229,400,POST,/posts,20.700000,0.000000,7,14,45,120,390,520,670,890,1400,1400,1400,5779,0,22,34.37486636421717,3.3568170038051903,2817.1827510232106,227.95639383976467
1781617229,400,GET,/timeline/{user_id},177.500000,0.300000,89,330,520,710,3600,5500,6700,7100,7800,7900,7900,47242,80,24,78.89836273421645,1.936232001753524,7882.200510997791,5391.542017696118
1781617229,400,GET,/users/{user_id},73.500000,0.300000,33,190,310,380,590,800,1000,1300,1500,1500,1500,19107,28,22,47.91152763559761,1.7064069979824126,3036.4231310086325,269.86659339509083
1781617229,400,,Aggregated,741.400000,0.900000,56,240,410,510,940,2900,5000,6200,7600,7900,7900,191108,286,23,62.747653027753955,1.7064069979824126,7882.200510997791,6152.632207966176
1781617230,400,GET,/feed/{user_id},272.800000,1.300000,22,110,240,320,570,790,1200,1400,1800,1900,1900,77290,119,23,49.16099247994588,2.0331270061433315,3291.8746109935455,7193.8146720144905
1781617230,400,GET,/feed/{user_id}?with_fof=true,130.400000,0.800000,33,240,440,610,2600,3800,4800,5200,6900,6900,6900,38777,64,24,83.8440485781834,2.145495993318036,6977.208591008093,9431.768522577817
1781617230,400,POST,/likes,14.800000,0.000000,10,20,41,100,390,640,890,920,1400,1400,1400,3935,0,21,37.52021726414329,3.169831004925072,2949.7804889979307,180.38119440914866
1781617230,400,POST,/posts,17.900000,0.000000,9,17,31,45,230,490,670,890,1400,1400,1400,5827,0,22,34.265787773427185,3.3568170038051903,2817.1827510232106,227.9550368972027
1781617230,400,GET,/timeline/{user_id},161.100000,2.000000,29,190,400,540,2800,5200,6600,7000,7800,7900,7900,47680,81,23,79.68614281919552,1.936232001753524,7882.200510997791,5390.836577181208
1781617230,400,GET,/users/{user_id},65.000000,0.800000,17,110,220,310,490,690,1000,1300,1500,1500,1500,19269,28,22,47.83611831352762,1.7064069979824126,3036.4231310086325,269.8725932845503
1781617230,400,,Aggregated,662.000000,4.900000,23,140,300,410,790,2300,4700,5900,7500,7900,7900,192778,292,23,62.86698707416854,1.7064069979824126,7882.200510997791,6152.252751870026
1781617231,400,GET,/feed/{user_id},244.400000,2.500000,23,50,120,210,480,680,1100,1300,1700,1900,1900,77984,119,23,49.00005225623424,2.0331270061433315,3291.8746109935455,7192.362818013951
1781617231,400,GET,/feed/{user_id}?with_fof=true,116.000000,1.300000,27,81,270,420,1200,3500,4500,5200,6900,6900,6900,39145,64,24,83.35283518378658,2.145495993318036,6977.208591008093,9430.37350874952
1781617231,400,POST,/likes,13.900000,0.000000,13,25,36,52,330,600,890,920,1400,1400,1400,3965,0,21,37.43076595847852,3.169831004925072,2949.7804889979307,180.3795712484237
1781617231,400,POST,/posts,17.900000,0.000000,14,25,35,43,120,420,530,740,1400,1400,1400,5878,0,22,34.22399186590021,3.3568170038051903,2817.1827510232106,227.95423613473972
1781617231,400,GET,/timeline/{user_id},152.600000,2.500000,26,83,260,410,1400,4800,6400,7000,7600,7900,7900,48095,81,24,79.28430353648287,1.936232001753524,7882.200510997791,5388.679613265413
1781617231,400,GET,/users/{user_id},58.600000,0.800000,22,41,110,180,440,610,920,1200,1500,1500,1500,19474,28,22,47.6564300635886,1.7064069979824126,3036.4231310086325,269.8804046420869
1781617231,400,,Aggregated,603.400000,7.100000,24,55,160,280,610,1300,4300,5600,7200,7900,7900,194541,292,23,62.58263459773601,1.7064069979824126,7882.200510997791,6150.479898838806
1781617232,400,GET,/feed/{user_id},256.300000,3.900000,23,39,65,110,390,590,940,1300,1700,1900,1900,78677,119,23,48.83729545276342,2.0331270061433315,3291.8746109935455,7190.159779859425
1781617232,400,GET,/feed/{user_id}?with_fof=true,132.800000,2.300000,24,43,100,230,620,2100,4300,5100,6900,6900,6900,39497,64,24,82.86515100177883,2.145495993318036,6977.208591008093,9431.470997797302
1781617232,400,POST,/likes,15.000000,0.000000,16,26,32,38,150,490,890,920,1400,1400,1400,3996,0,21,37.33565458770846,3.169831004925072,2949.7804889979307,180.38088088088088
1781617232,400,POST,/posts,18.300000,0.000000,17,29,37,44,90,340,520,740,1400,1400,1400,5916,0,22,34.183457681171156,3.3568170038051903,2817.1827510232106,227.95368492224475
1781617232,400,GET,/timeline/{user_id},165.200000,3.500000,26,51,120,250,840,4100,6200,6800,7600,7900,7900,48556,81,24,78.83720747616431,1.936232001753524,7882.200510997791,5389.425426311887
1781617232,400,GET,/users/{user_id},66.000000,1.200000,22,37,56,95,360,530,840,1000,1500,1500,1500,19641,28,22,47.50608657841685,1.7064069979824126,3036.4231310086325,269.88564737029685
1781617232,400,,Aggregated,653.600000,10.900000,23,41,72,150,470,920,4000,5300,7200,7900,7900,196283,292,23,62.29681565661829,1.7064069979824126,7882.200510997791,6150.681169535823
1781617233,400,GET,/feed/{user_id},294.600000,3.800000,20,33,46,63,290,500,770,940,1500,1800,1800,79418,119,23,48.55300622782174,2.0331270061433315,3291.8746109935455,7189.670364401018
1781617233,400,GET,/feed/{user_id}?with_fof=true,157.100000,2.200000,22,34,51,93,440,940,4200,5000,6700,6900,6900,39857,64,24,82.29641441735022,2.145495993318036,6977.208591008093,9432.998444438868
1781617233,400,POST,/likes,15.500000,0.000000,16,23,31,36,100,400,640,890,920,920,920,4024,0,21,37.19136893872364,3.169831004925072,2949.7804889979307,180.38121272365805
1781617233,400,POST,/posts,21.900000,0.000000,16,27,35,39,55,220,520,620,890,890,890,5957,0,22,34.09085689505038,3.3568170038051903,2817.1827510232106,227.95266073526943
1781617233,400,GET,/timeline/{user_id},196.200000,3.400000,22,38,63,140,560,3600,6000,6700,7600,7900,7900,49012,81,23,78.27909885710778,1.936232001753524,7882.200510997791,5388.2123561576755
1781617233,400,GET,/users/{user_id},75.300000,1.000000,18,29,43,57,270,470,770,920,1500,1500,1500,19825,28,22,47.21670489764272,1.7064069979824126,3036.4231310086325,269.8964438839849
1781617233,400,,Aggregated,760.600000,10.400000,21,33,49,72,370,660,3300,5200,7200,7800,7900,198093,292,23,61.89766679765119,1.7064069979824126,7882.200510997791,6151.059295381462
1781617234,400,GET,/feed/{user_id},351.600000,3.800000,22,33,43,55,180,420,610,840,1500,1800,1800,80095,119,23,48.45247237101243,2.0331270061433315,3291.8746109935455,7188.902590673575
1781617234,400,GET,/feed/{user_id}?with_fof=true,187.700000,2.200000,22,34,46,61,290,600,1900,5000,6700,6900,6900,40200,64,24,81.92154864787305,2.145495993318036,6977.208591008093,9431.77604477612
1781617234,400,POST,/likes,18.100000,0.000000,17,25,31,36,64,240,490,600,920,920,920,4057,0,21,37.14154097666379,3.169831004925072,2949.7804889979307,180.38205570618683
1781617234,400,POST,/posts,25.300000,0.000000,18,29,37,41,53,99,350,520,890,890,890,6004,0,22,34.099140579557336,3.3568170038051903,2817.1827510232106,227.95203197868088
1781617234,400,GET,/timeline/{user_id},231.000000,3.400000,23,37,55,74,420,2400,5700,6600,7600,7900,7900,49401,81,23,77.94815692246281,1.936232001753524,7882.200510997791,5389.255500900791
1781617234,400,GET,/users/{user_id},89.800000,1.000000,21,31,42,54,180,420,640,840,1400,1500,1500,19994,28,22,47.117651131521214,1.7064069979824126,3036.4231310086325,269.90467140142044
1781617234,400,,Aggregated,903.500000,10.400000,22,33,46,58,260,520,1300,5000,7100,7800,7900,199751,292,23,61.68804521045225,1.7064069979824126,7882.200510997791,6151.07843765488
1781617235,400,GET,/feed/{user_id},409.800000,3.800000,22,32,40,48,110,340,560,670,1400,1800,1800,80805,119,23,48.260418662292146,2.0331270061433315,3291.8746109935455,7187.3065033104385
1781617235,400,GET,/feed/{user_id}?with_fof=true,212.600000,2.200000,22,32,41,50,180,430,800,1900,6700,6900,6900,40535,64,24,81.4717169221569,2.145495993318036,6977.208591008093,9432.36050326878
1781617235,400,POST,/likes,20.100000,0.000000,19,26,31,35,50,100,330,530,640,640,640,4088,0,21,37.053782650740125,3.169831004925072,2949.7804889979307,180.37989236790608
1781617235,400,POST,/posts,27.900000,0.000000,20,29,35,39,52,62,260,420,620,620,620,6048,0,22,34.051306952004246,3.3568170038051903,2817.1827510232106,227.95238095238096
1781617235,400,GET,/timeline/{user_id},271.900000,3.400000,23,34,45,58,280,740,5500,6600,7600,7900,7900,49859,81,23,77.48852851649953,1.936232001753524,7882.200510997791,5387.899416354118
1781617235,400,GET,/users/{user_id},104.300000,1.000000,21,29,38,45,110,320,550,750,1200,1400,1400,20169,28,22,46.915714838354745,1.7064069979824126,3036.4231310086325,269.91060538450097
1781617235,400,,Aggregated,1046.600000,10.400000,22,32,41,50,140,410,780,3700,7100,7800,7900,201504,292,23,61.38489032102165,1.7064069979824126,7882.200510997791,6150.280828172145
1781617236,400,GET,/feed/{user_id},464.600000,3.800000,22,31,37,42,74,230,470,590,1100,1300,1300,81529,119,23,48.03721713791634,2.0331270061433315,3291.8746109935455,7187.054863913454
1781617236,400,GET,/feed/{user_id}?with_fof=true,239.300000,2.200000,22,30,37,43,86,290,600,840,6700,6900,6900,40883,64,24,80.9824934542856,2.145495993318036,6977.208591008093,9431.355306606658
1781617236,400,POST,/likes,23.100000,0.000000,20,26,31,34,47,66,240,330,530,530,530,4117,0,21,36.96994933112019,3.169831004925072,2949.7804889979307,180.38061695409277
1781617236,400,POST,/posts,31.200000,0.000000,21,29,34,37,49,55,100,220,520,520,520,6105,0,22,33.956134176360564,3.3568170038051903,2817.1827510232106,227.95217035217036
1781617236,400,GET,/timeline/{user_id},307.300000,3.400000,23,32,40,48,120,420,4500,6400,7600,7900,7900,50279,81,23,77.04253329863714,1.936232001753524,7882.200510997791,5385.87589251974
1781617236,400,GET,/users/{user_id},116.800000,1.000000,21,28,36,41,70,220,480,610,870,1200,1200,20352,28,22,46.6942697244336,1.7064069979824126,3036.4231310086325,269.9164701257862
1781617236,400,,Aggregated,1182.300000,10.400000,22,30,38,43,79,270,570,890,7100,7800,7900,203265,292,23,61.05667156483215,1.7064069979824126,7882.200510997791,6149.408722603498
1781617237,400,GET,/feed/{user_id},516.200000,3.800000,23,31,37,42,63,110,310,450,650,810,810,82193,119,23,47.94073260118606,2.0331270061433315,3291.8746109935455,7187.521966590829
1781617237,400,GET,/feed/{user_id}?with_fof=true,264.800000,2.200000,23,32,38,43,71,160,370,610,5700,6900,6900,41252,64,24,80.60799124657197,2.145495993318036,6977.208591008093,9434.652816833122
1781617237,400,POST,/likes,24.900000,0.000000,21,27,32,35,47,61,86,130,330,330,330,4155,0,21,36.94134031363738,3.169831004925072,2949.7804889979307,180.37930204572802
1781617237,400,POST,/posts,34.800000,0.000000,23,31,36,39,51,57,77,100,260,260,260,6162,0,22,33.968613647291086,3.3568170038051903,2817.1827510232106,227.95115222330412
1781617237,400,GET,/timeline/{user_id},343.300000,3.400000,23,31,38,45,72,180,450,5300,7600,7900,7900,50702,81,24,76.70861469246354,1.936232001753524,7882.200510997791,5384.706421837403
1781617237,400,GET,/users/{user_id},132.500000,1.000000,22,29,36,41,65,110,350,470,830,840,840,20518,28,22,46.64061203451196,1.7064069979824126,3036.4231310086325,269.92767326250123
1781617237,400,,Aggregated,1316.500000,10.400000,23,31,37,42,66,120,350,540,6900,7800,7900,204982,292,23,60.857497808354644,1.7064069979824126,7882.200510997791,6150.150564439805
1781617238,400,GET,/feed/{user_id},569.500000,3.800000,23,31,37,41,60,80,150,290,640,810,810,82879,119,23,47.814572668728474,2.0331270061433315,3291.8746109935455,7187.726432510045
1781617238,400,GET,/feed/{user_id}?with_fof=true,289.000000,2.200000,24,31,38,43,66,92,250,380,1300,5400,5400,41599,64,24,80.22324620224191,2.145495993318036,6977.208591008093,9435.107526623236
1781617238,400,POST,/likes,27.200000,0.000000,22,27,31,35,47,61,71,86,330,330,330,4188,0,21,36.8663435188932,3.169831004925072,2949.7804889979307,180.3784622731614
1781617238,400,POST,/posts,37.700000,0.000000,24,31,36,39,53,62,77,82,260,260,260,6209,0,23,33.965419731610616,3.3568170038051903,2817.1827510232106,227.95023353196973
1781617238,400,GET,/timeline/{user_id},374.300000,3.400000,23,30,38,43,65,90,250,420,6200,7500,7500,51115,81,24,76.3635812032352,1.936232001753524,7882.200510997791,5386.434979947178
1781617238,400,GET,/users/{user_id},142.900000,1.000000,23,29,36,41,61,84,180,320,830,840,840,20685,28,23,46.51429669612339,1.7064069979824126,3036.4231310086325,269.9346869712352
1781617238,400,,Aggregated,1440.600000,10.400000,23,30,37,42,62,84,210,340,4700,6600,7500,206675,292,23,60.63041492735973,1.7064069979824126,7882.200510997791,6151.129106084432
1781617239,400,GET,/feed/{user_id},615.600000,3.700000,23,30,35,39,54,68,86,100,150,220,220,83580,119,23,47.60201409639136,2.0331270061433315,3291.8746109935455,7187.101316104331
1781617239,400,GET,/feed/{user_id}?with_fof=true,312.000000,2.200000,23,30,35,40,57,72,92,130,240,1300,1300,41959,64,24,79.72859848281037,2.145495993318036,6977.208591008093,9431.391834886437
1781617239,400,POST,/likes,28.800000,0.000000,23,29,32,35,44,57,68,74,92,92,92,4225,0,21,36.74998214466294,3.169831004925072,2949.7804889979307,180.37562130177514
1781617239,400,POST,/posts,41.300000,0.000000,25,31,36,39,52,62,72,78,100,100,100,6251,0,23,33.898980661744815,3.3568170038051903,2817.1827510232106,227.94768836986083
1781617239,400,GET,/timeline/{user_id},395.400000,3.200000,23,29,35,40,57,71,90,120,260,1300,1300,51558,81,24,75.90725678048402,1.936232001753524,7882.200510997791,5386.324799255208
1781617239,400,GET,/users/{user_id},155.200000,0.900000,23,28,34,38,54,70,85,96,140,140,140,20865,28,22,46.28925144474407,1.7064069979824126,3036.4231310086325,269.93999520728494
1781617239,400,,Aggregated,1548.300000,10.000000,23,29,35,39,55,70,87,110,220,1300,1300,208438,292,23,60.30825176348476,1.7064069979824126,7882.200510997791,6150.30425354302
1781617240,400,GET,/feed/{user_id},650.300000,2.600000,24,30,35,39,52,65,79,89,140,160,160,84263,119,23,47.457980240911844,2.0331270061433315,3291.8746109935455,7187.34776829688
1781617240,400,GET,/feed/{user_id}?with_fof=true,329.900000,1.500000,24,30,36,39,54,70,85,120,220,250,250,42309,64,24,79.32519625494093,2.145495993318036,6977.208591008093,9431.235032735352
1781617240,400,POST,/likes,30.800000,0.000000,24,29,32,35,44,54,64,71,86,86,86,4255,0,21,36.686644915686415,3.169831004925072,2949.7804889979307,180.37485311398356
1781617240,400,POST,/posts,45.400000,0.000000,26,31,35,37,50,58,72,78,100,100,100,6301,0,23,33.84994559855477,3.3568170038051903,2817.1827510232106,227.94683383589907
1781617240,400,GET,/timeline/{user_id},413.000000,1.500000,24,30,35,39,54,68,84,100,220,260,260,51958,81,24,75.55053860050313,1.936232001753524,7882.200510997791,5386.9850841063935
1781617240,400,GET,/users/{user_id},163.300000,0.400000,23,29,33,37,52,65,79,88,140,140,140,21034,28,23,46.15523781095384,1.7064069979824126,3036.4231310086325,269.9465627079966
1781617240,400,,Aggregated,1632.700000,6.000000,24,30,35,39,53,67,81,94,200,260,260,210120,292,23,60.06470519438223,1.7064069979824126,7882.200510997791,6150.9252950694845
1781617241,400,GET,/feed/{user_id},676.400000,1.400000,24,31,36,40,55,67,79,88,140,160,160,84933,119,23,47.337351451728814,2.0331270061433315,3291.8746109935455,7188.062555190562
1781617241,400,GET,/feed/{user_id}?with_fof=true,344.700000,1.000000,24,31,37,41,57,71,84,110,210,250,250,42645,64,24,78.9625749726669,2.145495993318036,6977.208591008093,9430.78646969164
1781617241,400,POST,/likes,31.500000,0.000000,24,29,33,36,47,61,68,74,86,86,86,4285,0,21,36.66048835643922,3.169831004925072,2949.7804889979307,180.37176196032672
1781617241,400,POST,/posts,46.700000,0.000000,26,32,36,39,52,63,72,78,100,100,100,6352,0,23,33.856129013445994,3.3568170038051903,2817.1827510232106,227.9456863979849
1781617241,400,GET,/timeline/{user_id},424.300000,1.000000,24,30,36,41,57,69,84,98,220,260,260,52426,81,24,75.17821865294111,1.936232001753524,7882.200510997791,5386.33859153855
1781617241,400,GET,/users/{user_id},172.000000,0.400000,24,29,34,38,54,68,80,88,140,140,140,21181,28,23,46.037367950933486,1.7064069979824126,3036.4231310086325,269.94919975449693
1781617241,400,,Aggregated,1695.600000,3.800000,24,31,36,40,55,68,81,92,190,260,260,211822,292,23,59.844668572328025,1.7064069979824126,7882.200510997791,6151.402550254459
1781617242,400,GET,/feed/{user_id},684.400000,0.000000,24,31,36,39,54,67,79,90,120,160,160,85666,119,23,47.163717889178315,2.0331270061433315,3291.8746109935455,7188.720834403381
1781617242,400,GET,/feed/{user_id}?with_fof=true,348.600000,0.000000,25,32,37,41,58,71,85,110,210,250,250,42982,64,24,78.56543374516247,2.145495993318036,6977.208591008093,9431.762924014703
1781617242,400,POST,/likes,31.400000,0.000000,24,29,33,36,46,61,68,74,86,86,86,4316,0,21,36.55126634135021,3.169831004925072,2949.7804889979307,180.3709453197405
1781617242,400,POST,/posts,47.800000,0.000000,26,31,35,37,50,62,72,78,100,100,100,6406,0,23,33.78382112805781,3.3568170038051903,2817.1827510232106,227.9442709959413
1781617242,400,GET,/timeline/{user_id},425.100000,0.000000,24,31,36,40,57,70,85,98,240,270,270,52854,81,24,74.80898582212087,1.936232001753524,7882.200510997791,5386.592727135127
1781617242,400,GET,/users/{user_id},173.600000,0.000000,24,29,34,38,54,68,81,90,140,140,140,21335,28,23,45.90370500397953,1.7064069979824126,3036.4231310086325,269.951722521678
1781617242,400,,Aggregated,1710.900000,0.000000,24,31,36,39,55,68,82,93,180,260,270,213559,292,23,59.58405235324603,1.7064069979824126,7882.200510997791,6152.5202730861265
1781617243,400,GET,/feed/{user_id},689.500000,0.000000,25,31,36,39,54,65,77,87,110,130,130,86353,119,23,47.02403180932145,2.0331270061433315,3291.8746109935455,7188.174400426158
1781617243,400,GET,/feed/{user_id}?with_fof=true,351.400000,0.000000,25,31,37,41,58,70,81,93,180,210,210,43327,64,24,78.19663718562717,2.145495993318036,6977.208591008093,9431.70745724375
1781617243,400,POST,/likes,31.700000,0.000000,25,29,33,35,46,61,74,78,86,86,86,4351,0,21,36.49125114853916,3.169831004925072,2949.7804889979307,180.36865088485405
1781617243,400,POST,/posts,46.300000,0.000000,26,31,35,36,51,62,71,78,82,82,82,6444,0,23,33.75995088426952,3.3568170038051903,2817.1827510232106,227.94242706393544
1781617243,400,GET,/timeline/{user_id},424.300000,0.000000,25,31,36,40,58,70,85,98,210,270,270,53292,81,24,74.44325482356284,1.936232001753524,7882.200510997791,5385.843297305411
1781617243,400,GET,/users/{user_id},173.800000,0.000000,24,29,34,38,54,66,78,88,110,140,140,21497,28,23,45.79323491588977,1.7064069979824126,3036.4231310086325,269.9596687909941
1781617243,400,,Aggregated,1717.000000,0.000000,25,31,36,39,55,68,80,90,180,260,270,215264,292,23,59.353452423358306,1.7064069979824126,7882.200510997791,6152.665294707894
1781617244,400,GET,/feed/{user_id},687.800000,0.000000,25,31,35,39,54,65,77,87,110,130,130,87025,119,23,46.85688337694019,2.0331270061433315,3291.8746109935455,7188.44918126975
1781617244,400,GET,/feed/{user_id}?with_fof=true,344.300000,0.000000,24,31,36,40,57,70,81,93,180,230,230,43697,64,24,77.74307907544846,2.145495993318036,6977.208591008093,9431.774790031352
1781617244,400,POST,/likes,31.600000,0.000000,25,29,33,35,47,61,74,78,86,86,86,4386,0,21,36.409882961299026,3.169831004925072,2949.7804889979307,180.36935704514363
1781617244,400,POST,/posts,48.000000,0.000000,25,30,34,36,50,62,71,78,82,82,82,6480,0,23,33.69428713259468,3.3568170038051903,2817.1827510232106,227.94043209876543
1781617244,400,GET,/timeline/{user_id},429.500000,0.000000,25,31,36,40,57,69,84,98,210,270,270,53734,81,24,74.05611625420606,1.936232001753524,7882.200510997791,5384.406502400715
1781617244,400,GET,/users/{user_id},169.100000,0.000000,24,29,33,38,54,66,78,89,120,140,140,21665,28,23,45.61559597026037,1.7064069979824126,3036.4231310086325,269.96732056312027
1781617244,400,,Aggregated,1710.300000,0.000000,25,30,35,39,55,67,80,91,190,260,270,216987,292,23,59.08411825143837,1.7064069979824126,7882.200510997791,6153.169305073576
1781617245,400,GET,/feed/{user_id},689.700000,0.000000,24,30,34,38,55,66,78,88,110,130,130,87746,119,23,46.67816265030104,2.0331270061433315,3291.8746109935455,7188.173124700841
1781617245,400,GET,/feed/{user_id}?with_fof=true,346.000000,0.000000,24,30,35,40,58,71,84,96,180,230,230,44017,64,24,77.36750711718031,2.145495993318036,6977.208591008093,9430.774473498876
1781617245,400,POST,/likes,32.300000,0.000000,23,28,32,34,47,61,74,78,86,86,86,4423,0,21,36.29215771813179,3.169831004925072,2949.7804889979307,180.36807596653856
1781617245,400,POST,/posts,48.600000,0.000000,25,30,34,36,49,60,71,78,82,82,82,6538,0,23,33.621610361446265,3.3568170038051903,2817.1827510232106,227.9397369226063
1781617245,400,GET,/timeline/{user_id},427.500000,0.000000,24,30,35,40,58,71,88,100,210,270,270,54205,81,24,73.65845114874348,1.936232001753524,7882.200510997791,5383.118955815884
1781617245,400,GET,/users/{user_id},167.600000,0.000000,23,29,33,37,56,69,81,91,130,140,140,21842,28,23,45.45778596972431,1.7064069979824126,3036.4231310086325,269.96946250343376
1781617245,400,,Aggregated,1711.700000,0.000000,24,30,34,39,56,68,81,92,180,260,270,218771,292,23,58.815799299217595,1.7064069979824126,7882.200510997791,6151.750062851109
1781617246,400,GET,/feed/{user_id},689.700000,0.000000,24,30,35,39,57,67,78,86,110,130,130,88410,119,23,46.57386638803426,2.0331270061433315,3291.8746109935455,7188.744655581948
1781617246,400,GET,/feed/{user_id}?with_fof=true,346.000000,0.000000,24,30,35,40,57,69,80,93,180,230,230,44378,64,24,76.99742422129613,2.145495993318036,6977.208591008093,9431.810987426203
1781617246,400,POST,/likes,32.400000,0.000000,24,29,33,36,51,62,74,78,82,82,82,4462,0,21,36.276762076288904,3.169831004925072,2949.7804889979307,180.3673240699238
1781617246,400,POST,/posts,48.000000,0.000000,25,30,34,36,49,59,67,72,82,82,82,6604,0,23,33.57237200091592,3.3568170038051903,2817.1827510232106,227.93837068443366
1781617246,400,GET,/timeline/{user_id},428.000000,0.000000,24,30,35,41,57,70,87,100,210,270,270,54626,81,24,73.34389619378369,1.936232001753524,7882.200510997791,5384.750869549299
1781617246,400,GET,/users/{user_id},166.800000,0.000000,23,29,33,38,56,69,82,91,130,140,140,21999,28,23,45.372141827827065,1.7064069979824126,3036.4231310086325,269.9701804627483
1781617246,400,,Aggregated,1710.900000,0.000000,24,30,35,39,57,68,80,92,180,260,270,220479,292,23,58.61234629188879,1.7064069979824126,7882.200510997791,6152.596855029277
1781617247,400,GET,/feed/{user_id},686.500000,0.000000,24,30,35,39,56,67,78,86,110,130,130,89103,119,23,46.40142735775628,2.0331270061433315,3291.8746109935455,7186.879633682368
1781617247,400,GET,/feed/{user_id}?with_fof=true,347.300000,0.000000,23,30,35,40,57,68,79,92,180,230,230,44760,64,24,76.54449021138596,2.145495993318036,6977.208591008093,9431.07517873101
1781617247,400,POST,/likes,32.800000,0.000000,23,29,33,36,51,61,74,77,80,80,80,4498,0,21,36.16674741962226,3.169831004925072,2949.7804889979307,180.36571809693197
1781617247,400,POST,/posts,47.500000,0.000000,24,30,33,36,49,59,67,72,82,82,82,6653,0,23,33.50372112987163,3.3568170038051903,2817.1827510232106,227.93777243348865
1781617247,400,GET,/timeline/{user_id},429.500000,0.000000,23,30,35,40,57,70,86,100,210,270,270,55089,81,24,72.93214036647325,1.936232001753524,7882.200510997791,5384.525077601699
1781617247,400,GET,/users/{user_id},164.900000,0.000000,23,29,33,37,56,68,80,91,120,130,130,22162,28,23,45.210377805809394,1.7064069979824126,3036.4231310086325,269.97486688926995
1781617247,400,,Aggregated,1708.500000,0.000000,24,30,35,39,56,68,80,90,180,260,270,222265,292,23,58.33544248474288,1.7064069979824126,7882.200510997791,6152.324931950599
1781617248,400,GET,/feed/{user_id},686.700000,0.000000,24,30,35,38,53,64,77,85,110,130,130,89793,119,23,46.26131181878283,2.0331270061433315,3291.8746109935455,7187.426068847238
1781617248,400,GET,/feed/{user_id}?with_fof=true,345.400000,0.000000,23,30,35,39,54,65,79,93,200,280,280,45113,64,24,76.1826085032429,2.145495993318036,6977.208591008093,9431.325427260435
1781617248,400,POST,/likes,33.300000,0.000000,23,29,33,36,50,59,68,77,80,80,80,4540,0,21,36.077759336439904,3.169831004925072,2949.7804889979307,180.36387665198237
1781617248,400,POST,/posts,49.400000,0.000000,25,30,33,35,47,56,64,70,78,78,78,6698,0,23,33.481452134524936,3.3568170038051903,2817.1827510232106,227.93789190803224
1781617248,400,GET,/timeline/{user_id},431.900000,0.000000,23,30,35,40,55,67,84,98,210,270,270,55536,81,24,72.57224226550035,1.936232001753524,7882.200510997791,5383.759237251513
1781617248,400,GET,/users/{user_id},165.800000,0.000000,23,29,33,37,54,65,77,86,120,130,130,22318,28,23,45.084319542543135,1.7064069979824126,3036.4231310086325,269.97867192400753
1781617248,400,,Aggregated,1712.500000,0.000000,23,30,35,39,54,65,78,89,190,270,280,223998,292,23,58.104910192692,1.7064069979824126,7882.200510997791,6152.819891249029
1781617249,400,GET,/feed/{user_id},683.600000,0.000000,24,31,35,40,55,66,80,88,120,130,130,90423,119,23,46.156365058431014,2.0331270061433315,3291.8746109935455,7187.982460214768
1781617249,400,GET,/feed/{user_id}?with_fof=true,345.300000,0.000000,23,30,35,41,57,68,84,100,200,280,280,45471,64,24,75.83635199729176,2.145495993318036,6977.208591008093,9431.94414022124
1781617249,400,POST,/likes,34.000000,0.000000,23,29,33,37,51,62,74,78,85,85,85,4569,0,21,36.026046278499564,3.169831004925072,2949.7804889979307,180.36244254760342
1781617249,400,POST,/posts,49.700000,0.000000,25,31,34,36,49,58,69,72,85,85,85,6749,0,23,33.472912762020535,3.3568170038051903,2817.1827510232106,227.93762038820566
1781617249,400,GET,/timeline/{user_id},432.600000,0.000000,24,31,36,41,57,69,88,100,230,270,270,55969,81,24,72.25524690553166,1.936232001753524,7882.200510997791,5383.287784309171
1781617249,400,GET,/users/{user_id},163.000000,0.000000,23,29,34,39,56,68,82,93,130,140,140,22499,28,23,44.97432410634818,1.7064069979824126,3036.4231310086325,269.9900884483755
1781617249,400,,Aggregated,1708.200000,0.000000,24,30,35,40,56,67,82,93,190,270,280,225680,292,23,57.906747098321425,1.7064069979824126,7882.200510997791,6152.840473236441
1781617250,400,GET,/feed/{user_id},683.200000,0.000000,23,30,34,38,55,66,80,88,120,130,130,91167,119,23,45.96295734009528,2.0331270061433315,3291.8746109935455,7189.470554038194
1781617250,400,GET,/feed/{user_id}?with_fof=true,346.400000,0.000000,22,30,34,39,57,69,85,100,200,280,280,45816,64,24,75.43880099344638,2.145495993318036,6977.208591008093,9432.400144054478
1781617250,400,POST,/likes,33.900000,0.000000,22,29,33,36,53,62,74,78,85,85,85,4596,0,21,35.94604622398975,3.169831004925072,2949.7804889979307,180.36270670147954
1781617250,400,POST,/posts,48.000000,0.000000,24,29,34,36,49,58,69,72,85,85,85,6796,0,23,33.380720235549084,3.3568170038051903,2817.1827510232106,227.93569746909947
1781617250,400,GET,/timeline/{user_id},434.400000,0.000000,23,30,35,40,56,69,88,100,230,270,270,56390,81,23,71.88784424561469,1.936232001753524,7882.200510997791,5383.364568185849
1781617250,400,GET,/users/{user_id},162.400000,0.000000,23,29,33,38,56,68,84,94,130,140,140,22681,28,23,44.794837387944156,1.7064069979824126,3036.4231310086325,269.9887571094749
1781617250,400,,Aggregated,1708.300000,0.000000,23,30,34,38,56,67,82,94,190,270,280,227446,292,23,57.63310713361708,1.7064069979824126,7882.200510997791,6153.8424417224305
1781617251,400,GET,/feed/{user_id},684.900000,0.000000,23,30,34,38,55,67,81,89,120,130,130,91835,119,23,45.8511211726969,2.0331270061433315,3291.8746109935455,7190.025208253934
1781617251,400,GET,/feed/{user_id}?with_fof=true,350.600000,0.000000,22,29,34,39,57,70,86,100,200,280,280,46138,64,24,75.1334672070709,2.145495993318036,6977.208591008093,9431.330248385279
1781617251,400,POST,/likes,35.000000,0.000000,22,28,33,36,55,61,74,78,88,88,88,4635,0,22,35.90392818547104,3.169831004925072,2949.7804889979307,180.36289104638618
1781617251,400,POST,/posts,47.800000,0.000000,24,29,34,36,47,56,67,72,85,85,85,6851,0,23,33.349289209403494,3.3568170038051903,2817.1827510232106,227.93460808641075
1781617251,400,GET,/timeline/{user_id},437.300000,0.000000,23,30,34,39,56,68,88,110,230,270,270,56835,81,24,71.57318560218887,1.936232001753524,7882.200510997791,5383.376810064221
1781617251,400,GET,/users/{user_id},161.600000,0.000000,23,29,33,38,56,67,84,93,130,140,140,22864,28,23,44.666446951234235,1.7064069979824126,3036.4231310086325,269.98910951714487
1781617251,400,,Aggregated,1717.200000,0.000000,23,29,34,38,56,67,83,94,190,270,280,229158,292,23,57.433089646450064,1.7064069979824126,7882.200510997791,6152.844299566238
1781617252,400,GET,/feed/{user_id},683.400000,0.000000,24,31,36,41,57,68,82,89,120,130,130,92524,119,23,45.775331894227506,2.0331270061433315,3291.8746109935455,7188.758581557217
1781617252,400,GET,/feed/{user_id}?with_fof=true,347.500000,0.000000,23,31,36,41,57,70,88,100,220,280,280,46479,64,24,74.84068502906493,2.145495993318036,6977.208591008093,9428.839432862153
1781617252,400,POST,/likes,34.000000,0.000000,23,29,35,41,59,63,74,78,88,88,88,4668,0,22,35.90075148234071,3.169831004925072,2949.7804889979307,180.36332476435305
1781617252,400,POST,/posts,48.400000,0.000000,24,30,35,38,49,56,67,72,85,85,85,6902,0,23,33.34143265224516,3.3568170038051903,2817.1827510232106,227.93480150680963
1781617252,400,GET,/timeline/{user_id},440.400000,0.000000,24,31,36,41,57,69,86,100,220,260,260,57255,81,24,71.30432369720619,1.936232001753524,7882.200510997791,5382.842179722295
1781617252,400,GET,/users/{user_id},161.200000,0.000000,23,30,36,41,57,67,82,92,140,160,160,23022,28,23,44.59784955533519,1.7064069979824126,3036.4231310086325,269.99261575883935
1781617252,400,,Aggregated,1714.900000,0.000000,24,31,36,41,57,68,84,94,190,260,280,230850,292,23,57.270110589037515,1.7064069979824126,7882.200510997791,6152.052276369937
1781617253,400,GET,/feed/{user_id},682.600000,0.000000,23,30,34,38,53,66,80,87,120,130,130,93239,119,23,45.58861800218912,2.0331270061433315,3291.8746109935455,7187.950235416511
1781617253,400,GET,/feed/{user_id}?with_fof=true,345.000000,0.000000,23,30,34,38,53,67,84,100,230,280,280,46848,64,24,74.42588643250222,2.145495993318036,6977.208591008093,9427.638042178962
1781617253,400,POST,/likes,33.900000,0.000000,23,29,33,37,56,61,67,74,88,88,88,4706,0,22,35.77952158234839,3.169831004925072,2949.7804889979307,180.36166595835104
1781617253,400,POST,/posts,48.800000,0.000000,24,30,34,36,47,55,66,71,85,85,85,6959,0,23,33.26440437733159,3.3568170038051903,2817.1827510232106,227.93461704267855
1781617253,400,GET,/timeline/{user_id},438.800000,0.000000,23,29,34,38,54,67,84,98,220,260,260,57681,81,24,70.93320513298663,1.936232001753524,7882.200510997791,5383.737175152996
1781617253,400,GET,/users/{user_id},161.700000,0.000000,23,29,34,38,54,65,81,91,140,160,160,23183,28,23,44.43531575956647,1.7064069979824126,3036.4231310086325,270.0007764310055
1781617253,400,,Aggregated,1710.800000,0.000000,23,29,34,38,53,66,81,91,190,260,280,232616,292,23,56.998867793506285,1.7064069979824126,7882.200510997791,6152.186564982632
1781617254,400,GET,/feed/{user_id},684.300000,0.000000,24,30,35,39,54,67,80,86,120,130,130,93895,119,23,45.495325324433765,2.0331270061433315,3291.8746109935455,7187.919814686618
1781617254,400,GET,/feed/{user_id}?with_fof=true,347.800000,0.000000,23,30,34,39,53,67,82,100,230,280,280,47167,64,24,74.13764860326206,2.145495993318036,6977.208591008093,9428.54540250599
1781617254,400,POST,/likes,35.100000,0.000000,23,29,34,38,56,63,70,74,88,88,88,4731,0,22,35.77983289631817,3.169831004925072,2949.7804889979307,180.3582752060875
1781617254,400,POST,/posts,49.100000,0.000000,24,30,34,36,47,55,67,71,85,85,85,7016,0,23,33.22074772831507,3.3568170038051903,2817.1827510232106,227.9331527936146
1781617254,400,GET,/timeline/{user_id},436.300000,0.000000,24,30,34,38,54,67,82,92,220,260,260,58126,81,24,70.63702791211419,1.936232001753524,7882.200510997791,5382.838299556137
1781617254,400,GET,/users/{user_id},167.400000,0.000000,23,29,34,38,55,65,79,85,140,160,160,23387,28,23,44.32157573434789,1.7064069979824126,3036.4231310086325,270.0077393423697
1781617254,400,,Aggregated,1720.000000,0.000000,24,30,34,38,54,66,81,88,190,260,280,234322,292,23,56.816610367873814,1.7064069979824126,7882.200510997791,6150.834817046628
1781617255,400,GET,/feed/{user_id},679.100000,0.000000,24,31,36,40,56,68,81,86,120,130,130,94547,119,23,45.370474517512655,2.0331270061433315,3291.8746109935455,7186.968195712186
1781617255,400,GET,/feed/{user_id}?with_fof=true,346.200000,0.000000,24,30,35,41,56,68,82,100,230,280,280,47522,64,24,73.80998381566874,2.145495993318036,6977.208591008093,9427.495854551576
1781617255,400,POST,/likes,35.200000,0.000000,24,30,34,39,56,62,70,74,88,88,88,4772,0,22,35.6880998773085,3.169831004925072,2949.7804889979307,180.3572925398156
1781617255,400,POST,/posts,49.800000,0.000000,25,30,35,37,48,56,68,72,85,85,85,7059,0,23,33.17665846506028,3.3568170038051903,2817.1827510232106,227.93313500495822
1781617255,400,GET,/timeline/{user_id},434.700000,0.000000,24,30,35,40,57,69,82,92,220,260,260,58559,81,24,70.33716217784522,1.936232001753524,7882.200510997791,5382.296948376851
1781617255,400,GET,/users/{user_id},166.200000,0.000000,24,30,35,39,57,67,80,87,140,160,160,23576,28,23,44.18421480286353,1.7064069979824126,3036.4231310086325,270.0104767560231
1781617255,400,,Aggregated,1711.200000,0.000000,24,30,35,40,56,68,81,88,200,260,280,236035,292,23,56.611514724425085,1.7064069979824126,7882.200510997791,6149.668816065414
1781617256,400,GET,/feed/{user_id},679.900000,0.000000,23,30,35,38,53,64,78,85,120,130,130,95225,119,23,45.22811357107462,2.0331270061433315,3291.8746109935455,7187.723822525597
1781617256,400,GET,/feed/{user_id}?with_fof=true,347.100000,0.000000,23,30,34,39,53,66,83,100,230,280,280,47878,64,24,73.45232264614813,2.145495993318036,6977.208591008093,9427.873950457413
1781617256,400,POST,/likes,34.800000,0.000000,23,29,33,35,52,60,66,72,88,88,88,4806,0,22,35.60066890502146,3.169831004925072,2949.7804889979307,180.35746982937994
1781617256,400,POST,/posts,51.600000,0.000000,24,30,35,37,46,54,67,71,85,85,85,7118,0,23,33.11107813219692,3.3568170038051903,2817.1827510232106,227.93101994942398
1781617256,400,GET,/timeline/{user_id},435.200000,0.000000,23,30,34,38,53,65,78,90,220,260,260,59038,81,24,69.97011488132298,1.936232001753524,7882.200510997791,5381.771249026051
1781617256,400,GET,/users/{user_id},168.800000,0.000000,23,29,34,38,52,63,74,83,140,160,160,23759,28,23,44.0289279118008,1.7064069979824126,3036.4231310086325,270.0129635085652
1781617256,400,,Aggregated,1717.400000,0.000000,23,30,34,38,53,64,78,87,210,260,280,237824,292,23,56.37512542039688,1.7064069979824126,7882.200510997791,6149.388665567815
1781617257,400,GET,/feed/{user_id},682.300000,0.000000,24,30,35,39,54,66,79,86,120,130,130,95934,119,23,45.11440375429562,2.0331270061433315,3291.8746109935455,7187.125273625617
1781617257,400,GET,/feed/{user_id}?with_fof=true,344.300000,0.000000,23,30,35,39,55,67,85,100,220,260,260,48206,64,24,73.15116439063834,2.145495993318036,6977.208591008093,9429.398435879351
1781617257,400,POST,/likes,34.300000,0.000000,23,29,33,36,52,59,67,72,88,88,88,4845,0,22,35.522616813939656,3.169831004925072,2949.7804889979307,180.3560371517028
1781617257,400,POST,/posts,53.100000,0.000000,24,30,34,37,47,54,67,74,85,85,85,7169,0,23,33.07674073329824,3.3568170038051903,2817.1827510232106,227.93067373413308
1781617257,400,GET,/timeline/{user_id},432.800000,0.000000,24,29,34,38,54,67,80,89,220,260,260,59460,81,24,69.67769750022447,1.936232001753524,7882.200510997791,5381.580373360242
1781617257,400,GET,/users/{user_id},171.000000,0.000000,23,29,34,38,52,62,76,87,140,160,160,23942,28,23,43.896010934105405,1.7064069979824126,3036.4231310086325,270.01808537298473
1781617257,400,,Aggregated,1717.800000,0.000000,24,30,34,38,53,65,79,88,210,260,260,239556,292,23,56.17708869870946,1.7064069979824126,7882.200510997791,6148.894868005811
1781617258,400,GET,/feed/{user_id},675.400000,0.000000,24,30,35,39,54,66,79,86,120,130,130,96601,119,23,44.977900122797145,2.0331270061433315,3291.8746109935455,7185.569497210174
1781617258,400,GET,/feed/{user_id}?with_fof=true,349.200000,0.000000,24,30,35,39,55,67,84,100,220,260,260,48557,64,24,72.80758546945094,2.145495993318036,6977.208591008093,9429.653500010298
1781617258,400,POST,/likes,34.500000,0.000000,23,29,33,37,54,59,67,72,88,88,88,4883,0,22,35.42283335991967,3.169831004925072,2949.7804889979307,180.35367601884087
1781617258,400,POST,/posts,51.100000,0.000000,25,30,35,37,47,55,67,74,85,85,85,7214,0,23,33.03784003506782,3.3568170038051903,2817.1827510232106,227.92999722761297
1781617258,400,GET,/timeline/{user_id},430.900000,0.000000,24,30,35,39,54,67,80,89,220,260,260,59872,81,24,69.3770215824024,1.936232001753524,7882.200510997791,5382.0019541688935
1781617258,400,GET,/users/{user_id},172.600000,0.000000,23,29,34,38,52,62,74,87,140,160,160,24132,28,23,43.732282049119,1.7064069979824126,3036.4231310086325,270.02237692690204
1781617258,400,,Aggregated,1713.700000,0.000000,24,30,35,39,54,66,79,88,190,260,260,241259,292,23,55.959036542897536,1.7064069979824126,7882.200510997791,6148.0866579070625
1781617259,400,GET,/feed/{user_id},677.100000,0.000000,24,30,34,39,52,64,76,84,100,130,130,97337,119,23,44.83705183498386,2.0331270061433315,3291.8746109935455,7185.471187729229
1781617259,400,GET,/feed/{user_id}?with_fof=true,346.200000,0.000000,24,30,34,38,52,64,79,90,220,260,260,48851,64,24,72.54195161753178,2.145495993318036,6977.208591008093,9430.992958178953
1781617259,400,POST,/likes,34.400000,0.000000,23,29,32,34,52,59,64,70,88,88,88,4906,0,22,35.35164008469936,3.169831004925072,2949.7804889979307,180.35222176926212
1781617259,400,POST,/posts,51.000000,0.000000,24,29,34,36,44,51,59,68,85,85,85,7260,0,23,32.96866368181435,3.3568170038051903,2817.1827510232106,227.9301652892562
1781617259,400,GET,/timeline/{user_id},437.200000,0.000000,24,30,35,39,53,65,77,88,220,240,240,60354,81,24,69.05881529187445,1.936232001753524,7882.200510997791,5382.302399178182
1781617259,400,GET,/users/{user_id},175.100000,0.000000,23,29,34,38,50,60,72,80,94,160,160,24297,28,23,43.618358636803364,1.7064069979824126,3036.4231310086325,270.02909824258137
1781617259,400,,Aggregated,1721.000000,0.000000,24,30,34,38,52,63,76,85,190,250,260,243005,292,23,55.75444799670659,1.7064069979824126,7882.200510997791,6148.308071850373
1781617260,400,GET,/feed/{user_id},678.900000,0.000000,24,30,35,39,53,64,76,84,110,130,130,97996,119,23,44.731926816159444,2.0331270061433315,3291.8746109935455,7185.290083268705
1781617260,400,GET,/feed/{user_id}?with_fof=true,342.500000,0.000000,24,31,35,39,53,65,81,92,220,260,260,49196,64,24,72.24567158232459,2.145495993318036,6977.208591008093,9432.545450849662
1781617260,400,POST,/likes,34.900000,0.000000,23,29,32,35,49,58,64,70,88,88,88,4936,0,22,35.28893122658975,3.169831004925072,2949.7804889979307,180.35109400324149
1781617260,400,POST,/posts,51.300000,0.000000,24,30,35,37,47,54,61,68,85,85,85,7314,0,23,32.94010766475898,3.3568170038051903,2817.1827510232106,227.92876674870112
1781617260,400,GET,/timeline/{user_id},433.300000,0.000000,24,30,35,40,53,64,77,88,220,240,240,60804,81,24,68.77775619790019,1.936232001753524,7882.200510997791,5383.0504243141895
1781617260,400,GET,/users/{user_id},176.800000,0.000000,23,30,35,38,50,60,73,81,98,160,160,24484,28,23,43.51212514387095,1.7064069979824126,3036.4231310086325,270.03622774056527
1781617260,400,,Aggregated,1717.700000,0.000000,24,30,35,39,52,63,76,85,200,250,260,244730,292,23,55.57214739228799,1.7064069979824126,7882.200510997791,6148.216573366567
1781617261,400,GET,/feed/{user_id},677.600000,0.000000,23,29,34,37,51,62,75,83,110,130,130,98702,119,23,44.5641960873877,2.0331270061433315,3291.8746109935455,7185.408948146947
1781617261,400,GET,/feed/{user_id}?with_fof=true,338.800000,0.000000,23,29,34,37,51,63,80,91,220,260,260,49575,64,24,71.85879989497279,2.145495993318036,6977.208591008093,9432.610287443267
1781617261,400,POST,/likes,33.700000,0.000000,22,28,31,34,45,54,59,67,78,78,78,4970,0,22,35.19297151538095,3.169831004925072,2949.7804889979307,180.34788732394367
1781617261,400,POST,/posts,51.200000,0.000000,23,28,32,35,44,52,59,67,85,85,85,7367,0,23,32.85891756359459,3.3568170038051903,2817.1827510232106,227.92683588977874
1781617261,400,GET,/timeline/{user_id},432.700000,0.000000,23,29,34,38,51,64,76,87,220,240,240,61259,81,23,68.42188001367074,1.936232001753524,7882.200510997791,5384.066716727338
1781617261,400,GET,/users/{user_id},179.700000,0.000000,22,28,33,37,48,60,73,80,98,160,160,24667,28,23,43.34087144377831,1.7064069979824126,3036.4231310086325,270.0391616329509
1781617261,400,,Aggregated,1713.700000,0.000000,23,29,34,37,50,62,75,84,190,250,260,246540,292,23,55.319628558425556,1.7064069979824126,7882.200510997791,6148.6775127768315
1781617262,400,GET,/feed/{user_id},683.800000,0.000000,23,29,34,37,50,61,74,81,98,120,120,99396,119,23,44.46782083355135,2.0331270061433315,3291.8746109935455,7185.198217232081
1781617262,400,GET,/feed/{user_id}?with_fof=true,336.100000,0.000000,23,30,34,37,51,63,79,87,180,260,260,49924,64,24,71.58270049347063,2.145495993318036,6977.208591008093,9433.627213364314
1781617262,400,POST,/likes,33.500000,0.000000,22,28,31,33,43,49,56,61,72,72,72,5001,0,22,35.134547311211406,3.169831004925072,2949.7804889979307,180.34813037392522
1781617262,400,POST,/posts,50.900000,0.000000,23,29,33,36,44,52,62,72,85,85,85,7409,0,23,32.8560342017734,3.3568170038051903,2817.1827510232106,227.92657578620597
1781617262,400,GET,/timeline/{user_id},433.600000,0.000000,23,29,34,38,51,63,75,86,220,240,240,61674,81,24,68.1718593015745,1.936232001753524,7882.200510997791,5384.151214450174
1781617262,400,GET,/users/{user_id},178.300000,0.000000,23,29,34,37,49,58,72,80,94,98,98,24849,28,23,43.23948088904245,1.7064069979824126,3036.4231310086325,270.043140569037
1781617262,400,,Aggregated,1716.200000,0.000000,23,29,34,37,50,61,74,83,180,240,260,248253,292,23,55.15198446217835,1.7064069979824126,7882.200510997791,6148.998964765783
1781617263,400,GET,/feed/{user_id},679.900000,0.000000,23,30,35,39,52,63,75,82,98,120,120,100065,119,23,44.346748593579186,2.0331270061433315,3291.8746109935455,7183.511997201819
1781617263,400,GET,/feed/{user_id}?with_fof=true,337.800000,0.000000,23,30,35,38,53,65,80,91,180,260,260,50261,64,24,71.27917257438813,2.145495993318036,6977.208591008093,9432.818467599132
1781617263,400,POST,/likes,33.800000,0.000000,22,28,31,34,45,52,58,61,72,72,72,5038,0,22,35.05526407351421,3.169831004925072,2949.7804889979307,180.34795553791187
1781617263,400,POST,/posts,51.500000,0.000000,23,29,33,36,44,52,62,72,85,85,85,7456,0,23,32.79185513251383,3.3568170038051903,2817.1827510232106,227.9262339055794
1781617263,400,GET,/timeline/{user_id},437.800000,0.000000,23,30,36,40,53,65,80,90,220,240,240,62130,81,24,67.8903286508602,1.936232001753524,7882.200510997791,5384.809158216643
1781617263,400,GET,/users/{user_id},179.500000,0.000000,22,29,35,39,50,61,73,80,94,98,98,25035,28,23,43.11939197138494,1.7064069979824126,3036.4231310086325,270.05124825244656
1781617263,400,,Aggregated,1720.300000,0.000000,23,30,35,39,52,63,76,84,190,240,260,249985,292,23,54.958275417044256,1.7064069979824126,7882.200510997791,6147.760681640899
1781617264,400,GET,/feed/{user_id},677.100000,0.000000,22,29,33,37,50,61,74,82,100,120,120,100744,119,23,44.20919155632854,2.0331270061433315,3291.8746109935455,7183.6725661081555
1781617264,400,GET,/feed/{user_id}?with_fof=true,340.000000,0.000000,22,29,33,37,51,63,78,90,170,220,220,50606,64,24,70.95114295224462,2.145495993318036,6977.208591008093,9432.519444334665
1781617264,400,POST,/likes,32.700000,0.000000,21,26,29,32,42,49,55,58,67,67,67,5077,0,22,34.94537804595372,3.169831004925072,2949.7804889979307,180.3490250147725
1781617264,400,POST,/posts,50.700000,0.000000,23,28,32,35,43,52,61,73,85,85,85,7527,0,23,32.71357891058583,3.3568170038051903,2817.1827510232106,227.92400690846287
1781617264,400,GET,/timeline/{user_id},438.100000,0.000000,23,29,34,38,52,64,80,91,220,240,240,62584,81,23,67.57788941582595,1.936232001753524,7882.200510997791,5385.140579061741
1781617264,400,GET,/users/{user_id},178.200000,0.000000,22,28,33,37,49,58,71,80,94,98,98,25227,28,23,42.96145702171195,1.7064069979824126,3036.4231310086325,270.0570816981805
1781617264,400,,Aggregated,1716.800000,0.000000,22,29,33,37,50,61,75,84,180,230,240,251765,292,23,54.73795179901155,1.7064069979824126,7882.200510997791,6146.690651996902
1781617265,400,GET,/feed/{user_id},680.300000,0.000000,23,30,35,39,50,61,74,82,110,150,150,101387,119,23,44.16208440857346,2.0331270061433315,3291.8746109935455,7184.204454219969
1781617265,400,GET,/feed/{user_id}?with_fof=true,340.700000,0.000000,24,31,35,38,51,63,81,94,180,220,220,50956,64,24,70.73384007821616,2.145495993318036,6977.208591008093,9434.200898814664
1781617265,400,POST,/likes,32.600000,0.000000,21,28,33,35,46,52,62,65,95,95,95,5126,0,22,34.96688700765413,3.169831004925072,2949.7804889979307,180.34841982052282
1781617265,400,POST,/posts,50.400000,0.000000,23,29,34,36,44,53,61,72,85,85,85,7578,0,23,32.71609485880029,3.3568170038051903,2817.1827510232106,227.9241224597519
1781617265,400,GET,/timeline/{user_id},438.400000,0.000000,24,31,36,40,52,64,81,95,200,230,230,63004,81,24,67.38639979097827,1.936232001753524,7882.200510997791,5385.631944003555
1781617265,400,GET,/users/{user_id},181.400000,0.000000,23,29,35,38,49,60,72,81,120,130,130,25386,28,23,42.93301385408137,1.7064069979824126,3036.4231310086325,270.06290868982904
1781617265,400,,Aggregated,1723.800000,0.000000,23,30,35,39,50,62,76,86,180,220,230,253437,292,23,54.62678243006888,1.7064069979824126,7882.200510997791,6147.239452013716
1781617266,400,GET,/feed/{user_id},676.700000,0.000000,23,30,36,40,52,63,75,83,110,150,150,102092,119,23,44.058207839889846,2.0331270061433315,3291.8746109935455,7183.956441249069
1781617266,400,GET,/feed/{user_id}?with_fof=true,339.700000,0.000000,24,31,35,39,52,64,81,94,190,350,350,51315,64,24,70.44684731331091,2.145495993318036,6977.208591008093,9435.816330507649
1781617266,400,POST,/likes,33.000000,0.000000,22,28,33,35,47,55,62,65,95,95,95,5161,0,22,34.91135340015046,3.169831004925072,2949.7804889979307,180.34838209649294
1781617266,400,POST,/posts,49.300000,0.000000,23,28,33,37,46,53,62,72,85,85,85,7625,0,23,32.666607880537384,3.3568170038051903,2817.1827510232106,227.92354098360656
1781617266,400,GET,/timeline/{user_id},440.700000,0.000000,24,31,37,41,54,66,82,96,200,250,250,63411,81,24,67.14285964330844,1.936232001753524,7882.200510997791,5385.46826260428
1781617266,400,GET,/users/{user_id},182.100000,0.000000,23,30,35,39,50,61,72,80,120,130,130,25542,28,23,42.83980166645938,1.7064069979824126,3036.4231310086325,270.0654216584449
1781617266,400,,Aggregated,1721.500000,0.000000,23,30,36,40,52,63,77,87,180,250,350,255146,292,23,54.455256957453464,1.7064069979824126,7882.200510997791,6148.19762018609
1781617267,400,GET,/feed/{user_id},675.500000,0.000000,23,30,35,38,51,61,73,82,110,150,150,102778,119,23,43.916394424356234,2.0331270061433315,3291.8746109935455,7182.42944988227
1781617267,400,GET,/feed/{user_id}?with_fof=true,340.200000,0.000000,23,30,35,38,51,64,81,94,190,350,350,51687,64,24,70.11290394618847,2.145495993318036,6977.208591008093,9435.413295412773
1781617267,400,POST,/likes,34.100000,0.000000,22,28,33,35,46,51,61,63,95,95,95,5192,0,22,34.84665699120545,3.169831004925072,2949.7804889979307,180.34996147919875
1781617267,400,POST,/posts,49.900000,0.000000,23,28,32,36,44,51,60,63,77,77,77,7684,0,23,32.59370027539175,3.3568170038051903,2817.1827510232106,227.92139510671527
1781617267,400,GET,/timeline/{user_id},439.400000,0.000000,23,30,36,40,53,65,82,97,200,250,250,63847,81,24,66.84880822616252,1.936232001753524,7882.200510997791,5386.7472081695305
1781617267,400,GET,/users/{user_id},181.000000,0.000000,22,29,35,38,50,61,72,84,120,130,130,25740,28,23,42.69134047865395,1.7064069979824126,3036.4231310086325,270.06713286713284
1781617267,400,,Aggregated,1720.100000,0.000000,23,30,35,39,51,62,76,88,180,250,350,256928,292,23,54.24052517111387,1.7064069979824126,7882.200510997791,6147.445366016938
1781617268,400,GET,/feed/{user_id},677.200000,0.000000,22,29,34,38,50,60,73,82,110,150,150,103467,119,23,43.79297953135354,2.0331270061433315,3291.8746109935455,7184.019861405086
1781617268,400,GET,/feed/{user_id}?with_fof=true,338.200000,0.000000,23,30,35,38,50,63,81,94,190,350,350,52049,64,24,69.80904231218037,2.145495993318036,6977.208591008093,9436.861207708122
1781617268,400,POST,/likes,35.600000,0.000000,22,28,33,35,46,51,62,66,96,96,96,5232,0,22,34.78873816824967,3.169831004925072,2949.7804889979307,180.34919724770643
1781617268,400,POST,/posts,51.100000,0.000000,23,28,32,35,44,52,61,63,77,77,77,7739,0,23,32.5533734532988,3.3568170038051903,2817.1827510232106,227.92092001550589
1781617268,400,GET,/timeline/{user_id},438.300000,0.000000,23,30,35,39,52,64,82,94,200,250,250,64274,81,24,66.57908757122354,1.936232001753524,7882.200510997791,5386.622304508822
1781617268,400,GET,/users/{user_id},178.600000,0.000000,22,29,35,38,50,60,72,84,120,130,130,25913,28,23,42.56876621894372,1.7064069979824126,3036.4231310086325,270.07282059198087
1781617268,400,,Aggregated,1719.000000,0.000000,23,29,35,38,50,61,75,86,180,250,350,258674,292,23,54.04854374739215,1.7064069979824126,7882.200510997791,6148.332642631266
