Timestamp,User Count,Type,Name,Requests/s,Failures/s,50%,66%,75%,80%,90%,95%,98%,99%,99.9%,99.99%,100%,Total Request Count,Total Failure Count,Total Median Response Time,Total Average Response Time,Total Min Response Time,Total Max Response Time,Total Average Content Size
1781616547,0,,Aggregated,0.000000,0.000000,N/A,N/A,N/A,N/A,N/A,N/A,N/A,N/A,N/A,N/A,N/A,0,0,0,0.0,0,0,0
1781616548,20,GET,/feed/{user_id},0.000000,0.000000,0,0,0,0,0,0,0,0,0,0,0,34,0,4,8.812410529250936,2.3977530072443187,35.276770999189466,10557.617647058823
1781616548,20,GET,/feed/{user_id}?with_fof=true,0.000000,0.000000,0,0,0,0,0,0,0,0,0,0,0,22,0,3,69.71966658867049,2.3256650019902736,271.0215649858583,12092.454545454546
1781616548,20,POST,/likes,0.000000,0.000000,0,0,0,0,0,0,0,0,0,0,0,2,0,5,10.278495989041403,4.50157598243095,16.055415995651856,181.0
1781616548,20,POST,/posts,0.000000,0.000000,0,0,0,0,0,0,0,0,0,0,0,3,0,4.633072996512055,4.321563009095068,3.753315017092973,4.633072996512055,227.66666666666666
1781616548,20,GET,/timeline/{user_id},0.000000,0.000000,0,0,0,0,0,0,0,0,0,0,0,23,0,3,44.47964478142398,2.754507993813604,201.74788899021223,6876.739130434783
1781616548,20,GET,/users/{user_id},0.000000,0.000000,0,0,0,0,0,0,0,0,0,0,0,11,0,6,11.722320000196554,2.3400160134769976,29.39547799178399,261.90909090909093
1781616548,20,,Aggregated,0.000000,0.000000,0,0,0,0,0,0,0,0,0,0,0,95,0,4,31.778459515005938,2.3256650019902736,271.0215649858583,8285.094736842106
1781616549,40,GET,/feed/{user_id},0.000000,0.000000,3,4,9,10,19,27,30,31,31,31,31,106,0,3,7.702759517585191,2.3246839991770685,35.276770999189466,10099.018867924528
1781616549,40,GET,/feed/{user_id}?with_fof=true,0.000000,0.000000,3,4,9,10,130,160,200,200,200,200,200,67,0,3,42.86005261090042,2.2388850047718734,271.0215649858583,12035.388059701492
1781616549,40,POST,/likes,0.000000,0.000000,4,5,5,5,5,5,5,5,5,5,5,7,0,5,5.9240987175144255,3.467296017333865,16.055415995651856,180.0
1781616549,40,POST,/posts,0.000000,0.000000,5,5,5,5,9,9,9,9,9,9,9,9,0,5,4.921759669539622,3.753315017092973,9.35350198415108,227.66666666666666
1781616549,40,GET,/timeline/{user_id},0.000000,0.000000,3,6,12,19,140,140,200,200,200,200,200,70,0,3,29.026052212741757,2.301850006915629,201.74788899021223,7397.471428571429
1781616549,40,GET,/users/{user_id},0.000000,0.000000,3,3,4,4,9,11,13,13,13,13,13,34,0,3,6.131513970424695,1.892145985038951,29.39547799178399,261.20588235294116
1781616549,40,,Aggregated,0.000000,0.000000,3,4,7,10,23,130,150,170,200,200,200,293,0,3,20.526196900099585,1.892145985038951,271.0215649858583,8214.607508532423
1781616550,60,GET,/feed/{user_id},26.000000,0.000000,3,4,4,5,14,24,30,37,37,37,37,217,0,3,6.378372363592734,2.2483390057459474,37.33566802111454,9878.94930875576
1781616550,60,GET,/feed/{user_id}?with_fof=true,19.000000,0.000000,3,4,9,10,110,140,160,170,200,200,200,131,0,3,30.256001427387535,2.2123249946162105,271.0215649858583,11935.763358778626
1781616550,60,POST,/likes,2.000000,0.000000,4,5,5,24,27,31,31,31,31,31,31,17,0,5,8.873229175258208,3.3785529958549887,31.273672997485846,180.35294117647058
1781616550,60,POST,/posts,3.000000,0.000000,5,5,6,6,9,26,26,26,26,26,26,23,0,5,5.6919866512306845,3.704392001964152,25.946579000446945,227.82608695652175
1781616550,60,GET,/timeline/{user_id},21.000000,0.000000,3,4,5,11,31,140,140,150,200,200,200,147,0,3,20.381364079475794,2.0372930157463998,201.74788899021223,7601.877551020408
1781616550,60,GET,/users/{user_id},9.000000,0.000000,3,4,4,5,13,25,34,34,34,34,34,57,0,3,6.395619543342802,1.7948299937415868,33.55884802294895,261.17543859649123
1781616550,60,,Aggregated,80.000000,0.000000,3,4,5,8,24,42,140,150,200,200,200,592,0,3,15.18583515624758,1.7948299937415868,271.0215649858583,8189.165540540541
1781616551,80,GET,/feed/{user_id},46.500000,0.000000,3,4,4,4,10,22,27,31,39,39,39,386,0,3,5.496049696658593,2.0867570128757507,39.40363699803129,9881.044041450778
1781616551,80,GET,/feed/{user_id}?with_fof=true,30.500000,0.000000,3,4,5,8,40,120,160,180,200,200,200,200,0,3,22.89253900977201,2.2123249946162105,271.0215649858583,11926.56
1781616551,80,POST,/likes,3.500000,0.000000,4,5,5,5,24,27,31,31,31,31,31,24,0,4,7.777079081279226,2.9135060030966997,31.273672997485846,180.33333333333334
1781616551,80,POST,/posts,4.500000,0.000000,5,5,6,6,8,9,26,26,26,26,26,35,0,5,5.633889512059146,3.704392001964152,25.946579000446945,227.88571428571427
1781616551,80,GET,/timeline/{user_id},32.500000,0.000000,3,3,4,5,24,140,140,150,200,200,200,241,0,3,15.876746213805564,1.975320978090167,201.74788899021223,7335.282157676348
1781616551,80,GET,/users/{user_id},16.500000,0.000000,2,3,4,4,11,18,28,34,34,34,34,99,0,3,5.3359536254764395,1.7636730044614524,33.55884802294895,261.1111111111111
1781616551,80,,Aggregated,134.000000,0.000000,3,4,4,5,15,31,140,140,200,200,200,985,0,3,11.612562702727613,1.7636730044614524,271.0215649858583,8127.260913705583
1781616552,100,GET,/feed/{user_id},65.666667,0.000000,3,4,4,5,9,17,27,34,49,49,49,566,0,3,5.236082980436003,2.0867570128757507,49.445060023572296,9924.257950530035
1781616552,100,GET,/feed/{user_id}?with_fof=true,41.333333,0.000000,3,4,5,6,20,120,150,170,200,200,200,291,0,3,17.714909866133777,2.2123249946162105,271.0215649858583,11968.044673539518
1781616552,100,POST,/likes,4.666667,0.000000,4,5,6,7,22,27,31,31,31,31,31,37,0,4,7.231597919205858,2.9135060030966997,31.273672997485846,180.40540540540542
1781616552,100,POST,/posts,7.666667,0.000000,5,5,6,6,8,14,18,26,26,26,26,57,0,5,5.885359014715313,3.3709920244291425,25.946579000446945,227.80701754385964
1781616552,100,GET,/timeline/{user_id},45.333333,0.000000,3,4,4,5,14,34,140,150,200,200,200,382,0,3,12.489107852275678,1.975320978090167,201.74788899021223,7520.246073298429
1781616552,100,GET,/users/{user_id},18.666667,0.000000,3,3,4,4,11,18,28,34,37,37,37,144,0,3,5.258854192814194,1.7211090016644448,37.43128999485634,261.25694444444446
1781616552,100,,Aggregated,183.333333,0.000000,3,4,4,5,12,25,120,140,200,200,200,1477,0,3,9.647806721838625,1.7211090016644448,271.0215649858583,8144.784021665539
1781616553,120,GET,/feed/{user_id},89.250000,0.000000,3,4,4,5,9,21,31,45,78,78,78,797,0,3,5.588066881029414,2.0787649846170098,78.32357799634337,9827.519447929737
1781616553,120,GET,/feed/{user_id}?with_fof=true,48.500000,0.000000,3,4,5,7,26,120,160,180,200,200,200,416,0,3,16.4620566535562,2.2123249946162105,271.0215649858583,11842.939903846154
1781616553,120,POST,/likes,5.750000,0.000000,4,5,5,7,14,24,31,31,31,31,31,44,0,4,6.811531977622177,2.9135060030966997,31.273672997485846,180.38636363636363
1781616553,120,POST,/posts,8.500000,0.000000,5,6,6,6,9,18,30,33,33,33,33,74,0,5,6.445812700533409,3.3709920244291425,32.99076601979323,227.82432432432432
1781616553,120,GET,/timeline/{user_id},57.500000,0.000000,3,4,4,5,14,34,140,140,200,200,200,529,0,3,11.188659643732796,1.975320978090167,201.74788899021223,7679.712665406427
1781616553,120,GET,/users/{user_id},23.750000,0.000000,3,3,4,4,11,18,28,35,37,37,37,208,0,3,5.191789200510427,1.7211090016644448,37.43128999485634,261.32211538461536
1781616553,120,,Aggregated,233.250000,0.000000,3,4,5,5,12,27,68,140,200,200,200,2068,0,3,9.22499783566513,1.7211090016644448,271.0215649858583,8172.589458413927
1781616554,140,GET,/feed/{user_id},109.200000,0.000000,3,4,5,5,11,20,29,39,66,78,78,1052,0,3,5.6724354309143195,2.058735000900924,78.32357799634337,9836.677756653993
1781616554,140,GET,/feed/{user_id}?with_fof=true,55.600000,0.000000,3,4,5,6,20,80,160,170,230,230,230,565,0,3,14.967508578675066,2.2123249946162105,271.0215649858583,11837.920353982301
1781616554,140,POST,/likes,7.200000,0.000000,4,5,6,7,14,24,27,31,31,31,31,61,0,4,6.548959296196699,2.9135060030966997,31.273672997485846,180.327868852459
1781616554,140,POST,/posts,10.800000,0.000000,5,6,6,7,12,18,30,33,33,33,33,91,0,5,6.659434174742693,3.3709920244291425,32.99076601979323,227.86813186813185
1781616554,140,GET,/timeline/{user_id},72.800000,0.000000,3,4,5,6,16,34,140,150,220,220,220,698,0,3,11.383936033418394,1.975320978090167,220.63743599574082,7730.593123209169
1781616554,140,GET,/users/{user_id},27.000000,0.000000,3,3,4,4,10,18,28,35,37,37,37,274,0,3,5.095335221224818,1.7211090016644448,37.43128999485634,261.463503649635
1781616554,140,,Aggregated,282.600000,0.000000,3,4,5,6,13,26,66,140,200,230,230,2741,0,3,9.037449343007843,1.7211090016644448,271.0215649858583,8221.79533017147
1781616555,150,GET,/feed/{user_id},127.166667,0.000000,3,4,5,5,11,20,29,37,66,78,78,1339,0,3,5.739816859243834,2.058735000900924,78.32357799634337,9887.989544436146
1781616555,150,GET,/feed/{user_id}?with_fof=true,67.000000,0.000000,4,4,6,7,22,80,140,170,230,230,230,706,0,4,14.582712055106777,2.1190860134083778,271.0215649858583,11838.956090651558
1781616555,150,POST,/likes,7.333333,0.000000,5,6,7,7,9,22,27,31,31,31,31,73,0,5,6.575205877633791,2.9135060030966997,31.273672997485846,180.34246575342465
1781616555,150,POST,/posts,11.666667,0.000000,5,6,6,7,10,15,26,30,33,33,33,114,0,5,6.611592744950924,3.3709920244291425,32.99076601979323,227.8684210526316
1781616555,150,GET,/timeline/{user_id},84.333333,0.000000,3,4,5,6,17,35,140,150,220,220,220,879,0,3,11.240737703124239,1.975320978090167,220.63743599574082,7814.443686006826
1781616555,150,GET,/users/{user_id},33.500000,0.000000,3,4,4,5,12,19,28,35,37,37,37,349,0,3,5.388221692712177,1.7211090016644448,37.43128999485634,261.50143266475646
1781616555,150,,Aggregated,331.000000,0.000000,3,4,5,6,13,26,62,140,200,230,230,3460,0,4,8.95254881480558,1.7211090016644448,271.0215649858583,8265.208959537573
1781616556,150,GET,/feed/{user_id},144.714286,0.000000,3,4,5,5,11,20,31,39,66,78,78,1657,0,3,5.763544709488157,2.058735000900924,78.32357799634337,9869.67592033796
1781616556,150,GET,/feed/{user_id}?with_fof=true,77.142857,0.000000,4,4,5,6,18,44,130,160,230,230,230,830,0,4,13.373844493818694,2.1190860134083778,271.0215649858583,11850.579518072289
1781616556,150,POST,/likes,8.571429,0.000000,4,5,7,7,9,16,27,31,31,31,31,89,0,5,6.280046438384969,2.9135060030966997,31.273672997485846,180.31460674157304
1781616556,150,POST,/posts,12.714286,0.000000,5,6,7,8,10,14,26,30,33,33,33,135,0,5,6.537902243306032,3.3709920244291425,32.99076601979323,227.86666666666667
1781616556,150,GET,/timeline/{user_id},95.714286,0.000000,3,4,5,6,15,33,140,150,200,220,220,1040,0,3,10.580720962584914,1.975320978090167,220.63743599574082,7833.877884615385
1781616556,150,GET,/users/{user_id},37.714286,0.000000,3,4,4,5,11,18,28,34,37,37,37,430,0,3,5.273711543765764,1.7211090016644448,37.43128999485634,261.57906976744187
1781616556,150,,Aggregated,376.571429,0.000000,4,4,5,6,13,25,47,140,200,230,230,4181,0,4,8.45818493524553,1.7211090016644448,271.0215649858583,8250.790719923463
1781616557,150,GET,/feed/{user_id},161.125000,0.000000,3,4,5,5,10,19,29,37,66,78,78,1929,0,3,5.591358099328431,2.014769008383155,78.32357799634337,9785.465526179367
1781616557,150,GET,/feed/{user_id}?with_fof=true,85.625000,0.000000,4,4,5,6,16,36,130,170,580,580,580,984,0,4,12.905943749856528,2.1190860134083778,576.685025007464,11890.737804878048
1781616557,150,POST,/likes,9.000000,0.000000,4,5,6,7,9,14,24,27,31,31,31,108,0,4,5.931093415980555,2.9135060030966997,31.273672997485846,180.2962962962963
1781616557,150,POST,/posts,14.125000,0.000000,5,6,6,8,10,13,26,30,33,33,33,153,0,5,6.4421691690203335,3.3709920244291425,32.99076601979323,227.8562091503268
1781616557,150,GET,/timeline/{user_id},106.250000,0.000000,3,4,5,6,14,31,140,150,200,220,220,1205,0,3,10.436316710318096,1.975320978090167,220.63743599574082,7867.716182572614
1781616557,150,GET,/users/{user_id},42.000000,0.000000,3,4,4,5,11,18,28,34,37,37,37,498,0,3,5.067539650312883,1.7211090016644448,37.43128999485634,261.6285140562249
1781616557,150,,Aggregated,418.125000,0.000000,3,4,5,6,12,23,44,140,200,580,580,4877,0,3,8.244983550756304,1.7211090016644448,576.685025007464,8251.357801927414
1781616558,150,GET,/feed/{user_id},178.666667,0.000000,4,4,5,5,10,19,28,37,62,78,78,2219,0,4,5.635960321551724,2.014769008383155,78.32357799634337,9773.677782785038
1781616558,150,GET,/feed/{user_id}?with_fof=true,89.888889,0.000000,4,4,5,6,16,34,130,160,230,580,580,1140,0,4,12.414088330574726,2.1190860134083778,576.685025007464,11861.318421052632
1781616558,150,POST,/likes,9.666667,0.000000,4,5,6,7,8,14,27,28,31,31,31,130,0,4,5.930607345474598,2.9135060030966997,31.273672997485846,180.26923076923077
1781616558,150,POST,/posts,14.777778,0.000000,5,6,6,7,10,12,22,30,33,33,33,177,0,5,6.32905613994068,3.3709920244291425,32.99076601979323,227.84745762711864
1781616558,150,GET,/timeline/{user_id},112.666667,0.000000,3,4,5,6,14,30,140,150,200,220,220,1372,0,3,10.467705542184161,1.975320978090167,220.63743599574082,7824.184402332362
1781616558,150,GET,/users/{user_id},46.111111,0.000000,3,4,4,5,11,18,28,33,37,37,37,564,0,3,4.985461864931714,1.7211090016644448,37.43128999485634,261.6418439716312
1781616558,150,,Aggregated,451.777778,0.000000,4,4,5,6,11,23,39,130,200,580,580,5602,0,4,8.161901291995326,1.7211090016644448,576.685025007464,8239.165476615495
1781616559,150,GET,/feed/{user_id},188.900000,0.000000,4,4,5,5,9,18,28,34,62,78,78,2503,0,4,5.5711041497181215,2.014769008383155,78.32357799634337,9809.028765481422
1781616559,150,GET,/feed/{user_id}?with_fof=true,95.200000,0.000000,4,4,5,6,14,29,120,160,230,580,580,1293,0,4,11.711423746982737,2.1190860134083778,576.685025007464,11857.036349574633
1781616559,150,POST,/likes,10.600000,0.000000,4,5,6,6,8,9,16,22,28,28,28,145,0,4,5.820653792510837,2.9135060030966997,31.273672997485846,180.27586206896552
1781616559,150,POST,/posts,15.000000,0.000000,5,6,7,7,10,12,18,30,33,33,33,190,0,5,6.328758335592666,3.3709920244291425,32.99076601979323,227.86315789473684
1781616559,150,GET,/timeline/{user_id},117.900000,0.000000,3,4,5,6,13,27,140,150,200,220,220,1558,0,3,10.122195001894372,1.975320978090167,220.63743599574082,7785.85109114249
1781616559,150,GET,/users/{user_id},49.100000,0.000000,3,4,4,5,11,17,26,33,45,45,45,641,0,3,4.986202503892691,1.7211090016644448,45.4784799949266,261.7581903276131
1781616559,150,,Aggregated,476.700000,0.000000,4,4,5,6,11,21,37,120,180,580,580,6330,0,4,7.914745512356471,1.7211090016644448,576.685025007464,8254.458767772512
1781616560,150,GET,/feed/{user_id},214.400000,0.000000,4,4,5,6,10,18,28,35,62,78,78,2784,0,4,5.5928784682671004,2.014769008383155,78.32357799634337,9768.9841954023
1781616560,150,GET,/feed/{user_id}?with_fof=true,109.100000,0.000000,4,4,5,6,13,27,120,140,230,580,580,1445,0,4,11.379986451104909,2.1190860134083778,576.685025007464,11878.649134948097
1781616560,150,POST,/likes,12.700000,0.000000,5,6,6,7,8,9,16,22,28,28,28,158,0,4,5.819492587669387,2.9135060030966997,31.273672997485846,180.25316455696202
1781616560,150,POST,/posts,17.100000,0.000000,5,6,7,7,10,13,22,33,38,38,38,210,0,5,6.456070474953213,3.3709920244291425,37.60624802089296,227.85238095238094
1781616560,150,GET,/timeline/{user_id},132.500000,0.000000,4,4,5,6,13,28,140,150,200,220,220,1763,0,3,9.918135055079999,1.975320978090167,220.63743599574082,7797.073170731707
1781616560,150,GET,/users/{user_id},54.900000,0.000000,3,4,4,5,10,17,27,34,45,45,45,703,0,3,4.977344733967272,1.7211090016644448,45.4784799949266,261.8179231863442
1781616560,150,,Aggregated,540.700000,0.000000,4,4,5,6,11,21,37,95,180,580,580,7063,0,4,7.825945654279933,1.7211090016644448,576.685025007464,8263.928500637123
1781616561,150,GET,/feed/{user_id},236.000000,0.000000,4,4,5,6,11,18,29,36,62,78,78,3080,0,4,5.64209401492043,2.014769008383155,78.32357799634337,9747.039285714285
1781616561,150,GET,/feed/{user_id}?with_fof=true,121.100000,0.000000,4,4,5,6,13,26,120,140,230,580,580,1560,0,4,10.932608913329508,2.1190860134083778,576.685025007464,11874.01217948718
1781616561,150,POST,/likes,13.500000,0.000000,5,6,6,6,8,9,10,16,28,28,28,175,0,4,5.749272925147254,2.9135060030966997,31.273672997485846,180.28571428571428
1781616561,150,POST,/posts,17.900000,0.000000,5,6,7,7,10,12,22,33,38,38,38,233,0,5,6.434383002947216,3.3709920244291425,37.60624802089296,227.83261802575106
1781616561,150,GET,/timeline/{user_id},147.100000,0.000000,4,4,5,6,14,28,110,150,200,220,220,1948,0,3,9.774494794750414,1.975320978090167,220.63743599574082,7813.593429158111
1781616561,150,GET,/users/{user_id},59.500000,0.000000,3,4,4,5,10,17,26,34,45,45,45,787,0,3,5.034188781595722,1.7211090016644448,45.4784799949266,261.89072426937736
1781616561,150,,Aggregated,595.100000,0.000000,4,4,5,6,11,21,37,91,180,580,580,7783,0,4,7.7014616347971305,1.7211090016644448,576.685025007464,8230.240652704613
1781616562,150,GET,/feed/{user_id},253.500000,0.000000,4,4,5,6,11,19,27,33,47,66,66,3371,0,4,5.658854179992762,1.9716140232048929,78.32357799634337,9739.679323642837
1781616562,150,GET,/feed/{user_id}?with_fof=true,130.600000,0.000000,4,4,5,6,13,25,94,130,230,580,580,1707,0,4,10.72265556290545,2.1190860134083778,576.685025007464,11878.473930872877
1781616562,150,POST,/likes,14.100000,0.000000,5,6,6,6,8,9,10,16,28,28,28,191,0,5,5.715919496870663,2.9135060030966997,31.273672997485846,180.2670157068063
1781616562,150,POST,/posts,18.300000,0.000000,5,6,6,7,9,11,15,22,38,38,38,253,0,5,6.324998223868828,3.3709920244291425,37.60624802089296,227.83399209486166
1781616562,150,GET,/timeline/{user_id},159.300000,0.000000,4,4,5,6,13,26,110,150,200,220,220,2134,0,4,9.528875905043256,1.975320978090167,220.63743599574082,7808.77038425492
1781616562,150,GET,/users/{user_id},63.500000,0.000000,3,4,4,5,9,17,23,33,45,45,45,853,0,3,4.979110205214927,1.7211090016644448,45.4784799949266,261.9097303634232
1781616562,150,,Aggregated,639.300000,0.000000,4,4,5,6,11,20,35,72,170,580,580,8509,0,4,7.598229856338812,1.7211090016644448,576.685025007464,8236.974027500293
1781616563,150,GET,/feed/{user_id},267.400000,0.000000,4,4,5,6,9,18,27,32,46,54,54,3690,0,4,5.585991298914874,1.9716140232048929,78.32357799634337,9741.857723577235
1781616563,150,GET,/feed/{user_id}?with_fof=true,135.000000,0.000000,4,4,5,6,13,24,57,130,200,580,580,1845,0,4,10.446896348375736,2.1190860134083778,576.685025007464,11864.241734417345
1781616563,150,POST,/likes,15.000000,0.000000,5,6,6,6,8,9,10,10,28,28,28,207,0,5,5.666320057808543,2.9135060030966997,31.273672997485846,180.2657004830918
1781616563,150,POST,/posts,19.700000,0.000000,5,6,6,7,9,11,13,17,38,38,38,271,0,5,6.289271533624974,3.3709920244291425,37.60624802089296,227.8450184501845
1781616563,150,GET,/timeline/{user_id},168.800000,0.000000,4,4,5,6,13,24,72,150,170,170,170,2307,0,4,9.247852426703929,1.975320978090167,220.63743599574082,7809.932379713914
1781616563,150,GET,/users/{user_id},67.600000,0.000000,3,4,4,5,9,17,23,31,45,45,45,921,0,3,4.964511787151538,1.7211090016644448,45.4784799949266,261.914223669924
1781616563,150,,Aggregated,673.500000,0.000000,4,4,5,6,11,19,33,47,170,580,580,9241,0,4,7.431150676084881,1.7211090016644448,576.685025007464,8245.295855426903
1781616564,150,GET,/feed/{user_id},277.500000,0.000000,4,4,5,6,9,18,30,37,59,69,69,3992,0,4,5.699891809610074,1.9716140232048929,78.32357799634337,9765.573146292585
1781616564,150,GET,/feed/{user_id}?with_fof=true,141.400000,0.000000,4,4,5,6,11,23,48,120,180,580,580,1974,0,4,10.288248923345915,2.104934013914317,576.685025007464,11858.112462006078
1781616564,150,POST,/likes,15.100000,0.000000,5,5,6,6,7,9,10,12,28,28,28,216,0,5,5.697323384083575,2.9135060030966997,31.273672997485846,180.27314814814815
1781616564,150,POST,/posts,19.600000,0.000000,5,6,7,7,9,11,16,24,38,38,38,295,0,5,6.402325724109502,3.3709920244291425,37.60624802089296,227.8406779661017
1781616564,150,GET,/timeline/{user_id},174.300000,0.000000,4,4,5,6,12,23,56,150,170,170,170,2496,0,4,9.103353298262217,1.975320978090167,220.63743599574082,7819.494791666667
1781616564,150,GET,/users/{user_id},70.800000,0.000000,3,4,4,5,8,15,23,33,56,56,56,1004,0,3,4.968053318853017,1.7211090016644448,55.74054102180526,261.9561752988048
1781616564,150,,Aggregated,698.700000,0.000000,4,4,5,6,10,19,33,51,160,580,580,9977,0,4,7.406251857553726,1.7211090016644448,576.685025007464,8246.837426079985
1781616565,150,GET,/feed/{user_id},287.500000,0.000000,4,4,5,6,9,18,30,37,59,69,69,4290,0,4,5.6076289683207,1.9716140232048929,78.32357799634337,9772.583682983683
1781616565,150,GET,/feed/{user_id}?with_fof=true,141.600000,0.000000,4,4,5,6,12,23,45,120,180,580,580,2113,0,4,9.978261515628736,2.104934013914317,576.685025007464,11847.462849029815
1781616565,150,POST,/likes,16.300000,0.000000,5,5,6,6,8,9,11,12,28,28,28,228,0,5,5.664091456166812,2.9135060030966997,31.273672997485846,180.26315789473685
1781616565,150,POST,/posts,19.800000,0.000000,5,6,7,7,9,11,16,24,38,38,38,314,0,5,6.394322288565925,3.3709920244291425,37.60624802089296,227.828025477707
1781616565,150,GET,/timeline/{user_id},177.700000,0.000000,4,4,5,6,12,23,57,150,170,170,170,2662,0,4,8.891329970951615,1.975320978090167,220.63743599574082,7815.719759579264
1781616565,150,GET,/users/{user_id},70.700000,0.000000,3,4,4,5,7,15,23,32,56,56,56,1082,0,3,4.896262678429192,1.7211090016644448,55.74054102180526,261.99907578558225
1781616565,150,,Aggregated,713.600000,0.000000,4,4,5,6,10,19,33,51,160,580,580,10689,0,4,7.241697212832691,1.7211090016644448,576.685025007464,8247.697633080737
1781616566,150,GET,/feed/{user_id},292.100000,0.000000,4,5,5,6,10,18,28,36,59,69,69,4588,0,4,5.675922572815145,1.9716140232048929,78.32357799634337,9737.156059285091
1781616566,150,GET,/feed/{user_id}?with_fof=true,141.200000,0.000000,4,4,5,6,11,22,45,120,160,180,180,2237,0,4,9.847355929547737,2.104934013914317,576.685025007464,11842.824765310685
1781616566,150,POST,/likes,15.500000,0.000000,5,6,6,7,8,10,20,28,36,36,36,242,0,5,5.886251157128506,2.9135060030966997,36.11714401631616,180.26446280991735
1781616566,150,POST,/posts,20.100000,0.000000,5,6,7,7,9,11,17,24,38,38,38,340,0,5,6.363111381377915,3.3709920244291425,37.60624802089296,227.8235294117647
1781616566,150,GET,/timeline/{user_id},179.900000,0.000000,4,4,5,6,12,21,39,140,170,170,170,2845,0,4,8.675059126737088,1.975320978090167,220.63743599574082,7822.275571177504
1781616566,150,GET,/users/{user_id},72.800000,0.000000,3,4,4,5,8,15,22,34,56,56,56,1149,0,3,4.918185782475353,1.7211090016644448,55.74054102180526,262.0400348128808
1781616566,150,,Aggregated,721.600000,0.000000,4,4,5,6,10,19,32,45,160,180,180,11401,0,4,7.191398763950439,1.7211090016644448,576.685025007464,8231.121217437067
1781616567,150,GET,/feed/{user_id},295.100000,0.000000,4,4,5,6,9,17,29,37,59,69,69,4882,0,4,5.645063288243678,1.9716140232048929,78.32357799634337,9770.162023760753
1781616567,150,GET,/feed/{user_id}?with_fof=true,139.900000,0.000000,4,4,5,5,9,20,42,120,160,160,160,2375,0,4,9.552084062848927,2.104934013914317,576.685025007464,11853.581052631578
1781616567,150,POST,/likes,15.300000,0.000000,5,6,7,7,8,10,18,20,36,36,36,252,0,5,5.867158849252432,2.9135060030966997,36.11714401631616,180.2579365079365
1781616567,150,POST,/posts,20.000000,0.000000,5,6,7,7,9,11,17,24,38,38,38,364,0,5,6.307822147321601,3.3709920244291425,37.60624802089296,227.81043956043956
1781616567,150,GET,/timeline/{user_id},179.100000,0.000000,4,4,5,6,11,20,41,140,160,180,180,3024,0,4,8.735779927692853,1.975320978090167,220.63743599574082,7824.453042328042
1781616567,150,GET,/users/{user_id},72.700000,0.000000,3,4,4,5,7,15,23,34,56,56,56,1221,0,3,4.852607709441081,1.6628919984214008,55.74054102180526,262.034398034398
1781616567,150,,Aggregated,722.100000,0.000000,4,4,5,6,9,18,32,45,160,180,180,12118,0,4,7.1267537901204205,1.6628919984214008,576.685025007464,8248.854926555538
1781616568,150,GET,/feed/{user_id},293.500000,0.000000,4,4,5,6,9,17,28,37,59,69,69,5194,0,4,5.592876042558849,1.9716140232048929,78.32357799634337,9780.03715825953
1781616568,150,GET,/feed/{user_id}?with_fof=true,140.600000,0.000000,4,4,5,5,8,19,41,95,160,160,160,2517,0,4,9.257977347967893,2.104934013914317,576.685025007464,11857.580452920143
1781616568,150,POST,/likes,15.200000,0.000000,5,6,7,7,8,10,18,20,36,36,36,264,0,5,5.823222897809253,2.9135060030966997,36.11714401631616,180.25378787878788
1781616568,150,POST,/posts,20.200000,0.000000,5,6,7,7,9,10,16,19,38,38,38,391,0,5,6.289159924716658,3.3709920244291425,37.60624802089296,227.81329923273657
1781616568,150,GET,/timeline/{user_id},179.400000,0.000000,4,4,5,6,10,18,37,140,160,180,180,3198,0,4,8.54640592977801,1.975320978090167,220.63743599574082,7798.494996873045
1781616568,150,GET,/users/{user_id},72.900000,0.000000,3,4,4,5,7,13,21,32,56,56,56,1297,0,3,4.781927899784231,1.6628919984214008,55.74054102180526,262.06090979182727
1781616568,150,,Aggregated,721.800000,0.000000,4,4,5,6,9,17,31,43,160,180,180,12861,0,4,6.988701203244065,1.6628919984214008,576.685025007464,8246.573750097194
1781616569,150,GET,/feed/{user_id},294.800000,0.000000,4,4,5,6,9,16,27,35,59,69,69,5486,0,4,5.544613532200525,1.9716140232048929,78.32357799634337,9765.386073641997
1781616569,150,GET,/feed/{user_id}?with_fof=true,140.800000,0.000000,4,4,5,5,7,19,36,48,140,150,150,2668,0,4,9.030355281798945,2.104934013914317,576.685025007464,11870.492878560719
1781616569,150,POST,/likes,14.200000,0.000000,5,5,7,7,8,10,18,20,36,36,36,278,0,5,5.781960672792717,2.9135060030966997,36.11714401631616,180.26258992805757
1781616569,150,POST,/posts,20.700000,0.000000,5,6,7,7,9,10,13,17,24,24,24,410,0,5,6.267758323271509,3.3709920244291425,37.60624802089296,227.81951219512194
1781616569,150,GET,/timeline/{user_id},181.300000,0.000000,4,4,5,6,10,18,35,100,160,180,180,3376,0,4,8.416571335073451,1.975320978090167,220.63743599574082,7817.345971563981
1781616569,150,GET,/users/{user_id},71.800000,0.000000,3,4,4,5,6,12,20,31,56,56,56,1364,0,3,4.707955228138505,1.6628919984214008,55.74054102180526,262.05865102639297
1781616569,150,,Aggregated,723.600000,0.000000,4,4,5,6,8,16,28,41,150,180,180,13582,0,4,6.885870966533519,1.6628919984214008,576.685025007464,8256.200117802975
1781616570,150,GET,/feed/{user_id},297.300000,0.000000,4,4,5,6,9,16,25,33,59,69,69,5773,0,4,5.529430582803399,1.9716140232048929,78.32357799634337,9767.736705352503
1781616570,150,GET,/feed/{user_id}?with_fof=true,138.400000,0.000000,4,4,5,5,8,19,36,95,150,170,170,2819,0,4,8.953776236573722,2.104934013914317,576.685025007464,11874.937211777225
1781616570,150,POST,/likes,13.400000,0.000000,5,5,6,7,8,10,20,20,36,36,36,299,0,5,5.77107463902202,2.9135060030966997,36.11714401631616,180.26421404682273
1781616570,150,POST,/posts,21.500000,0.000000,5,6,6,7,9,10,13,19,24,24,24,434,0,5,6.268590300833197,3.3709920244291425,37.60624802089296,227.82027649769586
1781616570,150,GET,/timeline/{user_id},181.900000,0.000000,4,4,5,5,9,18,30,60,160,180,180,3565,0,4,8.280172249789482,1.975320978090167,220.63743599574082,7844.146143057504
1781616570,150,GET,/users/{user_id},72.300000,0.000000,3,4,4,5,6,12,18,31,56,56,56,1437,0,3,4.6483714977208335,1.6628919984214008,55.74054102180526,262.0918580375783
1781616570,150,,Aggregated,724.800000,0.000000,4,4,5,5,8,16,28,39,150,180,180,14327,0,4,6.826742610859139,1.6628919984214008,576.685025007464,8261.21113980596
1781616571,150,GET,/feed/{user_id},299.000000,0.000000,4,4,5,5,8,15,24,33,59,69,69,6073,0,4,5.480543074828201,1.9716140232048929,78.32357799634337,9767.341182282233
1781616571,150,GET,/feed/{user_id}?with_fof=true,136.600000,0.000000,4,4,5,5,7,16,29,46,150,170,170,2953,0,4,8.760474460567131,2.104934013914317,576.685025007464,11869.953606501862
1781616571,150,POST,/likes,13.400000,0.000000,5,6,7,7,9,11,20,33,36,36,36,318,0,5,5.884203248775898,2.9135060030966997,36.11714401631616,180.27044025157232
1781616571,150,POST,/posts,21.800000,0.000000,5,6,7,7,9,11,16,21,24,24,24,450,0,5,6.277589828047591,3.3709920244291425,37.60624802089296,227.8088888888889
1781616571,150,GET,/timeline/{user_id},181.100000,0.000000,4,4,5,5,8,17,32,65,160,180,180,3751,0,4,8.223813005472724,1.975320978090167,220.63743599574082,7837.014129565449
1781616571,150,GET,/users/{user_id},73.000000,0.000000,3,3,4,4,6,10,18,31,56,56,56,1518,0,3,4.607651807796191,1.6628919984214008,55.74054102180526,262.0862977602108
1781616571,150,,Aggregated,724.900000,0.000000,4,4,5,5,8,15,27,38,150,180,180,15063,0,4,6.751048878641796,1.6628919984214008,576.685025007464,8253.55925114519
1781616572,150,GET,/feed/{user_id},299.100000,0.000000,4,4,5,5,8,15,24,33,59,69,69,6320,0,4,5.439895701152936,1.9716140232048929,78.32357799634337,9750.592721518988
1781616572,150,GET,/feed/{user_id}?with_fof=true,137.000000,0.000000,4,4,5,5,7,15,29,46,150,170,170,3114,0,4,8.588302589608784,2.104934013914317,576.685025007464,11875.594091201028
1781616572,150,POST,/likes,14.000000,0.000000,5,5,7,7,9,11,20,33,36,36,36,333,0,5,5.836146886288482,2.9135060030966997,36.11714401631616,180.28528528528528
1781616572,150,POST,/posts,22.700000,0.000000,6,6,7,7,9,11,16,21,24,24,24,467,0,5,6.258699378124349,3.3709920244291425,37.60624802089296,227.81156316916488
1781616572,150,GET,/timeline/{user_id},179.700000,0.000000,3,4,5,5,7,17,32,65,160,180,180,3932,0,4,8.054954303520136,1.975320978090167,220.63743599574082,7843.830874872839
1781616572,150,GET,/users/{user_id},73.200000,0.000000,3,3,4,4,6,8,16,31,56,56,56,1603,0,3,4.539834830520125,1.6628919984214008,55.74054102180526,262.0823456019963
1781616572,150,,Aggregated,725.700000,0.000000,4,4,5,5,8,14,26,38,150,180,180,15769,0,4,6.654816422906422,1.6628919984214008,576.685025007464,8246.105016170968
1781616573,150,GET,/feed/{user_id},298.700000,0.000000,4,4,5,5,8,14,21,25,44,49,49,6617,0,4,5.40052975013125,1.9716140232048929,78.32357799634337,9744.104579114402
1781616573,150,GET,/feed/{user_id}?with_fof=true,138.100000,0.000000,4,4,5,5,7,14,24,39,150,170,170,3262,0,4,8.435870961387554,2.104934013914317,576.685025007464,11878.04353157572
1781616573,150,POST,/likes,14.500000,0.000000,5,5,6,7,9,10,20,33,36,36,36,348,0,5,5.8230982103014375,2.9135060030966997,36.11714401631616,180.2787356321839
1781616573,150,POST,/posts,21.500000,0.000000,5,6,6,7,9,11,12,19,21,21,21,490,0,5,6.24849270531499,3.3709920244291425,37.60624802089296,227.81632653061226
1781616573,150,GET,/timeline/{user_id},180.800000,0.000000,4,4,5,5,7,15,28,60,160,180,180,4112,0,4,7.959125439619932,1.975320978090167,220.63743599574082,7839.934095330739
1781616573,150,GET,/users/{user_id},73.300000,0.000000,3,3,4,4,5,7,14,24,45,45,45,1673,0,3,4.500647487920596,1.6462570056319237,55.74054102180526,262.1201434548715
1781616573,150,,Aggregated,726.900000,0.000000,4,4,5,5,7,13,22,31,150,180,180,16502,0,4,6.580949163159753,1.6462570056319237,576.685025007464,8245.88661980366
1781616574,150,GET,/feed/{user_id},295.300000,0.000000,4,4,5,5,8,14,22,26,44,49,49,6929,0,4,5.369863233151408,1.9716140232048929,78.32357799634337,9752.897820753355
1781616574,150,GET,/feed/{user_id}?with_fof=true,139.100000,0.000000,4,4,5,5,7,15,24,36,170,200,200,3396,0,4,8.351793526808262,2.104934013914317,576.685025007464,11878.2117196702
1781616574,150,POST,/likes,14.300000,0.000000,5,6,6,7,9,10,20,33,36,36,36,360,0,5,5.814183642117617,2.9135060030966997,36.11714401631616,180.29444444444445
1781616574,150,POST,/posts,21.400000,0.000000,5,6,6,7,9,11,12,19,22,22,22,515,0,5,6.270879321534964,3.3709920244291425,37.60624802089296,227.82718446601942
1781616574,150,GET,/timeline/{user_id},179.800000,0.000000,4,4,5,5,7,15,28,43,160,180,180,4307,0,4,7.811609112315631,1.975320978090167,220.63743599574082,7840.53262131414
1781616574,150,GET,/users/{user_id},74.600000,0.000000,3,3,4,4,6,8,14,21,45,45,45,1724,0,3,4.5056410935780855,1.6462570056319237,55.74054102180526,262.13109048723896
1781616574,150,,Aggregated,724.500000,0.000000,4,4,5,5,7,14,22,30,150,200,200,17231,0,4,6.517637270812597,1.6462570056319237,576.685025007464,8259.506761070164
1781616575,150,GET,/feed/{user_id},292.600000,0.000000,4,4,5,5,7,14,21,27,40,49,49,7227,0,4,5.35057172941165,1.9716140232048929,78.32357799634337,9764.534661685346
1781616575,150,GET,/feed/{user_id}?with_fof=true,142.500000,0.000000,4,4,5,5,7,14,24,36,170,200,200,3520,0,4,8.293068098621667,2.104934013914317,576.685025007464,11884.003977272727
1781616575,150,POST,/likes,13.500000,0.000000,5,6,6,7,8,9,20,33,36,36,36,373,0,5,5.796516960207123,2.9135060030966997,36.11714401631616,180.2975871313673
1781616575,150,POST,/posts,22.000000,0.000000,5,6,6,7,9,10,12,12,22,22,22,537,0,5,6.23620909424516,3.3709920244291425,37.60624802089296,227.82309124767227
1781616575,150,GET,/timeline/{user_id},180.200000,0.000000,4,4,5,5,7,14,28,41,160,180,180,4490,0,4,7.7017740318424615,1.975320978090167,220.63743599574082,7855.856124721604
1781616575,150,GET,/users/{user_id},75.100000,0.000000,3,3,4,4,5,7,13,24,41,41,41,1807,0,3,4.493310089318049,1.6462570056319237,55.74054102180526,262.1394576646375
1781616575,150,,Aggregated,725.900000,0.000000,4,4,5,5,7,13,22,30,150,200,200,17954,0,4,6.4649383669234455,1.6462570056319237,576.685025007464,8262.006126768409
1781616576,150,GET,/feed/{user_id},292.900000,0.000000,4,4,5,5,7,13,18,24,37,40,40,7535,0,4,5.306508158388138,1.9716140232048929,78.32357799634337,9777.495155938952
1781616576,150,GET,/feed/{user_id}?with_fof=true,143.000000,0.000000,4,4,5,5,7,14,23,31,170,200,200,3646,0,4,8.153988571840227,2.104934013914317,576.685025007464,11887.61766319254
1781616576,150,POST,/likes,14.000000,0.000000,5,6,6,7,8,9,10,20,33,33,33,387,0,5,5.771830643918871,2.9135060030966997,36.11714401631616,180.3049095607235
1781616576,150,POST,/posts,22.100000,0.000000,5,6,7,7,10,11,12,21,22,22,22,552,0,5,6.248238526482516,3.3709920244291425,37.60624802089296,227.82427536231884
1781616576,150,GET,/timeline/{user_id},180.400000,0.000000,4,4,5,5,7,13,24,35,160,160,160,4680,0,4,7.589716067728955,1.975320978090167,220.63743599574082,7860.694658119658
1781616576,150,GET,/users/{user_id},72.100000,0.000000,3,3,4,4,5,7,13,19,41,41,41,1884,0,3,4.451511293718757,1.6462570056319237,55.74054102180526,262.1576433121019
1781616576,150,,Aggregated,724.500000,0.000000,4,4,5,5,7,12,20,27,150,200,200,18684,0,4,6.385315023899415,1.6462570056319237,576.685025007464,8268.741864697067
1781616577,150,GET,/feed/{user_id},293.800000,0.000000,4,4,5,5,7,13,18,24,37,40,40,7833,0,4,5.2791259994613355,1.9716140232048929,78.32357799634337,9790.620196604112
1781616577,150,GET,/feed/{user_id}?with_fof=true,141.100000,0.000000,4,4,5,5,7,14,24,36,170,200,200,3788,0,4,8.067993544107694,2.104934013914317,576.685025007464,11883.827613516367
1781616577,150,POST,/likes,14.400000,0.000000,5,6,6,7,9,9,10,20,33,33,33,405,0,5,5.764054906709741,2.9135060030966997,36.11714401631616,180.320987654321
1781616577,150,POST,/posts,22.100000,0.000000,5,6,7,7,10,11,12,21,22,22,22,569,0,5,6.224710343748098,3.3709920244291425,37.60624802089296,227.8207381370826
1781616577,150,GET,/timeline/{user_id},181.400000,0.000000,4,4,5,5,7,13,24,30,160,160,160,4859,0,4,7.477008310398149,1.975320978090167,220.63743599574082,7864.764972216505
1781616577,150,GET,/users/{user_id},73.100000,0.000000,3,3,4,4,5,7,14,24,41,41,41,1961,0,3,4.426623213309476,1.6462570056319237,55.74054102180526,262.1667516573177
1781616577,150,,Aggregated,725.900000,0.000000,4,4,5,5,7,12,20,26,150,200,200,19415,0,4,6.325039784867123,1.6462570056319237,576.685025007464,8273.887664177182
1781616578,150,GET,/feed/{user_id},292.700000,0.000000,4,4,5,5,7,13,19,24,37,40,40,8137,0,4,5.2862721867846485,1.9716140232048929,78.32357799634337,9808.046946048913
1781616578,150,GET,/feed/{user_id}?with_fof=true,141.200000,0.000000,4,4,5,5,7,14,23,39,170,200,200,3940,0,4,8.015805413790796,2.104934013914317,576.685025007464,11891.767512690356
1781616578,150,POST,/likes,14.500000,0.000000,5,6,6,6,9,9,10,20,33,33,33,422,0,5,5.749528853471559,2.9135060030966997,36.11714401631616,180.31990521327015
1781616578,150,POST,/posts,21.300000,0.000000,5,6,7,7,9,10,12,21,22,22,22,588,0,5,6.211085259664145,3.3709920244291425,37.60624802089296,227.8265306122449
1781616578,150,GET,/timeline/{user_id},184.100000,0.000000,4,4,5,5,7,13,24,31,160,170,170,5032,0,4,7.47272167514338,1.975320978090167,220.63743599574082,7870.367448330684
1781616578,150,GET,/users/{user_id},72.700000,0.000000,3,3,4,4,6,8,16,24,41,41,41,2026,0,3,4.429233877163776,1.6462570056319237,55.74054102180526,262.17226061204343
1781616578,150,,Aggregated,726.500000,0.000000,4,4,5,5,7,13,20,26,160,200,200,20145,0,4,6.3167760103005826,1.6462570056319237,576.685025007464,8290.223330851328
1781616579,150,GET,/feed/{user_id},293.800000,0.000000,4,4,5,5,7,12,19,23,37,40,40,8444,0,4,5.2558674763026225,1.9716140232048929,78.32357799634337,9796.42953576504
1781616579,150,GET,/feed/{user_id}?with_fof=true,140.800000,0.000000,4,4,5,5,7,14,20,30,170,200,200,4078,0,4,7.935089826757258,2.104934013914317,576.685025007464,11894.798185384992
1781616579,150,POST,/likes,15.400000,0.000000,5,6,6,7,9,9,10,10,33,33,33,434,0,5,5.718794827628988,2.9135060030966997,36.11714401631616,180.32488479262673
1781616579,150,POST,/posts,20.700000,0.000000,5,6,7,7,9,11,12,12,22,22,22,610,0,5,6.207777163468027,3.3709920244291425,37.60624802089296,227.8344262295082
1781616579,150,GET,/timeline/{user_id},183.900000,0.000000,4,4,5,5,7,13,22,31,160,170,170,5199,0,4,7.398208694789662,1.975320978090167,220.63743599574082,7874.005962685132
1781616579,150,GET,/users/{user_id},73.100000,0.000000,3,3,4,4,6,8,16,24,41,41,41,2105,0,3,4.395731072789921,1.6462570056319237,55.74054102180526,262.17624703087887
1781616579,150,,Aggregated,727.700000,0.000000,4,4,5,5,7,12,19,25,150,200,200,20870,0,4,6.263768242489514,1.6462570056319237,576.685025007464,8286.25376137997
1781616580,150,GET,/feed/{user_id},292.900000,0.000000,3,4,5,5,7,13,19,24,37,40,40,8756,0,4,5.236500680935022,1.9716140232048929,78.32357799634337,9798.08759707629
1781616580,150,GET,/feed/{user_id}?with_fof=true,141.700000,0.000000,3,4,5,5,7,14,23,30,170,200,200,4236,0,4,7.854689175526438,2.104934013914317,576.685025007464,11900.699244570349
1781616580,150,POST,/likes,15.700000,0.000000,5,6,6,6,8,9,10,10,13,13,13,448,0,5,5.706809449228396,2.9135060030966997,36.11714401631616,180.32589285714286
1781616580,150,POST,/posts,19.500000,0.000000,5,6,7,7,9,11,12,12,22,22,22,633,0,5,6.188637885782944,3.3709920244291425,37.60624802089296,227.8357030015798
1781616580,150,GET,/timeline/{user_id},183.100000,0.000000,4,4,5,5,7,12,21,28,170,170,170,5364,0,4,7.353638626390394,1.975320978090167,220.63743599574082,7873.642431021625
1781616580,150,GET,/users/{user_id},73.600000,0.000000,3,3,4,4,6,9,16,24,41,41,41,2169,0,3,4.399258939244146,1.6462570056319237,55.74054102180526,262.1816505301982
1781616580,150,,Aggregated,726.500000,0.000000,4,4,5,5,7,12,20,25,150,200,200,21606,0,4,6.229021195775738,1.6462570056319237,576.685025007464,8295.44168286587
1781616581,150,GET,/feed/{user_id},294.400000,0.000000,4,4,5,5,7,14,21,24,37,40,40,9047,0,4,5.250466717915901,1.9716140232048929,78.32357799634337,9797.062451641428
1781616581,150,GET,/feed/{user_id}?with_fof=true,141.500000,0.000000,4,4,5,5,8,16,26,35,180,200,200,4392,0,4,7.834994597829917,2.104934013914317,576.685025007464,11905.073315118398
1781616581,150,POST,/likes,15.500000,0.000000,5,6,6,6,8,9,10,10,13,13,13,454,0,5,5.69358442561026,2.9135060030966997,36.11714401631616,180.33259911894274
1781616581,150,POST,/posts,20.100000,0.000000,5,6,7,7,8,10,12,12,22,22,22,654,0,5,6.175692686195192,3.3709920244291425,37.60624802089296,227.8348623853211
1781616581,150,GET,/timeline/{user_id},181.900000,0.000000,4,4,5,5,7,13,22,30,170,170,170,5558,0,4,7.305885077554353,1.975320978090167,220.63743599574082,7858.167326376394
1781616581,150,GET,/users/{user_id},72.900000,0.000000,3,3,4,5,6,11,19,25,41,41,41,2244,0,3,4.428483847246062,1.6462570056319237,55.74054102180526,262.1880570409982
1781616581,150,,Aggregated,726.300000,0.000000,4,4,5,5,7,13,21,26,160,200,200,22349,0,4,6.223083181839014,1.6462570056319237,576.685025007464,8296.390218801736
1781616582,150,GET,/feed/{user_id},297.200000,0.000000,4,4,5,5,8,14,21,25,39,51,51,9336,0,4,5.265158830089014,1.9716140232048929,78.32357799634337,9797.676413881749
1781616582,150,GET,/feed/{user_id}?with_fof=true,140.500000,0.000000,4,4,5,5,8,16,27,40,200,200,200,4541,0,4,7.8299458519820915,2.104934013914317,576.685025007464,11907.171107685532
1781616582,150,POST,/likes,15.100000,0.000000,5,6,6,6,8,9,10,13,18,18,18,469,0,5,5.690970881057701,2.9135060030966997,36.11714401631616,180.32409381663112
1781616582,150,POST,/posts,19.600000,0.000000,5,6,7,7,9,10,12,14,22,22,22,678,0,5,6.19088763666956,3.3709920244291425,37.60624802089296,227.83185840707964
1781616582,150,GET,/timeline/{user_id},180.300000,0.000000,4,4,5,5,8,15,25,38,170,170,170,5735,0,4,7.379522295548957,1.975320978090167,220.63743599574082,7862.511595466434
1781616582,150,GET,/users/{user_id},73.500000,0.000000,3,3,4,4,6,11,18,25,41,41,41,2316,0,3,4.40214357343822,1.6462570056319237,55.74054102180526,262.19257340241796
1781616582,150,,Aggregated,726.200000,0.000000,4,4,5,5,8,14,22,29,160,200,200,23075,0,4,6.244624875124416,1.6462570056319237,576.685025007464,8298.13022751896
1781616583,150,GET,/feed/{user_id},296.300000,0.000000,4,4,5,5,8,14,21,25,39,51,51,9609,0,4,5.240948424561753,1.9716140232048929,78.32357799634337,9795.198563846394
1781616583,150,GET,/feed/{user_id}?with_fof=true,144.200000,0.000000,4,4,5,5,8,15,26,39,180,200,200,4684,0,4,7.7253392105193885,2.104934013914317,576.685025007464,11902.392826643894
1781616583,150,POST,/likes,13.500000,0.000000,5,6,6,6,8,9,10,13,18,18,18,476,0,5,5.700740429018565,2.9135060030966997,36.11714401631616,180.32142857142858
1781616583,150,POST,/posts,20.100000,0.000000,5,6,7,7,8,10,12,12,14,14,14,699,0,5,6.172584591783818,3.3709920244291425,37.60624802089296,227.82546494992846
1781616583,150,GET,/timeline/{user_id},179.700000,0.000000,4,4,5,5,8,15,26,44,170,170,170,5927,0,4,7.372733213757207,1.975320978090167,220.63743599574082,7866.179180023621
1781616583,150,GET,/users/{user_id},72.700000,0.000000,3,3,4,4,6,11,18,25,41,41,41,2404,0,3,4.3772364255173954,1.6462570056319237,55.74054102180526,262.2104825291181
1781616583,150,,Aggregated,726.500000,0.000000,4,4,5,5,8,14,22,29,160,200,200,23799,0,4,6.21013561378374,1.6462570056319237,576.685025007464,8293.254002269003
1781616584,150,GET,/feed/{user_id},299.500000,0.000000,4,4,5,5,8,14,21,25,39,51,51,9886,0,4,5.225237598481379,1.9716140232048929,78.32357799634337,9810.911389844225
1781616584,150,GET,/feed/{user_id}?with_fof=true,142.400000,0.000000,4,4,5,5,8,15,26,38,180,200,200,4845,0,4,7.645768576080097,2.104934013914317,576.685025007464,11900.948606811146
1781616584,150,POST,/likes,13.700000,0.000000,5,6,6,6,8,9,10,13,18,18,18,490,0,5,5.680689071863415,2.9135060030966997,36.11714401631616,180.3265306122449
1781616584,150,POST,/posts,21.100000,0.000000,5,6,7,7,8,10,12,12,14,14,14,723,0,5,6.155163635799911,3.3709920244291425,37.60624802089296,227.83125864453666
1781616584,150,GET,/timeline/{user_id},180.100000,0.000000,4,4,5,5,8,15,26,44,170,170,170,6127,0,4,7.272204662610778,1.975320978090167,220.63743599574082,7873.6391382405745
1781616584,150,GET,/users/{user_id},71.500000,0.000000,3,3,4,4,6,11,17,25,38,38,38,2483,0,3,4.36705160246351,1.6462570056319237,55.74054102180526,262.21345146999596
1781616584,150,,Aggregated,728.300000,0.000000,4,4,5,5,8,14,22,28,160,200,200,24554,0,4,6.163327999524498,1.6462570056319237,576.685025007464,8299.939358149384
1781616585,150,GET,/feed/{user_id},299.200000,0.000000,4,4,5,5,8,14,21,25,39,51,51,10176,0,4,5.2186185720895555,1.9716140232048929,78.32357799634337,9803.372739779874
1781616585,150,GET,/feed/{user_id}?with_fof=true,140.700000,0.000000,4,4,5,5,8,15,25,38,180,200,200,4983,0,4,7.579531821379712,2.104934013914317,576.685025007464,11893.798916315473
1781616585,150,POST,/likes,13.400000,0.000000,4,6,6,6,8,9,10,13,18,18,18,503,0,5,5.658151344366087,2.9135060030966997,36.11714401631616,180.33797216699801
1781616585,150,POST,/posts,20.400000,0.000000,5,6,7,7,8,10,12,12,14,14,14,751,0,5,6.137121099462179,3.3709920244291425,37.60624802089296,227.8335552596538
1781616585,150,GET,/timeline/{user_id},180.800000,0.000000,4,4,5,5,8,16,27,43,170,170,170,6295,0,4,7.220579879592351,1.975320978090167,220.63743599574082,7872.644797458301
1781616585,150,GET,/users/{user_id},73.200000,0.000000,3,3,4,4,6,11,17,25,38,38,38,2551,0,3,4.355619580176707,1.6462570056319237,55.74054102180526,262.2175617404939
1781616585,150,,Aggregated,727.700000,0.000000,4,4,5,5,8,14,22,29,150,200,200,25259,0,4,6.132199755275161,1.6462570056319237,576.685025007464,8294.66526782533
1781616586,150,GET,/feed/{user_id},296.700000,0.000000,4,4,5,6,8,14,23,29,51,82,82,10454,0,4,5.257613068618323,1.9716140232048929,82.23031301167794,9797.900133920031
1781616586,150,GET,/feed/{user_id}?with_fof=true,143.000000,0.000000,4,4,5,5,8,16,29,42,180,200,200,5126,0,4,7.584936932061393,2.104934013914317,576.685025007464,11892.247756535311
1781616586,150,POST,/likes,12.900000,0.000000,4,5,6,6,8,9,11,13,18,18,18,519,0,5,5.6267850736231475,2.9135060030966997,36.11714401631616,180.32947976878611
1781616586,150,POST,/posts,21.000000,0.000000,5,6,7,7,8,10,12,12,19,19,19,771,0,5,6.141756511829073,3.3709920244291425,37.60624802089296,227.82101167315176
1781616586,150,GET,/timeline/{user_id},181.300000,0.000000,4,4,5,5,9,18,30,58,170,170,170,6503,0,4,7.223493680470356,1.975320978090167,220.63743599574082,7859.1997539597105
1781616586,150,GET,/users/{user_id},75.500000,0.000000,3,3,4,4,7,12,19,25,44,44,44,2616,0,3,4.3921002133500044,1.6462570056319237,55.74054102180526,262.2297400611621
1781616586,150,,Aggregated,730.400000,0.000000,4,4,5,5,8,15,25,35,150,200,200,25989,0,4,6.15503416903827,1.6462570056319237,576.685025007464,8290.06579706799
1781616587,150,GET,/feed/{user_id},294.700000,0.000000,4,4,5,5,8,14,24,29,51,82,82,10750,0,4,5.229168901978017,1.9716140232048929,82.23031301167794,9796.570325581395
1781616587,150,GET,/feed/{user_id}?with_fof=true,145.400000,0.000000,4,4,5,5,8,16,28,40,180,200,200,5271,0,4,7.495785464350994,1.996542006963864,576.685025007464,11891.65300701954
1781616587,150,POST,/likes,13.300000,0.000000,4,5,6,6,7,9,11,13,18,18,18,532,0,5,5.6218983874878585,2.9135060030966997,36.11714401631616,180.31954887218046
1781616587,150,POST,/posts,21.200000,0.000000,5,6,6,7,8,10,12,12,19,19,19,788,0,5,6.132635674563468,3.3709920244291425,37.60624802089296,227.8210659898477
1781616587,150,GET,/timeline/{user_id},180.500000,0.000000,4,4,5,5,8,17,30,45,160,170,170,6673,0,4,7.142402973934716,1.975320978090167,220.63743599574082,7865.314251461112
1781616587,150,GET,/users/{user_id},74.400000,0.000000,3,3,4,4,7,12,19,25,44,44,44,2700,0,3,4.380232490053728,1.6462570056319237,55.74054102180526,262.2344444444444
1781616587,150,,Aggregated,729.500000,0.000000,4,4,5,5,8,14,24,34,150,200,200,26714,0,4,6.10298347311405,1.6462570056319237,576.685025007464,8290.138579022236
1781616588,150,GET,/feed/{user_id},292.700000,0.000000,4,4,5,5,8,14,25,29,51,82,82,11057,0,4,5.2265096683494585,1.9716140232048929,82.23031301167794,9805.497151125983
1781616588,150,GET,/feed/{user_id}?with_fof=true,147.200000,0.000000,4,4,5,5,8,16,28,40,180,200,200,5415,0,4,7.459071187939046,1.996542006963864,576.685025007464,11898.295475530933
1781616588,150,POST,/likes,13.400000,0.000000,4,5,6,6,7,9,11,13,18,18,18,545,0,5,5.617230910425493,2.9135060030966997,36.11714401631616,180.3119266055046
1781616588,150,POST,/posts,22.000000,0.000000,5,6,6,7,8,10,12,12,19,19,19,809,0,5,6.120265003182086,3.3709920244291425,37.60624802089296,227.82447466007417
1781616588,150,GET,/timeline/{user_id},180.900000,0.000000,4,4,5,5,8,16,28,45,160,170,170,6853,0,4,7.073814224686854,1.9447049999143928,220.63743599574082,7857.930687290238
1781616588,150,GET,/users/{user_id},72.800000,0.000000,3,4,4,4,7,12,19,25,44,44,44,2758,0,3,4.368688593210147,1.6462570056319237,55.74054102180526,262.2447425670776
1781616588,150,,Aggregated,729.000000,0.000000,4,4,5,5,8,14,25,33,150,200,200,27437,0,4,6.076421078880296,1.6462570056319237,576.685025007464,8299.190946532055
1781616589,150,GET,/feed/{user_id},291.400000,0.000000,4,4,5,6,8,14,25,31,51,82,82,11342,0,4,5.221285195559931,1.9716140232048929,82.23031301167794,9801.94304355493
1781616589,150,GET,/feed/{user_id}?with_fof=true,147.600000,0.000000,4,4,5,6,8,16,28,40,180,200,200,5563,0,4,7.394873509175574,1.996542006963864,576.685025007464,11899.35556354485
1781616589,150,POST,/likes,13.000000,0.000000,5,6,6,7,8,10,11,18,27,27,27,566,0,5,5.681963159211964,2.9135060030966997,36.11714401631616,180.31978798586573
1781616589,150,POST,/posts,21.900000,0.000000,5,6,7,7,8,10,12,12,19,19,19,833,0,5,6.1150925769009445,3.3709920244291425,37.60624802089296,227.81632653061226
1781616589,150,GET,/timeline/{user_id},180.700000,0.000000,4,4,5,5,8,17,30,54,160,170,170,7047,0,4,7.059839811225191,1.9447049999143928,220.63743599574082,7847.403717894139
1781616589,150,GET,/users/{user_id},74.200000,0.000000,3,4,4,4,7,12,19,25,44,44,44,2824,0,3,4.365595524164597,1.6462570056319237,55.74054102180526,262.25779036827197
1781616589,150,,Aggregated,728.800000,0.000000,4,4,5,6,8,14,26,35,150,200,200,28175,0,4,6.060212748685063,1.6462570056319237,576.685025007464,8294.688731144632
1781616590,150,GET,/feed/{user_id},292.700000,0.000000,4,4,5,5,8,14,25,31,51,82,82,11624,0,4,5.2213219729731,1.9716140232048929,82.23031301167794,9799.626634549208
1781616590,150,GET,/feed/{user_id}?with_fof=true,148.300000,0.000000,4,4,5,5,8,15,24,40,170,200,200,5696,0,4,7.40658131577077,1.996542006963864,576.685025007464,11896.611306179775
1781616590,150,POST,/likes,12.400000,0.000000,5,6,6,7,8,10,14,18,27,27,27,581,0,5,5.678900938251468,2.9135060030966997,36.11714401631616,180.31497418244408
1781616590,150,POST,/posts,21.800000,0.000000,5,6,7,7,9,11,14,19,21,21,21,853,0,5,6.149340366404493,3.3709920244291425,37.60624802089296,227.81828839390386
1781616590,150,GET,/timeline/{user_id},180.800000,0.000000,4,4,5,5,8,16,28,45,150,150,150,7251,0,4,6.998355685482928,1.9447049999143928,220.63743599574082,7846.994621431527
1781616590,150,GET,/users/{user_id},72.900000,0.000000,3,4,4,4,6,11,17,20,44,44,44,2897,0,3,4.354873066010567,1.6462570056319237,55.74054102180526,262.27614773904037
1781616590,150,,Aggregated,728.900000,0.000000,4,4,5,5,8,14,24,34,150,200,200,28902,0,4,6.047557501688675,1.6462570056319237,576.685025007464,8291.170922427513
1781616591,150,GET,/feed/{user_id},290.100000,0.000000,4,4,5,5,7,13,23,28,51,82,82,11916,0,4,5.201968738551739,1.9716140232048929,82.23031301167794,9802.898036253777
1781616591,150,GET,/feed/{user_id}?with_fof=true,147.900000,0.000000,4,4,5,5,7,13,21,37,160,170,170,5828,0,4,7.340702403495326,1.996542006963864,576.685025007464,11897.655628002745
1781616591,150,POST,/likes,13.400000,0.000000,5,5,6,7,8,10,11,14,27,27,27,594,0,5,5.651466094393688,2.9135060030966997,36.11714401631616,180.3181818181818
1781616591,150,POST,/posts,21.900000,0.000000,5,6,6,7,8,10,14,20,21,21,21,869,0,5,6.145677966100804,3.3709920244291425,37.60624802089296,227.81933256616801
1781616591,150,GET,/timeline/{user_id},184.600000,0.000000,3,4,5,5,7,14,25,31,150,150,150,7444,0,4,6.929676241999659,1.9447049999143928,220.63743599574082,7860.188742611499
1781616591,150,GET,/users/{user_id},71.900000,0.000000,3,4,4,4,6,11,17,20,44,44,44,2978,0,3,4.340698841626645,1.6462570056319237,55.74054102180526,262.2813969106783
1781616591,150,,Aggregated,729.800000,0.000000,4,4,5,5,7,13,21,29,150,170,170,29629,0,4,6.0068496812101095,1.6462570056319237,576.685025007464,8294.180465084883
1781616592,150,GET,/feed/{user_id},288.100000,0.000000,4,4,5,5,7,13,23,28,51,82,82,12226,0,4,5.1906673018552825,1.9716140232048929,82.23031301167794,9811.269016849337
1781616592,150,GET,/feed/{user_id}?with_fof=true,145.700000,0.000000,4,4,5,5,7,14,23,37,160,170,170,5978,0,4,7.283938135932673,1.996542006963864,576.685025007464,11899.984275677483
1781616592,150,POST,/likes,13.200000,0.000000,5,5,6,6,8,10,14,14,27,27,27,601,0,5,5.659813311281451,2.9135060030966997,36.11714401631616,180.31281198003327
1781616592,150,POST,/posts,22.100000,0.000000,5,6,6,7,8,11,14,20,21,21,21,887,0,5,6.12863951123539,3.3709920244291425,37.60624802089296,227.82525366403607
1781616592,150,GET,/timeline/{user_id},187.700000,0.000000,3,4,5,5,8,15,25,30,150,160,160,7617,0,4,6.915315770172964,1.9447049999143928,220.63743599574082,7861.046343704871
1781616592,150,GET,/users/{user_id},72.600000,0.000000,3,4,4,4,7,13,18,24,44,44,44,3045,0,3,4.355251360373045,1.6462570056319237,55.74054102180526,262.288013136289
1781616592,150,,Aggregated,729.400000,0.000000,4,4,5,5,7,13,23,29,130,170,170,30354,0,4,5.988595647011186,1.6462570056319237,576.685025007464,8304.585458259207
1781616593,150,GET,/feed/{user_id},286.700000,0.000000,4,4,5,5,7,14,25,31,51,82,82,12483,0,4,5.184409190811245,1.9716140232048929,82.23031301167794,9806.150684931506
1781616593,150,GET,/feed/{user_id}?with_fof=true,143.700000,0.000000,4,4,5,5,7,14,27,40,160,170,170,6125,0,4,7.255103470168399,1.996542006963864,576.685025007464,11899.465795918368
1781616593,150,POST,/likes,14.000000,0.000000,5,5,6,6,8,10,14,16,27,27,27,620,0,5,5.638210816147376,2.9135060030966997,36.11714401631616,180.31935483870967
1781616593,150,POST,/posts,21.600000,0.000000,5,6,6,7,9,11,19,21,34,34,34,909,0,5,6.149709089619453,3.3709920244291425,37.60624802089296,227.82398239823982
1781616593,150,GET,/timeline/{user_id},188.900000,0.000000,3,4,5,5,8,15,26,31,150,160,160,7819,0,4,6.874989929838972,1.9447049999143928,220.63743599574082,7866.51745747538
1781616593,150,GET,/users/{user_id},73.200000,0.000000,3,4,4,4,7,12,19,25,44,44,44,3115,0,3,4.35406591180401,1.6462570056319237,55.74054102180526,262.30529695024074
1781616593,150,,Aggregated,728.100000,0.000000,4,4,5,5,7,14,24,32,150,170,170,31071,0,4,5.972087365351424,1.6462570056319237,576.685025007464,8301.589198931479
1781616594,150,GET,/feed/{user_id},288.800000,0.000000,4,4,5,5,7,14,24,28,51,82,82,12751,0,4,5.171796780179448,1.9716140232048929,82.23031301167794,9811.033487569603
1781616594,150,GET,/feed/{user_id}?with_fof=true,145.000000,0.000000,4,4,5,5,7,14,27,40,160,170,170,6273,0,4,7.216451226319741,1.996542006963864,576.685025007464,11900.910090865615
1781616594,150,POST,/likes,13.200000,0.000000,5,5,6,7,9,13,18,24,27,27,27,640,0,5,5.675388368536005,2.9135060030966997,36.11714401631616,180.315625
1781616594,150,POST,/posts,20.900000,0.000000,5,6,7,7,9,11,19,21,34,34,34,935,0,5,6.164203356655145,3.3709920244291425,37.60624802089296,227.82139037433154
1781616594,150,GET,/timeline/{user_id},186.900000,0.000000,3,4,5,5,7,14,25,32,150,160,160,8019,0,4,6.837755530018767,1.9447049999143928,220.63743599574082,7874.4885895997
1781616594,150,GET,/users/{user_id},73.100000,0.000000,3,4,4,4,7,12,19,24,44,44,44,3186,0,3,4.341513804248192,1.6462570056319237,55.74054102180526,262.30759573132457
1781616594,150,,Aggregated,727.900000,0.000000,4,4,5,5,7,14,23,31,150,170,170,31804,0,4,5.951269732004236,1.6462570056319237,576.685025007464,8302.872217331153
1781616595,150,GET,/feed/{user_id},287.100000,0.000000,4,4,5,5,7,13,20,26,39,51,51,13022,0,4,5.1611453565556875,1.9716140232048929,82.23031301167794,9808.675088312088
1781616595,150,GET,/feed/{user_id}?with_fof=true,143.900000,0.000000,4,4,5,5,7,14,23,32,160,170,170,6426,0,4,7.184817705039041,1.996542006963864,576.685025007464,11901.989262371615
1781616595,150,POST,/likes,13.800000,0.000000,5,5,6,7,9,13,18,24,27,27,27,652,0,5,5.662217022843254,2.9135060030966997,36.11714401631616,180.31901840490798
1781616595,150,POST,/posts,21.100000,0.000000,5,6,6,7,8,11,19,21,34,34,34,959,0,5,6.14125220068877,3.3709920244291425,37.60624802089296,227.82273201251303
1781616595,150,GET,/timeline/{user_id},189.000000,0.000000,3,4,5,5,7,13,21,30,150,160,160,8217,0,4,6.800880171641513,1.9447049999143928,220.63743599574082,7883.932092004381
1781616595,150,GET,/users/{user_id},70.700000,0.000000,3,3,4,4,7,12,18,24,42,42,42,3267,0,3,4.353610220764538,1.6462570056319237,55.74054102180526,262.3220079583716
1781616595,150,,Aggregated,725.600000,0.000000,4,4,5,5,7,13,20,27,150,170,170,32543,0,4,5.932623812390358,1.6462570056319237,576.685025007464,8302.432965614726
1781616596,150,GET,/feed/{user_id},286.500000,0.000000,4,4,5,5,7,13,20,26,39,51,51,13315,0,4,5.138125881536347,1.9716140232048929,82.23031301167794,9807.549530604581
1781616596,150,GET,/feed/{user_id}?with_fof=true,142.700000,0.000000,4,4,5,5,7,15,24,37,170,180,180,6573,0,4,7.167309940934912,1.996542006963864,576.685025007464,11907.526852274455
1781616596,150,POST,/likes,15.400000,0.000000,5,5,6,6,9,11,18,24,27,27,27,673,0,5,5.638023659539856,2.9135060030966997,36.11714401631616,180.31500742942052
1781616596,150,POST,/posts,20.900000,0.000000,5,6,6,7,8,11,19,21,34,34,34,981,0,5,6.133274563188759,3.3709920244291425,37.60624802089296,227.81855249745158
1781616596,150,GET,/timeline/{user_id},188.700000,0.000000,3,4,5,5,7,13,21,29,150,160,160,8385,0,4,6.74597747361448,1.9447049999143928,220.63743599574082,7891.438044126417
1781616596,150,GET,/users/{user_id},70.200000,0.000000,3,3,4,4,6,12,18,24,42,42,42,3349,0,3,4.338988150291216,1.6462570056319237,55.74054102180526,262.3323380113467
1781616596,150,,Aggregated,724.400000,0.000000,4,4,5,5,7,13,21,27,150,180,180,33276,0,4,5.903122342089278,1.6462570056319237,576.685025007464,8301.74290780142
1781616597,150,GET,/feed/{user_id},283.300000,0.000000,4,4,5,5,7,13,21,27,39,51,51,13612,0,4,5.1482745757042,1.9716140232048929,82.23031301167794,9817.473626212166
1781616597,150,GET,/feed/{user_id}?with_fof=true,144.400000,0.000000,4,4,5,5,7,14,24,33,170,180,180,6718,0,4,7.119123066041138,1.996542006963864,576.685025007464,11909.896844298899
1781616597,150,POST,/likes,14.700000,0.000000,5,5,6,6,9,13,24,27,36,36,36,688,0,5,5.670319884894673,2.9135060030966997,36.26916298526339,180.31831395348837
1781616597,150,POST,/posts,20.800000,0.000000,5,6,6,7,8,10,19,21,34,34,34,1000,0,5,6.132355623529293,3.3709920244291425,37.60624802089296,227.818
1781616597,150,GET,/timeline/{user_id},192.000000,0.000000,3,4,5,5,7,14,24,31,160,160,160,8575,0,4,6.748182153849898,1.9447049999143928,220.63743599574082,7894.51137026239
1781616597,150,GET,/users/{user_id},71.200000,0.000000,3,4,4,4,6,12,18,24,42,42,42,3410,0,3,4.328509821746665,1.6462570056319237,55.74054102180526,262.33372434017593
1781616597,150,,Aggregated,726.400000,0.000000,4,4,5,5,7,13,22,28,150,180,180,34003,0,4,5.898420681937058,1.6462570056319237,576.685025007464,8310.678704820162
1781616598,150,GET,/feed/{user_id},285.700000,0.000000,4,4,5,5,8,14,23,29,53,69,69,13915,0,4,5.1837344578922595,1.9716140232048929,82.23031301167794,9815.934459216673
1781616598,150,GET,/feed/{user_id}?with_fof=true,144.500000,0.000000,4,4,5,5,7,15,27,42,170,180,180,6863,0,4,7.121127265461967,1.996542006963864,576.685025007464,11910.182864636456
1781616598,150,POST,/likes,15.400000,0.000000,4,5,6,6,8,13,18,24,36,36,36,697,0,5,5.657097180546001,2.9135060030966997,36.26916298526339,180.31850789096126
1781616598,150,POST,/posts,20.700000,0.000000,5,6,6,7,8,10,19,21,34,34,34,1018,0,5,6.119571459311068,3.3709920244291425,37.60624802089296,227.81728880157172
1781616598,150,GET,/timeline/{user_id},188.900000,0.000000,3,4,5,5,7,15,25,31,160,160,160,8747,0,4,6.750611453673392,1.9447049999143928,220.63743599574082,7888.730650508746
1781616598,150,GET,/users/{user_id},73.800000,0.000000,3,4,4,4,7,14,19,25,62,62,62,3486,0,3,4.365915142611052,1.6462570056319237,61.507436010288075,262.34566838783707
1781616598,150,,Aggregated,729.000000,0.000000,4,4,5,5,7,14,24,31,150,180,180,34726,0,4,5.916139505191464,1.6462570056319237,576.685025007464,8310.867275240455
1781616599,150,GET,/feed/{user_id},286.200000,0.000000,4,4,5,5,7,14,23,29,53,69,69,14207,0,4,5.174607792544637,1.9716140232048929,82.23031301167794,9809.552966847328
1781616599,150,GET,/feed/{user_id}?with_fof=true,144.600000,0.000000,4,4,5,5,8,15,25,40,170,180,180,7006,0,4,7.082518168710185,1.996542006963864,576.685025007464,11912.762203825292
1781616599,150,POST,/likes,15.200000,0.000000,4,5,6,6,8,11,18,24,36,36,36,721,0,5,5.64661217177217,2.9135060030966997,36.26916298526339,180.3148404993065
1781616599,150,POST,/posts,21.200000,0.000000,5,6,6,7,8,9,13,19,34,34,34,1036,0,5,6.121470426327484,3.3709920244291425,37.60624802089296,227.8146718146718
1781616599,150,GET,/timeline/{user_id},189.000000,0.000000,3,4,5,5,7,14,22,31,160,160,160,8943,0,4,6.702524977021776,1.9447049999143928,220.63743599574082,7897.725930895673
1781616599,150,GET,/users/{user_id},71.400000,0.000000,3,4,4,4,6,14,19,25,62,62,62,3544,0,3,4.353461353856643,1.6431830008514225,61.507436010288075,262.35524830699774
1781616599,150,,Aggregated,727.600000,0.000000,4,4,5,5,7,14,22,30,150,180,180,35457,0,4,5.892155959155087,1.6431830008514225,576.685025007464,8312.894604732493
1781616600,150,GET,/feed/{user_id},285.100000,0.000000,4,4,5,5,7,14,24,33,62,69,69,14502,0,4,5.188339690965464,1.9614689808804542,82.23031301167794,9814.231968004413
1781616600,150,GET,/feed/{user_id}?with_fof=true,143.600000,0.000000,4,4,5,6,8,17,27,42,150,180,180,7167,0,4,7.074003520712471,1.996542006963864,576.685025007464,11913.136877354542
1781616600,150,POST,/likes,15.000000,0.000000,4,5,6,6,8,13,18,24,36,36,36,733,0,5,5.641065495008333,2.9135060030966997,36.26916298526339,180.32332878581173
1781616600,150,POST,/posts,21.400000,0.000000,5,6,6,7,8,10,15,19,34,34,34,1057,0,5,6.128050346072198,3.3709920244291425,37.60624802089296,227.81646168401136
1781616600,150,GET,/timeline/{user_id},190.300000,0.000000,4,4,5,5,7,15,25,35,160,160,160,9119,0,4,6.713971335951447,1.9447049999143928,220.63743599574082,7892.7665314179185
1781616600,150,GET,/users/{user_id},72.200000,0.000000,3,4,4,4,6,13,21,25,62,62,62,3595,0,3,4.342289371647508,1.6431830008514225,61.507436010288075,262.36189151599444
1781616600,150,,Aggregated,727.600000,0.000000,4,4,5,5,8,15,24,34,150,180,180,36173,0,4,5.899100725916592,1.6431830008514225,576.685025007464,8321.061344096426
1781616601,150,GET,/feed/{user_id},285.900000,0.000000,4,4,5,5,8,15,24,34,62,69,69,14776,0,4,5.19032538910362,1.9614689808804542,82.23031301167794,9814.027950730915
1781616601,150,GET,/feed/{user_id}?with_fof=true,144.700000,0.000000,4,4,5,6,9,17,27,42,150,180,180,7322,0,4,7.042101349079855,1.996542006963864,576.685025007464,11911.876126741328
1781616601,150,POST,/likes,15.200000,0.000000,4,5,6,6,8,10,16,24,36,36,36,750,0,5,5.631320950458758,2.9135060030966997,36.26916298526339,180.31866666666667
1781616601,150,POST,/posts,20.600000,0.000000,5,6,7,7,9,10,15,19,34,34,34,1071,0,5,6.132825320980266,3.3709920244291425,37.60624802089296,227.81512605042016
1781616601,150,GET,/timeline/{user_id},187.900000,0.000000,4,4,5,5,7,15,25,38,160,170,170,9315,0,4,6.703532856817958,1.9447049999143928,220.63743599574082,7893.385829307568
1781616601,150,GET,/users/{user_id},71.600000,0.000000,3,4,4,4,6,14,21,25,62,62,62,3667,0,3,4.340822306012543,1.6431830008514225,61.507436010288075,262.37769293700575
1781616601,150,,Aggregated,725.900000,0.000000,4,4,5,5,8,15,24,35,150,180,180,36901,0,4,5.891641544033468,1.6431830008514225,576.685025007464,8322.243055743747
1781616602,150,GET,/feed/{user_id},285.300000,0.000000,4,4,5,5,8,14,24,30,62,69,69,15045,0,4,5.179519787112429,1.9614689808804542,82.23031301167794,9820.489066134929
1781616602,150,GET,/feed/{user_id}?with_fof=true,146.200000,0.000000,4,4,5,6,8,15,24,38,150,180,180,7462,0,4,6.998092488358778,1.996542006963864,576.685025007464,11906.271911015814
1781616602,150,POST,/likes,15.200000,0.000000,5,5,6,6,8,10,13,24,36,36,36,774,0,5,5.625048576072352,2.9135060030966997,36.26916298526339,180.31266149870802
1781616602,150,POST,/posts,20.300000,0.000000,5,6,7,7,9,10,14,18,19,19,19,1101,0,5,6.138154107844246,3.3709920244291425,37.60624802089296,227.81653042688464
1781616602,150,GET,/timeline/{user_id},188.000000,0.000000,4,4,5,5,7,15,24,34,160,170,170,9513,0,4,6.674904998569653,1.9345290202181786,220.63743599574082,7898.145695364238
1781616602,150,GET,/users/{user_id},69.900000,0.000000,3,4,4,4,6,12,18,24,62,62,62,3745,0,3,4.324280946140609,1.6431830008514225,61.507436010288075,262.38744993324434
1781616602,150,,Aggregated,724.900000,0.000000,4,4,5,5,8,14,23,31,150,180,180,37640,0,4,5.8700940491643445,1.6431830008514225,576.685025007464,8318.330180658873
1781616603,150,GET,/feed/{user_id},286.600000,0.000000,4,4,5,5,8,15,24,31,62,69,69,15354,0,4,5.190174172273718,1.9614689808804542,82.23031301167794,9821.891233554774
1781616603,150,GET,/feed/{user_id}?with_fof=true,148.700000,0.000000,4,4,5,6,9,16,25,38,150,180,180,7591,0,4,6.986195951155753,1.996542006963864,576.685025007464,11898.672111711237
1781616603,150,POST,/likes,15.300000,0.000000,5,6,6,6,8,9,13,18,36,36,36,788,0,5,5.629363419881934,2.9135060030966997,36.26916298526339,180.2994923857868
1781616603,150,POST,/posts,20.300000,0.000000,5,6,6,7,9,10,13,15,18,18,18,1118,0,5,6.130091982813675,3.3709920244291425,37.60624802089296,227.8175313059034
1781616603,150,GET,/timeline/{user_id},185.600000,0.000000,4,4,5,6,8,17,24,34,160,170,170,9701,0,4,6.678290242782637,1.9345290202181786,220.63743599574082,7901.899907226059
1781616603,150,GET,/users/{user_id},69.000000,0.000000,3,4,4,4,6,12,20,24,62,62,62,3818,0,3,4.328359522862687,1.6431830008514225,61.507436010288075,262.3847564169722
1781616603,150,,Aggregated,725.500000,0.000000,4,4,5,6,8,15,24,32,150,180,180,38370,0,4,5.872382049035464,1.6431830008514225,576.685025007464,8318.556945530363
1781616604,150,GET,/feed/{user_id},282.300000,0.000000,4,4,5,6,8,15,24,33,62,69,69,15652,0,4,5.196703988649881,1.9614689808804542,82.23031301167794,9818.425696396627
1781616604,150,GET,/feed/{user_id}?with_fof=true,148.100000,0.000000,4,4,5,6,10,17,27,42,150,180,180,7730,0,4,6.986487580197929,1.996542006963864,576.685025007464,11899.945666235446
1781616604,150,POST,/likes,17.200000,0.000000,5,6,6,6,8,9,14,22,36,36,36,799,0,5,5.663693253823949,2.9135060030966997,36.26916298526339,180.2941176470588
1781616604,150,POST,/posts,21.300000,0.000000,6,6,7,7,9,10,13,15,15,15,15,1141,0,5,6.137845966580106,3.3709920244291425,37.60624802089296,227.817703768624
1781616604,150,GET,/timeline/{user_id},188.900000,0.000000,4,4,5,6,8,17,25,35,160,170,170,9879,0,4,6.67704170376129,1.9345290202181786,220.63743599574082,7901.739649762122
1781616604,150,GET,/users/{user_id},69.200000,0.000000,3,4,4,5,6,12,18,24,62,62,62,3897,0,3,4.334281330846294,1.6431830008514225,61.507436010288075,262.3856812933025
1781616604,150,,Aggregated,727.000000,0.000000,4,4,5,6,8,15,24,33,150,180,180,39098,0,4,5.875648941652181,1.6431830008514225,576.685025007464,8316.342958719117
1781616605,150,GET,/feed/{user_id},284.600000,0.000000,4,4,5,6,8,15,24,33,62,69,69,15949,0,4,5.182220669581466,1.9614689808804542,82.23031301167794,9820.801241457144
1781616605,150,GET,/feed/{user_id}?with_fof=true,146.600000,0.000000,4,4,5,6,10,17,26,38,120,220,220,7874,0,4,6.973877400935593,1.996542006963864,576.685025007464,11902.788417576836
1781616605,150,POST,/likes,17.100000,0.000000,5,6,6,7,9,9,14,22,36,36,36,815,0,5,5.6610868462758495,2.9135060030966997,36.26916298526339,180.2920245398773
1781616605,150,POST,/posts,21.200000,0.000000,5,6,7,7,9,10,13,15,15,15,15,1163,0,5,6.135275668945277,3.3709920244291425,37.60624802089296,227.81599312123817
1781616605,150,GET,/timeline/{user_id},188.600000,0.000000,4,4,5,6,8,17,25,34,160,170,170,10069,0,4,6.63869641216867,1.9345290202181786,220.63743599574082,7904.421888966133
1781616605,150,GET,/users/{user_id},69.900000,0.000000,3,4,4,5,6,11,18,23,62,62,62,3965,0,3,4.320950584195749,1.6431830008514225,61.507436010288075,262.39293820933165
1781616605,150,,Aggregated,728.000000,0.000000,4,4,5,6,8,15,24,32,150,220,220,39835,0,4,5.856414277326028,1.6431830008514225,576.685025007464,8319.227187146982
1781616606,150,GET,/feed/{user_id},287.800000,0.000000,4,4,5,6,8,16,26,34,62,69,69,16241,0,4,5.201655741342516,1.9614689808804542,82.23031301167794,9818.03977587587
1781616606,150,GET,/feed/{user_id}?with_fof=true,146.100000,0.000000,4,4,5,6,11,18,28,38,120,220,220,8009,0,4,6.9685941243618705,1.996542006963864,576.685025007464,11904.449619178424
1781616606,150,POST,/likes,15.900000,0.000000,5,6,7,7,9,9,13,14,22,22,22,828,0,5,5.671553843857716,2.9135060030966997,36.26916298526339,180.28381642512076
1781616606,150,POST,/posts,20.700000,0.000000,5,6,7,8,9,11,14,15,30,30,30,1193,0,5,6.152198502862411,3.3709920244291425,37.60624802089296,227.81391450125733
1781616606,150,GET,/timeline/{user_id},187.100000,0.000000,4,4,5,6,8,17,26,34,150,170,170,10257,0,4,6.615225460781964,1.9345290202181786,220.63743599574082,7909.235546456079
1781616606,150,GET,/users/{user_id},70.800000,0.000000,3,4,4,5,7,13,21,24,62,62,62,4027,0,3,4.3474867934846655,1.6431830008514225,61.507436010288075,262.3983113980631
1781616606,150,,Aggregated,728.400000,0.000000,4,5,5,6,9,16,25,33,140,220,220,40555,0,4,5.860852607628909,1.6431830008514225,576.685025007464,8319.573048945877
1781616607,150,GET,/feed/{user_id},292.700000,0.000000,4,4,5,6,8,15,24,32,47,62,62,16540,0,4,5.203338894854269,1.9614689808804542,82.23031301167794,9812.426118500605
1781616607,150,GET,/feed/{user_id}?with_fof=true,144.500000,0.000000,4,4,5,6,10,17,27,36,200,220,220,8149,0,4,6.950608958999169,1.996542006963864,576.685025007464,11908.408516382378
1781616607,150,POST,/likes,16.200000,0.000000,5,6,7,7,9,10,11,14,22,22,22,847,0,5,5.6674879536619835,2.9135060030966997,36.26916298526339,180.27744982290437
1781616607,150,POST,/posts,19.900000,0.000000,5,6,7,8,9,11,15,30,35,35,35,1211,0,5,6.156231882680295,3.3709920244291425,37.60624802089296,227.81585466556564
1781616607,150,GET,/timeline/{user_id},184.100000,0.000000,4,4,5,5,8,17,24,33,150,170,170,10444,0,4,6.60298982494771,1.9345290202181786,220.63743599574082,7903.364898506319
1781616607,150,GET,/users/{user_id},70.000000,0.000000,3,4,4,5,7,12,21,24,38,38,38,4103,0,3,4.361349461937145,1.6431830008514225,61.507436010288075,262.4016573239093
1781616607,150,,Aggregated,727.400000,0.000000,4,4,5,6,8,15,24,32,150,220,220,41294,0,4,5.855948549632716,1.6431830008514225,576.685025007464,8315.665859446894
1781616608,150,GET,/feed/{user_id},291.700000,0.000000,4,5,5,6,11,21,33,40,88,120,120,16802,0,4,5.338098246877761,1.9614689808804542,122.76538400328718,9806.635102963934
1781616608,150,GET,/feed/{user_id}?with_fof=true,143.000000,0.000000,4,4,5,6,11,19,32,46,500,650,650,8219,0,4,7.1753113067152885,1.996542006963864,647.5889059947804,11908.832826377904
1781616608,150,POST,/likes,15.600000,0.000000,5,6,7,7,9,10,14,16,22,22,22,861,0,5,5.676061244667686,2.9135060030966997,36.26916298526339,180.27642276422765
1781616608,150,POST,/posts,20.500000,0.000000,5,6,7,7,9,11,15,30,35,35,35,1230,0,5,6.149829541403058,3.3709920244291425,37.60624802089296,227.81463414634146
1781616608,150,GET,/timeline/{user_id},186.900000,0.000000,4,5,5,6,12,23,47,210,570,720,720,10586,0,4,7.333993417967785,1.9345290202181786,718.9601899881382,7906.584734555073
1781616608,150,GET,/users/{user_id},67.800000,0.000000,3,4,5,5,8,13,24,30,100,100,100,4148,0,3,4.437317051678631,1.6431830008514225,102.17601302429102,262.4052555448409
1781616608,150,,Aggregated,725.500000,0.000000,4,5,5,6,10,20,34,47,490,720,720,41846,0,4,6.1453815154253135,1.6431830008514225,718.9601899881382,8313.166682598097
1781616609,150,GET,/feed/{user_id},291.500000,0.000000,4,5,6,6,13,25,41,58,120,230,230,17034,0,4,5.459616899335382,1.9614689808804542,225.57630800292827,9809.490078666196
1781616609,150,GET,/feed/{user_id}?with_fof=true,142.400000,0.000000,4,5,6,7,17,39,800,1100,1400,1400,1400,8358,0,4,11.1243133028154,1.996542006963864,1409.7235499939416,11903.09164871979
1781616609,150,POST,/likes,15.900000,0.000000,5,6,7,7,9,10,14,16,22,22,22,872,0,5,5.67185722323911,2.9135060030966997,36.26916298526339,180.26261467889907
1781616609,150,POST,/posts,21.200000,0.000000,5,6,7,7,9,11,15,30,35,35,35,1241,0,5,6.139154578490621,3.3709920244291425,37.60624802089296,227.81385979049153
1781616609,150,GET,/timeline/{user_id},187.000000,0.000000,4,5,6,7,17,36,210,490,1100,1200,1200,10741,0,4,8.598231933564223,1.9345290202181786,1248.7645139917731,7909.418862303323
1781616609,150,GET,/users/{user_id},68.700000,0.000000,3,4,5,5,9,17,29,47,150,150,150,4201,0,3,4.545069715148968,1.6431830008514225,145.04238299559802,262.4160914068079
1781616609,150,,Aggregated,726.700000,0.000000,4,5,6,6,13,27,72,300,1300,1400,1400,42447,0,4,7.302945373066072,1.6431830008514225,1409.7235499939416,8318.09734492426
1781616610,150,GET,/feed/{user_id},289.900000,0.000000,4,5,6,6,13,25,38,58,120,230,230,17326,0,4,5.468669138305824,1.9614689808804542,225.57630800292827,9803.0717418908
1781616610,150,GET,/feed/{user_id}?with_fof=true,136.900000,0.000000,4,5,6,7,18,83,860,1100,1400,1400,1400,8489,0,4,11.313394663463717,1.996542006963864,1409.7235499939416,11898.238543998115
1781616610,150,POST,/likes,16.300000,0.000000,5,6,7,7,9,10,14,16,22,22,22,880,0,5,5.669058400764532,2.9135060030966997,36.26916298526339,180.2647727272727
1781616610,150,POST,/posts,20.700000,0.000000,5,6,6,7,9,10,14,30,35,35,35,1263,0,5,6.129701639689109,3.3709920244291425,37.60624802089296,227.80918448139352
1781616610,150,GET,/timeline/{user_id},184.700000,0.000000,4,5,6,7,17,40,240,520,1100,1200,1200,10918,0,4,8.720333299524395,1.9345290202181786,1248.7645139917731,7900.678512548086
1781616610,150,GET,/users/{user_id},66.600000,0.000000,3,4,5,5,10,17,30,47,150,150,150,4279,0,3,4.562370200386205,1.6431830008514225,145.04238299559802,262.4218275297967
1781616610,150,,Aggregated,715.100000,0.000000,4,5,6,6,14,29,89,340,1300,1400,1400,43155,0,4,7.374606289043917,1.6431830008514225,1409.7235499939416,8311.459506430308
1781616611,150,GET,/feed/{user_id},280.600000,0.000000,4,5,6,6,15,28,41,58,120,230,230,17624,0,4,5.491195024757987,1.9614689808804542,225.57630800292827,9807.697968679075
1781616611,150,GET,/feed/{user_id}?with_fof=true,134.500000,0.000000,4,5,6,7,21,96,860,1100,1400,1400,1400,8637,0,4,11.309871606928024,1.996542006963864,1409.7235499939416,11900.60981822392
1781616611,150,POST,/likes,15.300000,0.000000,5,6,7,8,9,10,14,16,22,22,22,888,0,5,5.664576067214806,2.9135060030966997,36.26916298526339,180.26576576576576
1781616611,150,POST,/posts,20.800000,0.000000,5,6,6,7,9,10,15,30,35,35,35,1290,0,5,6.145487381361945,3.3709920244291425,37.60624802089296,227.80852713178294
1781616611,150,GET,/timeline/{user_id},180.500000,0.000000,4,5,6,7,19,50,240,520,1100,1200,1200,11096,0,4,8.77050927913258,1.9345290202181786,1248.7645139917731,7909.833543619322
1781616611,150,GET,/users/{user_id},66.400000,0.000000,3,4,5,6,11,20,38,64,150,150,150,4353,0,3,4.5932876405754595,1.6431830008514225,145.04238299559802,262.421088904204
1781616611,150,,Aggregated,698.100000,0.000000,4,5,6,7,16,32,94,340,1300,1400,1400,43888,0,4,7.399064813062702,1.6431830008514225,1409.7235499939416,8316.629078563616
1781616612,150,GET,/feed/{user_id},282.800000,0.000000,4,5,5,6,14,27,40,58,120,230,230,17937,0,4,5.476021073227532,1.9614689808804542,225.57630800292827,9809.084629536712
1781616612,150,GET,/feed/{user_id}?with_fof=true,133.900000,0.000000,4,5,6,7,20,89,810,1100,1400,1400,1400,8768,0,4,11.212508842644818,1.996542006963864,1409.7235499939416,11896.832687043796
1781616612,150,POST,/likes,14.600000,0.000000,5,6,7,7,9,10,14,16,22,22,22,897,0,5,5.655501975128666,2.9135060030966997,36.26916298526339,180.2664437012263
1781616612,150,POST,/posts,20.200000,0.000000,5,6,7,7,9,10,15,30,35,35,35,1315,0,5,6.1448240722618115,3.3709920244291425,37.60624802089296,227.81368821292776
1781616612,150,GET,/timeline/{user_id},178.200000,0.000000,4,5,6,7,19,57,250,530,1100,1200,1200,11260,0,4,8.759198743104252,1.9345290202181786,1248.7645139917731,7913.634103019538
1781616612,150,GET,/users/{user_id},67.200000,0.000000,3,4,5,5,10,18,38,64,150,150,150,4438,0,3,4.577102474850198,1.6431830008514225,145.04238299559802,262.43082469580895
1781616612,150,,Aggregated,696.900000,0.000000,4,5,6,6,15,32,94,340,1300,1400,1400,44615,0,4,7.365905078566531,1.6431830008514225,1409.7235499939416,8315.374694609436
1781616613,150,GET,/feed/{user_id},282.900000,0.000000,4,5,6,6,14,28,41,58,120,230,230,18227,0,4,5.483680683236145,1.9614689808804542,225.57630800292827,9807.159324079663
1781616613,150,GET,/feed/{user_id}?with_fof=true,131.100000,0.000000,4,5,6,7,19,94,810,1100,1400,1400,1400,8913,0,4,11.13101382242716,1.996542006963864,1409.7235499939416,11899.135868955458
1781616613,150,POST,/likes,14.100000,0.000000,5,6,7,7,9,9,10,10,16,16,16,910,0,5,5.655113431486905,2.9135060030966997,36.26916298526339,180.26703296703297
1781616613,150,POST,/posts,21.600000,0.000000,5,6,6,7,9,10,13,30,35,35,35,1331,0,5,6.141254608615586,3.3709920244291425,37.60624802089296,227.8174305033809
1781616613,150,GET,/timeline/{user_id},178.100000,0.000000,4,5,6,7,22,63,250,530,1100,1200,1200,11427,0,4,8.775566032755917,1.9345290202181786,1248.7645139917731,7915.302616609783
1781616613,150,GET,/users/{user_id},68.300000,0.000000,3,4,5,6,11,22,40,64,150,150,150,4529,0,3,4.606828537546913,1.6431830008514225,145.04238299559802,262.43541620666815
1781616613,150,,Aggregated,696.100000,0.000000,4,5,6,6,15,32,100,340,1300,1400,1400,45337,0,4,7.358772230677167,1.6431830008514225,1409.7235499939416,8313.653130996758
1781616614,150,GET,/feed/{user_id},288.100000,0.000000,4,5,6,6,15,29,43,58,120,230,230,18525,0,4,5.485346650869074,1.9614689808804542,225.57630800292827,9809.795951417003
1781616614,150,GET,/feed/{user_id}?with_fof=true,129.300000,0.000000,4,5,6,7,20,96,810,1100,1400,1400,1400,9076,0,4,11.085163887004168,1.996542006963864,1409.7235499939416,11901.819744380784
1781616614,150,POST,/likes,12.300000,0.000000,5,6,7,7,9,10,10,10,16,16,16,919,0,5,5.6453214196543495,2.9135060030966997,36.26916298526339,180.26224156692058
1781616614,150,POST,/posts,20.900000,0.000000,5,6,6,7,9,11,19,30,35,35,35,1351,0,5,6.155796517424291,3.3709920244291425,37.60624802089296,227.8156920799408
1781616614,150,GET,/timeline/{user_id},176.100000,0.000000,4,5,6,7,22,63,250,530,1100,1200,1200,11595,0,4,8.732908634266002,1.9345290202181786,1248.7645139917731,7918.194652867615
1781616614,150,GET,/users/{user_id},68.900000,0.000000,3,4,5,6,13,23,42,64,150,150,150,4603,0,3,4.618368276443007,1.6431830008514225,145.04238299559802,262.4355854877254
1781616614,150,,Aggregated,695.600000,0.000000,4,5,6,7,16,33,110,340,1300,1400,1400,46069,0,4,7.342159595742983,1.6431830008514225,1409.7235499939416,8318.832273329137
1781616615,150,GET,/feed/{user_id},289.400000,0.000000,4,5,5,6,14,28,43,58,120,230,230,18828,0,4,5.480424746572747,1.9614689808804542,225.57630800292827,9804.773103887826
1781616615,150,GET,/feed/{user_id}?with_fof=true,131.300000,0.000000,4,5,6,6,19,96,810,1100,1400,1400,1400,9212,0,4,10.992431532918712,1.996542006963864,1409.7235499939416,11905.314806773773
1781616615,150,POST,/likes,12.200000,0.000000,5,6,6,7,8,10,10,15,16,16,16,937,0,5,5.642668263229572,2.9135060030966997,36.26916298526339,180.2625400213447
1781616615,150,POST,/posts,20.800000,0.000000,5,6,6,7,9,10,15,22,35,35,35,1372,0,5,6.148741818616084,3.3709920244291425,37.60624802089296,227.8134110787172
1781616615,150,GET,/timeline/{user_id},171.600000,0.000000,4,5,6,7,22,65,250,530,1100,1200,1200,11784,0,4,8.675678182197192,1.9345290202181786,1248.7645139917731,7924.207909029192
1781616615,150,GET,/users/{user_id},71.400000,0.000000,3,4,5,6,12,21,42,64,150,150,150,4669,0,3,4.609034718003329,1.6431830008514225,145.04238299559802,262.439922895695
1781616615,150,,Aggregated,696.700000,0.000000,4,5,6,6,15,33,110,340,1300,1400,1400,46802,0,4,7.305772085485139,1.6431830008514225,1409.7235499939416,8319.338746207428
1781616616,150,GET,/feed/{user_id},287.200000,0.000000,4,5,6,6,15,28,44,58,120,230,230,19114,0,4,5.475807964031732,1.9614689808804542,225.57630800292827,9806.312912001675
1781616616,150,GET,/feed/{user_id}?with_fof=true,132.700000,0.000000,4,5,6,7,20,110,800,1100,1400,1400,1400,9367,0,4,10.95403560342969,1.996542006963864,1409.7235499939416,11907.635422226967
1781616616,150,POST,/likes,12.000000,0.000000,5,6,6,7,8,9,10,15,16,16,16,953,0,5,5.63447574770556,2.9135060030966997,36.26916298526339,180.26442812172087
1781616616,150,POST,/posts,21.300000,0.000000,5,6,7,7,9,11,15,22,35,35,35,1390,0,5,6.150345884245928,3.3709920244291425,37.60624802089296,227.8158273381295
1781616616,150,GET,/timeline/{user_id},172.400000,0.000000,4,5,6,7,22,75,250,530,1100,1200,1200,11970,0,4,8.678419134315451,1.9345290202181786,1248.7645139917731,7917.431746031746
1781616616,150,GET,/users/{user_id},70.000000,0.000000,3,4,5,5,12,22,42,64,150,150,150,4740,0,3,4.601454168628363,1.6431830008514225,145.04238299559802,262.44789029535866
1781616616,150,,Aggregated,695.600000,0.000000,4,5,6,7,16,34,120,340,1300,1400,1400,47534,0,4,7.297539674455086,1.6431830008514225,1409.7235499939416,8319.95630496066
1781616617,150,GET,/feed/{user_id},286.100000,0.000000,4,4,5,6,11,21,38,55,120,230,230,19399,0,4,5.457727313615632,1.9614689808804542,225.57630800292827,9807.242280529925
1781616617,150,GET,/feed/{user_id}?with_fof=true,134.300000,0.000000,4,5,5,6,19,96,770,980,1400,1400,1400,9519,0,4,10.90216603700585,1.996542006963864,1409.7235499939416,11905.05977518647
1781616617,150,POST,/likes,12.400000,0.000000,5,5,6,6,8,9,10,15,16,16,16,970,0,5,5.61304836559167,2.9135060030966997,36.26916298526339,180.2762886597938
1781616617,150,POST,/posts,21.600000,0.000000,5,6,7,7,9,10,14,19,22,22,22,1413,0,5,6.134582503980701,3.3709920244291425,37.60624802089296,227.8145789101203
1781616617,150,GET,/timeline/{user_id},170.800000,0.000000,4,4,5,6,15,47,160,520,1100,1200,1200,12144,0,4,8.623902871589824,1.9345290202181786,1248.7645139917731,7912.883563899868
1781616617,150,GET,/users/{user_id},69.900000,0.000000,3,4,5,5,10,18,40,64,150,150,150,4816,0,3,4.588482945242667,1.6431830008514225,145.04238299559802,262.4505813953488
1781616617,150,,Aggregated,695.100000,0.000000,4,4,5,6,13,27,94,210,1300,1400,1400,48261,0,4,7.264495203015115,1.6431830008514225,1409.7235499939416,8317.891195789562
1781616618,150,GET,/feed/{user_id},286.300000,0.000000,4,4,5,6,10,17,29,36,63,72,72,19703,0,4,5.4664934440867725,1.9614689808804542,225.57630800292827,9802.821854539918
1781616618,150,GET,/feed/{user_id}?with_fof=true,135.700000,0.000000,4,4,5,6,13,27,120,180,1400,1400,1400,9664,0,4,10.921670513153305,1.996542006963864,1409.7235499939416,11903.09882036424
1781616618,150,POST,/likes,12.100000,0.000000,5,5,6,6,8,9,11,12,15,15,15,981,0,5,5.616548742758866,2.9135060030966997,36.26916298526339,180.27522935779817
1781616618,150,POST,/posts,20.500000,0.000000,5,6,7,7,9,12,17,19,22,22,22,1433,0,5,6.1454974460241365,3.3709920244291425,37.60624802089296,227.81367759944172
1781616618,150,GET,/timeline/{user_id},170.500000,0.000000,4,4,5,6,13,24,99,160,980,1200,1200,12312,0,4,8.63969911661541,1.9345290202181786,1248.7645139917731,7917.278752436647
1781616618,150,GET,/users/{user_id},70.800000,0.000000,3,4,4,5,9,15,26,38,70,70,70,4892,0,3,4.600667643775767,1.6431830008514225,145.04238299559802,262.4615699100572
1781616618,150,,Aggregated,695.900000,0.000000,4,4,5,6,11,19,37,92,920,1400,1400,48985,0,4,7.276678941755113,1.6431830008514225,1409.7235499939416,8317.675839542717
1781616619,150,GET,/feed/{user_id},286.300000,0.000000,4,4,5,5,9,16,28,35,55,72,72,19985,0,4,5.449358563661827,1.9614689808804542,225.57630800292827,9807.170978233675
1781616619,150,GET,/feed/{user_id}?with_fof=true,136.100000,0.000000,4,4,5,5,9,20,45,120,190,650,650,9823,0,4,10.821800658353093,1.996542006963864,1409.7235499939416,11902.378295836303
1781616619,150,POST,/likes,12.200000,0.000000,5,5,6,6,8,9,12,12,15,15,15,998,0,5,5.609217975614079,2.9135060030966997,36.26916298526339,180.26452905811624
1781616619,150,POST,/posts,19.700000,0.000000,5,6,7,7,10,12,17,19,22,22,22,1452,0,5,6.144445046236336,3.3709920244291425,37.60624802089296,227.81198347107437
1781616619,150,GET,/timeline/{user_id},170.400000,0.000000,4,4,5,6,11,21,55,150,200,200,200,12492,0,4,8.570348167051423,1.9345290202181786,1248.7645139917731,7913.273775216138
1781616619,150,GET,/users/{user_id},71.200000,0.000000,3,4,4,5,8,13,26,38,70,70,70,4969,0,3,4.583716422493625,1.6431830008514225,145.04238299559802,262.46286979271486
1781616619,150,,Aggregated,695.900000,0.000000,4,4,5,6,9,17,33,50,180,650,650,49719,0,4,7.23194329561655,1.6431830008514225,1409.7235499939416,8318.366318711156
1781616620,150,GET,/feed/{user_id},287.700000,0.000000,4,4,5,5,8,14,24,32,52,58,58,20262,0,4,5.4384870444700555,1.9614689808804542,225.57630800292827,9809.876616326128
1781616620,150,GET,/feed/{user_id}?with_fof=true,142.100000,0.000000,4,4,5,5,8,16,36,120,190,650,650,9966,0,4,10.748630764483778,1.996542006963864,1409.7235499939416,11897.616897451335
1781616620,150,POST,/likes,11.900000,0.000000,5,5,6,6,7,9,12,12,15,15,15,1008,0,5,5.598842460953858,2.9135060030966997,36.26916298526339,180.26289682539684
1781616620,150,POST,/posts,20.600000,0.000000,5,6,7,7,9,11,15,18,22,22,22,1478,0,5,6.139848745689212,3.3709920244291425,37.60624802089296,227.81123139377536
1781616620,150,GET,/timeline/{user_id},171.300000,0.000000,3,4,5,5,8,16,33,150,200,200,200,12687,0,4,8.527733783939212,1.9345290202181786,1248.7645139917731,7920.595412627099
1781616620,150,GET,/users/{user_id},73.500000,0.000000,3,3,4,5,8,13,22,27,44,44,44,5040,0,3,4.577001702250167,1.6431830008514225,145.04238299559802,262.4660714285714
1781616620,150,,Aggregated,707.100000,0.000000,4,4,5,5,8,14,26,38,180,650,650,50441,0,4,7.202340465828302,1.6431830008514225,1409.7235499939416,8320.001645486806
1781616621,150,GET,/feed/{user_id},296.300000,0.000000,4,4,5,5,8,14,24,32,52,58,58,20537,0,4,5.428209189905998,1.9614689808804542,225.57630800292827,9811.756829137654
1781616621,150,GET,/feed/{user_id}?with_fof=true,146.100000,0.000000,4,4,5,5,8,17,36,130,190,650,650,10102,0,4,10.682713781009882,1.996542006963864,1409.7235499939416,11900.098000395961
1781616621,150,POST,/likes,12.100000,0.000000,5,5,6,6,8,10,12,15,26,26,26,1026,0,5,5.625763488008703,2.9135060030966997,36.26916298526339,180.26023391812865
1781616621,150,POST,/posts,20.300000,0.000000,5,6,7,7,9,10,15,18,22,22,22,1503,0,5,6.135405934201517,3.3709920244291425,37.60624802089296,227.8097139055223
1781616621,150,GET,/timeline/{user_id},174.800000,0.000000,3,4,5,5,8,16,37,150,200,200,200,12891,0,4,8.522848438126275,1.9345290202181786,1248.7645139917731,7915.825071755488
1781616621,150,GET,/users/{user_id},76.100000,0.000000,3,4,4,5,8,13,22,32,44,44,44,5114,0,3,4.569003711206488,1.6431830008514225,145.04238299559802,262.4782948768088
1781616621,150,,Aggregated,725.700000,0.000000,4,4,5,5,8,15,26,40,180,650,650,51173,0,4,7.183932530859221,1.6431830008514225,1409.7235499939416,8317.499462607235
1781616622,150,GET,/feed/{user_id},293.100000,0.000000,4,4,5,5,8,15,24,29,52,58,58,20837,0,4,5.432975420338089,1.9614689808804542,225.57630800292827,9818.296635792101
1781616622,150,GET,/feed/{user_id}?with_fof=true,145.900000,0.000000,4,4,5,5,9,18,40,130,190,650,650,10229,0,4,10.665242443920556,1.996542006963864,1409.7235499939416,11900.46026004497
1781616622,150,POST,/likes,12.900000,0.000000,5,5,6,6,8,11,15,26,28,28,28,1042,0,5,5.638579764631764,2.9135060030966997,36.26916298526339,180.26391554702496
1781616622,150,POST,/posts,21.500000,0.000000,5,6,7,7,9,12,18,22,32,32,32,1525,0,5,6.174246956151529,3.3709920244291425,37.60624802089296,227.80918032786886
1781616622,150,GET,/timeline/{user_id},176.200000,0.000000,3,4,5,5,8,16,31,130,200,200,200,13076,0,4,8.50925284772044,1.9345290202181786,1248.7645139917731,7909.826934842459
1781616622,150,GET,/users/{user_id},77.100000,0.000000,3,4,4,5,7,12,19,27,44,44,44,5182,0,3,4.57191037881221,1.6431830008514225,145.04238299559802,262.4733693554612
1781616622,150,,Aggregated,726.700000,0.000000,4,4,5,5,8,15,27,37,180,650,650,51891,0,4,7.179499919737967,1.6431830008514225,1409.7235499939416,8318.165635659363
1781616623,150,GET,/feed/{user_id},291.500000,0.000000,4,4,5,5,8,15,25,31,52,58,58,21132,0,4,5.431219102625087,1.9614689808804542,225.57630800292827,9816.489163354156
1781616623,150,GET,/feed/{user_id}?with_fof=true,145.900000,0.000000,4,4,5,5,9,18,38,120,190,650,650,10375,0,4,10.604012344189616,1.996542006963864,1409.7235499939416,11897.100915662651
1781616623,150,POST,/likes,13.600000,0.000000,5,5,6,6,8,11,20,26,28,28,28,1061,0,5,5.640210391737215,2.9135060030966997,36.26916298526339,180.26295947219603
1781616623,150,POST,/posts,21.400000,0.000000,5,6,7,7,9,11,18,30,32,32,32,1543,0,5,6.173959114824646,3.3709920244291425,37.60624802089296,227.80622164614388
1781616623,150,GET,/timeline/{user_id},178.400000,0.000000,3,4,5,5,8,16,32,140,200,200,200,13260,0,4,8.483291790032002,1.9345290202181786,1248.7645139917731,7911.716214177979
1781616623,150,GET,/users/{user_id},75.800000,0.000000,3,3,4,5,7,11,18,24,37,37,37,5258,0,3,4.557610372376179,1.6431830008514225,145.04238299559802,262.47907949790795
1781616623,150,,Aggregated,726.600000,0.000000,4,4,5,5,8,15,27,36,170,650,650,52629,0,4,7.158642511946389,1.6431830008514225,1409.7235499939416,8316.834957912937
1781616624,150,GET,/feed/{user_id},290.000000,0.000000,3,4,5,5,8,14,21,27,45,53,53,21433,0,4,5.4172437131790065,1.9614689808804542,225.57630800292827,9810.226519852564
1781616624,150,GET,/feed/{user_id}?with_fof=true,145.900000,0.000000,4,4,5,5,9,16,36,120,190,650,650,10517,0,4,10.517710369761883,1.996542006963864,1409.7235499939416,11897.790244366264
1781616624,150,POST,/likes,14.400000,0.000000,5,5,6,6,8,10,12,26,28,28,28,1087,0,5,5.623500576442435,2.9135060030966997,36.26916298526339,180.26034958601656
1781616624,150,POST,/posts,21.200000,0.000000,5,6,7,7,9,11,18,30,32,32,32,1563,0,5,6.169919750035156,3.3709920244291425,37.60624802089296,227.80742162507997
1781616624,150,GET,/timeline/{user_id},179.900000,0.000000,3,4,5,5,8,16,31,100,200,200,200,13446,0,4,8.43434364554144,1.9345290202181786,1248.7645139917731,7915.980291536516
1781616624,150,GET,/users/{user_id},74.300000,0.000000,3,4,4,5,7,12,15,24,37,37,37,5326,0,3,4.553504009371376,1.6431830008514225,145.04238299559802,262.48328952309424
1781616624,150,,Aggregated,725.700000,0.000000,3,4,5,5,8,14,26,36,170,650,650,53372,0,4,7.12244287587333,1.6431830008514225,1409.7235499939416,8314.845012366035
1781616625,150,GET,/feed/{user_id},287.500000,0.000000,3,4,5,5,8,13,20,26,43,53,53,21724,0,4,5.4028243539733385,1.9614689808804542,225.57630800292827,9807.218744245994
1781616625,150,GET,/feed/{user_id}?with_fof=true,146.700000,0.000000,4,4,5,5,8,16,35,110,190,650,650,10646,0,4,10.457865605451518,1.996542006963864,1409.7235499939416,11900.129626150667
1781616625,150,POST,/likes,14.800000,0.000000,5,5,6,6,8,10,12,26,28,28,28,1105,0,5,5.620031073853812,2.9135060030966997,36.26916298526339,180.25701357466065
1781616625,150,POST,/posts,21.300000,0.000000,5,6,7,7,9,10,17,18,32,32,32,1589,0,5,6.162217461426823,3.3709920244291425,37.60624802089296,227.80931403398364
1781616625,150,GET,/timeline/{user_id},183.500000,0.000000,3,4,5,5,8,15,30,93,180,200,200,13629,0,4,8.401351312858527,1.9345290202181786,1248.7645139917731,7918.839606720962
1781616625,150,GET,/users/{user_id},72.600000,0.000000,3,3,4,5,6,12,15,23,37,37,37,5408,0,3,4.538233617398411,1.6431830008514225,145.04238299559802,262.4842825443787
1781616625,150,,Aggregated,726.400000,0.000000,3,4,5,5,8,14,24,34,170,650,650,54101,0,4,7.093252912700483,1.6431830008514225,1409.7235499939416,8311.257703184783
1781616626,150,GET,/feed/{user_id},290.200000,0.000000,3,4,5,5,9,15,23,32,53,62,62,22014,0,4,5.416338836334227,1.9614689808804542,225.57630800292827,9808.456663941128
1781616626,150,GET,/feed/{user_id}?with_fof=true,145.200000,0.000000,4,4,5,5,9,17,37,110,190,650,650,10775,0,4,10.459109577785188,1.996542006963864,1409.7235499939416,11896.79415313225
1781616626,150,POST,/likes,16.200000,0.000000,5,5,6,6,8,11,17,26,28,28,28,1118,0,5,5.6245592339741135,2.9135060030966997,36.26916298526339,180.25313059033988
1781616626,150,POST,/posts,21.100000,0.000000,5,6,7,8,9,11,18,30,36,36,36,1612,0,5,6.177761487128524,3.3709920244291425,37.60624802089296,227.80893300248138
1781616626,150,GET,/timeline/{user_id},182.500000,0.000000,3,4,5,5,8,17,33,100,190,200,200,13816,0,4,8.393635928977092,1.9345290202181786,1248.7645139917731,7923.7391430225825
1781616626,150,GET,/users/{user_id},73.000000,0.000000,3,3,4,5,7,12,19,25,37,37,37,5488,0,3,4.544042470462886,1.6431830008514225,145.04238299559802,262.4899781341108
1781616626,150,,Aggregated,728.200000,0.000000,3,4,5,5,8,15,27,37,170,650,650,54823,0,4,7.097079267044473,1.6431830008514225,1409.7235499939416,8310.289440563267
1781616627,150,GET,/feed/{user_id},289.100000,0.000000,3,4,5,5,8,14,20,27,53,62,62,22295,0,4,5.401468032616322,1.9614689808804542,225.57630800292827,9814.564296927561
1781616627,150,GET,/feed/{user_id}?with_fof=true,142.300000,0.000000,4,4,5,5,9,15,34,51,190,650,650,10932,0,4,10.384625699377596,1.996542006963864,1409.7235499939416,11898.732070984266
1781616627,150,POST,/likes,16.800000,0.000000,5,5,6,6,8,10,20,26,28,28,28,1125,0,5,5.617660804987988,2.9135060030966997,36.26916298526339,180.25244444444445
1781616627,150,POST,/posts,21.700000,0.000000,5,6,7,8,9,11,18,32,36,36,36,1626,0,5,6.17839781255152,3.3709920244291425,37.60624802089296,227.80934809348093
1781616627,150,GET,/timeline/{user_id},185.500000,0.000000,3,4,5,5,8,15,30,93,180,190,190,14002,0,4,8.359282232295264,1.9345290202181786,1248.7645139917731,7926.6120554206545
1781616627,150,GET,/users/{user_id},73.400000,0.000000,3,3,4,4,6,12,18,20,36,36,36,5576,0,3,4.530856065611856,1.6431830008514225,145.04238299559802,262.49784791965567
1781616627,150,,Aggregated,728.800000,0.000000,3,4,5,5,8,14,24,34,170,650,650,55556,0,4,7.067231701707233,1.6431830008514225,1409.7235499939416,8314.456800345597
1781616628,150,GET,/feed/{user_id},289.200000,0.000000,3,4,5,5,8,14,21,27,53,62,62,22576,0,4,5.390582000533522,1.9614689808804542,225.57630800292827,9813.64302799433
1781616628,150,GET,/feed/{user_id}?with_fof=true,141.400000,0.000000,4,4,5,5,8,15,34,50,180,190,190,11084,0,4,10.316032313731597,1.996542006963864,1409.7235499939416,11900.422771562613
1781616628,150,POST,/likes,16.400000,0.000000,5,5,6,6,8,10,17,26,28,28,28,1142,0,5,5.613498934818841,2.9135060030966997,36.26916298526339,180.24868651488617
1781616628,150,POST,/posts,22.100000,0.000000,6,6,7,8,9,11,12,30,36,36,36,1651,0,5,6.1892001619020975,3.3709920244291425,37.60624802089296,227.80799515445185
1781616628,150,GET,/timeline/{user_id},184.700000,0.000000,3,4,5,5,8,16,31,100,180,190,190,14185,0,4,8.334001615841863,1.9345290202181786,1248.7645139917731,7927.388931970391
1781616628,150,GET,/users/{user_id},74.600000,0.000000,3,3,4,4,7,12,18,20,36,36,36,5662,0,3,4.522077668283374,1.6431830008514225,145.04238299559802,262.4977039915224
1781616628,150,,Aggregated,728.400000,0.000000,3,4,5,5,8,14,24,35,160,190,190,56300,0,4,7.042477501578092,1.6431830008514225,1409.7235499939416,8312.172646536412
1781616629,150,GET,/feed/{user_id},289.500000,0.000000,3,4,5,5,8,15,22,31,53,62,62,22848,0,4,5.388750502753086,1.9614689808804542,225.57630800292827,9810.899334733893
1781616629,150,GET,/feed/{user_id}?with_fof=true,141.400000,0.000000,4,4,5,5,9,17,34,50,180,190,190,11259,0,4,10.249039787494903,1.996542006963864,1409.7235499939416,11897.878497202239
1781616629,150,POST,/likes,15.700000,0.000000,5,5,6,6,8,11,20,26,28,28,28,1153,0,5,5.609818196451414,2.9135060030966997,36.26916298526339,180.24718126626192
1781616629,150,POST,/posts,21.900000,0.000000,5,6,7,8,9,12,15,30,36,36,36,1673,0,5,6.183053535095862,3.3709920244291425,37.60624802089296,227.80514046622832
1781616629,150,GET,/timeline/{user_id},184.600000,0.000000,3,4,5,5,9,17,33,100,180,190,190,14362,0,4,8.303198798408369,1.9345290202181786,1248.7645139917731,7927.914218075477
1781616629,150,GET,/users/{user_id},75.200000,0.000000,3,3,4,4,6,12,19,25,36,36,36,5732,0,3,4.523357940817715,1.6431830008514225,145.04238299559802,262.4973831123517
1781616629,150,,Aggregated,728.300000,0.000000,3,4,5,5,8,15,26,37,160,190,190,57027,0,4,7.0231102505574485,1.6431830008514225,1409.7235499939416,8313.113507636734
1781616630,150,GET,/feed/{user_id},286.600000,0.000000,3,4,5,5,8,15,23,31,56,62,62,23129,0,4,5.385897144053551,1.9614689808804542,225.57630800292827,9810.969734964763
1781616630,150,GET,/feed/{user_id}?with_fof=true,141.800000,0.000000,4,4,5,5,9,17,35,50,180,190,190,11405,0,4,10.199613238184467,1.996542006963864,1409.7235499939416,11901.011661551951
1781616630,150,POST,/likes,16.300000,0.000000,5,5,6,6,8,13,20,22,28,28,28,1172,0,5,5.6313917155253606,2.9135060030966997,36.26916298526339,180.24744027303754
1781616630,150,POST,/posts,21.800000,0.000000,5,6,7,8,9,12,18,32,36,36,36,1695,0,5,6.180946597181107,3.3709920244291425,37.60624802089296,227.80766961651918
1781616630,150,GET,/timeline/{user_id},186.100000,0.000000,3,4,5,5,9,17,31,74,180,190,190,14546,0,4,8.278262647151644,1.9345290202181786,1248.7645139917731,7926.622989137907
1781616630,150,GET,/users/{user_id},77.300000,0.000000,3,3,4,4,6,13,20,26,36,36,36,5814,0,3,4.522128831924165,1.6431830008514225,145.04238299559802,262.50103199174407
1781616630,150,,Aggregated,729.900000,0.000000,3,4,5,5,8,15,26,37,160,190,190,57761,0,4,7.0061280984297545,1.6431830008514225,1409.7235499939416,8311.372379287062
1781616631,150,GET,/feed/{user_id},284.900000,0.000000,3,4,5,5,7,14,21,28,56,62,62,23450,0,4,5.374055386006858,1.9614689808804542,225.57630800292827,9809.035565031983
1781616631,150,GET,/feed/{user_id}?with_fof=true,141.400000,0.000000,4,4,5,5,8,15,30,45,180,180,180,11547,0,4,10.153045081175383,1.996542006963864,1409.7235499939416,11902.542651771022
1781616631,150,POST,/likes,16.000000,0.000000,5,5,5,6,7,11,18,20,22,22,22,1185,0,5,5.620745360018206,2.9135060030966997,36.26916298526339,180.24978902953586
1781616631,150,POST,/posts,22.400000,0.000000,5,6,7,7,8,11,12,15,36,36,36,1717,0,5,6.167504941846906,3.3709920244291425,37.60624802089296,227.80896913220735
1781616631,150,GET,/timeline/{user_id},187.600000,0.000000,3,4,5,5,8,15,30,74,180,190,190,14711,0,4,8.249980679400892,1.9345290202181786,1248.7645139917731,7927.569029977568
1781616631,150,GET,/users/{user_id},76.100000,0.000000,3,3,4,4,6,12,18,23,36,36,36,5881,0,3,4.5107152271661715,1.6431830008514225,145.04238299559802,262.4999149804455
1781616631,150,,Aggregated,728.400000,0.000000,3,4,5,5,8,14,23,34,150,190,190,58491,0,4,6.982304655700816,1.6431830008514225,1409.7235499939416,8312.928792463797
1781616632,150,GET,/feed/{user_id},285.700000,0.000000,3,4,5,5,8,14,21,27,56,62,62,23724,0,4,5.370242866119081,1.9614689808804542,225.57630800292827,9809.12746585736
1781616632,150,GET,/feed/{user_id}?with_fof=true,143.900000,0.000000,4,4,5,5,8,15,31,51,180,180,180,11702,0,4,10.106471582210947,1.996542006963864,1409.7235499939416,11900.663732695266
1781616632,150,POST,/likes,16.300000,0.000000,5,5,6,6,7,10,18,18,22,22,22,1204,0,5,5.618227740535644,2.9135060030966997,36.26916298526339,180.24335548172758
1781616632,150,POST,/posts,21.800000,0.000000,5,6,7,7,9,11,12,15,36,36,36,1734,0,5,6.166616112540686,3.3709920244291425,37.60624802089296,227.8085351787774
1781616632,150,GET,/timeline/{user_id},186.100000,0.000000,3,4,5,5,8,15,28,74,180,190,190,14893,0,4,8.220878379800718,1.9345290202181786,1248.7645139917731,7924.874840529108
1781616632,150,GET,/users/{user_id},76.400000,0.000000,3,3,4,4,6,12,19,23,36,36,36,5960,0,3,4.507793151692842,1.6431830008514225,145.04238299559802,262.51040268456376
1781616632,150,,Aggregated,730.200000,0.000000,3,4,5,5,8,14,22,35,150,190,190,59217,0,4,6.9646692612603385,1.6431830008514225,1409.7235499939416,8311.38124187311
1781616633,150,GET,/feed/{user_id},289.500000,0.000000,3,4,5,5,8,15,23,34,74,100,100,24001,0,4,5.383949046805798,1.9614689808804542,225.57630800292827,9808.549768759634
1781616633,150,GET,/feed/{user_id}?with_fof=true,145.600000,0.000000,4,4,5,5,8,17,39,61,180,180,180,11851,0,4,10.066856379216524,1.996542006963864,1409.7235499939416,11900.653868871825
1781616633,150,POST,/likes,15.900000,0.000000,5,5,6,6,7,13,18,18,22,22,22,1217,0,5,5.617598988955279,2.9135060030966997,36.26916298526339,180.24239934264585
1781616633,150,POST,/posts,21.600000,0.000000,5,6,7,8,9,11,14,15,36,36,36,1755,0,5,6.177196465565311,3.3709920244291425,37.60624802089296,227.80569800569802
1781616633,150,GET,/timeline/{user_id},183.200000,0.000000,3,4,5,5,8,15,31,69,180,190,190,15092,0,4,8.19314415472863,1.9345290202181786,1248.7645139917731,7923.314736284124
1781616633,150,GET,/users/{user_id},76.500000,0.000000,3,3,4,4,7,13,20,29,78,78,78,6011,0,3,4.542065824826791,1.6431830008514225,145.04238299559802,262.5142239228082
1781616633,150,,Aggregated,732.300000,0.000000,3,4,5,5,8,15,26,41,150,190,190,59927,0,4,6.961025298201228,1.6431830008514225,1409.7235499939416,8313.87262836451
1781616634,150,GET,/feed/{user_id},287.500000,0.000000,3,4,5,5,8,15,23,34,74,100,100,24316,0,4,5.37843924019241,1.9614689808804542,225.57630800292827,9811.200197400889
1781616634,150,GET,/feed/{user_id}?with_fof=true,146.100000,0.000000,4,4,5,5,8,17,39,61,180,180,180,11994,0,4,10.013288324485853,1.996542006963864,1409.7235499939416,11900.811489077872
1781616634,150,POST,/likes,15.900000,0.000000,5,5,6,6,9,13,18,18,22,22,22,1230,0,5,5.6158885070145494,2.9135060030966997,36.26916298526339,180.24065040650407
1781616634,150,POST,/posts,21.100000,0.000000,5,6,7,7,9,11,14,15,36,36,36,1779,0,5,6.174270441873966,3.3709920244291425,37.60624802089296,227.8077571669477
1781616634,150,GET,/timeline/{user_id},182.000000,0.000000,3,4,5,5,8,15,31,67,150,190,190,15254,0,4,8.165125705126414,1.9345290202181786,1248.7645139917731,7922.9880031467155
1781616634,150,GET,/users/{user_id},77.800000,0.000000,3,3,4,4,7,14,20,29,78,78,78,6086,0,3,4.541374593166516,1.6431830008514225,145.04238299559802,262.5282615839632
1781616634,150,,Aggregated,730.400000,0.000000,3,4,5,5,8,15,26,41,150,190,190,60659,0,4,6.939822812577415,1.6431830008514225,1409.7235499939416,8315.162613956709
1781616635,150,GET,/feed/{user_id},287.300000,0.000000,3,4,5,5,7,14,20,26,74,100,100,24626,0,4,5.365627552974888,1.9614689808804542,225.57630800292827,9818.472996020466
1781616635,150,GET,/feed/{user_id}?with_fof=true,147.500000,0.000000,4,4,5,5,8,14,34,61,150,180,180,12131,0,4,9.970369306974037,1.996542006963864,1409.7235499939416,11896.080784766302
1781616635,150,POST,/likes,15.700000,0.000000,5,5,6,6,7,13,18,18,22,22,22,1246,0,5,5.612826475590119,2.9135060030966997,36.26916298526339,180.23916532905298
1781616635,150,POST,/posts,21.300000,0.000000,5,6,7,7,8,10,12,15,15,15,15,1806,0,5,6.162468709930461,3.3709920244291425,37.60624802089296,227.80897009966776
1781616635,150,GET,/timeline/{user_id},180.500000,0.000000,3,4,5,5,8,14,26,69,150,190,190,15440,0,4,8.14020042586084,1.9345290202181786,1248.7645139917731,7915.970984455958
1781616635,150,GET,/users/{user_id},75.500000,0.000000,3,4,4,4,7,13,20,29,78,78,78,6153,0,3,4.532223470812644,1.6431830008514225,145.04238299559802,262.5317731188038
1781616635,150,,Aggregated,727.800000,0.000000,3,4,5,5,7,14,22,37,150,190,190,61402,0,4,6.917998763108415,1.6431830008514225,1409.7235499939416,8315.283264388781
1781616636,150,GET,/feed/{user_id},288.500000,0.000000,3,4,5,5,7,14,23,29,74,100,100,24905,0,4,5.364889287590065,1.9614689808804542,225.57630800292827,9820.041557920096
1781616636,150,GET,/feed/{user_id}?with_fof=true,146.600000,0.000000,4,4,5,5,8,15,34,51,150,180,180,12269,0,4,9.914117852858105,1.996542006963864,1409.7235499939416,11894.120384709431
1781616636,150,POST,/likes,14.700000,0.000000,5,5,6,6,8,13,18,18,22,22,22,1258,0,5,5.611035403481274,2.9135060030966997,36.26916298526339,180.24244833068363
1781616636,150,POST,/posts,21.400000,0.000000,5,6,7,7,8,10,12,14,15,15,15,1824,0,5,6.158772721583342,3.3709920244291425,37.60624802089296,227.80866228070175
1781616636,150,GET,/timeline/{user_id},181.100000,0.000000,3,4,5,5,8,16,32,69,150,150,150,15628,0,4,8.133467560417575,1.9345290202181786,1248.7645139917731,7921.491297670847
1781616636,150,GET,/users/{user_id},75.800000,0.000000,3,4,4,5,7,13,20,29,78,78,78,6236,0,3,4.5319055117092635,1.6431830008514225,145.04238299559802,262.5418537524054
1781616636,150,,Aggregated,728.100000,0.000000,4,4,5,5,8,14,24,38,150,180,180,62120,0,4,6.904571111254329,1.6431830008514225,1409.7235499939416,8315.737974887315
1781616637,150,GET,/feed/{user_id},289.300000,0.000000,4,4,5,5,7,14,23,28,74,100,100,25222,0,4,5.351772656530473,1.9614689808804542,225.57630800292827,9816.485013083815
1781616637,150,GET,/feed/{user_id}?with_fof=true,148.800000,0.000000,4,4,5,5,8,15,34,50,140,180,180,12411,0,4,9.866301151844949,1.996542006963864,1409.7235499939416,11894.432680686488
1781616637,150,POST,/likes,13.600000,0.000000,5,5,6,6,8,11,18,18,22,22,22,1268,0,5,5.605416287516929,2.9135060030966997,36.26916298526339,180.2397476340694
1781616637,150,POST,/posts,21.100000,0.000000,5,6,7,7,8,10,14,15,20,20,20,1847,0,5,6.156513715294227,3.3709920244291425,37.60624802089296,227.8088792636708
1781616637,150,GET,/timeline/{user_id},179.600000,0.000000,3,4,5,5,7,15,28,63,150,150,150,15813,0,4,8.09140955936947,1.9345290202181786,1248.7645139917731,7919.484790994751
1781616637,150,GET,/users/{user_id},75.100000,0.000000,3,4,4,5,7,13,21,33,78,78,78,6298,0,3,4.527108135425257,1.6431830008514225,145.04238299559802,262.549063194665
1781616637,150,,Aggregated,727.500000,0.000000,4,4,5,5,8,14,24,38,150,180,180,62859,0,4,6.878458273636183,1.6431830008514225,1409.7235499939416,8316.18134236943
1781616638,150,GET,/feed/{user_id},289.300000,0.000000,4,4,5,5,7,14,23,29,74,100,100,25496,0,4,5.350407566757234,1.9614689808804542,225.57630800292827,9816.618332287419
1781616638,150,GET,/feed/{user_id}?with_fof=true,148.400000,0.000000,4,4,5,5,8,15,34,50,150,180,180,12543,0,4,9.831737500632514,1.996542006963864,1409.7235499939416,11893.956310292593
1781616638,150,POST,/likes,14.200000,0.000000,5,5,6,6,8,10,18,18,22,22,22,1283,0,5,5.59948841662459,2.9135060030966997,36.26916298526339,180.2431800467654
1781616638,150,POST,/posts,21.200000,0.000000,5,6,7,7,8,10,14,15,29,29,29,1876,0,5,6.170620993169438,3.3709920244291425,37.60624802089296,227.80756929637528
1781616638,150,GET,/timeline/{user_id},179.600000,0.000000,3,4,5,5,7,15,33,69,150,160,160,16003,0,4,8.07826706211715,1.9345290202181786,1248.7645139917731,7920.178404049241
1781616638,150,GET,/users/{user_id},74.500000,0.000000,3,4,4,5,7,13,24,33,78,78,78,6386,0,3,4.530864083010898,1.6431830008514225,145.04238299559802,262.55809583463827
1781616638,150,,Aggregated,727.200000,0.000000,4,4,5,5,8,14,25,38,150,180,180,63587,0,4,6.867823757110095,1.6431830008514225,1409.7235499939416,8312.270196738327
1781616639,150,GET,/feed/{user_id},289.800000,0.000000,4,4,5,5,7,13,21,26,74,100,100,25774,0,4,5.341621996787981,1.9614689808804542,225.57630800292827,9816.026848762318
1781616639,150,GET,/feed/{user_id}?with_fof=true,147.900000,0.000000,4,4,5,5,8,14,34,50,170,180,180,12685,0,4,9.789866732160318,1.996542006963864,1409.7235499939416,11894.12219156484
1781616639,150,POST,/likes,14.400000,0.000000,5,5,6,6,7,9,10,14,15,15,15,1295,0,5,5.592770605846074,2.9135060030966997,36.26916298526339,180.24633204633204
1781616639,150,POST,/posts,21.800000,0.000000,5,6,7,7,8,10,12,15,29,29,29,1901,0,5,6.16455867711461,3.3709920244291425,37.60624802089296,227.8074697527617
1781616639,150,GET,/timeline/{user_id},180.500000,0.000000,3,4,5,5,7,14,26,56,150,160,160,16198,0,4,8.043268773061127,1.9345290202181786,1248.7645139917731,7921.0158661563155
1781616639,150,GET,/users/{user_id},73.100000,0.000000,3,3,4,5,7,12,20,30,78,78,78,6460,0,3,4.518701345209268,1.6431830008514225,145.04238299559802,262.56439628482974
1781616639,150,,Aggregated,727.500000,0.000000,4,4,5,5,7,13,23,35,150,180,180,64313,0,4,6.846151899282083,1.6431830008514225,1409.7235499939416,8311.577410476886
1781616640,150,GET,/feed/{user_id},291.400000,0.000000,3,4,5,5,7,14,22,27,74,100,100,26070,0,4,5.33565153356944,1.9614689808804542,225.57630800292827,9817.376678174147
1781616640,150,GET,/feed/{user_id}?with_fof=true,146.500000,0.000000,4,4,5,5,8,15,34,49,150,170,170,12823,0,4,9.751275981325607,1.996542006963864,1409.7235499939416,11892.576776105436
1781616640,150,POST,/likes,13.800000,0.000000,5,5,6,7,8,10,12,14,15,15,15,1304,0,5,5.599594672995782,2.9135060030966997,36.26916298526339,180.24769938650306
1781616640,150,POST,/posts,21.800000,0.000000,5,6,7,7,8,10,12,15,29,29,29,1918,0,5,6.160879305102455,3.3709920244291425,37.60624802089296,227.8091762252346
1781616640,150,GET,/timeline/{user_id},182.200000,0.000000,3,4,5,5,7,14,26,56,160,180,180,16391,0,4,8.007599862989181,1.9345290202181786,1248.7645139917731,7916.70923067537
1781616640,150,GET,/users/{user_id},71.600000,0.000000,3,3,4,5,7,13,20,30,78,78,78,6535,0,3,4.51682167437338,1.6431830008514225,145.04238299559802,262.5738332058148
1781616640,150,,Aggregated,727.300000,0.000000,4,4,5,5,7,14,24,36,150,180,180,65041,0,4,6.82691662713907,1.6431830008514225,1409.7235499939416,8311.498962193078
1781616641,150,GET,/feed/{user_id},292.300000,0.000000,3,4,5,5,8,14,24,29,74,100,100,26374,0,4,5.33247715546365,1.9614689808804542,225.57630800292827,9815.330211572003
1781616641,150,GET,/feed/{user_id}?with_fof=true,144.500000,0.000000,4,4,5,5,8,16,38,120,170,200,200,12949,0,4,9.758952499398367,1.996542006963864,1409.7235499939416,11893.428141169203
1781616641,150,POST,/likes,13.600000,0.000000,5,5,6,7,8,10,12,14,15,15,15,1316,0,5,5.601095850026557,2.9135060030966997,36.26916298526339,180.25
1781616641,150,POST,/posts,22.100000,0.000000,5,6,7,7,8,10,12,15,29,29,29,1932,0,5,6.155927693174249,3.3709920244291425,37.60624802089296,227.8100414078675
1781616641,150,GET,/timeline/{user_id},181.300000,0.000000,3,4,5,5,7,16,32,56,160,180,180,16591,0,4,8.003947342801519,1.9345290202181786,1248.7645139917731,7916.085829666687
1781616641,150,GET,/users/{user_id},73.600000,0.000000,3,3,4,5,7,14,24,36,78,78,78,6616,0,3,4.524323506503863,1.6431830008514225,145.04238299559802,262.5879685610641
1781616641,150,,Aggregated,727.400000,0.000000,4,4,5,5,8,14,26,39,150,200,200,65778,0,4,6.825962138377648,1.6431830008514225,1409.7235499939416,8310.193681778102
1781616642,150,GET,/feed/{user_id},293.000000,0.000000,3,4,5,5,7,14,22,26,44,48,48,26667,0,4,5.330479104036425,1.9614689808804542,225.57630800292827,9816.150448119399
1781616642,150,GET,/feed/{user_id}?with_fof=true,141.800000,0.000000,4,4,5,5,8,15,29,98,170,200,200,13092,0,4,9.715262109354716,1.996542006963864,1409.7235499939416,11894.203788573175
1781616642,150,POST,/likes,13.300000,0.000000,5,5,6,6,8,10,12,14,15,15,15,1330,0,5,5.586641114769693,2.9135060030966997,36.26916298526339,180.25413533834586
1781616642,150,POST,/posts,22.300000,0.000000,5,6,7,7,8,9,11,15,29,29,29,1950,0,5,6.1521347913628395,3.3709920244291425,37.60624802089296,227.8097435897436
1781616642,150,GET,/timeline/{user_id},184.100000,0.000000,3,4,5,5,8,16,32,48,160,180,180,16755,0,4,7.9830157412350164,1.9345290202181786,1248.7645139917731,7916.58543718293
1781616642,150,GET,/users/{user_id},71.900000,0.000000,3,3,4,4,7,13,22,28,47,47,47,6708,0,3,4.524579772656595,1.6431830008514225,145.04238299559802,262.59764460345855
1781616642,150,,Aggregated,726.400000,0.000000,3,4,5,5,8,14,24,34,150,200,200,66502,0,4,6.809920050347142,1.6431830008514225,1409.7235499939416,8309.134477158581
1781616643,150,GET,/feed/{user_id},292.300000,0.000000,3,4,5,5,7,14,22,27,44,48,48,26946,0,4,5.325147428979119,1.9614689808804542,225.57630800292827,9814.483967935872
1781616643,150,GET,/feed/{user_id}?with_fof=true,139.500000,0.000000,4,4,5,5,9,16,31,98,170,200,200,13230,0,4,9.687891813509045,1.996542006963864,1409.7235499939416,11893.61186696901
1781616643,150,POST,/likes,13.000000,0.000000,5,5,6,7,8,9,10,11,12,12,12,1343,0,5,5.589616643808393,2.9135060030966997,36.26916298526339,180.25167535368578
1781616643,150,POST,/posts,21.700000,0.000000,5,6,7,7,8,10,15,20,29,29,29,1970,0,5,6.157523429545404,3.3709920244291425,37.60624802089296,227.80964467005077
1781616643,150,GET,/timeline/{user_id},185.400000,0.000000,3,4,5,5,8,16,28,47,160,180,180,16939,0,4,7.953200062248885,1.9345290202181786,1248.7645139917731,7912.033591121081
1781616643,150,GET,/users/{user_id},73.500000,0.000000,3,3,4,4,7,13,24,28,47,47,47,6801,0,3,4.520790363038393,1.6431830008514225,145.04238299559802,262.6065284516983
1781616643,150,,Aggregated,725.400000,0.000000,3,4,5,5,8,14,25,34,150,200,200,67229,0,4,6.794159644443516,1.6431830008514225,1409.7235499939416,8304.635752428268
1781616644,150,GET,/feed/{user_id},293.800000,0.000000,3,4,5,5,8,14,23,29,48,72,72,27246,0,4,5.328694020369692,1.9614689808804542,225.57630800292827,9815.665785803421
1781616644,150,GET,/feed/{user_id}?with_fof=true,139.600000,0.000000,4,4,5,5,9,18,32,98,170,200,200,13386,0,4,9.655850677426857,1.996542006963864,1409.7235499939416,11893.828178694159
1781616644,150,POST,/likes,12.700000,0.000000,5,5,6,7,8,9,10,11,12,12,12,1356,0,5,5.582829849984412,2.9135060030966997,36.26916298526339,180.25073746312685
1781616644,150,POST,/posts,21.100000,0.000000,5,6,7,7,8,10,15,20,29,29,29,1995,0,5,6.148042372018822,3.3709920244291425,37.60624802089296,227.80902255639097
1781616644,150,GET,/timeline/{user_id},185.300000,0.000000,3,4,5,5,8,17,34,46,160,180,180,17116,0,4,7.931581084802178,1.9345290202181786,1248.7645139917731,7914.188887590559
1781616644,150,GET,/users/{user_id},74.900000,0.000000,3,3,4,4,7,14,26,30,56,56,56,6871,0,3,4.528666601521965,1.6431830008514225,145.04238299559802,262.6159219909766
1781616644,150,,Aggregated,727.400000,0.000000,3,4,5,5,8,15,26,36,150,200,200,67970,0,4,6.784579760516647,1.6431830008514225,1409.7235499939416,8306.767750478151
1781616645,150,GET,/feed/{user_id},292.900000,0.000000,4,4,5,5,7,14,23,27,48,72,72,27537,0,4,5.315944338270561,1.9614689808804542,225.57630800292827,9810.895631332389
1781616645,150,GET,/feed/{user_id}?with_fof=true,137.800000,0.000000,4,4,5,5,8,18,31,98,170,200,200,13518,0,4,9.598572530397144,1.996542006963864,1409.7235499939416,11895.9331262021
1781616645,150,POST,/likes,12.700000,0.000000,5,5,6,7,8,9,10,11,12,12,12,1374,0,5,5.569311873709411,2.9135060030966997,36.26916298526339,180.25400291120815
1781616645,150,POST,/posts,21.400000,0.000000,5,6,7,7,8,9,15,20,29,29,29,2015,0,5,6.145399764325197,3.3709920244291425,37.60624802089296,227.809429280397
1781616645,150,GET,/timeline/{user_id},186.500000,0.000000,3,4,5,5,7,16,33,45,160,180,180,17310,0,4,7.904213207024933,1.9345290202181786,1248.7645139917731,7913.864644714038
1781616645,150,GET,/users/{user_id},77.600000,0.000000,3,3,4,4,6,13,26,30,56,56,56,6953,0,3,4.510652723276088,1.6431830008514225,145.04238299559802,262.6251977563642
1781616645,150,,Aggregated,728.900000,0.000000,4,4,5,5,7,14,26,35,150,200,200,68707,0,4,6.758530815593713,1.6431830008514225,1409.7235499939416,8303.281936338364
1781616646,150,GET,/feed/{user_id},290.400000,0.000000,4,4,5,5,7,13,21,27,48,72,72,27811,0,4,5.304214843517867,1.9614689808804542,225.57630800292827,9811.477077415411
1781616646,150,GET,/feed/{user_id}?with_fof=true,138.700000,0.000000,4,4,5,5,8,18,31,110,170,200,200,13659,0,4,9.555595790400243,1.996542006963864,1409.7235499939416,11896.08316860678
1781616646,150,POST,/likes,12.800000,0.000000,5,5,6,6,8,9,11,12,19,19,19,1386,0,5,5.568715659117838,2.9135060030966997,36.26916298526339,180.25252525252526
1781616646,150,POST,/posts,21.300000,0.000000,5,6,7,7,8,10,15,16,29,29,29,2042,0,5,6.151950633157082,3.3709920244291425,37.60624802089296,227.8050930460333
1781616646,150,GET,/timeline/{user_id},186.800000,0.000000,3,4,5,5,7,15,27,39,160,180,180,17495,0,4,7.863082258579345,1.9345290202181786,1248.7645139917731,7916.591711917691
1781616646,150,GET,/users/{user_id},77.800000,0.000000,3,3,4,4,6,12,25,29,56,56,56,7039,0,3,4.496996209954952,1.6431830008514225,145.04238299559802,262.62878249751384
1781616646,150,,Aggregated,727.800000,0.000000,3,4,5,5,7,14,25,34,150,200,200,69432,0,4,6.733709319136925,1.6431830008514225,1409.7235499939416,8301.935894112225
1781616647,150,GET,/feed/{user_id},291.400000,0.000000,3,4,5,5,7,13,21,27,48,72,72,28107,0,4,5.296829413384436,1.9614689808804542,225.57630800292827,9810.206816807202
1781616647,150,GET,/feed/{user_id}?with_fof=true,138.200000,0.000000,4,4,5,5,8,17,31,110,190,200,200,13801,0,4,9.530222376807984,1.996542006963864,1409.7235499939416,11898.747337149482
1781616647,150,POST,/likes,13.300000,0.000000,5,5,5,6,8,9,11,12,19,19,19,1406,0,5,5.558841608481774,2.9135060030966997,36.26916298526339,180.24822190611664
1781616647,150,POST,/posts,21.000000,0.000000,5,6,6,7,8,9,12,16,20,20,20,2066,0,5,6.14613407549941,3.3709920244291425,37.60624802089296,227.80058083252663
1781616647,150,GET,/timeline/{user_id},186.400000,0.000000,3,4,4,5,7,14,26,39,160,180,180,17676,0,4,7.842734399399089,1.9345290202181786,1248.7645139917731,7915.048031228785
1781616647,150,GET,/users/{user_id},78.600000,0.000000,3,3,4,4,5,12,24,28,56,56,56,7099,0,3,4.48843191138904,1.6431830008514225,145.04238299559802,262.63952669390056
1781616647,150,,Aggregated,728.900000,0.000000,3,4,5,5,7,13,24,33,150,200,200,70155,0,4,6.719546419051523,1.6431830008514225,1409.7235499939416,8302.25966787827
1781616648,150,GET,/feed/{user_id},289.500000,0.000000,4,4,5,5,7,13,21,27,48,72,72,28390,0,4,5.291414464913991,1.9614689808804542,225.57630800292827,9809.12758013385
1781616648,150,GET,/feed/{user_id}?with_fof=true,138.800000,0.000000,4,4,5,5,8,18,31,110,190,200,200,13938,0,4,9.49391402133375,1.996542006963864,1409.7235499939416,11899.72621609987
1781616648,150,POST,/likes,12.900000,0.000000,4,5,6,6,8,9,12,18,19,19,19,1421,0,5,5.557872295220049,2.9135060030966997,36.26916298526339,180.24982406755805
1781616648,150,POST,/posts,21.600000,0.000000,5,6,7,7,8,10,17,20,29,29,29,2092,0,5,6.164107475126826,3.3709920244291425,37.60624802089296,227.79923518164435
1781616648,150,GET,/timeline/{user_id},186.600000,0.000000,3,4,4,5,7,15,27,39,160,180,180,17866,0,4,7.809496578239306,1.9345290202181786,1248.7645139917731,7917.858166349491
1781616648,150,GET,/users/{user_id},79.900000,0.000000,3,3,4,4,5,12,24,28,56,56,56,7176,0,3,4.480234367323141,1.6431830008514225,145.04238299559802,262.64701783723524
1781616648,150,,Aggregated,729.300000,0.000000,3,4,5,5,7,14,24,34,150,200,200,70883,0,4,6.701424986872245,1.6431830008514225,1409.7235499939416,8301.248762044495
1781616649,150,GET,/feed/{user_id},289.200000,0.000000,4,4,5,5,7,12,20,26,48,72,72,28697,0,4,5.28140215215182,1.9614689808804542,225.57630800292827,9807.101055859497
1781616649,150,GET,/feed/{user_id}?with_fof=true,137.900000,0.000000,4,4,5,5,8,17,30,46,190,200,200,14084,0,4,9.4465411243617,1.996542006963864,1409.7235499939416,11900.556163021869
1781616649,150,POST,/likes,13.400000,0.000000,4,5,6,6,8,9,11,18,19,19,19,1428,0,5,5.554771567566851,2.9135060030966997,36.26916298526339,180.24789915966386
1781616649,150,POST,/posts,21.800000,0.000000,5,6,7,7,8,10,17,20,29,29,29,2113,0,5,6.1720304590384565,3.3709920244291425,37.60624802089296,227.7979176526266
1781616649,150,GET,/timeline/{user_id},186.400000,0.000000,3,4,4,5,7,14,27,38,160,180,180,18045,0,4,7.773703572557528,1.9345290202181786,1248.7645139917731,7922.489664727072
1781616649,150,GET,/users/{user_id},80.000000,0.000000,3,3,4,4,5,10,24,28,56,56,56,7249,0,3,4.4703074302674,1.6431830008514225,145.04238299559802,262.6520899434405
1781616649,150,,Aggregated,728.700000,0.000000,3,4,5,5,7,13,24,31,150,200,200,71616,0,4,6.678129697875526,1.6431830008514225,1409.7235499939416,8303.25393766756
1781616650,150,GET,/feed/{user_id},288.900000,0.000000,4,4,5,5,7,13,20,25,46,72,72,28971,0,4,5.279481831759671,1.9614689808804542,225.57630800292827,9806.340996168583
1781616650,150,GET,/feed/{user_id}?with_fof=true,139.200000,0.000000,4,4,5,5,8,16,29,46,180,190,190,14241,0,4,9.419190891898195,1.996542006963864,1409.7235499939416,11901.501369285865
1781616650,150,POST,/likes,13.800000,0.000000,4,5,6,6,8,9,10,18,19,19,19,1436,0,5,5.553038945319591,2.9135060030966997,36.26916298526339,180.24721448467966
1781616650,150,POST,/posts,21.400000,0.000000,5,6,7,7,9,10,17,20,29,29,29,2131,0,5,6.167138378669699,3.3709920244291425,37.60624802089296,227.79868606288127
1781616650,150,GET,/timeline/{user_id},184.800000,0.000000,3,4,4,5,7,13,24,34,170,190,190,18235,0,4,7.766014795662852,1.9345290202181786,1248.7645139917731,7925.672443103921
1781616650,150,GET,/users/{user_id},80.000000,0.000000,3,3,4,4,5,10,21,26,56,56,56,7336,0,3,4.469516863293151,1.6431830008514225,145.04238299559802,262.6560796074155
1781616650,150,,Aggregated,728.100000,0.000000,3,4,5,5,7,13,23,29,150,190,190,72350,0,4,6.670470725057171,1.6431830008514225,1409.7235499939416,8303.86374568072
1781616651,150,GET,/feed/{user_id},289.500000,0.000000,4,4,5,5,7,13,20,26,46,72,72,29291,0,4,5.2824056154430306,1.9614689808804542,225.57630800292827,9806.469837151344
1781616651,150,GET,/feed/{user_id}?with_fof=true,139.300000,0.000000,4,4,5,5,7,15,26,46,180,190,190,14382,0,4,9.398085346581738,1.996542006963864,1409.7235499939416,11901.787164511195
1781616651,150,POST,/likes,13.900000,0.000000,4,5,6,6,8,8,10,18,19,19,19,1450,0,5,5.550908762419692,2.9135060030966997,36.26916298526339,180.2455172413793
1781616651,150,POST,/posts,21.800000,0.000000,5,6,7,7,9,10,17,20,29,29,29,2153,0,5,6.162084061280953,3.3709920244291425,37.60624802089296,227.79981421272643
1781616651,150,GET,/timeline/{user_id},185.000000,0.000000,3,4,4,5,7,13,23,31,170,190,190,18399,0,4,7.745932535730459,1.9345290202181786,1248.7645139917731,7929.267297135714
1781616651,150,GET,/users/{user_id},77.800000,0.000000,3,3,4,4,5,8,19,25,56,56,56,7407,0,3,4.462756176722899,1.6431830008514225,145.04238299559802,262.6645065478601
1781616651,150,,Aggregated,727.300000,0.000000,3,4,5,5,7,13,22,29,160,190,190,73082,0,4,6.660724101034701,1.6431830008514225,1409.7235499939416,8305.749226895816
1781616652,150,GET,/feed/{user_id},290.200000,0.000000,4,4,5,5,7,12,20,26,46,72,72,29589,0,4,5.272509837066869,1.9614689808804542,225.57630800292827,9807.515799790463
1781616652,150,GET,/feed/{user_id}?with_fof=true,140.800000,0.000000,4,4,5,5,7,14,25,46,180,190,190,14512,0,4,9.364385707645699,1.996542006963864,1409.7235499939416,11903.229120727674
1781616652,150,POST,/likes,13.000000,0.000000,4,5,6,6,7,8,12,18,19,19,19,1469,0,5,5.545711860810695,2.9135060030966997,36.26916298526339,180.24574540503744
1781616652,150,POST,/posts,21.000000,0.000000,5,6,7,7,9,11,17,20,29,29,29,2176,0,5,6.165617421388828,3.3709920244291425,37.60624802089296,227.7996323529412
1781616652,150,GET,/timeline/{user_id},184.500000,0.000000,3,4,4,5,7,13,24,37,170,190,190,18584,0,4,7.737946032808846,1.9345290202181786,1248.7645139917731,7931.728745157125
1781616652,150,GET,/users/{user_id},79.800000,0.000000,3,3,4,4,5,8,17,24,56,56,56,7491,0,3,4.453368808690402,1.6431830008514225,145.04238299559802,262.66746762782003
1781616652,150,,Aggregated,729.300000,0.000000,3,4,5,5,7,12,22,30,160,190,190,73821,0,4,6.646204576074807,1.6431830008514225,1409.7235499939416,8304.758916839382
1781616653,150,GET,/feed/{user_id},290.400000,0.000000,4,4,5,5,7,12,20,25,38,46,46,29875,0,4,5.2695856583421605,1.9614689808804542,225.57630800292827,9809.27809205021
1781616653,150,GET,/feed/{user_id}?with_fof=true,141.100000,0.000000,4,4,5,5,7,13,24,46,180,190,190,14665,0,4,9.323209065086143,1.996542006963864,1409.7235499939416,11903.61316058643
1781616653,150,POST,/likes,13.300000,0.000000,4,5,6,6,7,8,12,18,19,19,19,1481,0,5,5.543487483146144,2.9135060030966997,36.26916298526339,180.24645509790682
1781616653,150,POST,/posts,21.500000,0.000000,5,6,7,7,9,12,17,20,29,29,29,2207,0,5,6.168693248241086,3.3709920244291425,37.60624802089296,227.80063434526505
1781616653,150,GET,/timeline/{user_id},182.400000,0.000000,3,4,4,5,7,13,24,37,170,190,190,18760,0,4,7.7236411611170155,1.9345290202181786,1248.7645139917731,7928.475586353945
1781616653,150,GET,/users/{user_id},79.900000,0.000000,3,3,4,4,5,8,17,24,37,37,37,7561,0,3,4.4497173271894725,1.6431830008514225,145.04238299559802,262.6738526649914
1781616653,150,,Aggregated,728.600000,0.000000,3,4,5,5,7,12,21,28,160,190,190,74549,0,4,6.633459393651191,1.6431830008514225,1409.7235499939416,8304.774711934433
1781616654,150,GET,/feed/{user_id},290.900000,0.000000,4,4,5,5,7,12,20,25,38,46,46,30189,0,4,5.264124246161114,1.9614689808804542,225.57630800292827,9811.459008248037
1781616654,150,GET,/feed/{user_id}?with_fof=true,141.600000,0.000000,4,4,5,5,7,14,24,58,180,190,190,14806,0,4,9.29469016442637,1.996542006963864,1409.7235499939416,11904.155274888559
1781616654,150,POST,/likes,13.800000,0.000000,5,5,6,6,7,9,12,18,19,19,19,1503,0,5,5.537225225182369,2.9135060030966997,36.26916298526339,180.24950099800398
1781616654,150,POST,/posts,23.100000,0.000000,5,6,7,7,9,12,18,20,29,29,29,2228,0,5,6.1699004545974,3.3709920244291425,37.60624802089296,227.79937163375223
1781616654,150,GET,/timeline/{user_id},182.700000,0.000000,3,4,4,5,7,14,23,34,170,190,190,18918,0,4,7.699541812215987,1.9345290202181786,1248.7645139917731,7931.759858335976
1781616654,150,GET,/users/{user_id},77.400000,0.000000,3,3,4,4,5,8,17,19,37,37,37,7631,0,3,4.446138568318968,1.6431830008514225,145.04238299559802,262.6746166950596
1781616654,150,,Aggregated,729.500000,0.000000,3,4,5,5,7,13,21,28,160,190,190,75275,0,4,6.618309300385134,1.6431830008514225,1409.7235499939416,8306.702278312852
1781616655,150,GET,/feed/{user_id},292.800000,0.000000,3,4,5,5,7,13,21,27,38,46,46,30482,0,4,5.261751039436792,1.9614689808804542,225.57630800292827,9810.526704284495
1781616655,150,GET,/feed/{user_id}?with_fof=true,143.000000,0.000000,4,4,5,5,7,14,23,46,180,190,190,14970,0,4,9.24181031833391,1.996542006963864,1409.7235499939416,11904.563193052772
1781616655,150,POST,/likes,13.800000,0.000000,5,5,6,6,8,9,10,12,18,18,18,1523,0,5,5.532553726503777,2.9135060030966997,36.26916298526339,180.25147734734077
1781616655,150,POST,/posts,23.100000,0.000000,5,6,7,7,9,11,17,20,29,29,29,2245,0,5,6.161275351386857,3.3709920244291425,37.60624802089296,227.80044543429844
1781616655,150,GET,/timeline/{user_id},180.200000,0.000000,3,4,4,5,7,14,24,37,170,190,190,19087,0,4,7.677309084021529,1.9345290202181786,1248.7645139917731,7927.20830932048
1781616655,150,GET,/users/{user_id},76.900000,0.000000,3,3,4,4,6,8,17,19,37,37,37,7697,0,3,4.436948242115951,1.6431830008514225,145.04238299559802,262.67909575159155
1781616655,150,,Aggregated,729.800000,0.000000,3,4,5,5,7,13,22,29,160,190,190,76004,0,4,6.600767423361732,1.6431830008514225,1409.7235499939416,8307.06524656597
1781616656,150,GET,/feed/{user_id},293.900000,0.000000,3,4,5,5,7,14,21,27,42,46,46,30769,0,4,5.255067058179897,1.9614689808804542,225.57630800292827,9813.937177028827
1781616656,150,GET,/feed/{user_id}?with_fof=true,142.600000,0.000000,3,4,5,5,7,14,25,46,180,190,190,15136,0,4,9.196968234431914,1.996542006963864,1409.7235499939416,11905.6713794926
1781616656,150,POST,/likes,13.800000,0.000000,5,5,6,6,8,9,10,12,18,18,18,1539,0,5,5.524207594213085,2.8944170044269413,36.26916298526339,180.25211176088368
1781616656,150,POST,/posts,23.100000,0.000000,5,6,7,7,9,12,18,22,29,29,29,2271,0,5,6.166901095065041,3.3709920244291425,37.60624802089296,227.79964773227653
1781616656,150,GET,/timeline/{user_id},178.900000,0.000000,3,4,4,5,7,14,26,34,170,190,190,19262,0,4,7.647424190671704,1.9345290202181786,1248.7645139917731,7927.975495794829
1781616656,150,GET,/users/{user_id},76.500000,0.000000,3,3,4,4,6,9,17,19,37,37,37,7766,0,3,4.429605050018195,1.6431830008514225,145.04238299559802,262.68362091166625
1781616656,150,,Aggregated,728.800000,0.000000,3,4,5,5,7,13,22,29,160,190,190,76743,0,4,6.581841405249274,1.6431830008514225,1409.7235499939416,8309.71790261001
1781616657,150,GET,/feed/{user_id},292.700000,0.000000,3,4,5,5,7,14,21,27,42,46,46,31055,0,4,5.25014855698231,1.9614689808804542,225.57630800292827,9810.788858476895
1781616657,150,GET,/feed/{user_id}?with_fof=true,144.100000,0.000000,3,4,5,5,7,14,23,36,170,170,170,15284,0,4,9.150077001067004,1.996542006963864,1409.7235499939416,11902.815100758964
1781616657,150,POST,/likes,13.800000,0.000000,5,5,6,6,7,8,10,10,12,12,12,1559,0,5,5.515020950274713,2.8944170044269413,36.26916298526339,180.25272610647852
1781616657,150,POST,/posts,23.500000,0.000000,5,6,7,7,9,12,17,22,29,29,29,2292,0,5,6.167189706342228,3.3709920244291425,37.60624802089296,227.80017452006982
1781616657,150,GET,/timeline/{user_id},178.300000,0.000000,3,4,4,5,7,14,24,34,170,190,190,19462,0,3,7.617940868035936,1.9345290202181786,1248.7645139917731,7928.816925290309
1781616657,150,GET,/users/{user_id},75.300000,0.000000,3,3,4,4,6,8,17,19,37,37,37,7825,0,3,4.422794647470932,1.6431830008514225,145.04238299559802,262.6870287539936
1781616657,150,,Aggregated,727.700000,0.000000,3,4,5,5,7,13,22,28,150,190,190,77477,0,4,6.563173458961806,1.6431830008514225,1409.7235499939416,8309.123572156897
1781616658,150,GET,/feed/{user_id},295.200000,0.000000,4,4,5,5,7,14,23,28,46,48,48,31394,0,4,5.2508023500770475,1.9614689808804542,225.57630800292827,9811.179747722495
1781616658,150,GET,/feed/{user_id}?with_fof=true,145.800000,0.000000,3,4,5,5,7,14,23,33,170,170,170,15403,0,4,9.118090664235543,1.996542006963864,1409.7235499939416,11903.97877036941
1781616658,150,POST,/likes,15.000000,0.000000,5,5,6,6,7,8,10,10,12,12,12,1572,0,5,5.507948553139574,2.8944170044269413,36.26916298526339,180.25445292620864
1781616658,150,POST,/posts,22.400000,0.000000,5,6,7,7,9,11,13,15,28,28,28,2313,0,5,6.172116153897259,3.3709920244291425,37.60624802089296,227.79853004755728
1781616658,150,GET,/timeline/{user_id},176.800000,0.000000,3,4,5,5,8,16,27,35,170,190,190,19642,0,3,7.603257274511943,1.9345290202181786,1248.7645139917731,7929.836981977395
1781616658,150,GET,/users/{user_id},72.800000,0.000000,3,4,4,4,6,9,17,24,37,37,37,7886,0,3,4.42795819572895,1.6431830008514225,145.04238299559802,262.69452193761094
1781616658,150,,Aggregated,728.000000,0.000000,3,4,5,5,7,14,23,30,150,190,190,78210,0,4,6.552695268974821,1.6431830008514225,1409.7235499939416,8311.071308016877
1781616659,150,GET,/feed/{user_id},294.300000,0.000000,4,4,5,5,7,14,23,28,48,51,51,31691,0,4,5.249400874275412,1.9614689808804542,225.57630800292827,9809.849925846454
1781616659,150,GET,/feed/{user_id}?with_fof=true,148.300000,0.000000,3,4,5,5,7,14,23,36,170,170,170,15547,0,4,9.097769451550837,1.996542006963864,1409.7235499939416,11902.633112497588
1781616659,150,POST,/likes,15.100000,0.000000,5,5,6,6,7,8,10,10,12,12,12,1582,0,5,5.504238263284582,2.8944170044269413,36.26916298526339,180.25094816687738
1781616659,150,POST,/posts,22.900000,0.000000,5,6,7,7,9,11,13,15,28,28,28,2337,0,5,6.173390967022308,3.3709920244291425,37.60624802089296,227.80017115960632
1781616659,150,GET,/timeline/{user_id},177.600000,0.000000,3,4,5,5,8,16,27,37,150,170,170,19820,0,4,7.592710544753798,1.9345290202181786,1248.7645139917731,7933.645812310797
1781616659,150,GET,/users/{user_id},72.400000,0.000000,3,3,4,4,6,9,16,24,33,33,33,7962,0,3,4.427122782797661,1.6431830008514225,145.04238299559802,262.7030896759608
1781616659,150,,Aggregated,730.600000,0.000000,4,4,5,5,7,14,23,29,150,170,170,78939,0,4,6.54521819361818,1.6431830008514225,1409.7235499939416,8311.331775168168
1781616660,150,GET,/feed/{user_id},296.600000,0.000000,4,4,5,5,7,15,24,30,48,51,51,31984,0,4,5.253030597842276,1.9614689808804542,225.57630800292827,9807.073411705853
1781616660,150,GET,/feed/{user_id}?with_fof=true,146.400000,0.000000,3,4,5,5,8,15,26,37,190,190,190,15689,0,4,9.096724295980843,1.996542006963864,1409.7235499939416,11904.328319204538
1781616660,150,POST,/likes,15.300000,0.000000,4,5,6,6,7,9,10,12,16,16,16,1597,0,5,5.503283171233958,2.8944170044269413,36.26916298526339,180.25109580463368
1781616660,150,POST,/posts,22.700000,0.000000,5,6,7,8,10,11,15,22,28,28,28,2367,0,5,6.184225386969846,3.3709920244291425,37.60624802089296,227.7980566117448
1781616660,150,GET,/timeline/{user_id},178.500000,0.000000,3,4,5,5,8,16,26,34,150,150,150,20006,0,4,7.568025158452741,1.9345290202181786,1248.7645139917731,7933.342247325802
1781616660,150,GET,/users/{user_id},70.900000,0.000000,3,3,4,5,6,10,18,24,35,35,35,8031,0,3,4.426478773337857,1.6431830008514225,145.04238299559802,262.705765160005
1781616660,150,,Aggregated,730.400000,0.000000,4,4,5,5,8,14,24,30,150,190,190,79674,0,4,6.540567878920739,1.6431830008514225,1409.7235499939416,8309.95979867962
1781616661,150,GET,/feed/{user_id},300.800000,0.000000,4,4,5,5,7,14,22,28,48,51,51,32293,0,4,5.243603578406285,1.9614689808804542,225.57630800292827,9808.375592233611
1781616661,150,GET,/feed/{user_id}?with_fof=true,145.300000,0.000000,3,4,5,5,7,14,24,33,190,190,190,15829,0,4,9.053471738979633,1.996542006963864,1409.7235499939416,11905.600606481774
1781616661,150,POST,/likes,15.300000,0.000000,5,5,6,6,7,9,10,10,16,16,16,1608,0,5,5.499984962322439,2.8944170044269413,36.26916298526339,180.2537313432836
1781616661,150,POST,/posts,22.200000,0.000000,5,6,7,8,10,11,13,22,28,28,28,2384,0,5,6.182144590590095,3.3709920244291425,37.60624802089296,227.79907718120805
1781616661,150,GET,/timeline/{user_id},177.400000,0.000000,3,4,5,5,8,15,26,31,150,150,150,20187,0,4,7.548256727937692,1.9345290202181786,1248.7645139917731,7935.299995046317
1781616661,150,GET,/users/{user_id},71.500000,0.000000,3,4,4,4,6,9,18,25,36,36,36,8107,0,3,4.423298706515581,1.6431830008514225,145.04238299559802,262.70951029974094
1781616661,150,,Aggregated,732.500000,0.000000,4,4,5,5,7,13,23,29,140,190,190,80408,0,4,6.52245602698443,1.6431830008514225,1409.7235499939416,8311.961906775445
1781616662,150,GET,/feed/{user_id},299.900000,0.000000,4,4,5,5,7,14,22,28,48,51,51,32586,0,4,5.2418652623079645,1.9614689808804542,225.57630800292827,9805.580065058613
1781616662,150,GET,/feed/{user_id}?with_fof=true,145.200000,0.000000,3,4,5,5,8,15,25,36,190,190,190,15967,0,4,9.038134723398276,1.996542006963864,1409.7235499939416,11904.667626980648
1781616662,150,POST,/likes,16.200000,0.000000,4,5,6,6,7,9,14,15,16,16,16,1622,0,5,5.51225874135107,2.8944170044269413,36.26916298526339,180.25277435265104
1781616662,150,POST,/posts,23.600000,0.000000,5,6,7,7,9,11,18,26,28,28,28,2404,0,5,6.187076639309359,3.3709920244291425,37.60624802089296,227.80033277870217
1781616662,150,GET,/timeline/{user_id},175.800000,0.000000,3,4,5,5,8,14,24,29,150,150,150,20382,0,3,7.522868190214191,1.9345290202181786,1248.7645139917731,7935.936856049456
1781616662,150,GET,/users/{user_id},69.500000,0.000000,3,4,4,4,6,10,20,29,36,36,36,8171,0,3,4.427921325506034,1.6431830008514225,145.04238299559802,262.71753763309266
1781616662,150,,Aggregated,730.200000,0.000000,3,4,5,5,7,14,23,29,140,190,190,81132,0,4,6.513454359427774,1.6431830008514225,1409.7235499939416,8311.68209830893
1781616663,150,GET,/feed/{user_id},300.100000,0.000000,4,4,5,5,7,15,24,29,48,51,51,32864,0,4,5.245138132205659,1.9614689808804542,225.57630800292827,9806.765579357352
1781616663,150,GET,/feed/{user_id}?with_fof=true,145.600000,0.000000,4,4,5,5,8,15,27,40,190,190,190,16117,0,4,9.019160853682338,1.996542006963864,1409.7235499939416,11906.300428119377
1781616663,150,POST,/likes,15.900000,0.000000,5,5,6,6,7,9,14,15,16,16,16,1635,0,5,5.511664205165979,2.8944170044269413,36.26916298526339,180.24954128440368
1781616663,150,POST,/posts,23.300000,0.000000,5,6,7,7,10,11,18,26,28,28,28,2430,0,5,6.185960400717356,3.3709920244291425,37.60624802089296,227.8
1781616663,150,GET,/timeline/{user_id},178.000000,0.000000,3,4,5,5,8,15,25,30,150,150,150,20565,0,4,7.513670746468342,1.9345290202181786,1248.7645139917731,7935.612059324094
1781616663,150,GET,/users/{user_id},68.700000,0.000000,3,4,4,4,6,10,24,29,36,36,36,8254,0,3,4.424803086343043,1.6431830008514225,145.04238299559802,262.727041434456
1781616663,150,,Aggregated,731.600000,0.000000,4,4,5,5,8,14,24,30,150,190,190,81865,0,4,6.508550093209448,1.6431830008514225,1409.7235499939416,8311.196005619007
1781616664,150,GET,/feed/{user_id},300.600000,0.000000,3,4,5,5,7,15,24,29,48,51,51,33182,0,4,5.237391512894153,1.9614689808804542,225.57630800292827,9806.473087818697
1781616664,150,GET,/feed/{user_id}?with_fof=true,144.600000,0.000000,4,4,5,5,8,15,27,46,190,190,190,16261,0,4,8.984962740091046,1.996542006963864,1409.7235499939416,11907.91027612078
1781616664,150,POST,/likes,15.600000,0.000000,5,5,6,6,7,9,14,15,16,16,16,1650,0,5,5.501727379689163,2.8944170044269413,36.26916298526339,180.25030303030303
1781616664,150,POST,/posts,22.600000,0.000000,5,6,7,7,10,11,15,26,28,28,28,2448,0,5,6.180261740904397,3.3709920244291425,37.60624802089296,227.79779411764707
1781616664,150,GET,/timeline/{user_id},178.100000,0.000000,3,4,5,5,8,15,25,32,150,150,150,20735,0,3,7.504243703270683,1.9345290202181786,1248.7645139917731,7934.317193151676
1781616664,150,GET,/users/{user_id},68.800000,0.000000,3,4,4,5,6,10,24,29,36,36,36,8314,0,3,4.420140399284213,1.6381549939978868,145.04238299559802,262.7317777243204
1781616664,150,,Aggregated,730.300000,0.000000,4,4,5,5,8,14,25,30,150,190,190,82590,0,4,6.495317540654582,1.6381549939978868,1409.7235499939416,8313.238890906889
1781616665,150,GET,/feed/{user_id},298.400000,0.000000,4,4,5,5,7,14,23,28,48,51,51,33466,0,4,5.231168159696442,1.9614689808804542,225.57630800292827,9803.822297256918
1781616665,150,GET,/feed/{user_id}?with_fof=true,143.300000,0.000000,4,4,5,5,8,16,29,50,190,190,190,16404,0,4,8.97668827130846,1.996542006963864,1409.7235499939416,11906.567056815411
1781616665,150,POST,/likes,15.500000,0.000000,5,5,6,6,7,9,14,15,16,16,16,1665,0,5,5.496731793679935,2.8944170044269413,36.26916298526339,180.25045045045044
1781616665,150,POST,/posts,22.500000,0.000000,5,6,7,8,10,11,15,26,28,28,28,2473,0,5,6.179285781908806,3.3709920244291425,37.60624802089296,227.79862515163768
1781616665,150,GET,/timeline/{user_id},181.900000,0.000000,3,4,5,5,7,15,25,33,150,160,160,20929,0,3,7.478610040473946,1.9345290202181786,1248.7645139917731,7927.540971857232
1781616665,150,GET,/users/{user_id},68.200000,0.000000,3,4,4,5,6,11,24,29,36,36,36,8384,0,3,4.41875573968352,1.6381549939978868,145.04238299559802,262.7359255725191
1781616665,150,,Aggregated,729.800000,0.000000,4,4,5,5,8,14,24,30,150,190,190,83321,0,4,6.484799484747764,1.6381549939978868,1409.7235499939416,8309.931337838
1781616666,150,GET,/feed/{user_id},299.000000,0.000000,4,4,5,5,8,15,25,30,51,56,56,33761,0,4,5.240969501359461,1.9614689808804542,225.57630800292827,9800.463937679571
1781616666,150,GET,/feed/{user_id}?with_fof=true,144.800000,0.000000,4,4,5,5,8,16,30,53,190,190,190,16557,0,4,8.951470068711497,1.996542006963864,1409.7235499939416,11905.80189647883
1781616666,150,POST,/likes,15.100000,0.000000,5,5,6,6,7,9,14,15,16,16,16,1673,0,5,5.4958846661300065,2.8944170044269413,36.26916298526339,180.2474596533174
1781616666,150,POST,/posts,21.800000,0.000000,5,6,7,8,10,11,13,18,28,28,28,2494,0,5,6.178520527528169,3.3709920244291425,37.60624802089296,227.79791499599037
1781616666,150,GET,/timeline/{user_id},181.200000,0.000000,3,4,5,5,8,16,27,39,150,160,160,21107,0,3,7.4787787187648895,1.9345290202181786,1248.7645139917731,7925.640877434027
1781616666,150,GET,/users/{user_id},67.800000,0.000000,3,4,4,5,7,12,25,30,50,50,50,8459,0,3,4.427483729234623,1.6381549939978868,145.04238299559802,262.74323206052725
1781616666,150,,Aggregated,729.700000,0.000000,4,4,5,5,8,15,26,34,150,190,190,84051,0,4,6.484876727078916,1.6381549939978868,1409.7235499939416,8308.96186838943
1781616667,150,GET,/feed/{user_id},298.700000,0.000000,3,4,5,5,8,14,24,30,51,56,56,34043,0,4,5.23857977996748,1.9614689808804542,225.57630800292827,9799.417237023765
1781616667,150,GET,/feed/{user_id}?with_fof=true,143.600000,0.000000,4,4,5,5,8,16,32,100,190,200,200,16699,0,4,8.926971154232174,1.996542006963864,1409.7235499939416,11906.253667884304
1781616667,150,POST,/likes,14.900000,0.000000,5,5,6,6,8,11,14,15,16,16,16,1684,0,5,5.498591792421867,2.8944170044269413,36.26916298526339,180.24643705463183
1781616667,150,POST,/posts,22.600000,0.000000,5,6,7,7,10,11,12,18,28,28,28,2523,0,5,6.174121947970232,3.3709920244291425,37.60624802089296,227.79785969084423
1781616667,150,GET,/timeline/{user_id},183.300000,0.000000,3,4,5,5,7,15,25,39,150,160,160,21295,0,3,7.455212521953034,1.9345290202181786,1248.7645139917731,7924.090443766142
1781616667,150,GET,/users/{user_id},68.800000,0.000000,3,3,4,5,7,11,24,29,50,50,50,8535,0,3,4.419726203117322,1.6381549939978868,145.04238299559802,262.74493263034566
1781616667,150,,Aggregated,731.900000,0.000000,4,4,5,5,8,14,25,34,150,200,200,84779,0,4,6.472434385941324,1.6381549939978868,1409.7235499939416,8307.344908526875
1781616668,150,GET,/feed/{user_id},298.500000,0.000000,4,4,5,5,8,15,24,30,51,56,56,34345,0,4,5.239731535547836,1.9614689808804542,225.57630800292827,9800.593507060708
1781616668,150,GET,/feed/{user_id}?with_fof=true,142.200000,0.000000,4,4,5,5,9,17,30,53,190,200,200,16838,0,4,8.89864506447112,1.996542006963864,1409.7235499939416,11907.132735479274
1781616668,150,POST,/likes,13.500000,0.000000,5,5,6,6,8,10,14,15,16,16,16,1705,0,5,5.493721362173317,2.8944170044269413,36.26916298526339,180.24281524926687
1781616668,150,POST,/posts,22.800000,0.000000,5,6,7,7,9,10,13,18,28,28,28,2548,0,5,6.171897944560775,3.3709920244291425,37.60624802089296,227.798273155416
1781616668,150,GET,/timeline/{user_id},184.600000,0.000000,3,4,5,5,10,17,33,140,170,190,190,21474,0,3,7.533109753468295,1.9345290202181786,1248.7645139917731,7922.851261991245
1781616668,150,GET,/users/{user_id},69.000000,0.000000,3,4,4,5,7,12,23,29,50,50,50,8595,0,3,4.4163957902963356,1.6381549939978868,145.04238299559802,262.7474112856312
1781616668,150,,Aggregated,730.600000,0.000000,4,4,5,5,8,15,26,36,170,200,200,85505,0,4,6.486306961379763,1.6381549939978868,1409.7235499939416,8307.994281036197
1781616669,150,GET,/feed/{user_id},298.200000,0.000000,4,4,5,5,8,15,24,30,51,56,56,34622,0,4,5.2509128033003165,1.9614689808804542,225.57630800292827,9798.953988793253
1781616669,150,GET,/feed/{user_id}?with_fof=true,141.200000,0.000000,4,4,5,5,8,17,26,100,200,200,200,16949,0,4,8.893785664208574,1.996542006963864,1409.7235499939416,11907.293055637501
1781616669,150,POST,/likes,12.900000,0.000000,5,5,6,6,8,10,12,14,15,15,15,1726,0,5,5.488244262187384,2.8944170044269413,36.26916298526339,180.2439165701043
1781616669,150,POST,/posts,22.200000,0.000000,5,6,6,7,9,10,11,13,28,28,28,2566,0,5,6.16538836738479,3.3709920244291425,37.60624802089296,227.79929851909586
1781616669,150,GET,/timeline/{user_id},183.600000,0.000000,3,4,5,5,10,18,43,160,230,240,240,21637,0,3,7.606299983543978,1.9345290202181786,1248.7645139917731,7924.687849517031
1781616669,150,GET,/users/{user_id},71.000000,0.000000,3,4,4,5,7,12,23,28,50,50,50,8676,0,3,4.422712728950003,1.6381549939978868,145.04238299559802,262.75391885661594
1781616669,150,,Aggregated,729.100000,0.000000,4,4,5,5,8,16,27,39,200,240,240,86176,0,4,6.507379558416389,1.6381549939978868,1409.7235499939416,8305.30371565169
1781616670,150,GET,/feed/{user_id},297.400000,0.000000,4,4,5,6,12,21,39,64,150,170,170,34769,0,4,5.356752539468628,1.9614689808804542,225.57630800292827,9799.86623141304
1781616670,150,GET,/feed/{user_id}?with_fof=true,142.200000,0.000000,4,4,5,6,12,25,130,560,1200,1300,1300,17013,0,4,9.675087305861457,1.996542006963864,1409.7235499939416,11908.45224240287
1781616670,150,POST,/likes,12.400000,0.000000,5,5,6,6,9,11,26,33,40,40,40,1737,0,5,5.528654753884368,2.8944170044269413,39.9653019849211,180.24237190558435
1781616670,150,POST,/posts,23.500000,0.000000,5,6,6,7,9,10,13,19,28,28,28,2574,0,5,6.1665347706594,3.3709920244291425,37.60624802089296,227.7979797979798
1781616670,150,GET,/timeline/{user_id},182.300000,0.000000,4,4,5,6,13,27,150,170,890,1000,1000,21726,0,4,7.939355900855751,1.9345290202181786,1248.7645139917731,7924.80290895701
1781616670,150,GET,/users/{user_id},71.000000,0.000000,3,4,4,5,9,19,36,55,120,120,120,8723,0,3,4.525772926327316,1.6381549939978868,145.04238299559802,262.7582253811762
1781616670,150,,Aggregated,728.800000,0.000000,4,4,5,6,11,23,56,140,990,1300,1300,86542,0,4,6.797807847344935,1.6381549939978868,1409.7235499939416,8304.589540338795
1781616671,150,GET,/feed/{user_id},292.900000,0.000000,4,5,5,6,13,27,52,77,160,250,250,34974,0,4,5.415734929627642,1.9614689808804542,249.60741301765665,9800.085434894492
1781616671,150,GET,/feed/{user_id}?with_fof=true,142.500000,0.000000,4,5,6,7,18,120,1100,1600,1900,1900,1900,17142,0,4,12.231792800186987,1.996542006963864,1939.0495440165978,11906.927313032318
1781616671,150,POST,/likes,13.700000,0.000000,4,5,6,6,8,10,26,33,40,40,40,1750,0,5,5.519232248288712,2.8944170044269413,39.9653019849211,180.24
1781616671,150,POST,/posts,23.000000,0.000000,5,6,6,7,9,10,11,13,19,19,19,2588,0,5,6.158860080278176,3.3709920244291425,37.60624802089296,227.79829984544048
1781616671,150,GET,/timeline/{user_id},183.700000,0.000000,4,5,6,7,18,69,660,1100,1700,2000,2000,21854,0,4,9.37541488048099,1.9345290202181786,1990.1964830060024,7923.194929989933
1781616671,150,GET,/users/{user_id},71.000000,0.000000,3,4,5,5,9,23,50,65,160,160,160,8769,0,3,4.566960688263551,1.6381549939978868,159.1196230147034,262.7639411563462
1781616671,150,,Aggregated,726.800000,0.000000,4,5,6,6,14,33,140,760,1800,2000,2000,87077,0,4,7.690010990333639,1.6381549939978868,1990.1964830060024,8305.515543714184
1781616672,150,GET,/feed/{user_id},284.300000,0.000000,4,5,5,6,13,26,51,76,160,250,250,35283,0,4,5.4072421249363245,1.9614689808804542,249.60741301765665,9800.094096307002
1781616672,150,GET,/feed/{user_id}?with_fof=true,134.200000,0.000000,4,5,6,7,19,140,1300,1700,2000,2000,2000,17276,0,4,12.854039334681428,1.996542006963864,2035.899723006878,11906.886026858068
1781616672,150,POST,/likes,14.000000,0.000000,4,5,5,6,8,10,26,33,40,40,40,1771,0,5,5.511917600526912,2.8944170044269413,39.9653019849211,180.24223602484471
1781616672,150,POST,/posts,21.400000,0.000000,5,6,6,7,9,10,11,13,19,19,19,2617,0,5,6.152522802734758,3.3709920244291425,37.60624802089296,227.7963316774933
1781616672,150,GET,/timeline/{user_id},174.100000,0.000000,4,5,6,7,18,84,760,1400,2000,2000,2000,22028,0,4,9.764917460148197,1.9345290202181786,1990.1964830060024,7921.862629380788
1781616672,150,GET,/users/{user_id},71.000000,0.000000,3,4,4,5,9,23,50,65,160,160,160,8841,0,3,4.554717771574603,1.6381549939978868,159.1196230147034,262.76756023074313
1781616672,150,,Aggregated,699.000000,0.000000,4,5,6,6,13,35,160,990,1900,2000,2000,87816,0,4,7.903829909310494,1.6381549939978868,2035.899723006878,8303.969128632596
1781616673,150,GET,/feed/{user_id},270.700000,0.000000,4,5,5,6,12,25,52,77,160,250,250,35553,0,4,5.397366141986263,1.9614689808804542,249.60741301765665,9793.954996765393
1781616673,150,GET,/feed/{user_id}?with_fof=true,129.500000,0.000000,4,5,6,7,18,160,1300,1700,2000,2000,2000,17435,0,4,12.794664659605013,1.996542006963864,2035.899723006878,11905.616919988528
1781616673,150,POST,/likes,14.100000,0.000000,4,5,5,6,7,10,26,33,40,40,40,1786,0,5,5.505332725410937,2.8944170044269413,39.9653019849211,180.2441209406495
1781616673,150,POST,/posts,20.700000,0.000000,5,6,6,7,9,10,12,13,19,19,19,2643,0,5,6.1577549507161216,3.3709920244291425,37.60624802089296,227.79606507756338
1781616673,150,GET,/timeline/{user_id},167.200000,0.000000,4,5,6,7,17,79,760,1400,2000,2000,2000,22217,0,4,9.725902099300098,1.9345290202181786,1990.1964830060024,7919.408245937795
1781616673,150,GET,/users/{user_id},66.400000,0.000000,3,4,5,5,9,20,50,65,160,160,160,8911,0,3,4.550853631865448,1.6381549939978868,159.1196230147034,262.771855010661
1781616673,150,,Aggregated,668.600000,0.000000,4,5,5,6,13,34,160,990,1900,2000,2000,88545,0,4,7.8796999381363255,1.6381549939978868,2035.899723006878,8300.750431983737
1781616674,150,GET,/feed/{user_id},268.200000,0.000000,4,5,6,6,13,26,51,76,160,250,250,35865,0,4,5.395841654988322,1.9614689808804542,249.60741301765665,9792.332747804267
1781616674,150,GET,/feed/{user_id}?with_fof=true,131.300000,0.000000,4,5,6,7,20,150,1300,1700,2000,2000,2000,17588,0,4,12.741833956270538,1.996542006963864,2035.899723006878,11905.8483625199
1781616674,150,POST,/likes,14.500000,0.000000,4,5,6,6,8,11,26,33,40,40,40,1797,0,5,5.515686583527223,2.8944170044269413,39.9653019849211,180.24540901502505
1781616674,150,POST,/posts,20.600000,0.000000,5,6,7,7,9,10,13,16,19,19,19,2662,0,5,6.161038569802877,3.3709920244291425,37.60624802089296,227.79601803155523
1781616674,150,GET,/timeline/{user_id},164.200000,0.000000,4,5,6,7,19,79,760,1400,2000,2000,2000,22396,0,4,9.702204978400918,1.9345290202181786,1990.1964830060024,7918.801616360064
1781616674,150,GET,/users/{user_id},66.300000,0.000000,3,4,5,5,10,23,50,65,160,160,160,8973,0,3,4.5564508851485295,1.6381549939978868,159.1196230147034,262.7738771871169
1781616674,150,,Aggregated,665.100000,0.000000,4,5,6,6,14,34,160,990,1900,2000,2000,89281,0,4,7.864083360750448,1.6381549939978868,2035.899723006878,8302.323226666367
1781616675,150,GET,/feed/{user_id},268.300000,0.000000,4,5,6,6,12,24,51,77,160,250,250,36147,0,4,5.392071632866991,1.9614689808804542,249.60741301765665,9790.192519434531
1781616675,150,GET,/feed/{user_id}?with_fof=true,131.700000,0.000000,4,5,6,7,21,160,1300,1700,2000,2000,2000,17735,0,4,12.703397663822896,1.996542006963864,2035.899723006878,11904.925965604736
1781616675,150,POST,/likes,14.900000,0.000000,4,5,5,6,7,10,26,33,40,40,40,1810,0,5,5.505898643448403,2.8944170044269413,39.9653019849211,180.24364640883977
1781616675,150,POST,/posts,21.300000,0.000000,5,6,6,7,9,10,13,16,19,19,19,2684,0,5,6.160333965630107,3.3709920244291425,37.60624802089296,227.79433681073024
1781616675,150,GET,/timeline/{user_id},163.600000,0.000000,4,5,5,7,19,84,760,1400,2000,2000,2000,22574,0,4,9.672490541122603,1.9345290202181786,1990.1964830060024,7916.54000177195
1781616675,150,GET,/users/{user_id},66.400000,0.000000,3,4,4,5,9,23,47,65,160,160,160,9046,0,3,4.551551961015834,1.6381549939978868,159.1196230147034,262.7843245633429
1781616675,150,,Aggregated,666.200000,0.000000,4,5,5,6,13,34,160,990,1900,2000,2000,89996,0,4,7.847261259435817,1.6381549939978868,2035.899723006878,8300.843515267345
1781616676,150,GET,/feed/{user_id},268.100000,0.000000,4,5,6,6,12,23,51,77,160,250,250,36433,0,4,5.386040913812413,1.9614689808804542,249.60741301765665,9788.501193972497
1781616676,150,GET,/feed/{user_id}?with_fof=true,131.300000,0.000000,4,5,6,6,20,160,1300,1700,2000,2000,2000,17883,0,4,12.63929943701538,1.996542006963864,2035.899723006878,11903.864508192139
1781616676,150,POST,/likes,14.700000,0.000000,4,5,5,6,7,9,26,33,40,40,40,1827,0,5,5.498258432204039,2.8944170044269413,39.9653019849211,180.24356869184456
1781616676,150,POST,/posts,22.200000,0.000000,5,6,6,7,9,10,13,16,19,19,19,2706,0,5,6.160650133317562,3.3709920244291425,37.60624802089296,227.79490022172948
1781616676,150,GET,/timeline/{user_id},165.400000,0.000000,4,4,5,6,19,93,760,1400,2000,2000,2000,22758,0,4,9.643917651875293,1.9345290202181786,1990.1964830060024,7910.365629668688
1781616676,150,GET,/users/{user_id},66.100000,0.000000,3,4,4,5,8,20,47,65,160,160,160,9123,0,3,4.541518551053222,1.6381549939978868,159.1196230147034,262.78724103913186
1781616676,150,,Aggregated,667.800000,0.000000,4,5,5,6,13,33,160,990,1900,2000,2000,90730,0,4,7.824124429892034,1.6381549939978868,2035.899723006878,8297.900363716522
1781616677,150,GET,/feed/{user_id},267.300000,0.000000,4,4,5,6,11,22,51,77,160,250,250,36719,0,4,5.375855997412926,1.9614689808804542,249.60741301765665,9787.750347231678
1781616677,150,GET,/feed/{user_id}?with_fof=true,133.000000,0.000000,4,4,5,6,18,160,1300,1700,2000,2000,2000,18027,0,4,12.580625339500743,1.996542006963864,2035.899723006878,11903.853663948521
1781616677,150,POST,/likes,14.600000,0.000000,4,5,5,6,7,9,20,33,40,40,40,1844,0,5,5.489560844746132,2.8944170044269413,39.9653019849211,180.2462039045553
1781616677,150,POST,/posts,20.800000,0.000000,5,6,6,7,9,10,11,16,19,19,19,2731,0,5,6.15402846202832,3.3709920244291425,37.60624802089296,227.79384840717685
1781616677,150,GET,/timeline/{user_id},163.600000,0.000000,4,4,5,6,17,100,760,1400,2000,2000,2000,22940,0,4,9.612775336382745,1.9345290202181786,1990.1964830060024,7907.855492589363
1781616677,150,GET,/users/{user_id},65.300000,0.000000,3,4,4,5,8,19,47,65,160,160,160,9198,0,3,4.534391731162606,1.6381549939978868,159.1196230147034,262.79495542509244
1781616677,150,,Aggregated,664.600000,0.000000,4,4,5,6,12,33,160,990,1900,2000,2000,91459,0,4,7.79956912552674,1.6381549939978868,2035.899723006878,8296.231611979138
1781616678,150,GET,/feed/{user_id},265.900000,0.000000,4,4,5,6,12,25,51,77,160,250,250,37009,0,4,5.384823622520679,1.9614689808804542,249.60741301765665,9786.579804912319
1781616678,150,GET,/feed/{user_id}?with_fof=true,132.800000,0.000000,4,4,5,6,21,160,1300,1700,2000,2000,2000,18166,0,4,12.546399254110833,1.996542006963864,2035.899723006878,11904.993889684025
1781616678,150,POST,/likes,15.300000,0.000000,4,5,5,6,7,9,33,39,40,40,40,1859,0,5,5.502856162834723,2.8944170044269413,39.9653019849211,180.24152770306617
1781616678,150,POST,/posts,21.100000,0.000000,5,6,7,7,10,10,16,19,28,28,28,2752,0,5,6.166256764784119,3.3709920244291425,37.60624802089296,227.79396802325581
1781616678,150,GET,/timeline/{user_id},164.700000,0.000000,4,4,5,6,14,57,760,1400,2000,2000,2000,23129,0,4,9.604705840749215,1.9345290202181786,1990.1964830060024,7907.603614509922
1781616678,150,GET,/users/{user_id},66.200000,0.000000,3,4,4,5,9,21,47,65,160,160,160,9280,0,3,4.536220306808587,1.6381549939978868,159.1196230147034,262.8002155172414
1781616678,150,,Aggregated,666.000000,0.000000,4,4,5,6,12,33,150,990,1900,2000,2000,92195,0,4,7.794864584384328,1.6381549939978868,2035.899723006878,8294.954813167742
1781616679,150,GET,/feed/{user_id},266.500000,0.000000,4,4,5,5,9,17,34,49,140,250,250,37323,0,4,5.3786377386050495,1.9614689808804542,249.60741301765665,9786.328296224849
1781616679,150,GET,/feed/{user_id}?with_fof=true,133.200000,0.000000,4,4,5,6,13,77,1200,1700,2000,2000,2000,18299,0,4,12.504458739000345,1.996542006963864,2035.899723006878,11904.119077545221
1781616679,150,POST,/likes,15.700000,0.000000,4,5,5,6,7,8,33,39,40,40,40,1871,0,5,5.500020703231395,2.8944170044269413,39.9653019849211,180.24104756814538
1781616679,150,POST,/posts,21.200000,0.000000,5,6,7,7,10,10,13,16,28,28,28,2778,0,5,6.167686318798806,3.3709920244291425,37.60624802089296,227.7933765298776
1781616679,150,GET,/timeline/{user_id},162.800000,0.000000,3,4,5,5,11,31,740,1400,2000,2000,2000,23308,0,3,9.56546676187853,1.9345290202181786,1990.1964830060024,7909.233567873692
1781616679,150,GET,/users/{user_id},65.600000,0.000000,3,3,4,5,7,12,24,41,160,160,160,9336,0,3,4.52889507028502,1.6381549939978868,159.1196230147034,262.8028063410454
1781616679,150,,Aggregated,665.000000,0.000000,4,4,5,6,9,21,89,890,1900,2000,2000,92915,0,4,7.772954009302463,1.6381549939978868,2035.899723006878,8296.406285314535
1781616680,150,GET,/feed/{user_id},266.600000,0.000000,3,4,5,5,7,13,22,32,63,80,80,37660,0,4,5.374362872121911,1.9614689808804542,249.60741301765665,9785.629394583111
1781616680,150,GET,/feed/{user_id}?with_fof=true,132.300000,0.000000,4,4,5,5,8,22,170,1500,2000,2000,2000,18440,0,4,12.453984451034373,1.996542006963864,2035.899723006878,11904.998427331888
1781616680,150,POST,/likes,16.000000,0.000000,4,5,5,6,7,8,12,20,39,39,39,1884,0,5,5.494609316748556,2.8944170044269413,39.9653019849211,180.23938428874735
1781616680,150,POST,/posts,20.100000,0.000000,5,6,7,8,10,10,13,16,28,28,28,2793,0,5,6.168582264466592,3.3709920244291425,37.60624802089296,227.79341210168278
1781616680,150,GET,/timeline/{user_id},164.100000,0.000000,3,4,5,5,8,18,120,190,2000,2000,2000,23459,0,4,9.565629835707048,1.9345290202181786,1990.1964830060024,7907.425124685622
1781616680,150,GET,/users/{user_id},67.400000,0.000000,3,3,4,4,6,11,18,24,41,41,41,9418,0,3,4.523821581779487,1.6381549939978868,159.1196230147034,262.8091951582077
1781616680,150,,Aggregated,666.500000,0.000000,4,4,5,5,7,15,31,120,1900,2000,2000,93654,0,4,7.758730382382443,1.6381549939978868,2035.899723006878,8296.561759241464
1781616681,150,GET,/feed/{user_id},267.800000,0.000000,3,4,5,5,7,13,20,27,50,80,80,37933,0,4,5.364783085525546,1.9614689808804542,249.60741301765665,9783.964226399177
1781616681,150,GET,/feed/{user_id}?with_fof=true,132.600000,0.000000,4,4,5,5,7,16,33,120,230,580,580,18571,0,4,12.444523106842533,1.996542006963864,2035.899723006878,11904.949868073878
1781616681,150,POST,/likes,14.800000,0.000000,4,5,5,6,7,8,11,20,39,39,39,1905,0,5,5.490826674904479,2.8944170044269413,39.9653019849211,180.23674540682416
1781616681,150,POST,/posts,20.600000,0.000000,5,6,7,8,10,10,13,16,28,28,28,2818,0,5,6.162281853702158,3.3709920244291425,37.60624802089296,227.79347054648687
1781616681,150,GET,/timeline/{user_id},164.300000,0.000000,3,4,5,5,7,14,30,110,180,190,190,23657,0,4,9.530908001132826,1.9345290202181786,1990.1964830060024,7910.032125797861
1781616681,150,GET,/users/{user_id},66.700000,0.000000,3,3,4,4,6,11,19,24,41,41,41,9490,0,3,4.524405244185228,1.6381549939978868,159.1196230147034,262.8140147523709
1781616681,150,,Aggregated,666.800000,0.000000,3,4,5,5,7,13,23,35,170,580,580,94374,0,4,7.7441264207298195,1.6381549939978868,2035.899723006878,8294.964153262552
1781616682,150,GET,/feed/{user_id},279.800000,0.000000,3,4,5,5,7,13,22,29,51,80,80,38233,0,4,5.361836656607563,1.9614689808804542,249.60741301765665,9787.167106949493
1781616682,150,GET,/feed/{user_id}?with_fof=true,140.300000,0.000000,4,4,5,5,7,18,35,120,560,580,580,18711,0,4,12.43414471462641,1.9415200222283602,2035.899723006878,11900.590615146171
1781616682,150,POST,/likes,14.600000,0.000000,4,5,6,6,7,8,20,35,39,39,39,1922,0,5,5.499402090390315,2.8944170044269413,39.9653019849211,180.2346514047867
1781616682,150,POST,/posts,21.600000,0.000000,5,6,7,7,9,10,14,21,28,28,28,2843,0,5,6.165265345333699,3.3709920244291425,37.60624802089296,227.79247274006332
1781616682,150,GET,/timeline/{user_id},171.900000,0.000000,3,4,5,5,7,15,30,130,180,190,190,23840,0,3,9.505189411022197,1.9345290202181786,1990.1964830060024,7909.4221476510065
1781616682,150,GET,/users/{user_id},66.900000,0.000000,3,3,4,4,6,11,20,25,41,41,41,9553,0,3,4.521980899860689,1.6381549939978868,159.1196230147034,262.8179629435779
1781616682,150,,Aggregated,695.100000,0.000000,3,4,5,5,7,14,25,37,180,580,580,95102,0,4,7.734372378468423,1.6381549939978868,2035.899723006878,8295.620071081576
1781616683,150,GET,/feed/{user_id},292.200000,0.000000,3,4,5,5,7,14,23,29,51,80,80,38527,0,4,5.360576398867746,1.9614689808804542,249.60741301765665,9788.255353388533
1781616683,150,GET,/feed/{user_id}?with_fof=true,144.400000,0.000000,4,4,5,5,7,19,39,120,560,580,580,18853,0,4,12.398587432904604,1.9415200222283602,2035.899723006878,11900.339521561555
1781616683,150,POST,/likes,15.100000,0.000000,4,5,6,6,7,8,20,35,39,39,39,1937,0,5,5.502829308571461,2.8944170044269413,39.9653019849211,180.24006195147135
1781616683,150,POST,/posts,22.000000,0.000000,5,6,7,7,9,10,17,21,28,28,28,2858,0,5,6.16513308672848,3.3709920244291425,37.60624802089296,227.79146256123164
1781616683,150,GET,/timeline/{user_id},178.200000,0.000000,3,4,5,5,8,15,30,110,180,190,190,24021,0,4,9.474209669990046,1.9345290202181786,1990.1964830060024,7909.9066233712165
1781616683,150,GET,/users/{user_id},71.400000,0.000000,3,4,4,5,6,12,21,26,41,41,41,9620,0,3,4.523176435800366,1.6381549939978868,159.1196230147034,262.8218295218295
1781616683,150,,Aggregated,723.300000,0.000000,4,4,5,5,7,14,26,37,180,580,580,95816,0,4,7.719476646066748,1.6381549939978868,2035.899723006878,8297.169376722051
1781616684,150,GET,/feed/{user_id},292.500000,0.000000,3,4,5,5,7,13,22,29,51,80,80,38813,0,4,5.357505730917481,1.9614689808804542,249.60741301765665,9787.241336665551
1781616684,150,GET,/feed/{user_id}?with_fof=true,142.000000,0.000000,4,4,5,5,7,17,35,120,560,580,580,19006,0,4,12.34632629419786,1.9415200222283602,2035.899723006878,11901.348837209302
1781616684,150,POST,/likes,15.600000,0.000000,4,5,6,6,7,10,12,35,39,39,39,1957,0,5,5.50982344385325,2.8944170044269413,39.9653019849211,180.2381195707716
1781616684,150,POST,/posts,23.300000,0.000000,5,6,7,7,9,10,14,21,28,28,28,2880,0,5,6.15828955653544,3.3709920244291425,37.60624802089296,227.79166666666666
1781616684,150,GET,/timeline/{user_id},182.300000,0.000000,3,4,5,5,8,14,30,120,180,190,190,24219,0,4,9.458018427145506,1.9345290202181786,1990.1964830060024,7910.787976382179
1781616684,150,GET,/users/{user_id},71.700000,0.000000,3,3,4,5,6,10,19,22,31,31,31,9688,0,3,4.51673032176931,1.6381549939978868,159.1196230147034,262.8274153592073
1781616684,150,,Aggregated,727.400000,0.000000,4,4,5,5,7,13,24,37,180,580,580,96563,0,4,7.704147318625205,1.6381549939978868,2035.899723006878,8297.33589470087
1781616685,150,GET,/feed/{user_id},296.200000,0.000000,3,4,5,5,7,15,23,30,51,80,80,39091,0,4,5.356632246659643,1.9614689808804542,249.60741301765665,9788.632012483691
1781616685,150,GET,/feed/{user_id}?with_fof=true,143.200000,0.000000,4,4,5,5,8,17,33,120,560,580,580,19158,0,4,12.294689537731383,1.9415200222283602,2035.899723006878,11899.639262971083
1781616685,150,POST,/likes,15.000000,0.000000,4,5,6,6,8,10,13,35,39,39,39,1964,0,5,5.506673867925916,2.8944170044269413,39.9653019849211,180.23778004073318
1781616685,150,POST,/posts,22.500000,0.000000,5,6,7,7,9,10,17,21,28,28,28,2901,0,5,6.166016098568299,3.3709920244291425,37.60624802089296,227.79248534987934
1781616685,150,GET,/timeline/{user_id},179.300000,0.000000,4,4,5,5,8,17,34,130,180,190,190,24387,0,4,9.439757687047301,1.9345290202181786,1990.1964830060024,7908.527330134908
1781616685,150,GET,/users/{user_id},70.500000,0.000000,3,3,4,5,6,11,19,22,31,31,31,9763,0,3,4.510415605377691,1.6381549939978868,159.1196230147034,262.8306872887432
1781616685,150,,Aggregated,726.700000,0.000000,4,4,5,5,8,15,26,38,180,580,580,97264,0,4,7.6892072274007655,1.6381549939978868,2035.899723006878,8297.692753742393
1781616686,150,GET,/feed/{user_id},294.500000,0.000000,3,4,5,5,8,15,24,32,51,80,80,39383,0,4,5.359048541433281,1.9614689808804542,249.60741301765665,9786.539598303836
1781616686,150,GET,/feed/{user_id}?with_fof=true,141.800000,0.000000,4,4,5,5,9,20,33,120,560,580,580,19291,0,4,12.247219548895025,1.9415200222283602,2035.899723006878,11898.445700067388
1781616686,150,POST,/likes,15.900000,0.000000,5,5,6,7,8,10,13,35,39,39,39,1974,0,5,5.503539283510548,2.8944170044269413,39.9653019849211,180.2355623100304
1781616686,150,POST,/posts,21.100000,0.000000,5,6,7,7,9,11,21,28,28,28,28,2918,0,5,6.166397381072508,3.3709920244291425,37.60624802089296,227.79198080877313
1781616686,150,GET,/timeline/{user_id},180.500000,0.000000,4,4,5,5,8,17,32,120,180,190,190,24591,0,4,9.409871940508571,1.9345290202181786,1990.1964830060024,7909.8479118376645
1781616686,150,GET,/users/{user_id},71.500000,0.000000,3,4,4,5,6,13,20,25,36,36,36,9835,0,3,4.514625347874577,1.6381549939978868,159.1196230147034,262.83812913065583
1781616686,150,,Aggregated,725.300000,0.000000,4,4,5,5,8,15,27,38,180,580,580,97992,0,4,7.673825988999234,1.6381549939978868,2035.899723006878,8297.338252102212
1781616687,150,GET,/feed/{user_id},293.300000,0.000000,3,4,5,5,7,14,23,30,50,80,80,39653,0,4,5.3501528114701316,1.9312429940328002,249.60741301765665,9788.144049630546
1781616687,150,GET,/feed/{user_id}?with_fof=true,141.700000,0.000000,4,4,5,5,9,19,32,120,560,580,580,19448,0,4,12.20266650162381,1.9415200222283602,2035.899723006878,11897.326306046894
1781616687,150,POST,/likes,15.500000,0.000000,4,5,6,7,8,10,12,13,35,35,35,1985,0,5,5.497265112661388,2.8944170044269413,39.9653019849211,180.23627204030225
1781616687,150,POST,/posts,21.700000,0.000000,5,6,6,7,9,10,15,21,28,28,28,2946,0,5,6.157897857771156,3.3709920244291425,37.60624802089296,227.7909029192125
1781616687,150,GET,/timeline/{user_id},181.200000,0.000000,4,4,5,5,8,17,32,120,180,190,190,24788,0,4,9.383800982697316,1.9273890065960586,1990.1964830060024,7910.185654348878
1781616687,150,GET,/users/{user_id},72.400000,0.000000,3,3,4,5,6,13,20,25,36,36,36,9911,0,3,4.50840148355205,1.6381549939978868,159.1196230147034,262.8440117041671
1781616687,150,,Aggregated,725.800000,0.000000,4,4,5,5,8,15,26,36,180,580,580,98731,0,4,7.655232214370533,1.6381549939978868,2035.899723006878,8297.495700438565
1781616688,150,GET,/feed/{user_id},295.200000,0.000000,3,4,5,5,7,13,22,29,50,80,80,39967,0,4,5.34261741409071,1.9312429940328002,249.60741301765665,9786.869066980258
1781616688,150,GET,/feed/{user_id}?with_fof=true,141.000000,0.000000,4,4,5,5,8,15,28,120,560,580,580,19584,0,4,12.149377848933963,1.9415200222283602,2035.899723006878,11896.192861519608
1781616688,150,POST,/likes,15.000000,0.000000,5,5,6,7,8,10,12,13,35,35,35,2007,0,5,5.495760922045129,2.8944170044269413,39.9653019849211,180.23567513702042
1781616688,150,POST,/posts,21.200000,0.000000,5,6,6,7,9,10,12,21,28,28,28,2965,0,5,6.157483537922869,3.3709920244291425,37.60624802089296,227.79055649241147
1781616688,150,GET,/timeline/{user_id},181.500000,0.000000,4,4,5,5,8,14,28,66,160,160,160,24960,0,4,9.348744547246614,1.9273890065960586,1990.1964830060024,7911.218509615384
1781616688,150,GET,/users/{user_id},71.100000,0.000000,3,4,4,5,6,13,19,23,36,36,36,9973,0,3,4.505923220036675,1.6381549939978868,159.1196230147034,262.8475884889201
1781616688,150,,Aggregated,725.000000,0.000000,4,4,5,5,7,13,23,33,160,580,580,99456,0,4,7.631826868320395,1.6381549939978868,2035.899723006878,8297.632742117117
1781616689,150,GET,/feed/{user_id},294.500000,0.000000,3,4,5,5,7,13,22,29,47,61,61,40250,0,4,5.3411486763760205,1.9312429940328002,249.60741301765665,9787.18954037267
1781616689,150,GET,/feed/{user_id}?with_fof=true,139.800000,0.000000,4,4,5,5,8,16,29,120,560,580,580,19751,0,4,12.108636062807252,1.9415200222283602,2035.899723006878,11896.028403625132
1781616689,150,POST,/likes,14.300000,0.000000,5,5,6,7,8,10,12,13,35,35,35,2025,0,5,5.499047618546166,2.8944170044269413,39.9653019849211,180.23506172839507
1781616689,150,POST,/posts,21.100000,0.000000,5,6,6,7,8,10,15,21,28,28,28,2985,0,5,6.156615410027386,3.3709920244291425,37.60624802089296,227.7899497487437
1781616689,150,GET,/timeline/{user_id},184.100000,0.000000,4,4,5,5,8,16,30,100,160,190,190,25138,0,4,9.34575069387237,1.9273890065960586,1990.1964830060024,7911.547656933726
1781616689,150,GET,/users/{user_id},70.500000,0.000000,3,4,4,5,6,13,20,23,36,36,36,10029,0,3,4.505690999932073,1.6381549939978868,159.1196230147034,262.8488383687307
1781616689,150,,Aggregated,724.300000,0.000000,4,4,5,5,8,14,24,32,160,580,580,100178,0,4,7.624159291541166,1.6381549939978868,2035.899723006878,8299.77001936553
1781616690,150,GET,/feed/{user_id},293.000000,0.000000,3,4,5,5,7,14,22,28,47,61,61,40547,0,4,5.336547834483284,1.9312429940328002,249.60741301765665,9787.666041877328
1781616690,150,GET,/feed/{user_id}?with_fof=true,142.400000,0.000000,4,4,5,5,9,16,28,120,560,580,580,19888,0,4,12.066838305336184,1.9415200222283602,2035.899723006878,11897.2871078037
1781616690,150,POST,/likes,14.500000,0.000000,5,5,6,7,8,10,12,13,35,35,35,2038,0,5,5.49069209938496,2.8944170044269413,39.9653019849211,180.23503434739942
1781616690,150,POST,/posts,21.800000,0.000000,5,6,6,7,8,10,14,21,28,28,28,3005,0,5,6.156111758377809,3.3709920244291425,37.60624802089296,227.78968386023294
1781616690,150,GET,/timeline/{user_id},183.600000,0.000000,4,4,5,5,8,15,27,61,170,190,190,25317,0,4,9.320110392136044,1.9273890065960586,1990.1964830060024,7914.1726507880085
1781616690,150,GET,/users/{user_id},69.200000,0.000000,3,4,4,5,7,13,19,24,36,36,36,10103,0,3,4.506763843457451,1.6381549939978868,159.1196230147034,262.8543996832624
1781616690,150,,Aggregated,724.500000,0.000000,4,4,5,5,8,14,24,32,170,580,580,100898,0,4,7.60713296102946,1.6381549939978868,2035.899723006878,8300.900860274733
1781616691,150,GET,/feed/{user_id},292.100000,0.000000,3,4,5,5,7,13,21,26,43,61,61,40841,0,4,5.328754327875234,1.9312429940328002,249.60741301765665,9790.4943561617
1781616691,150,GET,/feed/{user_id}?with_fof=true,144.000000,0.000000,4,4,5,5,8,15,26,110,190,200,200,20038,0,4,12.020195441833467,1.9415200222283602,2035.899723006878,11897.578600658748
1781616691,150,POST,/likes,15.100000,0.000000,5,5,7,7,9,10,12,12,13,13,13,2055,0,5,5.493891152067205,2.8944170044269413,39.9653019849211,180.23114355231144
1781616691,150,POST,/posts,21.100000,0.000000,5,6,6,7,9,10,15,21,28,28,28,3025,0,5,6.155048501466147,3.3709920244291425,37.60624802089296,227.79140495867767
1781616691,150,GET,/timeline/{user_id},182.600000,0.000000,4,4,5,5,8,14,26,51,180,190,190,25492,0,4,9.292187211002721,1.9273890065960586,1990.1964830060024,7910.220069041268
1781616691,150,GET,/users/{user_id},69.000000,0.000000,3,4,4,5,7,13,17,23,36,36,36,10185,0,3,4.499222892838327,1.6381549939978868,159.1196230147034,262.8569464899362
1781616691,150,,Aggregated,723.900000,0.000000,4,4,5,5,8,14,23,29,160,200,200,101636,0,4,7.586901504871152,1.6381549939978868,2035.899723006878,8300.614270534063
1781616692,150,GET,/feed/{user_id},289.300000,0.000000,3,4,5,5,7,13,20,26,43,61,61,41136,0,4,5.3232809265059,1.9312429940328002,249.60741301765665,9791.004570206145
1781616692,150,GET,/feed/{user_id}?with_fof=true,145.500000,0.000000,4,4,5,5,8,15,24,38,150,190,190,20190,0,4,11.974583714836013,1.9415200222283602,2035.899723006878,11899.57127290738
1781616692,150,POST,/likes,15.200000,0.000000,5,5,6,7,8,10,12,12,13,13,13,2071,0,5,5.487943815796145,2.8944170044269413,39.9653019849211,180.23128923225494
1781616692,150,POST,/posts,20.500000,0.000000,5,6,6,7,8,10,12,15,28,28,28,3039,0,5,6.15099385287582,3.3709920244291425,37.60624802089296,227.79269496544916
1781616692,150,GET,/timeline/{user_id},184.700000,0.000000,4,4,5,5,8,14,27,100,180,190,190,25680,0,4,9.27947565205415,1.9273890065960586,1990.1964830060024,7909.76246105919
1781616692,150,GET,/users/{user_id},67.800000,0.000000,3,3,4,4,7,12,17,23,36,36,36,10252,0,3,4.497098300787562,1.6381549939978868,159.1196230147034,262.8617830667187
1781616692,150,,Aggregated,723.000000,0.000000,4,4,5,5,8,14,23,29,160,190,190,102368,0,4,7.572727003371307,1.6381549939978868,2035.899723006878,8302.381486402
1781616693,150,GET,/feed/{user_id},290.700000,0.000000,3,4,5,5,8,14,23,30,56,61,61,41420,0,4,5.336245818141667,1.9312429940328002,249.60741301765665,9792.755842588122
1781616693,150,GET,/feed/{user_id}?with_fof=true,145.100000,0.000000,4,4,5,5,8,15,24,120,180,190,190,20321,0,4,11.953151358371104,1.9415200222283602,2035.899723006878,11899.399881895575
1781616693,150,POST,/likes,15.200000,0.000000,5,5,6,7,8,9,12,12,13,13,13,2087,0,5,5.489176582877163,2.8944170044269413,39.9653019849211,180.23143267848587
1781616693,150,POST,/posts,21.200000,0.000000,5,6,7,7,9,10,13,14,28,28,28,3071,0,5,6.163259591934632,3.3709920244291425,37.60624802089296,227.79257570823836
1781616693,150,GET,/timeline/{user_id},183.500000,0.000000,4,4,5,5,8,14,26,61,180,190,190,25852,0,4,9.25772835763486,1.9273890065960586,1990.1964830060024,7909.856336066842
1781616693,150,GET,/users/{user_id},69.400000,0.000000,3,3,4,5,7,13,19,25,53,53,53,10337,0,3,4.501766408495185,1.6381549939978868,159.1196230147034,262.86398374770243
1781616693,150,,Aggregated,725.100000,0.000000,4,4,5,5,8,14,24,32,170,190,190,103088,0,4,7.568059571845162,1.6381549939978868,2035.899723006878,8300.696269206892
1781616694,150,GET,/feed/{user_id},290.700000,0.000000,4,4,5,5,8,14,24,30,56,61,61,41732,0,4,5.33826828322751,1.9312429940328002,249.60741301765665,9793.458353302023
1781616694,150,GET,/feed/{user_id}?with_fof=true,148.200000,0.000000,4,4,5,5,9,16,27,120,180,190,190,20465,0,4,11.911901887105492,1.9415200222283602,2035.899723006878,11901.275592474958
1781616694,150,POST,/likes,14.200000,0.000000,5,5,6,7,8,9,11,12,12,12,12,2097,0,5,5.49038506459574,2.8944170044269413,39.9653019849211,180.22985216976633
1781616694,150,POST,/posts,19.500000,0.000000,5,6,7,7,10,11,14,15,28,28,28,3094,0,5,6.168056859352771,3.3709920244291425,37.60624802089296,227.79379444085328
1781616694,150,GET,/timeline/{user_id},182.700000,0.000000,3,4,5,5,8,15,28,61,180,190,190,26018,0,4,9.24159131042124,1.9273890065960586,1990.1964830060024,7910.10419709432
1781616694,150,GET,/users/{user_id},69.400000,0.000000,3,3,4,5,7,13,22,25,53,53,53,10419,0,3,4.4998149599357555,1.6381549939978868,159.1196230147034,262.86927728188886
1781616694,150,,Aggregated,724.700000,0.000000,4,4,5,5,8,14,25,32,170,190,190,103825,0,4,7.555812995913023,1.6381549939978868,2035.899723006878,8301.342364555743
1781616695,150,GET,/feed/{user_id},289.800000,0.000000,3,4,5,5,8,14,24,29,56,61,61,42008,0,4,5.334093016294588,1.9312429940328002,249.60741301765665,9793.531874880975
1781616695,150,GET,/feed/{user_id}?with_fof=true,144.600000,0.000000,4,4,5,5,9,17,29,120,180,190,190,20611,0,4,11.885111531109475,1.9415200222283602,2035.899723006878,11900.64771238659
1781616695,150,POST,/likes,14.700000,0.000000,5,5,6,7,8,9,12,12,12,12,12,2119,0,5,5.489918471643866,2.8944170044269413,39.9653019849211,180.23171307220386
1781616695,150,POST,/posts,19.900000,0.000000,5,6,7,7,9,11,14,14,15,15,15,3124,0,5,6.163599659686088,3.3709920244291425,37.60624802089296,227.7944942381562
1781616695,150,GET,/timeline/{user_id},183.400000,0.000000,3,4,5,5,8,16,27,81,180,190,190,26206,0,3,9.217952020312321,1.9273890065960586,1990.1964830060024,7908.307753949477
1781616695,150,GET,/users/{user_id},71.900000,0.000000,3,3,4,5,7,12,22,26,53,53,53,10490,0,3,4.494245944192763,1.6381549939978868,159.1196230147034,262.8741658722593
1781616695,150,,Aggregated,724.300000,0.000000,4,4,5,5,8,14,24,32,170,190,190,104558,0,4,7.542580446961112,1.6381549939978868,2035.899723006878,8299.576703839017
1781616696,150,GET,/feed/{user_id},290.900000,0.000000,4,4,5,5,8,14,24,29,59,78,78,42284,0,4,5.337638124041635,1.9312429940328002,249.60741301765665,9793.416729732286
1781616696,150,GET,/feed/{user_id}?with_fof=true,145.600000,0.000000,4,4,5,5,9,17,30,120,170,180,180,20757,0,4,11.846336754191178,1.9415200222283602,2035.899723006878,11900.89194006841
1781616696,150,POST,/likes,14.300000,0.000000,5,5,6,7,8,10,12,26,33,33,33,2137,0,5,5.507705494343417,2.8944170044269413,39.9653019849211,180.23116518483855
1781616696,150,POST,/posts,21.300000,0.000000,5,6,7,7,10,11,14,14,26,26,26,3151,0,5,6.164645705438892,3.3709920244291425,37.60624802089296,227.79244684227228
1781616696,150,GET,/timeline/{user_id},181.700000,0.000000,3,4,5,5,8,16,27,61,180,190,190,26389,0,3,9.195975085532075,1.9273890065960586,1990.1964830060024,7908.2790177725565
1781616696,150,GET,/users/{user_id},71.900000,0.000000,3,4,4,4,7,12,22,26,53,53,53,10565,0,3,4.496248214850727,1.6381549939978868,159.1196230147034,262.8775201135826
1781616696,150,,Aggregated,725.700000,0.000000,4,4,5,5,8,14,25,35,170,190,190,105283,0,4,7.531712780078232,1.6381549939978868,2035.899723006878,8298.61849491371
1781616697,150,GET,/feed/{user_id},290.600000,0.000000,3,4,5,5,8,14,25,30,59,78,78,42593,0,4,5.334665861757968,1.9312429940328002,249.60741301765665,9793.19305989247
1781616697,150,GET,/feed/{user_id}?with_fof=true,144.600000,0.000000,4,4,5,5,8,17,33,120,170,180,180,20900,0,4,11.805741847301977,1.9415200222283602,2035.899723006878,11899.45870813397
1781616697,150,POST,/likes,14.800000,0.000000,5,5,6,7,8,10,12,26,33,33,33,2154,0,5,5.5021879797549085,2.8944170044269413,39.9653019849211,180.23259052924791
1781616697,150,POST,/posts,22.000000,0.000000,5,6,7,7,10,11,14,15,26,26,26,3170,0,5,6.166108358643688,3.3709920244291425,37.60624802089296,227.79211356466877
1781616697,150,GET,/timeline/{user_id},181.800000,0.000000,3,4,5,5,8,17,29,81,180,190,190,26561,0,3,9.179942701260803,1.9273890065960586,1990.1964830060024,7908.892586875494
1781616697,150,GET,/users/{user_id},72.100000,0.000000,3,3,4,4,7,12,22,27,53,53,53,10633,0,3,4.494616172662503,1.6381549939978868,159.1196230147034,262.87905576977334
1781616697,150,,Aggregated,725.900000,0.000000,4,4,5,5,8,15,26,36,170,190,190,106011,0,4,7.517874710321284,1.6381549939978868,2035.899723006878,8299.080001131959
1781616698,150,GET,/feed/{user_id},290.400000,0.000000,4,4,5,6,9,16,25,30,56,78,78,42883,0,4,5.339950801973935,1.9312429940328002,249.60741301765665,9792.760324604156
1781616698,150,GET,/feed/{user_id}?with_fof=true,145.500000,0.000000,4,4,5,5,8,17,33,120,170,180,180,21058,0,4,11.759438338674336,1.9415200222283602,2035.899723006878,11899.99753062969
1781616698,150,POST,/likes,15.500000,0.000000,5,5,6,6,8,10,12,26,33,33,33,2162,0,5,5.5009957740048225,2.8944170044269413,39.9653019849211,180.23126734505087
1781616698,150,POST,/posts,22.500000,0.000000,5,6,7,7,10,12,14,15,26,26,26,3193,0,5,6.166830466005215,3.3709920244291425,37.60624802089296,227.79079235828374
1781616698,150,GET,/timeline/{user_id},179.500000,0.000000,3,4,5,5,9,17,28,98,180,190,190,26741,0,3,9.173748023080508,1.9242129928898066,1990.1964830060024,7907.934108672077
1781616698,150,GET,/users/{user_id},73.200000,0.000000,3,4,4,5,7,12,22,26,53,53,53,10708,0,3,4.49468057826027,1.6381549939978868,159.1196230147034,262.8801830407172
1781616698,150,,Aggregated,726.600000,0.000000,4,4,5,6,8,15,26,36,170,190,190,106745,0,4,7.509967125724037,1.6381549939978868,2035.899723006878,8299.508848189611
1781616699,150,GET,/feed/{user_id},290.100000,0.000000,4,4,5,6,9,16,25,30,56,78,78,43161,0,4,5.33457102516269,1.9312429940328002,249.60741301765665,9792.347999351266
1781616699,150,GET,/feed/{user_id}?with_fof=true,146.600000,0.000000,4,4,5,5,8,17,33,120,180,180,180,21204,0,4,11.725890675096021,1.9415200222283602,2035.899723006878,11900.309988681382
1781616699,150,POST,/likes,16.600000,0.000000,5,5,6,6,8,11,12,29,33,33,33,2183,0,5,5.511693290146913,2.8944170044269413,39.9653019849211,180.2322491983509
1781616699,150,POST,/posts,22.900000,0.000000,5,6,7,8,10,12,14,15,26,26,26,3217,0,5,6.168813501054205,3.3709920244291425,37.60624802089296,227.78924463786137
1781616699,150,GET,/timeline/{user_id},178.600000,0.000000,3,4,5,5,9,17,27,49,180,180,180,26904,0,3,9.1437501343387,1.9242129928898066,1990.1964830060024,7908.158526613143
1781616699,150,GET,/users/{user_id},72.400000,0.000000,3,3,4,4,7,12,21,26,53,53,53,10787,0,3,4.490660717513032,1.6381549939978868,159.1196230147034,262.8861592657829
1781616699,150,,Aggregated,727.200000,0.000000,4,4,5,6,9,16,26,35,170,180,180,107456,0,4,7.493322998726237,1.6381549939978868,2035.899723006878,8298.324895771293
1781616700,150,GET,/feed/{user_id},291.200000,0.000000,4,4,5,6,10,16,26,31,56,78,78,43462,0,4,5.335638644704042,1.9312429940328002,249.60741301765665,9791.418664580553
1781616700,150,GET,/feed/{user_id}?with_fof=true,145.300000,0.000000,4,4,5,5,9,17,33,120,180,180,180,21352,0,4,11.68201285217906,1.9415200222283602,2035.899723006878,11900.391438741102
1781616700,150,POST,/likes,16.300000,0.000000,5,5,6,7,8,11,26,29,33,33,33,2191,0,5,5.512351371239087,2.8944170044269413,39.9653019849211,180.23140118667274
1781616700,150,POST,/posts,22.300000,0.000000,5,6,7,7,10,12,14,15,26,26,26,3227,0,5,6.1668155140711445,3.3709920244291425,37.60624802089296,227.78896808180974
1781616700,150,GET,/timeline/{user_id},178.000000,0.000000,3,4,5,5,8,17,29,49,180,180,180,27076,0,3,9.118486947051492,1.9242129928898066,1990.1964830060024,7906.227766287487
1781616700,150,GET,/users/{user_id},73.300000,0.000000,3,4,4,5,8,13,22,28,53,53,53,10866,0,3,4.498910871412906,1.6381549939978868,159.1196230147034,262.89020798822014
1781616700,150,,Aggregated,726.400000,0.000000,4,4,5,6,9,16,26,36,170,180,180,108174,0,4,7.4794965409551795,1.6381549939978868,2035.899723006878,8298.734871595763
1781616701,150,GET,/feed/{user_id},290.000000,0.000000,4,4,5,6,10,17,26,32,56,78,78,43748,0,4,5.334231802422188,1.9312429940328002,249.60741301765665,9792.218821431838
1781616701,150,GET,/feed/{user_id}?with_fof=true,146.600000,0.000000,4,4,5,5,10,19,35,120,180,180,180,21503,0,4,11.655776072071603,1.9415200222283602,2035.899723006878,11898.903873878064
1781616701,150,POST,/likes,15.600000,0.000000,5,5,6,6,8,10,26,29,33,33,33,2203,0,5,5.509494308380582,2.8944170044269413,39.9653019849211,180.23150249659554
1781616701,150,POST,/posts,23.100000,0.000000,6,6,7,7,10,12,14,15,26,26,26,3250,0,5,6.169072687070673,3.3709920244291425,37.60624802089296,227.79046153846153
1781616701,150,GET,/timeline/{user_id},176.900000,0.000000,3,4,5,5,9,17,29,45,170,180,180,27274,0,4,9.106324565088268,1.9242129928898066,1990.1964830060024,7905.467514849307
1781616701,150,GET,/users/{user_id},74.000000,0.000000,3,4,4,5,8,13,23,28,53,53,53,10944,0,3,4.49866289314922,1.6381549939978868,159.1196230147034,262.89199561403507
1781616701,150,,Aggregated,726.200000,0.000000,4,4,5,6,9,17,27,38,160,180,180,108922,0,4,7.471238967842183,1.6381549939978868,2035.899723006878,8298.418124896714
1781616702,150,GET,/feed/{user_id},292.000000,0.000000,4,4,5,5,9,16,25,28,53,78,78,44057,0,4,5.3305091677399,1.9312429940328002,249.60741301765665,9792.88376421454
1781616702,150,GET,/feed/{user_id}?with_fof=true,144.200000,0.000000,4,4,5,5,9,18,33,50,170,180,180,21638,0,4,11.615843935991656,1.9415200222283602,2035.899723006878,11899.852620390055
1781616702,150,POST,/likes,15.500000,0.000000,5,6,6,7,8,10,26,29,33,33,33,2219,0,5,5.511128566176544,2.8944170044269413,39.9653019849211,180.2325371789094
1781616702,150,POST,/posts,23.000000,0.000000,6,6,7,7,9,12,14,15,26,26,26,3273,0,5,6.171545570128245,3.3709920244291425,37.60624802089296,227.78979529483655
1781616702,150,GET,/timeline/{user_id},175.400000,0.000000,3,4,5,5,9,17,28,42,170,180,180,27458,0,4,9.077383175369325,1.9242129928898066,1990.1964830060024,7904.988418675795
1781616702,150,GET,/users/{user_id},77.100000,0.000000,3,4,4,5,8,13,22,27,49,49,49,11012,0,3,4.499537418509864,1.6381549939978868,159.1196230147034,262.89320741009806
1781616702,150,,Aggregated,727.200000,0.000000,4,4,5,5,9,16,26,33,160,180,180,109657,0,4,7.454282259330469,1.6381549939978868,2035.899723006878,8298.874992020574
1781616703,150,GET,/feed/{user_id},290.300000,0.000000,4,4,5,5,9,16,25,28,53,78,78,44323,0,4,5.327394233425785,1.9312429940328002,249.60741301765665,9794.51819597049
1781616703,150,GET,/feed/{user_id}?with_fof=true,145.600000,0.000000,4,4,5,5,8,18,35,110,170,180,180,21787,0,4,11.577908172445836,1.9415200222283602,2035.899723006878,11900.337953825676
1781616703,150,POST,/likes,14.600000,0.000000,5,6,6,7,8,10,26,29,33,33,33,2235,0,5,5.512265028755995,2.8944170044269413,39.9653019849211,180.23400447427292
1781616703,150,POST,/posts,22.200000,0.000000,6,6,7,7,9,11,13,15,26,26,26,3302,0,5,6.175442227761208,3.3709920244291425,37.60624802089296,227.790127195639
1781616703,150,GET,/timeline/{user_id},177.000000,0.000000,4,4,5,5,8,16,27,41,170,180,180,27649,0,4,9.044501649647323,1.9242129928898066,1990.1964830060024,7907.617309848458
1781616703,150,GET,/users/{user_id},76.300000,0.000000,3,4,4,5,8,14,23,27,49,49,49,11089,0,3,4.495792976070218,1.6381549939978868,159.1196230147034,262.8931373433132
1781616703,150,,Aggregated,726.000000,0.000000,4,4,5,5,9,16,26,33,160,180,180,110385,0,4,7.437699659911104,1.6381549939978868,2035.899723006878,8299.162132536123
1781616704,150,GET,/feed/{user_id},290.200000,0.000000,4,4,5,5,9,16,26,31,55,78,78,44638,0,4,5.334425499421743,1.9312429940328002,249.60741301765665,9794.380527801424
1781616704,150,GET,/feed/{user_id}?with_fof=true,145.200000,0.000000,4,4,5,5,8,17,36,120,180,200,200,21907,0,4,11.557738375864583,1.9415200222283602,2035.899723006878,11899.986670927101
1781616704,150,POST,/likes,15.000000,0.000000,5,5,6,7,8,9,26,29,33,33,33,2249,0,5,5.508636728870377,2.8944170044269413,39.9653019849211,180.2347710093375
1781616704,150,POST,/posts,23.200000,0.000000,6,6,7,8,9,11,13,16,26,26,26,3321,0,5,6.176614761245624,3.3709920244291425,37.60624802089296,227.78982234266786
1781616704,150,GET,/timeline/{user_id},177.800000,0.000000,4,4,5,5,8,17,30,42,170,180,180,27849,0,4,9.037131262559186,1.9242129928898066,1990.1964830060024,7908.691227692198
1781616704,150,GET,/users/{user_id},75.900000,0.000000,3,4,4,5,8,13,23,29,49,49,49,11167,0,3,4.495465529636521,1.6381549939978868,159.1196230147034,262.8940628637951
1781616704,150,,Aggregated,727.300000,0.000000,4,4,5,5,8,16,27,36,160,200,200,111131,0,4,7.433487089732308,1.6381549939978868,2035.899723006878,8298.686091189677
1781616705,150,GET,/feed/{user_id},288.800000,0.000000,4,4,5,5,9,16,26,31,55,78,78,44898,0,4,5.327655032075152,1.9312429940328002,249.60741301765665,9793.042919506437
1781616705,150,GET,/feed/{user_id}?with_fof=true,147.500000,0.000000,4,4,5,5,8,18,35,110,200,200,200,22052,0,4,11.528456820289007,1.9415200222283602,2035.899723006878,11899.486214402321
1781616705,150,POST,/likes,15.200000,0.000000,5,5,6,7,8,9,26,29,33,33,33,2266,0,5,5.501900028372336,2.8944170044269413,39.9653019849211,180.23433362753752
1781616705,150,POST,/posts,23.300000,0.000000,6,6,7,8,9,11,13,16,26,26,26,3347,0,5,6.172168991658327,3.3709920244291425,37.60624802089296,227.7899611592471
1781616705,150,GET,/timeline/{user_id},178.600000,0.000000,4,4,5,5,9,17,30,42,170,180,180,28041,0,4,9.012925106488275,1.9242129928898066,1990.1964830060024,7909.018294639992
1781616705,150,GET,/users/{user_id},74.200000,0.000000,3,4,4,5,8,14,23,29,49,49,49,11238,0,3,4.4922701498838675,1.6381549939978868,159.1196230147034,262.8957109806015
1781616705,150,,Aggregated,727.600000,0.000000,4,4,5,5,9,16,27,36,160,200,200,111842,0,4,7.419106465960266,1.6381549939978868,2035.899723006878,8297.397569785948
1781616706,150,GET,/feed/{user_id},289.600000,0.000000,4,4,5,5,9,16,24,29,44,55,55,45206,0,4,5.32621173983923,1.9312429940328002,249.60741301765665,9792.550811839137
1781616706,150,GET,/feed/{user_id}?with_fof=true,145.700000,0.000000,4,4,5,5,8,17,31,110,200,200,200,22178,0,4,11.505206862256955,1.9415200222283602,2035.899723006878,11899.867526377491
1781616706,150,POST,/likes,15.000000,0.000000,5,5,6,7,8,9,11,25,29,29,29,2283,0,5,5.507141902441696,2.8944170044269413,39.9653019849211,180.233464739378
1781616706,150,POST,/posts,22.400000,0.000000,6,6,7,8,9,11,13,15,17,17,17,3373,0,5,6.16962645269694,3.3709920244291425,37.60624802089296,227.7912837236881
1781616706,150,GET,/timeline/{user_id},179.700000,0.000000,4,4,5,6,10,17,29,36,160,180,180,28223,0,4,8.991841031215296,1.9242129928898066,1990.1964830060024,7910.205364419091
1781616706,150,GET,/users/{user_id},74.700000,0.000000,3,4,4,5,8,14,21,25,39,39,39,11299,0,3,4.493487915774025,1.6381549939978868,159.1196230147034,262.8979555712895
1781616706,150,,Aggregated,727.100000,0.000000,4,4,5,6,9,16,25,33,160,200,200,112562,0,4,7.4081022909583,1.6381549939978868,2035.899723006878,8297.625637426485
1781616707,150,GET,/feed/{user_id},290.200000,0.000000,4,4,5,5,8,15,24,32,50,55,55,45499,0,4,5.3277174283501765,1.9312429940328002,249.60741301765665,9789.991450361546
1781616707,150,GET,/feed/{user_id}?with_fof=true,143.400000,0.000000,4,4,5,5,9,18,35,110,200,200,200,22335,0,4,11.475755877511947,1.9415200222283602,2035.899723006878,11898.689366465189
1781616707,150,POST,/likes,15.000000,0.000000,5,5,7,7,9,10,11,25,29,29,29,2311,0,5,5.514303907516889,2.8944170044269413,39.9653019849211,180.2323669407183
1781616707,150,POST,/posts,21.700000,0.000000,5,6,7,8,9,11,13,14,17,17,17,3386,0,5,6.170492002362513,3.3709920244291425,37.60624802089296,227.79149438865917
1781616707,150,GET,/timeline/{user_id},182.600000,0.000000,4,4,5,5,9,17,29,36,160,180,180,28390,0,3,8.971038900630932,1.9242129928898066,1990.1964830060024,7911.003064459317
1781616707,150,GET,/users/{user_id},74.600000,0.000000,3,4,4,5,8,14,22,29,42,42,42,11384,0,3,4.49436915796462,1.6381549939978868,159.1196230147034,262.8992445537597
1781616707,150,,Aggregated,727.500000,0.000000,4,4,5,5,9,16,26,35,160,200,200,113305,0,4,7.397779073564154,1.6381549939978868,2035.899723006878,8295.892405454304
1781616708,150,GET,/feed/{user_id},289.100000,0.000000,4,4,5,5,8,15,23,31,50,55,55,45779,0,4,5.320933900449666,1.9312429940328002,249.60741301765665,9789.127656785862
1781616708,150,GET,/feed/{user_id}?with_fof=true,143.200000,0.000000,4,4,5,5,9,18,36,110,200,200,200,22493,0,4,11.437338761852567,1.9415200222283602,2035.899723006878,11899.04583648246
1781616708,150,POST,/likes,14.600000,0.000000,5,5,6,7,8,10,11,18,25,25,25,2326,0,5,5.507307225427997,2.8944170044269413,39.9653019849211,180.23301805674978
1781616708,150,POST,/posts,22.700000,0.000000,5,6,7,8,9,10,13,14,17,17,17,3410,0,5,6.170045388556943,3.3709920244291425,37.60624802089296,227.79208211143694
1781616708,150,GET,/timeline/{user_id},184.700000,0.000000,4,4,5,5,8,16,27,36,160,160,160,28588,0,3,8.950135489891439,1.9242129928898066,1990.1964830060024,7909.71099762138
1781616708,150,GET,/users/{user_id},72.700000,0.000000,3,4,4,5,8,14,23,29,42,42,42,11452,0,3,4.4892833118378075,1.6381549939978868,159.1196230147034,262.90193852602164
1781616708,150,,Aggregated,727.000000,0.000000,4,4,5,5,8,15,25,35,160,200,200,114048,0,4,7.382634426316487,1.6381549939978868,2035.899723006878,8295.728789632436
1781616709,150,GET,/feed/{user_id},289.500000,0.000000,4,4,5,5,8,14,23,29,50,55,55,46080,0,4,5.318985587757652,1.9312429940328002,249.60741301765665,9787.936848958334
1781616709,150,GET,/feed/{user_id}?with_fof=true,141.400000,0.000000,4,4,5,5,8,17,36,120,200,200,200,22636,0,4,11.406849284395003,1.9415200222283602,2035.899723006878,11899.8088884962
1781616709,150,POST,/likes,14.900000,0.000000,5,5,6,7,8,10,11,18,25,25,25,2336,0,5,5.506428866171256,2.8944170044269413,39.9653019849211,180.2345890410959
1781616709,150,POST,/posts,22.100000,0.000000,5,6,7,8,9,10,13,14,17,17,17,3426,0,5,6.16797363194149,3.3709920244291425,37.60624802089296,227.79334500875657
1781616709,150,GET,/timeline/{user_id},183.400000,0.000000,4,4,5,5,8,16,27,38,160,160,160,28769,0,4,8.935027715520542,1.9242129928898066,1990.1964830060024,7913.013486739198
1781616709,150,GET,/users/{user_id},75.100000,0.000000,3,4,4,5,8,14,22,28,42,42,42,11526,0,3,4.49287424415389,1.6381549939978868,159.1196230147034,262.90525767829257
1781616709,150,,Aggregated,726.400000,0.000000,4,4,5,5,8,15,25,35,160,200,200,114773,0,4,7.372251946588254,1.6381549939978868,2035.899723006878,8297.01570055675
1781616710,150,GET,/feed/{user_id},289.500000,0.000000,3,4,5,5,8,15,23,31,50,55,55,46374,0,4,5.318286060505974,1.9312429940328002,249.60741301765665,9790.536723163841
1781616710,150,GET,/feed/{user_id}?with_fof=true,144.500000,0.000000,4,4,5,5,9,18,38,120,200,200,200,22769,0,4,11.39394274292203,1.9415200222283602,2035.899723006878,11899.22275901445
1781616710,150,POST,/likes,15.300000,0.000000,5,5,6,7,8,9,11,18,25,25,25,2355,0,5,5.498945211196781,2.8944170044269413,39.9653019849211,180.23269639065816
1781616710,150,POST,/posts,21.700000,0.000000,5,6,7,8,9,10,13,14,17,17,17,3442,0,5,6.16884372314251,3.3709920244291425,37.60624802089296,227.79459616502032
1781616710,150,GET,/timeline/{user_id},182.000000,0.000000,4,4,5,5,8,16,28,38,160,170,170,28964,0,4,8.914515237155483,1.9242129928898066,1990.1964830060024,7911.274029830134
1781616710,150,GET,/users/{user_id},74.500000,0.000000,3,4,4,5,8,14,23,30,42,42,42,11600,0,3,4.496768954062457,1.6381549939978868,159.1196230147034,262.90870689655173
1781616710,150,,Aggregated,727.500000,0.000000,4,4,5,5,8,15,26,35,170,200,200,115504,0,4,7.364286910817085,1.6381549939978868,2035.899723006878,8297.203144479845
1781616711,150,GET,/feed/{user_id},291.500000,0.000000,3,4,5,5,8,15,23,31,50,55,55,46670,0,4,5.316795280225499,1.9312429940328002,249.60741301765665,9794.117505892436
1781616711,150,GET,/feed/{user_id}?with_fof=true,142.100000,0.000000,4,4,5,5,9,17,33,110,200,200,200,22908,0,4,11.353934401985338,1.9415200222283602,2035.899723006878,11898.333682556313
1781616711,150,POST,/likes,15.800000,0.000000,5,5,6,7,8,10,11,18,25,25,25,2367,0,5,5.498738091849782,2.8944170044269413,39.9653019849211,180.2319391634981
1781616711,150,POST,/posts,21.400000,0.000000,5,6,7,7,9,11,14,16,17,17,17,3463,0,5,6.166643627192863,3.3709920244291425,37.60624802089296,227.79353161998267
1781616711,150,GET,/timeline/{user_id},183.900000,0.000000,3,4,5,5,8,16,31,39,160,170,170,29146,0,3,8.905532127766188,1.9242129928898066,1990.1964830060024,7908.552906059151
1781616711,150,GET,/users/{user_id},74.600000,0.000000,3,4,4,5,9,14,26,30,42,42,42,11662,0,3,4.50727063069165,1.6381549939978868,159.1196230147034,262.9117647058824
1781616711,150,,Aggregated,729.300000,0.000000,4,4,5,5,8,15,27,35,170,200,200,116216,0,4,7.354630984065712,1.6381549939978868,2035.899723006878,8298.708525504233
1781616712,150,GET,/feed/{user_id},290.000000,0.000000,3,4,5,5,8,15,23,31,50,55,55,46973,0,4,5.31413498641552,1.924314012285322,249.60741301765665,9793.028697336767
1781616712,150,GET,/feed/{user_id}?with_fof=true,142.100000,0.000000,4,4,5,5,9,18,37,120,200,200,200,23054,0,4,11.32105278730868,1.9415200222283602,2035.899723006878,11898.410037303722
1781616712,150,POST,/likes,15.800000,0.000000,5,5,6,7,8,10,11,18,25,25,25,2380,0,5,5.497978470349849,2.8944170044269413,39.9653019849211,180.23403361344538
1781616712,150,POST,/posts,21.300000,0.000000,5,6,7,7,8,10,14,15,17,17,17,3483,0,5,6.166977662335228,3.3709920244291425,37.60624802089296,227.79299454493253
1781616712,150,GET,/timeline/{user_id},187.200000,0.000000,3,4,5,5,9,17,32,42,160,170,170,29337,0,3,8.887300276267872,1.9242129928898066,1990.1964830060024,7907.023860653782
1781616712,150,GET,/users/{user_id},73.300000,0.000000,3,4,4,5,9,14,28,33,42,42,42,11733,0,3,4.511063007682428,1.6381549939978868,159.1196230147034,262.9168158186312
1781616712,150,,Aggregated,729.700000,0.000000,4,4,5,5,8,15,27,36,170,200,200,116960,0,4,7.342990903786468,1.6381549939978868,2035.899723006878,8298.473016415868
1781616713,150,GET,/feed/{user_id},290.300000,0.000000,3,4,5,5,8,14,22,28,48,50,50,47267,0,4,5.3112677594498425,1.924314012285322,249.60741301765665,9791.81443713373
1781616713,150,GET,/feed/{user_id}?with_fof=true,140.800000,0.000000,4,4,5,6,9,17,29,100,180,200,200,23208,0,4,11.28283481034949,1.9415200222283602,2035.899723006878,11897.165417097553
1781616713,150,POST,/likes,16.400000,0.000000,5,5,6,7,8,10,11,18,25,25,25,2393,0,5,5.4969500988169,2.8944170044269413,39.9653019849211,180.23443376514834
1781616713,150,POST,/posts,21.300000,0.000000,5,6,7,7,8,10,14,15,17,17,17,3505,0,5,6.166299172001525,3.3709920244291425,37.60624802089296,227.79457917261055
1781616713,150,GET,/timeline/{user_id},187.500000,0.000000,3,4,5,5,9,16,27,39,160,170,170,29518,0,4,8.86637004375719,1.9242129928898066,1990.1964830060024,7904.276407615692
1781616713,150,GET,/users/{user_id},72.100000,0.000000,3,4,4,5,9,14,26,31,42,42,42,11810,0,3,4.510606546834711,1.6381549939978868,159.1196230147034,262.91981371718884
1781616713,150,,Aggregated,728.400000,0.000000,4,4,5,6,8,15,24,33,160,200,200,117701,0,4,7.329203472515811,1.6381549939978868,2035.899723006878,8297.230635253736
1781616714,150,GET,/feed/{user_id},292.100000,0.000000,4,4,5,5,8,15,23,30,50,53,53,47557,0,4,5.316037766340743,1.924314012285322,249.60741301765665,9791.166116449735
1781616714,150,GET,/feed/{user_id}?with_fof=true,140.300000,0.000000,4,4,5,6,9,17,28,54,180,200,200,23349,0,4,11.248398721035027,1.9415200222283602,2035.899723006878,11895.933658829072
1781616714,150,POST,/likes,16.100000,0.000000,5,5,6,7,9,11,18,20,25,25,25,2403,0,5,5.5039321129735255,2.8944170044269413,39.9653019849211,180.2355389096962
1781616714,150,POST,/posts,20.800000,0.000000,5,6,7,7,8,11,14,17,46,46,46,3531,0,5,6.183691623592533,3.3709920244291425,46.23269400326535,227.79439252336448
1781616714,150,GET,/timeline/{user_id},186.800000,0.000000,3,4,5,5,9,16,29,51,160,170,170,29699,0,3,8.85754572644629,1.9242129928898066,1990.1964830060024,7903.805616350719
1781616714,150,GET,/users/{user_id},71.500000,0.000000,3,4,4,5,10,14,26,33,43,43,43,11887,0,3,4.50992394197421,1.6381549939978868,159.1196230147034,262.9207537646168
1781616714,150,,Aggregated,727.600000,0.000000,4,4,5,6,9,16,25,35,160,200,200,118426,0,4,7.3225807695072875,1.6381549939978868,2035.899723006878,8296.274061439211
1781616715,150,GET,/feed/{user_id},292.200000,0.000000,4,4,5,5,8,14,22,29,50,53,53,47825,0,4,5.309903464295039,1.924314012285322,249.60741301765665,9793.342415054887
1781616715,150,GET,/feed/{user_id}?with_fof=true,141.600000,0.000000,4,4,5,5,8,16,27,50,180,180,180,23487,0,4,11.21224300121765,1.9415200222283602,2035.899723006878,11895.955890492613
1781616715,150,POST,/likes,15.800000,0.000000,5,5,6,6,8,10,11,20,25,25,25,2426,0,5,5.498051160111235,2.8944170044269413,39.9653019849211,180.23660346248968
1781616715,150,POST,/posts,20.200000,0.000000,6,6,7,7,9,11,15,20,46,46,46,3553,0,5,6.1849005713135154,3.3709920244291425,46.23269400326535,227.79425837320574
1781616715,150,GET,/timeline/{user_id},186.800000,0.000000,3,4,5,5,8,16,27,52,160,170,170,29893,0,4,8.837869935172508,1.9242129928898066,1990.1964830060024,7902.453049208845
1781616715,150,GET,/users/{user_id},71.300000,0.000000,3,3,4,5,9,14,26,31,43,43,43,11965,0,3,4.502887892286475,1.6381549939978868,159.1196230147034,262.92377768491434
1781616715,150,,Aggregated,727.900000,0.000000,4,4,5,5,8,14,25,34,150,180,180,119149,0,4,7.3073950095857745,1.6381549939978868,2035.899723006878,8295.39010818387
1781616716,150,GET,/feed/{user_id},291.600000,0.000000,3,4,5,5,8,14,22,29,50,53,53,48091,0,4,5.3047342790707885,1.924314012285322,249.60741301765665,9789.781331226217
1781616716,150,GET,/feed/{user_id}?with_fof=true,142.500000,0.000000,4,4,5,5,7,14,27,47,180,180,180,23636,0,4,11.168638227898219,1.9415200222283602,2035.899723006878,11896.079370451853
1781616716,150,POST,/likes,15.600000,0.000000,5,5,6,6,7,9,11,11,20,20,20,2443,0,5,5.490456440206198,2.8944170044269413,39.9653019849211,180.23618501841997
1781616716,150,POST,/posts,20.900000,0.000000,6,6,7,7,9,11,15,20,46,46,46,3579,0,5,6.18281733805201,3.3709920244291425,46.23269400326535,227.79267951941884
1781616716,150,GET,/timeline/{user_id},186.400000,0.000000,3,4,5,5,8,16,29,100,170,170,170,30086,0,3,8.834173110125032,1.9242129928898066,1990.1964830060024,7899.6738682443665
1781616716,150,GET,/users/{user_id},71.900000,0.000000,3,3,4,5,9,14,28,33,43,43,43,12048,0,3,4.503176860564215,1.6381549939978868,159.1196230147034,262.9269588313413
1781616716,150,,Aggregated,728.900000,0.000000,4,4,5,5,8,14,25,35,160,180,180,119883,0,4,7.296052023331138,1.6381549939978868,2035.899723006878,8291.99323507086
1781616717,150,GET,/feed/{user_id},291.700000,0.000000,3,4,5,5,8,14,21,28,48,53,53,48385,0,4,5.300201546422849,1.924314012285322,249.60741301765665,9790.846853363646
1781616717,150,GET,/feed/{user_id}?with_fof=true,143.200000,0.000000,4,4,5,5,7,14,25,47,170,180,180,23792,0,4,11.144240584634343,1.9415200222283602,2035.899723006878,11897.01059179556
1781616717,150,POST,/likes,15.500000,0.000000,5,5,6,6,7,9,11,11,20,20,20,2451,0,5,5.488159972832355,2.8944170044269413,39.9653019849211,180.23663810689516
1781616717,150,POST,/posts,21.400000,0.000000,6,6,7,7,9,11,15,20,46,46,46,3596,0,5,6.186893977165519,3.3709920244291425,46.23269400326535,227.79254727474972
1781616717,150,GET,/timeline/{user_id},184.400000,0.000000,3,4,5,5,8,15,29,100,170,170,170,30286,0,3,8.808302668505718,1.9242129928898066,1990.1964830060024,7901.069471042726
1781616717,150,GET,/users/{user_id},72.600000,0.000000,3,4,4,5,9,14,26,32,43,43,43,12114,0,3,4.498863434133523,1.6381549939978868,159.1196230147034,262.9268614825821
1781616717,150,,Aggregated,728.800000,0.000000,4,4,5,5,8,14,23,32,160,180,180,120624,0,4,7.283468139906211,1.6381549939978868,2035.899723006878,8294.54825739488
1781616718,150,GET,/feed/{user_id},290.400000,0.000000,4,4,5,5,8,15,22,30,53,60,60,48675,0,4,5.305099699481327,1.924314012285322,249.60741301765665,9792.214791987673
1781616718,150,GET,/feed/{user_id}?with_fof=true,144.400000,0.000000,4,4,5,5,7,14,28,47,170,180,180,23924,0,4,11.114925808246678,1.9415200222283602,2035.899723006878,11898.25969737502
1781616718,150,POST,/likes,16.100000,0.000000,5,5,6,6,7,9,11,14,20,20,20,2472,0,5,5.484454311247919,2.8944170044269413,39.9653019849211,180.23543689320388
1781616718,150,POST,/posts,20.300000,0.000000,6,6,7,7,9,11,15,20,46,46,46,3627,0,5,6.192492868192545,3.3709920244291425,46.23269400326535,227.79156327543424
1781616718,150,GET,/timeline/{user_id},183.400000,0.000000,4,4,5,5,8,16,29,55,170,170,170,30468,0,4,8.791964955471942,1.9242129928898066,1990.1964830060024,7899.289976368649
1781616718,150,GET,/users/{user_id},74.400000,0.000000,3,3,4,5,9,14,26,33,43,43,43,12178,0,3,4.499097088600526,1.6381549939978868,159.1196230147034,262.92658893085894
1781616718,150,,Aggregated,729.000000,0.000000,4,4,5,5,8,14,26,35,160,180,180,121344,0,4,7.275353937626769,1.6381549939978868,2035.899723006878,8294.099823641878
1781616719,150,GET,/feed/{user_id},287.800000,0.000000,4,4,5,5,8,15,23,30,53,60,60,48932,0,4,5.30253207996755,1.924314012285322,249.60741301765665,9791.596807814927
1781616719,150,GET,/feed/{user_id}?with_fof=true,146.800000,0.000000,4,4,5,5,7,14,28,47,170,180,180,24095,0,4,11.076592977609408,1.9415200222283602,2035.899723006878,11899.013529777962
1781616719,150,POST,/likes,15.200000,0.000000,5,5,6,6,7,9,11,14,20,20,20,2489,0,5,5.479161117472654,2.8944170044269413,39.9653019849211,180.23623945359583
1781616719,150,POST,/posts,20.100000,0.000000,6,6,7,7,9,11,15,20,46,46,46,3648,0,5,6.193238347565822,3.3709920244291425,46.23269400326535,227.79139254385964
1781616719,150,GET,/timeline/{user_id},186.700000,0.000000,4,4,5,5,8,15,29,54,170,170,170,30669,0,4,8.765738996882806,1.9242129928898066,1990.1964830060024,7900.587303139979
1781616719,150,GET,/users/{user_id},72.600000,0.000000,3,3,4,4,8,14,26,33,43,43,43,12251,0,3,4.49492497429969,1.6381549939978868,159.1196230147034,262.92849563300956
1781616719,150,,Aggregated,729.200000,0.000000,4,4,5,5,8,14,25,35,160,180,180,122084,0,4,7.261298353603459,1.6381549939978868,2035.899723006878,8294.559368959077
1781616720,150,GET,/feed/{user_id},288.600000,0.000000,4,4,5,5,8,13,21,27,53,60,60,49229,0,4,5.300605205700975,1.924314012285322,249.60741301765665,9790.840967722277
1781616720,150,GET,/feed/{user_id}?with_fof=true,142.700000,0.000000,4,4,5,5,7,12,22,47,170,180,180,24233,0,4,11.0501272562017,1.9415200222283602,2035.899723006878,11900.413031816119
1781616720,150,POST,/likes,14.700000,0.000000,4,5,6,6,7,9,11,14,20,20,20,2506,0,5,5.474625791851149,2.8944170044269413,39.9653019849211,180.2362330407023
1781616720,150,POST,/posts,20.900000,0.000000,6,6,7,7,9,11,15,20,46,46,46,3672,0,5,6.193056503531583,3.3709920244291425,46.23269400326535,227.79084967320262
1781616720,150,GET,/timeline/{user_id},188.700000,0.000000,3,4,5,5,7,14,27,49,160,170,170,30854,0,3,8.746468871204314,1.9242129928898066,1990.1964830060024,7901.764503792053
1781616720,150,GET,/users/{user_id},72.600000,0.000000,3,3,4,4,7,12,21,29,43,43,43,12324,0,3,4.496322158812846,1.6381549939978868,159.1196230147034,262.9296494644596
1781616720,150,,Aggregated,728.200000,0.000000,4,4,5,5,7,13,22,32,160,180,180,122818,0,4,7.250222019766512,1.6381549939978868,2035.899723006878,8294.431809669592
1781616721,150,GET,/feed/{user_id},287.200000,0.000000,4,4,5,5,8,14,21,28,53,60,60,49512,0,4,5.300616936955882,1.924314012285322,249.60741301765665,9787.82499192115
1781616721,150,GET,/feed/{user_id}?with_fof=true,144.100000,0.000000,4,4,5,5,7,12,22,41,170,180,180,24388,0,4,11.00946650494576,1.9415200222283602,2035.899723006878,11900.621166147286
1781616721,150,POST,/likes,15.100000,0.000000,4,5,6,6,7,8,10,14,20,20,20,2524,0,5,5.472901045324384,2.8944170044269413,39.9653019849211,180.23613312202852
1781616721,150,POST,/posts,21.300000,0.000000,6,6,7,7,9,11,15,20,46,46,46,3689,0,5,6.189540444025515,3.3709920244291425,46.23269400326535,227.79100027107617
1781616721,150,GET,/timeline/{user_id},189.800000,0.000000,4,4,5,5,7,14,29,87,160,170,170,31043,0,4,8.739099224856288,1.9242129928898066,1990.1964830060024,7903.77631027929
1781616721,150,GET,/users/{user_id},71.800000,0.000000,3,4,4,5,7,12,22,31,43,43,43,12386,0,3,4.497639017299576,1.6381549939978868,159.1196230147034,262.9330695947037
1781616721,150,,Aggregated,729.300000,0.000000,4,4,5,5,8,13,22,33,160,180,180,123542,0,4,7.241144274393097,1.6381549939978868,2035.899723006878,8294.798481488077
1781616722,150,GET,/feed/{user_id},284.600000,0.000000,4,4,5,5,8,14,21,28,53,60,60,49804,0,4,5.295882419719929,1.924314012285322,249.60741301765665,9789.189061119589
1781616722,150,GET,/feed/{user_id}?with_fof=true,147.100000,0.000000,4,4,5,5,7,12,21,37,160,170,170,24540,0,4,10.971682871990605,1.9415200222283602,2035.899723006878,11900.834515077424
1781616722,150,POST,/likes,15.300000,0.000000,4,5,6,6,7,9,12,14,20,20,20,2538,0,5,5.473449214096853,2.8944170044269413,39.9653019849211,180.23443656422378
1781616722,150,POST,/posts,22.100000,0.000000,6,6,7,7,8,10,17,21,46,46,46,3709,0,5,6.189353697225851,3.3709920244291425,46.23269400326535,227.790509571313
1781616722,150,GET,/timeline/{user_id},187.700000,0.000000,4,4,5,5,7,15,28,55,160,170,170,31218,0,4,8.723976010867755,1.9242129928898066,1990.1964830060024,7901.17560381831
1781616722,150,GET,/users/{user_id},71.900000,0.000000,3,4,4,5,7,11,22,32,43,43,43,12459,0,3,4.497185542123411,1.6381549939978868,159.1196230147034,262.9365920218316
1781616722,150,,Aggregated,728.700000,0.000000,4,4,5,5,7,13,22,32,160,170,170,124268,0,4,7.228125265195823,1.6381549939978868,2035.899723006878,8295.171629059774
