Timestamp,User Count,Type,Name,Requests/s,Failures/s,50%,66%,75%,80%,90%,95%,98%,99%,99.9%,99.99%,100%,Total Request Count,Total Failure Count,Total Median Response Time,Total Average Response Time,Total Min Response Time,Total Max Response Time,Total Average Content Size
1781616002,0,,Aggregated,0.000000,0.000000,N/A,N/A,N/A,N/A,N/A,N/A,N/A,N/A,N/A,N/A,N/A,0,0,0,0.0,0,0,0
1781616003,20,GET,/feed/{user_id},0.000000,0.000000,0,0,0,0,0,0,0,0,0,0,0,37,0,3,5.520377786376992,2.363492996664718,17.876930010970682,8986.864864864865
1781616003,20,GET,/feed/{user_id}?with_fof=true,0.000000,0.000000,0,0,0,0,0,0,0,0,0,0,0,24,0,4,44.66905766457785,2.5254350039176643,182.22423800034449,9882.625
1781616003,20,POST,/likes,0.000000,0.000000,0,0,0,0,0,0,0,0,0,0,0,2,0,14,18.22733398876153,13.563373999204487,22.891293978318572,180.0
1781616003,20,POST,/posts,0.000000,0.000000,0,0,0,0,0,0,0,0,0,0,0,1,0,5.275967996567488,5.275967996567488,5.275967996567488,5.275967996567488,227.0
1781616003,20,GET,/timeline/{user_id},0.000000,0.000000,0,0,0,0,0,0,0,0,0,0,0,21,0,3,58.08008818920435,2.447327977279201,233.33949098014273,9264.047619047618
1781616003,20,GET,/users/{user_id},0.000000,0.000000,0,0,0,0,0,0,0,0,0,0,0,10,0,3,5.533639297937043,1.989551994483918,24.239796010078862,265.0
1781616003,20,,Aggregated,0.000000,0.000000,0,0,0,0,0,0,0,0,0,0,0,95,0,4,27.295370978658628,1.989551994483918,233.33949098014273,8078.726315789474
1781616004,40,GET,/feed/{user_id},0.000000,0.000000,3,3,4,5,13,19,23,30,46,46,46,113,0,3,5.920913850577482,2.0447149872779846,45.5406179826241,8960.973451327434
1781616004,40,GET,/feed/{user_id}?with_fof=true,0.000000,0.000000,4,11,92,110,130,150,190,190,190,190,190,70,0,4,39.705419184507,2.240367990452796,188.84179700398818,10030.171428571428
1781616004,40,POST,/likes,0.000000,0.000000,4,4,4,4,4,4,4,4,4,4,4,5,0,4,9.698341996408999,3.8467760023195297,22.891293978318572,180.4
1781616004,40,POST,/posts,0.000000,0.000000,5,5,5,5,21,21,21,21,21,21,21,9,0,5,6.380216454595534,3.874117013765499,20.698934007668868,227.77777777777777
1781616004,40,GET,/timeline/{user_id},0.000000,0.000000,3,3,4,12,34,140,150,180,180,180,180,67,0,3,30.903510269778433,2.1994360140524805,233.33949098014273,8282.940298507463
1781616004,40,GET,/users/{user_id},0.000000,0.000000,3,3,4,9,12,14,19,19,19,19,19,29,0,3,5.138569480362188,1.9000280008185655,24.239796010078862,262.3448275862069
1781616004,40,,Aggregated,0.000000,0.000000,3,4,6,11,23,120,150,180,190,190,190,293,0,3,19.706177368975457,1.9000280008185655,233.33949098014273,7782.317406143345
1781616005,50,GET,/feed/{user_id},12.000000,0.000000,3,3,4,4,9,13,21,23,46,46,46,217,0,3,4.7987916322815565,2.0447149872779846,45.5406179826241,9259.612903225807
1781616005,50,GET,/feed/{user_id}?with_fof=true,6.000000,0.000000,3,4,9,12,110,150,170,190,190,190,190,121,0,3,26.721019223755732,2.1673890005331486,188.84179700398818,10799.644628099173
1781616005,50,POST,/likes,2.000000,0.000000,4,4,4,4,5,5,5,5,5,5,5,9,0,4,7.202771107485104,3.600836993427947,22.891293978318572,180.55555555555554
1781616005,50,POST,/posts,1.000000,0.000000,5,5,5,5,11,21,21,21,21,21,21,14,0,5,6.1504858666532005,3.874117013765499,20.698934007668868,227.92857142857142
1781616005,50,GET,/timeline/{user_id},12.000000,0.000000,3,3,3,4,18,140,140,150,180,180,180,127,0,3,21.20307718901382,2.1069979993626475,233.33949098014273,7854.354330708661
1781616005,50,GET,/users/{user_id},5.000000,0.000000,2,3,3,3,12,14,20,20,20,20,20,49,0,2,4.365846346018418,1.705546019366011,24.239796010078862,261.83673469387753
1781616005,50,,Aggregated,38.000000,0.000000,3,3,4,4,14,95,140,150,190,190,190,537,0,3,13.654059825586051,1.705546019366011,233.33949098014273,8065.627560521415
1781616006,50,GET,/feed/{user_id},35.500000,0.000000,3,3,3,4,6,11,19,22,46,46,46,313,0,3,4.371026515240629,2.0447149872779846,45.5406179826241,9348.26517571885
1781616006,50,GET,/feed/{user_id}?with_fof=true,20.000000,0.000000,3,3,4,4,100,130,150,190,190,190,190,172,0,3,20.2877529132651,2.1673890005331486,188.84179700398818,10826.96511627907
1781616006,50,POST,/likes,2.000000,0.000000,4,4,4,4,4,5,5,5,5,5,5,15,0,4,5.720759064812834,3.0868659960106015,22.891293978318572,180.26666666666668
1781616006,50,POST,/posts,1.000000,0.000000,4,5,5,5,11,21,21,21,21,21,21,20,0,4,5.666203306464013,3.874117013765499,20.698934007668868,227.75
1781616006,50,GET,/timeline/{user_id},19.500000,0.000000,3,3,3,3,12,130,140,150,180,180,180,180,0,3,16.591154900541166,2.031063981121406,233.33949098014273,7797.355555555556
1781616006,50,GET,/users/{user_id},9.000000,0.000000,2,3,3,3,5,12,19,20,20,20,20,74,0,2,3.725880607128823,1.705546019366011,24.239796010078862,262.14864864864865
1781616006,50,,Aggregated,87.000000,0.000000,3,3,4,4,10,21,140,150,190,190,190,774,0,3,10.747911239636085,1.705546019366011,233.33949098014273,8034.143410852713
1781616007,50,GET,/feed/{user_id},49.333333,0.000000,3,3,3,4,5,11,19,22,46,46,46,404,0,3,4.111943144344329,2.0447149872779846,45.5406179826241,9257.282178217822
1781616007,50,GET,/feed/{user_id}?with_fof=true,29.333333,0.000000,3,3,3,4,14,120,150,180,190,190,190,227,0,3,16.85042823880238,2.1673890005331486,188.84179700398818,10993.427312775331
1781616007,50,POST,/likes,2.333333,0.000000,4,4,4,4,4,5,5,5,5,5,5,18,0,4,5.400823220649424,3.0868659960106015,22.891293978318572,180.22222222222223
1781616007,50,POST,/posts,3.333333,0.000000,4,5,5,5,6,11,21,21,21,21,21,28,0,4,5.331671683442047,3.7199350190348923,20.698934007668868,227.57142857142858
1781616007,50,GET,/timeline/{user_id},32.333333,0.000000,3,3,3,3,10,140,140,150,180,180,180,246,0,3,15.312812512913696,2.031063981121406,233.33949098014273,7559.532520325203
1781616007,50,GET,/users/{user_id},12.666667,0.000000,2,3,3,3,4,12,19,20,20,20,20,89,0,2,3.5200495272220813,1.705546019366011,24.239796010078862,261.96629213483146
1781616007,50,,Aggregated,129.333333,0.000000,3,3,3,4,6,18,140,150,190,190,190,1012,0,3,9.696650347560128,1.705546019366011,233.33949098014273,8031.646245059289
1781616008,50,GET,/feed/{user_id},63.750000,0.000000,3,3,3,4,5,10,18,21,46,46,46,488,0,3,3.9487212399434926,2.0447149872779846,45.5406179826241,9216.434426229509
1781616008,50,GET,/feed/{user_id}?with_fof=true,33.750000,0.000000,3,3,3,4,12,110,150,180,190,190,190,284,0,3,14.994446660021424,2.1673890005331486,188.84179700398818,11045.535211267606
1781616008,50,POST,/likes,2.250000,0.000000,4,4,4,4,5,6,7,7,7,7,7,26,0,4,5.052485651014229,2.9406709945760667,22.891293978318572,180.46153846153845
1781616008,50,POST,/posts,4.250000,0.000000,4,5,5,5,6,11,21,21,21,21,21,33,0,4,5.2320660659902245,3.7199350190348923,20.698934007668868,227.57575757575756
1781616008,50,GET,/timeline/{user_id},36.500000,0.000000,3,3,3,3,5,34,140,140,180,180,180,315,0,3,13.07965228620488,2.031063981121406,233.33949098014273,7549.298412698413
1781616008,50,GET,/users/{user_id},15.250000,0.000000,2,3,3,3,4,9,14,19,20,20,20,109,0,2,3.3309132844923117,1.705546019366011,24.239796010078862,262.07339449541286
1781616008,50,,Aggregated,155.750000,0.000000,3,3,3,4,5,14,120,140,190,190,190,1255,0,3,8.74309294167869,1.705546019366011,233.33949098014273,8010.636653386454
1781616009,50,GET,/feed/{user_id},69.200000,0.000000,3,3,3,4,4,10,15,21,46,46,46,573,0,3,3.8382491155976126,2.0447149872779846,45.5406179826241,9281.670157068063
1781616009,50,GET,/feed/{user_id}?with_fof=true,38.200000,0.000000,3,3,3,4,10,110,150,170,190,190,190,336,0,3,13.461288275114688,2.1673890005331486,188.84179700398818,11121.080357142857
1781616009,50,POST,/likes,3.200000,0.000000,4,4,4,4,4,6,7,7,7,7,7,34,0,4,4.741409527281682,2.9406709945760667,22.891293978318572,180.35294117647058
1781616009,50,POST,/posts,4.400000,0.000000,4,5,5,5,6,6,21,21,21,21,21,42,0,4,5.076125932862938,3.3885620068758726,20.698934007668868,227.57142857142858
1781616009,50,GET,/timeline/{user_id},41.800000,0.000000,3,3,3,3,4,25,140,140,180,180,180,377,0,3,11.52382275896809,2.031063981121406,233.33949098014273,7530.846153846154
1781616009,50,GET,/users/{user_id},15.800000,0.000000,2,3,3,3,4,9,19,20,27,27,27,136,0,2,3.3304019416391384,1.705546019366011,26.789538009325042,261.9264705882353
1781616009,50,,Aggregated,172.600000,0.000000,3,3,3,4,5,12,110,140,190,190,190,1498,0,3,7.94000711680753,1.705546019366011,233.33949098014273,7974.313084112149
1781616010,50,GET,/feed/{user_id},71.500000,0.000000,3,3,3,4,4,10,17,22,52,52,52,670,0,3,3.8995928675763363,1.985367009183392,51.85794399585575,9210.253731343284
1781616010,50,GET,/feed/{user_id}?with_fof=true,41.500000,0.000000,3,3,3,4,5,110,150,170,190,190,190,383,0,3,12.261587066296853,2.0865999977104366,188.84179700398818,11156.360313315927
1781616010,50,POST,/likes,3.166667,0.000000,4,4,4,4,5,5,7,7,7,7,7,43,0,4,4.58329364990404,2.9406709945760667,22.891293978318572,180.34883720930233
1781616010,50,POST,/posts,5.333333,0.000000,4,5,5,5,6,7,21,21,21,21,21,49,0,4,5.005955697293868,3.3885620068758726,20.698934007668868,227.59183673469389
1781616010,50,GET,/timeline/{user_id},46.500000,0.000000,3,3,3,3,4,32,140,140,180,180,180,447,0,3,11.332356107618631,2.01708497479558,233.33949098014273,7430.832214765101
1781616010,50,GET,/users/{user_id},16.333333,0.000000,2,2,3,3,4,5,19,20,27,27,27,155,0,2,3.2128510457809054,1.705546019366011,26.789538009325042,261.89677419354837
1781616010,50,,Aggregated,184.333333,0.000000,3,3,3,4,5,12,110,140,190,190,190,1747,0,3,7.621547576406801,1.705546019366011,233.33949098014273,7913.473955352032
1781616011,50,GET,/feed/{user_id},73.714286,0.000000,3,3,3,4,4,10,15,21,52,52,52,769,0,3,3.837623431836891,1.985367009183392,51.85794399585575,9262.591677503251
1781616011,50,GET,/feed/{user_id}?with_fof=true,43.428571,0.000000,3,3,3,4,5,110,130,150,190,190,190,425,0,3,11.60553640788695,2.0865999977104366,188.84179700398818,11148.056470588235
1781616011,50,POST,/likes,4.428571,0.000000,4,4,4,4,5,5,7,7,7,7,7,47,0,4,4.5635843187560665,2.9406709945760667,22.891293978318572,180.38297872340425
1781616011,50,POST,/posts,5.142857,0.000000,4,5,5,5,6,7,11,21,21,21,21,57,0,4,5.006460615907583,3.3885620068758726,20.698934007668868,227.64912280701753
1781616011,50,GET,/timeline/{user_id},48.000000,0.000000,3,3,3,3,5,34,140,140,180,180,180,519,0,3,11.606608907481734,2.01708497479558,233.33949098014273,7340.439306358381
1781616011,50,GET,/users/{user_id},17.142857,0.000000,2,3,3,3,3,9,14,20,27,27,27,176,0,2,3.212657432165791,1.705546019366011,26.789538009325042,261.8068181818182
1781616011,50,,Aggregated,191.857143,0.000000,3,3,3,4,5,12,110,140,190,190,190,1993,0,3,7.512593999782734,1.705546019366011,233.33949098014273,7896.676869041646
1781616012,50,GET,/feed/{user_id},76.875000,0.000000,3,3,3,4,4,9,14,21,52,52,52,862,0,3,3.7286757435009483,1.985367009183392,51.85794399585575,9297.465197215777
1781616012,50,GET,/feed/{user_id}?with_fof=true,43.750000,0.000000,3,3,3,4,4,95,130,150,190,190,190,468,0,3,11.049826741957357,2.0865999977104366,188.84179700398818,11116.882478632479
1781616012,50,POST,/likes,4.625000,0.000000,4,4,4,4,5,5,7,7,7,7,7,51,0,4,4.497634451242858,2.9406709945760667,22.891293978318572,180.41176470588235
1781616012,50,POST,/posts,5.625000,0.000000,4,5,5,5,6,7,11,21,21,21,21,64,0,4,4.940682986216416,3.3885620068758726,20.698934007668868,227.65625
1781616012,50,GET,/timeline/{user_id},50.125000,0.000000,3,3,3,3,4,18,140,140,180,180,180,594,0,3,10.503052153035854,2.01708497479558,233.33949098014273,7355.728956228956
1781616012,50,GET,/users/{user_id},17.250000,0.000000,2,3,3,3,4,6,14,20,27,27,27,204,0,2,3.135367941913679,1.705546019366011,26.789538009325042,261.87745098039215
1781616012,50,,Aggregated,198.250000,0.000000,3,3,3,4,4,11,100,140,180,190,190,2243,0,3,7.048349760730622,1.705546019366011,233.33949098014273,7874.994650022291
1781616013,50,GET,/feed/{user_id},78.777778,0.000000,3,3,3,3,4,5,11,14,52,52,52,965,0,3,3.666715896320457,1.985367009183392,51.85794399585575,9292.356476683937
1781616013,50,GET,/feed/{user_id}?with_fof=true,43.777778,0.000000,3,3,3,3,4,10,120,150,190,190,190,510,0,3,10.764466686854504,2.0865999977104366,188.84179700398818,11158.54705882353
1781616013,50,POST,/likes,4.777778,0.000000,4,4,4,4,5,6,6,7,7,7,7,55,0,4,4.479312381855297,2.9406709945760667,22.891293978318572,180.36363636363637
1781616013,50,POST,/posts,6.000000,0.000000,4,5,5,5,6,6,7,11,11,11,11,72,0,4,4.896977335900171,3.3885620068758726,20.698934007668868,227.63888888888889
1781616013,50,GET,/timeline/{user_id},52.333333,0.000000,3,3,3,3,4,15,140,140,180,180,180,655,0,3,9.911683550858088,2.01708497479558,233.33949098014273,7408.296183206106
1781616013,50,GET,/users/{user_id},18.000000,0.000000,2,2,3,3,3,5,9,12,27,27,27,228,0,2,3.04296371586245,1.705546019366011,26.789538009325042,261.7938596491228
1781616013,50,,Aggregated,203.666667,0.000000,3,3,3,4,4,6,31,140,180,190,190,2485,0,3,6.765855876241681,1.705546019366011,233.33949098014273,7885.881690140845
1781616014,50,GET,/feed/{user_id},80.400000,0.000000,3,3,3,3,4,5,11,12,52,52,52,1065,0,3,3.599862493886153,1.9703750149346888,51.85794399585575,9249.076056338028
1781616014,50,GET,/feed/{user_id}?with_fof=true,44.200000,0.000000,3,3,3,3,4,4,110,120,180,180,180,555,0,3,10.133148225859177,2.0865999977104366,188.84179700398818,11158.445045045046
1781616014,50,POST,/likes,4.800000,0.000000,4,4,4,4,5,6,7,7,7,7,7,57,0,4,4.470417315851113,2.9406709945760667,22.891293978318572,180.3684210526316
1781616014,50,POST,/posts,5.700000,0.000000,4,5,5,5,6,6,7,7,7,7,7,78,0,4,4.8749138864551265,3.3885620068758726,20.698934007668868,227.64102564102564
1781616014,50,GET,/timeline/{user_id},54.400000,0.000000,3,3,3,3,4,5,140,140,150,150,150,720,0,3,9.468484414901468,2.01708497479558,233.33949098014273,7461.070833333333
1781616014,50,GET,/users/{user_id},18.700000,0.000000,2,2,3,3,3,4,6,10,27,27,27,247,0,2,2.9923585150437995,1.705546019366011,26.789538009325042,261.87854251012146
1781616014,50,,Aggregated,208.200000,0.000000,3,3,3,3,4,5,14,110,150,180,180,2722,0,3,6.483919626536548,1.705546019366011,233.33949098014273,7901.504408523145
1781616015,50,GET,/feed/{user_id},88.100000,0.000000,3,3,3,3,4,4,10,12,52,52,52,1172,0,3,3.5217420357250075,1.9703750149346888,51.85794399585575,9232.63481228669
1781616015,50,GET,/feed/{user_id}?with_fof=true,48.000000,0.000000,3,3,3,3,4,4,38,110,180,180,180,600,0,3,9.595661205482125,2.0865999977104366,188.84179700398818,11164.048333333334
1781616015,50,POST,/likes,5.100000,0.000000,4,4,4,4,5,6,6,7,7,7,7,63,0,4,4.426636476261867,2.9406709945760667,22.891293978318572,180.33333333333334
1781616015,50,POST,/posts,6.600000,0.000000,4,5,5,5,6,6,7,7,7,7,7,82,0,4,4.8739326604579505,3.3885620068758726,20.698934007668868,227.6341463414634
1781616015,50,GET,/timeline/{user_id},60.900000,0.000000,3,3,3,3,4,5,140,140,150,150,150,774,0,3,9.218822881935564,2.01708497479558,233.33949098014273,7427.038759689923
1781616015,50,GET,/users/{user_id},20.800000,0.000000,2,2,3,3,3,4,6,9,27,27,27,271,0,2,2.9224783478122602,1.705546019366011,26.789538009325042,261.86346863468634
1781616015,50,,Aggregated,229.500000,0.000000,3,3,3,3,4,5,12,98,140,180,180,2962,0,3,6.242666950775248,1.705546019366011,233.33949098014273,7889.465563808238
1781616016,50,GET,/feed/{user_id},93.000000,0.000000,3,3,3,3,4,4,10,12,52,52,52,1267,0,3,3.4919146250091027,1.9703750149346888,51.85794399585575,9284.932123125493
1781616016,50,GET,/feed/{user_id}?with_fof=true,48.400000,0.000000,3,3,3,3,4,4,38,110,120,120,120,656,0,3,9.21915342565271,2.0865999977104366,188.84179700398818,11163.615853658537
1781616016,50,POST,/likes,5.200000,0.000000,4,4,4,4,5,6,7,7,7,7,7,66,0,4,4.3992984693349255,2.9406709945760667,22.891293978318572,180.34848484848484
1781616016,50,POST,/posts,7.300000,0.000000,4,5,5,5,6,6,7,7,7,7,7,93,0,4,4.835922034114339,3.3885620068758726,20.698934007668868,227.65591397849462
1781616016,50,GET,/timeline/{user_id},64.100000,0.000000,3,3,3,3,4,5,100,140,140,140,140,839,0,3,9.04554360485397,2.01708497479558,233.33949098014273,7401.331346841478
1781616016,50,GET,/users/{user_id},21.600000,0.000000,2,2,3,3,3,4,6,9,27,27,27,285,0,2,2.897401625421225,1.705546019366011,26.789538009325042,261.95087719298243
1781616016,50,,Aggregated,239.600000,0.000000,3,3,3,3,4,5,11,81,140,140,140,3206,0,3,6.121985487517461,1.705546019366011,233.33949098014273,7924.1388022457895
1781616017,50,GET,/feed/{user_id},96.400000,0.000000,3,3,3,3,4,4,10,12,52,52,52,1378,0,3,3.455196486682772,1.9703750149346888,51.85794399585575,9329.979680696662
1781616017,50,GET,/feed/{user_id}?with_fof=true,47.800000,0.000000,3,3,3,3,4,4,38,120,190,190,190,710,0,3,9.001926272086026,2.0865999977104366,188.84179700398818,11215.322535211268
1781616017,50,POST,/likes,5.300000,0.000000,4,4,4,4,5,6,7,7,7,7,7,69,0,4,4.40546057897323,2.9406709945760667,22.891293978318572,180.31884057971016
1781616017,50,POST,/posts,6.800000,0.000000,4,5,5,5,6,6,7,7,7,7,7,100,0,4,4.802276871341746,3.3885620068758726,20.698934007668868,227.66
1781616017,50,GET,/timeline/{user_id},64.100000,0.000000,3,3,3,3,4,5,100,140,140,140,140,895,0,3,8.65945385439925,2.0022509852424264,233.33949098014273,7429.284916201117
1781616017,50,GET,/users/{user_id},21.700000,0.000000,2,2,3,3,3,4,6,9,27,27,27,308,0,2,2.854608023892967,1.705546019366011,26.789538009325042,261.96753246753246
1781616017,50,,Aggregated,242.100000,0.000000,3,3,3,3,4,5,11,88,140,190,190,3460,0,3,5.944006748543245,1.705546019366011,233.33949098014273,7972.455202312139
1781616018,50,GET,/feed/{user_id},95.500000,0.000000,3,3,3,3,4,4,10,12,52,52,52,1476,0,3,3.436151453713302,1.9703750149346888,51.85794399585575,9316.336043360434
1781616018,50,GET,/feed/{user_id}?with_fof=true,48.900000,0.000000,3,3,3,3,4,4,38,120,190,190,190,755,0,3,9.093976208118303,2.0865999977104366,188.84179700398818,11220.313907284768
1781616018,50,POST,/likes,5.500000,0.000000,4,4,4,4,5,5,7,7,7,7,7,79,0,4,4.317268151185723,2.9406709945760667,22.891293978318572,180.25316455696202
1781616018,50,POST,/posts,6.900000,0.000000,4,5,5,5,6,6,7,9,9,9,9,105,0,4,4.820967267733067,3.3885620068758726,20.698934007668868,227.67619047619047
1781616018,50,GET,/timeline/{user_id},65.100000,0.000000,3,3,3,3,4,5,98,140,140,140,140,953,0,3,8.31438396074726,2.0022509852424264,233.33949098014273,7408.200419727177
1781616018,50,GET,/users/{user_id},21.500000,0.000000,2,2,3,3,3,4,6,9,27,27,27,328,0,2,2.8157660194776284,1.705546019366011,26.789538009325042,261.9878048780488
1781616018,50,,Aggregated,243.400000,0.000000,3,3,3,3,4,5,11,81,140,190,190,3696,0,3,5.852856195575378,1.705546019366011,233.33949098014273,7956.261363636364
1781616019,50,GET,/feed/{user_id},96.100000,0.000000,3,3,3,3,4,4,7,11,16,16,16,1569,0,3,3.399575498820074,1.9556310144253075,51.85794399585575,9272.087954110899
1781616019,50,GET,/feed/{user_id}?with_fof=true,48.400000,0.000000,3,3,3,3,4,4,16,120,190,190,190,801,0,3,8.734518969011495,2.020478976191953,188.84179700398818,11200.131086142323
1781616019,50,POST,/likes,5.100000,0.000000,4,4,4,4,5,5,7,7,7,7,7,86,0,4,4.301329534216567,2.9406709945760667,22.891293978318572,180.2674418604651
1781616019,50,POST,/posts,7.400000,0.000000,4,5,5,5,5,6,7,9,9,9,9,108,0,4,4.806051380809448,3.3885620068758726,20.698934007668868,227.69444444444446
1781616019,50,GET,/timeline/{user_id},65.300000,0.000000,3,3,3,3,4,4,90,140,140,140,140,1025,0,3,7.926016785147622,2.0022509852424264,233.33949098014273,7432.53756097561
1781616019,50,GET,/users/{user_id},21.900000,0.000000,2,2,3,3,3,3,6,6,10,10,10,358,0,2,2.7737157661910037,1.705546019366011,26.789538009325042,262.159217877095
1781616019,50,,Aggregated,244.200000,0.000000,3,3,3,3,4,5,10,18,140,190,190,3947,0,3,5.6590851254040135,1.705546019366011,233.33949098014273,7922.855079807448
1781616020,50,GET,/feed/{user_id},98.500000,0.000000,3,3,3,3,4,4,6,10,16,16,16,1672,0,3,3.3757080786383007,1.9556310144253075,51.85794399585575,9248.788277511961
1781616020,50,GET,/feed/{user_id}?with_fof=true,47.800000,0.000000,3,3,3,3,4,4,16,120,190,190,190,859,0,3,8.507755472902392,2.020478976191953,188.84179700398818,11214.23282887078
1781616020,50,POST,/likes,5.300000,0.000000,4,4,4,4,5,5,6,7,7,7,7,94,0,4,4.254762861355049,2.9406709945760667,22.891293978318572,180.29787234042553
1781616020,50,POST,/posts,7.100000,0.000000,4,5,5,5,5,6,6,9,9,9,9,114,0,4,4.79051710633365,3.3885620068758726,20.698934007668868,227.69298245614036
1781616020,50,GET,/timeline/{user_id},63.500000,0.000000,3,3,3,3,4,4,11,90,140,140,140,1073,0,3,7.712748797495614,2.0022509852424264,233.33949098014273,7404.6477166822
1781616020,50,GET,/users/{user_id},21.700000,0.000000,2,2,3,3,3,3,4,6,9,9,9,382,0,2,2.7410628489542908,1.705546019366011,26.789538009325042,262.1282722513089
1781616020,50,,Aggregated,243.900000,0.000000,3,3,3,3,4,5,7,14,140,190,190,4194,0,3,5.536785404341711,1.705546019366011,233.33949098014273,7912.54768717215
1781616021,50,GET,/feed/{user_id},99.200000,0.000000,3,3,3,3,4,4,6,10,16,16,16,1783,0,3,3.3592004899126993,1.9556310144253075,51.85794399585575,9239.923163208075
1781616021,50,GET,/feed/{user_id}?with_fof=true,47.100000,0.000000,3,3,3,3,4,4,16,120,190,190,190,899,0,3,8.379760880049917,2.020478976191953,188.84179700398818,11217.75194660734
1781616021,50,POST,/likes,5.100000,0.000000,4,4,4,4,5,5,7,7,7,7,7,97,0,4,4.248170030588937,2.9406709945760667,22.891293978318572,180.27835051546393
1781616021,50,POST,/posts,7.000000,0.000000,4,5,5,5,5,5,9,9,9,9,9,119,0,4,4.811312168828767,3.3885620068758726,20.698934007668868,227.67226890756302
1781616021,50,GET,/timeline/{user_id},64.300000,0.000000,3,3,3,3,4,4,10,81,140,140,140,1133,0,3,7.571585184050106,2.0022509852424264,233.33949098014273,7430.620476610768
1781616021,50,GET,/users/{user_id},21.600000,0.000000,2,2,3,3,3,3,4,4,6,6,6,406,0,2,2.7364194045489048,1.705546019366011,26.789538009325042,262.1305418719212
1781616021,50,,Aggregated,244.300000,0.000000,3,3,3,3,4,4,6,12,140,190,190,4437,0,3,5.453475419768446,1.705546019366011,233.33949098014273,7917.385620915033
1781616022,50,GET,/feed/{user_id},99.000000,0.000000,3,3,3,3,4,4,5,10,16,16,16,1884,0,3,3.3328052003643744,1.9556310144253075,51.85794399585575,9185.797770700638
1781616022,50,GET,/feed/{user_id}?with_fof=true,47.400000,0.000000,3,3,3,3,4,4,14,120,190,190,190,946,0,3,8.107149905151536,2.020478976191953,188.84179700398818,11228.986257928118
1781616022,50,POST,/likes,5.100000,0.000000,4,4,4,4,5,5,7,7,7,7,7,101,0,4,4.237389435189416,2.9406709945760667,22.891293978318572,180.27722772277227
1781616022,50,POST,/posts,6.700000,0.000000,4,5,5,5,5,6,9,9,9,9,9,123,0,4,4.787611675484682,3.3885620068758726,20.698934007668868,227.6910569105691
1781616022,50,GET,/timeline/{user_id},64.400000,0.000000,3,3,3,3,4,4,10,140,150,150,150,1202,0,3,7.433437075471342,2.0022509852424264,233.33949098014273,7425.233777038269
1781616022,50,GET,/users/{user_id},22.700000,0.000000,2,2,3,3,3,3,4,4,5,5,5,431,0,2,2.708760037569312,1.705546019366011,26.789538009325042,262.11136890951275
1781616022,50,,Aggregated,245.300000,0.000000,3,3,3,3,4,4,6,12,150,190,190,4687,0,3,5.348343997804034,1.705546019366011,233.33949098014273,7896.944527416258
1781616023,50,GET,/feed/{user_id},99.500000,0.000000,3,3,3,3,4,4,7,10,16,16,16,1972,0,3,3.3291141209543236,1.9556310144253075,51.85794399585575,9210.87018255578
1781616023,50,GET,/feed/{user_id}?with_fof=true,47.600000,0.000000,3,3,3,3,4,4,14,120,190,190,190,998,0,3,7.958681439137028,2.020478976191953,188.84179700398818,11209.675350701404
1781616023,50,POST,/likes,5.200000,0.000000,4,4,4,4,5,5,5,7,7,7,7,107,0,4,4.234239139983639,2.9406709945760667,22.891293978318572,180.28971962616822
1781616023,50,POST,/posts,6.300000,0.000000,4,5,5,5,5,6,9,9,9,9,9,134,0,4,4.738623373655241,3.3885620068758726,20.698934007668868,227.67910447761193
1781616023,50,GET,/timeline/{user_id},62.700000,0.000000,3,3,3,3,4,4,10,140,150,150,150,1258,0,3,7.408219143576714,2.0022509852424264,233.33949098014273,7442.063593004769
1781616023,50,GET,/users/{user_id},23.100000,0.000000,2,2,3,3,3,3,4,4,5,5,5,458,0,2,2.6935020787793915,1.705546019366011,26.789538009325042,262.15065502183404
1781616023,50,,Aggregated,244.400000,0.000000,3,3,3,3,4,4,7,13,150,190,190,4927,0,3,5.307282297042663,1.705546019366011,233.33949098014273,7891.835396793181
1781616024,50,GET,/feed/{user_id},101.800000,0.000000,3,3,3,3,4,4,7,10,16,16,16,2085,0,3,3.310193528384372,1.9556310144253075,51.85794399585575,9211.376978417265
1781616024,50,GET,/feed/{user_id}?with_fof=true,47.000000,0.000000,3,3,3,3,4,4,14,120,190,190,190,1051,0,3,7.708453492981007,2.006627997616306,188.84179700398818,11215.293054234064
1781616024,50,POST,/likes,5.000000,0.000000,4,4,4,4,5,5,5,7,7,7,7,111,0,4,4.208576017550218,2.9406709945760667,22.891293978318572,180.2972972972973
1781616024,50,POST,/posts,6.200000,0.000000,4,5,5,5,5,5,9,9,9,9,9,144,0,4,4.715679091128146,3.3885620068758726,20.698934007668868,227.68055555555554
1781616024,50,GET,/timeline/{user_id},61.600000,0.000000,3,3,3,3,4,4,10,140,150,150,150,1299,0,3,7.58211360628189,2.0022509852424264,233.33949098014273,7436.58429561201
1781616024,50,GET,/users/{user_id},22.800000,0.000000,2,2,3,3,3,3,4,4,5,5,5,474,0,2,2.6812783861434566,1.705546019366011,26.789538009325042,262.1223628691983
1781616024,50,,Aggregated,244.400000,0.000000,3,3,3,3,4,4,7,14,150,190,190,5164,0,3,5.2807202526078925,1.705546019366011,233.33949098014273,7906.692873741285
1781616025,50,GET,/feed/{user_id},102.500000,0.000000,3,3,3,3,4,4,9,10,16,16,16,2193,0,3,3.29322845627434,1.9556310144253075,51.85794399585575,9211.933880528955
1781616025,50,GET,/feed/{user_id}?with_fof=true,48.000000,0.000000,3,3,3,3,4,5,19,120,190,190,190,1094,0,3,7.669767321948723,2.006627997616306,188.84179700398818,11221.4478976234
1781616025,50,POST,/likes,4.900000,0.000000,4,4,4,4,5,5,5,7,7,7,7,117,0,4,4.197146999500453,2.9406709945760667,22.891293978318572,180.27350427350427
1781616025,50,POST,/posts,6.200000,0.000000,4,5,5,5,5,6,9,9,9,9,9,153,0,4,4.699564700013368,3.3885620068758726,20.698934007668868,227.7058823529412
1781616025,50,GET,/timeline/{user_id},60.000000,0.000000,3,3,3,3,4,4,12,140,150,150,150,1359,0,3,7.5967608171674845,2.0022509852424264,233.33949098014273,7432.234731420162
1781616025,50,GET,/users/{user_id},22.400000,0.000000,2,2,3,3,3,3,4,4,5,5,5,499,0,2,2.6678380220806512,1.705546019366011,26.789538009325042,262.12625250501003
1781616025,50,,Aggregated,244.000000,0.000000,3,3,3,3,4,5,10,15,150,190,190,5415,0,3,5.259118038118926,1.705546019366011,233.33949098014273,7897.539058171745
1781616026,50,GET,/feed/{user_id},101.300000,0.000000,3,3,3,3,4,4,7,10,16,16,16,2283,0,3,3.289843232851668,1.9556310144253075,51.85794399585575,9216.848007008322
1781616026,50,GET,/feed/{user_id}?with_fof=true,49.300000,0.000000,3,3,3,3,4,5,37,120,190,190,190,1143,0,3,7.752984579344347,2.006627997616306,188.84179700398818,11203.116360454944
1781616026,50,POST,/likes,5.300000,0.000000,4,4,4,4,5,5,5,5,5,5,5,122,0,4,4.201411606207658,2.9406709945760667,22.891293978318572,180.27868852459017
1781616026,50,POST,/posts,6.100000,0.000000,4,5,5,5,5,5,9,9,9,9,9,157,0,4,4.704433236572192,3.3885620068758726,20.698934007668868,227.6815286624204
1781616026,50,GET,/timeline/{user_id},58.900000,0.000000,3,3,3,3,4,5,100,140,150,150,150,1406,0,3,7.645161277807455,2.0022509852424264,233.33949098014273,7441.01493598862
1781616026,50,GET,/users/{user_id},23.200000,0.000000,2,2,3,3,3,3,4,4,9,9,9,532,0,2,2.663103094041309,1.705546019366011,26.789538009325042,262.1127819548872
1781616026,50,,Aggregated,244.100000,0.000000,3,3,3,3,4,5,10,16,150,190,190,5643,0,3,5.279002181732656,1.705546019366011,233.33949098014273,7887.02410065568
1781616027,50,GET,/feed/{user_id},101.400000,0.000000,3,3,3,3,4,4,7,10,16,16,16,2378,0,3,3.273219575936972,1.9556310144253075,51.85794399585575,9230.338519764508
1781616027,50,GET,/feed/{user_id}?with_fof=true,50.800000,0.000000,3,3,3,3,4,5,86,120,190,190,190,1192,0,3,7.721267490945217,2.006627997616306,188.84179700398818,11203.223154362417
1781616027,50,POST,/likes,5.100000,0.000000,4,4,4,4,5,5,5,5,5,5,5,129,0,4,4.184138581207267,2.9406709945760667,22.891293978318572,180.27131782945736
1781616027,50,POST,/posts,6.700000,0.000000,4,5,5,5,5,5,6,9,9,9,9,161,0,4,4.697988348650046,3.3885620068758726,20.698934007668868,227.6832298136646
1781616027,50,GET,/timeline/{user_id},58.200000,0.000000,3,3,3,3,4,5,100,140,150,150,150,1482,0,3,7.502910199441743,2.0022509852424264,233.33949098014273,7457.607962213226
1781616027,50,GET,/users/{user_id},22.700000,0.000000,2,2,3,3,3,3,4,4,9,9,9,551,0,2,2.6488109313128194,1.705546019366011,26.789538009325042,262.1143375680581
1781616027,50,,Aggregated,244.900000,0.000000,3,3,3,3,4,5,10,19,150,190,190,5893,0,3,5.2371296013268696,1.705546019366011,233.33949098014273,7900.984048871543
1781616028,50,GET,/feed/{user_id},101.600000,0.000000,3,3,3,3,4,4,5,10,15,15,15,2473,0,3,3.2579621922873825,1.9556310144253075,51.85794399585575,9226.48645369996
1781616028,50,GET,/feed/{user_id}?with_fof=true,48.800000,0.000000,3,3,3,3,4,5,19,120,180,180,180,1245,0,3,7.536111569736176,2.006627997616306,188.84179700398818,11190.683534136546
1781616028,50,POST,/likes,5.400000,0.000000,4,4,4,4,5,5,5,5,5,5,5,132,0,4,4.180472348569751,2.9406709945760667,22.891293978318572,180.27272727272728
1781616028,50,POST,/posts,6.900000,0.000000,4,5,5,5,5,5,6,9,9,9,9,167,0,4,4.68762427035853,3.3885620068758726,20.698934007668868,227.70658682634732
1781616028,50,GET,/timeline/{user_id},57.700000,0.000000,3,3,3,3,4,5,130,140,150,150,150,1550,0,3,7.487967399121713,2.0022509852424264,233.33949098014273,7460.6612903225805
1781616028,50,GET,/users/{user_id},23.400000,0.000000,2,2,3,3,3,3,4,5,9,9,9,569,0,2,2.647015829936819,1.705546019366011,26.789538009325042,262.0896309314587
1781616028,50,,Aggregated,243.800000,0.000000,3,3,3,3,4,5,10,19,150,180,180,6136,0,3,5.196635672242833,1.705546019366011,233.33949098014273,7908.161505867014
1781616029,50,GET,/feed/{user_id},101.100000,0.000000,3,3,3,3,4,4,5,10,15,15,15,2563,0,3,3.2505411922243446,1.9556310144253075,51.85794399585575,9214.260632071791
1781616029,50,GET,/feed/{user_id}?with_fof=true,48.300000,0.000000,3,3,3,3,4,5,17,110,180,180,180,1290,0,3,7.3778243863128505,2.006627997616306,188.84179700398818,11198.903100775195
1781616029,50,POST,/likes,5.900000,0.000000,4,4,4,4,5,5,6,6,6,6,6,137,0,4,4.189611182515815,2.9406709945760667,22.891293978318572,180.27737226277372
1781616029,50,POST,/posts,6.300000,0.000000,4,5,5,5,5,5,6,9,9,9,9,175,0,4,4.6840537435907335,3.3885620068758726,20.698934007668868,227.70285714285714
1781616029,50,GET,/timeline/{user_id},57.200000,0.000000,3,3,3,3,4,5,130,140,150,150,150,1621,0,3,7.2851831238034,2.0022509852424264,233.33949098014273,7450.992597162245
1781616029,50,GET,/users/{user_id},23.800000,0.000000,2,2,3,3,3,4,4,6,9,9,9,597,0,2,2.6402310991832922,1.705546019366011,26.789538009325042,262.06867671691793
1781616029,50,,Aggregated,242.600000,0.000000,3,3,3,3,4,5,9,17,150,180,180,6383,0,3,5.1116585431686286,1.705546019366011,233.33949098014273,7889.988250039167
1781616030,50,GET,/feed/{user_id},100.000000,0.000000,3,3,3,3,4,4,6,10,15,15,15,2644,0,3,3.241294424992943,1.9556310144253075,51.85794399585575,9204.877836611195
1781616030,50,GET,/feed/{user_id}?with_fof=true,48.400000,0.000000,3,3,3,3,4,5,19,110,180,180,180,1351,0,3,7.208378847049402,2.006627997616306,188.84179700398818,11202.133974833456
1781616030,50,POST,/likes,5.800000,0.000000,4,4,4,4,5,5,6,6,6,6,6,139,0,4,4.1829516978016485,2.9406709945760667,22.891293978318572,180.27338129496403
1781616030,50,POST,/posts,6.200000,0.000000,4,5,5,5,5,5,6,6,6,6,6,181,0,4,4.676883547561686,3.3885620068758726,20.698934007668868,227.6961325966851
1781616030,50,GET,/timeline/{user_id},58.900000,0.000000,3,3,3,3,4,5,130,140,150,150,150,1692,0,3,7.102289029347395,2.0022509852424264,233.33949098014273,7450.913711583924
1781616030,50,GET,/users/{user_id},24.000000,0.000000,2,2,3,3,3,4,5,6,9,9,9,618,0,2,2.6371789339181597,1.705546019366011,26.789538009325042,262.0873786407767
1781616030,50,,Aggregated,243.300000,0.000000,3,3,3,3,4,5,10,19,150,180,180,6625,0,3,5.038988393806097,1.705546019366011,233.33949098014273,7895.391245283019
1781616031,50,GET,/feed/{user_id},99.100000,0.000000,3,3,3,3,4,4,6,9,15,15,15,2756,0,3,3.2344811886022002,1.9556310144253075,51.85794399585575,9182.51596516691
1781616031,50,GET,/feed/{user_id}?with_fof=true,48.500000,0.000000,3,3,3,3,4,5,17,110,180,180,180,1396,0,3,7.075738248842759,2.006627997616306,188.84179700398818,11207.781518624643
1781616031,50,POST,/likes,5.200000,0.000000,4,4,4,4,5,5,6,6,6,6,6,140,0,4,4.176171171379143,2.9406709945760667,22.891293978318572,180.27142857142857
1781616031,50,POST,/posts,6.300000,0.000000,4,5,5,5,5,5,6,6,6,6,6,188,0,4,4.667355830377423,3.3885620068758726,20.698934007668868,227.69148936170214
1781616031,50,GET,/timeline/{user_id},59.700000,0.000000,3,3,3,3,4,5,130,140,150,150,150,1758,0,3,6.942936702319119,2.0022509852424264,233.33949098014273,7477.439704209329
1781616031,50,GET,/users/{user_id},24.500000,0.000000,2,2,3,3,3,4,6,6,10,10,10,636,0,2,2.6531264248780713,1.705546019366011,26.789538009325042,262.12735849056605
1781616031,50,,Aggregated,243.300000,0.000000,3,3,3,3,4,5,9,15,150,180,180,6874,0,3,4.967582010499805,1.705546019366011,233.33949098014273,7904.156677334885
1781616032,50,GET,/feed/{user_id},98.900000,0.000000,3,3,3,3,4,4,5,9,15,15,15,2856,0,3,3.2196657223056633,1.9556310144253075,51.85794399585575,9161.767507002802
1781616032,50,GET,/feed/{user_id}?with_fof=true,48.500000,0.000000,3,3,3,3,4,5,86,120,200,200,200,1437,0,3,7.351513129150075,2.006627997616306,201.16742502432317,11213.253305497565
1781616032,50,POST,/likes,5.000000,0.000000,4,4,4,5,5,5,6,6,6,6,6,144,0,4,4.187414645962741,2.9406709945760667,22.891293978318572,180.28472222222223
1781616032,50,POST,/posts,6.400000,0.000000,4,5,5,5,5,5,6,6,6,6,6,193,0,4,4.656678254455521,3.3885620068758726,20.698934007668868,227.68911917098447
1781616032,50,GET,/timeline/{user_id},60.000000,0.000000,3,3,3,3,4,4,17,140,180,180,180,1823,0,3,6.904182356415833,2.0022509852424264,233.33949098014273,7495.100932528799
1781616032,50,GET,/users/{user_id},23.800000,0.000000,2,2,3,3,3,4,6,6,10,10,10,662,0,2,2.6328288129227673,1.705546019366011,26.789538009325042,262.095166163142
1781616032,50,,Aggregated,242.600000,0.000000,3,3,3,3,4,5,10,37,180,200,200,7115,0,3,5.002174756363052,1.705546019366011,233.33949098014273,7896.898664792691
1781616033,50,GET,/feed/{user_id},97.400000,0.000000,3,3,3,3,4,4,5,7,13,13,13,2965,0,3,3.2098492741459923,1.9556310144253075,51.85794399585575,9150.516694772345
1781616033,50,GET,/feed/{user_id}?with_fof=true,50.000000,0.000000,3,3,3,3,4,5,39,120,200,200,200,1489,0,3,7.199809669985769,2.005085989367217,201.16742502432317,11223.252518468771
1781616033,50,POST,/likes,4.400000,0.000000,4,4,4,5,5,5,6,6,6,6,6,150,0,4,4.177028266907048,2.9406709945760667,22.891293978318572,180.28
1781616033,50,POST,/posts,6.800000,0.000000,4,5,5,5,5,6,6,6,6,6,6,201,0,4,4.660126025555655,3.3885620068758726,20.698934007668868,227.6766169154229
1781616033,50,GET,/timeline/{user_id},61.500000,0.000000,3,3,3,3,4,5,110,140,180,180,180,1882,0,3,6.992303839456399,2.0022509852424264,233.33949098014273,7476.416046758767
1781616033,50,GET,/users/{user_id},23.300000,0.000000,2,2,3,3,3,4,6,6,10,10,10,679,0,2,2.624754093221179,1.705546019366011,26.789538009325042,262.10603829160533
1781616033,50,,Aggregated,243.400000,0.000000,3,3,3,3,4,5,10,37,180,200,200,7366,0,3,4.9881459574774025,1.705546019366011,233.33949098014273,7896.293103448276
1781616034,50,GET,/feed/{user_id},96.600000,0.000000,3,3,3,3,4,4,5,7,15,15,15,3069,0,3,3.204788334292377,1.9556310144253075,51.85794399585575,9107.334962528512
1781616034,50,GET,/feed/{user_id}?with_fof=true,50.200000,0.000000,3,3,3,3,4,5,39,120,200,200,200,1538,0,3,7.0667674067520725,2.005085989367217,201.16742502432317,11224.605981794539
1781616034,50,POST,/likes,4.500000,0.000000,4,4,5,5,5,5,6,6,6,6,6,155,0,4,4.173059929199817,2.9406709945760667,22.891293978318572,180.23870967741937
1781616034,50,POST,/posts,7.100000,0.000000,4,5,5,5,6,6,6,6,6,6,6,211,0,4,4.66128289164375,3.3885620068758726,20.698934007668868,227.66824644549763
1781616034,50,GET,/timeline/{user_id},61.600000,0.000000,3,3,3,3,4,5,14,140,180,180,180,1943,0,3,6.934820620630802,2.0022509852424264,233.33949098014273,7468.312403499743
1781616034,50,GET,/users/{user_id},22.800000,0.000000,2,2,3,3,3,3,6,6,10,10,10,705,0,2,2.615875564969693,1.705546019366011,26.789538009325042,262.15744680851066
1781616034,50,,Aggregated,242.800000,0.000000,3,3,3,3,4,5,9,17,180,200,200,7621,0,3,4.940701664857641,1.705546019366011,233.33949098014273,7871.09067051568
1781616035,50,GET,/feed/{user_id},96.900000,0.000000,3,3,3,3,4,4,5,6,15,15,15,3168,0,3,3.1955323671225946,1.9556310144253075,51.85794399585575,9108.364583333334
1781616035,50,GET,/feed/{user_id}?with_fof=true,48.900000,0.000000,3,3,3,3,4,5,14,110,200,200,200,1584,0,3,6.950360762288017,2.005085989367217,201.16742502432317,11225.150883838383
1781616035,50,POST,/likes,4.300000,0.000000,4,4,4,5,5,5,6,6,6,6,6,163,0,4,4.150333828249935,2.9406709945760667,22.891293978318572,180.24539877300614
1781616035,50,POST,/posts,6.500000,0.000000,4,5,5,5,5,6,6,6,6,6,6,221,0,4,4.644089742675339,3.3885620068758726,20.698934007668868,227.67420814479638
1781616035,50,GET,/timeline/{user_id},63.200000,0.000000,3,3,3,3,4,5,15,140,180,180,180,1996,0,3,6.900645552056899,2.0022509852424264,233.33949098014273,7493.674348697395
1781616035,50,GET,/users/{user_id},22.800000,0.000000,2,2,3,3,3,3,6,6,10,10,10,735,0,2,2.6075446383067766,1.6945300158113241,26.789538009325042,262.20136054421766
1781616035,50,,Aggregated,242.600000,0.000000,3,3,3,3,4,5,6,14,180,200,200,7867,0,3,4.897152671247698,1.6945300158113241,233.33949098014273,7863.953985000636
1781616036,50,GET,/feed/{user_id},97.900000,0.000000,3,3,3,3,4,4,5,6,15,15,15,3260,0,3,3.187566650651061,1.9556310144253075,51.85794399585575,9095.9245398773
1781616036,50,GET,/feed/{user_id}?with_fof=true,49.000000,0.000000,3,3,3,3,4,5,12,90,200,200,200,1629,0,3,6.83610166509566,2.005085989367217,201.16742502432317,11196.331491712706
1781616036,50,POST,/likes,4.400000,0.000000,4,4,4,5,5,5,6,6,6,6,6,168,0,4,4.137572922835326,2.9406709945760667,22.891293978318572,180.25595238095238
1781616036,50,POST,/posts,6.700000,0.000000,4,5,5,5,5,6,6,6,6,6,6,232,0,4,4.630150255001479,3.3885620068758726,20.698934007668868,227.67241379310346
1781616036,50,GET,/timeline/{user_id},63.500000,0.000000,3,3,3,3,4,4,13,140,180,180,180,2052,0,3,6.78989072023089,2.0022509852424264,233.33949098014273,7511.919590643275
1781616036,50,GET,/users/{user_id},22.400000,0.000000,2,2,3,3,3,3,6,6,10,10,10,768,0,2,2.5934710744574354,1.678746019024402,26.789538009325042,262.2109375
1781616036,50,,Aggregated,243.900000,0.000000,3,3,3,3,4,5,6,12,180,200,200,8109,0,3,4.836777105297455,1.678746019024402,233.33949098014273,7841.963004069552
1781616037,50,GET,/feed/{user_id},97.400000,0.000000,3,3,3,3,4,4,5,6,15,15,15,3364,0,3,3.17642859693659,1.9556310144253075,51.85794399585575,9089.054994054697
1781616037,50,GET,/feed/{user_id}?with_fof=true,47.900000,0.000000,3,3,3,3,4,5,12,110,200,200,200,1678,0,3,6.853873943657469,2.005085989367217,201.16742502432317,11211.3873659118
1781616037,50,POST,/likes,4.600000,0.000000,4,4,4,5,5,5,6,6,6,6,6,169,0,4,4.136221372961899,2.9406709945760667,22.891293978318572,180.25443786982248
1781616037,50,POST,/posts,6.900000,0.000000,4,5,5,5,5,6,6,6,6,6,6,236,0,4,4.623427776219244,3.3885620068758726,20.698934007668868,227.6822033898305
1781616037,50,GET,/timeline/{user_id},64.000000,0.000000,3,3,3,3,4,4,15,140,180,180,180,2104,0,3,6.838720767100243,1.971875986782834,233.33949098014273,7510.310836501902
1781616037,50,GET,/users/{user_id},23.600000,0.000000,2,2,3,3,3,4,6,6,10,10,10,793,0,2,2.59555988159814,1.678746019024402,26.789538009325042,262.2585119798235
1781616037,50,,Aggregated,244.400000,0.000000,3,3,3,3,4,5,6,13,160,200,200,8344,0,3,4.844607397513958,1.678746019024402,233.33949098014273,7847.812799616491
1781616038,50,GET,/feed/{user_id},97.700000,0.000000,3,3,3,3,4,4,5,6,15,15,15,3455,0,3,3.170355884824959,1.9556310144253075,51.85794399585575,9091.781186685963
1781616038,50,GET,/feed/{user_id}?with_fof=true,48.500000,0.000000,3,3,3,3,4,5,14,110,200,200,200,1738,0,3,6.803194935208774,2.005085989367217,201.16742502432317,11225.87341772152
1781616038,50,POST,/likes,4.600000,0.000000,4,4,4,4,5,5,5,5,5,5,5,173,0,4,4.133605381751142,2.9406709945760667,22.891293978318572,180.26589595375722
1781616038,50,POST,/posts,6.900000,0.000000,4,5,5,5,5,6,6,6,6,6,6,241,0,4,4.625058872166333,3.3885620068758726,20.698934007668868,227.68464730290455
1781616038,50,GET,/timeline/{user_id},63.900000,0.000000,3,3,3,3,4,4,15,140,180,180,180,2173,0,3,6.709730318063648,1.971875986782834,233.33949098014273,7514.692130694892
1781616038,50,GET,/users/{user_id},23.700000,0.000000,2,2,3,3,3,3,5,6,10,10,10,812,0,2,2.5912298166936862,1.6700630076229572,26.789538009325042,262.24014778325125
1781616038,50,,Aggregated,245.300000,0.000000,3,3,3,3,4,4,6,14,160,200,200,8592,0,3,4.805820285266027,1.6700630076229572,233.33949098014273,7862.092062383613
1781616039,50,GET,/feed/{user_id},97.500000,0.000000,3,3,3,3,4,4,5,6,15,15,15,3563,0,3,3.1585382969514524,1.9556310144253075,51.85794399585575,9088.720179623913
1781616039,50,GET,/feed/{user_id}?with_fof=true,49.000000,0.000000,3,3,3,3,4,4,14,110,200,200,200,1778,0,3,6.715847554140493,2.005085989367217,201.16742502432317,11238.73340832396
1781616039,50,POST,/likes,4.200000,0.000000,4,4,4,4,5,5,5,5,5,5,5,181,0,4,4.110574839991718,2.9406709945760667,22.891293978318572,180.26519337016575
1781616039,50,POST,/posts,7.400000,0.000000,4,5,5,5,5,6,6,6,6,6,6,254,0,4,4.608810406295568,3.3885620068758726,20.698934007668868,227.6968503937008
1781616039,50,GET,/timeline/{user_id},63.200000,0.000000,3,3,3,3,4,4,15,140,180,180,180,2222,0,3,6.622971021210855,1.971875986782834,233.33949098014273,7513.213321332133
1781616039,50,GET,/users/{user_id},24.500000,0.000000,2,2,3,3,3,4,5,6,10,10,10,840,0,2,2.581506526517582,1.6700630076229572,26.789538009325042,262.28333333333336
1781616039,50,,Aggregated,245.800000,0.000000,3,3,3,3,4,4,6,14,160,200,200,8838,0,3,4.751528386958892,1.6700630076229572,233.33949098014273,7849.142226748133
1781616040,50,GET,/feed/{user_id},97.900000,0.000000,3,3,3,3,4,4,5,6,15,15,15,3667,0,3,3.1578006517977757,1.9556310144253075,51.85794399585575,9094.826015816743
1781616040,50,GET,/feed/{user_id}?with_fof=true,48.700000,0.000000,3,3,3,3,4,5,14,110,200,200,200,1836,0,3,6.6494442587708225,2.005085989367217,201.16742502432317,11242.992919389979
1781616040,50,POST,/likes,4.000000,0.000000,4,4,4,4,5,5,5,5,5,5,5,183,0,4,4.110432186041821,2.9406709945760667,22.891293978318572,180.26775956284152
1781616040,50,POST,/posts,7.500000,0.000000,4,5,5,5,5,6,6,6,6,6,6,259,0,4,4.613992572235282,3.3885620068758726,20.698934007668868,227.7027027027027
1781616040,50,GET,/timeline/{user_id},62.300000,0.000000,3,3,3,3,4,5,23,140,180,180,180,2271,0,3,6.699507665417605,1.971875986782834,233.33949098014273,7512.417437252312
1781616040,50,GET,/users/{user_id},24.200000,0.000000,2,2,3,3,3,3,5,6,10,10,10,868,0,2,2.5742173873929923,1.6700630076229572,26.789538009325042,262.2983870967742
1781616040,50,,Aggregated,244.600000,0.000000,3,3,3,3,4,5,6,15,160,200,200,9084,0,3,4.753882696600701,1.6700630076229572,233.33949098014273,7857.023447820344
1781616041,50,GET,/feed/{user_id},99.200000,0.000000,3,3,3,3,4,4,5,7,15,15,15,3753,0,3,3.1518686685519817,1.9556310144253075,51.85794399585575,9093.006661337597
1781616041,50,GET,/feed/{user_id}?with_fof=true,49.000000,0.000000,3,3,3,3,4,4,11,110,200,200,200,1882,0,3,6.557468868222723,2.005085989367217,201.16742502432317,11251.271519659937
1781616041,50,POST,/likes,4.100000,0.000000,4,4,4,4,5,5,5,5,5,5,5,186,0,4,4.102656935712182,2.9406709945760667,22.891293978318572,180.2741935483871
1781616041,50,POST,/posts,7.500000,0.000000,4,5,5,5,5,6,6,6,6,6,6,267,0,4,4.617692570006719,3.3885620068758726,20.698934007668868,227.71161048689137
1781616041,50,GET,/timeline/{user_id},61.200000,0.000000,3,3,3,3,4,4,23,140,150,150,150,2337,0,3,6.648538608153207,1.971875986782834,233.33949098014273,7520.4244758237055
1781616041,50,GET,/users/{user_id},24.300000,0.000000,2,2,3,3,3,3,4,5,10,10,10,899,0,2,2.562366023749575,1.6700630076229572,26.789538009325042,262.33592880978864
1781616041,50,,Aggregated,245.300000,0.000000,3,3,3,3,4,5,6,15,150,200,200,9324,0,3,4.719791871719211,1.6700630076229572,233.33949098014273,7851.388781638781
1781616042,50,GET,/feed/{user_id},100.700000,0.000000,3,3,3,3,4,4,5,7,15,15,15,3840,0,3,3.1451608281789354,1.9556310144253075,51.85794399585575,9105.913020833334
1781616042,50,GET,/feed/{user_id}?with_fof=true,48.600000,0.000000,3,3,3,3,4,4,6,89,120,120,120,1926,0,3,6.537831538421032,2.005085989367217,201.16742502432317,11260.94807892004
1781616042,50,POST,/likes,4.300000,0.000000,4,4,4,4,5,5,5,5,5,5,5,193,0,4,4.101302036520943,2.9406709945760667,22.891293978318572,180.2901554404145
1781616042,50,POST,/posts,7.900000,0.000000,4,5,5,5,5,6,6,6,6,6,6,272,0,4,4.617017122119946,3.3885620068758726,20.698934007668868,227.70955882352942
1781616042,50,GET,/timeline/{user_id},59.100000,0.000000,3,3,3,3,4,4,23,140,150,150,150,2417,0,3,6.574090087403307,1.971875986782834,233.33949098014273,7520.244104261481
1781616042,50,GET,/users/{user_id},24.700000,0.000000,2,2,3,3,3,3,4,5,10,10,10,931,0,2,2.5629056352525788,1.6657270025461912,26.789538009325042,262.33404940923737
1781616042,50,,Aggregated,245.300000,0.000000,3,3,3,3,4,5,6,14,140,150,150,9579,0,3,4.6969727488407065,1.6657270025461912,233.33949098014273,7847.6550788182485
1781616043,50,GET,/feed/{user_id},102.400000,0.000000,3,3,3,3,4,4,5,9,15,15,15,3942,0,3,3.1445500498069596,1.9556310144253075,51.85794399585575,9097.776002029426
1781616043,50,GET,/feed/{user_id}?with_fof=true,47.900000,0.000000,3,3,3,3,4,4,6,89,120,120,120,1966,0,3,6.45992720290549,2.005085989367217,201.16742502432317,11265.032044760936
1781616043,50,POST,/likes,4.500000,0.000000,4,4,4,4,5,5,5,5,5,5,5,198,0,4,4.099536742697555,2.9406709945760667,22.891293978318572,180.27272727272728
1781616043,50,POST,/posts,8.000000,0.000000,4,5,5,5,5,6,6,6,6,6,6,281,0,4,4.606185146413571,3.3885620068758726,20.698934007668868,227.72241992882562
1781616043,50,GET,/timeline/{user_id},57.200000,0.000000,3,3,3,3,4,4,15,140,150,150,150,2476,0,3,6.535615452807111,1.971875986782834,233.33949098014273,7520.548465266559
1781616043,50,GET,/users/{user_id},25.400000,0.000000,2,2,3,3,3,3,4,5,10,10,10,959,0,2,2.55254297134247,1.6657270025461912,26.789538009325042,262.3493222106361
1781616043,50,,Aggregated,245.400000,0.000000,3,3,3,3,4,4,6,11,140,150,150,9822,0,3,4.666274898097678,1.6657270025461912,233.33949098014273,7837.77652209326
1781616044,50,GET,/feed/{user_id},99.300000,0.000000,3,3,3,3,4,4,5,7,15,15,15,4036,0,3,3.137639801395684,1.9556310144253075,51.85794399585575,9100.259415262637
1781616044,50,GET,/feed/{user_id}?with_fof=true,48.500000,0.000000,3,3,3,3,4,4,5,89,120,120,120,2020,0,3,6.36106326975537,2.005085989367217,201.16742502432317,11246.181683168317
1781616044,50,POST,/likes,4.600000,0.000000,4,4,4,4,5,5,6,6,6,6,6,205,0,4,4.1085399955613315,2.9406709945760667,22.891293978318572,180.2390243902439
1781616044,50,POST,/posts,7.800000,0.000000,4,5,5,5,5,5,6,6,6,6,6,296,0,4,4.588614470334063,3.3885620068758726,20.698934007668868,227.72635135135135
1781616044,50,GET,/timeline/{user_id},58.700000,0.000000,3,3,3,3,3,4,10,140,150,150,150,2531,0,3,6.454051562674352,1.946928008692339,233.33949098014273,7539.623468984591
1781616044,50,GET,/users/{user_id},26.700000,0.000000,2,2,3,3,3,3,4,5,10,10,10,980,0,2,2.5459737178681854,1.6657270025461912,26.789538009325042,262.36326530612246
1781616044,50,,Aggregated,245.600000,0.000000,3,3,3,3,4,4,5,11,140,150,150,10068,0,3,4.62292425251166,1.6657270025461912,233.33949098014273,7835.736293206198
1781616045,50,GET,/feed/{user_id},98.900000,0.000000,3,3,3,3,4,4,5,10,21,21,21,4143,0,3,3.146550752939463,1.9556310144253075,51.85794399585575,9111.60849625875
1781616045,50,GET,/feed/{user_id}?with_fof=true,47.900000,0.000000,3,3,3,3,4,4,11,110,120,120,120,2068,0,3,6.393240181830189,2.005085989367217,201.16742502432317,11236.473887814313
1781616045,50,POST,/likes,4.900000,0.000000,4,4,4,5,5,5,6,6,6,6,6,212,0,4,4.11328320808265,2.9406709945760667,22.891293978318572,180.23584905660377
1781616045,50,POST,/posts,8.100000,0.000000,4,5,5,5,5,6,6,6,6,6,6,304,0,4,4.587892362523187,3.3885620068758726,20.698934007668868,227.73026315789474
1781616045,50,GET,/timeline/{user_id},58.300000,0.000000,3,3,3,3,4,4,12,140,150,150,150,2591,0,3,6.381472453606825,1.946928008692339,233.33949098014273,7543.620223851794
1781616045,50,GET,/users/{user_id},27.500000,0.000000,2,2,3,3,3,3,4,5,10,10,10,1006,0,2,2.5389356526271225,1.663283008383587,26.789538009325042,262.3737574552684
1781616045,50,,Aggregated,245.600000,0.000000,3,3,3,3,4,4,6,14,140,150,150,10324,0,3,4.611844263619892,1.663283008383587,233.33949098014273,7836.432584269663
1781616046,50,GET,/feed/{user_id},97.600000,0.000000,3,3,3,3,4,4,5,10,21,21,21,4255,0,3,3.1420292720591516,1.9556310144253075,51.85794399585575,9097.503172737956
1781616046,50,GET,/feed/{user_id}?with_fof=true,48.200000,0.000000,3,3,3,3,4,4,89,110,180,180,180,2117,0,3,6.5565598729316426,2.005085989367217,201.16742502432317,11231.286726499764
1781616046,50,POST,/likes,4.800000,0.000000,4,4,4,5,5,5,6,6,6,6,6,213,0,4,4.110906366860066,2.9406709945760667,22.891293978318572,180.23474178403757
1781616046,50,POST,/posts,8.100000,0.000000,4,5,5,5,5,6,6,6,6,6,6,308,0,4,4.58304551048295,3.3885620068758726,20.698934007668868,227.72402597402598
1781616046,50,GET,/timeline/{user_id},58.800000,0.000000,3,3,3,3,4,4,13,140,150,150,150,2656,0,3,6.354372814120686,1.946928008692339,233.33949098014273,7545.390060240964
1781616046,50,GET,/users/{user_id},27.600000,0.000000,2,2,3,3,3,3,4,5,10,10,10,1028,0,2,2.536015031582509,1.663283008383587,26.789538009325042,262.4134241245136
1781616046,50,,Aggregated,245.100000,0.000000,3,3,3,3,4,5,9,15,140,180,180,10577,0,3,4.634680015481638,1.663283008383587,233.33949098014273,7838.267561690461
1781616047,50,GET,/feed/{user_id},97.000000,0.000000,3,3,3,3,4,4,5,10,21,21,21,4350,0,3,3.1380821792034155,1.9556310144253075,51.85794399585575,9105.6
1781616047,50,GET,/feed/{user_id}?with_fof=true,48.000000,0.000000,3,3,3,3,4,4,43,110,180,180,180,2160,0,3,6.5480662666501575,2.005085989367217,201.16742502432317,11226.83425925926
1781616047,50,POST,/likes,5.200000,0.000000,4,4,4,5,5,5,6,6,6,6,6,219,0,4,4.1034798678457225,2.9406709945760667,22.891293978318572,180.23744292237444
1781616047,50,POST,/posts,8.300000,0.000000,4,5,5,5,5,6,6,6,6,6,6,311,0,4,4.580870277186185,3.3885620068758726,20.698934007668868,227.7331189710611
1781616047,50,GET,/timeline/{user_id},58.900000,0.000000,3,3,3,3,4,4,12,140,140,140,140,2726,0,3,6.3157542575581544,1.8958309956360608,233.33949098014273,7533.069699192957
1781616047,50,GET,/users/{user_id},27.500000,0.000000,2,2,2,3,3,3,4,5,9,9,9,1052,0,2,2.535324193444944,1.663283008383587,26.789538009325042,262.44106463878325
1781616047,50,,Aggregated,244.900000,0.000000,3,3,3,3,4,5,9,13,140,180,180,10818,0,3,4.622083612531884,1.663283008383587,233.33949098014273,7837.017470881863
1781616048,50,GET,/feed/{user_id},98.000000,0.000000,3,3,3,3,4,4,6,10,21,21,21,4449,0,3,3.1326452840216312,1.9556310144253075,51.85794399585575,9100.138458080468
1781616048,50,GET,/feed/{user_id}?with_fof=true,48.900000,0.000000,3,3,3,3,4,5,89,110,180,180,180,2206,0,3,6.525936933799102,2.005085989367217,201.16742502432317,11225.962828649139
1781616048,50,POST,/likes,4.800000,0.000000,4,4,4,5,5,5,6,6,6,6,6,225,0,4,4.104352866868592,2.9406709945760667,22.891293978318572,180.2488888888889
1781616048,50,POST,/posts,8.100000,0.000000,4,5,5,5,5,6,6,6,6,6,6,316,0,4,4.577129336016524,3.3885620068758726,20.698934007668868,227.72151898734177
1781616048,50,GET,/timeline/{user_id},59.400000,0.000000,3,3,3,3,4,4,12,140,140,140,140,2786,0,3,6.2893850647011,1.8958309956360608,233.33949098014273,7529.714285714285
1781616048,50,GET,/users/{user_id},26.400000,0.000000,2,2,2,3,3,4,4,5,9,9,9,1081,0,2,2.5316993067313285,1.663283008383587,26.789538009325042,262.4690101757632
1781616048,50,,Aggregated,245.600000,0.000000,3,3,3,3,4,5,9,14,140,180,180,11063,0,3,4.606544495221327,1.663283008383587,233.33949098014273,7830.156286721504
1781616049,50,GET,/feed/{user_id},99.100000,0.000000,3,3,3,3,4,4,7,11,21,21,21,4525,0,3,3.13096896725326,1.9556310144253075,51.85794399585575,9083.069613259668
1781616049,50,GET,/feed/{user_id}?with_fof=true,48.200000,0.000000,3,3,3,3,4,5,89,110,180,180,180,2260,0,3,6.480049251321708,2.005085989367217,201.16742502432317,11231.229646017699
1781616049,50,POST,/likes,4.800000,0.000000,4,4,4,5,5,5,6,6,6,6,6,230,0,4,4.0996216045206655,2.9406709945760667,22.891293978318572,180.2521739130435
1781616049,50,POST,/posts,7.500000,0.000000,4,5,5,5,5,6,6,6,6,6,6,325,0,4,4.5687816220407305,3.3885620068758726,20.698934007668868,227.71692307692308
1781616049,50,GET,/timeline/{user_id},61.700000,0.000000,3,3,3,3,4,4,12,140,140,140,140,2857,0,3,6.300020450993047,1.8958309956360608,233.33949098014273,7541.047252362619
1781616049,50,GET,/users/{user_id},25.400000,0.000000,2,2,3,3,3,4,4,5,9,9,9,1105,0,2,2.5286855271962634,1.663283008383587,26.789538009325042,262.4950226244344
1781616049,50,,Aggregated,246.700000,0.000000,3,3,3,3,4,5,10,17,140,180,180,11302,0,3,4.603934597155376,1.663283008383587,233.33949098014273,7824.61192709255
1781616050,50,GET,/feed/{user_id},98.200000,0.000000,3,3,3,3,4,4,6,10,21,21,21,4625,0,3,3.12524814463875,1.9556310144253075,51.85794399585575,9068.978594594595
1781616050,50,GET,/feed/{user_id}?with_fof=true,47.800000,0.000000,3,3,3,3,4,4,110,110,180,180,180,2313,0,3,6.442866721965104,2.005085989367217,201.16742502432317,11231.148292261132
1781616050,50,POST,/likes,5.200000,0.000000,4,4,4,5,5,5,6,6,6,6,6,233,0,4,4.101060502243112,2.9406709945760667,22.891293978318572,180.24463519313304
1781616050,50,POST,/posts,7.200000,0.000000,4,4,5,5,5,5,6,6,6,6,6,332,0,4,4.570439988336981,3.3885620068758726,20.698934007668868,227.72289156626505
1781616050,50,GET,/timeline/{user_id},62.600000,0.000000,3,3,3,3,4,4,12,140,140,140,140,2912,0,3,6.258420486069603,1.8958309956360608,233.33949098014273,7544.583791208791
1781616050,50,GET,/users/{user_id},26.500000,0.000000,2,2,3,3,3,4,4,5,9,9,9,1124,0,2,2.526481014667485,1.663283008383587,26.789538009325042,262.5017793594306
1781616050,50,,Aggregated,247.500000,0.000000,3,3,3,3,4,4,9,15,140,180,180,11539,0,3,4.5839190298926225,1.663283008383587,233.33949098014273,7825.994713580033
1781616051,50,GET,/feed/{user_id},98.400000,0.000000,3,3,3,3,4,4,9,11,21,21,21,4724,0,3,3.126967542145912,1.9556310144253075,51.85794399585575,9053.190516511431
1781616051,50,GET,/feed/{user_id}?with_fof=true,47.600000,0.000000,3,3,3,3,4,4,89,110,180,180,180,2365,0,3,6.372028721292675,2.005085989367217,201.16742502432317,11236.897251585624
1781616051,50,POST,/likes,5.100000,0.000000,4,4,4,5,5,5,6,6,6,6,6,234,0,4,4.098794188223079,2.9406709945760667,22.891293978318572,180.24786324786325
1781616051,50,POST,/posts,7.500000,0.000000,4,4,5,5,5,5,6,6,6,6,6,339,0,4,4.571021917831718,3.3885620068758726,20.698934007668868,227.71681415929203
1781616051,50,GET,/timeline/{user_id},61.500000,0.000000,3,3,3,3,4,4,12,140,150,150,150,2975,0,3,6.323774030408626,1.8958309956360608,233.33949098014273,7557.862521008404
1781616051,50,GET,/users/{user_id},26.300000,0.000000,2,2,3,3,3,4,4,5,9,9,9,1155,0,2,2.5243581146671077,1.663283008383587,26.789538009325042,262.4995670995671
1781616051,50,,Aggregated,246.400000,0.000000,3,3,3,3,4,4,9,17,140,180,180,11792,0,3,4.586092115675864,1.663283008383587,233.33949098014273,7823.07801899593
1781616052,50,GET,/feed/{user_id},95.500000,0.000000,3,3,3,3,4,4,9,11,21,21,21,4814,0,3,3.1230556456678102,1.9556310144253075,51.85794399585575,9052.442044038222
1781616052,50,GET,/feed/{user_id}?with_fof=true,48.100000,0.000000,3,3,3,3,4,5,89,110,180,180,180,2420,0,3,6.293659778838604,2.005085989367217,201.16742502432317,11235.521900826447
1781616052,50,POST,/likes,5.000000,0.000000,4,4,4,5,5,5,6,6,6,6,6,238,0,4,4.091865491799956,2.9406709945760667,22.891293978318572,180.2436974789916
1781616052,50,POST,/posts,7.400000,0.000000,4,4,5,5,5,6,6,6,6,6,6,345,0,4,4.572557406230033,3.3885620068758726,20.698934007668868,227.7159420289855
1781616052,50,GET,/timeline/{user_id},64.200000,0.000000,3,3,3,3,4,4,15,140,150,150,150,3044,0,3,6.25518125011653,1.8958309956360608,233.33949098014273,7562.145860709593
1781616052,50,GET,/users/{user_id},26.000000,0.000000,2,2,3,3,3,4,4,5,9,9,9,1180,0,2,2.5175293367622436,1.663283008383587,26.789538009325042,262.5042372881356
1781616052,50,,Aggregated,246.200000,0.000000,3,3,3,3,4,5,9,17,140,180,180,12041,0,3,4.55343403188823,1.663283008383587,233.33949098014273,7824.832322896769
1781616053,50,GET,/feed/{user_id},94.600000,0.000000,3,3,3,3,4,4,5,10,21,21,21,4910,0,3,3.11968860797567,1.9556310144253075,51.85794399585575,9056.573930753564
1781616053,50,GET,/feed/{user_id}?with_fof=true,48.200000,0.000000,3,3,3,3,4,5,89,110,180,180,180,2469,0,3,6.228145665796843,2.005085989367217,201.16742502432317,11243.225192385582
1781616053,50,POST,/likes,4.900000,0.000000,4,4,4,4,5,5,5,5,5,5,5,243,0,4,4.084076234997047,2.9406709945760667,22.891293978318572,180.2469135802469
1781616053,50,POST,/posts,7.100000,0.000000,4,4,5,5,5,6,6,6,6,6,6,352,0,4,4.567298525960888,3.3885620068758726,20.698934007668868,227.7130681818182
1781616053,50,GET,/timeline/{user_id},64.600000,0.000000,3,3,3,3,4,4,13,140,150,150,150,3105,0,3,6.188778363388698,1.8958309956360608,233.33949098014273,7574.781642512077
1781616053,50,GET,/users/{user_id},25.800000,0.000000,2,2,3,3,3,3,4,5,9,9,9,1212,0,2,2.51013821476176,1.663283008383587,26.789538009325042,262.51402640264024
1781616053,50,,Aggregated,245.200000,0.000000,3,3,3,3,4,4,9,17,140,180,180,12291,0,3,4.519854092821465,1.663283008383587,233.33949098014273,7825.979985355138
1781616054,50,GET,/feed/{user_id},97.700000,0.000000,3,3,3,3,4,4,5,10,21,21,21,5016,0,3,3.1157676226269504,1.9556310144253075,51.85794399585575,9058.603468899522
1781616054,50,GET,/feed/{user_id}?with_fof=true,47.800000,0.000000,3,3,3,3,4,5,89,110,180,180,180,2516,0,3,6.221277975259439,2.005085989367217,201.16742502432317,11238.065977742448
1781616054,50,POST,/likes,4.500000,0.000000,4,4,4,4,5,5,5,5,5,5,5,246,0,4,4.081245484086117,2.9406709945760667,22.891293978318572,180.2520325203252
1781616054,50,POST,/posts,7.300000,0.000000,4,4,5,5,5,6,6,6,6,6,6,353,0,4,4.566749283633651,3.3885620068758726,20.698934007668868,227.71671388101984
1781616054,50,GET,/timeline/{user_id},63.200000,0.000000,3,3,3,3,4,4,20,140,150,150,150,3166,0,3,6.2151927881556,1.8958309956360608,233.33949098014273,7577.724889450411
1781616054,50,GET,/users/{user_id},25.500000,0.000000,2,2,3,3,3,3,4,5,9,9,9,1238,0,2,2.506594064106461,1.663283008383587,26.789538009325042,262.5129240710824
1781616054,50,,Aggregated,246.000000,0.000000,3,3,3,3,4,4,9,20,150,180,180,12535,0,3,4.521574669782355,1.663283008383587,233.33949098014273,7830.372796170722
1781616055,50,GET,/feed/{user_id},96.500000,0.000000,3,3,3,3,4,4,5,10,17,17,17,5113,0,3,3.1087226616830246,1.9556310144253075,51.85794399585575,9066.206532368473
1781616055,50,GET,/feed/{user_id}?with_fof=true,50.400000,0.000000,3,3,3,3,4,5,13,110,220,220,220,2561,0,3,6.246823154899249,2.005085989367217,219.15838698623702,11239.953533775868
1781616055,50,POST,/likes,4.500000,0.000000,4,4,4,4,4,5,5,5,5,5,5,251,0,4,4.074275008364733,2.9406709945760667,22.891293978318572,180.25498007968127
1781616055,50,POST,/posts,7.200000,0.000000,4,4,5,5,5,6,6,6,6,6,6,356,0,4,4.569433053731108,3.3885620068758726,20.698934007668868,227.7191011235955
1781616055,50,GET,/timeline/{user_id},62.800000,0.000000,3,3,3,3,4,4,15,140,150,150,150,3232,0,3,6.14931020245962,1.8958309956360608,233.33949098014273,7574.284653465346
1781616055,50,GET,/users/{user_id},25.200000,0.000000,2,2,3,3,3,3,4,5,9,9,9,1270,0,2,2.5030248459496383,1.663283008383587,26.789538009325042,262.53070866141735
1781616055,50,,Aggregated,246.600000,0.000000,3,3,3,3,4,4,6,14,150,220,220,12783,0,3,4.505654884754411,1.663283008383587,233.33949098014273,7829.214503637644
1781616056,50,GET,/feed/{user_id},97.700000,0.000000,3,3,3,3,4,4,5,10,17,17,17,5218,0,3,3.110232682100689,1.9556310144253075,51.85794399585575,9053.821770793407
1781616056,50,GET,/feed/{user_id}?with_fof=true,49.500000,0.000000,3,3,3,3,4,5,11,110,220,220,220,2607,0,3,6.230608122649691,2.005085989367217,219.15838698623702,11242.194859992329
1781616056,50,POST,/likes,4.300000,0.000000,4,4,4,4,4,5,5,5,5,5,5,257,0,4,4.069622945885722,2.9406709945760667,22.891293978318572,180.24513618677042
1781616056,50,POST,/posts,6.900000,0.000000,4,4,5,5,5,6,6,6,6,6,6,368,0,4,4.563008823622469,3.3885620068758726,20.698934007668868,227.7336956521739
1781616056,50,GET,/timeline/{user_id},63.200000,0.000000,3,3,3,3,4,4,7,140,150,150,150,3296,0,3,6.085771486123652,1.8958309956360608,233.33949098014273,7582.5097087378645
1781616056,50,GET,/users/{user_id},25.300000,0.000000,2,2,3,3,3,4,4,5,6,6,6,1287,0,2,2.5039256731326467,1.663283008383587,26.789538009325042,262.51204351204353
1781616056,50,,Aggregated,246.900000,0.000000,3,3,3,3,4,4,5,14,150,220,220,13033,0,3,4.486973453135894,1.663283008383587,233.33949098014273,7827.14478631167
1781616057,50,GET,/feed/{user_id},97.400000,0.000000,3,3,3,3,4,4,5,10,17,17,17,5328,0,3,3.1027287870321536,1.9556310144253075,51.85794399585575,9052.394331831832
1781616057,50,GET,/feed/{user_id}?with_fof=true,49.600000,0.000000,3,3,3,3,4,4,6,110,220,220,220,2653,0,3,6.1705253813362235,2.005085989367217,219.15838698623702,11237.28609121749
1781616057,50,POST,/likes,3.800000,0.000000,4,4,4,4,4,5,5,5,5,5,5,261,0,4,4.068906797217455,2.9406709945760667,22.891293978318572,180.25670498084293
1781616057,50,POST,/posts,5.800000,0.000000,4,4,5,5,5,6,6,6,6,6,6,372,0,4,4.558757812026338,3.3885620068758726,20.698934007668868,227.73387096774192
1781616057,50,GET,/timeline/{user_id},63.900000,0.000000,3,3,3,3,4,4,7,140,150,150,150,3357,0,3,6.027689197542571,1.8958309956360608,233.33949098014273,7577.469764670837
1781616057,50,GET,/users/{user_id},25.500000,0.000000,2,2,3,3,3,4,4,4,6,6,6,1308,0,2,2.5009701867493166,1.663283008383587,26.789538009325042,262.5168195718654
1781616057,50,,Aggregated,246.000000,0.000000,3,3,3,3,4,4,5,13,150,220,220,13279,0,3,4.455592065257805,1.663283008383587,233.33949098014273,7828.630092627457
1781616058,50,GET,/feed/{user_id},95.900000,0.000000,3,3,3,3,4,4,5,9,17,17,17,5425,0,3,3.102533291480268,1.9556310144253075,51.85794399585575,9048.132534562212
1781616058,50,GET,/feed/{user_id}?with_fof=true,48.800000,0.000000,3,3,3,3,4,5,6,110,220,220,220,2692,0,3,6.167479673348022,2.005085989367217,219.15838698623702,11238.974739970283
1781616058,50,POST,/likes,3.900000,0.000000,4,4,4,4,4,4,4,4,4,4,4,269,0,4,4.061092959490145,2.9406709945760667,22.891293978318572,180.26022304832713
1781616058,50,POST,/posts,5.400000,0.000000,4,4,5,5,5,6,6,8,8,8,8,381,0,4,4.562575464641671,3.3885620068758726,20.698934007668868,227.72965879265092
1781616058,50,GET,/timeline/{user_id},64.600000,0.000000,3,3,3,3,4,5,12,140,150,150,150,3423,0,3,6.013637630204585,1.8958309956360608,233.33949098014273,7560.358457493427
1781616058,50,GET,/users/{user_id},26.600000,0.000000,2,2,3,3,3,4,4,5,9,9,9,1330,0,2,2.503159712922157,1.663283008383587,26.789538009325042,262.5315789473684
1781616058,50,,Aggregated,245.200000,0.000000,3,3,3,3,4,4,6,13,150,220,220,13520,0,3,4.451091543745667,1.663283008383587,233.33949098014273,7818.414792899408
1781616059,50,GET,/feed/{user_id},96.100000,0.000000,3,3,3,3,4,4,5,9,17,17,17,5523,0,3,3.0991794567056647,1.9556310144253075,51.85794399585575,9039.49248596777
1781616059,50,GET,/feed/{user_id}?with_fof=true,49.300000,0.000000,3,3,3,3,4,4,6,19,220,220,220,2755,0,3,6.09628419588724,2.005085989367217,219.15838698623702,11223.565880217786
1781616059,50,POST,/likes,4.400000,0.000000,4,4,4,4,4,4,4,4,4,4,4,274,0,4,4.0510729528635565,2.9406709945760667,22.891293978318572,180.25182481751824
1781616059,50,POST,/posts,6.100000,0.000000,4,4,5,5,5,6,6,8,8,8,8,384,0,4,4.56196384645106,3.3885620068758726,20.698934007668868,227.7265625
1781616059,50,GET,/timeline/{user_id},63.300000,0.000000,3,3,3,3,4,5,7,75,150,150,150,3485,0,3,5.960622787428151,1.8958309956360608,233.33949098014273,7574.105882352941
1781616059,50,GET,/users/{user_id},26.400000,0.000000,2,2,3,3,3,3,4,5,9,9,9,1350,0,2,2.5013868674782485,1.663283008383587,26.789538009325042,262.53333333333336
1781616059,50,,Aggregated,245.600000,0.000000,3,3,3,3,4,4,6,12,150,220,220,13771,0,3,4.4240405119787445,1.663283008383587,233.33949098014273,7823.183211095781
1781616060,50,GET,/feed/{user_id},98.400000,0.000000,3,3,3,3,4,4,5,7,17,17,17,5625,0,3,3.0988783437241283,1.9556310144253075,51.85794399585575,9039.137777777778
1781616060,50,GET,/feed/{user_id}?with_fof=true,49.200000,0.000000,3,3,3,3,4,5,10,23,220,220,220,2795,0,3,6.062094907579137,2.005085989367217,219.15838698623702,11221.217889087657
1781616060,50,POST,/likes,4.200000,0.000000,4,4,4,4,4,4,4,4,4,4,4,280,0,4,4.045035275339615,2.9406709945760667,22.891293978318572,180.24285714285713
1781616060,50,POST,/posts,6.300000,0.000000,4,5,5,5,5,6,6,8,8,8,8,391,0,4,4.559039749363508,3.3885620068758726,20.698934007668868,227.72634271099744
1781616060,50,GET,/timeline/{user_id},63.000000,0.000000,3,3,3,3,4,5,12,130,150,150,150,3558,0,3,5.978427849983652,1.8958309956360608,233.33949098014273,7578.78527262507
1781616060,50,GET,/users/{user_id},25.000000,0.000000,2,2,3,3,3,4,4,5,9,9,9,1375,0,2,2.502269582674754,1.663283008383587,26.789538009325042,262.5403636363636
1781616060,50,,Aggregated,246.100000,0.000000,3,3,3,3,4,4,6,12,150,220,220,14024,0,3,4.42112145861721,1.663283008383587,233.33949098014273,7820.470193953223
1781616061,50,GET,/feed/{user_id},97.400000,0.000000,3,3,3,3,4,4,5,7,17,17,17,5721,0,3,3.096457741741274,1.9556310144253075,51.85794399585575,9034.534871525957
1781616061,50,GET,/feed/{user_id}?with_fof=true,48.500000,0.000000,3,3,3,3,4,4,12,110,220,220,220,2842,0,3,6.058600636048457,2.005085989367217,219.15838698623702,11226.70021111893
1781616061,50,POST,/likes,4.500000,0.000000,4,4,4,4,4,4,4,4,4,4,4,283,0,4,4.042462173474182,2.9406709945760667,22.891293978318572,180.24734982332154
1781616061,50,POST,/posts,6.400000,0.000000,4,5,5,5,5,5,6,8,8,8,8,403,0,4,4.559214923154706,3.3885620068758726,20.698934007668868,227.727047146402
1781616061,50,GET,/timeline/{user_id},64.100000,0.000000,3,3,3,3,4,4,7,24,150,150,150,3629,0,3,5.956480794708271,1.8958309956360608,233.33949098014273,7581.0801873794435
1781616061,50,GET,/users/{user_id},25.000000,0.000000,2,2,3,3,3,4,4,5,9,9,9,1390,0,2,2.500360038968158,1.663283008383587,26.789538009325042,262.53956834532374
1781616061,50,,Aggregated,245.900000,0.000000,3,3,3,3,4,4,6,12,140,220,220,14268,0,3,4.415918658216858,1.663283008383587,233.33949098014273,7822.561676478834
1781616062,50,GET,/feed/{user_id},100.100000,0.000000,3,3,3,3,4,4,5,7,17,17,17,5816,0,3,3.098537819551109,1.9556310144253075,51.85794399585575,9040.756533700138
1781616062,50,GET,/feed/{user_id}?with_fof=true,49.000000,0.000000,3,3,3,3,4,4,12,110,220,220,220,2891,0,3,6.007124341603765,2.005085989367217,219.15838698623702,11233.86579038395
1781616062,50,POST,/likes,4.400000,0.000000,4,4,4,4,4,4,5,5,5,5,5,284,0,4,4.045428014417756,2.9406709945760667,22.891293978318572,180.24295774647888
1781616062,50,POST,/posts,5.600000,0.000000,4,5,5,5,5,5,6,8,8,8,8,412,0,4,4.560551106903218,3.3885620068758726,20.698934007668868,227.73058252427185
1781616062,50,GET,/timeline/{user_id},62.900000,0.000000,3,3,3,3,4,4,7,93,150,150,150,3698,0,3,5.927400945931289,1.8958309956360608,233.33949098014273,7599.227149810708
1781616062,50,GET,/users/{user_id},24.500000,0.000000,2,2,3,3,3,4,5,6,25,25,25,1415,0,2,2.518028520231132,1.663283008383587,26.789538009325042,262.5512367491166
1781616062,50,,Aggregated,246.500000,0.000000,3,3,3,3,4,4,6,12,140,220,220,14516,0,3,4.401906868035648,1.663283008383587,233.33949098014273,7831.125103334251
1781616063,50,GET,/feed/{user_id},100.700000,0.000000,3,3,3,3,4,5,6,11,22,22,22,5913,0,3,3.1188512219600573,1.9556310144253075,51.85794399585575,9037.932352443768
1781616063,50,GET,/feed/{user_id}?with_fof=true,47.700000,0.000000,3,3,3,3,4,5,110,130,220,220,220,2934,0,3,6.272928820573884,2.005085989367217,219.15838698623702,11238.143490115883
1781616063,50,POST,/likes,4.900000,0.000000,4,4,4,4,4,5,5,5,5,5,5,289,0,4,4.053037152400041,2.9406709945760667,22.891293978318572,180.24567474048442
1781616063,50,POST,/posts,5.800000,0.000000,4,5,5,5,5,5,6,8,8,8,8,416,0,4,4.561643779057844,3.3885620068758726,20.698934007668868,227.73076923076923
1781616063,50,GET,/timeline/{user_id},64.400000,0.000000,3,3,3,3,4,5,24,99,180,180,180,3762,0,3,6.076915067050444,1.8958309956360608,233.33949098014273,7604.81259968102
1781616063,50,GET,/users/{user_id},24.400000,0.000000,2,3,3,3,3,4,9,11,25,25,25,1436,0,2,2.545039775158074,1.663283008383587,26.789538009325042,262.566852367688
1781616063,50,,Aggregated,247.900000,0.000000,3,3,3,3,4,5,11,25,180,220,220,14750,0,3,4.503833463289222,1.663283008383587,233.33949098014273,7833.707457627119
1781616064,50,GET,/feed/{user_id},98.800000,0.000000,3,3,3,3,4,5,7,11,22,22,22,6015,0,3,3.1214575353775293,1.9556310144253075,51.85794399585575,9040.699251870325
1781616064,50,GET,/feed/{user_id}?with_fof=true,48.100000,0.000000,3,3,3,3,4,5,110,150,220,220,220,2984,0,3,6.315139032694032,2.005085989367217,219.15838698623702,11242.33579088472
1781616064,50,POST,/likes,4.900000,0.000000,4,4,4,4,5,5,5,5,5,5,5,295,0,4,4.052191515358449,2.9406709945760667,22.891293978318572,180.23728813559322
1781616064,50,POST,/posts,6.500000,0.000000,4,5,5,5,5,5,6,8,8,8,8,424,0,4,4.5605017950501345,3.3885620068758726,20.698934007668868,227.73820754716982
1781616064,50,GET,/timeline/{user_id},66.200000,0.000000,3,3,3,3,4,6,93,140,180,180,180,3817,0,3,6.224602326779242,1.8958309956360608,233.33949098014273,7610.812418129421
1781616064,50,GET,/users/{user_id},23.100000,0.000000,2,3,3,3,3,4,9,11,25,25,25,1459,0,2,2.549370213989756,1.663283008383587,26.789538009325042,262.58396161754627
1781616064,50,,Aggregated,247.600000,0.000000,3,3,3,3,4,5,12,99,180,220,220,14994,0,3,4.550342098873832,1.663283008383587,233.33949098014273,7837.151393890889
1781616065,50,GET,/feed/{user_id},100.600000,0.000000,3,3,3,3,4,5,7,11,22,22,22,6112,0,3,3.123287814688739,1.9556310144253075,51.85794399585575,9046.783540575916
1781616065,50,GET,/feed/{user_id}?with_fof=true,46.000000,0.000000,3,3,3,3,4,12,120,150,210,210,210,3023,0,3,6.416106265490897,2.005085989367217,219.15838698623702,11245.180946080052
1781616065,50,POST,/likes,4.900000,0.000000,4,4,4,4,5,5,5,5,5,5,5,301,0,4,4.052715764231701,2.9406709945760667,22.891293978318572,180.24252491694352
1781616065,50,POST,/posts,6.700000,0.000000,4,5,5,5,5,5,6,8,8,8,8,430,0,4,4.560991021097897,3.3885620068758726,20.698934007668868,227.74186046511628
1781616065,50,GET,/timeline/{user_id},64.700000,0.000000,3,3,3,3,4,11,130,140,180,180,180,3880,0,3,6.34110344206457,1.8958309956360608,233.33949098014273,7610.24381443299
1781616065,50,GET,/users/{user_id},23.100000,0.000000,2,3,3,3,3,4,9,11,25,25,25,1484,0,2,2.546798091078512,1.663283008383587,26.789538009325042,262.59838274932616
1781616065,50,,Aggregated,246.000000,0.000000,3,3,3,4,4,5,14,120,170,210,210,15230,0,3,4.59943845505144,1.663283008383587,233.33949098014273,7837.01556139199
1781616066,50,GET,/feed/{user_id},99.900000,0.000000,3,3,3,3,4,5,7,11,22,22,22,6218,0,3,3.124499280026026,1.9556310144253075,51.85794399585575,9041.934866516565
1781616066,50,GET,/feed/{user_id}?with_fof=true,46.400000,0.000000,3,3,3,3,4,12,120,150,210,210,210,3080,0,3,6.438757858296566,2.005085989367217,219.15838698623702,11241.685714285713
1781616066,50,POST,/likes,4.700000,0.000000,4,4,4,4,5,5,6,6,6,6,6,306,0,4,4.058787503334529,2.9406709945760667,22.891293978318572,180.23856209150327
1781616066,50,POST,/posts,6.400000,0.000000,5,5,5,5,5,5,6,8,8,8,8,435,0,4,4.558799857602872,3.3885620068758726,20.698934007668868,227.7425287356322
1781616066,50,GET,/timeline/{user_id},65.300000,0.000000,3,3,3,3,4,13,140,140,180,180,180,3932,0,3,6.4022856956009235,1.8958309956360608,233.33949098014273,7607.322482197355
1781616066,50,GET,/users/{user_id},22.600000,0.000000,2,3,3,3,3,4,11,23,25,25,25,1498,0,2,2.548952285846626,1.663283008383587,26.789538009325042,262.6174899866489
1781616066,50,,Aggregated,245.300000,0.000000,3,3,3,4,4,5,20,130,170,210,210,15469,0,3,4.620640992962308,1.663283008383587,233.33949098014273,7841.926239575926
1781616067,50,GET,/feed/{user_id},99.700000,0.000000,3,3,3,3,4,5,10,12,27,27,27,6327,0,3,3.130353586401039,1.9556310144253075,51.85794399585575,9038.036826299984
1781616067,50,GET,/feed/{user_id}?with_fof=true,46.700000,0.000000,3,3,3,3,4,14,130,160,210,210,210,3124,0,3,6.577667512985113,2.005085989367217,219.15838698623702,11244.153008962869
1781616067,50,POST,/likes,4.800000,0.000000,4,4,4,4,5,5,6,6,6,6,6,311,0,4,4.05580992932084,2.9406709945760667,22.891293978318572,180.2379421221865
1781616067,50,POST,/posts,7.000000,0.000000,5,5,5,5,5,5,6,8,8,8,8,440,0,4,4.554122004695025,3.3885620068758726,20.698934007668868,227.73181818181817
1781616067,50,GET,/timeline/{user_id},65.200000,0.000000,3,3,3,3,4,13,140,140,180,180,180,3988,0,3,6.41884715167594,1.8958309956360608,233.33949098014273,7603.4889669007025
1781616067,50,GET,/users/{user_id},21.700000,0.000000,2,3,3,3,3,4,9,11,25,25,25,1524,0,2,2.545875579508613,1.663283008383587,26.789538009325042,262.62270341207346
1781616067,50,,Aggregated,245.100000,0.000000,3,3,3,4,4,6,27,130,170,210,210,15714,0,3,4.651764531364658,1.663283008383587,233.33949098014273,7839.480717831233
1781616068,50,GET,/feed/{user_id},100.200000,0.000000,3,3,3,3,4,5,10,12,27,27,27,6434,0,3,3.12442380980749,1.9556310144253075,51.85794399585575,9035.21168790799
1781616068,50,GET,/feed/{user_id}?with_fof=true,46.400000,0.000000,3,3,3,4,4,16,130,160,210,210,210,3161,0,3,6.595690837556058,2.005085989367217,219.15838698623702,11250.369503321734
1781616068,50,POST,/likes,5.300000,0.000000,4,4,4,4,5,5,6,6,6,6,6,313,0,4,4.052511536789249,2.9406709945760667,22.891293978318572,180.23961661341852
1781616068,50,POST,/posts,7.200000,0.000000,5,5,5,5,5,5,6,6,6,6,6,443,0,4,4.555400796933625,3.3885620068758726,20.698934007668868,227.73363431151242
1781616068,50,GET,/timeline/{user_id},64.400000,0.000000,3,3,3,3,4,13,140,140,180,180,180,4062,0,3,6.355186441638917,1.8958309956360608,233.33949098014273,7609.168882323978
1781616068,50,GET,/users/{user_id},21.200000,0.000000,2,3,3,3,3,4,6,11,25,25,25,1544,0,2,2.545531419181377,1.663283008383587,26.789538009325042,262.63795336787564
1781616068,50,,Aggregated,244.700000,0.000000,3,3,3,4,4,5,61,130,170,210,210,15957,0,3,4.636402082535944,1.663283008383587,233.33949098014273,7843.9699191577365
1781616069,50,GET,/feed/{user_id},100.600000,0.000000,3,3,3,3,4,5,10,12,27,27,27,6528,0,3,3.12821353035735,1.9556310144253075,51.85794399585575,9033.838082107843
1781616069,50,GET,/feed/{user_id}?with_fof=true,46.800000,0.000000,3,3,3,4,4,23,130,160,210,210,210,3212,0,3,6.575040274455457,2.005085989367217,219.15838698623702,11254.957347447073
1781616069,50,POST,/likes,4.900000,0.000000,4,4,4,4,5,5,6,6,6,6,6,321,0,4,4.048456321107775,2.9406709945760667,22.891293978318572,180.2398753894081
1781616069,50,POST,/posts,6.700000,0.000000,5,5,5,5,5,5,6,6,6,6,6,448,0,4,4.553125368407303,3.3885620068758726,20.698934007668868,227.72991071428572
1781616069,50,GET,/timeline/{user_id},63.100000,0.000000,3,3,3,3,4,14,140,140,180,180,180,4121,0,3,6.373128262049878,1.8958309956360608,233.33949098014273,7604.522688667799
1781616069,50,GET,/users/{user_id},21.000000,0.000000,2,3,3,3,3,4,6,11,25,25,25,1568,0,2,2.5422494682803816,1.663283008383587,26.789538009325042,262.6498724489796
1781616069,50,,Aggregated,243.100000,0.000000,3,3,3,4,4,6,84,140,170,210,210,16198,0,3,4.638181915422704,1.663283008383587,233.33949098014273,7842.559019632054
1781616070,50,GET,/feed/{user_id},99.900000,0.000000,3,3,3,3,4,5,10,12,27,27,27,6647,0,3,3.124901088498554,1.9556310144253075,51.85794399585575,9035.07477057319
1781616070,50,GET,/feed/{user_id}?with_fof=true,46.900000,0.000000,3,3,3,4,4,16,130,160,210,210,210,3250,0,3,6.533628982330601,2.005085989367217,219.15838698623702,11259.865846153845
1781616070,50,POST,/likes,4.800000,0.000000,4,4,5,5,5,5,6,6,6,6,6,324,0,4,4.0548052163586235,2.9406709945760667,22.891293978318572,180.24382716049382
1781616070,50,POST,/posts,6.600000,0.000000,5,5,5,5,5,5,6,6,6,6,6,453,0,4,4.552123200936782,3.3885620068758726,20.698934007668868,227.72406181015452
1781616070,50,GET,/timeline/{user_id},62.500000,0.000000,3,3,3,3,4,13,140,140,180,180,180,4183,0,3,6.352584142925985,1.8958309956360608,233.33949098014273,7599.569925890509
1781616070,50,GET,/users/{user_id},22.200000,0.000000,2,3,3,3,3,4,6,11,25,25,25,1590,0,2,2.5413880133108124,1.663283008383587,26.789538009325042,262.659748427673
1781616070,50,,Aggregated,242.900000,0.000000,3,3,3,4,4,6,83,130,170,210,210,16447,0,3,4.6206023493021515,1.663283008383587,233.33949098014273,7844.524472548185
1781616071,50,GET,/feed/{user_id},101.000000,0.000000,3,3,3,3,4,5,10,12,27,27,27,6736,0,3,3.1235272363724182,1.9556310144253075,51.85794399585575,9041.274198337293
1781616071,50,GET,/feed/{user_id}?with_fof=true,46.700000,0.000000,3,3,3,4,4,16,130,160,210,210,210,3302,0,3,6.48833982781531,2.005085989367217,219.15838698623702,11256.452453058751
1781616071,50,POST,/likes,4.200000,0.000000,4,4,5,5,5,5,6,6,6,6,6,327,0,4,4.052120088941392,2.9406709945760667,22.891293978318572,180.24770642201835
1781616071,50,POST,/posts,6.500000,0.000000,5,5,5,5,5,5,6,7,7,7,7,462,0,4,4.5519330000451435,3.3885620068758726,20.698934007668868,227.72510822510822
1781616071,50,GET,/timeline/{user_id},63.200000,0.000000,3,3,3,3,4,14,140,140,180,180,180,4249,0,3,6.3080597217855585,1.8958309956360608,233.33949098014273,7604.782301718052
1781616071,50,GET,/users/{user_id},21.500000,0.000000,2,3,3,3,3,4,6,11,25,25,25,1606,0,2,2.540371710021956,1.663283008383587,26.789538009325042,262.6687422166874
1781616071,50,,Aggregated,243.100000,0.000000,3,3,3,4,4,6,72,130,170,210,210,16682,0,3,4.602289690379903,1.663283008383587,233.33949098014273,7850.949826159933
1781616072,50,GET,/feed/{user_id},100.600000,0.000000,3,3,3,3,4,5,10,11,27,27,27,6823,0,3,3.1212326888583037,1.9556310144253075,51.85794399585575,9033.791294152132
1781616072,50,GET,/feed/{user_id}?with_fof=true,45.900000,0.000000,3,3,3,4,4,41,140,160,210,210,210,3364,0,3,6.523247483170436,2.005085989367217,219.15838698623702,11256.490190249702
1781616072,50,POST,/likes,4.700000,0.000000,4,4,4,5,5,5,6,6,6,6,6,330,0,4,4.0506265881986385,2.9406709945760667,22.891293978318572,180.24848484848485
1781616072,50,POST,/posts,6.300000,0.000000,5,5,5,5,5,5,6,7,7,7,7,468,0,4,4.551780393195903,3.3885620068758726,20.698934007668868,227.72008547008548
1781616072,50,GET,/timeline/{user_id},62.900000,0.000000,3,3,3,3,4,11,140,140,180,180,180,4321,0,3,6.302924375561124,1.8958309956360608,233.33949098014273,7615.374450358713
1781616072,50,GET,/users/{user_id},21.800000,0.000000,2,3,3,3,3,4,5,11,11,11,11,1622,0,2,2.5370259761437657,1.663283008383587,26.789538009325042,262.6676942046856
1781616072,50,,Aggregated,242.200000,0.000000,3,3,3,3,4,5,41,140,180,210,210,16928,0,3,4.6111358416642005,1.663283008383587,233.33949098014273,7856.954513232514
1781616073,50,GET,/feed/{user_id},101.200000,0.000000,3,3,3,3,4,4,9,11,27,27,27,6937,0,3,3.1169834097076587,1.9556310144253075,51.85794399585575,9034.937004468791
1781616073,50,GET,/feed/{user_id}?with_fof=true,45.900000,0.000000,3,3,3,3,4,10,110,140,180,180,180,3414,0,3,6.47186300600913,2.005085989367217,219.15838698623702,11256.781780902167
1781616073,50,POST,/likes,4.200000,0.000000,4,4,4,4,5,5,6,6,6,6,6,334,0,4,4.048507012413609,2.9406709945760667,22.891293978318572,180.24550898203591
1781616073,50,POST,/posts,6.300000,0.000000,4,5,5,5,5,5,6,7,7,7,7,475,0,4,4.54593911368743,3.3885620068758726,20.698934007668868,227.72842105263157
1781616073,50,GET,/timeline/{user_id},62.500000,0.000000,3,3,3,3,4,11,140,140,150,150,150,4374,0,3,6.260630508214774,1.8958309956360608,233.33949098014273,7618.773891175126
1781616073,50,GET,/users/{user_id},21.500000,0.000000,2,3,3,3,3,4,5,5,10,10,10,1639,0,2,2.540436385776461,1.663283008383587,26.789538009325042,262.67663209273945
1781616073,50,,Aggregated,241.600000,0.000000,3,3,3,3,4,5,14,120,160,180,180,17173,0,3,4.58724449519734,1.663283008383587,233.33949098014273,7862.891049903919
1781616074,50,GET,/feed/{user_id},101.700000,0.000000,3,3,3,3,4,4,9,11,27,27,27,7023,0,3,3.1174779157291184,1.9556310144253075,51.85794399585575,9031.212302434857
1781616074,50,GET,/feed/{user_id}?with_fof=true,46.200000,0.000000,3,3,3,3,4,6,120,150,180,180,180,3463,0,3,6.501722415124418,2.005085989367217,219.15838698623702,11259.480219462894
1781616074,50,POST,/likes,4.600000,0.000000,4,4,4,4,5,6,6,6,6,6,6,334,0,4,4.048507012413609,2.9406709945760667,22.891293978318572,180.24550898203591
1781616074,50,POST,/posts,5.600000,0.000000,4,5,5,5,5,6,6,7,7,7,7,481,0,4,4.550471112338764,3.3885620068758726,20.698934007668868,227.7214137214137
1781616074,50,GET,/timeline/{user_id},61.300000,0.000000,3,3,3,3,4,5,130,140,150,150,150,4444,0,3,6.244458220089123,1.8958309956360608,233.33949098014273,7619.895364536454
1781616074,50,GET,/users/{user_id},21.600000,0.000000,2,2,3,3,3,4,5,5,10,10,10,1661,0,2,2.536800377702953,1.663283008383587,26.789538009325042,262.6700782661048
1781616074,50,,Aggregated,241.000000,0.000000,3,3,3,3,4,5,12,120,160,180,180,17406,0,3,4.591203483302494,1.663283008383587,233.33949098014273,7864.335861197288
1781616075,50,GET,/feed/{user_id},101.400000,0.000000,3,3,3,3,4,4,9,11,27,27,27,7121,0,3,3.11922011391319,1.9556310144253075,51.85794399585575,9034.40893132987
1781616075,50,GET,/feed/{user_id}?with_fof=true,48.100000,0.000000,3,3,3,3,4,5,110,120,180,180,180,3506,0,3,6.469244140170632,2.005085989367217,219.15838698623702,11247.53308613805
1781616075,50,POST,/likes,4.400000,0.000000,4,4,4,4,5,6,6,6,6,6,6,337,0,4,4.046153949828575,2.9406709945760667,22.891293978318572,180.2492581602374
1781616075,50,POST,/posts,5.900000,0.000000,4,5,5,5,5,6,7,7,7,7,7,491,0,4,4.556970515401272,3.3885620068758726,20.698934007668868,227.72708757637474
1781616075,50,GET,/timeline/{user_id},62.400000,0.000000,3,3,3,3,4,5,25,140,150,150,150,4502,0,3,6.232605202587736,1.8958309956360608,233.33949098014273,7627.341625944025
1781616075,50,GET,/users/{user_id},20.300000,0.000000,2,2,3,3,3,4,4,5,14,14,14,1697,0,2,2.5396109430358673,1.663283008383587,26.789538009325042,262.68886269888037
1781616075,50,,Aggregated,242.500000,0.000000,3,3,3,3,4,5,11,87,160,180,180,17654,0,3,4.580439061014511,1.663283008383587,233.33949098014273,7857.964767191571
1781616076,50,GET,/feed/{user_id},101.300000,0.000000,3,3,3,3,4,4,8,11,27,27,27,7215,0,3,3.1169419029723704,1.8983959744218737,51.85794399585575,9024.050311850311
1781616076,50,GET,/feed/{user_id}?with_fof=true,47.900000,0.000000,3,3,3,3,4,4,110,140,180,180,180,3557,0,3,6.480575349338136,2.005085989367217,219.15838698623702,11248.919595164465
1781616076,50,POST,/likes,4.300000,0.000000,4,4,4,4,5,5,6,6,6,6,6,345,0,4,4.043384151030467,2.9406709945760667,22.891293978318572,180.23768115942028
1781616076,50,POST,/posts,6.100000,0.000000,4,5,5,5,5,6,7,7,7,7,7,500,0,4,4.550946758245118,3.3885620068758726,20.698934007668868,227.722
1781616076,50,GET,/timeline/{user_id},61.700000,0.000000,3,3,3,3,4,5,14,140,150,150,150,4564,0,3,6.2157177535187405,1.8958309956360608,233.33949098014273,7627.016432953549
1781616076,50,GET,/users/{user_id},20.100000,0.000000,2,2,3,3,3,4,4,5,14,14,14,1715,0,2,2.537336488272696,1.663283008383587,26.789538009325042,262.6868804664723
1781616076,50,,Aggregated,241.400000,0.000000,3,3,3,3,4,5,10,41,160,180,180,17896,0,3,4.578154401163203,1.663283008383587,233.33949098014273,7854.111756817166
1781616077,50,GET,/feed/{user_id},101.900000,0.000000,3,3,3,3,4,4,8,11,26,26,26,7317,0,3,3.1196422192194695,1.8983959744218737,51.85794399585575,9033.051250512504
1781616077,50,GET,/feed/{user_id}?with_fof=true,48.300000,0.000000,3,3,3,3,4,4,41,120,180,180,180,3598,0,3,6.437703089943151,2.005085989367217,219.15838698623702,11247.64313507504
1781616077,50,POST,/likes,3.900000,0.000000,4,4,4,4,5,5,6,6,6,6,6,348,0,4,4.039200730173548,2.9406709945760667,22.891293978318572,180.24425287356323
1781616077,50,POST,/posts,5.700000,0.000000,4,5,5,5,5,6,7,7,7,7,7,514,0,4,4.539990677260015,3.3885620068758726,20.698934007668868,227.71984435797665
1781616077,50,GET,/timeline/{user_id},61.400000,0.000000,3,3,3,3,4,5,25,140,150,150,150,4635,0,3,6.249981768720129,1.8958309956360608,233.33949098014273,7629.111111111111
1781616077,50,GET,/users/{user_id},20.400000,0.000000,2,2,3,3,3,4,5,10,14,14,14,1728,0,2,2.5356620696786396,1.663283008383587,26.789538009325042,262.6927083333333
1781616077,50,,Aggregated,241.600000,0.000000,3,3,3,3,4,5,9,25,150,180,180,18140,0,3,4.579865736068293,1.663283008383587,233.33949098014273,7858.792282249173
1781616078,50,GET,/feed/{user_id},100.200000,0.000000,3,3,3,3,4,4,8,11,26,26,26,7417,0,3,3.118586352723968,1.8983959744218737,51.85794399585575,9033.54038020763
1781616078,50,GET,/feed/{user_id}?with_fof=true,48.200000,0.000000,3,3,3,3,4,4,41,140,180,180,180,3644,0,3,6.463183708467281,2.005085989367217,219.15838698623702,11254.045828759605
1781616078,50,POST,/likes,3.400000,0.000000,4,4,4,4,5,5,6,6,6,6,6,352,0,4,4.035340463401966,2.9406709945760667,22.891293978318572,180.25
1781616078,50,POST,/posts,6.100000,0.000000,4,5,5,5,5,6,7,7,7,7,7,525,0,4,4.53890853722225,3.3885620068758726,20.698934007668868,227.72190476190477
1781616078,50,GET,/timeline/{user_id},62.700000,0.000000,3,3,3,3,4,5,14,130,140,140,140,4694,0,3,6.2059961940781605,1.8958309956360608,233.33949098014273,7635.281423093311
1781616078,50,GET,/users/{user_id},21.500000,0.000000,2,2,3,3,3,4,5,10,14,14,14,1745,0,2,2.5343676466450766,1.663283008383587,26.789538009325042,262.6922636103152
1781616078,50,,Aggregated,242.100000,0.000000,3,3,3,3,4,5,9,22,150,180,180,18377,0,3,4.573063117775815,1.663283008383587,233.33949098014273,7862.704630788486
1781616079,50,GET,/feed/{user_id},99.600000,0.000000,3,3,3,3,4,4,5,11,26,26,26,7520,0,3,3.114449992709195,1.8983959744218737,51.85794399585575,9031.795611702128
1781616079,50,GET,/feed/{user_id}?with_fof=true,47.500000,0.000000,3,3,3,3,4,4,41,140,180,180,180,3695,0,3,6.412650708689484,2.005085989367217,219.15838698623702,11257.987550744248
1781616079,50,POST,/likes,3.800000,0.000000,4,4,4,4,5,5,6,6,6,6,6,357,0,4,4.0319246305668,2.9406709945760667,22.891293978318572,180.25210084033614
1781616079,50,POST,/posts,7.000000,0.000000,4,5,5,5,5,6,7,7,7,7,7,530,0,4,4.533706975437455,3.3885620068758726,20.698934007668868,227.7188679245283
1781616079,50,GET,/timeline/{user_id},63.600000,0.000000,3,3,3,3,3,4,12,130,140,140,140,4754,0,3,6.161407640522274,1.8958309956360608,233.33949098014273,7646.381783761043
1781616079,50,GET,/users/{user_id},20.900000,0.000000,2,2,3,3,3,3,4,10,14,14,14,1763,0,2,2.5305057500681345,1.663283008383587,26.789538009325042,262.701644923426
1781616079,50,,Aggregated,242.400000,0.000000,3,3,3,3,4,4,6,20,150,180,180,18619,0,3,4.549668814882002,1.663283008383587,233.33949098014273,7869.190074654923
1781616080,50,GET,/feed/{user_id},98.400000,0.000000,3,3,3,3,4,4,5,11,26,26,26,7614,0,3,3.110933104969829,1.8983959744218737,51.85794399585575,9033.640267927502
1781616080,50,GET,/feed/{user_id}?with_fof=true,47.200000,0.000000,3,3,3,3,4,4,41,140,180,180,180,3742,0,3,6.36962146996279,2.005085989367217,219.15838698623702,11252.756547300909
1781616080,50,POST,/likes,3.700000,0.000000,4,4,4,4,5,5,6,6,6,6,6,361,0,4,4.0325691832076,2.9406709945760667,22.891293978318572,180.25484764542935
1781616080,50,POST,/posts,7.500000,0.000000,4,4,5,5,6,6,7,8,8,8,8,534,0,4,4.541249767703192,3.3885620068758726,20.698934007668868,227.72284644194755
1781616080,50,GET,/timeline/{user_id},64.900000,0.000000,3,3,3,3,3,4,12,130,140,140,140,4826,0,3,6.139498831106213,1.8958309956360608,233.33949098014273,7643.148155822628
1781616080,50,GET,/users/{user_id},19.800000,0.000000,2,2,3,3,3,3,5,10,14,14,14,1791,0,2,2.528434631608802,1.663283008383587,26.789538009325042,262.7063093243998
1781616080,50,,Aggregated,241.500000,0.000000,3,3,3,3,4,4,6,20,150,180,180,18868,0,3,4.534672505674287,1.663283008383587,233.33949098014273,7866.915836336655
1781616081,50,GET,/feed/{user_id},99.000000,0.000000,3,3,3,3,4,4,5,11,26,26,26,7708,0,3,3.1089011527223103,1.8983959744218737,51.85794399585575,9033.767903476906
1781616081,50,GET,/feed/{user_id}?with_fof=true,47.700000,0.000000,3,3,3,3,4,4,21,140,180,180,180,3796,0,3,6.322927103994058,2.005085989367217,219.15838698623702,11252.294520547945
1781616081,50,POST,/likes,4.100000,0.000000,4,4,4,4,4,5,6,6,6,6,6,368,0,4,4.028848022204803,2.9406709945760667,22.891293978318572,180.25271739130434
1781616081,50,POST,/posts,7.700000,0.000000,4,5,5,5,6,6,7,8,8,8,8,537,0,4,4.542514478522865,3.3885620068758726,20.698934007668868,227.72253258845438
1781616081,50,GET,/timeline/{user_id},63.800000,0.000000,3,3,3,3,3,4,14,140,140,140,140,4885,0,3,6.153684948009087,1.8958309956360608,233.33949098014273,7648.648720573183
1781616081,50,GET,/users/{user_id},19.600000,0.000000,2,2,3,3,3,3,5,9,14,14,14,1820,0,2,2.5289948024002804,1.663283008383587,26.789538009325042,262.70494505494503
1781616081,50,,Aggregated,241.900000,0.000000,3,3,3,3,4,4,8,21,150,180,180,19114,0,3,4.528131695640686,1.663283008383587,233.33949098014273,7867.342523804541
1781616082,50,GET,/feed/{user_id},98.500000,0.000000,3,3,3,3,4,4,5,11,26,26,26,7798,0,3,3.1077737140617168,1.8983959744218737,51.85794399585575,9025.926006668376
1781616082,50,GET,/feed/{user_id}?with_fof=true,48.700000,0.000000,3,3,3,3,4,4,13,110,160,160,160,3841,0,3,6.340325622715648,2.005085989367217,219.15838698623702,11255.479562613902
1781616082,50,POST,/likes,3.700000,0.000000,4,4,4,4,4,5,6,6,6,6,6,369,0,4,4.02984827416785,2.9406709945760667,22.891293978318572,180.2520325203252
1781616082,50,POST,/posts,8.200000,0.000000,4,5,5,5,6,6,7,8,8,8,8,552,0,4,4.541972817052105,3.3885620068758726,20.698934007668868,227.73007246376812
1781616082,50,GET,/timeline/{user_id},63.700000,0.000000,3,3,3,3,4,4,10,130,140,140,140,4959,0,3,6.106544077250327,1.8958309956360608,233.33949098014273,7654.760435571688
1781616082,50,GET,/users/{user_id},19.700000,0.000000,2,2,3,3,3,3,5,9,14,14,14,1847,0,2,2.5263464599056142,1.663283008383587,26.789538009325042,262.7227937195452
1781616082,50,,Aggregated,242.500000,0.000000,3,3,3,3,4,4,7,14,140,160,160,19366,0,3,4.519792788279191,1.663283008383587,233.33949098014273,7861.917484250749
1781616083,50,GET,/feed/{user_id},97.100000,0.000000,3,3,3,3,4,4,5,11,26,26,26,7909,0,3,3.1040934904829753,1.8983959744218737,51.85794399585575,9033.720824377291
1781616083,50,GET,/feed/{user_id}?with_fof=true,48.900000,0.000000,3,3,3,3,4,4,41,110,160,160,160,3885,0,3,6.32926182541367,2.005085989367217,219.15838698623702,11257.193307593308
1781616083,50,POST,/likes,3.800000,0.000000,4,4,4,4,5,5,6,6,6,6,6,371,0,4,4.0350323050305485,2.9406709945760667,22.891293978318572,180.2533692722372
1781616083,50,POST,/posts,7.800000,0.000000,4,5,5,5,5,6,7,8,8,8,8,559,0,4,4.5396037460059055,3.3885620068758726,20.698934007668868,227.7262969588551
1781616083,50,GET,/timeline/{user_id},64.300000,0.000000,3,3,3,3,3,4,10,130,140,140,140,5019,0,3,6.069561542381478,1.8958309956360608,233.33949098014273,7659.675433353257
1781616083,50,GET,/users/{user_id},20.100000,0.000000,2,2,3,3,3,3,5,5,14,14,14,1867,0,2,2.5253585315688327,1.663283008383587,26.789538009325042,262.719335832887
1781616083,50,,Aggregated,242.000000,0.000000,3,3,3,3,4,4,6,14,140,160,160,19610,0,3,4.5054598086077124,1.663283008383587,233.33949098014273,7868.968638449771
1781616084,50,GET,/feed/{user_id},96.300000,0.000000,3,3,3,3,4,4,5,10,26,26,26,8015,0,3,3.101437888246178,1.8983959744218737,51.85794399585575,9039.766437928884
1781616084,50,GET,/feed/{user_id}?with_fof=true,49.000000,0.000000,3,3,3,3,4,4,5,110,150,150,150,3932,0,3,6.288817268492791,2.005085989367217,219.15838698623702,11259.054679552391
1781616084,50,POST,/likes,3.900000,0.000000,4,4,4,4,5,5,6,6,6,6,6,378,0,4,4.03487391850884,2.9406709945760667,22.891293978318572,180.23280423280423
1781616084,50,POST,/posts,8.300000,0.000000,4,5,5,5,5,6,7,8,8,8,8,566,0,4,4.540296413414525,3.3885620068758726,20.698934007668868,227.726148409894
1781616084,50,GET,/timeline/{user_id},63.300000,0.000000,3,3,3,3,3,4,10,130,140,140,140,5072,0,3,6.034900273905587,1.8958309956360608,233.33949098014273,7660.238958990536
1781616084,50,GET,/users/{user_id},22.000000,0.000000,2,2,3,3,3,3,5,5,14,14,14,1895,0,2,2.521500066150039,1.663283008383587,26.789538009325042,262.7277044854881
1781616084,50,,Aggregated,242.800000,0.000000,3,3,3,3,4,4,6,13,140,150,150,19858,0,3,4.4852402608419375,1.663283008383587,233.33949098014273,7869.470893342734
1781616085,50,GET,/feed/{user_id},96.400000,0.000000,3,3,3,3,4,4,5,9,26,26,26,8108,0,3,3.100631136194518,1.8983959744218737,51.85794399585575,9043.889368524913
1781616085,50,GET,/feed/{user_id}?with_fof=true,47.300000,0.000000,3,3,3,3,4,4,6,110,150,150,150,3977,0,3,6.286191003929743,2.005085989367217,219.15838698623702,11254.583102841338
1781616085,50,POST,/likes,3.800000,0.000000,4,4,4,4,5,5,6,6,6,6,6,383,0,4,4.032770347752299,2.9406709945760667,22.891293978318572,180.24543080939947
1781616085,50,POST,/posts,8.000000,0.000000,4,4,5,5,5,6,6,8,8,8,8,576,0,4,4.542363328103723,3.3885620068758726,20.698934007668868,227.72395833333334
1781616085,50,GET,/timeline/{user_id},64.200000,0.000000,3,3,3,3,3,4,10,140,150,150,150,5132,0,3,6.086012727846551,1.8958309956360608,233.33949098014273,7660.462587685113
1781616085,50,GET,/users/{user_id},22.500000,0.000000,2,2,2,3,3,3,5,7,11,11,11,1921,0,2,2.5254524921381942,1.663283008383587,26.789538009325042,262.7293076522644
1781616085,50,,Aggregated,242.200000,0.000000,3,3,3,3,4,4,6,12,150,150,150,20097,0,3,4.497480357853241,1.663283008383587,233.33949098014273,7867.13101457929
1781616086,50,GET,/feed/{user_id},97.700000,0.000000,3,3,3,3,4,4,5,9,26,26,26,8209,0,3,3.100551280221904,1.8983959744218737,51.85794399585575,9047.261420392253
1781616086,50,GET,/feed/{user_id}?with_fof=true,47.100000,0.000000,3,3,3,3,4,4,6,110,150,150,150,4040,0,3,6.261857170977579,2.005085989367217,219.15838698623702,11245.710148514852
1781616086,50,POST,/likes,4.100000,0.000000,4,4,4,4,5,5,6,6,6,6,6,386,0,4,4.0282661921931,2.9406709945760667,22.891293978318572,180.24093264248705
1781616086,50,POST,/posts,8.400000,0.000000,4,4,5,5,6,6,6,8,8,8,8,587,0,4,4.543804495805221,3.3885620068758726,20.698934007668868,227.72572402044293
1781616086,50,GET,/timeline/{user_id},63.700000,0.000000,3,3,3,3,4,4,10,140,150,150,150,5193,0,3,6.075917425402983,1.8958309956360608,233.33949098014273,7656.243404583092
1781616086,50,GET,/users/{user_id},22.700000,0.000000,2,2,2,3,3,4,5,7,11,11,11,1937,0,2,2.5245463435617927,1.663283008383587,26.789538009325042,262.73877129581825
1781616086,50,,Aggregated,243.700000,0.000000,3,3,3,3,4,4,6,11,150,150,150,20352,0,3,4.4916832683231185,1.663283008383587,233.33949098014273,7870.120037342767
1781616087,50,GET,/feed/{user_id},97.600000,0.000000,3,3,3,3,4,4,5,9,14,14,14,8299,0,3,3.098638586136529,1.8983959744218737,51.85794399585575,9040.458127485239
1781616087,50,GET,/feed/{user_id}?with_fof=true,46.700000,0.000000,3,3,3,3,4,4,6,110,150,150,150,4088,0,3,6.222631546180664,2.005085989367217,219.15838698623702,11252.92759295499
1781616087,50,POST,/likes,4.500000,0.000000,4,4,4,4,5,5,6,6,6,6,6,388,0,4,4.026718858777085,2.9406709945760667,22.891293978318572,180.23969072164948
1781616087,50,POST,/posts,9.000000,0.000000,4,5,5,5,6,6,6,8,8,8,8,593,0,4,4.545908423388395,3.3885620068758726,20.698934007668868,227.72849915682968
1781616087,50,GET,/timeline/{user_id},63.300000,0.000000,3,3,3,3,4,4,10,140,150,150,150,5263,0,3,6.061732337658624,1.8958309956360608,233.33949098014273,7661.573437203116
1781616087,50,GET,/users/{user_id},23.200000,0.000000,2,2,2,3,3,4,5,7,11,11,11,1963,0,2,2.5202972900788514,1.663283008383587,26.789538009325042,262.7401935812532
1781616087,50,,Aggregated,244.300000,0.000000,3,3,3,3,4,4,6,11,150,150,150,20594,0,3,4.480045201171728,1.663283008383587,233.33949098014273,7869.880839079344
1781616088,50,GET,/feed/{user_id},98.800000,0.000000,3,3,3,3,4,4,5,9,20,20,20,8391,0,3,3.0992568255791557,1.8983959744218737,51.85794399585575,9043.186390179955
1781616088,50,GET,/feed/{user_id}?with_fof=true,46.900000,0.000000,3,3,3,3,4,4,6,110,180,180,180,4145,0,3,6.222374800202831,2.005085989367217,219.15838698623702,11253.243425814235
1781616088,50,POST,/likes,4.500000,0.000000,4,4,4,4,5,5,6,6,6,6,6,393,0,4,4.027740178664118,2.9406709945760667,22.891293978318572,180.24427480916032
1781616088,50,POST,/posts,8.800000,0.000000,4,5,5,5,6,6,6,8,8,8,8,596,0,4,4.546729600748075,3.3885620068758726,20.698934007668868,227.7298657718121
1781616088,50,GET,/timeline/{user_id},62.600000,0.000000,3,3,3,3,4,4,10,140,150,150,150,5325,0,3,6.050120080589479,1.8958309956360608,233.33949098014273,7670.52
1781616088,50,GET,/users/{user_id},22.300000,0.000000,2,2,2,3,3,3,5,7,11,11,11,1990,0,2,2.5181923012615384,1.6230129986070096,26.789538009325042,262.73668341708543
1781616088,50,,Aggregated,243.900000,0.000000,3,3,3,3,4,4,6,11,150,180,180,20840,0,3,4.4778528028400055,1.6230129986070096,233.33949098014273,7874.328166986565
1781616089,50,GET,/feed/{user_id},98.900000,0.000000,3,3,3,3,4,4,5,10,21,21,21,8495,0,3,3.0994537805053315,1.8983959744218737,51.85794399585575,9043.109358446145
1781616089,50,GET,/feed/{user_id}?with_fof=true,48.700000,0.000000,3,3,3,3,4,4,13,110,180,180,180,4182,0,3,6.2465507400501386,2.005085989367217,219.15838698623702,11245.81611669058
1781616089,50,POST,/likes,3.900000,0.000000,4,4,4,5,5,5,5,5,5,5,5,398,0,4,4.034318553237595,2.9406709945760667,22.891293978318572,180.23869346733667
1781616089,50,POST,/posts,8.200000,0.000000,4,5,5,5,6,6,6,8,8,8,8,605,0,4,4.546699489270575,3.3885620068758726,20.698934007668868,227.7305785123967
1781616089,50,GET,/timeline/{user_id},62.600000,0.000000,3,3,3,3,4,4,22,140,150,150,150,5391,0,3,6.087547357842302,1.8958309956360608,233.33949098014273,7665.5462808384345
1781616089,50,GET,/users/{user_id},22.600000,0.000000,2,2,2,3,3,4,5,7,11,11,11,2010,0,2,2.515840744026311,1.6230129986070096,26.789538009325042,262.7417910447761
1781616089,50,,Aggregated,244.900000,0.000000,3,3,3,3,4,5,7,20,150,180,180,21081,0,3,4.4914451277026926,1.6230129986070096,233.33949098014273,7870.3002703856555
1781616090,50,GET,/feed/{user_id},97.900000,0.000000,3,3,3,3,4,4,5,10,21,21,21,8593,0,3,3.096289572514991,1.8983959744218737,51.85794399585575,9042.759106249272
1781616090,50,GET,/feed/{user_id}?with_fof=true,49.300000,0.000000,3,3,3,3,4,5,42,110,180,180,180,4232,0,3,6.257190610572226,2.005085989367217,219.15838698623702,11245.475189035917
1781616090,50,POST,/likes,4.000000,0.000000,4,4,4,4,5,5,5,5,5,5,5,405,0,4,4.028283933789849,2.937142999144271,22.891293978318572,180.23703703703703
1781616090,50,POST,/posts,7.700000,0.000000,4,5,5,5,6,6,6,6,6,6,6,609,0,4,4.546141929338397,3.3885620068758726,20.698934007668868,227.73399014778326
1781616090,50,GET,/timeline/{user_id},62.300000,0.000000,3,3,3,3,4,4,20,140,150,150,150,5450,0,3,6.05094036902835,1.8958309956360608,233.33949098014273,7661.080917431193
1781616090,50,GET,/users/{user_id},23.900000,0.000000,2,2,3,3,3,3,5,7,11,11,11,2037,0,2,2.516137757217425,1.6230129986070096,26.789538009325042,262.74766813942074
1781616090,50,,Aggregated,245.100000,0.000000,3,3,3,3,4,5,7,20,150,180,180,21326,0,3,4.482317359625403,1.6230129986070096,233.33949098014273,7868.098752696239
1781616091,50,GET,/feed/{user_id},97.200000,0.000000,3,3,3,3,4,4,5,10,21,21,21,8700,0,3,3.0955996235194294,1.8983959744218737,51.85794399585575,9035.96896551724
1781616091,50,GET,/feed/{user_id}?with_fof=true,49.900000,0.000000,3,3,3,3,4,4,42,110,180,180,180,4273,0,3,6.224002988082767,2.005085989367217,219.15838698623702,11239.473203838053
1781616091,50,POST,/likes,4.000000,0.000000,4,4,4,4,5,5,5,5,5,5,5,410,0,4,4.027037661403372,2.937142999144271,22.891293978318572,180.2439024390244
1781616091,50,POST,/posts,7.400000,0.000000,4,5,5,5,6,6,6,7,7,7,7,615,0,4,4.550076092591479,3.3885620068758726,20.698934007668868,227.730081300813
1781616091,50,GET,/timeline/{user_id},62.500000,0.000000,3,3,3,3,4,4,12,140,150,150,150,5520,0,3,6.0092755741303945,1.8958309956360608,233.33949098014273,7659.027536231884
1781616091,50,GET,/users/{user_id},24.500000,0.000000,2,2,3,3,3,3,5,7,11,11,11,2060,0,2,2.5144891448893123,1.6230129986070096,26.789538009325042,262.7466019417476
1781616091,50,,Aggregated,245.500000,0.000000,3,3,3,3,4,5,6,18,150,180,180,21578,0,3,4.464144616669182,1.6230129986070096,233.33949098014273,7863.205255352674
1781616092,50,GET,/feed/{user_id},97.700000,0.000000,3,3,3,3,4,4,5,9,21,21,21,8787,0,3,3.091843832663042,1.8983959744218737,51.85794399585575,9032.479230681689
1781616092,50,GET,/feed/{user_id}?with_fof=true,48.200000,0.000000,3,3,3,3,4,4,18,110,180,180,180,4324,0,3,6.204812523829113,2.005085989367217,219.15838698623702,11235.815679925994
1781616092,50,POST,/likes,4.000000,0.000000,4,4,4,5,5,5,5,5,5,5,5,420,0,4,4.027590769623029,2.937142999144271,22.891293978318572,180.22857142857143
1781616092,50,POST,/posts,7.500000,0.000000,4,5,5,5,6,6,6,7,7,7,7,623,0,4,4.547173932439874,3.3885620068758726,20.698934007668868,227.73194221508828
1781616092,50,GET,/timeline/{user_id},63.400000,0.000000,3,3,3,3,4,4,12,140,150,150,150,5588,0,3,5.9703975768118855,1.8958309956360608,233.33949098014273,7662.504473872584
1781616092,50,GET,/users/{user_id},24.500000,0.000000,2,2,3,3,3,3,5,7,11,11,11,2085,0,2,2.5126263748561826,1.6230129986070096,26.789538009325042,262.74916067146285
1781616092,50,,Aggregated,245.300000,0.000000,3,3,3,3,4,4,6,14,150,180,180,21827,0,3,4.4496965338616805,1.6230129986070096,233.33949098014273,7858.869381958125
1781616093,50,GET,/feed/{user_id},97.800000,0.000000,3,3,3,3,4,4,5,9,21,21,21,8888,0,3,3.0887923162215403,1.8983959744218737,51.85794399585575,9042.265189018903
1781616093,50,GET,/feed/{user_id}?with_fof=true,48.800000,0.000000,3,3,3,3,4,4,10,110,180,180,180,4383,0,3,6.159443876840408,2.005085989367217,219.15838698623702,11238.807437827973
1781616093,50,POST,/likes,4.400000,0.000000,4,4,4,4,5,5,5,5,5,5,5,427,0,4,4.026054152692679,2.937142999144271,22.891293978318572,180.21779859484778
1781616093,50,POST,/posts,7.400000,0.000000,4,5,5,5,6,6,6,7,7,7,7,631,0,4,4.547567058492248,3.3885620068758726,20.698934007668868,227.7337559429477
1781616093,50,GET,/timeline/{user_id},62.800000,0.000000,3,3,3,3,4,4,10,140,150,150,150,5650,0,3,5.9343470563283764,1.8958309956360608,233.33949098014273,7659.743362831859
1781616093,50,GET,/users/{user_id},24.600000,0.000000,2,2,3,3,3,3,5,7,11,11,11,2111,0,2,2.5118448349965092,1.6230129986070096,26.789538009325042,262.7588820464235
1781616093,50,,Aggregated,245.800000,0.000000,3,3,3,3,4,4,6,12,150,180,180,22090,0,3,4.430522130865093,1.6230129986070096,233.33949098014273,7862.391715708465
1781616094,50,GET,/feed/{user_id},99.100000,0.000000,3,3,3,3,4,4,5,9,21,21,21,8991,0,3,3.085872222274095,1.8983959744218737,51.85794399585575,9038.571905238572
1781616094,50,GET,/feed/{user_id}?with_fof=true,47.600000,0.000000,3,3,3,3,4,4,10,110,180,180,180,4427,0,3,6.126856473012351,2.005085989367217,219.15838698623702,11239.337700474362
1781616094,50,POST,/likes,4.400000,0.000000,4,4,4,4,5,5,5,5,5,5,5,428,0,4,4.027074914035022,2.937142999144271,22.891293978318572,180.21728971962617
1781616094,50,POST,/posts,7.400000,0.000000,4,5,5,5,6,6,6,7,7,7,7,637,0,4,4.546208130193909,3.3885620068758726,20.698934007668868,227.72998430141288
1781616094,50,GET,/timeline/{user_id},63.700000,0.000000,3,3,3,3,4,4,10,140,150,150,150,5706,0,3,5.908362385768111,1.8958309956360608,233.33949098014273,7666.85892043463
1781616094,50,GET,/users/{user_id},23.600000,0.000000,2,2,3,3,3,3,5,7,11,11,11,2141,0,2,2.5080176224238913,1.6230129986070096,26.789538009325042,262.7501167678655
1781616094,50,,Aggregated,245.800000,0.000000,3,3,3,3,4,4,6,12,150,180,180,22330,0,3,4.414284590301611,1.6230129986070096,233.33949098014273,7861.808777429467
1781616095,50,GET,/feed/{user_id},98.700000,0.000000,3,3,3,3,4,4,5,9,21,21,21,9098,0,3,3.0834931369060063,1.8983959744218737,51.85794399585575,9041.523631567377
1781616095,50,GET,/feed/{user_id}?with_fof=true,48.900000,0.000000,3,3,3,3,4,4,18,120,180,180,180,4468,0,3,6.152296376006778,2.005085989367217,219.15838698623702,11244.427036705461
1781616095,50,POST,/likes,5.200000,0.000000,4,4,4,4,5,5,5,5,5,5,5,432,0,4,4.0241519148333245,2.937142999144271,22.891293978318572,180.21064814814815
1781616095,50,POST,/posts,7.300000,0.000000,4,5,5,5,6,6,6,7,7,7,7,641,0,4,4.547157302557298,3.3885620068758726,20.698934007668868,227.73166926677067
1781616095,50,GET,/timeline/{user_id},62.700000,0.000000,3,3,3,3,4,4,6,140,150,150,150,5772,0,3,5.895234110908318,1.8958309956360608,233.33949098014273,7661.023562023562
1781616095,50,GET,/users/{user_id},23.800000,0.000000,2,2,3,3,3,3,4,5,11,11,11,2165,0,2,2.5074807439439266,1.6230129986070096,26.789538009325042,262.75103926097
1781616095,50,,Aggregated,246.600000,0.000000,3,3,3,3,4,4,6,12,150,180,180,22576,0,3,4.414033899916627,1.6230129986070096,233.33949098014273,7862.862907512403
1781616096,50,GET,/feed/{user_id},97.500000,0.000000,3,3,3,3,4,4,5,10,21,21,21,9198,0,3,3.0829629312382996,1.8983959744218737,51.85794399585575,9035.560991519895
1781616096,50,GET,/feed/{user_id}?with_fof=true,49.600000,0.000000,3,3,3,3,4,4,42,120,180,180,180,4510,0,3,6.179020280915957,2.005085989367217,219.15838698623702,11249.349889135256
1781616096,50,POST,/likes,5.300000,0.000000,4,4,4,4,5,5,5,5,5,5,5,435,0,4,4.022935513091198,2.937142999144271,22.891293978318572,180.21379310344827
1781616096,50,POST,/posts,6.900000,0.000000,4,5,5,5,5,6,6,7,7,7,7,642,0,4,4.546931869081277,3.3885620068758726,20.698934007668868,227.7289719626168
1781616096,50,GET,/timeline/{user_id},63.400000,0.000000,3,3,3,3,4,4,13,140,140,140,140,5838,0,3,5.935463212633197,1.8958309956360608,233.33949098014273,7664.56937307297
1781616096,50,GET,/users/{user_id},24.500000,0.000000,2,2,3,3,3,3,4,5,11,11,11,2193,0,2,2.5046700947074796,1.6230129986070096,26.789538009325042,262.7546739626083
1781616096,50,,Aggregated,247.200000,0.000000,3,3,3,3,4,4,6,18,140,180,180,22816,0,3,4.428364194847993,1.6230129986070096,233.33949098014273,7862.475017531557
1781616097,50,GET,/feed/{user_id},98.200000,0.000000,3,3,3,3,4,4,5,10,21,21,21,9298,0,3,3.0807495023139997,1.8983959744218737,51.85794399585575,9038.755646375565
1781616097,50,GET,/feed/{user_id}?with_fof=true,49.000000,0.000000,3,3,3,3,4,4,42,120,170,170,170,4556,0,3,6.17117670759611,2.005085989367217,219.15838698623702,11252.233757682177
1781616097,50,POST,/likes,5.100000,0.000000,4,4,4,4,5,5,5,6,6,6,6,440,0,4,4.024272220968586,2.876621001632884,22.891293978318572,180.2159090909091
1781616097,50,POST,/posts,6.500000,0.000000,4,5,5,5,5,6,6,7,7,7,7,649,0,4,4.543590218758638,3.3885620068758726,20.698934007668868,227.73497688751925
1781616097,50,GET,/timeline/{user_id},63.400000,0.000000,3,3,3,3,4,4,11,140,140,140,140,5897,0,3,5.905475430778661,1.8958309956360608,233.33949098014273,7649.43869764287
1781616097,50,GET,/users/{user_id},24.800000,0.000000,2,2,3,3,3,3,4,5,15,15,15,2219,0,2,2.5067635988114665,1.6230129986070096,26.789538009325042,262.7629562866156
1781616097,50,,Aggregated,247.000000,0.000000,3,3,3,3,4,4,6,15,140,170,170,23059,0,3,4.4176788595597545,1.6230129986070096,233.33949098014273,7859.249447070558
1781616098,50,GET,/feed/{user_id},98.400000,0.000000,3,3,3,3,4,4,5,6,53,53,53,9391,0,3,3.0844133211029385,1.8983959744218737,53.2280589977745,9042.312852731338
1781616098,50,GET,/feed/{user_id}?with_fof=true,48.900000,0.000000,3,3,3,3,4,5,110,120,170,170,170,4599,0,3,6.190932931904846,2.005085989367217,219.15838698623702,11253.96803652968
1781616098,50,POST,/likes,5.000000,0.000000,4,4,4,4,5,5,5,6,6,6,6,445,0,4,4.0218405195988005,2.876621001632884,22.891293978318572,180.21123595505617
1781616098,50,POST,/posts,6.100000,0.000000,4,4,5,5,5,6,6,7,7,7,7,657,0,4,4.541660984694572,3.3885620068758726,20.698934007668868,227.7351598173516
1781616098,50,GET,/timeline/{user_id},64.300000,0.000000,3,3,3,3,4,4,10,23,140,140,140,5968,0,3,5.893677642126965,1.8958309956360608,233.33949098014273,7648.039711796247
1781616098,50,GET,/users/{user_id},24.400000,0.000000,2,2,3,3,3,3,4,5,15,15,15,2245,0,2,2.5034163927375226,1.5867990150582045,26.789538009325042,262.76436525612473
1781616098,50,,Aggregated,247.100000,0.000000,3,3,3,3,4,4,6,14,140,170,170,23305,0,3,4.419869312181221,1.5867990150582045,233.33949098014273,7858.252821282987
1781616099,50,GET,/feed/{user_id},98.500000,0.000000,3,3,3,3,4,4,5,6,53,53,53,9503,0,3,3.0810423163602993,1.8983959744218737,53.2280589977745,9038.280016836788
1781616099,50,GET,/feed/{user_id}?with_fof=true,47.100000,0.000000,3,3,3,3,4,4,14,120,170,170,170,4648,0,3,6.19240715015133,2.005085989367217,219.15838698623702,11258.423838209983
1781616099,50,POST,/likes,5.000000,0.000000,4,4,4,4,5,5,6,6,6,6,6,448,0,4,4.025337237180793,2.876621001632884,22.891293978318572,180.21205357142858
1781616099,50,POST,/posts,5.600000,0.000000,4,4,5,5,5,6,6,7,7,7,7,662,0,4,4.541028297493611,3.3885620068758726,20.698934007668868,227.73262839879155
1781616099,50,GET,/timeline/{user_id},64.600000,0.000000,3,3,3,3,4,4,6,19,140,140,140,6017,0,3,5.868735042573163,1.8958309956360608,233.33949098014273,7641.143094565398
1781616099,50,GET,/users/{user_id},25.700000,0.000000,2,2,3,3,3,3,4,5,15,15,15,2271,0,2,2.502962418242683,1.5867990150582045,26.789538009325042,262.77851166886836
1781616099,50,,Aggregated,246.500000,0.000000,3,3,3,3,4,4,5,10,140,170,170,23549,0,3,4.410691400249052,1.5867990150582045,233.33949098014273,7857.019448808866
1781616100,50,GET,/feed/{user_id},100.000000,0.000000,3,3,3,3,4,4,5,6,53,53,53,9601,0,3,3.081887314162807,1.8983959744218737,53.2280589977745,9040.707634621394
1781616100,50,GET,/feed/{user_id}?with_fof=true,46.500000,0.000000,3,3,3,3,4,5,86,120,170,170,170,4697,0,3,6.190426854760695,2.005085989367217,219.15838698623702,11251.6018735363
1781616100,50,POST,/likes,5.100000,0.000000,4,4,4,4,5,5,6,6,6,6,6,450,0,4,4.0258379005697655,2.876621001632884,22.891293978318572,180.21555555555557
1781616100,50,POST,/posts,5.700000,0.000000,4,4,5,5,5,6,6,7,7,7,7,671,0,4,4.539472907554322,3.3885620068758726,20.698934007668868,227.72876304023845
1781616100,50,GET,/timeline/{user_id},63.600000,0.000000,3,3,3,3,4,4,11,140,150,150,150,6068,0,3,5.8959018284547104,1.8958309956360608,233.33949098014273,7636.592122610416
1781616100,50,GET,/users/{user_id},25.500000,0.000000,2,2,3,3,3,4,4,5,15,15,15,2300,0,2,2.501117978624635,1.5867990150582045,26.789538009325042,262.78608695652173
1781616100,50,,Aggregated,246.400000,0.000000,3,3,3,3,4,4,6,13,140,170,170,23787,0,3,4.416368270997321,1.5867990150582045,233.33949098014273,7854.111909866734
1781616101,50,GET,/feed/{user_id},99.900000,0.000000,3,3,3,3,4,4,5,6,53,53,53,9701,0,3,3.081501308855137,1.8983959744218737,53.2280589977745,9045.643954231522
1781616101,50,GET,/feed/{user_id}?with_fof=true,45.700000,0.000000,3,3,3,3,4,5,100,130,170,170,170,4754,0,3,6.179801987766785,2.005085989367217,219.15838698623702,11252.124526714346
1781616101,50,POST,/likes,5.100000,0.000000,4,4,4,4,5,5,6,6,6,6,6,456,0,4,4.025705921601018,2.876621001632884,22.891293978318572,180.2171052631579
1781616101,50,POST,/posts,5.800000,0.000000,4,4,5,5,6,6,6,7,7,7,7,676,0,4,4.542183115394351,3.3885620068758726,20.698934007668868,227.73076923076923
1781616101,50,GET,/timeline/{user_id},64.000000,0.000000,3,3,3,3,4,4,13,140,150,150,150,6132,0,3,5.885257042732902,1.8958309956360608,233.33949098014273,7636.511252446184
1781616101,50,GET,/users/{user_id},25.800000,0.000000,2,2,3,3,3,3,4,5,15,15,15,2327,0,2,2.500023765737198,1.5867990150582045,26.789538009325042,262.7868500214869
1781616101,50,,Aggregated,246.300000,0.000000,3,3,3,3,4,4,6,14,140,170,170,24046,0,3,4.411736339607928,1.5867990150582045,233.33949098014273,7856.571113698744
1781616102,50,GET,/feed/{user_id},100.300000,0.000000,3,3,3,3,4,4,5,6,53,53,53,9800,0,3,3.079463852271295,1.8983959744218737,53.2280589977745,9042.754795918367
1781616102,50,GET,/feed/{user_id}?with_fof=true,46.900000,0.000000,3,3,3,3,4,5,120,130,170,170,170,4809,0,3,6.202911299603822,2.005085989367217,219.15838698623702,11254.21584529008
1781616102,50,POST,/likes,4.900000,0.000000,4,4,4,4,5,6,6,6,6,6,6,458,0,4,4.0260331272340775,2.876621001632884,22.891293978318572,180.2183406113537
1781616102,50,POST,/posts,6.000000,0.000000,4,4,5,5,6,6,7,9,9,9,9,686,0,4,4.545722349883538,3.3885620068758726,20.698934007668868,227.731778425656
1781616102,50,GET,/timeline/{user_id},62.000000,0.000000,3,3,3,3,4,4,13,140,150,150,150,6189,0,3,5.858115071601146,1.8958309956360608,233.33949098014273,7632.8280820811115
1781616102,50,GET,/users/{user_id},26.100000,0.000000,2,2,3,3,3,3,4,5,15,15,15,2352,0,2,2.504521701895738,1.5867990150582045,26.789538009325042,262.7869897959184
1781616102,50,,Aggregated,246.200000,0.000000,3,3,3,3,4,4,9,19,140,170,170,24294,0,3,4.40920985088273,1.5867990150582045,233.33949098014273,7855.311311434923
1781616103,50,GET,/feed/{user_id},100.800000,0.000000,3,3,3,3,4,4,5,9,53,53,53,9901,0,3,3.0790106470352545,1.8983959744218737,53.2280589977745,9038.564690435309
1781616103,50,GET,/feed/{user_id}?with_fof=true,46.700000,0.000000,3,3,3,3,4,6,120,130,170,170,170,4859,0,3,6.1714588087726305,2.005085989367217,219.15838698623702,11259.031282156822
1781616103,50,POST,/likes,4.600000,0.000000,4,4,4,5,5,6,6,6,6,6,6,462,0,4,4.030782377117543,2.876621001632884,22.891293978318572,180.2207792207792
1781616103,50,POST,/posts,6.400000,0.000000,4,5,5,5,5,6,7,9,9,9,9,692,0,4,4.548579046295449,3.3885620068758726,20.698934007668868,227.73554913294797
1781616103,50,GET,/timeline/{user_id},61.300000,0.000000,3,3,3,3,4,4,13,140,150,150,150,6242,0,3,5.831538775875118,1.8958309956360608,233.33949098014273,7623.175104133291
1781616103,50,GET,/users/{user_id},26.300000,0.000000,2,2,3,3,3,3,4,5,15,15,15,2377,0,2,2.5024689801642066,1.5867990150582045,26.789538009325042,262.78123685317627
1781616103,50,,Aggregated,246.100000,0.000000,3,3,3,3,4,5,10,19,140,170,170,24533,0,3,4.395348091601102,1.5867990150582045,233.33949098014273,7852.598826071006
1781616104,50,GET,/feed/{user_id},101.100000,0.000000,3,3,3,3,4,4,5,10,53,53,53,9989,0,3,3.0780340744133894,1.8983959744218737,53.2280589977745,9038.153268595455
1781616104,50,GET,/feed/{user_id}?with_fof=true,48.300000,0.000000,3,3,3,3,4,5,120,130,170,170,170,4908,0,3,6.139679803320293,2.005085989367217,219.15838698623702,11258.669315403424
1781616104,50,POST,/likes,4.400000,0.000000,4,4,4,5,5,6,6,6,6,6,6,467,0,4,4.033253525124017,2.876621001632884,22.891293978318572,180.21841541755887
1781616104,50,POST,/posts,6.000000,0.000000,4,5,5,5,5,6,7,9,9,9,9,700,0,4,4.547193202847017,3.3885620068758726,20.698934007668868,227.73857142857142
1781616104,50,GET,/timeline/{user_id},60.500000,0.000000,3,3,3,3,4,4,11,130,150,150,150,6307,0,3,5.80050370271416,1.8958309956360608,233.33949098014273,7626.219280164896
1781616104,50,GET,/users/{user_id},26.200000,0.000000,2,2,3,3,3,4,4,5,15,15,15,2404,0,2,2.501407804437518,1.5867990150582045,26.789538009325042,262.7828618968386
1781616104,50,,Aggregated,246.500000,0.000000,3,3,3,3,4,5,9,19,140,170,170,24775,0,3,4.381180895948463,1.5867990150582045,233.33949098014273,7851.202260343088
1781616105,50,GET,/feed/{user_id},101.100000,0.000000,3,3,3,3,4,4,5,8,53,53,53,10091,0,3,3.0776187971881246,1.8983959744218737,53.2280589977745,9044.98979288475
1781616105,50,GET,/feed/{user_id}?with_fof=true,48.700000,0.000000,3,3,3,3,4,4,36,120,170,170,170,4944,0,3,6.115844913367555,2.005085989367217,219.15838698623702,11261.063915857605
1781616105,50,POST,/likes,3.600000,0.000000,4,4,5,5,5,6,17,17,17,17,17,475,0,4,4.060564716285291,2.876621001632884,22.891293978318572,180.21684210526317
1781616105,50,POST,/posts,6.000000,0.000000,4,5,5,5,5,6,7,9,9,9,9,707,0,4,4.547891360626897,3.3885620068758726,20.698934007668868,227.74398868458275
1781616105,50,GET,/timeline/{user_id},59.700000,0.000000,3,3,3,3,4,4,10,130,150,150,150,6367,0,3,5.776031322441062,1.8958309956360608,233.33949098014273,7622.964190356526
1781616105,50,GET,/users/{user_id},26.800000,0.000000,2,2,3,3,3,3,4,5,15,15,15,2432,0,2,2.501205152899083,1.5867990150582045,26.789538009325042,262.79810855263156
1781616105,50,,Aggregated,245.900000,0.000000,3,3,3,3,4,4,6,13,140,170,170,25016,0,3,4.369045344105616,1.5867990150582045,233.33949098014273,7849.730092740646
1781616106,50,GET,/feed/{user_id},101.300000,0.000000,3,3,3,3,4,4,5,9,53,53,53,10171,0,3,3.0791240316145085,1.8983959744218737,53.2280589977745,9042.223478517353
1781616106,50,GET,/feed/{user_id}?with_fof=true,47.800000,0.000000,3,3,3,3,4,4,19,120,170,170,170,5003,0,3,6.097019837445594,2.005085989367217,219.15838698623702,11269.139716170297
1781616106,50,POST,/likes,3.600000,0.000000,4,4,5,5,5,6,17,17,17,17,17,480,0,4,4.056085894262651,2.876621001632884,22.891293978318572,180.21875
1781616106,50,POST,/posts,6.200000,0.000000,4,5,5,5,5,6,7,9,9,9,9,716,0,4,4.546626639671431,3.3885620068758726,20.698934007668868,227.73882681564245
1781616106,50,GET,/timeline/{user_id},59.400000,0.000000,3,3,3,3,4,4,10,49,150,150,150,6435,0,3,5.7746854080676036,1.8958309956360608,233.33949098014273,7619.435120435121
1781616106,50,GET,/users/{user_id},26.300000,0.000000,2,2,3,3,3,3,4,5,13,13,13,2454,0,2,2.5020459832505195,1.5867990150582045,26.789538009325042,262.7954360228199
1781616106,50,,Aggregated,244.600000,0.000000,3,3,3,3,4,4,6,13,140,170,170,25259,0,3,4.367694212730278,1.5867990150582045,233.33949098014273,7849.617641236787
1781616107,50,GET,/feed/{user_id},99.700000,0.000000,3,3,3,3,4,4,5,9,53,53,53,10271,0,3,3.077311214932247,1.8983959744218737,53.2280589977745,9042.919968844319
1781616107,50,GET,/feed/{user_id}?with_fof=true,48.200000,0.000000,3,3,3,3,4,4,13,120,170,170,170,5060,0,3,6.0611828780130725,2.005085989367217,219.15838698623702,11270.838932806324
1781616107,50,POST,/likes,3.900000,0.000000,4,4,4,5,5,6,17,17,17,17,17,487,0,4,4.057117560995528,2.876621001632884,22.891293978318572,180.22381930184804
1781616107,50,POST,/posts,6.500000,0.000000,4,5,5,5,5,6,7,9,9,9,9,724,0,4,4.54849437560445,3.3885620068758726,20.698934007668868,227.7403314917127
1781616107,50,GET,/timeline/{user_id},59.800000,0.000000,3,3,3,3,4,4,7,49,150,150,150,6486,0,3,5.75125574883577,1.8958309956360608,233.33949098014273,7620.646315140302
1781616107,50,GET,/users/{user_id},26.000000,0.000000,2,2,3,3,3,3,4,5,13,13,13,2481,0,2,2.5013989048259404,1.5867990150582045,26.789538009325042,262.8097541313986
1781616107,50,,Aggregated,244.100000,0.000000,3,3,3,3,4,5,6,12,140,170,170,25509,0,3,4.353529754254564,1.5867990150582045,233.33949098014273,7849.87541651966
1781616108,50,GET,/feed/{user_id},99.600000,0.000000,3,3,3,3,4,4,5,9,21,21,21,10368,0,3,3.0765080516630405,1.8983959744218737,53.2280589977745,9043.496334876543
1781616108,50,GET,/feed/{user_id}?with_fof=true,48.200000,0.000000,3,3,3,3,4,4,11,92,130,130,130,5108,0,3,6.031886784406488,2.005085989367217,219.15838698623702,11270.755481597495
1781616108,50,POST,/likes,4.200000,0.000000,4,4,4,5,5,6,17,17,17,17,17,494,0,4,4.052902767689227,2.876621001632884,22.891293978318572,180.22267206477733
1781616108,50,POST,/posts,6.900000,0.000000,5,5,5,5,5,5,7,9,9,9,9,730,0,4,4.547418660184445,3.3885620068758726,20.698934007668868,227.73972602739727
1781616108,50,GET,/timeline/{user_id},58.900000,0.000000,3,3,3,3,4,4,7,49,150,150,150,6557,0,3,5.7430336144414404,1.8958309956360608,233.33949098014273,7616.895378984292
1781616108,50,GET,/users/{user_id},26.200000,0.000000,2,2,3,3,3,4,4,5,13,13,13,2506,0,2,2.501887304368128,1.5867990150582045,26.789538009325042,262.8148443735036
1781616108,50,,Aggregated,244.000000,0.000000,3,3,3,3,4,5,6,11,140,150,150,25763,0,3,4.345637688087681,1.5867990150582045,233.33949098014273,7848.1491285952725
1781616109,50,GET,/feed/{user_id},97.400000,0.000000,3,3,3,3,4,4,5,9,21,21,21,10455,0,3,3.0744258179416186,1.8983959744218737,53.2280589977745,9040.230416068867
1781616109,50,GET,/feed/{user_id}?with_fof=true,48.900000,0.000000,3,3,3,3,4,4,11,92,130,130,130,5155,0,3,6.003106528374608,2.005085989367217,219.15838698623702,11270.36139670223
1781616109,50,POST,/likes,4.600000,0.000000,4,4,4,5,5,5,17,17,17,17,17,498,0,4,4.0492220286394,2.876621001632884,22.891293978318572,180.22489959839356
1781616109,50,POST,/posts,7.400000,0.000000,5,5,5,5,5,6,7,9,9,9,9,740,0,4,4.55037299712736,3.3885620068758726,20.698934007668868,227.7445945945946
1781616109,50,GET,/timeline/{user_id},59.300000,0.000000,3,3,3,3,4,4,7,20,150,150,150,6628,0,3,5.711588611487734,1.8958309956360608,233.33949098014273,7613.356366928184
1781616109,50,GET,/users/{user_id},25.600000,0.000000,2,2,3,3,3,4,5,5,13,13,13,2542,0,2,2.501041197392853,1.5867990150582045,26.789538009325042,262.8320220298977
1781616109,50,,Aggregated,243.200000,0.000000,3,3,3,3,4,5,6,11,140,150,150,26018,0,3,4.331116177615525,1.5867990150582045,233.33949098014273,7840.804443077869
1781616110,50,GET,/feed/{user_id},97.400000,0.000000,3,3,3,3,4,4,5,5,21,21,21,10546,0,3,3.073003735315484,1.8983959744218737,53.2280589977745,9036.34145647639
1781616110,50,GET,/feed/{user_id}?with_fof=true,50.400000,0.000000,3,3,3,3,4,4,6,36,130,130,130,5210,0,3,5.970246841011107,2.005085989367217,219.15838698623702,11270.308637236085
1781616110,50,POST,/likes,5.000000,0.000000,4,4,4,4,5,5,17,17,17,17,17,501,0,4,4.0475767909339115,2.876621001632884,22.891293978318572,180.2315369261477
1781616110,50,POST,/posts,7.600000,0.000000,5,5,5,5,5,6,7,9,9,9,9,748,0,4,4.551101462491589,3.3885620068758726,20.698934007668868,227.74598930481284
1781616110,50,GET,/timeline/{user_id},59.000000,0.000000,3,3,3,3,4,4,5,12,140,140,140,6699,0,3,5.723763584849361,1.8958309956360608,233.33949098014273,7605.446633825944
1781616110,50,GET,/users/{user_id},26.000000,0.000000,2,2,3,3,3,4,5,5,13,13,13,2562,0,2,2.4981968332421736,1.5867990150582045,26.789538009325042,262.8302107728337
1781616110,50,,Aggregated,245.400000,0.000000,3,3,3,3,4,4,5,10,140,140,140,26266,0,3,4.328364267196333,1.5867990150582045,233.33949098014273,7838.973311505368
1781616111,50,GET,/feed/{user_id},96.900000,0.000000,3,3,3,3,4,4,5,6,21,21,21,10631,0,3,3.0727583354918244,1.8983959744218737,53.2280589977745,9027.837362430628
1781616111,50,GET,/feed/{user_id}?with_fof=true,50.900000,0.000000,3,3,3,3,4,4,5,7,120,120,120,5259,0,3,5.95134716232113,2.005085989367217,219.15838698623702,11260.971287316981
1781616111,50,POST,/likes,4.900000,0.000000,4,4,4,5,5,6,17,17,17,17,17,505,0,4,4.053224958963508,2.876621001632884,22.891293978318572,180.23366336633663
1781616111,50,POST,/posts,7.500000,0.000000,4,5,5,5,5,6,6,7,7,7,7,757,0,4,4.547459896922399,3.3885620068758726,20.698934007668868,227.75033025099074
1781616111,50,GET,/timeline/{user_id},59.000000,0.000000,3,3,3,3,4,4,5,12,140,140,140,6760,0,3,5.699642192441991,1.8958309956360608,233.33949098014273,7609.315384615385
1781616111,50,GET,/users/{user_id},26.600000,0.000000,2,2,3,3,3,3,5,5,13,13,13,2594,0,2,2.495588972513279,1.5867990150582045,26.789538009325042,262.83346183500385
1781616111,50,,Aggregated,245.800000,0.000000,3,3,3,3,4,4,5,9,140,140,140,26506,0,3,4.318157147555819,1.5867990150582045,233.33949098014273,7831.456047687316
1781616112,50,GET,/feed/{user_id},95.100000,0.000000,3,3,3,3,4,4,5,6,21,21,21,10736,0,3,3.0706026486233284,1.8983959744218737,53.2280589977745,9021.485562593145
1781616112,50,GET,/feed/{user_id}?with_fof=true,50.400000,0.000000,3,3,3,3,4,4,6,11,110,110,110,5301,0,3,5.967347196867618,2.005085989367217,219.15838698623702,11259.203169213355
1781616112,50,POST,/likes,5.100000,0.000000,4,4,4,5,5,6,6,17,17,17,17,510,0,4,4.053673190669631,2.876621001632884,22.891293978318572,180.2313725490196
1781616112,50,POST,/posts,7.600000,0.000000,5,5,5,5,5,6,7,7,7,7,7,768,0,4,4.552344588508579,3.3885620068758726,20.698934007668868,227.7421875
1781616112,50,GET,/timeline/{user_id},61.600000,0.000000,3,3,3,3,4,4,6,20,140,140,140,6808,0,3,5.6996515726940595,1.8958309956360608,233.33949098014273,7613.305229142185
1781616112,50,GET,/users/{user_id},26.900000,0.000000,2,2,3,3,3,4,5,5,15,15,15,2625,0,2,2.499668015876696,1.5867990150582045,26.789538009325042,262.83085714285716
1781616112,50,,Aggregated,246.700000,0.000000,3,3,3,3,4,5,5,10,140,140,140,26748,0,3,4.319101538283568,1.5867990150582045,233.33949098014273,7825.925003738597
1781616113,50,GET,/feed/{user_id},94.000000,0.000000,3,3,3,3,4,4,5,9,22,22,22,10841,0,3,3.0710551863943527,1.8983959744218737,53.2280589977745,9023.110321926022
1781616113,50,GET,/feed/{user_id}?with_fof=true,51.100000,0.000000,3,3,3,3,4,4,6,11,110,110,110,5346,0,3,5.942513270397593,2.005085989367217,219.15838698623702,11262.384212495324
1781616113,50,POST,/likes,5.100000,0.000000,4,4,4,4,5,5,6,17,17,17,17,515,0,4,4.049311210209215,2.876621001632884,22.891293978318572,180.23106796116505
1781616113,50,POST,/posts,7.600000,0.000000,4,5,5,5,5,6,7,7,7,7,7,775,0,4,4.556442327729817,3.3885620068758726,20.698934007668868,227.73806451612904
1781616113,50,GET,/timeline/{user_id},62.600000,0.000000,3,3,3,3,4,4,11,140,140,140,140,6858,0,3,5.71874250929645,1.8958309956360608,233.33949098014273,7610.82648002333
1781616113,50,GET,/users/{user_id},26.100000,0.000000,2,2,3,3,3,4,5,5,15,15,15,2649,0,2,2.497903863190019,1.5867990150582045,26.789538009325042,262.82521706304266
1781616113,50,,Aggregated,246.500000,0.000000,3,3,3,3,4,5,6,10,140,140,140,26984,0,3,4.3179182759724455,1.5867990150582045,233.33949098014273,7826.446523865995
1781616114,50,GET,/feed/{user_id},92.200000,0.000000,3,3,3,3,4,4,5,6,22,22,22,10930,0,3,3.06917814801122,1.8983959744218737,53.2280589977745,9025.64318389753
1781616114,50,GET,/feed/{user_id}?with_fof=true,50.300000,0.000000,3,3,3,3,4,4,6,11,110,110,110,5386,0,3,5.920552123762318,2.005085989367217,219.15838698623702,11261.342183438544
1781616114,50,POST,/likes,5.000000,0.000000,4,4,4,4,5,5,6,17,17,17,17,521,0,4,4.044943480419921,2.876621001632884,22.891293978318572,180.23608445297504
1781616114,50,POST,/posts,8.000000,0.000000,5,5,5,5,6,6,7,7,7,7,7,785,0,4,4.561934628038946,3.3885620068758726,20.698934007668868,227.74649681528663
1781616114,50,GET,/timeline/{user_id},63.000000,0.000000,3,3,3,3,4,4,14,140,140,140,140,6922,0,3,5.725601885409543,1.8958309956360608,233.33949098014273,7609.771597804103
1781616114,50,GET,/users/{user_id},27.200000,0.000000,2,2,3,3,3,4,5,9,15,15,15,2678,0,2,2.498142578654044,1.5867990150582045,26.789538009325042,262.8386855862584
1781616114,50,,Aggregated,245.700000,0.000000,3,3,3,3,4,5,6,11,140,140,140,27222,0,3,4.3143555656857036,1.5867990150582045,233.33949098014273,7822.910660495188
1781616115,50,GET,/feed/{user_id},93.400000,0.000000,3,3,3,3,4,4,5,9,22,22,22,11035,0,3,3.0708039990791063,1.8983959744218737,53.2280589977745,9025.478205709107
1781616115,50,GET,/feed/{user_id}?with_fof=true,48.000000,0.000000,3,3,3,3,4,4,5,11,110,110,110,5440,0,3,5.8908830824293545,2.005085989367217,219.15838698623702,11262.849448529412
1781616115,50,POST,/likes,5.300000,0.000000,4,4,4,4,5,5,6,6,6,6,6,524,0,4,4.042315076883768,2.876621001632884,22.891293978318572,180.23473282442748
1781616115,50,POST,/posts,8.400000,0.000000,5,5,5,5,6,6,7,7,7,7,7,796,0,4,4.562668648252121,3.3885620068758726,20.698934007668868,227.74371859296483
1781616115,50,GET,/timeline/{user_id},61.600000,0.000000,3,3,3,3,4,5,49,140,140,140,140,6975,0,3,5.7467988898350075,1.8958309956360608,233.33949098014273,7605.215913978494
1781616115,50,GET,/users/{user_id},27.300000,0.000000,2,2,3,3,3,4,5,9,15,15,15,2696,0,2,2.496506134905242,1.5867990150582045,26.789538009325042,262.84458456973294
1781616115,50,,Aggregated,244.000000,0.000000,3,3,3,3,4,5,6,12,140,140,140,27466,0,3,4.314326303023852,1.5867990150582045,233.33949098014273,7824.102162673851
1781616116,50,GET,/feed/{user_id},93.500000,0.000000,3,3,3,3,4,4,5,6,22,22,22,11136,0,3,3.0697668589239364,1.8983959744218737,53.2280589977745,9018.825071839081
1781616116,50,GET,/feed/{user_id}?with_fof=true,48.600000,0.000000,3,3,3,3,4,4,6,41,110,110,110,5494,0,3,5.883980902145533,2.005085989367217,219.15838698623702,11265.608846013833
1781616116,50,POST,/likes,5.100000,0.000000,4,4,4,4,5,6,6,6,6,6,6,534,0,4,4.047181013692955,2.876621001632884,22.891293978318572,180.23408239700373
1781616116,50,POST,/posts,8.500000,0.000000,5,5,5,5,6,6,7,7,7,7,7,804,0,4,4.562217968881515,3.3885620068758726,20.698934007668868,227.7462686567164
1781616116,50,GET,/timeline/{user_id},61.100000,0.000000,3,3,3,3,4,5,14,140,140,140,140,7033,0,3,5.723892211943096,1.8958309956360608,233.33949098014273,7609.810322764112
1781616116,50,GET,/users/{user_id},27.400000,0.000000,2,2,3,3,3,4,5,9,15,15,15,2719,0,2,2.4975875504775593,1.5867990150582045,26.789538009325042,262.8609783008459
1781616116,50,,Aggregated,244.200000,0.000000,3,3,3,3,4,5,6,11,140,140,140,27720,0,3,4.306919451731658,1.5867990150582045,233.33949098014273,7822.538203463204
1781616117,50,GET,/feed/{user_id},93.800000,0.000000,3,3,3,3,4,4,5,9,22,22,22,11239,0,3,3.0681702130957795,1.8983959744218737,53.2280589977745,9022.982382774268
1781616117,50,GET,/feed/{user_id}?with_fof=true,48.300000,0.000000,3,3,3,3,4,4,10,42,110,110,110,5544,0,3,5.880003702981094,2.005085989367217,219.15838698623702,11268.388167388168
1781616117,50,POST,/likes,5.200000,0.000000,4,4,4,4,5,6,6,6,6,6,6,537,0,4,4.044011492293858,2.876621001632884,22.891293978318572,180.23091247672252
1781616117,50,POST,/posts,8.400000,0.000000,5,5,5,5,6,6,7,7,7,7,7,808,0,4,4.563530196728517,3.3885620068758726,20.698934007668868,227.7450495049505
1781616117,50,GET,/timeline/{user_id},61.700000,0.000000,3,3,3,3,4,5,68,140,140,140,140,7090,0,3,5.749142581909108,1.8958309956360608,233.33949098014273,7606.157827926657
1781616117,50,GET,/users/{user_id},27.200000,0.000000,2,2,3,3,3,4,5,9,15,15,15,2745,0,2,2.497525685876082,1.5867990150582045,26.789538009325042,262.87176684881604
1781616117,50,,Aggregated,244.600000,0.000000,3,3,3,3,4,5,6,15,140,140,140,27963,0,3,4.311340022104013,1.5867990150582045,233.33949098014273,7825.029038372135
1781616118,50,GET,/feed/{user_id},94.800000,0.000000,3,3,3,3,4,4,5,10,22,22,22,11352,0,3,3.0688176999708103,1.8983959744218737,53.2280589977745,9025.477977448907
1781616118,50,GET,/feed/{user_id}?with_fof=true,49.200000,0.000000,3,3,3,3,4,4,10,42,110,110,110,5587,0,3,5.858003789937111,2.005085989367217,219.15838698623702,11264.171648469663
1781616118,50,POST,/likes,5.200000,0.000000,4,4,4,4,5,6,6,6,6,6,6,540,0,4,4.044654032191762,2.876621001632884,22.891293978318572,180.2314814814815
1781616118,50,POST,/posts,8.600000,0.000000,5,5,5,5,6,6,7,7,7,7,7,814,0,4,4.563890612967077,3.3885620068758726,20.698934007668868,227.74201474201473
1781616118,50,GET,/timeline/{user_id},60.500000,0.000000,3,3,3,3,4,5,140,140,140,140,140,7163,0,3,5.767003682232972,1.8958309956360608,233.33949098014273,7610.915398576016
1781616118,50,GET,/users/{user_id},26.500000,0.000000,2,2,3,3,3,3,5,9,15,15,15,2764,0,2,2.495944076595092,1.5867990150582045,26.789538009325042,262.8755426917511
1781616118,50,,Aggregated,244.800000,0.000000,3,3,3,3,4,5,7,17,140,140,140,28220,0,3,4.31158195054322,1.5867990150582045,233.33949098014273,7828.364103472714
1781616119,50,GET,/feed/{user_id},96.300000,0.000000,3,3,3,3,4,4,5,10,22,22,22,11457,0,3,3.066340105273725,1.8983959744218737,53.2280589977745,9018.503273108143
1781616119,50,GET,/feed/{user_id}?with_fof=true,49.600000,0.000000,3,3,3,3,4,4,10,42,110,110,110,5643,0,3,5.8297228692832235,2.005085989367217,219.15838698623702,11268.973063973064
1781616119,50,POST,/likes,5.200000,0.000000,4,4,4,4,5,6,6,6,6,6,6,548,0,4,4.041571664909856,2.876621001632884,22.891293978318572,180.21532846715328
1781616119,50,POST,/posts,8.700000,0.000000,5,5,5,5,6,6,7,7,7,7,7,818,0,4,4.565166821461376,3.3885620068758726,20.698934007668868,227.74205378973105
1781616119,50,GET,/timeline/{user_id},59.700000,0.000000,3,3,3,3,4,5,140,140,140,140,140,7222,0,3,5.743284796430405,1.8958309956360608,233.33949098014273,7612.406812517308
1781616119,50,GET,/users/{user_id},26.700000,0.000000,2,2,3,3,3,3,5,9,15,15,15,2784,0,2,2.4948954858533483,1.5867990150582045,26.789538009325042,262.8807471264368
1781616119,50,,Aggregated,246.200000,0.000000,3,3,3,3,4,5,7,17,140,140,140,28472,0,3,4.298997762793215,1.5867990150582045,233.33949098014273,7829.078392806969
1781616120,50,GET,/feed/{user_id},96.500000,0.000000,3,3,3,3,4,4,5,10,22,22,22,11551,0,3,3.0673703183333934,1.8983959744218737,53.2280589977745,9020.054540732404
1781616120,50,GET,/feed/{user_id}?with_fof=true,48.500000,0.000000,3,3,3,3,4,4,10,42,110,110,110,5701,0,3,5.803969018151291,2.005085989367217,219.15838698623702,11267.794948254692
1781616120,50,POST,/likes,4.700000,0.000000,4,4,4,4,5,5,6,6,6,6,6,552,0,4,4.044827980776419,2.876621001632884,22.891293978318572,180.20652173913044
1781616120,50,POST,/posts,8.300000,0.000000,5,5,5,5,6,6,7,7,7,7,7,823,0,4,4.565730822542207,3.3885620068758726,20.698934007668868,227.74362089914945
1781616120,50,GET,/timeline/{user_id},60.400000,0.000000,3,3,3,3,4,5,73,140,140,140,140,7277,0,3,5.742441617544719,1.8958309956360608,233.33949098014273,7613.779304658513
1781616120,50,GET,/users/{user_id},26.700000,0.000000,2,2,3,3,3,3,5,9,15,15,15,2807,0,2,2.4936899392903586,1.5867990150582045,26.789538009325042,262.89348058425367
1781616120,50,,Aggregated,245.100000,0.000000,3,3,3,3,4,5,7,15,140,140,140,28711,0,3,4.294434145183076,1.5867990150582045,233.33949098014273,7831.795130786109
1781616121,50,GET,/feed/{user_id},98.400000,0.000000,3,3,3,3,4,4,5,11,24,24,24,11644,0,3,3.069062627800394,1.8983959744218737,53.2280589977745,9020.96762281003
1781616121,50,GET,/feed/{user_id}?with_fof=true,47.900000,0.000000,3,3,3,3,4,4,7,15,110,110,110,5751,0,3,5.7811727037817215,2.005085989367217,219.15838698623702,11272.953051643193
1781616121,50,POST,/likes,4.700000,0.000000,4,4,4,4,5,5,6,6,6,6,6,557,0,4,4.0418713669588575,2.876621001632884,22.891293978318572,180.20466786355476
1781616121,50,POST,/posts,8.300000,0.000000,5,5,5,5,6,6,7,7,7,7,7,833,0,4,4.566725386475187,3.3885620068758726,20.698934007668868,227.74429771908763
1781616121,50,GET,/timeline/{user_id},60.500000,0.000000,3,3,3,3,4,5,140,140,160,160,160,7336,0,3,5.7618603892982705,1.8958309956360608,233.33949098014273,7609.324154852781
1781616121,50,GET,/users/{user_id},25.200000,0.000000,2,2,3,3,3,3,5,8,10,10,10,2821,0,2,2.495308781854177,1.5867990150582045,26.789538009325042,262.89542715349165
1781616121,50,,Aggregated,245.000000,0.000000,3,3,3,3,4,5,7,17,140,160,160,28942,0,3,4.296433140259454,1.5867990150582045,233.33949098014273,7833.757687789372
1781616122,50,GET,/feed/{user_id},99.900000,0.000000,3,3,3,3,4,4,5,11,24,24,24,11734,0,3,3.068774042012271,1.8983959744218737,53.2280589977745,9018.612408385887
1781616122,50,GET,/feed/{user_id}?with_fof=true,48.600000,0.000000,3,3,3,3,4,4,6,13,110,110,110,5799,0,3,5.759450758829524,2.005085989367217,219.15838698623702,11274.550439730989
1781616122,50,POST,/likes,4.900000,0.000000,4,4,4,4,5,6,6,6,6,6,6,568,0,4,4.035456160892582,2.876621001632884,22.891293978318572,180.20070422535213
1781616122,50,POST,/posts,7.700000,0.000000,5,5,5,5,6,6,6,6,6,6,6,844,0,4,4.566004888522295,3.3885620068758726,20.698934007668868,227.739336492891
1781616122,50,GET,/timeline/{user_id},59.200000,0.000000,3,3,3,3,4,5,140,140,160,160,160,7392,0,3,5.75718150985149,1.8958309956360608,233.33949098014273,7610.804653679654
1781616122,50,GET,/users/{user_id},24.400000,0.000000,2,2,3,3,3,3,4,8,10,10,10,2848,0,2,2.493551436661997,1.5867990150582045,26.789538009325042,262.89606741573033
1781616122,50,,Aggregated,244.700000,0.000000,3,3,3,3,4,5,6,15,140,160,160,29185,0,3,4.290307246776076,1.5867990150582045,233.33949098014273,7829.634332705156
1781616123,50,GET,/feed/{user_id},101.000000,0.000000,3,3,3,3,4,4,6,12,31,31,31,11832,0,3,3.0768521223698375,1.8983959744218737,53.2280589977745,9015.600067613252
1781616123,50,GET,/feed/{user_id}?with_fof=true,48.600000,0.000000,3,3,3,3,4,5,41,170,270,270,270,5854,0,3,5.974413700976541,2.005085989367217,272.49232001486234,11273.618380594466
1781616123,50,POST,/likes,4.900000,0.000000,4,4,4,4,5,6,6,6,6,6,6,571,0,4,4.03377972222129,2.876621001632884,22.891293978318572,180.199649737303
1781616123,50,POST,/posts,7.600000,0.000000,5,5,5,5,6,6,6,7,7,7,7,848,0,4,4.568472699213329,3.3885620068758726,20.698934007668868,227.73938679245282
1781616123,50,GET,/timeline/{user_id},58.300000,0.000000,3,3,3,3,4,6,140,140,220,220,220,7451,0,3,5.849702949901763,1.8958309956360608,233.33949098014273,7609.2834518856525
1781616123,50,GET,/users/{user_id},24.300000,0.000000,2,2,3,3,3,3,9,10,16,16,16,2874,0,2,2.5028803227677527,1.5867990150582045,26.789538009325042,262.902226861517
1781616123,50,,Aggregated,244.700000,0.000000,3,3,3,3,4,5,14,78,230,270,270,29430,0,3,4.360730544175006,1.5867990150582045,272.49232001486234,7829.313999320421
1781616124,50,GET,/feed/{user_id},100.900000,0.000000,3,3,3,3,4,5,9,12,31,31,31,11928,0,3,3.0771946752973713,1.8983959744218737,53.2280589977745,9016.769953051644
1781616124,50,GET,/feed/{user_id}?with_fof=true,49.300000,0.000000,3,3,3,3,4,6,110,170,270,270,270,5901,0,3,6.005268226312129,2.005085989367217,272.49232001486234,11270.591425182172
1781616124,50,POST,/likes,5.200000,0.000000,4,4,4,4,5,6,6,6,6,6,6,576,0,4,4.030711168979906,2.876621001632884,22.891293978318572,180.20138888888889
1781616124,50,POST,/posts,7.400000,0.000000,4,5,5,5,5,6,6,7,7,7,7,859,0,4,4.5636187717361905,3.3885620068758726,20.698934007668868,227.74039580908033
1781616124,50,GET,/timeline/{user_id},57.700000,0.000000,3,3,3,3,4,10,140,140,220,220,220,7510,0,3,5.852118352176646,1.8958309956360608,233.33949098014273,7601.170306258322
1781616124,50,GET,/users/{user_id},22.500000,0.000000,2,2,3,3,3,3,8,10,16,16,16,2900,0,2,2.500476269181898,1.5867990150582045,26.789538009325042,262.92655172413794
1781616124,50,,Aggregated,243.000000,0.000000,3,3,3,3,4,5,15,110,230,270,270,29674,0,3,4.366937185891449,1.5867990150582045,272.49232001486234,7825.250825638606
1781616125,50,GET,/feed/{user_id},100.100000,0.000000,3,3,3,3,4,5,9,12,31,31,31,12027,0,3,3.0777157073974233,1.8983959744218737,53.2280589977745,9017.292674815
1781616125,50,GET,/feed/{user_id}?with_fof=true,50.700000,0.000000,3,3,3,3,4,10,110,170,270,270,270,5948,0,3,6.050318120290615,2.005085989367217,272.49232001486234,11266.672999327506
1781616125,50,POST,/likes,5.800000,0.000000,4,4,4,4,5,6,6,6,6,6,6,580,0,4,4.029212079857926,2.876621001632884,22.891293978318572,180.20344827586206
1781616125,50,POST,/posts,7.400000,0.000000,4,5,5,5,6,6,6,7,7,7,7,864,0,4,4.56356582169435,3.3885620068758726,20.698934007668868,227.74189814814815
1781616125,50,GET,/timeline/{user_id},58.800000,0.000000,3,3,3,3,4,12,140,150,220,220,220,7571,0,3,5.907001856545899,1.8958309956360608,233.33949098014273,7598.601505745608
1781616125,50,GET,/users/{user_id},22.400000,0.000000,2,2,3,3,3,3,9,14,16,16,16,2925,0,2,2.5038916405298326,1.5867990150582045,26.789538009325042,262.9264957264957
1781616125,50,,Aggregated,245.200000,0.000000,3,3,3,3,4,5,17,130,230,270,270,29915,0,3,4.3900597350184745,1.5867990150582045,272.49232001486234,7824.319204412502
1781616126,50,GET,/feed/{user_id},99.100000,0.000000,3,3,3,3,4,5,11,13,31,31,31,12129,0,3,3.0810728339510316,1.8983959744218737,53.2280589977745,9011.764696182703
1781616126,50,GET,/feed/{user_id}?with_fof=true,50.600000,0.000000,3,3,3,3,4,10,120,170,270,270,270,5995,0,3,6.057198306323659,2.005085989367217,272.49232001486234,11267.568306922436
1781616126,50,POST,/likes,5.800000,0.000000,4,4,4,4,5,5,6,6,6,6,6,583,0,4,4.028906393257061,2.876621001632884,22.891293978318572,180.20754716981133
1781616126,50,POST,/posts,7.100000,0.000000,4,5,5,5,5,6,6,7,7,7,7,876,0,4,4.562048426817052,3.3885620068758726,20.698934007668868,227.74771689497717
1781616126,50,GET,/timeline/{user_id},59.500000,0.000000,3,3,3,3,4,14,140,150,220,220,220,7628,0,3,5.914881375032112,1.8958309956360608,233.33949098014273,7602.65010487677
1781616126,50,GET,/users/{user_id},22.300000,0.000000,2,2,3,3,3,3,8,14,16,16,16,2944,0,2,2.503986663214164,1.5867990150582045,26.789538009325042,262.92900815217394
1781616126,50,,Aggregated,244.400000,0.000000,3,3,3,3,4,5,20,130,230,270,270,30155,0,3,4.39459111138486,1.5867990150582045,272.49232001486234,7823.7244901343065
1781616127,50,GET,/feed/{user_id},99.400000,0.000000,3,3,3,3,4,5,11,13,31,31,31,12229,0,3,3.0833819234566726,1.8983959744218737,53.2280589977745,9019.086597432333
1781616127,50,GET,/feed/{user_id}?with_fof=true,51.300000,0.000000,3,3,3,3,4,11,120,170,270,270,270,6048,0,3,6.0862438927466025,2.005085989367217,272.49232001486234,11269.88492063492
1781616127,50,POST,/likes,5.600000,0.000000,4,4,4,4,5,5,6,6,6,6,6,585,0,4,4.027991202156434,2.876621001632884,22.891293978318572,180.20854700854701
1781616127,50,POST,/posts,7.300000,0.000000,4,5,5,5,5,6,6,7,7,7,7,882,0,4,4.562268617812147,3.3885620068758726,20.698934007668868,227.75056689342404
1781616127,50,GET,/timeline/{user_id},59.100000,0.000000,3,3,3,3,4,12,140,150,220,220,220,7695,0,3,5.906841907037672,1.8958309956360608,233.33949098014273,7600.308641975309
1781616127,50,GET,/users/{user_id},22.700000,0.000000,2,2,3,3,3,3,8,14,16,16,16,2965,0,2,2.503358156345298,1.5867990150582045,26.789538009325042,262.927150084317
1781616127,50,,Aggregated,245.400000,0.000000,3,3,3,3,4,5,20,130,230,270,270,30404,0,3,4.399821792779687,1.5867990150582045,272.49232001486234,7828.737205630838
1781616128,50,GET,/feed/{user_id},99.300000,0.000000,3,3,3,3,4,5,11,13,31,31,31,12327,0,3,3.0821309929393723,1.8983959744218737,53.2280589977745,9020.098564127526
1781616128,50,GET,/feed/{user_id}?with_fof=true,50.600000,0.000000,3,3,3,3,4,13,130,170,270,270,270,6102,0,3,6.128002236025199,2.005085989367217,272.49232001486234,11266.850376925599
1781616128,50,POST,/likes,5.300000,0.000000,4,4,4,4,5,5,6,6,6,6,6,588,0,4,4.02679316710196,2.876621001632884,22.891293978318572,180.2091836734694
1781616128,50,POST,/posts,7.000000,0.000000,4,5,5,5,5,6,6,7,7,7,7,891,0,4,4.559702792250124,3.3885620068758726,20.698934007668868,227.7530864197531
1781616128,50,GET,/timeline/{user_id},59.600000,0.000000,3,3,3,3,4,11,140,150,220,220,220,7747,0,3,5.904311380363436,1.8958309956360608,233.33949098014273,7602.174777333161
1781616128,50,GET,/users/{user_id},23.000000,0.000000,2,2,3,3,3,4,9,14,16,16,16,2994,0,2,2.504498313499009,1.5867990150582045,26.789538009325042,262.9325317301269
1781616128,50,,Aggregated,244.800000,0.000000,3,3,3,3,4,5,21,130,230,270,270,30649,0,3,4.4065423399990795,1.5867990150582045,272.49232001486234,7828.354432444778
1781616129,50,GET,/feed/{user_id},99.700000,0.000000,3,3,3,3,4,5,11,13,31,31,31,12433,0,3,3.0822513909926337,1.8983959744218737,53.2280589977745,9019.863910560605
1781616129,50,GET,/feed/{user_id}?with_fof=true,50.100000,0.000000,3,3,3,3,4,15,140,190,270,270,270,6140,0,3,6.138995713879489,2.005085989367217,272.49232001486234,11266.725895765472
1781616129,50,POST,/likes,5.000000,0.000000,4,4,4,4,5,5,6,6,6,6,6,593,0,4,4.024661329316139,2.876621001632884,22.891293978318572,180.212478920742
1781616129,50,POST,/posts,7.400000,0.000000,4,5,5,5,5,6,6,7,7,7,7,898,0,4,4.5590276313548435,3.3885620068758726,20.698934007668868,227.75278396436525
1781616129,50,GET,/timeline/{user_id},59.500000,0.000000,3,3,3,3,4,13,140,150,220,220,220,7815,0,3,5.9308212916973035,1.8958309956360608,233.33949098014273,7609.24248240563
1781616129,50,GET,/users/{user_id},22.300000,0.000000,2,2,3,3,3,4,9,14,16,16,16,3025,0,2,2.504613244827175,1.5867990150582045,26.789538009325042,262.9500826446281
1781616129,50,,Aggregated,244.000000,0.000000,3,3,3,3,4,6,28,140,230,270,270,30904,0,3,4.414364472847827,1.5867990150582045,272.49232001486234,7827.294427905773
1781616130,50,GET,/feed/{user_id},99.200000,0.000000,3,3,3,3,4,5,10,12,31,31,31,12535,0,3,3.0823826509869447,1.8983959744218737,53.2280589977745,9015.240446749103
1781616130,50,GET,/feed/{user_id}?with_fof=true,50.400000,0.000000,3,3,3,3,4,19,140,190,270,270,270,6186,0,3,6.115089998555448,2.005085989367217,272.49232001486234,11268.150339476237
1781616130,50,POST,/likes,4.800000,0.000000,4,4,4,4,4,5,6,6,6,6,6,594,0,4,4.024670589709363,2.876621001632884,22.891293978318572,180.21548821548822
1781616130,50,POST,/posts,7.500000,0.000000,4,5,5,5,5,6,6,7,7,7,7,902,0,4,4.560363619734674,3.3885620068758726,20.698934007668868,227.75166297117516
1781616130,50,GET,/timeline/{user_id},59.800000,0.000000,3,3,3,3,4,13,140,150,220,220,220,7875,0,3,5.932721752580995,1.8958309956360608,233.33949098014273,7603.061079365079
1781616130,50,GET,/users/{user_id},21.700000,0.000000,2,2,3,3,3,4,11,14,16,16,16,3056,0,2,2.505736165441599,1.5867990150582045,26.789538009325042,262.9554973821989
1781616130,50,,Aggregated,243.400000,0.000000,3,3,3,3,4,6,31,140,230,270,270,31148,0,3,4.4095103730460465,1.5867990150582045,272.49232001486234,7823.969275715936
1781616131,50,GET,/feed/{user_id},98.100000,0.000000,3,3,3,3,4,5,11,12,31,31,31,12626,0,3,3.081769787914776,1.8983959744218737,53.2280589977745,9014.511642642166
1781616131,50,GET,/feed/{user_id}?with_fof=true,51.000000,0.000000,3,3,3,3,4,19,140,190,270,270,270,6226,0,3,6.094384307108592,2.005085989367217,272.49232001486234,11263.831834243496
1781616131,50,POST,/likes,4.700000,0.000000,4,4,4,4,4,5,6,6,6,6,6,601,0,4,4.020757496298079,2.876621001632884,22.891293978318572,180.21297836938436
1781616131,50,POST,/posts,7.700000,0.000000,4,5,5,5,5,6,7,7,7,7,7,908,0,4,4.563361803971802,3.3885620068758726,20.698934007668868,227.7488986784141
1781616131,50,GET,/timeline/{user_id},58.300000,0.000000,3,3,3,3,4,11,140,140,220,220,220,7956,0,3,5.901256766782015,1.8958309956360608,233.33949098014273,7600.486802413273
1781616131,50,GET,/users/{user_id},22.900000,0.000000,2,2,3,3,3,4,11,14,16,16,16,3077,0,2,2.507569946208757,1.5867990150582045,26.789538009325042,262.9603509912252
1781616131,50,,Aggregated,242.700000,0.000000,3,3,3,3,4,5,25,140,230,270,270,31394,0,3,4.39830099294622,1.5867990150582045,272.49232001486234,7821.22529782761
1781616132,50,GET,/feed/{user_id},97.600000,0.000000,3,3,3,3,4,5,10,12,31,31,31,12711,0,3,3.0819895399551425,1.8983959744218737,53.2280589977745,9011.153725119975
1781616132,50,GET,/feed/{user_id}?with_fof=true,49.800000,0.000000,3,3,3,3,4,21,140,190,270,270,270,6281,0,3,6.086394591323886,2.005085989367217,272.49232001486234,11264.83028180226
1781616132,50,POST,/likes,4.500000,0.000000,4,4,4,4,5,5,5,5,5,5,5,605,0,4,4.0201692384944785,2.876621001632884,22.891293978318572,180.20661157024793
1781616132,50,POST,/posts,8.100000,0.000000,4,5,5,5,5,5,7,7,7,7,7,913,0,4,4.561932852171945,3.3885620068758726,20.698934007668868,227.7458926615553
1781616132,50,GET,/timeline/{user_id},59.200000,0.000000,3,3,3,3,4,11,140,140,220,220,220,8022,0,3,5.895805023600579,1.8958309956360608,233.33949098014273,7600.907005734231
1781616132,50,GET,/users/{user_id},24.000000,0.000000,2,2,3,3,3,4,11,14,16,16,16,3103,0,2,2.5066673675303046,1.5867990150582045,26.789538009325042,262.9693844666452
1781616132,50,,Aggregated,243.200000,0.000000,3,3,3,3,4,5,28,140,230,270,270,31635,0,3,4.39625090230971,1.5867990150582045,272.49232001486234,7820.534250039514
1781616133,50,GET,/feed/{user_id},98.000000,0.000000,3,3,3,3,4,5,9,11,25,25,25,12807,0,3,3.083600786849564,1.8983959744218737,53.2280589977745,9008.516592488482
1781616133,50,GET,/feed/{user_id}?with_fof=true,48.700000,0.000000,3,3,3,3,4,6,110,140,190,190,190,6333,0,3,6.092866122563141,2.005085989367217,272.49232001486234,11261.277435654509
1781616133,50,POST,/likes,4.600000,0.000000,4,4,4,4,4,5,5,5,5,5,5,609,0,4,4.0196204733975955,2.876621001632884,22.891293978318572,180.21018062397374
1781616133,50,POST,/posts,7.900000,0.000000,4,5,5,5,5,6,7,11,11,11,11,924,0,4,4.570260738137025,3.3885620068758726,20.698934007668868,227.74675324675326
1781616133,50,GET,/timeline/{user_id},59.500000,0.000000,3,3,3,3,4,4,91,140,160,160,160,8076,0,3,5.876485262892364,1.8958309956360608,233.33949098014273,7604.456785537394
1781616133,50,GET,/users/{user_id},24.600000,0.000000,2,2,3,3,3,4,9,11,15,15,15,3137,0,2,2.512130193956862,1.5867990150582045,26.789538009325042,262.9655722027415
1781616133,50,,Aggregated,243.300000,0.000000,3,3,3,3,4,5,13,110,160,190,190,31886,0,3,4.393392511549704,1.5867990150582045,272.49232001486234,7816.861443893872
1781616134,50,GET,/feed/{user_id},99.000000,0.000000,3,3,3,3,4,5,10,11,26,26,26,12888,0,3,3.085451851737157,1.8983959744218737,53.2280589977745,9010.575418994413
1781616134,50,GET,/feed/{user_id}?with_fof=true,46.900000,0.000000,3,3,3,3,4,5,110,140,190,190,190,6389,0,3,6.065008141373761,2.005085989367217,272.49232001486234,11262.66035373298
1781616134,50,POST,/likes,4.300000,0.000000,4,4,4,4,4,5,5,5,5,5,5,615,0,4,4.018510304622322,2.876621001632884,22.891293978318572,180.21138211382114
1781616134,50,POST,/posts,7.600000,0.000000,4,5,5,5,5,7,7,11,11,11,11,939,0,4,4.569358162939473,3.3885620068758726,20.698934007668868,227.7465388711395
1781616134,50,GET,/timeline/{user_id},61.400000,0.000000,3,3,3,3,4,4,86,140,160,160,160,8141,0,3,5.863053737776067,1.8958309956360608,233.33949098014273,7603.120992507063
1781616134,50,GET,/users/{user_id},25.500000,0.000000,2,2,3,3,3,4,9,11,15,15,15,3152,0,2,2.511635948089838,1.5867990150582045,26.789538009325042,262.96319796954316
1781616134,50,,Aggregated,244.700000,0.000000,3,3,3,3,4,5,11,100,160,190,190,32124,0,3,4.386889821329301,1.5867990150582045,272.49232001486234,7817.705920806873
1781616135,50,GET,/feed/{user_id},97.000000,0.000000,3,3,3,3,4,5,10,11,26,26,26,12992,0,3,3.085659832530895,1.8983959744218737,53.2280589977745,9011.686807266009
1781616135,50,GET,/feed/{user_id}?with_fof=true,48.100000,0.000000,3,3,3,3,4,5,110,120,190,190,190,6435,0,3,6.042530954343816,2.005085989367217,272.49232001486234,11263.138461538461
1781616135,50,POST,/likes,3.600000,0.000000,4,4,4,4,4,5,5,5,5,5,5,622,0,4,4.015859259358739,2.876621001632884,22.891293978318572,180.20418006430867
1781616135,50,POST,/posts,7.000000,0.000000,4,5,5,5,5,6,7,11,11,11,11,949,0,4,4.569122953666963,3.3885620068758726,20.698934007668868,227.7449947312961
1781616135,50,GET,/timeline/{user_id},62.500000,0.000000,3,3,3,3,4,4,68,130,160,160,160,8203,0,3,5.857864988934256,1.8958309956360608,233.33949098014273,7609.063269535536
1781616135,50,GET,/users/{user_id},25.800000,0.000000,2,2,3,3,3,4,7,11,15,15,15,3184,0,2,2.5101306046647793,1.5867990150582045,26.789538009325042,262.96136934673365
1781616135,50,,Aggregated,244.000000,0.000000,3,3,3,3,4,5,11,26,160,190,190,32385,0,3,4.380140921021315,1.5867990150582045,272.49232001486234,7816.605311100819
1781616136,50,GET,/feed/{user_id},97.100000,0.000000,3,3,3,3,4,5,9,11,26,26,26,13086,0,3,3.088072679895554,1.8983959744218737,53.2280589977745,9017.231163075043
1781616136,50,GET,/feed/{user_id}?with_fof=true,47.900000,0.000000,3,3,3,3,4,5,42,120,190,190,190,6483,0,3,6.0534594931608705,2.005085989367217,272.49232001486234,11261.80472003702
1781616136,50,POST,/likes,4.000000,0.000000,4,4,4,4,4,4,5,5,5,5,5,627,0,4,4.015751624092953,2.876621001632884,22.891293978318572,180.207336523126
1781616136,50,POST,/posts,7.700000,0.000000,4,5,5,5,5,7,7,11,11,11,11,956,0,4,4.56933569777187,3.3885620068758726,20.698934007668868,227.74163179916317
1781616136,50,GET,/timeline/{user_id},62.100000,0.000000,3,3,3,3,4,4,23,140,160,160,160,8259,0,3,5.8701711759731925,1.8958309956360608,233.33949098014273,7604.450538806151
1781616136,50,GET,/users/{user_id},26.400000,0.000000,2,2,3,3,3,4,7,11,15,15,15,3215,0,2,2.5085131960293108,1.5867990150582045,26.789538009325042,262.9732503888025
1781616136,50,,Aggregated,245.200000,0.000000,3,3,3,3,4,5,10,18,160,190,190,32626,0,3,4.385700724767001,1.5867990150582045,272.49232001486234,7815.579415190339
1781616137,50,GET,/feed/{user_id},96.900000,0.000000,3,3,3,3,4,5,9,11,26,26,26,13192,0,3,3.0898566844402526,1.8983959744218737,53.2280589977745,9022.592177077016
1781616137,50,GET,/feed/{user_id}?with_fof=true,48.200000,0.000000,3,3,3,3,4,5,42,120,190,190,190,6530,0,3,6.045213513670683,2.005085989367217,272.49232001486234,11261.95145482389
1781616137,50,POST,/likes,3.900000,0.000000,4,4,4,4,4,5,5,5,5,5,5,633,0,4,4.016730341638069,2.876621001632884,22.891293978318572,180.20695102685625
1781616137,50,POST,/posts,8.000000,0.000000,4,5,5,5,5,7,7,11,11,11,11,960,0,4,4.570331333373663,3.3885620068758726,20.698934007668868,227.74375
1781616137,50,GET,/timeline/{user_id},62.800000,0.000000,3,3,3,3,4,4,23,140,160,160,160,8318,0,3,5.865352395202292,1.8958309956360608,233.33949098014273,7607.247054580428
1781616137,50,GET,/users/{user_id},24.900000,0.000000,2,2,3,3,3,4,6,9,15,15,15,3244,0,2,2.5064899784790002,1.5867990150582045,26.789538009325042,262.9737977805179
1781616137,50,,Aggregated,244.700000,0.000000,3,3,3,3,4,5,10,19,160,190,190,32877,0,3,4.382571302891977,1.5867990150582045,272.49232001486234,7817.910758280865
1781616138,50,GET,/feed/{user_id},95.500000,0.000000,3,3,3,3,4,5,10,11,26,26,26,13284,0,3,3.0922253846162966,1.8983959744218737,53.2280589977745,9023.605013550135
1781616138,50,GET,/feed/{user_id}?with_fof=true,48.200000,0.000000,3,3,3,3,4,4,6,110,190,190,190,6578,0,3,6.038663597492836,2.005085989367217,272.49232001486234,11264.1649437519
1781616138,50,POST,/likes,4.400000,0.000000,4,4,4,4,4,5,5,5,5,5,5,641,0,4,4.014816593201526,2.876621001632884,22.891293978318572,180.21372854914196
1781616138,50,POST,/posts,8.400000,0.000000,4,5,5,5,6,7,8,11,11,11,11,968,0,4,4.571512921501387,3.3885620068758726,20.698934007668868,227.74276859504133
1781616138,50,GET,/timeline/{user_id},63.500000,0.000000,3,3,3,3,4,4,68,140,160,160,160,8378,0,3,5.885539957307368,1.8958309956360608,233.33949098014273,7606.032346622105
1781616138,50,GET,/users/{user_id},25.800000,0.000000,2,2,3,3,3,4,6,9,15,15,15,3267,0,2,2.505346895976991,1.5867990150582045,26.789538009325042,262.96939087848176
1781616138,50,,Aggregated,245.800000,0.000000,3,3,3,3,4,5,10,19,160,190,190,33116,0,3,4.3873715173717915,1.5867990150582045,272.49232001486234,7817.48031163184
1781616139,50,GET,/feed/{user_id},95.400000,0.000000,3,3,3,3,4,5,10,11,26,26,26,13372,0,3,3.0926491290949283,1.8983959744218737,53.2280589977745,9024.193463954532
1781616139,50,GET,/feed/{user_id}?with_fof=true,47.800000,0.000000,3,3,3,3,4,4,10,110,170,170,170,6623,0,3,6.041156550882775,2.005085989367217,272.49232001486234,11266.394232221048
1781616139,50,POST,/likes,4.500000,0.000000,4,4,4,4,5,5,5,5,5,5,5,643,0,4,4.0146789692677585,2.876621001632884,22.891293978318572,180.2130637636081
1781616139,50,POST,/posts,7.700000,0.000000,4,5,5,5,6,7,8,11,11,11,11,975,0,4,4.570539581577461,3.3885620068758726,20.698934007668868,227.74358974358975
1781616139,50,GET,/timeline/{user_id},62.700000,0.000000,3,3,3,3,4,4,23,130,140,140,140,8449,0,3,5.865371690424189,1.8958309956360608,233.33949098014273,7613.882826369984
1781616139,50,GET,/users/{user_id},27.300000,0.000000,2,2,3,3,3,4,6,10,15,15,15,3297,0,2,2.505355834436804,1.5867990150582045,26.789538009325042,262.9727024567789
1781616139,50,,Aggregated,245.400000,0.000000,3,3,3,3,4,5,10,19,140,170,170,33359,0,3,4.383221387288687,1.5867990150582045,272.49232001486234,7818.684253125094
1781616140,50,GET,/feed/{user_id},95.700000,0.000000,3,3,3,3,4,5,11,12,26,26,26,13470,0,3,3.0920115511719404,1.8983959744218737,53.2280589977745,9033.13719376392
1781616140,50,GET,/feed/{user_id}?with_fof=true,48.000000,0.000000,3,3,3,3,4,5,97,140,170,170,170,6671,0,3,6.086329583194602,2.005085989367217,272.49232001486234,11266.532603807525
1781616140,50,POST,/likes,4.900000,0.000000,4,4,4,4,5,5,5,5,5,5,5,651,0,4,4.01213022147251,2.876621001632884,22.891293978318572,180.2089093701997
1781616140,50,POST,/posts,7.700000,0.000000,4,5,5,5,6,7,8,11,11,11,11,980,0,4,4.572491825567749,3.3885620068758726,20.698934007668868,227.7418367346939
1781616140,50,GET,/timeline/{user_id},61.800000,0.000000,3,3,3,3,4,4,11,130,140,140,140,8521,0,3,5.839081073293702,1.8958309956360608,233.33949098014273,7614.2032625278725
1781616140,50,GET,/users/{user_id},28.000000,0.000000,2,2,3,3,3,4,5,9,15,15,15,3316,0,2,2.5037018585665347,1.5867990150582045,26.789538009325042,262.9764776839566
1781616140,50,,Aggregated,246.100000,0.000000,3,3,3,3,4,5,10,23,160,170,170,33609,0,3,4.385769412822592,1.5867990150582045,272.49232001486234,7823.159153798089
1781616141,50,GET,/feed/{user_id},94.900000,0.000000,3,3,3,3,4,5,11,12,26,26,26,13589,0,3,3.0913690977411648,1.8983959744218737,53.2280589977745,9034.381485024653
1781616141,50,GET,/feed/{user_id}?with_fof=true,47.700000,0.000000,3,3,3,3,4,5,97,140,170,170,170,6716,0,3,6.065749791171547,2.005085989367217,272.49232001486234,11266.488683740321
1781616141,50,POST,/likes,5.300000,0.000000,4,4,4,4,5,5,5,5,5,5,5,655,0,4,4.009467520873695,2.876621001632884,22.891293978318572,180.20916030534352
1781616141,50,POST,/posts,7.600000,0.000000,4,5,5,5,6,7,8,11,11,11,11,992,0,4,4.570492206855101,3.3885620068758726,20.698934007668868,227.74395161290323
1781616141,50,GET,/timeline/{user_id},63.200000,0.000000,3,3,3,3,4,4,6,130,140,140,140,8573,0,3,5.820567621303861,1.8958309956360608,233.33949098014273,7615.154205062405
1781616141,50,GET,/users/{user_id},27.300000,0.000000,2,2,3,3,3,3,4,9,15,15,15,3338,0,2,2.5014704068366007,1.5867990150582045,26.789538009325042,262.9685440383463
1781616141,50,,Aggregated,246.000000,0.000000,3,3,3,3,4,5,10,19,160,170,170,33863,0,3,4.375157375233851,1.5867990150582045,272.49232001486234,7823.890765732511
1781616142,50,GET,/feed/{user_id},93.500000,0.000000,3,3,3,3,4,5,10,12,26,26,26,13692,0,3,3.089888704152722,1.892175991088152,53.2280589977745,9034.193251533743
1781616142,50,GET,/feed/{user_id}?with_fof=true,48.300000,0.000000,3,3,3,3,4,5,37,140,170,170,170,6768,0,3,6.047155865324698,2.005085989367217,272.49232001486234,11261.610224586288
1781616142,50,POST,/likes,5.100000,0.000000,4,4,4,4,5,5,5,5,5,5,5,663,0,4,4.008582532690307,2.876621001632884,22.891293978318572,180.21266968325793
1781616142,50,POST,/posts,7.700000,0.000000,4,5,5,5,6,7,8,11,11,11,11,998,0,4,4.569552357918406,3.3885620068758726,20.698934007668868,227.74649298597194
1781616142,50,GET,/timeline/{user_id},63.400000,0.000000,3,3,3,3,4,4,14,130,140,140,140,8627,0,3,5.819817141121452,1.8958309956360608,233.33949098014273,7613.7422047061555
1781616142,50,GET,/users/{user_id},27.200000,0.000000,2,2,3,3,3,3,4,7,15,15,15,3356,0,2,2.500726609071148,1.5867990150582045,26.789538009325042,262.96632896305124
1781616142,50,,Aggregated,245.200000,0.000000,3,3,3,3,4,5,10,19,160,170,170,34104,0,3,4.3705140594255925,1.5867990150582045,272.49232001486234,7823.944200093831
1781616143,50,GET,/feed/{user_id},93.800000,0.000000,3,3,3,3,4,5,10,11,26,26,26,13792,0,3,3.089487751406453,1.892175991088152,53.2280589977745,9040.935034802784
1781616143,50,GET,/feed/{user_id}?with_fof=true,48.300000,0.000000,3,3,3,3,4,5,37,140,170,170,170,6825,0,3,6.036925609176637,2.005085989367217,272.49232001486234,11258.506666666666
1781616143,50,POST,/likes,5.400000,0.000000,4,4,4,4,5,5,5,5,5,5,5,666,0,4,4.0083545738290685,2.876621001632884,22.891293978318572,180.21471471471472
1781616143,50,POST,/posts,7.900000,0.000000,4,5,5,5,6,6,7,8,8,8,8,1003,0,4,4.568067520607545,3.3848929742816836,20.698934007668868,227.74376869391824
1781616143,50,GET,/timeline/{user_id},64.200000,0.000000,3,3,3,3,4,4,19,130,140,140,140,8691,0,3,5.8167120752121395,1.8958309956360608,233.33949098014273,7609.722356460707
1781616143,50,GET,/users/{user_id},26.200000,0.000000,2,2,3,3,3,3,4,5,10,10,10,3383,0,2,2.499530788386398,1.5867990150582045,26.789538009325042,262.96630209872893
1781616143,50,,Aggregated,245.800000,0.000000,3,3,3,3,4,5,9,24,160,170,170,34360,0,3,4.367652081552612,1.5867990150582045,272.49232001486234,7826.136379511059
1781616144,50,GET,/feed/{user_id},95.700000,0.000000,3,3,3,3,4,5,9,11,24,24,24,13895,0,3,3.0881837056861765,1.892175991088152,53.2280589977745,9041.60474991004
1781616144,50,GET,/feed/{user_id}?with_fof=true,48.800000,0.000000,3,3,3,3,4,5,37,140,170,170,170,6862,0,3,6.022689372137184,2.005085989367217,272.49232001486234,11260.863450888954
1781616144,50,POST,/likes,5.500000,0.000000,4,4,4,4,5,5,5,5,5,5,5,669,0,4,4.00710069379172,2.876621001632884,22.891293978318572,180.2152466367713
1781616144,50,POST,/posts,8.300000,0.000000,4,5,5,5,6,6,7,8,8,8,8,1013,0,4,4.571018784032511,3.3848929742816836,20.698934007668868,227.74827245804542
1781616144,50,GET,/timeline/{user_id},61.700000,0.000000,3,3,3,3,4,4,26,140,140,140,140,8751,0,3,5.813096565154226,1.8958309956360608,233.33949098014273,7610.75431379271
1781616144,50,GET,/users/{user_id},26.100000,0.000000,2,2,3,3,3,3,4,5,10,10,10,3410,0,2,2.4997759246659297,1.5867990150582045,26.789538009325042,262.97243401759533
1781616144,50,,Aggregated,246.100000,0.000000,3,3,3,3,4,5,9,20,160,170,170,34600,0,3,4.362538826568261,1.5867990150582045,272.49232001486234,7825.285057803469
1781616145,50,GET,/feed/{user_id},98.500000,0.000000,3,3,3,3,4,4,9,11,24,24,24,13995,0,3,3.088939975310871,1.892175991088152,53.2280589977745,9043.869596284387
1781616145,50,GET,/feed/{user_id}?with_fof=true,48.300000,0.000000,3,3,3,3,4,5,110,140,180,180,180,6906,0,3,6.06633152731822,2.005085989367217,272.49232001486234,11263.32088039386
1781616145,50,POST,/likes,5.800000,0.000000,4,4,4,4,5,5,5,5,5,5,5,672,0,4,4.005499093961719,2.876621001632884,22.891293978318572,180.2157738095238
1781616145,50,POST,/posts,8.800000,0.000000,4,5,5,5,6,6,7,8,8,8,8,1021,0,4,4.568675079504502,3.3848929742816836,20.698934007668868,227.74730656219393
1781616145,50,GET,/timeline/{user_id},60.800000,0.000000,3,3,3,3,4,4,7,140,140,140,140,8806,0,3,5.794047811556809,1.8958309956360608,233.33949098014273,7614.8014989779695
1781616145,50,GET,/users/{user_id},24.600000,0.000000,2,2,3,3,3,4,5,10,15,15,15,3444,0,2,2.5048507212972324,1.5867990150582045,26.789538009325042,262.9700929152149
1781616145,50,,Aggregated,246.800000,0.000000,3,3,3,3,4,5,10,24,160,180,180,34844,0,3,4.366008611013907,1.5867990150582045,272.49232001486234,7825.413127080703
1781616146,50,GET,/feed/{user_id},98.500000,0.000000,3,3,3,3,4,4,9,11,24,24,24,14093,0,3,3.090112330394894,1.892175991088152,53.2280589977745,9042.956077485276
1781616146,50,GET,/feed/{user_id}?with_fof=true,48.500000,0.000000,3,3,3,3,4,5,110,140,180,180,180,6958,0,3,6.06704506808837,2.005085989367217,272.49232001486234,11262.719459614831
1781616146,50,POST,/likes,5.500000,0.000000,4,4,4,4,4,5,5,5,5,5,5,675,0,4,4.00421192761752,2.876621001632884,22.891293978318572,180.2162962962963
1781616146,50,POST,/posts,7.900000,0.000000,4,5,5,5,5,6,7,8,8,8,8,1032,0,4,4.5686003499593975,3.3848929742816836,20.698934007668868,227.74709302325581
1781616146,50,GET,/timeline/{user_id},61.300000,0.000000,3,3,3,3,4,4,6,140,140,140,140,8868,0,3,5.79067475512979,1.8958309956360608,233.33949098014273,7607.469666215607
1781616146,50,GET,/users/{user_id},24.800000,0.000000,2,2,2,3,3,4,5,10,15,15,15,3466,0,2,2.5042480796866955,1.5867990150582045,26.789538009325042,262.9847085978073
1781616146,50,,Aggregated,246.500000,0.000000,3,3,3,3,4,5,9,22,160,180,180,35092,0,3,4.366024132024368,1.5867990150582045,272.49232001486234,7823.424398723356
1781616147,50,GET,/feed/{user_id},100.500000,0.000000,3,3,3,3,4,4,8,11,24,24,24,14175,0,3,3.089451355425595,1.892175991088152,53.2280589977745,9041.45241622575
1781616147,50,GET,/feed/{user_id}?with_fof=true,47.100000,0.000000,3,3,3,3,4,5,120,140,180,180,180,7008,0,3,6.082348137086843,2.005085989367217,272.49232001486234,11262.193493150686
1781616147,50,POST,/likes,5.300000,0.000000,4,4,4,4,5,5,5,5,5,5,5,680,0,4,4.003909595827709,2.876621001632884,22.891293978318572,180.21176470588236
1781616147,50,POST,/posts,7.500000,0.000000,4,4,5,5,5,6,7,8,8,8,8,1043,0,4,4.566110067227132,3.3848929742816836,20.698934007668868,227.74592521572387
1781616147,50,GET,/timeline/{user_id},60.500000,0.000000,3,3,3,3,4,4,13,140,140,140,140,8941,0,3,5.7965479117131276,1.8958309956360608,233.33949098014273,7607.648585169444
1781616147,50,GET,/users/{user_id},25.700000,0.000000,2,2,2,3,3,4,5,10,15,15,15,3492,0,2,2.502910242613524,1.5867990150582045,26.789538009325042,262.9942726231386
1781616147,50,,Aggregated,246.600000,0.000000,3,3,3,3,4,5,9,24,160,180,180,35339,0,3,4.371099280652442,1.5867990150582045,272.49232001486234,7821.004697359857
1781616148,50,GET,/feed/{user_id},100.000000,0.000000,3,3,3,3,4,4,8,11,22,22,22,14276,0,3,3.0896150437274192,1.892175991088152,53.2280589977745,9043.37251330905
1781616148,50,GET,/feed/{user_id}?with_fof=true,47.700000,0.000000,3,3,3,3,4,5,120,140,180,180,180,7064,0,3,6.073286749251092,2.005085989367217,272.49232001486234,11265.282417893544
1781616148,50,POST,/likes,4.900000,0.000000,4,4,4,4,5,5,5,5,5,5,5,685,0,4,4.004638514100798,2.876621001632884,22.891293978318572,180.21021897810218
1781616148,50,POST,/posts,7.300000,0.000000,4,4,5,5,5,6,7,7,7,7,7,1050,0,4,4.563971921036552,3.3848929742816836,20.698934007668868,227.74666666666667
1781616148,50,GET,/timeline/{user_id},59.500000,0.000000,3,3,3,3,4,4,6,120,140,140,140,8988,0,3,5.7804317353907235,1.8958309956360608,233.33949098014273,7610.46339563863
1781616148,50,GET,/users/{user_id},26.200000,0.000000,2,2,3,3,3,4,5,10,15,15,15,3521,0,2,2.5030815573003844,1.5867990150582045,26.789538009325042,262.99176370349335
1781616148,50,,Aggregated,245.600000,0.000000,3,3,3,3,4,5,8,19,160,180,180,35584,0,3,4.364665592995623,1.5867990150582045,272.49232001486234,7822.969817895683
1781616149,50,GET,/feed/{user_id},100.100000,0.000000,3,3,3,3,4,4,6,11,22,22,22,14369,0,3,3.0897243074100773,1.892175991088152,53.2280589977745,9039.356601016076
1781616149,50,GET,/feed/{user_id}?with_fof=true,47.400000,0.000000,3,3,3,3,4,4,120,160,190,190,190,7116,0,3,6.076733886125927,2.005085989367217,272.49232001486234,11265.078976953344
1781616149,50,POST,/likes,4.600000,0.000000,4,4,4,4,5,5,5,5,5,5,5,688,0,4,4.005392145573264,2.876621001632884,22.891293978318572,180.21075581395348
1781616149,50,POST,/posts,7.700000,0.000000,4,5,5,5,5,6,7,7,7,7,7,1055,0,4,4.564077094869282,3.3848929742816836,20.698934007668868,227.74502369668247
1781616149,50,GET,/timeline/{user_id},61.800000,0.000000,3,3,3,3,4,4,6,120,140,140,140,9056,0,3,5.758785780997403,1.8958309956360608,233.33949098014273,7613.429659893993
1781616149,50,GET,/users/{user_id},25.400000,0.000000,2,2,3,3,3,4,5,6,15,15,15,3545,0,2,2.5029138271543836,1.5867990150582045,26.789538009325042,262.98307475317347
1781616149,50,,Aggregated,247.000000,0.000000,3,3,3,3,4,5,6,16,170,190,190,35829,0,3,4.360531736528057,1.5867990150582045,272.49232001486234,7823.064193809484
1781616150,50,GET,/feed/{user_id},98.200000,0.000000,3,3,3,3,4,4,6,10,22,22,22,14479,0,3,3.090060981359996,1.892175991088152,53.2280589977745,9040.863319290007
1781616150,50,GET,/feed/{user_id}?with_fof=true,48.200000,0.000000,3,3,3,3,4,4,110,130,190,190,190,7160,0,3,6.075042722586252,2.005085989367217,272.49232001486234,11257.909217877095
1781616150,50,POST,/likes,4.800000,0.000000,4,4,4,4,5,5,5,5,5,5,5,692,0,4,4.003730994454758,2.876621001632884,22.891293978318572,180.21242774566474
1781616150,50,POST,/posts,8.300000,0.000000,4,5,5,5,5,5,6,7,7,7,7,1064,0,4,4.563246764204574,3.3848929742816836,20.698934007668868,227.74624060150376
1781616150,50,GET,/timeline/{user_id},62.100000,0.000000,3,3,3,3,4,4,6,120,140,140,140,9117,0,3,5.740110781267609,1.8958309956360608,233.33949098014273,7613.591532302293
1781616150,50,GET,/users/{user_id},24.500000,0.000000,2,2,3,3,3,4,5,6,15,15,15,3569,0,2,2.502154662713456,1.5867990150582045,26.789538009325042,262.9873914261698
1781616150,50,,Aggregated,246.100000,0.000000,3,3,3,3,4,5,6,14,170,190,190,36081,0,3,4.3548392570091305,1.5867990150582045,272.49232001486234,7822.0679859205675
1781616151,50,GET,/feed/{user_id},98.800000,0.000000,3,3,3,3,4,4,6,9,22,22,22,14573,0,3,3.0892380198434974,1.892175991088152,53.2280589977745,9039.814657242847
1781616151,50,GET,/feed/{user_id}?with_fof=true,48.600000,0.000000,3,3,3,3,4,4,110,130,190,190,190,7211,0,3,6.052198692398566,2.005085989367217,272.49232001486234,11256.475800859798
1781616151,50,POST,/likes,4.400000,0.000000,4,4,4,4,5,5,5,5,5,5,5,701,0,4,4.002489836188365,2.876621001632884,22.891293978318572,180.2111269614836
1781616151,50,POST,/posts,8.400000,0.000000,4,5,5,5,5,6,6,7,7,7,7,1070,0,4,4.56532438421104,3.3848929742816836,20.698934007668868,227.74766355140187
1781616151,50,GET,/timeline/{user_id},60.700000,0.000000,3,3,3,3,4,4,6,120,140,140,140,9181,0,3,5.719724219321338,1.8958309956360608,233.33949098014273,7609.288530661148
1781616151,50,GET,/users/{user_id},25.500000,0.000000,2,2,3,3,3,4,5,6,15,15,15,3594,0,2,2.5025693767804613,1.5867990150582045,26.789538009325042,262.99304396215916
1781616151,50,,Aggregated,246.400000,0.000000,3,3,3,3,4,5,6,14,170,190,190,36330,0,3,4.345156490450795,1.5867990150582045,272.49232001486234,7819.536443710432
1781616152,50,GET,/feed/{user_id},100.100000,0.000000,3,3,3,3,4,4,6,11,22,22,22,14684,0,3,3.0894999855657126,1.892175991088152,53.2280589977745,9038.027785344593
1781616152,50,GET,/feed/{user_id}?with_fof=true,48.600000,0.000000,3,3,3,3,4,5,110,140,190,190,190,7257,0,3,6.074475856120645,2.005085989367217,272.49232001486234,11257.326305635937
1781616152,50,POST,/likes,4.400000,0.000000,4,4,4,4,5,5,5,5,5,5,5,709,0,4,4.001172070788175,2.876621001632884,22.891293978318572,180.2101551480959
1781616152,50,POST,/posts,8.100000,0.000000,4,5,5,5,5,6,6,7,7,7,7,1077,0,4,4.563950089261735,3.3848929742816836,20.698934007668868,227.7465181058496
1781616152,50,GET,/timeline/{user_id},60.200000,0.000000,3,3,3,3,4,4,5,77,140,140,140,9236,0,3,5.709678692792567,1.8958309956360608,233.33949098014273,7611.615959289736
1781616152,50,GET,/users/{user_id},24.700000,0.000000,2,2,3,3,3,4,5,6,15,15,15,3617,0,2,2.5008539281540103,1.5867990150582045,26.789538009325042,262.9961293889964
1781616152,50,,Aggregated,246.100000,0.000000,3,3,3,3,4,5,6,14,180,190,190,36580,0,3,4.346120158146619,1.5867990150582045,272.49232001486234,7819.409814106069
1781616153,50,GET,/feed/{user_id},99.800000,0.000000,3,3,3,3,4,4,6,10,22,22,22,14797,0,3,3.0875808038907597,1.892175991088152,53.2280589977745,9038.9304588768
1781616153,50,GET,/feed/{user_id}?with_fof=true,49.300000,0.000000,3,3,3,3,4,5,110,140,190,190,190,7304,0,3,6.054308019814316,2.005085989367217,272.49232001486234,11256.719605695509
1781616153,50,POST,/likes,4.200000,0.000000,4,4,4,4,5,5,5,5,5,5,5,717,0,4,3.9970029264086446,2.876621001632884,22.891293978318572,180.20781032078102
1781616153,50,POST,/posts,8.200000,0.000000,4,5,5,5,5,6,6,6,6,6,6,1084,0,4,4.563031007507403,3.3848929742816836,20.698934007668868,227.74354243542436
1781616153,50,GET,/timeline/{user_id},60.100000,0.000000,3,3,3,3,4,4,5,120,140,140,140,9282,0,3,5.727240406351655,1.8958309956360608,233.33949098014273,7612.115169144581
1781616153,50,GET,/users/{user_id},25.200000,0.000000,2,2,3,3,3,4,5,9,15,15,15,3645,0,2,2.502677811802185,1.5867990150582045,26.789538009325042,263.01179698216737
1781616153,50,,Aggregated,246.800000,0.000000,3,3,3,3,4,5,6,15,180,190,190,36829,0,3,4.344464463277401,1.5867990150582045,272.49232001486234,7818.798989926417
1781616154,50,GET,/feed/{user_id},99.100000,0.000000,3,3,3,3,4,4,5,10,17,17,17,14896,0,3,3.08749598449974,1.892175991088152,53.2280589977745,9040.771079484426
1781616154,50,GET,/feed/{user_id}?with_fof=true,49.600000,0.000000,3,3,3,3,4,4,110,140,190,190,190,7351,0,3,6.034102965676958,2.005085989367217,272.49232001486234,11253.577472452727
1781616154,50,POST,/likes,4.600000,0.000000,4,4,4,4,5,5,5,5,5,5,5,721,0,4,3.996966119660917,2.876621001632884,22.891293978318572,180.20527045769765
1781616154,50,POST,/posts,7.800000,0.000000,4,5,5,5,5,6,6,7,7,7,7,1091,0,4,4.566136166962559,3.3848929742816836,20.698934007668868,227.74335472043995
1781616154,50,GET,/timeline/{user_id},60.300000,0.000000,3,3,3,3,4,4,12,130,140,140,140,9346,0,3,5.752533447438252,1.8958309956360608,233.33949098014273,7610.0855981168415
1781616154,50,GET,/users/{user_id},25.500000,0.000000,2,2,3,3,3,4,5,9,15,15,15,3666,0,2,2.502410168837262,1.5867990150582045,26.789538009325042,263.02564102564105
1781616154,50,,Aggregated,246.900000,0.000000,3,3,3,3,4,5,6,15,180,190,190,37071,0,3,4.347023589731769,1.5867990150582045,272.49232001486234,7819.1276739230125
1781616155,50,GET,/feed/{user_id},98.500000,0.000000,3,3,3,3,4,4,5,10,17,17,17,14985,0,3,3.0867027827937243,1.892175991088152,53.2280589977745,9035.555488822156
1781616155,50,GET,/feed/{user_id}?with_fof=true,48.500000,0.000000,3,3,3,3,4,4,22,120,190,190,190,7404,0,3,6.047761991708208,2.005085989367217,272.49232001486234,11251.9877093463
1781616155,50,POST,/likes,4.700000,0.000000,4,4,4,4,5,5,5,5,5,5,5,726,0,4,3.993797136707034,2.876621001632884,22.891293978318572,180.20385674931129
1781616155,50,POST,/posts,7.700000,0.000000,4,5,5,5,5,6,7,7,7,7,7,1097,0,4,4.567061181612306,3.3848929742816836,20.698934007668868,227.74567000911577
1781616155,50,GET,/timeline/{user_id},60.900000,0.000000,3,3,3,3,4,4,13,130,140,140,140,9413,0,3,5.735163934634125,1.8958309956360608,233.33949098014273,7608.172208647615
1781616155,50,GET,/users/{user_id},26.700000,0.000000,2,2,3,3,3,3,5,6,9,9,9,3688,0,2,2.501915739950852,1.5867990150582045,26.789538009325042,263.03118221258137
1781616155,50,,Aggregated,247.000000,0.000000,3,3,3,3,4,5,6,15,180,190,190,37313,0,3,4.345766815584362,1.5867990150582045,272.49232001486234,7816.952938654088
1781616156,50,GET,/feed/{user_id},101.000000,0.000000,3,3,3,3,4,4,6,10,16,16,16,15083,0,3,3.0873918848472424,1.892175991088152,53.2280589977745,9033.272028111118
1781616156,50,GET,/feed/{user_id}?with_fof=true,48.600000,0.000000,3,3,3,3,4,5,22,120,190,190,190,7462,0,3,6.024583448483262,2.005085989367217,272.49232001486234,11251.87161618869
1781616156,50,POST,/likes,4.900000,0.000000,4,4,4,4,5,5,5,6,6,6,6,728,0,4,3.9967128794379967,2.876621001632884,22.891293978318572,180.20604395604394
1781616156,50,POST,/posts,8.100000,0.000000,4,5,5,5,5,6,7,7,7,7,7,1101,0,4,4.56720042797072,3.3848929742816836,20.698934007668868,227.74568574023615
1781616156,50,GET,/timeline/{user_id},59.100000,0.000000,3,3,3,3,4,4,11,130,140,140,140,9480,0,3,5.715055748177933,1.8958309956360608,233.33949098014273,7607.253270042194
1781616156,50,GET,/users/{user_id},25.600000,0.000000,2,2,3,3,3,4,6,7,9,9,9,3708,0,2,2.5031202410865414,1.5867990150582045,26.789538009325042,263.0380258899676
1781616156,50,,Aggregated,247.300000,0.000000,3,3,3,3,4,5,6,14,180,190,190,37562,0,3,4.337387958198056,1.5867990150582045,272.49232001486234,7818.655875618977
1781616157,50,GET,/feed/{user_id},99.000000,0.000000,3,3,3,3,4,4,6,10,16,16,16,15182,0,3,3.0871817124291474,1.892175991088152,53.2280589977745,9036.464892636017
1781616157,50,GET,/feed/{user_id}?with_fof=true,49.100000,0.000000,3,3,3,3,4,5,22,120,190,190,190,7510,0,3,6.017535768781656,2.005085989367217,272.49232001486234,11250.848601864182
1781616157,50,POST,/likes,5.200000,0.000000,4,4,4,4,5,5,5,6,6,6,6,734,0,4,3.9950802250798887,2.876621001632884,22.891293978318572,180.20708446866485
1781616157,50,POST,/posts,7.900000,0.000000,4,5,5,5,5,6,7,7,7,7,7,1108,0,4,4.565863436994072,3.3848929742816836,20.698934007668868,227.74909747292418
1781616157,50,GET,/timeline/{user_id},59.700000,0.000000,3,3,3,3,4,4,6,77,140,140,140,9539,0,3,5.697506197063531,1.8958309956360608,233.33949098014273,7606.115420903659
1781616157,50,GET,/users/{user_id},25.800000,0.000000,2,2,3,3,3,4,6,7,9,9,9,3732,0,2,2.5017960171587315,1.5867990150582045,26.789538009325042,263.0345659163987
1781616157,50,,Aggregated,246.700000,0.000000,3,3,3,3,4,5,6,12,180,190,190,37805,0,3,4.331116685752494,1.5867990150582045,272.49232001486234,7819.242983732311
1781616158,50,GET,/feed/{user_id},99.100000,0.000000,3,3,3,3,4,4,6,9,16,16,16,15283,0,3,3.0853404258327117,1.892175991088152,53.2280589977745,9039.606425440032
1781616158,50,GET,/feed/{user_id}?with_fof=true,49.800000,0.000000,3,3,3,3,4,5,22,110,190,190,190,7558,0,3,6.012734303843582,2.005085989367217,272.49232001486234,11250.006350886479
1781616158,50,POST,/likes,5.300000,0.000000,4,4,4,4,5,5,5,6,6,6,6,737,0,4,3.994743491475896,2.876621001632884,22.891293978318572,180.21031207598372
1781616158,50,POST,/posts,7.500000,0.000000,4,5,5,5,5,6,7,7,7,7,7,1119,0,4,4.563086947477801,3.3848929742816836,20.698934007668868,227.74530831099196
1781616158,50,GET,/timeline/{user_id},60.700000,0.000000,3,3,3,3,4,4,11,130,140,140,140,9590,0,3,5.699210437088142,1.8958309956360608,233.33949098014273,7605.557142857143
1781616158,50,GET,/users/{user_id},24.400000,0.000000,2,2,3,3,3,4,6,7,9,9,9,3764,0,2,2.500283449798722,1.5867990150582045,26.789538009325042,263.03825717321996
1781616158,50,,Aggregated,246.800000,0.000000,3,3,3,3,4,5,6,14,180,190,190,38051,0,3,4.328775034575023,1.5867990150582045,272.49232001486234,7818.319728785052
1781616159,50,GET,/feed/{user_id},98.900000,0.000000,3,3,3,3,4,4,6,10,16,16,16,15396,0,3,3.086493843909008,1.892175991088152,53.2280589977745,9037.516562743569
1781616159,50,GET,/feed/{user_id}?with_fof=true,50.700000,0.000000,3,3,3,3,4,5,14,110,190,190,190,7602,0,3,5.994968472562234,2.005085989367217,272.49232001486234,11251.04511970534
1781616159,50,POST,/likes,5.400000,0.000000,4,4,4,4,5,5,5,6,6,6,6,739,0,4,3.9956927878740567,2.876621001632884,22.891293978318572,180.21109607577807
1781616159,50,POST,/posts,6.900000,0.000000,4,5,5,5,5,6,7,7,7,7,7,1124,0,4,4.563710215475387,3.3848929742816836,20.698934007668868,227.74288256227757
1781616159,50,GET,/timeline/{user_id},60.400000,0.000000,3,3,3,3,4,5,18,140,150,150,150,9653,0,3,5.712268209659962,1.8958309956360608,233.33949098014273,7605.346524396561
1781616159,50,GET,/users/{user_id},23.900000,0.000000,2,2,3,3,3,4,6,7,9,9,9,3781,0,2,2.501253351774604,1.5867990150582045,26.789538009325042,263.03861412324784
1781616159,50,,Aggregated,246.200000,0.000000,3,3,3,3,4,5,7,15,150,190,190,38295,0,3,4.3288575728576015,1.5867990150582045,272.49232001486234,7820.085337511425
1781616160,50,GET,/feed/{user_id},100.300000,0.000000,3,3,3,3,4,4,5,10,16,16,16,15500,0,3,3.0851432422397567,1.892175991088152,53.2280589977745,9035.138129032259
1781616160,50,GET,/feed/{user_id}?with_fof=true,50.100000,0.000000,3,3,3,3,4,5,12,88,190,190,190,7647,0,3,5.976429171758067,2.005085989367217,272.49232001486234,11249.65424349418
1781616160,50,POST,/likes,5.200000,0.000000,4,4,4,4,5,5,6,6,6,6,6,742,0,4,3.9950209302480038,2.876621001632884,22.891293978318572,180.21293800539084
1781616160,50,POST,/posts,6.600000,0.000000,4,5,5,5,5,6,7,7,7,7,7,1129,0,4,4.560984037379322,3.3848929742816836,20.698934007668868,227.7422497785651
1781616160,50,GET,/timeline/{user_id},59.900000,0.000000,3,3,3,3,4,5,18,140,150,150,150,9711,0,3,5.695522002572005,1.8958309956360608,233.33949098014273,7606.143136649161
1781616160,50,GET,/users/{user_id},24.300000,0.000000,2,2,3,3,3,4,6,7,9,9,9,3816,0,2,2.499387030660827,1.5867990150582045,26.789538009325042,263.0372117400419
1781616160,50,,Aggregated,246.400000,0.000000,3,3,3,3,4,5,6,14,150,190,190,38545,0,3,4.319159572332959,1.5867990150582045,272.49232001486234,7817.579245038267
1781616161,50,GET,/feed/{user_id},101.100000,0.000000,3,3,3,3,4,4,5,10,16,16,16,15620,0,3,3.0835652430056624,1.892175991088152,53.2280589977745,9032.436939820742
1781616161,50,GET,/feed/{user_id}?with_fof=true,49.000000,0.000000,3,3,3,3,4,5,12,88,190,190,190,7700,0,3,5.955278512272627,2.005085989367217,272.49232001486234,11245.505974025975
1781616161,50,POST,/likes,5.200000,0.000000,4,4,4,4,4,5,6,6,6,6,6,744,0,4,3.995370328270202,2.876621001632884,22.891293978318572,180.21370967741936
1781616161,50,POST,/posts,6.900000,0.000000,4,5,5,5,5,5,7,7,7,7,7,1134,0,4,4.5612234887305645,3.3848929742816836,20.698934007668868,227.74074074074073
1781616161,50,GET,/timeline/{user_id},60.700000,0.000000,3,3,3,3,4,5,18,140,150,150,150,9762,0,3,5.680909048246262,1.8958309956360608,233.33949098014273,7607.253636549887
1781616161,50,GET,/users/{user_id},23.800000,0.000000,2,2,3,3,3,4,5,7,9,9,9,3838,0,2,2.498098949214976,1.5867990150582045,26.789538009325042,263.04637832204276
1781616161,50,,Aggregated,246.700000,0.000000,3,3,3,3,4,5,6,14,150,190,190,38798,0,3,4.309775104303528,1.5867990150582045,272.49232001486234,7818.469508737564
1781616162,50,GET,/feed/{user_id},102.600000,0.000000,3,3,3,3,4,4,5,9,15,16,16,15727,0,3,3.083505404123878,1.892175991088152,53.2280589977745,9036.310357983086
1781616162,50,GET,/feed/{user_id}?with_fof=true,49.500000,0.000000,3,3,3,3,4,5,6,42,190,190,190,7738,0,3,5.957743067646675,2.005085989367217,272.49232001486234,11244.918712845696
1781616162,50,POST,/likes,5.100000,0.000000,4,4,4,4,4,5,6,6,6,6,6,751,0,4,3.9940787379375067,2.876621001632884,22.891293978318572,180.21304926764313
1781616162,50,POST,/posts,6.700000,0.000000,4,5,5,5,5,5,7,7,7,7,7,1140,0,4,4.561060210746067,3.3848929742816836,20.698934007668868,227.74122807017545
1781616162,50,GET,/timeline/{user_id},59.700000,0.000000,3,3,3,3,4,5,21,140,150,150,150,9818,0,3,5.693521253721065,1.8958309956360608,233.33949098014273,7607.207170503158
1781616162,50,GET,/users/{user_id},23.800000,0.000000,2,2,3,3,3,4,5,7,9,9,9,3867,0,2,2.49662035018907,1.5867990150582045,26.789538009325042,263.05042668735456
1781616162,50,,Aggregated,247.400000,0.000000,3,3,3,3,4,5,6,12,150,190,190,39041,0,3,4.31207934437546,1.5867990150582045,272.49232001486234,7818.113649752824
1781616163,50,GET,/feed/{user_id},102.500000,0.000000,3,3,3,3,4,4,5,9,15,16,16,15822,0,3,3.082484658809723,1.892175991088152,53.2280589977745,9040.358993806092
1781616163,50,GET,/feed/{user_id}?with_fof=true,48.300000,0.000000,3,3,3,3,4,5,11,88,190,190,190,7781,0,3,5.958663449481634,2.005085989367217,272.49232001486234,11241.122734866984
1781616163,50,POST,/likes,4.900000,0.000000,4,4,4,4,4,5,6,6,6,6,6,754,0,4,3.99273087295107,2.876621001632884,22.891293978318572,180.21220159151193
1781616163,50,POST,/posts,6.400000,0.000000,4,5,5,5,5,5,7,7,7,7,7,1146,0,4,4.562479136302421,3.3848929742816836,20.698934007668868,227.74171029668412
1781616163,50,GET,/timeline/{user_id},59.100000,0.000000,3,3,3,3,4,5,12,140,150,150,150,9887,0,3,5.692189826458712,1.8958309956360608,233.33949098014273,7609.525235157277
1781616163,50,GET,/users/{user_id},24.900000,0.000000,2,2,3,3,3,3,5,6,11,11,11,3890,0,2,2.497644600307911,1.5867990150582045,26.789538009325042,263.04807197943444
1781616163,50,,Aggregated,246.100000,0.000000,3,3,3,3,4,5,6,12,150,190,190,39280,0,3,4.311839894345896,1.5867990150582045,272.49232001486234,7819.736278004073
1781616164,50,GET,/feed/{user_id},103.900000,0.000000,3,3,3,3,4,4,5,9,15,16,16,15922,0,3,3.08178932920862,1.892175991088152,53.2280589977745,9040.559603064941
1781616164,50,GET,/feed/{user_id}?with_fof=true,48.700000,0.000000,3,3,3,3,4,5,11,88,190,190,190,7816,0,3,5.945435334734437,2.005085989367217,272.49232001486234,11239.001279426817
1781616164,50,POST,/likes,4.200000,0.000000,4,4,4,4,5,5,6,6,6,6,6,761,0,4,3.9925877085633568,2.876621001632884,22.891293978318572,180.21287779237844
1781616164,50,POST,/posts,6.500000,0.000000,4,5,5,5,5,5,5,6,6,6,6,1151,0,4,4.562614196555431,3.3848929742816836,20.698934007668868,227.74283231972197
1781616164,50,GET,/timeline/{user_id},58.100000,0.000000,3,3,3,3,4,5,11,140,150,150,150,9962,0,3,5.696934578207026,1.8958309956360608,233.33949098014273,7610.754366593053
1781616164,50,GET,/users/{user_id},24.300000,0.000000,2,2,3,3,3,3,5,6,11,11,11,3917,0,2,2.496727748585207,1.5867990150582045,26.789538009325042,263.0571866224151
1781616164,50,,Aggregated,245.700000,0.000000,3,3,3,3,4,5,6,12,150,190,190,39529,0,3,4.309753480272779,1.5867990150582045,272.49232001486234,7817.952085810418
1781616165,50,GET,/feed/{user_id},104.000000,0.000000,3,3,3,3,4,4,5,9,14,16,16,16016,0,3,3.0807014341039545,1.892175991088152,53.2280589977745,9039.219905094906
1781616165,50,GET,/feed/{user_id}?with_fof=true,48.100000,0.000000,3,3,3,3,4,5,6,22,130,130,130,7868,0,3,5.925069993944381,2.005085989367217,272.49232001486234,11241.689755973564
1781616165,50,POST,/likes,4.300000,0.000000,4,4,4,4,5,5,6,6,6,6,6,770,0,4,3.989342830140845,2.876621001632884,22.891293978318572,180.2155844155844
1781616165,50,POST,/posts,6.200000,0.000000,4,5,5,5,5,5,5,6,6,6,6,1153,0,4,4.562646846682946,3.3848929742816836,20.698934007668868,227.74154379878578
1781616165,50,GET,/timeline/{user_id},58.000000,0.000000,3,3,3,3,4,5,11,140,150,150,150,10028,0,3,5.692892038896723,1.8958309956360608,233.33949098014273,7609.23733546071
1781616165,50,GET,/users/{user_id},24.700000,0.000000,2,2,3,3,3,3,4,5,11,11,11,3937,0,2,2.4956032332585987,1.5867990150582045,26.789538009325042,263.0533401066802
1781616165,50,,Aggregated,245.300000,0.000000,3,3,3,3,4,5,6,11,150,150,150,39772,0,3,4.304661620481561,1.5867990150582045,272.49232001486234,7818.671075128231
1781616166,50,GET,/feed/{user_id},101.900000,0.000000,3,3,3,3,4,4,5,9,14,16,16,16110,0,3,3.0802788820914335,1.892175991088152,53.2280589977745,9040.689447548108
1781616166,50,GET,/feed/{user_id}?with_fof=true,47.200000,0.000000,3,3,3,3,4,4,6,22,130,130,130,7912,0,3,5.909387310959345,2.005085989367217,272.49232001486234,11241.286147623863
1781616166,50,POST,/likes,3.900000,0.000000,4,4,4,4,5,5,6,6,6,6,6,778,0,4,3.9886612560558743,2.876621001632884,22.891293978318572,180.20822622107968
1781616166,50,POST,/posts,6.000000,0.000000,4,5,5,5,5,5,5,6,6,6,6,1163,0,4,4.5599387775214115,3.3848929742816836,20.698934007668868,227.74032674118658
1781616166,50,GET,/timeline/{user_id},61.400000,0.000000,3,3,3,3,4,5,12,140,150,150,150,10090,0,3,5.68881254668354,1.8958309956360608,233.33949098014273,7612.068384539148
1781616166,50,GET,/users/{user_id},24.700000,0.000000,2,2,3,3,3,3,4,5,11,11,11,3955,0,2,2.4948550496537676,1.5867990150582045,26.789538009325042,263.05335018963336
1781616166,50,,Aggregated,245.100000,0.000000,3,3,3,3,4,4,6,11,150,150,150,40008,0,3,4.300440481096025,1.5867990150582045,272.49232001486234,7819.380448910218
1781616167,50,GET,/feed/{user_id},102.500000,0.000000,3,3,3,3,4,4,5,6,14,16,16,16224,0,3,3.0798309349431663,1.892175991088152,53.2280589977745,9038.71233974359
1781616167,50,GET,/feed/{user_id}?with_fof=true,46.500000,0.000000,3,3,3,3,4,4,5,10,130,130,130,7961,0,3,5.890444265461955,2.005085989367217,272.49232001486234,11245.32872754679
1781616167,50,POST,/likes,4.100000,0.000000,4,4,4,4,5,5,6,6,6,6,6,779,0,4,3.987865117105054,2.876621001632884,22.891293978318572,180.20667522464697
1781616167,50,POST,/posts,5.800000,0.000000,4,5,5,5,5,5,5,6,6,6,6,1171,0,4,4.562005458765899,3.3848929742816836,20.698934007668868,227.74124679760888
1781616167,50,GET,/timeline/{user_id},61.500000,0.000000,3,3,3,3,4,5,12,140,150,150,150,10147,0,3,5.686668786733779,1.8958309956360608,233.33949098014273,7609.861141224007
1781616167,50,GET,/users/{user_id},24.800000,0.000000,2,2,3,3,3,3,4,5,11,11,11,3979,0,2,2.4934622619546727,1.5867990150582045,26.789538009325042,263.0550389545112
1781616167,50,,Aggregated,245.200000,0.000000,3,3,3,3,4,4,5,10,150,150,150,40261,0,3,4.295317397074229,1.5867990150582045,272.49232001486234,7819.953652417973
1781616168,50,GET,/feed/{user_id},103.000000,0.000000,3,3,3,3,4,4,5,6,14,16,16,16320,0,3,3.077810234764697,1.892175991088152,53.2280589977745,9046.517769607843
1781616168,50,GET,/feed/{user_id}?with_fof=true,45.600000,0.000000,3,3,3,3,4,4,5,11,130,130,130,8014,0,3,5.882756539227604,2.005085989367217,272.49232001486234,11244.195782380833
1781616168,50,POST,/likes,4.500000,0.000000,4,4,4,4,5,5,6,6,6,6,6,784,0,4,3.988095195493269,2.876621001632884,22.891293978318572,180.20663265306123
1781616168,50,POST,/posts,5.800000,0.000000,4,5,5,5,5,5,6,6,6,6,6,1180,0,4,4.561343991692904,3.3848929742816836,20.698934007668868,227.73898305084745
1781616168,50,GET,/timeline/{user_id},61.700000,0.000000,3,3,3,3,4,5,13,140,150,150,150,10205,0,3,5.6839579471744255,1.8958309956360608,233.33949098014273,7610.56295933366
1781616168,50,GET,/users/{user_id},24.600000,0.000000,2,2,3,3,3,3,4,5,11,11,11,4012,0,2,2.4918633390513176,1.5867990150582045,26.789538009325042,263.0638085742772
1781616168,50,,Aggregated,245.200000,0.000000,3,3,3,3,4,4,5,10,150,150,150,40515,0,3,4.291878885533337,1.5867990150582045,272.49232001486234,7821.334715537455
1781616169,50,GET,/feed/{user_id},103.200000,0.000000,3,3,3,3,4,4,5,6,10,12,12,16435,0,3,3.0763458402450263,1.892175991088152,53.2280589977745,9048.103620322483
1781616169,50,GET,/feed/{user_id}?with_fof=true,44.600000,0.000000,3,3,3,3,4,4,5,11,130,130,130,8059,0,3,5.866832553465175,2.005085989367217,272.49232001486234,11245.010299044547
1781616169,50,POST,/likes,4.900000,0.000000,4,4,4,4,5,5,6,6,6,6,6,789,0,4,3.9871356227076333,2.876621001632884,22.891293978318572,180.20912547528516
1781616169,50,POST,/posts,6.200000,0.000000,4,5,5,5,5,5,6,6,6,6,6,1189,0,4,4.5599632381866515,3.3848929742816836,20.698934007668868,227.73843566021867
1781616169,50,GET,/timeline/{user_id},60.700000,0.000000,3,3,3,3,4,4,12,140,150,150,150,10247,0,3,5.671888646234722,1.8958309956360608,233.33949098014273,7611.085293256563
1781616169,50,GET,/users/{user_id},24.800000,0.000000,2,2,2,3,3,3,4,4,11,11,11,4043,0,2,2.4903912755942668,1.5867990150582045,26.789538009325042,263.0655453870888
1781616169,50,,Aggregated,244.400000,0.000000,3,3,3,3,4,4,5,10,150,150,150,40762,0,3,4.283319969935674,1.5867990150582045,272.49232001486234,7820.922722143173
1781616170,50,GET,/feed/{user_id},104.300000,0.000000,3,3,3,3,4,4,5,9,12,19,19,16554,0,3,3.0769577997776043,1.892175991088152,53.2280589977745,9050.358463211309
1781616170,50,GET,/feed/{user_id}?with_fof=true,44.500000,0.000000,3,3,3,3,4,4,5,22,130,130,130,8105,0,3,5.864473076542709,2.005085989367217,272.49232001486234,11244.082171499074
1781616170,50,POST,/likes,4.500000,0.000000,4,4,4,4,5,5,6,6,6,6,6,793,0,4,3.9869201807278793,2.876621001632884,22.891293978318572,180.20680958385876
1781616170,50,POST,/posts,6.300000,0.000000,4,5,5,5,5,5,6,6,6,6,6,1194,0,4,4.559493419752102,3.3848929742816836,20.698934007668868,227.73701842546063
1781616170,50,GET,/timeline/{user_id},61.300000,0.000000,3,3,3,3,4,4,12,140,150,150,150,10291,0,3,5.659655121180943,1.8958309956360608,233.33949098014273,7609.989311048489
1781616170,50,GET,/users/{user_id},24.300000,0.000000,2,2,3,3,3,3,4,4,11,11,11,4067,0,2,2.4911058611282426,1.5867990150582045,26.789538009325042,263.06687976395375
1781616170,50,,Aggregated,245.200000,0.000000,3,3,3,3,4,4,5,10,150,150,150,41004,0,3,4.278802432413423,1.5867990150582045,272.49232001486234,7822.45719929763
1781616171,50,GET,/feed/{user_id},103.500000,0.000000,3,3,3,3,4,4,5,7,12,19,19,16655,0,3,3.076155478693517,1.892175991088152,53.2280589977745,9051.511017712399
1781616171,50,GET,/feed/{user_id}?with_fof=true,45.800000,0.000000,3,3,3,3,4,4,6,22,130,130,130,8144,0,3,5.851579555554604,2.005085989367217,272.49232001486234,11244.511787819254
1781616171,50,POST,/likes,4.800000,0.000000,4,4,4,4,5,5,5,6,6,6,6,800,0,4,3.9861852766625816,2.876621001632884,22.891293978318572,180.20625
1781616171,50,POST,/posts,5.900000,0.000000,4,5,5,5,5,5,6,9,9,9,9,1202,0,4,4.562632807112259,3.3848929742816836,20.698934007668868,227.73627287853577
1781616171,50,GET,/timeline/{user_id},60.900000,0.000000,3,3,3,3,4,4,12,140,150,150,150,10353,0,3,5.643485366855336,1.8958309956360608,233.33949098014273,7610.031295276732
1781616171,50,GET,/users/{user_id},25.300000,0.000000,2,2,3,3,3,3,4,4,11,11,11,4104,0,2,2.488903132617677,1.5867990150582045,26.789538009325042,263.062865497076
1781616171,50,,Aggregated,246.200000,0.000000,3,3,3,3,4,4,6,10,150,150,150,41258,0,3,4.270767577509149,1.5867990150582045,272.49232001486234,7819.389888021717
1781616172,50,GET,/feed/{user_id},103.400000,0.000000,3,3,3,3,4,4,5,7,19,20,20,16744,0,3,3.0752180315719837,1.892175991088152,53.2280589977745,9048.042761586239
1781616172,50,GET,/feed/{user_id}?with_fof=true,45.000000,0.000000,3,3,3,3,4,4,5,18,130,130,130,8195,0,3,5.832293684497877,2.005085989367217,272.49232001486234,11247.00793166565
1781616172,50,POST,/likes,5.100000,0.000000,4,4,4,4,5,5,5,6,6,6,6,805,0,4,3.9853110177346984,2.876621001632884,22.891293978318572,180.2
1781616172,50,POST,/posts,6.500000,0.000000,4,5,5,5,5,5,6,9,9,9,9,1215,0,4,4.558758180322118,3.376840992132202,20.698934007668868,227.7358024691358
1781616172,50,GET,/timeline/{user_id},59.700000,0.000000,3,3,3,3,3,4,10,140,150,150,150,10422,0,3,5.623575470937429,1.8958309956360608,233.33949098014273,7606.01093839954
1781616172,50,GET,/users/{user_id},25.900000,0.000000,2,2,3,3,3,3,4,4,11,11,11,4132,0,2,2.4878098514887377,1.5867990150582045,26.789538009325042,263.05977734753145
1781616172,50,,Aggregated,245.600000,0.000000,3,3,3,3,4,4,5,9,140,150,150,41513,0,3,4.261862498203708,1.5867990150582045,272.49232001486234,7815.581311878207
1781616173,50,GET,/feed/{user_id},105.400000,0.000000,3,3,3,3,4,4,5,7,19,20,20,16852,0,3,3.073961979448177,1.892175991088152,53.2280589977745,9048.788037028246
1781616173,50,GET,/feed/{user_id}?with_fof=true,45.900000,0.000000,3,3,3,3,4,4,5,10,120,120,120,8236,0,3,5.830504820002529,2.005085989367217,272.49232001486234,11249.628096163186
1781616173,50,POST,/likes,5.200000,0.000000,4,4,4,4,5,5,5,6,6,6,6,809,0,4,3.9840149583467093,2.876621001632884,22.891293978318572,180.1965389369592
1781616173,50,POST,/posts,6.700000,0.000000,4,5,5,5,5,5,6,9,9,9,9,1218,0,4,4.558705238182685,3.376840992132202,20.698934007668868,227.73481116584566
1781616173,50,GET,/timeline/{user_id},57.600000,0.000000,3,3,3,3,3,4,6,140,150,150,150,10479,0,3,5.625791501870459,1.8958309956360608,233.33949098014273,7608.078347170532
1781616173,50,GET,/users/{user_id},25.700000,0.000000,2,2,3,3,3,3,4,4,5,5,5,4157,0,2,2.4862139979036293,1.5867990150582045,26.789538009325042,263.0565311522733
1781616173,50,,Aggregated,246.500000,0.000000,3,3,3,3,4,4,5,9,140,150,150,41751,0,3,4.260637512730148,1.5867990150582045,272.49232001486234,7817.390050537711
1781616174,50,GET,/feed/{user_id},103.400000,0.000000,3,3,3,3,4,4,5,7,19,20,20,16943,0,3,3.07353172571404,1.892175991088152,53.2280589977745,9047.059139467627
1781616174,50,GET,/feed/{user_id}?with_fof=true,44.500000,0.000000,3,3,3,3,4,4,5,10,120,120,120,8289,0,3,5.811462475278812,2.005085989367217,272.49232001486234,11253.752442996743
1781616174,50,POST,/likes,5.700000,0.000000,4,4,4,4,5,5,5,6,6,6,6,815,0,4,3.98304175622647,2.876621001632884,22.891293978318572,180.1950920245399
1781616174,50,POST,/posts,6.900000,0.000000,4,5,5,5,5,5,6,9,9,9,9,1222,0,4,4.5583513609660296,3.376840992132202,20.698934007668868,227.73649754500818
1781616174,50,GET,/timeline/{user_id},59.200000,0.000000,3,3,3,3,3,4,5,55,150,150,150,10545,0,3,5.608129743300621,1.8958309956360608,233.33949098014273,7613.555144618303
1781616174,50,GET,/users/{user_id},26.800000,0.000000,2,2,2,3,3,3,4,4,5,5,5,4181,0,2,2.4842236369959183,1.5867990150582045,26.789538009325042,263.0631427888065
1781616174,50,,Aggregated,246.500000,0.000000,3,3,3,3,4,4,5,7,140,150,150,41995,0,3,4.252573212291204,1.5867990150582045,272.49232001486234,7819.422216930587
1781616175,50,GET,/feed/{user_id},102.000000,0.000000,3,3,3,3,4,4,5,6,19,20,20,17053,0,3,3.0725302392523233,1.8581340264063329,53.2280589977745,9053.304286635783
1781616175,50,GET,/feed/{user_id}?with_fof=true,45.500000,0.000000,3,3,3,3,4,4,5,11,120,120,120,8333,0,3,5.797405123794762,2.005085989367217,272.49232001486234,11252.783751350054
1781616175,50,POST,/likes,5.200000,0.000000,4,4,4,4,5,5,6,6,6,6,6,819,0,4,3.981115732969425,2.876621001632884,22.891293978318572,180.1953601953602
1781616175,50,POST,/posts,7.400000,0.000000,4,5,5,5,5,5,6,9,9,9,9,1232,0,4,4.556921582886164,3.376840992132202,20.698934007668868,227.73457792207793
1781616175,50,GET,/timeline/{user_id},60.200000,0.000000,3,3,3,3,3,4,4,13,140,140,140,10603,0,3,5.592547672736644,1.8958309956360608,233.33949098014273,7612.42365368292
1781616175,50,GET,/users/{user_id},26.400000,0.000000,2,2,3,3,3,3,4,4,5,5,5,4203,0,2,2.4841137471591757,1.5867990150582045,26.789538009325042,263.06852248394006
1781616175,50,,Aggregated,246.700000,0.000000,3,3,3,3,4,4,5,6,140,140,140,42243,0,3,4.2449354755889965,1.5867990150582045,272.49232001486234,7821.504130861918
1781616176,50,GET,/feed/{user_id},103.400000,0.000000,3,3,3,3,4,4,5,7,19,20,20,17164,0,3,3.071322266019796,1.8581340264063329,53.2280589977745,9054.098112328129
1781616176,50,GET,/feed/{user_id}?with_fof=true,46.000000,0.000000,3,3,3,3,4,4,5,18,120,120,120,8380,0,3,5.793414362717358,2.005085989367217,272.49232001486234,11252.321957040573
1781616176,50,POST,/likes,5.400000,0.000000,4,4,4,4,5,5,5,5,5,5,5,826,0,4,3.9804062812271153,2.876621001632884,22.891293978318572,180.19249394673125
1781616176,50,POST,/posts,7.200000,0.000000,4,5,5,5,5,5,6,9,9,9,9,1240,0,4,4.554272821828378,3.376840992132202,20.698934007668868,227.73225806451612
1781616176,50,GET,/timeline/{user_id},57.800000,0.000000,3,3,3,3,3,4,4,6,140,140,140,10664,0,3,5.575714575763689,1.8958309956360608,233.33949098014273,7612.173199549888
1781616176,50,GET,/users/{user_id},26.500000,0.000000,2,2,3,3,3,3,4,4,5,5,5,4227,0,2,2.483308141094771,1.5867990150582045,26.789538009325042,263.0764135320558
1781616176,50,,Aggregated,246.300000,0.000000,3,3,3,3,4,4,5,6,140,140,140,42501,0,3,4.2388759174901205,1.5867990150582045,272.49232001486234,7821.426884073316
1781616177,50,GET,/feed/{user_id},102.400000,0.000000,3,3,3,3,4,4,5,7,19,20,20,17255,0,3,3.0717602483349333,1.8581340264063329,53.2280589977745,9055.258359895683
1781616177,50,GET,/feed/{user_id}?with_fof=true,47.100000,0.000000,3,3,3,3,4,4,6,110,120,120,120,8429,0,3,5.791187295371553,2.005085989367217,272.49232001486234,11252.313441689406
1781616177,50,POST,/likes,5.400000,0.000000,4,4,4,4,5,5,5,6,6,6,6,831,0,4,3.9814528343032385,2.876621001632884,22.891293978318572,180.1925391095066
1781616177,50,POST,/posts,7.300000,0.000000,4,4,5,5,5,5,9,9,9,9,9,1251,0,4,4.556302345345924,3.376840992132202,20.698934007668868,227.7330135891287
1781616177,50,GET,/timeline/{user_id},58.100000,0.000000,3,3,3,3,3,4,4,13,140,140,140,10723,0,3,5.587116978177918,1.8958309956360608,233.33949098014273,7611.911871677702
1781616177,50,GET,/users/{user_id},26.300000,0.000000,2,2,3,3,3,3,4,4,5,5,5,4251,0,2,2.4831774103486683,1.5867990150582045,26.789538009325042,263.07151258527404
1781616177,50,,Aggregated,246.600000,0.000000,3,3,3,3,4,4,5,9,140,140,140,42740,0,3,4.241747891095785,1.5867990150582045,272.49232001486234,7821.004094525035
