Timestamp,User Count,Type,Name,Requests/s,Failures/s,50%,66%,75%,80%,90%,95%,98%,99%,99.9%,99.99%,100%,Total Request Count,Total Failure Count,Total Median Response Time,Total Average Response Time,Total Min Response Time,Total Max Response Time,Total Average Content Size
1781648578,0,,Aggregated,0.000000,0.000000,N/A,N/A,N/A,N/A,N/A,N/A,N/A,N/A,N/A,N/A,N/A,0,0,0,0.0,0,0,0
1781648579,20,GET,/feed/{user_id},0.000000,0.000000,0,0,0,0,0,0,0,0,0,0,0,19,0,14,32.352257363718785,2.5165409897454083,106.40741299721412,745.6842105263158
1781648579,20,POST,/likes,0.000000,0.000000,0,0,0,0,0,0,0,0,0,0,0,1,0,44.20582501916215,44.20582501916215,44.20582501916215,44.20582501916215,181.0
1781648579,20,GET,/users/{user_id},0.000000,0.000000,0,0,0,0,0,0,0,0,0,0,0,3,0,17,30.17747801883767,3.2445730175822973,70.27082002605312,265.3333333333333
1781648579,20,,Aggregated,0.000000,0.000000,0,0,0,0,0,0,0,0,0,0,0,23,0,15,32.58396299940574,2.5165409897454083,106.40741299721412,658.4782608695652
1781648580,40,GET,/feed/{user_id},0.000000,0.000000,10,35,45,51,110,140,210,210,210,210,210,60,0,12,35.4469952818666,2.5165409897454083,207.00879499781877,1399.2333333333333
1781648580,40,GET,/feed/{user_id}?with_fof=true,0.000000,0.000000,0,0,0,0,0,0,0,0,0,0,0,4,0,110.0,814.2067922599381,8.982991013908759,1573.3381460013334,1977.25
1781648580,40,POST,/likes,0.000000,0.000000,44,44,44,44,44,44,44,44,44,44,44,1,0,44.20582501916215,44.20582501916215,44.20582501916215,44.20582501916215,181.0
1781648580,40,POST,/posts,0.000000,0.000000,0,0,0,0,0,0,0,0,0,0,0,1,0,56.738915998721495,56.738915998721495,56.738915998721495,56.738915998721495,228.0
1781648580,40,GET,/timeline/{user_id},0.000000,0.000000,0,0,0,0,0,0,0,0,0,0,0,32,0,100.0,452.3250143720361,2.4684889940544963,1548.5827590164263,717.59375
1781648580,40,GET,/users/{user_id},0.000000,0.000000,7,12,89,89,120,160,160,160,160,160,160,15,0,7,36.25200940296054,2.026898000622168,163.93653900013305,267.1333333333333
1781648580,40,,Aggregated,0.000000,0.000000,31,82,120,140,1100,1300,1600,1600,1600,1600,1600,113,0,24,181.44046219397518,2.026898000622168,1573.3381460013334,1055.2389380530974
1781648581,60,GET,/feed/{user_id},19.000000,0.000000,10,31,44,51,97,140,200,210,210,210,210,81,0,11,34.08678325775574,2.5165409897454083,207.00879499781877,1502.2469135802469
1781648581,60,GET,/feed/{user_id}?with_fof=true,0.000000,0.000000,9,9,1700,1700,1700,1700,1700,1700,1700,1700,1700,6,0,110.0,833.0652721779188,5.030639003962278,1736.5338250237983,1675.5
1781648581,60,POST,/likes,1.000000,0.000000,44,44,77,77,77,77,77,77,77,77,77,3,0,44,44.56689967385804,12.17670799815096,77.318166004261,181.66666666666666
1781648581,60,POST,/posts,0.000000,0.000000,17,17,17,17,17,17,17,17,17,17,17,3,0,17,26.863262668484822,6.814742024289444,56.738915998721495,229.33333333333334
1781648581,60,GET,/timeline/{user_id},0.000000,0.000000,58,93,1000,1000,1800,2200,2200,2200,2200,2200,2200,44,0,82,451.2464378851953,2.4684889940544963,2202.625664009247,1277.090909090909
1781648581,60,GET,/users/{user_id},3.000000,0.000000,11,40,89,89,120,160,160,160,160,160,160,22,0,11,38.27114900129593,2.026898000622168,163.93653900013305,268.0
1781648581,60,,Aggregated,23.000000,0.000000,17,58,99,120,1100,1300,1700,1800,2200,2200,2200,159,0,17,180.31773653427584,2.026898000622168,2202.625664009247,1226.7672955974842
1781648582,80,GET,/feed/{user_id},29.500000,0.000000,12,45,74,110,820,1700,1800,1800,1800,1800,1800,113,0,14,178.41604629153412,2.4623299832455814,1779.6639550069813,1555.212389380531
1781648582,80,GET,/feed/{user_id}?with_fof=true,1.500000,0.000000,780,820,1700,2800,3300,3300,3300,3300,3300,3300,3300,12,0,780.0,1058.529205591185,5.030639003962278,3321.256934024859,2785.3333333333335
1781648582,80,POST,/likes,0.500000,0.000000,44,77,77,1700,1700,1700,1700,1700,1700,1700,1700,5,0,44,375.05990840145387,11.629768006969243,1729.969074978726,181.2
1781648582,80,POST,/posts,0.500000,0.000000,87,87,97,97,97,97,97,97,97,97,97,5,0,57,52.96990660135634,6.814742024289444,97.02573899994604,229.6
1781648582,80,GET,/timeline/{user_id},16.000000,0.000000,110,1300,1700,1700,1800,2200,2600,2600,2600,2600,2600,66,0,100.0,604.2571168328516,2.4684889940544963,2641.477284982102,1127.1515151515152
1781648582,80,GET,/users/{user_id},7.500000,0.000000,12,89,99,160,800,830,1700,1700,1700,1700,1700,28,0,12,171.78252442993522,2.026898000622168,1703.404275001958,268.10714285714283
1781648582,80,,Aggregated,55.500000,0.000000,32,97,210,830,1700,1700,2100,2600,3300,3300,3300,229,0,31,348.0104505155372,2.026898000622168,3321.256934024859,1279.9825327510916
1781648583,100,GET,/feed/{user_id},27.000000,0.000000,15,58,96,130,830,1700,1700,1800,1800,1800,1800,120,0,14,190.4428918081976,2.4623299832455814,1779.6639550069813,1553.925
1781648583,100,GET,/feed/{user_id}?with_fof=true,2.000000,0.000000,820,1700,2500,2800,3300,3300,3300,3300,3300,3300,3300,16,0,820.0,1232.1790563782997,5.030639003962278,3324.0286569925956,2469.9375
1781648583,100,POST,/likes,0.666667,0.000000,44,77,77,1700,1700,1700,1700,1700,1700,1700,1700,5,0,44,375.05990840145387,11.629768006969243,1729.969074978726,181.2
1781648583,100,POST,/posts,1.000000,0.000000,87,87,97,97,97,97,97,97,97,97,97,5,0,57,52.96990660135634,6.814742024289444,97.02573899994604,229.6
1781648583,100,GET,/timeline/{user_id},14.000000,0.000000,58,1200,1700,1700,2100,2600,3200,3200,3200,3200,3200,77,0,93,628.4866218440773,2.4684889940544963,3239.7496060002595,1005.3506493506494
1781648583,100,GET,/users/{user_id},7.000000,0.000000,12,89,99,160,800,830,1700,1700,1700,1700,1700,28,0,12,171.78252442993522,2.026898000622168,1703.404275001958,268.10714285714283
1781648583,100,,Aggregated,51.666667,0.000000,39,110,780,1100,1700,1800,2700,3200,3300,3300,3300,251,0,33,390.08582294853665,2.026898000622168,3324.0286569925956,1246.8645418326694
1781648584,100,GET,/feed/{user_id},27.750000,0.000000,11,45,94,120,830,1700,1700,1800,1800,1800,1800,130,0,12,186.46364570752036,2.4623299832455814,1779.6639550069813,1488.746153846154
1781648584,100,GET,/feed/{user_id}?with_fof=true,3.000000,0.000000,1100,1700,2800,3300,3700,4100,4100,4100,4100,4100,4100,21,0,1100.0,1369.8299918587077,5.030639003962278,4061.376563011436,3088.7619047619046
1781648584,100,POST,/likes,1.250000,0.000000,44,77,77,1700,1700,1700,1700,1700,1700,1700,1700,5,0,44,375.05990840145387,11.629768006969243,1729.969074978726,181.2
1781648584,100,POST,/posts,1.250000,0.000000,17,87,87,97,97,97,97,97,97,97,97,6,0,17,46.22825417027343,6.814742024289444,97.02573899994604,229.16666666666666
1781648584,100,GET,/timeline/{user_id},16.500000,0.000000,53,1000,1700,1700,2100,2600,3200,3200,3200,3200,3200,81,0,65,598.0020303823152,2.4684889940544963,3239.7496060002595,1016.3827160493827
1781648584,100,GET,/users/{user_id},7.000000,0.000000,12,89,120,160,830,1400,1700,1700,1700,1700,1700,30,0,12,207.37786800115524,2.026898000622168,1703.404275001958,268.1666666666667
1781648584,100,,Aggregated,56.750000,0.000000,30,100,620,1100,1700,1800,3200,3300,4100,4100,4100,273,0,24,402.2669353078447,2.026898000622168,4061.376563011436,1285.9120879120878
1781648585,100,GET,/feed/{user_id},24.000000,0.000000,11,43,78,120,1300,1700,2000,2200,2200,2200,2200,160,0,11,220.88539630622108,2.3586050083395094,2244.1738919878844,1563.9
1781648585,100,GET,/feed/{user_id}?with_fof=true,3.200000,0.000000,11,820,1700,2800,4100,4900,5300,5300,5300,5300,5300,41,0,11,1068.756037902814,2.3876280174590647,5254.251562990248,5056.268292682927
1781648585,100,POST,/likes,1.000000,0.000000,17,44,77,77,1700,1700,1700,1700,1700,1700,1700,7,0,17,272.1090480003373,11.629768006969243,1729.969074978726,181.0
1781648585,100,POST,/posts,1.000000,0.000000,17,17,87,87,97,97,97,97,97,97,97,7,0,17,40.59427286015956,6.790384999476373,97.02573899994604,229.14285714285714
1781648585,100,GET,/timeline/{user_id},15.200000,0.000000,12,110,1300,1700,2100,3200,3900,3900,3900,3900,3900,109,0,22,593.0466073030636,2.4684889940544963,3939.8905870039016,1110.0091743119267
1781648585,100,GET,/users/{user_id},5.600000,0.000000,12,89,160,620,1400,1700,2200,2200,2200,2200,2200,35,0,12,281.55707737314515,2.017223014263436,2241.499975993065,268.2
1781648585,100,,Aggregated,50.000000,0.000000,12,77,210,1100,1700,2200,3800,4100,5300,5300,5300,359,0,13,434.11187218141566,2.017223014263436,5254.251562990248,1645.6267409470752
1781648586,100,GET,/feed/{user_id},21.500000,0.000000,10,31,74,120,1100,1700,1800,2200,2200,2200,2200,182,0,11,205.74444973061583,2.3586050083395094,2244.1738919878844,1665.6263736263736
1781648586,100,GET,/feed/{user_id}?with_fof=true,3.500000,0.000000,11,1100,3300,3700,5300,5700,5700,5800,5800,5800,5800,55,0,12,1402.293534600705,2.3876280174590647,5765.353318012785,5499.8
1781648586,100,POST,/likes,0.833333,0.000000,18,44,77,77,1700,1700,1700,1700,1700,1700,1700,8,0,17,240.3344861268124,11.629768006969243,1729.969074978726,181.125
1781648586,100,POST,/posts,1.000000,0.000000,13,17,87,97,710,710,710,710,710,710,710,10,0,13,101.05066970281769,6.573480990482494,707.752212008927,229.1
1781648586,100,GET,/timeline/{user_id},13.000000,0.000000,13,270,1200,1500,2200,3700,3900,4000,4000,4000,4000,128,0,22,621.6991431012957,2.352436014916748,3962.111555010779,1203.140625
1781648586,100,GET,/users/{user_id},5.000000,0.000000,10,89,120,230,1400,1700,2200,2200,2200,2200,2200,41,0,10,246.70405953727868,2.017223014263436,2241.499975993065,268.3170731707317
1781648586,100,,Aggregated,44.833333,0.000000,12,78,260,830,1700,2800,4700,5400,5800,5800,5800,424,0,12,488.67257924067883,2.017223014263436,5765.353318012785,1826.3584905660377
1781648587,100,GET,/feed/{user_id},22.571429,0.000000,10,24,74,140,1700,4800,4900,4900,5000,5000,5000,251,0,10,472.76711717537376,1.9157610076945275,4965.497842000332,1619.613545816733
1781648587,100,GET,/feed/{user_id}?with_fof=true,5.285714,0.000000,39,4100,4900,5500,6100,6900,7300,7400,7400,7400,7400,92,0,60,2233.400922423955,2.3876280174590647,7435.971366998274,6348.673913043478
1781648587,100,POST,/likes,1.000000,0.000000,18,44,77,1700,4800,4800,4800,4800,4800,4800,4800,10,0,17,672.305481202784,3.952669008867815,4796.426254004473,181.1
1781648587,100,POST,/posts,1.000000,0.000000,13,17,97,97,710,4800,4800,4800,4800,4800,4800,13,0,13,451.14210684550926,6.516084977192804,4835.581118997652,228.84615384615384
1781648587,100,GET,/timeline/{user_id},15.428571,0.000000,11,63,1000,1700,3800,4800,4900,4900,5800,5800,5800,178,0,11,749.4325120675016,2.3303419875446707,5771.815190993948,1186.0
1781648587,100,GET,/users/{user_id},4.857143,0.000000,10,41,160,800,4700,4800,4800,4800,4800,4800,4800,62,0,10,627.3327741768181,2.017223014263436,4815.36411200068,268.11290322580646
1781648587,100,,Aggregated,50.142857,0.000000,11,70,790,1400,4800,4900,5800,6900,7400,7400,7400,606,0,11,839.9652683531685,1.9157610076945275,7435.971366998274,2018.3465346534654
1781648588,100,GET,/feed/{user_id},22.375000,0.000000,8,15,74,200,1100,3800,4800,4900,5000,5000,5000,352,0,9,367.2812154915267,1.9157610076945275,4965.497842000332,1539.2982954545455
1781648588,100,GET,/feed/{user_id}?with_fof=true,6.625000,0.000000,100,2800,4800,5300,5800,6700,7100,7300,7400,7400,7400,131,0,110.0,1959.4755971454126,2.3876280174590647,7435.971366998274,6519.4503816793895
1781648588,100,POST,/likes,1.000000,0.000000,44,420,600,600,1700,4800,4800,4800,4800,4800,4800,16,0,18,559.3880362539494,3.615327994339168,4796.426254004473,181.0
1781648588,100,POST,/posts,1.250000,0.000000,13,97,500,510,710,4800,4800,4800,4800,4800,4800,20,0,13,395.8135984503315,2.9597860120702535,4835.581118997652,228.7
1781648588,100,GET,/timeline/{user_id},15.875000,0.000000,8,53,440,890,2600,4800,4800,4900,5800,5800,5800,237,0,10,619.7460129367579,2.09897497552447,5771.815190993948,1197.168776371308
1781648588,100,GET,/users/{user_id},5.125000,0.000000,7,12,89,230,1400,4800,4800,4800,4800,4800,4800,87,0,7,463.5600570914464,1.782551989890635,4815.36411200068,268.4942528735632
1781648588,100,,Aggregated,52.250000,0.000000,10,58,420,720,3700,4900,5700,6300,7400,7400,7400,843,0,10,699.941045861333,1.782551989890635,7435.971366998274,2028.9905100830367
1781648589,100,GET,/feed/{user_id},26.888889,0.000000,8,18,120,420,610,1800,4800,4900,5000,5000,5000,460,0,9,314.6560673001501,1.9157610076945275,4965.497842000332,1576.3152173913043
1781648589,100,GET,/feed/{user_id}?with_fof=true,10.111111,0.000000,37,600,3500,4800,5700,6300,7000,7300,7400,7400,7400,172,0,39,1643.0951595755814,2.3876280174590647,7435.971366998274,6867.639534883721
1781648589,100,POST,/likes,1.111111,0.000000,18,420,600,600,1700,4800,4800,4800,4800,4800,4800,17,0,18,526.9685761218973,3.615327994339168,4796.426254004473,181.05882352941177
1781648589,100,POST,/posts,1.444444,0.000000,13,97,500,520,580,710,4800,4800,4800,4800,4800,26,0,13,347.52984680884623,2.9597860120702535,4835.581118997652,228.80769230769232
1781648589,100,GET,/timeline/{user_id},19.111111,0.000000,8,22,350,540,1800,3900,4800,4900,5800,5800,5800,294,0,9,527.639965092182,2.09897497552447,5771.815190993948,1176.2619047619048
1781648589,100,GET,/users/{user_id},6.777778,0.000000,8,59,470,540,1400,4800,4800,4800,4800,4800,4800,112,0,8,418.5915715713366,1.782551989890635,4815.36411200068,268.50892857142856
1781648589,100,,Aggregated,65.444444,0.000000,9,53,470,540,2200,4800,5700,6200,7400,7400,7400,1081,0,10,598.849959268513,1.782551989890635,7435.971366998274,2119.574468085106
1781648590,100,GET,/feed/{user_id},34.000000,0.000000,8,15,260,480,580,1700,4800,4900,5000,5000,5000,562,0,8,287.4403738843346,1.9157610076945275,4965.497842000332,1607.2633451957295
1781648590,100,GET,/feed/{user_id}?with_fof=true,12.400000,0.000000,13,530,2100,3700,5600,6200,7000,7300,7500,7500,7500,230,0,13,1375.5393835174366,2.155780006432906,7480.089056974975,7137.221739130435
1781648590,100,POST,/likes,1.600000,0.000000,18,540,600,620,1700,4800,4800,4800,4800,4800,4800,21,0,18,483.4985143859826,3.615327994339168,4796.426254004473,181.28571428571428
1781648590,100,POST,/posts,2.000000,0.000000,13,440,520,520,610,710,4800,4800,4800,4800,4800,31,0,13,329.1837375164182,2.958292985567823,4835.581118997652,228.83870967741936
1781648590,100,GET,/timeline/{user_id},23.200000,0.000000,8,16,440,510,1700,3800,4800,4900,5800,5800,5800,349,0,8,480.4104636161439,2.09897497552447,5771.815190993948,1276.2263610315185
1781648590,100,GET,/users/{user_id},8.700000,0.000000,7,41,500,540,830,4700,4800,4800,4800,4800,4800,140,0,7,365.9462886783461,1.7621209844946861,4815.36411200068,268.35714285714283
1781648590,100,,Aggregated,81.900000,0.000000,8,48,490,530,1700,4800,5600,6200,7400,7500,7500,1333,0,9,538.0115868072946,1.7621209844946861,7480.089056974975,2279.6076519129783
1781648591,100,GET,/feed/{user_id},42.500000,0.000000,7,11,180,400,520,760,4800,4900,5000,5000,5000,683,0,8,253.82517685916508,1.9157610076945275,4965.497842000332,1663.3689604685212
1781648591,100,GET,/feed/{user_id}?with_fof=true,17.000000,0.000000,11,460,570,2200,5300,6000,6900,7300,7500,7500,7500,292,0,12,1147.8902294353522,2.155780006432906,7480.089056974975,7088.390410958904
1781648591,100,POST,/likes,1.600000,0.000000,17,420,570,600,640,1700,4800,4800,4800,4800,4800,25,0,17,422.30846308288164,3.615327994339168,4796.426254004473,181.24
1781648591,100,POST,/posts,2.600000,0.000000,10,97,440,510,580,710,4800,4800,4800,4800,4800,40,0,10,271.6445577745617,2.958292985567823,4835.581118997652,228.725
1781648591,100,GET,/timeline/{user_id},28.400000,0.000000,8,15,350,420,760,3500,4800,4900,5800,5800,5800,424,0,8,425.0701547521117,1.9742089789360762,5771.815190993948,1249.3207547169811
1781648591,100,GET,/users/{user_id},10.800000,0.000000,7,28,360,500,630,1700,4800,4800,4800,4800,4800,165,0,7,320.1881139824929,1.7621209844946861,4815.36411200068,268.1939393939394
1781648591,100,,Aggregated,102.900000,0.000000,8,30,380,480,760,4700,5300,5800,7400,7500,7500,1629,0,8,468.4044328422307,1.7621209844946861,7480.089056974975,2328.7507673419277
1781648592,100,GET,/feed/{user_id},49.300000,0.000000,7,11,210,280,500,580,4600,4800,5000,5000,5000,825,0,8,224.45233682879586,1.9157610076945275,4965.497842000332,1591.4448484848485
1781648592,100,GET,/feed/{user_id}?with_fof=true,22.400000,0.000000,10,330,510,600,4800,5700,6900,7100,7500,7500,7500,364,0,11,971.5656050332824,2.155780006432906,7480.089056974975,7035.074175824176
1781648592,100,POST,/likes,2.000000,0.000000,9,260,420,570,620,640,4800,4800,4800,4800,4800,30,0,12,361.30941726733,2.842128975316882,4796.426254004473,181.3
1781648592,100,POST,/posts,3.000000,0.000000,9,49,290,440,550,610,4800,4800,4800,4800,4800,51,0,9,228.8446423720897,2.9330859833862633,4835.581118997652,228.68627450980392
1781648592,100,GET,/timeline/{user_id},31.100000,0.000000,7,20,250,370,590,2100,4800,4800,5800,5800,5800,495,0,8,389.1199460742887,1.9742089789360762,5771.815190993948,1248.1454545454546
1781648592,100,GET,/users/{user_id},12.200000,0.000000,6,18,260,350,540,1400,4800,4800,4800,4800,4800,195,0,6,285.995544621106,1.7621209844946861,4815.36411200068,268.14871794871794
1781648592,100,,Aggregated,120.000000,0.000000,7,27,280,400,580,3700,4900,5800,7400,7500,7500,1960,0,8,413.1208785218145,1.7621209844946861,7480.089056974975,2327.0061224489796
1781648593,100,GET,/feed/{user_id},59.400000,0.000000,6,12,120,230,480,540,3800,4800,5000,5000,5000,975,0,7,198.00930192568697,1.9157610076945275,4965.497842000332,1612.7323076923076
1781648593,100,GET,/feed/{user_id}?with_fof=true,27.700000,0.000000,8,120,380,510,3500,5600,6400,7000,7500,7500,7500,464,0,8,774.5885889761948,2.155780006432906,7480.089056974975,7083.961206896552
1781648593,100,POST,/likes,2.200000,0.000000,8,93,260,420,600,640,4800,4800,4800,4800,4800,40,0,12,283.01813719881466,2.842128975316882,4796.426254004473,181.075
1781648593,100,POST,/posts,3.500000,0.000000,9,100,210,290,520,610,710,4800,4800,4800,4800,65,0,10,193.88309087640104,2.7712729934137315,4835.581118997652,228.55384615384617
1781648593,100,GET,/timeline/{user_id},36.900000,0.000000,7,29,170,250,510,1500,4800,4800,5800,5800,5800,596,0,8,332.67389619428997,1.9742089789360762,5771.815190993948,1174.7818791946308
1781648593,100,GET,/users/{user_id},14.300000,0.000000,5,16,120,260,530,630,4800,4800,4800,4800,4800,229,0,6,249.8580895152805,1.711033983156085,4815.36411200068,267.9737991266376
1781648593,100,,Aggregated,144.000000,0.000000,6,37,200,280,530,2100,4900,5700,7300,7500,7500,2369,0,8,351.1534173441173,1.711033983156085,7480.089056974975,2382.020683832841
1781648594,100,GET,/feed/{user_id},69.700000,0.000000,6,14,110,160,420,520,760,4800,5000,5000,5000,1118,0,7,178.47888095031865,1.9157610076945275,4965.497842000332,1670.2969588550984
1781648594,100,GET,/feed/{user_id}?with_fof=true,34.200000,0.000000,7,100,260,420,2200,5500,6200,6900,7500,7500,7500,545,0,8,667.1340975829255,2.155780006432906,7480.089056974975,7053.574311926605
1781648594,100,POST,/likes,2.500000,0.000000,8,97,130,260,570,620,4800,4800,4800,4800,4800,48,0,12,246.9559045190787,2.842128975316882,4796.426254004473,181.02083333333334
1781648594,100,POST,/posts,4.300000,0.000000,6,49,120,280,520,580,710,4800,4800,4800,4800,76,0,7,167.77060923701166,2.7712729934137315,4835.581118997652,228.46052631578948
1781648594,100,GET,/timeline/{user_id},42.000000,0.000000,6,57,140,200,460,790,4300,4800,5800,5800,5800,695,0,8,292.6462514588539,1.9742089789360762,5771.815190993948,1129.3338129496403
1781648594,100,GET,/users/{user_id},16.300000,0.000000,5,28,110,140,480,550,4800,4800,4800,4800,4800,283,0,5,211.74324055156234,1.7025609849952161,4815.36411200068,267.7208480565371
1781648594,100,,Aggregated,169.000000,0.000000,6,59,130,220,500,760,4800,5600,7300,7500,7500,2765,0,7,307.7918277193761,1.7025609849952161,7480.089056974975,2386.363110307414
1781648595,100,GET,/feed/{user_id},83.300000,0.000000,5,18,110,140,370,510,590,4800,4900,5000,5000,1280,0,6,161.93931279790377,1.9157610076945275,4965.497842000332,1687.7234375
1781648595,100,GET,/feed/{user_id}?with_fof=true,43.800000,0.000000,6,100,210,360,1600,4800,6200,6900,7500,7500,7500,601,0,8,611.3174121974876,2.155780006432906,7480.089056974975,6956.219633943428
1781648595,100,POST,/likes,3.400000,0.000000,7,97,130,170,570,620,4800,4800,4800,4800,4800,57,0,12,215.5277964903099,2.7847940218634903,4796.426254004473,180.89473684210526
1781648595,100,POST,/posts,5.900000,0.000000,5,78,120,190,500,550,610,4800,4800,4800,4800,85,0,7,156.17705244666843,2.7712729934137315,4835.581118997652,228.49411764705883
1781648595,100,GET,/timeline/{user_id},51.000000,0.000000,6,79,120,150,390,540,2200,4800,5800,5800,5800,802,0,8,261.68977357577063,1.9742089789360762,5771.815190993948,1140.9127182044888
1781648595,100,GET,/users/{user_id},19.600000,0.000000,4,16,100,130,370,540,4700,4800,4800,4800,4800,314,0,5,192.75483176466983,1.7025609849952161,4815.36411200068,267.7929936305732
1781648595,100,,Aggregated,207.000000,0.000000,6,69,120,160,450,580,4800,4900,7300,7500,7500,3139,0,7,277.3636299942006,1.7025609849952161,7480.089056974975,2347.819687798662
1781648596,100,GET,/feed/{user_id},97.200000,0.000000,5,31,120,150,280,480,530,570,960,3800,3800,1413,0,6,152.98910099265834,1.9157610076945275,4965.497842000332,1695.4699221514509
1781648596,100,GET,/feed/{user_id}?with_fof=true,51.700000,0.000000,6,99,150,230,520,1900,4000,6000,7500,7500,7500,668,0,7,557.9362765339627,2.1173430141061544,7480.089056974975,6983.893712574851
1781648596,100,POST,/likes,4.300000,0.000000,7,93,130,140,420,600,620,640,640,640,640,61,0,9,205.04207939260684,2.7847940218634903,4796.426254004473,180.88524590163934
1781648596,100,POST,/posts,7.000000,0.000000,6,110,150,190,350,520,580,610,610,610,610,98,0,7,149.63790126458494,2.7712729934137315,4835.581118997652,228.46938775510205
1781648596,100,GET,/timeline/{user_id},60.800000,0.000000,5,79,120,150,340,470,850,1500,5100,5100,5100,912,0,7,236.91592194170465,1.9742089789360762,5771.815190993948,1155.9188596491229
1781648596,100,GET,/users/{user_id},24.800000,0.000000,4,21,120,140,270,500,560,630,950,950,950,356,0,5,178.97018664648948,1.7025609849952161,4815.36411200068,267.7584269662921
1781648596,100,,Aggregated,245.800000,0.000000,5,74,130,160,360,510,630,2100,6400,7500,7500,3508,0,6,255.36710970672078,1.7025609849952161,7480.089056974975,2350.023945267959
1781648597,100,GET,/feed/{user_id},110.100000,0.000000,5,36,120,160,290,470,520,560,720,960,960,1549,0,6,147.4820693379588,1.9157610076945275,4965.497842000332,1712.2582311168496
1781648597,100,GET,/feed/{user_id}?with_fof=true,56.200000,0.000000,6,94,150,230,460,670,2300,3700,7500,7500,7500,725,0,7,526.8675071085354,2.1173430141061544,7480.089056974975,7009.427586206896
1781648597,100,POST,/likes,4.900000,0.000000,7,87,130,140,260,390,540,640,640,640,640,70,0,9,195.78731349819074,2.7847940218634903,4796.426254004473,180.88571428571427
1781648597,100,POST,/posts,7.800000,0.000000,5,87,130,170,210,350,550,610,610,610,610,102,0,7,143.92002406798295,2.7712729934137315,4835.581118997652,228.4607843137255
1781648597,100,GET,/timeline/{user_id},68.400000,0.000000,5,87,130,170,310,450,590,1300,2200,2200,2200,996,0,7,226.4578002005038,1.9742089789360762,5771.815190993948,1162.051204819277
1781648597,100,GET,/users/{user_id},27.600000,0.000000,4,33,120,140,270,490,540,620,950,950,950,395,0,5,168.15217297002556,1.7025609849952161,4815.36411200068,267.7139240506329
1781648597,100,,Aggregated,275.000000,0.000000,5,77,130,160,310,490,600,1400,4400,7500,7500,3837,0,6,242.58162621341043,1.7025609849952161,7480.089056974975,2354.244983059682
1781648598,100,GET,/feed/{user_id},122.400000,0.000000,5,37,130,160,260,350,500,540,720,960,960,1696,0,6,141.49935627977717,1.9157610076945275,4965.497842000332,1685.2387971698113
1781648598,100,GET,/feed/{user_id}?with_fof=true,60.900000,0.000000,5,99,150,200,360,580,2000,2300,7500,7500,7500,811,0,7,483.116371597381,2.046796987997368,7480.089056974975,6967.918618988902
1781648598,100,POST,/likes,5.300000,0.000000,7,93,130,160,260,350,540,640,640,640,640,79,0,12,184.2812207450831,2.7847940218634903,4796.426254004473,180.9367088607595
1781648598,100,POST,/posts,8.700000,0.000000,5,78,130,150,210,280,550,610,610,610,610,109,0,7,138.63361325625485,2.7712729934137315,4835.581118997652,228.43119266055047
1781648598,100,GET,/timeline/{user_id},76.900000,0.000000,5,87,130,170,290,400,550,1100,2200,2200,2200,1085,0,6,213.13729625493545,1.9742089789360762,5771.815190993948,1156.8783410138249
1781648598,100,GET,/users/{user_id},31.400000,0.000000,4,16,120,140,240,300,500,540,630,630,630,434,0,5,159.31723289197623,1.7025609849952161,4815.36411200068,267.7718894009217
1781648598,100,,Aggregated,305.600000,0.000000,5,84,130,160,270,400,560,960,3700,7500,7500,4214,0,6,228.25277916741672,1.7025609849952161,7480.089056974975,2354.0023730422404
1781648599,100,GET,/feed/{user_id},128.900000,0.000000,4,40,120,140,230,280,360,400,550,720,720,1858,0,6,133.0076860599562,1.9157610076945275,4965.497842000332,1651.6673842841765
1781648599,100,GET,/feed/{user_id}?with_fof=true,62.700000,0.000000,5,100,130,170,280,430,1000,1900,3500,3500,3500,888,0,6,446.1767191694578,2.046796987997368,7480.089056974975,6965.304054054054
1781648599,100,POST,/likes,5.900000,0.000000,6,93,120,140,240,270,350,390,390,390,390,85,0,9,174.10187124486959,2.7847940218634903,4796.426254004473,180.88235294117646
1781648599,100,POST,/posts,8.900000,0.000000,5,87,130,140,200,260,290,350,350,350,350,117,0,7,133.91743997399473,2.7712729934137315,4835.581118997652,228.4017094017094
1781648599,100,GET,/timeline/{user_id},81.400000,0.000000,4,96,130,150,250,350,420,500,1700,1700,1700,1184,0,6,200.5045740950516,1.9742089789360762,5771.815190993948,1144.8412162162163
1781648599,100,GET,/users/{user_id},33.000000,0.000000,4,16,120,130,200,260,330,350,500,500,500,472,0,5,150.0554339048503,1.7025609849952161,4815.36411200068,267.7648305084746
1781648599,100,,Aggregated,320.800000,0.000000,4,89,130,150,250,310,410,560,2300,3500,3500,4604,0,6,213.29795555740202,1.7025609849952161,7480.089056974975,2340.999782797567
1781648600,100,GET,/feed/{user_id},134.000000,0.000000,4,88,130,140,200,260,290,310,370,550,550,1997,0,5,127.74568905324162,1.9157610076945275,4965.497842000332,1630.4466700050075
1781648600,100,GET,/feed/{user_id}?with_fof=true,67.100000,0.000000,4,100,130,150,240,310,690,1300,3500,3500,3500,960,0,6,417.53150092454234,2.046796987997368,7480.089056974975,6945.439583333334
1781648600,100,POST,/likes,6.100000,0.000000,6,93,120,140,210,260,320,350,350,350,350,96,0,8,160.54656214419083,2.7847940218634903,4796.426254004473,180.90625
1781648600,100,POST,/posts,8.900000,0.000000,5,110,140,150,180,210,280,290,290,290,290,131,0,7,128.74938212184037,2.525825024349615,4835.581118997652,228.4198473282443
1781648600,100,GET,/timeline/{user_id},84.300000,0.000000,4,94,120,140,210,280,350,400,1700,1700,1700,1288,0,6,188.25280818750997,1.9742089789360762,5771.815190993948,1141.8377329192547
1781648600,100,GET,/users/{user_id},33.900000,0.000000,4,21,120,130,190,250,270,300,330,330,330,519,0,5,141.11982350324473,1.7025609849952161,4815.36411200068,267.6955684007707
1781648600,100,,Aggregated,334.300000,0.000000,4,92,130,140,210,270,330,420,1800,3500,3500,4991,0,6,201.14763099466728,1.7025609849952161,7480.089056974975,2320.2835103185735
1781648601,100,GET,/feed/{user_id},139.400000,0.000000,4,88,130,140,170,240,280,310,360,550,550,2151,0,5,122.27219207584035,1.9157610076945275,4965.497842000332,1609.065550906555
1781648601,100,GET,/feed/{user_id}?with_fof=true,70.700000,0.000000,4,100,130,140,200,280,620,830,1800,1800,1800,1051,0,6,387.4916148530501,2.046796987997368,7480.089056974975,6931.961941008563
1781648601,100,POST,/likes,6.800000,0.000000,6,97,130,140,170,260,320,350,350,350,350,101,0,8,155.71111214686056,2.7847940218634903,4796.426254004473,180.9009900990099
1781648601,100,POST,/posts,9.000000,0.000000,5,110,140,150,170,200,260,280,280,280,280,137,0,7,124.3303988318394,2.525825024349615,4835.581118997652,228.43795620437956
1781648601,100,GET,/timeline/{user_id},88.900000,0.000000,4,94,120,140,180,250,320,360,560,560,560,1380,0,6,179.6666407380658,1.9742089789360762,5771.815190993948,1130.627536231884
1781648601,100,GET,/users/{user_id},35.800000,0.000000,4,18,120,130,160,210,260,300,330,330,330,558,0,4,134.2591010253667,1.7025609849952161,4815.36411200068,267.66129032258067
1781648601,100,,Aggregated,350.600000,0.000000,4,92,130,140,180,250,310,360,1000,1800,1800,5378,0,5,190.75451876592945,1.7025609849952161,7480.089056974975,2325.358869468204
1781648602,100,GET,/feed/{user_id},143.100000,0.000000,4,85,120,140,170,220,280,310,360,550,550,2297,0,5,117.48284772624083,1.9157610076945275,4965.497842000332,1587.9538528515454
1781648602,100,GET,/feed/{user_id}?with_fof=true,72.300000,0.000000,5,110,130,140,190,260,550,670,1300,1300,1300,1139,0,6,362.5827166688268,2.046796987997368,7480.089056974975,6980.490781387181
1781648602,100,POST,/likes,7.400000,0.000000,6,100,130,140,170,260,320,350,350,350,350,110,0,8,147.80562327994795,2.7847940218634903,4796.426254004473,180.8909090909091
1781648602,100,POST,/posts,9.900000,0.000000,5,110,140,140,170,170,210,260,260,260,260,150,0,6,117.49053904030006,2.525825024349615,4835.581118997652,228.43333333333334
1781648602,100,GET,/timeline/{user_id},93.300000,0.000000,4,87,120,130,170,250,320,350,560,560,560,1477,0,5,170.56339769842896,1.9742089789360762,5771.815190993948,1113.5341909275558
1781648602,100,GET,/users/{user_id},37.700000,0.000000,4,70,120,130,150,200,260,300,330,330,330,599,0,4,128.82716933075645,1.7025609849952161,4815.36411200068,267.7178631051753
1781648602,100,,Aggregated,363.700000,0.000000,4,95,120,140,170,240,300,350,830,1300,1300,5772,0,5,181.18704569638095,1.7025609849952161,7480.089056974975,2331.518537768538
1781648603,100,GET,/feed/{user_id},145.700000,0.000000,4,90,120,140,170,220,280,310,360,550,550,2479,0,5,112.84295024095337,1.9157610076945275,4965.497842000332,1576.78459056071
1781648603,100,GET,/feed/{user_id}?with_fof=true,75.600000,0.000000,5,110,130,140,190,270,510,670,1300,1300,1300,1218,0,6,342.1828245565806,2.0394970197230577,7480.089056974975,6940.778325123153
1781648603,100,POST,/likes,7.600000,0.000000,6,100,140,150,210,260,320,350,350,350,350,118,0,8,141.46635493103778,2.7847940218634903,4796.426254004473,180.88135593220338
1781648603,100,POST,/posts,9.700000,0.000000,6,130,140,150,170,180,210,260,260,260,260,159,0,7,115.49603068558997,2.525825024349615,4835.581118997652,228.44025157232704
1781648603,100,GET,/timeline/{user_id},95.300000,0.000000,4,82,120,130,170,250,320,350,560,560,560,1569,0,5,163.13610925658062,1.9742089789360762,5771.815190993948,1110.1631612492033
1781648603,100,GET,/users/{user_id},38.900000,0.000000,4,21,120,130,160,210,260,300,330,330,330,636,0,4,124.16602659765697,1.7025609849952161,4815.36411200068,267.751572327044
1781648603,100,,Aggregated,372.800000,0.000000,4,95,130,140,170,240,300,350,830,1300,1300,6179,0,5,172.60129487907344,1.7025609849952161,7480.089056974975,2319.5531639423857
1781648604,100,GET,/feed/{user_id},147.400000,0.000000,4,94,120,130,160,210,280,310,360,550,550,2671,0,5,108.04576751418338,1.9157610076945275,4965.497842000332,1563.853238487458
1781648604,100,GET,/feed/{user_id}?with_fof=true,76.700000,0.000000,4,110,130,140,180,260,480,670,1300,1300,1300,1292,0,6,325.21748422838215,2.0394970197230577,7480.089056974975,6922.131578947368
1781648604,100,POST,/likes,7.900000,0.000000,6,120,120,140,170,260,320,350,350,350,350,129,0,8,135.04536758048835,2.7847940218634903,4796.426254004473,180.86821705426357
1781648604,100,POST,/posts,9.700000,0.000000,6,130,140,150,170,180,210,260,260,260,260,166,0,6,112.14771433168859,2.525825024349615,4835.581118997652,228.43975903614458
1781648604,100,GET,/timeline/{user_id},97.900000,0.000000,4,48,120,130,170,250,310,350,560,560,560,1659,0,5,156.69935504728204,1.8933769897557795,5771.815190993948,1088.1952983725137
1781648604,100,GET,/users/{user_id},40.200000,0.000000,4,100,120,130,160,210,260,300,330,330,330,670,0,4,120.64402224196282,1.7025609849952161,4815.36411200068,267.7686567164179
1781648604,100,,Aggregated,379.800000,0.000000,4,99,120,130,170,240,300,340,830,1300,1300,6587,0,5,164.8101309512605,1.7025609849952161,7480.089056974975,2302.477607408532
1781648605,100,GET,/feed/{user_id},149.000000,0.000000,4,94,120,130,160,230,270,300,360,550,550,2813,0,5,105.72387197600084,1.9157610076945275,4965.497842000332,1550.4088162104515
1781648605,100,GET,/feed/{user_id}?with_fof=true,75.500000,0.000000,5,110,130,140,190,260,440,670,1300,1300,1300,1368,0,6,312.2278002331965,2.0394970197230577,7480.089056974975,6901.99269005848
1781648605,100,POST,/likes,7.800000,0.000000,6,120,130,140,170,260,320,350,350,350,350,137,0,7,129.79564507195326,2.7847940218634903,4796.426254004473,180.87591240875912
1781648605,100,POST,/posts,9.500000,0.000000,5,100,130,140,170,180,250,260,260,260,260,177,0,7,108.83196323746974,2.525825024349615,4835.581118997652,228.42372881355934
1781648605,100,GET,/timeline/{user_id},97.500000,0.000000,4,82,120,130,180,250,320,350,560,560,560,1735,0,5,153.25984502448068,1.8933769897557795,5771.815190993948,1103.5417867435158
1781648605,100,GET,/users/{user_id},40.500000,0.000000,4,98,120,130,160,230,280,300,360,360,360,716,0,4,117.7777183075405,1.7025609849952161,4815.36411200068,267.77513966480444
1781648605,100,,Aggregated,379.800000,0.000000,4,99,120,130,170,240,300,350,830,1300,1300,6946,0,5,160.0646157329493,1.7025609849952161,7480.089056974975,2299.857327958537
1781648606,100,GET,/feed/{user_id},154.200000,0.000000,4,97,120,130,150,180,240,260,280,290,290,2952,0,5,103.15786392980993,1.9157610076945275,4965.497842000332,1527.7923441734417
1781648606,100,GET,/feed/{user_id}?with_fof=true,74.600000,0.000000,4,110,130,130,160,210,270,630,1300,1300,1300,1441,0,6,298.83112134485447,2.0394970197230577,7480.089056974975,6903.324774462179
1781648606,100,POST,/likes,7.900000,0.000000,5,100,120,130,160,210,250,270,270,270,270,146,0,7,125.46143372509667,2.7847940218634903,4796.426254004473,180.9041095890411
1781648606,100,POST,/posts,8.900000,0.000000,5,110,130,140,160,170,250,260,260,260,260,195,0,6,102.80206020524463,2.525825024349615,4835.581118997652,228.41538461538462
1781648606,100,GET,/timeline/{user_id},96.100000,0.000000,4,90,120,130,150,200,250,280,550,550,550,1863,0,5,146.4891645686063,1.8933769897557795,5771.815190993948,1093.712292002147
1781648606,100,GET,/users/{user_id},38.700000,0.000000,4,100,120,130,150,200,250,270,360,360,360,752,0,4,114.27175755090231,1.7025609849952161,4815.36411200068,267.84973404255317
1781648606,100,,Aggregated,380.400000,0.000000,4,100,120,130,150,190,250,270,720,1300,1300,7349,0,5,154.0812500356801,1.7025609849952161,7480.089056974975,2281.6296094706763
1781648607,100,GET,/feed/{user_id},153.200000,0.000000,4,97,120,130,150,160,190,210,270,270,270,3096,0,5,100.9173263509693,1.9157610076945275,4965.497842000332,1514.7364341085272
1781648607,100,GET,/feed/{user_id}?with_fof=true,75.200000,0.000000,4,110,120,130,150,170,220,440,720,720,720,1521,0,6,286.2272830419781,2.0394970197230577,7480.089056974975,6919.568704799474
1781648607,100,POST,/likes,8.000000,0.000000,5,120,120,130,150,170,210,250,250,250,250,154,0,7,123.50396551199366,2.7847940218634903,4796.426254004473,180.9025974025974
1781648607,100,POST,/posts,9.000000,0.000000,5,110,130,140,150,170,180,250,250,250,250,208,0,6,99.22687639454335,2.525825024349615,4835.581118997652,228.42307692307693
1781648607,100,GET,/timeline/{user_id},92.900000,0.000000,4,95,120,130,150,170,230,250,550,550,550,1958,0,5,141.92518477437937,1.8933769897557795,5771.815190993948,1080.8243105209397
1781648607,100,GET,/users/{user_id},40.100000,0.000000,4,100,120,130,150,160,230,270,360,360,360,792,0,4,111.69896254696968,1.7025609849952161,4815.36411200068,267.9229797979798
1781648607,100,,Aggregated,378.400000,0.000000,4,100,120,130,150,170,210,240,630,720,720,7729,0,5,149.28265377070727,1.7025609849952161,7480.089056974975,2279.4809160305344
1781648608,100,GET,/feed/{user_id},153.200000,0.000000,4,99,120,130,150,170,200,210,270,270,270,3244,0,5,98.58577920918782,1.9157610076945275,4965.497842000332,1514.3902589395807
1781648608,100,GET,/feed/{user_id}?with_fof=true,76.700000,0.000000,4,110,120,130,150,170,220,480,720,720,720,1605,0,6,274.4422017206979,2.0394970197230577,7480.089056974975,6966.9295950155765
1781648608,100,POST,/likes,8.400000,0.000000,5,120,130,130,150,170,210,250,250,250,250,159,0,7,120.75525111227395,2.7847940218634903,4796.426254004473,180.9056603773585
1781648608,100,POST,/posts,9.600000,0.000000,5,100,130,140,160,170,180,250,250,250,250,216,0,5,97.47459256969806,2.525825024349615,4835.581118997652,228.42592592592592
1781648608,100,GET,/timeline/{user_id},94.100000,0.000000,4,93,120,130,150,170,230,250,550,550,550,2067,0,5,137.20904756662657,1.8933769897557795,5771.815190993948,1073.2148040638606
1781648608,100,GET,/users/{user_id},39.300000,0.000000,4,100,120,130,150,170,220,270,360,360,360,828,0,4,109.29812929617069,1.7025609849952161,4815.36411200068,267.9154589371981
1781648608,100,,Aggregated,381.300000,0.000000,4,100,120,130,150,170,210,240,630,720,720,8119,0,5,144.67995452835055,1.7025609849952161,7480.089056974975,2292.508560167508
1781648609,100,GET,/feed/{user_id},155.000000,0.000000,4,97,120,130,150,170,200,210,260,270,270,3391,0,5,96.54130592024717,1.9157610076945275,4965.497842000332,1520.409023886759
1781648609,100,GET,/feed/{user_id}?with_fof=true,79.000000,0.000000,4,100,120,130,150,170,220,580,720,720,720,1685,0,5,264.5778249406003,2.0394970197230577,7480.089056974975,6962.527002967359
1781648609,100,POST,/likes,8.300000,0.000000,5,120,130,130,160,190,210,250,250,250,250,171,0,6,116.05175103405382,2.7847940218634903,4796.426254004473,180.94152046783626
1781648609,100,POST,/posts,10.300000,0.000000,4,12,120,120,150,170,180,250,250,250,250,230,0,5,93.55255829134916,2.5090400013141334,4835.581118997652,228.42608695652174
1781648609,100,GET,/timeline/{user_id},95.200000,0.000000,4,93,120,120,150,170,230,250,550,550,550,2160,0,5,133.51108502603086,1.8933769897557795,5771.815190993948,1064.8967592592592
1781648609,100,GET,/users/{user_id},39.300000,0.000000,4,100,120,130,150,170,220,270,360,360,360,866,0,4,107.10798662834597,1.7025609849952161,4815.36411200068,267.8752886836028
1781648609,100,,Aggregated,387.100000,0.000000,4,98,120,130,150,170,210,240,660,720,720,8503,0,5,140.61938154894477,1.7025609849952161,7480.089056974975,2293.684699517817
1781648610,100,GET,/feed/{user_id},154.600000,0.000000,4,97,120,130,150,170,190,210,260,270,270,3546,0,5,94.6390600100149,1.9157610076945275,4965.497842000332,1526.19627749577
1781648610,100,GET,/feed/{user_id}?with_fof=true,79.800000,0.000000,4,100,120,130,150,180,220,550,720,720,720,1754,0,5,256.896060637297,2.0394970197230577,7480.089056974975,6943.04503990878
1781648610,100,POST,/likes,8.100000,0.000000,5,100,130,140,160,190,210,250,250,250,250,177,0,6,114.88648784089712,2.7847940218634903,4796.426254004473,180.94350282485877
1781648610,100,POST,/posts,10.600000,0.000000,4,9,110,120,140,170,180,180,250,250,250,241,0,5,90.54933017865113,2.5090400013141334,4835.581118997652,228.40663900414938
1781648610,100,GET,/timeline/{user_id},96.800000,0.000000,4,90,120,120,150,170,230,240,550,550,550,2263,0,5,130.1142135529689,1.8933769897557795,5771.815190993948,1079.0521431727796
1781648610,100,GET,/users/{user_id},39.700000,0.000000,5,110,120,130,160,180,220,270,360,360,360,904,0,4,105.78528573683492,1.7025609849952161,4815.36411200068,267.9070796460177
1781648610,100,,Aggregated,389.600000,0.000000,4,97,120,130,150,170,210,240,660,720,720,8885,0,5,137.13240941482195,1.7025609849952161,7480.089056974975,2291.631851435003
1781648611,100,GET,/feed/{user_id},153.000000,0.000000,4,96,120,130,150,170,190,210,260,270,270,3728,0,5,92.46695645852171,1.9157610076945275,4965.497842000332,1519.5877145922748
1781648611,100,GET,/feed/{user_id}?with_fof=true,79.000000,0.000000,4,96,120,130,150,180,220,540,720,720,720,1823,0,5,248.85277320070549,2.0394970197230577,7480.089056974975,6945.001097092704
1781648611,100,POST,/likes,8.400000,0.000000,5,100,130,140,160,190,250,300,300,300,300,189,0,6,111.253202824469,2.7847940218634903,4796.426254004473,180.9100529100529
1781648611,100,POST,/posts,11.000000,0.000000,4,10,110,120,140,180,180,250,250,250,250,244,0,5,90.39824094289825,2.5090400013141334,4835.581118997652,228.4016393442623
1781648611,100,GET,/timeline/{user_id},96.900000,0.000000,4,89,120,120,150,180,230,250,550,550,550,2357,0,5,126.72462268918645,1.8933769897557795,5771.815190993948,1083.526092490454
1781648611,100,GET,/users/{user_id},39.400000,0.000000,4,110,120,130,160,180,230,270,360,360,360,937,0,4,103.75704258275188,1.7025609849952161,4815.36411200068,267.8858057630736
1781648611,100,,Aggregated,387.700000,0.000000,4,94,120,130,150,170,210,240,660,720,720,9278,0,5,133.36599805179972,1.7025609849952161,7480.089056974975,2287.1914205647768
1781648612,100,GET,/feed/{user_id},153.500000,0.000000,4,95,120,130,150,170,200,210,280,320,320,3874,0,5,90.90540722649078,1.9157610076945275,4965.497842000332,1516.976510067114
1781648612,100,GET,/feed/{user_id}?with_fof=true,79.000000,0.000000,4,100,120,130,150,180,220,560,720,720,720,1906,0,5,241.06032377957797,2.0394970197230577,7480.089056974975,6991.764428121721
1781648612,100,POST,/likes,7.900000,0.000000,5,96,130,130,160,190,250,300,300,300,300,200,0,6,107.96429084381089,2.7815490029752254,4796.426254004473,180.89
1781648612,100,POST,/posts,11.000000,0.000000,4,7,100,120,140,160,180,250,250,250,250,256,0,5,88.2705851566925,2.5090400013141334,4835.581118997652,228.41796875
1781648612,100,GET,/timeline/{user_id},97.300000,0.000000,4,90,120,130,150,180,230,250,550,550,550,2467,0,4,123.39041282024188,1.8933769897557795,5771.815190993948,1102.5350628293475
1781648612,100,GET,/users/{user_id},38.300000,0.000000,5,110,130,130,160,180,220,250,360,360,360,970,0,4,102.42102507732271,1.7025609849952161,4815.36411200068,267.89690721649487
1781648612,100,,Aggregated,387.000000,0.000000,4,97,120,130,150,170,210,240,660,720,720,9673,0,5,130.21515511637713,1.7025609849952161,7480.089056974975,2303.0638891760573
1781648613,100,GET,/feed/{user_id},157.100000,0.000000,4,88,120,130,150,170,200,220,280,320,320,4054,0,4,88.70984574112045,1.9157610076945275,4965.497842000332,1513.8068574247657
1781648613,100,GET,/feed/{user_id}?with_fof=true,77.700000,0.000000,4,99,120,130,160,180,220,560,720,720,720,1969,0,5,235.1941617210676,2.0394970197230577,7480.089056974975,6957.368715083799
1781648613,100,POST,/likes,8.700000,0.000000,5,78,120,130,160,190,250,300,300,300,300,210,0,6,103.85280645610432,2.7815490029752254,4796.426254004473,180.88571428571427
1781648613,100,POST,/posts,10.800000,0.000000,4,7,100,120,140,160,180,180,250,250,250,266,0,5,86.08594460192283,2.5090400013141334,4835.581118997652,228.41353383458647
1781648613,100,GET,/timeline/{user_id},97.800000,0.000000,4,90,120,130,150,180,230,250,550,550,550,2571,0,4,120.42872211466853,1.8933769897557795,5771.815190993948,1093.9758848697004
1781648613,100,GET,/users/{user_id},37.600000,0.000000,5,110,120,130,160,180,220,250,360,360,360,1011,0,4,100.00684607415216,1.7025609849952161,4815.36411200068,267.88625123639963
1781648613,100,,Aggregated,389.700000,0.000000,4,93,120,130,150,180,210,240,660,720,720,10081,0,5,126.78941926604091,1.7025609849952161,7480.089056974975,2283.327150084317
1781648614,100,GET,/feed/{user_id},156.400000,0.000000,4,89,120,130,150,160,190,190,280,320,320,4210,0,4,87.17129167323908,1.9157610076945275,4965.497842000332,1499.8453681710214
1781648614,100,GET,/feed/{user_id}?with_fof=true,77.300000,0.000000,4,97,120,130,150,170,200,540,700,700,700,2062,0,5,227.21592659201772,2.0394970197230577,7480.089056974975,6933.572744907857
1781648614,100,POST,/likes,8.800000,0.000000,5,12,100,130,160,170,250,300,300,300,300,222,0,6,99.47284182330682,2.7815490029752254,4796.426254004473,180.88738738738738
1781648614,100,POST,/posts,11.000000,0.000000,4,6,100,120,140,160,180,180,180,180,180,277,0,5,84.67992240828227,2.5090400013141334,4835.581118997652,228.4115523465704
1781648614,100,GET,/timeline/{user_id},98.100000,0.000000,4,91,120,120,150,170,200,240,550,550,550,2673,0,4,117.8294147114892,1.8933769897557795,5771.815190993948,1092.0950243172465
1781648614,100,GET,/users/{user_id},37.200000,0.000000,5,100,120,130,150,170,180,210,360,360,360,1045,0,4,98.41936395298043,1.7025609849952161,4815.36411200068,267.9157894736842
1781648614,100,,Aggregated,388.800000,0.000000,4,92,120,130,150,170,190,220,610,700,700,10489,0,5,123.83029352880357,1.7025609849952161,7480.089056974975,2279.907045476213
1781648615,100,GET,/feed/{user_id},158.600000,0.000000,4,86,110,130,150,160,180,190,280,320,320,4370,0,4,85.84958826390455,1.9157610076945275,4965.497842000332,1507.6402745995424
1781648615,100,GET,/feed/{user_id}?with_fof=true,75.000000,0.000000,4,97,120,130,150,170,200,540,700,700,700,2124,0,5,222.3046709772112,2.0394970197230577,7480.089056974975,6947.116290018833
1781648615,100,POST,/likes,9.200000,0.000000,5,55,100,130,160,170,250,300,300,300,300,229,0,6,97.76488552289389,2.7815490029752254,4796.426254004473,180.87336244541484
1781648615,100,POST,/posts,10.400000,0.000000,4,7,100,120,140,160,180,180,180,180,180,289,0,5,83.484707539881,2.5090400013141334,4835.581118997652,228.4083044982699
1781648615,100,GET,/timeline/{user_id},98.900000,0.000000,4,93,120,130,150,170,200,240,490,490,490,2777,0,4,115.98124767514759,1.8933769897557795,5771.815190993948,1092.611811307166
1781648615,100,GET,/users/{user_id},37.300000,0.000000,4,98,120,130,160,170,180,200,250,250,250,1088,0,4,96.43059371677843,1.7025609849952161,4815.36411200068,267.9163602941176
1781648615,100,,Aggregated,389.400000,0.000000,4,92,120,130,150,170,190,210,580,700,700,10877,0,5,121.43508981248208,1.7025609849952161,7480.089056974975,2277.9414360577366
1781648616,100,GET,/feed/{user_id},153.500000,0.000000,4,85,110,120,150,160,180,190,280,320,320,4503,0,4,84.75099586950569,1.9157610076945275,4965.497842000332,1513.1965356429048
1781648616,100,GET,/feed/{user_id}?with_fof=true,75.800000,0.000000,4,95,120,130,150,170,200,540,700,700,700,2191,0,5,216.9713811003094,2.0394970197230577,7480.089056974975,6946.885896850753
1781648616,100,POST,/likes,8.900000,0.000000,5,14,100,110,160,170,190,300,300,300,300,239,0,6,96.12989754702947,2.7815490029752254,4796.426254004473,180.8744769874477
1781648616,100,POST,/posts,10.900000,0.000000,5,81,110,120,140,160,180,180,180,180,180,301,0,5,83.20744689383801,2.5090400013141334,4835.581118997652,228.41860465116278
1781648616,100,GET,/timeline/{user_id},101.200000,0.000000,4,95,120,130,150,170,200,250,410,410,410,2893,0,4,113.82142003628488,1.8933769897557795,5771.815190993948,1091.0031109574836
1781648616,100,GET,/users/{user_id},37.300000,0.000000,5,95,110,130,150,160,180,190,210,210,210,1133,0,4,94.19586970326482,1.7025609849952161,4815.36411200068,267.8711385701677
1781648616,100,,Aggregated,387.600000,0.000000,4,91,110,130,150,170,190,210,610,700,700,11260,0,5,119.09838418816328,1.7025609849952161,7480.089056974975,2274.0944937833037
1781648617,100,GET,/feed/{user_id},155.000000,0.000000,4,87,110,130,150,170,180,190,280,320,320,4662,0,4,83.78845154813223,1.9157610076945275,4965.497842000332,1521.6533676533677
1781648617,100,GET,/feed/{user_id}?with_fof=true,75.900000,0.000000,4,96,120,140,160,170,200,560,730,730,730,2255,0,5,212.8453689582177,2.0394970197230577,7480.089056974975,6924.266075388026
1781648617,100,POST,/likes,9.200000,0.000000,5,14,100,130,160,170,190,300,300,300,300,248,0,6,94.56825405117519,2.7815490029752254,4796.426254004473,180.8548387096774
1781648617,100,POST,/posts,11.200000,0.000000,5,81,110,130,150,170,180,190,190,190,190,314,0,5,81.87049150668607,2.5090400013141334,4835.581118997652,228.4235668789809
1781648617,100,GET,/timeline/{user_id},103.900000,0.000000,4,94,120,130,160,170,200,250,410,410,410,2988,0,4,112.03367871478291,1.8933769897557795,5771.815190993948,1097.209170013387
1781648617,100,GET,/users/{user_id},36.600000,0.000000,4,92,120,130,150,160,180,190,210,210,210,1185,0,4,92.35459049261776,1.7025609849952161,4815.36411200068,267.8548523206751
1781648617,100,,Aggregated,391.800000,0.000000,4,91,120,130,150,170,190,210,610,730,730,11652,0,5,117.0567414340446,1.7025609849952161,7480.089056974975,2267.4745966357705
1781648618,100,GET,/feed/{user_id},154.900000,0.000000,4,82,110,130,150,170,200,210,280,320,320,4820,0,4,82.87211480871456,1.9157610076945275,4965.497842000332,1526.108091286307
1781648618,100,GET,/feed/{user_id}?with_fof=true,75.000000,0.000000,4,96,120,140,160,180,220,540,730,730,730,2320,0,5,209.17224912881122,2.0394970197230577,7480.089056974975,6924.563793103448
1781648618,100,POST,/likes,9.300000,0.000000,6,55,100,120,160,170,200,300,300,300,300,255,0,6,94.66736738697863,2.7815490029752254,4796.426254004473,180.85882352941175
1781648618,100,POST,/posts,10.700000,0.000000,5,93,120,140,150,170,190,200,200,200,200,325,0,5,81.57195237572662,2.5090400013141334,4835.581118997652,228.43384615384616
1781648618,100,GET,/timeline/{user_id},103.400000,0.000000,4,96,120,130,160,180,220,250,410,410,410,3086,0,4,110.49404416769883,1.8933769897557795,5771.815190993948,1099.0696694750486
1781648618,100,GET,/users/{user_id},37.400000,0.000000,4,91,120,140,160,180,200,220,240,240,240,1220,0,4,91.80756749563324,1.7025609849952161,4815.36411200068,267.8860655737705
1781648618,100,,Aggregated,390.700000,0.000000,4,90,120,130,160,180,210,230,620,730,730,12026,0,4,115.44687570337835,1.7025609849952161,7480.089056974975,2266.7336604024613
1781648619,100,GET,/feed/{user_id},154.900000,0.000000,4,78,110,130,150,170,190,210,280,320,320,4958,0,4,81.91878955528254,1.9157610076945275,4965.497842000332,1540.4425171440096
1781648619,100,GET,/feed/{user_id}?with_fof=true,72.800000,0.000000,4,100,130,140,160,180,220,560,730,730,730,2399,0,5,204.7833084751539,2.0394970197230577,7480.089056974975,6935.704460191747
1781648619,100,POST,/likes,9.500000,0.000000,7,87,120,150,170,180,200,300,300,300,300,269,0,7,94.84892637796915,2.7815490029752254,4796.426254004473,180.88847583643124
1781648619,100,POST,/posts,10.800000,0.000000,5,110,140,140,160,170,190,200,200,200,200,334,0,5,82.29486189551183,2.5090400013141334,4835.581118997652,228.437125748503
1781648619,100,GET,/timeline/{user_id},103.600000,0.000000,4,93,120,140,160,180,230,260,410,410,410,3185,0,4,108.84767251108953,1.8933769897557795,5771.815190993948,1093.873469387755
1781648619,100,GET,/users/{user_id},38.900000,0.000000,4,98,120,140,160,170,200,220,300,300,300,1260,0,4,91.681435439294,1.7025609849952161,4815.36411200068,267.8825396825397
1781648619,100,,Aggregated,390.500000,0.000000,4,91,120,140,160,170,210,230,640,730,730,12405,0,4,113.87567967086581,1.7025609849952161,7480.089056974975,2275.110439338976
1781648620,100,GET,/feed/{user_id},156.200000,0.000000,4,74,120,130,150,170,190,210,280,320,320,5102,0,4,80.94891948418125,1.9157610076945275,4965.497842000332,1542.7481379851038
1781648620,100,GET,/feed/{user_id}?with_fof=true,71.000000,0.000000,4,100,130,140,160,180,220,560,730,730,730,2473,0,5,200.41572667808828,2.0394970197230577,7480.089056974975,6951.499393449252
1781648620,100,POST,/likes,9.700000,0.000000,7,96,120,150,160,180,200,200,200,200,200,280,0,6,92.95380604162347,2.7815490029752254,4796.426254004473,180.875
1781648620,100,POST,/posts,10.800000,0.000000,5,100,140,140,160,170,200,300,300,300,300,343,0,5,81.34921645791793,2.5090400013141334,4835.581118997652,228.42857142857142
1781648620,100,GET,/timeline/{user_id},102.600000,0.000000,4,100,120,140,160,180,230,270,430,430,430,3297,0,4,107.2327395274641,1.8933769897557795,5771.815190993948,1095.763117986048
1781648620,100,GET,/users/{user_id},38.900000,0.000000,4,94,120,140,160,170,200,220,300,300,300,1304,0,4,90.09500568900636,1.7025609849952161,4815.36411200068,267.87883435582825
1781648620,100,,Aggregated,389.200000,0.000000,4,94,120,140,160,170,210,240,640,730,730,12799,0,4,112.00793467149299,1.7025609849952161,7480.089056974975,2277.771700914134
1781648621,100,GET,/feed/{user_id},156.800000,0.000000,4,78,120,130,150,170,190,210,260,270,270,5257,0,4,79.9968113526953,1.9157610076945275,4965.497842000332,1537.487920867415
1781648621,100,GET,/feed/{user_id}?with_fof=true,71.500000,0.000000,4,100,130,140,160,180,220,460,730,730,730,2553,0,5,195.41899394393295,2.0394970197230577,7480.089056974975,6969.834312573443
1781648621,100,POST,/likes,9.800000,0.000000,6,96,120,150,160,180,200,200,200,200,200,290,0,7,91.82223998168725,2.7815490029752254,4796.426254004473,180.8793103448276
1781648621,100,POST,/posts,10.700000,0.000000,5,110,140,140,160,170,200,300,300,300,300,353,0,5,80.2651970482711,2.384723018622026,4835.581118997652,228.41359773371104
1781648621,100,GET,/timeline/{user_id},102.200000,0.000000,4,100,130,140,160,180,240,290,430,430,430,3393,0,4,106.09438983723383,1.8933769897557795,5771.815190993948,1093.7948717948718
1781648621,100,GET,/users/{user_id},38.600000,0.000000,4,94,120,140,150,170,200,220,300,300,300,1339,0,4,89.58388641633562,1.7025609849952161,4815.36411200068,267.87677371172515
1781648621,100,,Aggregated,389.600000,0.000000,4,94,120,140,160,170,210,240,640,730,730,13185,0,4,110.30269864254204,1.7025609849952161,7480.089056974975,2281.3484262419415
1781648622,100,GET,/feed/{user_id},156.200000,0.000000,4,65,120,140,160,170,200,210,260,270,270,5413,0,4,79.2406911418918,1.9157610076945275,4965.497842000332,1532.4492887493072
1781648622,100,GET,/feed/{user_id}?with_fof=true,71.800000,0.000000,4,100,130,140,160,180,220,610,730,730,730,2630,0,5,191.42816330906237,2.0394970197230577,7480.089056974975,6977.974144486692
1781648622,100,POST,/likes,10.200000,0.000000,7,110,130,150,170,180,200,210,210,210,210,296,0,7,91.16939775914354,2.7815490029752254,4796.426254004473,180.88513513513513
1781648622,100,POST,/posts,10.000000,0.000000,5,120,140,150,170,170,190,200,300,300,300,364,0,5,80.65814261291442,2.384723018622026,4835.581118997652,228.4065934065934
1781648622,100,GET,/timeline/{user_id},102.200000,0.000000,4,110,130,140,160,190,230,270,430,430,430,3498,0,4,104.63516435925976,1.8933769897557795,5771.815190993948,1082.9825614636936
1781648622,100,GET,/users/{user_id},39.900000,0.000000,4,100,130,140,160,180,200,220,300,300,300,1379,0,4,88.52768329186081,1.6894120199140161,4815.36411200068,267.8716461203771
1781648622,100,,Aggregated,390.300000,0.000000,4,99,130,140,160,180,210,230,640,730,730,13580,0,4,108.75000857804628,1.6894120199140161,7480.089056974975,2278.4661266568482
1781648623,100,GET,/feed/{user_id},152.100000,0.000000,4,30,120,130,160,170,200,210,220,270,270,5591,0,4,78.15591561743526,1.9157610076945275,4965.497842000332,1528.419245215525
1781648623,100,GET,/feed/{user_id}?with_fof=true,72.600000,0.000000,4,100,130,140,160,180,210,460,730,730,730,2713,0,5,187.12287464243806,2.0394970197230577,7480.089056974975,6977.917434574272
1781648623,100,POST,/likes,10.000000,0.000000,7,110,130,150,170,180,200,210,210,210,210,301,0,7,90.0651922747663,2.7815490029752254,4796.426254004473,180.88372093023256
1781648623,100,POST,/posts,10.700000,0.000000,5,120,140,150,170,170,190,200,300,300,300,375,0,5,79.41132612293586,2.384723018622026,4835.581118997652,228.408
1781648623,100,GET,/timeline/{user_id},103.400000,0.000000,4,110,130,140,160,190,230,270,430,430,430,3593,0,4,103.35539664923206,1.8933769897557795,5771.815190993948,1083.148065683273
1781648623,100,GET,/users/{user_id},39.800000,0.000000,4,96,130,140,160,180,200,220,300,300,300,1420,0,4,86.99890147506433,1.6894120199140161,4815.36411200068,267.8795774647887
1781648623,100,,Aggregated,388.600000,0.000000,4,98,130,140,160,180,210,220,640,730,730,13993,0,4,106.94042260759686,1.6894120199140161,7480.089056974975,2278.9052383334524
1781648624,100,GET,/feed/{user_id},153.100000,0.000000,4,82,120,130,150,170,200,210,220,270,270,5755,0,4,77.19795799512355,1.9157610076945275,4965.497842000332,1532.7819287576021
1781648624,100,GET,/feed/{user_id}?with_fof=true,71.400000,0.000000,4,94,120,130,150,180,210,460,730,730,730,2797,0,5,182.53755925711994,2.0394970197230577,7480.089056974975,7000.010368251698
1781648624,100,POST,/likes,9.700000,0.000000,8,110,130,150,170,180,200,210,210,210,210,309,0,6,88.86956743295848,2.7815490029752254,4796.426254004473,180.89644012944984
1781648624,100,POST,/posts,10.600000,0.000000,5,110,130,140,160,180,200,300,300,300,300,386,0,5,78.56878254157274,2.384723018622026,4835.581118997652,228.4119170984456
1781648624,100,GET,/timeline/{user_id},103.200000,0.000000,4,100,120,140,160,180,220,270,430,430,430,3703,0,4,101.58840979577342,1.8933769897557795,5771.815190993948,1079.936537942209
1781648624,100,GET,/users/{user_id},40.800000,0.000000,4,98,120,140,150,180,200,220,300,300,300,1457,0,4,86.1794728384532,1.6894120199140161,4815.36411200068,267.8764584763212
1781648624,100,,Aggregated,388.800000,0.000000,4,96,120,130,160,180,200,220,640,730,730,14407,0,4,105.11316868892253,1.6894120199140161,7480.089056974975,2285.9411397237454
1781648625,100,GET,/feed/{user_id},152.700000,0.000000,3,74,120,130,160,180,200,210,220,270,270,5911,0,4,76.54580528283778,1.9157610076945275,4965.497842000332,1523.9693791236677
1781648625,100,GET,/feed/{user_id}?with_fof=true,73.800000,0.000000,4,99,120,130,160,180,220,460,780,780,780,2870,0,5,179.5672145133164,2.0394970197230577,7480.089056974975,7003.403484320557
1781648625,100,POST,/likes,8.900000,0.000000,7,120,130,150,170,180,200,210,210,210,210,316,0,6,88.14385384102013,2.7815490029752254,4796.426254004473,180.90189873417722
1781648625,100,POST,/posts,11.000000,0.000000,5,110,140,150,160,180,200,300,300,300,300,394,0,5,78.0471692994582,2.384723018622026,4835.581118997652,228.40862944162436
1781648625,100,GET,/timeline/{user_id},102.600000,0.000000,4,100,130,140,160,190,220,260,430,430,430,3805,0,4,100.53054446645318,1.8933769897557795,5771.815190993948,1072.1103810775296
1781648625,100,GET,/users/{user_id},41.000000,0.000000,4,100,130,140,160,190,210,230,300,300,300,1492,0,4,85.90732672695809,1.6894120199140161,4815.36411200068,267.84584450402144
1781648625,100,,Aggregated,390.000000,0.000000,4,96,120,130,160,180,210,220,660,780,780,14788,0,4,103.94351206175932,1.6894120199140161,7480.089056974975,2281.181701379497
1781648626,100,GET,/feed/{user_id},153.700000,0.000000,4,81,110,130,150,180,210,220,260,270,270,6063,0,4,76.08094637334477,1.9157610076945275,4965.497842000332,1518.2986970146792
1781648626,100,GET,/feed/{user_id}?with_fof=true,73.600000,0.000000,4,91,120,130,150,180,210,380,780,780,780,2952,0,5,175.8317323245699,2.0394970197230577,7480.089056974975,6991.250338753388
1781648626,100,POST,/likes,9.200000,0.000000,7,110,130,140,170,180,200,210,210,210,210,322,0,6,86.9412202041333,2.7815490029752254,4796.426254004473,180.8975155279503
1781648626,100,POST,/posts,11.200000,0.000000,5,110,130,140,170,180,200,300,300,300,300,407,0,5,77.3922202258293,2.384723018622026,4835.581118997652,228.4078624078624
1781648626,100,GET,/timeline/{user_id},102.100000,0.000000,4,100,130,140,160,190,220,260,430,430,430,3900,0,4,99.57801900231668,1.8933769897557795,5771.815190993948,1067.951282051282
1781648626,100,GET,/users/{user_id},41.200000,0.000000,4,100,130,140,160,190,210,230,300,300,300,1532,0,4,85.13376792725181,1.6894120199140161,4815.36411200068,267.86227154047
1781648626,100,,Aggregated,391.000000,0.000000,4,95,120,130,160,180,210,220,640,780,780,15176,0,4,102.70209309402662,1.6894120199140161,7480.089056974975,2277.9521613073275
1781648627,100,GET,/feed/{user_id},153.300000,0.000000,4,84,120,130,150,170,190,210,220,260,260,6213,0,4,75.42344548004576,1.9157610076945275,4965.497842000332,1506.6542732979237
1781648627,100,GET,/feed/{user_id}?with_fof=true,74.200000,0.000000,4,91,120,130,150,180,210,230,780,780,780,3027,0,4,172.75293287746118,2.0394970197230577,7480.089056974975,6982.403700033036
1781648627,100,POST,/likes,8.800000,0.000000,5,110,120,130,160,180,200,210,210,210,210,328,0,6,86.65177720645372,2.7815490029752254,4796.426254004473,180.8871951219512
1781648627,100,POST,/posts,10.600000,0.000000,5,110,130,140,170,180,190,300,300,300,300,419,0,5,77.04130674449523,2.384723018622026,4835.581118997652,228.4057279236277
1781648627,100,GET,/timeline/{user_id},102.300000,0.000000,4,110,130,140,160,180,200,250,430,430,430,3995,0,4,98.79775025784353,1.8933769897557795,5771.815190993948,1061.4473091364205
1781648627,100,GET,/users/{user_id},40.900000,0.000000,4,100,120,140,150,180,200,210,300,300,300,1578,0,4,83.96422386607503,1.6894120199140161,4815.36411200068,267.83079847908743
1781648627,100,,Aggregated,390.100000,0.000000,4,97,120,130,150,180,200,210,460,780,780,15560,0,4,101.5053754870187,1.6894120199140161,7480.089056974975,2269.5842544987145
1781648628,100,GET,/feed/{user_id},153.900000,0.000000,4,92,120,130,150,170,190,200,220,260,260,6383,0,4,74.83098457423439,1.9157610076945275,4965.497842000332,1511.3905686981043
1781648628,100,GET,/feed/{user_id}?with_fof=true,75.600000,0.000000,4,87,110,120,150,160,190,210,780,780,780,3104,0,4,169.97721760928715,2.0394970197230577,7480.089056974975,6989.281572164949
1781648628,100,POST,/likes,8.300000,0.000000,5,110,120,130,140,170,180,210,210,210,210,332,0,6,86.8997618033381,2.7815490029752254,4796.426254004473,180.8734939759036
1781648628,100,POST,/posts,10.500000,0.000000,4,100,120,130,160,180,190,300,300,300,300,430,0,5,76.94198007439535,2.384723018622026,4835.581118997652,228.4
1781648628,100,GET,/timeline/{user_id},100.900000,0.000000,4,100,120,130,150,180,200,230,430,430,430,4095,0,4,97.4034032439705,1.8933769897557795,5771.815190993948,1073.8315018315018
1781648628,100,GET,/users/{user_id},40.300000,0.000000,4,99,110,130,150,170,190,210,300,300,300,1616,0,4,83.11781328320468,1.6894120199140161,4815.36411200068,267.8589108910891
1781648628,100,,Aggregated,389.500000,0.000000,4,96,120,130,150,170,190,210,460,780,780,15960,0,4,100.27422010632716,1.6894120199140161,7480.089056974975,2276.3407268170427
1781648629,100,GET,/feed/{user_id},155.300000,0.000000,4,93,110,130,150,170,180,200,260,270,270,6547,0,4,74.20253066702355,1.9157610076945275,4965.497842000332,1505.564838857492
1781648629,100,GET,/feed/{user_id}?with_fof=true,77.600000,0.000000,4,84,110,120,140,160,190,210,780,780,780,3171,0,4,167.29033984900033,2.0394970197230577,7480.089056974975,6998.38789025544
1781648629,100,POST,/likes,7.900000,0.000000,5,110,120,120,140,170,210,240,240,240,240,339,0,6,86.52535423510749,2.7815490029752254,4796.426254004473,180.87020648967552
1781648629,100,POST,/posts,10.300000,0.000000,5,98,120,130,150,170,180,180,190,190,190,444,0,5,76.1621699616421,2.384723018622026,4835.581118997652,228.40315315315314
1781648629,100,GET,/timeline/{user_id},100.200000,0.000000,4,100,120,130,150,170,200,230,410,410,410,4204,0,4,95.94765795109362,1.8933769897557795,5771.815190993948,1074.9738344433872
1781648629,100,GET,/users/{user_id},39.300000,0.000000,4,99,110,120,140,160,190,200,230,230,230,1664,0,4,82.12374484472863,1.6894120199140161,4815.36411200068,267.8737980769231
1781648629,100,,Aggregated,390.600000,0.000000,4,96,110,130,150,170,190,210,410,780,780,16369,0,4,98.93381391257131,1.6894120199140161,7480.089056974975,2271.15150589529
1781648630,100,GET,/feed/{user_id},155.800000,0.000000,4,93,110,130,150,170,190,200,260,270,270,6693,0,4,73.6849999138312,1.9157610076945275,4965.497842000332,1501.9819214104289
1781648630,100,GET,/feed/{user_id}?with_fof=true,78.600000,0.000000,4,84,110,120,150,170,190,230,780,780,780,3240,0,4,164.94938366052753,2.0394970197230577,7480.089056974975,7007.395679012346
1781648630,100,POST,/likes,7.700000,0.000000,4,100,120,120,140,180,210,240,240,240,240,342,0,6,85.8167876803986,2.7815490029752254,4796.426254004473,180.87134502923976
1781648630,100,POST,/posts,10.500000,0.000000,6,110,120,130,160,170,180,180,190,190,190,455,0,5,75.8796269976621,2.384723018622026,4835.581118997652,228.41318681318683
1781648630,100,GET,/timeline/{user_id},100.100000,0.000000,4,96,120,130,150,170,190,220,380,380,380,4314,0,4,94.80694647365199,1.8933769897557795,5771.815190993948,1079.2668057487251
1781648630,100,GET,/users/{user_id},39.500000,0.000000,4,93,110,120,140,160,190,200,230,230,230,1710,0,4,81.10730178333881,1.6894120199140161,4815.36411200068,267.8625730994152
1781648630,100,,Aggregated,392.200000,0.000000,4,93,110,120,150,170,190,210,550,780,780,16754,0,4,97.83782573062302,1.6894120199140161,7480.089056974975,2270.294556523815
1781648631,100,GET,/feed/{user_id},157.200000,0.000000,4,94,110,120,140,170,180,200,270,270,270,6854,0,4,73.26157496141073,1.9157610076945275,4965.497842000332,1503.538079953312
1781648631,100,GET,/feed/{user_id}?with_fof=true,76.800000,0.000000,4,88,110,120,140,160,190,220,780,780,780,3316,0,4,162.46097782900654,2.0394970197230577,7480.089056974975,7026.484620024125
1781648631,100,POST,/likes,7.000000,0.000000,4,7,110,120,130,170,180,240,240,240,240,350,0,6,83.94257747360305,2.758904010988772,4796.426254004473,180.87714285714284
1781648631,100,POST,/posts,10.800000,0.000000,5,98,120,130,150,170,180,180,180,180,180,467,0,5,75.5444156145328,2.384723018622026,4835.581118997652,228.40042826552462
1781648631,100,GET,/timeline/{user_id},101.200000,0.000000,4,96,120,130,150,170,190,200,380,380,380,4411,0,4,93.91599452964608,1.8933769897557795,5771.815190993948,1075.0559963727046
1781648631,100,GET,/users/{user_id},40.700000,0.000000,4,94,110,120,140,160,180,200,230,230,230,1750,0,4,80.4414049271727,1.6894120199140161,4815.36411200068,267.86685714285716
1781648631,100,,Aggregated,393.700000,0.000000,4,93,110,120,140,170,180,200,550,780,780,17148,0,4,96.83639444641148,1.6894120199140161,7480.089056974975,2273.494401679496
1781648632,100,GET,/feed/{user_id},158.400000,0.000000,4,95,120,130,150,170,180,200,270,270,270,7012,0,4,72.8101467010266,1.9157610076945275,4965.497842000332,1508.56018254421
1781648632,100,GET,/feed/{user_id}?with_fof=true,76.500000,0.000000,4,80,110,120,150,170,190,220,780,780,780,3385,0,4,159.94784574179485,2.0394970197230577,7480.089056974975,7027.824519940916
1781648632,100,POST,/likes,6.400000,0.000000,4,7,110,120,130,140,180,240,240,240,240,363,0,6,82.19797297750635,2.758904010988772,4796.426254004473,180.85399449035813
1781648632,100,POST,/posts,11.300000,0.000000,4,98,130,140,160,170,180,180,180,180,180,476,0,5,75.10423408187789,2.384723018622026,4835.581118997652,228.40126050420167
1781648632,100,GET,/timeline/{user_id},101.200000,0.000000,4,94,120,130,150,170,190,200,380,380,380,4505,0,4,93.01920205644242,1.8933769897557795,5771.815190993948,1076.4293007769145
1781648632,100,GET,/users/{user_id},40.200000,0.000000,4,100,110,120,140,160,180,200,230,230,230,1793,0,4,80.25790272708512,1.6894120199140161,4815.36411200068,267.8745119910764
1781648632,100,,Aggregated,394.000000,0.000000,4,94,120,130,150,170,180,200,460,780,780,17534,0,4,95.84291154165162,1.6894120199140161,7480.089056974975,2273.9358959735373
1781648633,100,GET,/feed/{user_id},160.200000,0.000000,4,93,120,130,150,170,190,210,270,270,270,7172,0,4,72.26763774086263,1.9157610076945275,4965.497842000332,1514.2201617401004
1781648633,100,GET,/feed/{user_id}?with_fof=true,76.100000,0.000000,4,82,110,120,150,170,190,380,780,780,780,3465,0,4,157.62563367738102,2.0394970197230577,7480.089056974975,7010.784126984127
1781648633,100,POST,/likes,6.000000,0.000000,4,7,110,120,140,170,180,240,240,240,240,371,0,5,81.22415439298845,2.758904010988772,4796.426254004473,180.85175202156333
1781648633,100,POST,/posts,11.400000,0.000000,5,98,130,140,160,170,180,180,180,180,180,488,0,5,74.99459674793007,2.384723018622026,4835.581118997652,228.4016393442623
1781648633,100,GET,/timeline/{user_id},100.400000,0.000000,4,90,120,130,150,170,190,220,380,380,380,4622,0,4,91.80377718411538,1.8933769897557795,5771.815190993948,1081.8887927304197
1781648633,100,GET,/users/{user_id},40.800000,0.000000,4,100,120,130,150,170,190,210,230,230,230,1822,0,4,79.98327444267636,1.6894120199140161,4815.36411200068,267.89462129527993
1781648633,100,,Aggregated,394.900000,0.000000,4,91,120,130,150,170,190,210,550,780,780,17940,0,4,94.83023563221394,1.6894120199140161,7480.089056974975,2275.3346711259755
1781648634,100,GET,/feed/{user_id},159.600000,0.000000,4,97,120,130,150,170,190,210,270,340,340,7331,0,4,72.06521077638897,1.9157610076945275,4965.497842000332,1508.1039421634157
1781648634,100,GET,/feed/{user_id}?with_fof=true,76.300000,0.000000,4,80,110,120,150,170,200,490,780,780,780,3552,0,4,155.12208907258102,2.0394970197230577,7480.089056974975,7016.686092342342
1781648634,100,POST,/likes,6.500000,0.000000,4,6,100,120,140,180,180,240,240,240,240,376,0,5,80.55053129995011,2.758904010988772,4796.426254004473,180.85106382978722
1781648634,100,POST,/posts,11.300000,0.000000,5,98,140,140,160,170,180,180,180,180,180,497,0,5,74.89469355332733,2.384723018622026,4835.581118997652,228.40845070422534
1781648634,100,GET,/timeline/{user_id},100.500000,0.000000,4,90,120,130,150,170,190,200,380,380,380,4713,0,4,91.09489993656534,1.8933769897557795,5771.815190993948,1079.7095268406536
1781648634,100,GET,/users/{user_id},41.100000,0.000000,4,100,120,130,150,160,180,190,220,220,220,1858,0,4,79.63760857730294,1.6894120199140161,4815.36411200068,267.8993541442411
1781648634,100,,Aggregated,395.300000,0.000000,4,91,120,130,150,170,190,210,560,780,780,18327,0,4,94.07487985976763,1.6894120199140161,7480.089056974975,2277.9028755388226
1781648635,100,GET,/feed/{user_id},157.800000,0.000000,4,96,120,130,150,170,180,190,270,340,340,7473,0,4,71.80388466463516,1.9157610076945275,4965.497842000332,1508.53726749632
1781648635,100,GET,/feed/{user_id}?with_fof=true,75.200000,0.000000,4,84,110,120,150,170,190,430,600,600,600,3640,0,4,152.6591713963461,2.038043981883675,7480.089056974975,7036.2741758241755
1781648635,100,POST,/likes,7.100000,0.000000,4,11,110,120,140,170,180,240,240,240,240,388,0,5,79.6625176128108,2.758904010988772,4796.426254004473,180.86082474226805
1781648635,100,POST,/posts,11.300000,0.000000,12,100,140,140,160,160,180,180,180,180,180,506,0,5,74.64215306522833,2.384723018622026,4835.581118997652,228.39525691699606
1781648635,100,GET,/timeline/{user_id},101.200000,0.000000,3,84,120,130,150,160,180,190,330,330,330,4804,0,4,90.27246013822914,1.8933769897557795,5771.815190993948,1079.7645711906744
1781648635,100,GET,/users/{user_id},40.300000,0.000000,4,99,120,130,150,160,180,190,220,220,220,1911,0,4,78.83376961151853,1.6894120199140161,4815.36411200068,267.89115646258506
1781648635,100,,Aggregated,392.900000,0.000000,4,91,120,130,150,170,180,190,550,600,600,18722,0,4,93.22017052120282,1.6894120199140161,7480.089056974975,2284.489263967525
1781648636,100,GET,/feed/{user_id},157.500000,0.000000,4,95,120,130,150,170,180,190,270,340,340,7639,0,4,71.19159087230986,1.9157610076945275,4965.497842000332,1509.177510145307
1781648636,100,GET,/feed/{user_id}?with_fof=true,75.200000,0.000000,4,85,110,120,150,170,190,440,600,600,600,3713,0,4,150.62725576072347,2.038043981883675,7480.089056974975,7045.7646108268245
1781648636,100,POST,/likes,6.500000,0.000000,4,7,96,110,140,170,180,240,240,240,240,395,0,5,78.9612394753148,2.758904010988772,4796.426254004473,180.86075949367088
1781648636,100,POST,/posts,10.900000,0.000000,12,120,140,140,160,170,180,240,240,240,240,513,0,5,74.61608239576869,2.384723018622026,4835.581118997652,228.3918128654971
1781648636,100,GET,/timeline/{user_id},101.000000,0.000000,4,83,110,130,150,160,180,190,330,330,330,4907,0,4,89.48413242777127,1.8933769897557795,5771.815190993948,1076.4487466884043
1781648636,100,GET,/users/{user_id},40.000000,0.000000,4,93,120,130,140,160,180,190,220,220,220,1957,0,4,77.90978928590332,1.6894120199140161,4815.36411200068,267.9049565661727
1781648636,100,,Aggregated,391.100000,0.000000,4,90,110,130,150,170,180,200,550,600,600,19124,0,4,92.24782465125007,1.6894120199140161,7480.089056974975,2284.279439447814
1781648637,100,GET,/feed/{user_id},156.500000,0.000000,4,97,120,130,150,160,180,190,270,340,340,7795,0,4,70.86393980235366,1.9005379872396588,4965.497842000332,1509.1312379730596
1781648637,100,GET,/feed/{user_id}?with_fof=true,76.800000,0.000000,4,80,110,120,140,160,190,430,600,600,600,3800,0,4,148.0747120936193,2.038043981883675,7480.089056974975,7037.987105263158
1781648637,100,POST,/likes,6.800000,0.000000,4,6,63,100,140,170,180,240,240,240,240,399,0,5,78.550042863979,2.758904010988772,4796.426254004473,180.8546365914787
1781648637,100,POST,/posts,11.100000,0.000000,4,96,130,140,150,160,170,180,240,240,240,529,0,5,73.19115166556107,2.384723018622026,4835.581118997652,228.39697542533082
1781648637,100,GET,/timeline/{user_id},99.900000,0.000000,3,86,110,130,150,160,180,190,330,330,330,5006,0,4,88.66693213804427,1.8933769897557795,5771.815190993948,1078.8785457451058
1781648637,100,GET,/users/{user_id},40.900000,0.000000,4,95,120,130,150,160,180,190,220,220,220,1991,0,4,77.4433677235774,1.6894120199140161,4815.36411200068,267.89251632345554
1781648637,100,,Aggregated,392.000000,0.000000,4,90,110,130,150,160,180,200,500,600,600,19520,0,4,91.3516552494673,1.6894120199140161,7480.089056974975,2286.6420081967212
1781648638,100,GET,/feed/{user_id},157.100000,0.000000,4,95,120,130,150,170,180,200,270,340,340,7929,0,4,70.56186078829927,1.9005379872396588,4965.497842000332,1506.2137722285281
1781648638,100,GET,/feed/{user_id}?with_fof=true,75.700000,0.000000,4,75,110,130,150,170,200,460,600,600,600,3894,0,4,146.0383443027044,2.038043981883675,7480.089056974975,7030.713148433488
1781648638,100,POST,/likes,7.200000,0.000000,5,7,100,120,140,170,180,180,180,180,180,409,0,6,78.53050035874821,2.758904010988772,4796.426254004473,180.84107579462102
1781648638,100,POST,/posts,10.700000,0.000000,4,96,130,140,150,160,190,240,240,240,240,536,0,5,72.91636991805663,2.384723018622026,4835.581118997652,228.39365671641792
1781648638,100,GET,/timeline/{user_id},100.300000,0.000000,4,87,120,130,150,170,190,200,330,330,330,5104,0,4,88.04927728353539,1.8933769897557795,5771.815190993948,1079.2789968652037
1781648638,100,GET,/users/{user_id},42.500000,0.000000,4,97,120,130,150,170,180,190,220,220,220,2030,0,4,77.21384348007426,1.6894120199140161,4815.36411200068,267.90935960591133
1781648638,100,,Aggregated,393.500000,0.000000,4,90,120,130,150,170,180,200,560,600,600,19902,0,4,90.71993112992048,1.6894120199140161,7480.089056974975,2289.681690282384
1781648639,100,GET,/feed/{user_id},157.800000,0.000000,4,100,120,130,150,170,200,210,270,340,340,8081,0,4,70.36191954132185,1.9005379872396588,4965.497842000332,1500.1655735676277
1781648639,100,GET,/feed/{user_id}?with_fof=true,76.800000,0.000000,4,76,120,130,150,180,230,490,860,860,860,3969,0,4,144.93145334435678,2.038043981883675,7480.089056974975,7028.776014109348
1781648639,100,POST,/likes,7.200000,0.000000,5,7,96,120,140,170,180,180,180,180,180,421,0,6,77.82879637705268,2.758904010988772,4796.426254004473,180.83610451306413
1781648639,100,POST,/posts,10.800000,0.000000,4,96,140,140,150,180,240,260,260,260,260,549,0,5,72.63680997281081,2.384723018622026,4835.581118997652,228.3952641165756
1781648639,100,GET,/timeline/{user_id},100.100000,0.000000,4,89,120,130,150,170,200,220,330,330,330,5200,0,4,87.6643041704497,1.8933769897557795,5771.815190993948,1076.928846153846
1781648639,100,GET,/users/{user_id},41.800000,0.000000,5,110,130,140,150,180,210,220,220,220,220,2073,0,4,77.08590813864774,1.6894120199140161,4815.36411200068,267.91365171249396
1781648639,100,,Aggregated,394.500000,0.000000,4,92,120,130,150,180,200,220,560,860,860,20293,0,4,90.28357617625494,1.6894120199140161,7480.089056974975,2285.368649287932
1781648640,100,GET,/feed/{user_id},154.600000,0.000000,4,97,120,130,160,180,210,230,310,340,340,8212,0,4,70.21431795132605,1.9005379872396588,4965.497842000332,1497.9079396005845
1781648640,100,GET,/feed/{user_id}?with_fof=true,78.100000,0.000000,4,80,120,130,160,190,250,490,860,860,860,4036,0,4,143.58991248264098,2.038043981883675,7480.089056974975,7027.235629335976
1781648640,100,POST,/likes,7.500000,0.000000,5,14,110,140,150,180,220,280,280,280,280,432,0,5,77.47934173332598,2.758904010988772,4796.426254004473,180.83564814814815
1781648640,100,POST,/posts,10.500000,0.000000,4,71,130,140,160,190,260,300,300,300,300,562,0,5,72.18305081337462,2.384723018622026,4835.581118997652,228.40213523131672
1781648640,100,GET,/timeline/{user_id},101.500000,0.000000,4,87,120,130,160,180,220,280,540,540,540,5279,0,4,87.50695594289428,1.8933769897557795,5771.815190993948,1077.4063269558628
1781648640,100,GET,/users/{user_id},41.200000,0.000000,4,110,130,140,170,180,220,240,310,310,310,2120,0,4,76.94078733804658,1.6894120199140161,4815.36411200068,267.92641509433963
1781648640,100,,Aggregated,393.400000,0.000000,4,91,120,130,160,180,220,250,560,860,860,20641,0,4,89.88084422079065,1.6894120199140161,7480.089056974975,2283.070490770796
1781648641,100,GET,/feed/{user_id},153.300000,0.000000,4,91,120,130,170,190,240,280,320,340,340,8358,0,4,70.23253590158191,1.9005379872396588,4965.497842000332,1495.5995453457765
1781648641,100,GET,/feed/{user_id}?with_fof=true,79.100000,0.000000,4,82,120,130,160,200,300,490,860,860,860,4114,0,4,142.20174281789937,2.038043981883675,7480.089056974975,7027.103062712688
1781648641,100,POST,/likes,7.800000,0.000000,5,11,100,130,170,180,280,290,290,290,290,442,0,5,76.66529259908886,2.758904010988772,4796.426254004473,180.83484162895928
1781648641,100,POST,/posts,10.600000,0.000000,4,67,120,140,170,200,290,300,300,300,300,578,0,5,71.9879009016402,2.384723018622026,4835.581118997652,228.40138408304497
1781648641,100,GET,/timeline/{user_id},100.000000,0.000000,4,87,120,130,170,200,290,520,800,800,800,5372,0,4,87.98481412071992,1.8933769897557795,5771.815190993948,1072.4082278481012
1781648641,100,GET,/users/{user_id},40.300000,0.000000,4,91,120,140,170,190,220,260,310,310,310,2160,0,4,76.32486013128612,1.6894120199140161,4815.36411200068,267.9300925925926
1781648641,100,,Aggregated,391.100000,0.000000,4,87,120,130,170,200,270,300,660,860,860,21024,0,4,89.6609917431645,1.6894120199140161,7480.089056974975,2281.267789193303
1781648642,100,GET,/feed/{user_id},151.300000,0.000000,4,93,120,140,170,200,270,290,430,460,460,8493,0,4,70.16248715147242,1.9005379872396588,4965.497842000332,1497.363004827505
1781648642,100,GET,/feed/{user_id}?with_fof=true,79.700000,0.000000,4,81,120,130,170,210,310,460,860,860,860,4184,0,4,141.12072040775388,2.038043981883675,7480.089056974975,7025.976577437858
1781648642,100,POST,/likes,9.100000,0.000000,6,11,110,140,170,180,280,290,290,290,290,450,0,6,76.10455766831163,2.758904010988772,4796.426254004473,180.84444444444443
1781648642,100,POST,/posts,10.300000,0.000000,4,87,130,140,190,290,300,400,400,400,400,586,0,5,72.85638876832861,2.384723018622026,4835.581118997652,228.39931740614335
1781648642,100,GET,/timeline/{user_id},97.600000,0.000000,4,93,120,140,170,220,290,520,800,800,800,5422,0,4,87.77359329888328,1.8933769897557795,5771.815190993948,1073.8098487642935
1781648642,100,GET,/users/{user_id},40.900000,0.000000,5,91,130,140,170,210,260,320,460,460,460,2190,0,4,76.76370388112716,1.6894120199140161,4815.36411200068,267.9388127853881
1781648642,100,,Aggregated,388.900000,0.000000,4,90,120,140,170,210,280,340,660,860,860,21325,0,4,89.43966830943455,1.6894120199140161,7480.089056974975,2285.486283704572
1781648643,100,GET,/feed/{user_id},148.900000,0.000000,4,90,120,130,170,220,310,530,730,740,740,8556,0,4,70.89079076267714,1.9005379872396588,4965.497842000332,1496.5378681626928
1781648643,100,GET,/feed/{user_id}?with_fof=true,78.800000,0.000000,5,89,120,130,180,270,530,640,860,860,860,4228,0,4,141.65335033582502,2.038043981883675,7480.089056974975,7027.619914853359
1781648643,100,POST,/likes,9.300000,0.000000,6,13,100,130,170,180,280,290,290,290,290,454,0,6,75.5623334531938,2.758904010988772,4796.426254004473,180.84801762114537
1781648643,100,POST,/posts,11.200000,0.000000,5,15,120,140,190,290,300,400,400,400,400,592,0,5,72.30111575709826,2.384723018622026,4835.581118997652,228.40371621621622
1781648643,100,GET,/timeline/{user_id},96.300000,0.000000,4,96,130,140,180,260,540,690,1200,1200,1200,5449,0,4,88.65952350202619,1.8933769897557795,5771.815190993948,1074.4237474766012
1781648643,100,GET,/users/{user_id},41.300000,0.000000,5,92,130,140,180,260,560,670,700,700,700,2214,0,4,78.84212023834235,1.6894120199140161,4815.36411200068,267.9390243902439
1781648643,100,,Aggregated,385.800000,0.000000,4,90,120,140,180,240,460,630,790,1200,1200,21493,0,4,90.27226207004684,1.6894120199140161,7480.089056974975,2288.290466663565
1781648644,100,GET,/feed/{user_id},149.500000,0.000000,5,89,120,130,190,270,550,660,1400,1500,1500,8601,0,4,72.05905873101017,1.9005379872396588,4965.497842000332,1497.565166841065
1781648644,100,GET,/feed/{user_id}?with_fof=true,80.000000,0.000000,5,84,120,130,190,290,570,650,860,860,860,4248,0,4,141.61555038391901,2.038043981883675,7480.089056974975,7034.844868173258
1781648644,100,POST,/likes,9.100000,0.000000,7,13,100,130,150,180,280,290,290,290,290,455,0,6,75.42465133131942,2.758904010988772,4796.426254004473,180.84835164835164
1781648644,100,POST,/posts,10.900000,0.000000,4,12,110,130,200,290,400,620,620,620,620,595,0,5,72.99978733307314,2.384723018622026,4835.581118997652,228.3966386554622
1781648644,100,GET,/timeline/{user_id},93.500000,0.000000,5,97,130,140,210,320,700,1400,2300,2300,2300,5481,0,4,91.07215485815587,1.8933769897557795,5771.815190993948,1074.1085568326948
1781648644,100,GET,/users/{user_id},39.800000,0.000000,6,92,130,140,210,310,590,670,700,700,700,2221,0,4,79.09488926731746,1.6894120199140161,4815.36411200068,267.9351643403872
1781648644,100,,Aggregated,382.800000,0.000000,5,89,120,140,190,280,600,690,2000,2300,2300,21601,0,4,91.38244256448775,1.6894120199140161,7480.089056974975,2289.941854543771
1781648645,100,GET,/feed/{user_id},141.100000,0.000000,5,74,120,140,200,280,590,660,1400,1500,1500,8643,0,4,71.88661393086619,1.9005379872396588,4965.497842000332,1496.4059932893672
1781648645,100,GET,/feed/{user_id}?with_fof=true,76.700000,0.000000,5,79,120,140,200,300,580,700,860,860,860,4262,0,4,141.25388121911817,2.038043981883675,7480.089056974975,7040.949319568278
1781648645,100,POST,/likes,8.500000,0.000000,8,13,120,140,180,220,290,560,560,560,560,458,0,6,76.18080861743196,2.758904010988772,4796.426254004473,180.84497816593887
1781648645,100,POST,/posts,10.500000,0.000000,5,12,110,130,200,290,400,620,620,620,620,596,0,5,72.88185917984674,2.384723018622026,4835.581118997652,228.3976510067114
1781648645,100,GET,/timeline/{user_id},85.100000,0.000000,5,97,130,150,270,630,2200,2700,2900,2900,2900,5520,0,4,96.06919590771503,1.8933769897557795,5771.815190993948,1070.9922101449276
1781648645,100,GET,/users/{user_id},39.500000,0.000000,6,93,140,150,220,380,660,680,700,700,700,2228,0,4,78.85748350708971,1.6894120199140161,4815.36411200068,267.9245960502693
1781648645,100,,Aggregated,361.400000,0.000000,5,82,130,140,210,320,650,760,2800,2900,2900,21707,0,4,92.48928359712136,1.6894120199140161,7480.089056974975,2288.189431980467
1781648646,100,GET,/feed/{user_id},129.600000,0.000000,6,24,120,140,210,290,600,670,1500,1500,1500,8701,0,4,71.4849785651623,1.9005379872396588,4965.497842000332,1498.9808068038155
1781648646,100,GET,/feed/{user_id}?with_fof=true,71.500000,0.000000,6,79,130,150,220,370,640,720,3400,3400,3400,4281,0,4,142.0284094575646,2.038043981883675,7480.089056974975,7043.72880168185
1781648646,100,POST,/likes,8.200000,0.000000,8,13,120,140,180,220,290,560,560,560,560,460,0,6,75.93809330390523,2.758904010988772,4796.426254004473,180.85
1781648646,100,POST,/posts,9.900000,0.000000,6,12,66,130,220,300,400,620,620,620,620,602,0,5,72.23173794877117,2.384723018622026,4835.581118997652,228.3986710963455
1781648646,100,GET,/timeline/{user_id},78.400000,0.000000,6,87,150,170,300,790,2800,3000,3100,3100,3100,5563,0,4,99.76373054297476,1.8933769897557795,5771.815190993948,1068.8775840373899
1781648646,100,GET,/users/{user_id},36.900000,0.000000,6,66,140,160,220,380,660,680,700,700,700,2244,0,4,78.39696461713227,1.6894120199140161,4815.36411200068,267.94073083778966
1781648646,100,,Aggregated,334.500000,0.000000,6,47,130,150,230,430,700,1800,3100,3400,3400,21851,0,4,93.3292696059531,1.6894120199140161,7480.089056974975,2286.6206123289553
1781648647,100,GET,/feed/{user_id},118.500000,0.000000,6,24,120,160,260,570,3100,3200,3400,3400,3400,8801,0,4,78.64121255771956,1.9005379872396588,4965.497842000332,1498.0469264856267
1781648647,100,GET,/feed/{user_id}?with_fof=true,64.000000,0.000000,7,77,140,170,310,720,3300,4000,4500,4500,4500,4334,0,5,154.66471682988146,2.038043981883675,7480.089056974975,7025.706045223812
1781648647,100,POST,/likes,7.400000,0.000000,8,11,34,120,180,280,290,560,560,560,560,466,0,6,75.0569790617219,2.758904010988772,4796.426254004473,180.84549356223175
1781648647,100,POST,/posts,9.200000,0.000000,8,14,89,140,250,290,400,620,620,620,620,615,0,5,72.18113783453553,2.384723018622026,4835.581118997652,228.4
1781648647,100,GET,/timeline/{user_id},72.300000,0.000000,7,84,170,210,640,2800,3100,3400,5000,5000,5000,5612,0,4,108.86984800527766,1.8933769897557795,5771.815190993948,1068.470420527441
1781648647,100,GET,/users/{user_id},33.000000,0.000000,6,66,150,180,260,530,700,3100,3200,3200,3200,2266,0,4,83.48475563759261,1.6894120199140161,4815.36411200068,267.9629302736099
1781648647,100,,Aggregated,304.400000,0.000000,7,42,140,170,290,670,3100,3200,4600,5000,5000,22094,0,4,101.47371185627777,1.6894120199140161,7480.089056974975,2283.9649226034217
1781648648,100,GET,/feed/{user_id},108.500000,0.000000,7,41,120,180,380,600,3100,3200,3400,3400,3400,8892,0,4,79.65826381102595,1.9005379872396588,4965.497842000332,1494.1033513270356
1781648648,100,GET,/feed/{user_id}?with_fof=true,58.100000,0.000000,8,77,130,170,520,2500,3300,4000,4500,4500,4500,4351,0,5,156.14787923000128,2.038043981883675,7480.089056974975,7012.785106871984
1781648648,100,POST,/likes,6.600000,0.000000,8,12,24,82,170,280,290,560,560,560,560,468,0,6,75.13433982426366,2.758904010988772,4796.426254004473,180.84188034188034
1781648648,100,POST,/posts,8.700000,0.000000,8,13,89,130,250,300,400,620,620,620,620,619,0,5,71.94669861909753,2.384723018622026,4835.581118997652,228.39741518578353
1781648648,100,GET,/timeline/{user_id},67.400000,0.000000,8,78,160,260,750,2800,3100,3400,5000,5000,5000,5660,0,4,109.64453342977859,1.8933769897557795,5771.815190993948,1068.4017667844523
1781648648,100,GET,/users/{user_id},28.900000,0.000000,7,52,120,150,320,560,700,3100,3200,3200,3200,2285,0,5,83.4991747574678,1.6894120199140161,4815.36411200068,267.9715536105033
1781648648,100,,Aggregated,278.200000,0.000000,8,47,130,180,430,720,3100,3300,4600,5000,5000,22275,0,4,102.30313155347773,1.6894120199140161,7480.089056974975,2275.361436588103
1781648649,100,GET,/feed/{user_id},100.700000,0.000000,8,24,110,180,430,620,3100,3200,3400,3400,3400,8953,0,4,79.24844698355035,1.9005379872396588,4965.497842000332,1491.2523176588852
1781648649,100,GET,/feed/{user_id}?with_fof=true,54.000000,0.000000,8,77,140,250,640,3000,3300,4000,4500,4500,4500,4358,0,5,157.8302510742827,2.038043981883675,7480.089056974975,7006.285910968334
1781648649,100,POST,/likes,6.500000,0.000000,10,12,14,34,180,290,560,560,560,560,560,470,0,6,74.86315225690673,2.758904010988772,4796.426254004473,180.8404255319149
1781648649,100,POST,/posts,8.600000,0.000000,9,14,66,120,270,300,400,620,620,620,620,625,0,5,71.63066926756873,2.384723018622026,4835.581118997652,228.4
1781648649,100,GET,/timeline/{user_id},62.100000,0.000000,9,73,220,290,1800,2900,3100,3400,5000,5000,5000,5683,0,4,110.17085782993557,1.8933769897557795,5771.815190993948,1067.5571001231745
1781648649,100,GET,/users/{user_id},27.300000,0.000000,8,38,93,160,380,660,3100,3100,3200,3200,3200,2295,0,5,83.22268682170592,1.6894120199140161,4815.36411200068,267.96383442265795
1781648649,100,,Aggregated,259.200000,0.000000,8,39,130,220,530,2100,3200,3300,5000,5000,5000,22384,0,4,102.50122771541128,1.6894120199140161,7480.089056974975,2269.22020192995
1781648650,100,GET,/feed/{user_id},98.000000,0.000000,8,20,92,150,490,660,3200,3200,3400,3400,3400,8971,0,4,79.25827549534425,1.9005379872396588,4965.497842000332,1492.7659123843496
1781648650,100,GET,/feed/{user_id}?with_fof=true,47.900000,0.000000,9,47,150,240,730,3200,3400,4100,4500,4500,4500,4363,0,5,157.77403936962887,2.038043981883675,7480.089056974975,7002.107494842998
1781648650,100,POST,/likes,6.100000,0.000000,10,13,14,24,140,180,560,560,560,560,560,471,0,6,74.73350520328037,2.758904010988772,4796.426254004473,180.84076433121018
1781648650,100,POST,/posts,8.600000,0.000000,11,15,66,120,250,290,620,620,620,620,620,625,0,5,71.63066926756873,2.384723018622026,4835.581118997652,228.4
1781648650,100,GET,/timeline/{user_id},56.700000,0.000000,10,55,170,390,2500,3000,3300,4600,6000,6000,6000,5694,0,4,111.74944101414681,1.8933769897557795,6024.93174400297,1066.2690551457674
1781648650,100,GET,/users/{user_id},26.200000,0.000000,9,38,99,160,480,670,3100,3100,3200,3200,3200,2299,0,5,83.11204586073042,1.6894120199140161,4815.36411200068,267.9634623749456
1781648650,100,,Aggregated,243.500000,0.000000,9,34,120,190,610,2700,3200,3400,5000,6000,6000,22423,0,4,102.87377616954782,1.6894120199140161,7480.089056974975,2268.077777282255
1781648651,100,GET,/feed/{user_id},88.800000,0.000000,8,19,75,270,600,760,3200,3200,3400,3400,3400,8977,0,4,79.53607389458995,1.9005379872396588,4965.497842000332,1491.8775760276262
1781648651,100,GET,/feed/{user_id}?with_fof=true,41.600000,0.000000,9,28,370,560,2700,3300,4000,4200,4500,4500,4500,4363,0,5,157.77403936962887,2.038043981883675,7480.089056974975,7002.107494842998
1781648651,100,POST,/likes,5.400000,0.000000,12,13,14,14,34,170,560,560,560,560,560,471,0,6,74.73350520328037,2.758904010988772,4796.426254004473,180.84076433121018
1781648651,100,POST,/posts,7.700000,0.000000,11,14,43,75,250,290,620,620,620,620,620,625,0,5,71.63066926756873,2.384723018622026,4835.581118997652,228.4
1781648651,100,GET,/timeline/{user_id},50.200000,0.000000,10,57,440,720,2800,3100,3700,5000,6000,6000,6000,5697,0,4,113.58390381193318,1.8933769897557795,6024.93174400297,1066.9229418992452
1781648651,100,GET,/users/{user_id},23.400000,0.000000,9,33,67,320,560,680,3100,3100,3200,3200,3200,2299,0,5,83.11204586073042,1.6894120199140161,4815.36411200068,267.9634623749456
1781648651,100,,Aggregated,217.100000,0.000000,9,31,170,380,720,3100,3300,3600,5000,6000,6000,22432,0,4,103.44571201028901,1.6894120199140161,7480.089056974975,2267.5202389443652
1781648652,100,GET,/feed/{user_id},79.400000,0.000000,8,16,66,230,600,1500,3200,3300,3400,3400,3400,8983,0,4,79.48926002691682,1.9005379872396588,4965.497842000332,1491.1919180674608
1781648652,100,GET,/feed/{user_id}?with_fof=true,34.200000,0.000000,9,20,390,700,3100,3300,4100,4200,4500,4500,4500,4363,0,5,157.77403936962887,2.038043981883675,7480.089056974975,7002.107494842998
1781648652,100,POST,/likes,4.000000,0.000000,10,14,14,14,170,560,560,560,560,560,560,471,0,6,74.73350520328037,2.758904010988772,4796.426254004473,180.84076433121018
1781648652,100,POST,/posts,6.900000,0.000000,11,14,37,75,240,270,620,620,620,620,620,626,0,5,71.53805690935066,2.384723018622026,4835.581118997652,228.39936102236422
1781648652,100,GET,/timeline/{user_id},43.500000,0.000000,11,58,420,790,2900,3100,3700,5000,6000,6000,6000,5697,0,4,113.58390381193318,1.8933769897557795,6024.93174400297,1066.9229418992452
1781648652,100,GET,/users/{user_id},19.200000,0.000000,8,16,43,67,490,700,3100,3200,3200,3200,3200,2300,0,5,83.07972814079181,1.6894120199140161,4815.36411200068,267.96391304347827
1781648652,100,,Aggregated,187.200000,0.000000,9,24,110,360,1800,3100,3300,3900,6000,6000,6000,22440,0,4,103.41235899767766,1.6894120199140161,7480.089056974975,2266.858422459893
1781648653,100,GET,/feed/{user_id},66.100000,0.000000,8,13,57,210,600,3100,3200,3300,3400,3400,3400,9004,0,4,81.59912988746603,1.9005379872396588,4965.497842000332,1488.7675477565526
1781648653,100,GET,/feed/{user_id}?with_fof=true,27.200000,0.000000,10,130,2500,3000,4000,5700,5900,6000,6000,6000,6000,4376,0,5,169.68900725450905,2.038043981883675,7480.089056974975,7001.2422303473495
1781648653,100,POST,/likes,3.100000,0.000000,10,14,14,34,560,3000,3000,3000,3000,3000,3000,472,0,6,81.03557571340096,2.758904010988772,4796.426254004473,180.84110169491527
1781648653,100,POST,/posts,4.900000,0.000000,11,14,37,75,240,270,2100,2100,2100,2100,2100,628,0,5,74.71933600041017,2.384723018622026,4835.581118997652,228.39968152866243
1781648653,100,GET,/timeline/{user_id},35.300000,0.000000,11,51,490,2300,3000,3300,4500,5000,6000,6000,6000,5710,0,4,116.22425671026168,1.8933769897557795,6024.93174400297,1066.5352014010507
1781648653,100,GET,/users/{user_id},15.100000,0.000000,7,13,33,58,250,500,3100,3200,3200,3200,3200,2303,0,5,82.98017902814254,1.6894120199140161,4815.36411200068,267.96656534954406
1781648653,100,,Aggregated,151.700000,0.000000,9,23,99,370,2800,3200,4000,5000,6000,6000,6000,22493,0,4,107.46428018116148,1.6894120199140161,7480.089056974975,2266.399946650069
1781648654,100,GET,/feed/{user_id},51.400000,0.000000,8,13,57,200,700,3200,5900,6100,6300,6300,6300,9065,0,4,89.13600751029888,1.9005379872396588,6279.220052994788,1486.2868174296746
1781648654,100,GET,/feed/{user_id}?with_fof=true,19.200000,0.000000,11,2700,3300,4500,6000,6100,6200,6800,6800,6800,6800,4411,0,5,197.7800069949613,2.038043981883675,7480.089056974975,6998.82475629109
1781648654,100,POST,/likes,2.100000,0.000000,10,14,14,34,170,3000,3000,3000,3000,3000,3000,473,0,6,80.87968438628462,2.758904010988772,4796.426254004473,180.8414376321353
1781648654,100,POST,/posts,4.300000,0.000000,11,14,43,120,250,2100,6000,6000,6000,6000,6000,631,0,5,83.90609763592936,2.384723018622026,6009.643524012063,228.40412044374008
1781648654,100,GET,/timeline/{user_id},27.900000,0.000000,9,26,140,720,3100,4600,6200,6200,10000,10000,10000,5754,0,4,125.6478582531522,1.8933769897557795,10093.759576993762,1065.44212721585
1781648654,100,GET,/users/{user_id},11.800000,0.000000,8,15,38,60,3100,6000,6300,6300,6300,6300,6300,2325,0,5,97.99791616077225,1.6894120199140161,6281.2868090113625,267.9574193548387
1781648654,100,,Aggregated,116.700000,0.000000,9,23,110,430,3200,5800,6100,6200,10000,10000,10000,22659,0,5,120.14869538466165,1.6894120199140161,10093.759576993762,2265.246568692352
1781648655,100,GET,/feed/{user_id},45.000000,0.000000,9,41,91,250,650,3200,5900,6100,6400,6400,6400,9181,0,4,90.49626022631544,1.9005379872396588,6366.639907006174,1487.491122971354
1781648655,100,GET,/feed/{user_id}?with_fof=true,15.100000,0.000000,25,660,3300,4900,5900,6000,6200,6400,6800,6800,6800,4479,0,5,210.8129291758949,2.038043981883675,7480.089056974975,7000.4902880107165
1781648655,100,POST,/likes,1.700000,0.000000,12,14,15,42,170,3000,3000,3000,3000,3000,3000,479,0,6,80.17119587207551,2.758904010988772,4796.426254004473,180.8517745302714
1781648655,100,POST,/posts,3.700000,0.000000,14,48,77,99,250,2100,6400,6400,6400,6400,6400,640,0,5,93.27089609728318,2.384723018622026,6351.882892020512,228.415625
1781648655,100,GET,/timeline/{user_id},26.200000,0.000000,11,51,100,420,3100,4600,6200,6300,10000,10000,10000,5831,0,5,126.52963283822646,1.8933769897557795,10093.759576993762,1063.3303035499914
1781648655,100,GET,/users/{user_id},9.000000,0.000000,8,20,58,99,3100,6000,6300,6300,6300,6300,6300,2349,0,5,100.81506167217219,1.6894120199140161,6318.151003011735,267.98722860791827
1781648655,100,,Aggregated,100.700000,0.000000,10,51,130,440,3200,5800,6100,6300,6800,10000,10000,22959,0,5,124.03769851427548,1.6894120199140161,10093.759576993762,2268.1496145302494
1781648656,100,GET,/feed/{user_id},45.800000,0.000000,8,31,70,100,510,720,5900,6200,6400,6400,6400,9251,0,4,89.92148463375263,1.9005379872396588,6366.639907006174,1486.7469462760782
1781648656,100,GET,/feed/{user_id}?with_fof=true,15.200000,0.000000,11,130,2500,5200,5900,6100,6200,6800,6800,6800,6800,4518,0,5,211.9796329202897,2.038043981883675,7480.089056974975,6995.806551571492
1781648656,100,POST,/likes,1.800000,0.000000,12,14,15,42,170,3000,3000,3000,3000,3000,3000,481,0,6,79.86379496826066,2.758904010988772,4796.426254004473,180.84823284823284
1781648656,100,POST,/posts,3.700000,0.000000,37,77,120,130,270,6000,6400,6400,6400,6400,6400,642,0,5,93.05874194586838,2.384723018622026,6351.882892020512,228.41433021806853
1781648656,100,GET,/timeline/{user_id},26.500000,0.000000,9,34,64,96,690,3600,6200,6300,10000,10000,10000,5869,0,5,125.8068939656966,1.8933769897557795,10093.759576993762,1061.803884818538
1781648656,100,GET,/users/{user_id},9.900000,0.000000,8,15,43,65,500,6000,6300,6300,6300,6300,6300,2366,0,5,100.20151478865748,1.6894120199140161,6318.151003011735,267.980135249366
1781648656,100,,Aggregated,102.900000,0.000000,9,41,75,220,2100,5900,6100,6300,6800,10000,10000,23127,0,5,123.80262369802965,1.6894120199140161,10093.759576993762,2268.3594067540103
1781648657,100,GET,/feed/{user_id},50.800000,0.000000,8,11,41,59,250,760,5900,6200,6400,6400,6400,9315,0,4,89.40218078988963,1.9005379872396588,6366.639907006174,1484.6247987117551
1781648657,100,GET,/feed/{user_id}?with_fof=true,19.100000,0.000000,11,87,3300,5300,5900,6100,6200,6800,6800,6800,6800,4539,0,5,213.62339597750457,2.038043981883675,7480.089056974975,6997.055298523904
1781648657,100,POST,/likes,1.800000,0.000000,13,14,15,15,68,3000,3000,3000,3000,3000,3000,484,0,6,79.44304427836275,2.758904010988772,4796.426254004473,180.8512396694215
1781648657,100,POST,/posts,4.100000,0.000000,14,48,77,82,2100,6000,6400,6400,6400,6400,6400,645,0,5,92.65600339109764,2.384723018622026,6351.882892020512,228.4108527131783
1781648657,100,GET,/timeline/{user_id},29.200000,0.000000,9,14,57,74,1300,4500,6200,6300,10000,10000,10000,5897,0,5,127.07798305471857,1.8933769897557795,10093.759576993762,1064.850432423266
1781648657,100,GET,/users/{user_id},11.800000,0.000000,8,11,30,49,450,6000,6300,6300,6300,6300,6300,2387,0,5,99.49282566943332,1.6894120199140161,6318.151003011735,267.9895266024298
1781648657,100,,Aggregated,116.800000,0.000000,8,16,57,75,2500,5900,6200,6300,9000,10000,10000,23267,0,5,124.1027938696141,1.6894120199140161,10093.759576993762,2266.8536983710833
1781648658,100,GET,/feed/{user_id},55.100000,0.000000,8,11,35,55,280,2100,5900,6200,6400,6400,6400,9360,0,5,89.02036116569667,1.9005379872396588,6366.639907006174,1483.422329059829
1781648658,100,GET,/feed/{user_id}?with_fof=true,24.000000,0.000000,11,68,3000,5200,5900,6100,6200,6800,6800,6800,6800,4557,0,5,214.3928644904396,2.038043981883675,7480.089056974975,6997.328725038403
1781648658,100,POST,/likes,2.200000,0.000000,13,14,15,15,68,3000,3000,3000,3000,3000,3000,485,0,6,79.30220230254488,2.758904010988772,4796.426254004473,180.85360824742267
1781648658,100,POST,/posts,4.300000,0.000000,13,38,66,82,2100,6000,6400,6400,6400,6400,6400,649,0,6,92.16118431160405,2.384723018622026,6351.882892020512,228.41448382126347
1781648658,100,GET,/timeline/{user_id},29.600000,0.000000,9,15,56,74,670,4500,6200,6300,10000,10000,10000,5920,0,5,126.6299964688556,1.8933769897557795,10093.759576993762,1065.8765202702702
1781648658,100,GET,/users/{user_id},12.400000,0.000000,7,9,15,41,120,6000,6300,6300,6300,6300,6300,2407,0,5,98.7341639006836,1.6894120199140161,6318.151003011735,267.9887827170752
1781648658,100,,Aggregated,127.600000,0.000000,8,13,53,72,2200,5900,6200,6300,9000,10000,10000,23378,0,5,123.86841270995748,1.6894120199140161,10093.759576993762,2265.4911882966894
1781648659,100,GET,/feed/{user_id},52.900000,0.000000,8,11,35,55,280,2100,5900,6200,6400,6400,6400,9410,0,5,88.91452605462229,1.9005379872396588,6366.639907006174,1486.782784272051
1781648659,100,GET,/feed/{user_id}?with_fof=true,21.000000,0.000000,10,66,2400,4900,5900,6000,6200,6400,6800,6800,6800,4585,0,5,218.03757303009456,2.038043981883675,7480.089056974975,7003.618102508179
1781648659,100,POST,/likes,2.100000,0.000000,14,15,17,19,68,3000,3000,3000,3000,3000,3000,488,0,6,78.91771535197803,2.758904010988772,4796.426254004473,180.85860655737704
1781648659,100,POST,/posts,3.400000,0.000000,12,18,66,77,2100,6000,6400,6400,6400,6400,6400,652,0,6,91.76518242060567,2.384723018622026,6351.882892020512,228.41717791411043
1781648659,100,GET,/timeline/{user_id},28.500000,0.000000,8,11,48,62,670,3600,6200,6300,10000,10000,10000,5963,0,5,128.21194666485871,1.8933769897557795,10093.759576993762,1068.1968807647158
1781648659,100,GET,/users/{user_id},12.300000,0.000000,7,9,15,41,120,6000,6300,6300,6300,6300,6300,2412,0,5,98.56102441167354,1.6894120199140161,6318.151003011735,267.992951907131
1781648659,100,,Aggregated,120.200000,0.000000,8,12,51,68,2300,5900,6200,6300,9000,10000,10000,23510,0,5,124.92504191367445,1.6894120199140161,10093.759576993762,2269.4793279455553
1781648660,100,GET,/feed/{user_id},47.600000,0.000000,7,11,28,52,250,3000,5900,6100,6400,6400,6400,9481,0,5,93.27417458695457,1.9005379872396588,6366.639907006174,1485.6984495306401
1781648660,100,GET,/feed/{user_id}?with_fof=true,20.400000,0.000000,10,63,2400,4800,5900,6100,6400,12000,12000,12000,12000,4621,0,5,230.7319778844183,2.038043981883675,12153.879505000077,7010.590564812811
1781648660,100,POST,/likes,1.700000,0.000000,14,15,19,42,4700,4800,4800,4800,4800,4800,4800,496,0,7,106.44595712654981,2.758904010988772,4811.52691601892,180.8709677419355
1781648660,100,POST,/posts,2.700000,0.000000,10,18,48,66,2100,6000,6400,6400,6400,6400,6400,662,0,6,97.62057044147303,2.384723018622026,6351.882892020512,228.42447129909365
1781648660,100,GET,/timeline/{user_id},25.700000,0.000000,8,11,51,66,2700,4700,6200,6300,10000,10000,10000,6028,0,5,136.7413496747925,1.8933769897557795,10093.759576993762,1068.727604512276
1781648660,100,GET,/users/{user_id},11.900000,0.000000,7,9,14,39,120,5900,6300,6300,6300,6300,6300,2427,0,5,99.93271372272812,1.6894120199140161,6318.151003011735,267.98887515451173
1781648660,100,,Aggregated,110.000000,0.000000,8,12,50,69,3000,5700,6200,6300,12000,12000,12000,23715,0,5,132.18555696709,1.6894120199140161,12153.879505000077,2269.2588656968164
1781648661,100,GET,/feed/{user_id},46.200000,0.000000,7,11,36,64,530,4700,5900,6000,6400,6400,6400,9599,0,5,97.51329682819056,1.9005379872396588,6366.639907006174,1477.086467340348
1781648661,100,GET,/feed/{user_id}?with_fof=true,21.600000,0.000000,8,63,1800,4500,5600,6000,6200,6800,12000,12000,12000,4674,0,5,239.5495842141707,2.038043981883675,12153.879505000077,7005.750748823278
1781648661,100,POST,/likes,1.800000,0.000000,14,15,42,68,4800,4800,4900,4900,4900,4900,4900,498,0,7,115.91509161801049,2.758904010988772,4922.203528985847,180.87751004016064
1781648661,100,POST,/posts,2.700000,0.000000,8,13,48,77,490,4700,6400,6400,6400,6400,6400,671,0,6,97.77915413299195,2.384723018622026,6351.882892020512,228.42921013412817
1781648661,100,GET,/timeline/{user_id},27.100000,0.000000,8,11,51,74,1500,4800,6200,6300,10000,10000,10000,6097,0,5,139.56926468206836,1.8933769897557795,10093.759576993762,1064.0482204362802
1781648661,100,GET,/users/{user_id},11.600000,0.000000,6,9,14,39,470,4700,6300,6300,6300,6300,6300,2445,0,5,100.11127280941041,1.6894120199140161,6318.151003011735,267.98977505112475
1781648661,100,,Aggregated,111.000000,0.000000,7,11,53,82,2900,5200,6100,6300,12000,12000,12000,23984,0,5,136.53878792967845,1.6894120199140161,12153.879505000077,2264.4063542361573
1781648662,100,GET,/feed/{user_id},47.600000,0.000000,6,10,35,66,470,980,4900,6000,6400,6400,6400,9735,0,5,97.34690740851207,1.9005379872396588,6366.639907006174,1480.2017462763226
1781648662,100,GET,/feed/{user_id}?with_fof=true,24.100000,0.000000,8,67,470,3000,5500,6000,6200,6800,12000,12000,12000,4730,0,5,241.42027856109797,2.038043981883675,12153.879505000077,6995.913319238901
1781648662,100,POST,/likes,2.000000,0.000000,14,19,320,450,4700,4800,4900,4900,4900,4900,4900,503,0,7,117.20467343292047,2.758904010988772,4922.203528985847,180.8707753479125
1781648662,100,POST,/posts,3.300000,0.000000,7,11,38,66,460,4700,6000,6400,6400,6400,6400,681,0,6,97.65687075525791,2.384723018622026,6351.882892020512,228.43171806167402
1781648662,100,GET,/timeline/{user_id},30.400000,0.000000,7,11,55,100,570,4700,6100,6200,10000,10000,10000,6187,0,5,140.2418897586149,1.8933769897557795,10093.759576993762,1067.562308065298
1781648662,100,GET,/users/{user_id},11.800000,0.000000,6,9,15,47,390,670,6100,6300,6300,6300,6300,2473,0,5,100.1379811229331,1.6894120199140161,6318.151003011735,267.9846340477153
1781648662,100,,Aggregated,119.200000,0.000000,7,11,57,110,640,4900,6000,6200,12000,12000,12000,24309,0,5,137.00136328892577,1.6894120199140161,12153.879505000077,2263.1415525114157
1781648663,100,GET,/feed/{user_id},57.900000,0.000000,6,10,48,98,330,560,4700,4900,6400,6400,6400,9859,0,5,97.18161700779736,1.9005379872396588,6366.639907006174,1477.235216553403
1781648663,100,GET,/feed/{user_id}?with_fof=true,29.400000,0.000000,7,57,220,340,4400,5200,6000,6200,12000,12000,12000,4813,0,5,239.68300835011695,2.038043981883675,12153.879505000077,6997.185746935384
1781648663,100,POST,/likes,2.600000,0.000000,14,42,210,230,460,4800,4900,4900,4900,4900,4900,514,0,7,116.88729826817769,2.758904010988772,4922.203528985847,180.87354085603113
1781648663,100,POST,/posts,4.200000,0.000000,7,13,54,82,310,490,4700,6400,6400,6400,6400,692,0,6,97.91426959014706,2.384723018622026,6351.882892020512,228.4349710982659
1781648663,100,GET,/timeline/{user_id},37.500000,0.000000,7,11,72,170,440,2900,5200,6200,9000,9000,9000,6288,0,5,139.14190284535243,1.8933769897557795,10093.759576993762,1066.8277671755725
1781648663,100,GET,/users/{user_id},13.700000,0.000000,5,9,35,60,300,560,6100,6300,6300,6300,6300,2515,0,5,99.67820031766753,1.6894120199140161,6318.151003011735,267.99284294234593
1781648663,100,,Aggregated,145.300000,0.000000,6,12,67,180,480,3800,5200,6200,12000,12000,12000,24681,0,5,136.3461604483492,1.6894120199140161,12153.879505000077,2263.8782059073783
1781648664,100,GET,/feed/{user_id},70.900000,0.000000,5,9,51,110,270,480,3600,4700,4900,4900,4900,10028,0,4,96.57821155106234,1.9005379872396588,6366.639907006174,1474.1294375747907
1781648664,100,GET,/feed/{user_id}?with_fof=true,35.200000,0.000000,6,55,160,230,1600,4700,5300,5500,12000,12000,12000,4887,0,5,237.27614988418367,2.038043981883675,12153.879505000077,6997.925925925926
1781648664,100,POST,/likes,3.100000,0.000000,11,68,230,260,460,4800,4900,4900,4900,4900,4900,519,0,7,116.76757464125691,2.758904010988772,4922.203528985847,180.86705202312137
1781648664,100,POST,/posts,5.300000,0.000000,7,12,48,92,310,460,510,4700,4700,4700,4700,700,0,6,97.16288842198472,2.384723018622026,6351.882892020512,228.43857142857144
1781648664,100,GET,/timeline/{user_id},44.500000,0.000000,6,11,74,160,320,590,4700,4900,9000,9000,9000,6363,0,5,138.23174803825896,1.8933769897557795,10093.759576993762,1067.967939651108
1781648664,100,GET,/users/{user_id},16.200000,0.000000,5,10,51,140,220,310,470,560,4700,4700,4700,2554,0,5,99.44845451327716,1.6894120199140161,6318.151003011735,267.99295223179325
1781648664,100,,Aggregated,175.200000,0.000000,6,11,74,160,310,580,4700,4900,12000,12000,12000,25051,0,5,135.33316868175322,1.6894120199140161,12153.879505000077,2263.987265977406
1781648665,100,GET,/feed/{user_id},82.400000,0.000000,5,9,100,160,250,460,1100,4700,4900,4900,4900,10179,0,4,96.18829608202752,1.9005379872396588,6366.639907006174,1472.1774241084586
1781648665,100,GET,/feed/{user_id}?with_fof=true,40.700000,0.000000,6,67,190,230,650,4300,4900,5200,12000,12000,12000,4959,0,5,235.070816816673,2.038043981883675,12153.879505000077,6996.691873361565
1781648665,100,POST,/likes,3.800000,0.000000,11,130,210,260,460,4800,4900,4900,4900,4900,4900,526,0,7,115.88032474866829,2.758904010988772,4922.203528985847,180.85551330798478
1781648665,100,POST,/posts,6.100000,0.000000,6,10,18,140,310,460,510,4700,4700,4700,4700,709,0,6,96.91746318817096,2.384723018622026,6351.882892020512,228.44146685472498
1781648665,100,GET,/timeline/{user_id},54.700000,0.000000,5,11,130,200,310,570,4700,4900,9000,9000,9000,6446,0,5,137.48635273572373,1.8933769897557795,10093.759576993762,1065.1964008687557
1781648665,100,GET,/users/{user_id},20.000000,0.000000,5,9,53,160,220,300,470,560,4700,4700,4700,2603,0,5,98.52322054968927,1.6894120199140161,6318.151003011735,267.9903956972724
1781648665,100,,Aggregated,207.700000,0.000000,5,11,130,190,300,540,4700,4900,12000,12000,12000,25422,0,5,134.41811625585555,1.6894120199140161,12153.879505000077,2261.9313586657227
1781648666,100,GET,/feed/{user_id},92.200000,0.000000,4,9,120,170,240,400,870,4700,4900,4900,4900,10320,0,4,95.5775988153139,1.9005379872396588,6366.639907006174,1473.9966085271317
1781648666,100,GET,/feed/{user_id}?with_fof=true,46.100000,0.000000,5,84,170,210,470,3700,4900,5100,12000,12000,12000,5038,0,5,232.4545649161636,2.038043981883675,12153.879505000077,6998.61095672886
1781648666,100,POST,/likes,4.500000,0.000000,10,170,210,230,450,4800,4800,4900,4900,4900,4900,536,0,6,115.07032192305665,2.758904010988772,4922.203528985847,180.86007462686567
1781648666,100,POST,/posts,6.500000,0.000000,6,10,54,170,240,460,510,4700,4700,4700,4700,721,0,6,96.27256379252876,2.384723018622026,6351.882892020512,228.4382801664355
1781648666,100,GET,/timeline/{user_id},58.900000,0.000000,5,12,160,190,290,520,4700,4800,6200,6200,6200,6536,0,5,136.58693927010646,1.8933769897557795,10093.759576993762,1064.2298041615668
1781648666,100,GET,/users/{user_id},22.000000,0.000000,5,10,140,170,230,290,470,560,4700,4700,4700,2637,0,5,98.27566356046094,1.6894120199140161,6318.151003011735,268.0041714069018
1781648666,100,,Aggregated,230.200000,0.000000,5,12,150,190,280,510,4700,4800,12000,12000,12000,25788,0,5,133.41252864685845,1.6894120199140161,12153.879505000077,2264.418527997518
1781648667,100,GET,/feed/{user_id},99.000000,0.000000,4,11,150,190,250,380,580,4700,4900,4900,4900,10467,0,4,95.4258845140171,1.9005379872396588,6366.639907006174,1475.1482755326263
1781648667,100,GET,/feed/{user_id}?with_fof=true,48.300000,0.000000,5,120,180,210,430,2400,4800,5100,12000,12000,12000,5116,0,5,230.21159287993976,1.9279690168332309,12153.879505000077,7000.535965598124
1781648667,100,POST,/likes,4.700000,0.000000,6,19,190,220,450,4800,4800,4900,4900,4900,4900,545,0,6,113.2350280143453,2.758904010988772,4922.203528985847,180.8605504587156
1781648667,100,POST,/posts,7.000000,0.000000,6,11,130,170,240,340,510,4700,4700,4700,4700,734,0,5,95.6391549420753,2.384723018622026,6351.882892020512,228.44277929155314
1781648667,100,GET,/timeline/{user_id},61.200000,0.000000,5,21,160,200,290,490,4700,4800,6200,6200,6200,6622,0,5,135.88100465393813,1.8933769897557795,10093.759576993762,1059.695409241921
1781648667,100,GET,/users/{user_id},24.100000,0.000000,5,17,160,190,230,300,470,560,4700,4700,4700,2671,0,5,98.14475282405348,1.6894120199140161,6318.151003011735,268.00973418195434
1781648667,100,,Aggregated,244.300000,0.000000,4,18,160,200,280,480,4500,4800,12000,12000,12000,26155,0,5,132.68767424923368,1.6894120199140161,12153.879505000077,2265.5141273179124
1781648668,100,GET,/feed/{user_id},102.900000,0.000000,4,11,150,190,250,320,540,4700,4900,4900,4900,10635,0,4,94.88397928239783,1.9005379872396588,6366.639907006174,1475.454442877292
1781648668,100,GET,/feed/{user_id}?with_fof=true,50.200000,0.000000,5,120,180,210,370,1100,4800,5000,12000,12000,12000,5182,0,5,228.42351064428533,1.9279690168332309,12153.879505000077,6998.451949054419
1781648668,100,POST,/likes,5.200000,0.000000,5,14,180,210,320,4700,4800,4900,4900,4900,4900,550,0,6,112.24686990883625,2.758904010988772,4922.203528985847,180.8618181818182
1781648668,100,POST,/posts,7.400000,0.000000,5,12,160,180,240,340,510,4700,4700,4700,4700,741,0,6,95.79372415310445,2.384723018622026,6351.882892020512,228.43859649122808
1781648668,100,GET,/timeline/{user_id},65.400000,0.000000,4,41,180,200,280,430,2900,4800,6200,6200,6200,6706,0,5,135.27616595012407,1.8933769897557795,10093.759576993762,1060.2649865791827
1781648668,100,GET,/users/{user_id},25.900000,0.000000,5,27,160,190,240,300,470,560,4700,4700,4700,2701,0,5,97.96363562424595,1.6894120199140161,6318.151003011735,268.0174009626064
1781648668,100,,Aggregated,257.000000,0.000000,4,23,160,200,270,430,3600,4800,6200,12000,12000,26515,0,5,131.89750814847872,1.6894120199140161,12153.879505000077,2265.141806524609
1781648669,100,GET,/feed/{user_id},111.000000,0.000000,4,16,160,180,250,310,530,4700,4900,4900,4900,10783,0,4,94.30573910769805,1.9005379872396588,6366.639907006174,1479.1357692664378
1781648669,100,GET,/feed/{user_id}?with_fof=true,55.700000,0.000000,5,130,180,210,300,680,4500,4900,12000,12000,12000,5257,0,5,226.29368546141947,1.9279690168332309,12153.879505000077,6986.191554118318
1781648669,100,POST,/likes,5.600000,0.000000,5,140,170,210,320,4700,4800,4900,4900,4900,4900,561,0,6,111.63687358978461,2.758904010988772,4922.203528985847,180.85561497326202
1781648669,100,POST,/posts,8.400000,0.000000,5,100,160,180,240,340,510,4700,4700,4700,4700,752,0,6,95.63157500858149,2.384723018622026,6351.882892020512,228.44414893617022
1781648669,100,GET,/timeline/{user_id},70.700000,0.000000,4,110,170,200,270,370,2500,4800,6200,6200,6200,6809,0,5,134.20958761350548,1.8933769897557795,10093.759576993762,1059.9086503157585
1781648669,100,GET,/users/{user_id},27.900000,0.000000,4,19,150,180,230,290,460,550,4700,4700,4700,2755,0,5,96.81887984394768,1.6894120199140161,6318.151003011735,268.02032667876585
1781648669,100,,Aggregated,279.300000,0.000000,4,56,160,190,260,380,1600,4700,6200,12000,12000,26917,0,5,130.83319150684466,1.6894120199140161,12153.879505000077,2262.6776386670135
1781648670,100,GET,/feed/{user_id},122.300000,0.000000,4,16,130,160,230,270,330,480,570,600,600,10947,0,4,93.51547182309464,1.9005379872396588,6366.639907006174,1483.0422946926099
1781648670,100,GET,/feed/{user_id}?with_fof=true,60.500000,0.000000,4,120,160,190,260,430,790,2400,4600,4600,4600,5334,0,5,223.8464798175387,1.9279690168332309,12153.879505000077,6987.24034495688
1781648670,100,POST,/likes,6.200000,0.000000,4,6,140,160,220,270,450,460,460,460,460,568,0,6,110.3073961969361,2.758904010988772,4922.203528985847,180.86091549295776
1781648670,100,POST,/posts,9.300000,0.000000,5,110,160,170,230,310,460,490,510,510,510,769,0,6,94.7996944206708,2.384723018622026,6351.882892020512,228.44603381014304
1781648670,100,GET,/timeline/{user_id},76.100000,0.000000,4,110,150,180,240,290,370,510,6000,6000,6000,6916,0,5,132.92531118279595,1.8933769897557795,10093.759576993762,1058.8334297281665
1781648670,100,GET,/users/{user_id},28.900000,0.000000,4,69,150,160,230,280,320,470,560,560,560,2792,0,5,96.3018934552354,1.6894120199140161,6318.151003011735,268.022564469914
1781648670,100,,Aggregated,303.300000,0.000000,4,87,150,170,240,290,450,540,4400,6000,6000,27326,0,5,129.60012069497012,1.6894120199140161,12153.879505000077,2263.573849081461
1781648671,100,GET,/feed/{user_id},132.800000,0.000000,4,28,130,160,210,240,280,300,330,430,430,11093,0,4,93.08746033159977,1.9005379872396588,6366.639907006174,1483.2031912016587
1781648671,100,GET,/feed/{user_id}?with_fof=true,65.800000,0.000000,4,120,150,170,230,280,500,680,1700,1700,1700,5400,0,5,221.9863887706931,1.9279690168332309,12153.879505000077,6984.548703703704
1781648671,100,POST,/likes,7.000000,0.000000,4,6,140,160,210,250,270,320,320,320,320,574,0,6,109.39059147530338,2.758904010988772,4922.203528985847,180.8623693379791
1781648671,100,POST,/posts,9.500000,0.000000,5,110,130,160,200,240,250,310,310,310,310,788,0,5,93.54466615790037,2.384723018622026,6351.882892020512,228.44416243654823
1781648671,100,GET,/timeline/{user_id},82.500000,0.000000,4,100,140,160,220,260,290,320,650,650,650,7023,0,4,131.63719376307344,1.8933769897557795,10093.759576993762,1057.5395130286201
1781648671,100,GET,/users/{user_id},32.100000,0.000000,4,80,140,160,210,250,300,310,460,460,460,2828,0,5,95.72941222918409,1.6894120199140161,6318.151003011735,268.03323903818955
1781648671,100,,Aggregated,329.700000,0.000000,4,97,140,160,220,250,300,320,790,1700,1700,27706,0,5,128.6024645506973,1.6894120199140161,12153.879505000077,2260.83386270122
1781648672,100,GET,/feed/{user_id},144.000000,0.000000,4,77,120,140,200,230,250,260,320,430,430,11247,0,4,92.42113724453422,1.9005379872396588,6366.639907006174,1480.5321419045079
1781648672,100,GET,/feed/{user_id}?with_fof=true,70.000000,0.000000,4,110,140,150,210,250,390,500,790,790,790,5484,0,5,219.3841311086156,1.9279690168332309,12153.879505000077,6983.458059810358
1781648672,100,POST,/likes,7.200000,0.000000,4,5,7,110,160,190,250,260,260,260,260,583,0,6,108.11884497395377,2.758904010988772,4922.203528985847,180.86277873070327
1781648672,100,POST,/posts,10.600000,0.000000,5,110,130,130,180,220,240,240,250,250,250,806,0,5,92.62971688521547,2.384723018622026,6351.882892020512,228.4466501240695
1781648672,100,GET,/timeline/{user_id},87.500000,0.000000,4,110,130,150,200,240,280,300,650,650,650,7132,0,4,130.46818262828728,1.8933769897557795,10093.759576993762,1057.6155356141335
1781648672,100,GET,/users/{user_id},35.500000,0.000000,4,99,140,150,200,230,260,300,460,460,460,2856,0,5,95.29625942652747,1.6894120199140161,6318.151003011735,268.0413165266107
1781648672,100,,Aggregated,354.800000,0.000000,4,100,130,150,200,240,260,300,650,790,790,28108,0,5,127.46980003718937,1.6894120199140161,12153.879505000077,2260.809733883592
1781648673,100,GET,/feed/{user_id},148.100000,0.000000,4,24,120,140,190,220,250,260,320,430,430,11389,0,4,91.89463674445047,1.9005379872396588,6366.639907006174,1477.8950741943981
1781648673,100,GET,/feed/{user_id}?with_fof=true,71.800000,0.000000,4,110,140,150,200,250,390,470,790,790,790,5573,0,5,216.9667509294139,1.9279690168332309,12153.879505000077,6988.936658891082
1781648673,100,POST,/likes,7.400000,0.000000,4,6,110,130,160,190,220,250,250,250,250,592,0,6,107.40872769722931,2.758904010988772,4922.203528985847,180.86317567567568
1781648673,100,POST,/posts,10.900000,0.000000,5,110,130,130,180,220,240,240,250,250,250,815,0,5,92.16902752455461,2.384723018622026,6351.882892020512,228.44662576687116
1781648673,100,GET,/timeline/{user_id},90.500000,0.000000,4,110,130,150,200,240,270,300,650,650,650,7222,0,4,129.56552940279164,1.8933769897557795,10093.759576993762,1057.7848241484353
1781648673,100,GET,/users/{user_id},37.900000,0.000000,4,80,130,150,190,230,260,300,460,460,460,2902,0,5,94.49755864715591,1.6894120199140161,6318.151003011735,268.0313576843556
1781648673,100,,Aggregated,366.600000,0.000000,4,100,130,150,190,230,260,290,640,790,790,28493,0,5,126.50130255088773,1.6894120199140161,12153.879505000077,2263.4154002737514
1781648674,100,GET,/feed/{user_id},149.300000,0.000000,4,28,120,140,180,210,250,260,320,430,430,11558,0,4,91.40889329369446,1.9005379872396588,6366.639907006174,1474.2566187921786
1781648674,100,GET,/feed/{user_id}?with_fof=true,73.000000,0.000000,4,110,140,150,190,230,290,430,680,680,680,5659,0,5,214.5632795221232,1.9279690168332309,12153.879505000077,6985.07457147906
1781648674,100,POST,/likes,7.600000,0.000000,4,6,110,140,170,180,190,220,220,220,220,600,0,6,106.85697335293905,2.60577499284409,4922.203528985847,180.86166666666668
1781648674,100,POST,/posts,12.300000,0.000000,5,110,130,140,170,210,240,240,250,250,250,825,0,5,91.77361238966554,2.384723018622026,6351.882892020512,228.44969696969696
1781648674,100,GET,/timeline/{user_id},94.900000,0.000000,4,110,130,150,190,220,270,290,650,650,650,7321,0,4,128.5159865350243,1.8933769897557795,10093.759576993762,1056.7329599781451
1781648674,100,GET,/users/{user_id},38.300000,0.000000,4,69,120,140,180,230,270,300,460,460,460,2931,0,5,94.04693246501806,1.6894120199140161,6318.151003011735,268.0385533947458
1781648674,100,,Aggregated,375.400000,0.000000,4,99,130,140,180,220,260,290,610,680,680,28894,0,5,125.52994041030438,1.6894120199140161,12153.879505000077,2262.993908769987
1781648675,100,GET,/feed/{user_id},150.800000,0.000000,4,77,120,130,170,210,250,260,320,430,430,11719,0,4,90.76013102085632,1.9005379872396588,6366.639907006174,1473.0321699803737
1781648675,100,GET,/feed/{user_id}?with_fof=true,76.900000,0.000000,4,110,130,150,180,230,280,420,680,680,680,5724,0,5,212.6607472494462,1.9279690168332309,12153.879505000077,6981.4470649895175
1781648675,100,POST,/likes,7.800000,0.000000,4,6,87,120,160,170,180,190,190,190,190,608,0,6,106.20956968221817,2.60577499284409,4922.203528985847,180.8503289473684
1781648675,100,POST,/posts,12.200000,0.000000,5,100,120,130,160,180,240,240,250,250,250,839,0,5,90.95126678130653,2.384723018622026,6351.882892020512,228.44576877234803
1781648675,100,GET,/timeline/{user_id},93.900000,0.000000,4,98,120,140,180,230,270,300,650,650,650,7432,0,4,127.3212692512021,1.8933769897557795,10093.759576993762,1059.8058396124866
1781648675,100,GET,/users/{user_id},38.300000,0.000000,4,17,120,130,160,220,260,300,460,460,460,2980,0,5,93.03210991947097,1.6894120199140161,6318.151003011735,268.05503355704695
1781648675,100,,Aggregated,379.900000,0.000000,4,92,120,130,170,220,260,290,610,680,680,29302,0,5,124.40307775989739,1.6894120199140161,12153.879505000077,2259.271414920483
1781648676,100,GET,/feed/{user_id},151.300000,0.000000,4,77,110,130,160,190,230,250,280,430,430,11837,0,4,90.28509059529667,1.9005379872396588,6366.639907006174,1472.8635634028892
1781648676,100,GET,/feed/{user_id}?with_fof=true,76.700000,0.000000,4,110,130,140,170,200,260,420,640,640,640,5814,0,5,210.4016267358242,1.9279690168332309,12153.879505000077,6975.006535947712
1781648676,100,POST,/likes,7.900000,0.000000,4,6,74,110,160,170,180,190,190,190,190,613,0,6,105.37444901764492,2.60577499284409,4922.203528985847,180.84828711256117
1781648676,100,POST,/posts,12.500000,0.000000,5,110,130,130,150,170,230,240,250,250,250,852,0,5,90.42127110508649,2.384723018622026,6351.882892020512,228.44953051643193
1781648676,100,GET,/timeline/{user_id},96.100000,0.000000,4,97,120,130,160,190,250,280,650,650,650,7531,0,4,126.3697170080884,1.8933769897557795,10093.759576993762,1060.102244057894
1781648676,100,GET,/users/{user_id},38.000000,0.000000,3,15,120,130,150,170,250,260,460,460,460,3038,0,5,92.27367944766276,1.6894120199140161,6318.151003011735,268.04015799868336
1781648676,100,,Aggregated,382.500000,0.000000,4,94,120,130,160,190,250,260,590,650,650,29685,0,4,123.48428204136368,1.6894120199140161,12153.879505000077,2260.0777833922857
1781648677,100,GET,/feed/{user_id},153.400000,0.000000,3,56,110,130,160,200,270,290,330,330,330,11961,0,4,90.20056826123117,1.9005379872396588,6366.639907006174,1469.154752947078
1781648677,100,GET,/feed/{user_id}?with_fof=true,75.900000,0.000000,4,110,130,140,170,260,310,540,1000,1000,1000,5876,0,5,209.82201121921702,1.9279690168332309,12153.879505000077,6983.087134104833
1781648677,100,POST,/likes,8.300000,0.000000,5,27,120,140,170,290,310,310,310,310,310,623,0,6,106.21678592433688,2.60577499284409,4922.203528985847,180.84911717495987
1781648677,100,POST,/posts,12.700000,0.000000,5,100,120,130,160,200,280,290,310,310,310,867,0,5,90.27819212982882,2.384723018622026,6351.882892020512,228.44636678200692
1781648677,100,GET,/timeline/{user_id},97.600000,0.000000,4,94,120,130,160,230,300,340,650,650,650,7612,0,4,126.02983899380587,1.8933769897557795,10093.759576993762,1056.882028376248
1781648677,100,GET,/users/{user_id},38.200000,0.000000,4,15,120,130,160,250,290,310,460,460,460,3071,0,5,92.34328618495014,1.6894120199140161,6318.151003011735,268.0494952784109
1781648677,100,,Aggregated,386.100000,0.000000,4,92,120,130,160,220,290,320,780,1000,1000,30010,0,4,123.26467015658025,1.6894120199140161,12153.879505000077,2258.716361212929
1781648678,100,GET,/feed/{user_id},153.500000,0.000000,3,77,120,130,160,180,270,300,330,330,330,12105,0,4,89.85357468469844,1.9005379872396588,6366.639907006174,1468.4323833126807
1781648678,100,GET,/feed/{user_id}?with_fof=true,76.000000,0.000000,4,120,130,140,170,240,310,510,1000,1000,1000,5952,0,5,208.30734874867161,1.9279690168332309,12153.879505000077,6988.877856182796
1781648678,100,POST,/likes,7.700000,0.000000,5,27,120,150,170,290,310,310,310,310,310,629,0,6,105.68177846237418,2.60577499284409,4922.203528985847,180.8489666136725
1781648678,100,POST,/posts,13.200000,0.000000,5,96,120,130,150,180,280,290,310,310,310,878,0,5,90.12407511108738,2.384723018622026,6351.882892020512,228.44305239179954
1781648678,100,GET,/timeline/{user_id},98.400000,0.000000,4,93,120,130,160,200,310,340,630,630,630,7714,0,4,125.24323700906447,1.8933769897557795,10093.759576993762,1056.3693284936478
1781648678,100,GET,/users/{user_id},39.400000,0.000000,4,17,120,130,160,190,290,300,340,340,340,3113,0,5,92.05611210439342,1.6894120199140161,6318.151003011735,268.0501124317379
1781648678,100,,Aggregated,388.200000,0.000000,4,96,120,130,160,200,290,310,800,1000,1000,30391,0,4,122.59625037608663,1.6894120199140161,12153.879505000077,2259.576025797111
1781648679,100,GET,/feed/{user_id},149.600000,0.000000,4,90,120,130,170,190,270,300,330,330,330,12246,0,4,89.61020088642039,1.9005379872396588,6366.639907006174,1467.584109096848
1781648679,100,GET,/feed/{user_id}?with_fof=true,76.200000,0.000000,4,120,130,140,170,240,320,610,1000,1000,1000,6026,0,5,206.8979853462107,1.9279690168332309,12153.879505000077,6995.481413873216
1781648679,100,POST,/likes,8.000000,0.000000,5,27,110,150,180,290,310,310,310,310,310,636,0,6,105.35637481261115,2.60577499284409,4922.203528985847,180.84591194968553
1781648679,100,POST,/posts,13.100000,0.000000,5,96,120,130,150,190,280,290,310,310,310,893,0,5,89.34072080349355,2.384723018622026,6351.882892020512,228.4434490481523
1781648679,100,GET,/timeline/{user_id},98.700000,0.000000,4,74,120,130,160,200,310,340,630,630,630,7807,0,4,124.47129023249052,1.8933769897557795,10093.759576993762,1055.3431535801203
1781648679,100,GET,/users/{user_id},40.100000,0.000000,4,15,120,140,160,200,290,300,340,340,340,3155,0,5,91.52717447540614,1.6894120199140161,6318.151003011735,268.05641838351823
1781648679,100,,Aggregated,385.700000,0.000000,4,97,120,140,170,200,290,320,800,1000,1000,30763,0,4,121.946406271322,1.6894120199140161,12153.879505000077,2260.2023859831615
1781648680,100,GET,/feed/{user_id},146.800000,0.000000,4,86,120,130,170,190,270,300,330,330,330,12394,0,4,89.2550970956849,1.9005379872396588,6366.639907006174,1465.2170405034694
1781648680,100,GET,/feed/{user_id}?with_fof=true,76.200000,0.000000,4,110,130,140,180,250,320,610,1000,1000,1000,6128,0,5,204.5931358205447,1.9279690168332309,12153.879505000077,6990.185541775457
1781648680,100,POST,/likes,7.700000,0.000000,6,87,130,160,190,290,310,310,310,310,310,644,0,6,104.99256267054159,2.60577499284409,4922.203528985847,180.84782608695653
1781648680,100,POST,/posts,13.500000,0.000000,5,96,120,130,150,180,280,290,310,310,310,910,0,5,88.75620046315157,2.384723018622026,6351.882892020512,228.44285714285715
1781648680,100,GET,/timeline/{user_id},100.800000,0.000000,4,76,120,130,170,200,310,340,630,630,630,7883,0,4,123.71305098516387,1.8933769897557795,10093.759576993762,1055.4290244830647
1781648680,100,GET,/users/{user_id},40.300000,0.000000,4,17,120,130,170,220,290,300,340,340,340,3191,0,5,91.12701116514499,1.6894120199140161,6318.151003011735,268.0611093701034
1781648680,100,,Aggregated,385.300000,0.000000,4,94,120,140,170,210,290,320,800,1000,1000,31150,0,4,121.16770581179928,1.6894120199140161,12153.879505000077,2263.0958587479936
1781648681,100,GET,/feed/{user_id},146.000000,0.000000,4,85,120,140,170,190,270,300,330,330,330,12542,0,4,88.90095250286184,1.9005379872396588,6366.639907006174,1464.4124541540425
1781648681,100,GET,/feed/{user_id}?with_fof=true,77.900000,0.000000,4,110,130,140,180,250,370,610,1000,1000,1000,6217,0,5,202.34914798765834,1.9279690168332309,12153.879505000077,6992.005790574232
1781648681,100,POST,/likes,7.800000,0.000000,7,110,150,160,190,290,310,310,310,310,310,650,0,6,104.75371000894273,2.60577499284409,4922.203528985847,180.8476923076923
1781648681,100,POST,/posts,13.900000,0.000000,5,96,130,140,170,190,280,290,310,310,310,922,0,5,88.45713528583015,2.384723018622026,6351.882892020512,228.44360086767895
1781648681,100,GET,/timeline/{user_id},99.100000,0.000000,4,77,120,140,170,210,310,340,630,630,630,7987,0,4,122.8571729563131,1.8933769897557795,10093.759576993762,1053.7654939276324
1781648681,100,GET,/users/{user_id},40.400000,0.000000,4,15,120,140,170,220,290,300,340,340,340,3214,0,5,90.83819559519172,1.6894120199140161,6318.151003011735,268.06876166770377
1781648681,100,,Aggregated,385.100000,0.000000,4,93,130,140,170,210,300,320,800,1000,1000,31532,0,4,120.38126318072258,1.6894120199140161,12153.879505000077,2265.7026195610806
1781648682,100,GET,/feed/{user_id},144.700000,0.000000,4,81,120,140,170,190,270,300,330,330,330,12706,0,4,88.29665024050485,1.9005379872396588,6366.639907006174,1466.6267904926806
1781648682,100,GET,/feed/{user_id}?with_fof=true,77.400000,0.000000,4,110,130,140,180,260,440,610,1000,1000,1000,6299,0,5,200.54406033994948,1.9279690168332309,12153.879505000077,6991.392919511033
1781648682,100,POST,/likes,7.800000,0.000000,7,110,140,160,190,290,310,310,310,310,310,665,0,6,103.58757601930108,2.60577499284409,4922.203528985847,180.8406015037594
1781648682,100,POST,/posts,13.700000,0.000000,5,80,130,140,160,190,280,290,310,310,310,934,0,5,87.68180249303997,2.384723018622026,6351.882892020512,228.44432548179873
1781648682,100,GET,/timeline/{user_id},97.800000,0.000000,4,76,120,140,170,200,310,340,630,630,630,8086,0,4,122.00904612800541,1.8933769897557795,10093.759576993762,1058.9543655701211
1781648682,100,GET,/users/{user_id},40.400000,0.000000,4,18,130,140,170,220,290,300,340,340,340,3252,0,5,90.33875553503928,1.6894120199140161,6318.151003011735,268.04827798277984
1781648682,100,,Aggregated,381.800000,0.000000,4,85,130,140,170,210,300,320,800,1000,1000,31942,0,4,119.47440973043472,1.6894120199140161,12153.879505000077,2267.915847473546
1781648683,100,GET,/feed/{user_id},143.600000,0.000000,4,82,120,130,170,190,280,300,330,330,330,12871,0,4,87.90335011893202,1.9005379872396588,6366.639907006174,1466.0596690233858
1781648683,100,GET,/feed/{user_id}?with_fof=true,80.500000,0.000000,4,110,130,140,180,260,430,610,1000,1000,1000,6373,0,5,198.6992269749505,1.9279690168332309,12153.879505000077,6989.4236623254355
1781648683,100,POST,/likes,7.900000,0.000000,7,99,130,140,190,290,310,310,310,310,310,673,0,6,102.72040089422299,2.60577499284409,4922.203528985847,180.84249628528974
1781648683,100,POST,/posts,14.200000,0.000000,5,16,120,140,150,190,280,290,310,310,310,946,0,5,86.7822566939701,2.384723018622026,6351.882892020512,228.4429175475687
1781648683,100,GET,/timeline/{user_id},97.100000,0.000000,4,84,120,130,160,220,320,340,630,630,630,8192,0,4,121.19534746408434,1.8933769897557795,10093.759576993762,1060.8096923828125
1781648683,100,GET,/users/{user_id},38.800000,0.000000,4,55,130,140,170,210,280,300,310,310,310,3290,0,5,89.87740724952431,1.6894120199140161,6318.151003011735,268.0537993920973
1781648683,100,,Aggregated,382.100000,0.000000,4,86,120,140,170,220,300,320,800,1000,1000,32345,0,4,118.6418300758439,1.6894120199140161,12153.879505000077,2266.907249961354
1781648684,100,GET,/feed/{user_id},144.900000,0.000000,4,81,120,140,170,190,280,300,330,330,330,13016,0,4,87.38952351871654,1.9005379872396588,6366.639907006174,1463.9263982790412
1781648684,100,GET,/feed/{user_id}?with_fof=true,82.200000,0.000000,4,110,140,140,180,260,430,610,1000,1000,1000,6451,0,5,197.21476135782865,1.9279690168332309,12153.879505000077,6994.693690900635
1781648684,100,POST,/likes,8.100000,0.000000,7,110,130,140,190,290,310,310,310,310,310,684,0,6,101.906748012885,2.60577499284409,4922.203528985847,180.8406432748538
1781648684,100,POST,/posts,12.700000,0.000000,5,14,120,140,160,190,280,290,310,310,310,957,0,5,86.34802682599921,2.384723018622026,6351.882892020512,228.44409613375132
1781648684,100,GET,/timeline/{user_id},95.400000,0.000000,4,88,120,140,170,220,320,360,630,630,630,8283,0,4,120.44685157621468,1.8933769897557795,10093.759576993762,1062.9811662441145
1781648684,100,GET,/users/{user_id},39.200000,0.000000,4,92,130,140,170,210,280,300,310,310,310,3333,0,5,89.47317402037528,1.6894120199140161,6318.151003011735,268.05580558055806
1781648684,100,,Aggregated,382.500000,0.000000,4,93,130,140,170,220,300,320,800,1000,1000,32724,0,4,117.89234511575526,1.6894120199140161,12153.879505000077,2267.9884488448847
1781648685,100,GET,/feed/{user_id},147.200000,0.000000,4,90,120,140,170,200,280,300,330,330,330,13168,0,4,87.10905989963902,1.9005379872396588,6366.639907006174,1463.5454890643985
1781648685,100,GET,/feed/{user_id}?with_fof=true,79.800000,0.000000,4,110,140,150,180,270,460,610,1000,1000,1000,6529,0,5,195.4741581676197,1.9279690168332309,12153.879505000077,6991.960637157298
1781648685,100,POST,/likes,8.100000,0.000000,7,110,130,140,180,270,310,310,310,310,310,691,0,6,101.25340133256451,2.60577499284409,4922.203528985847,180.8465991316932
1781648685,100,POST,/posts,12.900000,0.000000,4,14,120,140,160,190,280,290,310,310,310,972,0,5,85.87469491924264,2.384723018622026,6351.882892020512,228.4454732510288
1781648685,100,GET,/timeline/{user_id},95.600000,0.000000,4,81,120,130,160,220,310,340,630,630,630,8404,0,4,119.34071205708935,1.8933769897557795,10093.759576993762,1062.3346025702047
1781648685,100,GET,/users/{user_id},38.800000,0.000000,4,92,130,140,170,220,280,300,310,310,310,3373,0,5,89.21649251374456,1.6894120199140161,6318.151003011735,268.0744144678328
1781648685,100,,Aggregated,382.400000,0.000000,4,94,130,140,170,220,300,320,800,1000,1000,33137,0,4,117.10793845531563,1.6894120199140161,12153.879505000077,2266.396082928449
1781648686,100,GET,/feed/{user_id},147.200000,0.000000,4,99,120,130,160,190,230,290,330,330,330,13321,0,4,86.66828961710321,1.9005379872396588,6366.639907006174,1463.513775242099
1781648686,100,GET,/feed/{user_id}?with_fof=true,78.900000,0.000000,4,100,130,140,170,210,430,580,1000,1000,1000,6617,0,5,193.5351488367133,1.9279690168332309,12153.879505000077,6991.829529998488
1781648686,100,POST,/likes,8.400000,0.000000,7,99,130,140,170,210,310,310,310,310,310,699,0,6,100.70002033443154,2.60577499284409,4922.203528985847,180.8540772532189
1781648686,100,POST,/posts,13.100000,0.000000,4,9,110,130,150,180,240,280,310,310,310,982,0,5,85.4514565687748,2.384723018622026,6351.882892020512,228.44297352342159
1781648686,100,GET,/timeline/{user_id},95.900000,0.000000,4,93,120,130,160,190,300,330,630,630,630,8505,0,4,118.59981069121406,1.8933769897557795,10093.759576993762,1060.306760728983
1781648686,100,GET,/users/{user_id},39.400000,0.000000,4,95,130,140,160,180,230,250,310,310,310,3409,0,5,88.68694342240664,1.6894120199140161,6318.151003011735,268.08125550014665
1781648686,100,,Aggregated,382.900000,0.000000,4,96,120,130,160,190,280,320,780,1000,1000,33533,0,4,116.31700684287223,1.6894120199140161,12153.879505000077,2267.704917543912
1781648687,100,GET,/feed/{user_id},143.800000,0.000000,4,90,120,130,160,180,200,230,270,280,280,13483,0,4,86.12941732442563,1.9005379872396588,6366.639907006174,1462.7669658087962
1781648687,100,GET,/feed/{user_id}?with_fof=true,80.200000,0.000000,4,100,130,140,160,180,210,460,690,690,690,6696,0,5,192.08284617706815,1.9279690168332309,12153.879505000077,6993.3962066905615
1781648687,100,POST,/likes,8.400000,0.000000,7,110,130,140,160,180,210,240,240,240,240,707,0,6,100.60738657397492,2.60577499284409,4922.203528985847,180.85572842998585
1781648687,100,POST,/posts,13.200000,0.000000,4,7,110,130,150,160,190,190,220,220,220,999,0,5,84.53539263925401,2.384723018622026,6351.882892020512,228.44044044044045
1781648687,100,GET,/timeline/{user_id},96.200000,0.000000,4,100,120,130,160,170,220,310,470,470,470,8604,0,4,118.01563666502109,1.8933769897557795,10093.759576993762,1059.4626917712692
1781648687,100,GET,/users/{user_id},39.200000,0.000000,4,95,120,130,160,180,200,210,230,230,230,3442,0,5,88.45164356358866,1.6894120199140161,6318.151003011735,268.09761766414874
1781648687,100,,Aggregated,381.000000,0.000000,4,97,120,130,160,180,200,230,580,690,690,33931,0,4,115.61424792528989,1.6894120199140161,12153.879505000077,2267.683062686039
1781648688,100,GET,/feed/{user_id},144.800000,0.000000,4,90,120,130,160,180,200,220,240,280,280,13644,0,4,85.8136510699322,1.9005379872396588,6366.639907006174,1459.7574025212548
1781648688,100,GET,/feed/{user_id}?with_fof=true,80.400000,0.000000,4,100,120,140,160,180,210,430,620,620,620,6761,0,5,190.8688345137549,1.9279690168332309,12153.879505000077,6988.552876793374
1781648688,100,POST,/likes,8.400000,0.000000,7,110,130,140,160,170,210,240,240,240,240,713,0,6,100.31140509926385,2.60577499284409,4922.203528985847,180.8569424964937
1781648688,100,POST,/posts,12.800000,0.000000,4,5,100,120,150,160,190,190,220,220,220,1008,0,5,83.94364958991308,2.384723018622026,6351.882892020512,228.4375
1781648688,100,GET,/timeline/{user_id},97.000000,0.000000,4,94,120,130,150,170,210,320,470,470,470,8703,0,4,117.23996759554711,1.8933769897557795,10093.759576993762,1058.364472021142
1781648688,100,GET,/users/{user_id},37.700000,0.000000,4,90,120,130,160,180,200,210,230,230,230,3486,0,4,87.85231191733995,1.6894120199140161,6318.151003011735,268.10527825588065
1781648688,100,,Aggregated,381.100000,0.000000,4,94,120,130,160,170,210,230,540,620,620,34315,0,4,114.93619330601635,1.6894120199140161,12153.879505000077,2263.479906746321
1781648689,100,GET,/feed/{user_id},150.800000,0.000000,4,92,110,120,150,170,190,210,240,280,280,13811,0,4,85.38939280342773,1.9005379872396588,6366.639907006174,1465.3973644196656
1781648689,100,GET,/feed/{user_id}?with_fof=true,80.700000,0.000000,4,97,120,130,150,170,200,300,620,620,620,6842,0,5,189.14835666827156,1.9279690168332309,12153.879505000077,6990.640309850921
1781648689,100,POST,/likes,8.200000,0.000000,5,78,110,130,140,160,210,240,240,240,240,726,0,6,98.76464414571447,2.60577499284409,4922.203528985847,180.8526170798898
1781648689,100,POST,/posts,13.300000,0.000000,4,6,100,120,150,160,190,190,220,220,220,1016,0,5,84.02967095143262,2.384723018622026,6351.882892020512,228.43996062992127
1781648689,100,GET,/timeline/{user_id},97.800000,0.000000,4,97,120,130,150,170,210,310,470,470,470,8790,0,4,116.59891646813237,1.8933769897557795,10093.759576993762,1059.4084186575653
1781648689,100,GET,/users/{user_id},36.200000,0.000000,4,92,110,130,150,160,190,200,210,210,210,3517,0,4,87.49086897635235,1.6894120199140161,6318.151003011735,268.12368495877166
1781648689,100,,Aggregated,387.000000,0.000000,4,94,120,130,150,170,200,220,470,620,620,34702,0,4,114.20532244866601,1.6894120199140161,12153.879505000077,2267.5104893089733
1781648690,100,GET,/feed/{user_id},152.000000,0.000000,4,93,110,130,150,170,190,210,230,280,280,13966,0,4,85.09622061507449,1.9005379872396588,6366.639907006174,1460.9568953171988
1781648690,100,GET,/feed/{user_id}?with_fof=true,81.200000,0.000000,4,100,120,130,150,170,210,310,620,620,620,6920,0,5,187.7928238393491,1.9279690168332309,12153.879505000077,6986.320086705202
1781648690,100,POST,/likes,8.600000,0.000000,5,68,110,120,150,160,210,240,240,240,240,739,0,6,98.02992192399626,2.60577499284409,4922.203528985847,180.8592692828146
1781648690,100,POST,/posts,13.000000,0.000000,4,6,100,110,150,160,190,190,220,220,220,1030,0,5,83.56185515020698,2.384723018622026,6351.882892020512,228.43495145631067
1781648690,100,GET,/timeline/{user_id},98.100000,0.000000,4,93,120,130,150,170,210,260,470,470,470,8886,0,4,115.88231995068946,1.8933769897557795,10093.759576993762,1056.9024307900067
1781648690,100,GET,/users/{user_id},37.400000,0.000000,4,82,110,130,150,170,190,200,210,210,210,3566,0,4,86.84801326858833,1.6894120199140161,6318.151003011735,268.1267526640494
1781648690,100,,Aggregated,390.300000,0.000000,4,93,120,130,150,170,200,220,500,620,620,35107,0,4,113.53642554426689,1.6894120199140161,12153.879505000077,2263.5308343065485
1781648691,100,GET,/feed/{user_id},156.200000,0.000000,4,95,120,130,150,170,200,210,230,280,280,14128,0,4,84.6510200014995,1.9005379872396588,6366.639907006174,1463.6211778029444
1781648691,100,GET,/feed/{user_id}?with_fof=true,79.700000,0.000000,4,100,120,130,150,180,210,310,580,580,580,6999,0,5,186.3687793412168,1.9279690168332309,12153.879505000077,6982.868838405487
1781648691,100,POST,/likes,8.600000,0.000000,5,25,110,120,140,160,190,240,240,240,240,746,0,6,97.61156949439977,2.60577499284409,4922.203528985847,180.86058981233245
1781648691,100,POST,/posts,12.700000,0.000000,4,6,100,110,140,150,170,190,220,220,220,1034,0,5,83.37045855966205,2.384723018622026,6351.882892020512,228.43617021276594
1781648691,100,GET,/timeline/{user_id},98.500000,0.000000,4,95,120,130,150,170,200,250,380,380,380,8990,0,4,115.13880424346068,1.8933769897557795,10093.759576993762,1059.0294771968854
1781648691,100,GET,/users/{user_id},36.800000,0.000000,4,91,110,120,150,170,190,200,210,210,210,3609,0,4,86.45146058178624,1.6894120199140161,6318.151003011735,268.1385425325575
1781648691,100,,Aggregated,392.500000,0.000000,4,95,120,130,150,170,200,210,500,580,580,35506,0,4,112.83921459956755,1.6894120199140161,12153.879505000077,2264.705993353236
1781648692,100,GET,/feed/{user_id},156.200000,0.000000,4,90,110,120,150,170,190,210,230,230,230,14288,0,4,84.21940374373682,1.9005379872396588,6366.639907006174,1457.916713325868
1781648692,100,GET,/feed/{user_id}?with_fof=true,80.800000,0.000000,4,100,120,130,160,180,210,310,580,580,580,7079,0,5,185.00124089577912,1.9279690168332309,12153.879505000077,6984.430004237886
1781648692,100,POST,/likes,9.200000,0.000000,5,91,110,120,140,160,190,240,240,240,240,752,0,6,97.27534741993642,2.60577499284409,4922.203528985847,180.85771276595744
1781648692,100,POST,/posts,12.100000,0.000000,4,75,100,110,140,160,190,190,220,220,220,1047,0,5,82.96122323942247,2.384723018622026,6351.882892020512,228.432664756447
1781648692,100,GET,/timeline/{user_id},98.600000,0.000000,4,85,110,120,150,170,200,240,380,380,380,9102,0,4,114.25766156547284,1.8933769897557795,10093.759576993762,1060.1890793232258
1781648692,100,GET,/users/{user_id},36.200000,0.000000,4,91,110,120,150,170,190,200,210,210,210,3638,0,4,86.11537878658984,1.638424990233034,6318.151003011735,268.13084112149534
1781648692,100,,Aggregated,393.100000,0.000000,4,92,110,130,150,170,200,210,510,580,580,35906,0,4,112.13231968411242,1.638424990233034,12153.879505000077,2263.5205536679105
1781648693,100,GET,/feed/{user_id},158.200000,0.000000,4,91,110,120,150,170,200,210,230,260,260,14451,0,4,83.86521235177946,1.9005379872396588,6366.639907006174,1458.6820981246972
1781648693,100,GET,/feed/{user_id}?with_fof=true,78.400000,0.000000,4,99,120,130,160,180,210,310,580,580,580,7162,0,5,183.27201591945047,1.9279690168332309,12153.879505000077,6979.535604579726
1781648693,100,POST,/likes,9.500000,0.000000,5,94,110,120,150,160,190,240,240,240,240,762,0,6,97.18095163357617,2.60577499284409,4922.203528985847,180.85695538057743
1781648693,100,POST,/posts,11.500000,0.000000,4,76,100,120,150,160,190,190,220,220,220,1057,0,5,82.73127408014358,2.384723018622026,6351.882892020512,228.4333017975402
1781648693,100,GET,/timeline/{user_id},99.300000,0.000000,4,86,110,130,150,170,190,230,380,380,380,9203,0,4,113.61768667486379,1.8933769897557795,10093.759576993762,1058.6984678909052
1781648693,100,GET,/users/{user_id},38.900000,0.000000,4,75,110,120,150,170,190,210,280,280,280,3684,0,4,85.54574149855202,1.638424990233034,6318.151003011735,268.13517915309444
1781648693,100,,Aggregated,395.800000,0.000000,4,91,110,130,150,170,200,210,510,580,580,36319,0,4,111.42386314897418,1.638424990233034,12153.879505000077,2262.6484209367
1781648694,100,GET,/feed/{user_id},157.500000,0.000000,4,89,110,120,150,170,180,200,230,260,260,14598,0,4,83.50600408127788,1.9005379872396588,6366.639907006174,1456.1876284422524
1781648694,100,GET,/feed/{user_id}?with_fof=true,77.800000,0.000000,4,98,120,130,150,170,200,300,580,580,580,7242,0,5,181.92114538941652,1.9279690168332309,12153.879505000077,6973.95001380834
1781648694,100,POST,/likes,8.800000,0.000000,5,94,110,130,160,170,190,240,240,240,240,768,0,6,96.65458136820841,2.60577499284409,4922.203528985847,180.85807291666666
1781648694,100,POST,/posts,11.100000,0.000000,4,8,100,110,140,160,170,190,190,190,190,1072,0,5,81.9772322114686,2.384723018622026,6351.882892020512,228.43283582089552
1781648694,100,GET,/timeline/{user_id},100.100000,0.000000,4,88,120,130,150,170,190,230,380,380,380,9303,0,4,112.98133193677832,1.8933769897557795,10093.759576993762,1060.5516500053745
1781648694,100,GET,/users/{user_id},38.900000,0.000000,4,78,110,120,140,160,190,200,280,280,280,3732,0,4,85.16167438606848,1.638424990233034,6318.151003011735,268.12995712754554
1781648694,100,,Aggregated,394.200000,0.000000,4,90,110,120,150,170,190,210,510,580,580,36715,0,4,110.78558065441301,1.638424990233034,12153.879505000077,2261.0247855100097
1781648695,100,GET,/feed/{user_id},156.100000,0.000000,4,88,110,120,150,170,180,200,230,260,260,14756,0,4,83.15962401920463,1.9005379872396588,6366.639907006174,1452.7302114394145
1781648695,100,GET,/feed/{user_id}?with_fof=true,77.600000,0.000000,4,100,120,140,160,180,210,380,580,580,580,7300,0,5,181.1440558849486,1.9279690168332309,12153.879505000077,6973.78698630137
1781648695,100,POST,/likes,8.700000,0.000000,5,94,110,120,150,160,180,190,190,190,190,777,0,6,95.94170673071775,2.60577499284409,4922.203528985847,180.85842985842987
1781648695,100,POST,/posts,11.200000,0.000000,4,6,94,110,140,160,170,190,190,190,190,1085,0,5,81.16885595083181,2.384723018622026,6351.882892020512,228.4258064516129
1781648695,100,GET,/timeline/{user_id},102.400000,0.000000,4,88,120,130,150,170,190,230,380,380,380,9411,0,4,112.31112982762697,1.8933769897557795,10093.759576993762,1061.4220592923175
1781648695,100,GET,/users/{user_id},38.900000,0.000000,4,78,110,120,150,170,190,200,280,280,280,3772,0,4,84.88170200128509,1.638424990233034,6318.151003011735,268.13944856839873
1781648695,100,,Aggregated,394.900000,0.000000,4,90,120,130,150,170,190,210,530,580,580,37101,0,4,110.21815470150567,1.638424990233034,12153.879505000077,2256.919382226894
1781648696,100,GET,/feed/{user_id},158.200000,0.000000,4,90,120,130,160,170,190,200,260,270,270,14912,0,4,82.91125939032126,1.9005379872396588,6366.639907006174,1453.751207081545
1781648696,100,GET,/feed/{user_id}?with_fof=true,79.200000,0.000000,4,100,120,140,160,180,210,310,560,560,560,7370,0,5,179.9451368283681,1.9279690168332309,12153.879505000077,6978.366485753053
1781648696,100,POST,/likes,8.400000,0.000000,5,94,110,120,160,170,180,190,190,190,190,783,0,6,95.62246089628428,2.60577499284409,4922.203528985847,180.8595146871009
1781648696,100,POST,/posts,10.900000,0.000000,4,8,110,130,160,160,180,190,190,190,190,1100,0,5,80.96746927698736,2.384723018622026,6351.882892020512,228.42818181818183
1781648696,100,GET,/timeline/{user_id},100.500000,0.000000,4,88,120,140,160,180,200,250,380,380,380,9511,0,4,111.923096701258,1.8933769897557795,10093.759576993762,1060.2063925980444
1781648696,100,GET,/users/{user_id},39.000000,0.000000,4,69,110,120,150,170,180,200,280,280,280,3812,0,4,84.53093587455481,1.638424990233034,6318.151003011735,268.13982161594964
1781648696,100,,Aggregated,396.200000,0.000000,4,91,120,130,160,170,190,210,510,560,560,37488,0,4,109.7214431770025,1.638424990233034,12153.879505000077,2256.9236822449852
1781648697,100,GET,/feed/{user_id},159.200000,0.000000,4,91,120,130,160,170,180,190,260,270,270,15074,0,4,82.59761024759929,1.9005379872396588,6366.639907006174,1450.9986732121533
1781648697,100,GET,/feed/{user_id}?with_fof=true,77.500000,0.000000,4,100,130,140,160,180,220,380,560,560,560,7437,0,5,179.08956096973927,1.9279690168332309,12153.879505000077,6972.4941508672855
1781648697,100,POST,/likes,8.100000,0.000000,5,20,100,120,150,170,180,190,190,190,190,792,0,6,94.79882427625155,2.60577499284409,4922.203528985847,180.86363636363637
1781648697,100,POST,/posts,11.200000,0.000000,4,75,110,130,160,160,180,190,220,220,220,1107,0,5,80.88404814062376,2.384723018622026,6351.882892020512,228.42999096657633
1781648697,100,GET,/timeline/{user_id},100.900000,0.000000,4,93,120,140,160,180,230,260,470,470,470,9602,0,4,111.56292517576968,1.8933769897557795,10093.759576993762,1063.1890231201833
1781648697,100,GET,/users/{user_id},39.000000,0.000000,4,69,110,130,150,170,180,190,280,280,280,3852,0,4,84.2071260160417,1.638424990233034,6318.151003011735,268.1378504672897
1781648697,100,,Aggregated,395.900000,0.000000,4,92,120,130,160,170,190,230,530,560,560,37864,0,4,109.26415087878301,1.638424990233034,12153.879505000077,2254.5034069300655
1781648698,100,GET,/feed/{user_id},159.100000,0.000000,4,91,120,140,160,180,200,220,360,380,380,15224,0,4,82.46335910599147,1.9005379872396588,6366.639907006174,1447.4755648975301
1781648698,100,GET,/feed/{user_id}?with_fof=true,76.100000,0.000000,4,100,130,140,170,190,240,440,560,560,560,7509,0,5,178.01031656732658,1.9279690168332309,12153.879505000077,6968.615661206552
1781648698,100,POST,/likes,8.400000,0.000000,6,94,120,130,170,180,220,230,230,230,230,800,0,6,94.84527139851707,2.60577499284409,4922.203528985847,180.86375
1781648698,100,POST,/posts,11.700000,0.000000,5,81,120,140,160,220,220,230,240,240,240,1126,0,5,81.04218271106369,2.384723018622026,6351.882892020512,228.43339253996447
1781648698,100,GET,/timeline/{user_id},100.700000,0.000000,4,93,130,140,160,180,220,250,470,470,470,9677,0,4,111.224948902019,1.8933769897557795,10093.759576993762,1064.491371292756
1781648698,100,GET,/users/{user_id},39.400000,0.000000,4,68,110,130,160,170,190,210,280,280,280,3891,0,4,84.0220636439859,1.638424990233034,6318.151003011735,268.14623490105373
1781648698,100,,Aggregated,395.400000,0.000000,4,92,120,140,160,180,220,240,530,560,560,38227,0,4,108.88861383704472,1.638424990233034,12153.879505000077,2252.5976404112275
1781648699,100,GET,/feed/{user_id},158.300000,0.000000,4,84,120,130,160,170,200,230,360,380,380,15372,0,4,82.2293366406924,1.9005379872396588,6366.639907006174,1446.8836195680458
1781648699,100,GET,/feed/{user_id}?with_fof=true,74.700000,0.000000,4,99,130,140,170,190,230,380,560,560,560,7596,0,5,176.6504479605074,1.9279690168332309,12153.879505000077,6962.98420221169
1781648699,100,POST,/likes,8.400000,0.000000,5,75,110,120,160,180,220,230,230,230,230,810,0,6,94.1547273689835,2.60577499284409,4922.203528985847,180.86296296296297
1781648699,100,POST,/posts,11.000000,0.000000,4,9,110,130,160,220,220,230,240,240,240,1139,0,5,80.39402892328926,2.384723018622026,6351.882892020512,228.43546971027217
1781648699,100,GET,/timeline/{user_id},100.300000,0.000000,4,93,130,140,160,180,220,240,470,470,470,9786,0,4,110.57158062690047,1.8933769897557795,10093.759576993762,1066.0463928060494
1781648699,100,GET,/users/{user_id},40.500000,0.000000,4,75,120,130,150,170,180,210,280,280,280,3934,0,4,83.63298064711176,1.638424990233034,6318.151003011735,268.142094560244
1781648699,100,,Aggregated,393.200000,0.000000,4,90,120,140,160,180,210,230,530,560,560,38637,0,4,108.30980478665026,1.638424990233034,12153.879505000077,2252.406009783368
1781648700,100,GET,/feed/{user_id},158.300000,0.000000,4,91,130,140,160,180,200,230,360,380,380,15526,0,4,81.97134768220646,1.9005379872396588,6366.639907006174,1448.1637253639058
1781648700,100,GET,/feed/{user_id}?with_fof=true,73.900000,0.000000,4,110,140,150,170,190,230,440,650,650,650,7678,0,5,175.4454302801589,1.9279690168332309,12153.879505000077,6964.828861682729
1781648700,100,POST,/likes,8.700000,0.000000,5,17,120,130,160,180,220,230,230,230,230,817,0,6,93.53075267796488,2.60577499284409,4922.203528985847,180.86658506731945
1781648700,100,POST,/posts,11.000000,0.000000,5,13,120,140,170,220,220,230,240,240,240,1151,0,5,80.26661859828491,2.384723018622026,6351.882892020512,228.43266724587315
1781648700,100,GET,/timeline/{user_id},98.200000,0.000000,4,110,140,150,170,190,230,290,470,470,470,9876,0,4,110.20080623389887,1.8933769897557795,10093.759576993762,1070.167476711219
1781648700,100,GET,/users/{user_id},40.700000,0.000000,4,91,130,140,160,170,190,210,280,280,280,3971,0,4,83.5180452570137,1.638424990233034,6318.151003011735,268.1387559808612
1781648700,100,,Aggregated,390.800000,0.000000,4,98,130,140,160,180,220,240,540,650,650,39019,0,4,107.85904253904722,1.638424990233034,12153.879505000077,2255.42922678695
1781648701,100,GET,/feed/{user_id},155.300000,0.000000,4,81,130,140,160,170,200,230,360,380,380,15688,0,4,81.50615491917453,1.9005379872396588,6366.639907006174,1452.9910122386536
1781648701,100,GET,/feed/{user_id}?with_fof=true,74.900000,0.000000,4,96,130,140,170,190,230,380,650,650,650,7764,0,5,173.92745976303044,1.9279690168332309,12153.879505000077,6957.352009273571
1781648701,100,POST,/likes,8.100000,0.000000,5,9,120,130,160,180,220,230,230,230,230,823,0,6,93.04030178365001,2.60577499284409,4922.203528985847,180.86269744835965
1781648701,100,POST,/posts,12.100000,0.000000,5,8,120,140,170,210,220,230,240,240,240,1163,0,5,79.63805937891212,2.384723018622026,6351.882892020512,228.43078245915734
1781648701,100,GET,/timeline/{user_id},98.400000,0.000000,4,99,130,140,160,190,230,290,640,640,640,9975,0,4,109.53981620511378,1.8933769897557795,10093.759576993762,1067.9485714285715
1781648701,100,GET,/users/{user_id},41.500000,0.000000,5,90,130,140,160,170,180,210,280,280,280,4008,0,4,83.08595314240496,1.638424990233034,6318.151003011735,268.1442115768463
1781648701,100,,Aggregated,390.300000,0.000000,4,88,130,140,160,180,220,240,560,650,650,39421,0,4,107.14849329642946,1.638424990233034,12153.879505000077,2256.4985160193805
1781648702,100,GET,/feed/{user_id},155.900000,0.000000,4,16,120,130,160,170,200,220,360,380,380,15875,0,4,80.64972649901871,1.9005379872396588,6366.639907006174,1452.9506771653544
1781648702,100,GET,/feed/{user_id}?with_fof=true,75.200000,0.000000,4,34,120,140,160,190,230,380,1300,1300,1300,7857,0,5,172.2130797292905,1.9279690168332309,12153.879505000077,6951.135929744177
1781648702,100,POST,/likes,8.100000,0.000000,5,8,110,120,160,180,220,230,230,230,230,827,0,6,92.70651235541204,2.60577499284409,4922.203528985847,180.8657799274486
1781648702,100,POST,/posts,12.200000,0.000000,5,7,110,120,160,210,220,230,240,240,240,1174,0,5,78.950349025274,2.384723018622026,6351.882892020512,228.42589437819422
1781648702,100,GET,/timeline/{user_id},99.300000,0.000000,4,55,130,140,170,200,290,800,1100,1100,1100,10084,0,4,109.37004626499042,1.8926369957625866,10093.759576993762,1069.0576160253868
1781648702,100,GET,/users/{user_id},41.300000,0.000000,5,27,120,130,160,170,180,200,240,240,240,4058,0,4,82.16593605639174,1.638424990233034,6318.151003011735,268.15130606209954
1781648702,100,,Aggregated,392.000000,0.000000,4,23,120,140,160,180,220,260,1000,1300,1300,39875,0,4,106.30885231677851,1.638424990233034,12153.879505000077,2256.2244514106583
1781648703,100,GET,/feed/{user_id},155.200000,0.000000,4,17,110,130,160,170,200,220,360,380,380,16042,0,4,80.22495602338131,1.9005379872396588,6366.639907006174,1452.2092008477746
1781648703,100,GET,/feed/{user_id}?with_fof=true,75.800000,0.000000,4,52,110,140,160,180,230,380,1300,1300,1300,7938,0,5,170.9573844288178,1.9279690168332309,12153.879505000077,6947.196145124716
1781648703,100,POST,/likes,7.500000,0.000000,5,7,17,120,160,180,220,230,230,230,230,832,0,6,92.17772440738023,2.60577499284409,4922.203528985847,180.86658653846155
1781648703,100,POST,/posts,12.400000,0.000000,5,7,88,130,160,210,220,230,240,240,240,1185,0,5,78.57308333731288,2.384723018622026,6351.882892020512,228.42616033755274
1781648703,100,GET,/timeline/{user_id},98.000000,0.000000,4,40,130,140,170,200,290,800,1100,1100,1100,10187,0,4,108.78247105644553,1.8926369957625866,10093.759576993762,1068.325611072936
1781648703,100,GET,/users/{user_id},39.600000,0.000000,5,30,120,140,160,170,180,200,240,240,240,4089,0,5,81.95081880088603,1.638424990233034,6318.151003011735,268.1467351430668
1781648703,100,,Aggregated,388.500000,0.000000,4,23,120,140,160,180,220,270,1000,1300,1300,40273,0,4,105.70589137420882,1.638424990233034,12153.879505000077,2255.700692771832
1781648704,100,GET,/feed/{user_id},157.100000,0.000000,4,16,100,130,160,170,200,220,360,380,380,16190,0,4,79.85873816597183,1.86721800127998,6366.639907006174,1450.0010500308833
1781648704,100,GET,/feed/{user_id}?with_fof=true,76.300000,0.000000,4,36,110,130,160,180,220,270,1300,1300,1300,8037,0,5,169.3802922849303,1.9279690168332309,12153.879505000077,6955.785118825433
1781648704,100,POST,/likes,7.900000,0.000000,5,7,79,120,160,180,220,230,230,230,230,842,0,6,91.87788673747893,2.60577499284409,4922.203528985847,180.86698337292162
1781648704,100,POST,/posts,12.800000,0.000000,5,8,110,130,170,220,220,230,240,240,240,1195,0,5,78.2698497135498,2.384723018622026,6351.882892020512,228.4284518828452
1781648704,100,GET,/timeline/{user_id},97.400000,0.000000,4,76,120,140,170,200,290,800,1100,1100,1100,10285,0,4,108.2558218104965,1.8926369957625866,10093.759576993762,1070.6044725328147
1781648704,100,GET,/users/{user_id},40.200000,0.000000,5,25,120,130,160,170,180,200,240,240,240,4122,0,5,81.62238754726668,1.638424990233034,6318.151003011735,268.1397379912664
1781648704,100,,Aggregated,391.700000,0.000000,4,25,110,130,160,180,220,260,1000,1300,1300,40671,0,4,105.11112684302066,1.638424990233034,12153.879505000077,2260.108258956013
1781648705,100,GET,/feed/{user_id},159.500000,0.000000,4,16,100,120,150,170,200,220,360,380,380,16358,0,4,79.46837052598337,1.86721800127998,6366.639907006174,1452.3145861352243
1781648705,100,GET,/feed/{user_id}?with_fof=true,77.500000,0.000000,4,50,110,120,150,180,220,270,1300,1300,1300,8119,0,5,168.16687282709628,1.9279690168332309,12153.879505000077,6960.452888286734
1781648705,100,POST,/likes,7.300000,0.000000,5,7,40,100,140,170,220,230,230,230,230,851,0,6,91.07406524667455,2.60577499284409,4922.203528985847,180.86133960047005
1781648705,100,POST,/posts,12.800000,0.000000,5,9,110,120,160,220,220,230,240,240,240,1209,0,5,78.01459751423522,2.384723018622026,6351.882892020512,228.42679900744417
1781648705,100,GET,/timeline/{user_id},96.400000,0.000000,4,69,120,130,160,190,270,800,1100,1100,1100,10395,0,4,107.67622105713428,1.8926369957625866,10093.759576993762,1073.5421837421839
1781648705,100,GET,/users/{user_id},41.300000,0.000000,5,30,110,130,150,170,180,200,240,240,240,4155,0,5,81.39871569719081,1.638424990233034,6318.151003011735,268.1364620938628
1781648705,100,,Aggregated,394.800000,0.000000,4,26,110,120,150,170,220,240,1000,1300,1300,41087,0,4,104.52503480608429,1.638424990233034,12153.879505000077,2262.8212816706014
1781648706,100,GET,/feed/{user_id},157.900000,0.000000,4,19,98,120,150,160,210,230,420,440,440,16477,0,4,79.3626065508944,1.86721800127998,6366.639907006174,1452.5732839715968
1781648706,100,GET,/feed/{user_id}?with_fof=true,77.600000,0.000000,4,36,100,120,150,180,260,390,1300,1300,1300,8181,0,5,167.47827001578395,1.9279690168332309,12153.879505000077,6962.955628896223
1781648706,100,POST,/likes,7.200000,0.000000,5,8,76,100,150,170,220,230,230,230,230,854,0,6,90.90059183013682,2.60577499284409,4922.203528985847,180.86065573770492
1781648706,100,POST,/posts,13.100000,0.000000,6,16,110,120,160,210,220,230,240,240,240,1216,0,5,78.08730430075995,2.384723018622026,6351.882892020512,228.42763157894737
1781648706,100,GET,/timeline/{user_id},98.000000,0.000000,4,62,110,120,150,190,270,870,1100,1100,1100,10450,0,4,107.43791407607239,1.8926369957625866,10093.759576993762,1077.1332057416269
1781648706,100,GET,/users/{user_id},40.300000,0.000000,5,47,110,120,150,170,210,240,340,340,340,4191,0,5,81.4448579822659,1.638424990233034,6318.151003011735,268.14030064423764
1781648706,100,,Aggregated,394.100000,0.000000,4,30,100,120,150,170,220,310,1000,1300,1300,41369,0,4,104.29167406728445,1.638424990233034,12153.879505000077,2265.223500688922
1781648707,100,GET,/feed/{user_id},157.500000,0.000000,4,19,94,110,140,180,250,430,500,520,520,16519,0,4,79.61958460336412,1.86721800127998,6366.639907006174,1453.8731158060416
1781648707,100,GET,/feed/{user_id}?with_fof=true,80.500000,0.000000,4,38,100,120,150,200,360,480,1300,1300,1300,8202,0,5,167.48030735370756,1.9279690168332309,12153.879505000077,6962.251402097049
1781648707,100,POST,/likes,7.800000,0.000000,6,11,79,110,130,170,220,230,230,230,230,857,0,6,90.8569289591297,2.60577499284409,4922.203528985847,180.86464410735124
1781648707,100,POST,/posts,12.800000,0.000000,6,17,110,130,170,220,230,240,480,480,480,1220,0,5,78.31525489564825,2.384723018622026,6351.882892020512,228.42786885245903
1781648707,100,GET,/timeline/{user_id},97.400000,0.000000,4,55,110,120,150,200,430,870,1100,1100,1100,10462,0,4,107.60672757148924,1.8926369957625866,10093.759576993762,1078.04291722424
1781648707,100,GET,/users/{user_id},39.700000,0.000000,6,66,120,120,160,210,340,480,550,550,550,4207,0,5,82.12848916133574,1.638424990233034,6318.151003011735,268.14095555027336
1781648707,100,,Aggregated,395.700000,0.000000,4,32,100,120,150,190,320,470,1000,1300,1300,41467,0,4,104.5075490347357,1.638424990233034,12153.879505000077,2265.9259893409217
1781648708,100,GET,/feed/{user_id},159.300000,0.000000,4,20,92,110,140,160,360,470,1400,1400,1400,16536,0,4,80.05001108000302,1.86721800127998,6366.639907006174,1454.299588776004
1781648708,100,GET,/feed/{user_id}?with_fof=true,80.900000,0.000000,4,32,98,110,140,180,410,520,1400,1400,1400,8210,0,5,167.7075574187675,1.9279690168332309,12153.879505000077,6961.256394640682
1781648708,100,POST,/likes,7.300000,0.000000,5,11,76,100,130,140,150,170,170,170,170,857,0,6,90.8569289591297,2.60577499284409,4922.203528985847,180.86464410735124
1781648708,100,POST,/posts,12.100000,0.000000,6,15,110,110,150,170,190,480,480,480,480,1222,0,5,78.20149464866165,2.384723018622026,6351.882892020512,228.42798690671032
1781648708,100,GET,/timeline/{user_id},96.900000,0.000000,4,69,110,120,150,250,880,1300,2500,2500,2500,10477,0,4,109.21768542758977,1.8926369957625866,10093.759576993762,1078.845948267634
1781648708,100,GET,/users/{user_id},39.100000,0.000000,7,61,120,120,150,210,420,500,550,550,550,4212,0,5,82.03513852605514,1.638424990233034,6318.151003011735,268.1377018043685
1781648708,100,,Aggregated,395.600000,0.000000,4,32,100,120,140,180,440,640,2200,2500,2500,41514,0,4,105.1167880209624,1.638424990233034,12153.879505000077,2265.9059112588525
1781648709,100,GET,/feed/{user_id},151.700000,0.000000,4,13,76,99,130,160,420,480,1400,1400,1400,16583,0,4,79.84580859132801,1.86721800127998,6366.639907006174,1452.8533437858048
1781648709,100,GET,/feed/{user_id}?with_fof=true,79.600000,0.000000,4,26,92,110,140,170,410,510,1400,1400,1400,8230,0,5,167.31498287691517,1.9279690168332309,12153.879505000077,6962.618590522478
1781648709,100,POST,/likes,7.000000,0.000000,6,16,79,91,120,130,140,140,140,140,140,858,0,6,90.84508343236651,2.60577499284409,4922.203528985847,180.86363636363637
1781648709,100,POST,/posts,11.800000,0.000000,6,14,91,110,150,170,190,480,480,480,480,1227,0,5,77.9086594984938,2.384723018622026,6351.882892020512,228.4278728606357
1781648709,100,GET,/timeline/{user_id},90.200000,0.000000,5,69,110,120,160,870,2600,3000,3200,3200,3200,10524,0,4,113.36824976899767,1.8926369957625866,10093.759576993762,1077.2104713036867
1781648709,100,GET,/users/{user_id},37.700000,0.000000,7,31,110,120,150,220,420,500,550,550,550,4228,0,5,81.74883043629738,1.638424990233034,6318.151003011735,268.14167455061494
1781648709,100,,Aggregated,378.000000,0.000000,5,24,95,110,140,200,500,1300,3100,3200,3200,41650,0,4,105.96268608379845,1.638424990233034,12153.879505000077,2264.1235534213683
1781648710,100,GET,/feed/{user_id},137.900000,0.000000,5,12,62,94,130,210,620,2700,2800,2900,2900,16695,0,4,81.82375306444447,1.86721800127998,6366.639907006174,1452.398802036538
1781648710,100,GET,/feed/{user_id}?with_fof=true,73.200000,0.000000,5,22,84,100,130,310,520,2600,2900,2900,2900,8278,0,5,168.71488833424738,1.9279690168332309,12153.879505000077,6970.141580091809
1781648710,100,POST,/likes,6.000000,0.000000,7,16,79,100,130,230,2700,2700,2700,2700,2700,869,0,6,93.61641653737063,2.60577499284409,4922.203528985847,180.86651323360184
1781648710,100,POST,/posts,10.600000,0.000000,7,16,110,110,150,280,2700,2900,2900,2900,2900,1233,0,5,82.34833487077628,2.384723018622026,6351.882892020512,228.42741281427413
1781648710,100,GET,/timeline/{user_id},82.300000,0.000000,6,82,110,130,800,2700,3100,3200,4000,4000,4000,10613,0,4,122.20266367134155,1.8926369957625866,10093.759576993762,1077.4732874776219
1781648710,100,GET,/users/{user_id},33.600000,0.000000,7,26,99,120,150,320,500,2600,2800,2800,2800,4246,0,5,83.54878523261168,1.638424990233034,6318.151003011735,268.14790390956193
1781648710,100,,Aggregated,343.600000,0.000000,5,24,92,110,140,450,2700,2900,3800,4000,4000,41934,0,4,109.63043300305341,1.638424990233034,12153.879505000077,2264.492631277722
1781648711,100,GET,/feed/{user_id},126.300000,0.000000,5,13,86,100,140,500,660,2700,2800,2900,2900,16798,0,4,82.3144076806137,1.86721800127998,6366.639907006174,1451.488570067865
1781648711,100,GET,/feed/{user_id}?with_fof=true,66.000000,0.000000,4,23,97,120,190,510,1600,2600,4200,4200,4200,8330,0,5,170.26485791955005,1.9279690168332309,12153.879505000077,6967.262424969988
1781648711,100,POST,/likes,5.500000,0.000000,7,66,100,120,400,570,2700,2700,2700,2700,2700,875,0,6,94.96954546855497,2.60577499284409,4922.203528985847,180.86857142857144
1781648711,100,POST,/posts,9.100000,0.000000,7,30,110,120,150,480,2700,2900,2900,2900,2900,1239,0,5,82.3802292216868,2.384723018622026,6351.882892020512,228.43099273607749
1781648711,100,GET,/timeline/{user_id},76.300000,0.000000,6,99,120,130,630,2800,3100,3200,4000,4000,4000,10672,0,4,122.5519529932459,1.8926369957625866,10093.759576993762,1077.8277736131934
1781648711,100,GET,/users/{user_id},30.400000,0.000000,7,26,110,120,170,410,550,2600,2800,2800,2800,4280,0,5,83.4240353651218,1.638424990233034,6318.151003011735,268.1464953271028
1781648711,100,,Aggregated,313.600000,0.000000,5,32,100,120,230,580,2700,3000,3800,4200,4200,42194,0,4,110.23179733341426,1.638424990233034,12153.879505000077,2263.61406835095
1781648712,100,GET,/feed/{user_id},118.300000,0.000000,5,27,100,120,280,530,1200,2700,2900,2900,2900,16927,0,4,82.57990771553946,1.86721800127998,6366.639907006174,1449.8653039522655
1781648712,100,GET,/feed/{user_id}?with_fof=true,61.900000,0.000000,4,47,110,130,390,570,1700,2600,4200,4200,4200,8414,0,5,170.37864600071217,1.9279690168332309,12153.879505000077,6965.655217494652
1781648712,100,POST,/likes,4.800000,0.000000,7,66,110,120,400,570,2700,2700,2700,2700,2700,876,0,6,94.86933465980336,2.60577499284409,4922.203528985847,180.86986301369862
1781648712,100,POST,/posts,8.700000,0.000000,8,43,110,130,280,500,2700,2900,2900,2900,2900,1249,0,5,82.48317375709433,2.384723018622026,6351.882892020512,228.43234587670136
1781648712,100,GET,/timeline/{user_id},75.100000,0.000000,7,110,130,200,1100,2800,3100,3200,4000,4000,4000,10765,0,4,122.82695385376667,1.8926369957625866,10093.759576993762,1075.6058522991175
1781648712,100,GET,/users/{user_id},28.400000,0.000000,7,67,120,130,260,480,580,2600,2800,2800,2800,4304,0,5,83.656058033401,1.638424990233034,6318.151003011735,268.15288104089217
1781648712,100,,Aggregated,297.200000,0.000000,6,76,120,130,410,620,2700,3000,3800,4200,4200,42535,0,4,110.49279131414293,1.638424990233034,12153.879505000077,2264.668484777242
1781648713,100,GET,/feed/{user_id},112.700000,0.000000,5,16,110,130,310,530,1200,2700,2900,2900,2900,17073,0,4,82.3891113823027,1.86721800127998,6366.639907006174,1449.9919170620278
1781648713,100,GET,/feed/{user_id}?with_fof=true,57.700000,0.000000,5,45,120,150,410,620,1700,2600,4200,4200,4200,8490,0,5,169.53108036289078,1.9279690168332309,12153.879505000077,6962.174440518257
1781648713,100,POST,/likes,5.100000,0.000000,7,50,110,120,400,570,2700,2700,2700,2700,2700,883,0,6,94.3359363691827,2.60577499284409,4922.203528985847,180.8731596828992
1781648713,100,POST,/posts,8.000000,0.000000,8,43,120,140,280,500,2700,2900,2900,2900,2900,1260,0,5,82.25306401716172,2.384723018622026,6351.882892020512,228.43412698412698
1781648713,100,GET,/timeline/{user_id},71.900000,0.000000,7,110,160,220,1100,2800,3100,3200,4000,4000,4000,10865,0,4,122.40992578084453,1.8926369957625866,10093.759576993762,1078.0100322135297
1781648713,100,GET,/users/{user_id},27.400000,0.000000,7,110,140,150,290,480,580,2600,2800,2800,2800,4344,0,5,83.74956153332062,1.638424990233034,6318.151003011735,268.16574585635357
1781648713,100,,Aggregated,282.800000,0.000000,6,73,120,150,420,630,2700,3000,3800,4200,4200,42915,0,4,110.14045444008414,1.638424990233034,12153.879505000077,2264.700034952814
1781648714,100,GET,/feed/{user_id},107.100000,0.000000,5,26,110,140,290,530,1200,2700,2900,2900,2900,17235,0,4,82.07193896762452,1.86721800127998,6366.639907006174,1447.3588047577605
1781648714,100,GET,/feed/{user_id}?with_fof=true,56.000000,0.000000,5,47,130,180,440,690,1700,2700,4200,4200,4200,8570,0,5,168.7003025467697,1.9279690168332309,12153.879505000077,6961.28471411902
1781648714,100,POST,/likes,4.900000,0.000000,7,50,110,130,540,580,2700,2700,2700,2700,2700,886,0,6,94.17894077195595,2.60577499284409,4922.203528985847,180.87471783295712
1781648714,100,POST,/posts,7.500000,0.000000,7,14,130,140,280,500,2700,2900,2900,2900,2900,1269,0,5,81.96700628336087,2.384723018622026,6351.882892020512,228.43341213553978
1781648714,100,GET,/timeline/{user_id},69.000000,0.000000,7,110,180,220,1100,2800,3100,3200,4000,4000,4000,10963,0,4,121.87463376072179,1.8926369957625866,10093.759576993762,1078.343975189273
1781648714,100,GET,/users/{user_id},25.900000,0.000000,8,110,140,180,290,480,580,2600,2800,2800,2800,4370,0,5,83.67248519672214,1.638424990233034,6318.151003011735,268.1576659038902
1781648714,100,,Aggregated,270.400000,0.000000,6,70,130,170,430,640,2700,3000,3800,4200,4200,43293,0,4,109.70573773263118,1.638424990233034,12153.879505000077,2264.7381793823483
1781648715,100,GET,/feed/{user_id},104.000000,0.000000,5,26,130,160,310,530,1200,2700,2900,2900,2900,17394,0,4,81.85762023877072,1.86721800127998,6366.639907006174,1444.5639875819247
1781648715,100,GET,/feed/{user_id}?with_fof=true,55.400000,0.000000,5,79,160,180,430,650,1700,2600,4200,4200,4200,8661,0,5,167.6572253575829,1.9279690168332309,12153.879505000077,6961.986491167302
1781648715,100,POST,/likes,5.200000,0.000000,8,66,140,170,400,570,2700,2700,2700,2700,2700,899,0,6,93.84641272523616,2.60577499284409,4922.203528985847,180.87764182424917
1781648715,100,POST,/posts,7.500000,0.000000,6,11,43,140,280,500,2700,2900,2900,2900,2900,1276,0,5,81.68272862348543,2.384723018622026,6351.882892020512,228.43416927899688
1781648715,100,GET,/timeline/{user_id},67.200000,0.000000,6,140,200,240,1300,2800,3100,3200,4000,4000,4000,11053,0,4,121.4320313723773,1.8926369957625866,10093.759576993762,1081.8746946530355
1781648715,100,GET,/users/{user_id},24.700000,0.000000,8,120,150,180,290,480,580,2600,2800,2800,2800,4404,0,5,83.60077395793614,1.638424990233034,6318.151003011735,268.15826521344235
1781648715,100,,Aggregated,264.000000,0.000000,6,77,150,190,430,640,2700,3000,3800,4200,4200,43687,0,4,109.29731529490162,1.638424990233034,12153.879505000077,2266.5216654840115
1781648716,100,GET,/feed/{user_id},103.200000,0.000000,5,19,130,140,220,530,660,2700,2800,2900,2900,17529,0,4,81.64561017411616,1.86721800127998,6366.639907006174,1443.962462205488
1781648716,100,GET,/feed/{user_id}?with_fof=true,54.600000,0.000000,4,30,140,160,300,620,1700,2600,4200,4200,4200,8749,0,5,166.35983966888648,1.9279690168332309,12153.879505000077,6954.647159675392
1781648716,100,POST,/likes,4.800000,0.000000,7,81,150,170,230,570,580,2700,2700,2700,2700,909,0,6,93.59286081513193,2.60577499284409,4922.203528985847,180.8822882288229
1781648716,100,POST,/posts,7.200000,0.000000,6,11,91,140,230,500,2700,2900,2900,2900,2900,1287,0,5,81.42829762672497,2.384723018622026,6351.882892020512,228.43512043512044
1781648716,100,GET,/timeline/{user_id},67.500000,0.000000,6,120,170,200,600,2700,3100,3200,4000,4000,4000,11169,0,4,120.82496318827815,1.8926369957625866,10093.759576993762,1080.5170561375235
1781648716,100,GET,/users/{user_id},25.400000,0.000000,6,93,140,150,210,380,580,2600,2800,2800,2800,4444,0,5,83.34187488339475,1.638424990233034,6318.151003011735,268.17101710171016
1781648716,100,,Aggregated,262.700000,0.000000,5,54,140,160,290,610,2700,2900,3800,4200,4200,44087,0,4,108.79369368211451,1.638424990233034,12153.879505000077,2265.427246126976
1781648717,100,GET,/feed/{user_id},104.500000,0.000000,5,24,130,140,220,470,650,2700,2800,2900,2900,17645,0,4,81.55520685542216,1.86721800127998,6366.639907006174,1444.0956078209124
1781648717,100,GET,/feed/{user_id}?with_fof=true,52.900000,0.000000,5,58,140,160,300,610,1600,2600,4200,4200,4200,8775,0,5,166.15806434860724,1.9279690168332309,12153.879505000077,6949.212535612535
1781648717,100,POST,/likes,4.500000,0.000000,7,110,170,170,350,570,580,2700,2700,2700,2700,916,0,6,93.69386549008091,2.60577499284409,4922.203528985847,180.88646288209608
1781648717,100,POST,/posts,6.400000,0.000000,6,11,91,160,280,500,2700,2900,2900,2900,2900,1293,0,5,81.77599683728096,2.384723018622026,6351.882892020512,228.43696829079659
1781648717,100,GET,/timeline/{user_id},67.200000,0.000000,6,120,160,200,530,2700,3100,3200,4000,4000,4000,11249,0,4,120.527366820154,1.8926369957625866,10093.759576993762,1079.251133434083
1781648717,100,GET,/users/{user_id},23.800000,0.000000,5,97,140,150,230,360,570,2600,2800,2800,2800,4470,0,5,83.47867572723999,1.638424990233034,6318.151003011735,268.1834451901566
1781648717,100,,Aggregated,259.300000,0.000000,5,50,140,160,300,580,2700,2900,3800,4200,4200,44348,0,4,108.63174470513056,1.638424990233034,12153.879505000077,2260.772616577974
1781648718,100,GET,/feed/{user_id},102.800000,0.000000,5,31,130,150,230,470,600,2700,2800,2900,2900,17695,0,4,81.79947012550973,1.86721800127998,6366.639907006174,1443.7377790336254
1781648718,100,GET,/feed/{user_id}?with_fof=true,54.800000,0.000000,5,57,140,160,290,600,1600,2600,4200,4200,4200,8793,0,5,166.07239910542577,1.9279690168332309,12153.879505000077,6944.40020470829
1781648718,100,POST,/likes,5.100000,0.000000,8,81,170,170,350,550,580,2700,2700,2700,2700,919,0,6,94.04110387150706,2.60577499284409,4922.203528985847,180.8911860718172
1781648718,100,POST,/posts,6.500000,0.000000,6,12,140,160,300,540,2700,2900,2900,2900,2900,1295,0,5,82.17599561204685,2.384723018622026,6351.882892020512,228.43706563706564
1781648718,100,GET,/timeline/{user_id},66.900000,0.000000,6,110,160,190,420,2600,3100,3200,4000,4000,4000,11290,0,4,120.40750552123741,1.8926369957625866,10093.759576993762,1079.972276350753
1781648718,100,GET,/users/{user_id},24.200000,0.000000,7,110,150,160,250,430,570,2600,2800,2800,2800,4486,0,5,83.74132650173297,1.638424990233034,6318.151003011735,268.1827909050379
1781648718,100,,Aggregated,260.300000,0.000000,5,63,140,160,290,540,2700,2900,3800,4200,4200,44478,0,4,108.71941737492571,1.638424990233034,12153.879505000077,2258.803700705967
1781648719,100,GET,/feed/{user_id},107.500000,0.000000,5,33,130,150,220,400,550,580,660,810,810,17721,0,4,81.69102076947533,1.86721800127998,6366.639907006174,1442.6942610462163
1781648719,100,GET,/feed/{user_id}?with_fof=true,56.200000,0.000000,5,61,140,160,250,550,1500,1700,4200,4200,4200,8812,0,5,166.06727622423068,1.9279690168332309,12153.879505000077,6943.333635950976
1781648719,100,POST,/likes,5.600000,0.000000,8,130,170,170,350,550,570,580,580,580,580,920,0,6,93.95114552272666,2.60577499284409,4922.203528985847,180.8913043478261
1781648719,100,POST,/posts,6.900000,0.000000,6,16,140,160,280,380,540,670,670,670,670,1295,0,5,82.17599561204685,2.384723018622026,6351.882892020512,228.43706563706564
1781648719,100,GET,/timeline/{user_id},74.800000,0.000000,5,77,140,160,250,420,580,630,2600,2600,2600,11311,0,4,120.20418505100389,1.8926369957625866,10093.759576993762,1078.4858102731855
1781648719,100,GET,/users/{user_id},25.500000,0.000000,6,110,140,160,230,380,510,570,620,620,620,4492,0,5,83.65254825572266,1.638424990233034,6318.151003011735,268.18143365983974
1781648719,100,,Aggregated,276.500000,0.000000,5,50,140,160,230,430,580,670,2600,4200,4200,44551,0,4,108.62340170184505,1.638424990233034,12153.879505000077,2258.452357971763
1781648720,100,GET,/feed/{user_id},116.400000,0.000000,5,41,130,150,220,400,550,600,2300,2300,2300,17740,0,4,81.99533871819949,1.86721800127998,6366.639907006174,1441.865670800451
1781648720,100,GET,/feed/{user_id}?with_fof=true,58.300000,0.000000,5,61,140,160,230,560,1600,2100,4200,4200,4200,8825,0,5,167.0337185567072,1.9279690168332309,12153.879505000077,6943.382889518413
1781648720,100,POST,/likes,6.200000,0.000000,11,130,170,170,350,550,580,580,580,580,580,921,0,6,93.92444594995418,2.60577499284409,4922.203528985847,180.89033659066232
1781648720,100,POST,/posts,7.400000,0.000000,6,11,91,140,230,340,540,670,670,670,670,1299,0,5,81.9543633376821,2.384723018622026,6351.882892020512,228.4357197844496
1781648720,100,GET,/timeline/{user_id},80.500000,0.000000,5,60,140,160,230,350,540,630,2300,2300,2300,11323,0,4,120.29278299946216,1.8926369957625866,10093.759576993762,1078.0167800052989
1781648720,100,GET,/users/{user_id},26.900000,0.000000,6,110,150,160,230,360,510,570,620,620,620,4498,0,5,83.55450426872045,1.638424990233034,6318.151003011735,268.17963539350825
1781648720,100,,Aggregated,295.700000,0.000000,5,58,140,150,230,410,580,860,3000,4200,4200,44606,0,4,108.94355803979191,1.638424990233034,12153.879505000077,2258.2173922790657
1781648721,100,GET,/feed/{user_id},114.600000,0.000000,5,33,130,140,200,270,390,500,2300,2300,2300,17764,0,4,82.1205486017717,1.86721800127998,6366.639907006174,1442.2118329205134
1781648721,100,GET,/feed/{user_id}?with_fof=true,58.700000,0.000000,5,71,140,150,200,310,1500,3700,4700,4700,4700,8838,0,5,168.71999415354196,1.9279690168332309,12153.879505000077,6942.567888662594
1781648721,100,POST,/likes,6.300000,0.000000,7,69,150,170,190,220,550,550,550,550,550,922,0,6,93.82990273742844,2.60577499284409,4922.203528985847,180.89045553145337
1781648721,100,POST,/posts,7.100000,0.000000,6,11,91,140,230,340,380,670,670,670,670,1303,0,5,81.72586558837692,2.384723018622026,6351.882892020512,228.4336147352264
1781648721,100,GET,/timeline/{user_id},80.200000,0.000000,5,60,130,150,210,290,370,420,2300,2300,2300,11339,0,4,120.14047421632502,1.8926369957625866,10093.759576993762,1077.2198606579063
1781648721,100,GET,/users/{user_id},26.800000,0.000000,7,110,140,150,210,290,380,490,510,510,510,4505,0,5,83.43415505499692,1.638424990233034,6318.151003011735,268.1760266370699
1781648721,100,,Aggregated,293.700000,0.000000,5,51,130,150,200,280,410,610,4000,4700,4700,44671,0,4,109.26731912287838,1.638424990233034,12153.879505000077,2257.9531463365493
1781648722,100,GET,/feed/{user_id},109.100000,0.000000,6,31,120,140,170,270,430,530,2300,2300,2300,17797,0,4,82.08524677568462,1.86721800127998,6366.639907006174,1442.7091644659213
1781648722,100,GET,/feed/{user_id}?with_fof=true,55.800000,0.000000,6,76,130,150,190,490,4000,4800,5400,5400,5400,8856,0,5,171.94499344434217,1.9279690168332309,12153.879505000077,6942.223351400181
1781648722,100,POST,/likes,5.900000,0.000000,14,69,150,170,190,220,550,550,550,550,550,924,0,6,93.66194425098844,2.60577499284409,4922.203528985847,180.89285714285714
1781648722,100,POST,/posts,6.600000,0.000000,7,13,130,140,210,300,670,670,670,670,670,1303,0,5,81.72586558837692,2.384723018622026,6351.882892020512,228.4336147352264
1781648722,100,GET,/timeline/{user_id},73.300000,0.000000,6,45,120,140,180,260,410,450,2500,2500,2500,11352,0,4,120.23256174884355,1.8926369957625866,10093.759576993762,1078.4790345313602
1781648722,100,GET,/users/{user_id},25.800000,0.000000,7,100,140,150,190,290,470,510,510,510,510,4512,0,5,83.31985087206445,1.638424990233034,6318.151003011735,268.17597517730496
1781648722,100,,Aggregated,276.500000,0.000000,6,46,130,140,180,290,490,2000,5200,5400,5400,44744,0,4,109.90228066929953,1.638424990233034,12153.879505000077,2258.938025210084
1781648723,100,GET,/feed/{user_id},101.700000,0.000000,7,39,120,140,210,430,5300,5400,5600,5600,5600,17863,0,4,86.67514350987219,1.86721800127998,6366.639907006174,1441.9245927335835
1781648723,100,GET,/feed/{user_id}?with_fof=true,53.200000,0.000000,8,100,150,170,3700,5600,6100,6200,6900,6900,6900,8903,0,5,188.51676102449906,1.9279690168332309,12153.879505000077,6943.616084465911
1781648723,100,POST,/likes,5.000000,0.000000,14,130,150,170,190,350,5300,5300,5300,5300,5300,926,0,6,99.21322530987256,2.60577499284409,5324.4387860177085,180.89308855291577
1781648723,100,POST,/posts,6.500000,0.000000,8,12,24,130,300,670,5500,5500,5500,5500,5500,1311,0,5,89.53327760769464,2.384723018622026,6351.882892020512,228.43478260869566
1781648723,100,GET,/timeline/{user_id},69.600000,0.000000,6,31,110,140,190,340,2300,5300,5500,5500,5500,11385,0,4,123.68857692488712,1.8926369957625866,10093.759576993762,1077.4720245937638
1781648723,100,GET,/users/{user_id},24.100000,0.000000,6,64,140,150,230,490,5300,5400,5600,5600,5600,4536,0,5,88.19800735465986,1.638424990233034,6318.151003011735,268.17305996472663
1781648723,100,,Aggregated,260.100000,0.000000,7,46,130,150,230,550,5400,5600,6300,6900,6900,44924,0,4,116.73388378481793,1.638424990233034,12153.879505000077,2259.962380909981
1781648724,100,GET,/feed/{user_id},93.100000,0.000000,7,24,92,130,190,480,5300,5400,5600,5600,5600,17959,0,4,86.33038558025889,1.86721800127998,6366.639907006174,1444.7724260816303
1781648724,100,GET,/feed/{user_id}?with_fof=true,47.700000,0.000000,8,89,140,160,5100,5700,6100,6200,6900,6900,6900,8946,0,5,190.93464553488474,1.9279690168332309,12153.879505000077,6939.958417169685
1781648724,100,POST,/likes,4.800000,0.000000,18,130,170,170,190,550,5300,5300,5300,5300,5300,927,0,6,99.1152873699603,2.60577499284409,5324.4387860177085,180.8942826321467
1781648724,100,POST,/posts,6.000000,0.000000,11,16,110,130,300,670,5500,5500,5500,5500,5500,1318,0,5,89.35710572892795,2.384723018622026,6351.882892020512,228.43930197268588
1781648724,100,GET,/timeline/{user_id},63.200000,0.000000,7,25,85,130,170,340,2500,5300,5500,5500,5500,11424,0,4,123.36080834654854,1.8926369957625866,10093.759576993762,1077.1485469187676
1781648724,100,GET,/users/{user_id},22.100000,0.000000,6,21,67,130,230,490,5300,5400,5600,5600,5600,4561,0,5,87.79593680371316,1.638424990233034,6318.151003011735,268.1762771322079
1781648724,100,,Aggregated,236.900000,0.000000,8,31,110,140,270,1900,5500,5700,6300,6900,6900,45135,0,5,116.93524787075044,1.638424990233034,12153.879505000077,2260.525202171264
1781648725,100,GET,/feed/{user_id},81.500000,0.000000,8,16,54,120,270,530,5400,5500,5600,5600,5600,17998,0,4,86.19724397743543,1.86721800127998,6366.639907006174,1445.6951883542615
1781648725,100,GET,/feed/{user_id}?with_fof=true,42.100000,0.000000,9,58,160,530,5400,5700,6200,6300,6900,6900,6900,8972,0,5,193.15136900903113,1.9279690168332309,12153.879505000077,6939.545474810521
1781648725,100,POST,/likes,4.400000,0.000000,18,130,150,190,350,550,5300,5300,5300,5300,5300,931,0,6,99.07753260039188,2.60577499284409,5324.4387860177085,180.90010741138562
1781648725,100,POST,/posts,4.900000,0.000000,11,67,110,130,300,670,5500,5500,5500,5500,5500,1320,0,5,89.29508508010645,2.384723018622026,6351.882892020512,228.4401515151515
1781648725,100,GET,/timeline/{user_id},55.700000,0.000000,8,12,52,85,230,390,5300,5400,5500,5500,5500,11449,0,4,123.12227275997618,1.8926369957625866,10093.759576993762,1076.436020613154
1781648725,100,GET,/users/{user_id},19.800000,0.000000,6,17,58,89,270,510,5300,5400,5600,5600,5600,4572,0,5,87.61220937702987,1.638424990233034,6318.151003011735,268.1741032370954
1781648725,100,,Aggregated,208.400000,0.000000,8,21,67,140,350,4700,5600,5700,6300,6900,6900,45242,0,5,117.25018118368669,1.638424990233034,12153.879505000077,2261.2039918659652
1781648726,100,GET,/feed/{user_id},77.100000,0.000000,8,11,33,50,310,1100,5400,5500,5600,5600,5600,18045,0,4,85.99625667026172,1.86721800127998,6366.639907006174,1444.5197007481297
1781648726,100,GET,/feed/{user_id}?with_fof=true,40.800000,0.000000,9,56,460,4200,5600,5800,6200,6300,6900,6900,6900,8990,0,5,194.04931249499003,1.9279690168332309,12153.879505000077,6938.921134593993
1781648726,100,POST,/likes,4.200000,0.000000,14,31,97,120,350,550,5300,5300,5300,5300,5300,936,0,6,98.69389426706057,2.60577499284409,5324.4387860177085,180.90277777777777
1781648726,100,POST,/posts,5.000000,0.000000,11,13,81,110,340,5400,5500,5500,5500,5500,5500,1323,0,5,89.11096480932335,2.384723018622026,6351.882892020512,228.4414210128496
1781648726,100,GET,/timeline/{user_id},50.000000,0.000000,8,11,26,46,300,450,5300,5400,5500,5500,5500,11487,0,4,122.74772818769293,1.8926369957625866,10093.759576993762,1075.4543396883435
1781648726,100,GET,/users/{user_id},19.200000,0.000000,7,17,40,62,350,1000,5400,5400,5600,5600,5600,4579,0,5,87.486826086645,1.638424990233034,6318.151003011735,268.17798645992576
1781648726,100,,Aggregated,196.300000,0.000000,8,12,44,67,480,5300,5600,5800,6300,6900,6900,45360,0,5,117.22183405565038,1.638424990233034,12153.879505000077,2259.712147266314
1781648727,100,GET,/feed/{user_id},67.000000,0.000000,8,10,12,32,100,1600,5400,5500,5600,5600,5600,18087,0,4,85.88989143422349,1.86721800127998,6366.639907006174,1443.6830320119423
1781648727,100,GET,/feed/{user_id}?with_fof=true,35.300000,0.000000,9,56,2100,4600,5600,5800,6200,6300,6900,6900,6900,9011,0,5,195.42660816046174,1.9279690168332309,12153.879505000077,6936.904006214627
1781648727,100,POST,/likes,3.400000,0.000000,14,18,69,97,210,5300,5300,5300,5300,5300,5300,938,0,6,98.51740003731136,2.60577499284409,5324.4387860177085,180.90298507462686
1781648727,100,POST,/posts,4.800000,0.000000,11,12,67,88,550,5400,5500,5500,5500,5500,5500,1328,0,5,89.71933065188213,2.384723018622026,6351.882892020512,228.4390060240964
1781648727,100,GET,/timeline/{user_id},43.600000,0.000000,8,10,11,13,59,2500,5300,5400,5500,5500,5500,11514,0,4,123.73232228651578,1.8926369957625866,10093.759576993762,1075.9485843321174
1781648727,100,GET,/users/{user_id},18.500000,0.000000,6,9,17,29,67,1000,5400,5400,5600,5600,5600,4588,0,5,87.48565510282587,1.638424990233034,6318.151003011735,268.1758936355711
1781648727,100,,Aggregated,172.600000,0.000000,8,11,20,48,1100,5400,5700,5900,6300,6900,6900,45466,0,5,117.71597169894237,1.638424990233034,12153.879505000077,2259.1002947257293
1781648728,100,GET,/feed/{user_id},56.200000,0.000000,8,10,11,26,88,1100,5400,5500,5600,5600,5600,18142,0,4,85.66291582001811,1.86721800127998,6366.639907006174,1445.8014000661449
1781648728,100,GET,/feed/{user_id}?with_fof=true,28.100000,0.000000,9,39,2300,4400,5600,5800,6200,6300,6900,6900,6900,9046,0,5,197.30799876331207,1.9279690168332309,12153.879505000077,6939.387906256909
1781648728,100,POST,/likes,3.100000,0.000000,14,18,69,97,210,5300,5300,5300,5300,5300,5300,939,0,6,98.42810790413168,2.60577499284409,5324.4387860177085,180.9009584664537
1781648728,100,POST,/posts,4.200000,0.000000,11,12,67,88,550,5400,5500,5500,5500,5500,5500,1329,0,5,89.6604109200149,2.384723018622026,6351.882892020512,228.43942814145976
1781648728,100,GET,/timeline/{user_id},36.000000,0.000000,8,10,11,14,80,3400,5300,5400,5500,5500,5500,11548,0,4,124.55028134577675,1.8926369957625866,10093.759576993762,1074.284897817804
1781648728,100,GET,/users/{user_id},15.200000,0.000000,5,8,14,21,62,1000,5400,5400,5600,5600,5600,4600,0,5,87.26963232996438,1.638424990233034,6318.151003011735,268.17869565217393
1781648728,100,,Aggregated,142.800000,0.000000,8,10,16,44,1100,5400,5700,5900,6400,6900,6900,45604,0,5,118.19740401616572,1.638424990233034,12153.879505000077,2261.1252960266643
1781648729,100,GET,/feed/{user_id},47.600000,0.000000,8,10,11,28,120,5400,5500,5600,5600,5600,5600,18220,0,4,89.50138972155544,1.86721800127998,6366.639907006174,1445.0695938529088
1781648729,100,GET,/feed/{user_id}?with_fof=true,23.600000,0.000000,9,60,4300,5300,5700,6000,6400,12000,12000,12000,12000,9102,0,5,212.21463088605583,1.9279690168332309,12153.879505000077,6946.038672819161
1781648729,100,POST,/likes,2.400000,0.000000,14,17,22,69,120,210,5300,5300,5300,5300,5300,944,0,6,97.95877998408672,2.60577499284409,5324.4387860177085,180.90042372881356
1781648729,100,POST,/posts,3.500000,0.000000,10,11,44,81,550,5400,5500,5500,5500,5500,5500,1338,0,5,93.17209640713945,2.384723018622026,6351.882892020512,228.44170403587444
1781648729,100,GET,/timeline/{user_id},28.600000,0.000000,7,10,11,16,2500,5300,5500,5500,5500,5500,5500,11604,0,4,129.3918354915569,1.8926369957625866,10093.759576993762,1074.2236297828335
1781648729,100,GET,/users/{user_id},12.400000,0.000000,5,8,14,22,67,5400,5500,5500,5600,5600,5600,4615,0,5,91.73843232216818,1.638424990233034,6318.151003011735,268.1852654387866
1781648729,100,,Aggregated,118.100000,0.000000,8,10,18,56,4600,5500,5700,6100,12000,12000,12000,45823,0,5,124.48477770028528,1.638424990233034,12153.879505000077,2263.740981603125
1781648730,100,GET,/feed/{user_id},41.900000,0.000000,7,9,11,36,150,5300,5500,5500,5600,5600,5600,18324,0,4,89.37503817237952,1.86721800127998,6366.639907006174,1444.7126173324602
1781648730,100,GET,/feed/{user_id}?with_fof=true,24.100000,0.000000,8,58,3700,4600,5600,5900,6300,11000,12000,12000,12000,9174,0,5,216.44418677184666,1.9279690168332309,12153.879505000077,6947.403313712666
1781648730,100,POST,/likes,2.000000,0.000000,11,17,22,49,210,450,5300,5300,5300,5300,5300,953,0,6,97.98548259073746,2.60577499284409,5324.4387860177085,180.89506820566632
1781648730,100,POST,/posts,3.400000,0.000000,8,11,12,81,550,5400,5500,5500,5500,5500,5500,1351,0,5,92.44406508643912,2.384723018622026,6351.882892020512,228.43967431532198
1781648730,100,GET,/timeline/{user_id},25.400000,0.000000,7,10,14,56,440,5300,5400,5500,5500,5500,5500,11674,0,4,129.41509742452408,1.8926369957625866,10093.759576993762,1072.4707897892754
1781648730,100,GET,/users/{user_id},11.400000,0.000000,5,8,15,30,300,5400,5500,5500,5600,5600,5600,4639,0,5,91.71034476175387,1.638424990233034,6318.151003011735,268.19336063806855
1781648730,100,,Aggregated,108.200000,0.000000,7,10,26,66,3600,5400,5700,6000,12000,12000,12000,46115,0,5,125.29275512176125,1.638424990233034,12153.879505000077,2265.067331670823
1781648731,100,GET,/feed/{user_id},45.700000,0.000000,7,10,21,58,320,510,5500,5500,5600,5600,5600,18477,0,4,89.48997448977322,1.86721800127998,6366.639907006174,1443.4986740271688
1781648731,100,GET,/feed/{user_id}?with_fof=true,25.700000,0.000000,8,61,420,3700,5500,5900,6200,6900,12000,12000,12000,9253,0,5,216.5648496892785,1.9279690168332309,12153.879505000077,6948.535501999351
1781648731,100,POST,/likes,2.000000,0.000000,10,15,22,49,210,450,5300,5300,5300,5300,5300,954,0,6,97.88676427250296,2.60577499284409,5324.4387860177085,180.89517819706498
1781648731,100,POST,/posts,4.100000,0.000000,9,12,67,110,350,5400,5500,5500,5500,5500,5500,1360,0,5,92.58287709764024,2.384723018622026,6351.882892020512,228.43970588235294
1781648731,100,GET,/timeline/{user_id},26.500000,0.000000,6,9,16,69,410,3400,5400,5500,5500,5500,5500,11766,0,4,129.06122314872866,1.8926369957625866,10093.759576993762,1072.0055243923168
1781648731,100,GET,/users/{user_id},11.600000,0.000000,5,7,14,36,290,5300,5400,5500,5600,5600,5600,4666,0,5,91.46607380705893,1.638424990233034,6318.151003011735,268.1982426060866
1781648731,100,,Aggregated,115.600000,0.000000,7,10,44,120,620,5400,5600,5900,12000,12000,12000,46476,0,5,125.26879573850731,1.638424990233034,12153.879505000077,2265.991178242534
1781648732,100,GET,/feed/{user_id},53.100000,0.000000,6,10,48,88,230,450,5400,5500,5600,5600,5600,18632,0,4,89.10687330295431,1.86721800127998,6366.639907006174,1441.726975096608
1781648732,100,GET,/feed/{user_id}?with_fof=true,32.100000,0.000000,8,60,180,430,5400,5800,6200,6900,12000,12000,12000,9329,0,5,215.2326583634765,1.9279690168332309,12153.879505000077,6949.811448172366
1781648732,100,POST,/likes,2.500000,0.000000,8,14,18,49,210,450,5300,5300,5300,5300,5300,961,0,6,97.3137383100661,2.60577499284409,5324.4387860177085,180.89802289281997
1781648732,100,POST,/posts,4.600000,0.000000,8,12,88,97,180,640,5500,5500,5500,5500,5500,1378,0,5,91.97556671758448,2.384723018622026,6351.882892020512,228.43613933236574
1781648732,100,GET,/timeline/{user_id},31.300000,0.000000,6,10,74,110,320,3300,5400,5500,5500,5500,5500,11876,0,4,128.40282586838327,1.8926369957625866,10093.759576993762,1070.955372179185
1781648732,100,GET,/users/{user_id},12.700000,0.000000,5,8,34,73,260,1100,5400,5500,5600,5600,5600,4692,0,5,91.24422265976162,1.638424990233034,6318.151003011735,268.2020460358056
1781648732,100,,Aggregated,136.300000,0.000000,6,11,75,110,400,5300,5600,5900,12000,12000,12000,46868,0,5,124.63590124261417,1.638424990233034,12153.879505000077,2265.1435094307417
1781648733,100,GET,/feed/{user_id},62.400000,0.000000,6,10,75,110,180,360,470,5400,5600,5600,5600,18775,0,4,88.93421692929954,1.86721800127998,6366.639907006174,1440.4306258322238
1781648733,100,GET,/feed/{user_id}?with_fof=true,37.000000,0.000000,6,25,140,190,3600,5400,5900,6400,12000,12000,12000,9398,0,5,214.23168716469584,1.9279690168332309,12153.879505000077,6955.833794424346
1781648733,100,POST,/likes,3.200000,0.000000,8,15,49,120,210,220,450,450,450,450,450,972,0,6,97.16980093616418,2.60577499284409,5324.4387860177085,180.90123456790124
1781648733,100,POST,/posts,5.200000,0.000000,6,11,67,96,160,350,640,5500,5500,5500,5500,1387,0,5,91.52181740939515,2.384723018622026,6351.882892020512,228.4340302811824
1781648733,100,GET,/timeline/{user_id},36.800000,0.000000,5,10,100,130,230,440,3600,5400,5500,5500,5500,11994,0,4,127.7708159526912,1.8926369957625866,10093.759576993762,1068.3321660830416
1781648733,100,GET,/users/{user_id},14.500000,0.000000,5,7,34,100,190,290,5400,5500,5500,5500,5500,4735,0,5,90.93457610847811,1.638424990233034,6318.151003011735,268.20591341077085
1781648733,100,,Aggregated,159.100000,0.000000,6,10,93,130,240,510,5400,5500,12000,12000,12000,47261,0,5,124.15178499160874,1.638424990233034,12153.879505000077,2263.837328875817
1781648734,100,GET,/feed/{user_id},75.000000,0.000000,5,10,98,120,170,320,450,5400,5600,5600,5600,18957,0,4,88.51525990343572,1.86721800127998,6366.639907006174,1435.2363770638815
1781648734,100,GET,/feed/{user_id}?with_fof=true,44.600000,0.000000,6,57,130,160,1600,5200,5900,6200,12000,12000,12000,9474,0,5,212.9778648590775,1.9279690168332309,12153.879505000077,6957.722714798396
1781648734,100,POST,/likes,3.300000,0.000000,8,17,97,110,170,220,380,450,450,450,450,979,0,6,96.97802405104834,2.60577499284409,5324.4387860177085,180.9050051072523
1781648734,100,POST,/posts,6.300000,0.000000,6,11,96,100,160,350,640,5500,5500,5500,5500,1396,0,5,91.34864858367075,2.384723018622026,6351.882892020512,228.4297994269341
1781648734,100,GET,/timeline/{user_id},46.100000,0.000000,5,10,110,130,200,420,3400,5400,5500,5500,5500,12092,0,4,127.1263677570672,1.8926369957625866,10093.759576993762,1066.5409361561362
1781648734,100,GET,/users/{user_id},16.600000,0.000000,5,10,100,120,190,290,5400,5500,5500,5500,5500,4765,0,5,90.74298832984543,1.638424990233034,6318.151003011735,268.20860440713534
1781648734,100,,Aggregated,191.900000,0.000000,5,11,110,130,210,450,5400,5500,12000,12000,12000,47663,0,5,123.52983762967679,1.638424990233034,12153.879505000077,2261.625621551308
1781648735,100,GET,/feed/{user_id},86.900000,0.000000,4,11,96,110,160,270,450,5400,5600,5600,5600,19129,0,4,88.04798792088015,1.86721800127998,6366.639907006174,1434.0752783731507
1781648735,100,GET,/feed/{user_id}?with_fof=true,48.200000,0.000000,5,60,110,150,440,4500,5900,6000,12000,12000,12000,9554,0,5,211.49889665972918,1.9279690168332309,12153.879505000077,6955.897006489428
1781648735,100,POST,/likes,4.100000,0.000000,7,14,94,110,150,220,380,450,450,450,450,988,0,6,96.33713884409097,2.60577499284409,5324.4387860177085,180.9078947368421
1781648735,100,POST,/posts,7.600000,0.000000,6,11,96,100,160,290,640,5500,5500,5500,5500,1407,0,5,91.00089175113646,2.384723018622026,6351.882892020512,228.42928216062543
1781648735,100,GET,/timeline/{user_id},55.600000,0.000000,5,14,110,130,190,400,3400,5400,5500,5500,5500,12188,0,4,126.50073645344159,1.8926369957625866,10093.759576993762,1067.1132261240564
1781648735,100,GET,/users/{user_id},19.400000,0.000000,5,53,100,120,170,260,640,5400,5500,5500,5500,4812,0,5,90.40381802384091,1.638424990233034,6318.151003011735,268.20906068162924
1781648735,100,,Aggregated,221.800000,0.000000,5,16,100,120,190,410,5200,5500,12000,12000,12000,48078,0,5,122.82049826786987,1.638424990233034,12153.879505000077,2260.6140230458836
1781648736,100,GET,/feed/{user_id},92.300000,0.000000,4,13,100,120,160,240,450,5400,5600,5600,5600,19287,0,4,87.75528165221012,1.86721800127998,6366.639907006174,1436.1074298750455
1781648736,100,GET,/feed/{user_id}?with_fof=true,48.700000,0.000000,5,77,130,160,410,4300,5800,6000,12000,12000,12000,9629,0,5,210.4123172096808,1.9279690168332309,12153.879505000077,6958.641084224738
1781648736,100,POST,/likes,4.700000,0.000000,8,28,110,120,160,210,380,450,450,450,450,998,0,6,96.20467045280606,2.60577499284409,5324.4387860177085,180.9058116232465
1781648736,100,POST,/posts,7.400000,0.000000,5,10,96,100,170,290,640,5500,5500,5500,5500,1423,0,5,90.43222121915304,2.384723018622026,6351.882892020512,228.427266338721
1781648736,100,GET,/timeline/{user_id},62.700000,0.000000,5,42,110,130,180,360,3300,5400,5500,5500,5500,12272,0,4,126.0361476009224,1.8926369957625866,10093.759576993762,1065.7366362451107
1781648736,100,GET,/users/{user_id},19.700000,0.000000,5,78,110,130,180,230,460,5400,5500,5500,5500,4852,0,5,90.20591948818245,1.638424990233034,6318.151003011735,268.2207337180544
1781648736,100,,Aggregated,235.500000,0.000000,5,36,110,130,180,380,4300,5500,11000,12000,12000,48461,0,5,122.31873787705827,1.638424990233034,12153.879505000077,2261.3788819875776
1781648737,100,GET,/feed/{user_id},104.500000,0.000000,4,17,100,130,170,220,430,5300,5600,5600,5600,19448,0,4,87.49805709291142,1.86721800127998,6366.639907006174,1435.0011312217196
1781648737,100,GET,/feed/{user_id}?with_fof=true,54.700000,0.000000,5,78,130,150,270,3600,5500,6000,12000,12000,12000,9706,0,5,209.2624373383426,1.9279690168332309,12153.879505000077,6960.863486503194
1781648737,100,POST,/likes,5.500000,0.000000,8,90,110,130,170,210,380,450,450,450,450,1009,0,6,95.95153193450805,2.60577499284409,5324.4387860177085,180.90782953419227
1781648737,100,POST,/posts,8.200000,0.000000,5,11,97,120,160,200,290,350,5500,5500,5500,1432,0,5,90.45992412073288,2.384723018622026,6351.882892020512,228.42737430167597
1781648737,100,GET,/timeline/{user_id},68.400000,0.000000,5,79,110,130,180,340,890,5400,5500,5500,5500,12355,0,4,125.64809379371947,1.8926369957625866,10093.759576993762,1066.9240793201134
1781648737,100,GET,/users/{user_id},21.300000,0.000000,5,73,110,130,180,210,380,5400,5500,5500,5500,4888,0,5,89.83635179575312,1.638424990233034,6318.151003011735,268.2201309328969
1781648737,100,,Aggregated,262.600000,0.000000,4,58,110,130,180,320,3200,5500,11000,12000,12000,48838,0,5,121.84404407655398,1.638424990233034,12153.879505000077,2262.021253941603
1781648738,100,GET,/feed/{user_id},116.300000,0.000000,4,61,110,130,180,230,410,490,5600,5600,5600,19601,0,4,87.33625393698767,1.86721800127998,6366.639907006174,1436.7623590633132
1781648738,100,GET,/feed/{user_id}?with_fof=true,59.600000,0.000000,5,91,140,160,250,1600,5500,5900,12000,12000,12000,9787,0,5,208.38132216264495,1.9279690168332309,12153.879505000077,6960.513334014509
1781648738,100,POST,/likes,6.300000,0.000000,6,76,110,130,170,210,380,450,450,450,450,1020,0,6,95.2628458636087,2.60577499284409,5324.4387860177085,180.9078431372549
1781648738,100,POST,/posts,9.100000,0.000000,5,75,100,130,180,200,290,350,5500,5500,5500,1445,0,5,90.34647151687227,2.384723018622026,6351.882892020512,228.42906574394465
1781648738,100,GET,/timeline/{user_id},75.700000,0.000000,4,85,120,140,180,290,470,5400,5500,5500,5500,12442,0,4,125.17291308192259,1.8926369957625866,10093.759576993762,1065.3042919144832
1781648738,100,GET,/users/{user_id},25.300000,0.000000,5,78,110,140,180,230,350,5400,5500,5500,5500,4920,0,5,89.68785127981096,1.638424990233034,6318.151003011735,268.2150406504065
1781648738,100,,Aggregated,292.300000,0.000000,4,80,120,140,190,280,890,5400,11000,12000,12000,49215,0,5,121.46073921384534,1.638424990233034,12153.879505000077,2262.9942700396223
1781648739,100,GET,/feed/{user_id},127.500000,0.000000,4,83,120,140,170,210,340,410,470,490,490,19777,0,4,87.09368537134394,1.86721800127998,6366.639907006174,1437.0115285432573
1781648739,100,GET,/feed/{user_id}?with_fof=true,65.900000,0.000000,4,82,130,150,190,400,1100,2700,4600,4600,4600,9856,0,5,207.25386267073876,1.9279690168332309,12153.879505000077,6964.537236201299
1781648739,100,POST,/likes,6.400000,0.000000,5,94,120,140,170,210,380,450,450,450,450,1024,0,6,95.2501835223245,2.60577499284409,5324.4387860177085,180.9072265625
1781648739,100,POST,/posts,10.100000,0.000000,5,75,110,130,170,200,210,290,350,350,350,1455,0,5,90.0410794033317,2.384723018622026,6351.882892020512,228.4274914089347
1781648739,100,GET,/timeline/{user_id},80.300000,0.000000,4,90,120,140,180,230,390,430,890,890,890,12540,0,4,124.6696543949062,1.8926369957625866,10093.759576993762,1064.705821371611
1781648739,100,GET,/users/{user_id},28.400000,0.000000,5,76,110,140,170,200,280,350,460,460,460,4957,0,5,89.32405486863557,1.638424990233034,6318.151003011735,268.2225136171071
1781648739,100,,Aggregated,318.600000,0.000000,4,84,120,140,180,230,400,460,3800,4600,4600,49609,0,5,120.94234212797089,1.638424990233034,12153.879505000077,2262.9131206031166
1781648740,100,GET,/feed/{user_id},139.100000,0.000000,4,87,120,130,160,190,220,240,330,360,360,19944,0,4,86.79001523541788,1.86721800127998,6366.639907006174,1432.5433714400322
1781648740,100,GET,/feed/{user_id}?with_fof=true,71.000000,0.000000,4,79,130,140,170,230,550,700,1700,1700,1700,9918,0,5,206.2726327351122,1.9279690168332309,12153.879505000077,6964.769207501512
1781648740,100,POST,/likes,7.600000,0.000000,5,95,120,130,170,200,210,220,220,220,220,1032,0,6,94.8957102953909,2.60577499284409,5324.4387860177085,180.90503875968992
1781648740,100,POST,/posts,11.000000,0.000000,5,96,120,140,160,190,210,210,290,290,290,1474,0,5,89.55714374350534,2.384723018622026,6351.882892020512,228.4280868385346
1781648740,100,GET,/timeline/{user_id},86.100000,0.000000,4,92,120,130,170,190,250,310,890,890,890,12637,0,4,124.04563375658368,1.8926369957625866,10093.759576993762,1066.5990345809923
1781648740,100,GET,/users/{user_id},30.600000,0.000000,5,96,120,130,160,190,200,250,350,350,350,5003,0,5,89.17063174132942,1.638424990233034,6318.151003011735,268.2258644813112
1781648740,100,,Aggregated,345.400000,0.000000,4,88,120,130,170,190,240,290,1100,1700,1700,50008,0,5,120.38827752776727,1.638424990233034,12153.879505000077,2259.4618661014238
1781648741,100,GET,/feed/{user_id},149.700000,0.000000,4,88,120,130,160,180,200,220,260,270,270,20113,0,4,86.53953080352,1.86721800127998,6366.639907006174,1433.5286630537464
1781648741,100,GET,/feed/{user_id}?with_fof=true,75.100000,0.000000,4,79,130,140,170,190,370,600,760,760,760,9982,0,5,205.30901504195296,1.9279690168332309,12153.879505000077,6963.298236826287
1781648741,100,POST,/likes,8.300000,0.000000,5,94,120,130,170,200,210,220,220,220,220,1036,0,6,94.62749400854486,2.60577499284409,5324.4387860177085,180.90637065637065
1781648741,100,POST,/posts,11.300000,0.000000,5,97,120,130,160,180,200,210,210,210,210,1477,0,5,89.54006473184012,2.384723018622026,6351.882892020512,228.42857142857142
1781648741,100,GET,/timeline/{user_id},90.800000,0.000000,4,87,120,130,160,180,220,270,490,490,490,12743,0,4,123.33622246896509,1.8926369957625866,10093.759576993762,1065.4064976850036
1781648741,100,GET,/users/{user_id},33.100000,0.000000,6,100,130,140,160,180,200,210,350,350,350,5043,0,5,88.97854741897741,1.638424990233034,6318.151003011735,268.2325996430696
1781648741,100,,Aggregated,368.300000,0.000000,4,89,120,130,160,180,210,250,650,760,760,50394,0,5,119.86826265344394,1.638424990233034,12153.879505000077,2258.0899511846646
1781648742,100,GET,/feed/{user_id},157.900000,0.000000,4,90,130,140,160,180,200,220,260,270,270,20276,0,4,86.3057036020123,1.86721800127998,6366.639907006174,1433.1736535805878
1781648742,100,GET,/feed/{user_id}?with_fof=true,73.500000,0.000000,4,84,130,140,170,180,370,600,760,760,760,10065,0,5,204.2097847889622,1.9279690168332309,12153.879505000077,6970.645504222553
1781648742,100,POST,/likes,8.000000,0.000000,5,90,120,130,160,180,200,210,210,210,210,1048,0,6,94.2225844883069,2.60577499284409,5324.4387860177085,180.90553435114504
1781648742,100,POST,/posts,11.600000,0.000000,5,100,130,140,170,180,200,210,210,210,210,1493,0,5,89.37219748488232,2.384723018622026,6351.882892020512,228.42732752846618
1781648742,100,GET,/timeline/{user_id},94.600000,0.000000,4,88,120,130,160,180,210,250,490,490,490,12835,0,4,122.90108714428536,1.8926369957625866,10093.759576993762,1065.2454226723803
1781648742,100,GET,/users/{user_id},35.000000,0.000000,5,100,130,130,160,180,200,200,350,350,350,5071,0,5,88.78084478659453,1.638424990233034,6318.151003011735,268.2297377243147
1781648742,100,,Aggregated,380.600000,0.000000,4,90,130,140,160,180,210,250,650,760,760,50788,0,4,119.42047347668121,1.638424990233034,12153.879505000077,2260.018606757502
1781648743,100,GET,/feed/{user_id},162.300000,0.000000,4,92,130,140,160,180,200,220,260,270,270,20428,0,4,86.13288989124788,1.86721800127998,6366.639907006174,1430.0871842569022
1781648743,100,GET,/feed/{user_id}?with_fof=true,73.700000,0.000000,4,64,130,140,170,180,370,590,760,760,760,10148,0,5,202.95684206994258,1.9279690168332309,12153.879505000077,6969.326566811194
1781648743,100,POST,/likes,8.200000,0.000000,5,90,120,140,160,180,200,210,210,210,210,1061,0,6,93.70817508083056,2.60577499284409,5324.4387860177085,180.9066918001885
1781648743,100,POST,/posts,12.100000,0.000000,5,100,130,140,170,180,200,210,210,210,210,1506,0,5,88.89125428877703,2.384723018622026,6351.882892020512,228.42762284196547
1781648743,100,GET,/timeline/{user_id},96.600000,0.000000,4,83,120,130,160,180,210,250,450,450,450,12930,0,4,122.36948116030482,1.8926369957625866,10093.759576993762,1063.5246713070378
1781648743,100,GET,/users/{user_id},37.200000,0.000000,5,100,130,130,160,170,200,200,350,350,350,5111,0,5,88.49256439499486,1.638424990233034,6318.151003011735,268.23439639992176
1781648743,100,,Aggregated,390.100000,0.000000,4,90,120,140,160,180,210,250,650,760,760,51184,0,4,118.92283132950509,1.638424990233034,12153.879505000077,2258.456177711785
1781648744,100,GET,/feed/{user_id},163.400000,0.000000,4,100,130,140,160,180,200,220,260,270,270,20609,0,4,85.87637139974022,1.86721800127998,6366.639907006174,1433.796933378621
1781648744,100,GET,/feed/{user_id}?with_fof=true,71.300000,0.000000,4,73,130,150,170,180,360,550,760,760,760,10217,0,5,201.91409676839322,1.9279690168332309,12153.879505000077,6971.73025349907
1781648744,100,POST,/likes,8.500000,0.000000,5,84,120,140,170,180,200,210,210,210,210,1070,0,6,93.23595648290912,2.60577499284409,5324.4387860177085,180.90467289719626
1781648744,100,POST,/posts,11.800000,0.000000,5,110,140,140,170,180,200,210,210,210,210,1513,0,5,88.75950184726585,2.384723018622026,6351.882892020512,228.42696629213484
1781648744,100,GET,/timeline/{user_id},97.100000,0.000000,4,87,130,140,160,180,200,240,450,450,450,13034,0,4,121.81420252468432,1.8926369957625866,10093.759576993762,1064.1948749424582
1781648744,100,GET,/users/{user_id},37.600000,0.000000,4,100,130,130,160,170,200,200,350,350,350,5144,0,5,88.22123182384145,1.638424990233034,6318.151003011735,268.22550544323485
1781648744,100,,Aggregated,389.700000,0.000000,4,95,130,140,160,180,200,240,650,760,760,51587,0,4,118.40918054548851,1.638424990233034,12153.879505000077,2259.657181072751
1781648745,100,GET,/feed/{user_id},165.400000,0.000000,4,110,140,150,160,180,200,220,260,270,270,20763,0,4,85.6415612797396,1.86721800127998,6366.639907006174,1432.0908828204017
1781648745,100,GET,/feed/{user_id}?with_fof=true,73.600000,0.000000,4,89,130,150,170,180,370,590,760,760,760,10291,0,5,200.9648029691617,1.9279690168332309,12153.879505000077,6975.998833932563
1781648745,100,POST,/likes,8.700000,0.000000,5,90,140,150,170,180,200,210,210,210,210,1080,0,6,93.3459042894861,2.60577499284409,5324.4387860177085,180.9037037037037
1781648745,100,POST,/posts,11.700000,0.000000,5,120,140,150,170,180,200,210,210,210,210,1526,0,5,88.62011705822437,2.384723018622026,6351.882892020512,228.42660550458714
1781648745,100,GET,/timeline/{user_id},94.600000,0.000000,4,80,130,140,160,180,210,240,450,450,450,13142,0,4,121.22262467665482,1.8926369957625866,10093.759576993762,1061.3171511185512
1781648745,100,GET,/users/{user_id},37.300000,0.000000,4,100,130,140,160,180,200,200,350,350,350,5181,0,5,87.96475197082297,1.638424990233034,6318.151003011735,268.2287203242617
1781648745,100,,Aggregated,391.300000,0.000000,4,110,130,140,160,180,200,240,650,760,760,51983,0,4,117.9463577117865,1.638424990233034,12153.879505000077,2258.5457745801514
1781648746,100,GET,/feed/{user_id},164.300000,0.000000,4,110,130,140,160,170,190,220,270,290,290,20925,0,4,85.29982380120289,1.86721800127998,6366.639907006174,1430.0010035842295
1781648746,100,GET,/feed/{user_id}?with_fof=true,74.900000,0.000000,4,87,130,140,160,180,330,550,760,760,760,10357,0,5,199.98729586140362,1.9279690168332309,12153.879505000077,6974.48160664285
1781648746,100,POST,/likes,8.700000,0.000000,5,110,140,140,170,180,200,210,210,210,210,1091,0,6,93.10911579524836,2.60577499284409,5324.4387860177085,180.90559120073328
1781648746,100,POST,/posts,12.300000,0.000000,5,130,140,150,170,180,180,200,210,210,210,1532,0,5,88.49401052992359,2.384723018622026,6351.882892020512,228.42689295039165
1781648746,100,GET,/timeline/{user_id},92.600000,0.000000,4,83,120,130,160,170,200,240,450,450,450,13248,0,4,120.66147190864355,1.8926369957625866,10093.759576993762,1059.5459692028985
1781648746,100,GET,/users/{user_id},37.300000,0.000000,4,100,120,130,150,170,180,200,350,350,350,5229,0,5,87.65431192998223,1.638424990233034,6318.151003011735,268.2292981449608
1781648746,100,,Aggregated,390.100000,0.000000,4,100,130,140,160,170,200,240,650,760,760,52382,0,4,117.41036391639818,1.638424990233034,12153.879505000077,2255.4356649230654
1781648747,100,GET,/feed/{user_id},162.500000,0.000000,4,110,130,140,160,170,190,210,270,290,290,21091,0,4,84.99632632123135,1.86721800127998,6366.639907006174,1429.2572661324737
1781648747,100,GET,/feed/{user_id}?with_fof=true,73.700000,0.000000,4,100,130,140,160,180,250,480,700,700,700,10436,0,5,198.99699956876543,1.9279690168332309,12153.879505000077,6973.064679954005
1781648747,100,POST,/likes,9.000000,0.000000,5,110,130,140,170,180,190,200,200,200,200,1100,0,6,92.91585396692177,2.60577499284409,5324.4387860177085,180.90727272727273
1781648747,100,POST,/posts,11.700000,0.000000,5,120,140,150,160,170,180,200,200,200,200,1538,0,5,88.25727405254163,2.384723018622026,6351.882892020512,228.42392717815343
1781648747,100,GET,/timeline/{user_id},94.400000,0.000000,4,91,120,130,160,170,200,240,310,310,310,13334,0,4,120.27694157228598,1.8926369957625866,10093.759576993762,1060.0550472476377
1781648747,100,GET,/users/{user_id},37.100000,0.000000,4,110,130,130,150,170,180,200,350,350,350,5267,0,5,87.46606642867833,1.638424990233034,6318.151003011735,268.21910005695844
1781648747,100,,Aggregated,388.400000,0.000000,4,110,130,140,160,170,200,240,610,700,700,52766,0,4,116.96535351555673,1.638424990233034,12153.879505000077,2255.489633476102
1781648748,100,GET,/feed/{user_id},163.700000,0.000000,4,96,120,140,150,170,180,190,250,290,290,21253,0,4,84.68727944059677,1.86721800127998,6366.639907006174,1431.5712605279255
1781648748,100,GET,/feed/{user_id}?with_fof=true,73.800000,0.000000,4,100,130,140,160,170,180,460,640,640,640,10514,0,5,197.90040675868323,1.9279690168332309,12153.879505000077,6972.017405364276
1781648748,100,POST,/likes,8.900000,0.000000,5,110,130,140,170,180,190,200,200,200,200,1102,0,6,92.75274621197039,2.60577499284409,5324.4387860177085,180.90471869328493
1781648748,100,POST,/posts,11.400000,0.000000,5,110,130,140,150,170,170,180,180,180,180,1552,0,5,88.12111385554296,2.384723018622026,6351.882892020512,228.42461340206185
1781648748,100,GET,/timeline/{user_id},95.100000,0.000000,3,79,120,130,150,160,180,200,290,290,290,13442,0,4,119.6017396260863,1.8926369957625866,10093.759576993762,1061.505579526856
1781648748,100,GET,/users/{user_id},36.800000,0.000000,4,100,120,130,150,160,170,180,210,210,210,5307,0,5,87.1171979170556,1.638424990233034,6318.151003011735,268.231957791596
1781648748,100,,Aggregated,389.700000,0.000000,4,96,120,130,150,170,180,190,570,640,640,53170,0,4,116.41110917887646,1.638424990233034,12153.879505000077,2256.4437088583786
1781648749,100,GET,/feed/{user_id},163.900000,0.000000,4,92,120,140,150,170,170,180,250,290,290,21392,0,4,84.46966188173064,1.86721800127998,6366.639907006174,1433.2156413612565
1781648749,100,GET,/feed/{user_id}?with_fof=true,73.200000,0.000000,4,100,130,140,160,170,180,430,610,610,610,10596,0,5,196.83404774808713,1.9279690168332309,12153.879505000077,6972.600320875802
1781648749,100,POST,/likes,9.400000,0.000000,5,100,130,140,170,180,180,190,190,190,190,1109,0,6,92.46539941531097,2.60577499284409,5324.4387860177085,180.89720468890891
1781648749,100,POST,/posts,10.800000,0.000000,5,110,130,140,160,160,170,170,180,180,180,1567,0,5,87.69637210584789,2.384723018622026,6351.882892020512,228.42629227823866
1781648749,100,GET,/timeline/{user_id},97.400000,0.000000,3,82,120,130,150,160,180,200,290,290,290,13547,0,4,119.10637059118484,1.8926369957625866,10093.759576993762,1063.3633276740238
1781648749,100,GET,/users/{user_id},37.300000,0.000000,4,100,120,130,150,160,170,180,210,210,210,5359,0,5,86.86531448585615,1.638424990233034,6318.151003011735,268.2173913043478
1781648749,100,,Aggregated,392.000000,0.000000,4,95,120,130,150,170,180,190,510,610,610,53570,0,4,115.95367076129611,1.638424990233034,12153.879505000077,2257.650569348516
1781648750,100,GET,/feed/{user_id},164.100000,0.000000,4,91,130,140,160,170,180,180,250,290,290,21561,0,4,84.22660537915854,1.86721800127998,6366.639907006174,1433.2934928806642
1781648750,100,GET,/feed/{user_id}?with_fof=true,72.500000,0.000000,4,100,130,140,160,170,190,430,610,610,610,10667,0,5,195.91670640466418,1.9279690168332309,12153.879505000077,6967.319677510078
1781648750,100,POST,/likes,8.600000,0.000000,5,100,130,140,170,180,180,190,190,190,190,1117,0,6,92.12885008825864,2.60577499284409,5324.4387860177085,180.89435989256938
1781648750,100,POST,/posts,10.300000,0.000000,5,110,130,140,160,170,170,180,180,180,180,1575,0,5,87.55287782150498,2.384723018622026,6351.882892020512,228.42793650793652
1781648750,100,GET,/timeline/{user_id},98.300000,0.000000,4,88,120,140,150,160,180,200,290,290,290,13647,0,4,118.62701663756413,1.8926369957625866,10093.759576993762,1063.0517329816078
1781648750,100,GET,/users/{user_id},38.300000,0.000000,4,99,120,130,150,160,170,180,210,210,210,5390,0,5,86.6987323485434,1.638424990233034,6318.151003011735,268.2220779220779
1781648750,100,,Aggregated,392.100000,0.000000,4,95,130,140,160,170,180,190,510,610,610,53957,0,4,115.51543112714798,1.638424990233034,12153.879505000077,2256.2161906703486
1781648751,100,GET,/feed/{user_id},163.800000,0.000000,4,90,120,130,150,160,170,180,250,290,290,21715,0,4,83.97579557606568,1.86721800127998,6366.639907006174,1433.020861155883
1781648751,100,GET,/feed/{user_id}?with_fof=true,73.200000,0.000000,4,95,120,140,160,170,190,460,660,660,660,10759,0,5,194.74077353477009,1.9279690168332309,12153.879505000077,6961.154289432104
1781648751,100,POST,/likes,7.900000,0.000000,5,90,120,140,160,180,180,180,180,180,180,1127,0,6,91.47475217174642,2.60577499284409,5324.4387860177085,180.89795918367346
1781648751,100,POST,/posts,10.600000,0.000000,4,100,130,140,150,160,170,170,170,170,170,1587,0,5,87.14322033135787,2.384723018622026,6351.882892020512,228.42785129174544
1781648751,100,GET,/timeline/{user_id},100.100000,0.000000,4,93,120,130,150,160,180,220,480,480,480,13740,0,4,118.17051122625966,1.8926369957625866,10093.759576993762,1063.0906841339156
1781648751,100,GET,/users/{user_id},38.400000,0.000000,4,96,120,130,150,160,170,180,210,210,210,5430,0,5,86.41665537892965,1.638424990233034,6318.151003011735,268.2226519337017
1781648751,100,,Aggregated,394.000000,0.000000,4,92,120,130,150,160,180,190,590,660,660,54358,0,4,115.03447482826202,1.638424990233034,12153.879505000077,2256.205323963354
1781648752,100,GET,/feed/{user_id},159.500000,0.000000,4,87,120,130,150,160,170,180,290,290,290,21879,0,4,83.72895254661687,1.86721800127998,6366.639907006174,1431.5706385118149
1781648752,100,GET,/feed/{user_id}?with_fof=true,74.200000,0.000000,4,100,120,130,150,170,190,430,660,660,660,10844,0,5,193.6293617567912,1.9279690168332309,12153.879505000077,6959.9396901512355
1781648752,100,POST,/likes,8.500000,0.000000,5,110,140,140,170,180,180,180,180,180,180,1133,0,6,91.53331685660753,2.60577499284409,5324.4387860177085,180.89320388349515
1781648752,100,POST,/posts,11.000000,0.000000,4,74,110,130,150,160,170,170,170,170,170,1602,0,5,86.58624037005633,2.384723018622026,6351.882892020512,228.4275905118602
1781648752,100,GET,/timeline/{user_id},99.700000,0.000000,4,88,120,130,150,160,170,240,480,480,480,13838,0,4,117.71115186782481,1.8926369957625866,10093.759576993762,1062.9448619742736
1781648752,100,GET,/users/{user_id},40.700000,0.000000,4,99,120,130,150,160,170,180,210,210,210,5463,0,5,86.30385934808028,1.638424990233034,6318.151003011735,268.22533406553174
1781648752,100,,Aggregated,393.600000,0.000000,4,92,120,130,150,160,180,190,590,660,660,54759,0,4,114.58218484440847,1.638424990233034,12153.879505000077,2256.070399386402
1781648753,100,GET,/feed/{user_id},160.700000,0.000000,4,84,120,130,150,160,170,180,290,290,290,22047,0,4,83.49177979232954,1.86721800127998,6366.639907006174,1434.602803102463
1781648753,100,GET,/feed/{user_id}?with_fof=true,75.200000,0.000000,4,100,120,130,150,160,190,300,660,660,660,10921,0,5,192.6453681485835,1.9279690168332309,12153.879505000077,6957.519091658273
1781648753,100,POST,/likes,8.300000,0.000000,5,110,130,140,170,180,180,180,180,180,180,1140,0,6,91.32481463035985,2.60577499284409,5324.4387860177085,180.89561403508773
1781648753,100,POST,/posts,10.300000,0.000000,4,79,120,130,150,160,170,170,170,170,170,1619,0,5,86.11468936181774,2.384723018622026,6351.882892020512,228.43051266213712
1781648753,100,GET,/timeline/{user_id},99.900000,0.000000,3,88,120,130,150,160,170,240,480,480,480,13929,0,4,117.24095148941103,1.8926369957625866,10093.759576993762,1062.1026635077894
1781648753,100,GET,/users/{user_id},38.200000,0.000000,5,100,120,130,150,160,180,180,210,210,210,5497,0,5,86.16280593188404,1.638424990233034,6318.151003011735,268.22102965253777
1781648753,100,,Aggregated,392.600000,0.000000,4,92,120,130,150,160,180,190,570,660,660,55153,0,4,114.13412621056209,1.638424990233034,12153.879505000077,2256.5634326328577
