Timestamp,User Count,Type,Name,Requests/s,Failures/s,50%,66%,75%,80%,90%,95%,98%,99%,99.9%,99.99%,100%,Total Request Count,Total Failure Count,Total Median Response Time,Total Average Response Time,Total Min Response Time,Total Max Response Time,Total Average Content Size
1781647852,0,,Aggregated,0.000000,0.000000,N/A,N/A,N/A,N/A,N/A,N/A,N/A,N/A,N/A,N/A,N/A,0,0,0,0.0,0,0,0
1781647853,10,GET,/feed/{user_id},0.000000,0.000000,0,0,0,0,0,0,0,0,0,0,0,12,0,19,21.594875999047265,3.563820995623246,58.05084898020141,4678.416666666667
1781647853,10,GET,/feed/{user_id}?with_fof=true,0.000000,0.000000,0,0,0,0,0,0,0,0,0,0,0,2,0,8.487598999636248,172.17221400642302,8.487598999636248,335.8568290132098,165.5
1781647853,10,POST,/posts,0.000000,0.000000,0,0,0,0,0,0,0,0,0,0,0,1,0,28.634571994189173,28.634571994189173,28.634571994189173,28.634571994189173,227.0
1781647853,10,GET,/timeline/{user_id},0.000000,0.000000,0,0,0,0,0,0,0,0,0,0,0,9,0,30,107.0926972283309,3.2203459995798767,388.83032399462536,3758.5555555555557
1781647853,10,,Aggregated,0.000000,0.000000,0,0,0,0,0,0,0,0,0,0,0,24,0,23,66.49799112710753,3.2203459995798767,388.83032399462536,3771.9166666666665
1781647854,10,GET,/feed/{user_id},0.000000,0.000000,3,4,4,4,24,26,26,26,26,26,26,26,0,4,11.921380579364127,2.295729995239526,58.05084898020141,4472.423076923077
1781647854,10,GET,/feed/{user_id}?with_fof=true,0.000000,0.000000,670,830,860,860,910,910,910,910,910,910,910,10,0,370.0,485.95700800360646,2.7414889773353934,910.397345025558,7307.7
1781647854,10,POST,/likes,0.000000,0.000000,0,0,0,0,0,0,0,0,0,0,0,1,0,4.959371988661587,4.959371988661587,4.959371988661587,4.959371988661587,179.0
1781647854,10,POST,/posts,0.000000,0.000000,5,5,5,5,5,5,5,5,5,5,5,3,0,5,12.423140675916025,3.6721430078614503,28.634571994189173,227.33333333333334
1781647854,10,GET,/timeline/{user_id},0.000000,0.000000,5,190,510,510,540,630,630,630,630,630,630,20,0,5,142.93930475396337,2.5411480164621025,633.4925499977544,3557.9
1781647854,10,GET,/users/{user_id},0.000000,0.000000,0,0,0,0,0,0,0,0,0,0,0,1,0,5.688675009878352,5.688675009878352,5.688675009878352,5.688675009878352,269.0
1781647854,10,,Aggregated,0.000000,0.000000,4,8,190,390,670,860,910,910,910,910,910,61,0,5,132.39720556073914,2.295729995239526,910.397345025558,4289.311475409836
1781647855,10,GET,/feed/{user_id},10.000000,0.000000,3,3,4,4,8,24,26,26,26,26,26,46,0,3,8.21285769748299,2.0806179963983595,58.05084898020141,5370.847826086957
1781647855,10,GET,/feed/{user_id}?with_fof=true,1.000000,0.000000,3,350,670,830,860,910,910,910,910,910,910,21,0,3,265.57145452603606,2.288670017151162,910.397345025558,8158.571428571428
1781647855,10,POST,/likes,0.000000,0.000000,5,5,5,5,5,5,5,5,5,5,5,1,0,4.959371988661587,4.959371988661587,4.959371988661587,4.959371988661587,179.0
1781647855,10,POST,/posts,1.000000,0.000000,5,5,5,5,5,5,5,5,5,5,5,5,0,5,8.998623199295253,3.1558789778500795,28.634571994189173,227.2
1781647855,10,GET,/timeline/{user_id},8.000000,0.000000,3,5,190,390,540,630,630,630,630,630,630,27,0,4,107.88960622502836,2.499866997823119,633.4925499977544,4119.333333333333
1781647855,10,GET,/users/{user_id},0.000000,0.000000,0,0,0,0,0,0,0,0,0,0,0,5,0,4,4.025634995196015,2.3391149879898876,5.688675009878352,265.2
1781647855,10,,Aggregated,20.000000,0.000000,3,4,5,9,390,670,860,910,910,910,910,105,0,4,85.1227812396939,2.0806179963983595,910.397345025558,5069.066666666667
1781647856,10,GET,/feed/{user_id},10.000000,0.000000,3,3,4,4,5,9,26,26,26,26,26,55,0,3,7.435849619584835,2.0806179963983595,58.05084898020141,5232.0
1781647856,10,GET,/feed/{user_id}?with_fof=true,4.000000,0.000000,3,310,370,370,860,860,910,910,910,910,910,28,0,3,224.2777478604694,2.288670017151162,910.397345025558,7727.428571428572
1781647856,10,POST,/likes,0.500000,0.000000,4,4,5,5,5,5,5,5,5,5,5,3,0,4,4.244019985587026,3.7056529836263508,4.959371988661587,181.0
1781647856,10,POST,/posts,1.000000,0.000000,4,4,5,5,20,20,20,20,20,20,20,10,0,4,7.887513205059804,2.9295709973666817,28.634571994189173,226.8
1781647856,10,GET,/timeline/{user_id},8.000000,0.000000,3,4,36,190,390,540,630,630,630,630,630,41,0,3,87.69876388165669,2.499866997823119,633.4925499977544,4156.634146341464
1781647856,10,GET,/users/{user_id},0.000000,0.000000,4,4,6,6,6,6,6,6,6,6,6,10,0,4,4.354450598475523,2.3391149879898876,5.949985992629081,265.8
1781647856,10,,Aggregated,23.500000,0.000000,3,4,5,8,340,540,860,860,910,910,910,147,0,4,70.88129038306359,2.0806179963983595,910.397345025558,4625.9795918367345
1781647857,10,GET,/feed/{user_id},13.666667,0.000000,3,3,4,4,5,8,24,26,26,26,26,78,0,3,6.168494129759403,1.9544490205589682,58.05084898020141,5322.397435897436
1781647857,10,GET,/feed/{user_id}?with_fof=true,5.666667,0.000000,3,4,310,350,830,860,910,910,910,910,910,40,0,3,165.16079222710687,2.288670017151162,910.397345025558,7542.325
1781647857,10,POST,/likes,0.333333,0.000000,4,4,5,5,5,5,5,5,5,5,5,3,0,4,4.244019985587026,3.7056529836263508,4.959371988661587,181.0
1781647857,10,POST,/posts,1.666667,0.000000,4,4,5,5,20,20,20,20,20,20,20,10,0,4,7.887513205059804,2.9295709973666817,28.634571994189173,226.8
1781647857,10,GET,/timeline/{user_id},8.000000,0.000000,3,3,5,190,240,510,630,630,630,630,630,52,0,3,73.95205304167645,2.2119250206742436,633.4925499977544,3831.6923076923076
1781647857,10,GET,/users/{user_id},1.000000,0.000000,4,4,4,6,6,6,6,6,6,6,6,13,0,4,3.9091767685022205,2.161248994525522,5.949985992629081,265.9230769230769
1781647857,10,,Aggregated,30.333333,0.000000,3,4,4,5,220,390,830,860,910,910,910,196,0,3,56.50769122127843,1.9544490205589682,910.397345025558,4705.897959183673
1781647858,10,GET,/feed/{user_id},13.250000,0.000000,3,3,4,4,5,8,24,26,26,26,26,92,0,3,5.75604394702089,1.9544490205589682,58.05084898020141,5498.130434782609
1781647858,10,GET,/feed/{user_id}?with_fof=true,6.500000,0.000000,3,4,290,320,670,860,910,910,910,910,910,49,0,3,142.0648553692593,2.288670017151162,910.397345025558,7465.897959183673
1781647858,10,POST,/likes,0.500000,0.000000,4,4,5,5,5,5,5,5,5,5,5,4,0,4,4.260777743184008,3.7056529836263508,4.959371988661587,180.5
1781647858,10,POST,/posts,2.250000,0.000000,4,4,5,5,20,20,20,20,20,20,20,11,0,4,7.488675277934155,2.9295709973666817,28.634571994189173,227.0
1781647858,10,GET,/timeline/{user_id},8.250000,0.000000,3,3,4,4,220,390,540,630,630,630,630,70,0,3,58.472235432210645,2.176240988774225,633.4925499977544,4081.4714285714285
1781647858,10,GET,/users/{user_id},2.250000,0.000000,4,4,4,4,6,16,16,16,16,16,16,19,0,4,4.351372579357734,2.161248994525522,15.861469990340993,265.5263157894737
1781647858,10,,Aggregated,33.000000,0.000000,3,4,4,5,36,350,670,860,910,910,910,245,0,3,48.024020630661965,1.9544490205589682,910.397345025558,4757.648979591837
1781647859,10,GET,/feed/{user_id},14.000000,0.000000,3,3,4,4,5,9,24,26,26,26,26,107,0,3,5.434327786048509,1.9544490205589682,58.05084898020141,5426.560747663551
1781647859,10,GET,/feed/{user_id}?with_fof=true,6.600000,0.000000,3,3,12,290,370,860,860,910,910,910,910,59,0,3,123.40968281525913,2.288670017151162,910.397345025558,7715.271186440678
1781647859,10,POST,/likes,0.600000,0.000000,4,4,4,5,5,5,5,5,5,5,5,5,0,4,4.22916179522872,3.7056529836263508,4.959371988661587,180.6
1781647859,10,POST,/posts,2.000000,0.000000,4,4,4,5,5,20,20,20,20,20,20,15,0,4,6.413351071144764,2.9295709973666817,28.634571994189173,227.0
1781647859,10,GET,/timeline/{user_id},10.400000,0.000000,3,3,3,4,200,390,540,630,630,630,630,82,0,3,51.75587651461772,2.176240988774225,633.4925499977544,4175.756097560976
1781647859,10,GET,/users/{user_id},2.200000,0.000000,4,4,4,4,6,16,16,16,16,16,16,21,0,4,4.247133809951178,2.161248994525522,15.861469990340993,265.6666666666667
1781647859,10,,Aggregated,35.800000,0.000000,3,3,4,4,24,320,630,860,910,910,910,289,0,3,42.60609729570388,1.9544490205589682,910.397345025558,4803.259515570934
1781647860,10,GET,/feed/{user_id},14.333333,0.000000,3,3,4,4,5,9,18,24,26,26,26,124,0,3,5.254572057428079,1.9544490205589682,58.05084898020141,5617.943548387097
1781647860,10,GET,/feed/{user_id}?with_fof=true,7.666667,0.000000,3,3,7,13,370,830,860,910,910,910,910,69,0,3,105.99550998692091,2.193186024669558,910.397345025558,7700.478260869565
1781647860,10,POST,/likes,0.500000,0.000000,4,4,4,4,5,5,5,5,5,5,5,6,0,4,4.20154966316962,3.7056529836263508,4.959371988661587,180.66666666666666
1781647860,10,POST,/posts,1.833333,0.000000,4,4,4,5,5,20,20,20,20,20,20,15,0,4,6.413351071144764,2.9295709973666817,28.634571994189173,227.0
1781647860,10,GET,/timeline/{user_id},10.833333,0.000000,3,3,3,4,190,240,540,630,630,630,630,95,0,3,48.96685325534475,2.0034130138810724,633.4925499977544,4188.305263157895
1781647860,10,GET,/users/{user_id},2.666667,0.000000,4,4,4,4,6,6,16,16,16,16,16,24,0,4,4.025006042259823,1.6565429978072643,15.861469990340993,265.8333333333333
1781647860,10,,Aggregated,37.833333,0.000000,3,3,4,4,16,290,540,830,910,910,910,333,0,3,38.54389757518559,1.6565429978072643,910.397345025558,4915.063063063063
1781647861,10,GET,/feed/{user_id},14.857143,0.000000,3,3,4,4,4,8,18,24,26,26,26,139,0,3,5.00761653299162,1.9544490205589682,58.05084898020141,5669.107913669065
1781647861,10,GET,/feed/{user_id}?with_fof=true,8.285714,0.000000,3,3,4,12,350,830,860,910,910,910,910,77,0,3,99.49260197471004,2.193186024669558,910.397345025558,7888.74025974026
1781647861,10,POST,/likes,0.571429,0.000000,4,4,4,4,5,5,5,5,5,5,5,7,0,4,4.070300995538544,3.282808989752084,4.959371988661587,180.71428571428572
1781647861,10,POST,/posts,1.857143,0.000000,4,4,4,5,5,20,20,20,20,20,20,16,0,4,6.234074879102991,2.9295709973666817,28.634571994189173,226.9375
1781647861,10,GET,/timeline/{user_id},10.714286,0.000000,3,3,3,4,190,220,510,540,630,630,630,111,0,3,42.35330403799208,2.0034130138810724,633.4925499977544,4156.882882882883
1781647861,10,GET,/users/{user_id},2.857143,0.000000,3,4,4,4,6,6,16,16,16,16,16,31,0,3,3.7054659361245053,1.6565429978072643,15.861469990340993,265.7741935483871
1781647861,10,,Aggregated,39.142857,0.000000,3,3,4,4,9,240,510,830,910,910,910,381,0,3,34.91158148926485,1.6565429978072643,910.397345025558,4908.10498687664
1781647862,10,GET,/feed/{user_id},14.750000,0.000000,3,3,4,4,4,5,18,24,26,26,26,156,0,3,4.832852994299267,1.9544490205589682,58.05084898020141,5676.49358974359
1781647862,10,GET,/feed/{user_id}?with_fof=true,8.375000,0.000000,3,3,4,7,340,670,860,910,910,910,910,88,0,3,87.44895977327938,2.193186024669558,910.397345025558,7869.284090909091
1781647862,10,POST,/likes,0.750000,0.000000,4,4,4,4,5,5,5,5,5,5,5,8,0,4,4.036522746901028,3.282808989752084,4.959371988661587,180.625
1781647862,10,POST,/posts,1.875000,0.000000,4,4,4,5,5,20,20,20,20,20,20,16,0,4,6.234074879102991,2.9295709973666817,28.634571994189173,226.9375
1781647862,10,GET,/timeline/{user_id},11.375000,0.000000,3,3,3,4,190,220,510,540,630,630,630,126,0,3,37.78368774764535,2.0034130138810724,633.4925499977544,4213.015873015873
1781647862,10,GET,/users/{user_id},3.000000,0.000000,3,3,4,4,4,6,16,16,16,16,16,36,0,3,3.520286862719028,1.6565429978072643,15.861469990340993,265.6111111111111
1781647862,10,,Aggregated,40.125000,0.000000,3,3,4,4,8,220,390,670,910,910,910,430,0,3,31.32312997781704,1.6565429978072643,910.397345025558,4938.390697674418
1781647863,10,GET,/feed/{user_id},15.000000,0.000000,3,3,4,4,4,5,9,10,18,18,18,174,0,3,4.63942794885952,1.9544490205589682,58.05084898020141,5625.977011494253
1781647863,10,GET,/feed/{user_id}?with_fof=true,8.222222,0.000000,3,3,3,4,290,330,370,370,370,370,370,97,0,3,79.62498270106002,2.193186024669558,910.397345025558,7815.309278350515
1781647863,10,POST,/likes,0.666667,0.000000,4,4,4,4,5,5,5,5,5,5,5,9,0,4,4.009267108307944,3.282808989752084,4.959371988661587,180.11111111111111
1781647863,10,POST,/posts,1.777778,0.000000,4,4,4,4,5,20,20,20,20,20,20,21,0,4,5.544719334769373,2.7524050092324615,28.634571994189173,227.04761904761904
1781647863,10,GET,/timeline/{user_id},11.666667,0.000000,3,3,3,3,4,190,220,220,240,240,240,139,0,3,34.50657705221118,2.0034130138810724,633.4925499977544,4306.071942446043
1781647863,10,GET,/users/{user_id},3.111111,0.000000,3,3,4,4,4,6,16,16,16,16,16,41,0,3,3.442533611655008,1.6565429978072643,15.861469990340993,265.609756097561
1781647863,10,,Aggregated,40.444444,0.000000,3,3,4,4,5,16,290,330,370,370,370,481,0,3,28.31801327119442,1.6565429978072643,910.397345025558,4891.534303534304
1781647864,10,GET,/feed/{user_id},15.200000,0.000000,3,3,4,4,4,5,5,10,18,18,18,199,0,3,4.431253502990152,1.9544490205589682,58.05084898020141,5595.070351758794
1781647864,10,GET,/feed/{user_id}?with_fof=true,8.500000,0.000000,3,3,3,4,12,320,360,370,370,370,370,112,0,3,72.66863375869954,2.193186024669558,910.397345025558,7888.857142857143
1781647864,10,POST,/likes,0.800000,0.000000,4,4,4,4,4,4,4,4,4,4,4,9,0,4,4.009267108307944,3.282808989752084,4.959371988661587,180.11111111111111
1781647864,10,POST,/posts,1.600000,0.000000,4,4,4,4,4,20,20,20,20,20,20,22,0,4,5.473035092687827,2.7524050092324615,28.634571994189173,227.04545454545453
1781647864,10,GET,/timeline/{user_id},12.100000,0.000000,3,3,3,3,4,190,220,220,240,240,240,149,0,3,32.404465585612634,2.0034130138810724,633.4925499977544,4338.845637583892
1781647864,10,GET,/users/{user_id},3.400000,0.000000,3,3,4,4,4,6,16,16,16,16,16,42,0,3,3.4202736922972172,1.6565429978072643,15.861469990340993,265.4761904761905
1781647864,10,,Aggregated,41.600000,0.000000,3,3,4,4,4,11,240,320,370,370,370,533,0,3,26.546179120855644,1.6565429978072643,910.397345025558,4992.917448405254
1781647865,10,GET,/feed/{user_id},15.900000,0.000000,3,3,4,4,4,4,6,10,18,18,18,215,0,3,4.343802516678955,1.9544490205589682,58.05084898020141,5623.018604651163
1781647865,10,GET,/feed/{user_id}?with_fof=true,9.100000,0.000000,3,3,3,4,11,320,360,370,370,370,370,124,0,3,71.19207629875746,2.084815001580864,910.397345025558,7904.120967741936
1781647865,10,POST,/likes,0.800000,0.000000,4,4,4,4,4,4,4,4,4,4,4,10,0,4,3.961750998860225,3.282808989752084,4.959371988661587,180.2
1781647865,10,POST,/posts,1.800000,0.000000,4,4,4,4,4,20,20,20,20,20,20,26,0,4,5.117718231094141,2.6699609879869968,28.634571994189173,227.15384615384616
1781647865,10,GET,/timeline/{user_id},12.800000,0.000000,3,3,3,3,4,120,220,220,240,240,240,157,0,3,30.900030753168924,2.0034130138810724,633.4925499977544,4339.751592356688
1781647865,10,GET,/users/{user_id},4.000000,0.000000,3,3,3,4,4,6,16,16,16,16,16,47,0,3,3.3978903628984822,1.6565429978072643,15.861469990340993,265.51063829787233
1781647865,10,,Aggregated,44.400000,0.000000,3,3,4,4,4,9,240,320,370,370,370,579,0,3,25.81246780903748,1.6565429978072643,910.397345025558,4992.379965457686
1781647866,10,GET,/feed/{user_id},17.000000,0.000000,3,3,4,4,4,4,6,10,18,18,18,237,0,3,4.218647760100356,1.9544490205589682,58.05084898020141,5610.717299578059
1781647866,10,GET,/feed/{user_id}?with_fof=true,10.000000,0.000000,3,3,3,4,7,300,360,360,360,360,360,132,0,3,67.06389173544294,2.084815001580864,910.397345025558,7797.287878787879
1781647866,10,POST,/likes,0.800000,0.000000,4,4,4,4,6,6,6,6,6,6,6,12,0,4,4.118172248126939,3.282808989752084,6.112058996222913,180.16666666666666
1781647866,10,POST,/posts,2.000000,0.000000,3,4,4,4,4,4,4,4,4,4,4,28,0,4,4.97042257276397,2.6699609879869968,28.634571994189173,227.28571428571428
1781647866,10,GET,/timeline/{user_id},12.900000,0.000000,3,3,3,3,4,5,190,190,200,200,200,168,0,3,29.06774147171139,2.0034130138810724,633.4925499977544,4326.8452380952385
1781647866,10,GET,/users/{user_id},4.200000,0.000000,3,3,3,4,4,4,16,16,16,16,16,53,0,3,3.3738328125283896,1.6565429978072643,15.861469990340993,265.37735849056605
1781647866,10,,Aggregated,46.900000,0.000000,3,3,3,4,4,5,190,300,360,360,360,630,0,3,23.973074338966168,1.6565429978072643,910.397345025558,4934.1
1781647867,10,GET,/feed/{user_id},16.800000,0.000000,3,3,4,4,4,4,6,10,18,18,18,253,0,3,4.156519114863488,1.9544490205589682,58.05084898020141,5560.438735177866
1781647867,10,GET,/feed/{user_id}?with_fof=true,10.400000,0.000000,3,3,3,4,4,300,360,360,360,360,360,143,0,3,62.12847868580586,2.084815001580864,910.397345025558,7741.93006993007
1781647867,10,POST,/likes,0.800000,0.000000,4,4,4,4,6,6,6,6,6,6,6,12,0,4,4.118172248126939,3.282808989752084,6.112058996222913,180.16666666666666
1781647867,10,POST,/posts,2.000000,0.000000,3,4,4,4,4,4,4,4,4,4,4,28,0,4,4.97042257276397,2.6699609879869968,28.634571994189173,227.28571428571428
1781647867,10,GET,/timeline/{user_id},13.100000,0.000000,3,3,3,3,4,4,120,190,190,190,190,185,0,3,26.681558942151685,2.0034130138810724,633.4925499977544,4300.864864864865
1781647867,10,GET,/users/{user_id},4.300000,0.000000,3,3,3,4,4,4,6,6,6,6,6,59,0,3,3.368008154211566,1.6565429978072643,15.861469990340993,265.3050847457627
1781647867,10,,Aggregated,47.400000,0.000000,3,3,3,4,4,4,18,300,360,360,360,680,0,3,22.44023907726788,1.6565429978072643,910.397345025558,4902.538235294118
1781647868,10,GET,/feed/{user_id},17.600000,0.000000,3,3,3,4,4,4,5,6,18,18,18,269,0,3,4.082550115746595,1.9544490205589682,58.05084898020141,5599.215613382899
1781647868,10,GET,/feed/{user_id}?with_fof=true,10.100000,0.000000,3,3,3,4,4,11,360,360,360,360,360,154,0,3,57.91023752652865,2.084815001580864,910.397345025558,7564.305194805195
1781647868,10,POST,/likes,1.000000,0.000000,4,4,4,4,4,6,6,6,6,6,6,15,0,4,4.014126731393238,3.0691290157847106,6.112058996222913,180.2
1781647868,10,POST,/posts,1.700000,0.000000,3,4,4,4,4,4,4,4,4,4,4,29,0,4,4.917724828781752,2.6699609879869968,28.634571994189173,227.27586206896552
1781647868,10,GET,/timeline/{user_id},13.300000,0.000000,3,3,3,4,4,4,120,190,190,190,190,199,0,3,25.483954719931177,2.0034130138810724,633.4925499977544,4359.638190954774
1781647868,10,GET,/users/{user_id},4.300000,0.000000,3,3,3,4,4,4,6,6,6,6,6,60,0,3,3.3595718351231576,1.6565429978072643,15.861469990340993,265.31666666666666
1781647868,10,,Aggregated,48.000000,0.000000,3,3,3,4,4,4,15,190,360,360,360,726,0,3,21.338966639945603,1.6565429978072643,910.397345025558,4908.915977961433
1781647869,10,GET,/feed/{user_id},18.000000,0.000000,3,3,3,4,4,4,4,5,6,6,6,289,0,3,4.011656616385027,1.9544490205589682,58.05084898020141,5564.595155709342
1781647869,10,GET,/feed/{user_id}?with_fof=true,10.500000,0.000000,3,3,3,4,4,300,360,360,370,370,370,168,0,3,57.26226307195334,2.084815001580864,910.397345025558,7515.5
1781647869,10,POST,/likes,0.900000,0.000000,4,4,4,4,4,6,6,6,6,6,6,16,0,4,3.9415459978044964,2.8528349939733744,6.112058996222913,180.1875
1781647869,10,POST,/posts,1.800000,0.000000,3,3,4,4,4,4,4,4,4,4,4,33,0,3,4.707796093443352,2.431503002298996,28.634571994189173,227.36363636363637
1781647869,10,GET,/timeline/{user_id},12.600000,0.000000,3,3,3,4,4,4,15,97,190,190,190,208,0,3,24.516709140768327,2.0034130138810724,633.4925499977544,4306.283653846154
1781647869,10,GET,/users/{user_id},4.600000,0.000000,3,3,3,3,4,4,6,6,6,6,6,62,0,3,3.3473814049014643,1.6565429978072643,15.861469990340993,265.33870967741933
1781647869,10,,Aggregated,48.400000,0.000000,3,3,3,4,4,4,11,300,370,370,370,776,0,3,21.011422826875826,1.6565429978072643,910.397345025558,4888.29381443299
1781647870,10,GET,/feed/{user_id},17.800000,0.000000,3,3,3,4,4,4,5,5,6,6,6,310,0,3,3.9588293840830784,1.9544490205589682,58.05084898020141,5696.129032258064
1781647870,10,GET,/feed/{user_id}?with_fof=true,10.700000,0.000000,3,3,3,4,4,300,360,370,370,370,370,174,0,3,55.39069725929802,2.084815001580864,910.397345025558,7496.913793103448
1781647870,10,POST,/likes,1.100000,0.000000,4,4,4,4,4,6,6,6,6,6,6,18,0,4,3.8603410535466134,2.8528349939733744,6.112058996222913,180.11111111111111
1781647870,10,POST,/posts,1.800000,0.000000,3,4,4,4,4,4,4,4,4,4,4,34,0,3,4.673471090534483,2.431503002298996,28.634571994189173,227.35294117647058
1781647870,10,GET,/timeline/{user_id},12.800000,0.000000,3,3,3,4,4,4,15,97,150,150,150,214,0,3,24.592301739890033,2.0034130138810724,633.4925499977544,4295.714953271028
1781647870,10,GET,/users/{user_id},4.400000,0.000000,3,3,3,4,4,4,6,6,6,6,6,72,0,3,3.3125174874536847,1.6565429978072643,15.861469990340993,265.4583333333333
1781647870,10,,Aggregated,48.600000,0.000000,3,3,3,4,4,4,6,300,370,370,370,822,0,3,20.188389804937657,1.6565429978072643,910.397345025558,4890.06204379562
1781647871,10,GET,/feed/{user_id},17.700000,0.000000,3,3,3,4,4,4,5,5,6,6,6,327,0,3,3.910725419277849,1.9544490205589682,58.05084898020141,5576.5626911314985
1781647871,10,GET,/feed/{user_id}?with_fof=true,10.900000,0.000000,3,3,3,4,4,300,360,370,370,370,370,179,0,3,53.924970134999086,2.084815001580864,910.397345025558,7438.150837988826
1781647871,10,POST,/likes,1.200000,0.000000,4,4,4,4,4,6,6,6,6,6,6,18,0,4,3.8603410535466134,2.8528349939733744,6.112058996222913,180.11111111111111
1781647871,10,POST,/posts,1.700000,0.000000,3,4,4,4,4,4,4,4,4,4,4,35,0,4,4.644325773863654,2.431503002298996,28.634571994189173,227.34285714285716
1781647871,10,GET,/timeline/{user_id},12.900000,0.000000,3,3,3,4,4,4,97,150,190,190,190,231,0,3,23.82783539108408,2.0034130138810724,633.4925499977544,4254.74025974026
1781647871,10,GET,/users/{user_id},4.100000,0.000000,3,3,4,4,4,4,6,6,6,6,6,78,0,3,3.2747377960894926,1.6565429978072643,15.861469990340993,265.3333333333333
1781647871,10,,Aggregated,48.500000,0.000000,3,3,3,4,4,4,6,300,370,370,370,868,0,3,19.496628952480602,1.6565429978072643,910.397345025558,4803.807603686636
1781647872,10,GET,/feed/{user_id},18.300000,0.000000,3,3,3,3,4,4,4,5,6,6,6,351,0,3,3.8481976156503737,1.9544490205589682,58.05084898020141,5597.609686609687
1781647872,10,GET,/feed/{user_id}?with_fof=true,10.600000,0.000000,3,3,3,4,4,300,360,370,370,370,370,186,0,3,52.012617957981064,2.084815001580864,910.397345025558,7412.102150537635
1781647872,10,POST,/likes,1.100000,0.000000,4,4,4,4,4,6,6,6,6,6,6,20,0,4,3.8038783473894,2.6785539812408388,6.112058996222913,180.15
1781647872,10,POST,/posts,1.900000,0.000000,3,3,4,4,4,4,4,4,4,4,4,37,0,3,4.561940379554054,2.431503002298996,28.634571994189173,227.3783783783784
1781647872,10,GET,/timeline/{user_id},12.100000,0.000000,3,3,4,4,4,4,100,150,190,190,190,243,0,3,23.223456602309803,2.0034130138810724,633.4925499977544,4308.3045267489715
1781647872,10,GET,/users/{user_id},4.500000,0.000000,3,3,4,4,4,4,6,6,6,6,6,82,0,3,3.2584915990322236,1.6565429978072643,15.861469990340993,265.2073170731707
1781647872,10,,Aggregated,48.500000,0.000000,3,3,3,4,4,4,11,300,370,370,370,919,0,3,18.69470068525677,1.6565429978072643,910.397345025558,4814.029379760609
1781647873,10,GET,/feed/{user_id},18.600000,0.000000,3,3,3,3,4,4,4,5,6,6,6,371,0,3,3.7964635282771213,1.9544490205589682,58.05084898020141,5643.641509433963
1781647873,10,GET,/feed/{user_id}?with_fof=true,10.400000,0.000000,3,3,3,4,4,300,360,370,370,370,370,194,0,3,51.49785536188349,2.084815001580864,910.397345025558,7445.422680412371
1781647873,10,POST,/likes,1.200000,0.000000,4,4,4,4,4,6,6,6,6,6,6,20,0,4,3.8038783473894,2.6785539812408388,6.112058996222913,180.15
1781647873,10,POST,/posts,1.900000,0.000000,3,4,4,4,4,4,4,4,4,4,4,39,0,4,4.540461333444676,2.431503002298996,28.634571994189173,227.3846153846154
1781647873,10,GET,/timeline/{user_id},12.000000,0.000000,3,3,3,4,4,5,100,150,190,190,190,256,0,3,22.297442700391912,2.0034130138810724,633.4925499977544,4296.3984375
1781647873,10,GET,/users/{user_id},4.900000,0.000000,3,3,4,4,4,4,6,6,6,6,6,86,0,3,3.257905326642876,1.6565429978072643,15.861469990340993,265.16279069767444
1781647873,10,,Aggregated,49.000000,0.000000,3,3,3,4,4,4,100,300,370,370,370,966,0,3,18.261441674472003,1.6565429978072643,910.397345025558,4837.84265010352
1781647874,10,GET,/feed/{user_id},18.900000,0.000000,3,3,3,3,4,4,4,5,6,6,6,389,0,3,3.763340740146805,1.9544490205589682,58.05084898020141,5665.179948586118
1781647874,10,GET,/feed/{user_id}?with_fof=true,9.900000,0.000000,3,3,3,4,4,4,300,370,370,370,370,205,0,3,48.90504416189066,2.084815001580864,910.397345025558,7466.687804878049
1781647874,10,POST,/likes,1.000000,0.000000,3,4,4,4,4,6,6,6,6,6,6,20,0,4,3.8038783473894,2.6785539812408388,6.112058996222913,180.15
1781647874,10,POST,/posts,2.000000,0.000000,3,4,4,4,4,4,4,4,4,4,4,39,0,4,4.540461333444676,2.431503002298996,28.634571994189173,227.3846153846154
1781647874,10,GET,/timeline/{user_id},11.800000,0.000000,3,3,3,4,4,97,180,180,190,190,190,273,0,3,22.3932940782186,2.0034130138810724,633.4925499977544,4185.245421245421
1781647874,10,GET,/users/{user_id},4.800000,0.000000,3,3,4,4,4,4,6,6,6,6,6,89,0,3,3.235230124895618,1.6565429978072643,15.861469990340993,265.14606741573033
1781647874,10,,Aggregated,48.400000,0.000000,3,3,3,4,4,4,97,180,370,370,370,1015,0,3,17.87579696997656,1.6565429978072643,910.397345025558,4840.460098522168
1781647875,10,GET,/feed/{user_id},19.600000,0.000000,3,3,3,3,4,4,4,5,5,5,5,409,0,3,3.7285072882266936,1.9544490205589682,58.05084898020141,5643.689486552567
1781647875,10,GET,/feed/{user_id}?with_fof=true,9.800000,0.000000,3,3,3,4,4,11,310,370,370,370,370,218,0,3,47.63361792733739,2.084815001580864,910.397345025558,7554.142201834862
1781647875,10,POST,/likes,1.200000,0.000000,3,4,4,4,4,6,6,6,6,6,6,20,0,4,3.8038783473894,2.6785539812408388,6.112058996222913,180.15
1781647875,10,POST,/posts,1.900000,0.000000,3,3,4,4,4,4,4,4,4,4,4,41,0,3,4.4552879755828165,2.431503002298996,28.634571994189173,227.4390243902439
1781647875,10,GET,/timeline/{user_id},11.600000,0.000000,3,3,3,4,4,97,180,180,190,190,190,282,0,3,21.779203164397,2.0034130138810724,633.4925499977544,4217.620567375887
1781647875,10,GET,/users/{user_id},4.400000,0.000000,3,3,4,4,4,4,4,4,4,4,4,92,0,3,3.2083309469390255,1.6565429978072643,15.861469990340993,265.1630434782609
1781647875,10,,Aggregated,48.500000,0.000000,3,3,3,4,4,4,100,190,370,370,370,1062,0,3,17.518582205714967,1.6565429978072643,910.397345025558,4879.250470809793
1781647876,10,GET,/feed/{user_id},19.100000,0.000000,3,3,3,3,4,4,4,5,5,5,5,435,0,3,3.6827522272447486,1.9544490205589682,58.05084898020141,5597.714942528735
1781647876,10,GET,/feed/{user_id}?with_fof=true,9.500000,0.000000,3,3,3,4,4,11,310,370,370,370,370,231,0,3,45.12586667166128,2.084815001580864,910.397345025558,7494.744588744588
1781647876,10,POST,/likes,1.100000,0.000000,3,3,4,4,4,4,4,4,4,4,4,20,0,4,3.8038783473894,2.6785539812408388,6.112058996222913,180.15
1781647876,10,POST,/posts,1.700000,0.000000,3,4,4,4,4,4,4,4,4,4,4,42,0,3,4.410650809794398,2.431503002298996,28.634571994189173,227.4047619047619
1781647876,10,GET,/timeline/{user_id},12.400000,0.000000,3,3,3,4,4,97,180,180,190,190,190,290,0,3,21.2608933873306,2.0034130138810724,633.4925499977544,4274.679310344827
1781647876,10,GET,/users/{user_id},4.600000,0.000000,3,3,3,4,4,4,4,4,4,4,4,94,0,3,3.193697362687399,1.6565429978072643,15.861469990340993,265.1808510638298
1781647876,10,,Aggregated,48.400000,0.000000,3,3,3,4,4,4,100,190,370,370,370,1112,0,3,16.864446003042143,1.6565429978072643,910.397345025558,4895.7104316546765
1781647877,10,GET,/feed/{user_id},19.300000,0.000000,3,3,3,3,4,4,5,5,8,8,8,458,0,3,3.6627454230105343,1.9544490205589682,58.05084898020141,5566.1899563318775
1781647877,10,GET,/feed/{user_id}?with_fof=true,9.400000,0.000000,3,3,3,4,4,290,310,370,370,370,370,244,0,3,44.124466553735964,2.084815001580864,910.397345025558,7540.274590163935
1781647877,10,POST,/likes,1.100000,0.000000,3,3,4,4,4,4,4,4,4,4,4,21,0,4,3.781497283073674,2.6785539812408388,6.112058996222913,180.23809523809524
1781647877,10,POST,/posts,1.600000,0.000000,3,3,4,4,4,4,4,4,4,4,4,44,0,3,4.368955545942299,2.431503002298996,28.634571994189173,227.38636363636363
1781647877,10,GET,/timeline/{user_id},12.600000,0.000000,3,3,3,3,4,31,180,180,190,190,190,298,0,3,20.774064756185286,2.0034130138810724,633.4925499977544,4275.657718120805
1781647877,10,GET,/users/{user_id},4.300000,0.000000,3,3,3,4,4,4,4,4,4,4,4,95,0,3,3.198996337596327,1.6565429978072643,15.861469990340993,265.22105263157897
1781647877,10,,Aggregated,48.300000,0.000000,3,3,3,4,4,4,150,290,370,370,370,1160,0,3,16.560455757957996,1.6565429978072643,910.397345025558,4915.753448275862
1781647878,10,GET,/feed/{user_id},19.600000,0.000000,3,3,3,3,4,4,5,5,8,8,8,482,0,3,3.6313738066488606,1.9544490205589682,58.05084898020141,5456.721991701244
1781647878,10,GET,/feed/{user_id}?with_fof=true,9.900000,0.000000,3,3,4,4,4,10,310,310,310,310,310,252,0,3,42.852606460829044,2.084815001580864,910.397345025558,7588.4484126984125
1781647878,10,POST,/likes,0.800000,0.000000,3,3,3,3,4,4,4,4,4,4,4,22,0,4,3.732603543374518,2.6785539812408388,6.112058996222913,180.22727272727272
1781647878,10,POST,/posts,1.500000,0.000000,3,4,4,4,4,4,4,4,4,4,4,49,0,3,4.276830694704715,2.431503002298996,28.634571994189173,227.42857142857142
1781647878,10,GET,/timeline/{user_id},12.200000,0.000000,3,3,3,3,4,31,180,180,190,190,190,307,0,3,20.25361652556179,2.0034130138810724,633.4925499977544,4314.592833876221
1781647878,10,GET,/users/{user_id},4.200000,0.000000,3,3,4,4,4,4,4,4,4,4,4,99,0,3,3.2139870716197736,1.6565429978072643,15.861469990340993,265.24242424242425
1781647878,10,,Aggregated,48.200000,0.000000,3,3,3,4,4,4,11,180,310,310,310,1211,0,3,16.000748124167025,1.6565429978072643,910.397345025558,4878.924029727498
1781647879,10,GET,/feed/{user_id},20.100000,0.000000,3,3,3,3,4,4,5,5,8,8,8,502,0,3,3.6029842585595175,1.9544490205589682,58.05084898020141,5466.334661354582
1781647879,10,GET,/feed/{user_id}?with_fof=true,9.900000,0.000000,3,3,3,4,4,10,310,310,310,310,310,265,0,3,40.90225978903824,2.084815001580864,910.397345025558,7509.4
1781647879,10,POST,/likes,0.900000,0.000000,3,4,4,4,6,6,6,6,6,6,6,24,0,4,3.8328242056498616,2.6785539812408388,6.112058996222913,180.20833333333334
1781647879,10,POST,/posts,1.400000,0.000000,3,4,4,4,4,4,4,4,4,4,4,49,0,3,4.276830694704715,2.431503002298996,28.634571994189173,227.42857142857142
1781647879,10,GET,/timeline/{user_id},11.800000,0.000000,3,3,3,3,4,31,180,180,190,190,190,321,0,3,20.056226430750943,1.9244449795223773,633.4925499977544,4329.4953271028035
1781647879,10,GET,/users/{user_id},3.800000,0.000000,3,3,4,4,4,4,6,6,6,6,6,101,0,3,3.23047147606186,1.6565429978072643,15.861469990340993,265.16831683168317
1781647879,10,,Aggregated,47.900000,0.000000,3,3,3,4,4,4,11,180,310,310,310,1262,0,3,15.620979184010649,1.6565429978072643,910.397345025558,4885.982567353407
1781647880,10,GET,/feed/{user_id},21.000000,0.000000,3,3,3,3,4,4,5,5,8,8,8,529,0,3,3.572916366324526,1.9544490205589682,58.05084898020141,5476.512287334594
1781647880,10,GET,/feed/{user_id}?with_fof=true,9.700000,0.000000,3,3,4,4,4,10,310,310,310,310,310,274,0,3,39.65669741289415,2.084815001580864,910.397345025558,7443.339416058394
1781647880,10,POST,/likes,0.800000,0.000000,3,4,4,4,6,6,6,6,6,6,6,26,0,4,3.813907727957345,2.6785539812408388,6.112058996222913,180.1153846153846
1781647880,10,POST,/posts,1.700000,0.000000,3,3,4,4,4,4,4,4,4,4,4,50,0,3,4.2605887207901105,2.431503002298996,28.634571994189173,227.46
1781647880,10,GET,/timeline/{user_id},11.100000,0.000000,3,3,3,3,4,31,180,180,190,190,190,328,0,3,19.685892939955142,1.9244449795223773,633.4925499977544,4361.6036585365855
1781647880,10,GET,/users/{user_id},3.900000,0.000000,3,3,4,4,4,4,6,6,6,6,6,105,0,3,3.2352342195476274,1.6565429978072643,15.861469990340993,265.18095238095236
1781647880,10,,Aggregated,48.200000,0.000000,3,3,3,3,4,4,11,180,310,310,310,1312,0,3,15.140908051252175,1.6565429978072643,910.397345025558,4886.475609756098
1781647881,10,GET,/feed/{user_id},21.000000,0.000000,3,3,3,3,4,4,5,5,8,8,8,549,0,3,3.553581664415894,1.9544490205589682,58.05084898020141,5511.200364298725
1781647881,10,GET,/feed/{user_id}?with_fof=true,9.500000,0.000000,3,3,3,4,4,5,290,310,310,310,310,286,0,3,38.11172488140646,2.068319998215884,910.397345025558,7368.877622377622
1781647881,10,POST,/likes,0.800000,0.000000,4,4,4,4,6,6,6,6,6,6,6,27,0,4,3.819215220304344,2.6785539812408388,6.112058996222913,180.07407407407408
1781647881,10,POST,/posts,1.900000,0.000000,3,4,4,4,4,4,4,4,4,4,4,52,0,3,4.231663501391617,2.431503002298996,28.634571994189173,227.48076923076923
1781647881,10,GET,/timeline/{user_id},11.400000,0.000000,3,3,3,3,4,5,180,180,180,180,180,336,0,3,19.28890217944475,1.9244449795223773,633.4925499977544,4381.997023809524
1781647881,10,GET,/users/{user_id},3.900000,0.000000,3,3,3,4,4,4,6,6,6,6,6,113,0,3,3.1885424164222735,1.6565429978072643,15.861469990340993,265.0973451327434
1781647881,10,,Aggregated,48.500000,0.000000,3,3,3,3,4,4,8,180,310,310,310,1363,0,3,14.684821267950335,1.6565429978072643,910.397345025558,4880.517975055026
1781647882,10,GET,/feed/{user_id},21.600000,0.000000,3,3,3,3,4,4,5,5,8,8,8,570,0,3,3.538806391001695,1.9544490205589682,58.05084898020141,5524.817543859649
1781647882,10,GET,/feed/{user_id}?with_fof=true,9.600000,0.000000,3,3,3,4,4,4,11,310,310,310,310,296,0,3,36.93075533148068,2.068319998215884,910.397345025558,7409.0371621621625
1781647882,10,POST,/likes,0.900000,0.000000,4,4,4,5,6,6,6,6,6,6,6,28,0,4,3.861062534269877,2.6785539812408388,6.112058996222913,180.07142857142858
1781647882,10,POST,/posts,1.500000,0.000000,3,3,4,4,4,4,4,4,4,4,4,53,0,3,4.217789850509638,2.431503002298996,28.634571994189173,227.47169811320754
1781647882,10,GET,/timeline/{user_id},11.400000,0.000000,3,3,3,3,4,5,180,180,180,180,180,347,0,3,18.761798508112353,1.9244449795223773,633.4925499977544,4363.769452449567
1781647882,10,GET,/users/{user_id},3.500000,0.000000,3,3,3,3,4,4,6,6,6,6,6,117,0,3,3.1770001116813695,1.6565429978072643,15.861469990340993,265.11965811965814
1781647882,10,,Aggregated,48.500000,0.000000,3,3,3,3,4,4,6,180,310,310,310,1411,0,3,14.2893897444419,1.6565429978072643,910.397345025558,4893.384833451453
1781647883,10,GET,/feed/{user_id},22.100000,0.000000,3,3,3,3,4,4,5,7,10,10,10,588,0,3,3.540901935191708,1.9544490205589682,58.05084898020141,5531.998299319728
1781647883,10,GET,/feed/{user_id}?with_fof=true,10.500000,0.000000,3,3,3,4,4,5,300,310,310,310,310,305,0,3,36.896775167656784,2.068319998215884,910.397345025558,7439.259016393443
1781647883,10,POST,/likes,0.900000,0.000000,4,4,4,5,6,6,6,6,6,6,6,28,0,4,3.861062534269877,2.6785539812408388,6.112058996222913,180.07142857142858
1781647883,10,POST,/posts,1.500000,0.000000,3,3,4,4,4,4,4,4,4,4,4,53,0,3,4.217789850509638,2.431503002298996,28.634571994189173,227.47169811320754
1781647883,10,GET,/timeline/{user_id},10.900000,0.000000,3,3,3,3,4,4,170,180,180,180,180,360,0,3,18.656483234210302,1.9244449795223773,633.4925499977544,4350.5
1781647883,10,GET,/users/{user_id},3.500000,0.000000,3,3,3,3,4,4,6,6,6,6,6,123,0,3,3.1650088381067647,1.6565429978072643,15.861469990340993,265.1138211382114
1781647883,10,,Aggregated,49.400000,0.000000,3,3,3,3,4,4,7,170,310,310,310,1457,0,3,14.257274830794408,1.6565429978072643,910.397345025558,4898.885380919698
1781647884,10,GET,/feed/{user_id},22.200000,0.000000,3,3,3,3,4,4,5,7,10,10,10,605,0,3,3.5295355238582293,1.8968830117955804,58.05084898020141,5511.42479338843
1781647884,10,GET,/feed/{user_id}?with_fof=true,10.700000,0.000000,3,3,3,4,4,4,300,310,310,310,310,315,0,3,35.8184249398099,2.047899004537612,910.397345025558,7422.714285714285
1781647884,10,POST,/likes,0.900000,0.000000,4,4,4,5,6,6,6,6,6,6,6,29,0,4,3.8518156878377217,2.6785539812408388,6.112058996222913,180.0344827586207
1781647884,10,POST,/posts,1.700000,0.000000,3,3,4,4,4,4,4,4,4,4,4,54,0,3,4.202452612743299,2.431503002298996,28.634571994189173,227.5
1781647884,10,GET,/timeline/{user_id},10.500000,0.000000,3,3,3,3,4,4,170,180,180,180,180,370,0,3,18.23993649804096,1.9244449795223773,633.4925499977544,4332.708108108108
1781647884,10,GET,/users/{user_id},3.500000,0.000000,3,3,3,3,4,4,6,6,6,6,6,130,0,3,3.11870522362789,1.6565429978072643,15.861469990340993,265.0153846153846
1781647884,10,,Aggregated,49.500000,0.000000,3,3,3,3,4,4,6,10,310,310,310,1503,0,3,13.912851714808092,1.6565429978072643,910.397345025558,4875.333998669328
1781647885,10,GET,/feed/{user_id},21.200000,0.000000,3,3,3,3,4,4,6,8,10,10,10,620,0,3,3.5143687660174985,1.882922020740807,58.05084898020141,5525.764516129032
1781647885,10,GET,/feed/{user_id}?with_fof=true,11.300000,0.000000,3,3,3,4,4,4,300,310,310,310,310,321,0,3,35.20237070729889,2.047899004537612,910.397345025558,7376.781931464175
1781647885,10,POST,/likes,0.800000,0.000000,4,4,4,5,6,6,6,6,6,6,6,30,0,4,3.814645564610449,2.6785539812408388,6.112058996222913,180.03333333333333
1781647885,10,POST,/posts,1.500000,0.000000,3,4,4,4,4,4,4,4,4,4,4,55,0,3,4.194065601437945,2.431503002298996,28.634571994189173,227.4909090909091
1781647885,10,GET,/timeline/{user_id},10.700000,0.000000,3,3,3,3,4,4,5,170,180,180,180,394,0,3,17.29852498315752,1.9244449795223773,633.4925499977544,4305.314720812183
1781647885,10,GET,/users/{user_id},3.700000,0.000000,3,3,3,3,4,4,6,6,6,6,6,135,0,3,3.113723407861673,1.6565429978072643,15.861469990340993,264.97037037037035
1781647885,10,,Aggregated,49.200000,0.000000,3,3,3,3,4,4,6,10,310,310,310,1555,0,3,13.543378849142497,1.6565429978072643,910.397345025558,4851.381993569132
1781647886,10,GET,/feed/{user_id},21.900000,0.000000,3,3,3,3,4,4,6,10,10,10,10,644,0,3,3.501113666185707,1.882922020740807,58.05084898020141,5501.341614906833
1781647886,10,GET,/feed/{user_id}?with_fof=true,11.100000,0.000000,3,3,3,4,4,4,10,300,300,300,300,327,0,3,34.625490162228246,2.047899004537612,910.397345025558,7385.853211009175
1781647886,10,POST,/likes,0.900000,0.000000,4,4,4,5,6,6,6,6,6,6,6,30,0,4,3.814645564610449,2.6785539812408388,6.112058996222913,180.03333333333333
1781647886,10,POST,/posts,1.400000,0.000000,3,4,4,4,4,4,4,4,4,4,4,56,0,3,4.1806513763731346,2.431503002298996,28.634571994189173,227.48214285714286
1781647886,10,GET,/timeline/{user_id},9.500000,0.000000,3,3,3,3,4,4,170,180,180,180,180,404,0,3,17.388018515793203,1.9244449795223773,633.4925499977544,4300.012376237623
1781647886,10,GET,/users/{user_id},4.100000,0.000000,3,3,3,3,4,4,6,6,6,6,6,141,0,3,3.1086947873782975,1.6565429978072643,15.861469990340993,264.9503546099291
1781647886,10,,Aggregated,48.900000,0.000000,3,3,3,3,4,4,6,10,300,300,300,1602,0,3,13.35136939668429,1.6565429978072643,910.397345025558,4838.165418227216
1781647887,10,GET,/feed/{user_id},21.200000,0.000000,3,3,3,3,4,4,6,10,10,10,10,666,0,3,3.480924519587185,1.882922020740807,58.05084898020141,5536.686186186186
1781647887,10,GET,/feed/{user_id}?with_fof=true,10.400000,0.000000,3,3,3,4,4,4,250,300,300,300,300,339,0,3,34.22704418886942,2.047899004537612,910.397345025558,7422.300884955752
1781647887,10,POST,/likes,1.000000,0.000000,4,4,4,5,6,6,6,6,6,6,6,31,0,4,3.817530837090265,2.6785539812408388,6.112058996222913,180.03225806451613
1781647887,10,POST,/posts,1.300000,0.000000,3,3,4,4,4,4,4,4,4,4,4,58,0,3,4.150448242555662,2.431503002298996,28.634571994189173,227.44827586206895
1781647887,10,GET,/timeline/{user_id},10.300000,0.000000,3,3,3,3,4,4,180,180,180,180,180,414,0,3,17.47323640657067,1.9244449795223773,633.4925499977544,4303.427536231884
1781647887,10,GET,/users/{user_id},4.600000,0.000000,3,3,3,3,4,4,6,6,6,6,6,145,0,3,3.1004158278188574,1.6565429978072643,15.861469990340993,264.951724137931
1781647887,10,,Aggregated,48.800000,0.000000,3,3,3,3,4,4,7,180,300,300,300,1653,0,3,13.287243394702854,1.6565429978072643,910.397345025558,4865.337568058077
1781647888,10,GET,/feed/{user_id},21.300000,0.000000,3,3,3,3,4,4,6,10,10,10,10,679,0,3,3.4724162990605905,1.882922020740807,58.05084898020141,5550.99852724595
1781647888,10,GET,/feed/{user_id}?with_fof=true,9.900000,0.000000,3,3,4,4,4,4,250,300,300,300,300,346,0,3,33.599477997228014,2.047899004537612,910.397345025558,7455.869942196532
1781647888,10,POST,/likes,1.000000,0.000000,4,4,4,4,5,5,5,5,5,5,5,33,0,4,3.7992002114399592,2.6785539812408388,6.112058996222913,179.93939393939394
1781647888,10,POST,/posts,1.500000,0.000000,3,3,4,4,4,4,4,4,4,4,4,61,0,3,4.131534804788525,2.431503002298996,28.634571994189173,227.50819672131146
1781647888,10,GET,/timeline/{user_id},11.200000,0.000000,3,3,3,3,4,4,170,180,180,180,180,425,0,3,17.103942480650456,1.9244449795223773,633.4925499977544,4304.924705882353
1781647888,10,GET,/users/{user_id},4.400000,0.000000,3,3,3,3,3,4,4,5,5,5,5,154,0,3,3.067321376686057,1.6565429978072643,15.861469990340993,264.961038961039
1781647888,10,,Aggregated,49.300000,0.000000,3,3,3,3,4,4,5,170,300,300,300,1698,0,3,13.016566743497496,1.6565429978072643,910.397345025558,4852.221436984688
1781647889,10,GET,/feed/{user_id},20.700000,0.000000,3,3,3,3,4,4,6,10,10,10,10,696,0,3,3.4600961436975837,1.882922020740807,58.05084898020141,5564.823275862069
1781647889,10,GET,/feed/{user_id}?with_fof=true,9.700000,0.000000,3,3,3,4,4,4,250,300,300,300,300,357,0,3,32.653308613503,2.047899004537612,910.397345025558,7462.333333333333
1781647889,10,POST,/likes,0.900000,0.000000,4,4,4,4,5,5,5,5,5,5,5,34,0,4,3.8076870876145277,2.6785539812408388,6.112058996222913,180.0
1781647889,10,POST,/posts,1.600000,0.000000,3,4,4,4,4,4,4,4,4,4,4,63,0,3,4.111168858510191,2.431503002298996,28.634571994189173,227.55555555555554
1781647889,10,GET,/timeline/{user_id},11.400000,0.000000,3,3,3,3,4,4,180,180,180,180,180,440,0,3,17.030228148492327,1.9244449795223773,633.4925499977544,4299.565909090909
1781647889,10,GET,/users/{user_id},4.700000,0.000000,3,3,3,3,4,4,4,5,5,5,5,159,0,3,3.070320585177356,1.6565429978072643,15.861469990340993,264.9685534591195
1781647889,10,,Aggregated,49.000000,0.000000,3,3,3,3,4,4,6,180,300,300,300,1749,0,3,12.82756114835846,1.6565429978072643,910.397345025558,4855.097198399085
1781647890,10,GET,/feed/{user_id},20.200000,0.000000,3,3,3,3,4,4,6,10,10,10,10,716,0,3,3.4490877249217644,1.882922020740807,58.05084898020141,5601.765363128492
1781647890,10,GET,/feed/{user_id}?with_fof=true,9.500000,0.000000,3,3,3,4,4,4,250,300,300,300,300,369,0,3,31.6879197858592,2.047899004537612,910.397345025558,7462.745257452574
1781647890,10,POST,/likes,1.100000,0.000000,4,4,4,4,5,5,5,5,5,5,5,34,0,4,3.8076870876145277,2.6785539812408388,6.112058996222913,180.0
1781647890,10,POST,/posts,1.300000,0.000000,3,4,4,4,4,4,4,4,4,4,4,63,0,3,4.111168858510191,2.431503002298996,28.634571994189173,227.55555555555554
1781647890,10,GET,/timeline/{user_id},11.600000,0.000000,3,3,3,3,4,4,180,180,180,180,180,453,0,3,16.62736553700063,1.9244449795223773,633.4925499977544,4311.2913907284765
1781647890,10,GET,/users/{user_id},5.200000,0.000000,3,3,3,3,3,4,4,5,5,5,5,166,0,3,3.046471132729932,1.6565429978072643,15.861469990340993,264.93373493975906
1781647890,10,,Aggregated,48.900000,0.000000,3,3,3,3,4,4,6,180,300,300,300,1801,0,3,12.542345923034713,1.6565429978072643,910.397345025558,4876.217101610217
1781647891,10,GET,/feed/{user_id},20.000000,0.000000,3,3,3,3,4,4,6,10,10,10,10,741,0,3,3.4398217949065457,1.882922020740807,58.05084898020141,5630.971659919029
1781647891,10,GET,/feed/{user_id}?with_fof=true,9.000000,0.000000,3,3,4,4,4,4,300,350,350,350,350,374,0,3,32.24507930483433,2.047899004537612,910.397345025558,7464.256684491978
1781647891,10,POST,/likes,0.900000,0.000000,4,4,4,4,5,5,5,5,5,5,5,35,0,4,3.804576342892168,2.6785539812408388,6.112058996222913,179.97142857142856
1781647891,10,POST,/posts,1.400000,0.000000,3,4,4,4,4,4,4,4,4,4,4,64,0,3,4.089056673365121,2.431503002298996,28.634571994189173,227.53125
1781647891,10,GET,/timeline/{user_id},11.700000,0.000000,3,3,3,3,4,4,180,180,180,180,180,469,0,3,16.15568095801283,1.9244449795223773,633.4925499977544,4372.36460554371
1781647891,10,GET,/users/{user_id},5.700000,0.000000,3,3,3,3,4,4,5,5,5,5,5,167,0,3,3.053864916405936,1.6565429978072643,15.861469990340993,264.94011976047904
1781647891,10,,Aggregated,48.700000,0.000000,3,3,3,3,4,4,7,180,350,350,350,1850,0,3,12.481317415934157,1.6565429978072643,910.397345025558,4908.068648648648
1781647892,10,GET,/feed/{user_id},19.400000,0.000000,3,3,3,3,4,4,6,7,10,10,10,761,0,3,3.429198770082596,1.882922020740807,58.05084898020141,5662.904073587385
1781647892,10,GET,/feed/{user_id}?with_fof=true,9.400000,0.000000,3,3,3,4,4,4,250,350,350,350,350,384,0,3,31.477348125084365,2.047899004537612,910.397345025558,7443.653645833333
1781647892,10,POST,/likes,0.800000,0.000000,4,4,4,4,4,4,4,4,4,4,4,35,0,4,3.804576342892168,2.6785539812408388,6.112058996222913,179.97142857142856
1781647892,10,POST,/posts,1.400000,0.000000,3,3,4,4,4,4,4,4,4,4,4,65,0,3,4.072702632178194,2.431503002298996,28.634571994189173,227.55384615384617
1781647892,10,GET,/timeline/{user_id},12.200000,0.000000,3,3,3,3,4,4,180,180,180,180,180,487,0,3,15.674157435905371,1.9244449795223773,633.4925499977544,4401.049281314168
1781647892,10,GET,/users/{user_id},6.100000,0.000000,3,3,3,3,4,4,5,5,5,5,5,169,0,3,3.0567021186314745,1.6565429978072643,15.861469990340993,264.97633136094674
1781647892,10,,Aggregated,49.300000,0.000000,3,3,3,3,4,4,5,180,350,350,350,1901,0,3,12.227619735135558,1.6565429978072643,910.397345025558,4932.6749079431875
1781647893,10,GET,/feed/{user_id},19.300000,0.000000,3,3,3,3,4,4,5,6,10,10,10,781,0,3,3.4153247209624764,1.882922020740807,58.05084898020141,5653.732394366197
1781647893,10,GET,/feed/{user_id}?with_fof=true,9.100000,0.000000,3,3,3,4,4,5,290,350,350,350,350,394,0,3,31.47847212454822,2.047899004537612,910.397345025558,7443.472081218274
1781647893,10,POST,/likes,0.800000,0.000000,4,4,4,4,4,4,4,4,4,4,4,35,0,4,3.804576342892168,2.6785539812408388,6.112058996222913,179.97142857142856
1781647893,10,POST,/posts,1.400000,0.000000,3,3,4,4,4,4,4,4,4,4,4,67,0,3,4.040557269959141,2.431503002298996,28.634571994189173,227.56716417910448
1781647893,10,GET,/timeline/{user_id},12.600000,0.000000,3,3,3,3,4,4,180,180,180,180,180,498,0,3,15.393088799765723,1.9244449795223773,633.4925499977544,4398.399598393575
1781647893,10,GET,/users/{user_id},5.400000,0.000000,3,3,3,3,4,4,5,5,5,5,5,174,0,3,3.0553307474240254,1.6565429978072643,15.861469990340993,265.01149425287355
1781647893,10,,Aggregated,48.600000,0.000000,3,3,3,3,4,4,5,180,350,350,350,1949,0,3,12.145279582127907,1.6565429978072643,910.397345025558,4928.863006670087
1781647894,10,GET,/feed/{user_id},18.800000,0.000000,3,3,3,3,4,4,5,6,10,10,10,805,0,3,3.4014169578310334,1.882922020740807,58.05084898020141,5645.665838509317
1781647894,10,GET,/feed/{user_id}?with_fof=true,8.800000,0.000000,3,3,3,4,4,4,290,350,350,350,350,404,0,3,30.774846316850052,2.047899004537612,910.397345025558,7471.6732673267325
1781647894,10,POST,/likes,0.800000,0.000000,4,4,4,4,4,4,4,4,4,4,4,36,0,4,3.781713333511208,2.6785539812408388,6.112058996222913,180.0
1781647894,10,POST,/posts,1.200000,0.000000,3,3,4,4,4,4,4,4,4,4,4,67,0,3,4.040557269959141,2.431503002298996,28.634571994189173,227.56716417910448
1781647894,10,GET,/timeline/{user_id},13.700000,0.000000,3,3,3,3,4,4,180,180,180,180,180,507,0,3,15.173763637690431,1.9244449795223773,633.4925499977544,4392.25641025641
1781647894,10,GET,/users/{user_id},5.200000,0.000000,3,3,3,3,4,4,4,4,4,4,4,176,0,3,3.0486313070551576,1.6565429978072643,15.861469990340993,264.9943181818182
1781647894,10,,Aggregated,48.500000,0.000000,3,3,3,3,4,4,5,180,350,350,350,1995,0,3,11.933681631331241,1.6565429978072643,910.397345025558,4941.632581453634
1781647895,10,GET,/feed/{user_id},19.400000,0.000000,3,3,3,3,4,4,5,6,10,10,10,827,0,3,3.38671953807148,1.882922020740807,58.05084898020141,5650.0519951632405
1781647895,10,GET,/feed/{user_id}?with_fof=true,8.800000,0.000000,3,3,3,3,4,4,290,350,350,350,350,413,0,3,30.164682711900234,2.047899004537612,910.397345025558,7474.506053268765
1781647895,10,POST,/likes,0.700000,0.000000,4,4,4,4,4,4,4,4,4,4,4,36,0,4,3.781713333511208,2.6785539812408388,6.112058996222913,180.0
1781647895,10,POST,/posts,1.400000,0.000000,3,3,4,4,4,4,4,4,4,4,4,71,0,3,3.991670930728605,2.431503002298996,28.634571994189173,227.5211267605634
1781647895,10,GET,/timeline/{user_id},13.600000,0.000000,3,3,3,3,4,4,5,180,180,180,180,521,0,3,14.844564369005095,1.9244449795223773,633.4925499977544,4436.249520153551
1781647895,10,GET,/users/{user_id},5.000000,0.000000,3,3,3,3,3,4,4,4,4,4,4,183,0,3,3.031040535625223,1.6565429978072643,15.861469990340993,265.0273224043716
1781647895,10,,Aggregated,48.900000,0.000000,3,3,3,3,4,4,5,180,350,350,350,2051,0,3,11.685558161072215,1.6565429978072643,910.397345025558,4944.897123354462
1781647896,10,GET,/feed/{user_id},19.700000,0.000000,3,3,3,3,4,4,4,5,6,6,6,839,0,3,3.379416194340909,1.882922020740807,58.05084898020141,5666.505363528009
1781647896,10,GET,/feed/{user_id}?with_fof=true,8.900000,0.000000,3,3,3,3,4,4,290,350,350,350,350,421,0,3,29.651441802909474,2.047899004537612,910.397345025558,7477.840855106889
1781647896,10,POST,/likes,0.600000,0.000000,4,4,4,4,4,4,4,4,4,4,4,36,0,4,3.781713333511208,2.6785539812408388,6.112058996222913,180.0
1781647896,10,POST,/posts,1.400000,0.000000,3,4,4,4,4,4,4,4,4,4,4,76,0,3,3.9751890404946417,2.431503002298996,28.634571994189173,227.5
1781647896,10,GET,/timeline/{user_id},14.000000,0.000000,3,3,3,3,4,4,5,180,180,180,180,538,0,3,14.4602996957156,1.9244449795223773,633.4925499977544,4424.42936802974
1781647896,10,GET,/users/{user_id},4.600000,0.000000,3,3,3,3,3,4,4,4,4,4,4,189,0,3,3.0294368674894843,1.6565429978072643,15.861469990340993,265.04232804232805
1781647896,10,,Aggregated,49.200000,0.000000,3,3,3,3,4,4,4,6,350,350,350,2099,0,3,11.4859685742789,1.6565429978072643,910.397345025558,4934.051929490233
1781647897,10,GET,/feed/{user_id},20.700000,0.000000,3,3,3,3,4,4,4,5,6,6,6,859,0,3,3.3755739034089554,1.882922020740807,58.05084898020141,5655.442374854482
1781647897,10,GET,/feed/{user_id}?with_fof=true,8.800000,0.000000,3,3,3,3,4,4,290,350,350,350,350,431,0,3,29.03533031558402,2.047899004537612,910.397345025558,7452.974477958237
1781647897,10,POST,/likes,0.600000,0.000000,4,4,4,4,4,4,4,4,4,4,4,36,0,4,3.781713333511208,2.6785539812408388,6.112058996222913,180.0
1781647897,10,POST,/posts,1.600000,0.000000,3,4,4,4,4,4,4,4,4,4,4,78,0,3,3.972384142122255,2.431503002298996,28.634571994189173,227.47435897435898
1781647897,10,GET,/timeline/{user_id},12.900000,0.000000,3,3,3,3,4,4,4,5,180,180,180,553,0,3,14.146386846829675,1.9244449795223773,633.4925499977544,4439.267631103075
1781647897,10,GET,/users/{user_id},4.700000,0.000000,3,3,3,3,3,4,4,4,4,4,4,192,0,3,3.0314729371336093,1.6565429978072643,15.861469990340993,265.0625
1781647897,10,,Aggregated,49.300000,0.000000,3,3,3,3,4,4,4,5,350,350,350,2149,0,3,11.291218111848956,1.6565429978072643,910.397345025558,4932.6603071195905
1781647898,10,GET,/feed/{user_id},19.500000,0.000000,3,3,3,3,4,4,5,5,6,6,6,879,0,3,3.369688030682765,1.882922020740807,58.05084898020141,5653.996587030717
1781647898,10,GET,/feed/{user_id}?with_fof=true,9.500000,0.000000,3,3,3,3,4,4,290,350,350,350,350,439,0,3,28.556874612914314,2.0343890064395964,910.397345025558,7465.186788154898
1781647898,10,POST,/likes,0.600000,0.000000,4,4,4,4,4,4,4,4,4,4,4,36,0,4,3.781713333511208,2.6785539812408388,6.112058996222913,180.0
1781647898,10,POST,/posts,1.700000,0.000000,4,4,4,4,4,4,4,4,4,4,4,79,0,3,3.9697107479500855,2.431503002298996,28.634571994189173,227.46835443037975
1781647898,10,GET,/timeline/{user_id},12.900000,0.000000,3,3,3,3,4,4,4,4,4,4,4,564,0,3,13.93006454842786,1.9244449795223773,633.4925499977544,4456.831560283688
1781647898,10,GET,/users/{user_id},5.000000,0.000000,3,3,3,3,4,4,4,4,4,4,4,199,0,3,3.0338123665090615,1.6565429978072643,15.861469990340993,265.0603015075377
1781647898,10,,Aggregated,49.200000,0.000000,3,3,3,3,4,4,4,5,350,350,350,2196,0,3,11.114962490611388,1.6565429978072643,910.397345025558,4935.3051001821495
1781647899,10,GET,/feed/{user_id},19.300000,0.000000,3,3,3,3,4,4,4,5,5,5,5,893,0,3,3.360721833156818,1.882922020740807,58.05084898020141,5617.584546472564
1781647899,10,GET,/feed/{user_id}?with_fof=true,9.400000,0.000000,3,3,3,3,4,4,290,350,350,350,350,454,0,3,27.7161780310926,2.0343890064395964,910.397345025558,7457.830396475771
1781647899,10,POST,/likes,0.600000,0.000000,4,4,4,4,4,4,4,4,4,4,4,40,0,4,3.7749220500700176,2.6785539812408388,6.112058996222913,180.15
1781647899,10,POST,/posts,1.900000,0.000000,3,4,4,4,4,4,4,4,4,4,4,79,0,3,3.9697107479500855,2.431503002298996,28.634571994189173,227.46835443037975
1781647899,10,GET,/timeline/{user_id},13.600000,0.000000,3,3,3,3,4,4,4,4,4,4,4,575,0,3,13.718207217854165,1.9244449795223773,633.4925499977544,4449.907826086956
1781647899,10,GET,/users/{user_id},4.900000,0.000000,3,3,3,3,4,4,4,4,4,4,4,204,0,3,3.018310259458125,1.6565429978072643,15.861469990340993,265.0833333333333
1781647899,10,,Aggregated,49.700000,0.000000,3,3,3,3,4,4,4,5,350,350,350,2245,0,3,10.93656031065102,1.6565429978072643,910.397345025558,4917.731848552338
1781647900,10,GET,/feed/{user_id},19.600000,0.000000,3,3,3,3,4,4,4,5,5,5,5,911,0,3,3.3543955347294747,1.882922020740807,58.05084898020141,5591.377607025247
1781647900,10,GET,/feed/{user_id}?with_fof=true,9.200000,0.000000,3,3,3,3,4,4,4,290,290,290,290,463,0,3,27.238844849054097,2.0343890064395964,910.397345025558,7431.68898488121
1781647900,10,POST,/likes,0.300000,0.000000,4,4,4,4,4,4,4,4,4,4,4,44,0,4,3.7782314320793375,2.6785539812408388,6.112058996222913,180.0681818181818
1781647900,10,POST,/posts,2.000000,0.000000,3,4,4,4,4,4,4,4,4,4,4,79,0,3,3.9697107479500855,2.431503002298996,28.634571994189173,227.46835443037975
1781647900,10,GET,/timeline/{user_id},14.000000,0.000000,3,3,3,3,4,4,4,4,180,180,180,587,0,3,13.803326473924374,1.9244449795223773,633.4925499977544,4438.9420783645655
1781647900,10,GET,/users/{user_id},4.500000,0.000000,3,3,3,3,3,4,4,4,4,4,4,207,0,3,3.0150068981476252,1.6565429978072643,15.861469990340993,265.05314009661834
1781647900,10,,Aggregated,49.600000,0.000000,3,3,3,3,4,4,4,4,290,290,290,2291,0,3,10.857244826477658,1.6565429978072643,910.397345025558,4897.876473155827
1781647901,10,GET,/feed/{user_id},19.900000,0.000000,3,3,3,3,4,4,4,5,5,5,5,923,0,3,3.350492151834238,1.882922020740807,58.05084898020141,5593.578548212351
1781647901,10,GET,/feed/{user_id}?with_fof=true,9.700000,0.000000,3,3,3,3,4,4,4,290,290,290,290,471,0,3,26.83009136108051,2.0343890064395964,910.397345025558,7421.3481953290875
1781647901,10,POST,/likes,0.400000,0.000000,4,4,4,4,4,4,4,4,4,4,4,46,0,4,3.755296434974298,2.6785539812408388,6.112058996222913,180.02173913043478
1781647901,10,POST,/posts,1.600000,0.000000,3,4,4,4,4,4,4,4,4,4,4,80,0,3,3.9622584259632276,2.431503002298996,28.634571994189173,227.4875
1781647901,10,GET,/timeline/{user_id},13.600000,0.000000,3,3,3,3,4,4,4,4,180,180,180,603,0,3,13.509837192493672,1.9244449795223773,633.4925499977544,4436.985074626866
1781647901,10,GET,/users/{user_id},4.300000,0.000000,3,3,3,3,3,3,4,4,4,4,4,214,0,3,2.9971591631063723,1.6565429978072643,15.861469990340993,265.0700934579439
1781647901,10,,Aggregated,49.500000,0.000000,3,3,3,3,4,4,4,4,290,290,290,2337,0,3,10.700481594042039,1.6565429978072643,910.397345025558,4885.3380402225075
1781647902,10,GET,/feed/{user_id},19.400000,0.000000,3,3,3,3,4,4,4,5,5,5,5,944,0,3,3.343375210934644,1.882922020740807,58.05084898020141,5597.610169491525
1781647902,10,GET,/feed/{user_id}?with_fof=true,9.700000,0.000000,3,3,3,4,4,4,5,5,5,5,5,479,0,3,26.4392146516357,2.0343890064395964,910.397345025558,7404.012526096033
1781647902,10,POST,/likes,0.900000,0.000000,4,4,4,4,4,4,4,4,4,4,4,49,0,4,3.715020224299966,2.6785539812408388,6.112058996222913,180.0408163265306
1781647902,10,POST,/posts,1.600000,0.000000,3,4,4,4,4,4,4,4,4,4,4,80,0,3,3.9622584259632276,2.431503002298996,28.634571994189173,227.4875
1781647902,10,GET,/timeline/{user_id},13.300000,0.000000,3,3,3,3,4,4,4,4,180,180,180,613,0,3,13.3388744095351,1.9244449795223773,633.4925499977544,4438.132137030995
1781647902,10,GET,/users/{user_id},4.000000,0.000000,3,3,3,3,3,4,4,4,4,4,4,223,0,3,2.9817224124440247,1.6565429978072643,15.861469990340993,265.06726457399105
1781647902,10,,Aggregated,48.900000,0.000000,3,3,3,3,4,4,4,5,180,180,180,2388,0,3,10.53651624511876,1.6565429978072643,910.397345025558,4873.271356783919
1781647903,10,GET,/feed/{user_id},18.400000,0.000000,3,3,3,3,4,4,4,4,5,5,5,963,0,3,3.3387853874610243,1.882922020740807,58.05084898020141,5576.181723779855
1781647903,10,GET,/feed/{user_id}?with_fof=true,9.600000,0.000000,3,3,3,4,4,4,5,5,5,5,5,485,0,3,26.146789451883432,2.0343890064395964,910.397345025558,7386.3237113402065
1781647903,10,POST,/likes,1.000000,0.000000,4,4,4,4,4,4,4,4,4,4,4,50,0,4,3.7252861593151465,2.6785539812408388,6.112058996222913,180.02
1781647903,10,POST,/posts,1.500000,0.000000,4,4,4,4,4,4,4,4,4,4,4,85,0,3,3.9354642363511685,2.431503002298996,28.634571994189173,227.47058823529412
1781647903,10,GET,/timeline/{user_id},13.700000,0.000000,3,3,3,3,4,4,4,23,180,180,180,628,0,3,13.119693232568983,1.9244449795223773,633.4925499977544,4435.802547770701
1781647903,10,GET,/users/{user_id},4.400000,0.000000,3,3,3,3,3,4,4,4,4,4,4,227,0,3,2.989792541804875,1.6565429978072643,15.861469990340993,265.0748898678414
1781647903,10,,Aggregated,48.600000,0.000000,3,3,3,3,4,4,4,5,180,180,180,2438,0,3,10.391744149871643,1.6565429978072643,910.397345025558,4850.870385561936
1781647904,10,GET,/feed/{user_id},18.700000,0.000000,3,3,3,3,4,4,4,4,5,5,5,977,0,3,3.3343343890594754,1.882922020740807,58.05084898020141,5576.411463664278
1781647904,10,GET,/feed/{user_id}?with_fof=true,9.600000,0.000000,3,3,3,3,4,4,5,5,5,5,5,498,0,3,25.546827285335937,2.0343890064395964,910.397345025558,7376.259036144578
1781647904,10,POST,/likes,1.200000,0.000000,4,4,4,4,4,4,4,4,4,4,4,52,0,4,3.734594768432614,2.6785539812408388,6.112058996222913,180.0
1781647904,10,POST,/posts,1.500000,0.000000,4,4,4,4,4,6,6,6,6,6,6,86,0,3,3.963674803069511,2.431503002298996,28.634571994189173,227.48837209302326
1781647904,10,GET,/timeline/{user_id},12.700000,0.000000,3,3,3,3,4,4,5,23,180,180,180,636,0,3,12.997896221807554,1.9244449795223773,633.4925499977544,4453.356918238994
1781647904,10,GET,/users/{user_id},5.000000,0.000000,3,3,3,3,3,4,4,4,4,4,4,236,0,3,2.9795325081992767,1.6565429978072643,15.861469990340993,265.0508474576271
1781647904,10,,Aggregated,48.700000,0.000000,3,3,3,3,4,4,4,5,180,180,180,2485,0,3,10.255481414984109,1.6565429978072643,910.397345025558,4847.220120724346
1781647905,10,GET,/feed/{user_id},18.900000,0.000000,3,3,3,4,4,4,4,4,5,5,5,991,0,3,3.330012810426857,1.882922020740807,58.05084898020141,5550.795156407669
1781647905,10,GET,/feed/{user_id}?with_fof=true,9.100000,0.000000,3,3,3,4,4,5,5,12,12,12,12,511,0,3,24.990398792694403,2.0343890064395964,910.397345025558,7312.765166340509
1781647905,10,POST,/likes,1.400000,0.000000,4,4,4,4,4,4,4,4,4,4,4,52,0,4,3.734594768432614,2.6785539812408388,6.112058996222913,180.0
1781647905,10,POST,/posts,1.700000,0.000000,4,4,4,4,5,6,6,6,6,6,6,87,0,3,3.9700434948638854,2.431503002298996,28.634571994189173,227.50574712643677
1781647905,10,GET,/timeline/{user_id},12.500000,0.000000,3,3,3,3,4,4,180,180,190,190,190,649,0,3,13.36594012340614,1.9244449795223773,633.4925499977544,4440.151001540832
1781647905,10,GET,/users/{user_id},5.200000,0.000000,3,3,3,3,4,4,4,4,4,4,4,240,0,3,2.9811837746819947,1.6565429978072643,15.861469990340993,265.07916666666665
1781647905,10,,Aggregated,48.800000,0.000000,3,3,3,4,4,4,5,12,190,190,190,2530,0,3,10.276564599298725,1.6565429978072643,910.397345025558,4826.913438735178
1781647906,10,GET,/feed/{user_id},17.700000,0.000000,3,3,3,3,4,4,4,4,5,5,5,1007,0,3,3.323642041828056,1.882922020740807,58.05084898020141,5543.352532274082
1781647906,10,GET,/feed/{user_id}?with_fof=true,8.900000,0.000000,3,3,3,3,4,5,5,12,12,12,12,520,0,3,24.61117948853196,2.0343890064395964,910.397345025558,7278.276923076923
1781647906,10,POST,/likes,1.700000,0.000000,4,4,4,4,4,4,4,4,4,4,4,53,0,4,3.7378408102634944,2.6785539812408388,6.112058996222913,179.9811320754717
1781647906,10,POST,/posts,1.800000,0.000000,4,4,4,4,5,6,6,6,6,6,6,91,0,3,3.9551784070131912,2.431503002298996,28.634571994189173,227.5054945054945
1781647906,10,GET,/timeline/{user_id},12.800000,0.000000,3,3,3,3,4,4,180,180,190,190,190,663,0,3,13.146125648771575,1.9244449795223773,633.4925499977544,4437.686274509804
1781647906,10,GET,/users/{user_id},5.600000,0.000000,3,3,3,3,4,4,4,5,5,5,5,245,0,3,2.9888849465499576,1.6565429978072643,15.861469990340993,265.130612244898
1781647906,10,,Aggregated,48.500000,0.000000,3,3,3,4,4,4,5,12,190,190,190,2579,0,3,10.13994020363704,1.6565429978072643,910.397345025558,4809.711128344319
1781647907,10,GET,/feed/{user_id},16.400000,0.000000,3,3,3,4,4,4,4,5,5,5,5,1027,0,3,3.3206309339753872,1.882922020740807,58.05084898020141,5517.403115871471
1781647907,10,GET,/feed/{user_id}?with_fof=true,9.800000,0.000000,3,3,3,3,4,5,5,12,12,12,12,533,0,3,24.08680812192305,2.0343890064395964,910.397345025558,7271.506566604127
1781647907,10,POST,/likes,1.600000,0.000000,4,4,4,4,4,4,4,4,4,4,4,55,0,4,3.7344346537297084,2.6785539812408388,6.112058996222913,179.8909090909091
1781647907,10,POST,/posts,1.700000,0.000000,4,4,4,4,5,6,6,6,6,6,6,92,0,3,3.9444695114228954,2.431503002298996,28.634571994189173,227.5
1781647907,10,GET,/timeline/{user_id},13.100000,0.000000,3,3,3,3,4,4,180,180,190,190,190,671,0,3,13.02707917308546,1.9244449795223773,633.4925499977544,4430.673621460507
1781647907,10,GET,/users/{user_id},5.800000,0.000000,3,3,3,3,4,4,4,5,5,5,5,247,0,3,2.9848507568494678,1.6565429978072643,15.861469990340993,265.1417004048583
1781647907,10,,Aggregated,48.400000,0.000000,3,3,3,4,4,4,5,12,190,190,190,2625,0,3,10.017245737625109,1.6565429978072643,910.397345025558,4804.336
1781647908,10,GET,/feed/{user_id},16.900000,0.000000,3,3,3,4,4,4,4,4,5,5,5,1048,0,3,3.3159723561419305,1.882922020740807,58.05084898020141,5518.262404580153
1781647908,10,GET,/feed/{user_id}?with_fof=true,9.700000,0.000000,3,3,3,4,4,5,5,12,12,12,12,539,0,3,23.856667723551613,2.0343890064395964,910.397345025558,7295.725417439703
1781647908,10,POST,/likes,1.600000,0.000000,4,4,4,4,4,4,4,4,4,4,4,55,0,4,3.7344346537297084,2.6785539812408388,6.112058996222913,179.8909090909091
1781647908,10,POST,/posts,1.600000,0.000000,4,4,4,4,5,6,6,6,6,6,6,94,0,3,3.93690395805529,2.431503002298996,28.634571994189173,227.51063829787233
1781647908,10,GET,/timeline/{user_id},12.600000,0.000000,3,3,3,3,4,4,180,180,190,190,190,687,0,3,12.793136608676397,1.9244449795223773,633.4925499977544,4456.259097525473
1781647908,10,GET,/users/{user_id},5.600000,0.000000,3,3,3,3,4,4,5,14,14,14,14,254,0,3,3.030142507618513,1.6565429978072643,15.861469990340993,265.1771653543307
1781647908,10,,Aggregated,48.000000,0.000000,3,3,3,4,4,4,5,14,190,190,190,2677,0,3,9.887144885072537,1.6565429978072643,910.397345025558,4809.719835636907
1781647909,10,GET,/feed/{user_id},16.900000,0.000000,3,3,3,4,4,4,4,4,5,5,5,1070,0,3,3.305605170371394,1.882922020740807,58.05084898020141,5568.723364485982
1781647909,10,GET,/feed/{user_id}?with_fof=true,10.000000,0.000000,3,3,3,4,4,5,5,12,12,12,12,543,0,3,23.70375399264459,2.0343890064395964,910.397345025558,7275.289134438306
1781647909,10,POST,/likes,1.800000,0.000000,4,4,4,4,4,4,4,4,4,4,4,56,0,4,3.7195834988129457,2.6785539812408388,6.112058996222913,179.85714285714286
1781647909,10,POST,/posts,1.400000,0.000000,4,4,4,4,5,6,6,6,6,6,6,95,0,3,3.9283367584606537,2.431503002298996,28.634571994189173,227.52631578947367
1781647909,10,GET,/timeline/{user_id},12.200000,0.000000,3,3,3,3,4,4,180,180,190,190,190,698,0,3,12.637885262428137,1.9244449795223773,633.4925499977544,4464.310888252149
1781647909,10,GET,/users/{user_id},5.600000,0.000000,3,3,3,3,4,4,5,14,14,14,14,261,0,3,3.0207587853190043,1.6565429978072643,15.861469990340993,265.1226053639847
1781647909,10,,Aggregated,47.900000,0.000000,3,3,3,4,4,4,5,14,190,190,190,2723,0,3,9.768375532292982,1.6565429978072643,910.397345025558,4820.414616232097
1781647910,10,GET,/feed/{user_id},16.800000,0.000000,3,3,3,4,4,4,4,4,5,5,5,1086,0,3,3.300893019542225,1.882922020740807,58.05084898020141,5578.4963167587475
1781647910,10,GET,/feed/{user_id}?with_fof=true,9.900000,0.000000,3,3,3,4,4,5,12,300,300,300,300,554,0,3,23.830946052347358,2.0343890064395964,910.397345025558,7307.924187725632
1781647910,10,POST,/likes,1.900000,0.000000,4,4,4,4,4,4,4,4,4,4,4,58,0,4,3.7338804641280903,2.6785539812408388,6.112058996222913,179.82758620689654
1781647910,10,POST,/posts,1.500000,0.000000,4,4,4,4,5,6,6,6,6,6,6,95,0,3,3.9283367584606537,2.431503002298996,28.634571994189173,227.52631578947367
1781647910,10,GET,/timeline/{user_id},12.100000,0.000000,3,3,3,3,4,4,180,180,190,190,190,711,0,3,12.710917425011488,1.9244449795223773,633.4925499977544,4443.596343178621
1781647910,10,GET,/users/{user_id},5.700000,0.000000,3,3,3,3,4,4,5,14,14,14,14,265,0,3,3.0151091168968462,1.6565429978072643,15.861469990340993,265.1245283018868
1781647910,10,,Aggregated,47.900000,0.000000,3,3,3,4,4,4,5,23,300,300,300,2769,0,3,9.827857420136263,1.6565429978072643,910.397345025558,4827.929577464789
1781647911,10,GET,/feed/{user_id},17.400000,0.000000,3,3,3,4,4,4,4,4,5,5,5,1107,0,3,3.2962486695779223,1.882922020740807,58.05084898020141,5599.1490514905145
1781647911,10,GET,/feed/{user_id}?with_fof=true,9.200000,0.000000,3,3,3,4,4,5,12,300,300,300,300,559,0,3,23.64706401962059,2.0343890064395964,910.397345025558,7312.846153846154
1781647911,10,POST,/likes,1.900000,0.000000,4,4,4,4,4,4,4,4,4,4,4,59,0,4,3.732299185022554,2.6785539812408388,6.112058996222913,179.864406779661
1781647911,10,POST,/posts,1.500000,0.000000,4,4,4,4,5,6,6,6,6,6,6,95,0,3,3.9283367584606537,2.431503002298996,28.634571994189173,227.52631578947367
1781647911,10,GET,/timeline/{user_id},12.200000,0.000000,3,3,3,3,4,5,180,180,190,190,190,721,0,3,12.578967904598398,1.9244449795223773,633.4925499977544,4417.450762829403
1781647911,10,GET,/users/{user_id},5.700000,0.000000,3,3,3,3,4,4,5,14,14,14,14,272,0,3,3.001766661862562,1.6565429978072643,15.861469990340993,265.11764705882354
1781647911,10,,Aggregated,47.900000,0.000000,3,3,3,4,4,4,5,23,300,300,300,2813,0,3,9.72163885510232,1.6565429978072643,910.397345025558,4825.972271596161
1781647912,10,GET,/feed/{user_id},17.300000,0.000000,3,3,3,4,4,4,4,5,20,20,20,1125,0,3,3.311365570847152,1.882922020740807,58.05084898020141,5603.202666666667
1781647912,10,GET,/feed/{user_id}?with_fof=true,9.100000,0.000000,3,3,4,4,4,12,460,460,460,460,460,566,0,3,25.64709095399318,2.0343890064395964,910.397345025558,7327.538869257951
1781647912,10,POST,/likes,1.400000,0.000000,4,4,4,4,5,5,5,5,5,5,5,63,0,4,3.787404395148365,2.6785539812408388,6.112058996222913,179.84126984126985
1781647912,10,POST,/posts,1.600000,0.000000,4,4,4,4,5,6,6,6,6,6,6,96,0,3,3.9155224588588076,2.431503002298996,28.634571994189173,227.52083333333334
1781647912,10,GET,/timeline/{user_id},12.400000,0.000000,3,3,3,3,4,5,180,180,190,190,190,734,0,3,12.417639039841617,1.9244449795223773,633.4925499977544,4417.5
1781647912,10,GET,/users/{user_id},5.900000,0.000000,3,3,3,3,4,4,5,14,14,14,14,276,0,3,2.9972292682361803,1.6565429978072643,15.861469990340993,265.14130434782606
1781647912,10,,Aggregated,47.700000,0.000000,3,3,3,4,4,4,14,190,460,460,460,2860,0,3,10.069167382302417,1.6565429978072643,910.397345025558,4825.1
1781647913,10,GET,/feed/{user_id},18.000000,0.000000,3,3,4,4,4,4,5,12,20,20,20,1145,0,3,3.3229183722094238,1.882922020740807,58.05084898020141,5612.599126637555
1781647913,10,GET,/feed/{user_id}?with_fof=true,8.800000,0.000000,3,3,4,4,5,210,460,460,460,460,460,578,0,3,25.563506605498375,2.0343890064395964,910.397345025558,7356.427335640138
1781647913,10,POST,/likes,1.400000,0.000000,4,4,4,4,5,5,5,5,5,5,5,63,0,4,3.787404395148365,2.6785539812408388,6.112058996222913,179.84126984126985
1781647913,10,POST,/posts,1.600000,0.000000,4,4,4,4,5,6,6,6,6,6,6,96,0,3,3.9155224588588076,2.431503002298996,28.634571994189173,227.52083333333334
1781647913,10,GET,/timeline/{user_id},12.000000,0.000000,3,3,3,3,4,8,190,240,270,270,270,740,0,3,13.01849775171266,1.9244449795223773,633.4925499977544,4410.345945945946
1781647913,10,GET,/users/{user_id},5.800000,0.000000,3,3,3,3,4,4,14,14,14,14,14,280,0,3,3.000606003687218,1.6565429978072643,15.861469990340993,265.1535714285714
1781647913,10,,Aggregated,47.600000,0.000000,3,3,4,4,4,5,180,270,460,460,460,2902,0,3,10.223570987044257,1.6565429978072643,910.397345025558,4841.320468642316
1781647914,10,GET,/feed/{user_id},17.900000,0.000000,3,3,3,4,4,4,5,12,20,20,20,1159,0,3,3.3182282184041325,1.882922020740807,58.05084898020141,5609.164797238999
1781647914,10,GET,/feed/{user_id}?with_fof=true,8.900000,0.000000,3,4,4,4,11,360,460,460,460,460,460,584,0,3,26.096421339065124,2.0343890064395964,910.397345025558,7354.265410958904
1781647914,10,POST,/likes,1.400000,0.000000,4,4,4,4,5,5,5,5,5,5,5,63,0,4,3.787404395148365,2.6785539812408388,6.112058996222913,179.84126984126985
1781647914,10,POST,/posts,1.500000,0.000000,4,4,4,4,4,4,4,4,4,4,4,101,0,3,3.889616980507859,2.431503002298996,28.634571994189173,227.47524752475246
1781647914,10,GET,/timeline/{user_id},12.000000,0.000000,3,3,3,3,4,4,180,240,270,270,270,751,0,3,12.867878276004348,1.9244449795223773,633.4925499977544,4434.479360852197
1781647914,10,GET,/users/{user_id},5.500000,0.000000,3,3,3,4,4,5,38,38,38,38,38,284,0,3,3.1264836620785377,1.6565429978072643,37.53266599960625,265.1654929577465
1781647914,10,,Aggregated,47.200000,0.000000,3,3,4,4,4,5,180,300,460,460,460,2942,0,3,10.288678553494098,1.6565429978072643,910.397345025558,4838.8235893949695
1781647915,10,GET,/feed/{user_id},17.800000,0.000000,3,3,4,4,4,4,6,12,20,20,20,1172,0,3,3.321934436068873,1.882922020740807,58.05084898020141,5630.493174061434
1781647915,10,GET,/feed/{user_id}?with_fof=true,9.200000,0.000000,3,4,4,4,460,670,730,750,750,750,750,593,0,3,32.12549015013878,2.0343890064395964,910.397345025558,7377.293423271501
1781647915,10,POST,/likes,1.400000,0.000000,4,4,5,5,5,11,11,11,11,11,11,64,0,4,3.893338639045396,2.6785539812408388,10.567196004558355,179.8125
1781647915,10,POST,/posts,1.200000,0.000000,3,4,4,4,4,4,4,4,4,4,4,101,0,3,3.889616980507859,2.431503002298996,28.634571994189173,227.47524752475246
1781647915,10,GET,/timeline/{user_id},11.700000,0.000000,3,3,3,3,4,8,240,270,500,500,500,762,0,3,13.6366720921913,1.9244449795223773,633.4925499977544,4407.503937007874
1781647915,10,GET,/users/{user_id},5.600000,0.000000,3,3,3,3,4,5,38,38,38,38,38,286,0,3,3.1255127763794084,1.6565429978072643,37.53266599960625,265.1468531468532
1781647915,10,,Aggregated,46.900000,0.000000,3,3,4,4,4,14,460,510,750,750,750,2978,0,3,11.70946561260225,1.6565429978072643,910.397345025558,4849.733378106112
1781647916,10,GET,/feed/{user_id},18.100000,0.000000,3,3,4,4,4,4,6,12,20,20,20,1184,0,3,3.319501571830777,1.882922020740807,58.05084898020141,5650.521114864865
1781647916,10,GET,/feed/{user_id}?with_fof=true,8.900000,0.000000,3,4,4,18,430,510,730,750,750,750,750,611,0,3,33.3869727692813,2.0343890064395964,910.397345025558,7375.9754500818335
1781647916,10,POST,/likes,1.100000,0.000000,4,5,5,5,5,11,11,11,11,11,11,65,0,4,3.9034346288714845,2.6785539812408388,10.567196004558355,179.7846153846154
1781647916,10,POST,/posts,1.500000,0.000000,3,4,4,4,4,4,4,4,4,4,4,101,0,3,3.889616980507859,2.431503002298996,28.634571994189173,227.47524752475246
1781647916,10,GET,/timeline/{user_id},11.800000,0.000000,3,3,3,3,4,180,240,270,500,500,500,770,0,3,13.793529698991083,1.9244449795223773,633.4925499977544,4398.072727272727
1781647916,10,GET,/users/{user_id},5.200000,0.000000,3,3,3,3,4,5,38,38,38,38,38,289,0,3,3.120153477724809,1.6565429978072643,37.53266599960625,265.15570934256056
1781647916,10,,Aggregated,46.600000,0.000000,3,3,4,4,4,200,460,510,750,750,750,3020,0,3,12.085777156381477,1.6565429978072643,910.397345025558,4865.809602649007
1781647917,10,GET,/feed/{user_id},18.200000,0.000000,3,3,4,4,4,4,6,12,20,20,20,1207,0,3,3.317077707585299,1.882922020740807,58.05084898020141,5640.534382767191
1781647917,10,GET,/feed/{user_id}?with_fof=true,8.500000,0.000000,3,4,4,18,430,510,730,750,750,750,750,619,0,3,32.997275095377326,2.0343890064395964,910.397345025558,7357.374798061389
1781647917,10,POST,/likes,1.200000,0.000000,4,5,5,5,5,11,11,11,11,11,11,66,0,4,3.904264286216913,2.6785539812408388,10.567196004558355,179.77272727272728
1781647917,10,POST,/posts,1.400000,0.000000,3,4,4,4,4,4,4,4,4,4,4,102,0,3,3.8833250197486073,2.431503002298996,28.634571994189173,227.47058823529412
1781647917,10,GET,/timeline/{user_id},11.000000,0.000000,3,3,3,3,4,200,240,270,500,500,500,786,0,3,13.83087593033014,1.9244449795223773,633.4925499977544,4415.854961832061
1781647917,10,GET,/users/{user_id},4.500000,0.000000,3,3,3,3,4,4,38,38,38,38,38,295,0,3,3.108598478237104,1.6565429978072643,37.53266599960625,265.16610169491526
1781647917,10,,Aggregated,44.800000,0.000000,3,3,4,4,4,200,460,510,750,750,750,3075,0,3,11.990540391648173,1.6565429978072643,910.397345025558,4860.648130081301
1781647918,10,GET,/feed/{user_id},17.900000,0.000000,3,3,4,4,4,4,6,12,20,20,20,1225,0,3,3.3135096089942953,1.882922020740807,58.05084898020141,5656.235102040816
1781647918,10,GET,/feed/{user_id}?with_fof=true,8.700000,0.000000,3,4,4,11,430,510,730,750,750,750,750,629,0,3,32.51949707630079,2.0343890064395964,910.397345025558,7364.027027027027
1781647918,10,POST,/likes,1.200000,0.000000,4,5,5,5,11,11,11,11,11,11,11,66,0,4,3.904264286216913,2.6785539812408388,10.567196004558355,179.77272727272728
1781647918,10,POST,/posts,1.200000,0.000000,3,4,4,4,4,4,4,4,4,4,4,102,0,3,3.8833250197486073,2.431503002298996,28.634571994189173,227.47058823529412
1781647918,10,GET,/timeline/{user_id},11.300000,0.000000,3,3,3,4,5,200,240,270,500,500,500,800,0,3,13.683367462836031,1.9244449795223773,633.4925499977544,4409.27125
1781647918,10,GET,/users/{user_id},4.500000,0.000000,3,3,3,3,4,4,38,38,38,38,38,301,0,3,3.0928887942213366,1.6565429978072643,37.53266599960625,265.1528239202658
1781647918,10,,Aggregated,44.800000,0.000000,3,3,4,4,5,200,460,510,750,750,750,3123,0,3,11.862070773053258,1.6565429978072643,910.397345025558,4868.125520333013
1781647919,10,GET,/feed/{user_id},17.900000,0.000000,3,3,4,4,4,5,9,12,20,20,20,1239,0,3,3.318688990309597,1.882922020740807,58.05084898020141,5671.958837772397
1781647919,10,GET,/feed/{user_id}?with_fof=true,8.700000,0.000000,3,4,4,11,430,510,730,750,750,750,750,638,0,3,32.560583395030584,2.0343890064395964,910.397345025558,7365.170846394984
1781647919,10,POST,/likes,1.200000,0.000000,4,5,5,5,11,11,11,11,11,11,11,66,0,4,3.904264286216913,2.6785539812408388,10.567196004558355,179.77272727272728
1781647919,10,POST,/posts,1.100000,0.000000,3,4,4,4,4,4,4,4,4,4,4,104,0,3,3.8795897019624066,2.431503002298996,28.634571994189173,227.46153846153845
1781647919,10,GET,/timeline/{user_id},11.100000,0.000000,3,3,3,4,5,200,240,270,500,500,500,813,0,3,13.74417404095908,1.9244449795223773,633.4925499977544,4390.2865928659285
1781647919,10,GET,/users/{user_id},4.500000,0.000000,3,3,3,3,4,4,38,38,38,38,38,307,0,3,3.0870598895211345,1.6565429978072643,37.53266599960625,265.1824104234528
1781647919,10,,Aggregated,44.500000,0.000000,3,3,4,4,5,200,460,510,750,750,750,3167,0,3,11.894034581086274,1.6565429978072643,910.397345025558,4866.678560151563
1781647920,10,GET,/feed/{user_id},17.800000,0.000000,3,3,4,4,4,6,9,12,20,20,20,1254,0,3,3.324456549458654,1.882922020740807,58.05084898020141,5679.745614035088
1781647920,10,GET,/feed/{user_id}?with_fof=true,8.900000,0.000000,3,4,4,11,400,510,730,750,750,750,750,650,0,3,32.62889142461623,2.0343890064395964,910.397345025558,7336.832307692308
1781647920,10,POST,/likes,1.100000,0.000000,5,5,5,5,11,11,11,11,11,11,11,66,0,4,3.904264286216913,2.6785539812408388,10.567196004558355,179.77272727272728
1781647920,10,POST,/posts,0.800000,0.000000,3,4,4,4,4,4,4,4,4,4,4,106,0,3,3.867382245173432,2.431503002298996,28.634571994189173,227.45283018867926
1781647920,10,GET,/timeline/{user_id},11.400000,0.000000,3,3,4,4,12,200,240,270,500,500,500,825,0,3,13.962617646267807,1.9244449795223773,633.4925499977544,4415.592727272728
1781647920,10,GET,/users/{user_id},4.500000,0.000000,3,3,3,3,4,4,38,38,38,38,38,311,0,3,3.088284122354839,1.6565429978072643,37.53266599960625,265.19614147909965
1781647920,10,,Aggregated,44.500000,0.000000,3,3,4,4,6,210,460,510,750,750,750,3212,0,3,11.994049757199157,1.6565429978072643,910.397345025558,4873.1808841843085
1781647921,10,GET,/feed/{user_id},16.900000,0.000000,3,3,4,4,4,5,9,11,12,12,12,1275,0,3,3.323053778765504,1.882922020740807,58.05084898020141,5668.845490196079
1781647921,10,GET,/feed/{user_id}?with_fof=true,9.200000,0.000000,3,4,4,4,320,510,730,750,750,750,750,656,0,3,32.36042734600388,2.0343890064395964,910.397345025558,7355.163109756098
1781647921,10,POST,/likes,1.000000,0.000000,5,5,5,11,11,11,11,11,11,11,11,66,0,4,3.904264286216913,2.6785539812408388,10.567196004558355,179.77272727272728
1781647921,10,POST,/posts,1.000000,0.000000,3,3,4,4,4,4,4,4,4,4,4,107,0,3,3.862257027959399,2.431503002298996,28.634571994189173,227.46728971962617
1781647921,10,GET,/timeline/{user_id},11.400000,0.000000,3,3,4,4,12,200,240,270,500,500,500,841,0,3,13.972828913436855,1.9244449795223773,633.4925499977544,4405.743162901308
1781647921,10,GET,/users/{user_id},4.800000,0.000000,3,3,3,3,4,4,38,38,38,38,38,315,0,3,3.0863519303411957,1.6565429978072643,37.53266599960625,265.2031746031746
1781647921,10,,Aggregated,44.300000,0.000000,3,3,4,4,5,180,400,510,750,750,750,3260,0,3,11.92013092823448,1.6565429978072643,910.397345025558,4870.471779141104
1781647922,10,GET,/feed/{user_id},17.000000,0.000000,3,3,3,4,4,5,6,11,12,12,12,1297,0,3,3.3198004278732047,1.882922020740807,58.05084898020141,5656.240555127217
1781647922,10,GET,/feed/{user_id}?with_fof=true,9.600000,0.000000,3,4,4,4,320,510,730,750,750,750,750,667,0,3,31.88052206893446,2.0343890064395964,910.397345025558,7365.092953523238
1781647922,10,POST,/likes,0.900000,0.000000,5,5,5,11,11,11,11,11,11,11,11,66,0,4,3.904264286216913,2.6785539812408388,10.567196004558355,179.77272727272728
1781647922,10,POST,/posts,1.000000,0.000000,3,4,4,4,4,4,4,4,4,4,4,109,0,3,3.848847137430871,2.431503002298996,28.634571994189173,227.44954128440367
1781647922,10,GET,/timeline/{user_id},11.400000,0.000000,3,3,4,4,12,200,240,270,500,500,500,850,0,3,13.863447907291736,1.9244449795223773,633.4925499977544,4414.151764705883
1781647922,10,GET,/users/{user_id},4.400000,0.000000,3,3,3,4,4,5,38,38,38,38,38,321,0,3,3.092416934868483,1.6565429978072643,37.53266599960625,265.2180685358255
1781647922,10,,Aggregated,44.300000,0.000000,3,3,4,4,5,180,400,510,750,750,750,3310,0,3,11.789695381598753,1.6565429978072643,910.397345025558,4870.840483383686
1781647923,10,GET,/feed/{user_id},16.600000,0.000000,3,3,4,4,4,4,6,9,11,11,11,1318,0,3,3.3172497275226775,1.882922020740807,58.05084898020141,5671.620637329287
1781647923,10,GET,/feed/{user_id}?with_fof=true,9.600000,0.000000,3,4,4,4,310,510,730,750,750,750,750,673,0,3,31.62658453929718,2.0343890064395964,910.397345025558,7374.139673105497
1781647923,10,POST,/likes,0.700000,0.000000,4,4,5,5,11,11,11,11,11,11,11,69,0,4,3.906432447695187,2.6785539812408388,10.567196004558355,179.81159420289856
1781647923,10,POST,/posts,1.200000,0.000000,3,3,4,4,4,4,4,4,4,4,4,112,0,3,3.831578865564162,2.431503002298996,28.634571994189173,227.45535714285714
1781647923,10,GET,/timeline/{user_id},12.100000,0.000000,3,3,4,4,5,180,200,210,500,500,500,857,0,3,13.774784937212429,1.9244449795223773,633.4925499977544,4429.841306884481
1781647923,10,GET,/users/{user_id},4.500000,0.000000,3,3,3,4,4,4,38,38,38,38,38,328,0,3,3.0930089697216228,1.6565429978072643,37.53266599960625,265.2164634146341
1781647923,10,,Aggregated,44.700000,0.000000,3,3,4,4,4,35,390,510,750,750,750,3357,0,3,11.669646958866783,1.6565429978072643,910.397345025558,4873.17217753947
1781647924,10,GET,/feed/{user_id},16.900000,0.000000,3,3,4,4,4,4,6,9,11,11,11,1337,0,3,3.3158429498182054,1.882922020740807,58.05084898020141,5693.976065818998
1781647924,10,GET,/feed/{user_id}?with_fof=true,9.900000,0.000000,3,3,4,4,4,390,730,750,750,750,750,683,0,3,31.20954427527234,2.0343890064395964,910.397345025558,7357.749633967789
1781647924,10,POST,/likes,0.500000,0.000000,4,4,5,5,11,11,11,11,11,11,11,70,0,4,3.901442712854727,2.6785539812408388,10.567196004558355,179.81428571428572
1781647924,10,POST,/posts,1.300000,0.000000,3,4,4,4,4,4,4,4,4,4,4,116,0,3,3.8123639646199017,2.431503002298996,28.634571994189173,227.48275862068965
1781647924,10,GET,/timeline/{user_id},11.900000,0.000000,3,3,4,4,4,180,200,200,210,210,210,865,0,3,13.674452733194638,1.9244449795223773,633.4925499977544,4442.804624277456
1781647924,10,GET,/users/{user_id},4.500000,0.000000,3,3,3,4,4,4,5,5,5,5,5,335,0,3,3.0936803852048107,1.6565429978072643,37.53266599960625,265.25671641791047
1781647924,10,,Aggregated,45.000000,0.000000,3,3,4,4,4,5,290,390,750,750,750,3406,0,3,11.547128748376588,1.6565429978072643,910.397345025558,4876.409571344686
1781647925,10,GET,/feed/{user_id},17.200000,0.000000,3,3,4,4,4,4,6,9,11,11,11,1357,0,3,3.3172209594302995,1.882922020740807,58.05084898020141,5691.944731024319
1781647925,10,GET,/feed/{user_id}?with_fof=true,9.500000,0.000000,3,3,4,4,4,4,310,400,400,400,400,691,0,3,30.887249127317116,2.0343890064395964,910.397345025558,7365.1476121562955
1781647925,10,POST,/likes,0.500000,0.000000,4,4,4,4,5,5,5,5,5,5,5,72,0,4,3.898027151283006,2.6785539812408388,10.567196004558355,179.86111111111111
1781647925,10,POST,/posts,1.500000,0.000000,3,3,4,4,4,4,4,4,4,4,4,118,0,3,3.799752761674966,2.431503002298996,28.634571994189173,227.47457627118644
1781647925,10,GET,/timeline/{user_id},11.700000,0.000000,3,3,4,4,4,120,200,200,210,210,210,877,0,3,13.530039140424174,1.9244449795223773,633.4925499977544,4446.12086659065
1781647925,10,GET,/users/{user_id},4.600000,0.000000,3,3,3,4,4,4,5,5,5,5,5,339,0,3,3.0922433747745126,1.6565429978072643,37.53266599960625,265.24778761061947
1781647925,10,,Aggregated,45.000000,0.000000,3,3,4,4,4,5,180,210,400,400,400,3454,0,3,11.43245558769358,1.6565429978072643,910.397345025558,4876.15662999421
1781647926,10,GET,/feed/{user_id},17.000000,0.000000,3,3,3,4,4,4,6,9,11,11,11,1376,0,3,3.310430409138187,1.882922020740807,58.05084898020141,5674.410610465116
1781647926,10,GET,/feed/{user_id}?with_fof=true,9.900000,0.000000,3,3,4,4,4,4,310,400,400,400,400,701,0,3,30.924090554857344,2.0343890064395964,910.397345025558,7377.078459343795
1781647926,10,POST,/likes,0.700000,0.000000,4,4,4,4,5,5,5,5,5,5,5,72,0,4,3.898027151283006,2.6785539812408388,10.567196004558355,179.86111111111111
1781647926,10,POST,/posts,1.500000,0.000000,3,3,4,4,4,4,4,4,4,4,4,121,0,3,3.791307420508305,2.431503002298996,28.634571994189173,227.45454545454547
1781647926,10,GET,/timeline/{user_id},11.100000,0.000000,3,3,4,4,4,12,180,180,200,200,200,889,0,3,13.387367024859811,1.9244449795223773,633.4925499977544,4461.739032620922
1781647926,10,GET,/users/{user_id},5.100000,0.000000,3,3,3,4,4,5,5,5,5,5,5,345,0,3,3.097778916159861,1.6565429978072643,37.53266599960625,265.28115942028984
1781647926,10,,Aggregated,45.300000,0.000000,3,3,4,4,4,4,11,180,400,400,400,3504,0,3,11.399100709440225,1.6565429978072643,910.397345025558,4873.801655251142
1781647927,10,GET,/feed/{user_id},18.500000,0.000000,3,3,3,4,4,4,6,9,11,11,11,1391,0,3,3.3082121150311363,1.882922020740807,58.05084898020141,5665.9777138749105
1781647927,10,GET,/feed/{user_id}?with_fof=true,9.600000,0.000000,3,3,4,4,4,4,360,400,400,400,400,712,0,3,30.99105574576978,2.0343890064395964,910.397345025558,7359.904494382023
1781647927,10,POST,/likes,0.700000,0.000000,4,4,4,4,5,5,5,5,5,5,5,73,0,4,3.8977551628031755,2.6785539812408388,10.567196004558355,179.86301369863014
1781647927,10,POST,/posts,1.600000,0.000000,3,3,4,4,4,4,4,4,4,4,4,123,0,3,3.776119446251314,2.431503002298996,28.634571994189173,227.4471544715447
1781647927,10,GET,/timeline/{user_id},11.700000,0.000000,3,3,3,4,4,4,180,180,200,200,200,901,0,3,13.249063783660675,1.9244449795223773,633.4925499977544,4471.259711431742
1781647927,10,GET,/users/{user_id},5.300000,0.000000,3,3,3,4,4,5,5,5,5,5,5,351,0,3,3.087499065847372,1.6565429978072643,37.53266599960625,265.3105413105413
1781647927,10,,Aggregated,47.400000,0.000000,3,3,4,4,4,4,12,200,400,400,400,3551,0,3,11.387629457324875,1.6565429978072643,910.397345025558,4867.491410870178
1781647928,10,GET,/feed/{user_id},18.400000,0.000000,3,3,4,4,4,4,6,7,11,11,11,1407,0,3,3.3081331016517668,1.882922020740807,58.05084898020141,5650.192608386638
1781647928,10,GET,/feed/{user_id}?with_fof=true,9.500000,0.000000,3,3,3,4,4,4,360,400,400,400,400,722,0,3,30.604862487488592,2.0343890064395964,910.397345025558,7380.994459833795
1781647928,10,POST,/likes,0.800000,0.000000,4,4,4,4,5,5,5,5,5,5,5,73,0,4,3.8977551628031755,2.6785539812408388,10.567196004558355,179.86301369863014
1781647928,10,POST,/posts,1.900000,0.000000,3,3,4,4,4,4,4,4,4,4,4,123,0,3,3.776119446251314,2.431503002298996,28.634571994189173,227.4471544715447
1781647928,10,GET,/timeline/{user_id},11.500000,0.000000,3,3,3,4,4,4,180,180,200,200,200,916,0,3,13.273752244597597,1.9244449795223773,633.4925499977544,4450.434497816594
1781647928,10,GET,/users/{user_id},5.200000,0.000000,3,3,4,4,4,5,5,5,5,5,5,356,0,3,3.0874640959134494,1.6565429978072643,37.53266599960625,265.3342696629214
1781647928,10,,Aggregated,47.300000,0.000000,3,3,4,4,4,4,11,180,400,400,400,3597,0,3,11.331150148168177,1.6565429978072643,910.397345025558,4862.680567139283
1781647929,10,GET,/feed/{user_id},18.600000,0.000000,3,3,4,4,4,4,5,6,7,7,7,1426,0,3,3.303446950935295,1.882922020740807,58.05084898020141,5664.0056100981765
1781647929,10,GET,/feed/{user_id}?with_fof=true,9.000000,0.000000,3,3,3,4,4,4,360,360,360,360,360,733,0,3,30.679000978164964,2.0343890064395964,910.397345025558,7388.152796725784
1781647929,10,POST,/likes,0.700000,0.000000,4,4,4,4,4,4,4,4,4,4,4,74,0,4,3.8855982416567416,2.6785539812408388,10.567196004558355,179.83783783783784
1781647929,10,POST,/posts,1.900000,0.000000,3,3,4,4,4,4,4,4,4,4,4,126,0,3,3.7752654514781807,2.431503002298996,28.634571994189173,227.45238095238096
1781647929,10,GET,/timeline/{user_id},11.800000,0.000000,3,3,3,4,4,4,120,180,180,180,180,923,0,3,13.197646066131481,1.9244449795223773,633.4925499977544,4433.020585048754
1781647929,10,GET,/users/{user_id},5.700000,0.000000,3,3,4,4,4,5,5,5,5,5,5,359,0,3,3.0884854795481274,1.6565429978072643,37.53266599960625,265.32033426183847
1781647929,10,,Aggregated,47.700000,0.000000,3,3,4,4,4,4,5,180,360,360,360,3641,0,3,11.329808951385507,1.6565429978072643,910.397345025558,4867.147212304312
1781647930,10,GET,/feed/{user_id},18.300000,0.000000,3,3,4,4,4,4,5,6,7,7,7,1444,0,3,3.30147063986842,1.882922020740807,58.05084898020141,5668.741689750693
1781647930,10,GET,/feed/{user_id}?with_fof=true,9.300000,0.000000,3,3,3,4,4,4,360,360,360,360,360,748,0,3,30.121258449285317,2.0343890064395964,910.397345025558,7353.838235294118
1781647930,10,POST,/likes,0.700000,0.000000,4,4,4,4,4,4,4,4,4,4,4,75,0,4,3.873319491588821,2.6785539812408388,10.567196004558355,179.82666666666665
1781647930,10,POST,/posts,2.100000,0.000000,3,4,4,4,4,4,4,4,4,4,4,126,0,3,3.7752654514781807,2.431503002298996,28.634571994189173,227.45238095238096
1781647930,10,GET,/timeline/{user_id},11.400000,0.000000,3,3,3,4,4,4,4,180,180,180,180,933,0,3,13.088493869248888,1.9244449795223773,633.4925499977544,4416.881028938907
1781647930,10,GET,/users/{user_id},5.500000,0.000000,3,3,4,4,4,5,5,5,5,5,5,364,0,3,3.086482791711735,1.6565429978072643,37.53266599960625,265.2857142857143
1781647930,10,,Aggregated,47.300000,0.000000,3,3,3,4,4,4,5,7,360,360,360,3690,0,3,11.219309444168866,1.6565429978072643,910.397345025558,4863.413008130081
1781647931,10,GET,/feed/{user_id},18.600000,0.000000,3,3,4,4,4,4,5,6,7,7,7,1464,0,3,3.299816246575465,1.882922020740807,58.05084898020141,5678.936475409836
1781647931,10,GET,/feed/{user_id}?with_fof=true,9.300000,0.000000,3,3,3,3,4,4,310,360,360,360,360,765,0,3,29.522420128265676,2.0343890064395964,910.397345025558,7371.386928104575
1781647931,10,POST,/likes,0.800000,0.000000,4,4,4,4,4,4,4,4,4,4,4,75,0,4,3.873319491588821,2.6785539812408388,10.567196004558355,179.82666666666665
1781647931,10,POST,/posts,2.100000,0.000000,3,3,4,4,4,4,4,4,4,4,4,126,0,3,3.7752654514781807,2.431503002298996,28.634571994189173,227.45238095238096
1781647931,10,GET,/timeline/{user_id},11.200000,0.000000,3,3,3,3,4,4,180,180,180,180,180,943,0,3,13.172042708354336,1.9244449795223773,633.4925499977544,4408.194061505832
1781647931,10,GET,/users/{user_id},5.300000,0.000000,3,3,4,4,4,5,5,5,5,5,5,367,0,3,3.0839737388622575,1.6565429978072643,37.53266599960625,265.3024523160763
1781647931,10,,Aggregated,47.300000,0.000000,3,3,3,4,4,4,5,180,360,360,360,3740,0,3,11.159042627809017,1.6565429978072643,910.397345025558,4879.548930481284
1781647932,10,GET,/feed/{user_id},18.800000,0.000000,3,3,4,4,4,4,5,6,7,7,7,1484,0,3,3.2979228207151183,1.882922020740807,58.05084898020141,5689.117250673855
1781647932,10,GET,/feed/{user_id}?with_fof=true,9.400000,0.000000,3,3,3,4,4,4,310,360,360,360,360,773,0,3,29.249419359829734,2.0343890064395964,910.397345025558,7345.2755498059505
1781647932,10,POST,/likes,0.900000,0.000000,4,4,4,4,4,4,4,4,4,4,4,77,0,4,3.862834427061237,2.6785539812408388,10.567196004558355,179.87012987012986
1781647932,10,POST,/posts,2.100000,0.000000,3,4,4,4,4,4,4,4,4,4,4,128,0,3,3.7742703275398526,2.431503002298996,28.634571994189173,227.453125
1781647932,10,GET,/timeline/{user_id},11.000000,0.000000,3,3,3,3,4,4,190,190,190,190,190,953,0,3,13.459051131177498,1.9244449795223773,633.4925499977544,4408.980062959076
1781647932,10,GET,/users/{user_id},5.500000,0.000000,3,3,4,4,4,4,5,5,5,5,5,370,0,3,3.080955903184273,1.6565429978072643,37.53266599960625,265.3054054054054
1781647932,10,,Aggregated,47.700000,0.000000,3,3,3,4,4,4,6,190,360,360,360,3785,0,3,11.162719391304828,1.6565429978072643,910.397345025558,4878.053632760898
1781647933,10,GET,/feed/{user_id},19.000000,0.000000,3,3,4,4,4,5,5,7,14,14,14,1503,0,3,3.305367329275621,1.882922020740807,58.05084898020141,5701.459081836328
1781647933,10,GET,/feed/{user_id}?with_fof=true,10.400000,0.000000,3,3,3,3,4,4,310,360,360,360,360,782,0,3,29.32973386464662,2.0343890064395964,910.397345025558,7342.291560102301
1781647933,10,POST,/likes,0.900000,0.000000,4,4,4,4,4,4,4,4,4,4,4,78,0,4,3.8586700367233835,2.6785539812408388,10.567196004558355,179.85897435897436
1781647933,10,POST,/posts,1.900000,0.000000,3,3,4,4,4,4,4,4,4,4,4,131,0,3,3.761642900222685,2.431503002298996,28.634571994189173,227.46564885496184
1781647933,10,GET,/timeline/{user_id},10.100000,0.000000,3,3,3,3,4,4,180,190,190,190,190,965,0,3,13.327388712922787,1.9244449795223773,633.4925499977544,4409.839378238342
1781647933,10,GET,/users/{user_id},5.200000,0.000000,3,3,4,4,4,5,5,5,5,5,5,374,0,3,3.0806037038004392,1.6565429978072643,37.53266599960625,265.33957219251334
1781647933,10,,Aggregated,47.500000,0.000000,3,3,3,4,4,4,14,190,360,360,360,3833,0,3,11.142876690331429,1.6565429978072643,910.397345025558,4881.169840855727
1781647934,10,GET,/feed/{user_id},19.100000,0.000000,3,3,3,4,4,4,5,6,14,14,14,1524,0,3,3.3013001016342374,1.882922020740807,58.05084898020141,5712.818241469817
1781647934,10,GET,/feed/{user_id}?with_fof=true,10.700000,0.000000,3,3,3,4,4,11,310,360,360,360,360,794,0,3,29.318899961159993,2.0343890064395964,910.397345025558,7357.44080604534
1781647934,10,POST,/likes,1.000000,0.000000,4,4,4,4,4,4,4,4,4,4,4,78,0,4,3.8586700367233835,2.6785539812408388,10.567196004558355,179.85897435897436
1781647934,10,POST,/posts,1.800000,0.000000,3,4,4,4,4,5,5,5,5,5,5,134,0,3,3.7644424096945284,2.431503002298996,28.634571994189173,227.46268656716418
1781647934,10,GET,/timeline/{user_id},10.200000,0.000000,3,3,3,3,4,4,180,190,190,190,190,972,0,3,13.25232430344803,1.9244449795223773,633.4925499977544,4406.778806584362
1781647934,10,GET,/users/{user_id},4.900000,0.000000,3,3,3,4,4,4,5,5,5,5,5,379,0,3,3.084282921399862,1.6565429978072643,37.53266599960625,265.3482849604222
1781647934,10,,Aggregated,47.700000,0.000000,3,3,3,4,4,4,180,300,360,360,360,3881,0,3,11.12239163101704,1.6565429978072643,910.397345025558,4889.618139654728
1781647935,10,GET,/feed/{user_id},18.500000,0.000000,3,3,3,4,4,4,5,6,14,14,14,1541,0,3,3.2989073964281554,1.882922020740807,58.05084898020141,5726.777417261518
1781647935,10,GET,/feed/{user_id}?with_fof=true,10.900000,0.000000,3,3,3,3,4,4,300,360,360,360,360,803,0,3,29.024638448574244,2.0343890064395964,910.397345025558,7365.4744707347445
1781647935,10,POST,/likes,0.900000,0.000000,3,4,4,4,4,4,4,4,4,4,4,81,0,4,3.8387353192830895,2.6785539812408388,10.567196004558355,179.8148148148148
1781647935,10,POST,/posts,2.000000,0.000000,3,4,4,4,4,5,5,5,5,5,5,135,0,3,3.759434747432048,2.431503002298996,28.634571994189173,227.45925925925926
1781647935,10,GET,/timeline/{user_id},10.500000,0.000000,3,3,3,3,4,4,180,190,190,190,190,984,0,3,13.283453575174308,1.9244449795223773,633.4925499977544,4408.606707317073
1781647935,10,GET,/users/{user_id},4.800000,0.000000,3,3,3,3,4,4,5,5,5,5,5,385,0,3,3.0781182344071567,1.6565429978072643,37.53266599960625,265.35324675324676
1781647935,10,,Aggregated,47.600000,0.000000,3,3,3,4,4,4,160,190,360,360,360,3929,0,3,11.062574716743303,1.6565429978072643,910.397345025558,4893.087808602698
1781647936,10,GET,/feed/{user_id},18.800000,0.000000,3,3,3,4,4,4,5,6,14,14,14,1561,0,3,3.2957161261466217,1.882922020740807,58.05084898020141,5741.030108904549
1781647936,10,GET,/feed/{user_id}?with_fof=true,10.900000,0.000000,3,3,3,3,4,4,300,300,360,360,360,814,0,3,28.67176844864993,2.0343890064395964,910.397345025558,7349.557739557739
1781647936,10,POST,/likes,0.800000,0.000000,3,4,4,4,4,4,4,4,4,4,4,81,0,4,3.8387353192830895,2.6785539812408388,10.567196004558355,179.8148148148148
1781647936,10,POST,/posts,1.800000,0.000000,3,4,4,4,4,5,5,5,5,5,5,135,0,3,3.759434747432048,2.431503002298996,28.634571994189173,227.45925925925926
1781647936,10,GET,/timeline/{user_id},10.700000,0.000000,3,3,3,3,4,160,180,190,190,190,190,1001,0,3,13.284275154823895,1.9244449795223773,633.4925499977544,4408.652347652348
1781647936,10,GET,/users/{user_id},4.300000,0.000000,3,3,3,3,4,4,4,4,4,4,4,391,0,3,3.071510573522166,1.6565429978072643,37.53266599960625,265.3145780051151
1781647936,10,,Aggregated,47.300000,0.000000,3,3,3,4,4,4,14,190,360,360,360,3983,0,3,10.996839996511943,1.6565429978072643,910.397345025558,4897.403715792117
1781647937,10,GET,/feed/{user_id},18.200000,0.000000,3,3,3,4,4,4,5,7,14,14,14,1583,0,3,3.2956823846538548,1.882922020740807,58.05084898020141,5727.406190777006
1781647937,10,GET,/feed/{user_id}?with_fof=true,11.200000,0.000000,3,3,3,3,4,4,300,300,360,360,360,821,0,3,28.455399453311582,2.0343890064395964,910.397345025558,7366.492082825822
1781647937,10,POST,/likes,1.000000,0.000000,3,4,4,4,4,4,4,4,4,4,4,82,0,4,3.8350040714892493,2.6785539812408388,10.567196004558355,179.8048780487805
1781647937,10,POST,/posts,1.800000,0.000000,3,4,4,4,4,5,5,5,5,5,5,135,0,3,3.759434747432048,2.431503002298996,28.634571994189173,227.45925925925926
1781647937,10,GET,/timeline/{user_id},10.600000,0.000000,3,3,3,3,4,160,180,190,190,190,190,1014,0,3,13.166965941809663,1.9244449795223773,633.4925499977544,4412.495069033531
1781647937,10,GET,/users/{user_id},4.600000,0.000000,3,3,3,3,4,4,4,4,4,4,4,395,0,3,3.065982107014124,1.6565429978072643,37.53266599960625,265.3139240506329
1781647937,10,,Aggregated,47.400000,0.000000,3,3,3,4,4,4,17,190,360,360,360,4030,0,3,10.909009575212627,1.6565429978072643,910.397345025558,4897.988585607941
1781647938,10,GET,/feed/{user_id},18.600000,0.000000,3,3,3,4,4,4,5,7,14,14,14,1604,0,3,3.291234280493115,1.882922020740807,58.05084898020141,5722.560473815462
1781647938,10,GET,/feed/{user_id}?with_fof=true,10.900000,0.000000,3,3,3,3,4,4,300,300,300,300,300,829,0,3,28.563069670908522,2.0343890064395964,910.397345025558,7354.354644149578
1781647938,10,POST,/likes,0.900000,0.000000,4,4,4,4,4,4,4,4,4,4,4,82,0,4,3.8350040714892493,2.6785539812408388,10.567196004558355,179.8048780487805
1781647938,10,POST,/posts,1.500000,0.000000,3,4,4,4,5,5,5,5,5,5,5,135,0,3,3.759434747432048,2.431503002298996,28.634571994189173,227.45925925925926
1781647938,10,GET,/timeline/{user_id},11.200000,0.000000,3,3,3,3,4,17,180,190,190,190,190,1028,0,3,13.03015566542645,1.9244449795223773,633.4925499977544,4412.137159533074
1781647938,10,GET,/users/{user_id},4.900000,0.000000,3,3,3,3,4,4,4,4,4,4,4,399,0,3,3.0602301511199292,1.6565429978072643,37.53266599960625,265.32581453634083
1781647938,10,,Aggregated,48.000000,0.000000,3,3,3,3,4,4,14,190,300,300,300,4077,0,3,10.889367285311456,1.6565429978072643,910.397345025558,4896.428746627422
1781647939,10,GET,/feed/{user_id},18.800000,0.000000,3,3,3,4,4,4,5,7,14,14,14,1629,0,3,3.287638547447807,1.882922020740807,58.05084898020141,5712.222222222223
1781647939,10,GET,/feed/{user_id}?with_fof=true,11.300000,0.000000,3,3,3,3,4,5,300,300,300,300,300,834,0,3,28.409827159641186,2.0343890064395964,910.397345025558,7358.724220623501
1781647939,10,POST,/likes,0.900000,0.000000,4,4,4,4,4,4,4,4,4,4,4,84,0,4,3.8315910579902783,2.6785539812408388,10.567196004558355,179.82142857142858
1781647939,10,POST,/posts,1.400000,0.000000,3,4,4,4,5,5,5,5,5,5,5,135,0,3,3.759434747432048,2.431503002298996,28.634571994189173,227.45925925925926
1781647939,10,GET,/timeline/{user_id},11.000000,0.000000,3,3,3,3,4,17,180,190,190,190,190,1036,0,3,12.951590155430441,1.9244449795223773,633.4925499977544,4423.316602316602
1781647939,10,GET,/users/{user_id},4.400000,0.000000,3,3,3,3,3,4,4,4,4,4,4,405,0,3,3.0565078131693566,1.6565429978072643,37.53266599960625,265.30864197530866
1781647939,10,,Aggregated,47.800000,0.000000,3,3,3,3,4,4,14,190,300,300,300,4123,0,3,10.801472095577799,1.6565429978072643,910.397345025558,4894.058695124909
1781647940,10,GET,/feed/{user_id},19.900000,0.000000,3,3,3,3,4,4,5,7,14,14,14,1652,0,3,3.2829676021398417,1.882922020740807,58.05084898020141,5700.168886198548
1781647940,10,GET,/feed/{user_id}?with_fof=true,10.500000,0.000000,3,3,3,4,4,5,300,300,300,300,300,842,0,3,28.17077165222179,2.0343890064395964,910.397345025558,7374.732779097387
1781647940,10,POST,/likes,0.900000,0.000000,4,4,4,4,4,4,4,4,4,4,4,85,0,4,3.823837563258541,2.6785539812408388,10.567196004558355,179.83529411764707
1781647940,10,POST,/posts,1.200000,0.000000,3,3,4,4,5,5,5,5,5,5,5,135,0,3,3.759434747432048,2.431503002298996,28.634571994189173,227.45925925925926
1781647940,10,GET,/timeline/{user_id},11.000000,0.000000,3,3,3,3,4,17,180,190,190,190,190,1052,0,3,12.970277934419054,1.9244449795223773,633.4925499977544,4420.432509505704
1781647940,10,GET,/users/{user_id},4.400000,0.000000,3,3,3,3,3,4,4,4,4,4,4,407,0,3,3.0552719909061636,1.6565429978072643,37.53266599960625,265.31695331695335
1781647940,10,,Aggregated,47.900000,0.000000,3,3,3,3,4,4,14,190,300,300,300,4173,0,3,10.751025684398208,1.6565429978072643,910.397345025558,4895.872513779056
1781647941,10,GET,/feed/{user_id},20.300000,0.000000,3,3,3,3,4,4,5,7,14,14,14,1671,0,3,3.28178965397202,1.882922020740807,58.05084898020141,5717.146020347098
1781647941,10,GET,/feed/{user_id}?with_fof=true,10.600000,0.000000,3,3,3,4,4,240,300,300,300,300,300,848,0,3,28.27240991764312,2.0343890064395964,910.397345025558,7366.443396226415
1781647941,10,POST,/likes,0.800000,0.000000,4,4,4,4,4,4,4,4,4,4,4,86,0,4,3.8230122773648176,2.6785539812408388,10.567196004558355,179.8372093023256
1781647941,10,POST,/posts,1.000000,0.000000,3,3,4,4,5,5,5,5,5,5,5,136,0,3,3.7569732566600362,2.431503002298996,28.634571994189173,227.4485294117647
1781647941,10,GET,/timeline/{user_id},11.200000,0.000000,3,3,3,3,4,160,190,190,190,190,190,1063,0,3,13.038618892762216,1.9244449795223773,633.4925499977544,4412.831608654751
1781647941,10,GET,/users/{user_id},4.400000,0.000000,3,3,3,3,3,4,4,4,4,4,4,412,0,3,3.053686760554714,1.6565429978072643,37.53266599960625,265.31553398058253
1781647941,10,,Aggregated,48.300000,0.000000,3,3,3,3,4,4,180,190,300,300,300,4216,0,3,10.772479214673275,1.6565429978072643,910.397345025558,4897.211574952562
1781647942,10,GET,/feed/{user_id},20.800000,0.000000,3,3,3,3,4,4,5,5,7,7,7,1695,0,3,3.2785302747328076,1.882922020740807,58.05084898020141,5727.286725663716
1781647942,10,GET,/feed/{user_id}?with_fof=true,9.600000,0.000000,3,3,3,3,4,240,300,300,300,300,300,855,0,3,28.41249243172474,2.0343890064395964,910.397345025558,7351.929824561404
1781647942,10,POST,/likes,1.000000,0.000000,4,4,4,4,4,4,4,4,4,4,4,86,0,4,3.8230122773648176,2.6785539812408388,10.567196004558355,179.8372093023256
1781647942,10,POST,/posts,0.900000,0.000000,4,4,4,4,5,5,5,5,5,5,5,139,0,3,3.754576207716487,2.431503002298996,28.634571994189173,227.46043165467626
1781647942,10,GET,/timeline/{user_id},11.700000,0.000000,3,3,3,3,4,4,180,180,190,190,190,1072,0,3,12.954898619397287,1.9244449795223773,633.4925499977544,4421.035447761194
1781647942,10,GET,/users/{user_id},4.300000,0.000000,3,3,3,3,3,4,4,4,4,4,4,415,0,3,3.0518896249403435,1.6565429978072643,37.53266599960625,265.32289156626507
1781647942,10,,Aggregated,48.300000,0.000000,3,3,3,3,4,4,17,190,300,300,300,4262,0,3,10.75894896946665,1.6565429978072643,910.397345025558,4901.5
1781647943,10,GET,/feed/{user_id},20.600000,0.000000,3,3,3,3,4,4,5,5,11,11,11,1714,0,3,3.2820136479992916,1.882922020740807,58.05084898020141,5731.563593932322
1781647943,10,GET,/feed/{user_id}?with_fof=true,8.900000,0.000000,3,3,3,4,4,240,300,330,330,330,330,866,0,3,28.472823157191907,2.0343890064395964,910.397345025558,7363.114318706697
1781647943,10,POST,/likes,1.100000,0.000000,4,4,4,4,4,4,4,4,4,4,4,88,0,4,3.817281793916746,2.6785539812408388,10.567196004558355,179.82954545454547
1781647943,10,POST,/posts,1.000000,0.000000,4,4,4,4,4,4,4,4,4,4,4,143,0,3,3.7489828594204795,2.431503002298996,28.634571994189173,227.46153846153845
1781647943,10,GET,/timeline/{user_id},11.600000,0.000000,3,3,3,3,4,4,180,180,190,190,190,1078,0,3,12.898923551010622,1.9244449795223773,633.4925499977544,4416.094619666048
1781647943,10,GET,/users/{user_id},4.400000,0.000000,3,3,3,3,3,4,4,4,4,4,4,419,0,3,3.0495074757809366,1.6565429978072643,37.53266599960625,265.34606205250594
1781647943,10,,Aggregated,47.600000,0.000000,3,3,3,3,4,4,17,190,330,330,330,4308,0,3,10.756184961444392,1.6565429978072643,910.397345025558,4902.60886722377
1781647944,10,GET,/feed/{user_id},20.700000,0.000000,3,3,3,3,4,4,5,7,11,11,11,1732,0,3,3.278640306377423,1.882922020740807,58.05084898020141,5735.2557736720555
1781647944,10,GET,/feed/{user_id}?with_fof=true,8.200000,0.000000,3,3,3,4,4,300,300,330,330,330,330,872,0,3,28.6389266159049,2.0343890064395964,910.397345025558,7370.978211009175
1781647944,10,POST,/likes,1.000000,0.000000,4,4,4,4,4,4,4,4,4,4,4,88,0,4,3.817281793916746,2.6785539812408388,10.567196004558355,179.82954545454547
1781647944,10,POST,/posts,1.200000,0.000000,4,4,4,4,4,4,4,4,4,4,4,144,0,3,3.7475906034766617,2.431503002298996,28.634571994189173,227.45833333333334
1781647944,10,GET,/timeline/{user_id},12.100000,0.000000,3,3,3,3,4,4,180,180,190,190,190,1091,0,3,12.777523408766825,1.9244449795223773,633.4925499977544,4413.282309807516
1781647944,10,GET,/users/{user_id},4.600000,0.000000,3,3,3,3,4,4,5,5,5,5,5,431,0,3,3.045045476492706,1.6565429978072643,37.53266599960625,265.3619489559165
1781647944,10,,Aggregated,47.800000,0.000000,3,3,3,3,4,4,17,240,330,330,330,4358,0,3,10.734285338185646,1.6565429978072643,910.397345025558,4896.465580541533
1781647945,10,GET,/feed/{user_id},21.000000,0.000000,3,3,3,4,4,4,5,7,11,11,11,1749,0,3,3.2763154102939835,1.882922020740807,58.05084898020141,5729.116066323613
1781647945,10,GET,/feed/{user_id}?with_fof=true,8.300000,0.000000,3,3,4,4,5,300,300,330,330,330,330,881,0,3,28.718053067137912,2.0343890064395964,910.397345025558,7369.321225879682
1781647945,10,POST,/likes,1.100000,0.000000,4,4,4,4,4,4,4,4,4,4,4,88,0,4,3.817281793916746,2.6785539812408388,10.567196004558355,179.82954545454547
1781647945,10,POST,/posts,1.000000,0.000000,4,4,4,4,4,4,4,4,4,4,4,146,0,3,3.7477805541528464,2.431503002298996,28.634571994189173,227.43835616438355
1781647945,10,GET,/timeline/{user_id},11.700000,0.000000,3,3,3,3,4,4,17,180,190,190,190,1101,0,3,12.689561543107112,1.9244449795223773,633.4925499977544,4404.521344232516
1781647945,10,GET,/users/{user_id},4.500000,0.000000,3,3,3,3,4,4,5,5,5,5,5,436,0,3,3.0417843219699177,1.6565429978072643,37.53266599960625,265.36009174311926
1781647945,10,,Aggregated,47.600000,0.000000,3,3,3,4,4,4,17,300,330,330,330,4401,0,3,10.72742612744001,1.6565429978072643,910.397345025558,4891.320608952511
1781647946,10,GET,/feed/{user_id},21.300000,0.000000,3,3,3,4,4,4,4,7,11,11,11,1770,0,3,3.274308777733911,1.882922020740807,58.05084898020141,5729.152542372882
1781647946,10,GET,/feed/{user_id}?with_fof=true,8.100000,0.000000,3,3,4,4,8,300,330,370,370,370,370,897,0,3,28.671643440501345,2.0343890064395964,910.397345025558,7386.979933110368
1781647946,10,POST,/likes,1.000000,0.000000,4,4,4,4,4,4,4,4,4,4,4,89,0,4,3.8126584370045014,2.6785539812408388,10.567196004558355,179.8314606741573
1781647946,10,POST,/posts,1.000000,0.000000,4,4,4,4,4,4,4,4,4,4,4,146,0,3,3.7477805541528464,2.431503002298996,28.634571994189173,227.43835616438355
1781647946,10,GET,/timeline/{user_id},11.800000,0.000000,3,3,3,3,4,4,24,180,190,190,190,1109,0,3,12.636499512164683,1.9244449795223773,633.4925499977544,4399.571686203787
1781647946,10,GET,/users/{user_id},4.700000,0.000000,3,3,3,3,4,4,5,5,5,5,5,441,0,3,3.0386507831347047,1.6565429978072643,37.53266599960625,265.3741496598639
1781647946,10,,Aggregated,47.900000,0.000000,3,3,3,4,4,4,180,300,370,370,370,4452,0,3,10.726508584652175,1.6565429978072643,910.397345025558,4899.390610961365
1781647947,10,GET,/feed/{user_id},20.900000,0.000000,3,3,3,4,4,4,4,8,11,11,11,1784,0,3,3.2741342178505954,1.882922020740807,58.05084898020141,5735.654147982063
1781647947,10,GET,/feed/{user_id}?with_fof=true,8.100000,0.000000,3,3,3,4,5,300,330,370,370,370,370,911,0,3,28.2754592656459,2.0343890064395964,910.397345025558,7396.568605927552
1781647947,10,POST,/likes,0.700000,0.000000,4,4,4,4,4,4,4,4,4,4,4,90,0,4,3.8095581878830367,2.6785539812408388,10.567196004558355,179.82222222222222
1781647947,10,POST,/posts,0.900000,0.000000,4,4,4,4,4,4,4,4,4,4,4,147,0,3,3.739831339548893,2.431503002298996,28.634571994189173,227.43537414965985
1781647947,10,GET,/timeline/{user_id},11.700000,0.000000,3,3,3,3,4,4,24,180,190,190,190,1122,0,3,12.527804068635623,1.9244449795223773,633.4925499977544,4414.729055258467
1781647947,10,GET,/users/{user_id},4.900000,0.000000,3,3,3,3,4,4,5,5,5,5,5,444,0,3,3.0339664376738296,1.6565429978072643,37.53266599960625,265.3918918918919
1781647947,10,,Aggregated,47.200000,0.000000,3,3,3,4,4,4,180,300,370,370,370,4498,0,3,10.648264015742193,1.6565429978072643,910.397345025558,4911.395731436194
1781647948,10,GET,/feed/{user_id},20.700000,0.000000,3,3,3,4,4,4,4,8,11,11,11,1805,0,3,3.2714133593318286,1.882922020740807,58.05084898020141,5746.582271468144
1781647948,10,GET,/feed/{user_id}?with_fof=true,8.200000,0.000000,3,3,3,4,5,300,330,370,370,370,370,922,0,3,28.228996584661367,2.0343890064395964,910.397345025558,7403.81453362256
1781647948,10,POST,/likes,0.800000,0.000000,3,4,4,4,4,4,4,4,4,4,4,92,0,4,3.796953325154786,2.6785539812408388,10.567196004558355,179.83695652173913
1781647948,10,POST,/posts,1.100000,0.000000,4,4,4,4,4,4,4,4,4,4,4,149,0,3,3.7369375230803863,2.431503002298996,28.634571994189173,227.4496644295302
1781647948,10,GET,/timeline/{user_id},11.000000,0.000000,3,3,3,3,4,4,180,190,190,190,190,1129,0,3,12.468247199232053,1.9244449795223773,633.4925499977544,4417.244464127546
1781647948,10,GET,/users/{user_id},5.000000,0.000000,3,3,3,3,4,4,4,5,5,5,5,453,0,3,3.0268873384882333,1.6565429978072643,37.53266599960625,265.3774834437086
1781647948,10,,Aggregated,46.800000,0.000000,3,3,3,3,4,4,180,300,370,370,370,4550,0,3,10.61230558544464,1.6565429978072643,910.397345025558,4913.542417582417
1781647949,10,GET,/feed/{user_id},20.300000,0.000000,3,3,3,4,4,4,5,11,25,25,25,1824,0,3,3.2824589772740422,1.882922020740807,58.05084898020141,5751.185307017544
1781647949,10,GET,/feed/{user_id}?with_fof=true,8.800000,0.000000,3,3,3,4,5,300,330,370,370,370,370,929,0,3,28.057857134617038,2.0343890064395964,910.397345025558,7405.4617868676
1781647949,10,POST,/likes,0.800000,0.000000,3,4,4,4,4,4,4,4,4,4,4,92,0,4,3.796953325154786,2.6785539812408388,10.567196004558355,179.83695652173913
1781647949,10,POST,/posts,1.100000,0.000000,4,4,4,4,4,4,4,4,4,4,4,150,0,3,3.7309291328225904,2.431503002298996,28.634571994189173,227.45333333333335
1781647949,10,GET,/timeline/{user_id},11.000000,0.000000,3,3,3,3,4,4,24,190,190,190,190,1146,0,3,12.326601261745799,1.9244449795223773,633.4925499977544,4415.277486910994
1781647949,10,GET,/users/{user_id},5.000000,0.000000,3,3,3,3,4,4,4,5,5,5,5,457,0,3,3.0239247906743194,1.6565429978072643,37.53266599960625,265.38074398249455
1781647949,10,,Aggregated,47.000000,0.000000,3,3,3,4,4,4,25,300,370,370,370,4598,0,3,10.54156855235832,1.6565429978072643,910.397345025558,4915.547194432362
1781647950,10,GET,/feed/{user_id},19.500000,0.000000,3,3,3,4,4,4,5,11,25,25,25,1846,0,3,3.280663910941932,1.882922020740807,58.05084898020141,5767.526002166847
1781647950,10,GET,/feed/{user_id}?with_fof=true,9.500000,0.000000,3,3,3,3,4,300,330,370,370,370,370,940,0,3,27.76076377451821,2.0343890064395964,910.397345025558,7369.577659574468
1781647950,10,POST,/likes,0.900000,0.000000,4,4,4,4,4,4,4,4,4,4,4,93,0,4,3.79580447214946,2.6785539812408388,10.567196004558355,179.83870967741936
1781647950,10,POST,/posts,1.200000,0.000000,4,4,4,4,4,4,4,4,4,4,4,150,0,3,3.7309291328225904,2.431503002298996,28.634571994189173,227.45333333333335
1781647950,10,GET,/timeline/{user_id},10.700000,0.000000,3,3,3,3,4,5,190,190,190,190,190,1155,0,3,12.413133090025307,1.9244449795223773,633.4925499977544,4421.91341991342
1781647950,10,GET,/users/{user_id},5.200000,0.000000,3,3,3,3,4,4,4,5,5,5,5,464,0,3,3.017823246472258,1.6565429978072643,37.53266599960625,265.3836206896552
1781647950,10,,Aggregated,47.000000,0.000000,3,3,3,4,4,4,24,300,370,370,370,4648,0,3,10.4994215617086,1.6565429978072643,910.397345025558,4917.286359724612
1781647951,10,GET,/feed/{user_id},19.300000,0.000000,3,3,3,4,4,4,5,11,25,25,25,1863,0,3,3.2799097142153295,1.882922020740807,58.05084898020141,5775.597960279119
1781647951,10,GET,/feed/{user_id}?with_fof=true,9.400000,0.000000,3,3,3,3,4,300,360,370,370,370,370,948,0,3,27.92500353798114,2.0343890064395964,910.397345025558,7368.997890295359
1781647951,10,POST,/likes,1.000000,0.000000,3,4,4,4,4,4,4,4,4,4,4,94,0,4,3.785091552306264,2.6785539812408388,10.567196004558355,179.8404255319149
1781647951,10,POST,/posts,1.400000,0.000000,4,4,4,4,4,4,4,4,4,4,4,151,0,3,3.729802887078794,2.431503002298996,28.634571994189173,227.46357615894038
1781647951,10,GET,/timeline/{user_id},10.700000,0.000000,3,3,3,3,4,5,190,190,190,190,190,1168,0,3,12.463339437464091,1.9244449795223773,633.4925499977544,4434.135273972603
1781647951,10,GET,/users/{user_id},5.300000,0.000000,3,3,3,3,4,4,4,5,5,5,5,470,0,3,3.0143190029775724,1.6565429978072643,37.53266599960625,265.35744680851064
1781647951,10,,Aggregated,47.100000,0.000000,3,3,3,3,4,4,25,300,370,370,370,4694,0,3,10.540324752409989,1.6565429978072643,910.397345025558,4921.344056242011
1781647952,10,GET,/feed/{user_id},18.900000,0.000000,3,3,3,4,4,4,5,11,25,25,25,1880,0,3,3.2770406242715135,1.882922020740807,58.05084898020141,5773.072340425532
1781647952,10,GET,/feed/{user_id}?with_fof=true,9.900000,0.000000,3,3,3,3,4,240,360,370,370,370,370,961,0,3,27.58883934130778,2.0343890064395964,910.397345025558,7363.559833506763
1781647952,10,POST,/likes,0.800000,0.000000,3,3,4,4,4,4,4,4,4,4,4,95,0,4,3.7785006307163522,2.6785539812408388,10.567196004558355,179.8421052631579
1781647952,10,POST,/posts,1.500000,0.000000,4,4,4,4,4,4,4,4,4,4,4,152,0,3,3.7271124207396307,2.431503002298996,28.634571994189173,227.45394736842104
1781647952,10,GET,/timeline/{user_id},10.600000,0.000000,3,3,3,3,4,4,24,190,190,190,190,1183,0,3,12.342104734538008,1.9244449795223773,633.4925499977544,4432.259509721048
1781647952,10,GET,/users/{user_id},5.600000,0.000000,3,3,3,3,3,4,4,5,5,5,5,473,0,3,3.0120055864483364,1.6565429978072643,37.53266599960625,265.3551797040169
1781647952,10,,Aggregated,47.300000,0.000000,3,3,3,3,4,4,22,240,370,370,370,4744,0,3,10.460492869276186,1.6565429978072643,910.397345025558,4922.068086003373
1781647953,10,GET,/feed/{user_id},19.400000,0.000000,3,3,3,4,4,4,5,17,25,25,25,1895,0,3,3.283418425697327,1.882922020740807,58.05084898020141,5788.9345646438
1781647953,10,GET,/feed/{user_id}?with_fof=true,9.700000,0.000000,3,3,3,3,4,8,300,360,370,370,370,971,0,3,27.33423668173277,2.0343890064395964,910.397345025558,7352.070030895983
1781647953,10,POST,/likes,0.800000,0.000000,3,4,4,4,13,13,13,13,13,13,13,98,0,4,3.8739109993318324,2.6785539812408388,13.447962002828717,179.85714285714286
1781647953,10,POST,/posts,1.500000,0.000000,3,4,4,4,4,4,4,4,4,4,4,154,0,3,3.716778791964647,2.431503002298996,28.634571994189173,227.44805194805195
1781647953,10,GET,/timeline/{user_id},10.400000,0.000000,3,3,3,3,4,5,190,190,200,200,200,1198,0,3,12.38362725040112,1.9244449795223773,633.4925499977544,4429.556761268781
1781647953,10,GET,/users/{user_id},5.800000,0.000000,3,3,3,3,3,4,4,4,4,4,4,478,0,3,3.0083266849421104,1.6565429978072643,37.53266599960625,265.336820083682
1781647953,10,,Aggregated,47.600000,0.000000,3,3,3,3,4,4,22,200,370,370,370,4794,0,3,10.427454015006028,1.6565429978072643,910.397345025558,4921.773884021693
1781647954,10,GET,/feed/{user_id},19.000000,0.000000,3,3,3,4,4,4,5,17,25,25,25,1908,0,3,3.282806773910292,1.882922020740807,58.05084898020141,5800.809224318658
1781647954,10,GET,/feed/{user_id}?with_fof=true,10.100000,0.000000,3,3,3,3,4,4,240,360,370,370,370,981,0,3,27.086104589217047,2.0343890064395964,910.397345025558,7354.639143730887
1781647954,10,POST,/likes,0.900000,0.000000,3,4,4,4,13,13,13,13,13,13,13,98,0,4,3.8739109993318324,2.6785539812408388,13.447962002828717,179.85714285714286
1781647954,10,POST,/posts,1.400000,0.000000,3,4,4,4,4,4,4,4,4,4,4,157,0,3,3.7077824074617785,2.431503002298996,28.634571994189173,227.47133757961782
1781647954,10,GET,/timeline/{user_id},10.600000,0.000000,3,3,3,3,4,5,190,190,200,200,200,1211,0,3,12.281163412822652,1.9244449795223773,633.4925499977544,4427.548307184145
1781647954,10,GET,/users/{user_id},5.700000,0.000000,3,3,3,3,3,4,4,4,4,4,4,486,0,3,3.002623309596411,1.6565429978072643,37.53266599960625,265.34567901234567
1781647954,10,,Aggregated,47.700000,0.000000,3,3,3,3,4,4,17,190,370,370,370,4841,0,3,10.355007821512263,1.6565429978072643,910.397345025558,4921.896922123528
1781647955,10,GET,/feed/{user_id},18.100000,0.000000,3,3,3,4,4,4,5,17,25,25,25,1924,0,3,3.2803347575869855,1.882922020740807,58.05084898020141,5809.672037422038
1781647955,10,GET,/feed/{user_id}?with_fof=true,10.600000,0.000000,3,3,3,3,4,4,22,240,360,360,360,992,0,3,26.817550417358543,2.0343890064395964,910.397345025558,7348.4324596774195
1781647955,10,POST,/likes,0.800000,0.000000,3,4,4,4,13,13,13,13,13,13,13,98,0,4,3.8739109993318324,2.6785539812408388,13.447962002828717,179.85714285714286
1781647955,10,POST,/posts,1.100000,0.000000,3,4,4,4,4,4,4,4,4,4,4,159,0,3,3.706148119406107,2.431503002298996,28.634571994189173,227.45283018867926
1781647955,10,GET,/timeline/{user_id},11.800000,0.000000,3,3,3,3,4,5,190,190,200,200,200,1230,0,3,12.429177278806115,1.9244449795223773,633.4925499977544,4410.226829268293
1781647955,10,GET,/users/{user_id},5.700000,0.000000,3,3,3,3,3,4,4,4,4,4,4,490,0,3,2.999264225470643,1.6565429978072643,37.53266599960625,265.3142857142857
1781647955,10,,Aggregated,48.100000,0.000000,3,3,3,3,4,4,22,190,360,360,360,4893,0,3,10.34964693234197,1.6565429978072643,910.397345025558,4920.4635193133045
1781647956,10,GET,/feed/{user_id},17.500000,0.000000,3,3,3,4,4,4,5,17,25,25,25,1943,0,3,3.2772360383433483,1.882922020740807,58.05084898020141,5798.4410705095215
1781647956,10,GET,/feed/{user_id}?with_fof=true,10.900000,0.000000,3,3,3,3,4,4,240,360,360,360,360,1005,0,3,26.508552445717324,2.0343890064395964,910.397345025558,7339.04776119403
1781647956,10,POST,/likes,1.000000,0.000000,3,4,4,4,13,13,13,13,13,13,13,98,0,4,3.8739109993318324,2.6785539812408388,13.447962002828717,179.85714285714286
1781647956,10,POST,/posts,1.300000,0.000000,3,4,4,4,4,4,4,4,4,4,4,159,0,3,3.706148119406107,2.431503002298996,28.634571994189173,227.45283018867926
1781647956,10,GET,/timeline/{user_id},11.700000,0.000000,3,3,3,3,4,5,190,190,200,200,200,1243,0,3,12.330394259821444,1.9244449795223773,633.4925499977544,4409.18020917136
1781647956,10,GET,/users/{user_id},5.800000,0.000000,3,3,3,3,3,4,4,4,4,4,4,494,0,3,2.9994629867618094,1.6565429978072643,37.53266599960625,265.3218623481781
1781647956,10,,Aggregated,48.200000,0.000000,3,3,3,3,4,4,17,190,360,360,360,4942,0,3,10.276426636945672,1.6565429978072643,910.397345025558,4918.572440307567
1781647957,10,GET,/feed/{user_id},17.300000,0.000000,3,3,3,4,4,4,5,17,25,25,25,1958,0,3,3.2768584027102996,1.882922020740807,58.05084898020141,5789.592441266598
1781647957,10,GET,/feed/{user_id}?with_fof=true,10.800000,0.000000,3,3,3,3,3,4,22,360,360,360,360,1017,0,3,26.229905186779842,2.0343890064395964,910.397345025558,7336.362831858407
1781647957,10,POST,/likes,1.000000,0.000000,4,4,4,4,13,13,13,13,13,13,13,99,0,4,3.871706120653379,2.6785539812408388,13.447962002828717,179.84848484848484
1781647957,10,POST,/posts,1.500000,0.000000,4,4,4,4,4,4,4,4,4,4,4,161,0,3,3.7028892112169878,2.431503002298996,28.634571994189173,227.45962732919256
1781647957,10,GET,/timeline/{user_id},12.600000,0.000000,3,3,3,3,4,4,190,190,200,200,200,1254,0,3,12.247797028721196,1.9244449795223773,633.4925499977544,4401.861244019139
1781647957,10,GET,/users/{user_id},5.400000,0.000000,3,3,3,3,3,4,4,4,4,4,4,502,0,3,2.9937911523479146,1.6565429978072643,37.53266599960625,265.32868525896413
1781647957,10,,Aggregated,48.600000,0.000000,3,3,3,3,4,4,13,190,360,360,360,4991,0,3,10.20496634520287,1.6565429978072643,910.397345025558,4909.769184532158
1781647958,10,GET,/feed/{user_id},17.600000,0.000000,3,3,3,4,4,4,5,5,17,17,17,1983,0,3,3.2750608151944367,1.882922020740807,58.05084898020141,5790.433686333838
1781647958,10,GET,/feed/{user_id}?with_fof=true,11.000000,0.000000,3,3,3,3,4,4,310,360,360,360,360,1023,0,3,26.574626336217186,2.0343890064395964,910.397345025558,7315.072336265885
1781647958,10,POST,/likes,0.900000,0.000000,4,4,4,4,13,13,13,13,13,13,13,99,0,4,3.871706120653379,2.6785539812408388,13.447962002828717,179.84848484848484
1781647958,10,POST,/posts,1.300000,0.000000,3,4,4,4,4,4,4,4,4,4,4,161,0,3,3.7028892112169878,2.431503002298996,28.634571994189173,227.45962732919256
1781647958,10,GET,/timeline/{user_id},13.200000,0.000000,3,3,3,3,4,180,190,200,200,200,200,1267,0,3,12.445654483010733,1.9244449795223773,633.4925499977544,4393.151539068666
1781647958,10,GET,/users/{user_id},5.100000,0.000000,3,3,3,3,3,4,4,4,4,4,4,506,0,3,2.9918281531137167,1.6565429978072643,37.53266599960625,265.34189723320156
1781647958,10,,Aggregated,49.100000,0.000000,3,3,3,3,4,4,180,190,360,360,360,5039,0,3,10.308049550085634,1.6565429978072643,910.397345025558,4905.846596546934
1781647959,10,GET,/feed/{user_id},17.600000,0.000000,3,3,3,4,4,4,5,5,17,17,17,2002,0,3,3.2718286910586265,1.882922020740807,58.05084898020141,5784.595904095904
1781647959,10,GET,/feed/{user_id}?with_fof=true,10.500000,0.000000,3,3,3,3,4,4,310,360,360,360,360,1030,0,3,26.41367405238765,2.0343890064395964,910.397345025558,7328.877669902912
1781647959,10,POST,/likes,0.800000,0.000000,4,4,4,4,13,13,13,13,13,13,13,99,0,4,3.871706120653379,2.6785539812408388,13.447962002828717,179.84848484848484
1781647959,10,POST,/posts,1.500000,0.000000,3,4,4,4,4,4,4,4,4,4,4,161,0,3,3.7028892112169878,2.431503002298996,28.634571994189173,227.45962732919256
1781647959,10,GET,/timeline/{user_id},13.300000,0.000000,3,3,3,3,4,160,190,200,200,200,200,1281,0,3,12.462773202138006,1.9244449795223773,633.4925499977544,4391.053864168618
1781647959,10,GET,/users/{user_id},5.300000,0.000000,3,3,3,3,3,4,4,4,4,4,4,514,0,3,2.9857488726070947,1.6565429978072643,37.53266599960625,265.363813229572
1781647959,10,,Aggregated,49.000000,0.000000,3,3,3,3,4,4,160,190,360,360,360,5087,0,3,10.268377584994711,1.6565429978072643,910.397345025558,4903.728720267348
1781647960,10,GET,/feed/{user_id},17.300000,0.000000,3,3,3,3,4,4,5,5,17,17,17,2019,0,3,3.268583874978008,1.882922020740807,58.05084898020141,5781.51411589896
1781647960,10,GET,/feed/{user_id}?with_fof=true,10.400000,0.000000,3,3,3,3,4,4,310,360,360,360,360,1043,0,3,26.120884119885037,2.0343890064395964,910.397345025558,7330.52732502397
1781647960,10,POST,/likes,0.800000,0.000000,4,4,4,13,13,13,13,13,13,13,13,99,0,4,3.871706120653379,2.6785539812408388,13.447962002828717,179.84848484848484
1781647960,10,POST,/posts,1.400000,0.000000,3,4,4,4,4,4,4,4,4,4,4,162,0,3,3.7016883394738405,2.431503002298996,28.634571994189173,227.46913580246914
1781647960,10,GET,/timeline/{user_id},13.500000,0.000000,3,3,3,3,4,180,190,200,200,200,200,1293,0,3,12.514886911823403,1.9244449795223773,633.4925499977544,4388.433101314772
1781647960,10,GET,/users/{user_id},5.700000,0.000000,3,3,3,3,3,4,4,4,4,4,4,518,0,3,2.984026334961808,1.6565429978072643,37.53266599960625,265.36486486486484
1781647960,10,,Aggregated,49.100000,0.000000,3,3,3,3,4,4,180,190,360,360,360,5134,0,3,10.236423805231402,1.6565429978072643,910.397345025558,4905.5268796260225
1781647961,10,GET,/feed/{user_id},17.800000,0.000000,3,3,3,4,4,4,5,11,17,17,17,2041,0,3,3.2721163245917984,1.882922020740807,58.05084898020141,5787.71239588437
1781647961,10,GET,/feed/{user_id}?with_fof=true,10.100000,0.000000,3,3,3,3,4,4,190,310,310,310,310,1053,0,3,25.903238312488092,2.0343890064395964,910.397345025558,7338.02849002849
1781647961,10,POST,/likes,0.700000,0.000000,4,4,4,4,13,13,13,13,13,13,13,103,0,4,3.8638892131450686,2.6785539812408388,13.447962002828717,179.84466019417476
1781647961,10,POST,/posts,1.200000,0.000000,4,4,4,4,4,4,4,4,4,4,4,163,0,3,3.7009102330568813,2.431503002298996,28.634571994189173,227.46625766871165
1781647961,10,GET,/timeline/{user_id},13.600000,0.000000,3,3,3,3,4,160,190,200,200,200,200,1300,0,3,12.463114629947366,1.9244449795223773,633.4925499977544,4381.222307692307
1781647961,10,GET,/users/{user_id},5.600000,0.000000,3,3,3,3,3,4,4,5,5,5,5,522,0,3,2.985194891745178,1.6565429978072643,37.53266599960625,265.3888888888889
1781647961,10,,Aggregated,49.000000,0.000000,3,3,3,3,4,4,17,190,310,310,310,5182,0,3,10.172915683308876,1.6565429978072643,910.397345025558,4907.253570050174
1781647962,10,GET,/feed/{user_id},18.100000,0.000000,3,3,3,4,4,4,5,11,17,17,17,2060,0,3,3.2699438356890487,1.882922020740807,58.05084898020141,5787.179611650486
1781647962,10,GET,/feed/{user_id}?with_fof=true,10.100000,0.000000,3,3,3,3,4,4,190,310,310,310,310,1066,0,3,25.620942360287536,2.0343890064395964,910.397345025558,7347.264540337711
1781647962,10,POST,/likes,0.600000,0.000000,4,4,4,4,13,13,13,13,13,13,13,103,0,4,3.8638892131450686,2.6785539812408388,13.447962002828717,179.84466019417476
1781647962,10,POST,/posts,1.200000,0.000000,4,4,4,4,4,4,4,4,4,4,4,163,0,3,3.7009102330568813,2.431503002298996,28.634571994189173,227.46625766871165
1781647962,10,GET,/timeline/{user_id},13.100000,0.000000,3,3,3,3,4,160,180,190,200,200,200,1314,0,3,12.36227517342443,1.9244449795223773,633.4925499977544,4376.730593607306
1781647962,10,GET,/users/{user_id},5.300000,0.000000,3,3,3,3,4,4,5,5,5,5,5,525,0,3,2.983855524798855,1.6565429978072643,37.53266599960625,265.3752380952381
1781647962,10,,Aggregated,48.400000,0.000000,3,3,3,3,4,4,13,180,310,310,310,5231,0,3,10.105102569858014,1.6565429978072643,910.397345025558,4912.96520741732
1781647963,10,GET,/feed/{user_id},17.400000,0.000000,3,3,3,4,4,4,5,5,11,11,11,2076,0,3,3.268161476193277,1.882922020740807,58.05084898020141,5798.365606936416
1781647963,10,GET,/feed/{user_id}?with_fof=true,10.700000,0.000000,3,3,3,3,4,4,190,310,310,310,310,1073,0,3,25.47434666269426,2.0343890064395964,910.397345025558,7358.804287045667
1781647963,10,POST,/likes,0.600000,0.000000,4,4,4,4,13,13,13,13,13,13,13,104,0,4,3.855698922752009,2.6785539812408388,13.447962002828717,179.85576923076923
1781647963,10,POST,/posts,1.200000,0.000000,4,4,4,4,4,4,4,4,4,4,4,164,0,3,3.7029679266951705,2.431503002298996,28.634571994189173,227.46341463414635
1781647963,10,GET,/timeline/{user_id},13.700000,0.000000,3,3,3,3,4,160,190,190,200,200,200,1329,0,3,12.395341410731723,1.9244449795223773,633.4925499977544,4379.826937547028
1781647963,10,GET,/users/{user_id},5.200000,0.000000,3,3,3,3,4,4,4,5,5,5,5,533,0,3,2.9816266915264693,1.6565429978072643,37.53266599960625,265.390243902439
1781647963,10,,Aggregated,48.800000,0.000000,3,3,3,3,4,4,11,190,310,310,310,5279,0,3,10.075690923098781,1.6565429978072643,910.397345025558,4916.017427543095
1781647964,10,GET,/feed/{user_id},17.700000,0.000000,3,3,3,3,4,4,5,11,17,17,17,2097,0,3,3.2738609144583606,1.882922020740807,58.05084898020141,5825.5731998092515
1781647964,10,GET,/feed/{user_id}?with_fof=true,10.500000,0.000000,3,3,3,3,4,4,190,310,310,310,310,1080,0,3,25.32759047880299,2.0343890064395964,910.397345025558,7357.812037037037
1781647964,10,POST,/likes,0.800000,0.000000,4,4,4,4,13,13,13,13,13,13,13,104,0,4,3.855698922752009,2.6785539812408388,13.447962002828717,179.85576923076923
1781647964,10,POST,/posts,1.100000,0.000000,4,4,4,4,4,4,4,4,4,4,4,169,0,3,3.6929847750765927,2.431503002298996,28.634571994189173,227.44970414201183
1781647964,10,GET,/timeline/{user_id},13.400000,0.000000,3,3,3,4,4,160,180,190,200,200,200,1339,0,3,12.328334571954517,1.9244449795223773,633.4925499977544,4377.945481702764
1781647964,10,GET,/users/{user_id},5.300000,0.000000,3,3,3,3,3,4,4,5,5,5,5,538,0,3,2.9816529322995504,1.6565429978072643,37.53266599960625,265.3996282527881
1781647964,10,,Aggregated,48.800000,0.000000,3,3,3,3,4,4,11,180,310,310,310,5327,0,3,10.016136744716505,1.6565429978072643,910.397345025558,4922.970152055566
1781647965,10,GET,/feed/{user_id},18.100000,0.000000,3,3,3,3,4,4,7,11,17,17,17,2118,0,3,3.2721956796848284,1.882922020740807,58.05084898020141,5805.071293673277
1781647965,10,GET,/feed/{user_id}?with_fof=true,10.200000,0.000000,3,3,3,3,4,4,190,310,310,310,310,1091,0,3,25.10372517697362,2.0343890064395964,910.397345025558,7336.571035747021
1781647965,10,POST,/likes,0.800000,0.000000,4,4,4,4,5,5,5,5,5,5,5,106,0,4,3.858624707373685,2.6785539812408388,13.447962002828717,179.83962264150944
1781647965,10,POST,/posts,1.200000,0.000000,4,4,4,4,4,4,4,4,4,4,4,169,0,3,3.6929847750765927,2.431503002298996,28.634571994189173,227.44970414201183
1781647965,10,GET,/timeline/{user_id},12.900000,0.000000,3,3,3,3,4,5,180,190,200,200,200,1350,0,3,12.253855970274243,1.9244449795223773,633.4925499977544,4380.249629629629
1781647965,10,GET,/users/{user_id},5.400000,0.000000,3,3,3,3,4,4,4,5,5,5,5,544,0,3,2.979786828291253,1.6565429978072643,37.53266599960625,265.40625
1781647965,10,,Aggregated,48.600000,0.000000,3,3,3,3,4,4,8,180,310,310,310,5378,0,3,9.950820538877075,1.6565429978072643,910.397345025558,4911.595388620305
1781647966,10,GET,/feed/{user_id},18.600000,0.000000,3,3,3,4,4,4,7,11,17,17,17,2139,0,3,3.2713691812117904,1.882922020740807,58.05084898020141,5801.778401122019
1781647966,10,GET,/feed/{user_id}?with_fof=true,9.800000,0.000000,3,3,3,3,4,4,190,310,310,310,310,1104,0,3,24.84447915133163,2.0343890064395964,910.397345025558,7325.702898550725
1781647966,10,POST,/likes,0.600000,0.000000,4,4,4,4,5,5,5,5,5,5,5,106,0,4,3.858624707373685,2.6785539812408388,13.447962002828717,179.83962264150944
1781647966,10,POST,/posts,1.200000,0.000000,4,4,4,4,4,4,4,4,4,4,4,170,0,3,3.6919623587677695,2.431503002298996,28.634571994189173,227.45882352941177
1781647966,10,GET,/timeline/{user_id},13.000000,0.000000,3,3,3,4,4,5,180,190,200,200,200,1363,0,3,12.16639008725172,1.9244449795223773,633.4925499977544,4376.395451210565
1781647966,10,GET,/users/{user_id},5.400000,0.000000,3,3,3,3,3,4,4,5,5,5,5,547,0,3,2.9767567963425368,1.6565429978072643,37.53266599960625,265.4131627056673
1781647966,10,,Aggregated,48.600000,0.000000,3,3,3,4,4,4,8,180,310,310,310,5429,0,3,9.886440806442758,1.6565429978072643,910.397345025558,4911.6815251427515
1781647967,10,GET,/feed/{user_id},19.000000,0.000000,3,3,3,3,4,4,7,11,17,17,17,2161,0,3,3.2714496342760926,1.882922020740807,58.05084898020141,5804.477093937991
1781647967,10,GET,/feed/{user_id}?with_fof=true,9.800000,0.000000,3,3,3,3,4,4,5,300,300,300,300,1114,0,3,24.91996055120925,2.0343890064395964,910.397345025558,7322.996409335728
1781647967,10,POST,/likes,0.800000,0.000000,4,4,4,4,5,5,5,5,5,5,5,107,0,4,3.852858196151939,2.6785539812408388,13.447962002828717,179.85046728971963
1781647967,10,POST,/posts,1.000000,0.000000,4,4,4,4,4,4,4,4,4,4,4,171,0,3,3.69020921044727,2.431503002298996,28.634571994189173,227.4561403508772
1781647967,10,GET,/timeline/{user_id},12.300000,0.000000,3,3,3,4,4,4,180,180,190,190,190,1373,0,3,12.099151329207082,1.9244449795223773,633.4925499977544,4384.6001456664235
1781647967,10,GET,/users/{user_id},5.600000,0.000000,3,3,3,3,4,4,5,5,5,5,5,552,0,3,2.972486684102214,1.6565429978072643,37.53266599960625,265.4221014492754
1781647967,10,,Aggregated,48.500000,0.000000,3,3,3,4,4,4,6,160,300,300,300,5478,0,3,9.8807352574513,1.6565429978072643,910.397345025558,4915.297736400146
1781647968,10,GET,/feed/{user_id},19.400000,0.000000,3,3,3,4,4,4,7,11,17,17,17,2179,0,3,3.26748108153649,1.882922020740807,58.05084898020141,5807.14272602111
1781647968,10,GET,/feed/{user_id}?with_fof=true,9.800000,0.000000,3,3,3,3,4,4,5,300,300,300,300,1122,0,3,24.76411633074795,2.0343890064395964,910.397345025558,7314.383244206773
1781647968,10,POST,/likes,0.800000,0.000000,4,4,4,4,5,5,5,5,5,5,5,109,0,4,3.8522074219061557,2.6785539812408388,13.447962002828717,179.8348623853211
1781647968,10,POST,/posts,1.000000,0.000000,4,4,4,4,4,4,4,4,4,4,4,172,0,3,3.6898196162520582,2.431503002298996,28.634571994189173,227.45348837209303
1781647968,10,GET,/timeline/{user_id},11.900000,0.000000,3,3,3,4,4,4,180,180,190,190,190,1387,0,3,12.138745307172169,1.9244449795223773,633.4925499977544,4379.297043979813
1781647968,10,GET,/users/{user_id},5.500000,0.000000,3,3,3,3,4,5,14,14,14,14,14,558,0,3,2.9922716641789435,1.6565429978072643,37.53266599960625,265.410394265233
1781647968,10,,Aggregated,48.400000,0.000000,3,3,3,4,4,4,6,17,300,300,300,5527,0,3,9.854504561680837,1.6565429978072643,910.397345025558,4910.694771123575
1781647969,10,GET,/feed/{user_id},19.900000,0.000000,3,3,3,4,4,4,7,11,17,17,17,2199,0,3,3.2635082108329256,1.882922020740807,58.05084898020141,5807.293315143247
1781647969,10,GET,/feed/{user_id}?with_fof=true,9.700000,0.000000,3,3,3,3,4,4,5,300,300,300,300,1132,0,3,24.572374614965714,2.0343890064395964,910.397345025558,7328.407243816255
1781647969,10,POST,/likes,0.900000,0.000000,4,4,4,4,5,5,5,5,5,5,5,109,0,4,3.8522074219061557,2.6785539812408388,13.447962002828717,179.8348623853211
1781647969,10,POST,/posts,1.000000,0.000000,4,4,4,4,4,4,4,4,4,4,4,174,0,3,3.6853570631576766,2.431503002298996,28.634571994189173,227.45977011494253
1781647969,10,GET,/timeline/{user_id},11.600000,0.000000,3,3,3,4,4,4,180,180,190,190,190,1400,0,3,12.054901935064533,1.9244449795223773,633.4925499977544,4392.227142857143
1781647969,10,GET,/users/{user_id},5.300000,0.000000,3,3,3,3,4,5,14,14,14,14,14,564,0,3,2.986877437271029,1.6565429978072643,37.53266599960625,265.427304964539
1781647969,10,,Aggregated,48.400000,0.000000,3,3,3,4,4,4,6,17,300,300,300,5578,0,3,9.79114143805149,1.6565429978072643,910.397345025558,4916.456435998566
1781647970,10,GET,/feed/{user_id},20.400000,0.000000,3,3,3,3,4,4,7,11,17,17,17,2220,0,3,3.261388927280718,1.882922020740807,58.05084898020141,5809.172522522523
1781647970,10,GET,/feed/{user_id}?with_fof=true,9.500000,0.000000,3,3,3,3,4,4,300,380,380,380,380,1144,0,3,24.679632090973193,2.0343890064395964,910.397345025558,7327.228146853146
1781647970,10,POST,/likes,0.800000,0.000000,4,4,4,4,5,5,5,5,5,5,5,109,0,4,3.8522074219061557,2.6785539812408388,13.447962002828717,179.8348623853211
1781647970,10,POST,/posts,1.100000,0.000000,4,4,4,4,4,4,4,4,4,4,4,176,0,3,3.6763636475040005,2.431503002298996,28.634571994189173,227.45454545454547
1781647970,10,GET,/timeline/{user_id},12.200000,0.000000,3,3,3,4,4,4,5,180,190,190,190,1411,0,3,11.982691785284173,1.9244449795223773,633.4925499977544,4396.828490432317
1781647970,10,GET,/users/{user_id},4.700000,0.000000,3,3,3,3,4,5,14,14,14,14,14,567,0,3,2.985703923509126,1.6565429978072643,37.53266599960625,265.43386243386243
1781647970,10,,Aggregated,48.700000,0.000000,3,3,3,4,4,4,6,17,380,380,380,5627,0,3,9.799393171361409,1.6565429978072643,910.397345025558,4921.409632130798
1781647971,10,GET,/feed/{user_id},19.500000,0.000000,3,3,3,4,4,4,7,10,17,17,17,2236,0,3,3.265486044991655,1.882922020740807,58.05084898020141,5815.34481216458
1781647971,10,GET,/feed/{user_id}?with_fof=true,10.100000,0.000000,3,3,3,3,4,4,300,380,380,380,380,1155,0,3,24.47631366596783,2.0343890064395964,910.397345025558,7323.421645021645
1781647971,10,POST,/likes,1.000000,0.000000,4,4,4,4,5,5,5,5,5,5,5,112,0,4,3.854704606835315,2.6785539812408388,13.447962002828717,179.83928571428572
1781647971,10,POST,/posts,1.300000,0.000000,3,4,4,4,4,4,4,4,4,4,4,176,0,3,3.6763636475040005,2.431503002298996,28.634571994189173,227.45454545454547
1781647971,10,GET,/timeline/{user_id},12.100000,0.000000,3,3,3,4,4,4,8,180,190,190,190,1421,0,3,11.923518064093496,1.9244449795223773,633.4925499977544,4403.4975369458125
1781647971,10,GET,/users/{user_id},5.100000,0.000000,3,3,3,4,4,4,5,14,14,14,14,576,0,3,2.990750955986085,1.6565429978072643,37.53266599960625,265.4427083333333
1781647971,10,,Aggregated,49.100000,0.000000,3,3,3,4,4,4,7,17,380,380,380,5676,0,3,9.745688463432925,1.6565429978072643,910.397345025558,4921.089147286822
1781647972,10,GET,/feed/{user_id},19.700000,0.000000,3,3,3,4,4,4,8,15,17,17,17,2251,0,3,3.2707004969402145,1.882922020740807,58.05084898020141,5829.550422034651
1781647972,10,GET,/feed/{user_id}?with_fof=true,9.800000,0.000000,3,3,3,3,4,5,300,380,380,380,380,1166,0,3,24.545973044742055,2.0343890064395964,910.397345025558,7329.912521440823
1781647972,10,POST,/likes,1.000000,0.000000,4,4,4,4,5,5,5,5,5,5,5,113,0,4,3.8463264952034617,2.6785539812408388,13.447962002828717,179.8495575221239
1781647972,10,POST,/posts,1.400000,0.000000,4,4,4,4,4,12,12,12,12,12,12,178,0,3,3.7248719660526017,2.431503002298996,28.634571994189173,227.45505617977528
1781647972,10,GET,/timeline/{user_id},12.200000,0.000000,3,3,3,3,4,4,8,180,190,190,190,1433,0,3,11.979716085177792,1.9244449795223773,633.4925499977544,4394.787159804606
1781647972,10,GET,/users/{user_id},5.200000,0.000000,3,3,3,3,4,4,5,14,14,14,14,580,0,3,2.990712870087009,1.6565429978072643,37.53266599960625,265.45
1781647972,10,,Aggregated,49.300000,0.000000,3,3,3,4,4,4,12,180,380,380,380,5721,0,3,9.785380197064718,1.6565429978072643,910.397345025558,4925.973955602168
1781647973,10,GET,/feed/{user_id},19.900000,0.000000,3,3,3,4,4,4,7,15,17,17,17,2268,0,3,3.271365048799798,1.882922020740807,58.05084898020141,5819.75352733686
1781647973,10,GET,/feed/{user_id}?with_fof=true,9.900000,0.000000,3,3,3,3,4,5,300,380,380,380,380,1173,0,3,24.417720931083544,2.0343890064395964,910.397345025558,7339.073316283035
1781647973,10,POST,/likes,1.200000,0.000000,4,4,4,4,4,5,5,5,5,5,5,116,0,4,3.838498241183798,2.6785539812408388,13.447962002828717,179.83620689655172
1781647973,10,POST,/posts,1.300000,0.000000,3,4,4,4,4,12,12,12,12,12,12,179,0,3,3.7204743684568657,2.431503002298996,28.634571994189173,227.44692737430168
1781647973,10,GET,/timeline/{user_id},12.200000,0.000000,3,3,3,4,4,8,180,190,190,190,190,1445,0,3,12.129651676202,1.9244449795223773,633.4925499977544,4402.9868512110725
1781647973,10,GET,/users/{user_id},5.000000,0.000000,3,3,3,3,4,4,5,14,14,14,14,587,0,3,2.988543132362884,1.6565429978072643,37.53266599960625,265.4207836456559
1781647973,10,,Aggregated,49.500000,0.000000,3,3,3,4,4,5,15,190,380,380,380,5768,0,3,9.787499095280676,1.6565429978072643,910.397345025558,4921.571775312066
1781647974,10,GET,/feed/{user_id},19.300000,0.000000,3,3,3,4,4,5,6,10,15,15,15,2290,0,3,3.269662588934402,1.882922020740807,58.05084898020141,5810.288209606987
1781647974,10,GET,/feed/{user_id}?with_fof=true,10.300000,0.000000,3,3,3,4,4,22,300,380,380,380,380,1180,0,3,24.456639367947947,2.0343890064395964,910.397345025558,7341.033898305085
1781647974,10,POST,/likes,0.900000,0.000000,4,4,4,4,4,5,5,5,5,5,5,116,0,4,3.838498241183798,2.6785539812408388,13.447962002828717,179.83620689655172
1781647974,10,POST,/posts,1.500000,0.000000,3,4,4,4,5,12,12,12,12,12,12,182,0,3,3.7234886811667502,2.431503002298996,28.634571994189173,227.45604395604394
1781647974,10,GET,/timeline/{user_id},11.600000,0.000000,3,3,3,4,4,10,190,190,210,210,210,1457,0,3,12.201522899865587,1.9244449795223773,633.4925499977544,4400.2745367192865
1781647974,10,GET,/users/{user_id},5.300000,0.000000,3,3,3,4,4,4,14,14,14,14,14,592,0,3,2.9864153542360796,1.6565429978072643,37.53266599960625,265.4239864864865
1781647974,10,,Aggregated,48.900000,0.000000,3,3,3,4,4,5,22,200,380,380,380,5817,0,3,9.80142328925562,1.6565429978072643,910.397345025558,4916.377686092487
1781647975,10,GET,/feed/{user_id},19.100000,0.000000,3,3,3,4,4,4,5,10,15,15,15,2312,0,3,3.267861595902504,1.882922020740807,58.05084898020141,5816.26946366782
1781647975,10,GET,/feed/{user_id}?with_fof=true,10.300000,0.000000,3,3,3,4,4,22,300,380,380,380,380,1187,0,3,24.329407618484257,2.0343890064395964,910.397345025558,7340.509688289806
1781647975,10,POST,/likes,1.000000,0.000000,4,4,4,4,4,4,4,4,4,4,4,116,0,4,3.838498241183798,2.6785539812408388,13.447962002828717,179.83620689655172
1781647975,10,POST,/posts,1.500000,0.000000,3,4,4,4,5,12,12,12,12,12,12,184,0,3,3.7163313422554536,2.431503002298996,28.634571994189173,227.45652173913044
1781647975,10,GET,/timeline/{user_id},11.300000,0.000000,3,3,3,3,4,140,190,200,210,210,210,1467,0,3,12.269406194319973,1.9244449795223773,633.4925499977544,4397.073619631902
1781647975,10,GET,/users/{user_id},5.500000,0.000000,3,3,3,4,4,5,6,14,14,14,14,598,0,3,2.9886721650992727,1.6565429978072643,37.53266599960625,265.433110367893
1781647975,10,,Aggregated,48.700000,0.000000,3,3,3,4,4,5,140,200,380,380,380,5864,0,3,9.77998268376816,1.6565429978072643,910.397345025558,4916.8398703956345
1781647976,10,GET,/feed/{user_id},19.600000,0.000000,3,3,4,4,4,4,5,10,15,15,15,2331,0,3,3.2684310724046233,1.882922020740807,58.05084898020141,5814.456456456456
1781647976,10,GET,/feed/{user_id}?with_fof=true,10.000000,0.000000,3,3,3,4,5,300,380,430,430,430,430,1197,0,3,25.057639731114666,2.0343890064395964,910.397345025558,7349.482038429407
1781647976,10,POST,/likes,1.200000,0.000000,4,4,4,4,4,5,5,5,5,5,5,117,0,4,3.8455546580844073,2.6785539812408388,13.447962002828717,179.84615384615384
1781647976,10,POST,/posts,1.200000,0.000000,3,4,4,4,5,12,12,12,12,12,12,187,0,3,3.7199495185009717,2.431503002298996,28.634571994189173,227.44385026737967
1781647976,10,GET,/timeline/{user_id},11.600000,0.000000,3,3,3,3,6,140,190,200,210,210,210,1478,0,3,12.2127068437433,1.9244449795223773,633.4925499977544,4403.625169147496
1781647976,10,GET,/users/{user_id},5.200000,0.000000,3,3,4,4,4,6,6,14,14,14,14,601,0,3,2.9982729263281365,1.6565429978072643,37.53266599960625,265.44758735440934
1781647976,10,,Aggregated,48.800000,0.000000,3,3,3,4,4,8,190,300,430,430,430,5911,0,3,9.915515274344576,1.6565429978072643,910.397345025558,4920.063271866013
1781647977,10,GET,/feed/{user_id},19.800000,0.000000,3,3,4,4,4,4,5,10,15,15,15,2344,0,3,3.2670843966767937,1.882922020740807,58.05084898020141,5816.947525597269
1781647977,10,GET,/feed/{user_id}?with_fof=true,10.000000,0.000000,3,3,3,3,4,300,380,430,430,430,430,1209,0,3,24.836889335083928,2.0343890064395964,910.397345025558,7350.183622828784
1781647977,10,POST,/likes,1.000000,0.000000,4,4,4,4,5,5,5,5,5,5,5,119,0,4,3.845920302502091,2.6785539812408388,13.447962002828717,179.83193277310923
1781647977,10,POST,/posts,1.500000,0.000000,3,4,4,5,5,12,12,12,12,12,12,187,0,3,3.7199495185009717,2.431503002298996,28.634571994189173,227.44385026737967
1781647977,10,GET,/timeline/{user_id},12.000000,0.000000,3,3,3,3,8,140,190,200,210,210,210,1490,0,3,12.137342884612345,1.9244449795223773,633.4925499977544,4400.926845637584
1781647977,10,GET,/users/{user_id},4.900000,0.000000,3,3,4,4,4,6,6,14,14,14,14,608,0,3,2.9963160309068226,1.6565429978072643,37.53266599960625,265.44901315789474
1781647977,10,,Aggregated,49.200000,0.000000,3,3,3,4,4,6,190,300,430,430,430,5957,0,3,9.861598313370497,1.6565429978072643,910.397345025558,4919.255161994292
1781647978,10,GET,/feed/{user_id},19.300000,0.000000,3,3,4,4,4,4,5,10,15,15,15,2358,0,3,3.265812929485276,1.882922020740807,58.05084898020141,5805.268023748939
1781647978,10,GET,/feed/{user_id}?with_fof=true,9.300000,0.000000,3,3,3,4,4,300,380,430,430,430,430,1221,0,3,24.936392667541625,2.0343890064395964,910.397345025558,7348.4627354627355
1781647978,10,POST,/likes,1.000000,0.000000,4,4,4,4,5,5,5,5,5,5,5,119,0,4,3.845920302502091,2.6785539812408388,13.447962002828717,179.83193277310923
1781647978,10,POST,/posts,1.800000,0.000000,3,4,4,5,5,12,12,12,12,12,12,188,0,3,3.7187737444641087,2.431503002298996,28.634571994189173,227.44148936170214
1781647978,10,GET,/timeline/{user_id},11.500000,0.000000,3,3,3,3,6,13,190,200,210,210,210,1505,0,3,12.044772385419238,1.9244449795223773,633.4925499977544,4404.6511627906975
1781647978,10,GET,/users/{user_id},5.300000,0.000000,3,3,3,4,4,5,6,6,6,6,6,614,0,3,2.9938136592791005,1.6565429978072643,37.53266599960625,265.4674267100977
1781647978,10,,Aggregated,48.200000,0.000000,3,3,3,4,4,6,200,300,430,430,430,6005,0,3,9.870191563964184,1.6565429978072643,910.397345025558,4915.478934221482
1781647979,10,GET,/feed/{user_id},18.900000,0.000000,3,3,4,4,4,5,10,13,15,15,15,2376,0,3,3.2762689729939845,1.882922020740807,58.05084898020141,5822.728114478115
1781647979,10,GET,/feed/{user_id}?with_fof=true,9.300000,0.000000,3,3,3,4,4,300,380,430,430,430,430,1234,0,3,24.94224056977846,2.0343890064395964,910.397345025558,7345.7009724473255
1781647979,10,POST,/likes,1.000000,0.000000,4,4,4,4,5,5,5,5,5,5,5,122,0,4,3.8447888443040372,2.6785539812408388,13.447962002828717,179.85245901639345
1781647979,10,POST,/posts,1.600000,0.000000,3,3,4,5,5,12,12,12,12,12,12,189,0,3,3.7149760897379744,2.431503002298996,28.634571994189173,227.43386243386243
1781647979,10,GET,/timeline/{user_id},11.700000,0.000000,3,3,3,3,8,140,190,200,210,210,210,1514,0,3,12.108391947208323,1.9244449795223773,633.4925499977544,4403.897622192867
1781647979,10,GET,/users/{user_id},5.600000,0.000000,3,3,3,4,4,5,6,6,6,6,6,617,0,3,2.99133665278,1.6565429978072643,37.53266599960625,265.45705024311184
1781647979,10,,Aggregated,48.100000,0.000000,3,3,4,4,4,10,200,300,430,430,430,6052,0,3,9.89955300491483,1.6565429978072643,910.397345025558,4923.267019167218
1781647980,10,GET,/feed/{user_id},18.000000,0.000000,3,3,4,4,4,5,8,13,15,15,15,2395,0,3,3.2761360316791053,1.882922020740807,58.05084898020141,5823.262630480167
1781647980,10,GET,/feed/{user_id}?with_fof=true,9.700000,0.000000,3,3,3,4,4,300,380,430,430,430,430,1244,0,3,25.058541645550832,2.0343890064395964,910.397345025558,7340.674437299035
1781647980,10,POST,/likes,1.200000,0.000000,4,4,4,4,5,5,5,5,5,5,5,123,0,4,3.840943349797915,2.6785539812408388,13.447962002828717,179.869918699187
1781647980,10,POST,/posts,1.600000,0.000000,3,4,4,5,5,12,12,12,12,12,12,189,0,3,3.7149760897379744,2.431503002298996,28.634571994189173,227.43386243386243
1781647980,10,GET,/timeline/{user_id},11.600000,0.000000,3,3,3,3,8,180,190,200,210,210,210,1524,0,3,12.169258601740008,1.9244449795223773,633.4925499977544,4410.75656167979
1781647980,10,GET,/users/{user_id},5.800000,0.000000,3,3,3,4,4,6,6,6,6,6,6,626,0,3,2.9896618813252487,1.6565429978072643,37.53266599960625,265.43130990415335
1781647980,10,,Aggregated,47.900000,0.000000,3,3,4,4,4,10,200,300,430,430,430,6101,0,3,9.934636381361038,1.6565429978072643,910.397345025558,4922.434846746435
1781647981,10,GET,/feed/{user_id},18.000000,0.000000,3,3,3,4,4,5,6,12,13,13,13,2416,0,3,3.2733515951942826,1.882922020740807,58.05084898020141,5822.415149006622
1781647981,10,GET,/feed/{user_id}?with_fof=true,9.800000,0.000000,3,3,3,4,4,300,380,430,430,430,430,1255,0,3,24.863068645507415,2.0343890064395964,910.397345025558,7334.550597609562
1781647981,10,POST,/likes,1.200000,0.000000,4,4,4,4,5,5,5,5,5,5,5,123,0,4,3.840943349797915,2.6785539812408388,13.447962002828717,179.869918699187
1781647981,10,POST,/posts,1.500000,0.000000,3,4,4,4,5,5,5,5,5,5,5,192,0,3,3.7134856405221703,2.431503002298996,28.634571994189173,227.4375
1781647981,10,GET,/timeline/{user_id},11.500000,0.000000,3,3,3,3,8,140,190,200,210,210,210,1533,0,3,12.13764248794994,1.9244449795223773,633.4925499977544,4400.095890410959
1781647981,10,GET,/users/{user_id},5.400000,0.000000,3,3,3,3,4,6,6,6,6,6,6,630,0,3,2.9883640677398366,1.6565429978072643,37.53266599960625,265.4269841269841
1781647981,10,,Aggregated,47.400000,0.000000,3,3,3,4,4,6,190,300,430,430,430,6149,0,3,9.885618665768408,1.6565429978072643,910.397345025558,4919.527402829728
1781647982,10,GET,/feed/{user_id},17.600000,0.000000,3,3,3,4,4,5,8,13,23,23,23,2430,0,3,3.2816389662792345,1.882922020740807,58.05084898020141,5824.395061728395
1781647982,10,GET,/feed/{user_id}?with_fof=true,10.300000,0.000000,3,3,3,4,4,370,410,430,430,430,430,1267,0,3,25.21392778464429,2.0343890064395964,910.397345025558,7340.249408050513
1781647982,10,POST,/likes,1.300000,0.000000,4,4,5,5,5,6,6,6,6,6,6,126,0,4,3.842278738230807,2.6785539812408388,13.447962002828717,179.87301587301587
1781647982,10,POST,/posts,1.300000,0.000000,3,4,4,4,5,5,5,5,5,5,5,193,0,3,3.713984518019975,2.431503002298996,28.634571994189173,227.43523316062175
1781647982,10,GET,/timeline/{user_id},11.300000,0.000000,3,3,3,3,4,21,190,200,210,210,210,1546,0,3,12.072513260011757,1.9244449795223773,633.4925499977544,4411.234152652005
1781647982,10,GET,/users/{user_id},5.600000,0.000000,3,3,3,3,4,6,6,6,6,6,6,633,0,3,2.986567318603164,1.6565429978072643,37.53266599960625,265.41548183254343
1781647982,10,,Aggregated,47.400000,0.000000,3,3,3,4,4,6,200,370,430,430,430,6195,0,3,9.955763993034992,1.6565429978072643,910.397345025558,4924.569975786925
1781647983,10,GET,/feed/{user_id},17.500000,0.000000,3,3,3,4,4,5,8,13,23,23,23,2445,0,3,3.2802126217173537,1.882922020740807,58.05084898020141,5816.548466257669
1781647983,10,GET,/feed/{user_id}?with_fof=true,9.700000,0.000000,3,3,3,4,4,370,390,410,430,430,430,1281,0,3,25.276360858015856,2.0343890064395964,910.397345025558,7353.109289617486
1781647983,10,POST,/likes,1.100000,0.000000,4,4,5,5,5,6,6,6,6,6,6,126,0,4,3.842278738230807,2.6785539812408388,13.447962002828717,179.87301587301587
1781647983,10,POST,/posts,1.500000,0.000000,3,4,4,4,5,5,5,5,5,5,5,196,0,3,3.709914357127023,2.431503002298996,28.634571994189173,227.41326530612244
1781647983,10,GET,/timeline/{user_id},11.200000,0.000000,3,3,3,3,4,21,190,200,200,200,200,1557,0,3,12.135557057128862,1.9244449795223773,633.4925499977544,4415.307642903019
1781647983,10,GET,/users/{user_id},6.000000,0.000000,3,3,3,4,5,6,6,6,6,6,6,639,0,3,2.992688556643005,1.6565429978072643,37.53266599960625,265.4209702660407
1781647983,10,,Aggregated,47.000000,0.000000,3,3,3,4,4,6,200,370,430,430,430,6244,0,3,9.996444391395858,1.6565429978072643,910.397345025558,4925.091127482383
1781647984,10,GET,/feed/{user_id},17.800000,0.000000,3,3,3,4,4,5,8,13,23,23,23,2462,0,3,3.2786128359571007,1.882922020740807,58.05084898020141,5820.834687246142
1781647984,10,GET,/feed/{user_id}?with_fof=true,9.900000,0.000000,3,3,4,4,4,370,410,420,430,430,430,1288,0,3,25.477496229863426,2.0343890064395964,910.397345025558,7356.573757763975
1781647984,10,POST,/likes,1.100000,0.000000,3,4,5,5,5,6,6,6,6,6,6,127,0,4,3.838924574894889,2.6785539812408388,13.447962002828717,179.86614173228347
1781647984,10,POST,/posts,1.500000,0.000000,4,4,4,4,4,5,5,5,5,5,5,196,0,3,3.709914357127023,2.431503002298996,28.634571994189173,227.41326530612244
1781647984,10,GET,/timeline/{user_id},11.300000,0.000000,3,3,3,4,13,180,200,200,220,220,220,1572,0,3,12.533667765843768,1.9244449795223773,633.4925499977544,4397.776081424937
1781647984,10,GET,/users/{user_id},5.500000,0.000000,3,3,3,4,5,6,6,6,6,6,6,642,0,3,2.9925879060560576,1.6565429978072643,37.53266599960625,265.4190031152648
1781647984,10,,Aggregated,47.100000,0.000000,3,3,3,4,4,13,300,380,430,430,430,6287,0,3,10.136124343056053,1.6565429978072643,910.397345025558,4924.014792428821
1781647985,10,GET,/feed/{user_id},18.000000,0.000000,3,3,3,4,4,5,8,13,23,23,23,2480,0,3,3.2779814859461642,1.882922020740807,58.05084898020141,5823.418951612904
1781647985,10,GET,/feed/{user_id}?with_fof=true,10.200000,0.000000,3,3,4,4,4,320,390,410,420,420,420,1298,0,3,25.546182790510674,2.0343890064395964,910.397345025558,7364.676425269646
1781647985,10,POST,/likes,1.200000,0.000000,4,4,5,5,5,6,6,6,6,6,6,130,0,4,3.840038669295609,2.6785539812408388,13.447962002828717,179.86923076923077
1781647985,10,POST,/posts,1.600000,0.000000,4,4,4,4,4,5,5,5,5,5,5,198,0,3,3.709875111000123,2.431503002298996,28.634571994189173,227.41414141414143
1781647985,10,GET,/timeline/{user_id},11.300000,0.000000,3,3,3,3,4,180,200,200,220,220,220,1582,0,3,12.593076281243931,1.9244449795223773,633.4925499977544,4392.057522123894
1781647985,10,GET,/users/{user_id},5.100000,0.000000,3,3,3,3,4,5,6,6,6,6,6,645,0,3,2.9909278692536834,1.6565429978072643,37.53266599960625,265.42325581395346
1781647985,10,,Aggregated,47.400000,0.000000,3,3,3,4,4,6,220,370,420,420,420,6333,0,3,10.164771008812934,1.6565429978072643,910.397345025558,4924.881256908258
1781647986,10,GET,/feed/{user_id},17.100000,0.000000,3,3,3,4,4,5,8,13,23,23,23,2496,0,3,3.2807572933145424,1.882922020740807,58.05084898020141,5822.6286057692305
1781647986,10,GET,/feed/{user_id}?with_fof=true,10.600000,0.000000,3,3,4,4,4,320,390,410,420,420,420,1304,0,3,25.44457445019696,2.0343890064395964,910.397345025558,7365.174079754601
1781647986,10,POST,/likes,1.100000,0.000000,4,4,4,5,5,6,6,6,6,6,6,131,0,4,3.838552290019188,2.6785539812408388,13.447962002828717,179.87022900763358
1781647986,10,POST,/posts,1.600000,0.000000,3,4,4,4,4,4,4,4,4,4,4,199,0,3,3.7079399194797715,2.431503002298996,28.634571994189173,227.42211055276383
1781647986,10,GET,/timeline/{user_id},11.700000,0.000000,3,3,3,4,4,180,200,200,220,220,220,1603,0,3,12.471271704278012,1.9244449795223773,633.4925499977544,4370.375545851528
1781647986,10,GET,/users/{user_id},5.200000,0.000000,3,3,3,3,4,5,6,6,6,6,6,650,0,3,2.9894821226256543,1.6565429978072643,37.53266599960625,265.40923076923076
1781647986,10,,Aggregated,47.300000,0.000000,3,3,3,4,4,8,220,370,420,420,420,6383,0,3,10.111834184991892,1.6565429978072643,910.397345025558,4916.89111702961
1781647987,10,GET,/feed/{user_id},16.200000,0.000000,3,3,3,4,4,5,8,13,23,23,23,2513,0,3,3.2789787222730227,1.882922020740807,58.05084898020141,5808.16713091922
1781647987,10,GET,/feed/{user_id}?with_fof=true,11.000000,0.000000,3,3,4,4,4,300,390,410,420,420,420,1320,0,3,25.399433148523904,2.0343890064395964,910.397345025558,7363.14696969697
1781647987,10,POST,/likes,1.300000,0.000000,4,4,4,4,5,6,6,6,6,6,6,132,0,4,3.8362403407297805,2.6785539812408388,13.447962002828717,179.86363636363637
1781647987,10,POST,/posts,1.200000,0.000000,3,4,4,4,4,4,4,4,4,4,4,201,0,3,3.707031865629706,2.431503002298996,28.634571994189173,227.4129353233831
1781647987,10,GET,/timeline/{user_id},11.400000,0.000000,3,3,3,4,4,180,200,200,220,220,220,1612,0,3,12.418018759246488,1.9244449795223773,633.4925499977544,4371.490074441687
1781647987,10,GET,/users/{user_id},5.300000,0.000000,3,3,3,3,4,5,6,6,6,6,6,654,0,3,2.985493271716298,1.6565429978072643,37.53266599960625,265.41743119266056
1781647987,10,,Aggregated,46.400000,0.000000,3,3,4,4,4,8,220,320,420,420,420,6432,0,3,10.104039374175896,1.6565429978072643,910.397345025558,4913.736784825871
1781647988,10,GET,/feed/{user_id},16.700000,0.000000,3,3,3,4,4,5,8,13,23,23,23,2536,0,3,3.2776126869118145,1.882922020740807,58.05084898020141,5805.765772870663
1781647988,10,GET,/feed/{user_id}?with_fof=true,11.100000,0.000000,3,3,4,4,4,300,390,410,420,420,420,1333,0,3,25.182044674399247,2.0343890064395964,910.397345025558,7364.793698424606
1781647988,10,POST,/likes,1.500000,0.000000,4,4,5,5,5,6,6,6,6,6,6,136,0,4,3.8569276246776365,2.6785539812408388,13.447962002828717,179.85294117647058
1781647988,10,POST,/posts,1.100000,0.000000,3,4,4,4,4,4,4,4,4,4,4,201,0,3,3.707031865629706,2.431503002298996,28.634571994189173,227.4129353233831
1781647988,10,GET,/timeline/{user_id},12.100000,0.000000,3,3,3,4,10,180,200,200,220,220,220,1620,0,3,12.3709656640939,1.9244449795223773,633.4925499977544,4375.671604938271
1781647988,10,GET,/users/{user_id},4.700000,0.000000,3,3,3,3,5,6,6,6,6,6,6,655,0,3,2.9894918758770492,1.6565429978072643,37.53266599960625,265.42442748091605
1781647988,10,,Aggregated,47.200000,0.000000,3,3,4,4,4,8,200,320,420,420,420,6481,0,3,10.052218552918049,1.6565429978072643,910.397345025558,4917.960654220028
1781647989,10,GET,/feed/{user_id},16.300000,0.000000,3,3,3,4,4,4,6,8,23,23,23,2550,0,3,3.2781595325407884,1.882922020740807,58.05084898020141,5808.23294117647
1781647989,10,GET,/feed/{user_id}?with_fof=true,11.300000,0.000000,3,3,4,4,4,300,390,410,420,420,420,1342,0,3,25.03330020638493,2.0343890064395964,910.397345025558,7361.918777943368
1781647989,10,POST,/likes,1.400000,0.000000,4,4,5,5,5,6,6,6,6,6,6,136,0,4,3.8569276246776365,2.6785539812408388,13.447962002828717,179.85294117647058
1781647989,10,POST,/posts,1.200000,0.000000,4,4,4,4,4,4,4,4,4,4,4,203,0,3,3.7042225663449266,2.431503002298996,28.634571994189173,227.4039408866995
1781647989,10,GET,/timeline/{user_id},12.400000,0.000000,3,3,3,4,4,180,200,200,220,220,220,1630,0,3,12.312690555717957,1.9244449795223773,633.4925499977544,4381.647239263803
1781647989,10,GET,/users/{user_id},4.800000,0.000000,3,3,3,3,4,5,6,6,6,6,6,664,0,3,2.987692346005681,1.6565429978072643,37.53266599960625,265.4322289156627
1781647989,10,,Aggregated,47.400000,0.000000,3,3,4,4,4,5,200,300,420,420,420,6525,0,3,10.005212007117212,1.6565429978072643,910.397345025558,4916.420536398467
1781647990,10,GET,/feed/{user_id},17.000000,0.000000,3,3,3,4,4,5,6,17,23,23,23,2571,0,3,3.2823614982430955,1.882922020740807,58.05084898020141,5804.397510696227
1781647990,10,GET,/feed/{user_id}?with_fof=true,11.400000,0.000000,3,3,4,4,4,300,410,410,420,420,420,1350,0,3,25.205241446663557,2.0343890064395964,910.397345025558,7367.762222222223
1781647990,10,POST,/likes,1.500000,0.000000,4,4,5,5,5,6,6,6,6,6,6,136,0,4,3.8569276246776365,2.6785539812408388,13.447962002828717,179.85294117647058
1781647990,10,POST,/posts,1.300000,0.000000,3,4,4,4,4,4,4,4,4,4,4,204,0,3,3.7049924900273647,2.431503002298996,28.634571994189173,227.40196078431373
1781647990,10,GET,/timeline/{user_id},11.800000,0.000000,3,3,3,3,4,180,200,200,220,220,220,1645,0,3,12.340478084968703,1.9244449795223773,633.4925499977544,4384.263829787234
1781647990,10,GET,/users/{user_id},4.300000,0.000000,3,3,3,3,4,5,6,6,6,6,6,670,0,3,2.983963278855489,1.6565429978072643,37.53266599960625,265.410447761194
1781647990,10,,Aggregated,47.300000,0.000000,3,3,3,4,4,6,200,320,420,420,420,6576,0,3,10.043450400928716,1.6565429978072643,910.397345025558,4916.419403892944
1781647991,10,GET,/feed/{user_id},17.500000,0.000000,3,3,3,4,4,5,6,10,17,17,17,2594,0,3,3.2849416819279194,1.882922020740807,58.05084898020141,5801.1326137239785
1781647991,10,GET,/feed/{user_id}?with_fof=true,11.400000,0.000000,3,3,4,4,4,300,410,420,420,420,420,1354,0,3,25.14003308643735,2.0343890064395964,910.397345025558,7373.243722304283
1781647991,10,POST,/likes,1.500000,0.000000,4,4,5,5,5,6,6,6,6,6,6,138,0,4,3.860786050411306,2.6785539812408388,13.447962002828717,179.85507246376812
1781647991,10,POST,/posts,1.300000,0.000000,4,4,4,4,4,4,4,4,4,4,4,205,0,3,3.7066111071375993,2.431503002298996,28.634571994189173,227.39512195121952
1781647991,10,GET,/timeline/{user_id},11.500000,0.000000,3,3,3,3,4,180,200,200,220,220,220,1659,0,3,12.2606625622471,1.9244449795223773,633.4925499977544,4384.434599156119
1781647991,10,GET,/users/{user_id},4.300000,0.000000,3,3,3,3,4,5,6,6,6,6,6,674,0,3,2.982871008633418,1.6565429978072643,37.53266599960625,265.3991097922849
1781647991,10,,Aggregated,47.500000,0.000000,3,3,4,4,4,5,190,300,420,420,420,6624,0,3,9.99460771806522,1.6565429978072643,910.397345025558,4914.794987922705
1781647992,10,GET,/feed/{user_id},17.000000,0.000000,3,3,3,4,4,5,7,10,17,17,17,2620,0,3,3.285150130133621,1.882922020740807,58.05084898020141,5809.58320610687
1781647992,10,GET,/feed/{user_id}?with_fof=true,10.800000,0.000000,3,3,4,4,4,4,410,420,420,420,420,1364,0,3,24.979185440646358,2.0343890064395964,910.397345025558,7377.304252199414
1781647992,10,POST,/likes,1.400000,0.000000,4,4,5,5,5,5,5,5,5,5,5,139,0,4,3.859938085899963,2.6785539812408388,13.447962002828717,179.83453237410072
1781647992,10,POST,/posts,1.400000,0.000000,3,4,4,4,4,4,4,4,4,4,4,207,0,3,3.703058038440034,2.431503002298996,28.634571994189173,227.39613526570048
1781647992,10,GET,/timeline/{user_id},12.200000,0.000000,3,3,3,3,4,170,190,200,220,220,220,1666,0,3,12.22217729035164,1.9244449795223773,633.4925499977544,4386.62424969988
1781647992,10,GET,/users/{user_id},4.500000,0.000000,3,3,3,3,4,4,6,6,6,6,6,677,0,3,2.9810074428949322,1.6565429978072643,37.53266599960625,265.39881831610046
1781647992,10,,Aggregated,47.300000,0.000000,3,3,3,4,4,5,170,220,420,420,420,6673,0,3,9.9448607964116,1.6565429978072643,910.397345025558,4921.865727558819
1781647993,10,GET,/feed/{user_id},18.200000,0.000000,3,3,4,4,4,5,7,10,17,17,17,2633,0,3,3.2850454344631355,1.882922020740807,58.05084898020141,5808.886821116597
1781647993,10,GET,/feed/{user_id}?with_fof=true,10.500000,0.000000,3,3,3,4,4,4,410,420,420,420,420,1373,0,3,24.83501089886472,2.0343890064395964,910.397345025558,7377.884195193008
1781647993,10,POST,/likes,1.300000,0.000000,4,4,5,5,5,5,5,5,5,5,5,140,0,4,3.861591256697596,2.6785539812408388,13.447962002828717,179.85
1781647993,10,POST,/posts,1.300000,0.000000,3,4,4,4,4,4,4,4,4,4,4,208,0,3,3.6990622498146526,2.431503002298996,28.634571994189173,227.38942307692307
1781647993,10,GET,/timeline/{user_id},12.300000,0.000000,3,3,3,3,4,10,190,200,220,220,220,1679,0,3,12.261505596035455,1.9244449795223773,633.4925499977544,4384.765932102442
1781647993,10,GET,/users/{user_id},4.300000,0.000000,3,3,3,3,4,4,18,18,18,18,18,688,0,3,2.995304229253359,1.6565429978072643,37.53266599960625,265.41279069767444
1781647993,10,,Aggregated,47.900000,0.000000,3,3,3,4,4,5,18,220,420,420,420,6721,0,3,9.924990257766947,1.6565429978072643,910.397345025558,4916.193423597679
1781647994,10,GET,/feed/{user_id},18.200000,0.000000,3,3,3,4,4,5,7,10,17,17,17,2658,0,3,3.2823953807093464,1.882922020740807,58.05084898020141,5799.74115876599
1781647994,10,GET,/feed/{user_id}?with_fof=true,9.900000,0.000000,3,3,3,4,4,4,320,410,410,410,410,1378,0,3,24.756858811423307,2.0343890064395964,910.397345025558,7384.325834542816
1781647994,10,POST,/likes,1.500000,0.000000,4,4,5,5,5,5,5,5,5,5,5,141,0,4,3.8573599215316197,2.6785539812408388,13.447962002828717,179.8581560283688
1781647994,10,POST,/posts,1.400000,0.000000,3,4,4,4,4,4,4,4,4,4,4,208,0,3,3.6990622498146526,2.431503002298996,28.634571994189173,227.38942307692307
1781647994,10,GET,/timeline/{user_id},12.500000,0.000000,3,3,3,3,4,5,190,190,190,190,190,1688,0,3,12.210935857704916,1.9244449795223773,633.4925499977544,4391.677725118483
1781647994,10,GET,/users/{user_id},4.300000,0.000000,3,3,3,3,4,4,18,18,18,18,18,695,0,3,2.9936892499731815,1.6565429978072643,37.53266599960625,265.41294964028776
1781647994,10,,Aggregated,47.800000,0.000000,3,3,3,4,4,5,10,190,410,410,410,6768,0,3,9.876702839465342,1.6565429978072643,910.397345025558,4914.536643026005
1781647995,10,GET,/feed/{user_id},18.900000,0.000000,3,3,3,4,4,4,6,10,17,17,17,2680,0,3,3.2802316178928246,1.882922020740807,58.05084898020141,5798.175373134329
1781647995,10,GET,/feed/{user_id}?with_fof=true,9.600000,0.000000,3,3,3,3,4,4,300,410,410,410,410,1385,0,3,24.645992098308913,2.0343890064395964,910.397345025558,7392.858483754512
1781647995,10,POST,/likes,1.300000,0.000000,4,4,5,5,5,5,5,5,5,5,5,141,0,4,3.8573599215316197,2.6785539812408388,13.447962002828717,179.8581560283688
1781647995,10,POST,/posts,1.300000,0.000000,3,4,4,4,4,4,4,4,4,4,4,209,0,3,3.6962898228090237,2.431503002298996,28.634571994189173,227.38277511961724
1781647995,10,GET,/timeline/{user_id},12.400000,0.000000,3,3,3,3,4,5,10,190,190,190,190,1702,0,3,12.134614907676784,1.9244449795223773,633.4925499977544,4392.121034077556
1781647995,10,GET,/users/{user_id},4.600000,0.000000,3,3,3,3,4,4,6,18,18,18,18,700,0,3,2.9921815110719763,1.6565429978072643,37.53266599960625,265.4214285714286
1781647995,10,,Aggregated,48.100000,0.000000,3,3,3,4,4,4,6,18,410,410,410,6817,0,3,9.826870140036663,1.6565429978072643,910.397345025558,4915.98753117207
1781647996,10,GET,/feed/{user_id},19.100000,0.000000,3,3,3,4,4,4,6,10,17,17,17,2694,0,3,3.2790484071916466,1.882922020740807,58.05084898020141,5794.986265775798
1781647996,10,GET,/feed/{user_id}?with_fof=true,9.400000,0.000000,3,3,3,3,4,4,290,410,410,410,410,1396,0,3,24.684661099690388,2.0343890064395964,910.397345025558,7394.6755014326645
1781647996,10,POST,/likes,1.400000,0.000000,4,4,5,5,5,5,5,5,5,5,5,142,0,4,3.8559951333322524,2.6785539812408388,13.447962002828717,179.8450704225352
1781647996,10,POST,/posts,1.200000,0.000000,3,4,4,4,4,4,4,4,4,4,4,209,0,3,3.6962898228090237,2.431503002298996,28.634571994189173,227.38277511961724
1781647996,10,GET,/timeline/{user_id},11.800000,0.000000,3,3,3,3,4,5,10,190,190,190,190,1720,0,3,12.044008158070852,1.9244449795223773,633.4925499977544,4393.983720930232
1781647996,10,GET,/users/{user_id},4.900000,0.000000,3,3,3,3,4,4,6,18,18,18,18,704,0,3,2.989094199909397,1.6565429978072643,37.53266599960625,265.41903409090907
1781647996,10,,Aggregated,47.800000,0.000000,3,3,3,4,4,4,6,18,410,410,410,6865,0,3,9.822816538187972,1.6565429978072643,910.397345025558,4916.566351056082
1781647997,10,GET,/feed/{user_id},20.300000,0.000000,3,3,3,4,4,4,6,10,17,17,17,2709,0,3,3.2775775773555416,1.882922020740807,58.05084898020141,5794.52934662237
1781647997,10,GET,/feed/{user_id}?with_fof=true,8.600000,0.000000,3,3,3,3,4,16,370,410,410,410,410,1407,0,3,24.785491169266326,2.0343890064395964,910.397345025558,7382.084577114428
1781647997,10,POST,/likes,1.200000,0.000000,4,4,4,4,5,5,5,5,5,5,5,145,0,4,3.847089440939177,2.6785539812408388,13.447962002828717,179.8551724137931
1781647997,10,POST,/posts,1.200000,0.000000,3,4,4,4,5,5,5,5,5,5,5,210,0,3,3.703799118964179,2.431503002298996,28.634571994189173,227.38095238095238
1781647997,10,GET,/timeline/{user_id},11.800000,0.000000,3,3,3,3,4,5,10,190,190,190,190,1733,0,3,11.977466883945139,1.9244449795223773,633.4925499977544,4401.873629544143
1781647997,10,GET,/users/{user_id},5.200000,0.000000,3,3,3,3,4,4,6,18,18,18,18,709,0,3,2.987950944582431,1.6565429978072643,37.53266599960625,265.41748942172075
1781647997,10,,Aggregated,48.300000,0.000000,3,3,3,4,4,4,10,190,410,410,410,6913,0,3,9.831213199149198,1.6565429978072643,910.397345025558,4914.5710979314335
1781647998,10,GET,/feed/{user_id},20.100000,0.000000,3,3,3,4,4,4,6,10,17,17,17,2727,0,3,3.2772596854076874,1.882922020740807,58.05084898020141,5787.969196919692
1781647998,10,GET,/feed/{user_id}?with_fof=true,8.500000,0.000000,3,3,3,4,4,290,400,410,410,410,410,1420,0,3,24.865056008500584,2.0343890064395964,910.397345025558,7387.007746478873
1781647998,10,POST,/likes,1.100000,0.000000,4,4,4,4,5,5,5,5,5,5,5,146,0,4,3.8435851159578904,2.6785539812408388,13.447962002828717,179.85616438356163
1781647998,10,POST,/posts,1.100000,0.000000,3,3,4,4,5,5,5,5,5,5,5,212,0,3,3.6977974527442985,2.431503002298996,28.634571994189173,227.3820754716981
1781647998,10,GET,/timeline/{user_id},11.800000,0.000000,3,3,3,3,4,5,10,190,190,190,190,1742,0,3,11.931542144611427,1.9244449795223773,633.4925499977544,4405.997703788748
1781647998,10,GET,/users/{user_id},5.800000,0.000000,3,3,3,3,4,4,4,18,18,18,18,714,0,3,2.987967163463924,1.6565429978072643,37.53266599960625,265.4173669467787
1781647998,10,,Aggregated,48.400000,0.000000,3,3,3,4,4,4,10,190,410,410,410,6961,0,3,9.841792580335524,1.6565429978072643,910.397345025558,4914.891969544606
1781647999,10,GET,/feed/{user_id},19.900000,0.000000,3,3,3,4,4,4,5,7,10,10,10,2741,0,3,3.2760239570153233,1.882922020740807,58.05084898020141,5791.532652316673
1781647999,10,GET,/feed/{user_id}?with_fof=true,8.600000,0.000000,3,3,3,4,4,300,410,440,440,440,440,1437,0,3,25.115916256807587,2.0343890064395964,910.397345025558,7407.972860125261
1781647999,10,POST,/likes,1.300000,0.000000,4,4,4,4,5,5,5,5,5,5,5,146,0,4,3.8435851159578904,2.6785539812408388,13.447962002828717,179.85616438356163
1781647999,10,POST,/posts,1.000000,0.000000,3,4,4,4,4,5,5,5,5,5,5,216,0,3,3.6894406481156627,2.431503002298996,28.634571994189173,227.38888888888889
1781647999,10,GET,/timeline/{user_id},11.700000,0.000000,3,3,3,3,4,5,10,190,190,190,190,1748,0,3,11.899144113231243,1.9244449795223773,633.4925499977544,4403.003432494279
1781647999,10,GET,/users/{user_id},5.400000,0.000000,3,3,3,3,4,4,18,18,18,18,18,718,0,3,2.985881825534155,1.6565429978072643,37.53266599960625,265.41643454038996
1781647999,10,,Aggregated,47.900000,0.000000,3,3,3,4,4,4,16,300,440,440,440,7006,0,3,9.901913073764783,1.6565429978072643,910.397345025558,4921.815872109621
1781648000,10,GET,/feed/{user_id},19.500000,0.000000,3,3,3,4,4,4,6,7,10,10,10,2758,0,3,3.2768232883280044,1.882922020740807,58.05084898020141,5789.736403190718
1781648000,10,GET,/feed/{user_id}?with_fof=true,8.700000,0.000000,3,3,3,3,4,290,400,440,440,440,440,1448,0,3,24.947224405360373,2.0343890064395964,910.397345025558,7409.222375690608
1781648000,10,POST,/likes,1.100000,0.000000,4,4,4,4,4,5,5,5,5,5,5,149,0,4,3.8367385027505105,2.6785539812408388,13.447962002828717,179.85906040268458
1781648000,10,POST,/posts,1.000000,0.000000,3,4,4,4,5,17,17,17,17,17,17,217,0,3,3.7510972810707437,2.431503002298996,28.634571994189173,227.3917050691244
1781648000,10,GET,/timeline/{user_id},11.900000,0.000000,3,3,3,3,4,4,5,10,190,190,190,1757,0,3,11.852706161019693,1.9244449795223773,633.4925499977544,4403.981217985202
1781648000,10,GET,/users/{user_id},5.600000,0.000000,3,3,3,3,4,4,18,18,18,18,18,722,0,3,2.9892137724328323,1.6565429978072643,37.53266599960625,265.4238227146814
1781648000,10,,Aggregated,47.800000,0.000000,3,3,3,4,4,4,16,290,440,440,440,7051,0,3,9.861032305159657,1.6565429978072643,910.397345025558,4921.602751382783
1781648001,10,GET,/feed/{user_id},19.300000,0.000000,3,3,3,3,4,4,4,6,6,6,6,2777,0,3,3.274259073552459,1.882922020740807,58.05084898020141,5800.214980194454
1781648001,10,GET,/feed/{user_id}?with_fof=true,8.700000,0.000000,3,3,3,4,4,290,370,400,440,440,440,1461,0,3,24.95773654070305,2.0343890064395964,910.397345025558,7400.585900068446
1781648001,10,POST,/likes,1.000000,0.000000,4,4,4,4,4,4,4,4,4,4,4,151,0,4,3.8355014297343324,2.6785539812408388,13.447962002828717,179.86754966887418
1781648001,10,POST,/posts,1.000000,0.000000,3,4,4,5,17,17,17,17,17,17,17,217,0,3,3.7510972810707437,2.431503002298996,28.634571994189173,227.3917050691244
1781648001,10,GET,/timeline/{user_id},12.000000,0.000000,3,3,3,3,4,4,5,10,190,190,190,1765,0,3,11.813136419214088,1.9244449795223773,633.4925499977544,4407.029461756374
1781648001,10,GET,/users/{user_id},5.600000,0.000000,3,3,3,3,4,4,5,18,18,18,18,729,0,3,2.9850904330763255,1.6565429978072643,37.53266599960625,265.4115226337449
1781648001,10,,Aggregated,47.600000,0.000000,3,3,3,3,4,4,16,300,440,440,440,7100,0,3,9.855681135877475,1.6565429978072643,910.397345025558,4925.0491549295775
1781648002,10,GET,/feed/{user_id},19.100000,0.000000,3,3,3,3,4,4,4,6,6,6,6,2791,0,3,3.27228445583557,1.882922020740807,58.05084898020141,5803.017914725905
1781648002,10,GET,/feed/{user_id}?with_fof=true,9.600000,0.000000,3,3,3,3,4,290,370,400,440,440,440,1471,0,3,24.808025359596968,2.0343890064395964,910.397345025558,7411.753908905506
1781648002,10,POST,/likes,1.300000,0.000000,4,4,4,4,4,4,4,4,4,4,4,152,0,4,3.838477578315896,2.6785539812408388,13.447962002828717,179.86184210526315
1781648002,10,POST,/posts,1.300000,0.000000,3,4,5,5,5,17,17,17,17,17,17,218,0,3,3.754687128394176,2.431503002298996,28.634571994189173,227.39449541284404
1781648002,10,GET,/timeline/{user_id},11.400000,0.000000,3,3,3,3,4,4,4,5,10,10,10,1777,0,3,11.754085674133654,1.9244449795223773,633.4925499977544,4407.9392234102415
1781648002,10,GET,/users/{user_id},5.100000,0.000000,3,3,3,3,4,4,4,5,5,5,5,736,0,3,2.983681105552418,1.6565429978072643,37.53266599960625,265.41847826086956
1781648002,10,,Aggregated,47.800000,0.000000,3,3,3,3,4,4,10,300,440,440,440,7145,0,3,9.812529201220467,1.6565429978072643,910.397345025558,4927.093072078376
1781648003,10,GET,/feed/{user_id},18.000000,0.000000,3,3,3,3,4,4,5,6,9,9,9,2808,0,3,3.274229999358515,1.882922020740807,58.05084898020141,5799.308404558405
1781648003,10,GET,/feed/{user_id}?with_fof=true,10.300000,0.000000,3,3,3,3,4,300,370,400,440,440,440,1481,0,3,25.054878436150325,2.0343890064395964,910.397345025558,7390.366644159351
1781648003,10,POST,/likes,1.400000,0.000000,4,4,4,4,4,4,4,4,4,4,4,154,0,4,3.8443671098332732,2.6785539812408388,13.447962002828717,179.88311688311688
1781648003,10,POST,/posts,1.300000,0.000000,3,4,4,5,5,17,17,17,17,17,17,221,0,3,3.7489436968225496,2.431503002298996,28.634571994189173,227.40271493212668
1781648003,10,GET,/timeline/{user_id},10.800000,0.000000,3,3,3,3,4,4,4,5,10,10,10,1787,0,3,11.703779038032579,1.9244449795223773,633.4925499977544,4402.272523782876
1781648003,10,GET,/users/{user_id},5.200000,0.000000,3,3,3,3,4,4,4,5,5,5,5,742,0,3,2.980721983319648,1.6565429978072643,37.53266599960625,265.41374663072776
1781648003,10,,Aggregated,47.000000,0.000000,3,3,3,3,4,4,17,300,440,440,440,7193,0,3,9.84946625144402,1.6565429978072643,910.397345025558,4917.467954956207
1781648004,10,GET,/feed/{user_id},17.900000,0.000000,3,3,3,4,4,4,5,6,9,9,9,2822,0,3,3.2741946892766314,1.882922020740807,58.05084898020141,5803.015591778881
1781648004,10,GET,/feed/{user_id}?with_fof=true,10.600000,0.000000,3,3,3,4,5,300,370,400,440,440,440,1492,0,3,25.12682067890759,2.0343890064395964,910.397345025558,7401.406836461126
1781648004,10,POST,/likes,1.400000,0.000000,4,4,4,4,4,13,13,13,13,13,13,156,0,4,3.901249781334534,2.6785539812408388,13.447962002828717,179.8653846153846
1781648004,10,POST,/posts,1.000000,0.000000,3,4,5,5,5,17,17,17,17,17,17,224,0,3,3.745777544541592,2.431503002298996,28.634571994189173,227.40625
1781648004,10,GET,/timeline/{user_id},10.700000,0.000000,3,3,3,3,4,4,10,120,180,180,180,1799,0,3,11.811825903823026,1.9244449795223773,633.4925499977544,4401.052807115064
1781648004,10,GET,/users/{user_id},5.800000,0.000000,3,3,3,3,4,4,5,5,5,5,5,745,0,3,2.978407340428961,1.6565429978072643,37.53266599960625,265.3959731543624
1781648004,10,,Aggregated,47.400000,0.000000,3,3,3,4,4,5,290,310,440,440,440,7238,0,3,9.898456931684372,1.6565429978072643,910.397345025558,4920.312379110252
1781648005,10,GET,/feed/{user_id},17.400000,0.000000,3,3,3,4,4,5,8,13,19,19,19,2841,0,3,3.283149001802574,1.882922020740807,58.05084898020141,5791.636747624076
1781648005,10,GET,/feed/{user_id}?with_fof=true,10.500000,0.000000,3,3,3,4,10,310,380,400,440,440,440,1502,0,3,25.227356759638162,2.0343890064395964,910.397345025558,7398.511984021305
1781648005,10,POST,/likes,1.500000,0.000000,4,4,4,4,4,13,13,13,13,13,13,157,0,4,3.9032956299440236,2.6785539812408388,13.447962002828717,179.8535031847134
1781648005,10,POST,/posts,1.100000,0.000000,4,4,4,5,5,17,17,17,17,17,17,227,0,3,3.743957361080253,2.431503002298996,28.634571994189173,227.40969162995594
1781648005,10,GET,/timeline/{user_id},10.900000,0.000000,3,3,3,3,4,4,180,190,190,190,190,1809,0,3,11.868764865120761,1.9244449795223773,633.4925499977544,4392.974018794915
1781648005,10,GET,/users/{user_id},5.800000,0.000000,3,3,3,3,4,4,5,5,5,5,5,750,0,3,2.9796502821845934,1.6565429978072643,37.53266599960625,265.41333333333336
1781648005,10,,Aggregated,47.200000,0.000000,3,3,3,4,4,6,290,340,440,440,440,7286,0,3,9.935073463437547,1.6565429978072643,910.397345025558,4912.491627779303
1781648006,10,GET,/feed/{user_id},16.900000,0.000000,3,3,3,4,4,4,8,13,19,19,19,2864,0,3,3.28064540891273,1.882922020740807,58.05084898020141,5802.948673184357
1781648006,10,GET,/feed/{user_id}?with_fof=true,11.200000,0.000000,3,3,3,4,4,300,380,400,440,440,440,1513,0,3,25.067563339057134,2.0343890064395964,910.397345025558,7409.220753469927
1781648006,10,POST,/likes,1.400000,0.000000,4,4,4,4,4,13,13,13,13,13,13,157,0,4,3.9032956299440236,2.6785539812408388,13.447962002828717,179.8535031847134
1781648006,10,POST,/posts,1.300000,0.000000,4,4,4,5,5,17,17,17,17,17,17,228,0,3,3.743352126963273,2.431503002298996,28.634571994189173,227.4078947368421
1781648006,10,GET,/timeline/{user_id},10.800000,0.000000,3,3,3,3,4,4,180,190,190,190,190,1821,0,3,11.809677129047772,1.9244449795223773,633.4925499977544,4388.077429983526
1781648006,10,GET,/users/{user_id},5.400000,0.000000,3,3,3,4,4,4,5,5,5,5,5,752,0,3,2.9804453040421146,1.6565429978072643,37.53266599960625,265.40159574468083
1781648006,10,,Aggregated,47.000000,0.000000,3,3,3,4,4,5,190,310,440,440,440,7335,0,3,9.889026639755148,1.6565429978072643,910.397345025558,4921.629584185413
1781648007,10,GET,/feed/{user_id},16.300000,0.000000,3,3,3,3,4,4,8,13,19,19,19,2880,0,3,3.279242735081627,1.882922020740807,58.05084898020141,5806.959027777778
1781648007,10,GET,/feed/{user_id}?with_fof=true,11.400000,0.000000,3,3,3,4,5,300,340,380,440,440,440,1522,0,3,25.14149250458674,2.0343890064395964,910.397345025558,7404.545335085414
1781648007,10,POST,/likes,1.600000,0.000000,4,4,4,4,4,13,13,13,13,13,13,158,0,4,3.898713347587522,2.6785539812408388,13.447962002828717,179.84810126582278
1781648007,10,POST,/posts,1.800000,0.000000,4,4,4,4,5,17,17,17,17,17,17,228,0,3,3.743352126963273,2.431503002298996,28.634571994189173,227.4078947368421
1781648007,10,GET,/timeline/{user_id},10.800000,0.000000,3,3,3,3,4,120,180,190,190,190,190,1835,0,3,11.902973728605904,1.9244449795223773,633.4925499977544,4390.7378746594
1781648007,10,GET,/users/{user_id},5.100000,0.000000,3,3,3,4,4,4,5,5,5,5,5,757,0,3,2.9812267273443025,1.6565429978072643,37.53266599960625,265.4068692206077
1781648007,10,,Aggregated,47.000000,0.000000,3,3,3,4,4,5,190,300,440,440,440,7380,0,3,9.92924079776071,1.6565429978072643,910.397345025558,4923.027371273713
1781648008,10,GET,/feed/{user_id},16.200000,0.000000,3,3,3,3,4,4,8,13,19,19,19,2900,0,3,3.277193526908001,1.882922020740807,58.05084898020141,5816.55275862069
1781648008,10,GET,/feed/{user_id}?with_fof=true,12.100000,0.000000,3,3,3,4,5,300,340,380,440,440,440,1534,0,3,24.968317219025376,2.0343890064395964,910.397345025558,7399.400912646675
1781648008,10,POST,/likes,1.500000,0.000000,4,4,4,4,4,13,13,13,13,13,13,158,0,4,3.898713347587522,2.6785539812408388,13.447962002828717,179.84810126582278
1781648008,10,POST,/posts,1.900000,0.000000,4,4,4,4,5,17,17,17,17,17,17,230,0,3,3.7459618214558326,2.431503002298996,28.634571994189173,227.41304347826087
1781648008,10,GET,/timeline/{user_id},10.300000,0.000000,3,3,3,3,4,120,180,190,190,190,190,1845,0,3,11.853853194595146,1.9244449795223773,633.4925499977544,4382.8439024390245
1781648008,10,GET,/users/{user_id},4.800000,0.000000,3,3,3,4,4,5,6,6,6,6,6,761,0,3,2.9869980611927125,1.6565429978072643,37.53266599960625,265.4126149802891
1781648008,10,,Aggregated,46.800000,0.000000,3,3,3,4,4,6,190,300,440,440,440,7428,0,3,9.885068987408118,1.6565429978072643,910.397345025558,4925.650376952073
1781648009,10,GET,/feed/{user_id},17.000000,0.000000,3,3,3,3,4,4,8,13,19,19,19,2913,0,3,3.276234681749543,1.882922020740807,58.05084898020141,5819.881565396498
1781648009,10,GET,/feed/{user_id}?with_fof=true,11.600000,0.000000,3,3,3,4,4,290,310,340,380,380,380,1552,0,3,24.866635410419512,2.0343890064395964,910.397345025558,7416.242912371134
1781648009,10,POST,/likes,1.400000,0.000000,4,4,4,4,13,13,13,13,13,13,13,159,0,4,3.8992634711936467,2.6785539812408388,13.447962002828717,179.8427672955975
1781648009,10,POST,/posts,1.900000,0.000000,4,4,4,5,5,17,17,17,17,17,17,230,0,3,3.7459618214558326,2.431503002298996,28.634571994189173,227.41304347826087
1781648009,10,GET,/timeline/{user_id},10.300000,0.000000,3,3,3,3,4,120,180,190,190,190,190,1854,0,3,11.810581945017871,1.9244449795223773,633.4925499977544,4384.0
1781648009,10,GET,/users/{user_id},4.700000,0.000000,3,3,3,4,4,5,6,6,6,6,6,767,0,3,2.984374245870652,1.6565429978072643,37.53266599960625,265.41851368970015
1781648009,10,,Aggregated,46.900000,0.000000,3,3,3,4,4,5,180,300,380,380,380,7475,0,3,9.873455233231848,1.6565429978072643,910.397345025558,4933.208829431438
1781648010,10,GET,/feed/{user_id},17.400000,0.000000,3,3,3,3,4,4,13,19,34,34,34,2928,0,3,3.2905436044907495,1.882922020740807,58.05084898020141,5817.923155737705
1781648010,10,GET,/feed/{user_id}?with_fof=true,11.400000,0.000000,3,3,3,4,10,300,370,370,380,380,380,1564,0,3,25.1680656610799,2.0343890064395964,910.397345025558,7419.779411764706
1781648010,10,POST,/likes,1.300000,0.000000,4,4,4,5,13,13,13,13,13,13,13,160,0,4,3.905728537029063,2.6785539812408388,13.447962002828717,179.84375
1781648010,10,POST,/posts,1.800000,0.000000,4,4,4,5,5,17,17,17,17,17,17,230,0,3,3.7459618214558326,2.431503002298996,28.634571994189173,227.41304347826087
1781648010,10,GET,/timeline/{user_id},10.200000,0.000000,3,3,3,3,4,120,190,190,190,190,190,1861,0,3,11.878924889851953,1.9244449795223773,633.4925499977544,4383.081676518001
1781648010,10,GET,/users/{user_id},4.900000,0.000000,3,3,3,3,4,4,6,6,6,6,6,772,0,3,2.9835646380634175,1.6565429978072643,37.53266599960625,265.41709844559585
1781648010,10,,Aggregated,47.000000,0.000000,3,3,3,4,4,9,240,310,380,380,380,7515,0,3,9.965940821468639,1.6565429978072643,910.397345025558,4934.439254823686
1781648011,10,GET,/feed/{user_id},16.900000,0.000000,3,3,3,3,4,4,13,19,34,34,34,2952,0,3,3.2884964108865247,1.882922020740807,58.05084898020141,5820.309620596206
1781648011,10,GET,/feed/{user_id}?with_fof=true,11.500000,0.000000,3,3,3,4,10,300,370,370,380,380,380,1572,0,3,25.283997819298918,2.0343890064395964,910.397345025558,7425.131043256997
1781648011,10,POST,/likes,1.200000,0.000000,4,4,4,5,13,13,13,13,13,13,13,162,0,4,3.906384573417233,2.6785539812408388,13.447962002828717,179.85185185185185
1781648011,10,POST,/posts,1.800000,0.000000,4,4,4,4,5,5,5,5,5,5,5,231,0,3,3.74288990873404,2.431503002298996,28.634571994189173,227.4112554112554
1781648011,10,GET,/timeline/{user_id},10.300000,0.000000,3,3,3,3,4,120,190,190,190,190,190,1870,0,3,11.836142162060899,1.9244449795223773,633.4925499977544,4382.128342245989
1781648011,10,GET,/users/{user_id},5.000000,0.000000,3,3,3,3,4,4,6,6,6,6,6,775,0,3,2.982812489780988,1.6565429978072643,37.53266599960625,265.4258064516129
1781648011,10,,Aggregated,46.700000,0.000000,3,3,3,4,4,9,240,340,380,380,380,7562,0,3,9.970483122100003,1.6565429978072643,910.397345025558,4937.293440888654
1781648012,10,GET,/feed/{user_id},17.200000,0.000000,3,3,3,3,4,5,13,19,34,34,34,2968,0,3,3.2880190064013664,1.882922020740807,58.05084898020141,5823.026617250674
1781648012,10,GET,/feed/{user_id}?with_fof=true,11.800000,0.000000,3,3,3,4,12,300,370,370,380,380,380,1584,0,3,25.228762087734673,2.0343890064395964,910.397345025558,7431.483585858586
1781648012,10,POST,/likes,1.000000,0.000000,4,5,6,6,6,13,13,13,13,13,13,165,0,4,3.925910072090725,2.6785539812408388,13.447962002828717,179.86666666666667
1781648012,10,POST,/posts,1.400000,0.000000,4,4,4,4,4,5,5,5,5,5,5,233,0,3,3.739979231526252,2.431503002298996,28.634571994189173,227.41630901287553
1781648012,10,GET,/timeline/{user_id},10.300000,0.000000,3,3,3,3,4,180,190,190,190,190,190,1883,0,3,11.970571217790397,1.9244449795223773,633.4925499977544,4371.387148167817
1781648012,10,GET,/users/{user_id},5.100000,0.000000,3,3,3,4,4,4,6,6,6,6,6,780,0,3,2.9826533122850845,1.6565429978072643,37.53266599960625,265.424358974359
1781648012,10,,Aggregated,46.800000,0.000000,3,3,3,4,4,13,240,340,380,380,380,7613,0,3,9.99703731347606,1.6565429978072643,910.397345025558,4935.666885590437
1781648013,10,GET,/feed/{user_id},17.700000,0.000000,3,3,3,3,4,4,13,19,34,34,34,2989,0,3,3.28622564102681,1.882922020740807,58.05084898020141,5822.365339578454
1781648013,10,GET,/feed/{user_id}?with_fof=true,11.200000,0.000000,3,3,4,4,12,340,370,380,400,400,400,1591,0,3,25.564170062196155,2.0343890064395964,910.397345025558,7441.725329981144
1781648013,10,POST,/likes,1.200000,0.000000,4,4,5,6,6,6,6,6,6,6,6,165,0,4,3.925910072090725,2.6785539812408388,13.447962002828717,179.86666666666667
1781648013,10,POST,/posts,1.400000,0.000000,4,4,4,4,4,5,5,5,5,5,5,233,0,3,3.739979231526252,2.431503002298996,28.634571994189173,227.41630901287553
1781648013,10,GET,/timeline/{user_id},10.300000,0.000000,3,3,3,3,4,120,190,190,190,190,190,1894,0,3,11.917568671652544,1.9244449795223773,633.4925499977544,4370.818901795143
1781648013,10,GET,/users/{user_id},4.800000,0.000000,3,3,3,4,4,4,6,6,6,6,6,785,0,3,2.981432850411826,1.6565429978072643,37.53266599960625,265.4331210191083
1781648013,10,,Aggregated,46.600000,0.000000,3,3,3,4,4,8,240,360,400,400,400,7657,0,3,10.046573486287972,1.6565429978072643,910.397345025558,4938.252187540812
1781648014,10,GET,/feed/{user_id},17.800000,0.000000,3,3,3,3,4,4,13,19,34,34,34,3006,0,3,3.2851636876311545,1.882922020740807,58.05084898020141,5821.105788423154
1781648014,10,GET,/feed/{user_id}?with_fof=true,11.400000,0.000000,3,3,3,4,4,300,370,380,400,400,400,1602,0,3,25.409367470024648,2.0343890064395964,910.397345025558,7449.0830212234705
1781648014,10,POST,/likes,1.200000,0.000000,4,4,5,5,6,6,6,6,6,6,6,167,0,4,3.9151362986945197,2.6785539812408388,13.447962002828717,179.8682634730539
1781648014,10,POST,/posts,1.500000,0.000000,4,4,4,4,4,4,4,4,4,4,4,236,0,3,3.738338965823937,2.431503002298996,28.634571994189173,227.42372881355934
1781648014,10,GET,/timeline/{user_id},10.300000,0.000000,3,3,3,3,4,180,190,190,190,190,190,1901,0,3,11.896774561864827,1.9244449795223773,633.4925499977544,4368.988953182536
1781648014,10,GET,/users/{user_id},4.300000,0.000000,3,3,3,3,4,4,6,6,6,6,6,792,0,3,2.9777543883267414,1.6565429978072643,37.53266599960625,265.44444444444446
1781648014,10,,Aggregated,46.500000,0.000000,3,3,3,4,4,6,190,360,400,400,400,7704,0,3,10.006650364417833,1.6565429978072643,910.397345025558,4936.534916926272
1781648015,10,GET,/feed/{user_id},17.600000,0.000000,3,3,3,3,4,4,6,16,34,34,34,3027,0,3,3.283323304250244,1.882922020740807,58.05084898020141,5806.917079616782
1781648015,10,GET,/feed/{user_id}?with_fof=true,11.200000,0.000000,3,3,3,4,4,290,370,370,400,400,400,1609,0,3,25.31206015227354,2.0343890064395964,910.397345025558,7441.897451833437
1781648015,10,POST,/likes,1.100000,0.000000,4,4,5,5,6,6,6,6,6,6,6,168,0,4,3.9102968444889745,2.6785539812408388,13.447962002828717,179.875
1781648015,10,POST,/posts,1.400000,0.000000,4,4,4,4,4,4,4,4,4,4,4,237,0,3,3.738694995585711,2.431503002298996,28.634571994189173,227.41772151898735
1781648015,10,GET,/timeline/{user_id},10.400000,0.000000,3,3,3,3,4,120,190,190,190,190,190,1909,0,3,11.860490018923144,1.9244449795223773,633.4925499977544,4356.169722367732
1781648015,10,GET,/users/{user_id},4.400000,0.000000,3,3,3,3,4,4,6,6,6,6,6,797,0,3,2.977595857624724,1.6565429978072643,37.53266599960625,265.4416562107905
1781648015,10,,Aggregated,46.100000,0.000000,3,3,3,4,4,6,190,300,400,400,400,7747,0,3,9.96818695694498,1.6565429978072643,910.397345025558,4926.184716664516
1781648016,10,GET,/feed/{user_id},18.300000,0.000000,3,3,3,3,4,4,6,16,34,34,34,3045,0,3,3.2813259655050016,1.882922020740807,58.05084898020141,5811.152709359606
1781648016,10,GET,/feed/{user_id}?with_fof=true,10.600000,0.000000,3,3,3,4,4,290,370,370,400,400,400,1621,0,3,25.14652216902596,2.0343890064395964,910.397345025558,7433.49907464528
1781648016,10,POST,/likes,1.200000,0.000000,4,4,5,5,6,6,6,6,6,6,6,169,0,4,3.9052824252464164,2.6785539812408388,13.447962002828717,179.87573964497042
1781648016,10,POST,/posts,1.200000,0.000000,4,4,4,4,5,5,5,5,5,5,5,238,0,3,3.7436159745840936,2.431503002298996,28.634571994189173,227.42436974789916
1781648016,10,GET,/timeline/{user_id},10.300000,0.000000,3,3,3,3,4,120,190,190,190,190,190,1920,0,3,11.80899929431689,1.9244449795223773,633.4925499977544,4353.025520833334
1781648016,10,GET,/users/{user_id},4.700000,0.000000,3,3,3,3,4,5,6,6,6,6,6,800,0,3,2.980478438184946,1.6565429978072643,37.53266599960625,265.4475
1781648016,10,,Aggregated,46.300000,0.000000,3,3,3,4,4,6,190,300,400,400,400,7793,0,3,9.92721477331039,1.6565429978072643,910.397345025558,4927.416271012447
1781648017,10,GET,/feed/{user_id},18.200000,0.000000,3,3,3,3,4,4,6,16,34,34,34,3060,0,3,3.282804056871576,1.882922020740807,58.05084898020141,5812.455882352941
1781648017,10,GET,/feed/{user_id}?with_fof=true,11.100000,0.000000,3,3,3,4,4,240,370,370,400,400,400,1630,0,3,25.031860761949364,2.0343890064395964,910.397345025558,7439.020245398773
1781648017,10,POST,/likes,1.100000,0.000000,4,4,4,5,6,6,6,6,6,6,6,171,0,4,3.9009485020688928,2.6785539812408388,13.447962002828717,179.87134502923976
1781648017,10,POST,/posts,1.000000,0.000000,4,4,4,4,5,5,5,5,5,5,5,238,0,3,3.7436159745840936,2.431503002298996,28.634571994189173,227.42436974789916
1781648017,10,GET,/timeline/{user_id},9.900000,0.000000,3,3,3,3,4,26,190,190,190,190,190,1938,0,3,11.822989719803445,1.9244449795223773,633.4925499977544,4354.524251805986
1781648017,10,GET,/users/{user_id},4.700000,0.000000,3,3,3,3,4,4,5,5,5,5,5,802,0,3,2.980548589205267,1.6565429978072643,37.53266599960625,265.4476309226933
1781648017,10,,Aggregated,46.000000,0.000000,3,3,3,4,4,5,180,290,400,400,400,7839,0,3,9.913089717735806,1.6565429978072643,910.397345025558,4930.292129098099
1781648018,10,GET,/feed/{user_id},18.600000,0.000000,3,3,3,3,4,4,6,16,34,34,34,3077,0,3,3.282068334098392,1.882922020740807,58.05084898020141,5812.468963275918
1781648018,10,GET,/feed/{user_id}?with_fof=true,10.500000,0.000000,3,3,3,4,4,300,370,400,400,400,400,1639,0,3,25.095083286099747,2.0343890064395964,910.397345025558,7446.743136058572
1781648018,10,POST,/likes,1.200000,0.000000,4,4,4,5,6,6,6,6,6,6,6,171,0,4,3.9009485020688928,2.6785539812408388,13.447962002828717,179.87134502923976
1781648018,10,POST,/posts,1.000000,0.000000,4,4,4,4,5,5,5,5,5,5,5,238,0,3,3.7436159745840936,2.431503002298996,28.634571994189173,227.42436974789916
1781648018,10,GET,/timeline/{user_id},10.000000,0.000000,3,3,3,3,4,26,180,190,190,190,190,1957,0,3,11.829458581494627,1.9244449795223773,633.4925499977544,4351.778231987736
1781648018,10,GET,/users/{user_id},4.700000,0.000000,3,3,3,3,4,4,5,5,5,5,5,807,0,3,2.980369522367273,1.6565429978072643,37.53266599960625,265.453531598513
1781648018,10,,Aggregated,46.000000,0.000000,3,3,3,4,4,5,190,300,400,400,400,7889,0,3,9.930690482225684,1.6565429978072643,910.397345025558,4931.640892381797
1781648019,10,GET,/feed/{user_id},18.000000,0.000000,3,3,3,3,4,4,6,16,34,34,34,3101,0,3,3.279763354767959,1.882922020740807,58.05084898020141,5807.716543050628
1781648019,10,GET,/feed/{user_id}?with_fof=true,10.800000,0.000000,3,3,3,4,4,290,370,400,400,400,400,1643,0,3,25.04060341807522,2.0343890064395964,910.397345025558,7450.212416311625
1781648019,10,POST,/likes,1.300000,0.000000,4,4,5,5,6,6,6,6,6,6,6,171,0,4,3.9009485020688928,2.6785539812408388,13.447962002828717,179.87134502923976
1781648019,10,POST,/posts,1.000000,0.000000,4,4,4,4,4,5,5,5,5,5,5,241,0,3,3.741615684340704,2.431503002298996,28.634571994189173,227.4149377593361
1781648019,10,GET,/timeline/{user_id},10.200000,0.000000,3,3,3,4,4,180,190,190,190,190,190,1970,0,3,11.879724245678,1.9244449795223773,633.4925499977544,4357.197969543147
1781648019,10,GET,/users/{user_id},4.700000,0.000000,3,3,3,4,4,4,5,5,5,5,5,810,0,3,2.9818931376751237,1.6565429978072643,37.53266599960625,265.462962962963
1781648019,10,,Aggregated,46.000000,0.000000,3,3,3,4,4,6,180,290,400,400,400,7936,0,3,9.916764032045796,1.6565429978072643,910.397345025558,4931.287550403225
1781648020,10,GET,/feed/{user_id},17.600000,0.000000,3,3,3,3,4,4,5,6,10,10,10,3119,0,3,3.2780728230654326,1.882922020740807,58.05084898020141,5803.779095864059
1781648020,10,GET,/feed/{user_id}?with_fof=true,10.700000,0.000000,3,3,3,3,4,290,360,400,400,400,400,1655,0,3,25.0562075594457,2.0343890064395964,910.397345025558,7456.765558912387
1781648020,10,POST,/likes,1.300000,0.000000,3,4,4,4,6,6,6,6,6,6,6,173,0,4,3.8978894326278692,2.6785539812408388,13.447962002828717,179.86705202312137
1781648020,10,POST,/posts,0.900000,0.000000,4,4,4,4,5,5,5,5,5,5,5,241,0,3,3.741615684340704,2.431503002298996,28.634571994189173,227.4149377593361
1781648020,10,GET,/timeline/{user_id},10.900000,0.000000,3,3,3,3,4,180,180,190,190,190,190,1981,0,3,11.999299557787774,1.9244449795223773,633.4925499977544,4365.1090358404845
1781648020,10,GET,/users/{user_id},4.400000,0.000000,3,3,3,3,4,4,5,5,5,5,5,816,0,3,2.980317189390988,1.6565429978072643,37.53266599960625,265.46936274509807
1781648020,10,,Aggregated,45.800000,0.000000,3,3,3,3,4,5,180,290,400,400,400,7985,0,3,9.952529511373209,1.6565429978072643,910.397345025558,4933.345272385724
1781648021,10,GET,/feed/{user_id},18.300000,0.000000,3,3,3,3,4,4,4,5,10,10,10,3139,0,3,3.2766976187148944,1.882922020740807,58.05084898020141,5812.756928958267
1781648021,10,GET,/feed/{user_id}?with_fof=true,9.800000,0.000000,3,3,3,3,4,13,300,400,400,400,400,1666,0,3,24.91035288346734,2.029270981438458,910.397345025558,7458.696278511405
1781648021,10,POST,/likes,1.300000,0.000000,3,3,4,4,4,6,6,6,6,6,6,175,0,4,3.8863424333145042,2.6785539812408388,13.447962002828717,179.88
1781648021,10,POST,/posts,1.000000,0.000000,4,4,4,4,5,5,5,5,5,5,5,241,0,3,3.741615684340704,2.431503002298996,28.634571994189173,227.4149377593361
1781648021,10,GET,/timeline/{user_id},11.400000,0.000000,3,3,3,4,4,160,180,180,190,190,190,1992,0,3,11.950188000470467,1.9244449795223773,633.4925499977544,4365.798192771084
1781648021,10,GET,/users/{user_id},4.400000,0.000000,3,3,3,3,4,4,5,5,5,5,5,820,0,3,2.9764114409506255,1.6565429978072643,37.53266599960625,265.4756097560976
1781648021,10,,Aggregated,46.200000,0.000000,3,3,3,3,4,4,180,190,400,400,400,8033,0,3,9.910802055679754,1.6565429978072643,910.397345025558,4938.762355284452
1781648022,10,GET,/feed/{user_id},19.100000,0.000000,3,3,3,3,4,4,5,5,10,10,10,3161,0,3,3.2756199753705215,1.882922020740807,58.05084898020141,5818.442897817146
1781648022,10,GET,/feed/{user_id}?with_fof=true,9.200000,0.000000,3,3,3,3,4,13,300,400,400,400,400,1677,0,3,24.768211340371906,2.029270981438458,910.397345025558,7454.3428741800835
1781648022,10,POST,/likes,1.200000,0.000000,3,3,3,4,4,4,4,4,4,4,4,175,0,4,3.8863424333145042,2.6785539812408388,13.447962002828717,179.88
1781648022,10,POST,/posts,1.100000,0.000000,4,4,4,4,5,5,5,5,5,5,5,241,0,3,3.741615684340704,2.431503002298996,28.634571994189173,227.4149377593361
1781648022,10,GET,/timeline/{user_id},11.600000,0.000000,3,3,3,4,4,160,180,190,190,190,190,2003,0,3,11.99263057112252,1.9244449795223773,633.4925499977544,4360.068896655018
1781648022,10,GET,/users/{user_id},4.100000,0.000000,3,3,3,3,4,4,5,5,5,5,5,824,0,3,2.9739198138291982,1.6565429978072643,37.53266599960625,265.4745145631068
1781648022,10,,Aggregated,46.300000,0.000000,3,3,3,3,4,4,180,190,400,400,400,8081,0,3,9.892849081333958,1.6565429978072643,910.397345025558,4941.379284741987
1781648023,10,GET,/feed/{user_id},18.600000,0.000000,3,3,3,3,4,4,4,5,10,10,10,3174,0,3,3.2750980605372177,1.882922020740807,58.05084898020141,5818.846880907372
1781648023,10,GET,/feed/{user_id}?with_fof=true,9.200000,0.000000,3,3,3,3,4,4,290,300,300,300,300,1690,0,3,24.59964226260051,2.029270981438458,910.397345025558,7472.076331360947
1781648023,10,POST,/likes,1.200000,0.000000,3,3,4,4,4,4,4,4,4,4,4,177,0,4,3.8838339425257726,2.6785539812408388,13.447962002828717,179.8870056497175
1781648023,10,POST,/posts,1.000000,0.000000,4,4,4,4,4,5,5,5,5,5,5,246,0,3,3.73612382490381,2.431503002298996,28.634571994189173,227.39837398373984
1781648023,10,GET,/timeline/{user_id},12.000000,0.000000,3,3,3,4,4,160,180,190,190,190,190,2012,0,3,11.951607852856787,1.9244449795223773,633.4925499977544,4355.068588469185
1781648023,10,GET,/users/{user_id},4.800000,0.000000,3,3,3,3,4,4,5,5,5,5,5,828,0,3,2.9735671335441545,1.6565429978072643,37.53266599960625,265.47222222222223
1781648023,10,,Aggregated,46.800000,0.000000,3,3,3,3,4,4,26,180,300,300,300,8127,0,3,9.854045813118717,1.6565429978072643,910.397345025558,4942.391780484803
1781648024,10,GET,/feed/{user_id},18.800000,0.000000,3,3,3,3,4,4,4,5,10,10,10,3188,0,3,3.273380860786942,1.882922020740807,58.05084898020141,5818.671267252195
1781648024,10,GET,/feed/{user_id}?with_fof=true,9.100000,0.000000,3,3,3,3,4,4,290,300,300,300,300,1698,0,3,24.497615368564414,2.029270981438458,910.397345025558,7475.707302709069
1781648024,10,POST,/likes,1.100000,0.000000,3,4,4,4,4,4,4,4,4,4,4,178,0,4,3.8833534822464406,2.6785539812408388,13.447962002828717,179.88202247191012
1781648024,10,POST,/posts,0.900000,0.000000,4,4,4,4,4,5,5,5,5,5,5,248,0,3,3.73056170123633,2.431503002298996,28.634571994189173,227.40725806451613
1781648024,10,GET,/timeline/{user_id},12.100000,0.000000,3,3,3,4,4,180,190,190,200,200,200,2024,0,3,12.083706916973645,1.9244449795223773,633.4925499977544,4356.546936758893
1781648024,10,GET,/users/{user_id},4.600000,0.000000,3,3,3,3,4,5,9,9,9,9,9,838,0,3,2.9800333276331017,1.6565429978072643,37.53266599960625,265.4713603818616
1781648024,10,,Aggregated,46.600000,0.000000,3,3,3,3,4,4,160,190,300,300,300,8174,0,3,9.860973333774018,1.6565429978072643,910.397345025558,4939.100440420847
1781648025,10,GET,/feed/{user_id},19.100000,0.000000,3,3,3,3,4,4,4,10,10,10,10,3206,0,3,3.274033761148109,1.882922020740807,58.05084898020141,5823.642545227698
1781648025,10,GET,/feed/{user_id}?with_fof=true,9.100000,0.000000,3,3,3,3,4,4,290,300,300,300,300,1706,0,3,24.39790924493516,2.029270981438458,910.397345025558,7481.196365767878
1781648025,10,POST,/likes,1.000000,0.000000,3,4,4,4,4,4,4,4,4,4,4,178,0,4,3.8833534822464406,2.6785539812408388,13.447962002828717,179.88202247191012
1781648025,10,POST,/posts,1.200000,0.000000,3,4,4,4,4,5,5,5,5,5,5,253,0,3,3.725528529304054,2.431503002298996,28.634571994189173,227.42292490118578
1781648025,10,GET,/timeline/{user_id},12.300000,0.000000,3,3,3,4,4,180,190,190,200,200,200,2038,0,3,12.111198737477848,1.9244449795223773,633.4925499977544,4347.11923454367
1781648025,10,GET,/users/{user_id},4.200000,0.000000,3,3,3,3,4,4,9,9,9,9,9,841,0,3,2.9812618972349902,1.6565429978072643,37.53266599960625,265.46611177170035
1781648025,10,,Aggregated,46.900000,0.000000,3,3,3,3,4,4,180,190,300,300,300,8222,0,3,9.844690504793055,1.6565429978072643,910.397345025558,4938.672099245926
1781648026,10,GET,/feed/{user_id},18.600000,0.000000,3,3,3,3,4,4,4,5,10,10,10,3228,0,3,3.27178577609306,1.882922020740807,58.05084898020141,5824.876084262702
1781648026,10,GET,/feed/{user_id}?with_fof=true,10.000000,0.000000,3,3,3,3,4,4,290,300,300,300,300,1715,0,3,24.286617570758306,2.029270981438458,910.397345025558,7484.2349854227405
1781648026,10,POST,/likes,1.000000,0.000000,3,4,4,4,4,4,4,4,4,4,4,180,0,4,3.877628199148199,2.6785539812408388,13.447962002828717,179.87222222222223
1781648026,10,POST,/posts,1.300000,0.000000,3,4,4,4,4,4,4,4,4,4,4,255,0,3,3.7252552897495894,2.431503002298996,28.634571994189173,227.4078431372549
1781648026,10,GET,/timeline/{user_id},12.300000,0.000000,3,3,3,4,4,180,190,190,200,200,200,2048,0,3,12.0673598086114,1.9244449795223773,633.4925499977544,4346.42041015625
1781648026,10,GET,/users/{user_id},4.200000,0.000000,3,3,3,3,4,4,9,9,9,9,9,846,0,3,2.9805909723085273,1.6565429978072643,37.53266599960625,265.47399527186764
1781648026,10,,Aggregated,47.400000,0.000000,3,3,3,3,4,4,160,190,300,300,300,8272,0,3,9.803713690089564,1.6565429978072643,910.397345025558,4938.900991295938
1781648027,10,GET,/feed/{user_id},18.100000,0.000000,3,3,3,3,4,4,4,5,10,10,10,3246,0,3,3.269849276407986,1.882922020740807,58.05084898020141,5824.335797905114
1781648027,10,GET,/feed/{user_id}?with_fof=true,9.400000,0.000000,3,3,3,3,4,4,290,300,300,300,300,1726,0,3,24.150739824959846,2.029270981438458,910.397345025558,7476.908458864426
1781648027,10,POST,/likes,1.000000,0.000000,3,4,4,4,4,4,4,4,4,4,4,180,0,4,3.877628199148199,2.6785539812408388,13.447962002828717,179.87222222222223
1781648027,10,POST,/posts,1.500000,0.000000,3,4,4,4,4,4,4,4,4,4,4,256,0,3,3.7258916245264118,2.431503002298996,28.634571994189173,227.40234375
1781648027,10,GET,/timeline/{user_id},12.900000,0.000000,3,3,3,4,4,180,190,190,200,200,200,2066,0,3,12.07580353776144,1.9244449795223773,633.4925499977544,4357.236689254598
1781648027,10,GET,/users/{user_id},4.600000,0.000000,3,3,3,3,4,4,9,9,9,9,9,850,0,3,2.9780972289154306,1.6565429978072643,37.53266599960625,265.48117647058825
1781648027,10,,Aggregated,47.500000,0.000000,3,3,3,3,4,4,160,190,300,300,300,8324,0,3,9.782544662952871,1.6565429978072643,910.397345025558,4941.042767900048
