Timestamp,User Count,Type,Name,Requests/s,Failures/s,50%,66%,75%,80%,90%,95%,98%,99%,99.9%,99.99%,100%,Total Request Count,Total Failure Count,Total Median Response Time,Total Average Response Time,Total Min Response Time,Total Max Response Time,Total Average Content Size
1781653894,0,,Aggregated,0.000000,0.000000,N/A,N/A,N/A,N/A,N/A,N/A,N/A,N/A,N/A,N/A,N/A,0,0,0,0.0,0,0,0
1781653895,10,GET,/feed/{user_id},0.000000,0.000000,0,0,0,0,0,0,0,0,0,0,0,15,0,5,15.965063530408466,2.619540988234803,81.67153899557889,5876.4
1781653895,10,GET,/feed/{user_id}?with_fof=true,0.000000,0.000000,0,0,0,0,0,0,0,0,0,0,0,3,0,3.1322189897764474,225.87126466290405,3.1322189897764474,671.1942630063277,11428.666666666666
1781653895,10,POST,/likes,0.000000,0.000000,0,0,0,0,0,0,0,0,0,0,0,1,0,4.530573001829907,4.530573001829907,4.530573001829907,4.530573001829907,181.0
1781653895,10,GET,/timeline/{user_id},0.000000,0.000000,0,0,0,0,0,0,0,0,0,0,0,8,0,410.0,352.51362888448057,2.2333040251396596,589.3936710199341,6221.625
1781653895,10,GET,/users/{user_id},0.000000,0.000000,0,0,0,0,0,0,0,0,0,0,0,6,0,4,13.150600832886994,2.466271980665624,41.8606839957647,267.6666666666667
1781653895,10,,Aggregated,0.000000,0.000000,0,0,0,0,0,0,0,0,0,0,0,33,0,5,115.77675624302532,2.2333040251396596,671.1942630063277,5272.484848484848
1781653896,10,GET,/feed/{user_id},0.000000,0.000000,3,3,3,4,7,24,24,24,24,24,24,28,0,3,10.860184531858456,2.0297390001360327,81.67153899557889,7357.857142857143
1781653896,10,GET,/feed/{user_id}?with_fof=true,0.000000,0.000000,3,5,380,380,560,570,570,570,570,570,570,12,0,3,183.85610858240398,2.4375200155191123,671.1942630063277,11530.916666666666
1781653896,10,POST,/likes,0.000000,0.000000,6,6,6,6,6,6,6,6,6,6,6,2,0,5,5.194702505832538,4.530573001829907,5.858832009835169,181.0
1781653896,10,POST,/posts,0.000000,0.000000,0,0,0,0,0,0,0,0,0,0,0,2,0,6.137829012004659,7.787900001858361,6.137829012004659,9.437970991712064,229.0
1781653896,10,GET,/timeline/{user_id},0.000000,0.000000,4,4,13,13,200,320,320,320,320,320,320,19,0,4,177.9871326350411,2.216238994151354,589.3936710199341,6805.9473684210525
1781653896,10,GET,/users/{user_id},0.000000,0.000000,6,6,6,6,6,6,6,6,6,6,6,7,0,4,12.189185429763581,2.466271980665624,41.8606839957647,267.42857142857144
1781653896,10,,Aggregated,0.000000,0.000000,3,4,6,9,320,560,570,570,570,570,570,70,0,4,85.76290704243418,2.0297390001360327,671.1942630063277,6805.657142857143
1781653897,10,GET,/feed/{user_id},14.000000,0.000000,3,4,5,7,12,13,24,24,24,24,24,43,0,4,8.948245298978332,2.0297390001360327,81.67153899557889,7287.069767441861
1781653897,10,GET,/feed/{user_id}?with_fof=true,1.000000,0.000000,4,5,560,570,640,760,760,760,760,760,760,21,0,4,200.13079495124873,2.4375200155191123,755.7401439989917,11505.857142857143
1781653897,10,POST,/likes,1.000000,0.000000,6,6,6,6,6,6,6,6,6,6,6,3,0,5,4.791620662823941,3.985456976806745,5.858832009835169,181.0
1781653897,10,POST,/posts,0.000000,0.000000,9,9,9,9,9,9,9,9,9,9,9,2,0,6.137829012004659,7.787900001858361,6.137829012004659,9.437970991712064,229.0
1781653897,10,GET,/timeline/{user_id},8.000000,0.000000,4,13,200,310,330,410,450,450,450,450,450,30,0,4,165.3796807358352,2.216238994151354,589.3936710199341,6845.233333333334
1781653897,10,GET,/users/{user_id},6.000000,0.000000,6,6,6,6,6,6,6,6,6,6,6,8,0,4,11.222454748349264,2.466271980665624,41.8606839957647,267.625
1781653897,10,,Aggregated,30.000000,0.000000,4,5,8,13,380,570,640,760,760,760,760,107,0,4,90.36113984940495,2.0297390001360327,755.7401439989917,7135.196261682243
1781653898,10,GET,/feed/{user_id},14.000000,0.000000,3,4,5,7,13,24,37,37,37,37,37,59,0,3,8.46937548870347,2.0297390001360327,81.67153899557889,7533.847457627118
1781653898,10,GET,/feed/{user_id}?with_fof=true,4.500000,0.000000,4,5,340,380,590,640,760,760,760,760,760,29,0,4,168.57131000042187,2.4375200155191123,755.7401439989917,11496.551724137931
1781653898,10,POST,/likes,1.000000,0.000000,6,6,6,6,6,6,6,6,6,6,6,3,0,5,4.791620662823941,3.985456976806745,5.858832009835169,181.0
1781653898,10,POST,/posts,1.000000,0.000000,9,9,9,9,9,9,9,9,9,9,9,2,0,6.137829012004659,7.787900001858361,6.137829012004659,9.437970991712064,229.0
1781653898,10,GET,/timeline/{user_id},9.000000,0.000000,4,67,210,210,320,410,450,450,450,450,450,39,0,4,149.2819356432077,2.2037200105842203,589.3936710199341,6765.7692307692305
1781653898,10,GET,/users/{user_id},3.500000,0.000000,3,4,6,9,15,15,15,15,15,15,15,15,0,4,8.426771928012991,1.8283580138813704,41.8606839957647,267.46666666666664
1781653898,10,,Aggregated,33.000000,0.000000,3,5,9,13,320,450,590,640,760,760,760,147,0,4,77.32386989689267,1.8283580138813704,755.7401439989917,7120.918367346939
1781653899,10,GET,/feed/{user_id},13.000000,0.000000,3,4,4,5,11,13,24,37,37,37,37,79,0,3,7.237712542093182,2.0297390001360327,81.67153899557889,7614.2531645569625
1781653899,10,GET,/feed/{user_id}?with_fof=true,6.666667,0.000000,4,4,320,380,570,640,760,760,760,760,760,34,0,4,156.53306679450907,2.4375200155191123,755.7401439989917,11446.70588235294
1781653899,10,POST,/likes,1.000000,0.000000,4,4,6,6,6,6,6,6,6,6,6,4,0,4,4.5258059981279075,3.728362004039809,5.858832009835169,181.0
1781653899,10,POST,/posts,0.666667,0.000000,6,6,9,9,9,9,9,9,9,9,9,3,0,6,6.939913670066744,5.24394100648351,9.437970991712064,229.0
1781653899,10,GET,/timeline/{user_id},9.333333,0.000000,3,4,200,200,310,330,450,450,450,450,450,50,0,3,121.062857460347,2.2037200105842203,589.3936710199341,6682.02
1781653899,10,GET,/users/{user_id},2.333333,0.000000,3,4,4,6,9,15,15,15,15,15,15,20,0,3,7.1356405460392125,1.8283580138813704,41.8606839957647,266.95
1781653899,10,,Aggregated,33.000000,0.000000,3,4,6,9,210,410,570,640,760,760,760,190,0,3,63.835169530418504,1.8283580138813704,755.7401439989917,7008.236842105263
1781653900,10,GET,/feed/{user_id},14.500000,0.000000,3,3,4,4,8,13,24,37,37,37,37,101,0,3,6.34442867208641,2.0297390001360327,81.67153899557889,7639.247524752475
1781653900,10,GET,/feed/{user_id}?with_fof=true,7.250000,0.000000,3,4,5,240,560,590,760,760,760,760,760,47,0,3,119.14579940407458,2.4375200155191123,755.7401439989917,11211.340425531915
1781653900,10,POST,/likes,0.750000,0.000000,4,4,6,6,6,6,6,6,6,6,6,4,0,4,4.5258059981279075,3.728362004039809,5.858832009835169,181.0
1781653900,10,POST,/posts,0.500000,0.000000,6,6,9,9,9,9,9,9,9,9,9,4,0,5,6.308819254627451,4.415536008309573,9.437970991712064,229.0
1781653900,10,GET,/timeline/{user_id},9.750000,0.000000,3,4,13,200,220,330,410,450,450,450,450,61,0,3,103.3065171151796,2.2037200105842203,589.3936710199341,6427.688524590164
1781653900,10,GET,/users/{user_id},3.750000,0.000000,3,3,4,6,9,15,15,15,15,15,15,21,0,3,6.9221507098215325,1.8283580138813704,41.8606839957647,266.9047619047619
1781653900,10,,Aggregated,36.500000,0.000000,3,4,4,6,200,330,560,590,760,760,760,238,0,3,53.49176923451875,1.8283580138813704,755.7401439989917,7133.743697478992
1781653901,10,GET,/feed/{user_id},15.200000,0.000000,3,3,4,4,8,13,24,24,37,37,37,120,0,3,6.0347005996542675,2.0297390001360327,81.67153899557889,7652.391666666666
1781653901,10,GET,/feed/{user_id}?with_fof=true,6.800000,0.000000,3,4,4,5,420,590,640,760,760,760,760,57,0,3,98.77444347346267,2.4375200155191123,755.7401439989917,11252.82456140351
1781653901,10,POST,/likes,0.800000,0.000000,4,4,6,6,6,6,6,6,6,6,6,5,0,4,4.297038202639669,3.381967020686716,5.858832009835169,181.0
1781653901,10,POST,/posts,0.600000,0.000000,6,6,6,6,9,9,9,9,9,9,9,8,0,5,5.763805253081955,4.415536008309573,9.437970991712064,229.0
1781653901,10,GET,/timeline/{user_id},9.800000,0.000000,3,4,13,200,210,320,410,450,450,450,450,69,0,3,94.60865737671249,2.2037200105842203,589.3936710199341,6349.449275362319
1781653901,10,GET,/users/{user_id},4.000000,0.000000,3,3,3,4,6,9,15,15,15,15,15,28,0,3,5.91138921091832,1.8283580138813704,41.8606839957647,267.07142857142856
1781653901,10,,Aggregated,37.200000,0.000000,3,4,4,5,24,320,450,590,760,760,760,287,0,3,45.69832487763976,1.8283580138813704,755.7401439989917,6996.602787456446
1781653902,10,GET,/feed/{user_id},16.666667,0.000000,3,3,4,4,7,13,24,24,37,37,37,135,0,3,5.820019851671532,2.0297390001360327,81.67153899557889,7725.0888888888885
1781653902,10,GET,/feed/{user_id}?with_fof=true,7.666667,0.000000,3,4,4,4,380,570,640,760,760,760,760,67,0,3,84.65047294027242,2.4375200155191123,755.7401439989917,11303.955223880597
1781653902,10,POST,/likes,0.666667,0.000000,4,4,4,4,6,6,6,6,6,6,6,7,0,4,4.139606287935749,3.3472439972683787,5.858832009835169,181.14285714285714
1781653902,10,POST,/posts,0.666667,0.000000,6,6,6,6,9,9,9,9,9,9,9,8,0,5,5.763805253081955,4.415536008309573,9.437970991712064,229.0
1781653902,10,GET,/timeline/{user_id},9.833333,0.000000,3,3,4,13,210,320,410,450,450,450,450,83,0,3,79.15429293889137,2.1191150008235127,589.3936710199341,6195.650602409639
1781653902,10,GET,/users/{user_id},3.500000,0.000000,3,3,3,4,6,9,15,15,15,15,15,32,0,3,5.561749090702506,1.8283580138813704,41.8606839957647,266.78125
1781653902,10,,Aggregated,39.000000,0.000000,3,4,4,5,13,220,420,570,760,760,760,332,0,3,40.00046487302584,1.8283580138813704,755.7401439989917,7006.409638554217
1781653903,10,GET,/feed/{user_id},16.714286,0.000000,3,3,4,4,6,13,24,24,37,37,37,153,0,3,5.503005457713323,2.0297390001360327,81.67153899557889,7773.006535947712
1781653903,10,GET,/feed/{user_id}?with_fof=true,8.142857,0.000000,3,4,4,4,380,570,640,760,760,760,760,78,0,3,82.90930288449789,2.3513119958806783,755.7401439989917,11340.961538461539
1781653903,10,POST,/likes,0.714286,0.000000,4,4,5,5,6,6,6,6,6,6,6,8,0,4,4.2360388761153445,3.3472439972683787,5.858832009835169,181.0
1781653903,10,POST,/posts,1.000000,0.000000,5,6,6,6,9,9,9,9,9,9,9,9,0,5,5.5863425594806255,4.166641010669991,9.437970991712064,228.88888888888889
1781653903,10,GET,/timeline/{user_id},9.857143,0.000000,3,3,4,13,210,310,410,450,450,450,450,90,0,3,77.4970388208102,2.1191150008235127,589.3936710199341,6240.566666666667
1781653903,10,GET,/users/{user_id},3.857143,0.000000,3,3,3,3,4,9,15,15,15,15,15,39,0,3,4.995657125105843,1.728849980281666,41.8606839957647,266.5897435897436
1781653903,10,,Aggregated,40.285714,0.000000,3,3,4,4,13,220,420,570,760,760,760,377,0,3,38.62762593054978,1.728849980281666,755.7401439989917,7027.641909814323
1781653904,10,GET,/feed/{user_id},16.625000,0.000000,3,3,4,4,6,11,16,24,37,37,37,177,0,3,5.1906224687802105,2.0297390001360327,81.67153899557889,7785.271186440678
1781653904,10,GET,/feed/{user_id}?with_fof=true,8.250000,0.000000,3,4,4,4,380,560,640,760,760,760,760,83,0,3,82.5877178194568,2.263751986902207,755.7401439989917,11320.4578313253
1781653904,10,POST,/likes,0.875000,0.000000,4,4,5,5,6,6,6,6,6,6,6,9,0,4,4.240950336679816,3.3472439972683787,5.858832009835169,181.0
1781653904,10,POST,/posts,1.000000,0.000000,5,6,6,6,7,9,9,9,9,9,9,11,0,5,5.577078004452315,4.166641010669991,9.437970991712064,228.63636363636363
1781653904,10,GET,/timeline/{user_id},10.125000,0.000000,3,3,4,13,210,310,410,450,450,450,450,99,0,3,71.010413160724,2.1191150008235127,589.3936710199341,6356.868686868687
1781653904,10,GET,/users/{user_id},4.000000,0.000000,3,3,3,4,4,9,15,15,15,15,15,41,0,3,4.9223842655831,1.728849980281666,41.8606839957647,266.5609756097561
1781653904,10,,Aggregated,40.875000,0.000000,3,3,4,4,13,220,410,570,760,760,760,420,0,3,35.96401386873497,1.728849980281666,755.7401439989917,7052.366666666667
1781653905,10,GET,/feed/{user_id},16.777778,0.000000,3,3,4,4,5,11,13,24,37,37,37,193,0,3,5.019555238396451,2.0297390001360327,81.67153899557889,7857.331606217616
1781653905,10,GET,/feed/{user_id}?with_fof=true,8.666667,0.000000,3,4,4,4,360,560,640,760,760,760,760,93,0,3,77.39853176322104,2.2455889848060906,755.7401439989917,11326.09677419355
1781653905,10,POST,/likes,0.888889,0.000000,4,4,4,4,5,5,5,5,5,5,5,11,0,4,4.115326364461163,2.980335004394874,5.858832009835169,181.0
1781653905,10,POST,/posts,0.888889,0.000000,5,6,6,6,7,9,9,9,9,9,9,12,0,5,5.440140921564307,3.933833009796217,9.437970991712064,228.58333333333334
1781653905,10,GET,/timeline/{user_id},9.777778,0.000000,3,3,4,4,210,310,410,450,450,450,450,110,0,3,64.1963483903303,2.1191150008235127,589.3936710199341,6423.690909090909
1781653905,10,GET,/users/{user_id},4.333333,0.000000,3,3,3,4,4,6,15,15,15,15,15,48,0,3,4.640903581578944,1.728849980281666,41.8606839957647,266.5
1781653905,10,,Aggregated,41.333333,0.000000,3,3,4,4,11,210,410,560,760,760,760,467,0,3,33.32280426319066,1.728849980281666,755.7401439989917,7053.3704496788005
1781653906,10,GET,/feed/{user_id},17.500000,0.000000,3,3,4,4,5,8,16,33,37,37,37,220,0,3,4.932162950254596,2.0297390001360327,81.67153899557889,8028.422727272728
1781653906,10,GET,/feed/{user_id}?with_fof=true,8.100000,0.000000,3,3,4,4,240,360,410,420,420,420,420,98,0,3,73.59503123467331,2.2455889848060906,755.7401439989917,11338.316326530612
1781653906,10,POST,/likes,0.900000,0.000000,4,4,4,4,5,5,5,5,5,5,5,11,0,4,4.115326364461163,2.980335004394874,5.858832009835169,181.0
1781653906,10,POST,/posts,1.000000,0.000000,5,6,6,6,7,9,9,9,9,9,9,12,0,5,5.440140921564307,3.933833009796217,9.437970991712064,228.58333333333334
1781653906,10,GET,/timeline/{user_id},9.900000,0.000000,3,3,3,4,170,210,220,220,220,220,220,123,0,3,59.406649405789764,2.1191150008235127,589.3936710199341,6395.585365853659
1781653906,10,GET,/users/{user_id},4.000000,0.000000,3,3,3,4,4,5,15,15,15,15,15,51,0,3,4.55205078241324,1.728849980281666,41.8606839957647,266.3137254901961
1781653906,10,,Aggregated,41.400000,0.000000,3,3,4,4,6,33,220,340,420,420,420,515,0,3,30.965265355217586,1.728849980281666,755.7401439989917,7150.254368932039
1781653907,10,GET,/feed/{user_id},17.700000,0.000000,3,3,3,4,4,6,11,16,33,33,33,234,0,3,4.821303504535084,2.0297390001360327,81.67153899557889,8029.051282051282
1781653907,10,GET,/feed/{user_id}?with_fof=true,9.100000,0.000000,3,3,4,4,4,320,410,420,420,420,420,110,0,3,65.90383684484881,2.2455889848060906,755.7401439989917,11366.418181818182
1781653907,10,POST,/likes,1.000000,0.000000,4,4,4,4,5,5,5,5,5,5,5,12,0,4,4.039285665688415,2.980335004394874,5.858832009835169,180.91666666666666
1781653907,10,POST,/posts,1.200000,0.000000,5,5,6,6,6,7,7,7,7,7,7,13,0,5,5.310708466612805,3.7575190071947873,9.437970991712064,228.6153846153846
1781653907,10,GET,/timeline/{user_id},10.200000,0.000000,3,3,3,3,4,200,210,210,220,220,220,143,0,3,52.93047120892345,2.1191150008235127,589.3936710199341,6629.174825174825
1781653907,10,GET,/users/{user_id},4.100000,0.000000,3,3,3,3,4,4,5,5,5,5,5,56,0,3,4.406934123835526,1.728849980281666,41.8606839957647,266.26785714285717
1781653907,10,,Aggregated,43.300000,0.000000,3,3,3,4,4,10,210,320,420,420,420,568,0,3,28.71648486771065,1.728849980281666,755.7401439989917,7213.257042253521
1781653908,10,GET,/feed/{user_id},19.000000,0.000000,3,3,3,4,4,5,11,16,33,33,33,251,0,3,4.695693896763376,2.0297390001360327,81.67153899557889,8065.697211155379
1781653908,10,GET,/feed/{user_id}?with_fof=true,8.900000,0.000000,3,3,3,4,4,240,380,410,410,410,410,115,0,3,63.17195227779651,2.2455889848060906,755.7401439989917,11379.826086956522
1781653908,10,POST,/likes,0.900000,0.000000,3,4,4,4,4,5,5,5,5,5,5,14,0,4,3.9167070707273006,2.9081469983793795,5.858832009835169,180.78571428571428
1781653908,10,POST,/posts,1.000000,0.000000,5,6,6,6,6,7,7,7,7,7,7,14,0,5,5.335582646824021,3.7575190071947873,9.437970991712064,228.64285714285714
1781653908,10,GET,/timeline/{user_id},10.500000,0.000000,3,3,3,4,4,170,210,210,220,220,220,157,0,3,49.49592845162205,2.1191150008235127,589.3936710199341,6680.898089171975
1781653908,10,GET,/users/{user_id},4.300000,0.000000,3,3,3,3,4,4,5,5,5,5,5,62,0,3,4.205442886168678,1.728849980281666,41.8606839957647,266.33870967741933
1781653908,10,,Aggregated,44.600000,0.000000,3,3,3,4,4,6,200,240,410,410,410,613,0,3,27.087314782915243,1.728849980281666,755.7401439989917,7184.854812398043
1781653909,10,GET,/feed/{user_id},19.400000,0.000000,3,3,3,4,4,6,11,16,33,33,33,270,0,3,4.590805626206997,2.0297390001360327,81.67153899557889,8092.211111111111
1781653909,10,GET,/feed/{user_id}?with_fof=true,8.900000,0.000000,3,3,3,4,4,320,380,410,410,410,410,124,0,3,58.82594854788734,2.2455889848060906,755.7401439989917,11386.072580645161
1781653909,10,POST,/likes,0.900000,0.000000,3,4,4,4,5,5,5,5,5,5,5,14,0,4,3.9167070707273006,2.9081469983793795,5.858832009835169,180.78571428571428
1781653909,10,POST,/posts,1.100000,0.000000,5,5,6,6,6,7,7,7,7,7,7,17,0,5,5.212933708475354,3.7575190071947873,9.437970991712064,228.47058823529412
1781653909,10,GET,/timeline/{user_id},11.300000,0.000000,3,3,3,4,4,160,200,210,220,220,220,172,0,3,45.60672726142383,2.1191150008235127,589.3936710199341,6614.837209302325
1781653909,10,GET,/users/{user_id},4.800000,0.000000,3,3,3,3,4,4,6,6,6,6,6,70,0,3,4.096502898859659,1.728849980281666,41.8606839957647,265.9714285714286
1781653909,10,,Aggregated,46.400000,0.000000,3,3,3,4,4,6,170,220,410,410,410,667,0,3,25.20015172853562,1.728849980281666,755.7401439989917,7135.764617691155
1781653910,10,GET,/feed/{user_id},19.300000,0.000000,3,3,3,4,4,4,6,13,33,33,33,288,0,3,4.496971396090682,2.0297390001360327,81.67153899557889,8067.961805555556
1781653910,10,GET,/feed/{user_id}?with_fof=true,8.600000,0.000000,3,3,4,4,4,320,380,410,410,410,410,131,0,3,55.84085109121102,2.2455889848060906,755.7401439989917,11395.106870229007
1781653910,10,POST,/likes,1.100000,0.000000,4,4,4,4,4,5,5,5,5,5,5,17,0,4,3.8305977633332504,2.624668995849788,5.858832009835169,180.76470588235293
1781653910,10,POST,/posts,1.200000,0.000000,5,5,5,6,7,7,7,7,7,7,7,17,0,5,5.212933708475354,3.7575190071947873,9.437970991712064,228.47058823529412
1781653910,10,GET,/timeline/{user_id},11.500000,0.000000,3,3,3,4,4,160,200,210,220,220,220,185,0,3,43.72788404847646,2.1191150008235127,589.3936710199341,6565.994594594595
1781653910,10,GET,/users/{user_id},4.700000,0.000000,3,3,3,3,4,4,6,6,6,6,6,76,0,3,3.9741475917061937,1.728849980281666,41.8606839957647,265.9342105263158
1781653910,10,,Aggregated,46.400000,0.000000,3,3,3,4,4,6,170,220,410,410,410,714,0,3,24.027609322102695,1.728849980281666,755.7401439989917,7084.3263305322125
1781653911,10,GET,/feed/{user_id},19.200000,0.000000,3,3,3,3,4,4,6,13,33,33,33,303,0,3,4.430138656989404,2.0297390001360327,81.67153899557889,8077.056105610561
1781653911,10,GET,/feed/{user_id}?with_fof=true,8.800000,0.000000,3,3,4,4,4,320,380,410,410,410,410,137,0,3,53.536737145878114,2.2455889848060906,755.7401439989917,11405.197080291971
1781653911,10,POST,/likes,1.000000,0.000000,4,4,4,4,4,5,5,5,5,5,5,18,0,4,3.8143349423383675,2.624668995849788,5.858832009835169,180.77777777777777
1781653911,10,POST,/posts,1.400000,0.000000,5,5,5,5,6,7,7,7,7,7,7,21,0,5,5.077348431638841,3.7575190071947873,9.437970991712064,228.52380952380952
1781653911,10,GET,/timeline/{user_id},12.200000,0.000000,3,3,3,4,4,170,200,210,220,220,220,201,0,3,41.47365449265165,2.1191150008235127,589.3936710199341,6537.417910447762
1781653911,10,GET,/users/{user_id},4.800000,0.000000,3,3,3,3,4,4,6,6,6,6,6,80,0,3,3.9059121620084625,1.728849980281666,41.8606839957647,266.025
1781653911,10,,Aggregated,47.400000,0.000000,3,3,3,4,4,6,200,220,410,410,410,760,0,3,23.027401150083232,1.728849980281666,755.7401439989917,7043.7052631578945
1781653912,10,GET,/feed/{user_id},18.700000,0.000000,3,3,3,3,4,4,5,7,33,33,33,323,0,3,4.341193907331941,2.0297390001360327,81.67153899557889,8104.705882352941
1781653912,10,GET,/feed/{user_id}?with_fof=true,8.400000,0.000000,3,3,3,4,4,5,370,380,380,380,380,144,0,3,53.61479339585963,2.2455889848060906,755.7401439989917,11407.555555555555
1781653912,10,POST,/likes,1.100000,0.000000,4,4,4,4,4,5,5,5,5,5,5,19,0,4,3.8602808398488713,2.624668995849788,5.858832009835169,180.8421052631579
1781653912,10,POST,/posts,1.300000,0.000000,4,5,5,5,6,7,7,7,7,7,7,21,0,5,5.077348431638841,3.7575190071947873,9.437970991712064,228.52380952380952
1781653912,10,GET,/timeline/{user_id},12.500000,0.000000,3,3,3,3,4,30,200,200,210,210,210,213,0,3,39.2974725870597,2.1191150008235127,589.3936710199341,6580.12676056338
1781653912,10,GET,/users/{user_id},5.500000,0.000000,3,3,3,3,4,4,6,6,6,6,6,87,0,3,3.7988445971792713,1.728849980281666,41.8606839957647,266.04597701149424
1781653912,10,,Aggregated,47.500000,0.000000,3,3,3,4,4,5,33,200,380,380,380,807,0,3,22.309252385491774,1.728849980281666,755.7401439989917,7055.087980173482
1781653913,10,GET,/feed/{user_id},18.600000,0.000000,3,3,3,3,4,4,5,7,33,33,33,342,0,3,4.265277158099292,2.0297390001360327,81.67153899557889,8108.438596491228
1781653913,10,GET,/feed/{user_id}?with_fof=true,8.000000,0.000000,3,3,3,4,4,4,320,370,370,370,370,152,0,3,50.9598190066371,2.2455889848060906,755.7401439989917,11407.934210526315
1781653913,10,POST,/likes,1.300000,0.000000,3,4,4,4,5,5,5,5,5,5,5,22,0,4,3.8244451345897024,2.624668995849788,5.858832009835169,180.8181818181818
1781653913,10,POST,/posts,1.300000,0.000000,4,5,5,5,5,6,6,6,6,6,6,22,0,5,5.008704866420223,3.5671899968292564,9.437970991712064,228.54545454545453
1781653913,10,GET,/timeline/{user_id},12.900000,0.000000,3,3,3,3,4,10,200,200,210,210,210,226,0,3,37.21088585850733,2.1191150008235127,589.3936710199341,6607.513274336283
1781653913,10,GET,/users/{user_id},5.300000,0.000000,3,3,3,3,4,4,5,6,6,6,6,93,0,3,3.746264397294351,1.728849980281666,41.8606839957647,266.0860215053763
1781653913,10,,Aggregated,47.400000,0.000000,3,3,3,4,4,5,31,200,370,370,370,857,0,3,21.18670871653681,1.728849980281666,755.7401439989917,7041.005834305718
1781653914,10,GET,/feed/{user_id},19.000000,0.000000,3,3,3,3,4,4,5,7,33,33,33,362,0,3,4.203441729531135,2.0297390001360327,81.67153899557889,8050.908839779006
1781653914,10,GET,/feed/{user_id}?with_fof=true,7.800000,0.000000,3,3,3,4,4,4,5,370,370,370,370,161,0,3,48.27843935435684,2.1820070105604827,755.7401439989917,11406.55900621118
1781653914,10,POST,/likes,1.200000,0.000000,4,4,4,4,5,5,5,5,5,5,5,23,0,4,3.8183886929840334,2.624668995849788,5.858832009835169,180.8695652173913
1781653914,10,POST,/posts,1.300000,0.000000,4,5,5,5,5,6,6,6,6,6,6,24,0,5,4.94154341746859,3.5671899968292564,9.437970991712064,228.54166666666666
1781653914,10,GET,/timeline/{user_id},13.100000,0.000000,3,3,3,4,4,14,200,200,210,210,210,235,0,3,35.94808554068763,2.1191150008235127,589.3936710199341,6625.263829787234
1781653914,10,GET,/users/{user_id},5.500000,0.000000,3,3,3,3,4,4,5,6,6,6,6,99,0,3,3.6758446561483047,1.728849980281666,41.8606839957647,265.989898989899
1781653914,10,,Aggregated,47.900000,0.000000,3,3,3,4,4,5,14,200,370,370,370,904,0,3,20.257304587521986,1.728849980281666,755.7401439989917,7017.477876106194
1781653915,10,GET,/feed/{user_id},19.000000,0.000000,3,3,3,3,4,4,4,5,7,7,7,385,0,3,4.126837932997589,2.0297390001360327,81.67153899557889,8100.683116883117
1781653915,10,GET,/feed/{user_id}?with_fof=true,7.200000,0.000000,3,3,4,4,4,11,370,370,370,370,370,177,0,3,48.05424710815262,2.1820070105604827,755.7401439989917,11379.802259887005
1781653915,10,POST,/likes,1.400000,0.000000,4,4,4,4,5,5,5,5,5,5,5,23,0,4,3.8183886929840334,2.624668995849788,5.858832009835169,180.8695652173913
1781653915,10,POST,/posts,1.300000,0.000000,4,5,5,5,5,6,6,6,6,6,6,25,0,5,4.940370240947232,3.5671899968292564,9.437970991712064,228.52
1781653915,10,GET,/timeline/{user_id},13.800000,0.000000,3,3,3,4,4,14,200,200,210,210,210,241,0,3,35.13618815398999,2.1191150008235127,589.3936710199341,6624.834024896266
1781653915,10,GET,/users/{user_id},5.400000,0.000000,3,3,3,3,4,4,5,6,6,6,6,106,0,3,3.6347805374666593,1.728849980281666,41.8606839957647,266.12264150943395
1781653915,10,,Aggregated,48.100000,0.000000,3,3,3,4,4,4,14,200,370,370,370,957,0,3,20.019722696334853,1.728849980281666,755.7401439989917,7071.739811912225
1781653916,10,GET,/feed/{user_id},18.600000,0.000000,3,3,3,3,4,4,4,5,7,7,7,405,0,3,4.078905319041906,2.0297390001360327,81.67153899557889,8102.812345679013
1781653916,10,GET,/feed/{user_id}?with_fof=true,8.000000,0.000000,3,3,4,4,4,11,370,370,370,370,370,186,0,3,45.86711992532821,2.1820070105604827,755.7401439989917,11381.58064516129
1781653916,10,POST,/likes,1.400000,0.000000,4,4,4,4,5,5,5,5,5,5,5,24,0,4,3.805247373141659,2.624668995849788,5.858832009835169,180.875
1781653916,10,POST,/posts,1.400000,0.000000,5,5,5,5,5,6,6,6,6,6,6,25,0,5,4.940370240947232,3.5671899968292564,9.437970991712064,228.52
1781653916,10,GET,/timeline/{user_id},13.500000,0.000000,3,3,3,4,4,4,160,200,210,210,210,256,0,3,33.25675764881453,2.1191150008235127,589.3936710199341,6672.9296875
1781653916,10,GET,/users/{user_id},5.900000,0.000000,3,3,3,3,4,4,4,6,6,6,6,110,0,3,3.594958399877545,1.728849980281666,41.8606839957647,266.1272727272727
1781653916,10,,Aggregated,48.800000,0.000000,3,3,3,4,4,4,11,200,370,370,370,1006,0,3,19.19209894173474,1.728849980281666,755.7401439989917,7103.5894632206755
1781653917,10,GET,/feed/{user_id},19.200000,0.000000,3,3,3,3,4,4,4,6,7,7,7,427,0,3,4.033369384665125,2.0297390001360327,81.67153899557889,8199.496487119439
1781653917,10,GET,/feed/{user_id}?with_fof=true,8.200000,0.000000,3,3,3,4,4,11,370,370,370,370,370,194,0,3,44.0994495365135,2.1820070105604827,755.7401439989917,11383.484536082475
1781653917,10,POST,/likes,1.200000,0.000000,4,4,4,4,5,5,5,5,5,5,5,24,0,4,3.805247373141659,2.624668995849788,5.858832009835169,180.875
1781653917,10,POST,/posts,1.300000,0.000000,5,5,5,5,5,7,7,7,7,7,7,26,0,5,5.0300299626542255,3.5671899968292564,9.437970991712064,228.5
1781653917,10,GET,/timeline/{user_id},13.100000,0.000000,3,3,3,4,4,4,31,200,210,210,210,272,0,3,31.475694312950296,2.1191150008235127,589.3936710199341,6597.827205882353
1781653917,10,GET,/users/{user_id},5.800000,0.000000,3,3,3,3,4,4,4,6,6,6,6,115,0,3,3.552614356664455,1.728849980281666,41.8606839957647,266.03478260869565
1781653917,10,,Aggregated,48.800000,0.000000,3,3,3,4,4,4,7,200,370,370,370,1058,0,3,18.402257237673847,1.728849980281666,755.7401439989917,7131.442344045368
1781653918,10,GET,/feed/{user_id},18.600000,0.000000,3,3,3,3,4,4,5,7,7,7,7,457,0,3,3.9723008144820104,2.0297390001360327,81.67153899557889,8192.266958424507
1781653918,10,GET,/feed/{user_id}?with_fof=true,8.600000,0.000000,3,3,4,4,4,11,370,370,370,370,370,196,0,3,43.686815633139176,2.1820070105604827,755.7401439989917,11383.938775510203
1781653918,10,POST,/likes,1.200000,0.000000,4,4,4,4,5,5,5,5,5,5,5,25,0,4,3.7763242388609797,2.624668995849788,5.858832009835169,180.92
1781653918,10,POST,/posts,1.300000,0.000000,5,5,5,5,5,7,7,7,7,7,7,28,0,5,5.002103214792442,3.5671899968292564,9.437970991712064,228.5
1781653918,10,GET,/timeline/{user_id},13.100000,0.000000,3,3,3,3,4,4,14,200,210,210,210,284,0,3,30.269755454714293,2.1191150008235127,589.3936710199341,6618.0352112676055
1781653918,10,GET,/users/{user_id},5.900000,0.000000,3,3,3,3,3,4,4,4,4,4,4,120,0,3,3.5137075751360194,1.728849980281666,41.8606839957647,266.0833333333333
1781653918,10,,Aggregated,48.700000,0.000000,3,3,3,4,4,4,7,200,370,370,370,1110,0,3,17.685297108517524,1.728849980281666,755.7401439989917,7114.856756756757
1781653919,10,GET,/feed/{user_id},19.100000,0.000000,3,3,3,3,4,4,4,6,7,7,7,478,0,3,3.9372039063435214,2.0297390001360327,81.67153899557889,8175.949790794979
1781653919,10,GET,/feed/{user_id}?with_fof=true,8.400000,0.000000,3,3,4,4,4,11,370,370,370,370,370,210,0,3,40.969286310220404,2.178505004849285,755.7401439989917,11395.333333333334
1781653919,10,POST,/likes,1.200000,0.000000,4,4,4,5,5,5,5,5,5,5,5,25,0,4,3.7763242388609797,2.624668995849788,5.858832009835169,180.92
1781653919,10,POST,/posts,1.300000,0.000000,4,5,5,5,5,7,7,7,7,7,7,29,0,5,4.97500858659021,3.5671899968292564,9.437970991712064,228.51724137931035
1781653919,10,GET,/timeline/{user_id},13.100000,0.000000,3,3,3,3,4,4,4,14,200,200,200,294,0,3,29.342749548167603,2.1191150008235127,589.3936710199341,6595.683673469388
1781653919,10,GET,/users/{user_id},6.000000,0.000000,3,3,3,3,4,4,4,4,4,4,4,122,0,3,3.5076647215393053,1.728849980281666,41.8606839957647,266.05737704918033
1781653919,10,,Aggregated,49.100000,0.000000,3,3,3,4,4,4,6,14,370,370,370,1158,0,3,17.080242150734197,1.728849980281666,755.7401439989917,7153.59585492228
1781653920,10,GET,/feed/{user_id},20.200000,0.000000,3,3,3,3,4,4,4,6,7,7,7,499,0,3,3.8939889921444677,2.0297390001360327,81.67153899557889,8131.406813627254
1781653920,10,GET,/feed/{user_id}?with_fof=true,8.100000,0.000000,3,3,3,4,4,4,370,370,370,370,370,223,0,3,38.7615813820721,2.178505004849285,755.7401439989917,11405.152466367714
1781653920,10,POST,/likes,1.100000,0.000000,4,4,5,5,5,5,5,5,5,5,5,25,0,4,3.7763242388609797,2.624668995849788,5.858832009835169,180.92
1781653920,10,POST,/posts,1.300000,0.000000,4,5,5,5,7,7,7,7,7,7,7,30,0,5,4.928181300056167,3.5671899968292564,9.437970991712064,228.53333333333333
1781653920,10,GET,/timeline/{user_id},12.900000,0.000000,3,3,3,3,4,4,4,4,14,14,14,307,0,3,28.220494968209156,2.1191150008235127,589.3936710199341,6597.9153094462545
1781653920,10,GET,/users/{user_id},5.700000,0.000000,3,3,3,3,4,4,4,4,4,4,4,125,0,3,3.5010918884072453,1.728849980281666,41.8606839957647,266.104
1781653920,10,,Aggregated,49.300000,0.000000,3,3,3,3,4,4,5,11,370,370,370,1209,0,3,16.485124186556238,1.728849980281666,755.7401439989917,7172.144747725393
1781653921,10,GET,/feed/{user_id},20.800000,0.000000,3,3,3,3,4,4,4,6,9,9,9,528,0,3,3.875718786234343,2.0297390001360327,81.67153899557889,8074.80303030303
1781653921,10,GET,/feed/{user_id}?with_fof=true,8.700000,0.000000,3,3,4,4,4,4,310,370,370,370,370,231,0,3,37.54511385794741,2.178505004849285,755.7401439989917,11410.839826839827
1781653921,10,POST,/likes,1.100000,0.000000,4,4,4,4,5,5,5,5,5,5,5,25,0,4,3.7763242388609797,2.624668995849788,5.858832009835169,180.92
1781653921,10,POST,/posts,1.200000,0.000000,4,5,5,5,7,7,7,7,7,7,7,30,0,5,4.928181300056167,3.5671899968292564,9.437970991712064,228.53333333333333
1781653921,10,GET,/timeline/{user_id},12.100000,0.000000,3,3,3,3,4,4,4,4,14,14,14,315,0,3,27.590983175295626,2.1191150008235127,589.3936710199341,6616.565079365079
1781653921,10,GET,/users/{user_id},5.400000,0.000000,3,3,3,3,4,4,4,4,4,4,4,130,0,3,3.48059921614969,1.728849980281666,41.8606839957647,266.0769230769231
1781653921,10,,Aggregated,49.300000,0.000000,3,3,3,4,4,4,5,9,370,370,370,1259,0,3,15.969175507234612,1.728849980281666,755.7401439989917,7172.030976965846
1781653922,10,GET,/feed/{user_id},20.900000,0.000000,3,3,3,3,4,4,4,6,9,9,9,552,0,3,3.8442976199777164,2.0297390001360327,81.67153899557889,8068.038043478261
1781653922,10,GET,/feed/{user_id}?with_fof=true,9.200000,0.000000,3,3,4,4,4,4,310,370,370,370,370,238,0,3,36.53491118997668,2.178505004849285,755.7401439989917,11399.029411764706
1781653922,10,POST,/likes,1.000000,0.000000,4,4,4,4,4,4,4,4,4,4,4,25,0,4,3.7763242388609797,2.624668995849788,5.858832009835169,180.92
1781653922,10,POST,/posts,1.300000,0.000000,4,5,5,5,5,7,7,7,7,7,7,34,0,5,4.858507705434664,3.5671899968292564,9.437970991712064,228.5
1781653922,10,GET,/timeline/{user_id},12.200000,0.000000,3,3,3,3,4,4,4,14,210,210,210,328,0,3,27.257218894036914,2.1191150008235127,589.3936710199341,6600.375
1781653922,10,GET,/users/{user_id},4.800000,0.000000,3,3,3,3,4,4,4,4,4,4,4,132,0,3,3.4707324174991245,1.728849980281666,41.8606839957647,266.1363636363636
1781653922,10,,Aggregated,49.400000,0.000000,3,3,3,4,4,4,5,11,370,370,370,1309,0,3,15.642064930292165,1.728849980281666,755.7401439989917,7164.912910618793
1781653923,10,GET,/feed/{user_id},22.400000,0.000000,3,3,3,3,4,4,4,6,9,9,9,573,0,3,3.8079835308807533,2.0297390001360327,81.67153899557889,8069.298429319371
1781653923,10,GET,/feed/{user_id}?with_fof=true,9.300000,0.000000,3,3,4,4,4,4,310,370,370,370,370,249,0,3,35.060397647349276,2.178505004849285,755.7401439989917,11404.674698795181
1781653923,10,POST,/likes,0.700000,0.000000,4,4,4,4,4,4,4,4,4,4,4,27,0,4,3.7622658149942896,2.624668995849788,5.858832009835169,180.88888888888889
1781653923,10,POST,/posts,1.000000,0.000000,4,5,5,5,5,7,7,7,7,7,7,35,0,5,4.833983056180712,3.5671899968292564,9.437970991712064,228.5142857142857
1781653923,10,GET,/timeline/{user_id},11.500000,0.000000,3,3,3,3,4,4,4,14,210,210,210,340,0,3,26.40437195984893,2.049842005362734,589.3936710199341,6654.505882352942
1781653923,10,GET,/users/{user_id},5.000000,0.000000,3,3,3,3,4,4,4,4,4,4,4,134,0,3,3.457648687215814,1.728849980281666,41.8606839957647,266.17910447761193
1781653923,10,,Aggregated,49.900000,0.000000,3,3,3,4,4,4,5,11,370,370,370,1358,0,3,15.186741937990698,1.728849980281666,755.7401439989917,7197.756995581738
1781653924,10,GET,/feed/{user_id},22.500000,0.000000,3,3,3,3,4,4,5,7,11,11,11,592,0,3,3.8022304952146198,2.0297390001360327,81.67153899557889,8097.2871621621625
1781653924,10,GET,/feed/{user_id}?with_fof=true,9.300000,0.000000,3,3,3,4,4,4,5,360,360,360,360,261,0,3,34.97561256785278,2.178505004849285,755.7401439989917,11410.180076628352
1781653924,10,POST,/likes,0.600000,0.000000,4,4,4,4,4,4,4,4,4,4,4,28,0,4,3.7612543934041502,2.624668995849788,5.858832009835169,180.89285714285714
1781653924,10,POST,/posts,1.200000,0.000000,4,5,5,5,5,7,7,7,7,7,7,38,0,5,4.823006735501909,3.5671899968292564,9.437970991712064,228.5
1781653924,10,GET,/timeline/{user_id},11.600000,0.000000,3,3,3,3,4,4,4,210,210,210,210,349,0,3,26.393809740066015,2.049842005362734,589.3936710199341,6668.048710601719
1781653924,10,GET,/users/{user_id},4.400000,0.000000,3,3,3,3,4,4,4,4,4,4,4,139,0,3,3.43999133856545,1.728849980281666,41.8606839957647,266.158273381295
1781653924,10,,Aggregated,49.600000,0.000000,3,3,3,4,4,4,5,9,360,360,360,1407,0,3,15.17963262806301,1.728849980281666,755.7401439989917,7213.606254442076
1781653925,10,GET,/feed/{user_id},23.100000,0.000000,3,3,3,4,4,4,5,7,11,11,11,607,0,3,3.791376896525919,2.0297390001360327,81.67153899557889,8102.5222405271825
1781653925,10,GET,/feed/{user_id}?with_fof=true,9.700000,0.000000,3,3,3,4,4,4,310,360,360,360,360,271,0,3,34.93822781990688,2.178505004849285,755.7401439989917,11410.981549815499
1781653925,10,POST,/likes,0.400000,0.000000,4,4,4,4,4,4,4,4,4,4,4,28,0,4,3.7612543934041502,2.624668995849788,5.858832009835169,180.89285714285714
1781653925,10,POST,/posts,1.400000,0.000000,4,5,5,5,6,7,7,7,7,7,7,42,0,4,4.779567332921682,3.5671899968292564,9.437970991712064,228.45238095238096
1781653925,10,GET,/timeline/{user_id},11.300000,0.000000,3,3,3,3,4,4,4,210,210,210,210,360,0,3,25.683742895247025,2.049842005362734,589.3936710199341,6669.294444444445
1781653925,10,GET,/users/{user_id},4.100000,0.000000,3,3,3,3,4,4,6,6,6,6,6,142,0,3,3.4508362328830424,1.728849980281666,41.8606839957647,266.1830985915493
1781653925,10,,Aggregated,50.000000,0.000000,3,3,3,4,4,4,6,11,360,360,360,1450,0,3,15.042654243960238,1.728849980281666,755.7401439989917,7216.559310344827
1781653926,10,GET,/feed/{user_id},22.800000,0.000000,3,3,3,3,4,4,5,9,11,11,11,623,0,3,3.773444939345304,2.0297390001360327,81.67153899557889,8083.767255216693
1781653926,10,GET,/feed/{user_id}?with_fof=true,9.900000,0.000000,3,3,4,4,4,5,360,580,580,580,580,282,0,3,35.7423138268893,2.178505004849285,755.7401439989917,11416.379432624113
1781653926,10,POST,/likes,0.400000,0.000000,4,4,4,4,4,4,4,4,4,4,4,30,0,4,3.7504522333620116,2.624668995849788,5.858832009835169,180.86666666666667
1781653926,10,POST,/posts,1.400000,0.000000,4,5,5,5,5,6,6,6,6,6,6,43,0,5,4.7796980456210845,3.5671899968292564,9.437970991712064,228.46511627906978
1781653926,10,GET,/timeline/{user_id},11.400000,0.000000,3,3,3,3,4,4,4,210,210,210,210,373,0,3,24.89490048609045,2.049842005362734,589.3936710199341,6695.187667560322
1781653926,10,GET,/users/{user_id},4.000000,0.000000,3,3,3,4,4,4,6,6,6,6,6,146,0,3,3.439607514325236,1.728849980281666,41.8606839957647,266.1849315068493
1781653926,10,,Aggregated,49.900000,0.000000,3,3,3,4,4,4,6,210,580,580,580,1497,0,3,15.054248401977752,1.728849980281666,755.7401439989917,7219.120908483634
1781653927,10,GET,/feed/{user_id},22.200000,0.000000,3,3,3,4,4,4,5,9,11,11,11,646,0,3,3.760116319074771,2.0297390001360327,81.67153899557889,8120.551083591331
1781653927,10,GET,/feed/{user_id}?with_fof=true,9.500000,0.000000,3,3,3,4,4,5,360,580,580,580,580,289,0,3,34.951167824137535,2.178505004849285,755.7401439989917,11422.128027681661
1781653927,10,POST,/likes,0.500000,0.000000,4,4,4,4,4,4,4,4,4,4,4,31,0,4,3.7477953873965286,2.624668995849788,5.858832009835169,180.80645161290323
1781653927,10,POST,/posts,1.700000,0.000000,4,4,5,5,5,6,6,6,6,6,6,44,0,4,4.762754999154078,3.5671899968292564,9.437970991712064,228.47727272727272
1781653927,10,GET,/timeline/{user_id},11.900000,0.000000,3,3,3,4,4,4,130,210,210,210,210,388,0,3,24.37579249292576,2.049842005362734,589.3936710199341,6681.48969072165
1781653927,10,GET,/users/{user_id},3.700000,0.000000,3,3,4,4,4,4,6,6,6,6,6,149,0,3,3.4336041348155013,1.728849980281666,41.8606839957647,266.19463087248323
1781653927,10,,Aggregated,49.500000,0.000000,3,3,4,4,4,4,6,210,580,580,580,1547,0,3,14.754415012031563,1.728849980281666,755.7401439989917,7236.334841628959
1781653928,10,GET,/feed/{user_id},21.700000,0.000000,3,3,3,4,4,4,5,9,11,11,11,669,0,3,3.7367144725369,2.0297390001360327,81.67153899557889,8119.538116591928
1781653928,10,GET,/feed/{user_id}?with_fof=true,9.600000,0.000000,3,3,3,4,4,5,360,580,580,580,580,301,0,3,33.683894223481744,2.178505004849285,755.7401439989917,11426.126245847176
1781653928,10,POST,/likes,0.700000,0.000000,4,4,4,4,5,5,5,5,5,5,5,32,0,4,3.774908188461268,2.624668995849788,5.858832009835169,180.84375
1781653928,10,POST,/posts,1.800000,0.000000,4,4,5,5,5,6,6,6,6,6,6,45,0,4,4.747421910158462,3.5671899968292564,9.437970991712064,228.46666666666667
1781653928,10,GET,/timeline/{user_id},11.700000,0.000000,3,3,3,4,4,4,130,210,210,210,210,397,0,3,23.888260237544173,2.049842005362734,589.3936710199341,6683.27959697733
1781653928,10,GET,/users/{user_id},3.700000,0.000000,3,3,3,4,4,4,6,6,6,6,6,153,0,3,3.4129249679192513,1.728849980281666,41.8606839957647,266.19607843137254
1781653928,10,,Aggregated,49.200000,0.000000,3,3,4,4,4,4,6,210,580,580,580,1597,0,3,14.388830322967918,1.728849980281666,755.7401439989917,7251.905447714465
1781653929,10,GET,/feed/{user_id},22.000000,0.000000,3,3,4,4,4,4,5,9,11,11,11,686,0,3,3.7207271110482987,2.0297390001360327,81.67153899557889,8134.48833819242
1781653929,10,GET,/feed/{user_id}?with_fof=true,9.400000,0.000000,3,3,4,4,4,5,360,580,580,580,580,310,0,3,32.82419245262,2.178505004849285,755.7401439989917,11423.561290322581
1781653929,10,POST,/likes,0.700000,0.000000,4,4,4,4,5,5,5,5,5,5,5,32,0,4,3.774908188461268,2.624668995849788,5.858832009835169,180.84375
1781653929,10,POST,/posts,1.700000,0.000000,4,5,5,5,5,6,6,6,6,6,6,47,0,5,4.752072275918413,3.5671899968292564,9.437970991712064,228.40425531914894
1781653929,10,GET,/timeline/{user_id},11.400000,0.000000,3,3,3,4,4,4,130,210,210,210,210,407,0,3,23.381526271096963,2.049842005362734,589.3936710199341,6662.127764127764
1781653929,10,GET,/users/{user_id},3.400000,0.000000,3,3,3,3,4,4,6,6,6,6,6,159,0,3,3.383274113615893,1.728849980281666,41.8606839957647,266.17610062893084
1781653929,10,,Aggregated,48.600000,0.000000,3,3,4,4,4,5,9,210,580,580,580,1641,0,3,14.092799935339213,1.728849980281666,755.7401439989917,7246.735527117611
1781653930,10,GET,/feed/{user_id},21.100000,0.000000,3,3,3,4,4,4,5,11,53,53,53,709,0,3,3.7675098494208865,2.0297390001360327,81.67153899557889,8138.768688293371
1781653930,10,GET,/feed/{user_id}?with_fof=true,10.500000,0.000000,3,3,4,4,4,11,360,580,580,580,580,321,0,3,32.76019131576547,2.178505004849285,755.7401439989917,11424.878504672897
1781653930,10,POST,/likes,0.700000,0.000000,4,4,4,4,5,5,5,5,5,5,5,32,0,4,3.774908188461268,2.624668995849788,5.858832009835169,180.84375
1781653930,10,POST,/posts,1.800000,0.000000,4,5,5,5,5,6,6,6,6,6,6,47,0,5,4.752072275918413,3.5671899968292564,9.437970991712064,228.40425531914894
1781653930,10,GET,/timeline/{user_id},11.300000,0.000000,3,3,3,4,4,5,210,210,210,210,210,413,0,3,23.124982301074194,2.049842005362734,589.3936710199341,6681.530266343826
1781653930,10,GET,/users/{user_id},3.300000,0.000000,3,3,3,3,4,6,6,6,6,6,6,168,0,3,3.3605456490130607,1.728849980281666,41.8606839957647,266.13690476190476
1781653930,10,,Aggregated,48.700000,0.000000,3,3,4,4,4,5,18,210,580,580,580,1690,0,3,13.992023499394607,1.728849980281666,755.7401439989917,7253.537278106509
1781653931,10,GET,/feed/{user_id},21.000000,0.000000,3,3,3,4,4,4,5,11,53,53,53,726,0,3,3.751918689069433,2.0297390001360327,81.67153899557889,8147.712121212121
1781653931,10,GET,/feed/{user_id}?with_fof=true,10.100000,0.000000,3,3,4,4,4,11,360,580,580,580,580,329,0,3,32.0378065115976,2.178505004849285,755.7401439989917,11426.267477203648
1781653931,10,POST,/likes,0.700000,0.000000,4,4,4,4,5,5,5,5,5,5,5,32,0,4,3.774908188461268,2.624668995849788,5.858832009835169,180.84375
1781653931,10,POST,/posts,1.800000,0.000000,4,5,5,5,5,6,6,6,6,6,6,48,0,5,4.766741895461261,3.5671899968292564,9.437970991712064,228.39583333333334
1781653931,10,GET,/timeline/{user_id},11.200000,0.000000,3,3,3,4,4,4,130,200,210,210,210,431,0,3,22.73702652278959,2.049842005362734,589.3936710199341,6657.633410672854
1781653931,10,GET,/users/{user_id},3.600000,0.000000,3,3,3,3,4,5,6,6,6,6,6,173,0,3,3.352075387391321,1.728849980281666,41.8606839957647,266.1098265895954
1781653931,10,,Aggregated,48.400000,0.000000,3,3,4,4,4,5,18,210,580,580,580,1739,0,3,13.797296985010886,1.728849980281666,755.7401439989917,7249.40080506038
1781653932,10,GET,/feed/{user_id},21.100000,0.000000,3,3,3,4,4,4,5,11,53,53,53,753,0,3,3.725553809026328,2.0297390001360327,81.67153899557889,8177.581673306773
1781653932,10,GET,/feed/{user_id}?with_fof=true,9.800000,0.000000,3,3,4,4,4,11,360,580,580,580,580,334,0,3,31.61104342614058,2.178505004849285,755.7401439989917,11427.62874251497
1781653932,10,POST,/likes,0.700000,0.000000,4,4,4,4,5,5,5,5,5,5,5,33,0,4,3.7722966067535295,2.624668995849788,5.858832009835169,180.84848484848484
1781653932,10,POST,/posts,1.700000,0.000000,5,5,5,5,5,6,6,6,6,6,6,49,0,5,4.776610326430551,3.5671899968292564,9.437970991712064,228.3877551020408
1781653932,10,GET,/timeline/{user_id},10.700000,0.000000,3,3,3,4,4,5,130,200,210,210,210,441,0,3,22.296342565485354,2.049842005362734,589.3936710199341,6680.555555555556
1781653932,10,GET,/users/{user_id},4.200000,0.000000,3,3,3,4,4,5,6,6,6,6,6,176,0,3,3.351849363587627,1.728849980281666,41.8606839957647,266.07954545454544
1781653932,10,,Aggregated,48.200000,0.000000,3,3,4,4,4,5,18,210,580,580,580,1786,0,3,13.51880334597772,1.728849980281666,755.7401439989917,7270.246920492721
1781653933,10,GET,/feed/{user_id},19.900000,0.000000,3,3,3,4,4,4,5,5,53,53,53,777,0,3,3.7032563503105864,2.0297390001360327,81.67153899557889,8175.329472329472
1781653933,10,GET,/feed/{user_id}?with_fof=true,9.900000,0.000000,3,3,4,4,4,11,310,580,580,580,580,339,0,3,31.192961121874294,2.178505004849285,755.7401439989917,11429.958702064896
1781653933,10,POST,/likes,0.700000,0.000000,4,4,4,4,5,5,5,5,5,5,5,33,0,4,3.7722966067535295,2.624668995849788,5.858832009835169,180.84848484848484
1781653933,10,POST,/posts,1.800000,0.000000,5,5,5,5,5,6,6,6,6,6,6,50,0,5,4.771969279972836,3.5671899968292564,9.437970991712064,228.4
1781653933,10,GET,/timeline/{user_id},11.300000,0.000000,3,3,3,3,4,4,18,130,200,200,200,451,0,3,21.867303488692972,2.049842005362734,589.3936710199341,6681.501108647451
1781653933,10,GET,/users/{user_id},4.200000,0.000000,3,3,3,3,4,5,6,6,6,6,6,185,0,3,3.3165227562012904,1.728849980281666,41.8606839957647,266.07567567567565
1781653933,10,,Aggregated,47.800000,0.000000,3,3,4,4,4,5,6,130,580,580,580,1835,0,3,13.23740536230299,1.728849980281666,755.7401439989917,7251.747138964578
1781653934,10,GET,/feed/{user_id},20.300000,0.000000,3,3,3,4,4,4,5,5,53,53,53,800,0,3,3.6918757827879745,2.0297390001360327,81.67153899557889,8174.3425
1781653934,10,GET,/feed/{user_id}?with_fof=true,9.700000,0.000000,3,3,4,4,4,5,310,580,580,580,580,350,0,3,30.318876295267337,2.178505004849285,755.7401439989917,11439.297142857144
1781653934,10,POST,/likes,0.800000,0.000000,4,4,4,4,5,5,5,5,5,5,5,34,0,4,3.7921385005842345,2.624668995849788,5.858832009835169,180.88235294117646
1781653934,10,POST,/posts,1.600000,0.000000,5,5,5,5,5,5,5,5,5,5,5,52,0,5,4.7686541153010555,3.5671899968292564,9.437970991712064,228.42307692307693
1781653934,10,GET,/timeline/{user_id},11.200000,0.000000,3,3,3,3,4,4,18,130,200,200,200,463,0,3,21.37143351477078,2.049842005362734,589.3936710199341,6688.539956803455
1781653934,10,GET,/users/{user_id},4.400000,0.000000,3,3,3,3,4,4,6,6,6,6,6,187,0,3,3.3131332505857922,1.728849980281666,41.8606839957647,266.0855614973262
1781653934,10,,Aggregated,48.000000,0.000000,3,3,3,4,4,5,6,130,580,580,580,1886,0,3,12.967412347713617,1.728849980281666,755.7401439989917,7268.190880169671
1781653935,10,GET,/feed/{user_id},20.300000,0.000000,3,3,3,4,4,4,5,11,53,53,53,817,0,3,3.6925383918788146,2.0297390001360327,81.67153899557889,8170.818849449204
1781653935,10,GET,/feed/{user_id}?with_fof=true,9.200000,0.000000,3,3,4,4,4,4,11,310,310,310,310,363,0,3,29.338323595929126,2.178505004849285,755.7401439989917,11445.300275482094
1781653935,10,POST,/likes,0.700000,0.000000,4,4,5,5,5,5,5,5,5,5,5,34,0,4,3.7921385005842345,2.624668995849788,5.858832009835169,180.88235294117646
1781653935,10,POST,/posts,1.500000,0.000000,5,5,5,5,5,8,8,8,8,8,8,54,0,5,4.82542972194669,3.5671899968292564,9.437970991712064,228.42592592592592
1781653935,10,GET,/timeline/{user_id},11.200000,0.000000,3,3,3,3,4,5,200,200,210,210,210,472,0,3,21.896866013498688,2.049842005362734,589.3936710199341,6652.89406779661
1781653935,10,GET,/users/{user_id},4.900000,0.000000,3,3,3,3,4,4,6,6,6,6,6,192,0,3,3.309415343361858,1.728849980281666,41.8606839957647,266.078125
1781653935,10,,Aggregated,47.800000,0.000000,3,3,3,4,4,5,11,130,310,310,310,1932,0,3,12.953855978151712,1.728849980281666,755.7401439989917,7267.050207039338
1781653936,10,GET,/feed/{user_id},20.900000,0.000000,3,3,3,3,4,4,5,11,53,53,53,835,0,3,3.6793285032419187,2.0297390001360327,81.67153899557889,8162.245508982036
1781653936,10,GET,/feed/{user_id}?with_fof=true,8.900000,0.000000,3,3,4,4,4,4,11,310,310,310,310,373,0,3,28.631205982016773,2.178505004849285,755.7401439989917,11441.76943699732
1781653936,10,POST,/likes,0.700000,0.000000,4,4,4,4,5,5,5,5,5,5,5,37,0,4,3.7860920545770913,2.624668995849788,5.858832009835169,180.86486486486487
1781653936,10,POST,/posts,1.400000,0.000000,5,5,5,5,5,8,8,8,8,8,8,57,0,5,4.818759508341094,3.5671899968292564,9.437970991712064,228.43859649122808
1781653936,10,GET,/timeline/{user_id},11.300000,0.000000,3,3,3,3,4,5,200,210,210,210,210,484,0,3,21.428462102035567,2.049842005362734,589.3936710199341,6664.94214876033
1781653936,10,GET,/users/{user_id},4.800000,0.000000,3,3,3,3,4,4,6,6,6,6,6,195,0,3,3.2997791995652594,1.728849980281666,41.8606839957647,266.1025641025641
1781653936,10,,Aggregated,48.000000,0.000000,3,3,3,4,4,5,10,53,310,310,310,1981,0,3,12.711391434020442,1.728849980281666,755.7401439989917,7259.308430085815
1781653937,10,GET,/feed/{user_id},21.000000,0.000000,3,3,3,3,4,4,5,11,53,53,53,858,0,3,3.66598073223368,2.0297390001360327,81.67153899557889,8158.4510489510485
1781653937,10,GET,/feed/{user_id}?with_fof=true,9.300000,0.000000,3,3,4,4,4,5,310,370,370,370,370,380,0,3,29.136244903355347,2.178505004849285,755.7401439989917,11446.144736842105
1781653937,10,POST,/likes,0.600000,0.000000,4,4,4,4,5,5,5,5,5,5,5,37,0,4,3.7860920545770913,2.624668995849788,5.858832009835169,180.86486486486487
1781653937,10,POST,/posts,1.200000,0.000000,5,5,5,5,5,8,8,8,8,8,8,58,0,5,4.824985723424671,3.5671899968292564,9.437970991712064,228.43103448275863
1781653937,10,GET,/timeline/{user_id},11.100000,0.000000,3,3,3,4,4,32,200,210,210,210,210,492,0,3,21.5958870090336,2.049842005362734,589.3936710199341,6664.922764227642
1781653937,10,GET,/users/{user_id},4.900000,0.000000,3,3,3,3,3,4,5,6,6,6,6,204,0,3,3.2714890584625835,1.728849980281666,41.8606839957647,266.1372549019608
1781653937,10,,Aggregated,48.100000,0.000000,3,3,3,4,4,5,18,200,370,370,370,2029,0,3,12.779536365638448,1.728849980281666,755.7401439989917,7246.3583045835385
1781653938,10,GET,/feed/{user_id},21.100000,0.000000,3,3,3,3,4,4,5,11,53,53,53,876,0,3,3.6562018485627665,2.0297390001360327,81.67153899557889,8159.284246575343
1781653938,10,GET,/feed/{user_id}?with_fof=true,9.300000,0.000000,3,3,3,4,4,4,310,370,370,370,370,388,0,3,28.60097491561037,2.178505004849285,755.7401439989917,11443.536082474227
1781653938,10,POST,/likes,0.700000,0.000000,4,4,4,4,5,5,5,5,5,5,5,38,0,4,3.796210343257132,2.624668995849788,5.858832009835169,180.8421052631579
1781653938,10,POST,/posts,1.300000,0.000000,5,5,5,5,5,8,8,8,8,8,8,59,0,5,4.824786999468076,3.5671899968292564,9.437970991712064,228.4406779661017
1781653938,10,GET,/timeline/{user_id},11.200000,0.000000,3,3,3,3,4,18,200,200,210,210,210,507,0,3,21.044049355870982,2.049842005362734,589.3936710199341,6655.108481262328
1781653938,10,GET,/users/{user_id},4.800000,0.000000,3,3,3,3,3,4,5,6,6,6,6,210,0,3,3.251847742579966,1.728849980281666,41.8606839957647,266.1380952380952
1781653938,10,,Aggregated,48.400000,0.000000,3,3,3,4,4,5,18,200,370,370,370,2078,0,3,12.551083042338101,1.728849980281666,755.7401439989917,7236.768046198267
1781653939,10,GET,/feed/{user_id},21.100000,0.000000,3,3,3,3,4,4,5,10,11,11,11,893,0,3,3.6457256152420245,2.0297390001360327,81.67153899557889,8171.7928331466965
1781653939,10,GET,/feed/{user_id}?with_fof=true,9.300000,0.000000,3,3,3,4,4,4,5,370,370,370,370,396,0,3,28.085527493047522,2.178505004849285,755.7401439989917,11444.959595959595
1781653939,10,POST,/likes,0.600000,0.000000,4,4,4,4,4,4,4,4,4,4,4,38,0,4,3.796210343257132,2.624668995849788,5.858832009835169,180.8421052631579
1781653939,10,POST,/posts,1.500000,0.000000,5,5,5,5,5,8,8,8,8,8,8,62,0,5,4.7928635476930666,3.5671899968292564,9.437970991712064,228.43548387096774
1781653939,10,GET,/timeline/{user_id},10.500000,0.000000,3,3,3,3,4,5,200,200,210,210,210,520,0,3,20.59243574118367,2.049842005362734,589.3936710199341,6644.176923076923
1781653939,10,GET,/users/{user_id},5.300000,0.000000,3,3,3,3,4,4,5,5,5,5,5,215,0,3,3.249540646170634,1.728849980281666,41.8606839957647,266.19069767441863
1781653939,10,,Aggregated,48.300000,0.000000,3,3,3,4,4,5,8,200,370,370,370,2124,0,3,12.347284943032431,1.728849980281666,755.7401439989917,7232.9816384180795
1781653940,10,GET,/feed/{user_id},21.000000,0.000000,3,3,3,3,4,4,5,10,11,11,11,908,0,3,3.632876770222141,2.0297390001360327,81.67153899557889,8180.681718061674
1781653940,10,GET,/feed/{user_id}?with_fof=true,8.500000,0.000000,3,3,3,4,4,4,190,370,370,370,370,405,0,3,27.980197573376728,2.178505004849285,755.7401439989917,11414.817283950617
1781653940,10,POST,/likes,0.600000,0.000000,4,4,4,4,5,5,5,5,5,5,5,39,0,4,3.823622591041315,2.624668995849788,5.858832009835169,180.87179487179486
1781653940,10,POST,/posts,1.400000,0.000000,5,5,5,5,5,8,8,8,8,8,8,65,0,5,4.79407952247689,3.5671899968292564,9.437970991712064,228.46153846153845
1781653940,10,GET,/timeline/{user_id},11.000000,0.000000,3,3,3,3,4,4,200,200,210,210,210,530,0,3,20.25640812353231,2.049842005362734,589.3936710199341,6659.798113207547
1781653940,10,GET,/users/{user_id},5.600000,0.000000,3,3,3,3,3,4,4,4,4,4,4,224,0,3,3.2324097854663187,1.728849980281666,41.8606839957647,266.16517857142856
1781653940,10,,Aggregated,48.100000,0.000000,3,3,3,3,4,5,8,190,370,370,370,2171,0,3,12.229997545834854,1.728849980281666,755.7401439989917,7214.315062183326
1781653941,10,GET,/feed/{user_id},20.500000,0.000000,3,3,3,3,4,4,5,10,11,11,11,927,0,3,3.617966799684594,2.0297390001360327,81.67153899557889,8188.359223300971
1781653941,10,GET,/feed/{user_id}?with_fof=true,8.500000,0.000000,3,3,3,4,4,4,190,370,370,370,370,418,0,3,27.20760348357113,2.156900998670608,755.7401439989917,11419.801435406698
1781653941,10,POST,/likes,0.600000,0.000000,4,4,4,4,5,5,5,5,5,5,5,40,0,4,3.8114389768452384,2.624668995849788,5.858832009835169,180.9
1781653941,10,POST,/posts,1.500000,0.000000,5,5,5,5,5,8,8,8,8,8,8,66,0,5,4.791456074930135,3.5671899968292564,9.437970991712064,228.46969696969697
1781653941,10,GET,/timeline/{user_id},11.400000,0.000000,3,3,3,3,4,4,200,200,210,210,210,541,0,3,19.929658124901614,2.049842005362734,589.3936710199341,6647.646950092421
1781653941,10,GET,/users/{user_id},5.700000,0.000000,3,3,3,3,3,4,4,4,4,4,4,226,0,3,3.2355156147634134,1.728849980281666,41.8606839957647,266.1858407079646
1781653941,10,,Aggregated,48.200000,0.000000,3,3,3,3,4,5,10,190,370,370,370,2218,0,3,12.041703658236184,1.728849980281666,755.7401439989917,7233.064021641118
1781653942,10,GET,/feed/{user_id},19.900000,0.000000,3,3,3,3,4,5,5,11,11,11,11,943,0,3,3.6199760374458543,2.0297390001360327,81.67153899557889,8169.652173913043
1781653942,10,GET,/feed/{user_id}?with_fof=true,8.400000,0.000000,3,3,3,4,4,4,310,370,370,370,370,429,0,3,27.296095305786736,2.156900998670608,755.7401439989917,11422.247086247085
1781653942,10,POST,/likes,0.700000,0.000000,4,4,5,5,5,5,5,5,5,5,5,41,0,4,3.8346371481410886,2.624668995849788,5.858832009835169,180.9268292682927
1781653942,10,POST,/posts,1.800000,0.000000,5,5,5,5,5,8,8,8,8,8,8,67,0,5,4.785521835116531,3.5671899968292564,9.437970991712064,228.47761194029852
1781653942,10,GET,/timeline/{user_id},11.700000,0.000000,3,3,3,3,4,11,200,200,210,210,210,554,0,3,19.544237580506337,2.049842005362734,589.3936710199341,6660.6768953068595
1781653942,10,GET,/users/{user_id},5.700000,0.000000,3,3,3,3,4,4,4,4,4,4,4,229,0,3,3.235996659264562,1.728849980281666,41.8606839957647,266.1397379912664
1781653942,10,,Aggregated,48.200000,0.000000,3,3,3,4,4,5,11,200,370,370,370,2263,0,3,12.006214418953883,1.728849980281666,755.7401439989917,7237.212991604066
1781653943,10,GET,/feed/{user_id},19.900000,0.000000,3,3,3,3,4,4,5,11,11,11,11,963,0,3,3.608326266101694,2.0297390001360327,81.67153899557889,8185.0342679127725
1781653943,10,GET,/feed/{user_id}?with_fof=true,8.700000,0.000000,3,3,3,4,4,190,370,420,420,420,420,437,0,3,28.35283678084147,2.156900998670608,755.7401439989917,11396.286041189931
1781653943,10,POST,/likes,0.800000,0.000000,4,4,5,5,5,5,5,5,5,5,5,43,0,4,3.8519785841006438,2.624668995849788,5.858832009835169,180.88372093023256
1781653943,10,POST,/posts,1.800000,0.000000,5,5,5,5,5,8,8,8,8,8,8,67,0,5,4.785521835116531,3.5671899968292564,9.437970991712064,228.47761194029852
1781653943,10,GET,/timeline/{user_id},11.300000,0.000000,3,3,3,4,4,12,200,210,210,210,210,565,0,3,19.577258070096356,2.049842005362734,589.3936710199341,6635.787610619469
1781653943,10,GET,/users/{user_id},5.300000,0.000000,3,3,3,3,4,4,4,4,4,4,4,235,0,3,3.2176341148132974,1.728849980281666,41.8606839957647,266.08936170212763
1781653943,10,,Aggregated,47.800000,0.000000,3,3,3,4,4,5,190,210,420,420,420,2310,0,3,12.194185167159462,1.728849980281666,755.7401439989917,7228.225974025974
1781653944,10,GET,/feed/{user_id},19.000000,0.000000,3,3,3,3,4,4,5,5,11,11,11,987,0,3,3.5930921613397273,2.0297390001360327,81.67153899557889,8176.326241134751
1781653944,10,GET,/feed/{user_id}?with_fof=true,9.400000,0.000000,3,3,3,4,4,190,370,420,420,420,420,448,0,3,27.735045406708586,2.156900998670608,755.7401439989917,11393.513392857143
1781653944,10,POST,/likes,0.800000,0.000000,4,4,5,5,5,5,5,5,5,5,5,43,0,4,3.8519785841006438,2.624668995849788,5.858832009835169,180.88372093023256
1781653944,10,POST,/posts,1.800000,0.000000,5,5,5,5,5,5,5,5,5,5,5,67,0,5,4.785521835116531,3.5671899968292564,9.437970991712064,228.47761194029852
1781653944,10,GET,/timeline/{user_id},11.400000,0.000000,3,3,3,3,4,4,32,200,210,210,210,577,0,3,19.233025560814056,2.049842005362734,589.3936710199341,6633.724436741768
1781653944,10,GET,/users/{user_id},5.300000,0.000000,3,3,3,3,4,4,4,4,4,4,4,240,0,3,3.2020061248961915,1.728849980281666,41.8606839957647,266.1041666666667
1781653944,10,,Aggregated,47.700000,0.000000,3,3,3,3,4,5,12,210,420,420,420,2362,0,3,11.991483728231028,1.728849980281666,755.7401439989917,7234.944115156647
1781653945,10,GET,/feed/{user_id},18.600000,0.000000,3,3,3,3,4,4,5,11,13,13,13,1010,0,3,3.5940083141420223,2.0297390001360327,81.67153899557889,8178.832673267327
1781653945,10,GET,/feed/{user_id}?with_fof=true,9.800000,0.000000,3,3,4,4,4,310,420,420,420,420,420,453,0,3,28.37814345082605,2.156900998670608,755.7401439989917,11397.165562913908
1781653945,10,POST,/likes,0.900000,0.000000,4,4,5,5,5,5,5,5,5,5,5,43,0,4,3.8519785841006438,2.624668995849788,5.858832009835169,180.88372093023256
1781653945,10,POST,/posts,1.700000,0.000000,5,5,5,5,5,5,5,5,5,5,5,68,0,5,4.7794742050053385,3.5671899968292564,9.437970991712064,228.48529411764707
1781653945,10,GET,/timeline/{user_id},11.100000,0.000000,3,3,3,3,4,4,32,200,210,210,210,592,0,3,18.819287955331085,2.049842005362734,589.3936710199341,6622.0625
1781653945,10,GET,/users/{user_id},5.100000,0.000000,3,3,3,3,3,4,4,4,4,4,4,242,0,3,3.19786817338106,1.728849980281666,41.8606839957647,266.1115702479339
1781653945,10,,Aggregated,47.200000,0.000000,3,3,3,3,4,5,32,240,420,420,420,2408,0,3,11.997836076859864,1.728849980281666,755.7401439989917,7239.0
1781653946,10,GET,/feed/{user_id},18.700000,0.000000,3,3,3,3,4,4,5,11,13,13,13,1028,0,3,3.584342796929862,2.0297390001360327,81.67153899557889,8182.213035019456
1781653946,10,GET,/feed/{user_id}?with_fof=true,9.700000,0.000000,3,3,4,4,4,310,420,420,420,420,420,460,0,3,28.858052713495336,2.156900998670608,755.7401439989917,11391.954347826088
1781653946,10,POST,/likes,0.900000,0.000000,5,5,5,5,5,5,5,5,5,5,5,43,0,4,3.8519785841006438,2.624668995849788,5.858832009835169,180.88372093023256
1781653946,10,POST,/posts,1.500000,0.000000,5,5,5,5,5,5,5,5,5,5,5,68,0,5,4.7794742050053385,3.5671899968292564,9.437970991712064,228.48529411764707
1781653946,10,GET,/timeline/{user_id},11.500000,0.000000,3,3,3,3,4,4,12,150,210,210,210,605,0,3,18.728520860558778,2.049842005362734,589.3936710199341,6634.578512396694
1781653946,10,GET,/users/{user_id},5.300000,0.000000,3,3,3,3,3,4,4,4,4,4,4,246,0,3,3.185938394247986,1.728849980281666,41.8606839957647,266.130081300813
1781653946,10,,Aggregated,47.600000,0.000000,3,3,3,3,4,5,13,240,420,420,420,2450,0,3,12.06716078944143,1.728849980281666,755.7401439989917,7246.66
1781653947,10,GET,/feed/{user_id},19.200000,0.000000,3,3,3,3,4,4,5,11,13,13,13,1043,0,3,3.5791327519550356,2.0297390001360327,81.67153899557889,8154.813998082454
1781653947,10,GET,/feed/{user_id}?with_fof=true,9.100000,0.000000,3,3,4,4,4,350,420,450,450,450,450,468,0,3,30.116457731162523,2.156900998670608,755.7401439989917,11396.348290598291
1781653947,10,POST,/likes,0.900000,0.000000,5,5,5,5,5,5,5,5,5,5,5,43,0,4,3.8519785841006438,2.624668995849788,5.858832009835169,180.88372093023256
1781653947,10,POST,/posts,1.400000,0.000000,5,5,5,5,5,5,5,5,5,5,5,69,0,5,4.77616672372054,3.5671899968292564,9.437970991712064,228.47826086956522
1781653947,10,GET,/timeline/{user_id},12.000000,0.000000,3,3,3,3,4,4,150,210,290,290,290,621,0,3,18.78155038095733,2.049842005362734,589.3936710199341,6624.826086956522
1781653947,10,GET,/users/{user_id},5.100000,0.000000,3,3,3,3,3,4,4,4,4,4,4,249,0,3,3.1780327067628176,1.728849980281666,41.8606839957647,266.140562248996
1781653947,10,,Aggregated,47.700000,0.000000,3,3,3,4,4,5,210,350,450,450,450,2493,0,3,12.345527955108164,1.728849980281666,755.7401439989917,7237.381066987565
1781653948,10,GET,/feed/{user_id},19.200000,0.000000,3,3,3,3,4,4,5,11,13,13,13,1068,0,3,3.5632877923844273,2.0297390001360327,81.67153899557889,8145.709737827716
1781653948,10,GET,/feed/{user_id}?with_fof=true,8.700000,0.000000,3,3,4,4,19,350,420,450,450,450,450,479,0,3,29.529502434633663,2.156900998670608,755.7401439989917,11398.087682672234
1781653948,10,POST,/likes,0.600000,0.000000,5,5,5,5,5,5,5,5,5,5,5,43,0,4,3.8519785841006438,2.624668995849788,5.858832009835169,180.88372093023256
1781653948,10,POST,/posts,1.200000,0.000000,5,5,5,5,5,5,5,5,5,5,5,70,0,5,4.765090827381106,3.5671899968292564,9.437970991712064,228.4857142857143
1781653948,10,GET,/timeline/{user_id},12.100000,0.000000,3,3,3,3,4,4,150,210,290,290,290,632,0,3,18.510889249435284,2.049842005362734,589.3936710199341,6634.256329113924
1781653948,10,GET,/users/{user_id},5.200000,0.000000,3,3,3,3,4,4,4,4,4,4,4,253,0,3,3.1748884028512174,1.728849980281666,41.8606839957647,266.17391304347825
1781653948,10,,Aggregated,47.000000,0.000000,3,3,3,3,4,5,210,350,450,450,450,2545,0,3,12.161706576445406,1.728849980281666,755.7401439989917,7246.862868369351
1781653949,10,GET,/feed/{user_id},18.600000,0.000000,3,3,3,3,4,4,5,11,13,13,13,1080,0,3,3.5585544456639413,2.0297390001360327,81.67153899557889,8150.305555555556
1781653949,10,GET,/feed/{user_id}?with_fof=true,8.700000,0.000000,3,3,4,4,4,350,420,450,450,450,450,493,0,3,28.782293489405934,2.156900998670608,755.7401439989917,11403.421906693711
1781653949,10,POST,/likes,0.600000,0.000000,4,5,5,5,5,5,5,5,5,5,5,44,0,4,3.849939207033127,2.624668995849788,5.858832009835169,180.88636363636363
1781653949,10,POST,/posts,1.100000,0.000000,4,5,5,5,5,5,5,5,5,5,5,72,0,5,4.766880249210065,3.5671899968292564,9.437970991712064,228.48611111111111
1781653949,10,GET,/timeline/{user_id},12.800000,0.000000,3,3,3,3,4,4,150,210,290,290,290,646,0,3,18.172928411306327,2.049842005362734,589.3936710199341,6628.910216718266
1781653949,10,GET,/users/{user_id},4.600000,0.000000,3,3,3,3,4,4,4,4,4,4,4,258,0,3,3.1657912090462235,1.728849980281666,41.8606839957647,266.18992248062017
1781653949,10,,Aggregated,46.400000,0.000000,3,3,3,4,4,5,210,350,450,450,450,2593,0,3,11.99460396462961,1.728849980281666,755.7401439989917,7250.127265715388
1781653950,10,GET,/feed/{user_id},19.200000,0.000000,3,3,3,3,4,4,5,11,13,13,13,1096,0,3,3.5513654874572294,2.0297390001360327,81.67153899557889,8143.2773722627735
1781653950,10,GET,/feed/{user_id}?with_fof=true,9.100000,0.000000,3,3,4,4,4,350,420,450,450,450,450,506,0,3,28.123949097343832,2.156900998670608,755.7401439989917,11405.800395256916
1781653950,10,POST,/likes,0.500000,0.000000,4,4,5,5,5,5,5,5,5,5,5,47,0,4,3.817832299899508,2.624668995849788,5.858832009835169,180.89361702127658
1781653950,10,POST,/posts,1.100000,0.000000,4,4,5,5,5,5,5,5,5,5,5,73,0,5,4.756324725187294,3.5671899968292564,9.437970991712064,228.4931506849315
1781653950,10,GET,/timeline/{user_id},12.400000,0.000000,3,3,3,3,4,4,150,210,290,290,290,655,0,3,17.966416794922246,2.049842005362734,589.3936710199341,6642.387786259542
1781653950,10,GET,/users/{user_id},4.400000,0.000000,3,3,3,3,4,4,4,4,4,4,4,265,0,3,3.153075829789675,1.728849980281666,41.8606839957647,266.23018867924526
1781653950,10,,Aggregated,46.700000,0.000000,3,3,3,4,4,4,210,350,450,450,450,2642,0,3,11.829384078770396,1.728849980281666,755.7401439989917,7245.595760787282
1781653951,10,GET,/feed/{user_id},18.700000,0.000000,3,3,3,3,4,4,4,8,13,13,13,1112,0,3,3.5429207205884627,2.0297390001360327,81.67153899557889,8142.1474820143885
1781653951,10,GET,/feed/{user_id}?with_fof=true,9.700000,0.000000,3,3,4,4,4,350,420,450,450,450,450,516,0,3,27.640364240945676,2.156900998670608,755.7401439989917,11405.627906976744
1781653951,10,POST,/likes,0.600000,0.000000,4,4,4,4,5,5,5,5,5,5,5,50,0,4,3.8269964623032138,2.624668995849788,5.858832009835169,180.9
1781653951,10,POST,/posts,0.900000,0.000000,4,4,5,5,5,5,5,5,5,5,5,75,0,5,4.757252519096558,3.5671899968292564,9.437970991712064,228.48
1781653951,10,GET,/timeline/{user_id},12.600000,0.000000,3,3,3,3,4,4,150,210,290,290,290,668,0,3,17.672531828956963,2.049842005362734,589.3936710199341,6628.182634730539
1781653951,10,GET,/users/{user_id},4.200000,0.000000,2,3,3,3,4,4,4,4,4,4,4,268,0,3,3.150293917491608,1.728849980281666,41.8606839957647,266.25
1781653951,10,,Aggregated,46.700000,0.000000,3,3,3,4,4,4,150,350,450,450,450,2689,0,3,11.677140045853754,1.728849980281666,755.7401439989917,7238.577166232801
1781653952,10,GET,/feed/{user_id},18.800000,0.000000,3,3,3,3,4,4,5,12,13,13,13,1130,0,3,3.5437755515918434,2.0297390001360327,81.67153899557889,8139.5805309734515
1781653952,10,GET,/feed/{user_id}?with_fof=true,10.000000,0.000000,3,3,4,4,4,340,420,450,450,450,450,527,0,3,27.76968570830799,2.156900998670608,755.7401439989917,11399.223908918406
1781653952,10,POST,/likes,0.800000,0.000000,4,4,4,4,4,4,4,4,4,4,4,50,0,4,3.8269964623032138,2.624668995849788,5.858832009835169,180.9
1781653952,10,POST,/posts,0.800000,0.000000,4,5,5,5,5,5,5,5,5,5,5,75,0,5,4.757252519096558,3.5671899968292564,9.437970991712064,228.48
1781653952,10,GET,/timeline/{user_id},12.400000,0.000000,3,3,3,3,4,4,150,210,290,290,290,682,0,3,17.68148347467923,2.049842005362734,589.3936710199341,6641.683284457478
1781653952,10,GET,/users/{user_id},4.200000,0.000000,2,3,3,3,4,4,5,5,5,5,5,276,0,3,3.133606608320986,1.728849980281666,41.8606839957647,266.231884057971
1781653952,10,,Aggregated,47.000000,0.000000,3,3,3,4,4,4,19,340,450,450,450,2740,0,3,11.719299874909606,1.728849980281666,755.7401439989917,7238.834306569343
1781653953,10,GET,/feed/{user_id},18.700000,0.000000,3,3,3,3,4,4,5,12,13,13,13,1157,0,3,3.529648583674362,2.0297390001360327,81.67153899557889,8101.711322385479
1781653953,10,GET,/feed/{user_id}?with_fof=true,9.900000,0.000000,3,3,4,4,4,340,420,450,450,450,450,531,0,3,27.584911220877565,2.156900998670608,755.7401439989917,11401.425612052732
1781653953,10,POST,/likes,0.800000,0.000000,4,4,4,4,4,4,4,4,4,4,4,50,0,4,3.8269964623032138,2.624668995849788,5.858832009835169,180.9
1781653953,10,POST,/posts,0.900000,0.000000,5,5,5,5,5,5,5,5,5,5,5,78,0,5,4.769806998993795,3.5671899968292564,9.437970991712064,228.5
1781653953,10,GET,/timeline/{user_id},12.700000,0.000000,3,3,3,3,4,4,150,210,290,290,290,689,0,3,17.532724284146898,2.049842005362734,589.3936710199341,6637.947750362845
1781653953,10,GET,/users/{user_id},4.200000,0.000000,2,3,3,3,4,4,5,5,5,5,5,283,0,3,3.129519844183356,1.728849980281666,41.8606839957647,266.2720848056537
1781653953,10,,Aggregated,47.200000,0.000000,3,3,3,4,4,4,19,340,450,450,450,2788,0,3,11.571193395378408,1.728849980281666,755.7401439989917,7210.762553802008
1781653954,10,GET,/feed/{user_id},18.400000,0.000000,3,3,3,3,4,4,5,5,12,12,12,1176,0,3,3.5267851677900226,2.0297390001360327,81.67153899557889,8080.789965986394
1781653954,10,GET,/feed/{user_id}?with_fof=true,9.800000,0.000000,3,3,4,4,4,19,400,450,450,450,450,539,0,3,27.225847186096072,2.156900998670608,755.7401439989917,11403.276437847866
1781653954,10,POST,/likes,0.900000,0.000000,4,4,4,4,4,4,4,4,4,4,4,50,0,4,3.8269964623032138,2.624668995849788,5.858832009835169,180.9
1781653954,10,POST,/posts,0.800000,0.000000,4,5,5,5,5,5,5,5,5,5,5,82,0,5,4.744837340606354,3.5671899968292564,9.437970991712064,228.4878048780488
1781653954,10,GET,/timeline/{user_id},12.600000,0.000000,3,3,3,3,4,4,150,210,290,290,290,700,0,3,17.3056468753826,2.049842005362734,589.3936710199341,6622.51
1781653954,10,GET,/users/{user_id},4.700000,0.000000,3,3,3,3,4,4,5,5,5,5,5,286,0,3,3.127813635970355,1.728849980281666,41.8606839957647,266.27972027972027
1781653954,10,,Aggregated,47.200000,0.000000,3,3,3,4,4,4,12,290,450,450,450,2833,0,3,11.440580652427489,1.728849980281666,755.7401439989917,7196.988704553477
1781653955,10,GET,/feed/{user_id},19.200000,0.000000,3,3,3,3,4,4,5,5,12,12,12,1200,0,3,3.521437915211815,2.0297390001360327,81.67153899557889,8089.033333333334
1781653955,10,GET,/feed/{user_id}?with_fof=true,9.300000,0.000000,3,3,4,4,4,19,350,450,450,450,450,546,0,3,27.522729148882725,2.156900998670608,755.7401439989917,11407.935897435897
1781653955,10,POST,/likes,0.800000,0.000000,4,4,4,4,4,4,4,4,4,4,4,50,0,4,3.8269964623032138,2.624668995849788,5.858832009835169,180.9
1781653955,10,POST,/posts,1.100000,0.000000,5,5,5,5,5,5,5,5,5,5,5,83,0,5,4.744633300445907,3.5671899968292564,9.437970991712064,228.46987951807228
1781653955,10,GET,/timeline/{user_id},12.600000,0.000000,3,3,3,3,4,4,4,210,290,290,290,712,0,3,17.065680519336954,2.049842005362734,589.3936710199341,6637.676966292135
1781653955,10,GET,/users/{user_id},4.700000,0.000000,3,3,3,3,4,4,5,5,5,5,5,289,0,3,3.1233159857431496,1.728849980281666,41.8606839957647,266.29757785467126
1781653955,10,,Aggregated,47.700000,0.000000,3,3,3,4,4,5,5,290,450,450,450,2880,0,3,11.4207266841125,1.728849980281666,755.7401439989917,7210.613541666667
1781653956,10,GET,/feed/{user_id},18.800000,0.000000,3,3,3,3,4,4,5,7,12,12,12,1216,0,3,3.519192949984005,2.0297390001360327,81.67153899557889,8090.512335526316
1781653956,10,GET,/feed/{user_id}?with_fof=true,9.200000,0.000000,3,3,3,4,4,4,330,340,340,340,340,557,0,3,27.052847894618814,2.156900998670608,755.7401439989917,11407.755834829444
1781653956,10,POST,/likes,0.700000,0.000000,4,4,4,4,4,4,4,4,4,4,4,51,0,4,3.819084335369624,2.624668995849788,5.858832009835169,180.90196078431373
1781653956,10,POST,/posts,1.400000,0.000000,5,5,5,5,5,5,5,5,5,5,5,83,0,5,4.744633300445907,3.5671899968292564,9.437970991712064,228.46987951807228
1781653956,10,GET,/timeline/{user_id},12.300000,0.000000,3,3,3,4,4,4,250,250,270,270,270,724,0,3,18.149252090908945,2.049842005362734,589.3936710199341,6647.635359116022
1781653956,10,GET,/users/{user_id},4.600000,0.000000,3,3,3,3,4,5,12,12,12,12,12,295,0,3,3.159122741919295,1.728849980281666,41.8606839957647,266.3152542372881
1781653956,10,,Aggregated,47.000000,0.000000,3,3,3,4,4,5,12,250,340,340,340,2926,0,3,11.622813565348038,1.728849980281666,755.7401439989917,7215.25051264525
1781653957,10,GET,/feed/{user_id},19.000000,0.000000,3,3,3,3,4,4,5,8,12,12,12,1230,0,3,3.51843840418463,2.0297390001360327,81.67153899557889,8102.5707317073175
1781653957,10,GET,/feed/{user_id}?with_fof=true,9.100000,0.000000,3,3,3,4,4,12,340,410,410,410,410,568,0,3,27.317414572677645,2.156900998670608,755.7401439989917,11408.677816901409
1781653957,10,POST,/likes,0.700000,0.000000,4,4,4,4,4,4,4,4,4,4,4,52,0,4,3.8236449634916005,2.624668995849788,5.858832009835169,180.8846153846154
1781653957,10,POST,/posts,1.400000,0.000000,5,5,5,5,5,5,5,5,5,5,5,86,0,5,4.736176499051886,3.5671899968292564,9.437970991712064,228.47674418604652
1781653957,10,GET,/timeline/{user_id},11.900000,0.000000,3,3,3,4,4,200,250,250,270,270,270,736,0,3,18.17645644140335,2.049842005362734,589.3936710199341,6646.596467391304
1781653957,10,GET,/users/{user_id},4.700000,0.000000,3,3,3,3,4,5,12,12,12,12,12,298,0,3,3.1515878284171897,1.728849980281666,41.8606839957647,266.3154362416107
1781653957,10,,Aggregated,46.800000,0.000000,3,3,3,4,4,5,200,250,410,410,410,2970,0,3,11.706113314878522,1.728849980281666,755.7401439989917,7221.078451178451
1781653958,10,GET,/feed/{user_id},19.100000,0.000000,3,3,3,3,4,5,8,20,26,26,26,1251,0,3,3.5420718386151018,2.0297390001360327,81.67153899557889,8102.9192645883295
1781653958,10,GET,/feed/{user_id}?with_fof=true,9.600000,0.000000,3,3,3,4,4,4,340,410,410,410,410,577,0,3,26.939165140796725,2.156900998670608,755.7401439989917,11406.129982668977
1781653958,10,POST,/likes,0.800000,0.000000,4,4,4,4,4,4,4,4,4,4,4,52,0,4,3.8236449634916005,2.624668995849788,5.858832009835169,180.8846153846154
1781653958,10,POST,/posts,1.500000,0.000000,5,5,5,5,5,5,5,5,5,5,5,87,0,5,4.734026481887197,3.5671899968292564,9.437970991712064,228.4712643678161
1781653958,10,GET,/timeline/{user_id},11.600000,0.000000,3,3,3,4,4,200,250,250,270,270,270,752,0,3,18.12991783098117,2.049842005362734,589.3936710199341,6653.518617021276
1781653958,10,GET,/users/{user_id},4.800000,0.000000,3,3,3,3,4,5,12,12,12,12,12,301,0,3,3.1544503916760416,1.728849980281666,41.8606839957647,266.3156146179402
1781653958,10,,Aggregated,47.400000,0.000000,3,3,3,4,4,5,200,250,410,410,410,3020,0,3,11.645333700385855,1.728849980281666,755.7401439989917,7228.800993377484
1781653959,10,GET,/feed/{user_id},18.800000,0.000000,3,3,3,3,4,5,8,20,26,26,26,1267,0,3,3.535320947191883,2.0297390001360327,81.67153899557889,8111.07182320442
1781653959,10,GET,/feed/{user_id}?with_fof=true,10.100000,0.000000,3,3,3,4,4,4,340,410,410,410,410,586,0,3,26.577088640368647,2.156900998670608,755.7401439989917,11408.752559726963
1781653959,10,POST,/likes,0.900000,0.000000,4,4,4,4,4,4,4,4,4,4,4,53,0,4,3.8201223794186383,2.624668995849788,5.858832009835169,180.8679245283019
1781653959,10,POST,/posts,1.600000,0.000000,5,5,5,5,5,15,15,15,15,15,15,89,0,5,4.855613493010025,3.5671899968292564,15.407132974360138,228.47191011235955
1781653959,10,GET,/timeline/{user_id},11.400000,0.000000,3,3,3,4,4,210,250,250,270,270,270,762,0,3,18.200449922387588,2.049842005362734,589.3936710199341,6645.066929133858
1781653959,10,GET,/users/{user_id},4.900000,0.000000,3,3,3,3,4,5,12,12,12,12,12,305,0,3,3.1544842521591328,1.728849980281666,41.8606839957647,266.34098360655736
1781653959,10,,Aggregated,47.700000,0.000000,3,3,3,4,4,5,210,250,410,410,410,3062,0,3,11.599902745951372,1.728849980281666,755.7401439989917,7229.572828216852
1781653960,10,GET,/feed/{user_id},18.100000,0.000000,3,3,3,3,4,5,16,25,26,26,26,1283,0,3,3.5571077912172995,2.0297390001360327,81.67153899557889,8097.852689010132
1781653960,10,GET,/feed/{user_id}?with_fof=true,9.900000,0.000000,3,3,4,4,4,12,380,410,410,410,410,596,0,3,26.816941099387872,2.156900998670608,755.7401439989917,11410.030201342282
1781653960,10,POST,/likes,0.900000,0.000000,4,4,4,4,4,4,4,4,4,4,4,53,0,4,3.8201223794186383,2.624668995849788,5.858832009835169,180.8679245283019
1781653960,10,POST,/posts,1.700000,0.000000,5,5,5,5,5,15,15,15,15,15,15,91,0,5,4.835932943483835,3.5671899968292564,15.407132974360138,228.4835164835165
1781653960,10,GET,/timeline/{user_id},11.800000,0.000000,3,3,4,4,190,210,250,250,270,270,270,775,0,3,18.70416598946547,2.049842005362734,589.3936710199341,6641.327741935484
1781653960,10,GET,/users/{user_id},4.900000,0.000000,3,3,3,3,4,5,15,15,15,15,15,309,0,3,3.192301161442567,1.728849980281666,41.8606839957647,266.3462783171521
1781653960,10,,Aggregated,47.300000,0.000000,3,3,4,4,5,12,210,270,410,410,410,3107,0,3,11.802816953992494,1.728849980281666,755.7401439989917,7225.500804634696
1781653961,10,GET,/feed/{user_id},18.800000,0.000000,3,3,3,3,4,5,20,26,26,26,26,1301,0,3,3.5677676373748373,2.0297390001360327,81.67153899557889,8089.695618754804
1781653961,10,GET,/feed/{user_id}?with_fof=true,9.100000,0.000000,3,3,4,4,5,380,390,410,410,410,410,604,0,3,28.35684389267032,2.156900998670608,755.7401439989917,11406.905629139073
1781653961,10,POST,/likes,0.800000,0.000000,4,4,4,4,4,4,4,4,4,4,4,54,0,4,3.8295031133909814,2.624668995849788,5.858832009835169,180.85185185185185
1781653961,10,POST,/posts,1.800000,0.000000,5,5,5,5,5,15,15,15,15,15,15,92,0,5,4.834822933290802,3.5671899968292564,15.407132974360138,228.47826086956522
1781653961,10,GET,/timeline/{user_id},11.600000,0.000000,3,3,3,4,190,210,250,270,280,280,280,786,0,3,18.83371436369929,2.049842005362734,589.3936710199341,6642.557251908397
1781653961,10,GET,/users/{user_id},4.800000,0.000000,3,3,3,3,5,12,15,15,15,15,15,313,0,3,3.1826458015916543,1.728849980281666,41.8606839957647,266.35463258785944
1781653961,10,,Aggregated,46.900000,0.000000,3,3,4,4,5,20,250,360,410,410,410,3150,0,3,12.13341711465055,1.728849980281666,755.7401439989917,7222.11746031746
1781653962,10,GET,/feed/{user_id},18.500000,0.000000,3,3,3,4,4,8,20,26,26,26,26,1322,0,3,3.575893314845005,2.0297390001360327,81.67153899557889,8098.250378214826
1781653962,10,GET,/feed/{user_id}?with_fof=true,9.100000,0.000000,3,3,4,4,4,360,390,410,410,410,410,615,0,3,27.901424107717244,2.156900998670608,755.7401439989917,11406.731707317073
1781653962,10,POST,/likes,0.600000,0.000000,4,4,4,4,4,4,4,4,4,4,4,54,0,4,3.8295031133909814,2.624668995849788,5.858832009835169,180.85185185185185
1781653962,10,POST,/posts,1.800000,0.000000,5,5,5,5,8,15,15,15,15,15,15,93,0,5,4.867256589932367,3.5671899968292564,15.407132974360138,228.4731182795699
1781653962,10,GET,/timeline/{user_id},12.100000,0.000000,3,3,3,4,190,210,250,270,280,280,280,794,0,3,18.674187943280995,2.049842005362734,589.3936710199341,6642.5919395466
1781653962,10,GET,/users/{user_id},4.300000,0.000000,3,3,3,3,4,12,15,15,15,15,15,318,0,3,3.1799028329946593,1.728849980281666,41.8606839957647,266.311320754717
1781653962,10,,Aggregated,46.400000,0.000000,3,3,4,4,5,20,250,360,410,410,410,3196,0,3,12.01022188589344,1.728849980281666,755.7401439989917,7231.209637046308
1781653963,10,GET,/feed/{user_id},18.500000,0.000000,3,3,3,4,4,10,20,26,26,26,26,1347,0,3,3.5845966371280675,2.0297390001360327,81.67153899557889,8092.897550111358
1781653963,10,GET,/feed/{user_id}?with_fof=true,8.900000,0.000000,3,3,4,4,5,370,390,410,410,410,410,623,0,3,28.178373698650052,2.156900998670608,755.7401439989917,11408.825040128411
1781653963,10,POST,/likes,0.600000,0.000000,4,4,4,4,4,4,4,4,4,4,4,55,0,4,3.8340618384113028,2.624668995849788,5.858832009835169,180.8181818181818
1781653963,10,POST,/posts,1.700000,0.000000,5,5,5,5,8,15,15,15,15,15,15,93,0,5,4.867256589932367,3.5671899968292564,15.407132974360138,228.4731182795699
1781653963,10,GET,/timeline/{user_id},11.900000,0.000000,3,3,4,4,190,210,250,270,280,280,280,800,0,3,18.55899034992035,2.049842005362734,589.3936710199341,6651.3825
1781653963,10,GET,/users/{user_id},4.600000,0.000000,3,3,3,4,5,12,15,15,15,15,15,324,0,3,3.1815842311415405,1.728849980281666,41.8606839957647,266.3024691358025
1781653963,10,,Aggregated,46.200000,0.000000,3,3,4,4,5,25,270,370,410,410,410,3242,0,3,12.00651829712306,1.728849980281666,755.7401439989917,7232.391116594695
1781653964,10,GET,/feed/{user_id},19.200000,0.000000,3,3,3,4,4,11,20,26,26,26,26,1365,0,3,3.5893624169997627,2.0297390001360327,81.67153899557889,8096.038095238096
1781653964,10,GET,/feed/{user_id}?with_fof=true,8.900000,0.000000,3,3,4,4,12,380,410,410,410,410,410,632,0,3,28.464402582692028,2.156900998670608,755.7401439989917,11411.090189873417
1781653964,10,POST,/likes,0.400000,0.000000,4,4,4,4,4,4,4,4,4,4,4,55,0,4,3.8340618384113028,2.624668995849788,5.858832009835169,180.8181818181818
1781653964,10,POST,/posts,1.800000,0.000000,5,5,5,5,8,15,15,15,15,15,15,93,0,5,4.867256589932367,3.5671899968292564,15.407132974360138,228.4731182795699
1781653964,10,GET,/timeline/{user_id},11.400000,0.000000,3,3,4,4,190,210,250,270,280,280,280,817,0,3,18.42163766825069,2.049842005362734,589.3936710199341,6662.897184822521
1781653964,10,GET,/users/{user_id},4.300000,0.000000,3,3,3,3,4,6,15,15,15,15,15,332,0,3,3.1673849695495395,1.728849980281666,41.8606839957647,266.31626506024094
1781653964,10,,Aggregated,46.000000,0.000000,3,3,4,4,5,26,280,380,410,410,410,3294,0,3,12.038421426925813,1.728849980281666,755.7401439989917,7233.180935033394
1781653965,10,GET,/feed/{user_id},19.000000,0.000000,3,3,3,4,4,11,20,26,26,26,26,1391,0,3,3.579323437225742,2.0297390001360327,81.67153899557889,8090.7217828900075
1781653965,10,GET,/feed/{user_id}?with_fof=true,9.100000,0.000000,3,3,4,4,5,380,410,410,410,410,410,636,0,3,28.304830618270778,2.156900998670608,755.7401439989917,11411.74213836478
1781653965,10,POST,/likes,0.500000,0.000000,4,4,4,5,5,5,5,5,5,5,5,56,0,4,3.8492215556159084,2.624668995849788,5.858832009835169,180.82142857142858
1781653965,10,POST,/posts,1.500000,0.000000,5,5,5,8,15,15,15,15,15,15,15,93,0,5,4.867256589932367,3.5671899968292564,15.407132974360138,228.4731182795699
1781653965,10,GET,/timeline/{user_id},11.100000,0.000000,3,3,3,4,4,200,210,210,280,280,280,831,0,3,18.164061492110886,2.049842005362734,589.3936710199341,6630.020457280385
1781653965,10,GET,/users/{user_id},4.200000,0.000000,3,3,3,3,4,6,15,15,15,15,15,338,0,3,3.161611058973134,1.728849980281666,41.8606839957647,266.31360946745565
1781653965,10,,Aggregated,45.400000,0.000000,3,3,4,4,5,15,210,380,410,410,410,3345,0,3,11.901907946862927,1.728849980281666,755.7401439989917,7217.637369207773
1781653966,10,GET,/feed/{user_id},18.800000,0.000000,3,3,3,4,4,11,20,26,26,26,26,1408,0,3,3.572342521424203,2.0297390001360327,81.67153899557889,8104.046164772727
1781653966,10,GET,/feed/{user_id}?with_fof=true,9.200000,0.000000,3,3,4,4,5,380,390,410,410,410,410,641,0,3,28.59357657752257,2.156900998670608,755.7401439989917,11413.390015600624
1781653966,10,POST,/likes,0.500000,0.000000,4,4,4,4,5,5,5,5,5,5,5,57,0,4,3.8298108087027476,2.624668995849788,5.858832009835169,180.80701754385964
1781653966,10,POST,/posts,1.200000,0.000000,5,5,6,8,15,15,15,15,15,15,15,95,0,5,4.8742440722172,3.5671899968292564,15.407132974360138,228.46315789473684
1781653966,10,GET,/timeline/{user_id},11.600000,0.000000,3,3,3,4,4,190,210,210,280,280,280,849,0,3,18.008873292046967,2.049842005362734,589.3936710199341,6621.265017667844
1781653966,10,GET,/users/{user_id},4.500000,0.000000,3,3,3,3,4,6,15,15,15,15,15,344,0,3,3.1486906044910725,1.728849980281666,41.8606839957647,266.3343023255814
1781653966,10,,Aggregated,45.800000,0.000000,3,3,4,4,5,15,210,370,410,410,410,3394,0,3,11.90700537778631,1.728849980281666,755.7401439989917,7210.242486741308
1781653967,10,GET,/feed/{user_id},18.800000,0.000000,3,3,3,4,4,11,15,25,26,26,26,1426,0,3,3.573467608829105,2.0297390001360327,81.67153899557889,8117.232819074334
1781653967,10,GET,/feed/{user_id}?with_fof=true,9.200000,0.000000,3,3,4,4,320,380,390,410,410,410,410,649,0,3,28.84173252421054,2.148539002519101,755.7401439989917,11415.172573189522
1781653967,10,POST,/likes,0.600000,0.000000,4,4,4,4,5,5,5,5,5,5,5,58,0,4,3.8333505362970755,2.624668995849788,5.858832009835169,180.82758620689654
1781653967,10,POST,/posts,1.100000,0.000000,5,5,6,8,15,15,15,15,15,15,15,97,0,5,4.864019544893568,3.5671899968292564,15.407132974360138,228.4742268041237
1781653967,10,GET,/timeline/{user_id},12.000000,0.000000,3,3,3,4,4,150,210,210,280,280,280,861,0,3,17.800018477305535,2.049842005362734,589.3936710199341,6620.672473867596
1781653967,10,GET,/users/{user_id},4.800000,0.000000,3,3,3,3,4,6,15,15,15,15,15,350,0,3,3.1405902627323354,1.728849980281666,41.8606839957647,266.3514285714286
1781653967,10,,Aggregated,46.500000,0.000000,3,3,4,4,5,12,280,370,410,410,410,3441,0,3,11.895732620249705,1.728849980281666,755.7401439989917,7210.082243533857
1781653968,10,GET,/feed/{user_id},19.100000,0.000000,3,3,3,4,4,10,15,25,26,26,26,1447,0,3,3.565267136277188,2.0297390001360327,81.67153899557889,8126.552176917761
1781653968,10,GET,/feed/{user_id}?with_fof=true,8.500000,0.000000,3,3,4,4,320,380,390,410,410,410,410,658,0,3,28.488314193278892,2.148539002519101,755.7401439989917,11416.782674772037
1781653968,10,POST,/likes,0.600000,0.000000,4,4,4,4,5,5,5,5,5,5,5,61,0,4,3.8161118706634847,2.624668995849788,5.858832009835169,180.85245901639345
1781653968,10,POST,/posts,1.200000,0.000000,5,5,6,6,8,8,8,8,8,8,8,97,0,5,4.864019544893568,3.5671899968292564,15.407132974360138,228.4742268041237
1781653968,10,GET,/timeline/{user_id},12.300000,0.000000,3,3,3,4,4,150,210,210,280,280,280,874,0,3,17.813511386702054,2.049842005362734,589.3936710199341,6619.2299771167045
1781653968,10,GET,/users/{user_id},4.800000,0.000000,3,3,3,3,4,6,15,15,15,15,15,352,0,3,3.1382623407229073,1.728849980281666,41.8606839957647,266.35227272727275
1781653968,10,,Aggregated,46.500000,0.000000,3,3,3,4,4,11,280,370,410,410,410,3489,0,3,11.832193264903356,1.728849980281666,755.7401439989917,7217.976784178848
1781653969,10,GET,/feed/{user_id},19.400000,0.000000,3,3,3,4,4,10,15,25,26,26,26,1468,0,3,3.561740044386403,2.0297390001360327,81.67153899557889,8138.91961852861
1781653969,10,GET,/feed/{user_id}?with_fof=true,8.000000,0.000000,3,3,3,4,5,370,390,410,410,410,410,666,0,3,28.18077029601787,2.148539002519101,755.7401439989917,11418.983483483484
1781653969,10,POST,/likes,0.600000,0.000000,4,4,4,4,5,5,5,5,5,5,5,61,0,4,3.8161118706634847,2.624668995849788,5.858832009835169,180.85245901639345
1781653969,10,POST,/posts,1.100000,0.000000,5,5,6,6,8,8,8,8,8,8,8,97,0,5,4.864019544893568,3.5671899968292564,15.407132974360138,228.4742268041237
1781653969,10,GET,/timeline/{user_id},12.600000,0.000000,3,3,3,4,4,4,150,210,280,280,280,888,0,3,17.584000404239557,2.049842005362734,589.3936710199341,6611.823198198198
1781653969,10,GET,/users/{user_id},5.100000,0.000000,3,3,3,3,3,6,6,15,15,15,15,360,0,3,3.1221683470195987,1.728849980281666,41.8606839957647,266.3222222222222
1781653969,10,,Aggregated,46.800000,0.000000,3,3,3,4,4,10,210,370,410,410,410,3540,0,3,11.70626923337968,1.728849980281666,755.7401439989917,7218.459322033898
1781653970,10,GET,/feed/{user_id},19.600000,0.000000,3,3,3,4,4,6,11,12,15,15,15,1487,0,3,3.5587005731280175,2.0297390001360327,81.67153899557889,8134.010759919301
1781653970,10,GET,/feed/{user_id}?with_fof=true,8.000000,0.000000,3,3,3,3,4,320,370,410,410,410,410,676,0,3,27.810886458739343,2.148539002519101,755.7401439989917,11418.10798816568
1781653970,10,POST,/likes,0.900000,0.000000,4,4,4,4,5,5,5,5,5,5,5,62,0,4,3.8123653728454823,2.624668995849788,5.858832009835169,180.83870967741936
1781653970,10,POST,/posts,1.000000,0.000000,4,5,6,6,8,8,8,8,8,8,8,100,0,5,4.844600968644954,3.5671899968292564,15.407132974360138,228.47
1781653970,10,GET,/timeline/{user_id},12.400000,0.000000,3,3,3,4,4,4,140,150,210,210,210,899,0,3,17.404926120064268,2.049842005362734,589.3936710199341,6619.967741935484
1781653970,10,GET,/users/{user_id},5.000000,0.000000,3,3,3,3,3,4,6,6,6,6,6,363,0,3,3.1166134047618304,1.728849980281666,41.8606839957647,266.3112947658402
1781653970,10,,Aggregated,46.900000,0.000000,3,3,3,4,4,5,12,210,410,410,410,3587,0,3,11.594963199385669,1.728849980281666,755.7401439989917,7219.402286032897
1781653971,10,GET,/feed/{user_id},19.700000,0.000000,3,3,3,3,4,5,11,12,15,15,15,1512,0,3,3.549462122502817,2.0297390001360327,81.67153899557889,8131.4212962962965
1781653971,10,GET,/feed/{user_id}?with_fof=true,8.300000,0.000000,3,3,3,3,4,320,370,410,410,410,410,685,0,3,27.92908120891895,2.148539002519101,755.7401439989917,11419.356204379563
1781653971,10,POST,/likes,0.900000,0.000000,4,4,4,4,5,5,5,5,5,5,5,63,0,4,3.812333509799034,2.624668995849788,5.858832009835169,180.82539682539684
1781653971,10,POST,/posts,0.800000,0.000000,4,5,5,5,6,8,8,8,8,8,8,103,0,5,4.828757717210836,3.5671899968292564,15.407132974360138,228.4757281553398
1781653971,10,GET,/timeline/{user_id},12.500000,0.000000,3,3,3,4,4,4,150,190,210,210,210,913,0,3,17.387862871830716,2.049842005362734,589.3936710199341,6621.308871851041
1781653971,10,GET,/users/{user_id},5.400000,0.000000,3,3,3,3,3,4,6,6,6,6,6,363,0,3,3.1166134047618304,1.728849980281666,41.8606839957647,266.3112947658402
1781653971,10,,Aggregated,47.600000,0.000000,3,3,3,4,4,5,140,310,410,410,410,3639,0,3,11.608187931089251,1.728849980281666,755.7401439989917,7225.56169277274
1781653972,10,GET,/feed/{user_id},20.300000,0.000000,3,3,3,3,4,5,7,11,12,12,12,1527,0,3,3.5464968141985627,2.0297390001360327,81.67153899557889,8135.722331368696
1781653972,10,GET,/feed/{user_id}?with_fof=true,8.000000,0.000000,3,3,3,4,4,310,370,410,410,410,410,693,0,3,27.645416140087985,2.148539002519101,755.7401439989917,11422.215007215007
1781653972,10,POST,/likes,0.900000,0.000000,4,4,4,4,4,5,5,5,5,5,5,65,0,4,3.8028305866576444,2.624668995849788,5.858832009835169,180.83076923076922
1781653972,10,POST,/posts,0.900000,0.000000,4,5,5,5,6,8,8,8,8,8,8,104,0,5,4.832458325556497,3.5671899968292564,15.407132974360138,228.46153846153845
1781653972,10,GET,/timeline/{user_id},12.300000,0.000000,3,3,3,3,4,4,150,190,210,210,210,927,0,3,17.167508837107885,2.049842005362734,589.3936710199341,6621.326860841424
1781653972,10,GET,/users/{user_id},5.400000,0.000000,3,3,3,3,3,4,6,6,6,6,6,370,0,3,3.107578759207516,1.728849980281666,41.8606839957647,266.3324324324324
1781653972,10,,Aggregated,47.800000,0.000000,3,3,3,4,4,5,11,210,410,410,410,3686,0,3,11.499625205441832,1.728849980281666,755.7401439989917,7219.443841562669
1781653973,10,GET,/feed/{user_id},21.000000,0.000000,3,3,3,3,4,4,6,11,11,11,11,1543,0,3,3.5392586987967194,2.0297390001360327,81.67153899557889,8135.47699287103
1781653973,10,GET,/feed/{user_id}?with_fof=true,7.800000,0.000000,3,3,3,4,4,4,320,370,370,370,370,703,0,3,27.295071365719775,2.148539002519101,755.7401439989917,11423.732574679943
1781653973,10,POST,/likes,0.900000,0.000000,4,4,4,4,4,5,5,5,5,5,5,68,0,4,3.7815850754508147,2.624668995849788,5.858832009835169,180.7941176470588
1781653973,10,POST,/posts,1.000000,0.000000,4,5,5,5,5,6,6,6,6,6,6,106,0,5,4.828984762941715,3.5671899968292564,15.407132974360138,228.46226415094338
1781653973,10,GET,/timeline/{user_id},12.500000,0.000000,3,3,3,3,4,4,150,190,210,210,210,940,0,3,16.972749173378652,2.049842005362734,589.3936710199341,6638.284042553191
1781653973,10,GET,/users/{user_id},5.000000,0.000000,3,3,3,3,3,4,6,6,6,6,6,375,0,3,3.1008044610110423,1.728849980281666,41.8606839957647,266.3226666666667
1781653973,10,,Aggregated,48.200000,0.000000,3,3,3,4,4,5,11,190,370,370,370,3735,0,3,11.388411622008539,1.728849980281666,755.7401439989917,7218.284872824632
1781653974,10,GET,/feed/{user_id},20.900000,0.000000,3,3,3,3,4,4,6,7,11,11,11,1565,0,3,3.533779478709276,2.0297390001360327,81.67153899557889,8137.6511182108625
1781653974,10,GET,/feed/{user_id}?with_fof=true,7.800000,0.000000,3,3,3,4,4,310,370,460,460,460,460,708,0,3,27.773854387187434,2.148539002519101,755.7401439989917,11422.43220338983
1781653974,10,POST,/likes,1.000000,0.000000,4,4,4,4,4,4,4,4,4,4,4,69,0,4,3.780895204661225,2.624668995849788,5.858832009835169,180.7826086956522
1781653974,10,POST,/posts,1.100000,0.000000,4,5,5,5,5,6,6,6,6,6,6,108,0,5,4.8197372948548205,3.5671899968292564,15.407132974360138,228.46296296296296
1781653974,10,GET,/timeline/{user_id},13.000000,0.000000,3,3,3,3,4,4,190,200,210,210,210,949,0,3,17.04874936879752,2.049842005362734,589.3936710199341,6631.775553213909
1781653974,10,GET,/users/{user_id},5.000000,0.000000,3,3,3,3,3,4,4,4,4,4,4,380,0,3,3.101520465478595,1.728849980281666,41.8606839957647,266.3236842105263
1781653974,10,,Aggregated,48.800000,0.000000,3,3,3,4,4,4,11,210,460,460,460,3779,0,3,11.466924613692877,1.728849980281666,755.7401439989917,7212.069859751257
1781653975,10,GET,/feed/{user_id},20.000000,0.000000,3,3,3,3,4,4,6,7,11,11,11,1589,0,3,3.5246595343561107,2.0297390001360327,81.67153899557889,8133.911264946507
1781653975,10,GET,/feed/{user_id}?with_fof=true,8.000000,0.000000,3,3,3,4,4,310,370,460,460,460,460,717,0,3,27.976104125706545,2.148539002519101,755.7401439989917,11419.993026499302
1781653975,10,POST,/likes,1.200000,0.000000,4,4,4,4,4,4,4,4,4,4,4,69,0,4,3.780895204661225,2.624668995849788,5.858832009835169,180.7826086956522
1781653975,10,POST,/posts,1.300000,0.000000,4,5,5,5,5,5,5,5,5,5,5,109,0,5,4.808896769120127,3.5671899968292564,15.407132974360138,228.4678899082569
1781653975,10,GET,/timeline/{user_id},13.900000,0.000000,3,3,3,3,4,4,190,200,210,210,210,961,0,3,16.870330650413663,2.049842005362734,589.3936710199341,6640.6992715920915
1781653975,10,GET,/users/{user_id},5.000000,0.000000,3,3,3,3,3,4,4,4,4,4,4,387,0,3,3.094485878251921,1.728849980281666,41.8606839957647,266.3565891472868
1781653975,10,,Aggregated,49.400000,0.000000,3,3,3,4,4,4,11,210,460,460,460,3832,0,3,11.44429957335861,1.728849980281666,755.7401439989917,7211.662056367432
1781653976,10,GET,/feed/{user_id},20.200000,0.000000,3,3,3,3,4,4,5,6,7,7,7,1608,0,3,3.5186074987973033,2.0297390001360327,81.67153899557889,8122.680970149254
1781653976,10,GET,/feed/{user_id}?with_fof=true,7.800000,0.000000,3,3,3,4,4,5,370,460,460,460,460,727,0,3,27.6366331858914,2.148539002519101,755.7401439989917,11421.221458046768
1781653976,10,POST,/likes,1.400000,0.000000,4,4,4,4,4,4,4,4,4,4,4,71,0,4,3.774006819044253,2.624668995849788,5.858832009835169,180.74647887323943
1781653976,10,POST,/posts,1.300000,0.000000,4,4,5,5,5,5,5,5,5,5,5,110,0,5,4.803131289504976,3.5671899968292564,15.407132974360138,228.47272727272727
1781653976,10,GET,/timeline/{user_id},13.200000,0.000000,3,3,3,3,4,4,190,200,210,210,210,971,0,3,16.728963510909747,2.049842005362734,589.3936710199341,6622.531410916581
1781653976,10,GET,/users/{user_id},4.800000,0.000000,3,3,3,3,3,4,4,4,4,4,4,394,0,3,3.090602652019665,1.728849980281666,41.8606839957647,266.34517766497464
1781653976,10,,Aggregated,48.700000,0.000000,3,3,3,4,4,4,5,200,460,460,460,3881,0,3,11.339235538313815,1.728849980281666,755.7401439989917,7198.629734604483
1781653977,10,GET,/feed/{user_id},20.000000,0.000000,3,3,3,4,4,4,5,7,12,12,12,1621,0,3,3.522587408435765,2.0297390001360327,81.67153899557889,8118.511412708205
1781653977,10,GET,/feed/{user_id}?with_fof=true,8.000000,0.000000,3,3,4,4,4,4,370,460,460,460,460,741,0,3,27.175531695229562,2.148539002519101,755.7401439989917,11423.442645074225
1781653977,10,POST,/likes,1.300000,0.000000,4,4,4,4,4,4,4,4,4,4,4,73,0,4,3.785568303412643,2.624668995849788,5.858832009835169,180.75342465753425
1781653977,10,POST,/posts,1.600000,0.000000,4,4,5,5,5,5,5,5,5,5,5,110,0,5,4.803131289504976,3.5671899968292564,15.407132974360138,228.47272727272727
1781653977,10,GET,/timeline/{user_id},12.600000,0.000000,3,3,3,3,4,12,210,260,270,270,270,984,0,3,17.29940606209703,2.049842005362734,589.3936710199341,6602.753048780488
1781653977,10,GET,/users/{user_id},4.900000,0.000000,3,3,3,3,3,4,4,4,4,4,4,396,0,3,3.088290941671614,1.728849980281666,41.8606839957647,266.3510101010101
1781653977,10,,Aggregated,48.400000,0.000000,3,3,3,4,4,4,12,260,460,460,460,3925,0,3,11.43884149840499,1.728849980281666,755.7401439989917,7201.474904458599
1781653978,10,GET,/feed/{user_id},19.700000,0.000000,3,3,3,4,4,4,5,7,12,12,12,1641,0,3,3.518864416885079,2.0297390001360327,81.67153899557889,8124.3126142595975
1781653978,10,GET,/feed/{user_id}?with_fof=true,8.400000,0.000000,3,3,4,4,4,4,370,460,460,460,460,748,0,3,26.951246763578613,2.148539002519101,755.7401439989917,11424.04679144385
1781653978,10,POST,/likes,1.400000,0.000000,4,4,4,4,4,4,4,4,4,4,4,74,0,4,3.780990407559895,2.624668995849788,5.858832009835169,180.74324324324326
1781653978,10,POST,/posts,1.500000,0.000000,4,4,5,5,5,5,5,5,5,5,5,111,0,5,4.7995947644341035,3.5671899968292564,15.407132974360138,228.46846846846847
1781653978,10,GET,/timeline/{user_id},12.600000,0.000000,3,3,3,3,4,190,210,260,270,270,270,1001,0,3,17.253658667419128,2.049842005362734,589.3936710199341,6607.3466533466535
1781653978,10,GET,/users/{user_id},5.200000,0.000000,3,3,3,3,3,4,4,4,4,4,4,398,0,3,3.086852708283868,1.728849980281666,41.8606839957647,266.35175879396985
1781653978,10,,Aggregated,48.800000,0.000000,3,3,3,4,4,4,190,260,460,460,460,3973,0,3,11.388375811794704,1.728849980281666,755.7401439989917,7207.621696451045
1781653979,10,GET,/feed/{user_id},19.500000,0.000000,3,3,3,4,4,4,4,5,12,12,12,1665,0,3,3.5155259874228433,2.0297390001360327,81.67153899557889,8121.023423423423
1781653979,10,GET,/feed/{user_id}?with_fof=true,8.900000,0.000000,3,3,4,4,4,4,370,460,460,460,460,758,0,3,26.637315277204024,2.148539002519101,755.7401439989917,11426.423482849605
1781653979,10,POST,/likes,1.500000,0.000000,4,4,4,4,4,4,4,4,4,4,4,74,0,4,3.780990407559895,2.624668995849788,5.858832009835169,180.74324324324326
1781653979,10,POST,/posts,1.400000,0.000000,4,4,5,5,5,5,5,5,5,5,5,112,0,5,4.796119516478419,3.5671899968292564,15.407132974360138,228.47321428571428
1781653979,10,GET,/timeline/{user_id},12.300000,0.000000,3,3,3,3,4,190,210,260,270,270,270,1010,0,3,17.12433997536479,2.049842005362734,589.3936710199341,6602.49702970297
1781653979,10,GET,/users/{user_id},4.800000,0.000000,3,3,3,3,3,4,4,4,4,4,4,403,0,3,3.0800748086955037,1.728849980281666,41.8606839957647,266.3498759305211
1781653979,10,,Aggregated,48.400000,0.000000,3,3,3,4,4,4,190,260,460,460,460,4022,0,3,11.287480842418555,1.728849980281666,755.7401439989917,7209.735952262556
1781653980,10,GET,/feed/{user_id},19.300000,0.000000,3,3,3,4,4,4,4,5,12,12,12,1684,0,3,3.510623350401432,2.0297390001360327,81.67153899557889,8125.339073634204
1781653980,10,GET,/feed/{user_id}?with_fof=true,9.100000,0.000000,3,3,4,4,4,4,370,460,460,460,460,767,0,3,26.36040250863789,2.148539002519101,755.7401439989917,11424.720990873533
1781653980,10,POST,/likes,1.200000,0.000000,4,4,4,4,4,4,4,4,4,4,4,75,0,4,3.771852108572299,2.624668995849788,5.858832009835169,180.72
1781653980,10,POST,/posts,1.400000,0.000000,4,5,5,5,5,5,5,5,5,5,5,116,0,5,4.783260438326296,3.5671899968292564,15.407132974360138,228.4655172413793
1781653980,10,GET,/timeline/{user_id},12.700000,0.000000,3,3,3,3,4,12,210,260,270,270,270,1021,0,3,16.97236543696193,2.049842005362734,589.3936710199341,6600.596474045054
1781653980,10,GET,/users/{user_id},4.600000,0.000000,3,3,3,3,4,4,14,14,14,14,14,408,0,3,3.1062523502281265,1.728849980281666,41.8606839957647,266.3578431372549
1781653980,10,,Aggregated,48.300000,0.000000,3,3,4,4,4,4,12,210,460,460,460,4071,0,3,11.1923855650261,1.728849980281666,755.7401439989917,7205.544338000492
1781653981,10,GET,/feed/{user_id},19.900000,0.000000,3,3,3,4,4,4,4,5,12,12,12,1700,0,3,3.5067536041606218,2.0297390001360327,81.67153899557889,8116.466470588235
1781653981,10,GET,/feed/{user_id}?with_fof=true,8.900000,0.000000,3,3,4,4,4,4,370,460,460,460,460,775,0,3,26.11989095247531,2.148539002519101,755.7401439989917,11425.365161290323
1781653981,10,POST,/likes,1.300000,0.000000,4,4,4,4,4,4,4,4,4,4,4,76,0,4,3.7582921730446337,2.624668995849788,5.858832009835169,180.72368421052633
1781653981,10,POST,/posts,1.500000,0.000000,4,4,4,5,5,5,5,5,5,5,5,117,0,5,4.780072973081921,3.5671899968292564,15.407132974360138,228.47008547008548
1781653981,10,GET,/timeline/{user_id},12.300000,0.000000,3,3,3,3,4,34,210,260,270,270,270,1035,0,3,16.81310141558651,2.049842005362734,589.3936710199341,6606.72077294686
1781653981,10,GET,/users/{user_id},4.400000,0.000000,3,3,3,3,4,4,14,14,14,14,14,418,0,3,3.0988809279011313,1.728849980281666,41.8606839957647,266.35406698564594
1781653981,10,,Aggregated,48.300000,0.000000,3,3,3,4,4,4,14,210,460,460,460,4121,0,3,11.100749223789883,1.728849980281666,755.7401439989917,7193.013588934725
1781653982,10,GET,/feed/{user_id},19.800000,0.000000,3,3,3,4,4,4,4,5,12,12,12,1721,0,3,3.501068675732413,2.0297390001360327,81.67153899557889,8109.311446833237
1781653982,10,GET,/feed/{user_id}?with_fof=true,9.200000,0.000000,3,3,4,4,4,4,370,460,460,460,460,792,0,3,25.625982690925035,2.148539002519101,755.7401439989917,11425.992424242424
1781653982,10,POST,/likes,1.200000,0.000000,3,4,4,4,4,4,4,4,4,4,4,78,0,4,3.754534181028318,2.624668995849788,5.858832009835169,180.7051282051282
1781653982,10,POST,/posts,1.600000,0.000000,4,4,5,5,5,5,5,5,5,5,5,118,0,5,4.7790459902282265,3.5671899968292564,15.407132974360138,228.47457627118644
1781653982,10,GET,/timeline/{user_id},12.000000,0.000000,3,3,3,3,4,34,210,260,270,270,270,1039,0,3,16.760262811495505,2.049842005362734,589.3936710199341,6607.077959576516
1781653982,10,GET,/users/{user_id},4.300000,0.000000,3,3,3,3,4,4,14,14,14,14,14,422,0,3,3.0975210139973717,1.728849980281666,41.8606839957647,266.3696682464455
1781653982,10,,Aggregated,48.100000,0.000000,3,3,3,4,4,4,14,210,460,460,460,4170,0,3,11.006946164068578,1.728849980281666,755.7401439989917,7199.934772182254
1781653983,10,GET,/feed/{user_id},19.000000,0.000000,3,3,3,4,4,4,5,10,12,12,12,1740,0,3,3.50153415166805,1.986375980777666,81.67153899557889,8100.378735632184
1781653983,10,GET,/feed/{user_id}?with_fof=true,9.100000,0.000000,3,3,3,4,4,4,5,370,370,370,370,802,0,3,25.34487894789938,2.148539002519101,755.7401439989917,11428.75187032419
1781653983,10,POST,/likes,1.300000,0.000000,3,4,4,4,4,4,4,4,4,4,4,78,0,4,3.754534181028318,2.624668995849788,5.858832009835169,180.7051282051282
1781653983,10,POST,/posts,1.500000,0.000000,4,4,4,4,5,5,5,5,5,5,5,119,0,5,4.769308494497873,3.5671899968292564,15.407132974360138,228.47058823529412
1781653983,10,GET,/timeline/{user_id},12.100000,0.000000,3,3,3,3,4,12,210,260,270,270,270,1049,0,3,16.628746237481295,2.049842005362734,589.3936710199341,6610.126787416587
1781653983,10,GET,/users/{user_id},5.400000,0.000000,3,3,3,3,4,4,4,14,14,14,14,430,0,3,3.0937660020521602,1.728849980281666,41.8606839957647,266.3860465116279
1781653983,10,,Aggregated,48.400000,0.000000,3,3,3,4,4,4,12,200,370,370,370,4218,0,3,10.91833520651576,1.728849980281666,755.7401439989917,7195.4409672830725
1781653984,10,GET,/feed/{user_id},19.100000,0.000000,3,3,3,4,4,4,5,10,12,12,12,1752,0,3,3.497545200831429,1.986375980777666,81.67153899557889,8086.353881278539
1781653984,10,GET,/feed/{user_id}?with_fof=true,9.400000,0.000000,3,3,3,4,4,4,5,5,5,5,5,811,0,3,25.103671243091306,2.148539002519101,755.7401439989917,11428.384710234279
1781653984,10,POST,/likes,1.400000,0.000000,4,4,4,4,4,4,4,4,4,4,4,79,0,4,3.753769887858837,2.624668995849788,5.858832009835169,180.69620253164558
1781653984,10,POST,/posts,1.400000,0.000000,4,4,4,5,5,5,5,5,5,5,5,124,0,4,4.751322942367199,3.5671899968292564,15.407132974360138,228.45967741935485
1781653984,10,GET,/timeline/{user_id},11.400000,0.000000,3,3,3,3,4,12,210,260,270,270,270,1060,0,3,16.4859538840488,2.049842005362734,589.3936710199341,6604.133018867925
1781653984,10,GET,/users/{user_id},5.300000,0.000000,3,3,3,3,4,4,14,14,14,14,14,436,0,3,3.0890207795357894,1.728849980281666,41.8606839957647,266.3830275229358
1781653984,10,,Aggregated,48.000000,0.000000,3,3,3,4,4,4,10,34,270,270,270,4262,0,3,10.838670251752095,1.728849980281666,755.7401439989917,7178.517128108869
1781653985,10,GET,/feed/{user_id},19.500000,0.000000,3,3,4,4,4,4,5,10,12,12,12,1765,0,3,3.494156231109723,1.986375980777666,81.67153899557889,8083.237393767706
1781653985,10,GET,/feed/{user_id}?with_fof=true,10.000000,0.000000,3,3,3,4,4,5,400,400,400,400,400,822,0,3,25.78088427016312,2.148539002519101,755.7401439989917,11428.598540145986
1781653985,10,POST,/likes,1.100000,0.000000,4,4,4,4,4,4,4,4,4,4,4,80,0,4,3.756653126765741,2.624668995849788,5.858832009835169,180.7
1781653985,10,POST,/posts,1.300000,0.000000,4,4,4,4,5,5,5,5,5,5,5,125,0,4,4.745330086676404,3.5671899968292564,15.407132974360138,228.448
1781653985,10,GET,/timeline/{user_id},10.600000,0.000000,3,3,3,3,4,34,210,260,270,270,270,1072,0,3,16.52489829393744,2.049842005362734,589.3936710199341,6602.2789179104475
1781653985,10,GET,/users/{user_id},5.400000,0.000000,3,3,3,3,4,4,14,14,14,14,14,443,0,3,3.088432309045887,1.728849980281666,41.8606839957647,266.372460496614
1781653985,10,,Aggregated,47.900000,0.000000,3,3,4,4,4,5,14,210,400,400,400,4307,0,3,10.990396473872027,1.728849980281666,755.7401439989917,7174.339447411191
1781653986,10,GET,/feed/{user_id},18.800000,0.000000,3,3,3,4,4,4,4,5,10,10,10,1784,0,3,3.4904146613546643,1.986375980777666,81.67153899557889,8079.120515695067
1781653986,10,GET,/feed/{user_id}?with_fof=true,10.200000,0.000000,3,3,3,4,4,5,400,400,400,400,400,828,0,3,25.61647386362119,2.148539002519101,755.7401439989917,11430.054347826086
1781653986,10,POST,/likes,1.000000,0.000000,4,4,4,4,4,4,4,4,4,4,4,82,0,4,3.748586709418039,2.624668995849788,5.858832009835169,180.6829268292683
1781653986,10,POST,/posts,1.700000,0.000000,4,4,4,4,5,5,5,5,5,5,5,126,0,4,4.742543046299871,3.5671899968292564,15.407132974360138,228.44444444444446
1781653986,10,GET,/timeline/{user_id},11.200000,0.000000,3,3,3,3,4,4,34,200,200,200,200,1085,0,3,16.365678338435895,2.049842005362734,589.3936710199341,6609.930875576037
1781653986,10,GET,/users/{user_id},5.400000,0.000000,3,3,3,3,4,4,5,14,14,14,14,451,0,3,3.0846782703032125,1.728849980281666,41.8606839957647,266.34811529933484
1781653986,10,,Aggregated,48.300000,0.000000,3,3,3,4,4,4,7,34,400,400,400,4356,0,3,10.902257930682008,1.728849980281666,755.7401439989917,7165.457759412305
1781653987,10,GET,/feed/{user_id},17.800000,0.000000,3,3,3,4,4,4,4,5,10,10,10,1802,0,3,3.4863060049020884,1.986375980777666,81.67153899557889,8067.544950055494
1781653987,10,GET,/feed/{user_id}?with_fof=true,10.600000,0.000000,3,3,4,4,4,5,400,400,400,400,400,839,0,3,25.324836250392362,2.148539002519101,755.7401439989917,11431.281287246722
1781653987,10,POST,/likes,1.100000,0.000000,4,4,4,4,4,4,4,4,4,4,4,84,0,4,3.7511923118949024,2.624668995849788,5.858832009835169,180.70238095238096
1781653987,10,POST,/posts,1.600000,0.000000,4,4,5,5,5,5,5,5,5,5,5,129,0,4,4.738028037367215,3.5671899968292564,15.407132974360138,228.4418604651163
1781653987,10,GET,/timeline/{user_id},11.200000,0.000000,3,3,3,3,4,4,34,200,200,200,200,1097,0,3,16.22069628633102,2.049842005362734,589.3936710199341,6592.96353691887
1781653987,10,GET,/users/{user_id},5.400000,0.000000,3,3,3,3,4,4,5,14,14,14,14,456,0,3,3.083741767337064,1.728849980281666,41.8606839957647,266.3311403508772
1781653987,10,,Aggregated,47.700000,0.000000,3,3,3,4,4,4,5,14,400,400,400,4407,0,3,10.81380913953781,1.728849980281666,755.7401439989917,7153.877240753347
1781653988,10,GET,/feed/{user_id},17.600000,0.000000,3,3,3,4,4,4,4,5,10,10,10,1817,0,3,3.4830602018603924,1.986375980777666,81.67153899557889,8064.211887727022
1781653988,10,GET,/feed/{user_id}?with_fof=true,10.100000,0.000000,3,3,3,4,4,5,400,400,400,400,400,855,0,3,24.917925237466946,2.148539002519101,755.7401439989917,11433.183625730993
1781653988,10,POST,/likes,1.000000,0.000000,4,4,4,4,4,4,4,4,4,4,4,84,0,4,3.7511923118949024,2.624668995849788,5.858832009835169,180.70238095238096
1781653988,10,POST,/posts,1.600000,0.000000,4,4,5,5,5,5,5,5,5,5,5,134,0,4,4.716350416585094,3.5671899968292564,15.407132974360138,228.46268656716418
1781653988,10,GET,/timeline/{user_id},11.400000,0.000000,3,3,3,3,4,4,34,200,200,200,200,1108,0,3,16.090119047039348,2.049842005362734,589.3936710199341,6591.93321299639
1781653988,10,GET,/users/{user_id},5.700000,0.000000,3,3,3,3,4,4,5,14,14,14,14,461,0,3,3.0806152384380714,1.728849980281666,41.8606839957647,266.32104121475055
1781653988,10,,Aggregated,47.400000,0.000000,3,3,4,4,4,4,7,14,400,400,400,4459,0,3,10.726318256083358,1.728849980281666,755.7401439989917,7154.1767212379455
1781653989,10,GET,/feed/{user_id},18.000000,0.000000,3,3,3,4,4,4,4,5,10,10,10,1836,0,3,3.4797846295004446,1.986375980777666,81.67153899557889,8070.312091503268
1781653989,10,GET,/feed/{user_id}?with_fof=true,10.200000,0.000000,3,3,4,4,4,12,400,400,400,400,400,862,0,3,25.172460582338246,2.148539002519101,755.7401439989917,11431.839907192576
1781653989,10,POST,/likes,1.100000,0.000000,4,4,4,4,4,4,4,4,4,4,4,84,0,4,3.7511923118949024,2.624668995849788,5.858832009835169,180.70238095238096
1781653989,10,POST,/posts,1.900000,0.000000,4,4,5,5,5,5,5,5,5,5,5,136,0,4,4.714889630978338,3.5671899968292564,15.407132974360138,228.47058823529412
1781653989,10,GET,/timeline/{user_id},11.000000,0.000000,3,3,3,3,4,4,7,34,200,200,200,1121,0,3,15.93900776641023,2.049842005362734,589.3936710199341,6587.977698483497
1781653989,10,GET,/users/{user_id},6.000000,0.000000,3,3,3,3,4,4,5,14,14,14,14,466,0,3,3.0786121307693364,1.728849980281666,41.8606839957647,266.31115879828326
1781653989,10,,Aggregated,48.200000,0.000000,3,3,4,4,4,5,10,34,400,400,400,4505,0,3,10.73166075579023,1.728849980281666,755.7401439989917,7153.565815760267
1781653990,10,GET,/feed/{user_id},17.700000,0.000000,3,3,3,4,4,4,5,9,10,10,10,1856,0,3,3.4807767687166704,1.986375980777666,81.67153899557889,8070.619073275862
1781653990,10,GET,/feed/{user_id}?with_fof=true,10.600000,0.000000,3,3,4,4,4,12,400,400,400,400,400,869,0,3,24.997600754909165,2.148539002519101,755.7401439989917,11433.33831990794
1781653990,10,POST,/likes,1.100000,0.000000,4,4,4,4,4,4,4,4,4,4,4,85,0,4,3.7482412730562773,2.624668995849788,5.858832009835169,180.6705882352941
1781653990,10,POST,/posts,2.100000,0.000000,4,5,5,5,5,5,5,5,5,5,5,137,0,4,4.716113319766647,3.5671899968292564,15.407132974360138,228.46715328467153
1781653990,10,GET,/timeline/{user_id},10.500000,0.000000,3,3,3,3,4,4,7,180,200,200,200,1132,0,3,15.966821971875754,2.049842005362734,589.3936710199341,6588.840989399293
1781653990,10,GET,/users/{user_id},6.400000,0.000000,3,3,3,3,4,4,5,5,5,5,5,474,0,3,3.077304780577557,1.728849980281666,41.8606839957647,266.295358649789
1781653990,10,,Aggregated,48.400000,0.000000,3,3,4,4,4,5,10,180,400,400,400,4553,0,3,10.692077687223618,1.728849980281666,755.7401439989917,7148.273446079508
1781653991,10,GET,/feed/{user_id},17.100000,0.000000,3,3,3,4,4,4,5,9,10,10,10,1875,0,3,3.477567917201668,1.986375980777666,81.67153899557889,8074.536
1781653991,10,GET,/feed/{user_id}?with_fof=true,10.600000,0.000000,3,3,4,4,5,12,400,400,400,400,400,876,0,3,24.824632688416976,2.148539002519101,755.7401439989917,11433.831050228311
1781653991,10,POST,/likes,1.000000,0.000000,4,4,4,4,4,4,4,4,4,4,4,86,0,4,3.744986083908115,2.624668995849788,5.858832009835169,180.67441860465115
1781653991,10,POST,/posts,2.200000,0.000000,4,4,5,5,5,5,5,5,5,5,5,137,0,4,4.716113319766647,3.5671899968292564,15.407132974360138,228.46715328467153
1781653991,10,GET,/timeline/{user_id},10.800000,0.000000,3,3,3,3,4,4,7,180,200,200,200,1147,0,3,15.798269904201563,2.049842005362734,589.3936710199341,6588.566695727986
1781653991,10,GET,/users/{user_id},6.300000,0.000000,3,3,3,3,4,4,5,5,5,5,5,478,0,3,3.0721987886977806,1.728849980281666,41.8606839957647,266.2573221757322
1781653991,10,,Aggregated,48.000000,0.000000,3,3,4,4,4,5,10,180,400,400,400,4599,0,3,10.616247229603665,1.728849980281666,755.7401439989917,7150.8993259404215
1781653992,10,GET,/feed/{user_id},17.200000,0.000000,3,3,3,4,4,4,5,8,9,9,9,1902,0,3,3.4718538021217573,1.986375980777666,81.67153899557889,8074.109884332282
1781653992,10,GET,/feed/{user_id}?with_fof=true,10.000000,0.000000,3,4,4,4,10,360,400,400,400,400,400,879,0,3,25.511320595054986,2.148539002519101,755.7401439989917,11433.806598407282
1781653992,10,POST,/likes,1.000000,0.000000,4,4,4,4,4,4,4,4,4,4,4,87,0,4,3.748509807086646,2.624668995849788,5.858832009835169,180.6551724137931
1781653992,10,POST,/posts,2.000000,0.000000,4,5,5,5,5,5,5,5,5,5,5,139,0,4,4.712220833079032,3.5671899968292564,15.407132974360138,228.4748201438849
1781653992,10,GET,/timeline/{user_id},11.200000,0.000000,3,3,3,3,4,4,7,180,200,200,200,1157,0,3,15.688645751177283,2.049842005362734,589.3936710199341,6591.00172860847
1781653992,10,GET,/users/{user_id},6.700000,0.000000,3,3,3,3,4,4,5,5,5,5,5,486,0,3,3.0651852139271796,1.728849980281666,41.8606839957647,266.25925925925924
1781653992,10,,Aggregated,48.100000,0.000000,3,3,4,4,4,5,12,310,400,400,400,4650,0,3,10.677522350921326,1.728849980281666,755.7401439989917,7141.9223655913975
1781653993,10,GET,/feed/{user_id},17.500000,0.000000,3,3,3,4,4,4,5,8,9,9,9,1916,0,3,3.4689275207274326,1.986375980777666,81.67153899557889,8071.337682672234
1781653993,10,GET,/feed/{user_id}?with_fof=true,10.100000,0.000000,3,3,4,4,5,310,400,400,400,400,400,896,0,3,25.086243675299816,2.148539002519101,755.7401439989917,11430.642857142857
1781653993,10,POST,/likes,1.000000,0.000000,4,4,4,4,4,4,4,4,4,4,4,88,0,4,3.745667661529627,2.624668995849788,5.858832009835169,180.67045454545453
1781653993,10,POST,/posts,2.000000,0.000000,4,5,5,5,5,5,5,5,5,5,5,139,0,4,4.712220833079032,3.5671899968292564,15.407132974360138,228.4748201438849
1781653993,10,GET,/timeline/{user_id},11.400000,0.000000,3,3,3,3,4,4,7,180,200,200,200,1171,0,3,15.536318789986833,2.049842005362734,589.3936710199341,6600.573868488472
1781653993,10,GET,/users/{user_id},6.100000,0.000000,3,3,3,3,4,4,5,5,5,5,5,492,0,3,3.0581739795492675,1.728849980281666,41.8606839957647,266.2317073170732
1781653993,10,,Aggregated,48.100000,0.000000,3,3,4,4,4,5,12,310,400,400,400,4702,0,3,10.59251548570987,1.728849980281666,755.7401439989917,7148.969374734155
1781653994,10,GET,/feed/{user_id},17.900000,0.000000,3,3,3,4,4,4,5,9,10,10,10,1941,0,3,3.4677214006741477,1.986375980777666,81.67153899557889,8077.54714064915
1781653994,10,GET,/feed/{user_id}?with_fof=true,9.100000,0.000000,3,3,4,4,4,10,360,370,370,370,370,908,0,3,24.796186250020106,2.148539002519101,755.7401439989917,11429.378854625551
1781653994,10,POST,/likes,0.900000,0.000000,4,4,4,4,5,5,5,5,5,5,5,89,0,4,3.7652581709102213,2.624668995849788,5.858832009835169,180.68539325842696
1781653994,10,POST,/posts,2.000000,0.000000,4,5,5,5,5,5,5,5,5,5,5,139,0,4,4.712220833079032,3.5671899968292564,15.407132974360138,228.4748201438849
1781653994,10,GET,/timeline/{user_id},11.700000,0.000000,3,3,3,4,4,4,180,200,200,200,200,1179,0,3,15.622208689636077,2.049842005362734,589.3936710199341,6594.2162849872775
1781653994,10,GET,/users/{user_id},6.400000,0.000000,3,3,3,3,4,4,5,5,5,5,5,493,0,3,3.05722478280575,1.728849980281666,41.8606839957647,266.21703853955376
1781653994,10,,Aggregated,48.000000,0.000000,3,3,4,4,4,5,9,200,370,370,370,4749,0,3,10.562578835489564,1.728849980281666,755.7401439989917,7161.520320067382
1781653995,10,GET,/feed/{user_id},17.700000,0.000000,3,3,3,3,4,4,5,9,10,10,10,1960,0,3,3.462421289114733,1.986375980777666,81.67153899557889,8073.3969387755105
1781653995,10,GET,/feed/{user_id}?with_fof=true,8.800000,0.000000,3,3,4,4,4,10,360,370,370,370,370,914,0,3,24.653192640053458,2.148539002519101,755.7401439989917,11429.657549234136
1781653995,10,POST,/likes,1.000000,0.000000,4,4,4,4,5,5,5,5,5,5,5,90,0,4,3.763494546809751,2.624668995849788,5.858832009835169,180.6888888888889
1781653995,10,POST,/posts,2.000000,0.000000,4,5,5,5,5,6,6,6,6,6,6,143,0,4,4.70835024346858,3.5671899968292564,15.407132974360138,228.4825174825175
1781653995,10,GET,/timeline/{user_id},12.600000,0.000000,3,3,3,3,4,4,4,180,200,200,200,1196,0,3,15.441441491680736,2.049842005362734,589.3936710199341,6596.605351170569
1781653995,10,GET,/users/{user_id},6.400000,0.000000,3,3,3,3,4,4,5,5,5,5,5,496,0,3,3.057197465574474,1.728849980281666,41.8606839957647,266.2217741935484
1781653995,10,,Aggregated,48.500000,0.000000,3,3,4,4,4,5,8,180,370,370,370,4799,0,3,10.484623121624864,1.728849980281666,755.7401439989917,7155.883725776203
1781653996,10,GET,/feed/{user_id},18.200000,0.000000,3,3,3,3,4,4,5,9,10,10,10,1981,0,3,3.457142234046378,1.986375980777666,81.67153899557889,8071.966683493185
1781653996,10,GET,/feed/{user_id}?with_fof=true,9.700000,0.000000,3,3,4,4,4,10,360,370,370,370,370,921,0,3,24.490515305110822,2.148539002519101,755.7401439989917,11430.503800217155
1781653996,10,POST,/likes,1.000000,0.000000,4,4,4,4,5,5,5,5,5,5,5,90,0,4,3.763494546809751,2.624668995849788,5.858832009835169,180.6888888888889
1781653996,10,POST,/posts,1.600000,0.000000,4,4,5,5,5,6,6,6,6,6,6,146,0,4,4.692066019506206,3.5671899968292564,15.407132974360138,228.46575342465752
1781653996,10,GET,/timeline/{user_id},11.800000,0.000000,3,3,3,3,4,4,4,180,200,200,200,1207,0,3,15.32806213015371,2.049842005362734,589.3936710199341,6587.76801988401
1781653996,10,GET,/users/{user_id},6.000000,0.000000,3,3,3,4,4,4,5,5,5,5,5,501,0,3,3.0574108421209525,1.728849980281666,41.8606839957647,266.2375249500998
1781653996,10,,Aggregated,48.300000,0.000000,3,3,3,4,4,4,9,180,370,370,370,4846,0,3,10.412887604769264,1.728849980281666,755.7401439989917,7150.742674370615
1781653997,10,GET,/feed/{user_id},19.200000,0.000000,3,3,3,3,4,4,5,9,10,10,10,2005,0,3,3.45241178336328,1.986375980777666,81.67153899557889,8082.602992518703
1781653997,10,GET,/feed/{user_id}?with_fof=true,8.900000,0.000000,3,3,4,4,4,13,360,370,370,370,370,930,0,3,24.283311521491758,2.148539002519101,755.7401439989917,11431.91935483871
1781653997,10,POST,/likes,1.000000,0.000000,4,4,4,4,4,5,5,5,5,5,5,93,0,4,3.749091787168616,2.624668995849788,5.858832009835169,180.70967741935485
1781653997,10,POST,/posts,1.800000,0.000000,4,4,5,5,5,6,6,6,6,6,6,148,0,4,4.681728276065425,3.5671899968292564,15.407132974360138,228.44594594594594
1781653997,10,GET,/timeline/{user_id},12.400000,0.000000,3,3,3,3,4,4,4,180,200,200,200,1218,0,3,15.217878307905568,2.049842005362734,589.3936710199341,6590.682266009852
1781653997,10,GET,/users/{user_id},5.500000,0.000000,3,3,3,4,4,4,5,5,5,5,5,503,0,3,3.0580879779598282,1.728849980281666,41.8606839957647,266.23260437375745
1781653997,10,,Aggregated,48.800000,0.000000,3,3,3,4,4,4,9,180,370,370,370,4897,0,3,10.337088154714692,1.728849980281666,755.7401439989917,7157.297529099449
1781653998,10,GET,/feed/{user_id},19.800000,0.000000,3,3,3,3,4,4,5,9,10,10,10,2025,0,3,3.448464791879725,1.986375980777666,81.67153899557889,8089.777777777777
1781653998,10,GET,/feed/{user_id}?with_fof=true,9.200000,0.000000,3,3,3,4,4,4,310,360,360,360,360,940,0,3,24.05716882126302,2.148539002519101,755.7401439989917,11433.652127659574
1781653998,10,POST,/likes,0.900000,0.000000,4,4,4,4,4,5,5,5,5,5,5,95,0,4,3.7489128443044857,2.624668995849788,5.858832009835169,180.7263157894737
1781653998,10,POST,/posts,2.000000,0.000000,4,4,5,5,5,6,6,6,6,6,6,148,0,4,4.681728276065425,3.5671899968292564,15.407132974360138,228.44594594594594
1781653998,10,GET,/timeline/{user_id},12.200000,0.000000,3,3,3,3,4,4,180,200,200,200,200,1230,0,3,15.256080256914153,2.049842005362734,589.3936710199341,6592.078861788618
1781653998,10,GET,/users/{user_id},4.900000,0.000000,3,3,3,4,4,4,5,5,5,5,5,506,0,3,3.0573704444459113,1.728849980281666,41.8606839957647,266.24505928853756
1781653998,10,,Aggregated,49.000000,0.000000,3,3,3,4,4,4,6,180,360,360,360,4944,0,3,10.307024789948287,1.728849980281666,755.7401439989917,7164.9249595469255
1781653999,10,GET,/feed/{user_id},20.000000,0.000000,3,3,3,3,4,4,5,7,10,10,10,2048,0,3,3.445294982213909,1.986375980777666,81.67153899557889,8092.34619140625
1781653999,10,GET,/feed/{user_id}?with_fof=true,8.900000,0.000000,3,3,3,4,4,4,310,360,360,360,360,950,0,3,23.83778359054735,2.1451259963214397,755.7401439989917,11435.509473684211
1781653999,10,POST,/likes,0.800000,0.000000,4,4,4,4,4,5,5,5,5,5,5,95,0,4,3.7489128443044857,2.624668995849788,5.858832009835169,180.7263157894737
1781653999,10,POST,/posts,1.900000,0.000000,4,4,5,5,5,6,6,6,6,6,6,148,0,4,4.681728276065425,3.5671899968292564,15.407132974360138,228.44594594594594
1781653999,10,GET,/timeline/{user_id},12.100000,0.000000,3,3,3,3,4,4,200,200,220,220,220,1237,0,3,15.360022334677634,2.049842005362734,589.3936710199341,6594.845594179466
1781653999,10,GET,/users/{user_id},4.700000,0.000000,3,3,3,4,4,4,4,4,4,4,4,513,0,3,3.052787551464382,1.728849980281666,41.8606839957647,266.2397660818713
1781653999,10,,Aggregated,48.400000,0.000000,3,3,3,4,4,4,6,200,360,360,360,4991,0,3,10.281973288230443,1.728849980281666,755.7401439989917,7169.353436185133
1781654000,10,GET,/feed/{user_id},20.600000,0.000000,3,3,3,3,4,4,5,7,10,10,10,2063,0,3,3.444811937759684,1.986375980777666,81.67153899557889,8083.825981580223
1781654000,10,GET,/feed/{user_id}?with_fof=true,8.500000,0.000000,3,3,3,4,4,4,310,360,360,360,360,965,0,3,23.51263803013702,2.1451259963214397,755.7401439989917,11436.109844559585
1781654000,10,POST,/likes,1.000000,0.000000,4,4,4,4,5,5,5,5,5,5,5,95,0,4,3.7489128443044857,2.624668995849788,5.858832009835169,180.7263157894737
1781654000,10,POST,/posts,1.600000,0.000000,4,4,5,5,5,6,6,6,6,6,6,151,0,4,4.6789560849402125,3.5671899968292564,15.407132974360138,228.43708609271522
1781654000,10,GET,/timeline/{user_id},12.400000,0.000000,3,3,3,3,4,4,200,200,220,220,220,1250,0,3,15.231118151219562,1.996623002924025,589.3936710199341,6584.4344
1781654000,10,GET,/users/{user_id},4.400000,0.000000,3,3,3,4,4,4,4,4,4,4,4,515,0,3,3.0502551843330843,1.728849980281666,41.8606839957647,266.24077669902914
1781654000,10,,Aggregated,48.500000,0.000000,3,3,3,4,4,4,6,200,360,360,360,5039,0,3,10.214088296223723,1.728849980281666,755.7401439989917,7170.489978170272
1781654001,10,GET,/feed/{user_id},21.300000,0.000000,3,3,3,3,4,4,5,7,10,10,10,2089,0,3,3.4414683435063864,1.986375980777666,81.67153899557889,8096.160842508377
1781654001,10,GET,/feed/{user_id}?with_fof=true,8.600000,0.000000,3,3,3,4,4,4,4,310,310,310,310,973,0,3,23.34338115325546,2.1190860134083778,755.7401439989917,11437.50668036999
1781654001,10,POST,/likes,1.100000,0.000000,4,4,4,4,5,5,5,5,5,5,5,96,0,4,3.7403012520371703,2.624668995849788,5.858832009835169,180.73958333333334
1781654001,10,POST,/posts,1.400000,0.000000,4,5,5,5,5,6,6,6,6,6,6,153,0,4,4.68027364581312,3.5671899968292564,15.407132974360138,228.44444444444446
1781654001,10,GET,/timeline/{user_id},11.900000,0.000000,3,3,3,3,4,4,200,200,220,220,220,1258,0,3,15.153805663806775,1.996623002924025,589.3936710199341,6592.610492845787
1781654001,10,GET,/users/{user_id},4.500000,0.000000,3,3,3,4,4,4,4,4,4,4,4,521,0,3,3.0456411764772,1.728849980281666,41.8606839957647,266.24952015355086
1781654001,10,,Aggregated,48.800000,0.000000,3,3,3,4,4,4,5,10,310,310,310,5090,0,3,10.142977327646546,1.728849980281666,755.7401439989917,7176.050491159135
1781654002,10,GET,/feed/{user_id},20.800000,0.000000,3,3,3,3,4,4,5,7,10,10,10,2111,0,3,3.438167622306727,1.986375980777666,81.67153899557889,8096.824727617243
1781654002,10,GET,/feed/{user_id}?with_fof=true,9.600000,0.000000,3,3,3,4,4,4,16,380,380,380,380,981,0,3,23.574265996052358,2.1190860134083778,755.7401439989917,11438.314984709481
1781654002,10,POST,/likes,1.100000,0.000000,4,4,4,4,5,5,5,5,5,5,5,97,0,4,3.746898414281475,2.624668995849788,5.858832009835169,180.7422680412371
1781654002,10,POST,/posts,1.300000,0.000000,4,5,5,5,5,6,6,6,6,6,6,153,0,4,4.68027364581312,3.5671899968292564,15.407132974360138,228.44444444444446
1781654002,10,GET,/timeline/{user_id},11.800000,0.000000,3,3,3,3,4,4,200,220,220,220,220,1267,0,3,15.22757714999628,1.996623002924025,589.3936710199341,6582.075769534333
1781654002,10,GET,/users/{user_id},4.200000,0.000000,3,3,3,3,4,4,4,4,4,4,4,524,0,3,3.0442047880305765,1.728849980281666,41.8606839957647,266.2328244274809
1781654002,10,,Aggregated,48.800000,0.000000,3,3,3,4,4,4,6,200,380,380,380,5133,0,3,10.199174238220316,1.728849980281666,755.7401439989917,7178.03701539061
1781654003,10,GET,/feed/{user_id},21.400000,0.000000,3,3,3,3,4,4,5,6,7,7,7,2130,0,3,3.434143324700696,1.986375980777666,81.67153899557889,8094.907511737089
1781654003,10,GET,/feed/{user_id}?with_fof=true,9.700000,0.000000,3,3,3,4,4,4,16,380,380,380,380,992,0,3,23.34958743760522,2.1190860134083778,755.7401439989917,11437.519153225807
1781654003,10,POST,/likes,0.900000,0.000000,4,4,4,4,4,4,4,4,4,4,4,99,0,4,3.7490815371674757,2.624668995849788,5.858832009835169,180.74747474747474
1781654003,10,POST,/posts,1.600000,0.000000,4,5,5,5,6,7,7,7,7,7,7,156,0,4,4.694787524222659,3.5671899968292564,15.407132974360138,228.44871794871796
1781654003,10,GET,/timeline/{user_id},11.000000,0.000000,3,3,3,3,3,4,200,220,220,220,220,1277,0,3,15.129966083838376,1.996623002924025,589.3936710199341,6581.0039154267815
1781654003,10,GET,/users/{user_id},4.000000,0.000000,3,3,3,3,4,4,4,4,4,4,4,529,0,3,3.0369249941972183,1.728849980281666,41.8606839957647,266.2287334593573
1781654003,10,,Aggregated,48.600000,0.000000,3,3,3,3,4,4,6,16,380,380,380,5183,0,3,10.130920693935387,1.728849980281666,755.7401439989917,7174.7021030291335
1781654004,10,GET,/feed/{user_id},20.800000,0.000000,3,3,3,3,4,4,5,7,7,7,7,2150,0,3,3.432490089596899,1.986375980777666,81.67153899557889,8102.896744186047
1781654004,10,GET,/feed/{user_id}?with_fof=true,10.300000,0.000000,3,3,3,4,4,4,16,380,380,380,380,995,0,3,23.288526682501388,2.1190860134083778,755.7401439989917,11438.627135678393
1781654004,10,POST,/likes,0.900000,0.000000,4,4,4,4,4,4,4,4,4,4,4,100,0,4,3.7547103516408242,2.624668995849788,5.858832009835169,180.73
1781654004,10,POST,/posts,1.500000,0.000000,4,5,5,5,5,7,7,7,7,7,7,160,0,4,4.689371829954325,3.5671899968292564,15.407132974360138,228.45
1781654004,10,GET,/timeline/{user_id},10.900000,0.000000,3,3,3,3,3,4,200,220,220,220,220,1291,0,3,14.9982029837558,1.996623002924025,589.3936710199341,6572.435321456235
1781654004,10,GET,/users/{user_id},3.900000,0.000000,3,3,3,4,4,4,4,4,4,4,4,535,0,3,3.0382635083297598,1.728849980281666,41.8606839957647,266.218691588785
1781654004,10,,Aggregated,48.300000,0.000000,3,3,3,4,4,4,6,16,380,380,380,5231,0,3,10.06802892346858,1.728849980281666,755.7401439989917,7165.881858153317
1781654005,10,GET,/feed/{user_id},20.800000,0.000000,3,3,3,3,4,4,6,7,12,12,12,2173,0,3,3.432457710388496,1.986375980777666,81.67153899557889,8106.189599631845
1781654005,10,GET,/feed/{user_id}?with_fof=true,10.200000,0.000000,3,3,3,4,4,16,370,380,380,380,380,1006,0,3,24.038088288369718,2.1190860134083778,755.7401439989917,11441.304174950299
1781654005,10,POST,/likes,1.100000,0.000000,4,4,4,4,4,4,4,4,4,4,4,100,0,4,3.7547103516408242,2.624668995849788,5.858832009835169,180.73
1781654005,10,POST,/posts,1.700000,0.000000,5,5,5,5,5,7,7,7,7,7,7,160,0,4,4.689371829954325,3.5671899968292564,15.407132974360138,228.45
1781654005,10,GET,/timeline/{user_id},10.500000,0.000000,3,3,3,3,4,4,200,220,220,220,220,1302,0,3,14.90513008524118,1.996623002924025,589.3936710199341,6579.850230414747
1781654005,10,GET,/users/{user_id},3.700000,0.000000,3,3,3,4,4,4,4,4,4,4,4,536,0,3,3.0378326174734447,1.728849980281666,41.8606839957647,266.22014925373134
1781654005,10,,Aggregated,48.000000,0.000000,3,3,3,4,4,5,13,220,380,380,380,5277,0,3,10.19548523871152,1.728849980281666,755.7401439989917,7180.023877202956
1781654006,10,GET,/feed/{user_id},21.300000,0.000000,3,3,3,3,4,4,6,7,12,12,12,2187,0,3,3.4295651397462783,1.986375980777666,81.67153899557889,8106.406950160037
1781654006,10,GET,/feed/{user_id}?with_fof=true,8.700000,0.000000,3,3,3,4,4,300,370,380,380,380,380,1014,0,3,24.172450298858124,2.1190860134083778,755.7401439989917,11433.399408284024
1781654006,10,POST,/likes,1.000000,0.000000,4,4,4,4,4,4,4,4,4,4,4,100,0,4,3.7547103516408242,2.624668995849788,5.858832009835169,180.73
1781654006,10,POST,/posts,2.100000,0.000000,5,5,5,5,7,7,7,7,7,7,7,163,0,4,4.706396974131831,3.5671899968292564,15.407132974360138,228.43558282208588
1781654006,10,GET,/timeline/{user_id},11.200000,0.000000,3,3,3,3,4,4,200,200,220,220,220,1316,0,3,14.779103708175354,1.996623002924025,589.3936710199341,6591.29255319149
1781654006,10,GET,/users/{user_id},3.800000,0.000000,3,3,3,3,4,4,4,4,4,4,4,544,0,3,3.035810137696578,1.728849980281666,41.8606839957647,266.23713235294116
1781654006,10,,Aggregated,48.100000,0.000000,3,3,3,4,4,5,16,300,380,380,380,5324,0,3,10.190593257039918,1.728849980281666,755.7401439989917,7174.39162283997
1781654007,10,GET,/feed/{user_id},21.300000,0.000000,3,3,3,3,4,4,7,11,12,12,12,2208,0,3,3.4294945251636766,1.986375980777666,81.67153899557889,8112.442028985507
1781654007,10,GET,/feed/{user_id}?with_fof=true,9.100000,0.000000,3,3,4,4,4,300,370,380,380,380,380,1026,0,3,23.9369369581531,2.1190860134083778,755.7401439989917,11432.168615984405
1781654007,10,POST,/likes,1.000000,0.000000,4,4,4,4,4,4,4,4,4,4,4,101,0,4,3.747531031327562,2.624668995849788,5.858832009835169,180.72277227722773
1781654007,10,POST,/posts,1.700000,0.000000,5,5,5,5,7,7,7,7,7,7,7,164,0,4,4.704385937657207,3.5671899968292564,15.407132974360138,228.4390243902439
1781654007,10,GET,/timeline/{user_id},10.800000,0.000000,3,3,3,3,4,4,210,220,220,220,220,1322,0,3,14.886034197408604,1.996623002924025,589.3936710199341,6587.076399394857
1781654007,10,GET,/users/{user_id},4.100000,0.000000,3,3,3,3,4,4,4,4,4,4,4,551,0,3,3.0358686223740228,1.728849980281666,41.8606839957647,266.2468239564428
1781654007,10,,Aggregated,48.000000,0.000000,3,3,3,4,4,5,16,300,380,380,380,5372,0,3,10.170093443497507,1.728849980281666,755.7401439989917,7176.509865971705
1781654008,10,GET,/feed/{user_id},20.700000,0.000000,3,3,3,3,4,4,7,11,12,12,12,2226,0,3,3.4289216480433553,1.986375980777666,81.67153899557889,8114.010781671159
1781654008,10,GET,/feed/{user_id}?with_fof=true,9.300000,0.000000,3,3,4,4,4,310,370,380,380,380,380,1040,0,3,23.9456923866293,2.1190860134083778,755.7401439989917,11433.608653846153
1781654008,10,POST,/likes,1.000000,0.000000,4,4,4,4,4,4,4,4,4,4,4,102,0,4,3.7465904426747274,2.624668995849788,5.858832009835169,180.7156862745098
1781654008,10,POST,/posts,1.600000,0.000000,5,5,5,5,7,7,7,7,7,7,7,165,0,4,4.70102431383125,3.5671899968292564,15.407132974360138,228.43636363636364
1781654008,10,GET,/timeline/{user_id},10.700000,0.000000,3,3,3,3,4,4,200,210,210,210,210,1332,0,3,14.794164391099224,1.996623002924025,589.3936710199341,6587.742492492493
1781654008,10,GET,/users/{user_id},4.200000,0.000000,3,3,3,3,4,4,4,4,4,4,4,559,0,3,3.030537252151116,1.728849980281666,41.8606839957647,266.2486583184258
1781654008,10,,Aggregated,47.500000,0.000000,3,3,3,4,4,5,16,310,380,380,380,5424,0,3,10.15745173312511,1.728849980281666,755.7401439989917,7177.83407079646
1781654009,10,GET,/feed/{user_id},20.500000,0.000000,3,3,3,3,4,4,8,11,12,12,12,2243,0,3,3.430002154931372,1.986375980777666,81.67153899557889,8112.873829692377
1781654009,10,GET,/feed/{user_id}?with_fof=true,9.500000,0.000000,3,3,4,4,12,310,380,510,510,510,510,1049,0,3,24.24500778939369,2.1190860134083778,755.7401439989917,11434.306005719733
1781654009,10,POST,/likes,0.800000,0.000000,4,4,4,4,4,4,4,4,4,4,4,103,0,4,3.7466473510100062,2.624668995849788,5.858832009835169,180.71844660194174
1781654009,10,POST,/posts,1.600000,0.000000,5,5,5,5,7,7,7,7,7,7,7,167,0,4,4.696647807207059,3.5671899968292564,15.407132974360138,228.4431137724551
1781654009,10,GET,/timeline/{user_id},10.700000,0.000000,3,3,3,3,4,4,200,210,210,210,210,1344,0,3,14.838658542387185,1.996623002924025,589.3936710199341,6590.250744047619
1781654009,10,GET,/users/{user_id},4.700000,0.000000,3,3,3,3,4,4,4,4,4,4,4,566,0,3,3.0301571959920075,1.728849980281666,41.8606839957647,266.25265017667846
1781654009,10,,Aggregated,47.800000,0.000000,3,3,3,4,4,5,200,310,510,510,510,5472,0,3,10.225690592003383,1.728849980281666,755.7401439989917,7174.072185672515
1781654010,10,GET,/feed/{user_id},20.200000,0.000000,3,3,3,3,4,4,8,11,12,12,12,2265,0,3,3.4250635079624208,1.986375980777666,81.67153899557889,8111.674613686534
1781654010,10,GET,/feed/{user_id}?with_fof=true,9.800000,0.000000,3,3,4,4,12,310,380,510,510,510,510,1055,0,3,24.125382875868063,2.1190860134083778,755.7401439989917,11435.018957345972
1781654010,10,POST,/likes,0.700000,0.000000,4,4,4,4,4,4,4,4,4,4,4,104,0,4,3.743707328304971,2.624668995849788,5.858832009835169,180.71153846153845
1781654010,10,POST,/posts,1.600000,0.000000,5,5,5,5,5,7,7,7,7,7,7,170,0,4,4.687465804711203,3.5671899968292564,15.407132974360138,228.44117647058823
1781654010,10,GET,/timeline/{user_id},10.000000,0.000000,3,3,3,3,4,4,200,210,210,210,210,1355,0,3,14.741766856870754,1.996623002924025,589.3936710199341,6583.393357933579
1781654010,10,GET,/users/{user_id},5.200000,0.000000,3,3,3,3,4,4,4,4,4,4,4,570,0,3,3.0284387997980637,1.728849980281666,41.8606839957647,266.240350877193
1781654010,10,,Aggregated,47.500000,0.000000,3,3,3,4,4,5,200,310,510,510,510,5519,0,3,10.16444405426075,1.728849980281666,755.7401439989917,7169.192244971915
1781654011,10,GET,/feed/{user_id},19.300000,0.000000,3,3,3,3,4,4,8,11,12,12,12,2280,0,3,3.4225187927899112,1.986375980777666,81.67153899557889,8114.746929824561
1781654011,10,GET,/feed/{user_id}?with_fof=true,9.800000,0.000000,3,3,3,4,4,310,370,510,510,510,510,1070,0,3,23.827518162695107,2.1190860134083778,755.7401439989917,11437.014018691589
1781654011,10,POST,/likes,0.800000,0.000000,4,4,4,4,4,4,4,4,4,4,4,105,0,4,3.7456490107745464,2.624668995849788,5.858832009835169,180.72380952380954
1781654011,10,POST,/posts,1.800000,0.000000,4,5,5,5,7,7,7,7,7,7,7,171,0,4,4.6851424842784235,3.5671899968292564,15.407132974360138,228.44444444444446
1781654011,10,GET,/timeline/{user_id},10.500000,0.000000,3,3,3,3,4,4,13,200,210,210,210,1374,0,3,14.578487190008374,1.996623002924025,589.3936710199341,6562.867540029112
1781654011,10,GET,/users/{user_id},5.300000,0.000000,3,3,3,3,4,4,4,4,4,4,4,573,0,3,3.0304298567119172,1.728849980281666,41.8606839957647,266.2565445026178
1781654011,10,,Aggregated,47.500000,0.000000,3,3,3,4,4,5,12,310,510,510,510,5573,0,3,10.095194240006304,1.728849980281666,755.7401439989917,7171.579580118429
1781654012,10,GET,/feed/{user_id},20.200000,0.000000,3,3,3,3,4,4,8,11,12,12,12,2299,0,3,3.4193326422496826,1.986375980777666,81.67153899557889,8118.884732492388
1781654012,10,GET,/feed/{user_id}?with_fof=true,9.000000,0.000000,3,3,3,3,4,310,370,510,510,510,510,1082,0,3,23.598358649791688,2.1190860134083778,755.7401439989917,11437.836414048059
1781654012,10,POST,/likes,0.900000,0.000000,4,4,4,4,4,4,4,4,4,4,4,106,0,4,3.7397671145505607,2.624668995849788,5.858832009835169,180.72641509433961
1781654012,10,POST,/posts,2.100000,0.000000,4,5,5,5,5,7,7,7,7,7,7,174,0,4,4.686448354931045,3.5671899968292564,15.407132974360138,228.4367816091954
1781654012,10,GET,/timeline/{user_id},10.100000,0.000000,3,3,3,3,4,4,13,200,210,210,210,1383,0,3,14.502862132373599,1.996623002924025,589.3936710199341,6557.004338394794
1781654012,10,GET,/users/{user_id},5.600000,0.000000,3,3,3,3,4,4,4,4,4,4,4,577,0,3,3.0257475059608603,1.728849980281666,41.8606839957647,266.26516464471405
1781654012,10,,Aggregated,47.900000,0.000000,3,3,3,4,4,5,13,310,510,510,510,5621,0,3,10.03551712711601,1.728849980281666,755.7401439989917,7173.444582814446
1781654013,10,GET,/feed/{user_id},19.100000,0.000000,3,3,3,3,4,4,8,11,12,12,12,2324,0,3,3.4132101348760178,1.986375980777666,81.67153899557889,8114.560240963855
1781654013,10,GET,/feed/{user_id}?with_fof=true,9.600000,0.000000,3,3,3,3,4,310,370,510,510,510,510,1094,0,3,23.37125994155368,2.1190860134083778,755.7401439989917,11437.872029250457
1781654013,10,POST,/likes,0.900000,0.000000,4,4,4,4,4,4,4,4,4,4,4,106,0,4,3.7397671145505607,2.624668995849788,5.858832009835169,180.72641509433961
1781654013,10,POST,/posts,1.800000,0.000000,4,5,5,5,5,5,7,7,7,7,7,177,0,4,4.682909038265125,3.5671899968292564,15.407132974360138,228.43502824858757
1781654013,10,GET,/timeline/{user_id},11.500000,0.000000,3,3,3,3,4,4,13,200,210,210,210,1392,0,3,14.42763317171394,1.996623002924025,589.3936710199341,6559.775143678161
1781654013,10,GET,/users/{user_id},5.400000,0.000000,3,3,3,3,4,4,4,4,4,4,4,581,0,3,3.0249203700053693,1.728849980281666,41.8606839957647,266.28055077452666
1781654013,10,,Aggregated,48.300000,0.000000,3,3,3,4,4,5,12,310,510,510,510,5674,0,3,9.969420700286536,1.728849980281666,755.7401439989917,7176.0267888614735
1781654014,10,GET,/feed/{user_id},18.900000,0.000000,3,3,3,3,4,4,8,11,12,12,12,2349,0,3,3.4098298405817475,1.986375980777666,81.67153899557889,8117.37037037037
1781654014,10,GET,/feed/{user_id}?with_fof=true,9.900000,0.000000,3,3,3,3,4,12,310,510,510,510,510,1100,0,3,23.26247324547942,2.1190860134083778,755.7401439989917,11438.03
1781654014,10,POST,/likes,1.000000,0.000000,4,4,4,4,4,4,4,4,4,4,4,106,0,4,3.7397671145505607,2.624668995849788,5.858832009835169,180.72641509433961
1781654014,10,POST,/posts,2.000000,0.000000,4,5,5,5,5,7,7,7,7,7,7,179,0,4,4.676793691378306,3.5671899968292564,15.407132974360138,228.4413407821229
1781654014,10,GET,/timeline/{user_id},11.500000,0.000000,3,3,3,3,4,4,100,200,210,210,210,1405,0,3,14.393903560885908,1.996623002924025,589.3936710199341,6563.096085409253
1781654014,10,GET,/users/{user_id},5.300000,0.000000,3,3,3,3,4,4,4,4,4,4,4,588,0,3,3.0230795356289004,1.728849980281666,41.8606839957647,266.2942176870748
1781654014,10,,Aggregated,48.600000,0.000000,3,3,3,3,4,5,11,210,510,510,510,5727,0,3,9.923690853928315,1.728849980281666,755.7401439989917,7174.317269076305
1781654015,10,GET,/feed/{user_id},19.300000,0.000000,3,3,3,3,4,4,8,11,17,17,17,2365,0,3,3.414273884365961,1.986375980777666,81.67153899557889,8125.468076109936
1781654015,10,GET,/feed/{user_id}?with_fof=true,9.800000,0.000000,3,3,3,3,4,12,310,400,510,510,510,1112,0,3,23.697095678098712,2.1190860134083778,755.7401439989917,11434.265287769784
1781654015,10,POST,/likes,0.700000,0.000000,4,4,4,4,4,4,4,4,4,4,4,107,0,4,3.743282150995056,2.624668995849788,5.858832009835169,180.7289719626168
1781654015,10,POST,/posts,2.100000,0.000000,4,5,5,5,5,5,5,5,5,5,5,179,0,4,4.676793691378306,3.5671899968292564,15.407132974360138,228.4413407821229
1781654015,10,GET,/timeline/{user_id},11.600000,0.000000,3,3,3,3,4,4,100,200,210,210,210,1415,0,3,14.312825157626305,1.996623002924025,589.3936710199341,6568.43109540636
1781654015,10,GET,/users/{user_id},5.300000,0.000000,3,3,3,3,4,4,4,4,4,4,4,591,0,3,3.019898319737072,1.728849980281666,41.8606839957647,266.30287648054144
1781654015,10,,Aggregated,48.800000,0.000000,3,3,3,4,4,5,12,210,510,510,510,5769,0,3,10.001908978417452,1.728849980281666,755.7401439989917,7183.8410469752125
1781654016,10,GET,/feed/{user_id},19.600000,0.000000,3,3,3,3,4,5,13,17,20,20,20,2376,0,3,3.431909085199063,1.986375980777666,81.67153899557889,8121.743265993266
1781654016,10,GET,/feed/{user_id}?with_fof=true,10.400000,0.000000,3,3,3,4,20,510,840,860,860,860,860,1118,0,3,26.713234112741283,2.1190860134083778,857.4004039983265,11434.262969588552
1781654016,10,POST,/likes,0.700000,0.000000,4,4,4,5,7,7,7,7,7,7,7,109,0,4,3.783171927853308,2.624668995849788,6.690452981274575,180.72477064220183
1781654016,10,POST,/posts,1.900000,0.000000,4,5,5,5,5,5,5,5,5,5,5,179,0,4,4.676793691378306,3.5671899968292564,15.407132974360138,228.4413407821229
1781654016,10,GET,/timeline/{user_id},11.500000,0.000000,3,3,3,3,4,6,200,370,400,400,400,1421,0,3,14.823778783258597,1.996623002924025,589.3936710199341,6572.0752990851515
1781654016,10,GET,/users/{user_id},5.500000,0.000000,3,3,3,3,4,4,5,5,5,5,5,594,0,3,3.020943079072424,1.728849980281666,41.8606839957647,266.30808080808083
1781654016,10,,Aggregated,49.600000,0.000000,3,3,3,4,4,11,370,510,860,860,860,5797,0,3,10.717294009893038,1.728849980281666,857.4004039983265,7182.760738312921
1781654017,10,GET,/feed/{user_id},19.000000,0.000000,3,3,3,3,4,5,13,17,20,20,20,2395,0,3,3.4304942122985276,1.986375980777666,81.67153899557889,8115.379958246346
1781654017,10,GET,/feed/{user_id}?with_fof=true,10.600000,0.000000,3,3,3,4,17,510,840,860,860,860,860,1130,0,3,26.47561391864994,2.1190860134083778,857.4004039983265,11431.927433628318
1781654017,10,POST,/likes,0.700000,0.000000,4,4,4,5,7,7,7,7,7,7,7,110,0,4,3.788712364886041,2.624668995849788,6.690452981274575,180.73636363636365
1781654017,10,POST,/posts,1.900000,0.000000,4,5,5,5,5,5,5,5,5,5,5,179,0,4,4.676793691378306,3.5671899968292564,15.407132974360138,228.4413407821229
1781654017,10,GET,/timeline/{user_id},11.300000,0.000000,3,3,3,3,4,190,220,370,400,400,400,1437,0,3,15.117272315968137,1.996623002924025,589.3936710199341,6577.329853862213
1781654017,10,GET,/users/{user_id},5.500000,0.000000,3,3,3,3,4,4,11,11,11,11,11,599,0,3,3.0317077111376634,1.728849980281666,41.8606839957647,266.30383973288815
1781654017,10,,Aggregated,49.000000,0.000000,3,3,3,4,4,11,370,510,860,860,860,5850,0,3,10.756734193921583,1.728849980281666,857.4004039983265,7183.987008547008
1781654018,10,GET,/feed/{user_id},18.900000,0.000000,3,3,3,3,4,5,13,17,20,20,20,2409,0,3,3.4280840479439236,1.986375980777666,81.67153899557889,8110.896637608967
1781654018,10,GET,/feed/{user_id}?with_fof=true,10.200000,0.000000,3,3,3,4,20,480,840,860,860,860,860,1141,0,3,26.92065044523745,2.1190860134083778,857.4004039983265,11431.475898334795
1781654018,10,POST,/likes,0.900000,0.000000,4,4,5,5,7,7,7,7,7,7,7,111,0,4,3.7900024334384077,2.624668995849788,6.690452981274575,180.73873873873873
1781654018,10,POST,/posts,1.700000,0.000000,4,5,5,5,5,9,9,9,9,9,9,183,0,4,4.691726790996818,3.5671899968292564,15.407132974360138,228.43715846994536
1781654018,10,GET,/timeline/{user_id},10.700000,0.000000,3,3,3,3,4,100,220,370,400,400,400,1450,0,3,15.007722741414408,1.996623002924025,589.3936710199341,6580.711034482759
1781654018,10,GET,/users/{user_id},5.100000,0.000000,3,3,3,3,4,5,11,11,11,11,11,604,0,3,3.0300222383600057,1.728849980281666,41.8606839957647,266.30629139072846
1781654018,10,,Aggregated,47.500000,0.000000,3,3,3,4,4,11,370,480,860,860,860,5898,0,3,10.824910869684174,1.728849980281666,857.4004039983265,7179.927093930146
1781654019,10,GET,/feed/{user_id},18.700000,0.000000,3,3,3,3,4,5,13,17,20,20,20,2426,0,3,3.4305009453745345,1.986375980777666,81.67153899557889,8099.513602638088
1781654019,10,GET,/feed/{user_id}?with_fof=true,10.600000,0.000000,3,3,3,4,310,480,840,860,860,860,860,1150,0,3,27.05346193827648,2.1190860134083778,857.4004039983265,11431.18347826087
1781654019,10,POST,/likes,1.000000,0.000000,4,4,5,5,7,7,7,7,7,7,7,111,0,4,3.7900024334384077,2.624668995849788,6.690452981274575,180.73873873873873
1781654019,10,POST,/posts,1.500000,0.000000,5,5,5,5,5,9,9,9,9,9,9,185,0,4,4.696936998673639,3.5671899968292564,15.407132974360138,228.42162162162163
1781654019,10,GET,/timeline/{user_id},11.100000,0.000000,3,3,3,3,4,100,220,370,400,400,400,1465,0,3,14.88817245258438,1.996623002924025,589.3936710199341,6585.780887372013
1781654019,10,GET,/users/{user_id},4.800000,0.000000,3,3,3,3,4,10,11,11,11,11,11,608,0,3,3.038150909512632,1.728849980281666,41.8606839957647,266.3157894736842
1781654019,10,,Aggregated,47.700000,0.000000,3,3,3,4,5,16,370,480,860,860,860,5945,0,3,10.829582596027361,1.728849980281666,857.4004039983265,7177.071488645921
1781654020,10,GET,/feed/{user_id},18.500000,0.000000,3,3,3,4,4,5,16,20,22,22,22,2446,0,3,3.4349040623484117,1.986375980777666,81.67153899557889,8103.6884709730175
1781654020,10,GET,/feed/{user_id}?with_fof=true,10.000000,0.000000,3,3,4,4,310,480,840,860,860,860,860,1160,0,3,26.8479219922828,2.1190860134083778,857.4004039983265,11431.153448275862
1781654020,10,POST,/likes,1.000000,0.000000,4,4,5,5,7,7,7,7,7,7,7,111,0,4,3.7900024334384077,2.624668995849788,6.690452981274575,180.73873873873873
1781654020,10,POST,/posts,1.900000,0.000000,5,5,5,5,5,9,9,9,9,9,9,187,0,4,4.694563062751994,3.5671899968292564,15.407132974360138,228.42780748663102
1781654020,10,GET,/timeline/{user_id},11.700000,0.000000,3,3,3,4,4,200,220,370,400,400,400,1479,0,3,15.052500111594018,1.996623002924025,589.3936710199341,6577.871534820825
1781654020,10,GET,/users/{user_id},4.700000,0.000000,3,3,3,4,4,10,11,11,11,11,11,612,0,3,3.039362271165314,1.728849980281666,41.8606839957647,266.33660130718954
1781654020,10,,Aggregated,47.800000,0.000000,3,3,4,4,5,20,370,480,860,860,860,5995,0,3,10.836809972543666,1.728849980281666,857.4004039983265,7178.683569641368
1781654021,10,GET,/feed/{user_id},18.200000,0.000000,3,3,3,3,4,5,16,20,22,22,22,2471,0,3,3.4310800030538062,1.986375980777666,81.67153899557889,8095.138405503844
1781654021,10,GET,/feed/{user_id}?with_fof=true,10.400000,0.000000,3,3,4,4,350,480,840,860,860,860,860,1165,0,3,26.746443292733616,2.1190860134083778,857.4004039983265,11431.12618025751
1781654021,10,POST,/likes,0.800000,0.000000,4,4,5,5,7,7,7,7,7,7,7,111,0,4,3.7900024334384077,2.624668995849788,6.690452981274575,180.73873873873873
1781654021,10,POST,/posts,1.900000,0.000000,5,5,5,5,8,9,9,9,9,9,9,189,0,4,4.707173749843918,3.5671899968292564,15.407132974360138,228.42857142857142
1781654021,10,GET,/timeline/{user_id},12.100000,0.000000,3,3,3,4,4,200,220,370,400,400,400,1492,0,3,14.94761594102937,1.996623002924025,589.3936710199341,6578.961796246649
1781654021,10,GET,/users/{user_id},4.300000,0.000000,3,3,3,4,4,10,11,11,11,11,11,616,0,3,3.0378368927423645,1.728849980281666,41.8606839957647,266.3392857142857
1781654021,10,,Aggregated,47.700000,0.000000,3,3,4,4,5,20,370,480,860,860,860,6044,0,3,10.774537018920897,1.728849980281666,857.4004039983265,7174.629384513567
1781654022,10,GET,/feed/{user_id},17.900000,0.000000,3,3,3,4,4,5,16,20,22,22,22,2486,0,3,3.4356226466571025,1.986375980777666,81.67153899557889,8090.324215607401
1781654022,10,GET,/feed/{user_id}?with_fof=true,10.300000,0.000000,3,3,4,4,350,480,840,860,860,860,860,1171,0,3,26.62549998978452,2.1190860134083778,857.4004039983265,11431.676345004269
1781654022,10,POST,/likes,0.700000,0.000000,4,4,5,5,7,7,7,7,7,7,7,112,0,4,3.786359188390114,2.624668995849788,6.690452981274575,180.74107142857142
1781654022,10,POST,/posts,1.700000,0.000000,5,5,5,5,8,9,9,9,9,9,9,189,0,4,4.707173749843918,3.5671899968292564,15.407132974360138,228.42857142857142
1781654022,10,GET,/timeline/{user_id},12.600000,0.000000,3,3,3,4,6,210,220,370,400,400,400,1509,0,3,15.081016548031773,1.996623002924025,589.3936710199341,6575.7335984095425
1781654022,10,GET,/users/{user_id},4.200000,0.000000,3,3,3,4,4,5,11,11,11,11,11,623,0,3,3.034603980586253,1.728849980281666,41.8606839957647,266.346709470305
1781654022,10,,Aggregated,47.400000,0.000000,3,3,4,4,5,22,370,480,860,860,860,6090,0,3,10.785050690695009,1.728849980281666,857.4004039983265,7167.679967159277
1781654023,10,GET,/feed/{user_id},18.500000,0.000000,3,3,3,4,4,5,16,20,22,22,22,2503,0,3,3.4317128464152247,1.986375980777666,81.67153899557889,8081.908509788254
1781654023,10,GET,/feed/{user_id}?with_fof=true,9.800000,0.000000,3,3,4,4,350,480,840,860,860,860,860,1187,0,3,26.316723412039305,2.1190860134083778,857.4004039983265,11433.92249368155
1781654023,10,POST,/likes,0.700000,0.000000,4,4,5,5,7,7,7,7,7,7,7,114,0,4,3.787084158893936,2.624668995849788,6.690452981274575,180.73684210526315
1781654023,10,POST,/posts,1.800000,0.000000,5,5,5,5,8,9,9,9,9,9,9,190,0,4,4.709417066892217,3.5671899968292564,15.407132974360138,228.43157894736842
1781654023,10,GET,/timeline/{user_id},11.900000,0.000000,3,3,4,4,6,210,220,370,400,400,400,1516,0,3,15.146019737489459,1.996623002924025,589.3936710199341,6577.263852242744
1781654023,10,GET,/users/{user_id},4.300000,0.000000,3,3,3,4,4,5,11,11,11,11,11,628,0,3,3.0283801797792242,1.728849980281666,41.8606839957647,266.3471337579618
1781654023,10,,Aggregated,47.000000,0.000000,3,3,4,4,5,22,370,480,860,860,860,6138,0,3,10.755495838453367,1.728849980281666,857.4004039983265,7169.0268817204305
1781654024,10,GET,/feed/{user_id},18.600000,0.000000,3,3,3,4,5,11,17,21,22,22,22,2520,0,3,3.439788126429665,1.986375980777666,81.67153899557889,8088.44246031746
1781654024,10,GET,/feed/{user_id}?with_fof=true,9.000000,0.000000,3,3,4,4,370,540,840,860,860,860,860,1200,0,3,27.228618240114884,2.1190860134083778,857.4004039983265,11436.914166666667
1781654024,10,POST,/likes,0.600000,0.000000,4,4,5,5,7,7,7,7,7,7,7,114,0,4,3.787084158893936,2.624668995849788,6.690452981274575,180.73684210526315
1781654024,10,POST,/posts,1.600000,0.000000,5,5,5,5,8,9,9,9,9,9,9,190,0,4,4.709417066892217,3.5671899968292564,15.407132974360138,228.43157894736842
1781654024,10,GET,/timeline/{user_id},12.700000,0.000000,3,3,4,4,6,210,220,370,400,400,400,1526,0,3,15.069433231376506,1.996623002924025,589.3936710199341,6579.273918741808
1781654024,10,GET,/users/{user_id},4.500000,0.000000,3,3,4,4,5,10,11,11,11,11,11,630,0,3,3.033076828421419,1.728849980281666,41.8606839957647,266.34444444444443
1781654024,10,,Aggregated,47.000000,0.000000,3,3,4,4,5,28,400,540,860,860,860,6180,0,3,10.934614614328494,1.728849980281666,857.4004039983265,7181.059385113269
1781654025,10,GET,/feed/{user_id},18.500000,0.000000,3,3,3,4,4,5,16,21,22,22,22,2537,0,3,3.446114289563863,1.986375980777666,81.67153899557889,8084.118644067797
1781654025,10,GET,/feed/{user_id}?with_fof=true,9.400000,0.000000,3,3,4,4,370,540,840,860,860,860,860,1211,0,3,27.367510845703762,2.1190860134083778,857.4004039983265,11436.065235342692
1781654025,10,POST,/likes,0.800000,0.000000,4,4,4,4,4,4,4,4,4,4,4,114,0,4,3.787084158893936,2.624668995849788,6.690452981274575,180.73684210526315
1781654025,10,POST,/posts,1.300000,0.000000,5,5,5,5,8,9,9,9,9,9,9,191,0,4,4.708388778539521,3.5671899968292564,15.407132974360138,228.42931937172776
1781654025,10,GET,/timeline/{user_id},12.100000,0.000000,3,3,4,4,4,200,210,220,370,370,370,1542,0,3,15.057525441744945,1.996623002924025,589.3936710199341,6581.2302204928665
1781654025,10,GET,/users/{user_id},4.500000,0.000000,3,3,3,4,4,10,11,11,11,11,11,632,0,3,3.0314721739217285,1.728849980281666,41.8606839957647,266.3338607594937
1781654025,10,,Aggregated,46.600000,0.000000,3,3,4,4,5,21,380,540,860,860,860,6227,0,3,10.976468938923233,1.728849980281666,857.4004039983265,7184.727477115786
1781654026,10,GET,/feed/{user_id},17.300000,0.000000,3,3,3,4,4,9,21,22,34,34,34,2558,0,3,3.4609581577638746,1.986375980777666,81.67153899557889,8091.456997654417
1781654026,10,GET,/feed/{user_id}?with_fof=true,9.800000,0.000000,3,3,4,4,11,420,480,540,540,540,540,1222,0,3,27.5007150549485,2.1190860134083778,857.4004039983265,11439.27332242226
1781654026,10,POST,/likes,0.800000,0.000000,4,4,4,4,4,4,4,4,4,4,4,115,0,4,3.791305983601057,2.624668995849788,6.690452981274575,180.73043478260868
1781654026,10,POST,/posts,1.100000,0.000000,5,5,8,8,9,15,15,15,15,15,15,195,0,5,4.7847315369066425,3.5671899968292564,15.439501992659643,228.4205128205128
1781654026,10,GET,/timeline/{user_id},11.800000,0.000000,3,3,3,4,4,180,210,210,220,220,220,1552,0,3,14.97987311607354,1.996623002924025,589.3936710199341,6576.744845360825
1781654026,10,GET,/users/{user_id},4.300000,0.000000,3,3,3,4,4,6,10,10,10,10,10,632,0,3,3.0314721739217285,1.728849980281666,41.8606839957647,266.3338607594937
1781654026,10,,Aggregated,45.100000,0.000000,3,3,4,4,5,15,220,420,540,540,540,6274,0,3,10.996602023044732,1.728849980281666,857.4004039983265,7191.185208798215
1781654027,10,GET,/feed/{user_id},17.400000,0.000000,3,3,3,4,4,9,21,22,34,34,34,2573,0,3,3.461506348046276,1.986375980777666,81.67153899557889,8093.870579090556
1781654027,10,GET,/feed/{user_id}?with_fof=true,10.100000,0.000000,3,3,4,4,4,380,480,540,540,540,540,1228,0,3,27.38276629575323,2.1190860134083778,857.4004039983265,11440.004885993485
1781654027,10,POST,/likes,0.700000,0.000000,4,4,4,4,4,4,4,4,4,4,4,115,0,4,3.791305983601057,2.624668995849788,6.690452981274575,180.73043478260868
1781654027,10,POST,/posts,1.200000,0.000000,5,5,5,8,8,15,15,15,15,15,15,196,0,5,4.783827937249693,3.5671899968292564,15.439501992659643,228.41326530612244
1781654027,10,GET,/timeline/{user_id},12.200000,0.000000,3,3,3,4,4,160,210,210,210,210,210,1567,0,3,14.970627956092507,1.996623002924025,589.3936710199341,6577.601148691768
1781654027,10,GET,/users/{user_id},4.100000,0.000000,3,3,3,4,4,10,16,16,16,16,16,638,0,3,3.049368984100619,1.728849980281666,41.8606839957647,266.346394984326
1781654027,10,,Aggregated,45.700000,0.000000,3,3,4,4,5,12,210,380,540,540,540,6317,0,3,10.972074517583701,1.728849980281666,857.4004039983265,7189.558018046541
1781654028,10,GET,/feed/{user_id},17.900000,0.000000,3,3,3,4,4,7,21,22,34,34,34,2592,0,3,3.458641650265943,1.986375980777666,81.67153899557889,8095.313271604939
1781654028,10,GET,/feed/{user_id}?with_fof=true,10.500000,0.000000,3,3,4,4,5,430,480,540,540,540,540,1234,0,3,27.62043584213438,2.1190860134083778,857.4004039983265,11440.64262560778
1781654028,10,POST,/likes,0.600000,0.000000,4,4,4,4,4,4,4,4,4,4,4,116,0,4,3.792806828579191,2.624668995849788,6.690452981274575,180.7155172413793
1781654028,10,POST,/posts,1.200000,0.000000,5,5,7,8,8,15,15,15,15,15,15,199,0,5,4.7894553048828685,3.5671899968292564,15.439501992659643,228.41708542713567
1781654028,10,GET,/timeline/{user_id},13.300000,0.000000,3,3,3,4,4,190,210,210,210,210,210,1579,0,3,15.002988853846176,1.996623002924025,589.3936710199341,6583.299556681444
1781654028,10,GET,/users/{user_id},3.900000,0.000000,3,3,4,4,4,6,16,16,16,16,16,646,0,3,3.0479715865295693,1.728849980281666,41.8606839957647,266.3730650154799
1781654028,10,,Aggregated,47.400000,0.000000,3,3,4,4,5,13,210,430,540,540,540,6366,0,3,11.011654607224513,1.728849980281666,857.4004039983265,7184.154885328307
1781654029,10,GET,/feed/{user_id},17.900000,0.000000,3,3,3,3,4,6,16,21,34,34,34,2617,0,3,3.4556266371448827,1.986375980777666,81.67153899557889,8090.887275506305
1781654029,10,GET,/feed/{user_id}?with_fof=true,9.800000,0.000000,3,3,4,4,4,430,480,540,540,540,540,1243,0,3,27.442554594696578,2.1190860134083778,857.4004039983265,11441.632341110217
1781654029,10,POST,/likes,0.500000,0.000000,4,4,4,4,4,4,4,4,4,4,4,117,0,4,3.7966915224698714,2.624668995849788,6.690452981274575,180.71794871794873
1781654029,10,POST,/posts,1.600000,0.000000,5,5,8,8,8,15,15,15,15,15,15,199,0,5,4.7894553048828685,3.5671899968292564,15.439501992659643,228.41708542713567
1781654029,10,GET,/timeline/{user_id},13.300000,0.000000,3,3,3,4,4,160,200,200,210,210,210,1587,0,3,14.94297644878044,1.996623002924025,589.3936710199341,6590.734719596723
1781654029,10,GET,/users/{user_id},3.900000,0.000000,3,3,3,4,4,6,16,16,16,16,16,651,0,3,3.0443980459130286,1.728849980281666,41.8606839957647,266.37173579109066
1781654029,10,,Aggregated,47.000000,0.000000,3,3,4,4,4,11,200,430,540,540,540,6414,0,3,10.95232172381051,1.728849980281666,857.4004039983265,7186.670408481446
1781654030,10,GET,/feed/{user_id},18.300000,0.000000,3,3,3,3,4,7,16,21,34,34,34,2636,0,3,3.453764558561487,1.986375980777666,81.67153899557889,8094.764036418816
1781654030,10,GET,/feed/{user_id}?with_fof=true,9.700000,0.000000,3,4,4,4,5,430,480,540,540,540,540,1249,0,3,27.602167928088427,2.1190860134083778,857.4004039983265,11442.46517213771
1781654030,10,POST,/likes,0.400000,0.000000,4,4,4,4,4,4,4,4,4,4,4,117,0,4,3.7966915224698714,2.624668995849788,6.690452981274575,180.71794871794873
1781654030,10,POST,/posts,1.600000,0.000000,5,5,7,8,8,15,15,15,15,15,15,200,0,5,4.788628563401289,3.5671899968292564,15.439501992659643,228.42
1781654030,10,GET,/timeline/{user_id},13.000000,0.000000,3,3,3,4,4,180,200,200,210,210,210,1605,0,3,14.93213659089285,1.996623002924025,589.3936710199341,6592.490342679128
1781654030,10,GET,/users/{user_id},3.700000,0.000000,3,3,3,4,4,4,16,16,16,16,16,656,0,3,3.0426537345547553,1.728849980281666,41.8606839957647,266.3780487804878
1781654030,10,,Aggregated,46.700000,0.000000,3,3,4,4,5,12,200,430,540,540,540,6463,0,3,10.97682652291671,1.728849980281666,857.4004039983265,7187.367476404147
1781654031,10,GET,/feed/{user_id},19.000000,0.000000,3,3,3,3,4,6,13,21,34,34,34,2657,0,3,3.4514466888883097,1.986375980777666,81.67153899557889,8102.190063981934
1781654031,10,GET,/feed/{user_id}?with_fof=true,9.200000,0.000000,3,4,4,4,11,430,480,540,540,540,540,1259,0,3,27.71845676270358,2.1190860134083778,857.4004039983265,11441.073073868149
1781654031,10,POST,/likes,0.600000,0.000000,4,4,4,4,4,4,4,4,4,4,4,117,0,4,3.7966915224698714,2.624668995849788,6.690452981274575,180.71794871794873
1781654031,10,POST,/posts,1.400000,0.000000,5,5,5,5,8,15,15,15,15,15,15,205,0,5,4.779845593559624,3.5671899968292564,15.439501992659643,228.41951219512194
1781654031,10,GET,/timeline/{user_id},12.200000,0.000000,3,3,3,4,4,160,200,200,200,200,200,1616,0,3,14.8495203275611,1.996623002924025,589.3936710199341,6590.152846534654
1781654031,10,GET,/users/{user_id},4.300000,0.000000,3,3,3,3,4,6,16,16,16,16,16,661,0,3,3.0409464460787747,1.728849980281666,41.8606839957647,266.40090771558243
1781654031,10,,Aggregated,46.700000,0.000000,3,3,4,4,5,11,200,430,540,540,540,6515,0,3,10.974520740080667,1.728849980281666,857.4004039983265,7187.348887183422
1781654032,10,GET,/feed/{user_id},19.300000,0.000000,3,3,3,3,4,6,13,21,34,34,34,2678,0,3,3.4487733802480984,1.986375980777666,81.67153899557889,8099.79574309186
1781654032,10,GET,/feed/{user_id}?with_fof=true,9.100000,0.000000,3,4,4,4,5,430,480,540,540,540,540,1269,0,3,27.52547823735278,2.1190860134083778,857.4004039983265,11441.203309692672
1781654032,10,POST,/likes,0.600000,0.000000,4,4,4,4,4,4,4,4,4,4,4,118,0,4,3.7961474501910635,2.624668995849788,6.690452981274575,180.72033898305085
1781654032,10,POST,/posts,1.300000,0.000000,5,5,5,5,8,15,15,15,15,15,15,207,0,5,4.776643553989431,3.5671899968292564,15.439501992659643,228.42028985507247
1781654032,10,GET,/timeline/{user_id},12.100000,0.000000,3,3,3,4,4,160,190,200,200,200,200,1625,0,3,14.918651069765193,1.996623002924025,589.3936710199341,6588.962461538462
1781654032,10,GET,/users/{user_id},4.200000,0.000000,3,3,3,4,4,6,16,16,16,16,16,666,0,3,3.0426403375443174,1.728849980281666,41.8606839957647,266.4039039039039
1781654032,10,,Aggregated,46.600000,0.000000,3,3,4,4,5,12,200,430,540,540,540,6563,0,3,10.951023017442694,1.728849980281666,857.4004039983265,7186.231449032454
1781654033,10,GET,/feed/{user_id},18.800000,0.000000,3,3,3,3,4,5,9,21,34,34,34,2695,0,3,3.446298455402639,1.986375980777666,81.67153899557889,8098.8315398886825
1781654033,10,GET,/feed/{user_id}?with_fof=true,9.200000,0.000000,3,4,4,4,5,440,480,540,540,540,540,1274,0,3,27.430206067679016,2.1190860134083778,857.4004039983265,11441.740973312402
1781654033,10,POST,/likes,0.600000,0.000000,4,4,4,4,12,12,12,12,12,12,12,122,0,4,3.862985213703216,2.624668995849788,12.04868097556755,180.7295081967213
1781654033,10,POST,/posts,1.400000,0.000000,5,5,5,6,8,15,15,15,15,15,15,210,0,5,4.777487617684528,3.5671899968292564,15.439501992659643,228.42380952380952
1781654033,10,GET,/timeline/{user_id},11.900000,0.000000,3,3,3,3,4,31,190,200,200,200,200,1634,0,3,14.852503123195161,1.996623002924025,589.3936710199341,6591.763157894737
1781654033,10,GET,/users/{user_id},4.500000,0.000000,3,3,3,4,4,4,16,16,16,16,16,675,0,3,3.03573160272747,1.728849980281666,41.8606839957647,266.42962962962963
1781654033,10,,Aggregated,46.400000,0.000000,3,3,4,4,4,8,200,430,540,540,540,6610,0,3,10.89659945513777,1.728849980281666,857.4004039983265,7174.573071104387
1781654034,10,GET,/feed/{user_id},19.400000,0.000000,3,3,3,3,4,5,8,24,34,34,34,2709,0,3,3.4529759192826543,1.986375980777666,81.67153899557889,8096.2583979328165
1781654034,10,GET,/feed/{user_id}?with_fof=true,9.500000,0.000000,3,4,4,4,4,350,430,440,440,440,440,1285,0,3,27.471439600156636,2.1190860134083778,857.4004039983265,11443.144747081713
1781654034,10,POST,/likes,0.500000,0.000000,4,4,4,4,12,12,12,12,12,12,12,124,0,4,3.8550343796809865,2.624668995849788,12.04868097556755,180.73387096774192
1781654034,10,POST,/posts,1.800000,0.000000,5,5,5,5,7,8,15,15,15,15,15,211,0,5,4.776604207242525,3.5671899968292564,15.439501992659643,228.4265402843602
1781654034,10,GET,/timeline/{user_id},11.800000,0.000000,3,3,3,3,4,31,190,200,200,200,200,1646,0,3,14.861041173932424,1.996623002924025,589.3936710199341,6601.21142162819
1781654034,10,GET,/users/{user_id},4.000000,0.000000,3,3,3,4,4,4,6,16,16,16,16,680,0,3,3.035484940953799,1.728849980281666,41.8606839957647,266.43529411764706
1781654034,10,,Aggregated,47.000000,0.000000,3,3,4,4,4,6,160,330,440,440,440,6655,0,3,10.919038757999692,1.728849980281666,857.4004039983265,7175.745154019534
1781654035,10,GET,/feed/{user_id},18.800000,0.000000,3,3,3,3,4,4,7,24,34,34,34,2727,0,3,3.449082460678256,1.986375980777666,81.67153899557889,8099.2042537587095
1781654035,10,GET,/feed/{user_id}?with_fof=true,9.100000,0.000000,3,3,4,4,4,350,430,440,440,440,440,1297,0,3,27.24610379816815,2.1190860134083778,857.4004039983265,11444.856592135699
1781654035,10,POST,/likes,0.600000,0.000000,4,4,4,4,4,12,12,12,12,12,12,126,0,4,3.858395151577757,2.624668995849788,12.04868097556755,180.74603174603175
1781654035,10,POST,/posts,1.800000,0.000000,5,5,5,5,7,8,15,15,15,15,15,214,0,5,4.7691463306219815,3.5671899968292564,15.439501992659643,228.42523364485982
1781654035,10,GET,/timeline/{user_id},12.100000,0.000000,3,3,3,3,4,31,190,200,200,200,200,1653,0,3,14.81021454466433,1.996623002924025,589.3936710199341,6597.7422867513615
1781654035,10,GET,/users/{user_id},4.700000,0.000000,3,3,3,3,4,4,4,16,16,16,16,689,0,3,3.025822829913364,1.728849980281666,41.8606839957647,266.4455732946299
1781654035,10,,Aggregated,47.100000,0.000000,3,3,3,4,4,5,160,330,440,440,440,6706,0,3,10.85843664964003,1.728849980281666,857.4004039983265,7171.460632269609
1781654036,10,GET,/feed/{user_id},19.000000,0.000000,3,3,3,3,4,4,5,8,24,24,24,2742,0,3,3.4466331678737814,1.986375980777666,81.67153899557889,8090.067104303428
1781654036,10,GET,/feed/{user_id}?with_fof=true,8.600000,0.000000,3,3,4,4,4,4,400,440,440,440,440,1308,0,3,27.044236679027954,2.1190860134083778,857.4004039983265,11444.718654434251
1781654036,10,POST,/likes,0.900000,0.000000,4,4,4,4,4,12,12,12,12,12,12,128,0,4,3.850174016406527,2.624668995849788,12.04868097556755,180.734375
1781654036,10,POST,/posts,2.000000,0.000000,5,5,5,5,6,7,7,7,7,7,7,215,0,5,4.770078236063899,3.5671899968292564,15.439501992659643,228.41860465116278
1781654036,10,GET,/timeline/{user_id},12.200000,0.000000,3,3,3,3,4,11,190,200,200,200,200,1666,0,3,14.718970603414109,1.996623002924025,589.3936710199341,6598.609843937575
1781654036,10,GET,/users/{user_id},4.800000,0.000000,3,3,3,3,4,4,4,4,4,4,4,693,0,3,3.025849493216081,1.728849980281666,41.8606839957647,266.4574314574315
1781654036,10,,Aggregated,47.500000,0.000000,3,3,3,4,4,5,31,200,440,440,440,6752,0,3,10.805929730660381,1.728849980281666,857.4004039983265,7168.666913507109
1781654037,10,GET,/feed/{user_id},19.100000,0.000000,3,3,3,3,4,4,5,12,24,24,24,2757,0,3,3.4483326381119017,1.986375980777666,81.67153899557889,8089.414218353282
1781654037,10,GET,/feed/{user_id}?with_fof=true,8.500000,0.000000,3,3,4,4,4,4,350,400,400,400,400,1318,0,3,26.863963557794133,2.1190860134083778,857.4004039983265,11445.90440060698
1781654037,10,POST,/likes,1.200000,0.000000,4,4,4,4,4,12,12,12,12,12,12,128,0,4,3.850174016406527,2.624668995849788,12.04868097556755,180.734375
1781654037,10,POST,/posts,2.000000,0.000000,5,5,5,5,5,6,7,7,7,7,7,216,0,5,4.768931091449405,3.5671899968292564,15.439501992659643,228.4212962962963
1781654037,10,GET,/timeline/{user_id},11.600000,0.000000,3,3,3,3,4,31,200,200,210,210,210,1678,0,3,14.874189680106289,1.996623002924025,589.3936710199341,6600.42610250298
1781654037,10,GET,/users/{user_id},5.400000,0.000000,3,3,3,3,4,4,4,4,4,4,4,700,0,3,3.0270276110968553,1.728849980281666,41.8606839957647,266.4457142857143
1781654037,10,,Aggregated,47.800000,0.000000,3,3,3,4,4,5,31,200,400,400,400,6797,0,3,10.815724297967698,1.728849980281666,857.4004039983265,7168.267912314256
1781654038,10,GET,/feed/{user_id},18.600000,0.000000,3,3,3,3,4,4,5,12,24,24,24,2771,0,3,3.4467702108577836,1.986375980777666,81.67153899557889,8091.547094911584
1781654038,10,GET,/feed/{user_id}?with_fof=true,8.600000,0.000000,3,3,4,4,4,4,350,400,400,400,400,1328,0,3,26.686068583758132,2.1190860134083778,857.4004039983265,11446.154367469879
1781654038,10,POST,/likes,1.200000,0.000000,4,4,4,4,4,12,12,12,12,12,12,128,0,4,3.850174016406527,2.624668995849788,12.04868097556755,180.734375
1781654038,10,POST,/posts,2.400000,0.000000,5,5,5,5,5,6,6,6,6,6,6,216,0,5,4.768931091449405,3.5671899968292564,15.439501992659643,228.4212962962963
1781654038,10,GET,/timeline/{user_id},11.300000,0.000000,3,3,3,3,4,31,200,200,210,210,210,1700,0,3,14.72122127255288,1.996623002924025,589.3936710199341,6601.308823529412
1781654038,10,GET,/users/{user_id},5.800000,0.000000,3,3,3,3,4,4,4,4,4,4,4,704,0,3,3.0230162212154195,1.728849980281666,41.8606839957647,266.45454545454544
1781654038,10,,Aggregated,47.900000,0.000000,3,3,3,4,4,5,31,200,400,400,400,6847,0,3,10.759060947341371,1.728849980281666,857.4004039983265,7171.674017818023
1781654039,10,GET,/feed/{user_id},18.200000,0.000000,3,3,3,3,4,4,5,24,24,24,24,2792,0,3,3.4519842880910443,1.986375980777666,81.67153899557889,8081.2496418338105
1781654039,10,GET,/feed/{user_id}?with_fof=true,9.000000,0.000000,3,3,4,4,4,4,330,400,400,400,400,1334,0,3,26.580101474698086,2.1190860134083778,857.4004039983265,11446.059220389805
1781654039,10,POST,/likes,1.300000,0.000000,4,4,4,4,4,12,12,12,12,12,12,129,0,4,3.84922294634712,2.624668995849788,12.04868097556755,180.73643410852713
1781654039,10,POST,/posts,2.100000,0.000000,5,5,5,5,5,6,6,6,6,6,6,218,0,5,4.770362732874298,3.5671899968292564,15.439501992659643,228.42660550458714
1781654039,10,GET,/timeline/{user_id},11.100000,0.000000,3,3,3,4,4,200,200,200,210,210,210,1713,0,3,14.989041721713889,1.996623002924025,589.3936710199341,6594.202568593111
1781654039,10,GET,/users/{user_id},6.100000,0.000000,3,3,3,3,4,4,4,4,4,4,4,707,0,3,3.0213997832201738,1.728849980281666,41.8606839957647,266.44978783592643
1781654039,10,,Aggregated,47.800000,0.000000,3,3,3,4,4,5,190,200,400,400,400,6893,0,3,10.800035173578323,1.728849980281666,857.4004039983265,7165.131727839837
1781654040,10,GET,/feed/{user_id},17.600000,0.000000,3,3,3,3,4,4,5,24,24,24,24,2805,0,3,3.450623894583039,1.986375980777666,81.67153899557889,8079.824598930481
1781654040,10,GET,/feed/{user_id}?with_fof=true,9.400000,0.000000,3,3,4,4,4,4,360,380,380,380,380,1346,0,3,26.914930517260604,2.1190860134083778,857.4004039983265,11441.109212481426
1781654040,10,POST,/likes,1.300000,0.000000,4,4,4,4,4,12,12,12,12,12,12,130,0,4,3.84961742361506,2.624668995849788,12.04868097556755,180.73846153846154
1781654040,10,POST,/posts,1.700000,0.000000,5,5,5,5,5,6,6,6,6,6,6,218,0,5,4.770362732874298,3.5671899968292564,15.439501992659643,228.42660550458714
1781654040,10,GET,/timeline/{user_id},12.300000,0.000000,3,3,3,4,4,190,200,200,210,210,210,1726,0,3,14.898997714560505,1.996623002924025,589.3936710199341,6588.6002317497105
1781654040,10,GET,/users/{user_id},6.100000,0.000000,3,3,3,3,4,4,4,4,4,4,4,712,0,3,3.0217415305231228,1.728849980281666,41.8606839957647,266.43398876404495
1781654040,10,,Aggregated,48.400000,0.000000,3,3,3,4,4,5,190,200,380,380,380,6937,0,3,10.856859718385273,1.728849980281666,857.4004039983265,7164.272596223152
1781654041,10,GET,/feed/{user_id},17.400000,0.000000,3,3,3,3,4,4,5,24,24,24,24,2824,0,3,3.449487782346211,1.986375980777666,81.67153899557889,8075.866501416431
1781654041,10,GET,/feed/{user_id}?with_fof=true,9.100000,0.000000,3,3,4,4,4,4,360,380,380,380,380,1358,0,3,26.92956440074442,2.1190860134083778,857.4004039983265,11439.226804123711
1781654041,10,POST,/likes,1.200000,0.000000,4,4,4,4,4,12,12,12,12,12,12,131,0,4,3.844476756168785,2.624668995849788,12.04868097556755,180.74045801526717
1781654041,10,POST,/posts,1.900000,0.000000,5,5,5,5,5,6,6,6,6,6,6,219,0,5,4.771281944212533,3.5671899968292564,15.439501992659643,228.42465753424656
1781654041,10,GET,/timeline/{user_id},12.600000,0.000000,3,3,3,4,4,190,200,200,210,210,210,1738,0,3,14.817546292497365,1.996623002924025,589.3936710199341,6587.731875719218
1781654041,10,GET,/users/{user_id},5.700000,0.000000,3,3,3,3,4,4,4,4,4,4,4,715,0,3,3.0212888681375376,1.728849980281666,41.8606839957647,266.43356643356645
1781654041,10,,Aggregated,47.900000,0.000000,3,3,3,4,4,5,200,210,380,380,380,6985,0,3,10.848010902144027,1.728849980281666,857.4004039983265,7165.983822476735
1781654042,10,GET,/feed/{user_id},16.800000,0.000000,3,3,3,4,4,4,10,24,24,24,24,2841,0,3,3.45253198392347,1.986375980777666,81.67153899557889,8070.927138331574
1781654042,10,GET,/feed/{user_id}?with_fof=true,9.500000,0.000000,3,3,4,4,4,4,360,380,380,380,380,1364,0,3,26.82605752142937,2.1190860134083778,857.4004039983265,11439.729472140762
1781654042,10,POST,/likes,1.300000,0.000000,4,4,4,4,4,12,12,12,12,12,12,131,0,4,3.844476756168785,2.624668995849788,12.04868097556755,180.74045801526717
1781654042,10,POST,/posts,1.800000,0.000000,5,5,5,5,6,16,16,16,16,16,16,222,0,5,4.821427990021688,3.5671899968292564,16.4965619915165,228.42792792792793
1781654042,10,GET,/timeline/{user_id},12.900000,0.000000,3,3,4,4,4,160,200,210,210,210,210,1755,0,3,14.82418086230516,1.996623002924025,589.3936710199341,6580.066096866097
1781654042,10,GET,/users/{user_id},5.500000,0.000000,3,3,3,3,4,4,4,4,4,4,4,717,0,3,3.0208746174845915,1.728849980281666,41.8606839957647,266.4379358437936
1781654042,10,,Aggregated,47.800000,0.000000,3,3,4,4,4,5,200,210,380,380,380,7030,0,3,10.832969247294619,1.728849980281666,857.4004039983265,7161.697724039829
1781654043,10,GET,/feed/{user_id},16.700000,0.000000,3,3,3,4,4,4,5,12,24,24,24,2862,0,3,3.4505488023299864,1.986375980777666,81.67153899557889,8066.721523410202
1781654043,10,GET,/feed/{user_id}?with_fof=true,9.900000,0.000000,3,3,4,4,4,4,360,380,380,380,380,1375,0,3,26.63940638851967,2.1190860134083778,857.4004039983265,11440.41309090909
1781654043,10,POST,/likes,1.400000,0.000000,4,4,4,4,4,4,4,4,4,4,4,132,0,4,3.8445567578574726,2.624668995849788,12.04868097556755,180.7348484848485
1781654043,10,POST,/posts,1.600000,0.000000,5,5,5,5,6,16,16,16,16,16,16,225,0,5,4.82126014565842,3.5671899968292564,16.4965619915165,228.42222222222222
1781654043,10,GET,/timeline/{user_id},12.400000,0.000000,3,3,4,4,4,30,200,210,210,210,210,1769,0,3,14.747191866235402,1.996623002924025,589.3936710199341,6580.685698134539
1781654043,10,GET,/users/{user_id},5.500000,0.000000,3,3,3,3,4,4,4,4,4,4,4,719,0,3,3.0202589314968504,1.728849980281666,41.8606839957647,266.442280945758
1781654043,10,,Aggregated,47.500000,0.000000,3,3,4,4,4,5,200,210,380,380,380,7082,0,3,10.781737936234109,1.728849980281666,857.4004039983265,7162.606890708839
1781654044,10,GET,/feed/{user_id},16.300000,0.000000,3,3,3,4,4,4,5,12,24,24,24,2881,0,3,3.448069686295076,1.986375980777666,81.67153899557889,8073.23464074974
1781654044,10,GET,/feed/{user_id}?with_fof=true,9.700000,0.000000,3,4,4,4,4,4,370,380,380,380,380,1385,0,3,26.738633724334665,2.1190860134083778,857.4004039983265,11441.85703971119
1781654044,10,POST,/likes,1.400000,0.000000,4,4,4,4,4,4,4,4,4,4,4,132,0,4,3.8445567578574726,2.624668995849788,12.04868097556755,180.7348484848485
1781654044,10,POST,/posts,1.500000,0.000000,5,5,5,5,6,16,16,16,16,16,16,226,0,5,4.823903198146871,3.5671899968292564,16.4965619915165,228.41592920353983
1781654044,10,GET,/timeline/{user_id},12.700000,0.000000,3,3,4,4,4,30,200,210,210,210,210,1784,0,3,14.65106471151953,1.996623002924025,589.3936710199341,6580.032511210762
1781654044,10,GET,/users/{user_id},5.500000,0.000000,3,3,3,3,3,4,4,4,4,4,4,723,0,3,3.0202139940651915,1.728849980281666,41.8606839957647,266.45228215767634
1781654044,10,,Aggregated,47.100000,0.000000,3,3,4,4,4,5,200,210,380,380,380,7131,0,3,10.781895141256202,1.728849980281666,857.4004039983265,7167.699200673117
1781654045,10,GET,/feed/{user_id},16.700000,0.000000,3,3,3,4,4,4,5,12,24,24,24,2900,0,3,3.445928400063261,1.986375980777666,81.67153899557889,8069.527931034483
1781654045,10,GET,/feed/{user_id}?with_fof=true,9.600000,0.000000,3,4,4,4,4,310,380,410,410,410,410,1392,0,3,26.909010651722603,2.1190860134083778,857.4004039983265,11442.343390804597
1781654045,10,POST,/likes,1.100000,0.000000,4,4,4,4,4,4,4,4,4,4,4,132,0,4,3.8445567578574726,2.624668995849788,12.04868097556755,180.7348484848485
1781654045,10,POST,/posts,1.700000,0.000000,5,5,5,5,6,16,16,16,16,16,16,227,0,5,4.82417358493736,3.5671899968292564,16.4965619915165,228.41850220264317
1781654045,10,GET,/timeline/{user_id},13.400000,0.000000,3,3,4,4,4,200,210,210,210,210,210,1796,0,3,14.79820104195378,1.996623002924025,589.3936710199341,6582.457683741648
1781654045,10,GET,/users/{user_id},4.600000,0.000000,3,3,3,3,3,4,4,4,4,4,4,729,0,3,3.0190641792977817,1.728849980281666,41.8606839957647,266.4567901234568
1781654045,10,,Aggregated,47.100000,0.000000,3,3,4,4,4,5,200,310,410,410,410,7176,0,3,10.846094055359025,1.728849980281666,857.4004039983265,7165.75
1781654046,10,GET,/feed/{user_id},17.200000,0.000000,3,3,3,4,4,4,5,10,24,24,24,2917,0,3,3.4428374292817443,1.986375980777666,81.67153899557889,8060.179979430922
1781654046,10,GET,/feed/{user_id}?with_fof=true,10.100000,0.000000,3,4,4,4,4,310,380,410,410,410,410,1402,0,3,26.864792992355575,2.1190860134083778,857.4004039983265,11432.910128388017
1781654046,10,POST,/likes,0.900000,0.000000,4,4,4,4,4,4,4,4,4,4,4,134,0,4,3.8391090970774835,2.624668995849788,12.04868097556755,180.73880597014926
1781654046,10,POST,/posts,1.500000,0.000000,5,5,5,6,6,16,16,16,16,16,16,228,0,5,4.827367463899702,3.5671899968292564,16.4965619915165,228.42105263157896
1781654046,10,GET,/timeline/{user_id},13.700000,0.000000,3,3,4,4,4,200,200,210,210,210,210,1809,0,3,14.713984172692268,1.996623002924025,589.3936710199341,6576.607517965727
1781654046,10,GET,/users/{user_id},4.500000,0.000000,3,3,3,3,4,4,4,4,4,4,4,737,0,3,3.0137420592613497,1.728849980281666,41.8606839957647,266.4450474898236
1781654046,10,,Aggregated,47.900000,0.000000,3,3,4,4,4,5,200,310,410,410,410,7227,0,3,10.815137985796431,1.728849980281666,857.4004039983265,7155.145565241456
1781654047,10,GET,/feed/{user_id},17.000000,0.000000,3,3,3,4,4,4,5,10,24,24,24,2939,0,3,3.4397871256061276,1.986375980777666,81.67153899557889,8058.4800952705
1781654047,10,GET,/feed/{user_id}?with_fof=true,9.700000,0.000000,3,4,4,4,4,310,380,410,410,410,410,1418,0,3,26.59754947830965,2.1190860134083778,857.4004039983265,11434.758110014105
1781654047,10,POST,/likes,0.600000,0.000000,4,4,4,4,4,4,4,4,4,4,4,135,0,4,3.8387746815311,2.624668995849788,12.04868097556755,180.74074074074073
1781654047,10,POST,/posts,1.500000,0.000000,5,5,5,6,6,16,16,16,16,16,16,229,0,5,4.822611322145559,3.5671899968292564,16.4965619915165,228.4235807860262
1781654047,10,GET,/timeline/{user_id},14.400000,0.000000,3,3,4,4,4,200,200,210,210,210,210,1818,0,3,14.656150564553915,1.996623002924025,589.3936710199341,6579.321782178218
1781654047,10,GET,/users/{user_id},4.000000,0.000000,3,3,3,3,4,4,4,4,4,4,4,739,0,3,3.013098816942179,1.728849980281666,41.8606839957647,266.4519621109608
1781654047,10,,Aggregated,47.200000,0.000000,3,3,4,4,4,5,200,310,410,410,410,7278,0,3,10.761065381870955,1.728849980281666,857.4004039983265,7163.119538334708
1781654048,10,GET,/feed/{user_id},17.300000,0.000000,3,3,3,4,4,4,5,10,24,24,24,2958,0,3,3.4371991518241347,1.986375980777666,81.67153899557889,8057.475659229209
1781654048,10,GET,/feed/{user_id}?with_fof=true,9.600000,0.000000,3,4,4,4,4,310,380,410,410,410,410,1427,0,3,26.448806464771128,2.1190860134083778,857.4004039983265,11435.783461807989
1781654048,10,POST,/likes,0.600000,0.000000,4,4,4,4,4,4,4,4,4,4,4,135,0,4,3.8387746815311,2.624668995849788,12.04868097556755,180.74074074074073
1781654048,10,POST,/posts,1.200000,0.000000,5,5,5,6,6,16,16,16,16,16,16,229,0,5,4.822611322145559,3.5671899968292564,16.4965619915165,228.4235807860262
1781654048,10,GET,/timeline/{user_id},13.900000,0.000000,3,3,4,4,4,4,200,210,210,210,210,1834,0,3,14.55240758849895,1.996623002924025,589.3936710199341,6579.32824427481
1781654048,10,GET,/users/{user_id},4.600000,0.000000,3,3,3,3,4,4,4,4,4,4,4,747,0,3,3.0088060304218307,1.728849980281666,41.8606839957647,266.45649263721555
1781654048,10,,Aggregated,47.200000,0.000000,3,3,4,4,4,5,200,310,410,410,410,7330,0,3,10.705182552951488,1.728849980281666,857.4004039983265,7161.680218281037
1781654049,10,GET,/feed/{user_id},18.100000,0.000000,3,3,3,4,4,4,5,7,10,10,10,2981,0,3,3.435060090255489,1.986375980777666,81.67153899557889,8063.270714525327
1781654049,10,GET,/feed/{user_id}?with_fof=true,9.300000,0.000000,3,4,4,4,4,180,370,410,410,410,410,1433,0,3,26.34931478592673,2.1190860134083778,857.4004039983265,11434.72923935799
1781654049,10,POST,/likes,0.700000,0.000000,4,4,4,4,4,4,4,4,4,4,4,137,0,4,3.8308747302669435,2.624668995849788,12.04868097556755,180.75182481751824
1781654049,10,POST,/posts,1.300000,0.000000,5,5,5,6,6,16,16,16,16,16,16,232,0,5,4.817881658427409,3.5671899968292564,16.4965619915165,228.43103448275863
1781654049,10,GET,/timeline/{user_id},14.300000,0.000000,3,3,3,4,4,4,200,210,210,210,210,1841,0,3,14.507855867630854,1.996623002924025,589.3936710199341,6580.093427485062
1781654049,10,GET,/users/{user_id},4.100000,0.000000,3,3,3,3,4,4,4,4,4,4,4,753,0,3,3.0069883024535833,1.728849980281666,41.8606839957647,266.44754316069054
1781654049,10,,Aggregated,47.800000,0.000000,3,3,4,4,4,4,16,210,410,410,410,7377,0,3,10.656674182478284,1.728849980281666,857.4004039983265,7159.40395824861
1781654050,10,GET,/feed/{user_id},18.400000,0.000000,3,3,3,4,4,4,5,7,10,10,10,3002,0,3,3.4338902791384682,1.986375980777666,81.67153899557889,8065.834443704197
1781654050,10,GET,/feed/{user_id}?with_fof=true,9.900000,0.000000,3,3,4,4,4,4,370,410,410,410,410,1442,0,3,26.457271226242586,2.1190860134083778,857.4004039983265,11434.036754507628
1781654050,10,POST,/likes,0.700000,0.000000,4,4,4,4,4,4,4,4,4,4,4,137,0,4,3.8308747302669435,2.624668995849788,12.04868097556755,180.75182481751824
1781654050,10,POST,/posts,1.300000,0.000000,5,5,5,6,6,16,16,16,16,16,16,233,0,5,4.8156891319433095,3.5671899968292564,16.4965619915165,228.43347639484978
1781654050,10,GET,/timeline/{user_id},13.100000,0.000000,3,3,4,4,4,4,200,210,210,210,210,1851,0,3,14.445759417232692,1.996623002924025,589.3936710199341,6580.754186925986
1781654050,10,GET,/users/{user_id},4.100000,0.000000,3,3,3,3,4,4,4,4,4,4,4,761,0,3,3.0028175752081894,1.728849980281666,41.8606839957647,266.4546649145861
1781654050,10,,Aggregated,47.500000,0.000000,3,3,4,4,4,4,10,210,410,410,410,7426,0,3,10.655945864265554,1.728849980281666,857.4004039983265,7159.069754915163
1781654051,10,GET,/feed/{user_id},19.000000,0.000000,3,3,3,3,4,4,5,7,10,10,10,3021,0,3,3.431543739812676,1.986375980777666,81.67153899557889,8063.070837471036
1781654051,10,GET,/feed/{user_id}?with_fof=true,9.900000,0.000000,3,3,4,4,4,4,370,410,410,410,410,1452,0,3,26.297367740517576,2.1190860134083778,857.4004039983265,11434.729338842975
1781654051,10,POST,/likes,0.800000,0.000000,4,4,4,4,4,4,4,4,4,4,4,139,0,4,3.8206831226711624,2.624668995849788,12.04868097556755,180.75539568345323
1781654051,10,POST,/posts,1.400000,0.000000,5,5,5,5,6,6,6,6,6,6,6,233,0,5,4.8156891319433095,3.5671899968292564,16.4965619915165,228.43347639484978
1781654051,10,GET,/timeline/{user_id},13.000000,0.000000,3,3,3,4,4,4,30,200,210,210,210,1866,0,3,14.353701775561168,1.996623002924025,589.3936710199341,6581.994640943194
1781654051,10,GET,/users/{user_id},4.100000,0.000000,3,3,3,3,4,4,4,4,4,4,4,763,0,3,3.0006692224279226,1.6786649939604104,41.8606839957647,266.45871559633025
1781654051,10,,Aggregated,48.200000,0.000000,3,3,3,4,4,4,6,200,410,410,410,7474,0,3,10.607053819763092,1.6786649939604104,857.4004039983265,7161.549906341986
1781654052,10,GET,/feed/{user_id},19.300000,0.000000,3,3,3,3,4,4,4,5,7,7,7,3036,0,3,3.4298805437937756,1.986375980777666,81.67153899557889,8068.745059288538
1781654052,10,GET,/feed/{user_id}?with_fof=true,9.700000,0.000000,3,3,4,4,4,4,370,410,410,410,410,1463,0,3,26.124699918122108,2.1190860134083778,857.4004039983265,11436.084757347915
1781654052,10,POST,/likes,0.700000,0.000000,4,4,4,4,4,4,4,4,4,4,4,141,0,4,3.8218526526747256,2.624668995849788,12.04868097556755,180.75886524822695
1781654052,10,POST,/posts,1.500000,0.000000,5,5,5,5,6,6,6,6,6,6,6,234,0,5,4.813240186941141,3.5671899968292564,16.4965619915165,228.43589743589743
1781654052,10,GET,/timeline/{user_id},12.200000,0.000000,3,3,3,3,4,4,200,200,210,210,210,1878,0,3,14.386458909550024,1.996623002924025,589.3936710199341,6578.376464323748
1781654052,10,GET,/users/{user_id},4.900000,0.000000,3,3,3,3,4,4,4,4,4,4,4,768,0,3,2.9989629983523023,1.6786649939604104,41.8606839957647,266.4466145833333
1781654052,10,,Aggregated,48.300000,0.000000,3,3,3,4,4,4,5,200,410,410,410,7520,0,3,10.587726882155774,1.6786649939604104,857.4004039983265,7162.960771276596
1781654053,10,GET,/feed/{user_id},19.400000,0.000000,3,3,3,3,4,4,5,7,7,7,7,3054,0,3,3.4287988395245956,1.986375980777666,81.67153899557889,8071.408316961362
1781654053,10,GET,/feed/{user_id}?with_fof=true,9.300000,0.000000,3,3,4,4,4,4,370,410,410,410,410,1473,0,3,26.214266000840325,2.1190860134083778,857.4004039983265,11436.930753564155
1781654053,10,POST,/likes,0.800000,0.000000,4,4,4,4,4,4,4,4,4,4,4,141,0,4,3.8218526526747256,2.624668995849788,12.04868097556755,180.75886524822695
1781654053,10,POST,/posts,1.400000,0.000000,5,5,5,5,6,6,6,6,6,6,6,235,0,5,4.813466275462564,3.5671899968292564,16.4965619915165,228.43829787234043
1781654053,10,GET,/timeline/{user_id},13.000000,0.000000,3,3,3,3,4,4,200,200,210,210,210,1892,0,3,14.302233855242385,1.996623002924025,589.3936710199341,6583.6760042283295
1781654053,10,GET,/users/{user_id},4.800000,0.000000,3,3,3,3,4,4,4,4,4,4,4,774,0,3,2.9983794776820853,1.6786649939604104,41.8606839957647,266.4496124031008
1781654053,10,,Aggregated,48.700000,0.000000,3,3,3,3,4,4,7,200,410,410,410,7569,0,3,10.587367346248023,1.6786649939604104,857.4004039983265,7165.860351433479
1781654054,10,GET,/feed/{user_id},19.500000,0.000000,3,3,3,3,4,4,5,7,7,7,7,3071,0,3,3.4275468179308004,1.986375980777666,81.67153899557889,8071.205470530772
1781654054,10,GET,/feed/{user_id}?with_fof=true,9.700000,0.000000,3,3,4,4,4,4,370,370,370,370,370,1482,0,3,26.075052223517087,2.1190860134083778,857.4004039983265,11437.68286099865
1781654054,10,POST,/likes,0.900000,0.000000,4,4,4,4,4,4,4,4,4,4,4,142,0,4,3.8255670425173838,2.624668995849788,12.04868097556755,180.7605633802817
1781654054,10,POST,/posts,1.200000,0.000000,5,5,5,5,5,6,6,6,6,6,6,237,0,5,4.812916171715402,3.5671899968292564,16.4965619915165,228.43881856540085
1781654054,10,GET,/timeline/{user_id},12.400000,0.000000,3,3,3,3,4,4,5,21,200,200,200,1904,0,3,14.24260948852334,1.996623002924025,589.3936710199341,6580.5971638655465
1781654054,10,GET,/users/{user_id},5.000000,0.000000,3,3,3,3,4,4,4,4,4,4,4,777,0,3,2.995991675294648,1.6786649939604104,41.8606839957647,266.44787644787647
1781654054,10,,Aggregated,48.700000,0.000000,3,3,3,4,4,4,6,21,370,370,370,7613,0,3,10.547606636503904,1.6786649939604104,857.4004039983265,7165.8495993695
1781654055,10,GET,/feed/{user_id},19.100000,0.000000,3,3,3,3,4,4,5,7,7,7,7,3091,0,3,3.4241507223282106,1.986375980777666,81.67153899557889,8067.454221934649
1781654055,10,GET,/feed/{user_id}?with_fof=true,10.000000,0.000000,3,3,4,4,4,4,370,370,370,370,370,1488,0,3,25.98174582610266,2.1190860134083778,857.4004039983265,11436.506720430107
1781654055,10,POST,/likes,1.000000,0.000000,4,4,4,4,4,4,4,4,4,4,4,142,0,4,3.8255670425173838,2.624668995849788,12.04868097556755,180.7605633802817
1781654055,10,POST,/posts,1.000000,0.000000,5,5,5,5,5,6,6,6,6,6,6,239,0,5,4.811048559322329,3.5671899968292564,16.4965619915165,228.43933054393307
1781654055,10,GET,/timeline/{user_id},12.100000,0.000000,3,3,3,3,4,4,5,21,200,200,200,1917,0,3,14.16731619362765,1.996623002924025,589.3936710199341,6588.466353677622
1781654055,10,GET,/users/{user_id},5.300000,0.000000,3,3,3,3,4,4,4,4,4,4,4,785,0,3,2.9886862417315223,1.6786649939604104,41.8606839957647,266.4458598726115
1781654055,10,,Aggregated,48.500000,0.000000,3,3,3,4,4,4,5,7,370,370,370,7662,0,3,10.498932738268888,1.6786649939604104,857.4004039983265,7161.777342730357
1781654056,10,GET,/feed/{user_id},18.500000,0.000000,3,3,3,3,4,4,5,7,7,7,7,3119,0,3,3.4202718614306034,1.986375980777666,81.67153899557889,8066.965694132735
1781654056,10,GET,/feed/{user_id}?with_fof=true,9.700000,0.000000,3,3,4,4,4,4,370,370,370,370,370,1494,0,3,25.89018838835049,2.1190860134083778,857.4004039983265,11437.504016064257
1781654056,10,POST,/likes,1.000000,0.000000,4,4,4,4,4,4,4,4,4,4,4,143,0,4,3.8279940002155,2.624668995849788,12.04868097556755,180.76223776223776
1781654056,10,POST,/posts,1.100000,0.000000,5,5,5,5,5,6,6,6,6,6,6,240,0,5,4.809882602785365,3.5671899968292564,16.4965619915165,228.44166666666666
1781654056,10,GET,/timeline/{user_id},11.800000,0.000000,3,3,3,3,4,4,5,21,200,200,200,1926,0,3,14.11552113560773,1.996623002924025,589.3936710199341,6590.985462097612
1781654056,10,GET,/users/{user_id},5.500000,0.000000,3,3,3,3,4,4,4,4,4,4,4,791,0,3,2.9902312727692135,1.6786649939604104,41.8606839957647,266.4513274336283
1781654056,10,,Aggregated,47.600000,0.000000,3,3,3,4,4,4,5,7,370,370,370,7713,0,3,10.450059769044202,1.6786649939604104,857.4004039983265,7161.178918708673
1781654057,10,GET,/feed/{user_id},19.400000,0.000000,3,3,3,3,4,4,5,6,7,7,7,3138,0,3,3.419310223972134,1.986375980777666,81.67153899557889,8076.052899936265
1781654057,10,GET,/feed/{user_id}?with_fof=true,9.500000,0.000000,3,3,4,4,4,4,370,370,370,370,370,1506,0,3,25.70966912696638,2.1190860134083778,857.4004039983265,11437.920318725099
1781654057,10,POST,/likes,1.000000,0.000000,4,4,4,4,4,4,4,4,4,4,4,144,0,4,3.821875333515992,2.624668995849788,12.04868097556755,180.75
1781654057,10,POST,/posts,1.200000,0.000000,5,5,5,5,5,5,5,5,5,5,5,242,0,5,4.804821085441696,3.5671899968292564,16.4965619915165,228.43388429752065
1781654057,10,GET,/timeline/{user_id},11.600000,0.000000,3,3,3,3,4,4,5,21,200,200,200,1939,0,3,14.041612401325832,1.996623002924025,589.3936710199341,6594.268695203713
1781654057,10,GET,/users/{user_id},5.700000,0.000000,3,3,3,3,4,4,4,4,4,4,4,795,0,3,2.9902081518893793,1.6786649939604104,41.8606839957647,266.462893081761
1781654057,10,,Aggregated,48.400000,0.000000,3,3,3,4,4,4,5,7,370,370,370,7764,0,3,10.402572883264034,1.6786649939604104,857.4004039983265,7167.387429160227
1781654058,10,GET,/feed/{user_id},19.700000,0.000000,3,3,3,3,4,4,5,6,7,7,7,3152,0,3,3.418172309918611,1.986375980777666,81.67153899557889,8073.818527918782
1781654058,10,GET,/feed/{user_id}?with_fof=true,9.100000,0.000000,3,3,4,4,4,4,370,410,410,410,410,1512,0,3,25.88629510924519,2.1190860134083778,857.4004039983265,11436.708333333334
1781654058,10,POST,/likes,1.000000,0.000000,4,4,4,4,4,4,4,4,4,4,4,146,0,4,3.815286020765859,2.624668995849788,12.04868097556755,180.76027397260273
1781654058,10,POST,/posts,1.300000,0.000000,5,5,5,5,5,7,7,7,7,7,7,245,0,5,4.808371072297688,3.5671899968292564,16.4965619915165,228.4326530612245
1781654058,10,GET,/timeline/{user_id},12.000000,0.000000,3,3,3,3,4,4,5,21,200,200,200,1955,0,3,13.951472024140937,1.996623002924025,589.3936710199341,6586.066496163683
1781654058,10,GET,/users/{user_id},5.400000,0.000000,3,3,3,3,4,4,4,4,4,4,4,802,0,3,2.988971504681811,1.6786649939604104,41.8606839957647,266.4800498753117
1781654058,10,,Aggregated,48.500000,0.000000,3,3,3,4,4,4,5,21,410,410,410,7812,0,3,10.40982116637702,1.6786649939604104,857.4004039983265,7157.298131080389
1781654059,10,GET,/feed/{user_id},19.800000,0.000000,3,3,3,3,4,4,6,24,33,33,33,3170,0,3,3.43373738040513,1.986375980777666,81.67153899557889,8076.154258675079
1781654059,10,GET,/feed/{user_id}?with_fof=true,9.300000,0.000000,3,3,4,4,4,4,370,410,410,410,410,1522,0,3,25.73811789432191,2.1190860134083778,857.4004039983265,11436.24244415243
1781654059,10,POST,/likes,0.900000,0.000000,4,4,4,4,4,4,4,4,4,4,4,146,0,4,3.815286020765859,2.624668995849788,12.04868097556755,180.76027397260273
1781654059,10,POST,/posts,1.300000,0.000000,5,5,5,5,5,7,7,7,7,7,7,246,0,5,4.806053019161866,3.5671899968292564,16.4965619915165,228.4308943089431
1781654059,10,GET,/timeline/{user_id},11.700000,0.000000,3,3,3,3,4,4,5,21,200,200,200,1965,0,3,13.895471998103528,1.996623002924025,589.3936710199341,6590.429516539441
1781654059,10,GET,/users/{user_id},5.500000,0.000000,3,3,3,3,4,4,4,6,6,6,6,809,0,3,2.991673235775159,1.6786649939604104,41.8606839957647,266.4672435105068
1781654059,10,,Aggregated,48.500000,0.000000,3,3,3,4,4,4,6,24,410,410,410,7858,0,3,10.374465494630106,1.6786649939604104,857.4004039983265,7159.0380503945025
1781654060,10,GET,/feed/{user_id},19.700000,0.000000,3,3,3,3,4,4,6,24,33,33,33,3193,0,3,3.4299751982137923,1.986375980777666,81.67153899557889,8075.562793611024
1781654060,10,GET,/feed/{user_id}?with_fof=true,8.500000,0.000000,3,3,4,4,4,4,370,410,410,410,410,1532,0,3,25.822450845401555,2.1190860134083778,857.4004039983265,11436.580287206267
1781654060,10,POST,/likes,1.000000,0.000000,4,4,4,4,4,4,4,4,4,4,4,146,0,4,3.815286020765859,2.624668995849788,12.04868097556755,180.76027397260273
1781654060,10,POST,/posts,1.600000,0.000000,5,5,5,5,5,7,7,7,7,7,7,246,0,5,4.806053019161866,3.5671899968292564,16.4965619915165,228.4308943089431
1781654060,10,GET,/timeline/{user_id},12.100000,0.000000,3,3,3,3,4,4,5,21,200,200,200,1976,0,3,13.8347279308114,1.996623002924025,589.3936710199341,6582.339574898785
1781654060,10,GET,/users/{user_id},5.700000,0.000000,3,3,3,3,4,4,4,6,6,6,6,816,0,3,2.9871054788707303,1.6786649939604104,41.8606839957647,266.47671568627453
1781654060,10,,Aggregated,48.600000,0.000000,3,3,3,4,4,4,6,33,410,410,410,7909,0,3,10.371238685907105,1.6786649939604104,857.4004039983265,7158.028322164622
1781654061,10,GET,/feed/{user_id},18.800000,0.000000,3,3,3,3,4,4,6,24,33,33,33,3214,0,3,3.428190042893272,1.986375980777666,81.67153899557889,8074.023024268824
1781654061,10,GET,/feed/{user_id}?with_fof=true,8.800000,0.000000,3,3,3,4,4,4,370,410,410,410,410,1538,0,3,25.73370052547656,2.1190860134083778,857.4004039983265,11436.82054616385
1781654061,10,POST,/likes,0.900000,0.000000,4,4,4,4,4,4,4,4,4,4,4,146,0,4,3.815286020765859,2.624668995849788,12.04868097556755,180.76027397260273
1781654061,10,POST,/posts,1.400000,0.000000,5,5,5,5,5,7,7,7,7,7,7,246,0,5,4.806053019161866,3.5671899968292564,16.4965619915165,228.4308943089431
1781654061,10,GET,/timeline/{user_id},12.400000,0.000000,3,3,3,3,4,4,5,21,200,200,200,1992,0,3,13.845537367642574,1.996623002924025,589.3936710199341,6584.290662650603
1781654061,10,GET,/users/{user_id},5.900000,0.000000,3,3,3,3,4,4,4,6,6,6,6,824,0,3,2.9821978953372557,1.6786649939604104,41.8606839957647,266.47208737864077
1781654061,10,,Aggregated,48.200000,0.000000,3,3,3,4,4,4,6,33,410,410,410,7960,0,3,10.348441772599179,1.6786649939604104,857.4004039983265,7155.503140703518
1781654062,10,GET,/feed/{user_id},19.300000,0.000000,3,3,3,3,4,4,6,24,33,33,33,3231,0,3,3.4269419807813315,1.986375980777666,81.67153899557889,8074.56979263386
1781654062,10,GET,/feed/{user_id}?with_fof=true,8.900000,0.000000,3,3,3,4,4,4,360,410,410,410,410,1547,0,3,25.602194826269454,2.1190860134083778,857.4004039983265,11438.205559146736
1781654062,10,POST,/likes,0.900000,0.000000,4,4,4,4,4,4,4,4,4,4,4,146,0,4,3.815286020765859,2.624668995849788,12.04868097556755,180.76027397260273
1781654062,10,POST,/posts,1.300000,0.000000,5,5,5,5,5,7,7,7,7,7,7,248,0,5,4.8052619423552025,3.5671899968292564,16.4965619915165,228.42741935483872
1781654062,10,GET,/timeline/{user_id},12.600000,0.000000,3,3,3,3,4,4,5,21,200,200,200,2006,0,3,13.769916629311137,1.996623002924025,589.3936710199341,6582.9421734795615
1781654062,10,GET,/users/{user_id},5.400000,0.000000,3,3,3,3,4,4,4,6,6,6,6,826,0,3,2.9833021292338353,1.6786649939604104,41.8606839957647,266.4794188861986
1781654062,10,,Aggregated,48.400000,0.000000,3,3,3,4,4,4,6,24,410,410,410,8004,0,3,10.309150671417356,1.6786649939604104,857.4004039983265,7157.967766116942
1781654063,10,GET,/feed/{user_id},19.400000,0.000000,3,3,3,3,4,4,5,24,33,33,33,3253,0,3,3.424761585585339,1.986375980777666,81.67153899557889,8081.117737473101
1781654063,10,GET,/feed/{user_id}?with_fof=true,8.700000,0.000000,3,3,3,4,4,4,360,410,410,410,410,1554,0,3,25.695087292961723,2.1190860134083778,857.4004039983265,11437.805662805662
1781654063,10,POST,/likes,0.700000,0.000000,4,4,4,4,4,4,4,4,4,4,4,146,0,4,3.815286020765859,2.624668995849788,12.04868097556755,180.76027397260273
1781654063,10,POST,/posts,1.300000,0.000000,5,5,5,5,6,7,7,7,7,7,7,249,0,5,4.809849171447624,3.5671899968292564,16.4965619915165,228.42570281124497
1781654063,10,GET,/timeline/{user_id},12.800000,0.000000,3,3,3,3,4,4,5,21,200,200,200,2022,0,3,13.685783545203824,1.996623002924025,589.3936710199341,6575.842235410485
1781654063,10,GET,/users/{user_id},5.800000,0.000000,3,3,3,3,4,4,4,6,6,6,6,828,0,3,2.9824193390446223,1.6786649939604104,41.8606839957647,266.481884057971
1781654063,10,,Aggregated,48.700000,0.000000,3,3,3,4,4,4,6,33,410,410,410,8052,0,3,10.303986194116366,1.6786649939604104,857.4004039983265,7161.263661202186
1781654064,10,GET,/feed/{user_id},19.400000,0.000000,3,3,3,3,4,4,7,24,33,33,33,3271,0,3,3.426400557894887,1.986375980777666,81.67153899557889,8077.00794863956
1781654064,10,GET,/feed/{user_id}?with_fof=true,8.600000,0.000000,3,3,4,4,4,4,360,410,410,410,410,1563,0,3,25.566292728919485,2.1190860134083778,857.4004039983265,11438.44657709533
1781654064,10,POST,/likes,0.600000,0.000000,4,4,4,4,4,4,4,4,4,4,4,147,0,4,3.8151383199206346,2.624668995849788,12.04868097556755,180.76190476190476
1781654064,10,POST,/posts,1.300000,0.000000,4,5,5,5,6,7,7,7,7,7,7,249,0,5,4.809849171447624,3.5671899968292564,16.4965619915165,228.42570281124497
1781654064,10,GET,/timeline/{user_id},12.700000,0.000000,3,3,3,3,4,4,5,200,210,210,210,2034,0,3,13.72447146279126,1.996623002924025,589.3936710199341,6579.867748279253
1781654064,10,GET,/users/{user_id},5.700000,0.000000,3,3,3,3,4,4,6,6,6,6,6,829,0,3,2.9817588199522636,1.6786649939604104,41.8606839957647,266.47406513872136
1781654064,10,,Aggregated,48.300000,0.000000,3,3,3,4,4,4,7,200,410,410,410,8093,0,3,10.294551161985911,1.6786649939604104,857.4004039983265,7164.956505622143
1781654065,10,GET,/feed/{user_id},19.800000,0.000000,3,3,3,4,4,4,7,24,33,33,33,3288,0,3,3.4247237143687137,1.986375980777666,81.67153899557889,8081.0358880778585
1781654065,10,GET,/feed/{user_id}?with_fof=true,8.200000,0.000000,3,3,4,4,4,4,360,410,410,410,410,1572,0,3,25.43823317382911,2.1190860134083778,857.4004039983265,11439.081424936387
1781654065,10,POST,/likes,0.500000,0.000000,4,4,4,4,4,4,4,4,4,4,4,147,0,4,3.8151383199206346,2.624668995849788,12.04868097556755,180.76190476190476
1781654065,10,POST,/posts,1.300000,0.000000,4,5,5,5,6,7,7,7,7,7,7,251,0,5,4.80757411038299,3.5671899968292564,16.4965619915165,228.43027888446215
1781654065,10,GET,/timeline/{user_id},12.800000,0.000000,3,3,3,3,4,4,5,200,210,210,210,2049,0,3,13.646162090919187,1.996623002924025,589.3936710199341,6585.749145924841
1781654065,10,GET,/users/{user_id},5.500000,0.000000,3,3,3,3,4,4,6,6,6,6,6,833,0,3,2.979053126916117,1.6786649939604104,41.8606839957647,266.47899159663865
1781654065,10,,Aggregated,48.100000,0.000000,3,3,3,4,4,4,7,200,410,410,410,8140,0,3,10.253004660424164,1.6786649939604104,857.4004039983265,7168.644594594594
1781654066,10,GET,/feed/{user_id},20.300000,0.000000,3,3,3,3,4,4,7,24,33,33,33,3308,0,3,3.4223379005125203,1.986375980777666,81.67153899557889,8080.598246674728
1781654066,10,GET,/feed/{user_id}?with_fof=true,8.000000,0.000000,3,3,4,4,4,190,360,410,410,410,410,1582,0,3,25.41367357285333,2.1190860134083778,857.4004039983265,11432.340707964602
1781654066,10,POST,/likes,0.500000,0.000000,4,4,4,4,4,4,4,4,4,4,4,147,0,4,3.8151383199206346,2.624668995849788,12.04868097556755,180.76190476190476
1781654066,10,POST,/posts,1.300000,0.000000,4,5,5,5,6,7,7,7,7,7,7,253,0,5,4.805208943515515,3.5671899968292564,16.4965619915165,228.4189723320158
1781654066,10,GET,/timeline/{user_id},13.000000,0.000000,3,3,3,3,4,4,5,200,210,210,210,2054,0,3,13.62061976059714,1.996623002924025,589.3936710199341,6582.0
1781654066,10,GET,/users/{user_id},5.100000,0.000000,3,3,3,3,4,6,12,12,12,12,12,842,0,3,2.995674714618617,1.6786649939604104,41.8606839957647,266.4952494061758
1781654066,10,,Aggregated,48.200000,0.000000,3,3,3,4,4,5,12,200,410,410,410,8186,0,3,10.23713409001497,1.6786649939604104,857.4004039983265,7164.031395064745
1781654067,10,GET,/feed/{user_id},19.400000,0.000000,3,3,3,3,4,4,7,24,33,33,33,3321,0,3,3.4211410303885192,1.986375980777666,81.67153899557889,8073.219813309244
1781654067,10,GET,/feed/{user_id}?with_fof=true,8.300000,0.000000,3,3,4,4,4,4,310,360,360,360,360,1599,0,3,25.177991269695823,2.1190860134083778,857.4004039983265,11433.573483427142
1781654067,10,POST,/likes,0.500000,0.000000,4,4,4,4,4,4,4,4,4,4,4,147,0,4,3.8151383199206346,2.624668995849788,12.04868097556755,180.76190476190476
1781654067,10,POST,/posts,1.300000,0.000000,5,5,5,5,6,6,6,6,6,6,6,253,0,5,4.805208943515515,3.5671899968292564,16.4965619915165,228.4189723320158
1781654067,10,GET,/timeline/{user_id},13.200000,0.000000,3,3,3,3,4,4,5,200,210,210,210,2064,0,3,13.570131774820963,1.996623002924025,589.3936710199341,6582.881782945737
1781654067,10,GET,/users/{user_id},4.900000,0.000000,3,3,3,3,3,6,9,12,12,12,12,851,0,3,2.9905367034983183,1.6786649939604104,41.8606839957647,266.4888366627497
1781654067,10,,Aggregated,47.600000,0.000000,3,3,3,4,4,4,11,190,360,360,360,8235,0,3,10.19446986227191,1.6786649939604104,857.4004039983265,7163.528718882817
1781654068,10,GET,/feed/{user_id},19.200000,0.000000,3,3,3,3,4,4,7,24,33,33,33,3345,0,3,3.4170489865358675,1.986375980777666,81.67153899557889,8078.643348281016
1781654068,10,GET,/feed/{user_id}?with_fof=true,8.700000,0.000000,3,3,4,4,4,4,310,360,360,360,360,1607,0,3,25.067756405877827,2.1190860134083778,857.4004039983265,11433.568761667704
1781654068,10,POST,/likes,0.400000,0.000000,4,4,4,4,4,4,4,4,4,4,4,148,0,4,3.8145496557164633,2.624668995849788,12.04868097556755,180.75675675675674
1781654068,10,POST,/posts,1.100000,0.000000,4,5,5,5,6,6,6,6,6,6,6,254,0,5,4.803437475155394,3.5671899968292564,16.4965619915165,228.42125984251967
1781654068,10,GET,/timeline/{user_id},12.800000,0.000000,3,3,3,3,4,4,5,200,210,210,210,2075,0,3,13.513589490721204,1.996623002924025,589.3936710199341,6586.5209638554215
1781654068,10,GET,/users/{user_id},5.100000,0.000000,3,3,3,3,4,6,12,12,12,12,12,856,0,3,2.987682720495031,1.6786649939604104,41.8606839957647,266.4871495327103
1781654068,10,,Aggregated,47.300000,0.000000,3,3,3,4,4,4,11,190,360,360,360,8285,0,3,10.150476098241871,1.6786649939604104,857.4004039983265,7166.7739287869645
1781654069,10,GET,/feed/{user_id},18.800000,0.000000,3,3,3,3,4,4,5,7,11,11,11,3364,0,3,3.41637728775048,1.986375980777666,81.67153899557889,8082.39209274673
1781654069,10,GET,/feed/{user_id}?with_fof=true,9.100000,0.000000,3,3,4,4,4,4,310,370,370,370,370,1619,0,3,25.12983616446953,2.1190860134083778,857.4004039983265,11433.53736874614
1781654069,10,POST,/likes,0.300000,0.000000,4,4,4,4,4,4,4,4,4,4,4,149,0,4,3.8131072016779783,2.624668995849788,12.04868097556755,180.75838926174498
1781654069,10,POST,/posts,1.100000,0.000000,5,5,5,5,6,6,6,6,6,6,6,255,0,5,4.804421539929714,3.5671899968292564,16.4965619915165,228.42352941176472
1781654069,10,GET,/timeline/{user_id},12.500000,0.000000,3,3,3,3,4,4,5,200,210,210,210,2087,0,3,13.45440490955262,1.996623002924025,589.3936710199341,6588.408241494969
1781654069,10,GET,/users/{user_id},5.300000,0.000000,3,3,3,3,4,4,12,12,12,12,12,860,0,3,2.989352021811714,1.6786649939604104,41.8606839957647,266.50116279069766
1781654069,10,,Aggregated,47.100000,0.000000,3,3,3,4,4,4,7,190,370,370,370,8334,0,3,10.153751403527151,1.6786649939604104,857.4004039983265,7171.159587233022
