Timestamp,User Count,Type,Name,Requests/s,Failures/s,50%,66%,75%,80%,90%,95%,98%,99%,99.9%,99.99%,100%,Total Request Count,Total Failure Count,Total Median Response Time,Total Average Response Time,Total Min Response Time,Total Max Response Time,Total Average Content Size
1781655166,0,,Aggregated,0.000000,0.000000,N/A,N/A,N/A,N/A,N/A,N/A,N/A,N/A,N/A,N/A,N/A,0,0,0,0.0,0,0,0
1781655167,20,GET,/feed/{user_id},0.000000,0.000000,0,0,0,0,0,0,0,0,0,0,0,15,0,31,36.68856073248511,3.52796699735336,108.13284298637882,4350.533333333334
1781655167,20,POST,/likes,0.000000,0.000000,0,0,0,0,0,0,0,0,0,0,0,1,0,7.362003001617268,7.362003001617268,7.362003001617268,7.362003001617268,181.0
1781655167,20,POST,/posts,0.000000,0.000000,0,0,0,0,0,0,0,0,0,0,0,1,0,86.83188099530526,86.83188099530526,86.83188099530526,86.83188099530526,230.0
1781655167,20,GET,/timeline/{user_id},0.000000,0.000000,0,0,0,0,0,0,0,0,0,0,0,3,0,39,272.15652165856835,7.586919993627816,769.7162699769251,7446.0
1781655167,20,GET,/users/{user_id},0.000000,0.000000,0,0,0,0,0,0,0,0,0,0,0,4,0,10,17.461619994719513,9.636795992264524,40.91193497879431,266.75
1781655167,20,,Aggregated,0.000000,0.000000,0,0,0,0,0,0,0,0,0,0,0,24,0,21,63.78493083078259,3.52796699735336,769.7162699769251,3711.4166666666665
1781655168,40,GET,/feed/{user_id},0.000000,0.000000,86,120,140,230,410,450,470,470,470,470,470,37,0,54,92.57471007987152,3.52796699735336,473.77241399954073,5174.081081081081
1781655168,40,POST,/likes,0.000000,0.000000,70,70,70,70,70,70,70,70,70,70,70,3,0,8,28.55478566683208,7.362003001617268,69.99471399467438,180.66666666666666
1781655168,40,POST,/posts,0.000000,0.000000,280,280,440,440,440,440,440,440,440,440,440,5,0,87,177.75358019280247,11.63338398328051,436.8947600014508,229.8
1781655168,40,GET,/timeline/{user_id},0.000000,0.000000,470,1400,1700,1700,1700,1800,1800,1800,1800,1800,1800,15,0,54,636.9411192659754,3.214777010725811,1755.2651510050055,4533.733333333334
1781655168,40,GET,/users/{user_id},0.000000,0.000000,93,100,170,170,230,230,230,230,230,230,230,11,0,41,69.79863536385396,9.636795992264524,227.95350002706982,266.1818181818182
1781655168,40,,Aggregated,0.000000,0.000000,78,140,230,410,1400,1700,1800,1800,1800,1800,1800,71,0,54,207.3464550550955,3.214777010725811,1755.2651510050055,3719.239436619718
1781655169,60,GET,/feed/{user_id},15.000000,0.000000,76,120,140,160,270,450,470,470,470,470,470,49,0,54,88.5077652447781,3.52796699735336,473.77241399954073,5352.6122448979595
1781655169,60,POST,/likes,1.000000,0.000000,70,70,120,120,120,120,120,120,120,120,120,4,0,8,51.532843499444425,7.362003001617268,120.46701699728146,181.25
1781655169,60,POST,/posts,1.000000,0.000000,77,280,280,440,440,440,440,440,440,440,440,6,0,77,154.9465691593165,11.63338398328051,436.8947600014508,229.66666666666666
1781655169,60,GET,/timeline/{user_id},3.000000,0.000000,73,470,1500,1700,2000,2200,2300,2300,2300,2300,2300,29,0,65,584.9993295148657,3.214777010725811,2325.4641979874577,4311.793103448276
1781655169,60,GET,/users/{user_id},4.000000,0.000000,93,100,170,230,260,260,260,260,260,260,260,13,0,41,79.69219176895702,9.636795992264524,257.18622299609706,266.38461538461536
1781655169,60,,Aggregated,24.000000,0.000000,74,130,230,270,1400,1800,2200,2300,2300,2300,2300,101,0,63,232.41257757302327,3.214777010725811,2325.4641979874577,3889.960396039604
1781655170,80,GET,/feed/{user_id},17.500000,0.000000,67,120,160,270,660,1400,1400,1600,1600,1600,1600,72,0,35,182.47183966741432,3.228657995350659,1603.4915740019642,5221.75
1781655170,80,GET,/feed/{user_id}?with_fof=true,0.000000,0.000000,0,0,0,0,0,0,0,0,0,0,0,9,0,1400.0,1836.6752356685336,4.2376809869892895,3816.2441400054377,9114.444444444445
1781655170,80,POST,/likes,1.500000,0.000000,70,70,120,120,120,120,120,120,120,120,120,4,0,8,51.532843499444425,7.362003001617268,120.46701699728146,181.25
1781655170,80,POST,/posts,2.000000,0.000000,77,280,440,440,1500,1500,1500,1500,1500,1500,1500,8,0,77,307.6930179959163,8.50667801569216,1523.3580509957392,229.5
1781655170,80,GET,/timeline/{user_id},7.000000,0.000000,65,920,1400,1700,2200,2800,2900,2900,2900,2900,2900,44,0,63,672.4014728170005,3.214777010725811,2851.3880870013963,4338.636363636364
1781655170,80,GET,/users/{user_id},5.500000,0.000000,100,230,260,440,1400,1400,1400,1400,1400,1400,1400,18,0,41,239.43117094394336,7.8161229903344065,1403.789581003366,265.8888888888889
1781655170,80,,Aggregated,33.500000,0.000000,70,230,440,1100,1600,2800,3400,3700,3800,3800,3800,155,0,57,427.2977482320951,3.214777010725811,3816.2441400054377,4233.825806451613
1781655171,100,GET,/feed/{user_id},16.000000,0.000000,24,74,110,140,440,1300,1400,1600,1600,1600,1600,96,0,24,143.33357212520545,2.3555299849249423,1603.4915740019642,5377.479166666667
1781655171,100,GET,/feed/{user_id}?with_fof=true,0.000000,0.000000,9,11,13,79,1900,1900,1900,1900,1900,1900,1900,18,0,11,1030.4675026693278,4.2376809869892895,3816.2441400054377,9111.777777777777
1781655171,100,POST,/likes,1.333333,0.000000,70,70,120,120,120,120,120,120,120,120,120,5,0,8,42.571314598899335,6.725198996718973,120.46701699728146,181.0
1781655171,100,POST,/posts,2.000000,0.000000,170,280,440,440,1500,1500,1500,1500,1500,1500,1500,9,0,87,292.40149266358156,8.50667801569216,1523.3580509957392,229.66666666666666
1781655171,100,GET,/timeline/{user_id},9.000000,0.000000,65,280,1400,1700,2800,3300,3400,3600,3600,3600,3600,59,0,63,683.9724758963526,3.214777010725811,3552.428244991461,4558.135593220339
1781655171,100,GET,/users/{user_id},4.333333,0.000000,67,110,230,260,1400,1400,1400,1400,1400,1400,1400,23,0,38,196.49728660664076,4.455756978131831,1403.789581003366,265.69565217391306
1781655171,100,,Aggregated,32.666667,0.000000,50,100,250,440,1500,2800,3400,3700,3800,3800,3800,210,0,37,381.07962689939,2.3555299849249423,3816.2441400054377,4563.157142857143
1781655172,120,GET,/feed/{user_id},17.500000,0.000000,24,78,110,140,600,1400,1400,1600,1600,1600,1600,112,0,24,165.25026174999115,2.3555299849249423,1603.4915740019642,5384.0
1781655172,120,GET,/feed/{user_id}?with_fof=true,2.250000,0.000000,13,79,940,1500,1900,3700,3700,3700,3700,3700,3700,23,0,19,1071.9181638712105,4.2376809869892895,3816.2441400054377,8722.565217391304
1781655172,120,POST,/likes,1.000000,0.000000,70,70,120,120,120,120,120,120,120,120,120,5,0,8,42.571314598899335,6.725198996718973,120.46701699728146,181.0
1781655172,120,POST,/posts,1.750000,0.000000,170,280,440,440,1500,1500,1500,1500,1500,1500,1500,9,0,87,292.40149266358156,8.50667801569216,1523.3580509957392,229.66666666666666
1781655172,120,GET,/timeline/{user_id},11.000000,0.000000,63,440,1400,1700,2800,3300,3600,3800,3800,3800,3800,66,0,54,713.5179121502337,3.214777010725811,3822.2267040109728,4556.712121212121
1781655172,120,GET,/users/{user_id},4.500000,0.000000,72,110,230,260,1400,1400,1500,1500,1500,1500,1500,26,0,38,234.2011381921251,4.455756978131831,1490.2706000139005,265.03846153846155
1781655172,120,,Aggregated,38.000000,0.000000,48,110,280,600,1500,2800,3600,3700,3800,3800,3800,241,0,37,411.5685845930052,2.3555299849249423,3822.2267040109728,4623.3734439834025
1781655173,140,GET,/feed/{user_id},18.800000,0.000000,54,94,230,470,1400,1500,2100,2100,2100,2100,2100,124,0,34,276.0435442816684,2.3555299849249423,2106.4509520074353,5338.693548387097
1781655173,140,GET,/feed/{user_id}?with_fof=true,3.600000,0.000000,940,1500,3700,4700,5400,5500,5500,5500,5500,5500,5500,33,0,1000.0,1661.1248634545711,4.2376809869892895,5539.625898993108,8900.060606060606
1781655173,140,POST,/likes,0.800000,0.000000,8,70,70,120,120,120,120,120,120,120,120,6,0,8,36.79977083326472,6.725198996718973,120.46701699728146,181.16666666666666
1781655173,140,POST,/posts,1.800000,0.000000,170,440,880,880,1500,1600,1600,1600,1600,1600,1600,12,0,87,425.8545608293692,8.50667801569216,1552.360038011102,229.58333333333334
1781655173,140,GET,/timeline/{user_id},11.800000,0.000000,83,1000,1500,1700,2900,3600,4000,4000,4000,4000,4000,81,0,73,834.1163244794761,3.214777010725811,4047.5135989836417,4538.407407407408
1781655173,140,GET,/users/{user_id},4.400000,0.000000,72,170,440,1200,1500,2100,2100,2100,2100,2100,2100,31,0,41,371.17254541860143,4.162157012615353,2120.680847001495,265.03225806451616
1781655173,140,,Aggregated,41.200000,0.000000,67,270,1000,1400,2100,3400,4000,5400,5500,5500,5500,287,0,57,604.3461481905713,2.3555299849249423,5539.625898993108,4652.8536585365855
1781655174,160,GET,/feed/{user_id},18.500000,0.000000,69,140,660,1000,1400,1600,2100,2200,2200,2200,2200,141,0,57,361.5854759353827,2.3555299849249423,2175.250429980224,5174.914893617021
1781655174,160,GET,/feed/{user_id}?with_fof=true,3.833333,0.000000,1500,4700,5500,5800,6100,6900,7700,7700,7700,7700,7700,42,0,1400.0,2414.9436198100116,4.2376809869892895,7665.613213001052,8945.57142857143
1781655174,160,POST,/likes,0.833333,0.000000,8,70,70,120,120,120,120,120,120,120,120,6,0,8,36.79977083326472,6.725198996718973,120.46701699728146,181.16666666666666
1781655174,160,POST,/posts,1.500000,0.000000,170,440,880,880,1500,1600,1600,1600,1600,1600,1600,12,0,87,425.8545608293692,8.50667801569216,1552.360038011102,229.58333333333334
1781655174,160,GET,/timeline/{user_id},10.833333,0.000000,130,1300,1500,1800,2900,3600,4000,5700,5700,5700,5700,93,0,110.0,910.953701707542,3.214777010725811,5676.221005996922,4691.4731182795695
1781655174,160,GET,/users/{user_id},4.166667,0.000000,93,440,1200,1300,1500,2100,2200,2200,2200,2200,2200,39,0,67,465.81863143588777,4.162157012615353,2153.282818995649,265.43589743589746
1781655174,160,,Aggregated,39.666667,0.000000,84,920,1300,1400,2200,3800,5800,6100,7700,7700,7700,333,0,74,782.6662413773648,2.3555299849249423,7665.613213001052,4672.306306306306
1781655175,180,GET,/feed/{user_id},17.428571,0.000000,69,370,870,1100,1300,1600,2100,2200,2200,2200,2200,206,0,57,385.6015351593316,2.3060209932737052,2175.250429980224,5160.5873786407765
1781655175,180,GET,/feed/{user_id}?with_fof=true,4.428571,0.000000,890,1900,5500,5800,6300,6900,7100,7700,7700,7700,7700,65,0,940.0,2169.760271153735,2.273166988743469,7665.613213001052,9165.461538461539
1781655175,180,POST,/likes,0.857143,0.000000,70,120,590,1100,1300,1300,1300,1300,1300,1300,1300,10,0,9,319.086809901637,6.725198996718973,1259.5733769994695,180.9
1781655175,180,POST,/posts,1.571429,0.000000,280,440,880,1200,1500,1600,1600,1600,1600,1600,1600,14,0,170.0,474.5207174938904,8.50667801569216,1552.360038011102,229.35714285714286
1781655175,180,GET,/timeline/{user_id},11.285714,0.000000,100,1100,1400,1700,2800,3600,4000,5300,5700,5700,5700,124,0,99,865.0674764494104,2.388480002991855,5676.221005996922,4539.4112903225805
1781655175,180,GET,/users/{user_id},4.428571,0.000000,38,260,980,1200,1500,2200,2300,2400,2400,2400,2400,61,0,38,435.03619931241286,1.961129019036889,2389.609873003792,265.2950819672131
1781655175,180,,Aggregated,40.000000,0.000000,83,610,1200,1300,2200,3800,6000,6700,7700,7700,7700,480,0,73,758.5584734365208,1.961129019036889,7665.613213001052,4672.7625
1781655176,200,GET,/feed/{user_id},17.500000,0.000000,31,230,400,730,1200,1500,1900,2100,2200,2200,2200,271,0,31,318.4755647337413,2.3060209932737052,2175.250429980224,5128.745387453874
1781655176,200,GET,/feed/{user_id}?with_fof=true,4.625000,0.000000,220,1200,4000,5500,6300,7000,7100,7700,7700,7700,7700,96,0,260.0,1834.1770709582004,2.273166988743469,7665.613213001052,9295.270833333334
1781655176,200,POST,/likes,0.750000,0.000000,70,180,360,590,1100,1300,1300,1300,1300,1300,1300,14,0,15,268.32590221602004,6.725198996718973,1259.5733769994695,180.85714285714286
1781655176,200,POST,/posts,1.500000,0.000000,170,370,440,880,1200,1500,1600,1600,1600,1600,1600,23,0,87,374.1128598225971,8.50667801569216,1552.360038011102,229.04347826086956
1781655176,200,GET,/timeline/{user_id},11.375000,0.000000,22,280,1100,1300,2200,3300,4000,5300,5700,5700,5700,174,0,22,641.260205590415,2.388480002991855,5676.221005996922,4329.270114942528
1781655176,200,GET,/users/{user_id},4.750000,0.000000,33,110,400,1100,1400,2100,2300,2400,2400,2400,2400,73,0,26,369.98398976690737,1.961129019036889,2389.609873003792,265.36986301369865
1781655176,200,,Aggregated,40.500000,0.000000,38,280,880,1100,1900,3600,6000,6800,7700,7700,7700,651,0,34,634.9264858486814,1.961129019036889,7665.613213001052,4704.609831029185
1781655177,220,GET,/feed/{user_id},21.444444,0.000000,24,260,500,810,1200,1500,1900,2100,2200,2200,2200,289,0,31,319.39854751859474,2.3060209932737052,2175.250429980224,5115.664359861592
1781655177,220,GET,/feed/{user_id}?with_fof=true,6.777778,0.000000,79,940,2000,5400,6200,6900,7100,7100,7700,7700,7700,119,0,120.0,1713.1964186983703,2.273166988743469,7665.613213001052,9259.966386554623
1781655177,220,POST,/likes,0.888889,0.000000,180,360,590,590,1100,1300,1300,1300,1300,1300,1300,15,0,70,286.1898320688245,6.725198996718973,1259.5733769994695,180.73333333333332
1781655177,220,POST,/posts,1.444444,0.000000,41,370,760,880,1200,1500,1600,1600,1600,1600,1600,25,0,87,374.94845403707586,8.50667801569216,1552.360038011102,229.0
1781655177,220,GET,/timeline/{user_id},13.000000,0.000000,20,250,820,1100,2200,3300,4000,5300,5700,5700,5700,192,0,22,598.5013827489638,2.24159998469986,5676.221005996922,4272.109375
1781655177,220,GET,/users/{user_id},6.111111,0.000000,33,310,740,1100,1400,2100,2300,2400,2400,2400,2400,80,0,33,375.4791790004674,1.961129019036889,2389.609873003792,265.425
1781655177,220,,Aggregated,49.666667,0.000000,27,310,850,1100,1900,3700,6100,6800,7700,7700,7700,720,0,34,631.657934302469,1.961129019036889,7665.613213001052,4764.275
1781655178,240,GET,/feed/{user_id},27.100000,0.000000,22,140,320,730,1200,1400,1900,2100,2200,2200,2200,370,0,25,281.9147186543371,2.3060209932737052,2175.250429980224,5181.264864864865
1781655178,240,GET,/feed/{user_id}?with_fof=true,9.600000,0.000000,21,790,1400,3700,6200,6800,7100,7100,7700,7700,7700,163,0,23,1461.0125688783128,2.273166988743469,7665.613213001052,9396.754601226994
1781655178,240,POST,/likes,1.400000,0.000000,180,360,590,920,1100,1300,1300,1300,1300,1300,1300,18,0,70,301.7551748360145,6.725198996718973,1259.5733769994695,180.83333333333334
1781655178,240,POST,/posts,2.300000,0.000000,35,300,760,880,1400,1500,1600,1600,1600,1600,1600,34,0,41,327.49375985140966,8.50667801569216,1552.360038011102,228.94117647058823
1781655178,240,GET,/timeline/{user_id},17.300000,0.000000,18,130,440,970,1500,2900,4000,5300,5700,5700,5700,239,0,20,530.904753074351,2.24159998469986,5676.221005996922,4272.401673640167
1781655178,240,GET,/users/{user_id},7.300000,0.000000,26,140,740,1100,1400,2100,2300,2400,2400,2400,2400,103,0,26,361.0361640005897,1.961129019036889,2389.609873003792,265.6601941747573
1781655178,240,,Aggregated,65.000000,0.000000,22,170,610,1000,1500,3400,6100,6800,7700,7700,7700,927,0,25,564.285692004419,1.961129019036889,7665.613213001052,4863.263214670982
1781655179,260,GET,/feed/{user_id},26.900000,0.000000,12,33,120,260,1000,1300,1600,2100,2200,2200,2200,489,0,14,216.17398991040955,2.188398997532204,2175.250429980224,4907.306748466258
1781655179,260,GET,/feed/{user_id}?with_fof=true,11.600000,0.000000,14,120,890,1500,6100,6800,7100,7200,7700,7700,7700,227,0,14,1253.0573275345912,2.273166988743469,7665.613213001052,9477.132158590308
1781655179,260,POST,/likes,1.400000,0.000000,21,200,540,590,1100,1300,1300,1300,1300,1300,1300,22,0,16,249.3999425919769,5.750206997618079,1259.5733769994695,180.9090909090909
1781655179,260,POST,/posts,2.400000,0.000000,26,53,300,380,1200,1400,1600,1600,1600,1600,1600,41,0,33,274.2953914857935,6.973550975089893,1552.360038011102,228.78048780487805
1781655179,260,GET,/timeline/{user_id},18.300000,0.000000,14,30,150,270,1300,2400,3800,5300,5700,5700,5700,304,0,15,420.35598222623537,2.24159998469986,5676.221005996922,4319.674342105263
1781655179,260,GET,/users/{user_id},7.500000,0.000000,9,33,72,400,1200,1500,2200,2300,2400,2400,2400,137,0,10,273.90576235038213,1.961129019036889,2389.609873003792,265.6788321167883
1781655179,260,,Aggregated,68.100000,0.000000,13,40,170,400,1300,2300,6100,6800,7300,7700,7700,1220,0,15,469.0158297075913,1.961129019036889,7665.613213001052,4847.476229508196
1781655180,280,GET,/feed/{user_id},32.200000,0.000000,13,31,90,160,880,1200,1500,2100,2200,2200,2200,577,0,14,188.60329916521962,2.188398997532204,2175.250429980224,4852.6568457539
1781655180,280,GET,/feed/{user_id}?with_fof=true,15.700000,0.000000,17,58,790,1400,6100,6800,7100,7200,7700,7700,7700,278,0,16,1159.8643752854744,2.273166988743469,7665.613213001052,9608.003597122302
1781655180,280,POST,/likes,1.400000,0.000000,16,180,360,540,920,1100,1300,1300,1300,1300,1300,26,0,15,213.08112407747942,3.212904994143173,1259.5733769994695,180.84615384615384
1781655180,280,POST,/posts,3.000000,0.000000,26,59,170,370,1200,1400,1600,1600,1600,1600,1600,45,0,33,255.19885786343366,6.973550975089893,1552.360038011102,228.73333333333332
1781655180,280,GET,/timeline/{user_id},22.100000,0.000000,14,28,54,170,1100,1700,4000,4300,5700,5700,5700,373,0,15,370.2442031122754,2.24159998469986,5676.221005996922,4226.380697050939
1781655180,280,GET,/users/{user_id},8.400000,0.000000,8,26,56,170,1200,1400,2200,2300,2400,2400,2400,162,0,10,235.86738103731926,1.961129019036889,2389.609873003792,265.80864197530866
1781655180,280,,Aggregated,82.800000,0.000000,13,33,130,260,1200,2200,6100,6800,7300,7700,7700,1461,0,14,427.5168112706961,1.961129019036889,7665.613213001052,4863.452429842574
1781655181,300,GET,/feed/{user_id},42.800000,0.000000,12,36,120,180,580,1200,1500,2100,5600,5600,5600,702,0,13,182.7971405133093,2.188398997532204,5603.70323099778,4828.709401709401
1781655181,300,GET,/feed/{user_id}?with_fof=true,21.500000,0.000000,17,75,540,1500,6200,6800,7200,8300,11000,11000,11000,344,0,17,1284.2034049661083,2.273166988743469,11153.37568501127,9698.343023255815
1781655181,300,POST,/likes,1.800000,0.000000,15,180,360,500,920,1100,1300,1300,1300,1300,1300,31,0,14,195.72426616157887,3.212904994143173,1259.5733769994695,180.7741935483871
1781655181,300,POST,/posts,3.400000,0.000000,31,120,210,370,880,1200,1600,1600,1600,1600,1600,51,0,35,245.90263942795275,4.417690011905506,1552.360038011102,228.64705882352942
1781655181,300,GET,/timeline/{user_id},27.100000,0.000000,14,30,65,170,860,1600,4000,5300,5700,5700,5700,449,0,15,355.8365457257871,2.1837419772055,5676.221005996922,4103.349665924276
1781655181,300,GET,/users/{user_id},12.100000,0.000000,8,18,43,130,850,1400,2100,2300,2400,2400,2400,187,0,10,210.99093601600651,1.961129019036889,2389.609873003792,265.6951871657754
1781655181,300,,Aggregated,108.700000,0.000000,13,37,140,250,1100,2300,6200,6800,11000,11000,11000,1764,0,14,446.6689143290196,1.961129019036889,11153.37568501127,4895.316326530612
1781655182,300,GET,/feed/{user_id},50.200000,0.000000,12,40,100,160,410,960,1300,1500,5600,5600,5600,839,0,13,165.43751821265732,2.188398997532204,5603.70323099778,4785.014302741359
1781655182,300,GET,/feed/{user_id}?with_fof=true,26.800000,0.000000,19,110,260,890,6000,6800,7100,8300,11000,11000,11000,403,0,19,1176.5017923236035,2.220166992628947,11153.37568501127,9764.610421836229
1781655182,300,POST,/likes,2.000000,0.000000,14,37,200,360,590,1100,1300,1300,1300,1300,1300,36,0,14,173.96453527827464,3.212904994143173,1259.5733769994695,180.83333333333334
1781655182,300,POST,/posts,3.700000,0.000000,24,53,150,210,760,1200,1600,1600,1600,1600,1600,58,0,28,217.79474441026306,4.417690011905506,1552.360038011102,228.60344827586206
1781655182,300,GET,/timeline/{user_id},32.500000,0.000000,13,31,80,160,520,1400,2900,4300,5700,5700,5700,530,0,14,334.40009522990914,2.1837419772055,5676.221005996922,4126.398113207547
1781655182,300,GET,/users/{user_id},14.200000,0.000000,8,26,53,140,400,1200,1400,2300,2400,2400,2400,225,0,10,187.93649816018944,1.961129019036889,2389.609873003792,265.6666666666667
1781655182,300,,Aggregated,129.400000,0.000000,13,41,130,180,810,1900,6000,6800,11000,11000,11000,2091,0,14,407.1472410762981,1.961129019036889,11153.37568501127,4885.844093735055
1781655183,300,GET,/feed/{user_id},59.600000,0.000000,14,56,140,170,300,560,1200,1400,5600,5600,5600,937,0,15,160.48278724374657,2.188398997532204,5603.70323099778,4777.044823906083
1781655183,300,GET,/feed/{user_id}?with_fof=true,31.900000,0.000000,25,140,200,360,5400,6700,7100,7700,11000,11000,11000,468,0,28,1047.0756261889214,2.220166992628947,11153.37568501127,9756.363247863248
1781655183,300,POST,/likes,2.700000,0.000000,21,160,200,210,590,1100,1300,1300,1300,1300,1300,43,0,16,169.5133277910848,3.212904994143173,1259.5733769994695,180.93023255813952
1781655183,300,POST,/posts,4.200000,0.000000,28,120,200,220,380,1200,1200,1400,1400,1400,1400,66,0,33,212.15834713383987,4.417690011905506,1552.360038011102,228.77272727272728
1781655183,300,GET,/timeline/{user_id},38.400000,0.000000,15,48,160,180,360,1200,2500,4300,5700,5700,5700,600,0,17,320.54513705317123,2.175940986489877,5676.221005996922,4105.075
1781655183,300,GET,/users/{user_id},16.200000,0.000000,10,45,170,200,240,790,1400,1400,2400,2400,2400,260,0,12,183.07273156914073,1.961129019036889,2389.609873003792,265.7346153846154
1781655183,300,,Aggregated,153.000000,0.000000,15,65,160,190,510,1400,5700,6700,9700,11000,11000,2374,0,17,379.7899246628202,1.961129019036889,11153.37568501127,4885.039595619208
1781655184,300,GET,/feed/{user_id},71.500000,0.000000,17,93,150,160,210,360,810,1200,5600,5600,5600,1055,0,20,154.42105300613608,2.188398997532204,5603.70323099778,4793.697630331753
1781655184,300,GET,/feed/{user_id}?with_fof=true,37.100000,0.000000,29,130,180,200,4000,6400,7000,7300,11000,11000,11000,518,0,40,961.1568715877657,2.220166992628947,11153.37568501127,9761.750965250965
1781655184,300,POST,/likes,3.100000,0.000000,37,160,180,200,360,540,1100,1100,1100,1100,1100,51,0,37,164.52911376551378,3.212904994143173,1259.5733769994695,180.84313725490196
1781655184,300,POST,/posts,4.800000,0.000000,28,120,150,200,300,760,1200,1400,1400,1400,1400,80,0,33,188.21568276034668,4.417690011905506,1552.360038011102,228.7
1781655184,300,GET,/timeline/{user_id},45.500000,0.000000,18,85,150,170,220,620,1800,3400,5600,5600,5600,684,0,20,296.40666109055167,2.175940986489877,5676.221005996922,4100.3640350877195
1781655184,300,GET,/users/{user_id},19.600000,0.000000,13,93,160,180,210,320,850,1400,1400,1400,1400,306,0,16,170.21058034303968,1.961129019036889,2389.609873003792,265.7516339869281
1781655184,300,,Aggregated,181.600000,0.000000,19,110,150,180,250,870,4800,6400,9700,11000,11000,2694,0,23,348.57769250100694,1.961129019036889,11153.37568501127,4835.718634001485
1781655185,300,GET,/feed/{user_id},80.300000,0.000000,26,120,150,160,190,260,550,810,5600,5600,5600,1189,0,26,148.27415296511512,2.188398997532204,5603.70323099778,4773.555088309504
1781655185,300,GET,/feed/{user_id}?with_fof=true,42.700000,0.000000,49,140,170,190,1500,6000,6800,7300,11000,11000,11000,596,0,54,852.2626883447489,2.220166992628947,11153.37568501127,9731.23489932886
1781655185,300,POST,/likes,3.500000,0.000000,130,160,170,180,210,500,920,920,920,920,920,57,0,120.0,163.9220864576361,3.212904994143173,1259.5733769994695,180.78947368421052
1781655185,300,POST,/posts,5.500000,0.000000,25,95,150,160,220,250,760,1400,1400,1400,1400,90,0,30,172.96833833129818,4.417690011905506,1552.360038011102,228.67777777777778
1781655185,300,GET,/timeline/{user_id},50.700000,0.000000,28,120,150,170,220,550,1800,3400,5600,5600,5600,758,0,27,278.8849311174212,2.175940986489877,5676.221005996922,4114.621372031662
1781655185,300,GET,/users/{user_id},22.300000,0.000000,17,120,160,180,200,240,840,1400,1400,1400,1400,337,0,18,162.59982954295842,1.961129019036889,2389.609873003792,265.75964391691394
1781655185,300,,Aggregated,205.000000,0.000000,29,120,150,170,210,560,4000,6100,9700,11000,11000,3027,0,30,322.2161083085155,1.961129019036889,11153.37568501127,4861.216716220681
1781655186,300,GET,/feed/{user_id},89.900000,0.000000,32,120,140,160,190,220,520,560,1500,5600,5600,1297,0,33,144.4004440938468,2.188398997532204,5603.70323099778,4754.634541249036
1781655186,300,GET,/feed/{user_id}?with_fof=true,47.400000,0.000000,71,140,170,180,740,5400,6800,7200,11000,11000,11000,666,0,75,774.5858361929174,2.213597996160388,11153.37568501127,9673.025525525525
1781655186,300,POST,/likes,4.400000,0.000000,130,160,170,180,210,250,920,920,920,920,920,63,0,120.0,162.25880906512472,3.212904994143173,1259.5733769994695,180.79365079365078
1781655186,300,POST,/posts,6.600000,0.000000,26,120,150,160,210,220,560,1400,1400,1400,1400,106,0,31,160.82190634695954,4.405952990055084,1552.360038011102,228.69811320754718
1781655186,300,GET,/timeline/{user_id},58.000000,0.000000,35,120,150,170,210,470,1700,2500,5600,5600,5600,842,0,33,260.90026405712393,2.1371730254031718,5676.221005996922,4082.0712589073632
1781655186,300,GET,/users/{user_id},26.300000,0.000000,20,120,150,170,200,220,400,1400,1400,1400,1400,373,0,26,156.06174950390223,1.961129019036889,2389.609873003792,265.83109919571046
1781655186,300,,Aggregated,232.600000,0.000000,37,130,150,170,200,360,2300,5600,9700,11000,11000,3347,0,37,301.26083801587595,1.961129019036889,11153.37568501127,4834.444876008366
1781655187,300,GET,/feed/{user_id},97.700000,0.000000,54,120,150,160,190,210,350,520,580,5600,5600,1428,0,44,140.4236802736195,2.188398997532204,5603.70323099778,4811.282913165266
1781655187,300,GET,/feed/{user_id}?with_fof=true,52.400000,0.000000,92,140,170,180,330,5100,6700,7200,11000,11000,11000,736,0,86,713.3404213836516,2.213597996160388,11153.37568501127,9649.41847826087
1781655187,300,POST,/likes,4.900000,0.000000,120,140,160,170,200,210,250,500,500,500,500,73,0,120.0,148.79295991834138,3.212904994143173,1259.5733769994695,180.72602739726028
1781655187,300,POST,/posts,7.400000,0.000000,29,130,160,180,210,220,250,560,560,560,560,113,0,33,158.31552043148167,4.405952990055084,1552.360038011102,228.72566371681415
1781655187,300,GET,/timeline/{user_id},62.900000,0.000000,68,130,160,170,210,290,1300,2400,5600,5600,5600,925,0,46,247.20278450275293,2.0977029926143587,5676.221005996922,4049.36
1781655187,300,GET,/users/{user_id},27.500000,0.000000,27,120,150,170,200,210,220,250,400,400,400,408,0,31,150.4276667203122,1.8143490015063435,2389.609873003792,265.7916666666667
1781655187,300,,Aggregated,252.800000,0.000000,65,130,150,170,200,250,1700,5300,9700,11000,11000,3683,0,50,283.55475675775904,1.8143490015063435,11153.37568501127,4850.834645669292
1781655188,300,GET,/feed/{user_id},101.300000,0.000000,84,130,150,160,190,210,340,520,580,5600,5600,1584,0,37,131.9665280319565,2.1672679868061095,5603.70323099778,4820.285984848485
1781655188,300,GET,/feed/{user_id}?with_fof=true,56.200000,0.000000,91,140,160,180,210,3100,6100,6800,11000,11000,11000,819,0,67,646.2495955719254,2.18762899748981,11153.37568501127,9686.30647130647
1781655188,300,POST,/likes,4.800000,0.000000,120,140,160,170,200,210,250,500,500,500,500,81,0,110.0,137.906427963358,3.0835109937470406,1259.5733769994695,180.74074074074073
1781655188,300,POST,/posts,8.000000,0.000000,28,120,140,160,200,220,250,560,560,560,560,133,0,30,139.60057105063777,3.9261839992832392,1552.360038011102,228.6015037593985
1781655188,300,GET,/timeline/{user_id},65.700000,0.000000,78,130,160,170,210,300,1300,2300,5600,5600,5600,1037,0,35,226.450714999033,2.097634016536176,5676.221005996922,4049.585342333655
1781655188,300,GET,/users/{user_id},29.700000,0.000000,44,130,150,170,200,210,220,250,400,400,400,443,0,21,140.62176499059572,1.8143490015063435,2389.609873003792,265.82392776523704
1781655188,300,,Aggregated,265.700000,0.000000,80,130,150,170,200,250,820,4300,9700,11000,11000,4097,0,39,259.9891455054,1.8143490015063435,11153.37568501127,4864.691725652917
1781655189,300,GET,/feed/{user_id},112.500000,0.000000,76,120,140,160,190,210,340,520,580,5600,5600,1757,0,34,122.78754275234381,2.050462004262954,5603.70323099778,4781.040409789413
1781655189,300,GET,/feed/{user_id}?with_fof=true,60.600000,0.000000,83,130,160,170,210,860,5300,6800,11000,11000,11000,903,0,48,588.8666891422513,2.18762899748981,11153.37568501127,9701.191583610189
1781655189,300,POST,/likes,5.700000,0.000000,110,140,160,170,180,210,250,500,500,500,500,86,0,81,132.27621244224665,3.0835109937470406,1259.5733769994695,180.7093023255814
1781655189,300,POST,/posts,8.600000,0.000000,29,110,130,150,200,210,220,250,560,560,560,145,0,31,132.39577210183126,3.9261839992832392,1552.360038011102,228.57931034482758
1781655189,300,GET,/timeline/{user_id},72.700000,0.000000,74,120,150,170,210,290,960,2200,5600,5600,5600,1144,0,29,208.88738863980578,2.0423000096343458,5676.221005996922,3989.507867132867
1781655189,300,GET,/users/{user_id},32.300000,0.000000,60,120,150,170,200,210,220,250,400,400,400,481,0,20,132.5969516378082,1.6805689956527203,2389.609873003792,265.7962577962578
1781655189,300,,Aggregated,292.400000,0.000000,76,120,150,170,200,230,560,2500,8300,11000,11000,4516,0,33,239.3276750393807,1.6805689956527203,11153.37568501127,4849.644375553587
1781655190,300,GET,/feed/{user_id},120.400000,0.000000,56,110,130,150,180,200,220,270,360,360,360,1945,0,24,112.66503221944039,1.9302720029372722,5603.70323099778,4788.010282776349
1781655190,300,GET,/feed/{user_id}?with_fof=true,64.700000,0.000000,60,120,150,160,190,210,1300,3300,5200,5200,5200,983,0,29,542.2178342588348,2.1776740031782538,11153.37568501127,9735.666327568668
1781655190,300,POST,/likes,6.300000,0.000000,110,140,160,160,180,200,210,250,250,250,250,93,0,67,124.71132595730465,3.0835109937470406,1259.5733769994695,180.67741935483872
1781655190,300,POST,/posts,9.700000,0.000000,21,86,120,130,200,210,220,220,250,250,250,161,0,29,122.41253499227275,3.8369699905160815,1552.360038011102,228.54037267080744
1781655190,300,GET,/timeline/{user_id},78.400000,0.000000,55,110,140,160,200,220,520,1300,2500,2500,2500,1242,0,22,193.88737801948693,2.0104630093555897,5676.221005996922,3963.618357487923
1781655190,300,GET,/users/{user_id},34.200000,0.000000,22,110,140,160,190,200,220,230,360,360,360,534,0,12,120.56436684254682,1.6805689956527203,2389.609873003792,265.8820224719101
1781655190,300,,Aggregated,313.700000,0.000000,54,110,140,150,190,210,300,680,4100,5200,5200,4958,0,23,219.5703278711485,1.6805689956527203,11153.37568501127,4840.910246066963
1781655191,300,GET,/feed/{user_id},125.700000,0.000000,33,100,120,140,170,190,210,220,310,310,310,2124,0,18,104.96445653854107,1.9302720029372722,5603.70323099778,4752.2250470809795
1781655191,300,GET,/feed/{user_id}?with_fof=true,66.300000,0.000000,30,110,130,150,180,210,740,1100,3600,3600,3600,1067,0,23,503.7911726348298,2.1776740031782538,11153.37568501127,9739.198687910028
1781655191,300,POST,/likes,6.300000,0.000000,99,130,150,160,180,200,210,250,250,250,250,101,0,67,119.55053961402413,3.0835109937470406,1259.5733769994695,180.62376237623764
1781655191,300,POST,/posts,10.200000,0.000000,29,77,120,130,190,210,220,220,250,250,250,175,0,29,114.78321296445627,3.765272005693987,1552.360038011102,228.50857142857143
1781655191,300,GET,/timeline/{user_id},82.600000,0.000000,46,110,130,140,190,210,300,550,2300,2300,2300,1356,0,19,180.33293403251884,2.0104630093555897,5676.221005996922,3952.2293510324484
1781655191,300,GET,/users/{user_id},34.400000,0.000000,21,100,130,140,190,200,210,220,220,220,220,567,0,12,115.36650091721356,1.6805689956527203,2389.609873003792,265.994708994709
1781655191,300,,Aggregated,325.500000,0.000000,35,100,130,140,180,200,220,460,2300,3600,3600,5390,0,19,204.56319447628508,1.6805689956527203,11153.37568501127,4833.71521335807
1781655192,300,GET,/feed/{user_id},134.200000,0.000000,17,90,110,130,160,180,190,200,270,310,310,2280,0,16,100.228347578811,1.9302720029372722,5603.70323099778,4784.846491228071
1781655192,300,GET,/feed/{user_id}?with_fof=true,69.300000,0.000000,16,93,120,140,170,190,620,800,1300,1300,1300,1154,0,19,468.9438821458576,2.0246639905963093,11153.37568501127,9726.253032928942
1781655192,300,POST,/likes,6.800000,0.000000,76,120,140,150,170,180,210,250,250,250,250,110,0,56,113.4004984910875,3.0835109937470406,1259.5733769994695,180.5818181818182
1781655192,300,POST,/posts,11.500000,0.000000,14,65,90,110,160,190,210,210,210,210,210,187,0,25,109.24326054431887,3.765272005693987,1552.360038011102,228.49197860962568
1781655192,300,GET,/timeline/{user_id},85.900000,0.000000,22,95,120,130,170,200,270,460,960,960,960,1462,0,19,170.88510613269318,1.9925259985029697,5676.221005996922,3925.8946648426813
1781655192,300,GET,/users/{user_id},36.600000,0.000000,10,82,110,130,170,190,200,200,220,220,220,605,0,11,109.89093436385228,1.6805689956527203,2389.609873003792,266.0198347107438
1781655192,300,,Aggregated,344.300000,0.000000,17,91,110,130,170,190,210,290,900,1300,1300,5798,0,17,192.98076189857608,1.6805689956527203,11153.37568501127,4845.936184891342
1781655193,300,GET,/feed/{user_id},140.100000,0.000000,11,73,97,110,140,170,190,200,270,310,310,2460,0,15,95.27728546323725,1.9302720029372722,5603.70323099778,4762.676422764228
1781655193,300,GET,/feed/{user_id}?with_fof=true,71.900000,0.000000,7,77,100,120,160,190,480,740,900,900,900,1243,0,17,438.4588049456606,2.0246639905963093,11153.37568501127,9737.456154465004
1781655193,300,POST,/likes,6.900000,0.000000,34,99,120,130,170,180,180,250,250,250,250,118,0,22,106.95302652582818,3.0073969974182546,1259.5733769994695,180.5677966101695
1781655193,300,POST,/posts,12.200000,0.000000,13,60,83,100,140,180,200,210,210,210,210,197,0,23,105.20590591240854,3.765272005693987,1552.360038011102,228.48730964467006
1781655193,300,GET,/timeline/{user_id},89.300000,0.000000,11,77,100,110,150,190,250,340,550,550,550,1571,0,17,161.3487408294769,1.9925259985029697,5676.221005996922,3918.031190324634
1781655193,300,GET,/users/{user_id},37.400000,0.000000,6,64,87,100,140,170,190,200,220,220,220,651,0,10,104.23753429354439,1.6805689956527203,2389.609873003792,266.0
1781655193,300,,Aggregated,357.800000,0.000000,10,73,98,110,150,180,200,270,830,900,900,6240,0,15,181.74197821314382,1.6805689956527203,11153.37568501127,4842.075961538461
1781655194,300,GET,/feed/{user_id},142.800000,0.000000,5,52,78,94,130,160,190,200,270,310,310,2654,0,12,89.38320940747089,1.9302720029372722,5603.70323099778,4741.03730218538
1781655194,300,GET,/feed/{user_id}?with_fof=true,74.300000,0.000000,5,53,82,96,140,180,340,690,860,860,860,1323,0,14,412.8242494206119,2.0246639905963093,11153.37568501127,9742.027210884355
1781655194,300,POST,/likes,7.300000,0.000000,8,74,99,110,140,170,180,250,250,250,250,125,0,16,101.8449981037993,2.9414369782898575,1259.5733769994695,180.6
1781655194,300,POST,/posts,12.700000,0.000000,9,51,77,94,130,170,200,210,210,210,210,212,0,18,99.03495624825635,3.402567992452532,1552.360038011102,228.46226415094338
1781655194,300,GET,/timeline/{user_id},92.200000,0.000000,5,55,83,97,130,180,210,300,550,550,550,1694,0,12,150.52465100189158,1.9577739876694977,5676.221005996922,3923.5531286894925
1781655194,300,GET,/users/{user_id},38.200000,0.000000,5,33,73,84,120,170,190,200,220,220,220,696,0,9,98.47889787082771,1.6805689956527203,2389.609873003792,266.0359195402299
1781655194,300,,Aggregated,367.500000,0.000000,6,53,79,94,130,170,200,240,800,860,860,6704,0,12,170.14403743344317,1.6805689956527203,11153.37568501127,4829.069809069212
1781655195,300,GET,/feed/{user_id},149.900000,0.000000,4,17,61,74,110,140,180,200,250,250,250,2858,0,10,83.35823632274375,1.9302720029372722,5603.70323099778,4756.644156752974
1781655195,300,GET,/feed/{user_id}?with_fof=true,76.800000,0.000000,4,16,59,76,120,160,210,630,860,860,860,1411,0,11,387.40434833984375,2.0246639905963093,11153.37568501127,9751.08575478384
1781655195,300,POST,/likes,7.500000,0.000000,5,14,74,87,120,170,180,250,250,250,250,137,0,14,93.39912618951443,2.9414369782898575,1259.5733769994695,180.6058394160584
1781655195,300,POST,/posts,13.000000,0.000000,8,24,60,71,100,120,180,190,210,210,210,227,0,15,92.8938414392242,3.402567992452532,1552.360038011102,228.40528634361235
1781655195,300,GET,/timeline/{user_id},96.700000,0.000000,4,21,64,78,120,170,210,290,550,550,550,1805,0,11,141.86839800559557,1.9577739876694977,5676.221005996922,3923.0
1781655195,300,GET,/users/{user_id},38.700000,0.000000,4,10,43,68,93,130,180,200,220,220,220,752,0,7,91.51872240959455,1.6805689956527203,2389.609873003792,266.0718085106383
1781655195,300,,Aggregated,382.600000,0.000000,4,17,61,74,110,150,190,220,800,860,860,7190,0,10,159.06015227603666,1.6805689956527203,11153.37568501127,4827.672183588317
1781655196,300,GET,/feed/{user_id},158.000000,0.000000,4,14,46,64,97,120,160,190,220,300,300,3018,0,10,81.13963634566356,1.9302720029372722,5603.70323099778,4782.730284956925
1781655196,300,GET,/feed/{user_id}?with_fof=true,79.600000,0.000000,4,15,44,66,100,130,200,580,860,860,860,1487,0,11,371.01358314835176,2.0246639905963093,11153.37568501127,9752.373234700739
1781655196,300,POST,/likes,7.500000,0.000000,7,16,67,76,110,120,170,190,190,190,190,148,0,14,90.17881254014257,2.9414369782898575,1259.5733769994695,180.63513513513513
1781655196,300,POST,/posts,13.000000,0.000000,8,24,55,65,100,110,160,210,210,210,210,243,0,15,89.90547816743863,3.402567992452532,1552.360038011102,228.4156378600823
1781655196,300,GET,/timeline/{user_id},100.200000,0.000000,4,15,48,66,110,130,200,300,550,550,550,1888,0,11,137.76557903565845,1.9577739876694977,5676.221005996922,3913.0481991525426
1781655196,300,GET,/users/{user_id},38.900000,0.000000,4,10,31,63,88,120,140,180,200,200,200,795,0,8,89.35117247549572,1.6805689956527203,2389.609873003792,266.10188679245283
1781655196,300,,Aggregated,397.200000,0.000000,4,14,46,65,99,130,180,200,750,860,860,7579,0,11,153.43788249383593,1.6805689956527203,11153.37568501127,4831.46642037208
1781655197,300,GET,/feed/{user_id},164.700000,0.000000,4,10,26,49,82,100,130,140,210,300,300,3195,0,9,77.19508286201904,1.9302720029372722,5603.70323099778,4773.769327073553
1781655197,300,GET,/feed/{user_id}?with_fof=true,81.200000,0.000000,4,11,27,53,89,110,170,580,830,830,830,1587,0,9,348.58524710549983,2.0246639905963093,11153.37568501127,9755.316950220542
1781655197,300,POST,/likes,7.800000,0.000000,7,14,46,67,100,120,130,190,190,190,190,158,0,10,84.97488710722043,2.9414369782898575,1259.5733769994695,180.6139240506329
1781655197,300,POST,/posts,13.800000,0.000000,8,14,37,59,90,100,110,160,210,210,210,256,0,13,85.67905631537087,3.402567992452532,1552.360038011102,228.40234375
1781655197,300,GET,/timeline/{user_id},104.100000,0.000000,4,12,30,55,92,120,160,260,500,500,500,2017,0,10,129.74807375968822,1.9577739876694977,5676.221005996922,3914.270699058007
1781655197,300,GET,/users/{user_id},41.000000,0.000000,4,8,24,43,81,110,140,170,190,190,190,843,0,7,84.92649931808346,1.6805689956527203,2389.609873003792,266.09489916963224
1781655197,300,,Aggregated,412.600000,0.000000,4,11,27,51,87,110,130,180,640,830,830,8056,0,9,145.04690307580566,1.6805689956527203,11153.37568501127,4833.700471698113
1781655198,300,GET,/feed/{user_id},170.600000,0.000000,4,6,16,27,74,99,130,140,210,300,300,3384,0,8,73.17933895065012,1.9302720029372722,5603.70323099778,4798.072695035461
1781655198,300,GET,/feed/{user_id}?with_fof=true,81.300000,0.000000,4,6,19,33,82,110,170,480,830,830,830,1684,0,8,328.99311813216497,2.0246639905963093,11153.37568501127,9736.407363420427
1781655198,300,POST,/likes,8.200000,0.000000,6,10,17,49,96,110,130,190,190,190,190,167,0,9,80.66719438874408,2.9186640167608857,1259.5733769994695,180.62874251497007
1781655198,300,POST,/posts,13.600000,0.000000,7,10,24,37,83,100,110,160,210,210,210,270,0,12,81.65917958421805,3.402567992452532,1552.360038011102,228.37037037037038
1781655198,300,GET,/timeline/{user_id},104.600000,0.000000,4,7,19,32,82,110,140,220,480,500,500,2138,0,8,122.79554370637877,1.9225410069338977,5676.221005996922,3908.470065481759
1781655198,300,GET,/users/{user_id},41.700000,0.000000,3,6,14,25,70,99,140,170,190,190,190,897,0,6,80.12697501136603,1.6805689956527203,2389.609873003792,266.1471571906354
1781655198,300,,Aggregated,420.000000,0.000000,4,7,17,30,77,110,130,180,640,830,830,8540,0,8,137.18893008473748,1.6805689956527203,11153.37568501127,4838.367213114754
1781655199,300,GET,/feed/{user_id},175.300000,0.000000,4,5,12,19,67,97,130,140,300,30000,30000,3586,1,6,77.68531519717482,1.9302720029372722,30019.705678976607,4798.5253764640265
1781655199,300,GET,/feed/{user_id}?with_fof=true,85.000000,0.000000,4,5,14,25,77,120,260,630,30000,30000,30000,1788,3,7,360.83169355568873,2.0246639905963093,30031.102469016332,9711.106263982103
1781655199,300,POST,/likes,8.600000,0.000000,5,9,15,34,99,120,190,30000,30000,30000,30000,177,1,8,245.9653748752152,2.91301601100713,30028.972147003515,179.73446327683615
1781655199,300,POST,/posts,14.200000,0.000000,7,9,14,24,61,100,160,210,30000,30000,30000,283,1,11,184.31824045870766,3.402567992452532,30030.631183006335,227.6042402826855
1781655199,300,GET,/timeline/{user_id},107.800000,0.000000,3,6,14,24,79,110,150,240,30000,30000,30000,2244,3,7,157.3699316431755,1.9225410069338977,30030.311993992655,3902.5485739750447
1781655199,300,GET,/users/{user_id},43.500000,0.000000,3,5,13,22,69,99,140,170,190,190,190,941,0,6,76.58432711287071,1.6805689956527203,2389.609873003792,266.15515409139215
1781655199,300,,Aggregated,434.400000,0.000000,4,6,13,22,74,110,130,190,30000,30000,30000,9019,9,7,160.17834795408191,1.6805689956527203,30031.102469016332,4842.550837121632
1781655200,300,GET,/feed/{user_id},178.300000,0.000000,4,5,12,20,68,98,130,180,31000,31000,31000,3782,4,6,146.51288967902346,1.9302720029372722,31244.373090012232,4798.699629825489
1781655200,300,GET,/feed/{user_id}?with_fof=true,85.700000,0.000000,4,5,19,33,87,120,540,30000,32000,32000,32000,1892,5,6,491.1043645289854,2.0246639905963093,32416.99254498235,9706.844080338265
1781655200,300,POST,/likes,8.600000,0.000000,5,7,15,18,96,110,190,30000,30000,30000,30000,191,1,8,229.3376809836936,2.91301601100713,30028.972147003515,179.7696335078534
1781655200,300,POST,/posts,13.900000,0.000000,7,9,10,14,58,100,160,210,30000,30000,30000,295,1,11,177.49474653845922,3.402567992452532,30030.631183006335,227.6135593220339
1781655200,300,GET,/timeline/{user_id},109.800000,0.000000,3,6,14,25,81,120,190,360,30000,30000,30000,2348,6,7,215.32848346514103,1.9225410069338977,30030.311993992655,3869.4676320272574
1781655200,300,GET,/users/{user_id},44.500000,0.000000,3,5,14,23,73,100,140,170,30000,30000,30000,991,1,6,104.27180733704398,1.6805689956527203,30003.23743702029,265.94752774974774
1781655200,300,,Aggregated,440.800000,0.000000,4,6,14,23,76,110,160,460,31000,32000,32000,9499,18,7,230.3790182123174,1.6805689956527203,32416.99254498235,4838.885882724498
1781655201,300,GET,/feed/{user_id},181.400000,0.000000,4,6,14,24,76,100,140,180,31000,31000,31000,3923,4,6,143.08815670097076,1.9302720029372722,31244.373090012232,4795.567167983686
1781655201,300,GET,/feed/{user_id}?with_fof=true,88.700000,0.000000,4,6,19,32,86,130,640,30000,32000,32000,32000,1955,5,7,477.46991895492334,2.0246639905963093,32416.99254498235,9704.466496163683
1781655201,300,POST,/likes,8.500000,0.000000,5,7,15,18,74,110,190,30000,30000,30000,30000,197,1,8,224.46682117702107,2.91301601100713,30028.972147003515,179.7766497461929
1781655201,300,POST,/posts,13.800000,0.000000,7,9,13,24,94,120,160,210,30000,30000,30000,305,1,11,174.18583397339404,3.402567992452532,30030.631183006335,227.6590163934426
1781655201,300,GET,/timeline/{user_id},110.000000,0.000000,3,6,17,29,85,120,200,360,30000,30000,30000,2451,6,7,208.5541261881021,1.9225410069338977,30030.311993992655,3870.6434108527133
1781655201,300,GET,/users/{user_id},45.800000,0.000000,4,7,16,31,82,110,140,170,30000,30000,30000,1034,1,6,102.27122214330969,1.6805689956527203,30003.23743702029,265.95164410058027
1781655201,300,,Aggregated,448.200000,0.000000,4,6,16,27,80,110,170,480,31000,32000,32000,9865,18,7,223.92800612384855,1.6805689956527203,32416.99254498235,4830.414090217942
1781655202,300,GET,/feed/{user_id},183.800000,0.400000,4,7,19,34,85,110,140,180,31000,31000,31000,4067,4,7,140.36873935795435,1.9302720029372722,31244.373090012232,4776.787066633882
1781655202,300,GET,/feed/{user_id}?with_fof=true,90.100000,0.500000,4,7,26,48,91,130,640,30000,32000,32000,32000,2031,5,7,462.55762672615754,2.0246639905963093,32416.99254498235,9710.354505169867
1781655202,300,POST,/likes,9.500000,0.100000,5,10,16,22,90,130,190,30000,30000,30000,30000,203,1,9,219.3685841866771,2.91301601100713,30028.972147003515,179.80295566502463
1781655202,300,POST,/posts,13.100000,0.100000,7,9,16,34,110,130,160,210,30000,30000,30000,311,1,11,172.44093204143613,3.402567992452532,30030.631183006335,227.67524115755626
1781655202,300,GET,/timeline/{user_id},109.500000,0.600000,4,11,29,54,95,120,200,360,30000,30000,30000,2564,6,8,202.39126440207772,1.9225410069338977,30030.311993992655,3859.3151326053044
1781655202,300,GET,/users/{user_id},45.700000,0.100000,4,8,22,40,97,120,140,180,30000,30000,30000,1067,1,6,101.18409479497898,1.6805689956527203,30003.23743702029,265.96813495782567
1781655202,300,,Aggregated,451.700000,1.800000,4,8,23,40,90,120,170,540,31000,32000,32000,10243,18,7,218.23584754247693,1.6805689956527203,32416.99254498235,4826.252269842819
1781655203,300,GET,/feed/{user_id},180.800000,0.400000,4,7,20,34,89,110,140,180,31000,31000,31000,4235,4,7,135.75727561505377,1.9302720029372722,31244.373090012232,4776.64958677686
1781655203,300,GET,/feed/{user_id}?with_fof=true,88.900000,0.500000,4,7,27,48,91,130,660,30000,32000,32000,32000,2141,5,7,440.08302391208053,1.9929370027966797,32416.99254498235,9700.49743110696
1781655203,300,POST,/likes,9.600000,0.100000,6,10,19,30,90,130,190,30000,30000,30000,30000,209,1,9,213.7343456023696,2.91301601100713,30028.972147003515,179.82775119617224
1781655203,300,POST,/posts,12.900000,0.100000,7,10,24,36,100,130,160,210,30000,30000,30000,322,1,11,167.53094749023012,3.402567992452532,30030.631183006335,227.69875776397515
1781655203,300,GET,/timeline/{user_id},109.300000,0.600000,4,12,30,54,97,120,220,430,30000,30000,30000,2673,6,8,195.0723148641632,1.9225410069338977,30030.311993992655,3879.2637485970818
1781655203,300,GET,/users/{user_id},46.700000,0.100000,4,9,24,37,95,120,140,180,30000,30000,30000,1123,1,6,97.11368309271928,1.6805689956527203,30003.23743702029,265.98397150489757
1781655203,300,,Aggregated,448.200000,1.800000,4,9,24,40,92,120,170,580,31000,32000,32000,10703,18,7,209.87127193247753,1.6805689956527203,32416.99254498235,4837.592357283005
1781655204,300,GET,/feed/{user_id},177.900000,0.400000,4,12,30,49,92,110,140,190,31000,33000,33000,4413,5,7,138.7246924867192,1.9302720029372722,32943.63690901082,4794.07500566508
1781655204,300,GET,/feed/{user_id}?with_fof=true,87.700000,0.500000,4,13,38,59,94,130,700,30000,33000,33000,33000,2232,6,6,437.89180494374665,1.9929370027966797,32941.53170500067,9708.718189964158
1781655204,300,POST,/likes,9.300000,0.100000,7,17,38,49,110,170,30000,34000,34000,34000,34000,215,2,9,366.11007374825044,2.91301601100713,33830.86291997461,179.10232558139535
1781655204,300,POST,/posts,12.700000,0.100000,8,11,36,60,110,130,160,210,30000,30000,30000,332,1,11,163.5767054966376,3.402567992452532,30030.631183006335,227.71987951807228
1781655204,300,GET,/timeline/{user_id},109.600000,0.600000,4,14,43,61,99,120,250,30000,33000,33000,33000,2785,9,7,223.86294713209776,1.9225410069338977,33400.600532011595,3870.228725314183
1781655204,300,GET,/users/{user_id},45.900000,0.100000,4,14,36,51,97,120,140,180,30000,30000,30000,1173,1,6,94.0981248499302,1.6805689956527203,30003.23743702029,265.97186700767264
1781655204,300,,Aggregated,443.100000,1.800000,4,13,35,56,95,120,180,780,33000,34000,34000,11150,24,7,220.3070059973956,1.6805689956527203,33830.86291997461,4845.811121076234
1781655205,300,GET,/feed/{user_id},177.500000,0.400000,4,9,24,40,86,110,140,160,33000,33000,33000,4602,7,6,147.18970203603357,1.9302720029372722,33407.52668998903,4804.378748370274
1781655205,300,GET,/feed/{user_id}?with_fof=true,88.100000,0.500000,4,7,29,51,90,120,750,31000,33000,33000,33000,2317,7,6,436.84622905109387,1.9929370027966797,33209.606587013695,9698.099697885196
1781655205,300,POST,/likes,9.300000,0.100000,6,15,30,44,100,160,30000,34000,34000,34000,34000,220,2,9,357.9638720040252,2.91301601100713,33830.86291997461,179.13636363636363
1781655205,300,POST,/posts,12.500000,0.100000,8,9,24,36,92,120,130,140,30000,30000,30000,351,1,10,155.34253930722753,3.402567992452532,30030.631183006335,227.72649572649573
1781655205,300,GET,/timeline/{user_id},109.700000,0.600000,4,11,32,55,95,120,250,30000,33000,34000,34000,2914,9,6,226.18481776185763,1.9225410069338977,34404.77037199889,3865.31159917639
1781655205,300,GET,/users/{user_id},47.100000,0.100000,4,8,25,46,90,110,130,140,33000,33000,33000,1227,2,6,117.2047519739759,1.6805689956527203,33188.4086500213,265.83129584352076
1781655205,300,,Aggregated,444.200000,1.800000,4,9,26,47,90,110,160,30000,33000,34000,34000,11631,28,6,225.75271208400483,1.6805689956527203,34404.77037199889,4839.591006792193
1781655206,300,GET,/feed/{user_id},175.300000,0.400000,4,6,18,34,85,110,140,30000,33000,33000,33000,4819,12,6,209.09480523451234,1.8583539931569248,33407.52668998903,4791.169537248392
1781655206,300,GET,/feed/{user_id}?with_fof=true,90.000000,0.500000,4,6,25,47,89,130,30000,31000,33000,33000,33000,2419,12,6,493.4399912568794,1.9929370027966797,33209.606587013695,9675.009508061183
1781655206,300,POST,/likes,8.900000,0.100000,5,15,34,47,110,170,30000,34000,34000,34000,34000,226,3,8,481.329701181019,2.91301601100713,33830.86291997461,178.4513274336283
1781655206,300,POST,/posts,12.100000,0.100000,8,10,26,58,110,130,30000,30000,30000,30000,30000,367,2,9,396.74824771871954,3.402567992452532,30499.383996997494,227.17983651226157
1781655206,300,GET,/timeline/{user_id},108.600000,0.700000,4,9,28,54,95,120,30000,30000,33000,34000,34000,3043,15,6,325.7215978268274,1.9225410069338977,34404.77037199889,3864.292145908643
1781655206,300,GET,/users/{user_id},47.200000,0.100000,3,6,15,33,88,110,130,160,33000,33000,33000,1294,3,5,134.54534607654952,1.6613999905530363,33188.4086500213,265.677743431221
1781655206,300,,Aggregated,442.100000,1.900000,4,7,21,43,89,120,540,30000,33000,34000,34000,12168,47,6,297.5771552157533,1.6613999905530363,34404.77037199889,4825.692554240632
1781655207,300,GET,/feed/{user_id},174.200000,0.600000,4,11,30,53,93,110,140,30000,33000,33000,33000,5010,12,5,202.38867309430688,1.8583539931569248,33407.52668998903,4797.382435129741
1781655207,300,GET,/feed/{user_id}?with_fof=true,90.100000,0.700000,4,12,35,56,93,140,30000,31000,33000,33000,33000,2516,12,6,475.72562167666354,1.9929370027966797,33209.606587013695,9680.130365659777
1781655207,300,POST,/likes,8.500000,0.200000,6,23,44,54,110,170,30000,34000,34000,34000,34000,233,3,8,467.7639124117334,2.91301601100713,33830.86291997461,178.50643776824035
1781655207,300,POST,/posts,12.000000,0.100000,8,17,58,69,110,130,30000,30000,30000,30000,30000,375,2,9,389.1574473567307,3.402567992452532,30499.383996997494,227.19733333333335
1781655207,300,GET,/timeline/{user_id},110.000000,0.900000,4,13,46,61,100,130,30000,30000,34000,34000,34000,3153,16,6,326.3824076431983,1.9225410069338977,34404.77037199889,3875.299714557564
1781655207,300,GET,/users/{user_id},47.600000,0.200000,4,8,23,47,90,110,130,160,33000,33000,33000,1347,3,5,130.27918410852448,1.6613999905530363,33188.4086500213,265.6911655530809
1781655207,300,,Aggregated,442.400000,2.700000,4,11,35,57,95,120,550,30000,33000,34000,34000,12634,48,6,290.5165223195238,1.6613999905530363,34404.77037199889,4835.649121418395
1781655208,300,GET,/feed/{user_id},177.900000,1.200000,4,22,56,79,110,150,240,30000,33000,33000,33000,5160,12,6,199.31044032664784,1.8583539931569248,33407.52668998903,4795.112209302326
1781655208,300,GET,/feed/{user_id}?with_fof=true,92.500000,1.200000,5,26,60,77,120,180,30000,31000,33000,33000,33000,2569,12,6,468.9094265342753,1.9929370027966797,33209.606587013695,9681.817438692098
1781655208,300,POST,/likes,8.200000,0.300000,8,38,64,90,170,240,30000,34000,34000,34000,34000,243,3,9,453.76752119740365,2.91301601100713,33830.86291997461,178.5843621399177
1781655208,300,POST,/posts,12.400000,0.200000,9,36,68,92,130,180,30000,30000,30000,30000,30000,381,2,10,385.05577621454427,3.402567992452532,30499.383996997494,227.23359580052494
1781655208,300,GET,/timeline/{user_id},113.900000,1.500000,5,36,65,81,130,180,30000,30000,34000,34000,34000,3243,16,6,320.35965535087325,1.9225410069338977,34404.77037199889,3876.5732346592663
1781655208,300,GET,/users/{user_id},49.300000,0.300000,4,15,48,73,110,140,180,230,33000,33000,33000,1384,3,5,129.3727644192034,1.6613999905530363,33188.4086500213,265.72398843930637
1781655208,300,,Aggregated,454.200000,4.700000,5,25,59,79,120,160,730,30000,33000,34000,34000,12980,48,6,285.67181937595,1.6613999905530363,34404.77037199889,4829.339676425269
1781655209,300,GET,/feed/{user_id},180.300000,1.200000,5,40,81,96,140,170,200,250,33000,33000,33000,5298,12,6,196.84436510031,1.8583539931569248,33407.52668998903,4791.392223480559
1781655209,300,GET,/feed/{user_id}?with_fof=true,92.100000,1.200000,5,40,76,91,150,180,660,30000,33000,33000,33000,2640,12,6,459.53037133203355,1.9929370027966797,33209.606587013695,9682.905681818182
1781655209,300,POST,/likes,7.300000,0.300000,22,63,100,140,170,220,30000,34000,34000,34000,34000,250,3,9,443.46037592785433,2.91301601100713,33830.86291997461,178.644
1781655209,300,POST,/posts,11.900000,0.200000,10,68,97,110,160,190,30000,30000,30000,30000,30000,390,2,10,379.428927581429,3.402567992452532,30499.383996997494,227.25384615384615
1781655209,300,GET,/timeline/{user_id},113.500000,1.600000,6,50,79,98,150,180,320,30000,34000,34000,34000,3327,16,7,315.12902922784906,1.9225410069338977,34404.77037199889,3875.6525398256686
1781655209,300,GET,/users/{user_id},49.800000,0.300000,4,23,59,80,120,150,180,220,33000,33000,33000,1408,3,5,128.72882734741736,1.6613999905530363,33188.4086500213,265.74928977272725
1781655209,300,,Aggregated,454.900000,4.800000,5,42,78,94,140,170,250,30000,33000,34000,34000,13313,48,6,281.27157451385506,1.6613999905530363,34404.77037199889,4833.57830691805
1781655210,300,GET,/feed/{user_id},177.200000,1.200000,6,59,96,110,150,180,230,310,33000,33000,33000,5440,12,6,194.52683116545384,1.8583539931569248,33407.52668998903,4802.289154411765
1781655210,300,GET,/feed/{user_id}?with_fof=true,89.000000,1.200000,6,60,91,120,160,190,730,30000,33000,33000,33000,2716,12,6,450.68990721673384,1.9929370027966797,33209.606587013695,9688.275405007364
1781655210,300,POST,/likes,7.500000,0.300000,23,68,120,130,170,220,30000,34000,34000,34000,34000,258,3,9,431.2628735891948,2.91301601100713,33830.86291997461,178.69379844961242
1781655210,300,POST,/posts,10.900000,0.200000,10,83,110,120,160,210,30000,30000,30000,30000,30000,397,2,11,374.68550323870244,3.402567992452532,30499.383996997494,227.27959697733
1781655210,300,GET,/timeline/{user_id},111.100000,1.600000,8,64,99,120,160,190,360,30000,34000,34000,34000,3421,16,7,309.33123498335306,1.9225410069338977,34404.77037199889,3866.8377667348727
1781655210,300,GET,/users/{user_id},49.400000,0.300000,4,28,76,91,130,160,200,220,33000,33000,33000,1440,3,6,128.16671636052584,1.6613999905530363,33188.4086500213,265.7763888888889
1781655210,300,,Aggregated,445.100000,4.800000,6,59,93,120,160,180,250,30000,33000,34000,34000,13672,48,7,276.850346851207,1.6613999905530363,34404.77037199889,4840.938560561732
1781655211,300,GET,/feed/{user_id},171.300000,1.200000,7,70,110,130,160,200,29000,31000,35000,35000,35000,5629,17,7,305.0236960467839,1.8583539931569248,35033.22928000125,4807.116894652691
1781655211,300,GET,/feed/{user_id}?with_fof=true,85.800000,1.200000,7,62,110,130,170,240,30000,32000,35000,35000,35000,2789,14,7,553.9258006391455,1.9929370027966797,34741.543707001256,9680.390821082825
1781655211,300,POST,/likes,7.800000,0.300000,22,68,120,160,220,260,30000,34000,34000,34000,34000,267,3,9,438.96684587280413,2.91301601100713,33830.86291997461,178.74906367041197
1781655211,300,POST,/posts,10.800000,0.200000,9,68,100,130,180,30000,31000,31000,31000,31000,31000,411,2,11,513.2267125054414,3.402567992452532,30791.00185300922,227.323600973236
1781655211,300,GET,/timeline/{user_id},108.700000,1.600000,8,67,110,140,160,230,30000,33000,35000,35000,35000,3519,17,8,415.30710064849745,1.9225410069338977,34748.51689697243,3877.3694231315717
1781655211,300,GET,/users/{user_id},47.000000,0.300000,4,30,77,98,140,180,400,30000,34000,34000,34000,1481,3,6,205.6252603849453,1.6613999905530363,33850.68208599114,265.7771775827144
1781655211,300,,Aggregated,431.400000,4.800000,7,62,110,130,160,210,30000,31000,35000,35000,35000,14096,56,7,379.9669741437188,1.6613999905530363,35033.22928000125,4840.884364358683
1781655212,300,GET,/feed/{user_id},165.200000,0.800000,11,110,140,150,230,320,11000,31000,35000,35000,35000,5801,17,7,302.4158373636543,1.8583539931569248,35033.22928000125,4796.521289432856
1781655212,300,GET,/feed/{user_id}?with_fof=true,83.500000,0.700000,8,110,150,160,240,410,30000,32000,35000,35000,35000,2869,14,7,544.2465712727602,1.9929370027966797,34741.543707001256,9686.455210874868
1781655212,300,POST,/likes,6.900000,0.200000,23,110,160,170,260,340,30000,34000,34000,34000,34000,274,3,10,431.9587663759479,2.91301601100713,33830.86291997461,178.8029197080292
1781655212,300,POST,/posts,10.600000,0.100000,10,83,120,160,220,30000,31000,31000,31000,31000,31000,419,2,11,506.4074084384846,3.402567992452532,30791.00185300922,227.34844868735084
1781655212,300,GET,/timeline/{user_id},107.100000,1.000000,11,110,140,160,250,360,30000,33000,35000,35000,35000,3608,17,8,411.1325838526206,1.9225410069338977,34748.51689697243,3887.641075388027
1781655212,300,GET,/users/{user_id},45.000000,0.200000,5,67,120,140,220,280,400,30000,34000,34000,34000,1525,3,6,206.08113739746395,1.6613999905530363,33850.68208599114,265.7934426229508
1781655212,300,,Aggregated,418.300000,3.000000,10,100,140,160,240,340,30000,31000,35000,35000,35000,14496,56,8,375.5476813412125,1.6613999905530363,35033.22928000125,4842.11196192053
1781655213,300,GET,/feed/{user_id},169.700000,1.300000,38,140,160,190,280,380,11000,31000,35000,35000,35000,5979,17,8,299.5541306216059,1.8583539931569248,35033.22928000125,4797.084462284663
1781655213,300,GET,/feed/{user_id}?with_fof=true,82.100000,0.900000,39,150,170,190,290,460,30000,32000,35000,35000,35000,2962,14,8,533.3617174298962,1.9929370027966797,34741.543707001256,9679.268062120189
1781655213,300,POST,/likes,6.700000,0.200000,23,160,180,200,260,340,30000,34000,34000,34000,34000,283,3,10,422.9168533745539,2.91301601100713,33830.86291997461,178.85159010600708
1781655213,300,POST,/posts,10.500000,0.100000,22,110,160,160,230,370,30000,31000,31000,31000,31000,430,2,11,497.3594696457947,3.402567992452532,30791.00185300922,227.3953488372093
1781655213,300,GET,/timeline/{user_id},106.600000,1.100000,42,140,160,200,300,390,30000,33000,35000,35000,35000,3720,17,9,405.3217012576023,1.9225410069338977,34748.51689697243,3882.518010752688
1781655213,300,GET,/users/{user_id},44.600000,0.200000,7,120,150,180,280,390,700,30000,34000,34000,34000,1569,3,6,206.43927784838954,1.6613999905530363,33850.68208599114,265.79796048438493
1781655213,300,,Aggregated,420.200000,3.800000,29,140,160,190,290,390,30000,31000,35000,35000,35000,14943,56,8,370.48126554835113,1.6613999905530363,35033.22928000125,4842.411764705882
1781655214,300,GET,/feed/{user_id},173.100000,1.300000,110,160,190,210,310,380,5300,30000,35000,35000,35000,6191,17,9,294.94576897310185,1.8583539931569248,35033.22928000125,4801.018575351316
1781655214,300,GET,/feed/{user_id}?with_fof=true,83.400000,0.900000,120,160,190,220,310,430,6300,30000,35000,35000,35000,3054,14,9,522.661598310226,1.9929370027966797,34741.543707001256,9682.80026195154
1781655214,300,POST,/likes,7.200000,0.200000,100,160,190,200,250,340,5200,30000,30000,30000,30000,290,3,10,415.6007127895558,2.91301601100713,33830.86291997461,178.86896551724138
1781655214,300,POST,/posts,10.600000,0.100000,100,160,190,210,330,30000,31000,31000,31000,31000,31000,443,2,12,489.75669352752135,3.402567992452532,30791.00185300922,227.42212189616254
1781655214,300,GET,/timeline/{user_id},104.400000,1.100000,120,160,190,220,320,390,30000,30000,35000,35000,35000,3823,17,10,399.30935154366057,1.9225410069338977,34748.51689697243,3897.085796494899
1781655214,300,GET,/users/{user_id},45.400000,0.200000,43,140,180,210,320,390,700,30000,34000,34000,34000,1612,3,6,205.47140430890227,1.6613999905530363,33850.68208599114,265.83684863523575
1781655214,300,,Aggregated,424.100000,3.800000,110,160,190,210,320,380,30000,30000,35000,35000,35000,15413,56,9,364.4640078888546,1.6613999905530363,35033.22928000125,4851.364821903588
1781655215,300,GET,/feed/{user_id},173.700000,1.300000,140,180,210,230,310,370,420,30000,35000,35000,35000,6374,17,10,291.6780453656008,1.8583539931569248,35033.22928000125,4813.329934107311
1781655215,300,GET,/feed/{user_id}?with_fof=true,82.700000,0.900000,150,180,210,240,310,390,1200,30000,35000,35000,35000,3130,14,10,514.3524078902202,1.9929370027966797,34741.543707001256,9682.980830670927
1781655215,300,POST,/likes,7.200000,0.200000,100,160,200,200,250,300,340,5200,5200,5200,5200,298,3,10,406.52772978183754,2.91301601100713,33830.86291997461,178.91275167785236
1781655215,300,POST,/posts,10.500000,0.100000,140,170,210,220,320,350,31000,31000,31000,31000,31000,451,2,12,483.9636168573408,3.402567992452532,30791.00185300922,227.44789356984478
1781655215,300,GET,/timeline/{user_id},104.400000,1.100000,140,180,210,250,330,380,740,30000,35000,35000,35000,3938,17,11,392.8569201801643,1.9225410069338977,34748.51689697243,3906.2950736414423
1781655215,300,GET,/users/{user_id},44.700000,0.200000,130,180,220,230,320,390,430,11000,34000,34000,34000,1675,3,7,204.17393787520757,1.6613999905530363,33850.68208599114,265.8686567164179
1781655215,300,,Aggregated,423.200000,3.800000,140,180,210,240,320,370,730,30000,35000,35000,35000,15866,56,10,359.10460419417734,1.6613999905530363,35033.22928000125,4851.387243161477
1781655216,300,GET,/feed/{user_id},176.700000,1.300000,150,190,220,250,320,370,420,30000,35000,35000,35000,6577,17,11,287.67363769628054,1.8583539931569248,35033.22928000125,4814.629314277026
1781655216,300,GET,/feed/{user_id}?with_fof=true,82.300000,0.900000,160,190,230,260,320,380,1200,30000,35000,35000,35000,3217,14,11,504.7401072254457,1.9929370027966797,34741.543707001256,9694.2732359341
1781655216,300,POST,/likes,7.400000,0.200000,120,170,200,220,280,310,340,5200,5200,5200,5200,303,3,10,403.70019643558663,2.91301601100713,33830.86291997461,178.94719471947195
1781655216,300,POST,/posts,11.200000,0.100000,160,190,210,260,320,350,31000,31000,31000,31000,31000,463,2,14,475.8012145718074,3.402567992452532,30791.00185300922,227.46868250539956
1781655216,300,GET,/timeline/{user_id},103.400000,1.000000,150,190,230,270,330,380,730,30000,35000,35000,35000,4054,17,12,386.1639444296172,1.9225410069338977,34748.51689697243,3905.6186482486432
1781655216,300,GET,/users/{user_id},43.900000,0.200000,150,190,220,260,320,390,430,11000,34000,34000,34000,1731,3,8,202.12641205949492,1.6613999905530363,33850.68208599114,265.8578856152513
1781655216,300,,Aggregated,424.900000,3.700000,150,190,230,250,320,370,730,30000,35000,35000,35000,16345,56,11,353.2447238869415,1.6613999905530363,35033.22928000125,4851.967635362496
1781655217,300,GET,/feed/{user_id},176.500000,1.100000,160,200,230,260,320,370,420,30000,35000,35000,35000,6759,17,12,284.14773773505493,1.8583539931569248,35033.22928000125,4820.08655126498
1781655217,300,GET,/feed/{user_id}?with_fof=true,81.500000,0.700000,160,200,240,260,320,380,990,30000,35000,35000,35000,3312,14,12,494.6387830381539,1.9929370027966797,34741.543707001256,9689.876811594202
1781655217,300,POST,/likes,7.600000,0.100000,140,170,200,220,290,310,340,5200,5200,5200,5200,319,3,14,391.5244261975959,2.91301601100713,33830.86291997461,179.0219435736677
1781655217,300,POST,/posts,10.400000,0.100000,160,200,260,290,330,350,31000,31000,31000,31000,31000,479,2,15,466.3373326153848,3.402567992452532,30791.00185300922,227.50939457202506
1781655217,300,GET,/timeline/{user_id},102.100000,0.800000,160,200,250,280,330,370,730,30000,35000,35000,35000,4172,17,13,380.05637052842843,1.9225410069338977,34748.51689697243,3887.9050814956854
1781655217,300,GET,/users/{user_id},44.400000,0.100000,160,210,250,270,330,370,430,5200,34000,34000,34000,1788,3,8,201.58615614989367,1.6613999905530363,33850.68208599114,265.8769574944072
1781655217,300,,Aggregated,422.500000,2.900000,160,200,240,270,320,370,690,30000,35000,35000,35000,16829,56,12,347.79852089215035,1.6613999905530363,35033.22928000125,4844.830352367936
1781655218,300,GET,/feed/{user_id},175.100000,0.500000,170,210,250,270,320,370,420,30000,35000,35000,35000,6960,17,13,280.76461526970786,1.8583539931569248,35033.22928000125,4826.806321839081
1781655218,300,GET,/feed/{user_id}?with_fof=true,80.100000,0.200000,170,200,240,270,320,370,990,30000,35000,35000,35000,3398,14,14,486.1964540904634,1.9929370027966797,34741.543707001256,9682.301059446734
1781655218,300,POST,/likes,7.500000,0.000000,160,190,200,240,290,310,340,5200,5200,5200,5200,328,3,14,384.5414493203507,2.91301601100713,33830.86291997461,179.0670731707317
1781655218,300,POST,/posts,9.600000,0.000000,160,210,250,290,330,340,370,31000,31000,31000,31000,493,2,17,457.5841164193494,3.402567992452532,30791.00185300922,227.53752535496957
1781655218,300,GET,/timeline/{user_id},100.700000,0.200000,170,210,260,280,330,370,690,30000,35000,35000,35000,4279,17,14,374.8753745028367,1.9225410069338977,34748.51689697243,3880.7125496611357
1781655218,300,GET,/users/{user_id},43.600000,0.000000,170,220,260,280,330,370,430,5200,34000,34000,34000,1837,3,10,200.83326618022045,1.6613999905530363,33850.68208599114,265.915078933043
1781655218,300,,Aggregated,416.600000,0.900000,170,210,250,270,320,370,560,30000,35000,35000,35000,17295,56,13,342.9290705706308,1.6613999905530363,35033.22928000125,4843.017982075745
1781655219,300,GET,/feed/{user_id},174.100000,0.500000,180,210,260,280,320,360,420,30000,35000,35000,35000,7154,17,14,277.51546131130306,1.8583539931569248,35033.22928000125,4833.584148727984
1781655219,300,GET,/feed/{user_id}?with_fof=true,79.400000,0.200000,170,210,260,280,320,370,990,30000,35000,35000,35000,3481,14,15,479.023297502818,1.9929370027966797,34741.543707001256,9684.51422005171
1781655219,300,POST,/likes,8.600000,0.000000,170,200,220,250,280,310,340,5200,5200,5200,5200,342,3,14,374.66514721643506,2.91301601100713,33830.86291997461,179.1315789473684
1781655219,300,POST,/posts,10.200000,0.000000,170,210,280,290,330,340,370,31000,31000,31000,31000,502,2,18,453.3856745055168,3.402567992452532,30791.00185300922,227.5577689243028
1781655219,300,GET,/timeline/{user_id},101.700000,0.100000,180,220,270,290,320,370,540,30000,35000,35000,35000,4408,17,16,368.9031575427733,1.9225410069338977,34748.51689697243,3880.143375680581
1781655219,300,GET,/users/{user_id},44.000000,0.000000,180,220,270,280,330,370,510,5200,34000,34000,34000,1877,3,10,200.79514024190053,1.6613999905530363,33850.68208599114,265.9334043686734
1781655219,300,,Aggregated,418.000000,0.800000,170,220,260,280,320,360,540,30000,35000,35000,35000,17764,56,14,338.4135551936917,1.6613999905530363,35033.22928000125,4845.168937176311
1781655220,300,GET,/feed/{user_id},179.000000,0.500000,180,220,260,280,320,350,400,420,11000,30000,30000,7317,17,15,275.33307237654446,1.8583539931569248,35033.22928000125,4829.791307913079
1781655220,300,GET,/feed/{user_id}?with_fof=true,82.200000,0.200000,180,220,260,280,320,350,450,920,32000,32000,32000,3565,14,17,472.0280448800566,1.9929370027966797,34741.543707001256,9690.902103786817
1781655220,300,POST,/likes,8.300000,0.000000,180,200,240,260,300,340,360,5200,5200,5200,5200,355,3,16,368.5572939239521,2.91301601100713,33830.86291997461,179.2
1781655220,300,POST,/posts,11.100000,0.000000,190,220,280,290,320,340,350,360,370,370,370,514,2,20,447.54828881092527,3.402567992452532,30791.00185300922,227.59143968871595
1781655220,300,GET,/timeline/{user_id},102.200000,0.100000,180,220,270,290,330,360,400,540,30000,30000,30000,4528,17,18,363.75643057342484,1.9225410069338977,34748.51689697243,3874.3661660777384
1781655220,300,GET,/users/{user_id},45.000000,0.000000,180,220,270,280,330,360,410,520,11000,11000,11000,1935,3,11,199.98456007498376,1.6613999905530363,33850.68208599114,265.943669250646
1781655220,300,,Aggregated,427.800000,0.800000,180,220,270,280,320,350,400,520,30000,32000,32000,18214,56,16,334.486053132203,1.6613999905530363,35033.22928000125,4838.364884155046
1781655221,300,GET,/feed/{user_id},183.700000,0.500000,180,220,260,280,320,340,380,410,560,830,830,7462,17,17,273.4651136328139,1.8583539931569248,35033.22928000125,4839.322835700885
1781655221,300,GET,/feed/{user_id}?with_fof=true,82.800000,0.200000,180,220,260,280,320,350,400,560,1400,1400,1400,3647,14,18,465.6428836847572,1.9929370027966797,34741.543707001256,9688.622155196052
1781655221,300,POST,/likes,9.000000,0.000000,180,200,240,250,280,310,360,360,360,360,360,361,3,19,366.48070028260054,2.91301601100713,33830.86291997461,179.22714681440442
1781655221,300,POST,/posts,11.300000,0.000000,190,230,270,290,310,340,350,350,360,360,360,528,2,23,439.9880221644156,3.402567992452532,30791.00185300922,227.62310606060606
1781655221,300,GET,/timeline/{user_id},106.400000,0.100000,180,220,270,280,320,350,390,420,790,920,920,4618,17,19,360.0865497848945,1.9225410069338977,34748.51689697243,3861.735599826765
1781655221,300,GET,/users/{user_id},46.000000,0.000000,180,220,260,280,320,350,400,430,700,700,700,1977,3,12,198.91747733293732,1.6613999905530363,33850.68208599114,265.9362670713202
1781655221,300,,Aggregated,439.200000,0.800000,180,220,260,280,320,340,390,420,920,1400,1400,18593,56,17,331.2832260971896,1.6613999905530363,35033.22928000125,4839.970365191201
1781655222,300,GET,/feed/{user_id},186.400000,0.500000,180,210,250,270,310,330,380,960,1100,1100,1100,7646,17,18,273.3444487686492,1.8583539931569248,35033.22928000125,4837.918257912634
1781655222,300,GET,/feed/{user_id}?with_fof=true,83.000000,0.200000,180,210,260,280,320,350,890,950,1400,1400,1400,3739,14,20,461.2685322073552,1.9929370027966797,34741.543707001256,9690.424979941161
1781655222,300,POST,/likes,9.700000,0.000000,180,210,240,260,280,310,360,360,360,360,360,372,3,21,360.03388073927505,2.91301601100713,33830.86291997461,179.27956989247312
1781655222,300,POST,/posts,11.400000,0.000000,200,240,280,290,320,340,360,950,960,960,960,546,2,26,434.3499733366869,3.402567992452532,30791.00185300922,227.64285714285714
1781655222,300,GET,/timeline/{user_id},110.500000,0.100000,180,210,260,280,310,340,370,880,1000,1100,1100,4714,17,21,357.5338444995149,1.9225410069338977,34748.51689697243,3867.4630886720406
1781655222,300,GET,/users/{user_id},48.700000,0.000000,180,220,260,270,310,340,420,940,1100,1100,1100,2018,3,14,200.86363499666396,1.6613999905530363,33850.68208599114,265.95887016848366
1781655222,300,,Aggregated,449.700000,0.800000,180,210,250,270,310,340,390,950,1100,1400,1400,19035,56,19,329.7357365211034,1.6613999905530363,35033.22928000125,4842.770317835566
1781655223,300,GET,/feed/{user_id},183.200000,0.000000,180,220,250,270,310,340,400,960,1100,1100,1100,7827,17,20,271.4731787525341,1.8583539931569248,35033.22928000125,4835.653890379455
1781655223,300,GET,/feed/{user_id}?with_fof=true,86.800000,0.000000,180,220,260,280,320,350,890,950,1400,1400,1400,3832,14,23,454.9691768773762,1.9929370027966797,34741.543707001256,9694.266962421712
1781655223,300,POST,/likes,9.700000,0.000000,190,220,250,280,300,320,360,360,360,360,360,380,3,23,357.7070928079162,2.91301601100713,33830.86291997461,179.2921052631579
1781655223,300,POST,/posts,11.800000,0.000000,210,240,280,290,330,350,400,950,960,960,960,560,2,29,429.566615949599,3.402567992452532,30791.00185300922,227.6642857142857
1781655223,300,GET,/timeline/{user_id},109.700000,0.000000,180,220,260,280,310,350,380,880,1000,1100,1100,4823,17,23,354.0118211349204,1.9225410069338977,34748.51689697243,3865.359112585528
1781655223,300,GET,/users/{user_id},49.600000,0.000000,180,220,260,270,310,350,420,940,1100,1100,1100,2053,3,15,200.93261853646212,1.6613999905530363,33850.68208599114,265.96103263516807
1781655223,300,,Aggregated,450.800000,0.000000,180,220,260,270,310,340,420,950,1100,1400,1400,19475,56,21,326.8119196548411,1.6613999905530363,35033.22928000125,4846.283029525032
1781655224,300,GET,/feed/{user_id},182.000000,0.000000,180,220,260,270,310,340,400,960,1100,1100,1100,8028,17,24,268.90383748858824,1.8583539931569248,35033.22928000125,4830.704783258595
1781655224,300,GET,/feed/{user_id}?with_fof=true,86.800000,0.000000,180,210,260,280,320,350,900,960,1400,1400,1400,3907,14,25,449.06188318069394,1.9929370027966797,34741.543707001256,9694.514717174303
1781655224,300,POST,/likes,9.500000,0.000000,190,220,240,260,300,320,360,360,360,360,360,386,3,24,353.9526812072332,2.91301601100713,33830.86291997461,179.3082901554404
1781655224,300,POST,/posts,12.600000,0.000000,210,260,280,290,330,340,400,950,960,960,960,576,2,29,423.25316037623554,3.402567992452532,30791.00185300922,227.69097222222223
1781655224,300,GET,/timeline/{user_id},110.400000,0.000000,180,220,260,270,300,340,380,880,1000,1100,1100,4945,17,27,349.2203177657806,1.9225410069338977,34748.51689697243,3869.631547017189
1781655224,300,GET,/users/{user_id},48.700000,0.000000,180,220,260,270,300,350,510,940,1100,1100,1100,2094,3,16,200.083537551762,1.6613999905530363,33850.68208599114,265.9909264565425
1781655224,300,,Aggregated,450.000000,0.000000,180,220,260,270,310,340,410,950,1100,1400,1400,19936,56,24,323.0103199866183,1.6613999905530363,35033.22928000125,4842.999749197432
1781655225,300,GET,/feed/{user_id},184.100000,0.000000,180,230,260,280,320,360,490,960,1100,1100,1100,8188,17,25,267.6504179977063,1.8583539931569248,35033.22928000125,4840.203712750366
1781655225,300,GET,/feed/{user_id}?with_fof=true,86.200000,0.000000,180,220,270,280,330,380,920,1000,1400,1400,1400,3994,14,27,444.5681501482398,1.9929370027966797,34741.543707001256,9696.375563345018
1781655225,300,POST,/likes,9.600000,0.000000,190,220,250,260,300,320,360,360,360,360,360,395,3,30,349.9072214683571,2.91301601100713,33830.86291997461,179.34430379746834
1781655225,300,POST,/posts,12.500000,0.000000,220,270,290,290,340,360,450,950,960,960,960,595,2,33,418.412021312035,3.402567992452532,30791.00185300922,227.75294117647059
1781655225,300,GET,/timeline/{user_id},109.700000,0.000000,180,220,260,280,320,360,420,880,1000,1100,1100,5039,17,30,346.6967008683913,1.9225410069338977,34748.51689697243,3866.5487199841236
1781655225,300,GET,/users/{user_id},48.500000,0.000000,190,230,260,280,320,380,510,940,1100,1100,1100,2142,3,18,200.73415909410485,1.6613999905530363,33850.68208599114,266.0172735760971
1781655225,300,,Aggregated,450.600000,0.000000,180,220,260,280,320,370,490,950,1100,1400,1400,20353,56,26,320.8997476476847,1.6613999905530363,35033.22928000125,4845.409227140962
1781655226,300,GET,/feed/{user_id},182.900000,0.000000,190,230,260,280,320,370,490,960,1100,1100,1100,8376,17,28,265.82491612670697,1.8583539931569248,35033.22928000125,4836.938276026743
1781655226,300,GET,/feed/{user_id}?with_fof=true,85.700000,0.000000,190,220,270,290,340,390,930,1000,1400,1400,1400,4078,14,29,439.0859211265382,1.9929370027966797,34741.543707001256,9699.489210397254
1781655226,300,POST,/likes,9.500000,0.000000,200,240,260,280,310,350,370,410,410,410,410,403,3,34,348.1378304318839,2.91301601100713,33830.86291997461,179.3697270471464
1781655226,300,POST,/posts,13.200000,0.000000,230,270,290,300,350,370,450,950,960,960,960,610,2,38,413.8116032059293,3.402567992452532,30791.00185300922,227.7655737704918
1781655226,300,GET,/timeline/{user_id},112.100000,0.000000,190,230,260,280,330,370,420,910,1100,1100,1100,5143,17,34,343.64895444815414,1.9225410069338977,34748.51689697243,3869.1306630371378
1781655226,300,GET,/users/{user_id},48.000000,0.000000,190,240,270,280,340,380,510,940,1100,1100,1100,2185,3,21,200.86597341214824,1.6613999905530363,33850.68208599114,266.02562929061787
1781655226,300,,Aggregated,451.400000,0.000000,190,230,270,280,330,370,520,950,1100,1400,1400,20795,56,29,318.160386250703,1.6613999905530363,35033.22928000125,4845.402260158692
1781655227,300,GET,/feed/{user_id},181.500000,0.000000,200,240,270,290,340,390,490,960,1100,1100,1100,8517,17,31,265.16012638466435,1.8583539931569248,35033.22928000125,4841.300457907714
1781655227,300,GET,/feed/{user_id}?with_fof=true,85.100000,0.000000,200,240,280,300,360,400,930,1000,1400,1400,1400,4155,14,33,435.37983826570894,1.9929370027966797,34741.543707001256,9696.76221419976
1781655227,300,POST,/likes,9.700000,0.000000,210,250,260,280,310,350,370,410,410,410,410,410,3,38,345.8619141782259,2.91301601100713,33830.86291997461,179.39268292682928
1781655227,300,POST,/posts,14.100000,0.000000,230,280,290,310,360,380,450,950,960,960,960,618,2,41,411.0894641918744,3.402567992452532,30791.00185300922,227.7831715210356
1781655227,300,GET,/timeline/{user_id},110.200000,0.000000,200,240,270,280,340,370,440,910,1100,1100,1100,5237,17,38,341.5474298057715,1.9225410069338977,34748.51689697243,3863.6843612755392
1781655227,300,GET,/users/{user_id},46.700000,0.000000,200,250,280,290,350,400,520,950,1100,1100,1100,2225,3,23,201.1295039538854,1.6613999905530363,33850.68208599114,266.03865168539323
1781655227,300,,Aggregated,447.300000,0.000000,200,240,270,290,350,390,640,960,1100,1400,1400,21162,56,32,316.5780991534854,1.6613999905530363,35033.22928000125,4846.60121916643
1781655228,300,GET,/feed/{user_id},180.900000,0.000000,200,240,280,300,370,430,580,960,1100,1100,1100,8683,17,33,264.05773225028315,1.8583539931569248,35033.22928000125,4841.653921455718
1781655228,300,GET,/feed/{user_id}?with_fof=true,85.300000,0.000000,200,250,290,310,380,470,930,1000,1400,1400,1400,4239,14,36,430.7160077742188,1.9929370027966797,34741.543707001256,9692.847133757961
1781655228,300,POST,/likes,9.900000,0.000000,220,260,280,310,360,420,520,590,590,590,590,422,3,46,343.75239577504664,2.91301601100713,33830.86291997461,179.44075829383885
1781655228,300,POST,/posts,14.800000,0.000000,230,280,310,330,360,430,600,950,960,960,960,630,2,43,407.7787452787142,3.402567992452532,30791.00185300922,227.8063492063492
1781655228,300,GET,/timeline/{user_id},108.600000,0.000000,200,240,270,300,360,410,580,940,1300,1300,1300,5333,17,39,339.28203906628784,1.9225410069338977,34748.51689697243,3860.644477779861
1781655228,300,GET,/users/{user_id},45.800000,0.000000,190,250,280,300,370,440,580,950,1100,1100,1100,2263,3,26,200.31263211242174,1.6613999905530363,33850.68208599114,266.04816615112685
1781655228,300,,Aggregated,445.300000,0.000000,200,250,280,300,370,430,680,960,1200,1400,1400,21570,56,34,314.47756919043474,1.6613999905530363,35033.22928000125,4846.4620305980525
1781655229,300,GET,/feed/{user_id},176.900000,0.000000,200,250,280,320,390,450,590,960,57000,59000,59000,8872,19,32,280.81639789126905,1.8583539931569248,59031.223761994625,4847.783250676285
1781655229,300,GET,/feed/{user_id}?with_fof=true,85.100000,0.000000,190,250,290,330,390,500,940,1100,57000,57000,57000,4334,16,33,450.30265823554726,1.9929370027966797,57030.19932701136,9692.047300415321
1781655229,300,POST,/likes,9.100000,0.000000,230,260,300,320,400,500,550,590,590,590,590,430,3,47,340.9102208444004,2.91301601100713,33830.86291997461,179.48837209302326
1781655229,300,POST,/posts,14.300000,0.000000,230,280,310,340,370,440,600,950,960,960,960,640,2,41,402.53060111808736,3.402567992452532,30791.00185300922,227.8171875
1781655229,300,GET,/timeline/{user_id},107.300000,0.000000,200,250,300,330,390,540,1400,1900,57000,57000,57000,5474,22,39,390.60082690395717,1.9225410069338977,57026.11971402075,3866.7177566678847
1781655229,300,GET,/users/{user_id},43.900000,0.000000,200,260,290,330,390,460,580,950,1100,1100,1100,2302,3,25,199.74618136463445,1.6613999905530363,33850.68208599114,266.0612510860122
1781655229,300,,Aggregated,436.600000,0.000000,200,250,290,320,390,470,940,1100,57000,59000,59000,22052,65,33,337.6197360119938,1.6613999905530363,59031.223761994625,4852.9264919281695
1781655230,300,GET,/feed/{user_id},172.700000,0.000000,190,250,290,320,390,460,890,1000,60000,60000,60000,9080,23,31,314.45838786126563,1.8583539931569248,59770.39861300727,4845.816740088106
1781655230,300,GET,/feed/{user_id}?with_fof=true,83.600000,0.000000,180,250,300,340,410,560,1100,55000,57000,57000,57000,4456,24,33,542.9644607026327,1.9929370027966797,57030.19932701136,9677.846723518851
1781655230,300,POST,/likes,9.400000,0.000000,220,260,310,330,400,500,550,590,590,590,590,440,3,47,337.08505903652457,2.91301601100713,33830.86291997461,179.5159090909091
1781655230,300,POST,/posts,13.600000,0.000000,230,280,320,340,380,450,950,960,57000,57000,57000,662,3,37,477.5990453166511,3.402567992452532,56698.780231992714,227.5407854984894
1781655230,300,GET,/timeline/{user_id},105.100000,0.000000,190,250,300,340,400,560,1800,2300,57000,57000,57000,5600,27,37,435.09752102018433,1.9225410069338977,57026.11971402075,3860.657142857143
1781655230,300,GET,/users/{user_id},42.300000,0.000000,180,260,300,330,400,470,820,970,55000,55000,55000,2365,4,25,220.78624948946342,1.6613999905530363,54760.38177899318,265.9906976744186
1781655230,300,,Aggregated,426.700000,0.000000,190,250,300,330,400,490,990,1900,57000,60000,60000,22603,84,32,384.8128739725921,1.6613999905530363,59770.39861300727,4849.040746803522
1781655231,300,GET,/feed/{user_id},173.400000,0.000000,180,250,300,340,400,450,510,570,60000,60000,60000,9240,23,32,312.349480616079,1.8583539931569248,59770.39861300727,4841.890043290044
1781655231,300,GET,/feed/{user_id}?with_fof=true,85.300000,0.000000,170,250,300,350,410,490,920,55000,57000,57000,57000,4526,24,33,536.784546840245,1.9929370027966797,57030.19932701136,9677.997790543526
1781655231,300,POST,/likes,8.700000,0.000000,250,290,330,360,440,500,550,590,590,590,590,446,3,50,337.6107525696191,2.91301601100713,33830.86291997461,179.54708520179372
1781655231,300,POST,/posts,13.300000,0.000000,220,290,320,340,380,440,520,600,57000,57000,57000,669,3,37,474.04249524010305,3.402567992452532,56698.780231992714,227.55306427503737
1781655231,300,GET,/timeline/{user_id},104.800000,0.000000,190,260,330,360,430,560,1900,2500,57000,57000,57000,5697,27,38,434.1443423570433,1.9225410069338977,57026.11971402075,3859.0658241179567
1781655231,300,GET,/users/{user_id},42.400000,0.000000,170,260,300,340,400,440,490,560,55000,55000,55000,2394,4,25,220.24006321743482,1.6613999905530363,54760.38177899318,266.00125313283206
1781655231,300,,Aggregated,427.900000,0.000000,180,260,310,350,410,470,590,2000,57000,60000,60000,22972,84,33,382.3733203292612,1.6613999905530363,59770.39861300727,4849.2032909629115
1781655232,300,GET,/feed/{user_id},173.600000,0.600000,180,260,310,350,410,460,510,570,60000,60000,60000,9297,23,33,311.8461550914902,1.8583539931569248,59770.39861300727,4838.631171345595
1781655232,300,GET,/feed/{user_id}?with_fof=true,88.400000,1.000000,170,260,310,350,410,490,1000,56000,57000,57000,57000,4546,24,34,535.4110455004285,1.9929370027966797,57030.19932701136,9678.636603607567
1781655232,300,POST,/likes,8.500000,0.000000,250,310,360,390,450,520,590,920,920,920,920,449,3,56,339.002390788559,2.91301601100713,33830.86291997461,179.5523385300668
1781655232,300,POST,/posts,14.400000,0.100000,210,290,320,340,400,450,520,600,57000,57000,57000,671,3,37,473.2383859069964,3.402567992452532,56698.780231992714,227.5618479880775
1781655232,300,GET,/timeline/{user_id},106.700000,1.000000,180,280,340,360,450,680,2000,55000,57000,57000,57000,5709,27,38,434.3840118371148,1.9225410069338977,57026.11971402075,3864.4806445962518
1781655232,300,GET,/users/{user_id},42.400000,0.100000,170,270,310,350,410,460,490,560,55000,55000,55000,2407,4,26,220.2949078498246,1.6613999905530363,54760.38177899318,266.0112172829248
1781655232,300,,Aggregated,434.000000,2.800000,180,270,320,350,420,480,730,2300,57000,60000,60000,23079,84,34,381.8673042120882,1.6613999905530363,59770.39861300727,4849.4197322241
1781655233,300,GET,/feed/{user_id},178.300000,0.600000,170,270,330,370,430,470,520,570,60000,60000,60000,9299,23,33,311.78091623707485,1.8583539931569248,59770.39861300727,4839.09323583181
1781655233,300,GET,/feed/{user_id}?with_fof=true,86.800000,1.000000,170,270,340,360,420,500,1200,56000,57000,57000,57000,4547,24,34,535.2947639773352,1.9929370027966797,57030.19932701136,9679.141191994722
1781655233,300,POST,/likes,8.500000,0.000000,260,320,370,400,490,520,590,920,920,920,920,449,3,56,339.002390788559,2.91301601100713,33830.86291997461,179.5523385300668
1781655233,300,POST,/posts,14.400000,0.100000,200,290,340,350,420,460,600,57000,57000,57000,57000,671,3,37,473.2383859069964,3.402567992452532,56698.780231992714,227.5618479880775
1781655233,300,GET,/timeline/{user_id},108.700000,1.000000,200,300,360,380,460,1300,2000,56000,57000,57000,57000,5710,27,38,434.30948277620155,1.9225410069338977,57026.11971402075,3864.9765323992997
1781655233,300,GET,/users/{user_id},41.800000,0.100000,160,280,340,360,420,470,520,560,55000,55000,55000,2407,4,26,220.2949078498246,1.6613999905530363,54760.38177899318,266.0112172829248
1781655233,300,,Aggregated,438.500000,2.800000,180,280,340,370,430,490,1200,3000,57000,60000,60000,23083,84,34,381.8025409239603,1.6613999905530363,59770.39861300727,4849.993545033141
1781655234,300,GET,/feed/{user_id},171.100000,0.600000,170,280,350,380,440,490,560,55000,60000,60000,60000,9308,26,33,331.5016244525742,1.8583539931569248,59770.39861300727,4838.937258272454
1781655234,300,GET,/feed/{user_id}?with_fof=true,82.700000,1.000000,150,280,350,370,440,520,3000,56000,57000,57000,57000,4549,24,34,536.0665306018794,1.9929370027966797,57030.19932701136,9678.891184875796
1781655234,300,POST,/likes,8.000000,0.000000,270,350,400,420,500,550,590,920,920,920,920,449,3,56,339.002390788559,2.91301601100713,33830.86291997461,179.5523385300668
1781655234,300,POST,/posts,12.800000,0.100000,120,270,320,340,430,460,600,57000,57000,57000,57000,671,3,37,473.2383859069964,3.402567992452532,56698.780231992714,227.5618479880775
1781655234,300,GET,/timeline/{user_id},102.300000,1.000000,210,320,370,400,540,2000,4200,57000,64000,64000,64000,5727,30,39,482.0282893591952,1.9225410069338977,64211.61091601243,3858.570281124498
1781655234,300,GET,/users/{user_id},40.200000,0.100000,140,300,340,360,430,470,560,580,55000,55000,55000,2408,4,26,221.32397028759212,1.6613999905530363,54760.38177899318,266.0120431893688
1781655234,300,,Aggregated,417.100000,2.800000,180,290,350,380,450,530,2400,56000,60000,64000,64000,23112,90,34,401.84592125877384,1.6613999905530363,64211.61091601243,4847.784960193839
1781655235,300,GET,/feed/{user_id},152.200000,0.600000,79,280,350,380,450,510,2700,56000,60000,60000,60000,9378,27,33,338.6371453342534,1.8583539931569248,59770.39861300727,4833.805715504372
1781655235,300,GET,/feed/{user_id}?with_fof=true,75.100000,1.000000,81,280,350,380,470,590,3000,56000,57000,57000,57000,4586,24,35,537.8900169858069,1.9929370027966797,57030.19932701136,9683.782381160052
1781655235,300,POST,/likes,7.200000,0.000000,250,350,400,440,500,550,590,920,920,920,920,451,3,54,337.51908479615406,2.91301601100713,33830.86291997461,179.55654101995566
1781655235,300,POST,/posts,12.000000,0.100000,45,220,340,360,440,600,2800,57000,57000,57000,57000,679,3,38,476.8425127372968,3.402567992452532,56698.780231992714,227.57879234167893
1781655235,300,GET,/timeline/{user_id},91.800000,1.000000,190,350,390,430,1800,2800,55000,57000,64000,64000,64000,5790,30,41,489.2798786869138,1.9225410069338977,64211.61091601243,3851.549913644214
1781655235,300,GET,/users/{user_id},36.300000,0.100000,48,290,350,360,430,480,570,2700,55000,55000,55000,2430,4,26,222.30741631792026,1.6613999905530363,54760.38177899318,266.0168724279835
1781655235,300,,Aggregated,374.600000,2.800000,110,290,360,390,480,1600,3000,56000,60000,64000,64000,23314,91,35,407.1217920340992,1.6613999905530363,64211.61091601243,4843.598567384404
1781655236,300,GET,/feed/{user_id},133.100000,0.600000,44,270,370,390,460,510,2700,57000,60000,60000,60000,9404,27,32,337.7278842866485,1.8583539931569248,59770.39861300727,4832.409825606125
1781655236,300,GET,/feed/{user_id}?with_fof=true,66.000000,1.000000,42,280,360,390,490,2700,55000,56000,57000,57000,57000,4593,24,35,537.9983489011368,1.9929370027966797,57030.19932701136,9685.192249074678
1781655236,300,POST,/likes,6.600000,0.000000,270,360,420,440,500,550,920,920,920,920,920,453,3,50,336.1386702561476,2.91301601100713,33830.86291997461,179.5673289183223
1781655236,300,POST,/posts,9.800000,0.100000,27,120,280,360,460,600,2800,57000,57000,57000,57000,682,3,37,474.84544831029547,3.402567992452532,56698.780231992714,227.58797653958945
1781655236,300,GET,/timeline/{user_id},79.600000,1.000000,75,350,420,460,2000,3000,56000,57000,64000,64000,64000,5814,31,40,497.4942148693254,1.9225410069338977,64211.61091601243,3850.9012727898175
1781655236,300,GET,/users/{user_id},32.600000,0.100000,34,240,340,370,440,480,580,2700,55000,55000,55000,2439,4,26,221.5879028116164,1.6613999905530363,54760.38177899318,266.02132021320216
1781655236,300,,Aggregated,327.700000,2.800000,44,300,370,400,490,2000,3300,57000,60000,64000,64000,23385,92,34,408.6388331800725,1.6613999905530363,64211.61091601243,4840.820825315373
1781655237,300,GET,/feed/{user_id},120.600000,1.000000,31,190,350,380,450,520,2800,57000,60000,60000,60000,9417,27,32,337.2796575456749,1.8583539931569248,59770.39861300727,4830.308803228204
1781655237,300,GET,/feed/{user_id}?with_fof=true,61.300000,1.000000,30,220,350,390,490,2700,56000,57000,57000,57000,57000,4599,24,35,537.7593754950851,1.9929370027966797,57030.19932701136,9686.72233094151
1781655237,300,POST,/likes,5.800000,0.000000,110,350,400,440,500,590,920,920,920,920,920,455,3,50,334.8438744616163,2.91301601100713,33830.86291997461,179.56923076923076
1781655237,300,POST,/posts,8.600000,0.100000,27,68,210,320,460,2700,2800,57000,57000,57000,57000,684,3,37,473.5795400988829,3.402567992452532,56698.780231992714,227.5906432748538
1781655237,300,GET,/timeline/{user_id},76.300000,1.300000,41,360,430,480,2400,3100,57000,57000,64000,64000,64000,5822,31,40,497.1193264760061,1.9225410069338977,64211.61091601243,3851.3576090690485
1781655237,300,GET,/users/{user_id},29.600000,0.100000,28,190,320,360,420,480,2700,2800,55000,55000,55000,2444,4,25,221.14529993967676,1.6613999905530363,54760.38177899318,266.0216857610475
1781655237,300,,Aggregated,302.200000,3.500000,33,270,360,400,500,2700,55000,57000,60000,64000,64000,23421,92,34,408.1938475348213,1.6613999905530363,64211.61091601243,4839.519704538662
1781655238,300,GET,/feed/{user_id},106.800000,1.000000,47,270,360,400,490,2700,55000,57000,60000,60000,60000,9451,27,33,342.6569374272136,1.8583539931569248,59770.39861300727,4828.917363241985
1781655238,300,GET,/feed/{user_id}?with_fof=true,54.200000,1.000000,53,310,380,420,2700,3100,56000,57000,57000,57000,57000,4621,24,35,544.8532060328934,1.9929370027966797,57030.19932701136,9686.907162951742
1781655238,300,POST,/likes,5.200000,0.000000,270,350,400,440,490,920,2800,2800,2800,2800,2800,456,3,50,340.26542276542546,2.91301601100713,33830.86291997461,179.5701754385965
1781655238,300,POST,/posts,7.500000,0.100000,29,120,270,320,460,2800,2800,57000,57000,57000,57000,685,3,37,477.0458559731674,3.402567992452532,56698.780231992714,227.5883211678832
1781655238,300,GET,/timeline/{user_id},69.400000,1.300000,120,370,450,660,2800,3300,57000,58000,64000,64000,64000,5838,31,40,498.9080597847454,1.9225410069338977,64211.61091601243,3853.0188420692016
1781655238,300,GET,/users/{user_id},26.300000,0.100000,33,240,330,360,440,2300,2800,2900,55000,55000,55000,2450,4,25,224.97236135327827,1.6613999905530363,54760.38177899318,266.02367346938775
1781655238,300,,Aggregated,269.400000,3.500000,51,300,380,430,2100,2800,56000,57000,60000,64000,64000,23501,92,34,412.8318949476239,1.6613999905530363,64211.61091601243,4841.698651121229
1781655239,300,GET,/feed/{user_id},93.800000,1.000000,51,260,370,410,490,2700,2800,2900,59000,59000,59000,9524,27,33,340.8824494606828,1.8583539931569248,59770.39861300727,4831.661381772365
1781655239,300,GET,/feed/{user_id}?with_fof=true,45.900000,1.000000,50,300,390,460,2700,2900,3100,3300,4200,4200,4200,4672,24,36,547.2096619374896,1.9929370027966797,57030.19932701136,9687.610659246575
1781655239,300,POST,/likes,4.600000,0.000000,67,350,440,450,500,920,2800,2800,2800,2800,2800,463,3,49,336.5451835184388,2.91301601100713,33830.86291997461,179.58747300215984
1781655239,300,POST,/posts,6.700000,0.100000,29,68,210,270,470,2800,2800,2800,2800,2800,2800,690,3,36,473.9236556704703,3.402567992452532,56698.780231992714,227.59420289855072
1781655239,300,GET,/timeline/{user_id},60.200000,1.400000,75,370,460,660,2800,3200,3600,58000,64000,64000,64000,5883,31,39,495.86970253362296,1.9225410069338977,64211.61091601243,3851.8599354071052
1781655239,300,GET,/users/{user_id},22.800000,0.100000,32,160,300,360,440,2300,2800,2800,2900,2900,2900,2465,4,26,224.27422285173702,1.6613999905530363,54760.38177899318,266.0271805273834
1781655239,300,,Aggregated,234.000000,3.600000,49,280,390,440,2500,2800,3100,3500,59000,64000,64000,23697,92,34,411.69739422509133,1.6613999905530363,64211.61091601243,4845.917120310588
1781655240,300,GET,/feed/{user_id},78.800000,1.000000,75,180,280,310,1900,2800,2900,2900,59000,59000,59000,9617,27,33,338.25571934518064,1.8583539931569248,59770.39861300727,4832.335239679734
1781655240,300,GET,/feed/{user_id}?with_fof=true,39.300000,1.000000,160,310,450,1200,2800,2900,3200,3300,4200,4200,4200,4708,24,36,544.1739876490769,1.9929370027966797,57030.19932701136,9691.13785046729
1781655240,300,POST,/likes,3.700000,0.000000,67,160,270,320,450,920,2800,2800,2800,2800,2800,470,3,50,332.78422100442225,2.91301601100713,33830.86291997461,179.60425531914893
1781655240,300,POST,/posts,5.800000,0.100000,53,140,200,210,2700,2800,2800,2800,2800,2800,2800,697,3,37,469.8429658818239,3.402567992452532,56698.780231992714,227.6054519368723
1781655240,300,GET,/timeline/{user_id},52.300000,1.400000,110,250,470,1200,2800,3300,4200,59000,64000,64000,64000,5947,31,40,491.3929941032915,1.9225410069338977,64211.61091601243,3850.3053640491003
1781655240,300,GET,/users/{user_id},19.500000,0.100000,64,150,230,290,420,2700,2800,2800,2900,2900,2900,2493,4,26,222.47465161069982,1.6613999905530363,54760.38177899318,266.04532691536303
1781655240,300,,Aggregated,199.400000,3.600000,84,200,310,380,2700,2800,3300,4200,59000,64000,64000,23932,92,34,408.48274111164636,1.6613999905530363,64211.61091601243,4842.993356175832
1781655241,300,GET,/feed/{user_id},66.500000,1.000000,38,140,190,210,1900,2800,2900,2900,59000,59000,59000,9701,27,33,336.03116698439584,1.8583539931569248,59770.39861300727,4836.257189980414
1781655241,300,GET,/feed/{user_id}?with_fof=true,34.800000,1.000000,120,210,330,1900,2800,3000,3300,3400,4200,4200,4200,4743,24,36,541.1436295799529,1.9929370027966797,57030.19932701136,9690.023192072527
1781655241,300,POST,/likes,3.400000,0.000000,43,90,270,300,450,920,2800,2800,2800,2800,2800,472,3,49,331.3905172098341,2.91301601100713,33830.86291997461,179.60805084745763
1781655241,300,POST,/posts,5.300000,0.100000,82,140,200,210,280,2800,2800,2800,2800,2800,2800,702,3,38,467.56241816753374,3.402567992452532,56698.780231992714,227.62108262108262
1781655241,300,GET,/timeline/{user_id},44.100000,1.400000,82,200,340,510,2700,3100,3600,58000,64000,64000,64000,6001,31,40,488.0008539087296,1.9225410069338977,64211.61091601243,3846.2482919513413
1781655241,300,GET,/users/{user_id},17.000000,0.100000,14,110,150,190,260,2700,2800,2800,2900,2900,2900,2519,4,26,220.97338535272047,1.6613999905530363,54760.38177899318,266.06351726875744
1781655241,300,,Aggregated,171.100000,3.600000,55,160,200,240,2700,2800,3300,4200,59000,64000,64000,24138,92,34,405.84359970584933,1.6613999905530363,64211.61091601243,4841.8438147319575
1781655242,300,GET,/feed/{user_id},58.300000,0.400000,14,120,180,200,330,2700,2900,2900,59000,59000,59000,9742,27,32,334.637453282759,1.8583539931569248,59770.39861300727,4835.576370355163
1781655242,300,GET,/feed/{user_id}?with_fof=true,27.800000,0.000000,110,200,320,1400,2800,2900,3200,3300,4200,4200,4200,4751,24,36,540.5298398791267,1.9929370027966797,57030.19932701136,9689.814775836667
1781655242,300,POST,/likes,3.000000,0.000000,9,79,90,160,300,320,2800,2800,2800,2800,2800,472,3,49,331.3905172098341,2.91301601100713,33830.86291997461,179.60805084745763
1781655242,300,POST,/posts,4.100000,0.000000,46,120,190,210,280,2800,2800,2800,2800,2800,2800,704,3,37,466.27077988866654,3.402567992452532,56698.780231992714,227.625
1781655242,300,GET,/timeline/{user_id},35.800000,0.400000,41,160,210,320,2800,3200,3600,58000,64000,64000,64000,6021,31,39,486.39381130780635,1.9225410069338977,64211.61091601243,3845.4500913469524
1781655242,300,GET,/users/{user_id},13.400000,0.000000,9,86,130,180,250,2300,2800,2800,2900,2900,2900,2530,4,25,220.0610319128317,1.6613999905530363,54760.38177899318,266.0652173913044
1781655242,300,,Aggregated,142.400000,0.800000,29,150,200,230,2700,2800,3300,3600,59000,64000,64000,24220,92,33,404.5457407487534,1.6613999905530363,64211.61091601243,4839.641535920727
1781655243,300,GET,/feed/{user_id},46.200000,0.400000,12,120,180,210,1800,2700,2800,2900,59000,59000,59000,9795,27,31,335.94669815024184,1.8583539931569248,59770.39861300727,4843.012863705972
1781655243,300,GET,/feed/{user_id}?with_fof=true,23.300000,0.000000,100,210,1000,1900,2700,2900,3200,3300,4200,4200,4200,4786,24,35,543.1583792015809,1.9929370027966797,57030.19932701136,9689.80651901379
1781655243,300,POST,/likes,2.600000,0.000000,9,79,90,170,1700,1800,2800,2800,2800,2800,2800,478,3,47,334.7956772928251,2.91301601100713,33830.86291997461,179.6192468619247
1781655243,300,POST,/posts,3.100000,0.000000,53,170,210,230,1900,2800,2800,2800,2800,2800,2800,708,3,38,471.4230191958414,3.402567992452532,56698.780231992714,227.62994350282486
1781655243,300,GET,/timeline/{user_id},29.800000,0.400000,26,160,220,510,2700,3100,3500,58000,64000,64000,64000,6066,31,37,486.9038487481363,1.9225410069338977,64211.61091601243,3838.4760962743158
1781655243,300,GET,/users/{user_id},12.300000,0.000000,8,85,130,170,250,2300,2800,2800,2900,2900,2900,2538,4,24,220.08888469208557,1.6613999905530363,54760.38177899318,266.0717100078802
1781655243,300,,Aggregated,117.300000,0.800000,19,150,200,270,2500,2800,3100,3500,59000,64000,64000,24371,92,33,406.0604028735681,1.6613999905530363,64211.61091601243,4842.609289729597
1781655244,300,GET,/feed/{user_id},43.500000,0.400000,10,96,140,170,280,1800,2800,2800,2900,2900,2900,9881,27,31,333.5462538231436,1.8583539931569248,59770.39861300727,4846.156664305232
1781655244,300,GET,/feed/{user_id}?with_fof=true,20.700000,0.000000,92,160,300,970,2500,2900,3100,3300,4200,4200,4200,4842,24,37,539.4512430836032,1.9929370027966797,57030.19932701136,9687.643535729037
1781655244,300,POST,/likes,2.300000,0.000000,39,81,130,170,1700,1800,2800,2800,2800,2800,2800,480,3,47,333.7688713103489,2.91301601100713,33830.86291997461,179.625
1781655244,300,POST,/posts,3.300000,0.000000,46,100,140,190,1800,1900,2800,2800,2800,2800,2800,715,3,40,467.4111767547446,3.402567992452532,56698.780231992714,227.63916083916084
1781655244,300,GET,/timeline/{user_id},30.600000,0.400000,11,93,130,160,290,1800,2500,2800,59000,59000,59000,6129,31,38,482.5382171383907,1.9225410069338977,64211.61091601243,3840.213737967042
1781655244,300,GET,/users/{user_id},12.000000,0.000000,11,84,120,140,190,300,2700,2800,2900,2900,2900,2561,4,25,218.633246499209,1.6613999905530363,54760.38177899318,266.0812182741117
1781655244,300,,Aggregated,112.400000,0.800000,15,110,150,180,630,2300,2800,2900,4200,59000,59000,24608,92,33,403.10459930801255,1.6613999905530363,64211.61091601243,4846.372317945384
1781655245,300,GET,/feed/{user_id},46.000000,0.400000,14,120,140,160,270,1800,2800,2800,2900,2900,2900,9976,27,32,331.150701239708,1.8583539931569248,59770.39861300727,4846.474438652766
1781655245,300,GET,/feed/{user_id}?with_fof=true,21.600000,0.000000,95,160,220,730,2300,2800,3100,3300,3400,3400,3400,4890,24,37,535.5737025406711,1.9929370027966797,57030.19932701136,9687.007770961145
1781655245,300,POST,/likes,2.500000,0.000000,42,120,130,160,320,1800,2800,2800,2800,2800,2800,485,3,50,331.4661763133193,2.91301601100713,33830.86291997461,179.63711340206186
1781655245,300,POST,/posts,3.300000,0.000000,94,120,160,180,1800,1900,2800,2800,2800,2800,2800,722,3,41,464.07226136520535,3.402567992452532,56698.780231992714,227.65512465373962
1781655245,300,GET,/timeline/{user_id},32.600000,0.400000,14,110,130,150,290,1800,2500,2800,59000,59000,59000,6191,31,39,478.708371887937,1.9225410069338977,64211.61091601243,3839.6425456307543
1781655245,300,GET,/users/{user_id},12.700000,0.000000,12,99,120,140,190,290,2700,2800,2900,2900,2900,2583,4,25,217.4456807694777,1.6613999905530363,54760.38177899318,266.0878823073945
1781655245,300,,Aggregated,118.700000,0.800000,23,120,150,170,380,1900,2800,2900,3400,59000,59000,24847,92,34,400.19647414153076,1.6613999905530363,64211.61091601243,4846.779088018674
1781655246,300,GET,/feed/{user_id},55.300000,0.400000,18,120,140,150,220,1700,2700,2800,2900,2900,2900,10074,27,32,328.58463774350923,1.8583539931569248,59770.39861300727,4848.673118919992
1781655246,300,GET,/feed/{user_id}?with_fof=true,27.400000,0.000000,100,140,180,310,1900,2700,3100,3200,3400,3400,3400,4950,24,38,530.3232914460422,1.9929370027966797,57030.19932701136,9686.196767676767
1781655246,300,POST,/likes,2.900000,0.000000,81,130,140,160,320,1800,2800,2800,2800,2800,2800,494,3,54,326.99478598779797,2.91301601100713,33830.86291997461,179.6497975708502
1781655246,300,POST,/posts,4.100000,0.000000,94,120,150,160,230,1800,2800,2800,2800,2800,2800,728,3,41,460.8274882893666,3.402567992452532,56698.780231992714,227.65934065934067
1781655246,300,GET,/timeline/{user_id},39.200000,0.400000,25,120,130,150,240,700,2100,2700,3100,3100,3100,6239,31,39,475.8124098604334,1.9225410069338977,64211.61091601243,3840.0211572367366
1781655246,300,GET,/users/{user_id},14.700000,0.000000,14,110,130,140,180,260,2300,2800,2900,2900,2900,2617,4,25,215.51229134410858,1.6613999905530363,54760.38177899318,266.0978219335117
1781655246,300,,Aggregated,143.600000,0.800000,42,120,140,160,310,1800,2800,2900,3300,3400,3400,25102,92,34,396.97510399989704,1.6613999905530363,64211.61091601243,4848.257509361803
1781655247,300,GET,/feed/{user_id},59.300000,0.000000,34,110,130,150,210,1700,2700,2800,2900,2900,2900,10177,27,32,325.84983417147834,1.8583539931569248,59770.39861300727,4846.084012970424
1781655247,300,GET,/feed/{user_id}?with_fof=true,29.800000,0.000000,93,130,160,200,1800,2700,3000,3100,3400,3400,3400,5009,24,39,524.9522277884091,1.9929370027966797,57030.19932701136,9684.628069474946
1781655247,300,POST,/likes,3.200000,0.000000,90,120,130,150,300,1700,2800,2800,2800,2800,2800,500,3,56,324.0447704079561,2.91301601100713,33830.86291997461,179.662
1781655247,300,POST,/posts,4.200000,0.000000,93,120,140,160,210,1800,1900,2800,2800,2800,2800,738,3,42,455.4263389520527,3.402567992452532,56698.780231992714,227.65853658536585
1781655247,300,GET,/timeline/{user_id},39.100000,0.100000,33,110,130,140,210,630,1900,2700,3100,3100,3100,6310,31,40,471.0800188878327,1.9225410069338977,64211.61091601243,3840.0496038034867
1781655247,300,GET,/users/{user_id},15.100000,0.000000,43,110,130,130,180,250,2300,2800,2900,2900,2900,2634,4,26,214.58207864675896,1.6613999905530363,54760.38177899318,266.10402429764616
1781655247,300,,Aggregated,150.700000,0.100000,64,120,130,150,250,1800,2700,2900,3300,3400,3400,25368,92,34,393.4685670547008,1.6613999905530363,64211.61091601243,4849.352451907916
1781655248,300,GET,/feed/{user_id},64.200000,0.000000,33,110,130,140,170,220,1700,1800,1900,1900,1900,10274,27,32,323.4492745303848,1.8583539931569248,59770.39861300727,4846.9896826941795
1781655248,300,GET,/feed/{user_id}?with_fof=true,32.800000,0.000000,93,120,140,160,520,1800,2300,2500,2700,2700,2700,5049,24,40,521.5613574436887,1.9929370027966797,57030.19932701136,9687.521291344821
1781655248,300,POST,/likes,3.800000,0.000000,100,120,130,150,170,320,1800,1800,1800,1800,1800,504,3,60,322.25431386703144,2.6691810053307563,33830.86291997461,179.66468253968253
1781655248,300,POST,/posts,4.200000,0.000000,89,110,120,150,170,230,1800,1900,1900,1900,1900,750,3,41,449.04288083008333,3.402567992452532,56698.780231992714,227.66666666666666
1781655248,300,GET,/timeline/{user_id},41.500000,0.100000,43,110,130,140,180,340,1800,1800,2500,2500,2500,6387,31,39,466.22496933836914,1.9225410069338977,64211.61091601243,3843.0372631908563
1781655248,300,GET,/users/{user_id},16.900000,0.000000,43,100,120,130,160,190,290,310,1700,1700,1700,2655,4,26,213.4347729331734,1.6613999905530363,54760.38177899318,266.1024482109228
1781655248,300,,Aggregated,163.400000,0.100000,67,110,130,140,180,320,1800,1900,2500,2700,2700,25619,92,35,390.3402816804578,1.6613999905530363,64211.61091601243,4848.88360201413
1781655249,300,GET,/feed/{user_id},71.900000,0.000000,47,110,130,140,160,190,1700,1800,1900,1900,1900,10376,27,33,321.1567773820416,1.8583539931569248,59770.39861300727,4844.045200462606
1781655249,300,GET,/feed/{user_id}?with_fof=true,39.400000,0.000000,94,120,140,150,190,1000,2000,2300,2700,2700,2700,5104,24,40,516.967209602298,1.9929370027966797,57030.19932701136,9683.772923197492
1781655249,300,POST,/likes,4.200000,0.000000,110,120,130,140,170,1700,1800,1800,1800,1800,1800,506,3,60,321.40153760664265,2.6691810053307563,33830.86291997461,179.66403162055337
1781655249,300,POST,/posts,5.200000,0.000000,93,120,140,150,170,230,1800,1900,1900,1900,1900,758,3,41,444.91034023289257,3.402567992452532,56698.780231992714,227.67150395778364
1781655249,300,GET,/timeline/{user_id},46.700000,0.000000,51,120,130,140,170,240,1800,1800,2500,2500,2500,6451,31,40,462.4164498756855,1.9225410069338977,64211.61091601243,3844.7811192063245
1781655249,300,GET,/users/{user_id},18.600000,0.000000,14,100,120,130,160,180,220,250,1700,1700,1700,2681,4,26,211.8898388200148,1.6613999905530363,54760.38177899318,266.10966057441254
1781655249,300,,Aggregated,186.000000,0.000000,73,120,130,140,170,220,1800,1900,2500,2700,2700,25876,92,36,387.30560178838266,1.6613999905530363,64211.61091601243,4848.794172205905
1781655250,300,GET,/feed/{user_id},81.900000,0.000000,48,110,130,130,160,190,1700,1800,1900,1900,1900,10469,27,33,319.0309410636188,1.8583539931569248,59770.39861300727,4838.721272327825
1781655250,300,GET,/feed/{user_id}?with_fof=true,43.000000,0.000000,98,130,140,150,200,1000,2000,2300,2700,2700,2700,5150,24,41,513.4215128817764,1.9929370027966797,57030.19932701136,9684.184077669903
1781655250,300,POST,/likes,4.800000,0.000000,110,120,130,130,160,1700,1800,1800,1800,1800,1800,507,3,60,320.7739667632411,2.6691810053307563,33830.86291997461,179.66272189349112
1781655250,300,POST,/posts,6.300000,0.000000,80,110,130,150,160,240,1800,1900,1900,1900,1900,765,3,41,441.62457077977024,3.402567992452532,56698.780231992714,227.67450980392158
1781655250,300,GET,/timeline/{user_id},53.300000,0.000000,48,110,130,130,160,190,1800,1800,2500,2500,2500,6519,31,40,458.5597297153244,1.9225410069338977,64211.61091601243,3847.34775272281
1781655250,300,GET,/users/{user_id},20.300000,0.000000,53,110,130,130,160,180,200,220,1700,1700,1700,2699,4,26,211.27901899908014,1.6613999905530363,54760.38177899318,266.10485364949983
1781655250,300,,Aggregated,209.600000,0.000000,75,120,130,140,160,200,1800,1900,2500,2700,2700,26109,92,36,384.69967679437605,1.6613999905530363,64211.61091601243,4848.690413267455
1781655251,300,GET,/feed/{user_id},83.700000,0.000000,80,110,130,130,160,180,1700,1800,1900,1900,1900,10559,27,34,316.85449389743064,1.8583539931569248,59770.39861300727,4836.653565678568
1781655251,300,GET,/feed/{user_id}?with_fof=true,43.200000,0.000000,98,120,140,150,190,770,1900,2300,2700,2700,2700,5209,24,42,508.38200339067714,1.9929370027966797,57030.19932701136,9683.475715108467
1781655251,300,POST,/likes,4.600000,0.000000,110,120,130,130,160,210,1800,1800,1800,1800,1800,515,3,64,317.4271334891176,2.6691810053307563,33830.86291997461,179.6776699029126
1781655251,300,POST,/posts,6.800000,0.000000,87,110,120,150,160,240,1800,1900,1900,1900,1900,773,3,42,437.83620686355687,3.402567992452532,56698.780231992714,227.67270375161706
1781655251,300,GET,/timeline/{user_id},55.800000,0.000000,81,120,130,130,160,190,1800,1800,2500,2500,2500,6576,31,41,455.21289201551826,1.9225410069338977,64211.61091601243,3849.907086374696
1781655251,300,GET,/users/{user_id},21.300000,0.000000,64,110,120,130,150,170,190,200,1700,1700,1700,2734,4,27,209.35870090141375,1.6613999905530363,54760.38177899318,266.10716898317486
1781655251,300,,Aggregated,215.400000,0.000000,87,120,130,140,160,200,1700,1800,2500,2700,2700,26366,92,37,381.6133461479154,1.6613999905530363,64211.61091601243,4848.08089964348
1781655252,300,GET,/feed/{user_id},83.700000,0.000000,86,110,130,130,160,180,300,1800,1900,1900,1900,10649,27,34,314.7649595862428,1.8583539931569248,59770.39861300727,4833.585782702601
1781655252,300,GET,/feed/{user_id}?with_fof=true,43.300000,0.000000,98,120,140,140,180,730,1900,2300,2700,2700,2700,5260,24,42,504.0714530568738,1.9929370027966797,57030.19932701136,9683.458174904943
1781655252,300,POST,/likes,3.800000,0.000000,110,120,130,130,160,210,1800,1800,1800,1800,1800,520,3,67,315.32030446323915,2.6691810053307563,33830.86291997461,179.68269230769232
1781655252,300,POST,/posts,6.800000,0.000000,94,120,150,150,170,240,1800,1900,1900,1900,1900,784,3,45,433.27480967799397,3.402567992452532,56698.780231992714,227.67857142857142
1781655252,300,GET,/timeline/{user_id},56.800000,0.000000,90,120,130,140,160,190,1200,1800,2500,2500,2500,6644,31,42,451.3514580823235,1.9225410069338977,64211.61091601243,3851.1456953642382
1781655252,300,GET,/users/{user_id},21.300000,0.000000,93,110,130,130,150,170,190,200,1700,1700,1700,2760,4,28,208.19363413277154,1.6613999905530363,54760.38177899318,266.1159420289855
1781655252,300,,Aggregated,215.700000,0.000000,93,120,130,140,160,190,1700,1800,2500,2700,2700,26617,92,37,378.72019478254083,1.6613999905530363,64211.61091601243,4846.574444903633
1781655253,300,GET,/feed/{user_id},84.700000,0.000000,92,120,130,140,160,170,190,210,300,300,300,10733,27,34,312.9796781288531,1.8583539931569248,59770.39861300727,4832.875151402218
1781655253,300,GET,/feed/{user_id}?with_fof=true,45.100000,0.000000,95,120,130,140,170,190,600,770,1100,1100,1100,5309,24,41,500.15414093315644,1.9929370027966797,57030.19932701136,9685.256168770013
1781655253,300,POST,/likes,4.000000,0.000000,110,120,130,130,150,160,210,210,210,210,210,524,3,64,312.9759008164952,2.6691810053307563,33830.86291997461,179.67748091603053
1781655253,300,POST,/posts,6.900000,0.000000,95,120,130,150,160,180,190,240,240,240,240,792,3,46,429.77089798050014,3.402567992452532,56698.780231992714,227.6818181818182
1781655253,300,GET,/timeline/{user_id},56.900000,0.000000,97,120,130,140,160,180,250,460,800,800,800,6706,31,43,448.1751346984654,1.9225410069338977,64211.61091601243,3847.4995526394273
1781655253,300,GET,/users/{user_id},21.600000,0.000000,98,120,130,140,160,180,190,200,220,220,220,2789,4,30,207.07947571255212,1.6613999905530363,54760.38177899318,266.1201147364647
1781655253,300,,Aggregated,219.200000,0.000000,95,120,130,140,160,180,210,450,850,1100,1100,26853,92,38,376.19313498863147,1.6613999905530363,64211.61091601243,4845.205005027371
1781655254,300,GET,/feed/{user_id},88.300000,0.000000,94,120,130,140,160,170,190,210,300,300,300,10832,27,35,310.9975238961383,1.8583539931569248,59770.39861300727,4826.291635893648
1781655254,300,GET,/feed/{user_id}?with_fof=true,48.800000,0.000000,97,120,140,140,170,190,510,680,1100,1100,1100,5359,24,43,496.42886224859046,1.9929370027966797,57030.19932701136,9687.599925359209
1781655254,300,POST,/likes,4.500000,0.000000,100,120,120,130,150,170,210,210,210,210,210,528,3,64,311.19576358502275,2.6691810053307563,33830.86291997461,179.6875
1781655254,300,POST,/posts,7.600000,0.000000,100,120,150,150,160,180,190,240,240,240,240,801,3,49,426.1785678982766,3.402567992452532,56698.780231992714,227.68913857677902
1781655254,300,GET,/timeline/{user_id},59.500000,0.000000,96,120,130,140,160,190,300,470,800,800,800,6758,31,43,445.38270544243454,1.9225410069338977,64211.61091601243,3848.1561112755253
1781655254,300,GET,/users/{user_id},22.500000,0.000000,99,120,130,140,160,180,190,200,220,220,220,2808,4,30,206.30848568851854,1.6613999905530363,54760.38177899318,266.1246438746439
1781655254,300,,Aggregated,231.200000,0.000000,96,120,130,140,160,180,210,400,850,1100,1100,27086,92,38,373.77163105980657,1.6613999905530363,64211.61091601243,4844.739348741047
1781655255,300,GET,/feed/{user_id},94.200000,0.000000,91,120,130,140,160,170,190,200,300,300,300,10940,27,36,308.5544559929601,1.8583539931569248,59770.39861300727,4827.277148080439
1781655255,300,GET,/feed/{user_id}?with_fof=true,52.600000,0.000000,93,120,140,140,170,180,470,550,770,770,770,5408,24,43,492.57392135283476,1.9929370027966797,57030.19932701136,9689.826183431953
1781655255,300,POST,/likes,4.800000,0.000000,96,110,120,120,150,170,210,210,210,210,210,533,3,67,308.89066888165127,2.6691810053307563,33830.86291997461,179.69981238273922
1781655255,300,POST,/posts,8.600000,0.000000,95,120,140,150,170,190,210,240,240,240,240,810,3,50,422.4290313587214,3.402567992452532,56698.780231992714,227.69876543209875
1781655255,300,GET,/timeline/{user_id},64.700000,0.000000,94,120,130,140,160,190,250,460,540,540,540,6831,31,43,441.4162132904326,1.9225410069338977,64211.61091601243,3844.5495535060754
1781655255,300,GET,/users/{user_id},24.000000,0.000000,99,120,130,140,160,180,190,200,220,220,220,2833,4,31,205.24479823518692,1.6613999905530363,54760.38177899318,266.1217790328274
1781655255,300,,Aggregated,248.900000,0.000000,94,120,130,140,160,180,200,300,680,770,770,27355,92,39,370.79160751383074,1.6613999905530363,64211.61091601243,4844.059550356425
1781655256,300,GET,/feed/{user_id},93.400000,0.000000,90,120,130,140,160,170,190,200,300,300,300,11045,27,37,306.18044703665856,1.8583539931569248,59770.39861300727,4822.381439565414
1781655256,300,GET,/feed/{user_id}?with_fof=true,52.100000,0.000000,92,120,130,140,160,180,220,530,700,700,700,5455,24,43,488.83946454138584,1.9929370027966797,57030.19932701136,9685.668377635197
1781655256,300,POST,/likes,4.800000,0.000000,91,110,120,120,150,170,210,210,210,210,210,537,3,64,306.80490475406157,2.6691810053307563,33830.86291997461,179.71135940409684
1781655256,300,POST,/posts,8.400000,0.000000,99,120,150,150,170,190,210,240,240,240,240,816,3,50,419.66792720285963,3.402567992452532,56698.780231992714,227.7046568627451
1781655256,300,GET,/timeline/{user_id},63.700000,0.000000,88,120,130,140,160,190,240,400,540,540,540,6905,31,44,437.30404731584173,1.9225410069338977,64211.61091601243,3840.4011585807384
1781655256,300,GET,/users/{user_id},24.600000,0.000000,94,110,130,140,160,180,190,200,220,220,220,2867,4,31,203.46414095507419,1.6613999905530363,54760.38177899318,266.1217300313917
1781655256,300,,Aggregated,247.000000,0.000000,91,120,130,140,160,180,200,270,600,700,700,27625,92,39,367.7285689729487,1.6613999905530363,64211.61091601243,4838.435366515837
1781655257,300,GET,/feed/{user_id},96.100000,0.000000,84,110,130,140,160,170,190,200,300,300,300,11163,27,37,303.53881091290555,1.8583539931569248,59770.39861300727,4819.643017110096
1781655257,300,GET,/feed/{user_id}?with_fof=true,50.900000,0.000000,92,120,130,140,160,180,220,550,700,700,700,5497,24,44,485.7886020768334,1.9929370027966797,57030.19932701136,9687.715299254138
1781655257,300,POST,/likes,4.800000,0.000000,95,100,110,120,160,210,210,210,210,210,210,543,3,68,304.59585086719954,2.6691810053307563,33830.86291997461,179.7292817679558
1781655257,300,POST,/posts,8.800000,0.000000,100,130,140,150,170,190,210,240,240,240,240,824,3,51,416.3763171402148,3.402567992452532,56698.780231992714,227.70995145631068
1781655257,300,GET,/timeline/{user_id},63.200000,0.000000,88,120,130,140,160,190,230,380,540,540,540,6966,31,45,434.09369989505336,1.9225410069338977,64211.61091601243,3838.731696813092
1781655257,300,GET,/users/{user_id},25.000000,0.000000,91,110,130,140,160,180,190,200,220,220,220,2895,4,31,201.9019356781588,1.6613999905530363,54760.38177899318,266.1153713298791
1781655257,300,,Aggregated,248.800000,0.000000,88,110,130,140,160,180,200,270,600,700,700,27888,92,40,364.87651109576717,1.6613999905530363,64211.61091601243,4835.459014629949
1781655258,300,GET,/feed/{user_id},96.200000,0.000000,85,110,120,130,150,170,190,200,300,300,300,11259,27,37,301.53887450606885,1.8583539931569248,59770.39861300727,4819.448618882671
1781655258,300,GET,/feed/{user_id}?with_fof=true,51.300000,0.000000,92,120,130,140,160,180,220,530,700,700,700,5542,24,46,482.54201821641914,1.9929370027966797,57030.19932701136,9687.805485384339
1781655258,300,POST,/likes,4.600000,0.000000,95,100,110,120,140,160,210,210,210,210,210,548,3,68,302.70166977356064,2.6691810053307563,33830.86291997461,179.74087591240877
1781655258,300,POST,/posts,8.900000,0.000000,95,120,140,150,170,190,210,240,240,240,240,830,3,51,413.7292609187488,3.402567992452532,56698.780231992714,227.71686746987953
1781655258,300,GET,/timeline/{user_id},65.000000,0.000000,88,110,130,130,160,180,250,380,540,540,540,7037,31,46,430.4640722671333,1.9225410069338977,64211.61091601243,3841.3687650987636
1781655258,300,GET,/users/{user_id},24.900000,0.000000,92,110,130,140,160,170,190,200,220,220,220,2928,4,31,200.36901959061314,1.6613999905530363,54760.38177899318,266.11304644808746
1781655258,300,,Aggregated,250.900000,0.000000,88,110,130,130,160,180,200,260,580,700,700,28144,92,41,362.22306781277814,1.6613999905530363,64211.61091601243,4834.081296191018
1781655259,300,GET,/feed/{user_id},97.700000,0.000000,82,110,120,130,150,170,190,200,85000,85000,85000,11356,32,38,342.7109382620362,1.8583539931569248,84930.5738999974,4825.16035575907
1781655259,300,GET,/feed/{user_id}?with_fof=true,48.400000,0.000000,85,110,130,130,150,170,550,80000,85000,85000,85000,5605,26,46,551.2668651519152,1.9929370027966797,84921.7036869959,9683.970561998216
1781655259,300,POST,/likes,4.300000,0.000000,95,100,110,120,140,170,180,210,210,210,210,557,3,70,298.9088275743217,2.6691810053307563,33830.86291997461,179.7504488330341
1781655259,300,POST,/posts,8.500000,0.000000,90,110,140,140,170,190,210,210,210,210,210,840,3,50,409.39168772563875,3.402567992452532,56698.780231992714,227.71904761904761
1781655259,300,GET,/timeline/{user_id},66.400000,0.000000,86,110,120,130,160,180,380,510,88000,88000,88000,7102,32,47,486.48204073692386,1.9225410069338977,88036.09029899235,3840.8752464094623
1781655259,300,GET,/users/{user_id},25.400000,0.000000,90,110,130,130,160,170,190,82000,87000,87000,87000,2958,5,31,312.04118284023457,1.6613999905530363,87037.3691280256,266.04056795131845
1781655259,300,,Aggregated,250.700000,0.000000,85,110,120,130,150,170,200,550,86000,88000,88000,28418,101,42,417.6954993625038,1.6613999905530363,88036.09029899235,4835.999190653811
1781655260,300,GET,/feed/{user_id},97.800000,0.000000,83,110,120,130,150,170,190,80000,85000,85000,85000,11469,38,39,380.2508277589833,1.8583539931569248,84930.5738999974,4822.124160781236
1781655260,300,GET,/feed/{user_id}?with_fof=true,49.200000,0.000000,80,110,130,130,160,180,550,80000,85000,85000,85000,5661,27,47,560.6489262677061,1.9929370027966797,84921.7036869959,9681.469704999117
1781655260,300,POST,/likes,4.200000,0.000000,92,100,110,110,140,170,180,80000,80000,80000,80000,562,4,68,438.35720819025676,2.6691810053307563,79758.94804100972,179.47153024911032
1781655260,300,POST,/posts,7.900000,0.000000,87,110,140,140,170,190,210,80000,80000,80000,80000,846,4,50,501.00417658690765,3.402567992452532,79746.35615100851,227.4822695035461
1781655260,300,GET,/timeline/{user_id},64.700000,0.000000,86,110,120,130,150,180,380,61000,88000,88000,88000,7164,34,48,502.4658364651658,1.9225410069338977,88036.09029899235,3839.8383584589615
1781655260,300,GET,/users/{user_id},26.200000,0.000000,90,110,130,130,160,170,190,82000,87000,87000,87000,2986,5,32,309.89134816861406,1.6613999905530363,87037.3691280256,266.0428667113195
1781655260,300,,Aggregated,250.000000,0.000000,84,110,120,130,160,170,270,80000,86000,88000,88000,28688,112,43,443.7443327395643,1.6613999905530363,88036.09029899235,4835.055110150585
1781655261,300,GET,/feed/{user_id},97.900000,0.000000,91,120,140,140,170,290,30000,80000,82000,85000,85000,11643,48,42,471.28013963848184,1.8583539931569248,84930.5738999974,4821.591428326033
1781655261,300,GET,/feed/{user_id}?with_fof=true,48.600000,0.000000,94,120,140,150,200,1100,30000,80000,85000,85000,85000,5742,30,50,651.9848905241985,1.9929370027966797,84921.7036869959,9683.641065830721
1781655261,300,POST,/likes,4.700000,0.000000,95,110,130,160,260,30000,30000,80000,80000,80000,80000,571,4,76,642.2415741382089,2.6691810053307563,79758.94804100972,179.48686514886165
1781655261,300,POST,/posts,8.200000,0.000000,99,140,160,170,210,30000,30000,80000,80000,80000,80000,858,5,55,636.3088177593174,3.402567992452532,79746.35615100851,227.25757575757575
1781655261,300,GET,/timeline/{user_id},65.600000,0.000000,91,120,140,150,220,30000,30000,61000,88000,88000,88000,7257,37,51,642.6614768355249,1.9225410069338977,88036.09029899235,3838.8325754443986
1781655261,300,GET,/users/{user_id},26.900000,0.000000,92,120,130,150,170,230,30000,82000,87000,87000,87000,3030,7,33,375.66503024802785,1.6613999905530363,87037.3691280256,265.8871287128713
1781655261,300,,Aggregated,251.900000,0.000000,92,120,140,150,180,30000,30000,80000,86000,88000,88000,29101,131,46,547.9380155567897,1.6613999905530363,88036.09029899235,4834.980791038109
1781655262,300,GET,/feed/{user_id},100.500000,1.100000,96,130,150,170,290,27000,30000,61000,82000,85000,85000,11804,48,46,484.92128001252723,1.8583539931569248,84930.5738999974,4817.8213317519485
1781655262,300,GET,/feed/{user_id}?with_fof=true,50.500000,0.300000,100,130,160,190,310,30000,30000,80000,85000,85000,85000,5830,30,53,685.2623447003666,1.9929370027966797,84921.7036869959,9677.930703259006
1781655262,300,POST,/likes,5.300000,0.100000,99,130,160,220,360,30000,30000,80000,80000,80000,80000,582,4,76,633.437285044541,2.6691810053307563,79758.94804100972,179.50343642611685
1781655262,300,POST,/posts,7.900000,0.100000,92,140,180,210,360,30000,30000,80000,80000,80000,80000,869,5,58,665.073002968372,3.402567992452532,79746.35615100851,227.2819332566168
1781655262,300,GET,/timeline/{user_id},64.400000,0.300000,96,130,160,180,320,30000,30000,61000,88000,88000,88000,7355,37,54,648.7917397360202,1.9225410069338977,88036.09029899235,3840.2372535690006
1781655262,300,GET,/users/{user_id},28.400000,0.100000,93,130,150,160,250,350,30000,82000,87000,87000,87000,3062,7,34,383.40842413239557,1.6613999905530363,87037.3691280256,265.90659699542783
1781655262,300,,Aggregated,257.000000,2.000000,97,130,160,170,300,30000,30000,80000,86000,88000,88000,29502,131,48,563.065522296735,1.6613999905530363,88036.09029899235,4835.36807674056
1781655263,300,GET,/feed/{user_id},103.600000,2.000000,99,140,180,200,310,970,30000,61000,82000,85000,85000,11946,48,48,481.3350177065023,1.8583539931569248,84930.5738999974,4815.490959316926
1781655263,300,GET,/feed/{user_id}?with_fof=true,51.000000,0.600000,100,150,200,240,350,30000,30000,80000,85000,85000,85000,5921,30,56,678.3944373553536,1.9929370027966797,84921.7036869959,9676.438946123966
1781655263,300,POST,/likes,5.400000,0.100000,100,130,180,260,330,30000,30000,80000,80000,80000,80000,588,4,76,628.7556694641148,2.6691810053307563,79758.94804100972,179.51530612244898
1781655263,300,POST,/posts,8.400000,0.200000,100,170,200,230,370,30000,30000,80000,80000,80000,80000,877,5,59,661.4492835387791,3.402567992452532,79746.35615100851,227.29418472063855
1781655263,300,GET,/timeline/{user_id},66.600000,0.600000,100,140,190,240,330,30000,30000,32000,88000,88000,88000,7463,37,57,642.2370848971954,1.9225410069338977,88036.09029899235,3842.953503952834
1781655263,300,GET,/users/{user_id},28.300000,0.200000,97,130,160,180,290,370,30000,82000,87000,87000,87000,3093,7,36,381.60744488566814,1.6613999905530363,87037.3691280256,265.9198189460071
1781655263,300,,Aggregated,263.300000,3.700000,100,140,180,220,320,30000,30000,80000,86000,88000,88000,29888,131,51,558.4156896423478,1.6613999905530363,88036.09029899235,4838.978653640257
1781655264,300,GET,/feed/{user_id},113.000000,2.100000,110,150,180,200,310,27000,30000,65000,82000,85000,85000,12101,53,50,503.2696382337646,1.8583539931569248,84930.5738999974,4812.940748698455
1781655264,300,GET,/feed/{user_id}?with_fof=true,56.400000,0.600000,110,150,200,230,330,30000,30000,65000,85000,85000,85000,5989,31,59,682.6821940083555,1.9929370027966797,84921.7036869959,9677.008014693605
1781655264,300,POST,/likes,6.300000,0.100000,110,160,180,220,320,30000,30000,80000,80000,80000,80000,603,4,78,615.6460462950068,2.6691810053307563,79758.94804100972,179.5257048092869
1781655264,300,POST,/posts,8.400000,0.200000,100,160,200,250,980,30000,65000,80000,80000,80000,80000,889,6,60,727.0075171018536,3.402567992452532,79746.35615100851,227.07311586051745
1781655264,300,GET,/timeline/{user_id},71.200000,0.600000,110,150,190,220,320,30000,30000,32000,88000,88000,88000,7571,37,60,634.5464926415076,1.9225410069338977,88036.09029899235,3834.7424382512218
1781655264,300,GET,/users/{user_id},30.100000,0.300000,99,130,150,170,280,360,30000,80000,87000,87000,87000,3150,7,37,376.4110700686422,1.6613999905530363,87037.3691280256,265.92603174603175
1781655264,300,,Aggregated,285.400000,3.900000,110,150,180,210,310,30000,30000,65000,85000,88000,88000,30303,138,53,567.1398926610349,1.6613999905530363,88036.09029899235,4830.466323466323
1781655265,300,GET,/feed/{user_id},117.200000,2.100000,120,170,200,230,310,1800,30000,65000,82000,85000,85000,12255,54,54,504.2345495535765,1.8583539931569248,84930.5738999974,4809.385883312933
1781655265,300,GET,/feed/{user_id}?with_fof=true,59.300000,0.600000,120,170,210,240,330,27000,30000,65000,85000,85000,85000,6060,31,60,676.193074753138,1.9929370027966797,84921.7036869959,9680.753630363037
1781655265,300,POST,/likes,6.400000,0.100000,110,160,180,220,320,30000,30000,80000,80000,80000,80000,609,4,78,610.4729603988436,2.6691810053307563,79758.94804100972,179.54187192118226
1781655265,300,POST,/posts,8.200000,0.200000,120,170,200,250,980,30000,65000,80000,80000,80000,80000,898,6,60,720.700169802403,3.402567992452532,79746.35615100851,227.08463251670378
1781655265,300,GET,/timeline/{user_id},72.900000,0.600000,120,170,210,240,320,30000,30000,31000,88000,88000,88000,7671,37,61,628.1746550572254,1.9225410069338977,88036.09029899235,3833.65271802894
1781655265,300,GET,/users/{user_id},30.400000,0.300000,110,140,170,200,280,360,30000,80000,87000,87000,87000,3179,7,38,374.1065087930913,1.6613999905530363,87037.3691280256,265.9351997483485
1781655265,300,,Aggregated,294.400000,3.900000,120,170,200,230,310,30000,30000,65000,85000,88000,88000,30672,139,55,564.1661317666225,1.6613999905530363,88036.09029899235,4830.82329160146
1781655266,300,GET,/feed/{user_id},124.400000,2.100000,140,180,210,240,310,900,30000,65000,82000,85000,85000,12424,54,56,499.4758994231494,1.8583539931569248,84930.5738999974,4809.075338055377
1781655266,300,GET,/feed/{user_id}?with_fof=true,61.400000,0.600000,130,180,210,240,330,27000,30000,65000,85000,85000,85000,6129,31,61,670.1780172865232,1.9929370027966797,84921.7036869959,9683.061347691304
1781655266,300,POST,/likes,7.100000,0.100000,130,160,180,220,320,30000,30000,80000,80000,80000,80000,615,4,78,605.3651601006087,2.6691810053307563,79758.94804100972,179.5528455284553
1781655266,300,POST,/posts,8.800000,0.200000,140,180,220,300,370,30000,65000,80000,80000,80000,80000,913,6,60,711.1703951770786,3.402567992452532,79746.35615100851,227.1106243154436
1781655266,300,GET,/timeline/{user_id},77.800000,0.600000,130,190,230,250,330,30000,30000,31000,88000,88000,88000,7760,37,63,622.7123085958698,1.9225410069338977,88036.09029899235,3835.136211340206
1781655266,300,GET,/users/{user_id},32.200000,0.300000,120,160,190,220,290,360,30000,80000,87000,87000,87000,3217,7,39,371.52702298018903,1.6613999905530363,87037.3691280256,265.94187130867266
1781655266,300,,Aggregated,311.700000,3.900000,130,180,210,240,320,25000,30000,65000,85000,88000,88000,31058,139,58,559.0204692598411,1.6613999905530363,88036.09029899235,4830.6202588705
1781655267,300,GET,/feed/{user_id},128.300000,2.700000,150,190,220,240,310,510,30000,65000,82000,85000,85000,12567,54,58,495.40386544260514,1.8583539931569248,84930.5738999974,4815.109174822949
1781655267,300,GET,/feed/{user_id}?with_fof=true,64.700000,0.700000,140,190,220,240,330,25000,30000,65000,85000,85000,85000,6197,31,64,664.5931650758389,1.9929370027966797,84921.7036869959,9681.000322736809
1781655267,300,POST,/likes,7.500000,0.100000,130,160,190,220,320,30000,30000,80000,80000,80000,80000,622,4,78,599.8845709691523,2.6691810053307563,79758.94804100972,179.56752411575562
1781655267,300,POST,/posts,8.800000,0.300000,160,200,230,250,360,30000,30000,65000,80000,80000,80000,927,6,65,702.8652691399312,3.402567992452532,79746.35615100851,227.13915857605178
1781655267,300,GET,/timeline/{user_id},83.100000,0.600000,150,190,230,250,320,30000,30000,31000,88000,88000,88000,7844,37,64,617.5742421269481,1.9225410069338977,88036.09029899235,3830.75662927078
1781655267,300,GET,/users/{user_id},34.500000,0.300000,130,170,200,220,290,350,30000,80000,87000,87000,87000,3255,7,41,368.8785146056537,1.6613999905530363,87037.3691280256,265.9425499231951
1781655267,300,,Aggregated,326.900000,4.700000,150,190,220,240,310,1100,30000,65000,85000,88000,88000,31412,139,60,554.3696819340701,1.6613999905530363,88036.09029899235,4830.669266522348
1781655268,300,GET,/feed/{user_id},134.200000,2.700000,160,210,240,250,310,450,30000,65000,82000,85000,85000,12707,54,60,491.7724399944468,1.8583539931569248,84930.5738999974,4816.913118753443
1781655268,300,GET,/feed/{user_id}?with_fof=true,65.200000,0.700000,160,210,240,250,330,1100,30000,65000,85000,85000,85000,6265,31,64,659.3963638172366,1.9929370027966797,84921.7036869959,9684.211652035116
1781655268,300,POST,/likes,7.600000,0.100000,140,180,220,250,320,30000,30000,80000,80000,80000,80000,630,4,78,593.8793835887087,2.6691810053307563,79758.94804100972,179.58253968253968
1781655268,300,POST,/posts,9.400000,0.300000,190,230,250,300,360,30000,30000,65000,80000,80000,80000,942,6,68,695.2921665230847,3.402567992452532,79746.35615100851,227.16029723991508
1781655268,300,GET,/timeline/{user_id},84.900000,0.600000,160,210,240,260,320,30000,30000,31000,88000,88000,88000,7924,37,65,613.1255996640195,1.9225410069338977,88036.09029899235,3828.5049217566884
1781655268,300,GET,/users/{user_id},34.300000,0.300000,150,200,230,250,300,350,30000,80000,87000,87000,87000,3295,7,43,366.49578101925056,1.6613999905530363,87037.3691280256,265.94810318664645
1781655268,300,,Aggregated,335.600000,4.700000,160,210,240,250,310,970,30000,65000,85000,88000,88000,31763,139,61,550.1744387194624,1.6613999905530363,88036.09029899235,4830.167018228757
1781655269,300,GET,/feed/{user_id},138.700000,2.700000,170,210,240,250,300,360,30000,30000,65000,65000,65000,12876,54,61,486.94249775135785,1.8583539931569248,84930.5738999974,4820.572382727555
1781655269,300,GET,/feed/{user_id}?with_fof=true,69.600000,0.700000,170,210,240,250,310,940,30000,30000,65000,65000,65000,6348,31,69,652.8623658402576,1.9929370027966797,84921.7036869959,9686.203528670447
1781655269,300,POST,/likes,8.000000,0.100000,150,180,230,250,310,30000,30000,30000,30000,30000,30000,635,4,79,590.2024624360025,2.6691810053307563,79758.94804100972,179.58897637795275
1781655269,300,POST,/posts,10.000000,0.300000,190,230,250,280,330,30000,30000,30000,65000,65000,65000,949,6,68,690.8202794043691,3.402567992452532,79746.35615100851,227.16965226554268
1781655269,300,GET,/timeline/{user_id},85.800000,0.600000,170,210,240,260,310,760,30000,30000,69000,69000,69000,8018,38,67,616.2697094645231,1.9225410069338977,88036.09029899235,3828.7105263157896
1781655269,300,GET,/users/{user_id},35.400000,0.300000,160,200,230,240,280,320,30000,30000,30000,30000,30000,3339,7,46,363.5188987198279,1.6613999905530363,87037.3691280256,265.9535789158431
1781655269,300,,Aggregated,347.500000,4.700000,170,210,240,250,310,450,30000,30000,65000,69000,69000,32165,140,64,547.1676990988399,1.6613999905530363,88036.09029899235,4833.637587439764
1781655270,300,GET,/feed/{user_id},141.400000,2.700000,170,210,230,240,290,330,900,30000,65000,65000,65000,13026,54,63,482.7811015336639,1.8583539931569248,84930.5738999974,4820.917395977276
1781655270,300,GET,/feed/{user_id}?with_fof=true,70.700000,0.700000,180,210,230,240,300,770,30000,30000,65000,65000,65000,6427,31,71,646.6457149052703,1.9929370027966797,84921.7036869959,9688.087910378092
1781655270,300,POST,/likes,8.300000,0.100000,160,190,220,240,310,360,30000,30000,30000,30000,30000,642,4,79,585.5254777973265,2.6691810053307563,79758.94804100972,179.60280373831776
1781655270,300,POST,/posts,11.000000,0.300000,190,220,250,260,320,370,30000,30000,65000,65000,65000,954,6,68,687.7623244126613,3.402567992452532,79746.35615100851,227.1740041928721
1781655270,300,GET,/timeline/{user_id},88.700000,0.600000,170,210,240,250,300,340,30000,30000,69000,69000,69000,8113,38,68,610.4932519198454,1.9225410069338977,88036.09029899235,3827.44558116603
1781655270,300,GET,/users/{user_id},36.500000,0.300000,170,200,220,240,270,310,370,30000,30000,30000,30000,3387,7,49,360.2479460119549,1.6613999905530363,87037.3691280256,265.94656037791555
1781655270,300,,Aggregated,356.600000,4.700000,170,210,230,250,290,340,27000,30000,65000,69000,69000,32549,140,65,542.2539186604063,1.6613999905530363,88036.09029899235,4834.172079019325
1781655271,300,GET,/feed/{user_id},147.500000,2.700000,170,200,220,230,270,310,350,370,65000,65000,65000,13181,54,65,478.6659918630968,1.8583539931569248,84930.5738999974,4825.084743190957
1781655271,300,GET,/feed/{user_id}?with_fof=true,73.300000,0.700000,170,200,220,230,260,330,900,940,65000,65000,65000,6491,31,73,641.6646492121702,1.9929370027966797,84921.7036869959,9690.267755353567
1781655271,300,POST,/likes,8.000000,0.100000,160,180,200,210,240,260,310,310,310,310,310,655,4,81,576.3338477997721,2.6691810053307563,79758.94804100972,179.61832061068702
1781655271,300,POST,/posts,10.800000,0.300000,180,210,220,230,280,320,370,980,65000,65000,65000,976,6,69,674.9622285816392,3.402567992452532,79746.35615100851,227.19262295081967
1781655271,300,GET,/timeline/{user_id},89.700000,0.700000,170,200,220,230,270,310,370,530,69000,69000,69000,8210,38,71,605.098625754533,1.9225410069338977,88036.09029899235,3820.0649208282584
1781655271,300,GET,/users/{user_id},37.300000,0.300000,170,200,220,230,260,300,340,360,920,920,920,3420,7,50,358.20175582616713,1.6613999905530363,87037.3691280256,265.9578947368421
1781655271,300,,Aggregated,366.600000,4.800000,170,200,220,230,270,310,360,610,65000,69000,69000,32933,140,67,537.5615098702983,1.6613999905530363,88036.09029899235,4831.344517657061
1781655272,300,GET,/feed/{user_id},152.700000,1.600000,170,200,210,220,250,280,310,340,65000,65000,65000,13342,54,66,474.6387063287661,1.8583539931569248,84930.5738999974,4829.134312696747
1781655272,300,GET,/feed/{user_id}?with_fof=true,74.700000,0.400000,170,200,210,220,250,260,400,840,65000,65000,65000,6550,31,75,637.3202515629389,1.9929370027966797,84921.7036869959,9690.221526717558
1781655272,300,POST,/likes,7.800000,0.000000,160,190,200,210,230,250,260,280,280,280,280,663,4,90,571.8309757961954,2.6691810053307563,79758.94804100972,179.63650075414782
1781655272,300,POST,/posts,10.900000,0.200000,190,210,230,240,260,310,330,330,65000,65000,65000,989,6,76,668.910523994611,3.402567992452532,79746.35615100851,227.2103134479272
1781655272,300,GET,/timeline/{user_id},92.900000,0.400000,170,200,210,220,250,280,320,470,69000,69000,69000,8301,38,73,600.113251008022,1.9225410069338977,88036.09029899235,3820.5272858691724
1781655272,300,GET,/users/{user_id},39.000000,0.200000,170,200,210,220,250,260,300,310,350,350,350,3459,7,52,355.7128669504096,1.6613999905530363,87037.3691280256,265.96357328707717
1781655272,300,,Aggregated,378.000000,2.800000,170,200,210,220,250,280,310,370,65000,69000,69000,33304,140,69,533.2604076434778,1.6613999905530363,88036.09029899235,4830.628032668748
1781655273,300,GET,/feed/{user_id},154.100000,0.700000,170,200,220,230,260,280,310,340,65000,65000,65000,13517,54,68,470.1494304611416,1.8583539931569248,84930.5738999974,4828.958348746023
1781655273,300,GET,/feed/{user_id}?with_fof=true,76.200000,0.100000,170,200,210,230,250,280,400,810,65000,65000,65000,6625,31,76,631.734119168961,1.9929370027966797,84921.7036869959,9692.315169811322
1781655273,300,POST,/likes,8.700000,0.000000,180,200,220,220,240,260,280,280,280,280,280,671,4,90,567.1114745720664,2.6691810053307563,79758.94804100972,179.64530551415797
1781655273,300,POST,/posts,10.700000,0.100000,190,220,230,240,260,280,330,330,65000,65000,65000,1006,6,77,659.8496195333908,3.402567992452532,79746.35615100851,227.22465208747514
1781655273,300,GET,/timeline/{user_id},95.500000,0.100000,170,200,210,230,260,280,330,470,69000,69000,69000,8382,38,74,595.6749097360769,1.9225410069338977,88036.09029899235,3821.8884514435695
1781655273,300,GET,/users/{user_id},39.900000,0.100000,170,200,220,230,250,270,300,310,350,350,350,3502,7,55,353.3164615815115,1.6613999905530363,87037.3691280256,265.97886921758993
1781655273,300,,Aggregated,385.100000,1.100000,170,200,220,230,250,280,310,380,65000,69000,69000,33703,140,71,528.5835162920944,1.6613999905530363,88036.09029899235,4830.438684983533
1781655274,300,GET,/feed/{user_id},153.200000,0.600000,170,210,220,240,260,280,310,330,450,450,450,13649,54,69,467.12035959523274,1.8583539931569248,84930.5738999974,4828.880430800791
1781655274,300,GET,/feed/{user_id}?with_fof=true,71.500000,0.100000,180,210,220,230,260,290,400,770,970,970,970,6691,31,77,627.2050597563062,1.9929370027966797,84921.7036869959,9689.942460020924
1781655274,300,POST,/likes,7.800000,0.000000,190,210,230,230,250,280,280,290,290,290,290,680,4,93,562.3144242012452,2.6691810053307563,79758.94804100972,179.65882352941176
1781655274,300,POST,/posts,12.000000,0.100000,190,220,240,250,270,290,320,330,330,330,330,1014,6,77,655.6103633447707,3.402567992452532,79746.35615100851,227.23175542406312
1781655274,300,GET,/timeline/{user_id},92.700000,0.100000,180,210,230,240,270,290,340,460,69000,69000,69000,8476,38,75,590.91612020114,1.9225410069338977,88036.09029899235,3829.206701274186
1781655274,300,GET,/users/{user_id},38.800000,0.000000,180,210,230,240,260,280,300,310,350,350,350,3539,7,58,351.25996242484564,1.6613999905530363,87037.3691280256,265.9788075727607
1781655274,300,,Aggregated,376.000000,0.900000,180,210,230,240,260,290,310,350,930,69000,69000,34049,140,72,524.8680314158933,1.6613999905530363,88036.09029899235,4831.126611647919
1781655275,300,GET,/feed/{user_id},155.300000,0.600000,170,200,220,230,250,270,290,300,410,450,450,13807,54,71,463.30595900987487,1.8583539931569248,84930.5738999974,4836.923299775476
1781655275,300,GET,/feed/{user_id}?with_fof=true,70.700000,0.100000,180,210,220,230,260,280,430,770,1000,1000,1000,6771,31,79,621.738469348152,1.9929370027966797,84921.7036869959,9689.475557524738
1781655275,300,POST,/likes,8.000000,0.000000,190,210,230,230,250,280,280,290,290,290,290,690,4,94,555.850133575133,2.6691810053307563,79758.94804100972,179.67536231884057
1781655275,300,POST,/posts,12.600000,0.100000,190,220,230,240,260,280,290,320,330,330,330,1022,6,77,651.4622706248356,3.402567992452532,79746.35615100851,227.2416829745597
1781655275,300,GET,/timeline/{user_id},92.500000,0.100000,170,200,220,230,260,280,310,410,69000,69000,69000,8570,38,77,585.9407889423308,1.9225410069338977,88036.09029899235,3834.0292882147023
1781655275,300,GET,/users/{user_id},40.000000,0.000000,180,210,220,230,260,270,300,310,500,500,500,3580,7,60,348.9153179778004,1.6613999905530363,87037.3691280256,265.98296089385474
1781655275,300,,Aggregated,379.100000,0.900000,170,200,220,230,260,280,300,330,930,69000,69000,34440,140,74,520.5173340402882,1.6613999905530363,88036.09029899235,4836.147096399535
1781655276,300,GET,/feed/{user_id},156.000000,0.600000,180,200,220,230,250,270,290,300,410,450,450,13963,54,72,459.6288494068025,1.8583539931569248,84930.5738999974,4835.381436654015
1781655276,300,GET,/feed/{user_id}?with_fof=true,70.300000,0.100000,180,210,220,230,260,280,430,740,1000,1000,1000,6857,31,81,615.8016000519661,1.9929370027966797,84921.7036869959,9690.454134461135
1781655276,300,POST,/likes,7.800000,0.000000,190,220,230,230,250,280,280,290,290,290,290,693,4,94,553.7802981367955,2.6691810053307563,79758.94804100972,179.67676767676767
1781655276,300,POST,/posts,12.600000,0.100000,190,220,240,240,260,280,290,320,330,330,330,1029,6,78,647.9999839568753,3.402567992452532,79746.35615100851,227.24878522837707
1781655276,300,GET,/timeline/{user_id},90.500000,0.100000,180,200,220,230,260,280,310,410,69000,69000,69000,8668,38,79,580.798607025704,1.9225410069338977,88036.09029899235,3836.9989616982
1781655276,300,GET,/users/{user_id},39.400000,0.000000,180,210,220,230,260,270,300,310,500,500,500,3615,7,64,346.94329763612586,1.6613999905530363,87037.3691280256,265.98893499308434
1781655276,300,,Aggregated,376.600000,0.900000,180,210,220,230,260,280,300,340,910,69000,69000,34825,140,75,516.2806395571421,1.6613999905530363,88036.09029899235,4839.7096051687
1781655277,300,GET,/feed/{user_id},154.200000,0.000000,180,200,220,230,250,270,290,300,410,450,450,14120,54,74,456.2290290264893,1.8583539931569248,84930.5738999974,4839.502549575071
1781655277,300,GET,/feed/{user_id}?with_fof=true,69.100000,0.000000,180,210,220,230,250,280,420,670,1000,1000,1000,6928,31,82,610.9578288439992,1.9929370027966797,84921.7036869959,9691.764001154734
1781655277,300,POST,/likes,7.900000,0.000000,190,220,230,230,250,280,280,290,290,290,290,703,4,94,547.6877521761182,2.6691810053307563,79758.94804100972,179.68705547652917
1781655277,300,POST,/posts,12.600000,0.000000,180,210,230,240,250,270,290,290,330,330,330,1039,6,80,643.1816081160476,3.402567992452532,79746.35615100851,227.25697786333012
1781655277,300,GET,/timeline/{user_id},89.800000,0.100000,180,200,220,230,250,280,310,400,69000,69000,69000,8764,38,80,576.1450077483702,1.9225410069338977,88036.09029899235,3834.5931081697854
1781655277,300,GET,/users/{user_id},39.800000,0.000000,180,200,220,230,250,270,300,310,500,500,500,3639,7,65,345.6861781702482,1.6613999905530363,87037.3691280256,265.9953283869195
1781655277,300,,Aggregated,373.400000,0.100000,180,200,220,230,250,270,300,340,910,69000,69000,35193,140,77,512.466875769784,1.6613999905530363,88036.09029899235,4842.300684795272
1781655278,300,GET,/feed/{user_id},152.300000,0.000000,180,200,210,220,240,260,280,290,390,410,410,14273,54,75,452.85736269845836,1.8583539931569248,84930.5738999974,4835.757864499405
1781655278,300,GET,/feed/{user_id}?with_fof=true,73.700000,0.000000,180,200,220,220,240,280,400,550,1000,1000,1000,6998,31,83,606.4190833515869,1.9929370027966797,84921.7036869959,9691.678622463562
1781655278,300,POST,/likes,7.900000,0.000000,190,220,230,230,250,280,280,290,290,290,290,705,4,93,546.1443423132531,2.6691810053307563,79758.94804100972,179.68936170212766
1781655278,300,POST,/posts,11.900000,0.000000,190,210,220,240,250,260,280,290,290,290,290,1053,6,83,636.9595657669805,3.402567992452532,79746.35615100851,227.26780626780626
1781655278,300,GET,/timeline/{user_id},90.500000,0.100000,180,200,210,220,240,270,300,360,690,690,690,8864,38,81,571.132615518474,1.9225410069338977,88036.09029899235,3830.6934792418774
1781655278,300,GET,/users/{user_id},39.500000,0.000000,170,200,210,220,240,270,290,310,500,500,500,3677,7,65,343.2006607235611,1.6613999905530363,87037.3691280256,266.0111503943432
1781655278,300,,Aggregated,375.800000,0.100000,180,200,210,220,240,270,290,320,690,1000,1000,35570,140,78,508.5063930449642,1.6613999905530363,88036.09029899235,4839.542395276919
1781655279,300,GET,/feed/{user_id},154.500000,0.000000,180,200,220,220,240,260,280,290,410,440,440,14423,54,76,449.5791252928805,1.8583539931569248,84930.5738999974,4837.51646675449
1781655279,300,GET,/feed/{user_id}?with_fof=true,71.500000,0.000000,190,210,220,230,250,280,410,650,1000,1000,1000,7068,31,84,602.1359031145076,1.9929370027966797,84921.7036869959,9691.961375212224
1781655279,300,POST,/likes,7.800000,0.000000,190,220,230,230,250,280,290,420,420,420,420,708,4,94,545.0169304574052,2.6691810053307563,79758.94804100972,179.6949152542373
1781655279,300,POST,/posts,11.200000,0.000000,190,210,230,240,250,260,280,290,290,290,290,1063,6,86,632.7440685020152,3.402567992452532,79746.35615100851,227.28316086547508
1781655279,300,GET,/timeline/{user_id},90.800000,0.100000,180,200,220,220,240,270,310,410,690,690,690,8958,38,83,566.8497078866845,1.9225410069338977,88036.09029899235,3825.704621567314
1781655279,300,GET,/users/{user_id},39.000000,0.000000,180,210,220,230,240,270,290,310,500,500,500,3713,7,65,341.1724830841482,1.6613999905530363,87037.3691280256,266.0193913277673
1781655279,300,,Aggregated,374.800000,0.100000,180,210,220,230,240,270,290,360,740,1000,1000,35933,140,79,504.919386965589,1.6613999905530363,88036.09029899235,4839.604291319956
1781655280,300,GET,/feed/{user_id},155.900000,0.000000,180,210,220,230,240,260,280,290,390,440,440,14577,54,78,446.26317809962865,1.8583539931569248,84930.5738999974,4846.0690814296495
1781655280,300,GET,/feed/{user_id}?with_fof=true,73.900000,0.000000,190,210,220,230,250,280,410,650,1000,1000,1000,7141,31,86,597.5241142029586,1.9929370027966797,84921.7036869959,9692.081081081082
1781655280,300,POST,/likes,7.600000,0.000000,200,220,230,230,260,280,290,420,420,420,420,715,4,95,540.7094648571106,2.6691810053307563,79758.94804100972,179.6965034965035
1781655280,300,POST,/posts,10.700000,0.000000,190,220,230,240,250,260,280,290,290,290,290,1072,6,86,628.4810938159081,3.402567992452532,79746.35615100851,227.28917910447763
1781655280,300,GET,/timeline/{user_id},91.700000,0.100000,180,210,220,220,240,270,300,400,690,690,690,9060,38,84,561.9454690633443,1.9225410069338977,88036.09029899235,3825.821081677704
1781655280,300,GET,/users/{user_id},38.400000,0.000000,180,210,220,230,240,270,290,310,500,500,500,3758,7,67,338.7421235427246,1.6613999905530363,87037.3691280256,266.02288451303883
1781655280,300,,Aggregated,378.200000,0.100000,190,210,220,230,240,270,290,340,740,1000,1000,36323,140,81,500.9678687501774,1.6613999905530363,88036.09029899235,4842.278721471244
1781655281,300,GET,/feed/{user_id},155.100000,0.000000,180,200,220,220,240,260,280,290,390,440,440,14735,54,80,442.9856596712793,1.8583539931569248,84930.5738999974,4850.027485578555
1781655281,300,GET,/feed/{user_id}?with_fof=true,72.800000,0.000000,180,210,220,230,240,280,400,550,1000,1000,1000,7211,31,88,593.0508852396629,1.9929370027966797,84921.7036869959,9695.292053806685
1781655281,300,POST,/likes,7.500000,0.000000,200,220,230,240,270,290,320,420,420,420,420,718,4,95,539.4395027392915,2.6691810053307563,79758.94804100972,179.70055710306406
1781655281,300,POST,/posts,11.300000,0.000000,190,210,230,230,250,260,280,290,290,290,290,1090,6,83,619.586396150087,3.402567992452532,79746.35615100851,227.30275229357798
1781655281,300,GET,/timeline/{user_id},93.100000,0.000000,180,200,220,220,240,250,300,360,690,690,690,9178,38,85,556.3836310258541,1.9225410069338977,88036.09029899235,3826.339725430377
1781655281,300,GET,/users/{user_id},37.900000,0.000000,180,200,210,220,240,270,280,310,500,500,500,3792,7,69,336.9379224142121,1.6613999905530363,87037.3691280256,266.03085443037975
1781655281,300,,Aggregated,377.700000,0.000000,180,200,220,220,240,260,290,330,720,1000,1000,36724,140,82,496.96950034963635,1.6613999905530363,88036.09029899235,4843.743219692844
1781655282,300,GET,/feed/{user_id},154.000000,0.000000,180,200,210,220,240,250,270,290,400,440,440,14891,54,81,439.8482781153327,1.8583539931569248,84930.5738999974,4849.671680881069
1781655282,300,GET,/feed/{user_id}?with_fof=true,71.700000,0.000000,180,210,220,220,240,270,390,540,1000,1000,1000,7277,31,89,588.9549442603135,1.9929370027966797,84921.7036869959,9697.102239934038
1781655282,300,POST,/likes,7.500000,0.000000,190,220,230,240,250,280,320,420,420,420,420,728,4,96,534.0309065780945,2.6691810053307563,79758.94804100972,179.7087912087912
1781655282,300,POST,/posts,11.800000,0.000000,180,210,220,230,240,250,280,290,290,290,290,1102,6,86,614.1119705404416,3.402567992452532,79746.35615100851,227.31215970961887
1781655282,300,GET,/timeline/{user_id},93.800000,0.000000,180,200,220,220,240,250,300,400,690,690,690,9257,38,86,552.8642990850501,1.9225410069338977,88036.09029899235,3827.8514637571566
1781655282,300,GET,/users/{user_id},36.800000,0.000000,180,200,210,220,240,250,280,310,500,500,500,3836,7,70,334.4162765893273,1.6613999905530363,87037.3691280256,266.0377997914494
1781655282,300,,Aggregated,375.600000,0.000000,180,200,220,220,240,250,290,340,690,1000,1000,37091,140,83,493.43014165024573,1.6613999905530363,88036.09029899235,4842.644900380146
1781655283,300,GET,/feed/{user_id},155.900000,0.000000,190,210,220,220,240,250,270,290,440,480,480,15056,54,82,436.80210338636175,1.8583539931569248,84930.5738999974,4854.976554197662
1781655283,300,GET,/feed/{user_id}?with_fof=true,71.000000,0.000000,190,210,220,230,240,270,400,610,1000,1000,1000,7341,31,90,585.305862459361,1.9929370027966797,84921.7036869959,9695.316305680424
1781655283,300,POST,/likes,6.400000,0.000000,200,220,230,240,250,280,320,420,420,420,420,737,4,98,529.439082755614,2.6691810053307563,79758.94804100972,179.71777476255087
1781655283,300,POST,/posts,11.700000,0.000000,190,210,230,230,250,260,290,290,290,290,290,1110,6,87,610.9477334482772,3.402567992452532,79746.35615100851,227.3189189189189
1781655283,300,GET,/timeline/{user_id},94.600000,0.000000,180,200,220,220,240,260,300,390,690,690,690,9358,38,87,548.5654014423357,1.9225410069338977,88036.09029899235,3824.454904894208
1781655283,300,GET,/users/{user_id},36.500000,0.000000,180,200,210,220,240,270,290,310,500,500,500,3861,7,72,333.2323773907113,1.6613999905530363,87037.3691280256,266.04454804454804
1781655283,300,,Aggregated,376.100000,0.000000,190,210,220,220,240,260,290,360,720,1000,1000,37463,140,84,490.1277695011285,1.6613999905530363,88036.09029899235,4844.00787443611
1781655284,300,GET,/feed/{user_id},152.100000,0.000000,190,200,220,220,230,250,270,280,440,480,480,15207,54,83,433.78371977938156,1.8583539931569248,84930.5738999974,4860.445781547971
1781655284,300,GET,/feed/{user_id}?with_fof=true,72.600000,0.000000,180,200,210,220,230,250,390,520,870,870,870,7431,31,91,579.8324844489687,1.9929370027966797,84921.7036869959,9692.532633562105
1781655284,300,POST,/likes,6.400000,0.000000,190,210,220,230,250,280,320,420,420,420,420,741,4,99,527.3933611779494,2.6691810053307563,79758.94804100972,179.71929824561403
1781655284,300,POST,/posts,11.000000,0.000000,190,210,220,230,240,250,260,270,270,270,270,1115,6,87,608.6089800319461,3.402567992452532,79746.35615100851,227.32107623318385
1781655284,300,GET,/timeline/{user_id},96.700000,0.000000,180,200,210,220,230,250,290,390,620,620,620,9454,38,88,544.3729129295878,1.9225410069338977,88036.09029899235,3821.6962132430717
1781655284,300,GET,/users/{user_id},37.600000,0.000000,180,200,210,210,230,240,250,270,300,300,300,3901,7,73,331.18159349689233,1.6613999905530363,87037.3691280256,266.0510125608818
1781655284,300,,Aggregated,376.400000,0.000000,190,200,210,220,230,250,270,350,650,870,870,37849,140,85,486.48901231371076,1.6613999905530363,88036.09029899235,4848.0230653385825
1781655285,300,GET,/feed/{user_id},153.800000,0.000000,190,200,210,220,240,250,270,290,440,480,480,15359,54,85,430.92262502363553,1.8583539931569248,84930.5738999974,4858.184387004362
1781655285,300,GET,/feed/{user_id}?with_fof=true,71.500000,0.000000,180,200,210,220,240,260,340,530,870,870,870,7522,31,93,574.6698947602149,1.9929370027966797,84921.7036869959,9693.839803243818
1781655285,300,POST,/likes,6.400000,0.000000,190,210,220,230,250,280,320,420,420,420,420,745,4,99,524.9600663904223,2.6691810053307563,79758.94804100972,179.7248322147651
1781655285,300,POST,/posts,10.700000,0.000000,180,210,220,230,240,250,260,270,300,300,300,1132,6,88,601.311535278804,3.402567992452532,79746.35615100851,227.3303886925795
1781655285,300,GET,/timeline/{user_id},95.900000,0.000000,180,200,210,220,240,250,310,450,620,620,620,9549,38,90,540.3633548817126,1.9225410069338977,88036.09029899235,3824.6968268928686
1781655285,300,GET,/users/{user_id},36.600000,0.000000,180,200,210,210,230,240,260,270,300,300,300,3927,7,73,329.89171501742516,1.6613999905530363,87037.3691280256,266.06238859180036
1781655285,300,,Aggregated,374.900000,0.000000,180,200,210,220,240,250,280,350,720,870,870,38234,140,87,483.0360907610985,1.6613999905530363,88036.09029899235,4851.49361824554
1781655286,300,GET,/feed/{user_id},153.200000,0.000000,180,200,210,220,230,250,270,280,440,480,480,15533,54,86,427.4322531276186,1.8583539931569248,84930.5738999974,4856.390974055237
1781655286,300,GET,/feed/{user_id}?with_fof=true,71.100000,0.000000,180,200,210,220,240,260,330,530,870,870,870,7586,31,94,570.9582688445024,1.9929370027966797,84921.7036869959,9695.804376482994
1781655286,300,POST,/likes,6.400000,0.000000,190,210,220,230,250,280,320,420,420,420,420,748,4,99,523.5189014757369,2.6691810053307563,79758.94804100972,179.725935828877
1781655286,300,POST,/posts,10.500000,0.000000,170,200,210,220,240,250,260,270,300,300,300,1150,6,91,594.0598017675296,3.402567992452532,79746.35615100851,227.34260869565216
1781655286,300,GET,/timeline/{user_id},97.900000,0.000000,180,200,210,220,240,250,340,470,620,620,620,9649,38,92,536.1814093373041,1.9225410069338977,88036.09029899235,3825.472069644523
1781655286,300,GET,/users/{user_id},36.100000,0.000000,180,200,210,210,230,240,260,270,300,300,300,3962,7,75,328.2041780321732,1.6613999905530363,87037.3691280256,266.0724381625442
1781655286,300,,Aggregated,375.200000,0.000000,180,200,210,220,240,250,280,350,720,870,870,38628,140,89,479.427226304272,1.6613999905530363,88036.09029899235,4850.07587760174
1781655287,300,GET,/feed/{user_id},155.200000,0.000000,180,200,210,210,230,250,270,280,440,480,480,15690,54,87,424.4625903710413,1.8583539931569248,84930.5738999974,4858.31179094965
1781655287,300,GET,/feed/{user_id}?with_fof=true,74.900000,0.000000,180,200,210,210,230,250,290,530,870,870,870,7665,31,95,566.3326129213798,1.9929370027966797,84921.7036869959,9697.221656881931
1781655287,300,POST,/likes,5.700000,0.000000,180,200,210,220,250,280,420,420,420,420,420,754,4,100.0,520.5291767172492,2.6691810053307563,79758.94804100972,179.73209549071618
1781655287,300,POST,/posts,9.800000,0.000000,170,200,210,220,240,250,260,270,300,300,300,1158,6,92,591.1771386353062,3.402567992452532,79746.35615100851,227.34801381692574
1781655287,300,GET,/timeline/{user_id},96.700000,0.000000,170,190,210,210,230,250,310,450,620,620,620,9747,38,93,532.0455757389609,1.9225410069338977,88036.09029899235,3825.380527341746
1781655287,300,GET,/users/{user_id},34.400000,0.000000,170,190,200,210,220,240,260,270,300,300,300,4005,7,77,325.9018422637807,1.6613999905530363,87037.3691280256,266.07665418227214
1781655287,300,,Aggregated,376.700000,0.000000,180,200,210,210,230,250,270,310,720,870,870,39019,140,90,475.8939171107074,1.6613999905530363,88036.09029899235,4851.649811630232
1781655288,300,GET,/feed/{user_id},156.900000,0.000000,180,190,200,210,230,250,270,290,400,480,480,15849,54,89,421.51669356235993,1.8583539931569248,84930.5738999974,4858.0374787052815
1781655288,300,GET,/feed/{user_id}?with_fof=true,72.900000,0.000000,180,190,200,210,230,260,290,340,870,870,870,7731,31,96,562.6313171874701,1.9929370027966797,84921.7036869959,9696.748027422067
1781655288,300,POST,/likes,5.500000,0.000000,180,200,210,220,260,290,320,420,420,420,420,762,4,100.0,516.8390468028701,2.6691810053307563,79758.94804100972,179.74409448818898
1781655288,300,POST,/posts,11.200000,0.000000,170,190,210,210,230,260,280,290,300,300,300,1177,6,94,584.052548604719,3.402567992452532,79746.35615100851,227.36703483432456
1781655288,300,GET,/timeline/{user_id},96.700000,0.000000,170,190,200,210,230,260,310,450,620,620,620,9837,38,94,528.5247218261071,1.9225410069338977,88036.09029899235,3827.057232896208
1781655288,300,GET,/users/{user_id},34.900000,0.000000,170,190,200,210,230,250,270,280,300,300,300,4046,7,79,324.02856554513056,1.6613999905530363,87037.3691280256,266.0912011863569
1781655288,300,,Aggregated,378.100000,0.000000,180,190,200,210,230,250,280,310,620,870,870,39402,140,91,472.60797060090454,1.6613999905530363,88036.09029899235,4849.716714887569
1781655289,300,GET,/feed/{user_id},155.400000,0.000000,180,190,200,210,240,260,290,360,109000,111000,111000,16022,59,90,478.4070276954095,1.8583539931569248,111068.91545598046,4855.301398077643
1781655289,300,GET,/feed/{user_id}?with_fof=true,73.100000,0.000000,180,190,200,210,240,280,530,89000,110000,110000,110000,7804,40,97,688.9961111049826,1.9929370027966797,110082.39108099951,9683.996796514608
1781655289,300,POST,/likes,5.300000,0.000000,180,200,210,220,260,290,320,89000,89000,89000,89000,767,5,100.0,630.1851703178543,2.6691810053307563,89157.85969299031,179.54106910039113
1781655289,300,POST,/posts,12.000000,0.000000,170,190,200,210,230,260,290,300,110000,110000,110000,1186,6,95,673.5751484416195,3.402567992452532,110069.9151600129,227.3760539629005
1781655289,300,GET,/timeline/{user_id},97.700000,0.000000,170,190,200,210,240,270,360,540,111000,111000,111000,9938,41,95,584.6720554332405,1.9225410069338977,111058.71456800378,3827.221070637955
1781655289,300,GET,/users/{user_id},35.500000,0.000000,170,190,200,210,230,250,280,300,89000,89000,89000,4084,8,80,344.1503661776749,1.6613999905530363,89220.64119498827,266.0293829578844
1781655289,300,,Aggregated,379.000000,0.000000,170,190,200,210,240,260,310,540,110000,111000,111000,39801,159,93,541.1963564445606,1.6613999905530363,111068.91545598046,4846.469008316374
1781655290,300,GET,/feed/{user_id},157.000000,0.000000,180,190,210,220,240,270,340,380,109000,111000,111000,16180,60,92,480.4985908454847,1.8583539931569248,111068.91545598046,4856.293201483313
1781655290,300,GET,/feed/{user_id}?with_fof=true,72.200000,0.000000,180,190,200,210,240,280,610,89000,110000,110000,110000,7885,40,98,683.5058206530692,1.9929370027966797,110082.39108099951,9685.096512365251
1781655290,300,POST,/likes,5.400000,0.000000,180,200,210,220,260,280,350,89000,89000,89000,89000,778,5,100.0,623.0122875035435,2.6691810053307563,89157.85969299031,179.5578406169666
1781655290,300,POST,/posts,12.100000,0.000000,180,190,200,210,240,270,300,310,110000,110000,110000,1197,6,97,668.9989766514338,3.402567992452532,110069.9151600129,227.3842940685046
1781655290,300,GET,/timeline/{user_id},98.000000,0.000000,170,190,210,220,250,280,420,540,111000,111000,111000,10037,41,97,580.5219258631654,1.9225410069338977,111058.71456800378,3832.655773637541
1781655290,300,GET,/users/{user_id},36.800000,0.000000,170,190,200,210,240,260,300,300,89000,89000,89000,4120,8,82,342.53869576618985,1.6613999905530363,89220.64119498827,266.0364077669903
1781655290,300,,Aggregated,381.500000,0.000000,170,190,210,220,250,280,340,580,110000,111000,111000,40197,160,94,539.5269280519519,1.6613999905530363,111068.91545598046,4849.071348608105
1781655291,300,GET,/feed/{user_id},157.800000,0.000000,180,190,210,220,250,270,340,380,109000,111000,111000,16340,60,93,477.16395246615144,1.8583539931569248,111068.91545598046,4855.7040391676865
1781655291,300,GET,/feed/{user_id}?with_fof=true,72.200000,0.000000,180,190,200,220,250,280,610,89000,110000,110000,110000,7973,40,100.0,677.5088963063413,1.9929370027966797,110082.39108099951,9683.958108616582
1781655291,300,POST,/likes,5.800000,0.000000,170,190,210,210,260,280,350,89000,89000,89000,89000,789,5,100.0,615.8013501860327,2.6691810053307563,89157.85969299031,179.55386565272497
1781655291,300,POST,/posts,12.600000,0.000000,180,190,210,220,240,280,300,310,110000,110000,110000,1210,6,99,663.3910978989616,3.402567992452532,110069.9151600129,227.39752066115702
1781655291,300,GET,/timeline/{user_id},98.600000,0.000000,170,190,210,220,250,280,460,540,111000,111000,111000,10123,41,98,576.8674957693038,1.9225410069338977,111058.71456800378,3831.620369455695
1781655291,300,GET,/users/{user_id},36.800000,0.000000,170,190,200,210,240,260,300,300,89000,89000,89000,4150,8,83,341.0774178668949,1.6613999905530363,89220.64119498827,266.0513253012048
1781655291,300,,Aggregated,383.800000,0.000000,180,190,210,220,250,280,340,580,110000,111000,111000,40585,160,95,535.7227756836827,1.6613999905530363,111068.91545598046,4850.580928914624
1781655292,300,GET,/feed/{user_id},159.800000,0.600000,170,190,200,220,240,270,350,30000,109000,111000,111000,16480,63,94,496.1755150685671,1.8583539931569248,111068.91545598046,4858.973786407767
1781655292,300,GET,/feed/{user_id}?with_fof=true,73.300000,0.900000,180,190,200,220,250,290,30000,89000,110000,110000,110000,8058,44,100.0,697.8655705490876,1.9929370027966797,110082.39108099951,9680.532514271532
1781655292,300,POST,/likes,5.700000,0.100000,170,190,200,210,260,290,31000,89000,89000,89000,89000,800,5,100.0,646.8285007659506,2.6691810053307563,89157.85969299031,179.56375
1781655292,300,POST,/posts,12.000000,0.000000,180,190,210,220,240,300,30000,30000,110000,110000,110000,1225,7,100.0,705.724461297766,3.402567992452532,110069.9151600129,227.24
1781655292,300,GET,/timeline/{user_id},97.100000,0.300000,170,190,200,220,250,290,520,30000,111000,111000,111000,10238,44,99,589.5042359613072,1.9225410069338977,111058.71456800378,3830.4702090252003
1781655292,300,GET,/users/{user_id},36.600000,0.100000,170,190,200,210,240,270,300,30000,89000,89000,89000,4199,9,85,359.91438477816257,1.6613999905530363,89220.64119498827,266.0026196713503
1781655292,300,,Aggregated,384.500000,2.000000,170,190,200,220,250,280,500,30000,110000,111000,111000,41000,172,96,554.3652046578652,1.6613999905530363,111068.91545598046,4849.681414634147
1781655293,300,GET,/feed/{user_id},159.000000,0.600000,170,190,210,220,250,290,460,31000,109000,111000,111000,16646,63,95,505.58879793386393,1.8583539931569248,111068.91545598046,4853.215186831671
1781655293,300,GET,/feed/{user_id}?with_fof=true,75.400000,0.900000,180,190,210,220,260,290,30000,89000,110000,110000,110000,8144,46,100.0,707.1047496326715,1.9929370027966797,110082.39108099951,9677.7759086444
1781655293,300,POST,/likes,6.700000,0.100000,170,190,200,220,260,400,31000,89000,89000,89000,89000,807,5,110.0,643.2813858521624,2.6691810053307563,89157.85969299031,179.57125154894672
1781655293,300,POST,/posts,12.600000,0.000000,180,190,210,220,240,300,30000,30000,110000,110000,110000,1233,7,100.0,701.9086605910305,3.402567992452532,110069.9151600129,227.24817518248176
1781655293,300,GET,/timeline/{user_id},94.900000,0.300000,170,190,200,220,260,300,520,30000,111000,111000,111000,10324,44,100.0,591.704681929162,1.9225410069338977,111058.71456800378,3827.6324099186363
1781655293,300,GET,/users/{user_id},36.000000,0.100000,170,190,200,220,250,280,310,30000,89000,89000,89000,4236,9,87,365.3466009236478,1.6613999905530363,89220.64119498827,266.0070821529745
1781655293,300,,Aggregated,384.600000,2.000000,170,190,210,220,250,290,30000,31000,110000,111000,111000,41390,174,97,560.8997585420711,1.6613999905530363,111068.91545598046,4848.29236530563
1781655294,300,GET,/feed/{user_id},160.300000,0.700000,170,190,210,230,260,320,30000,64000,109000,111000,111000,16796,68,96,523.0387383168719,1.8583539931569248,111068.91545598046,4852.103655632293
1781655294,300,GET,/feed/{user_id}?with_fof=true,76.400000,1.200000,180,190,210,230,260,320,31000,89000,110000,110000,110000,8211,46,100.0,714.1769032972215,1.9929370027966797,110082.39108099951,9677.05419559128
1781655294,300,POST,/likes,7.300000,0.100000,170,190,210,220,280,400,31000,89000,89000,89000,89000,814,5,100.0,638.8088213091777,2.6691810053307563,89157.85969299031,179.57739557739558
1781655294,300,POST,/posts,12.200000,0.000000,170,190,210,220,260,340,30000,30000,110000,110000,110000,1248,7,100.0,695.2621454332844,3.402567992452532,110069.9151600129,227.26842948717947
1781655294,300,GET,/timeline/{user_id},96.400000,0.600000,170,190,210,230,270,340,550,31000,111000,111000,111000,10431,46,100.0,601.7393310036,1.9225410069338977,111058.71456800378,3827.3782954654394
1781655294,300,GET,/users/{user_id},35.100000,0.200000,170,190,210,230,260,300,360,30000,89000,89000,89000,4272,9,87,363.7622521396139,1.6613999905530363,89220.64119498827,266.00959737827714
1781655294,300,,Aggregated,387.700000,2.800000,170,190,210,230,260,330,30000,65000,110000,111000,111000,41772,181,98,571.3750369297402,1.6613999905530363,111068.91545598046,4846.399693574644
1781655295,300,GET,/feed/{user_id},157.300000,0.900000,170,200,220,240,280,350,30000,65000,109000,111000,111000,16891,68,95,520.9959848798244,1.8583539931569248,111068.91545598046,4853.824285122255
1781655295,300,GET,/feed/{user_id}?with_fof=true,79.000000,1.500000,180,190,220,230,280,380,31000,89000,110000,110000,110000,8256,46,100.0,711.3084271203277,1.9929370027966797,110082.39108099951,9678.648740310078
1781655295,300,POST,/likes,7.200000,0.100000,170,190,210,220,280,400,31000,89000,89000,89000,89000,819,5,100.0,634.9566622865138,2.6691810053307563,89157.85969299031,179.5811965811966
1781655295,300,POST,/posts,12.700000,0.100000,180,200,220,220,300,360,30000,30000,110000,110000,110000,1258,7,100.0,691.1685898725733,3.402567992452532,110069.9151600129,227.28775834658188
1781655295,300,GET,/timeline/{user_id},98.000000,0.600000,170,200,220,240,280,340,730,31000,111000,111000,111000,10470,46,100.0,600.0337754529637,1.9225410069338977,111058.71456800378,3833.4941738299904
1781655295,300,GET,/users/{user_id},36.900000,0.200000,170,190,210,230,260,310,370,30000,89000,89000,89000,4297,9,87,362.25878436710656,1.6613999905530363,89220.64119498827,266.0174540377007
1781655295,300,,Aggregated,391.100000,3.400000,170,190,220,240,280,350,30000,65000,110000,111000,111000,41991,181,98,569.1982751732736,1.6613999905530363,111068.91545598046,4848.792265009169
1781655296,300,GET,/feed/{user_id},157.200000,0.900000,180,200,230,240,290,350,30000,65000,109000,111000,111000,16911,68,95,520.3969114109782,1.8583539931569248,111068.91545598046,4855.002897522323
1781655296,300,GET,/feed/{user_id}?with_fof=true,80.600000,1.500000,180,200,230,240,280,430,31000,89000,110000,110000,110000,8268,46,100.0,710.5789827236861,1.9929370027966797,110082.39108099951,9677.95053217223
1781655296,300,POST,/likes,7.100000,0.100000,170,190,210,230,290,400,31000,89000,89000,89000,89000,820,5,100.0,634.1948327691103,2.6691810053307563,89157.85969299031,179.58170731707318
1781655296,300,POST,/posts,12.100000,0.100000,180,210,220,240,310,360,30000,30000,110000,110000,110000,1258,7,100.0,691.1685898725733,3.402567992452532,110069.9151600129,227.28775834658188
1781655296,300,GET,/timeline/{user_id},96.000000,0.600000,170,200,230,250,290,380,30000,65000,111000,111000,111000,10472,46,100.0,599.9209578688427,1.9225410069338977,111058.71456800378,3833.6294881589
1781655296,300,GET,/users/{user_id},37.000000,0.200000,170,190,220,240,280,330,440,30000,89000,89000,89000,4301,9,87,361.92947410334125,1.6613999905530363,89220.64119498827,266.0165077888863
1781655296,300,,Aggregated,390.000000,3.400000,180,200,230,240,290,350,30000,84000,110000,111000,111000,42030,181,97,568.738043918199,1.6613999905530363,111068.91545598046,4849.948584344515
1781655297,300,GET,/feed/{user_id},156.600000,1.400000,180,210,240,250,300,370,31000,84000,109000,111000,111000,16914,68,95,520.3062002000768,1.8583539931569248,111068.91545598046,4854.590812344803
1781655297,300,GET,/feed/{user_id}?with_fof=true,76.800000,1.500000,180,210,230,250,290,920,85000,89000,110000,110000,110000,8270,46,100.0,710.4090715475778,1.9929370027966797,110082.39108099951,9677.81100362757
1781655297,300,POST,/likes,7.500000,0.100000,150,200,220,250,330,450,31000,89000,89000,89000,89000,822,5,100.0,635.8625342246737,2.6691810053307563,89157.85969299031,179.5912408759124
1781655297,300,POST,/posts,13.500000,0.100000,180,210,220,240,340,370,30000,110000,110000,110000,110000,1258,7,100.0,691.1685898725733,3.402567992452532,110069.9151600129,227.28775834658188
1781655297,300,GET,/timeline/{user_id},96.600000,0.800000,180,210,240,260,310,400,30000,83000,111000,111000,111000,10478,46,100.0,600.4186096706878,1.9225410069338977,111058.71456800378,3833.2195075396066
1781655297,300,GET,/users/{user_id},37.300000,0.200000,180,210,230,250,280,340,440,30000,89000,89000,89000,4302,9,86,361.86116122558434,1.6613999905530363,89220.64119498827,266.0160390516039
1781655297,300,,Aggregated,388.300000,4.100000,180,210,240,250,300,390,30000,85000,110000,111000,111000,42044,181,97,568.8237106078616,1.6613999905530363,111068.91545598046,4849.407121111217
1781655298,300,GET,/feed/{user_id},146.600000,1.400000,180,220,240,250,320,410,31000,85000,109000,111000,111000,16945,68,95,519.6897053346198,1.8583539931569248,111068.91545598046,4854.334375922101
1781655298,300,GET,/feed/{user_id}?with_fof=true,71.100000,1.500000,180,210,240,250,310,1400,89000,89000,110000,110000,110000,8282,46,100.0,710.0851954766343,1.9929370027966797,110082.39108099951,9676.925501086695
1781655298,300,POST,/likes,7.400000,0.100000,150,190,220,230,350,2600,31000,89000,89000,89000,89000,822,5,100.0,635.8625342246737,2.6691810053307563,89157.85969299031,179.5912408759124
1781655298,300,POST,/posts,12.000000,0.100000,170,220,240,250,350,440,30000,110000,110000,110000,110000,1260,7,100.0,690.0880691560959,3.402567992452532,110069.9151600129,227.2888888888889
1781655298,300,GET,/timeline/{user_id},88.400000,0.800000,180,220,250,260,350,2500,30000,83000,111000,111000,111000,10516,46,100.0,602.795298086859,1.9225410069338977,111058.71456800378,3829.0794028147584
1781655298,300,GET,/users/{user_id},35.800000,0.200000,170,210,230,250,290,350,30000,30000,89000,89000,89000,4310,9,85,361.1951834416374,1.6613999905530363,89220.64119498827,266.01415313225056
1781655298,300,,Aggregated,361.300000,4.100000,180,220,240,250,330,500,31000,89000,110000,111000,111000,42135,181,97,569.0044905996651,1.6613999905530363,111068.91545598046,4847.469348522606
1781655299,300,GET,/feed/{user_id},131.700000,1.400000,160,210,230,250,290,380,30000,31000,88000,88000,88000,16990,68,94,518.3238880502688,1.8583539931569248,111068.91545598046,4855.404532077693
1781655299,300,GET,/feed/{user_id}?with_fof=true,65.200000,1.500000,170,200,230,240,280,490,30000,30000,94000,94000,94000,8302,46,100.0,708.4474208870731,1.9929370027966797,110082.39108099951,9678.173331727294
1781655299,300,POST,/likes,7.000000,0.100000,22,190,210,220,280,450,2600,31000,31000,31000,31000,824,5,100.0,634.3562411537066,2.6691810053307563,89157.85969299031,179.59344660194174
1781655299,300,POST,/posts,10.500000,0.100000,160,200,220,240,340,370,30000,30000,30000,30000,30000,1266,7,100.0,686.8587928307293,3.402567992452532,110069.9151600129,227.29304897314375
1781655299,300,GET,/timeline/{user_id},78.000000,0.800000,170,210,240,260,340,2100,3300,30000,83000,83000,83000,10554,46,100.0,600.6348069161909,1.9225410069338977,111058.71456800378,3827.937653970059
1781655299,300,GET,/users/{user_id},32.100000,0.200000,160,200,230,240,270,350,30000,30000,92000,92000,92000,4324,10,84,381.35106454196944,1.6057580069173127,92161.03260600357,265.95837187789084
1781655299,300,,Aggregated,324.500000,4.100000,160,210,230,250,300,430,30000,31000,88000,94000,94000,42260,182,96,569.5264523399413,1.6057580069173127,111068.91545598046,4846.836583057265
1781655300,300,GET,/feed/{user_id},116.100000,1.400000,150,200,230,250,310,400,30000,31000,88000,88000,88000,17027,68,93,517.2160150700164,1.8583539931569248,111068.91545598046,4852.020379397428
1781655300,300,GET,/feed/{user_id}?with_fof=true,58.400000,1.500000,170,210,230,240,310,930,30000,31000,94000,94000,94000,8317,46,100.0,707.367299129796,1.9929370027966797,110082.39108099951,9676.247204520861
1781655300,300,POST,/likes,6.400000,0.100000,22,190,210,220,330,450,31000,31000,31000,31000,31000,826,5,100.0,632.8354593119813,2.6691810053307563,89157.85969299031,179.5956416464891
1781655300,300,POST,/posts,9.400000,0.100000,150,200,220,240,350,370,30000,30000,30000,30000,30000,1267,7,100.0,686.3326448095439,3.402567992452532,110069.9151600129,227.29518547750592
1781655300,300,GET,/timeline/{user_id},70.000000,0.800000,160,210,240,260,360,2500,3300,30000,83000,83000,83000,10568,46,100.0,599.8512614446882,1.9225410069338977,111058.71456800378,3828.545798637396
1781655300,300,GET,/users/{user_id},27.700000,0.200000,150,190,220,230,280,360,30000,31000,92000,92000,92000,4328,10,84,381.0067987838439,1.6057580069173127,92161.03260600357,265.96025878003695
1781655300,300,,Aggregated,288.000000,4.100000,160,200,230,250,330,490,30000,31000,92000,94000,94000,42333,182,96,568.5952335508721,1.6057580069173127,111068.91545598046,4845.869085583351
1781655301,300,GET,/feed/{user_id},104.500000,1.400000,32,210,240,250,320,390,31000,31000,88000,88000,88000,17068,68,93,515.9846154570587,1.8583539931569248,111068.91545598046,4854.430981954535
1781655301,300,GET,/feed/{user_id}?with_fof=true,53.900000,1.500000,150,220,240,260,380,1400,3500,31000,94000,94000,94000,8349,46,100.0,706.4528642288318,1.9929370027966797,110082.39108099951,9674.162534435261
1781655301,300,POST,/likes,5.700000,0.100000,22,210,230,250,400,2600,31000,31000,31000,31000,31000,826,5,100.0,632.8354593119813,2.6691810053307563,89157.85969299031,179.5956416464891
1781655301,300,POST,/posts,7.800000,0.100000,38,200,220,250,350,370,440,30000,30000,30000,30000,1271,7,98,684.1941147102564,3.402567992452532,110069.9151600129,227.2966168371361
1781655301,300,GET,/timeline/{user_id},64.100000,0.800000,130,220,250,270,360,2300,2800,3300,83000,83000,83000,10591,46,99,598.639430739066,1.9225410069338977,111058.71456800378,3830.0003776791614
1781655301,300,GET,/users/{user_id},25.200000,0.300000,20,190,220,240,280,350,440,31000,92000,92000,92000,4340,10,83,379.9623867812162,1.6057580069173127,92161.03260600357,265.96382488479264
1781655301,300,,Aggregated,261.200000,4.200000,51,210,240,260,340,500,3300,31000,92000,94000,94000,42445,182,95,567.4769739390747,1.6057580069173127,111068.91545598046,4848.158039816233
1781655302,300,GET,/feed/{user_id},91.000000,0.800000,6,150,220,250,310,370,470,1400,88000,88000,88000,17125,68,92,514.2773906734693,1.8583539931569248,111068.91545598046,4857.723328467153
1781655302,300,GET,/feed/{user_id}?with_fof=true,47.200000,0.600000,12,180,240,260,410,1300,1500,2300,94000,94000,94000,8376,46,100.0,704.2360802440926,1.9929370027966797,110082.39108099951,9673.664159503343
1781655302,300,POST,/likes,5.500000,0.000000,10,27,210,230,330,400,2600,2600,2600,2600,2600,829,5,100.0,630.5583566341569,2.6691810053307563,89157.85969299031,179.60072376357056
1781655302,300,POST,/posts,7.700000,0.100000,11,39,200,250,340,360,440,440,440,440,440,1275,7,95,682.0622464233334,3.402567992452532,110069.9151600129,227.30039215686276
1781655302,300,GET,/timeline/{user_id},58.700000,0.500000,9,200,260,270,380,2500,2800,3300,83000,83000,83000,10622,46,98,596.9219050456145,1.9225410069338977,111058.71456800378,3832.32460930145
1781655302,300,GET,/users/{user_id},22.700000,0.200000,5,120,210,240,280,350,440,440,92000,92000,92000,4356,10,81,378.5783609209153,1.6057580069173127,92161.03260600357,265.96349862258955
1781655302,300,,Aggregated,232.800000,2.200000,8,170,230,260,340,440,2300,2800,92000,94000,94000,42583,182,94,565.6631937818669,1.6057580069173127,111068.91545598046,4849.806472066318
1781655303,300,GET,/feed/{user_id},79.200000,0.800000,4,8,46,180,320,370,510,64000,88000,88000,88000,17175,68,90,512.7901811691511,1.8583539931569248,111068.91545598046,4856.3541775836975
1781655303,300,GET,/feed/{user_id}?with_fof=true,40.400000,0.600000,5,23,190,270,440,1400,1500,2300,94000,94000,94000,8403,46,99,701.9831314070489,1.9929370027966797,110082.39108099951,9674.313697488991
1781655303,300,POST,/likes,4.300000,0.000000,9,13,22,27,280,330,2600,2600,2600,2600,2600,832,5,99,628.3086122015658,2.6691810053307563,89157.85969299031,179.60576923076923
1781655303,300,POST,/posts,6.500000,0.100000,11,30,200,250,340,360,440,440,440,440,440,1279,7,95,679.9655648715824,3.402567992452532,110069.9151600129,227.30179827990617
1781655303,300,GET,/timeline/{user_id},51.300000,0.500000,4,37,260,290,420,2700,2900,3300,83000,83000,83000,10649,46,97,595.4159747730853,1.9225410069338977,111058.71456800378,3829.941402948634
1781655303,300,GET,/users/{user_id},20.300000,0.200000,4,5,17,120,290,350,440,440,92000,92000,92000,4375,10,79,376.94607826297704,1.6057580069173127,92161.03260600357,265.9684571428571
1781655303,300,,Aggregated,202.000000,2.200000,4,11,130,250,350,490,2600,3300,92000,94000,94000,42713,182,93,563.9521491202964,1.6057580069173127,111068.91545598046,4848.405637627889
1781655304,300,GET,/feed/{user_id},69.500000,0.700000,3,4,5,7,29,370,470,1300,1400,1400,1400,17225,68,89,511.3109150112156,1.8583539931569248,111068.91545598046,4857.111233671988
1781655304,300,GET,/feed/{user_id}?with_fof=true,35.000000,0.300000,3,6,9,19,490,1400,1500,2300,3500,3500,3500,8431,46,98,699.8397040336196,1.9929370027966797,110082.39108099951,9675.667180642866
1781655304,300,POST,/likes,3.100000,0.000000,4,9,13,13,27,2600,2600,2600,2600,2600,2600,836,5,98,625.3231703573208,2.6691810053307563,89157.85969299031,179.60885167464116
1781655304,300,POST,/posts,5.500000,0.100000,5,11,20,22,200,300,440,440,440,440,440,1281,7,95,678.9116128796072,3.402567992452532,110069.9151600129,227.30288836846213
1781655304,300,GET,/timeline/{user_id},41.800000,0.200000,3,4,5,8,1400,2700,2800,2900,3300,3300,3300,10673,46,96,594.1153698975484,1.9209080201108009,111058.71456800378,3828.4888035229083
1781655304,300,GET,/users/{user_id},18.000000,0.100000,3,4,5,6,23,220,440,440,92000,92000,92000,4391,10,78,375.5889381854829,1.6057580069173127,92161.03260600357,265.96948303347756
1781655304,300,,Aggregated,172.900000,1.400000,3,4,6,8,200,490,2500,2800,92000,92000,92000,42837,182,92,562.372233648066,1.6057580069173127,111068.91545598046,4848.844503583351
1781655305,300,GET,/feed/{user_id},60.200000,0.500000,3,3,4,4,7,11,37,1300,1400,1400,1400,17287,68,87,509.48811005947846,1.8583539931569248,111068.91545598046,4856.340024295713
1781655305,300,GET,/feed/{user_id}?with_fof=true,29.500000,0.000000,3,4,6,8,430,1400,1500,2300,3500,3500,3500,8451,46,97,698.2415899980451,1.9929370027966797,110082.39108099951,9675.25606437108
1781655305,300,POST,/likes,2.800000,0.000000,4,9,13,13,27,2600,2600,2600,2600,2600,2600,837,5,98,624.5805891251217,2.6691810053307563,89157.85969299031,179.60931899641577
1781655305,300,POST,/posts,4.400000,0.000000,5,8,16,20,30,300,440,440,440,440,440,1286,7,94,676.2929796398058,3.402567992452532,110069.9151600129,227.30559875583205
1781655305,300,GET,/timeline/{user_id},35.300000,0.200000,3,4,5,8,400,2700,2800,2900,3300,3300,3300,10698,46,96,592.7648031809141,1.9209080201108009,111058.71456800378,3828.3408113666105
1781655305,300,GET,/users/{user_id},15.100000,0.100000,3,3,4,4,6,13,23,68,92000,92000,92000,4402,10,77,374.6586539171879,1.6057580069173127,92161.03260600357,265.97637437528397
1781655305,300,,Aggregated,147.300000,0.800000,3,3,4,5,12,430,2500,2800,92000,92000,92000,42961,182,91,560.7758809049875,1.6057580069173127,111068.91545598046,4848.262493889807
1781655306,300,GET,/feed/{user_id},49.200000,0.500000,3,3,3,4,6,10,29,55,1400,1400,1400,17331,68,87,508.20454525025934,1.8583539931569248,111068.91545598046,4857.459696497605
1781655306,300,GET,/feed/{user_id}?with_fof=true,23.600000,0.000000,3,4,6,9,440,1400,1400,1500,3500,3500,3500,8477,46,97,696.5018992029543,1.9929370027966797,110082.39108099951,9673.457355196413
1781655306,300,POST,/likes,2.400000,0.000000,4,4,9,13,27,2600,2600,2600,2600,2600,2600,838,5,97,623.8396810163838,2.6691810053307563,89157.85969299031,179.60978520286397
1781655306,300,POST,/posts,4.300000,0.000000,5,8,9,15,20,22,27,27,27,27,27,1288,7,94,675.261606511469,3.402567992452532,110069.9151600129,227.30745341614906
1781655306,300,GET,/timeline/{user_id},29.600000,0.200000,3,3,4,5,230,2700,2800,2900,3300,3300,3300,10718,46,95,591.668176129822,1.9209080201108009,111058.71456800378,3829.0131554394475
1781655306,300,GET,/users/{user_id},13.300000,0.100000,3,3,4,4,7,15,23,40,92000,92000,92000,4420,10,74,373.16196116639094,1.6057580069173127,92161.03260600357,265.98348416289593
1781655306,300,,Aggregated,122.400000,0.800000,3,3,4,5,14,430,2100,2800,3500,92000,92000,43072,182,91,559.419798367133,1.6057580069173127,111068.91545598046,4848.737625371471
1781655307,300,GET,/feed/{user_id},40.800000,0.000000,3,3,3,3,5,8,17,29,55,55,55,17390,68,86,506.48970313785344,1.8583539931569248,111068.91545598046,4854.800977573318
1781655307,300,GET,/feed/{user_id}?with_fof=true,19.600000,0.000000,3,3,4,6,390,660,1400,1500,1700,1700,1700,8501,46,96,694.5437115138719,1.9929370027966797,110082.39108099951,9673.762498529584
1781655307,300,POST,/likes,2.000000,0.000000,4,4,5,9,22,27,2600,2600,2600,2600,2600,842,5,96,620.8923181529005,2.6691810053307563,89157.85969299031,179.6128266033254
1781655307,300,POST,/posts,3.000000,0.000000,5,5,8,11,16,22,27,27,27,27,27,1292,7,92,673.1826630810912,3.402567992452532,110069.9151600129,227.30959752321982
1781655307,300,GET,/timeline/{user_id},22.500000,0.000000,3,3,3,4,12,880,2500,2800,2800,2800,2800,10750,46,94,589.9355396352984,1.9209080201108009,111058.71456800378,3830.6813023255813
1781655307,300,GET,/users/{user_id},10.900000,0.100000,3,3,4,4,7,14,23,40,92000,92000,92000,4429,10,73,372.4093049657707,1.6057580069173127,92161.03260600357,265.9837435086927
1781655307,300,,Aggregated,98.800000,0.100000,3,3,4,4,8,30,1400,2000,2800,92000,92000,43204,182,90,557.7243594228576,1.6057580069173127,111068.91545598046,4848.264697713174
1781655308,300,GET,/feed/{user_id},39.900000,0.000000,3,3,3,3,5,7,16,24,55,55,55,17450,68,84,504.75769574185006,1.8583539931569248,111068.91545598046,4855.228137535817
1781655308,300,GET,/feed/{user_id}?with_fof=true,19.500000,0.000000,3,3,4,6,390,660,1400,1500,1700,1700,1700,8520,46,96,693.0942599910071,1.9929370027966797,110082.39108099951,9674.31854460094
1781655308,300,POST,/likes,1.800000,0.000000,4,4,4,4,9,13,27,27,27,27,27,843,5,96,620.1606517138257,2.6691810053307563,89157.85969299031,179.61328588374852
1781655308,300,POST,/posts,2.900000,0.000000,5,5,8,8,15,20,22,22,22,22,22,1296,7,92,671.1203879419406,3.402567992452532,110069.9151600129,227.3125
1781655308,300,GET,/timeline/{user_id},23.200000,0.000000,3,3,3,3,6,13,98,230,880,880,880,10784,46,93,588.0852867888082,1.9209080201108009,111058.71456800378,3829.1279673590507
1781655308,300,GET,/users/{user_id},10.900000,0.100000,3,3,4,4,7,13,16,23,40,40,40,4441,10,72,371.4100108841269,1.6057580069173127,92161.03260600357,265.9876154019365
1781655308,300,,Aggregated,98.200000,0.100000,3,3,4,4,7,19,410,880,1500,1700,1700,43334,182,88,556.0782740816252,1.6057580069173127,111068.91545598046,4847.683181797203
1781655309,300,GET,/feed/{user_id},43.600000,0.000000,3,3,3,3,4,7,14,23,55,55,55,17498,68,83,503.3824573992572,1.8583539931569248,111068.91545598046,4855.350097153961
1781655309,300,GET,/feed/{user_id}?with_fof=true,21.300000,0.000000,3,3,4,4,380,660,1400,1500,1700,1700,1700,8553,46,94,690.4308598026868,1.9929370027966797,110082.39108099951,9672.211855489302
1781655309,300,POST,/likes,2.000000,0.000000,4,4,4,4,5,9,13,13,13,13,13,849,5,94,615.8026526121942,2.6691810053307563,89157.85969299031,179.62308598351
1781655309,300,POST,/posts,3.100000,0.000000,5,5,7,8,15,20,22,22,22,22,22,1300,7,91,669.0696421144262,3.402567992452532,110069.9151600129,227.31307692307692
1781655309,300,GET,/timeline/{user_id},25.600000,0.000000,3,3,3,3,6,12,220,230,880,880,880,10810,46,93,586.6969414542567,1.9209080201108009,111058.71456800378,3830.9222941720627
1781655309,300,GET,/users/{user_id},12.200000,0.100000,3,3,4,4,6,11,16,23,40,40,40,4458,10,70,370.00632222350185,1.6057580069173127,92161.03260600357,265.99484073575593
1781655309,300,,Aggregated,107.800000,0.100000,3,3,3,4,6,16,390,880,1500,1700,1700,43468,182,87,554.3786346708855,1.6057580069173127,111068.91545598046,4847.966918192694
1781655310,300,GET,/feed/{user_id},48.800000,0.000000,3,3,3,3,4,5,11,14,23,23,23,17552,68,82,501.8429173829244,1.8583539931569248,111068.91545598046,4857.061246581586
1781655310,300,GET,/feed/{user_id}?with_fof=true,23.000000,0.000000,3,3,3,4,29,440,1400,1500,1700,1700,1700,8580,46,93,688.3096131423588,1.9929370027966797,110082.39108099951,9673.009557109557
1781655310,300,POST,/likes,2.000000,0.000000,4,4,4,4,5,9,13,13,13,13,13,851,5,93,614.3631197917209,2.6691810053307563,89157.85969299031,179.62514688601644
1781655310,300,POST,/posts,3.400000,0.000000,5,5,5,5,11,16,22,22,22,22,22,1307,7,90,665.5085699967179,3.1088379910215735,110069.9151600129,227.31905126243305
1781655310,300,GET,/timeline/{user_id},27.600000,0.000000,3,3,3,3,4,11,210,220,310,310,310,10838,46,91,585.2083931728704,1.9209080201108009,111058.71456800378,3831.0955895921757
1781655310,300,GET,/users/{user_id},13.200000,0.100000,3,3,4,4,6,13,21,23,40,40,40,4467,10,69,369.27252509991774,1.6057580069173127,92161.03260600357,265.999104544437
1781655310,300,,Aggregated,118.000000,0.100000,3,3,3,4,5,13,310,440,1500,1700,1700,43595,182,86,552.7862144150471,1.6057580069173127,111068.91545598046,4849.298314026838
1781655311,300,GET,/feed/{user_id},50.400000,0.000000,3,3,3,3,4,5,11,14,23,23,23,17612,68,81,500.1438370162441,1.8583539931569248,111068.91545598046,4854.994605950488
1781655311,300,GET,/feed/{user_id}?with_fof=true,23.600000,0.000000,3,3,3,4,7,370,430,520,660,660,660,8617,46,92,685.4658120367094,1.9929370027966797,110082.39108099951,9671.073923639318
1781655311,300,POST,/likes,2.400000,0.000000,4,4,4,4,4,5,13,13,13,13,13,852,5,92,613.645765450406,2.6691810053307563,89157.85969299031,179.6267605633803
1781655311,300,POST,/posts,3.600000,0.000000,5,5,5,7,15,22,24,24,24,24,24,1310,7,89,664.0112004845354,3.1088379910215735,110069.9151600129,227.32137404580152
1781655311,300,GET,/timeline/{user_id},26.000000,0.000000,3,3,3,3,4,13,220,220,310,310,310,10866,46,90,583.7467618989116,1.9145080004818738,111058.71456800378,3832.6743051720964
1781655311,300,GET,/users/{user_id},13.000000,0.000000,3,3,4,4,6,13,21,23,40,40,40,4470,10,69,369.0268307434714,1.6057580069173127,92161.03260600357,266.0017897091723
1781655311,300,,Aggregated,119.000000,0.000000,3,3,3,4,5,11,210,370,640,660,660,43727,182,85,551.1563855939322,1.6057580069173127,111068.91545598046,4851.179111304228
1781655312,300,GET,/feed/{user_id},50.900000,0.000000,3,3,3,3,4,5,12,15,23,23,23,17665,68,80,498.65291166963937,1.8583539931569248,111068.91545598046,4857.338579111237
1781655312,300,GET,/feed/{user_id}?with_fof=true,25.800000,0.000000,3,3,3,3,10,380,440,520,660,660,660,8639,46,92,683.7919701970536,1.9929370027966797,110082.39108099951,9671.110660956128
1781655312,300,POST,/likes,2.500000,0.000000,4,4,4,4,4,5,13,13,13,13,13,856,5,90,610.7935428279523,2.6691810053307563,89157.85969299031,179.6285046728972
1781655312,300,POST,/posts,3.500000,0.000000,5,5,5,7,9,16,24,24,24,24,24,1317,7,87,660.5063954599561,3.1088379910215735,110069.9151600129,227.32422171602127
1781655312,300,GET,/timeline/{user_id},25.900000,0.000000,3,3,3,3,4,13,220,220,310,310,310,10907,46,89,581.5820899445673,1.9145080004818738,111058.71456800378,3830.467772989823
1781655312,300,GET,/users/{user_id},13.600000,0.000000,3,3,4,4,6,13,21,23,40,40,40,4477,10,68,368.45514205076677,1.6057580069173127,92161.03260600357,266.0040205494751
1781655312,300,,Aggregated,122.200000,0.000000,3,3,3,3,5,12,210,380,640,660,660,43861,182,84,549.4995152104325,1.6057580069173127,111068.91545598046,4851.156403182782
1781655313,300,GET,/feed/{user_id},53.100000,0.000000,3,3,3,3,4,5,12,15,23,23,23,17712,68,79,497.338042373321,1.8583539931569248,111068.91545598046,4858.962116079494
1781655313,300,GET,/feed/{user_id}?with_fof=true,26.500000,0.000000,3,3,3,3,8,380,430,520,660,660,660,8668,46,91,681.6015734974923,1.9929370027966797,110082.39108099951,9670.492731887402
1781655313,300,POST,/likes,2.500000,0.000000,4,4,4,4,4,4,4,4,4,4,4,856,5,90,610.7935428279523,2.6691810053307563,89157.85969299031,179.6285046728972
1781655313,300,POST,/posts,4.000000,0.000000,5,5,5,5,8,15,24,24,24,24,24,1319,7,87,659.5120325236759,3.1088379910215735,110069.9151600129,227.32448824867325
1781655313,300,GET,/timeline/{user_id},27.100000,0.000000,3,3,3,3,4,13,220,230,310,310,310,10943,46,88,579.706425277108,1.9145080004818738,111058.71456800378,3833.7624051905327
1781655313,300,GET,/users/{user_id},13.500000,0.000000,3,3,4,4,6,11,16,21,40,40,40,4489,10,67,367.4776649457105,1.6057580069173127,92161.03260600357,266.0071285364224
1781655313,300,,Aggregated,126.700000,0.000000,3,3,3,3,5,11,220,380,640,660,660,43987,182,83,547.9583544888435,1.6057580069173127,111068.91545598046,4853.396207970537
1781655314,300,GET,/feed/{user_id},53.700000,0.000000,3,3,3,3,4,6,13,16,23,23,23,17762,68,78,495.94738971383185,1.8583539931569248,111068.91545598046,4858.3126337124195
1781655314,300,GET,/feed/{user_id}?with_fof=true,26.700000,0.000000,3,3,3,3,5,370,430,520,660,660,660,8698,46,89,679.2610496660582,1.9929370027966797,110082.39108099951,9671.966773971028
1781655314,300,POST,/likes,2.700000,0.000000,3,4,4,4,4,4,5,5,5,5,5,859,5,90,608.6740680450922,2.6691810053307563,89157.85969299031,179.63445867287544
1781655314,300,POST,/posts,4.200000,0.000000,5,5,5,7,8,15,24,24,24,24,24,1322,7,86,658.0267097017588,3.1088379910215735,110069.9151600129,227.32753403933435
1781655314,300,GET,/timeline/{user_id},27.600000,0.000000,3,3,3,3,4,13,220,220,230,230,230,10972,46,87,578.1825784725208,1.8994059937540442,111058.71456800378,3833.9941669704704
1781655314,300,GET,/users/{user_id},12.500000,0.000000,3,3,4,4,6,13,16,21,40,40,40,4509,10,65,365.8635849692297,1.6057580069173127,92161.03260600357,266.01308494122867
1781655314,300,,Aggregated,127.400000,0.000000,3,3,3,3,5,11,180,380,640,660,660,44122,182,82,546.2918869587901,1.6057580069173127,111068.91545598046,4853.3834821630935
1781655315,300,GET,/feed/{user_id},53.500000,0.000000,3,3,3,3,4,5,13,16,23,23,23,17818,68,76,494.3980334700958,1.8583539931569248,111068.91545598046,4856.594567291503
1781655315,300,GET,/feed/{user_id}?with_fof=true,26.000000,0.000000,3,3,3,3,4,340,410,520,660,660,660,8722,46,88,677.4278715801846,1.9929370027966797,110082.39108099951,9669.914125200643
1781655315,300,POST,/likes,2.600000,0.000000,3,4,4,4,4,5,5,5,5,5,5,862,5,87,606.5691258314524,2.6691810053307563,89157.85969299031,179.63457076566127
1781655315,300,POST,/posts,4.100000,0.000000,4,5,5,5,7,15,24,24,24,24,24,1327,7,83,655.5632710774512,3.1088379910215735,110069.9151600129,227.33157498116051
1781655315,300,GET,/timeline/{user_id},29.200000,0.000000,3,3,3,3,4,11,210,220,230,230,230,11005,46,85,576.4705640099597,1.8994059937540442,111058.71456800378,3833.1623807360293
1781655315,300,GET,/users/{user_id},11.400000,0.000000,3,3,4,4,6,13,16,21,40,40,40,4527,10,64,364.42306938464344,1.6008589882403612,92161.03260600357,266.0189971283411
1781655315,300,,Aggregated,126.800000,0.000000,3,3,3,3,4,9,40,370,640,660,660,44261,182,80,544.5947198552448,1.6008589882403612,111068.91545598046,4851.235331330065
1781655316,300,GET,/feed/{user_id},54.300000,0.000000,3,3,3,3,4,5,12,13,20,20,20,17870,68,75,492.9683066471259,1.8583539931569248,111068.91545598046,4859.982932288752
1781655316,300,GET,/feed/{user_id}?with_fof=true,26.400000,0.000000,3,3,3,3,4,5,380,390,490,490,490,8750,46,87,675.2687571926125,1.9929370027966797,110082.39108099951,9671.759542857142
1781655316,300,POST,/likes,2.300000,0.000000,3,4,4,4,4,5,5,5,5,5,5,865,5,81,604.4771485176002,2.6691810053307563,89157.85969299031,179.6393063583815
1781655316,300,POST,/posts,4.100000,0.000000,4,5,5,5,7,7,24,24,24,24,24,1329,7,83,654.5830589870527,3.1088379910215735,110069.9151600129,227.3303235515425
1781655316,300,GET,/timeline/{user_id},29.400000,0.000000,3,3,3,3,4,5,210,220,230,230,230,11041,46,84,574.6010927259886,1.8994059937540442,111058.71456800378,3832.3458925821938
1781655316,300,GET,/users/{user_id},11.300000,0.000000,3,3,3,4,6,9,13,16,21,21,21,4540,10,61,363.38771505028495,1.6008589882403612,92161.03260600357,266.02004405286345
1781655316,300,,Aggregated,127.800000,0.000000,3,3,3,3,4,6,16,220,410,490,490,44395,182,79,542.9600129563471,1.6008589882403612,111068.91545598046,4853.113255997297
1781655317,300,GET,/feed/{user_id},52.900000,0.000000,3,3,3,3,4,5,12,13,20,20,20,17919,68,74,491.62767366695147,1.8583539931569248,111068.91545598046,4860.149673530889
1781655317,300,GET,/feed/{user_id}?with_fof=true,26.900000,0.000000,3,3,3,3,4,5,370,380,490,490,490,8785,46,85,672.5908493030672,1.9929370027966797,110082.39108099951,9671.071030165054
1781655317,300,POST,/likes,2.300000,0.000000,3,4,4,4,4,5,5,5,5,5,5,867,5,81,603.0902510954079,2.6691810053307563,89157.85969299031,179.64359861591694
1781655317,300,POST,/posts,4.300000,0.000000,5,5,5,5,7,7,24,24,24,24,24,1332,7,82,653.1187520178374,3.1088379910215735,110069.9151600129,227.33333333333334
1781655317,300,GET,/timeline/{user_id},29.500000,0.000000,3,3,3,3,4,5,150,220,230,230,230,11070,46,83,573.1028424485614,1.8994059937540442,111058.71456800378,3831.46495031617
1781655317,300,GET,/users/{user_id},12.200000,0.000000,3,3,3,4,6,9,13,16,21,21,21,4552,10,59,362.4362184853546,1.6008589882403612,92161.03260600357,266.0208699472759
1781655317,300,,Aggregated,128.100000,0.000000,3,3,3,3,4,6,15,210,390,490,490,44525,182,78,541.3830084986862,1.6008589882403612,111068.91545598046,4854.198405390231
1781655318,300,GET,/feed/{user_id},53.600000,0.000000,3,3,3,3,4,5,12,13,20,20,20,17966,68,73,490.34870816353913,1.8583539931569248,111068.91545598046,4858.561171100969
1781655318,300,GET,/feed/{user_id}?with_fof=true,27.200000,0.000000,3,3,3,3,4,5,340,380,490,490,490,8819,46,83,670.0100607755342,1.9929370027966797,110082.39108099951,9672.113731715614
1781655318,300,POST,/likes,2.500000,0.000000,3,4,4,4,4,5,5,5,5,5,5,870,5,79,601.0215612088568,2.6691810053307563,89157.85969299031,179.64367816091954
1781655318,300,POST,/posts,4.000000,0.000000,4,5,5,5,7,7,24,24,24,24,24,1339,7,80,649.726505237282,3.1088379910215735,110069.9151600129,227.336071695295
1781655318,300,GET,/timeline/{user_id},31.300000,0.000000,3,3,3,3,4,5,150,220,230,230,230,11105,46,82,571.316024600951,1.8994059937540442,111058.71456800378,3830.7411976587123
1781655318,300,GET,/users/{user_id},11.900000,0.000000,3,3,3,4,6,9,13,16,21,21,21,4562,10,58,361.6484713571447,1.6008589882403612,92161.03260600357,266.0238930293731
1781655318,300,,Aggregated,130.500000,0.000000,3,3,3,3,4,5,15,210,390,490,490,44661,182,76,539.7461083525875,1.6008589882403612,111068.91545598046,4854.3909899017035
1781655319,300,GET,/feed/{user_id},53.500000,0.000000,3,3,3,3,4,12,60000,90000,119000,119000,119000,18032,78,72,554.9636701675455,1.8583539931569248,119056.8131460168,4855.0753105590065
1781655319,300,GET,/feed/{user_id}?with_fof=true,27.900000,0.000000,3,3,3,3,4,33,490,89000,113000,113000,113000,8844,50,83,720.838805383581,1.9929370027966797,113298.23131198646,9668.141904115784
1781655319,300,POST,/likes,2.600000,0.000000,3,3,4,4,4,5,5,5,5,5,5,873,5,79,598.9686147648752,2.6691810053307563,89157.85969299031,179.6471935853379
1781655319,300,POST,/posts,4.100000,0.000000,4,5,5,6,7,89000,119000,119000,119000,119000,119000,1344,8,80,886.5599972631832,3.1088379910215735,119090.03303200006,227.18675595238096
1781655319,300,GET,/timeline/{user_id},32.100000,0.000000,3,3,3,3,4,13,230,113000,115000,115000,115000,11153,48,81,622.786098603831,1.8994059937540442,114739.38522598473,3832.104635524074
1781655319,300,GET,/users/{user_id},11.900000,0.000000,3,3,3,4,5,10,85000,89000,113000,113000,113000,4584,12,55,422.5842547496415,1.6008589882403612,113441.09270197805,265.9223385689354
1781655319,300,,Aggregated,132.100000,0.000000,3,3,3,3,5,13,60000,90000,119000,119000,119000,44830,201,75,601.8224205618102,1.6008589882403612,119090.03303200006,4851.0458844523755
1781655320,300,GET,/feed/{user_id},51.900000,0.000000,3,3,3,3,4,14,60000,90000,119000,119000,119000,18090,79,70,556.5377461503182,1.8583539931569248,119056.8131460168,4852.217744610282
1781655320,300,GET,/feed/{user_id}?with_fof=true,28.900000,0.000000,3,3,3,3,4,31,490,89000,113000,113000,113000,8864,50,82,719.226279203224,1.9929370027966797,113298.23131198646,9668.81024368231
1781655320,300,POST,/likes,2.500000,0.000000,3,3,4,4,4,5,5,5,5,5,5,878,5,78,595.5736380373619,2.6147680182475597,89157.85969299031,179.6503416856492
1781655320,300,POST,/posts,4.100000,0.000000,4,5,5,7,28,113000,119000,119000,119000,119000,119000,1347,8,78,884.6129218483538,3.1088379910215735,119090.03303200006,227.18930957683742
1781655320,300,GET,/timeline/{user_id},32.000000,0.000000,3,3,3,3,4,14,230,113000,115000,115000,115000,11188,48,80,620.8683078321054,1.8994059937540442,114739.38522598473,3832.5982302466928
1781655320,300,GET,/users/{user_id},11.800000,0.000000,3,3,3,4,5,9,85000,89000,113000,113000,113000,4594,12,53,421.6763447184032,1.6008589882403612,113441.09270197805,265.92642577274705
1781655320,300,,Aggregated,131.200000,0.000000,3,3,3,3,5,15,60000,90000,119000,119000,119000,44961,202,74,601.4308530127252,1.6008589882403612,119090.03303200006,4849.658259380351
1781655321,300,GET,/feed/{user_id},51.200000,0.000000,3,3,3,3,4,14,60000,90000,119000,119000,119000,18138,79,69,555.074437854848,1.8583539931569248,119056.8131460168,4853.833333333333
1781655321,300,GET,/feed/{user_id}?with_fof=true,29.600000,0.000000,3,3,3,3,5,33,390,89000,113000,113000,113000,8892,50,81,717.0484118701513,1.9929370027966797,113298.23131198646,9668.270692757535
1781655321,300,POST,/likes,2.500000,0.000000,3,3,4,4,4,5,5,5,5,5,5,879,5,78,594.9002264605372,2.6147680182475597,89157.85969299031,179.65073947667804
1781655321,300,POST,/posts,4.100000,0.000000,5,5,5,6,9,89000,119000,119000,119000,119000,119000,1355,8,77,879.422011581332,3.1088379910215735,119090.03303200006,227.19261992619926
1781655321,300,GET,/timeline/{user_id},32.300000,0.000000,3,3,3,3,4,16,220,113000,115000,115000,115000,11226,48,79,618.7974246906944,1.8994059937540442,114739.38522598473,3831.3954213433103
1781655321,300,GET,/users/{user_id},12.800000,0.000000,3,3,3,4,5,9,85000,89000,113000,113000,113000,4607,12,52,420.4956150988544,1.6008589882403612,113441.09270197805,265.929889298893
1781655321,300,,Aggregated,132.500000,0.000000,3,3,3,3,5,16,60000,90000,119000,119000,119000,45097,202,73,599.6476915371383,1.6008589882403612,119090.03303200006,4849.795662682662
1781655322,300,GET,/feed/{user_id},53.800000,1.100000,3,3,4,4,150,30000,60000,90000,119000,119000,119000,18264,85,68,608.7771579995765,1.8583539931569248,119056.8131460168,4851.309023215068
1781655322,300,GET,/feed/{user_id}?with_fof=true,28.600000,0.400000,3,3,3,4,180,30000,60000,89000,113000,113000,113000,8937,54,82,770.6957827335094,1.9929370027966797,113298.23131198646,9666.282309499833
1781655322,300,POST,/likes,2.400000,0.000000,3,4,5,120,150,29000,30000,30000,30000,30000,30000,886,5,79,657.9566396464808,2.6147680182475597,89157.85969299031,179.65801354401805
1781655322,300,POST,/posts,4.300000,0.100000,5,5,7,9,59000,89000,119000,119000,119000,119000,119000,1360,9,76,963.5013321924549,3.1088379910215735,119090.03303200006,227.04485294117646
1781655322,300,GET,/timeline/{user_id},34.100000,0.200000,3,3,3,4,190,30000,60000,113000,115000,115000,115000,11299,56,79,700.0785737207516,1.8994059937540442,114739.38522598473,3827.5226126205857
1781655322,300,GET,/users/{user_id},12.500000,0.200000,3,3,4,4,28,190,60000,89000,113000,113000,113000,4630,13,51,457.1195341569168,1.6008589882403612,113441.09270197805,265.87991360691143
1781655322,300,,Aggregated,135.700000,2.000000,3,3,4,5,160,30000,60000,89000,119000,119000,119000,45376,222,73,659.5199415135636,1.6008589882403612,119090.03303200006,4847.012363363893
1781655323,300,GET,/feed/{user_id},53.400000,1.100000,3,4,5,25,220,30000,60000,89000,119000,119000,119000,18371,85,69,605.8974989704562,1.8583539931569248,119056.8131460168,4852.903815796636
1781655323,300,GET,/feed/{user_id}?with_fof=true,28.500000,0.400000,3,4,6,120,230,29000,59000,89000,113000,113000,113000,9002,54,82,765.9546837273073,1.9929370027966797,113298.23131198646,9663.131970673183
1781655323,300,POST,/likes,2.700000,0.000000,4,5,120,150,220,29000,30000,30000,30000,30000,30000,895,5,79,652.3800025651474,2.6147680182475597,89157.85969299031,179.67150837988828
1781655323,300,POST,/posts,4.300000,0.100000,5,7,9,28,59000,89000,119000,119000,119000,119000,119000,1369,9,76,957.8331515622931,3.1088379910215735,119090.03303200006,227.05332359386412
1781655323,300,GET,/timeline/{user_id},35.400000,0.200000,3,3,5,130,240,30000,60000,85000,115000,115000,115000,11364,56,79,696.7216398309391,1.8994059937540442,114739.38522598473,3826.109996480113
1781655323,300,GET,/users/{user_id},12.700000,0.200000,3,4,5,13,200,260,60000,89000,113000,113000,113000,4660,13,51,454.8993527260711,1.6008589882403612,113441.09270197805,265.8864806866953
1781655323,300,,Aggregated,137.000000,2.000000,3,4,6,33,220,30000,60000,89000,119000,119000,119000,45661,222,73,656.1090734330475,1.6008589882403612,119090.03303200006,4847.261273296686
1781655324,300,GET,/feed/{user_id},52.800000,1.200000,3,5,160,190,240,30000,64000,85000,119000,119000,119000,18495,89,69,633.4535004271011,1.8583539931569248,119056.8131460168,4853.774371451744
1781655324,300,GET,/feed/{user_id}?with_fof=true,27.300000,0.400000,3,4,150,190,250,29000,59000,89000,113000,113000,113000,9065,55,81,772.1365124829789,1.9929370027966797,113298.23131198646,9661.906232763376
1781655324,300,POST,/likes,2.700000,0.000000,4,120,200,220,29000,60000,65000,65000,65000,65000,65000,899,5,79,789.2530448640554,2.6147680182475597,89157.85969299031,179.68186874304783
1781655324,300,POST,/posts,4.200000,0.100000,6,11,200,230,59000,89000,113000,119000,119000,119000,119000,1380,9,77,998.6176124955081,3.1088379910215735,119090.03303200006,227.06159420289856
1781655324,300,GET,/timeline/{user_id},36.100000,0.400000,3,4,150,190,250,33000,63000,85000,115000,115000,115000,11436,58,79,726.145478509153,1.8994059937540442,114739.38522598473,3826.166316894019
1781655324,300,GET,/users/{user_id},14.000000,0.300000,3,6,160,190,220,30000,65000,89000,113000,113000,113000,4688,13,53,494.5693215118227,1.6008589882403612,113441.09270197805,265.8965443686007
1781655324,300,,Aggregated,137.100000,2.400000,3,5,160,190,250,30000,64000,89000,119000,119000,119000,45963,229,73,683.713235430938,1.6008589882403612,119090.03303200006,4848.099057937907
1781655325,300,GET,/feed/{user_id},61.800000,1.700000,4,170,200,230,29000,30000,60000,85000,119000,119000,119000,18690,92,71,694.7669532778118,1.8583539931569248,119056.8131460168,4849.248635634029
1781655325,300,GET,/feed/{user_id}?with_fof=true,30.900000,0.800000,4,170,210,240,27000,30000,59000,85000,113000,113000,113000,9162,57,83,843.6803612591455,1.9929370027966797,113298.23131198646,9662.528268936914
1781655325,300,POST,/likes,3.100000,0.000000,38,200,220,260,30000,30000,65000,65000,65000,65000,65000,907,5,81,882.3816709909596,2.6147680182475597,89157.85969299031,179.6824696802646
1781655325,300,POST,/posts,4.500000,0.200000,9,170,200,210,280,65000,113000,119000,119000,119000,119000,1393,9,77,990.3629576926583,3.1088379910215735,119090.03303200006,227.07394113424263
1781655325,300,GET,/timeline/{user_id},40.200000,1.000000,3,160,210,240,30000,30000,60000,65000,115000,115000,115000,11539,61,80,803.8436652756442,1.8994059937540442,114739.38522598473,3823.8417540514774
1781655325,300,GET,/users/{user_id},15.700000,0.300000,5,180,200,230,30000,30000,65000,85000,113000,113000,113000,4732,16,56,573.3410259094093,1.6008589882403612,113441.09270197805,265.75422654268806
1781655325,300,,Aggregated,156.200000,4.000000,4,170,210,240,30000,30000,63000,85000,115000,119000,119000,46423,240,75,751.4269088704378,1.6008589882403612,119090.03303200006,4847.18105249553
1781655326,300,GET,/feed/{user_id},67.200000,1.700000,9,200,250,300,2800,30000,60000,65000,119000,119000,119000,18851,92,73,691.0920934230713,1.8583539931569248,119056.8131460168,4848.894753593974
1781655326,300,GET,/feed/{user_id}?with_fof=true,34.600000,0.800000,6,210,260,320,670,30000,59000,85000,113000,113000,113000,9238,57,83,838.8762714884407,1.9929370027966797,113298.23131198646,9664.757090279281
1781655326,300,POST,/likes,3.800000,0.000000,150,240,370,460,30000,30000,60000,65000,65000,65000,65000,918,5,90,876.007047079327,2.6147680182475597,89157.85969299031,179.69934640522877
1781655326,300,POST,/posts,5.300000,0.200000,9,200,240,270,550,65000,113000,119000,119000,119000,119000,1402,9,78,986.4111548252,3.1088379910215735,119090.03303200006,227.08844507845933
1781655326,300,GET,/timeline/{user_id},42.500000,1.000000,5,200,270,330,30000,30000,60000,65000,115000,115000,115000,11643,61,82,798.9584779967821,1.8994059937540442,114739.38522598473,3828.321480718028
1781655326,300,GET,/users/{user_id},17.200000,0.300000,16,200,250,280,29000,30000,65000,85000,113000,113000,113000,4772,16,59,570.6315513005576,1.6008589882403612,113441.09270197805,265.76215423302597
1781655326,300,,Aggregated,170.600000,4.000000,8,200,260,310,6200,30000,60000,85000,115000,119000,119000,46824,240,76,747.2613676647708,1.6008589882403612,119090.03303200006,4848.245493763882
1781655327,300,GET,/feed/{user_id},76.100000,2.400000,24,220,290,370,610,30000,60000,65000,113000,119000,119000,19032,92,73,686.7924737191215,1.8583539931569248,119056.8131460168,4850.256147540984
1781655327,300,GET,/feed/{user_id}?with_fof=true,38.100000,1.100000,31,230,320,380,680,30000,35000,63000,113000,113000,113000,9313,57,84,834.6455534693663,1.9929370027966797,113298.23131198646,9664.021904864168
1781655327,300,POST,/likes,4.100000,0.000000,180,270,390,490,30000,30000,60000,65000,65000,65000,65000,924,5,90,872.5930149716731,2.6147680182475597,89157.85969299031,179.7099567099567
1781655327,300,POST,/posts,5.800000,0.200000,170,240,360,500,610,60000,113000,119000,119000,119000,119000,1423,9,82,976.628820630968,3.1088379910215735,119090.03303200006,227.12016865776528
1781655327,300,GET,/timeline/{user_id},48.400000,1.400000,24,230,320,410,29000,30000,60000,65000,115000,115000,115000,11746,61,82,794.1836256386471,1.8994059937540442,114739.38522598473,3830.6784437255237
1781655327,300,GET,/users/{user_id},18.500000,0.500000,28,210,270,340,670,30000,65000,85000,113000,113000,113000,4816,16,58,567.3496335758653,1.6008589882403612,113441.09270197805,265.7767857142857
1781655327,300,,Aggregated,191.000000,5.600000,28,230,310,380,660,30000,60000,65000,115000,119000,119000,47254,240,77,742.814234962696,1.6008589882403612,119090.03303200006,4847.7480213315275
1781655328,300,GET,/feed/{user_id},89.800000,2.400000,140,240,330,400,630,30000,60000,64000,113000,119000,119000,19197,92,73,682.936770655585,1.8583539931569248,119056.8131460168,4847.563890191176
1781655328,300,GET,/feed/{user_id}?with_fof=true,45.000000,1.100000,160,260,360,460,680,30000,33000,63000,113000,113000,113000,9413,57,85,829.1133779849713,1.9929370027966797,113298.23131198646,9661.98842026984
1781655328,300,POST,/likes,4.600000,0.000000,220,350,450,510,29000,30000,60000,65000,65000,65000,65000,933,5,92,867.552948471388,2.6147680182475597,89157.85969299031,179.7213290460879
1781655328,300,POST,/posts,6.600000,0.200000,200,280,430,520,630,60000,113000,119000,119000,119000,119000,1437,9,86,970.5930472162931,3.1088379910215735,119090.03303200006,227.14752957550454
1781655328,300,GET,/timeline/{user_id},55.000000,1.500000,130,250,370,450,740,30000,60000,64000,115000,115000,115000,11850,61,82,789.4116214167643,1.8994059937540442,114739.38522598473,3831.3264135021095
1781655328,300,GET,/users/{user_id},21.400000,0.600000,140,240,320,420,660,30000,65000,85000,113000,113000,113000,4867,16,59,563.4241253824378,1.6008589882403612,113441.09270197805,265.7891925210602
1781655328,300,,Aggregated,222.400000,5.800000,150,250,350,430,650,30000,60000,65000,115000,119000,119000,47697,240,78,738.3203022212413,1.6008589882403612,119090.03303200006,4847.178774346395
1781655329,300,GET,/feed/{user_id},100.600000,2.400000,170,270,350,390,570,29000,30000,59000,65000,65000,65000,19407,92,75,677.9399354315118,1.8583539931569248,119056.8131460168,4845.225176482712
1781655329,300,GET,/feed/{user_id}?with_fof=true,49.400000,1.100000,180,290,370,420,630,30000,30000,33000,63000,63000,63000,9500,57,86,823.8086079331953,1.9929370027966797,113298.23131198646,9667.414736842105
1781655329,300,POST,/likes,5.300000,0.000000,220,350,450,510,29000,30000,60000,65000,65000,65000,65000,938,5,94,864.3093472684243,2.6147680182475597,89157.85969299031,179.73027718550105
1781655329,300,POST,/posts,7.500000,0.200000,200,290,410,470,570,690,59000,60000,65000,65000,65000,1450,9,87,964.143449088121,3.1088379910215735,119090.03303200006,227.16758620689654
1781655329,300,GET,/timeline/{user_id},61.200000,1.500000,170,280,380,440,630,30000,33000,60000,65000,65000,65000,11984,61,83,783.5575153869138,1.8994059937540442,114739.38522598473,3827.506759012016
1781655329,300,GET,/users/{user_id},24.000000,0.600000,170,240,330,390,550,30000,30000,60000,65000,65000,65000,4917,16,60,559.6460247919971,1.6008589882403612,113441.09270197805,265.79804758999387
1781655329,300,,Aggregated,248.000000,5.800000,180,270,360,410,600,30000,30000,59000,65000,65000,65000,48196,240,79,733.1236002883933,1.6008589882403612,119090.03303200006,4845.743941405925
1781655330,300,GET,/feed/{user_id},114.500000,2.400000,200,280,340,380,530,27000,30000,59000,65000,65000,65000,19618,92,77,672.9237202211057,1.8583539931569248,119056.8131460168,4842.177897848915
1781655330,300,GET,/feed/{user_id}?with_fof=true,54.600000,1.100000,210,290,360,410,620,29000,30000,32000,63000,63000,63000,9593,57,88,818.2208951164778,1.9929370027966797,113298.23131198646,9667.549150422183
1781655330,300,POST,/likes,5.900000,0.000000,240,330,440,460,920,30000,60000,65000,65000,65000,65000,950,5,95,855.4038931313889,2.6147680182475597,89157.85969299031,179.74105263157895
1781655330,300,POST,/posts,9.300000,0.200000,230,310,400,450,570,690,59000,60000,65000,65000,65000,1462,9,89,958.2618070593459,3.1088379910215735,119090.03303200006,227.17989056087552
1781655330,300,GET,/timeline/{user_id},68.700000,1.500000,210,300,360,400,620,30000,31000,60000,65000,65000,65000,12127,61,85,777.0359285972279,1.8994059937540442,114739.38522598473,3826.1215469613257
1781655330,300,GET,/users/{user_id},27.400000,0.600000,180,260,340,380,510,30000,30000,60000,65000,65000,65000,4953,16,63,557.0361733614528,1.6008589882403612,113441.09270197805,265.8090046436503
1781655330,300,,Aggregated,280.400000,5.800000,200,290,350,390,570,29000,30000,59000,65000,65000,65000,48703,240,81,727.8060473339153,1.6008589882403612,119090.03303200006,4844.741884483502
1781655331,300,GET,/feed/{user_id},125.800000,2.400000,220,280,330,370,510,910,30000,59000,65000,65000,65000,19812,92,79,668.2258060218342,1.8583539931569248,119056.8131460168,4846.441298203109
1781655331,300,GET,/feed/{user_id}?with_fof=true,60.600000,1.100000,230,290,350,380,590,27000,30000,32000,63000,63000,63000,9677,57,90,812.8793980785997,1.9929370027966797,113298.23131198646,9666.697633564121
1781655331,300,POST,/likes,6.400000,0.000000,260,320,370,450,790,30000,60000,65000,65000,65000,65000,961,5,97,848.2530894867944,2.6147680182475597,89157.85969299031,179.74609781477628
1781655331,300,POST,/posts,10.000000,0.200000,240,320,400,430,570,690,59000,60000,65000,65000,65000,1473,9,91,952.9254225714602,3.1088379910215735,119090.03303200006,227.19144602851324
1781655331,300,GET,/timeline/{user_id},76.300000,1.500000,240,300,350,380,540,30000,30000,59000,65000,65000,65000,12266,61,88,770.5279762184479,1.8994059937540442,114739.38522598473,3823.3913256155224
1781655331,300,GET,/users/{user_id},30.900000,0.600000,200,270,330,360,490,740,30000,59000,65000,65000,65000,4995,16,64,554.0550264713198,1.6008589882403612,113441.09270197805,265.8162162162162
1781655331,300,,Aggregated,310.000000,5.800000,230,290,340,380,530,27000,30000,59000,65000,65000,65000,49184,240,83,722.648726904597,1.6008589882403612,119090.03303200006,4844.973710962915
1781655332,300,GET,/feed/{user_id},140.600000,1.300000,240,290,330,360,470,610,30000,30000,65000,65000,65000,20011,92,81,663.7103430035326,1.8583539931569248,119056.8131460168,4851.793863375144
1781655332,300,GET,/feed/{user_id}?with_fof=true,66.900000,0.700000,240,300,350,380,510,770,30000,30000,63000,63000,63000,9777,57,91,806.8724095974027,1.9929370027966797,113298.23131198646,9670.194231359314
1781655332,300,POST,/likes,6.500000,0.000000,260,290,340,370,590,30000,60000,65000,65000,65000,65000,979,5,98,835.5319685075195,2.6147680182475597,89157.85969299031,179.75485188968335
1781655332,300,POST,/posts,10.600000,0.100000,260,330,380,410,540,610,780,810,65000,65000,65000,1486,9,91,946.8003314446822,3.1088379910215735,119090.03303200006,227.2099596231494
1781655332,300,GET,/timeline/{user_id},86.200000,1.300000,250,300,340,360,480,720,30000,30000,65000,65000,65000,12395,61,89,764.6616897194389,1.8994059937540442,114739.38522598473,3829.4556676079064
1781655332,300,GET,/users/{user_id},33.600000,0.400000,220,280,320,360,460,670,30000,30000,65000,65000,65000,5055,16,66,549.8167671476024,1.6008589882403612,113441.09270197805,265.82354104846684
1781655332,300,,Aggregated,344.400000,3.800000,240,290,330,370,490,650,30000,30000,65000,65000,65000,49703,240,84,717.3115448600087,1.6008589882403612,119090.03303200006,4847.960706597188
1781655333,300,GET,/feed/{user_id},155.500000,1.300000,250,300,340,370,460,610,30000,30000,65000,65000,65000,20183,92,82,659.9869033956695,1.8583539931569248,119056.8131460168,4849.092255858891
1781655333,300,GET,/feed/{user_id}?with_fof=true,73.800000,0.700000,250,310,360,380,510,770,30000,30000,63000,63000,63000,9855,57,92,802.136903742143,1.9929370027966797,113298.23131198646,9671.078944698123
1781655333,300,POST,/likes,7.400000,0.000000,270,320,370,400,590,30000,60000,65000,65000,65000,65000,986,5,100.0,832.1761941661468,2.6147680182475597,89157.85969299031,179.7555780933063
1781655333,300,POST,/posts,11.300000,0.100000,270,330,380,410,540,610,780,810,65000,65000,65000,1498,9,92,940.8935632869319,3.1088379910215735,119090.03303200006,227.22229639519358
1781655333,300,GET,/timeline/{user_id},95.700000,1.300000,250,300,350,370,480,660,30000,30000,65000,65000,65000,12514,61,91,759.5293944737434,1.8994059937540442,114739.38522598473,3828.6211443183633
1781655333,300,GET,/users/{user_id},36.900000,0.400000,240,290,340,360,460,660,30000,30000,65000,65000,65000,5095,16,67,547.2342807605658,1.6008589882403612,113441.09270197805,265.83356231599606
1781655333,300,,Aggregated,380.600000,3.800000,250,300,350,370,480,640,30000,30000,65000,65000,65000,50131,240,86,713.1010481694967,1.6008589882403612,119090.03303200006,4846.524445951607
1781655334,300,GET,/feed/{user_id},168.300000,1.200000,260,310,350,370,440,560,790,30000,30000,30000,30000,20362,92,84,656.3300915557304,1.8583539931569248,119056.8131460168,4847.781799430311
1781655334,300,GET,/feed/{user_id}?with_fof=true,80.500000,0.700000,270,320,360,380,490,670,27000,30000,30000,30000,30000,9960,57,94,796.5369176750734,1.9929370027966797,113298.23131198646,9673.953212851406
1781655334,300,POST,/likes,8.200000,0.000000,270,320,350,380,460,610,920,30000,30000,30000,30000,995,5,100.0,826.5595071264613,2.6147680182475597,89157.85969299031,179.75879396984925
1781655334,300,POST,/posts,12.100000,0.100000,290,360,390,400,520,610,690,780,810,810,810,1514,9,92,933.2502986114691,3.1088379910215735,119090.03303200006,227.23976221928666
1781655334,300,GET,/timeline/{user_id},105.200000,1.100000,270,310,350,370,450,560,1500,30000,31000,31000,31000,12631,61,94,755.0492444942217,1.8994059937540442,114739.38522598473,3828.040693531787
1781655334,300,GET,/users/{user_id},39.300000,0.300000,250,310,350,360,430,540,740,30000,30000,30000,30000,5144,16,69,544.2328482156263,1.6008589882403612,113441.09270197805,265.8512830482115
1781655334,300,,Aggregated,413.600000,3.400000,260,320,350,370,460,580,1500,30000,30000,31000,31000,50606,240,88,708.801910137496,1.6008589882403612,119090.03303200006,4847.360569892898
1781655335,300,GET,/feed/{user_id},175.700000,0.700000,260,310,340,360,420,500,600,640,800,910,910,20573,92,86,651.7167074046416,1.8583539931569248,119056.8131460168,4845.913527438876
1781655335,300,GET,/feed/{user_id}?with_fof=true,83.600000,0.300000,270,320,350,370,460,590,830,1300,2800,2800,2800,10057,57,95,790.9198998726205,1.9929370027966797,113298.23131198646,9674.160783533856
1781655335,300,POST,/likes,9.300000,0.000000,270,310,350,370,450,590,790,920,920,920,920,1005,5,100.0,820.4226326187829,2.6147680182475597,89157.85969299031,179.7681592039801
1781655335,300,POST,/posts,12.600000,0.000000,290,340,380,400,520,610,690,780,810,810,810,1530,9,94,925.5924818076702,3.1088379910215735,119090.03303200006,227.25294117647059
1781655335,300,GET,/timeline/{user_id},110.600000,0.500000,260,310,340,360,420,520,640,780,1900,1900,1900,12748,61,95,749.8928220253155,1.8994059937540442,114739.38522598473,3825.520866018199
1781655335,300,GET,/users/{user_id},43.000000,0.300000,250,310,340,350,410,480,570,670,740,740,740,5199,16,72,540.6892105201293,1.6008589882403612,113441.09270197805,265.8622812079246
1781655335,300,,Aggregated,434.800000,1.800000,260,310,340,360,430,520,630,730,2000,2800,2800,51112,240,90,703.8152957832889,1.6008589882403612,119090.03303200006,4845.561433714196
1781655336,300,GET,/feed/{user_id},181.600000,0.700000,260,310,340,350,400,460,570,630,800,910,910,20740,92,87,648.3201698353364,1.8583539931569248,119056.8131460168,4845.274397299903
1781655336,300,GET,/feed/{user_id}?with_fof=true,85.500000,0.300000,270,320,340,360,420,530,740,1300,2800,2800,2800,10153,57,96,785.6322366183223,1.9929370027966797,113298.23131198646,9676.204373091698
1781655336,300,POST,/likes,9.400000,0.000000,260,290,320,340,380,460,680,790,790,790,790,1015,5,100.0,814.3523485682792,2.6147680182475597,89157.85969299031,179.77142857142857
1781655336,300,POST,/posts,13.100000,0.000000,290,340,370,390,470,570,690,780,810,810,810,1540,9,94,920.5338810336007,3.1088379910215735,119090.03303200006,227.26168831168832
1781655336,300,GET,/timeline/{user_id},116.000000,0.500000,260,310,330,350,400,470,630,770,1900,1900,1900,12852,61,96,745.6826936639961,1.8994059937540442,114739.38522598473,3829.2836912542793
1781655336,300,GET,/users/{user_id},44.000000,0.300000,250,300,330,350,400,440,500,600,740,740,740,5248,16,73,537.586610868708,1.6008589882403612,113441.09270197805,265.8700457317073
1781655336,300,,Aggregated,449.600000,1.800000,260,310,340,350,400,470,620,710,2000,2800,2800,51548,240,91,699.7680364741266,1.6008589882403612,119090.03303200006,4847.427349266703
1781655337,300,GET,/feed/{user_id},185.100000,0.000000,260,310,330,350,390,430,490,540,800,910,910,20961,92,89,643.9060194280736,1.8583539931569248,119056.8131460168,4846.459710891656
1781655337,300,GET,/feed/{user_id}?with_fof=true,89.400000,0.000000,270,310,330,360,400,440,690,1200,2800,2800,2800,10263,57,98,779.709006446525,1.9929370027966797,113298.23131198646,9676.439734970281
1781655337,300,POST,/likes,9.600000,0.000000,260,290,310,330,380,410,460,460,790,790,790,1028,5,110.0,806.6456226398376,2.6147680182475597,89157.85969299031,179.77431906614785
1781655337,300,POST,/posts,13.000000,0.000000,280,330,340,370,400,470,660,780,810,810,810,1555,9,95,913.9041394680488,3.1088379910215735,119090.03303200006,227.27202572347267
1781655337,300,GET,/timeline/{user_id},119.800000,0.100000,260,310,330,350,390,430,540,770,1900,1900,1900,12964,61,98,741.1881579692606,1.8994059937540442,114739.38522598473,3829.1761030546127
1781655337,300,GET,/users/{user_id},46.100000,0.100000,260,300,330,350,400,420,460,480,740,740,740,5306,16,76,534.2852822354049,1.6008589882403612,113441.09270197805,265.8810780248775
1781655337,300,,Aggregated,463.000000,0.200000,260,310,330,350,400,430,510,710,1900,2800,2800,52077,240,93,694.9920546650917,1.6008589882403612,119090.03303200006,4848.327726251512
1781655338,300,GET,/feed/{user_id},187.800000,0.000000,260,300,320,340,380,420,460,500,580,630,630,21154,92,91,639.8261336879408,1.8583539931569248,119056.8131460168,4845.887491727333
1781655338,300,GET,/feed/{user_id}?with_fof=true,89.400000,0.000000,260,310,330,340,390,420,510,900,2400,2400,2400,10358,57,100.0,774.2735372246215,1.9929370027966797,113298.23131198646,9675.735373624251
1781655338,300,POST,/likes,9.800000,0.000000,260,280,310,320,360,380,400,460,460,460,460,1037,5,110.0,802.1501251569906,2.6147680182475597,89157.85969299031,179.77917068466732
1781655338,300,POST,/posts,13.800000,0.000000,270,310,330,360,390,410,470,530,660,660,660,1568,9,95,908.0524391305962,3.1088379910215735,119090.03303200006,227.2799744897959
1781655338,300,GET,/timeline/{user_id},120.700000,0.000000,260,300,320,330,370,410,450,530,1500,1700,1700,13094,61,100.0,735.7316323286618,1.8994059937540442,114739.38522598473,3827.5739269894607
1781655338,300,GET,/users/{user_id},46.900000,0.000000,250,300,320,340,380,410,430,470,640,640,640,5359,16,79,531.0228135310665,1.6008589882403612,113441.09270197805,265.89475648441874
1781655338,300,,Aggregated,468.400000,0.000000,260,300,320,340,380,410,460,520,1400,2400,2400,52570,240,94,690.3154743461429,1.6008589882403612,119090.03303200006,4847.19726079513
1781655339,300,GET,/feed/{user_id},188.400000,0.000000,260,300,320,340,370,400,440,490,550,580,580,21326,92,92,636.3928374628528,1.8583539931569248,119056.8131460168,4845.099315389665
1781655339,300,GET,/feed/{user_id}?with_fof=true,91.600000,0.000000,260,300,320,340,380,410,470,710,1400,1400,1400,10457,57,100.0,769.0967216140978,1.9929370027966797,113298.23131198646,9675.007554748016
1781655339,300,POST,/likes,9.600000,0.000000,260,280,310,320,360,380,400,460,460,460,460,1044,5,110.0,797.4331048637841,2.6147680182475597,89157.85969299031,179.7844827586207
1781655339,300,POST,/posts,13.600000,0.000000,270,310,330,340,380,400,430,470,530,530,530,1583,9,100.0,901.7519303675464,3.1088379910215735,119090.03303200006,227.29121920404296
1781655339,300,GET,/timeline/{user_id},120.800000,0.000000,260,300,320,330,370,390,430,520,800,960,960,13232,61,100.0,730.5031794829417,1.8994059937540442,114739.38522598473,3833.401828899637
1781655339,300,GET,/users/{user_id},47.500000,0.000000,260,300,320,340,380,400,430,460,520,520,520,5413,16,83,528.0199465584734,1.6008589882403612,113441.09270197805,265.9009791243303
1781655339,300,,Aggregated,471.500000,0.000000,260,300,320,340,370,400,440,500,1200,1400,1400,53055,240,96,686.049223985311,1.6008589882403612,119090.03303200006,4847.960305343511
1781655340,300,GET,/feed/{user_id},191.900000,0.000000,260,300,330,340,380,420,460,490,550,580,580,21482,92,93,633.4036199455212,1.8583539931569248,119056.8131460168,4848.82129224467
1781655340,300,GET,/feed/{user_id}?with_fof=true,93.800000,0.000000,260,310,330,350,400,430,490,690,1300,1300,1300,10543,57,100.0,764.9993341013519,1.9929370027966797,113298.23131198646,9677.097505453856
1781655340,300,POST,/likes,10.300000,0.000000,260,290,320,330,370,380,460,600,600,600,600,1052,5,110.0,792.5801777013676,2.6147680182475597,89157.85969299031,179.7851711026616
1781655340,300,POST,/posts,13.100000,0.000000,270,320,340,360,390,410,470,530,550,550,550,1594,9,100.0,897.5600352866081,3.1088379910215735,119090.03303200006,227.30928481806777
1781655340,300,GET,/timeline/{user_id},121.100000,0.000000,260,300,330,340,380,410,460,530,800,960,960,13320,61,100.0,727.3309136420747,1.8994059937540442,114739.38522598473,3833.2295795795794
1781655340,300,GET,/users/{user_id},48.900000,0.000000,260,310,330,350,390,420,460,480,700,700,700,5466,16,84,525.4137058114334,1.6008589882403612,113441.09270197805,265.90559824368825
1781655340,300,,Aggregated,479.100000,0.000000,260,310,330,340,390,420,470,510,1100,1300,1300,53457,240,97,682.7287104021362,1.6008589882403612,119090.03303200006,4849.721102942552
1781655341,300,GET,/feed/{user_id},195.000000,0.000000,270,310,340,360,400,440,490,510,590,590,590,21646,92,94,630.8307779997983,1.8583539931569248,119056.8131460168,4849.878453293911
1781655341,300,GET,/feed/{user_id}?with_fof=true,94.600000,0.000000,270,320,350,370,420,460,530,900,1300,1300,1300,10633,57,100.0,761.4344460788614,1.9929370027966797,113298.23131198646,9673.748330668674
1781655341,300,POST,/likes,10.400000,0.000000,260,300,330,350,380,400,460,600,600,600,600,1060,5,110.0,789.086522648928,2.6147680182475597,89157.85969299031,179.79150943396226
1781655341,300,POST,/posts,13.400000,0.000000,270,330,360,380,420,490,550,550,600,600,600,1610,9,100.0,891.8247161813077,3.1088379910215735,119090.03303200006,227.32732919254659
1781655341,300,GET,/timeline/{user_id},123.700000,0.000000,270,320,340,360,400,430,490,540,960,1100,1100,13442,61,100.0,723.2009127644411,1.8994059937540442,114739.38522598473,3830.1526558547835
1781655341,300,GET,/users/{user_id},49.000000,0.000000,270,310,340,360,400,450,480,510,700,700,700,5503,16,86,523.9570703976436,1.6008589882403612,113441.09270197805,265.917862983827
1781655341,300,,Aggregated,486.100000,0.000000,270,320,340,360,400,440,490,540,1200,1300,1300,53894,240,98,679.633492050657,1.6008589882403612,119090.03303200006,4849.264649126062
