Timestamp,User Count,Type,Name,Requests/s,Failures/s,50%,66%,75%,80%,90%,95%,98%,99%,99.9%,99.99%,100%,Total Request Count,Total Failure Count,Total Median Response Time,Total Average Response Time,Total Min Response Time,Total Max Response Time,Total Average Content Size
1781646746,0,,Aggregated,0.000000,0.000000,N/A,N/A,N/A,N/A,N/A,N/A,N/A,N/A,N/A,N/A,N/A,0,0,0,0.0,0,0,0
1781646747,20,GET,/feed/{user_id},0.000000,0.000000,0,0,0,0,0,0,0,0,0,0,0,4,0,41,448.2597629976226,20.8030859939754,878.2967049919534,5166.25
1781646747,20,,Aggregated,0.000000,0.000000,0,0,0,0,0,0,0,0,0,0,0,4,0,41,448.2597629976226,20.8030859939754,878.2967049919534,5166.25
1781646748,40,GET,/feed/{user_id},0.000000,0.000000,660,680,880,880,1200,1200,1200,1200,1200,1200,1200,14,0,240.0,449.1787554953979,10.331144992960617,1200.2994299982674,6099.571428571428
1781646748,40,POST,/likes,0.000000,0.000000,0,0,0,0,0,0,0,0,0,0,0,2,0,220.0,590.4999179911101,216.71043598325923,964.289399998961,179.0
1781646748,40,GET,/users/{user_id},0.000000,0.000000,0,0,0,0,0,0,0,0,0,0,0,2,0,11.390412983018905,494.67609148996416,11.390412983018905,977.9617699969094,270.0
1781646748,40,,Aggregated,0.000000,0.000000,660,850,960,960,1200,1200,1200,1200,1200,1200,1200,18,0,240.0,469.9363664387622,10.331144992960617,1200.2994299982674,4794.0
1781646749,60,GET,/feed/{user_id},2.000000,0.000000,660,850,900,900,1200,1200,1200,1200,1200,1200,1200,18,0,240.0,452.4657614399782,10.331144992960617,1200.2994299982674,6583.5
1781646749,60,POST,/likes,0.000000,0.000000,0,0,0,0,0,0,0,0,0,0,0,2,0,220.0,590.4999179911101,216.71043598325923,964.289399998961,179.0
1781646749,60,GET,/timeline/{user_id},0.000000,0.000000,0,0,0,0,0,0,0,0,0,0,0,1,0,2365.423862996977,2365.423862996977,2365.423862996977,2365.423862996977,9015.0
1781646749,60,GET,/users/{user_id},0.000000,0.000000,0,0,0,0,0,0,0,0,0,0,0,3,0,710.0,568.0870133316299,11.390412983018905,977.9617699969094,268.6666666666667
1781646749,60,,Aggregated,2.000000,0.000000,680,880,910,960,1200,1200,2400,2400,2400,2400,2400,24,0,330.0,558.1278518705707,10.331144992960617,2365.423862996977,5361.75
1781646750,80,GET,/feed/{user_id},2.000000,0.000000,660,870,900,910,1200,1200,1300,1300,1300,1300,1300,23,0,330.0,495.15823882235134,10.331144992960617,1304.5314339979086,7289.434782608696
1781646750,80,POST,/likes,0.000000,0.000000,960,960,960,960,960,960,960,960,960,960,960,2,0,220.0,590.4999179911101,216.71043598325923,964.289399998961,179.0
1781646750,80,GET,/timeline/{user_id},0.000000,0.000000,0,0,0,0,0,0,0,0,0,0,0,7,0,2400.0,2510.5710421422764,1365.6007790123112,3776.315919996705,7068.571428571428
1781646750,80,GET,/users/{user_id},0.000000,0.000000,710,710,860,860,860,860,860,860,860,860,860,5,0,710.0,514.2110177956056,9.060918993782252,977.9617699969094,268.4
1781646750,80,,Aggregated,2.000000,0.000000,860,980,1200,1400,2400,3400,3800,3800,3800,3800,3800,37,0,850.0,884.1808571046017,9.060918993782252,3776.315919996705,5914.513513513513
1781646751,100,GET,/feed/{user_id},5.333333,0.000000,660,870,910,950,1100,1200,1300,1300,1300,1300,1300,35,0,630.0,536.8630016255858,7.139781984733418,1304.5314339979086,7399.085714285714
1781646751,100,POST,/likes,0.666667,0.000000,280,960,960,1200,1200,1200,1200,1200,1200,1200,1200,5,0,280.0,534.3531880003866,19.073353993007913,1195.1814040075988,179.4
1781646751,100,POST,/posts,0.000000,0.000000,0,0,0,0,0,0,0,0,0,0,0,1,0,598.0969959928188,598.0969959928188,598.0969959928188,598.0969959928188,226.0
1781646751,100,GET,/timeline/{user_id},0.000000,0.000000,3300,3400,3400,3700,3800,4300,4300,4300,4300,4300,4300,15,0,3100.0,2902.9316026018932,1365.6007790123112,4320.082140009617,5928.2
1781646751,100,GET,/users/{user_id},0.666667,0.000000,710,860,1000,1000,1700,1700,1700,1700,1700,1700,1700,9,0,710.0,590.5850233361384,8.304337010486051,1675.834368012147,268.6666666666667
1781646751,100,,Aggregated,6.666667,0.000000,870,1000,1400,1900,3300,3400,3800,4300,4300,4300,4300,65,0,860.0,1091.0662652606754,7.139781984733418,4320.082140009617,5406.6461538461535
1781646752,120,GET,/feed/{user_id},5.000000,0.000000,630,870,910,950,1100,1200,1300,1300,1300,1300,1300,37,0,600.0,513.769549645666,7.139781984733418,1304.5314339979086,7439.0
1781646752,120,GET,/feed/{user_id}?with_fof=true,0.000000,0.000000,0,0,0,0,0,0,0,0,0,0,0,1,0,5594.7424650075845,5594.7424650075845,5594.7424650075845,5594.7424650075845,12048.0
1781646752,120,POST,/likes,0.500000,0.000000,280,960,960,1200,1200,1200,1200,1200,1200,1200,1200,5,0,280.0,534.3531880003866,19.073353993007913,1195.1814040075988,179.4
1781646752,120,POST,/posts,0.000000,0.000000,0,0,0,0,0,0,0,0,0,0,0,2,0,12.178948993096128,305.1379724929575,12.178948993096128,598.0969959928188,226.0
1781646752,120,GET,/timeline/{user_id},0.500000,0.000000,3300,3300,3400,3400,3800,4300,4300,4300,4300,4300,4300,18,0,3100.0,2936.9840593345643,1365.6007790123112,4320.082140009617,5284.833333333333
1781646752,120,GET,/users/{user_id},0.750000,0.000000,710,860,1000,1000,1700,1700,1700,1700,1700,1700,1700,9,0,710.0,590.5850233361384,8.304337010486051,1675.834368012147,268.6666666666667
1781646752,120,,Aggregated,6.750000,0.000000,880,1200,1700,2600,3300,3700,4300,5600,5600,5600,5600,72,0,860.0,1195.3782772907289,7.139781984733418,5594.7424650075845,5363.680555555556
1781646753,140,GET,/feed/{user_id},4.800000,0.000000,630,900,1100,1200,2000,2100,6900,7000,7000,7000,7000,58,0,370.0,826.788834893799,7.139781984733418,6966.387797001516,7385.224137931034
1781646753,140,GET,/feed/{user_id}?with_fof=true,0.000000,0.000000,0,0,0,0,0,0,0,0,0,0,0,5,0,5000.0,4957.212267408613,4488.990087993443,5594.7424650075845,12046.8
1781646753,140,POST,/likes,0.600000,0.000000,960,960,1200,1200,1300,1300,1300,1300,1300,1300,1300,6,0,280.0,655.3924425000636,19.073353993007913,1260.5887149984483,179.16666666666666
1781646753,140,POST,/posts,0.000000,0.000000,12,14,14,1700,1700,1700,1700,1700,1700,1700,1700,6,0,12,394.8095876645918,10.281096008839086,1723.3246219984721,226.33333333333334
1781646753,140,GET,/timeline/{user_id},1.400000,0.000000,3100,3400,3700,3700,4100,4200,4300,4300,4300,4300,4300,28,0,3000.0,2917.583244537777,559.6248600049876,4320.082140009617,5578.107142857143
1781646753,140,GET,/users/{user_id},1.000000,0.000000,710,1000,1200,1200,1700,2100,2100,2100,2100,2100,2100,13,0,710.0,672.4270169260518,8.304337010486051,2110.716255992884,268.46153846153845
1781646753,140,,Aggregated,7.800000,0.000000,950,1700,2400,3000,3800,4600,5600,6900,7000,7000,7000,116,0,940.0,1460.9905862842047,7.139781984733418,6966.387797001516,5609.370689655172
1781646754,150,GET,/feed/{user_id},5.833333,0.000000,630,910,1100,1200,2100,2600,6900,7000,7000,7000,7000,60,0,370.0,843.0304429469592,4.170818981947377,6966.387797001516,7156.7
1781646754,150,GET,/feed/{user_id}?with_fof=true,0.000000,0.000000,5000,5400,5500,5500,5600,5600,5600,5600,5600,5600,5600,9,0,5000.0,5129.421584893458,4488.990087993443,5609.210413997062,12003.777777777777
1781646754,150,POST,/likes,0.833333,0.000000,960,960,1200,1200,1300,1300,1300,1300,1300,1300,1300,6,0,280.0,655.3924425000636,19.073353993007913,1260.5887149984483,179.16666666666666
1781646754,150,POST,/posts,0.166667,0.000000,12,14,14,1700,1700,1700,1700,1700,1700,1700,1700,6,0,12,394.8095876645918,10.281096008839086,1723.3246219984721,226.33333333333334
1781646754,150,GET,/timeline/{user_id},2.500000,0.000000,3100,3300,3500,3700,4000,4200,4300,4300,4300,4300,4300,34,0,3000.0,2807.24808200081,538.078207988292,4320.082140009617,5560.14705882353
1781646754,150,GET,/users/{user_id},1.500000,0.000000,710,1000,1200,1200,1700,2100,2100,2100,2100,2100,2100,13,0,710.0,672.4270169260518,8.304337010486051,2110.716255992884,268.46153846153845
1781646754,150,,Aggregated,10.833333,0.000000,1000,2100,2900,3100,4200,5000,5600,6900,7000,7000,7000,128,0,980.0,1619.029836171194,4.170818981947377,6966.387797001516,5721.90625
1781646755,150,GET,/feed/{user_id},5.857143,0.000000,780,1100,1600,2000,2500,3300,6900,7000,7000,7000,7000,68,0,680.0,1043.2602506878218,4.170818981947377,6966.387797001516,7112.25
1781646755,150,GET,/feed/{user_id}?with_fof=true,0.285714,0.000000,5000,5400,5500,5500,5600,5700,5700,5700,5700,5700,5700,14,0,5000.0,4993.129905498271,3657.54921399639,5715.46294898144,10996.642857142857
1781646755,150,POST,/likes,0.714286,0.000000,960,960,1200,1200,1300,1300,1300,1300,1300,1300,1300,6,0,280.0,655.3924425000636,19.073353993007913,1260.5887149984483,179.16666666666666
1781646755,150,POST,/posts,0.285714,0.000000,14,1700,2100,2100,2500,2500,2500,2500,2500,2500,2500,8,0,14,876.9394978735363,10.281096008839086,2530.682597978739,226.25
1781646755,150,GET,/timeline/{user_id},2.857143,0.000000,3100,3300,3500,3700,4000,4200,4300,4300,4300,4300,4300,36,0,3000.0,2851.0142448625024,538.078207988292,4320.082140009617,5447.166666666667
1781646755,150,GET,/users/{user_id},1.285714,0.000000,860,1100,1200,1700,2100,2200,2200,2200,2200,2200,2200,15,0,860.0,806.835562402072,8.304337010486051,2222.2064980014693,267.6
1781646755,150,,Aggregated,11.285714,0.000000,1200,2500,3100,3300,4400,5400,5700,6900,7000,7000,7000,147,0,1200.0,1813.145800087194,4.170818981947377,6966.387797001516,5718.251700680272
1781646756,150,GET,/feed/{user_id},7.250000,0.000000,780,1200,1700,2100,2600,3300,6900,7000,7000,7000,7000,69,0,680.0,1069.4981149530233,4.170818981947377,6966.387797001516,7105.884057971014
1781646756,150,GET,/feed/{user_id}?with_fof=true,0.625000,0.000000,5000,5400,5500,5500,5600,5700,5700,5700,5700,5700,5700,15,0,5000.0,5008.841687064462,3657.54921399639,5715.46294898144,11067.066666666668
1781646756,150,POST,/likes,0.750000,0.000000,960,1200,1300,1300,3000,3000,3000,3000,3000,3000,3000,7,0,960.0,984.9691067148732,19.073353993007913,2962.429092003731,179.14285714285714
1781646756,150,POST,/posts,0.750000,0.000000,14,1700,2100,2100,2500,2500,2500,2500,2500,2500,2500,8,0,14,876.9394978735363,10.281096008839086,2530.682597978739,226.25
1781646756,150,GET,/timeline/{user_id},3.625000,0.000000,3200,3400,3700,3900,4200,4300,5000,5000,5000,5000,5000,45,0,3200.0,3040.602870335311,538.078207988292,4996.62290600827,5564.8
1781646756,150,GET,/users/{user_id},1.625000,0.000000,860,1100,1200,1700,2100,2200,2200,2200,2200,2200,2200,16,0,710.0,757.1011946274666,8.304337010486051,2222.2064980014693,267.75
1781646756,150,,Aggregated,14.625000,0.000000,1600,2900,3300,3400,4500,5400,5600,6900,7000,7000,7000,160,0,1400.0,1948.61902029279,4.170818981947377,6966.387797001516,5712.975
1781646757,150,GET,/feed/{user_id},6.666667,0.000000,680,1200,1700,2100,2600,3300,6900,7000,7000,7000,7000,74,0,660.0,1038.365668875977,4.170818981947377,6966.387797001516,7123.527027027027
1781646757,150,GET,/feed/{user_id}?with_fof=true,1.000000,0.000000,5100,5500,5600,5600,5700,6100,6100,6100,6100,6100,6100,21,0,5100.0,5041.3057624273715,3657.54921399639,6089.676353003597,10998.0
1781646757,150,POST,/likes,0.666667,0.000000,960,1200,1300,1300,3000,3000,3000,3000,3000,3000,3000,7,0,960.0,984.9691067148732,19.073353993007913,2962.429092003731,179.14285714285714
1781646757,150,POST,/posts,0.666667,0.000000,110,1700,2100,2100,2500,2500,2500,2500,2500,2500,2500,9,0,110.0,792.2773963299632,10.281096008839086,2530.682597978739,226.22222222222223
1781646757,150,GET,/timeline/{user_id},3.888889,0.000000,3200,3400,3800,4000,4300,4600,5000,5000,5000,5000,5000,50,0,3100.0,3091.9924561219523,538.078207988292,4996.62290600827,5558.08
1781646757,150,GET,/users/{user_id},1.444444,0.000000,180,1000,1100,1200,2100,2200,2200,2200,2200,2200,2200,19,0,180.0,649.3397392654227,8.304337010486051,2222.2064980014693,267.89473684210526
1781646757,150,,Aggregated,14.333333,0.000000,1700,3000,3300,3700,4600,5500,5700,6900,7000,7000,7000,180,0,1600.0,2020.3824370772863,4.170818981947377,6966.387797001516,5802.127777777778
1781646758,150,GET,/feed/{user_id},6.800000,0.000000,870,1600,2100,2200,3200,4200,6900,7000,7000,7000,7000,77,0,680.0,1108.2906178157177,4.170818981947377,6966.387797001516,7105.935064935065
1781646758,150,GET,/feed/{user_id}?with_fof=true,1.400000,0.000000,5200,5500,5600,5700,6400,6800,7000,7000,7000,7000,7000,27,0,5200.0,5191.899764851702,3657.54921399639,6959.224576014094,11140.0
1781646758,150,POST,/likes,0.600000,0.000000,960,1200,1300,1300,3000,3000,3000,3000,3000,3000,3000,8,0,350.0,905.2454976263107,19.073353993007913,2962.429092003731,179.125
1781646758,150,POST,/posts,0.800000,0.000000,110,380,1700,2100,2500,2500,2500,2500,2500,2500,2500,10,0,110.0,750.5560292978771,10.281096008839086,2530.682597978739,226.1
1781646758,150,GET,/timeline/{user_id},3.700000,0.000000,3300,3700,4000,4100,4600,5000,5200,5500,5500,5500,5500,56,0,3200.0,3237.735385073652,538.078207988292,5477.765302988701,5614.428571428572
1781646758,150,GET,/users/{user_id},1.500000,0.000000,180,1000,1100,1200,2100,2200,2200,2200,2200,2200,2200,19,0,180.0,649.3397392654227,8.304337010486051,2222.2064980014693,267.89473684210526
1781646758,150,,Aggregated,14.800000,0.000000,2400,3200,3900,4300,5200,5600,6800,7000,7000,7000,7000,197,0,2000.0,2202.628589375447,4.170818981947377,6966.387797001516,5944.8172588832485
1781646759,150,GET,/feed/{user_id},6.800000,0.000000,1200,2200,2900,3300,4000,4200,6900,7000,7000,7000,7000,94,0,880.0,1424.6094854232147,4.170818981947377,6966.387797001516,7027.755319148936
1781646759,150,GET,/feed/{user_id}?with_fof=true,1.600000,0.000000,5400,5600,5600,6100,6800,7000,7600,7600,7600,7600,7600,31,0,5400.0,5290.412721966746,3657.54921399639,7566.842842992628,11199.387096774193
1781646759,150,POST,/likes,0.700000,0.000000,1200,1300,3000,3000,4000,4000,4000,4000,4000,4000,4000,9,0,960.0,1246.7956533364486,19.073353993007913,3979.196899017552,179.11111111111111
1781646759,150,POST,/posts,0.800000,0.000000,220,380,1700,2100,2500,2500,2500,2500,2500,2500,2500,11,0,220.0,702.2832700908607,10.281096008839086,2530.682597978739,226.1818181818182
1781646759,150,GET,/timeline/{user_id},4.900000,0.000000,3300,3800,4100,4300,5200,5600,5700,6000,6000,6000,6000,65,0,3300.0,3436.408458371611,538.078207988292,6006.423618004192,5545.723076923077
1781646759,150,GET,/users/{user_id},1.600000,0.000000,650,1000,1200,1700,2200,4000,4000,4000,4000,4000,4000,21,0,650.0,807.6762601447713,8.304337010486051,3973.0987660004757,268.0952380952381
1781646759,150,,Aggregated,16.400000,0.000000,2900,3500,4100,4400,5400,5700,6800,7000,7600,7600,7600,231,0,2500.0,2412.0784160994535,4.170818981947377,7566.842842992628,5965.333333333333
1781646760,150,GET,/feed/{user_id},7.000000,0.000000,1600,2500,2900,3300,4000,4200,6900,7000,7000,7000,7000,95,0,900.0,1437.3256709028378,4.170818981947377,6966.387797001516,7024.0526315789475
1781646760,150,GET,/feed/{user_id}?with_fof=true,2.100000,0.000000,5400,5600,5600,6100,6800,7000,7600,7600,7600,7600,7600,31,0,5400.0,5290.412721966746,3657.54921399639,7566.842842992628,11199.387096774193
1781646760,150,POST,/likes,0.700000,0.000000,1300,1300,3000,3000,4000,4000,4000,4000,4000,4000,4000,9,0,960.0,1246.7956533364486,19.073353993007913,3979.196899017552,179.11111111111111
1781646760,150,POST,/posts,0.900000,0.000000,220,380,1700,2100,2500,2500,2500,2500,2500,2500,2500,11,0,220.0,702.2832700908607,10.281096008839086,2530.682597978739,226.1818181818182
1781646760,150,GET,/timeline/{user_id},5.000000,0.000000,3400,4000,4600,5000,5500,5700,6000,6300,6300,6300,6300,71,0,3300.0,3532.4486554805253,538.078207988292,6343.565335992025,5591.211267605634
1781646760,150,GET,/users/{user_id},1.900000,0.000000,650,1200,1700,2000,2200,4000,4000,4000,4000,4000,4000,22,0,650.0,862.9740035023794,8.304337010486051,3973.0987660004757,267.8636363636364
1781646760,150,,Aggregated,17.600000,0.000000,3000,3700,4300,4600,5500,6000,6900,7000,7600,7600,7600,239,0,2500.0,2465.6246551629115,4.170818981947377,7566.842842992628,5947.426778242678
1781646761,150,GET,/feed/{user_id},6.300000,0.000000,1800,2500,2900,3300,4000,4200,6900,7000,7000,7000,7000,108,0,950.0,1432.753966858231,4.170818981947377,6966.387797001516,7048.907407407408
1781646761,150,GET,/feed/{user_id}?with_fof=true,2.700000,0.000000,5400,5600,6100,6500,7100,7600,7700,7700,7700,7700,7700,36,0,5400.0,5462.683868943714,3657.54921399639,7703.470117994584,11045.666666666666
1781646761,150,POST,/likes,0.600000,0.000000,1300,1300,3000,3000,4000,4000,4000,4000,4000,4000,4000,9,0,960.0,1246.7956533364486,19.073353993007913,3979.196899017552,179.11111111111111
1781646761,150,POST,/posts,1.000000,0.000000,110,380,1700,1700,2100,2500,2500,2500,2500,2500,2500,12,0,110.0,644.3212055019103,6.738495023455471,2530.682597978739,226.16666666666666
1781646761,150,GET,/timeline/{user_id},5.800000,0.000000,3500,4100,4900,5000,5700,6000,6100,6300,6300,6300,6300,78,0,3300.0,3582.8404546034735,538.078207988292,6343.565335992025,5616.653846153846
1781646761,150,GET,/users/{user_id},1.700000,0.000000,650,1100,1700,2000,2200,4000,4000,4000,4000,4000,4000,25,0,650.0,807.986901041586,8.304337010486051,3973.0987660004757,267.96
1781646761,150,,Aggregated,18.100000,0.000000,3000,3900,4400,5000,5600,6300,7000,7500,7700,7700,7700,268,0,2500.0,2500.030936693374,4.170818981947377,7703.470117994584,6000.186567164179
1781646762,150,GET,/feed/{user_id},7.400000,0.000000,1600,2500,2900,3300,3900,4200,6900,7000,7000,7000,7000,123,0,880.0,1330.4390316231393,4.170818981947377,6966.387797001516,7220.3983739837395
1781646762,150,GET,/feed/{user_id}?with_fof=true,3.100000,0.000000,5400,5700,6500,7000,7700,8800,8800,8800,8800,8800,8800,41,0,5400.0,5629.696001316472,2711.134604003746,8825.68151698797,10818.487804878048
1781646762,150,POST,/likes,0.700000,0.000000,1300,1300,3000,3000,4000,4000,4000,4000,4000,4000,4000,11,0,350.0,1030.4692560960327,19.073353993007913,3979.196899017552,178.72727272727272
1781646762,150,POST,/posts,1.100000,0.000000,220,380,1700,2100,2500,2500,2500,2500,2500,2500,2500,12,0,110.0,644.3212055019103,6.738495023455471,2530.682597978739,226.16666666666666
1781646762,150,GET,/timeline/{user_id},6.300000,0.000000,3500,4100,5000,5200,5900,6100,6300,6300,6300,6300,6300,85,0,3300.0,3589.162522894399,538.078207988292,6343.565335992025,5580.070588235294
1781646762,150,GET,/users/{user_id},1.800000,0.000000,57,650,1100,2000,2200,3700,4000,4000,4000,4000,4000,34,0,57,705.8596219131313,4.915192985208705,3973.0987660004757,267.7352941176471
1781646762,150,,Aggregated,20.400000,0.000000,2900,3800,4300,4900,5700,6500,7600,8500,8800,8800,8800,306,0,2200.0,2426.8189373129776,4.170818981947377,8825.68151698797,5946.915032679739
1781646763,150,GET,/feed/{user_id},7.100000,0.000000,1600,2600,3300,3500,4000,4000,4200,4300,4300,4300,4300,133,0,870.0,1348.21959778656,4.170818981947377,6966.387797001516,7229.789473684211
1781646763,150,GET,/feed/{user_id}?with_fof=true,3.100000,0.000000,5500,6400,7100,7500,8100,8800,9100,9100,9100,9100,9100,48,0,5400.0,5759.948317999563,2711.134604003746,9140.635321004083,10892.875
1781646763,150,POST,/likes,0.600000,0.000000,1300,1300,3000,3000,4000,4000,4000,4000,4000,4000,4000,11,0,350.0,1030.4692560960327,19.073353993007913,3979.196899017552,178.72727272727272
1781646763,150,POST,/posts,1.100000,0.000000,110,380,1700,1700,2100,2500,2500,2500,2500,2500,2500,13,0,110.0,595.1817490791794,5.508272006409243,2530.682597978739,226.07692307692307
1781646763,150,GET,/timeline/{user_id},6.400000,0.000000,3600,4600,5200,5500,6000,6100,6300,6300,6300,6300,6300,89,0,3300.0,3559.7578006181107,429.5103719923645,6343.565335992025,5605.224719101124
1781646763,150,GET,/users/{user_id},1.700000,0.000000,57,650,1100,1200,2200,3700,4000,4000,4000,4000,4000,35,0,57,685.9218802303076,4.915192985208705,3973.0987660004757,267.7142857142857
1781646763,150,,Aggregated,20.000000,0.000000,3200,4000,4500,5200,6000,7100,8100,8800,9100,9100,9100,329,0,2200.0,2479.2977519384494,4.170818981947377,9140.635321004083,6071.61094224924
1781646764,150,GET,/feed/{user_id},7.400000,0.000000,2200,2800,3300,3400,4000,4100,4200,4300,4300,4300,4300,148,0,900.0,1410.9105612200487,4.170818981947377,6966.387797001516,7219.560810810811
1781646764,150,GET,/feed/{user_id}?with_fof=true,3.600000,0.000000,5600,6500,7400,7500,8100,8800,9100,9100,9100,9100,9100,52,0,5400.0,5756.998613172283,2711.134604003746,9140.635321004083,10934.846153846154
1781646764,150,POST,/likes,0.500000,0.000000,350,3000,3000,4000,4000,4000,4000,4000,4000,4000,4000,11,0,350.0,1030.4692560960327,19.073353993007913,3979.196899017552,178.72727272727272
1781646764,150,POST,/posts,1.100000,0.000000,220,380,2100,2500,3300,3300,3300,3300,3300,3300,3300,15,0,110.0,733.9935597362152,5.508272006409243,3256.008380994899,225.93333333333334
1781646764,150,GET,/timeline/{user_id},6.400000,0.000000,3700,4600,5200,5300,5900,6100,6300,6300,6300,6300,6300,96,0,3300.0,3542.972040844082,429.5103719923645,6343.565335992025,5624.90625
1781646764,150,GET,/users/{user_id},1.600000,0.000000,57,650,1100,2000,3300,3700,4000,4000,4000,4000,4000,39,0,120.0,791.8546627453254,4.915192985208705,3973.0987660004757,267.5897435897436
1781646764,150,,Aggregated,20.600000,0.000000,3100,4000,4400,5000,5900,7100,8100,8800,9100,9100,9100,361,0,2500.0,2497.31690838428,4.170818981947377,9140.635321004083,6074.484764542936
1781646765,150,GET,/feed/{user_id},8.500000,0.000000,1600,2700,3000,3400,4000,4100,4200,4300,4300,4300,4300,157,0,910.0,1422.4165874562273,4.170818981947377,6966.387797001516,7217.006369426752
1781646765,150,GET,/feed/{user_id}?with_fof=true,3.900000,0.000000,5600,6500,7400,7500,8100,8800,9100,9100,9100,9100,9100,56,0,5400.0,5738.750782534875,2711.134604003746,9140.635321004083,10953.589285714286
1781646765,150,POST,/likes,0.600000,0.000000,350,3000,3000,4000,4000,4000,4000,4000,4000,4000,4000,11,0,350.0,1030.4692560960327,19.073353993007913,3979.196899017552,178.72727272727272
1781646765,150,POST,/posts,1.100000,0.000000,220,380,2100,2500,3300,3300,3300,3300,3300,3300,3300,15,0,110.0,733.9935597362152,5.508272006409243,3256.008380994899,225.93333333333334
1781646765,150,GET,/timeline/{user_id},6.500000,0.000000,3900,5000,5200,5600,6000,6300,6500,6600,6600,6600,6600,103,0,3300.0,3621.857532203984,429.5103719923645,6571.500032994663,5565.330097087379
1781646765,150,GET,/users/{user_id},2.500000,0.000000,15,500,710,2000,3300,3700,4000,4000,4000,4000,4000,42,0,57,799.8353330733066,4.915192985208705,3973.0987660004757,267.6666666666667
1781646765,150,,Aggregated,23.100000,0.000000,3000,4000,4500,5200,6000,7100,8100,8800,9100,9100,9100,384,0,2500.0,2535.6221954994,4.170818981947377,9140.635321004083,6084.106770833333
1781646766,150,GET,/feed/{user_id},7.500000,0.000000,1600,2600,2900,3400,4000,4100,4200,4300,4300,4300,4300,163,0,910.0,1415.3451788750908,4.170818981947377,6966.387797001516,7174.920245398773
1781646766,150,GET,/feed/{user_id}?with_fof=true,4.300000,0.000000,5600,6800,7500,7500,8100,8800,9100,9100,9100,9100,9100,59,0,5400.0,5755.516515575128,2711.134604003746,9140.635321004083,11009.033898305084
1781646766,150,POST,/likes,0.500000,0.000000,350,3000,3000,4000,4000,4000,4000,4000,4000,4000,4000,11,0,350.0,1030.4692560960327,19.073353993007913,3979.196899017552,178.72727272727272
1781646766,150,POST,/posts,0.700000,0.000000,220,380,2800,2800,3300,3300,3300,3300,3300,3300,3300,16,0,110.0,865.4639415635756,5.508272006409243,3256.008380994899,226.0
1781646766,150,GET,/timeline/{user_id},6.100000,0.000000,3900,5200,5600,5800,6100,6500,6600,6900,6900,6900,6900,109,0,3300.0,3636.8308643946093,429.5103719923645,6880.521787999896,5629.8899082568805
1781646766,150,GET,/users/{user_id},2.200000,0.000000,34,620,710,2000,3300,3700,4000,4000,4000,4000,4000,42,0,57,799.8353330733066,4.915192985208705,3973.0987660004757,267.6666666666667
1781646766,150,,Aggregated,21.300000,0.000000,2900,4000,4600,5300,6100,7400,8100,8800,9100,9100,9100,400,0,2500.0,2563.667429164343,4.170818981947377,9140.635321004083,6123.8175
1781646767,150,GET,/feed/{user_id},8.800000,0.000000,2000,2700,3200,3400,4000,4100,4200,4300,4300,4300,4300,166,0,940.0,1447.636408094213,4.170818981947377,6966.387797001516,7210.05421686747
1781646767,150,GET,/feed/{user_id}?with_fof=true,4.300000,0.000000,5800,7400,7500,7700,8100,8800,9100,9100,9100,9100,9100,62,0,5400.0,5809.4072153213465,2711.134604003746,9140.635321004083,10963.112903225807
1781646767,150,POST,/likes,0.500000,0.000000,350,350,4000,4000,4000,4000,4000,4000,4000,4000,4000,11,0,350.0,1030.4692560960327,19.073353993007913,3979.196899017552,178.72727272727272
1781646767,150,POST,/posts,0.900000,0.000000,220,380,2800,2800,3300,3300,3300,3300,3300,3300,3300,16,0,110.0,865.4639415635756,5.508272006409243,3256.008380994899,226.0
1781646767,150,GET,/timeline/{user_id},6.100000,0.000000,3600,5100,5500,5700,6100,6300,6600,6900,6900,6900,6900,112,0,3300.0,3619.685660803693,429.5103719923645,6880.521787999896,5602.035714285715
1781646767,150,GET,/users/{user_id},2.600000,0.000000,34,620,710,2000,3300,3700,4000,4000,4000,4000,4000,42,0,57,799.8353330733066,4.915192985208705,3973.0987660004757,267.6666666666667
1781646767,150,,Aggregated,23.200000,0.000000,3000,4000,4500,5300,6300,7500,8100,8800,9100,9100,9100,409,0,2600.0,2603.1084449259874,4.170818981947377,9140.635321004083,6163.408312958435
1781646768,150,GET,/feed/{user_id},8.900000,0.000000,1600,2600,3000,3200,3700,4000,4100,4100,4100,4100,4100,170,0,910.0,1438.2631802275737,4.170818981947377,6966.387797001516,7246.805882352941
1781646768,150,GET,/feed/{user_id}?with_fof=true,4.200000,0.000000,5800,7500,7600,7800,8400,8800,9100,9100,9100,9100,9100,68,0,5400.0,5827.441421690523,2711.134604003746,9140.635321004083,10932.514705882353
1781646768,150,POST,/likes,0.500000,0.000000,3700,3700,4000,4000,4000,4000,4000,4000,4000,4000,4000,12,0,350.0,1250.8435136721043,19.073353993007913,3979.196899017552,178.83333333333334
1781646768,150,POST,/posts,0.700000,0.000000,220,2800,2900,2900,3300,3300,3300,3300,3300,3300,3300,18,0,210.0,941.1461008340767,5.508272006409243,3256.008380994899,225.94444444444446
1781646768,150,GET,/timeline/{user_id},6.600000,0.000000,3600,5000,5400,5800,6100,6400,6600,6900,6900,6900,6900,120,0,3300.0,3665.489082433487,429.5103719923645,6880.521787999896,5591.55
1781646768,150,GET,/users/{user_id},2.700000,0.000000,15,650,2000,3000,3300,3700,4000,4000,4000,4000,4000,44,0,57,831.1334479334288,4.915192985208705,3973.0987660004757,267.77272727272725
1781646768,150,,Aggregated,23.600000,0.000000,3000,3800,4500,5200,6300,7500,8400,8800,9100,9100,9100,432,0,2700.0,2660.0696085504887,4.170818981947377,9140.635321004083,6167.474537037037
1781646769,150,GET,/feed/{user_id},9.300000,0.000000,1100,2300,2700,3000,3400,4000,4100,4100,4100,4100,4100,177,0,950.0,1446.9679118290946,4.170818981947377,6966.387797001516,7224.045197740113
1781646769,150,GET,/feed/{user_id}?with_fof=true,4.300000,0.000000,6100,7400,7500,7800,8400,8800,9100,9100,9100,9100,9100,72,0,5500.0,5890.905469721474,2711.134604003746,9140.635321004083,10994.444444444445
1781646769,150,POST,/likes,0.400000,0.000000,3700,3700,4000,4000,4000,4000,4000,4000,4000,4000,4000,12,0,350.0,1250.8435136721043,19.073353993007913,3979.196899017552,178.83333333333334
1781646769,150,POST,/posts,0.800000,0.000000,1300,2700,2800,2900,3300,3300,3300,3300,3300,3300,3300,20,0,220.0,1050.229232001584,5.508272006409243,3256.008380994899,225.95
1781646769,150,GET,/timeline/{user_id},6.000000,0.000000,3500,5000,5500,5800,6300,6500,6600,6900,6900,6900,6900,125,0,3300.0,3668.4326647201087,429.5103719923645,6880.521787999896,5565.56
1781646769,150,GET,/users/{user_id},2.600000,0.000000,14,620,2000,2700,3000,3300,3700,3700,3700,3700,3700,47,0,57,836.3642581284016,4.915192985208705,3973.0987660004757,267.59574468085106
1781646769,150,,Aggregated,23.400000,0.000000,2900,3700,4900,5300,6500,7500,8400,8800,9100,9100,9100,453,0,2700.0,2680.212857041592,4.170818981947377,9140.635321004083,6148.328918322296
1781646770,150,GET,/feed/{user_id},9.200000,0.000000,1200,2300,2700,2900,3400,4000,4100,4100,4100,4100,4100,183,0,950.0,1434.9831030422586,4.170818981947377,6966.387797001516,7186.31693989071
1781646770,150,GET,/feed/{user_id}?with_fof=true,4.100000,0.000000,6100,7200,7500,7700,8400,8800,9100,9100,9100,9100,9100,77,0,5500.0,5862.615666687851,2711.134604003746,9140.635321004083,11048.506493506493
1781646770,150,POST,/likes,0.400000,0.000000,94,94,3700,3700,3700,3700,3700,3700,3700,3700,3700,12,0,350.0,1250.8435136721043,19.073353993007913,3979.196899017552,178.83333333333334
1781646770,150,POST,/posts,0.700000,0.000000,1300,2700,2800,2900,3300,3300,3300,3300,3300,3300,3300,20,0,220.0,1050.229232001584,5.508272006409243,3256.008380994899,225.95
1781646770,150,GET,/timeline/{user_id},6.200000,0.000000,3400,4400,5300,5500,6100,6500,6600,6900,6900,6900,6900,128,0,3300.0,3646.8355204219733,429.5103719923645,6880.521787999896,5638.1328125
1781646770,150,GET,/users/{user_id},2.300000,0.000000,14,620,1500,2700,3000,3300,3700,3700,3700,3700,3700,48,0,57,850.2854122713567,4.915192985208705,3973.0987660004757,267.6666666666667
1781646770,150,,Aggregated,22.900000,0.000000,2900,3700,4500,5300,6500,7500,8400,8800,9100,9100,9100,468,0,2700.0,2687.279203843659,4.170818981947377,9140.635321004083,6211.59188034188
1781646771,150,GET,/feed/{user_id},9.300000,0.000000,1200,2500,3100,3200,4100,4800,5100,5200,5200,5200,5200,195,0,1000.0,1528.4123828191346,4.170818981947377,6966.387797001516,7247.871794871795
1781646771,150,GET,/feed/{user_id}?with_fof=true,4.100000,0.000000,5800,7000,7500,7500,8400,8800,9100,9100,9100,9100,9100,84,0,5500.0,5872.170658833056,2711.134604003746,9140.635321004083,11054.857142857143
1781646771,150,POST,/likes,0.400000,0.000000,3700,3700,3700,3700,3700,3700,3700,3700,3700,3700,3700,12,0,350.0,1250.8435136721043,19.073353993007913,3979.196899017552,178.83333333333334
1781646771,150,POST,/posts,0.800000,0.000000,2700,2800,2900,3300,5100,5100,5100,5100,5100,5100,5100,21,0,380.0,1242.901724907348,5.508272006409243,5096.351583022624,225.95238095238096
1781646771,150,GET,/timeline/{user_id},6.400000,0.000000,3400,4900,5400,5500,6400,6600,6900,7000,7000,7000,7000,137,0,3300.0,3702.0731227303327,429.5103719923645,6985.728422994725,5653.467153284671
1781646771,150,GET,/users/{user_id},2.600000,0.000000,13,57,2000,2700,3000,3300,3700,3700,3700,3700,3700,52,0,34,824.813333327676,4.915192985208705,3973.0987660004757,267.78846153846155
1781646771,150,,Aggregated,23.600000,0.000000,2900,4100,5100,5300,6600,7500,8400,8800,9100,9100,9100,501,0,2800.0,2759.4573244030385,4.170818981947377,9140.635321004083,6262.043912175649
1781646772,150,GET,/feed/{user_id},8.300000,0.000000,1800,2700,3200,3300,4100,5100,5100,5200,5200,5200,5200,199,0,1000.0,1529.9256763253688,4.170818981947377,6966.387797001516,7218.291457286432
1781646772,150,GET,/feed/{user_id}?with_fof=true,4.100000,0.000000,6100,7200,7500,7700,8100,8100,9100,9100,9100,9100,9100,90,0,5600.0,5969.482057555837,2711.134604003746,9140.635321004083,11083.077777777778
1781646772,150,POST,/likes,0.300000,0.000000,2100,2100,3700,3700,3700,3700,3700,3700,3700,3700,3700,13,0,960.0,1313.1699466209213,19.073353993007913,3979.196899017552,178.76923076923077
1781646772,150,POST,/posts,0.900000,0.000000,2700,2800,2900,3300,5100,5100,5100,5100,5100,5100,5100,22,0,380.0,1303.7627198659306,5.508272006409243,5096.351583022624,225.95454545454547
1781646772,150,GET,/timeline/{user_id},6.000000,0.000000,3500,4900,5400,5500,6500,6600,6900,7000,7000,7000,7000,142,0,3300.0,3709.5203909930333,429.5103719923645,6985.728422994725,5622.704225352113
1781646772,150,GET,/users/{user_id},2.600000,0.000000,620,2700,3000,3000,3500,3600,3600,3600,3600,3600,3600,54,0,57,924.6456865754832,4.915192985208705,3973.0987660004757,267.81481481481484
1781646772,150,,Aggregated,22.200000,0.000000,3200,4400,5200,5500,7000,7500,8100,8100,9100,9100,9100,520,0,2900.0,2815.6641278999673,4.170818981947377,9140.635321004083,6257.880769230769
1781646773,150,GET,/feed/{user_id},8.800000,0.000000,1800,2600,3000,3200,4700,5100,5100,5200,5200,5200,5200,202,0,1000.0,1528.6272344690065,4.170818981947377,6966.387797001516,7210.183168316832
1781646773,150,GET,/feed/{user_id}?with_fof=true,4.600000,0.000000,6300,7100,7500,7700,7800,8100,8400,8400,8400,8400,8400,93,0,5600.0,6016.922528839543,2711.134604003746,9140.635321004083,11089.193548387097
1781646773,150,POST,/likes,0.300000,0.000000,2100,2100,3700,3700,3700,3700,3700,3700,3700,3700,3700,13,0,960.0,1313.1699466209213,19.073353993007913,3979.196899017552,178.76923076923077
1781646773,150,POST,/posts,0.900000,0.000000,2700,2800,2900,3300,5100,5100,5100,5100,5100,5100,5100,22,0,380.0,1303.7627198659306,5.508272006409243,5096.351583022624,225.95454545454547
1781646773,150,GET,/timeline/{user_id},5.700000,0.000000,3500,4500,5400,5500,6600,6900,7000,7200,7200,7200,7200,147,0,3400.0,3723.2796577212075,429.5103719923645,7179.959870991297,5690.224489795918
1781646773,150,GET,/users/{user_id},2.700000,0.000000,620,2700,3000,3000,3500,3600,3600,3600,3600,3600,3600,54,0,57,924.6456865754832,4.915192985208705,3973.0987660004757,267.81481481481484
1781646773,150,,Aggregated,23.000000,0.000000,3200,4500,5200,5500,7000,7500,7800,8100,8400,8400,8400,531,0,2900.0,2846.2588746667284,4.170818981947377,9140.635321004083,6301.265536723164
1781646774,150,GET,/feed/{user_id},8.700000,0.000000,2000,2600,2900,3200,4700,5100,5100,5200,5200,5200,5200,211,0,1100.0,1550.4995417951934,4.170818981947377,6966.387797001516,7181.094786729858
1781646774,150,GET,/feed/{user_id}?with_fof=true,4.800000,0.000000,6300,7100,7500,7700,7800,8100,8400,8400,8400,8400,8400,95,0,5600.0,6007.219572306157,2711.134604003746,9140.635321004083,11109.231578947369
1781646774,150,POST,/likes,0.200000,0.000000,2100,2100,3700,3700,3700,3700,3700,3700,3700,3700,3700,13,0,960.0,1313.1699466209213,19.073353993007913,3979.196899017552,178.76923076923077
1781646774,150,POST,/posts,0.900000,0.000000,2700,2800,2900,3300,5100,5100,5100,5100,5100,5100,5100,23,0,600.0,1308.408888655401,5.508272006409243,5096.351583022624,225.82608695652175
1781646774,150,GET,/timeline/{user_id},5.900000,0.000000,3700,5000,5400,5500,6600,6900,7000,7200,7200,7200,7200,154,0,3400.0,3744.170366539038,429.5103719923645,7179.959870991297,5721.454545454545
1781646774,150,GET,/users/{user_id},2.700000,0.000000,13,2000,2700,2700,3500,3600,3600,3600,3600,3600,3600,57,0,57,910.8177731594831,4.915192985208705,3973.0987660004757,267.87719298245617
1781646774,150,,Aggregated,23.200000,0.000000,3200,4900,5300,5500,7000,7500,7900,8100,8400,8400,8400,553,0,2900.0,2845.433500813959,4.170818981947377,9140.635321004083,6282.96383363472
1781646775,150,GET,/feed/{user_id},7.300000,0.000000,1900,2500,3200,3300,4700,5100,5100,5200,5200,5200,5200,218,0,1100.0,1568.5143736365983,4.170818981947377,6966.387797001516,7162.711009174312
1781646775,150,GET,/feed/{user_id}?with_fof=true,4.900000,0.000000,6500,7200,7500,7700,7800,8100,8400,8400,8400,8400,8400,100,0,5600.0,5976.882488140254,2711.134604003746,9140.635321004083,11156.0
1781646775,150,POST,/likes,0.200000,0.000000,3700,3700,3700,3700,3700,3700,3700,3700,3700,3700,3700,13,0,960.0,1313.1699466209213,19.073353993007913,3979.196899017552,178.76923076923077
1781646775,150,POST,/posts,0.900000,0.000000,2600,2700,2800,2900,5100,5100,5100,5100,5100,5100,5100,24,0,380.0,1254.3656860858998,5.508272006409243,5096.351583022624,225.79166666666666
1781646775,150,GET,/timeline/{user_id},5.700000,0.000000,3600,4900,5400,5400,6400,6900,7000,7200,7200,7200,7200,158,0,3400.0,3751.593237392615,429.5103719923645,7179.959870991297,5738.050632911392
1781646775,150,GET,/users/{user_id},2.000000,0.000000,14,2000,2700,2700,3500,3600,4400,4400,4400,4400,4400,60,0,57,970.3175764516345,4.915192985208705,4449.662740982603,267.78333333333336
1781646775,150,,Aggregated,21.000000,0.000000,3300,4500,5200,5400,7000,7500,7900,8100,8400,8400,8400,573,0,2900.0,2858.2393614905213,4.170818981947377,9140.635321004083,6295.799301919721
1781646776,150,GET,/feed/{user_id},6.900000,0.000000,1500,2800,3500,3900,4700,5100,5100,5200,5200,5200,5200,231,0,1100.0,1589.2526230253723,4.170818981947377,6966.387797001516,7127.982683982684
1781646776,150,GET,/feed/{user_id}?with_fof=true,4.500000,0.000000,6500,7400,7500,7700,8100,8400,8800,8800,8800,8800,8800,109,0,5600.0,6026.45515036687,2711.134604003746,9140.635321004083,11136.02752293578
1781646776,150,POST,/likes,0.200000,0.000000,3700,3700,3700,3700,3700,3700,3700,3700,3700,3700,3700,13,0,960.0,1313.1699466209213,19.073353993007913,3979.196899017552,178.76923076923077
1781646776,150,POST,/posts,0.900000,0.000000,2600,2700,2800,2900,5100,5100,5100,5100,5100,5100,5100,24,0,380.0,1254.3656860858998,5.508272006409243,5096.351583022624,225.79166666666666
1781646776,150,GET,/timeline/{user_id},5.700000,0.000000,3600,4500,5400,5400,5800,6600,7000,7200,7200,7200,7200,167,0,3400.0,3728.9960470782876,429.5103719923645,7179.959870991297,5777.353293413174
1781646776,150,GET,/users/{user_id},1.900000,0.000000,1500,2000,3000,3500,3800,4100,4400,4400,4400,4400,4400,63,0,180.0,1057.759247366376,4.915192985208705,4449.662740982603,267.8412698412698
1781646776,150,,Aggregated,20.100000,0.000000,3500,4500,5200,5400,7100,7700,8100,8400,8800,8800,8800,607,0,2900.0,2900.425247985402,4.170818981947377,9140.635321004083,6342.382207578254
1781646777,150,GET,/feed/{user_id},6.400000,0.000000,1700,2700,3500,4000,4800,5200,30000,30000,30000,30000,30000,243,3,1200.0,1941.3510448678537,4.170818981947377,30031.97026500129,6973.506172839506
1781646777,150,GET,/feed/{user_id}?with_fof=true,4.300000,0.000000,6600,7400,7500,7700,8000,8500,8800,30000,30000,30000,30000,113,1,5600.0,6274.380696646146,2711.134604003746,30021.587663009996,11061.902654867257
1781646777,150,POST,/likes,0.200000,0.000000,2100,2100,3700,3700,3700,3700,3700,3700,3700,3700,3700,14,0,960.0,1370.541208290628,19.073353993007913,3979.196899017552,178.78571428571428
1781646777,150,POST,/posts,0.800000,0.000000,2600,2700,2900,2900,5100,5100,5100,5100,5100,5100,5100,24,0,380.0,1254.3656860858998,5.508272006409243,5096.351583022624,225.79166666666666
1781646777,150,GET,/timeline/{user_id},5.800000,0.000000,3800,4900,5400,5400,6400,7000,30000,30000,30000,30000,30000,175,2,3400.0,4018.954440171697,429.5103719923645,30032.64315301203,5764.394285714286
1781646777,150,GET,/users/{user_id},1.800000,0.000000,1500,2000,3000,3500,3800,4100,4400,4400,4400,4400,4400,63,0,180.0,1057.759247366376,4.915192985208705,4449.662740982603,267.8412698412698
1781646777,150,,Aggregated,19.300000,0.000000,3500,4700,5400,5600,7400,7900,30000,30000,30000,30000,30000,632,6,2900.0,3164.559391804054,4.170818981947377,30032.64315301203,6294.4968354430375
1781646778,150,GET,/feed/{user_id},6.200000,0.000000,1900,2700,3900,4100,5100,30000,30000,30000,30000,30000,30000,252,6,1300.0,2274.0885407216006,4.170818981947377,30031.97026500129,6898.523809523809
1781646778,150,GET,/feed/{user_id}?with_fof=true,4.500000,0.000000,7000,7500,7700,7800,8500,30000,30000,30000,30000,30000,30000,118,3,5700.0,6690.512434830514,2711.134604003746,30027.890773984836,10846.466101694916
1781646778,150,POST,/likes,0.200000,0.000000,2100,2100,3700,3700,3700,3700,3700,3700,3700,3700,3700,14,0,960.0,1370.541208290628,19.073353993007913,3979.196899017552,178.78571428571428
1781646778,150,POST,/posts,0.900000,0.000000,2600,2600,2700,2700,5100,5100,5100,5100,5100,5100,5100,24,0,380.0,1254.3656860858998,5.508272006409243,5096.351583022624,225.79166666666666
1781646778,150,GET,/timeline/{user_id},5.600000,0.000000,4000,5000,5400,5500,7200,30000,30000,30000,30000,30000,30000,186,6,3400.0,4567.459247973172,429.5103719923645,30032.64315301203,5639.924731182796
1781646778,150,GET,/users/{user_id},1.800000,0.000000,1800,2700,3600,3800,4400,30000,30000,30000,30000,30000,30000,64,1,180.0,1510.4188818140756,4.915192985208705,30027.975852019154,263.984375
1781646778,150,,Aggregated,19.200000,0.000000,3600,4900,5500,6600,7800,30000,30000,30000,30000,30000,30000,658,16,2900.0,3583.6738016916183,4.170818981947377,30032.64315301203,6219.079027355623
1781646779,150,GET,/feed/{user_id},6.800000,0.000000,1800,2700,3600,4000,5100,30000,30000,32000,32000,32000,32000,268,7,1400.0,2430.6451505106097,4.170818981947377,32359.275122988038,6844.2164179104475
1781646779,150,GET,/feed/{user_id}?with_fof=true,5.000000,0.000000,6800,7400,7700,7800,8500,30000,30000,30000,30000,30000,30000,121,3,5700.0,6656.73207198337,2711.134604003746,30027.890773984836,10848.173553719009
1781646779,150,POST,/likes,0.200000,0.000000,2100,2100,3700,3700,3700,3700,3700,3700,3700,3700,3700,14,0,960.0,1370.541208290628,19.073353993007913,3979.196899017552,178.78571428571428
1781646779,150,POST,/posts,0.800000,0.000000,2600,2700,2900,2900,5100,5100,5100,5100,5100,5100,5100,25,0,600.0,1318.6469578021206,5.508272006409243,5096.351583022624,225.8
1781646779,150,GET,/timeline/{user_id},5.800000,0.000000,3700,4600,5400,5800,7200,30000,30000,30000,30000,30000,30000,196,7,3400.0,4677.429460107416,429.5103719923645,30363.110803999007,5580.622448979592
1781646779,150,GET,/users/{user_id},2.100000,0.000000,1800,2900,3600,3800,4400,30000,30000,30000,30000,30000,30000,66,1,500.0,1530.970378577353,4.915192985208705,30027.975852019154,264.07575757575756
1781646779,150,,Aggregated,20.700000,0.000000,3500,4700,5400,6500,7900,30000,30000,30000,32000,32000,32000,690,18,2900.0,3662.1035522827683,4.170818981947377,32359.275122988038,6182.982608695652
1781646780,150,GET,/feed/{user_id},7.700000,0.300000,1900,3000,4000,4700,30000,33000,34000,34000,34000,34000,34000,282,7,1400.0,2950.205661836146,4.170818981947377,33840.14217698132,6808.27304964539
1781646780,150,GET,/feed/{user_id}?with_fof=true,5.100000,0.100000,7000,7500,7800,7900,8800,30000,31000,31000,31000,31000,31000,124,4,5700.0,6852.245772443571,2711.134604003746,30838.39624101529,10780.15322580645
1781646780,150,POST,/likes,0.300000,0.000000,2100,2100,2100,2100,2100,2100,2100,2100,2100,2100,2100,14,0,960.0,1370.541208290628,19.073353993007913,3979.196899017552,178.78571428571428
1781646780,150,POST,/posts,0.800000,0.000000,2600,2900,2900,5100,5100,5100,5100,5100,5100,5100,5100,25,0,600.0,1318.6469578021206,5.508272006409243,5096.351583022624,225.8
1781646780,150,GET,/timeline/{user_id},6.500000,0.200000,4200,5000,5400,6500,30000,30000,31000,34000,34000,34000,34000,205,9,3500.0,5067.2080746002885,429.5103719923645,33839.43020098377,5547.1463414634145
1781646780,150,GET,/users/{user_id},2.100000,0.000000,1800,2900,3600,3800,4400,30000,30000,30000,30000,30000,30000,68,1,180.0,1486.3646907957873,4.915192985208705,30027.975852019154,264.19117647058823
1781646780,150,,Aggregated,22.500000,0.600000,3700,4900,5800,7000,30000,30000,33000,34000,34000,34000,34000,718,21,3000.0,4002.285066224356,4.170818981947377,33840.14217698132,6155.91922005571
1781646781,150,GET,/feed/{user_id},8.000000,0.600000,2000,2900,3600,4000,30000,33000,34000,34000,34000,34000,34000,296,8,1400.0,3014.000242945209,4.170818981947377,33840.14217698132,6837.7128378378375
1781646781,150,GET,/feed/{user_id}?with_fof=true,5.000000,0.300000,7000,7700,7900,8000,8800,30000,31000,31000,31000,31000,31000,127,4,5700.0,6846.689588519768,2711.134604003746,30838.39624101529,10785.83464566929
1781646781,150,POST,/likes,0.200000,0.000000,2100,2100,2100,2100,2100,2100,2100,2100,2100,2100,2100,14,0,960.0,1370.541208290628,19.073353993007913,3979.196899017552,178.78571428571428
1781646781,150,POST,/posts,0.600000,0.000000,1400,2600,2900,2900,3100,3100,3100,3100,3100,3100,3100,28,0,600.0,1319.715568645084,5.508272006409243,5096.351583022624,225.82142857142858
1781646781,150,GET,/timeline/{user_id},6.400000,0.600000,4000,5000,5400,6300,30000,30000,31000,34000,34000,34000,34000,210,9,3500.0,5032.3619854193,429.5103719923645,33839.43020098377,5574.942857142857
1781646781,150,GET,/users/{user_id},1.900000,0.100000,1800,3500,3700,3800,4400,30000,30000,30000,30000,30000,30000,71,1,500.0,1487.6443021984044,4.915192985208705,30027.975852019154,264.40845070422534
1781646781,150,,Aggregated,22.100000,1.600000,3500,4600,5700,6900,30000,30000,33000,34000,34000,34000,34000,746,22,3000.0,3994.9490950215313,4.170818981947377,33840.14217698132,6155.631367292225
1781646782,150,GET,/feed/{user_id},9.100000,0.700000,2000,3200,3600,4000,30000,32000,34000,34000,34000,34000,34000,307,8,1400.0,2976.6593686475057,4.170818981947377,33840.14217698132,6858.872964169381
1781646782,150,GET,/feed/{user_id}?with_fof=true,4.900000,0.300000,6800,7500,8000,8500,30000,30000,32000,32000,32000,32000,32000,134,5,6100.0,7029.787845627027,2711.134604003746,32223.640055017313,10743.798507462687
1781646782,150,POST,/likes,0.200000,0.000000,2100,2100,2100,2100,2100,2100,2100,2100,2100,2100,2100,14,0,960.0,1370.541208290628,19.073353993007913,3979.196899017552,178.78571428571428
1781646782,150,POST,/posts,0.500000,0.000000,1400,2600,2900,2900,3100,3100,3100,3100,3100,3100,3100,28,0,600.0,1319.715568645084,5.508272006409243,5096.351583022624,225.82142857142858
1781646782,150,GET,/timeline/{user_id},7.100000,0.700000,4200,5000,5400,6500,30000,30000,31000,34000,34000,34000,34000,216,9,3500.0,5008.049827458712,429.5103719923645,33839.43020098377,5558.273148148148
1781646782,150,GET,/users/{user_id},1.900000,0.100000,1800,3500,3700,3800,4400,30000,30000,30000,30000,30000,30000,72,1,180.0,1467.1161834456952,4.915192985208705,30027.975852019154,264.5
1781646782,150,,Aggregated,23.700000,1.800000,3300,4600,6200,6700,30000,30000,33000,34000,34000,34000,34000,771,23,3000.0,4019.8920081272468,4.170818981947377,33840.14217698132,6191.699092088197
1781646783,150,GET,/feed/{user_id},9.900000,0.700000,2000,3200,3900,4000,30000,33000,34000,34000,34000,34000,34000,321,11,1400.0,3209.4893252110396,4.170818981947377,33840.14217698132,6810.554517133956
1781646783,150,GET,/feed/{user_id}?with_fof=true,4.700000,0.400000,6700,7500,8500,8800,32000,33000,33000,33000,33000,33000,33000,142,9,6100.0,7710.906032472029,2711.134604003746,32977.75846300647,10377.654929577464
1781646783,150,POST,/likes,0.200000,0.000000,2100,2100,2100,2100,2100,2100,2100,2100,2100,2100,2100,14,0,960.0,1370.541208290628,19.073353993007913,3979.196899017552,178.78571428571428
1781646783,150,POST,/posts,0.500000,0.000000,860,1400,2900,2900,3100,3100,3100,3100,3100,3100,3100,30,0,380.0,1232.7736673682618,5.508272006409243,5096.351583022624,225.86666666666667
1781646783,150,GET,/timeline/{user_id},7.700000,0.900000,4100,5100,6200,6600,30000,32000,33000,34000,34000,34000,34000,222,12,3500.0,5353.591170266186,429.5103719923645,33839.43020098377,5510.707207207207
1781646783,150,GET,/users/{user_id},1.900000,0.100000,1500,2900,3800,4100,30000,33000,33000,33000,33000,33000,33000,74,2,180.0,1873.1370744471615,4.915192985208705,32966.156211012276,261.22972972972974
1781646783,150,,Aggregated,24.900000,2.100000,3500,4600,6400,6800,30000,33000,33000,34000,34000,34000,34000,803,34,3000.0,4369.209091219264,4.170818981947377,33840.14217698132,6116.814445828144
1781646784,150,GET,/feed/{user_id},10.000000,0.800000,2100,3500,4000,4100,30000,33000,34000,34000,34000,34000,34000,334,11,1500.0,3266.2982937089873,4.170818981947377,33840.14217698132,6813.607784431138
1781646784,150,GET,/feed/{user_id}?with_fof=true,4.300000,0.400000,6700,7500,8500,8500,31000,33000,33000,33000,33000,33000,33000,146,9,6100.0,7668.79266064394,2711.134604003746,32977.75846300647,10406.616438356165
1781646784,150,POST,/likes,0.200000,0.000000,2100,2100,2100,2100,2100,2100,2100,2100,2100,2100,2100,14,0,960.0,1370.541208290628,19.073353993007913,3979.196899017552,178.78571428571428
1781646784,150,POST,/posts,0.700000,0.000000,18,860,2900,2900,3100,3100,3100,3100,3100,3100,3100,30,0,380.0,1232.7736673682618,5.508272006409243,5096.351583022624,225.86666666666667
1781646784,150,GET,/timeline/{user_id},7.200000,0.900000,4200,5400,6500,7800,30000,33000,34000,37000,37000,37000,37000,227,12,3600.0,5495.399493189726,429.5103719923645,37270.00297498307,5499.731277533039
1781646784,150,GET,/users/{user_id},1.900000,0.100000,1500,3700,4100,4400,32000,33000,33000,33000,33000,33000,33000,77,3,610.0,2251.9151546108665,4.915192985208705,32966.156211012276,258.3636363636364
1781646784,150,,Aggregated,24.300000,2.200000,3700,4800,6500,7500,30000,33000,33000,34000,37000,37000,37000,828,35,3000.0,4453.636832547142,4.170818981947377,37270.00297498307,6126.477053140096
1781646785,150,GET,/feed/{user_id},10.800000,0.800000,2600,3600,4000,4100,30000,33000,34000,34000,34000,34000,34000,338,11,1500.0,3274.6691546206034,4.170818981947377,33840.14217698132,6824.988165680474
1781646785,150,GET,/feed/{user_id}?with_fof=true,4.400000,0.500000,6800,7500,8500,8800,32000,33000,33000,33000,33000,33000,33000,149,9,6100.0,7631.844308134325,2711.134604003746,32977.75846300647,10416.912751677852
1781646785,150,POST,/likes,0.100000,0.000000,2100,2100,2100,2100,2100,2100,2100,2100,2100,2100,2100,14,0,960.0,1370.541208290628,19.073353993007913,3979.196899017552,178.78571428571428
1781646785,150,POST,/posts,0.600000,0.000000,18,860,2900,2900,3100,3100,3100,3100,3100,3100,3100,30,0,380.0,1232.7736673682618,5.508272006409243,5096.351583022624,225.86666666666667
1781646785,150,GET,/timeline/{user_id},7.400000,0.900000,4600,6200,7300,7800,30000,33000,34000,37000,37000,37000,37000,231,12,3600.0,5508.780250801287,429.5103719923645,37270.00297498307,5501.229437229437
1781646785,150,GET,/users/{user_id},1.800000,0.100000,1300,3700,3800,4100,32000,33000,33000,33000,33000,33000,33000,77,3,610.0,2251.9151546108665,4.915192985208705,32966.156211012276,258.3636363636364
1781646785,150,,Aggregated,25.100000,2.300000,3800,5100,6600,7700,30000,33000,33000,34000,37000,37000,37000,839,35,3100.0,4464.933811622199,4.170818981947377,37270.00297498307,6148.895113230035
1781646786,150,GET,/feed/{user_id},11.900000,1.100000,2100,3600,4000,4500,30000,33000,34000,34000,34000,34000,34000,351,11,1400.0,3206.5021750533606,4.170818981947377,33840.14217698132,6858.5014245014245
1781646786,150,GET,/feed/{user_id}?with_fof=true,4.900000,0.900000,6700,7200,8500,30000,32000,33000,33000,33000,33000,33000,33000,154,9,6100.0,7611.565826142845,2711.134604003746,32977.75846300647,10453.974025974027
1781646786,150,POST,/likes,0.100000,0.000000,2100,2100,2100,2100,2100,2100,2100,2100,2100,2100,2100,14,0,960.0,1370.541208290628,19.073353993007913,3979.196899017552,178.78571428571428
1781646786,150,POST,/posts,0.800000,0.000000,370,860,2900,2900,3100,3100,3100,3100,3100,3100,3100,31,0,380.0,1204.8707790015596,5.508272006409243,5096.351583022624,225.83870967741936
1781646786,150,GET,/timeline/{user_id},7.500000,1.200000,4900,6500,7400,7800,30000,33000,34000,37000,37000,37000,37000,239,12,3700.0,5518.987996330549,429.5103719923645,37270.00297498307,5483.083682008368
1781646786,150,GET,/users/{user_id},2.000000,0.200000,1300,3700,4100,4900,32000,33000,33000,33000,33000,33000,33000,80,3,500.0,2229.42064853778,4.915192985208705,32966.156211012276,258.6125
1781646786,150,,Aggregated,27.200000,3.400000,3900,5300,6800,7700,30000,33000,33000,34000,37000,37000,37000,869,35,3100.0,4432.213756893973,4.170818981947377,37270.00297498307,6165.588032220943
1781646787,150,GET,/feed/{user_id},12.200000,1.100000,1900,3600,4000,4200,30000,33000,34000,34000,34000,34000,34000,355,11,1400.0,3185.7130447737904,4.170818981947377,33840.14217698132,6856.723943661972
1781646787,150,GET,/feed/{user_id}?with_fof=true,5.100000,0.900000,6600,7200,8500,9900,32000,33000,33000,33000,33000,33000,33000,157,9,6100.0,7598.065619120948,2711.134604003746,32977.75846300647,10458.770700636942
1781646787,150,POST,/likes,0.100000,0.000000,2100,2100,2100,2100,2100,2100,2100,2100,2100,2100,2100,14,0,960.0,1370.541208290628,19.073353993007913,3979.196899017552,178.78571428571428
1781646787,150,POST,/posts,0.700000,0.000000,370,860,2900,2900,3100,3100,3100,3100,3100,3100,3100,31,0,380.0,1204.8707790015596,5.508272006409243,5096.351583022624,225.83870967741936
1781646787,150,GET,/timeline/{user_id},7.300000,1.200000,5000,6500,7400,7800,31000,33000,34000,37000,37000,37000,37000,245,12,3800.0,5516.267777755215,429.5103719923645,37270.00297498307,5481.363265306122
1781646787,150,GET,/users/{user_id},2.000000,0.300000,1200,2900,3700,4900,32000,33000,33000,33000,33000,33000,33000,80,3,500.0,2229.42064853778,4.915192985208705,32966.156211012276,258.6125
1781646787,150,,Aggregated,27.400000,3.500000,4000,5300,6600,7300,31000,33000,34000,34000,37000,37000,37000,882,35,3100.0,4433.335897499826,4.170818981947377,37270.00297498307,6178.334467120181
1781646788,150,GET,/feed/{user_id},11.900000,1.100000,1500,3600,4000,4500,30000,33000,34000,34000,34000,34000,34000,367,11,1400.0,3145.510652947334,4.170818981947377,33840.14217698132,6802.190735694823
1781646788,150,GET,/feed/{user_id}?with_fof=true,4.800000,0.900000,6600,8000,8700,9200,32000,33000,33000,33000,33000,33000,33000,161,9,6300.0,7632.485741347737,2711.134604003746,32977.75846300647,10492.32298136646
1781646788,150,POST,/likes,0.100000,0.000000,2100,2100,2100,2100,2100,2100,2100,2100,2100,2100,2100,14,0,960.0,1370.541208290628,19.073353993007913,3979.196899017552,178.78571428571428
1781646788,150,POST,/posts,0.600000,0.000000,370,860,2900,2900,3100,3100,3100,3100,3100,3100,3100,31,0,380.0,1204.8707790015596,5.508272006409243,5096.351583022624,225.83870967741936
1781646788,150,GET,/timeline/{user_id},7.200000,1.200000,4600,6500,6900,7400,31000,33000,34000,37000,37000,37000,37000,251,12,3800.0,5482.942784529975,429.5103719923645,37270.00297498307,5506.290836653387
1781646788,150,GET,/users/{user_id},1.700000,0.300000,1200,2900,3700,4500,32000,33000,33000,33000,33000,33000,33000,81,3,610.0,2257.672661037276,4.915192985208705,32966.156211012276,258.60493827160496
1781646788,150,,Aggregated,26.300000,3.500000,3900,5100,6500,6900,31000,33000,34000,34000,37000,37000,37000,905,35,3100.0,4418.631281231837,4.170818981947377,37270.00297498307,6185.854143646409
1781646789,150,GET,/feed/{user_id},12.000000,1.100000,2600,3900,4100,4700,5400,33000,34000,34000,34000,34000,34000,373,11,1400.0,3134.388416058221,4.170818981947377,33840.14217698132,6829.134048257372
1781646789,150,GET,/feed/{user_id}?with_fof=true,4.500000,0.900000,6600,8500,8800,9200,32000,33000,33000,33000,33000,33000,33000,165,9,6300.0,7611.593859860582,2711.134604003746,32977.75846300647,10520.321212121213
1781646789,150,POST,/likes,0.100000,0.000000,2100,2100,2100,2100,2100,2100,2100,2100,2100,2100,2100,14,0,960.0,1370.541208290628,19.073353993007913,3979.196899017552,178.78571428571428
1781646789,150,POST,/posts,0.700000,0.000000,860,2900,3100,3100,5200,5200,5200,5200,5200,5200,5200,32,0,380.0,1328.4992281578525,5.508272006409243,5160.9811520029325,225.875
1781646789,150,GET,/timeline/{user_id},7.200000,1.200000,5200,6600,7300,7700,31000,33000,34000,37000,37000,37000,37000,255,12,3800.0,5493.881389843049,429.5103719923645,37270.00297498307,5506.15294117647
1781646789,150,GET,/users/{user_id},1.700000,0.300000,16,1300,4500,4800,32000,33000,33000,33000,33000,33000,33000,85,3,500.0,2208.8251610355014,4.915192985208705,32966.156211012276,259.0705882352941
1781646789,150,,Aggregated,26.200000,3.500000,4000,5300,6500,7000,31000,33000,34000,34000,37000,37000,37000,924,35,3200.0,4410.63778288076,4.170818981947377,37270.00297498307,6189.330086580087
1781646790,150,GET,/feed/{user_id},11.200000,0.800000,2600,3800,4100,4700,5400,30000,33000,33000,33000,33000,33000,378,11,1400.0,3148.102197729352,4.170818981947377,33840.14217698132,6838.751322751323
1781646790,150,GET,/feed/{user_id}?with_fof=true,4.400000,0.800000,6600,7900,8700,8900,32000,33000,33000,33000,33000,33000,33000,169,9,6400.0,7595.713396905577,2711.134604003746,32977.75846300647,10550.781065088757
1781646790,150,POST,/likes,0.000000,0.000000,2100,2100,2100,2100,2100,2100,2100,2100,2100,2100,2100,14,0,960.0,1370.541208290628,19.073353993007913,3979.196899017552,178.78571428571428
1781646790,150,POST,/posts,0.700000,0.000000,370,860,3100,3100,5200,5200,5200,5200,5200,5200,5200,32,0,380.0,1328.4992281578525,5.508272006409243,5160.9811520029325,225.875
1781646790,150,GET,/timeline/{user_id},6.800000,1.000000,5500,6900,7300,7700,7800,33000,33000,37000,37000,37000,37000,259,12,3800.0,5510.337227223819,429.5103719923645,37270.00297498307,5524.7027027027025
1781646790,150,GET,/users/{user_id},1.700000,0.300000,870,3700,4500,4800,32000,33000,33000,33000,33000,33000,33000,85,3,500.0,2208.8251610355014,4.915192985208705,32966.156211012276,259.0705882352941
1781646790,150,,Aggregated,24.800000,2.900000,4100,5400,6500,6900,8800,33000,33000,33000,37000,37000,37000,937,35,3200.0,4429.333220464077,4.170818981947377,37270.00297498307,6222.817502668089
1781646791,150,GET,/feed/{user_id},11.500000,0.500000,1100,4000,4700,4900,5900,6400,33000,33000,33000,33000,33000,397,11,1400.0,3108.6760523013672,4.170818981947377,33840.14217698132,6890.329974811083
1781646791,150,GET,/feed/{user_id}?with_fof=true,4.400000,0.600000,6600,7900,8800,8900,32000,33000,33000,33000,33000,33000,33000,175,9,6300.0,7554.949569383503,2711.134604003746,32977.75846300647,10587.257142857143
1781646791,150,POST,/likes,0.000000,0.000000,2100,2100,2100,2100,2100,2100,2100,2100,2100,2100,2100,14,0,960.0,1370.541208290628,19.073353993007913,3979.196899017552,178.78571428571428
1781646791,150,POST,/posts,0.700000,0.000000,860,3100,4800,4800,5200,5200,5200,5200,5200,5200,5200,33,0,600.0,1434.196951365183,5.508272006409243,5160.9811520029325,225.8181818181818
1781646791,150,GET,/timeline/{user_id},6.600000,0.600000,6200,7000,7700,7800,8500,33000,33000,37000,37000,37000,37000,265,12,3900.0,5534.612754800133,429.5103719923645,37270.00297498307,5498.88679245283
1781646791,150,GET,/users/{user_id},1.700000,0.200000,860,4500,4800,4900,32000,33000,33000,33000,33000,33000,33000,88,3,540.0,2211.982170829949,4.915192985208705,32966.156211012276,259.375
1781646791,150,,Aggregated,24.900000,1.900000,4700,5800,6500,6900,8800,32000,33000,33000,37000,37000,37000,972,35,3200.0,4407.513842357965,4.170818981947377,37270.00297498307,6253.308641975309
1781646792,150,GET,/feed/{user_id},10.500000,0.400000,1100,4000,4800,4900,5900,6600,33000,33000,33000,33000,33000,405,11,1400.0,3094.828970421373,4.170818981947377,33840.14217698132,6886.022222222222
1781646792,150,GET,/feed/{user_id}?with_fof=true,4.400000,0.600000,6800,8800,9200,9600,10000,33000,33000,33000,33000,33000,33000,179,9,6400.0,7608.131259162754,2711.134604003746,32977.75846300647,10605.553072625698
1781646792,150,POST,/likes,0.000000,0.000000,2100,2100,2100,2100,2100,2100,2100,2100,2100,2100,2100,14,0,960.0,1370.541208290628,19.073353993007913,3979.196899017552,178.78571428571428
1781646792,150,POST,/posts,0.700000,0.000000,370,4800,4800,5200,5200,5200,5200,5200,5200,5200,5200,33,0,600.0,1434.196951365183,5.508272006409243,5160.9811520029325,225.8181818181818
1781646792,150,GET,/timeline/{user_id},5.900000,0.500000,6200,7300,7800,7800,8500,33000,33000,37000,37000,37000,37000,273,12,3900.0,5543.9897743519605,429.5103719923645,37270.00297498307,5489.846153846154
1781646792,150,GET,/users/{user_id},1.900000,0.200000,1200,4800,4800,4900,32000,33000,33000,33000,33000,33000,33000,89,3,610.0,2240.7388976520697,4.915192985208705,32966.156211012276,259.5056179775281
1781646792,150,,Aggregated,23.400000,1.700000,4800,5800,6800,7400,8900,32000,33000,33000,37000,37000,37000,993,35,3200.0,4425.692119849973,4.170818981947377,37270.00297498307,6262.851963746223
1781646793,150,GET,/feed/{user_id},9.600000,0.400000,790,3900,4700,4900,5800,6100,6600,30000,30000,30000,30000,417,11,1300.0,3019.254203363879,4.170818981947377,33840.14217698132,6885.364508393285
1781646793,150,GET,/feed/{user_id}?with_fof=true,4.500000,0.500000,6800,8700,8900,9200,9900,10000,11000,11000,11000,11000,11000,184,9,6400.0,7611.006215946121,2711.134604003746,32977.75846300647,10618.766304347826
1781646793,150,POST,/likes,0.000000,0.000000,2100,2100,2100,2100,2100,2100,2100,2100,2100,2100,2100,15,0,960.0,1280.2995553395401,16.916414024308324,3979.196899017552,178.86666666666667
1781646793,150,POST,/posts,0.700000,0.000000,370,370,4800,4800,5200,5200,5200,5200,5200,5200,5200,34,0,380.0,1392.66760838355,5.508272006409243,5160.9811520029325,225.7941176470588
1781646793,150,GET,/timeline/{user_id},5.400000,0.300000,6200,7100,7700,7800,8200,8500,8800,37000,37000,37000,37000,278,12,3900.0,5525.454963446451,429.5103719923645,37270.00297498307,5512.140287769784
1781646793,150,GET,/users/{user_id},1.700000,0.200000,540,1300,4800,4800,5500,32000,32000,32000,32000,32000,32000,94,3,300.0,2125.313847478692,4.915192985208705,32966.156211012276,260.01063829787233
1781646793,150,,Aggregated,21.900000,1.400000,4300,5500,6400,6900,8500,9300,10000,30000,37000,37000,37000,1022,35,3200.0,4365.817338603783,4.170818981947377,37270.00297498307,6254.624266144814
1781646795,150,GET,/feed/{user_id},10.100000,0.300000,500,3900,4900,4900,6100,6400,42000,42000,42000,42000,42000,425,11,1300.0,3274.5916214370277,4.170818981947377,42167.266678006854,6869.543529411765
1781646795,150,GET,/feed/{user_id}?with_fof=true,4.800000,0.500000,8700,9200,9900,10000,44000,47000,47000,47000,47000,47000,47000,189,9,6500.0,8614.180699185772,2711.134604003746,47128.310353000415,10643.671957671957
1781646795,150,POST,/likes,0.000000,0.000000,550,550,41000,41000,41000,41000,41000,41000,41000,41000,41000,17,0,960.0,3584.0162151212367,16.916414024308324,41177.69079198479,178.76470588235293
1781646795,150,POST,/posts,0.500000,0.000000,4800,4800,5200,5200,5200,5200,5200,5200,5200,5200,5200,34,0,380.0,1392.66760838355,5.508272006409243,5160.9811520029325,225.7941176470588
1781646795,150,GET,/timeline/{user_id},5.500000,0.300000,6800,7700,8100,8300,40000,42000,44000,44000,44000,44000,44000,286,12,4000.0,6299.671215965442,429.5103719923645,44133.26102000428,5505.975524475524
1781646795,150,GET,/users/{user_id},1.700000,0.200000,540,4800,4900,5300,41000,42000,42000,42000,42000,42000,42000,97,3,540.0,2973.015751123798,4.915192985208705,42159.736137022264,260.1443298969072
1781646795,150,,Aggregated,22.600000,1.300000,4800,5900,6900,8100,10000,42000,44000,45000,47000,47000,47000,1048,35,3200.0,4979.149867580223,4.170818981947377,47128.310353000415,6242.241412213741
1781646796,150,GET,/feed/{user_id},9.900000,0.300000,720,4200,5100,5400,6100,6800,42000,42000,42000,42000,42000,435,11,1300.0,3274.942131981056,4.170818981947377,42167.266678006854,6903.19540229885
1781646796,150,GET,/feed/{user_id}?with_fof=true,4.500000,0.400000,8800,9600,10000,10000,44000,47000,47000,47000,47000,47000,47000,194,9,6400.0,8595.162078779018,2711.134604003746,47128.310353000415,10660.329896907217
1781646796,150,POST,/likes,0.000000,0.000000,550,550,41000,41000,41000,41000,41000,41000,41000,41000,41000,17,0,960.0,3584.0162151212367,16.916414024308324,41177.69079198479,178.76470588235293
1781646796,150,POST,/posts,0.500000,0.000000,4800,4800,5200,5200,5200,5200,5200,5200,5200,5200,5200,34,0,380.0,1392.66760838355,5.508272006409243,5160.9811520029325,225.7941176470588
1781646796,150,GET,/timeline/{user_id},5.700000,0.300000,6900,7800,8300,8500,40000,42000,44000,44000,44000,44000,44000,293,12,4000.0,6298.364258611376,429.5103719923645,44133.26102000428,5517.883959044369
1781646796,150,GET,/users/{user_id},1.700000,0.200000,860,4800,5300,5500,6900,41000,42000,42000,42000,42000,42000,99,3,610.0,3051.1313545960943,4.915192985208705,42159.736137022264,260.3636363636364
1781646796,150,,Aggregated,22.300000,1.200000,4900,6100,7500,8500,10000,42000,44000,45000,47000,47000,47000,1072,35,3300.0,4988.640836674567,4.170818981947377,47128.310353000415,6272.598880597015
1781646797,150,GET,/feed/{user_id},9.600000,0.000000,810,4800,5300,5400,6100,6800,42000,42000,42000,42000,42000,445,11,1300.0,3295.8212199253344,4.170818981947377,42167.266678006854,6897.966292134832
1781646797,150,GET,/feed/{user_id}?with_fof=true,4.200000,0.000000,8800,9600,10000,11000,44000,45000,47000,47000,47000,47000,47000,199,9,6500.0,8594.239033216783,2711.134604003746,47128.310353000415,10672.547738693467
1781646797,150,POST,/likes,0.100000,0.000000,550,550,41000,41000,41000,41000,41000,41000,41000,41000,41000,17,0,960.0,3584.0162151212367,16.916414024308324,41177.69079198479,178.76470588235293
1781646797,150,POST,/posts,0.400000,0.000000,4800,4800,5200,5200,5200,5200,5200,5200,5200,5200,5200,34,0,380.0,1392.66760838355,5.508272006409243,5160.9811520029325,225.7941176470588
1781646797,150,GET,/timeline/{user_id},5.600000,0.000000,7100,8100,8500,8800,41000,42000,44000,44000,44000,44000,44000,294,12,4000.0,6304.592388908662,429.5103719923645,44133.26102000428,5517.816326530612
1781646797,150,GET,/users/{user_id},2.000000,0.100000,1200,4800,5500,5500,6900,41000,42000,42000,42000,42000,42000,101,3,620.0,3056.8913521390928,4.915192985208705,42159.736137022264,260.5742574257426
1781646797,150,,Aggregated,21.900000,0.100000,5100,6200,7600,8500,11000,42000,44000,45000,47000,47000,47000,1090,35,3300.0,4997.678141031383,4.170818981947377,47128.310353000415,6286.884403669725
1781646798,150,GET,/feed/{user_id},9.100000,0.000000,1000,4900,5400,5800,6100,6800,42000,42000,42000,42000,42000,455,11,1300.0,3276.819514777514,4.170818981947377,42167.266678006854,6879.698901098901
1781646798,150,GET,/feed/{user_id}?with_fof=true,4.300000,0.000000,8800,10000,11000,11000,44000,45000,47000,47000,47000,47000,47000,206,9,6500.0,8586.670525350271,2711.134604003746,47128.310353000415,10708.509708737864
1781646798,150,POST,/likes,0.300000,0.000000,550,550,41000,41000,41000,41000,41000,41000,41000,41000,41000,18,0,550.0,3386.0391192251377,16.916414024308324,41177.69079198479,178.77777777777777
1781646798,150,POST,/posts,0.400000,0.000000,4800,4800,5200,5200,5200,5200,5200,5200,5200,5200,5200,35,0,380.0,1353.359035173032,5.508272006409243,5160.9811520029325,225.8
1781646798,150,GET,/timeline/{user_id},5.900000,0.000000,7600,8200,8500,8800,41000,42000,44000,44000,44000,44000,44000,298,12,4000.0,6289.181962507135,429.5103719923645,44133.26102000428,5525.020134228188
1781646798,150,GET,/users/{user_id},2.000000,0.000000,4800,5300,5500,5500,6900,41000,42000,42000,42000,42000,42000,104,3,650.0,3121.3857272212827,4.915192985208705,42159.736137022264,260.75
1781646798,150,,Aggregated,22.000000,0.000000,5200,6100,7600,8500,11000,42000,44000,45000,47000,47000,47000,1116,35,3300.0,4988.282812079903,4.170818981947377,47128.310353000415,6291.138888888889
1781646799,150,GET,/feed/{user_id},9.700000,0.000000,810,4800,5400,5800,6100,6800,42000,42000,42000,42000,42000,460,11,1300.0,3243.8583591798542,4.170818981947377,42167.266678006854,6883.789130434782
1781646799,150,GET,/feed/{user_id}?with_fof=true,4.500000,0.000000,9200,10000,11000,11000,44000,45000,47000,47000,47000,47000,47000,212,9,6500.0,8607.05718033102,2711.134604003746,47128.310353000415,10721.42924528302
1781646799,150,POST,/likes,0.300000,0.000000,550,4400,4400,41000,41000,41000,41000,41000,41000,41000,41000,19,0,960.0,3438.407913319105,16.916414024308324,41177.69079198479,178.78947368421052
1781646799,150,POST,/posts,0.400000,0.000000,18,22,4800,4800,5200,5200,5200,5200,5200,5200,5200,38,0,220.0,1247.5022639754523,5.508272006409243,5160.9811520029325,225.78947368421052
1781646799,150,GET,/timeline/{user_id},6.200000,0.000000,7200,8300,8500,9500,41000,42000,44000,44000,44000,44000,44000,304,12,4000.0,6267.860329960968,429.5103719923645,44133.26102000428,5525.078947368421
1781646799,150,GET,/users/{user_id},2.200000,0.000000,4800,5300,5500,5500,6900,41000,42000,42000,42000,42000,42000,107,3,710.0,3133.5079686726535,4.915192985208705,42159.736137022264,260.98130841121497
1781646799,150,,Aggregated,23.300000,0.000000,5200,6200,7900,8800,11000,42000,44000,45000,47000,47000,47000,1140,35,3300.0,4973.965523502761,4.170818981947377,47128.310353000415,6279.835087719298
1781646800,150,GET,/feed/{user_id},9.400000,0.000000,690,4200,5300,5400,6100,6800,42000,42000,42000,42000,42000,465,11,1300.0,3224.123529629514,4.170818981947377,42167.266678006854,6844.337634408602
1781646800,150,GET,/feed/{user_id}?with_fof=true,4.500000,0.000000,9200,10000,11000,11000,44000,45000,47000,47000,47000,47000,47000,215,9,6500.0,8557.707006103214,2711.134604003746,47128.310353000415,10728.558139534884
1781646800,150,POST,/likes,0.300000,0.000000,550,4400,4400,41000,41000,41000,41000,41000,41000,41000,41000,19,0,960.0,3438.407913319105,16.916414024308324,41177.69079198479,178.78947368421052
1781646800,150,POST,/posts,0.300000,0.000000,18,22,3500,3500,4800,4800,4800,4800,4800,4800,4800,39,0,370.0,1305.7845170782784,5.508272006409243,5160.9811520029325,225.7948717948718
1781646800,150,GET,/timeline/{user_id},5.500000,0.000000,7100,8300,8800,9500,41000,42000,44000,44000,44000,44000,44000,309,12,4000.0,6256.610727359516,429.5103719923645,44133.26102000428,5537.449838187702
1781646800,150,GET,/users/{user_id},2.100000,0.000000,5000,5400,5500,5700,6900,41000,42000,42000,42000,42000,42000,108,3,650.0,3104.638242055242,4.915192985208705,42159.736137022264,261.06481481481484
1781646800,150,,Aggregated,22.100000,0.000000,5100,5900,7600,8800,11000,42000,44000,45000,47000,47000,47000,1155,35,3300.0,4955.821159311764,4.170818981947377,47128.310353000415,6269.0277056277055
1781646801,150,GET,/feed/{user_id},10.000000,0.000000,810,4000,5200,5400,5900,7200,42000,42000,42000,42000,42000,469,11,1200.0,3214.59193576691,4.170818981947377,42167.266678006854,6849.108742004264
1781646801,150,GET,/feed/{user_id}?with_fof=true,4.900000,0.000000,9900,11000,11000,11000,44000,45000,47000,47000,47000,47000,47000,221,9,6500.0,8549.995353914892,2711.134604003746,47128.310353000415,10709.41628959276
1781646801,150,POST,/likes,0.400000,0.000000,550,4400,4400,41000,41000,41000,41000,41000,41000,41000,41000,19,0,960.0,3438.407913319105,16.916414024308324,41177.69079198479,178.78947368421052
1781646801,150,POST,/posts,0.400000,0.000000,18,22,3500,3500,4800,4800,4800,4800,4800,4800,4800,40,0,220.0,1273.5847054260375,5.508272006409243,5160.9811520029325,225.775
1781646801,150,GET,/timeline/{user_id},5.300000,0.000000,6700,8300,9300,9500,41000,42000,44000,44000,44000,44000,44000,311,12,4000.0,6232.341998736629,429.5103719923645,44133.26102000428,5541.199356913184
1781646801,150,GET,/users/{user_id},2.400000,0.000000,5200,5400,5700,6800,41000,42000,42000,42000,42000,42000,42000,108,3,650.0,3104.638242055242,4.915192985208705,42159.736137022264,261.06481481481484
1781646801,150,,Aggregated,23.400000,0.000000,5200,6200,8100,9500,12000,42000,44000,47000,47000,47000,47000,1168,35,3300.0,4954.644710110473,4.170818981947377,47128.310353000415,6286.771404109589
1781646802,150,GET,/feed/{user_id},9.200000,0.000000,680,4500,5400,5400,6100,7200,42000,42000,42000,42000,42000,477,11,1200.0,3207.7049640978908,4.170818981947377,42167.266678006854,6879.4612159329145
1781646802,150,GET,/feed/{user_id}?with_fof=true,5.000000,0.000000,9500,11000,11000,12000,44000,45000,47000,47000,47000,47000,47000,226,9,6500.0,8578.853502252889,2711.134604003746,47128.310353000415,10703.853982300885
1781646802,150,POST,/likes,0.500000,0.000000,550,4400,4400,41000,41000,41000,41000,41000,41000,41000,41000,19,0,960.0,3438.407913319105,16.916414024308324,41177.69079198479,178.78947368421052
1781646802,150,POST,/posts,0.700000,0.000000,18,22,3500,3500,6700,6700,6700,6700,6700,6700,6700,41,0,370.0,1406.3905860743168,5.508272006409243,6718.6258120054845,225.78048780487805
1781646802,150,GET,/timeline/{user_id},5.400000,0.000000,6500,8600,9400,9500,41000,42000,44000,44000,44000,44000,44000,316,12,4000.0,6226.3910363832065,429.5103719923645,44133.26102000428,5555.816455696203
1781646802,150,GET,/users/{user_id},2.300000,0.000000,5300,5400,5700,6700,6900,41000,42000,42000,42000,42000,42000,111,3,710.0,3130.03642922519,4.915192985208705,42159.736137022264,261.3333333333333
1781646802,150,,Aggregated,23.100000,0.000000,5300,6200,8100,9500,12000,42000,44000,47000,47000,47000,47000,1190,35,3400.0,4963.749188997516,4.170818981947377,47128.310353000415,6300.7344537815125
1781646803,150,GET,/feed/{user_id},9.100000,0.000000,810,5100,5300,5400,6100,7200,42000,42000,42000,42000,42000,490,11,1200.0,3150.991981183072,4.170818981947377,42167.266678006854,6844.591836734694
1781646803,150,GET,/feed/{user_id}?with_fof=true,5.200000,0.000000,9500,11000,11000,12000,44000,45000,47000,47000,47000,47000,47000,232,9,6500.0,8539.880085241999,2711.134604003746,47128.310353000415,10692.814655172413
1781646803,150,POST,/likes,0.500000,0.000000,4400,4400,41000,41000,41000,41000,41000,41000,41000,41000,41000,19,0,960.0,3438.407913319105,16.916414024308324,41177.69079198479,178.78947368421052
1781646803,150,POST,/posts,0.800000,0.000000,18,22,1800,3500,6700,6700,6700,6700,6700,6700,6700,42,0,370.0,1414.8194744539935,5.508272006409243,6718.6258120054845,225.78571428571428
1781646803,150,GET,/timeline/{user_id},5.200000,0.000000,6600,8900,9500,9500,41000,42000,44000,44000,44000,44000,44000,322,12,4000.0,6216.732544298353,429.5103719923645,44133.26102000428,5573.804347826087
1781646803,150,GET,/users/{user_id},2.300000,0.000000,5300,5500,6700,6800,41000,42000,42000,42000,42000,42000,42000,114,3,650.0,3095.581180008594,4.915192985208705,42159.736137022264,261.43859649122805
1781646803,150,,Aggregated,23.100000,0.000000,5300,6300,8100,9500,12000,42000,44000,47000,47000,47000,47000,1219,35,3400.0,4925.90201199428,4.170818981947377,47128.310353000415,6293.709598031173
1781646804,150,GET,/feed/{user_id},9.100000,0.000000,1200,4900,5300,5300,5600,6200,6900,7200,7200,7200,7200,496,11,1200.0,3164.3211306404296,4.170818981947377,42167.266678006854,6852.193548387097
1781646804,150,GET,/feed/{user_id}?with_fof=true,5.200000,0.000000,7900,10000,11000,11000,12000,12000,12000,12000,12000,12000,12000,239,9,6500.0,8524.861422619586,2711.134604003746,47128.310353000415,10716.138075313807
1781646804,150,POST,/likes,0.500000,0.000000,660,4400,4400,41000,41000,41000,41000,41000,41000,41000,41000,20,0,660.0,3299.702569252986,16.916414024308324,41177.69079198479,178.8
1781646804,150,POST,/posts,0.800000,0.000000,18,22,1800,3500,6700,6700,6700,6700,6700,6700,6700,42,0,370.0,1414.8194744539935,5.508272006409243,6718.6258120054845,225.78571428571428
1781646804,150,GET,/timeline/{user_id},5.200000,0.000000,5800,7600,8500,8900,9500,9500,10000,10000,10000,10000,10000,325,12,4000.0,6210.2188961448755,429.5103719923645,44133.26102000428,5602.3138461538465
1781646804,150,GET,/users/{user_id},2.300000,0.000000,5200,5400,5500,5700,6800,6900,6900,6900,6900,6900,6900,115,3,650.0,3072.4798328260913,4.915192985208705,42159.736137022264,261.5217391304348
1781646804,150,,Aggregated,23.100000,0.000000,5200,5800,6700,7700,10000,11000,12000,12000,12000,12000,12000,1237,35,3400.0,4934.533510216609,4.170818981947377,47128.310353000415,6324.76232821342
1781646805,150,GET,/feed/{user_id},8.400000,0.000000,1200,4500,5100,5300,5400,5900,6200,7200,7200,7200,7200,499,11,1200.0,3153.6106243379645,4.170818981947377,42167.266678006854,6843.931863727455
1781646805,150,GET,/feed/{user_id}?with_fof=true,5.300000,0.000000,6800,10000,11000,11000,12000,12000,12000,12000,12000,12000,12000,243,9,6500.0,8475.00373055996,2711.134604003746,47128.310353000415,10711.35390946502
1781646805,150,POST,/likes,0.500000,0.000000,660,660,4400,4400,4400,4400,4400,4400,4400,4400,4400,20,0,660.0,3299.702569252986,16.916414024308324,41177.69079198479,178.8
1781646805,150,POST,/posts,0.900000,0.000000,18,18,1800,3500,6700,6700,6700,6700,6700,6700,6700,43,0,370.0,1382.310876862395,5.508272006409243,6718.6258120054845,225.7906976744186
1781646805,150,GET,/timeline/{user_id},4.900000,0.000000,5800,7600,8300,8800,9400,9700,10000,10000,10000,10000,10000,333,12,4100.0,6218.220178964223,429.5103719923645,44133.26102000428,5599.807807807808
1781646805,150,GET,/users/{user_id},2.400000,0.000000,4600,5200,5400,5400,5700,6700,6700,6700,6700,6700,6700,119,3,710.0,3065.992149403573,4.915192985208705,42159.736137022264,261.7563025210084
1781646805,150,,Aggregated,22.400000,0.000000,5000,5700,6500,7700,9900,11000,12000,12000,12000,12000,12000,1257,35,3400.0,4927.630399789155,4.170818981947377,47128.310353000415,6306.404932378679
1781646806,150,GET,/feed/{user_id},8.400000,0.000000,1200,4500,5100,5300,6300,7200,7600,7700,7700,7700,7700,511,11,1300.0,3191.192630613829,4.170818981947377,42167.266678006854,6827.264187866927
1781646806,150,GET,/feed/{user_id}?with_fof=true,5.300000,0.000000,6800,10000,11000,11000,12000,12000,12000,12000,12000,12000,12000,246,9,6500.0,8472.752103000184,2711.134604003746,47128.310353000415,10665.605691056911
1781646806,150,POST,/likes,0.500000,0.000000,4400,4400,6800,6800,6800,6800,6800,6800,6800,6800,6800,21,0,960.0,3467.9874820978425,16.916414024308324,41177.69079198479,178.85714285714286
1781646806,150,POST,/posts,0.900000,0.000000,18,18,1800,3500,6700,6700,6700,6700,6700,6700,6700,43,0,370.0,1382.310876862395,5.508272006409243,6718.6258120054845,225.7906976744186
1781646806,150,GET,/timeline/{user_id},4.900000,0.000000,5800,7600,8300,8400,9300,9500,10000,10000,10000,10000,10000,340,12,4100.0,6212.681216585471,429.5103719923645,44133.26102000428,5585.641176470588
1781646806,150,GET,/users/{user_id},2.400000,0.000000,4600,5200,5400,5400,6700,7700,7700,7700,7700,7700,7700,120,3,710.0,3104.891892183514,4.915192985208705,42159.736137022264,261.7916666666667
1781646806,150,,Aggregated,22.400000,0.000000,5000,5800,6800,7700,9500,11000,12000,12000,12000,12000,12000,1281,35,3500.0,4943.1398884558375,4.170818981947377,47128.310353000415,6289.202966432475
1781646807,150,GET,/feed/{user_id},7.900000,0.000000,1400,4500,5000,5300,6800,7600,7600,7700,7700,7700,7700,515,11,1300.0,3187.3674389759863,4.170818981947377,42167.266678006854,6843.1980582524275
1781646807,150,GET,/feed/{user_id}?with_fof=true,5.500000,0.000000,7900,10000,11000,11000,12000,12000,13000,13000,13000,13000,13000,249,9,6500.0,8510.042976903826,2711.134604003746,47128.310353000415,10682.024096385541
1781646807,150,POST,/likes,0.500000,0.000000,4400,4400,6800,6800,6800,6800,6800,6800,6800,6800,6800,21,0,960.0,3467.9874820978425,16.916414024308324,41177.69079198479,178.85714285714286
1781646807,150,POST,/posts,0.800000,0.000000,18,390,1800,3500,6700,6700,6700,6700,6700,6700,6700,44,0,370.0,1359.653634751422,5.508272006409243,6718.6258120054845,225.79545454545453
1781646807,150,GET,/timeline/{user_id},4.700000,0.000000,5800,8000,8400,8800,9300,9500,10000,10000,10000,10000,10000,347,12,4100.0,6192.572283409423,429.5103719923645,44133.26102000428,5588.688760806916
1781646807,150,GET,/users/{user_id},2.100000,0.000000,3300,4600,5200,5400,6700,7700,7700,7700,7700,7700,7700,123,3,710.0,3071.2528393414095,4.915192985208705,42159.736137022264,261.7560975609756
1781646807,150,,Aggregated,21.500000,0.000000,4700,5800,7200,8300,9500,11000,12000,12000,13000,13000,13000,1299,35,3500.0,4942.058591960633,4.170818981947377,47128.310353000415,6288.862971516552
1781646808,150,GET,/feed/{user_id},7.300000,0.000000,1700,4700,5000,5300,6300,7200,7600,7700,7700,7700,7700,523,11,1300.0,3178.191636685724,4.170818981947377,42167.266678006854,6843.237093690249
1781646808,150,GET,/feed/{user_id}?with_fof=true,5.400000,0.000000,6300,9500,11000,11000,12000,12000,13000,13000,13000,13000,13000,252,9,6500.0,8467.74795088912,2711.134604003746,47128.310353000415,10684.805555555555
1781646808,150,POST,/likes,0.300000,0.000000,4400,4400,6800,6800,6800,6800,6800,6800,6800,6800,6800,21,0,960.0,3467.9874820978425,16.916414024308324,41177.69079198479,178.85714285714286
1781646808,150,POST,/posts,0.900000,0.000000,1800,1800,3500,3500,6700,6700,6700,6700,6700,6700,6700,44,0,370.0,1359.653634751422,5.508272006409243,6718.6258120054845,225.79545454545453
1781646808,150,GET,/timeline/{user_id},4.700000,0.000000,5800,8200,8400,8600,9200,9500,10000,10000,10000,10000,10000,353,12,4100.0,6192.529042065328,429.5103719923645,44133.26102000428,5575.7337110481585
1781646808,150,GET,/users/{user_id},2.000000,0.000000,3300,4400,5200,5200,6700,7700,7700,7700,7700,7700,7700,123,3,710.0,3071.2528393414095,4.915192985208705,42159.736137022264,261.7560975609756
1781646808,150,,Aggregated,20.600000,0.000000,4800,5800,6800,7900,9500,11000,12000,12000,13000,13000,13000,1316,35,3500.0,4933.469648747612,4.170818981947377,47128.310353000415,6296.128419452887
1781646809,150,GET,/feed/{user_id},7.600000,0.000000,1500,4700,5000,5300,6300,7200,7600,7700,7700,7700,7700,529,11,1300.0,3154.4810514718856,4.170818981947377,42167.266678006854,6849.665406427222
1781646809,150,GET,/feed/{user_id}?with_fof=true,5.200000,0.000000,6800,9500,11000,11000,12000,12000,13000,13000,13000,13000,13000,258,9,6500.0,8444.328197232737,2711.134604003746,47128.310353000415,10706.019379844962
1781646809,150,POST,/likes,0.400000,0.000000,4400,4400,6800,6800,6800,6800,6800,6800,6800,6800,6800,21,0,960.0,3467.9874820978425,16.916414024308324,41177.69079198479,178.85714285714286
1781646809,150,POST,/posts,0.900000,0.000000,390,1800,1800,6700,6700,6700,6700,6700,6700,6700,6700,44,0,370.0,1359.653634751422,5.508272006409243,6718.6258120054845,225.79545454545453
1781646809,150,GET,/timeline/{user_id},4.700000,0.000000,6000,8200,8400,8600,9200,9700,11000,11000,11000,11000,11000,359,12,4100.0,6181.706679119923,429.5103719923645,44133.26102000428,5595.058495821727
1781646809,150,GET,/users/{user_id},2.100000,0.000000,780,4400,4700,5200,6700,7700,7700,7700,7700,7700,7700,127,3,710.0,3017.7871252439445,4.915192985208705,42159.736137022264,261.9212598425197
1781646809,150,,Aggregated,20.900000,0.000000,4900,5800,7200,8200,9500,11000,12000,12000,13000,13000,13000,1338,35,3500.0,4919.6571830178,4.170818981947377,47128.310353000415,6308.824364723468
1781646810,150,GET,/feed/{user_id},7.000000,0.000000,2400,4700,5000,5100,5600,6800,7600,7700,7700,7700,7700,540,11,1300.0,3150.1322385973053,4.170818981947377,42167.266678006854,6856.924074074074
1781646810,150,GET,/feed/{user_id}?with_fof=true,5.000000,0.000000,5900,9500,10000,11000,11000,12000,13000,13000,13000,13000,13000,264,9,6500.0,8403.629762670653,2711.134604003746,47128.310353000415,10694.954545454546
1781646810,150,POST,/likes,0.400000,0.000000,6800,6800,6800,6800,6800,6800,6800,6800,6800,6800,6800,21,0,960.0,3467.9874820978425,16.916414024308324,41177.69079198479,178.85714285714286
1781646810,150,POST,/posts,1.000000,0.000000,1800,4200,4200,6700,6700,6700,6700,6700,6700,6700,6700,45,0,380.0,1421.7776912898344,5.508272006409243,6718.6258120054845,225.8
1781646810,150,GET,/timeline/{user_id},5.300000,0.000000,6300,8000,8300,8500,9200,9700,10000,11000,11000,11000,11000,369,12,4100.0,6168.864444604505,429.5103719923645,44133.26102000428,5607.758807588076
1781646810,150,GET,/users/{user_id},2.200000,0.000000,760,3300,4600,4700,5400,6700,7700,7700,7700,7700,7700,132,3,710.0,2920.5567318561157,4.915192985208705,42159.736137022264,262.07575757575756
1781646810,150,,Aggregated,20.900000,0.000000,4800,5600,6800,7800,9300,11000,11000,12000,13000,13000,13000,1371,35,3500.0,4900.263944627101,4.170818981947377,47128.310353000415,6304.873085339169
1781646811,150,GET,/feed/{user_id},6.800000,0.000000,4000,4800,5100,6300,30000,33000,57000,57000,57000,57000,57000,562,13,1400.0,3846.7442829797196,4.170818981947377,56877.33367498731,6829.419928825623
1781646811,150,GET,/feed/{user_id}?with_fof=true,4.600000,0.000000,5900,9400,10000,11000,12000,13000,59000,59000,59000,59000,59000,272,9,6500.0,8760.080360364183,2711.134604003746,58879.49723700876,10682.014705882353
1781646811,150,POST,/likes,0.300000,0.000000,6800,6800,6800,6800,6800,6800,6800,6800,6800,6800,6800,21,0,960.0,3467.9874820978425,16.916414024308324,41177.69079198479,178.85714285714286
1781646811,150,POST,/posts,0.900000,0.000000,1800,4200,4200,57000,57000,57000,57000,57000,57000,57000,57000,46,1,380.0,2626.9533162400044,5.508272006409243,56859.85643899767,221.34782608695653
1781646811,150,GET,/timeline/{user_id},5.500000,0.000000,6600,8300,8600,9200,57000,58000,59000,59000,59000,59000,59000,379,12,4100.0,7127.620975992148,429.5103719923645,58875.401220982894,5594.0527704485485
1781646811,150,GET,/users/{user_id},1.900000,0.000000,760,3700,4600,4600,7700,30000,32000,32000,32000,32000,32000,137,3,710.0,3296.011141956194,3.477889986243099,42159.736137022264,262.2919708029197
1781646811,150,,Aggregated,20.000000,0.000000,4900,6300,8300,9200,27000,57000,58000,59000,59000,59000,59000,1417,38,3700.0,5568.949619670975,3.477889986243099,58879.49723700876,6290.515172900494
1781646812,150,GET,/feed/{user_id},7.500000,0.000000,4100,4900,5100,6800,31000,57000,57000,57000,57000,57000,57000,567,13,1400.0,3819.6608737840806,4.170818981947377,56877.33367498731,6846.910052910053
1781646812,150,GET,/feed/{user_id}?with_fof=true,4.900000,0.000000,5900,9400,11000,11000,12000,13000,59000,59000,59000,59000,59000,274,9,6500.0,8752.0676690987,2711.134604003746,58879.49723700876,10689.478102189782
1781646812,150,POST,/likes,0.200000,0.000000,6800,6800,6800,6800,6800,6800,6800,6800,6800,6800,6800,21,0,960.0,3467.9874820978425,16.916414024308324,41177.69079198479,178.85714285714286
1781646812,150,POST,/posts,0.600000,0.000000,920,1800,4200,4200,57000,57000,57000,57000,57000,57000,57000,48,1,380.0,2536.9044507715444,5.508272006409243,56859.85643899767,221.5
1781646812,150,GET,/timeline/{user_id},6.000000,0.000000,6700,8300,8600,9200,58000,58000,59000,59000,59000,59000,59000,382,12,4100.0,7116.409719044576,429.5103719923645,58875.401220982894,5605.958115183246
1781646812,150,GET,/users/{user_id},2.400000,0.000000,750,3300,4400,4600,7700,30000,32000,32000,32000,32000,32000,138,3,710.0,3272.2076700434704,3.477889986243099,42159.736137022264,262.3550724637681
1781646812,150,,Aggregated,21.600000,0.000000,4900,6500,8400,9200,30000,57000,58000,59000,59000,59000,59000,1430,38,3600.0,5544.3682368326745,3.477889986243099,58879.49723700876,6295.932867132867
1781646813,150,GET,/feed/{user_id},9.300000,0.200000,4000,4900,5700,6800,31000,57000,57000,57000,57000,57000,57000,575,13,1400.0,3808.289742907003,4.170818981947377,56877.33367498731,6869.826086956522
1781646813,150,GET,/feed/{user_id}?with_fof=true,5.100000,0.000000,5800,9400,11000,11000,13000,58000,59000,59000,59000,59000,59000,275,9,6500.0,8754.30858649113,2711.134604003746,58879.49723700876,10694.396363636364
1781646813,150,POST,/likes,0.200000,0.000000,6800,6800,6800,6800,6800,6800,6800,6800,6800,6800,6800,21,0,960.0,3467.9874820978425,16.916414024308324,41177.69079198479,178.85714285714286
1781646813,150,POST,/posts,0.600000,0.100000,920,4200,7200,7200,57000,57000,57000,57000,57000,57000,57000,49,1,390.0,2632.5278153681024,5.508272006409243,56859.85643899767,221.59183673469389
1781646813,150,GET,/timeline/{user_id},6.800000,0.000000,6600,8300,8600,9200,57000,58000,59000,59000,59000,59000,59000,388,12,4200.0,7091.786113984709,429.5103719923645,58875.401220982894,5627.70618556701
1781646813,150,GET,/users/{user_id},2.900000,0.000000,750,3300,4400,4600,7700,30000,32000,32000,32000,32000,32000,140,3,670.0,3231.3617908000847,3.477889986243099,42159.736137022264,262.4428571428571
1781646813,150,,Aggregated,24.900000,0.300000,4800,6500,8300,8900,30000,57000,58000,59000,59000,59000,59000,1448,38,3700.0,5526.952159165572,3.477889986243099,58879.49723700876,6302.496546961326
1781646814,150,GET,/feed/{user_id},9.300000,0.200000,4000,4900,5600,6400,30000,33000,57000,57000,57000,57000,57000,581,13,1400.0,3795.6505232658797,4.170818981947377,56877.33367498731,6867.77108433735
1781646814,150,GET,/feed/{user_id}?with_fof=true,5.100000,0.000000,6800,9500,10000,11000,13000,58000,59000,59000,59000,59000,59000,280,9,6500.0,8721.835547296676,2711.134604003746,58879.49723700876,10697.085714285715
1781646814,150,POST,/likes,0.200000,0.000000,6800,6800,6800,6800,6800,6800,6800,6800,6800,6800,6800,21,0,960.0,3467.9874820978425,16.916414024308324,41177.69079198479,178.85714285714286
1781646814,150,POST,/posts,0.600000,0.100000,4200,4800,7200,7200,57000,57000,57000,57000,57000,57000,57000,50,1,390.0,2676.7873738205526,5.508272006409243,56859.85643899767,221.7
1781646814,150,GET,/timeline/{user_id},6.800000,0.000000,6500,8300,8600,9200,57000,58000,59000,59000,59000,59000,59000,394,12,4200.0,7119.261314639862,429.5103719923645,58875.401220982894,5614.875634517766
1781646814,150,GET,/users/{user_id},2.900000,0.000000,750,790,4400,4600,7700,30000,32000,32000,32000,32000,32000,141,3,670.0,3212.0240831773244,3.477889986243099,42159.736137022264,262.40425531914894
1781646814,150,,Aggregated,24.900000,0.300000,4900,6500,8200,9200,30000,57000,58000,59000,59000,59000,59000,1467,38,3700.0,5529.610338631034,3.477889986243099,58879.49723700876,6305.017041581459
1781646815,150,GET,/feed/{user_id},8.400000,0.200000,4000,4900,5200,5600,30000,33000,57000,57000,57000,57000,57000,592,13,1400.0,3802.7836130279097,4.170818981947377,56877.33367498731,6874.991554054054
1781646815,150,GET,/feed/{user_id}?with_fof=true,4.300000,0.000000,8700,9900,10000,11000,13000,58000,59000,59000,59000,59000,59000,286,9,6500.0,8733.63582207018,2711.134604003746,58879.49723700876,10704.968531468532
1781646815,150,POST,/likes,0.200000,0.000000,6800,6800,6800,6800,6800,6800,6800,6800,6800,6800,6800,21,0,960.0,3467.9874820978425,16.916414024308324,41177.69079198479,178.85714285714286
1781646815,150,POST,/posts,0.700000,0.100000,4200,4800,6400,7200,57000,57000,57000,57000,57000,57000,57000,52,1,600.0,2732.683870135448,5.508272006409243,56859.85643899767,221.78846153846155
1781646815,150,GET,/timeline/{user_id},6.600000,0.000000,6500,8200,8900,9200,57000,58000,59000,59000,59000,59000,59000,404,12,4200.0,7086.646276193266,429.5103719923645,58875.401220982894,5627.913366336634
1781646815,150,GET,/users/{user_id},2.700000,0.000000,670,790,4600,4700,5100,30000,32000,32000,32000,32000,32000,143,3,710.0,3237.085435825231,3.477889986243099,42159.736137022264,262.4825174825175
1781646815,150,,Aggregated,22.900000,0.300000,4900,6300,8500,9200,30000,57000,58000,59000,59000,59000,59000,1498,38,3700.0,5533.980878037896,3.477889986243099,58879.49723700876,6313.829773030708
1781646816,150,GET,/feed/{user_id},8.400000,0.200000,3900,4900,5200,5600,30000,33000,57000,57000,57000,57000,57000,599,13,1400.0,3772.835955104419,4.170818981947377,56877.33367498731,6886.255425709516
1781646816,150,GET,/feed/{user_id}?with_fof=true,4.300000,0.000000,6800,9600,10000,10000,11000,13000,59000,59000,59000,59000,59000,292,9,6500.0,8721.011850051687,2711.134604003746,58879.49723700876,10728.29109589041
1781646816,150,POST,/likes,0.200000,0.000000,6800,6800,6800,6800,6800,6800,6800,6800,6800,6800,6800,22,0,960.0,3568.731203729509,16.916414024308324,41177.69079198479,178.86363636363637
1781646816,150,POST,/posts,0.700000,0.100000,4200,4800,6400,7200,57000,57000,57000,57000,57000,57000,57000,52,1,600.0,2732.683870135448,5.508272006409243,56859.85643899767,221.78846153846155
1781646816,150,GET,/timeline/{user_id},6.600000,0.000000,6500,8000,8800,9500,57000,58000,59000,59000,59000,59000,59000,408,12,4200.0,7093.826078865373,429.5103719923645,58875.401220982894,5626.291666666667
1781646816,150,GET,/users/{user_id},2.700000,0.000000,760,1700,4400,4600,5100,30000,32000,32000,32000,32000,32000,146,3,710.0,3203.1767068973786,3.477889986243099,42159.736137022264,262.45205479452056
1781646816,150,,Aggregated,22.900000,0.300000,4900,6400,8200,9300,30000,57000,58000,59000,59000,59000,59000,1519,38,3700.0,5522.725927870844,3.477889986243099,58879.49723700876,6324.450954575378
1781646817,150,GET,/feed/{user_id},9.300000,0.200000,2000,4800,5100,5400,30000,33000,57000,57000,57000,57000,57000,605,13,1400.0,3745.711800486833,4.170818981947377,56877.33367498731,6876.16694214876
1781646817,150,GET,/feed/{user_id}?with_fof=true,4.300000,0.000000,6800,9600,10000,10000,11000,13000,59000,59000,59000,59000,59000,295,9,6500.0,8686.362146712072,2711.134604003746,58879.49723700876,10693.169491525423
1781646817,150,POST,/likes,0.100000,0.000000,6800,6800,6800,6800,6800,6800,6800,6800,6800,6800,6800,22,0,960.0,3568.731203729509,16.916414024308324,41177.69079198479,178.86363636363637
1781646817,150,POST,/posts,0.900000,0.100000,4200,4800,6400,7200,57000,57000,57000,57000,57000,57000,57000,53,1,860.0,2703.5687205289437,5.508272006409243,56859.85643899767,221.88679245283018
1781646817,150,GET,/timeline/{user_id},6.900000,0.000000,6500,8000,8900,9500,57000,58000,59000,59000,59000,59000,59000,414,12,4200.0,7069.623543422817,429.5103719923645,58875.401220982894,5633.0
1781646817,150,GET,/users/{user_id},2.600000,0.000000,760,1300,4600,4700,5100,30000,32000,32000,32000,32000,32000,147,3,710.0,3181.480407442218,3.477889986243099,42159.736137022264,262.51020408163265
1781646817,150,,Aggregated,24.100000,0.300000,4900,6300,8000,9400,30000,57000,58000,59000,59000,59000,59000,1536,38,3700.0,5498.004862054509,3.477889986243099,58879.49723700876,6315.697916666667
1781646818,150,GET,/feed/{user_id},8.800000,0.200000,2000,4900,5300,5700,30000,33000,57000,57000,57000,57000,57000,613,13,1400.0,3728.0550143254804,4.170818981947377,56877.33367498731,6895.933115823817
1781646818,150,GET,/feed/{user_id}?with_fof=true,4.600000,0.000000,6800,9800,10000,10000,11000,13000,59000,59000,59000,59000,59000,299,9,6500.0,8679.840055478406,2711.134604003746,58879.49723700876,10703.09364548495
1781646818,150,POST,/likes,0.100000,0.000000,5700,5700,6800,6800,6800,6800,6800,6800,6800,6800,6800,24,0,960.0,3349.5185861271843,16.916414024308324,41177.69079198479,178.75
1781646818,150,POST,/posts,0.900000,0.100000,4200,4800,6400,7200,57000,57000,57000,57000,57000,57000,57000,54,1,860.0,2696.3220575562445,5.508272006409243,56859.85643899767,221.96296296296296
1781646818,150,GET,/timeline/{user_id},6.800000,0.000000,6000,7800,8800,9500,57000,58000,59000,59000,59000,59000,59000,420,12,4200.0,7019.709449385887,429.5103719923645,58875.401220982894,5650.957142857143
1781646818,150,GET,/users/{user_id},2.600000,0.000000,760,1700,4600,4900,30000,32000,32000,32000,32000,32000,32000,147,3,710.0,3181.480407442218,3.477889986243099,42159.736137022264,262.51020408163265
1781646818,150,,Aggregated,23.800000,0.300000,4900,6000,7800,9400,30000,57000,58000,59000,59000,59000,59000,1557,38,3700.0,5473.677152331876,3.477889986243099,58879.49723700876,6329.928709055876
1781646819,150,GET,/feed/{user_id},8.800000,0.200000,2200,4900,5700,7800,30000,33000,57000,57000,57000,57000,57000,624,13,1400.0,3741.3806263839165,4.170818981947377,56877.33367498731,6925.067307692308
1781646819,150,GET,/feed/{user_id}?with_fof=true,4.600000,0.000000,6800,9800,10000,11000,12000,58000,59000,59000,59000,59000,59000,304,9,6500.0,8639.235967634952,2711.134604003746,58879.49723700876,10683.391447368422
1781646819,150,POST,/likes,0.100000,0.000000,5700,5700,6800,6800,6800,6800,6800,6800,6800,6800,6800,24,0,960.0,3349.5185861271843,16.916414024308324,41177.69079198479,178.75
1781646819,150,POST,/posts,0.900000,0.100000,4800,6400,7200,7200,7900,57000,57000,57000,57000,57000,57000,57,1,1200.0,2865.798340755486,5.508272006409243,56859.85643899767,222.17543859649123
1781646819,150,GET,/timeline/{user_id},6.600000,0.000000,5600,8500,9200,9500,58000,58000,59000,59000,59000,59000,59000,428,12,4200.0,7003.279281939385,429.5103719923645,58875.401220982894,5645.051401869159
1781646819,150,GET,/users/{user_id},2.400000,0.000000,1300,4600,5100,5900,30000,32000,32000,32000,32000,32000,32000,152,3,710.0,3165.4131465128507,3.477889986243099,42159.736137022264,262.6907894736842
1781646819,150,,Aggregated,23.400000,0.300000,5000,6400,8100,9400,30000,57000,58000,59000,59000,59000,59000,1589,38,3700.0,5464.590640311334,3.477889986243099,58879.49723700876,6319.67149150409
1781646820,150,GET,/feed/{user_id},9.000000,0.200000,2000,4200,5000,5300,7100,7900,8100,8100,8100,8100,8100,628,13,1500.0,3744.3074410168847,4.170818981947377,56877.33367498731,6936.033439490446
1781646820,150,GET,/feed/{user_id}?with_fof=true,4.700000,0.000000,6700,9800,9900,10000,11000,11000,12000,12000,12000,12000,12000,309,9,6500.0,8638.329386106918,2711.134604003746,58879.49723700876,10697.576051779935
1781646820,150,POST,/likes,0.300000,0.000000,1900,1900,5700,5700,5700,5700,5700,5700,5700,5700,5700,24,0,960.0,3349.5185861271843,16.916414024308324,41177.69079198479,178.75
1781646820,150,POST,/posts,1.000000,0.100000,3400,6400,6500,6500,7200,7900,7900,7900,7900,7900,7900,57,1,1200.0,2865.798340755486,5.508272006409243,56859.85643899767,222.17543859649123
1781646820,150,GET,/timeline/{user_id},6.600000,0.000000,5200,6700,8800,8900,9500,10000,11000,30000,30000,30000,30000,430,12,4200.0,7001.051808811791,429.5103719923645,58875.401220982894,5634.706976744186
1781646820,150,GET,/users/{user_id},2.400000,0.000000,1300,1800,4900,4900,5900,7200,7200,7200,7200,7200,7200,153,3,710.0,3172.001664568419,3.477889986243099,42159.736137022264,262.70588235294116
1781646820,150,,Aggregated,24.000000,0.300000,4800,5700,6700,7800,9500,10000,11000,12000,30000,30000,30000,1601,38,3800.0,5471.690404262204,3.477889986243099,58879.49723700876,6334.448469706434
1781646821,150,GET,/feed/{user_id},9.000000,0.200000,2200,4200,5200,5400,7100,7900,8100,8100,8100,8100,8100,635,13,1500.0,3731.9459128323692,4.170818981947377,56877.33367498731,6950.174803149606
1781646821,150,GET,/feed/{user_id}?with_fof=true,4.700000,0.000000,6800,9800,10000,10000,11000,11000,12000,12000,12000,12000,12000,313,9,6500.0,8631.814725578308,2711.134604003746,58879.49723700876,10696.5303514377
1781646821,150,POST,/likes,0.300000,0.000000,1900,1900,5700,5700,5700,5700,5700,5700,5700,5700,5700,24,0,960.0,3349.5185861271843,16.916414024308324,41177.69079198479,178.75
1781646821,150,POST,/posts,1.000000,0.100000,3400,6400,6500,6500,7200,7900,7900,7900,7900,7900,7900,59,1,1300.0,2880.17329525536,5.508272006409243,56859.85643899767,222.28813559322035
1781646821,150,GET,/timeline/{user_id},6.600000,0.000000,5200,6500,8600,8900,9500,11000,11000,30000,30000,30000,30000,436,12,4200.0,6971.969258532224,429.5103719923645,58875.401220982894,5634.876146788991
1781646821,150,GET,/users/{user_id},2.400000,0.000000,1700,4200,4200,4900,5900,7200,7200,7200,7200,7200,7200,155,3,750.0,3181.8406055546216,3.477889986243099,42159.736137022264,262.69032258064516
1781646821,150,,Aggregated,24.000000,0.300000,4800,5700,6700,7800,9700,11000,11000,12000,30000,30000,30000,1622,38,3800.0,5459.2023580904415,3.477889986243099,58879.49723700876,6335.575215782984
1781646822,150,GET,/feed/{user_id},8.700000,0.200000,3000,4200,5000,5300,6400,7900,8100,8100,8100,8100,8100,648,13,1500.0,3719.8881691150686,4.170818981947377,56877.33367498731,6954.4706790123455
1781646822,150,GET,/feed/{user_id}?with_fof=true,4.400000,0.000000,6700,9800,10000,10000,11000,11000,12000,12000,12000,12000,12000,318,9,6500.0,8603.212357415154,2711.134604003746,58879.49723700876,10710.088050314465
1781646822,150,POST,/likes,0.300000,0.000000,3400,3400,5700,5700,5700,5700,5700,5700,5700,5700,5700,25,0,1200.0,3353.0745156423654,16.916414024308324,41177.69079198479,178.76
1781646822,150,POST,/posts,1.200000,0.100000,3400,4800,6400,6500,7900,7900,7900,7900,7900,7900,7900,59,1,1300.0,2880.17329525536,5.508272006409243,56859.85643899767,222.28813559322035
1781646822,150,GET,/timeline/{user_id},6.100000,0.000000,4800,6500,8700,9100,9800,11000,11000,30000,30000,30000,30000,446,12,4200.0,6941.83220860542,429.5103719923645,58875.401220982894,5608.77130044843
1781646822,150,GET,/users/{user_id},2.000000,0.000000,1700,4200,4200,4900,5900,7200,7200,7200,7200,7200,7200,157,3,710.0,3142.1069388724954,3.477889986243099,42159.736137022264,262.79617834394907
1781646822,150,,Aggregated,22.700000,0.300000,4300,5700,6500,7700,9800,11000,11000,12000,30000,30000,30000,1653,38,3800.0,5438.254147003451,3.477889986243099,58879.49723700876,6335.5474894131885
1781646823,150,GET,/feed/{user_id},7.300000,0.000000,2400,3900,4200,5000,6300,7800,8100,8100,8100,8100,8100,666,13,1500.0,3668.6293088356674,4.170818981947377,56877.33367498731,6955.89039039039
1781646823,150,GET,/feed/{user_id}?with_fof=true,4.100000,0.000000,6100,9600,10000,10000,11000,11000,12000,12000,12000,12000,12000,322,9,6500.0,8557.875689177134,2711.134604003746,58879.49723700876,10721.276397515529
1781646823,150,POST,/likes,0.300000,0.000000,3400,3400,5700,5700,5700,5700,5700,5700,5700,5700,5700,25,0,1200.0,3353.0745156423654,16.916414024308324,41177.69079198479,178.76
1781646823,150,POST,/posts,1.300000,0.000000,3400,3400,6400,6500,7900,7900,7900,7900,7900,7900,7900,60,1,1300.0,2888.1090924842283,5.508272006409243,56859.85643899767,222.35
1781646823,150,GET,/timeline/{user_id},5.700000,0.000000,5200,6800,8200,8800,9700,11000,11000,11000,11000,11000,11000,453,12,4200.0,6936.313045236325,429.5103719923645,58875.401220982894,5614.816777041942
1781646823,150,GET,/users/{user_id},1.800000,0.000000,1700,3700,4200,4200,5100,5900,7200,7200,7200,7200,7200,163,3,710.0,3065.0673518959,3.477889986243099,42159.736137022264,262.97546012269936
1781646823,150,,Aggregated,20.500000,0.000000,4000,5500,6300,7200,9500,10000,11000,11000,12000,12000,12000,1689,38,3700.0,5386.508163345644,3.477889986243099,58879.49723700876,6328.632918886915
1781646824,150,GET,/feed/{user_id},7.900000,0.000000,1900,3500,4100,4200,6100,7800,8100,8100,8100,8100,8100,675,13,1500.0,3644.6961685755987,4.170818981947377,56877.33367498731,6948.062222222222
1781646824,150,GET,/feed/{user_id}?with_fof=true,4.500000,0.000000,6000,8300,9800,10000,11000,12000,12000,12000,12000,12000,12000,325,9,6500.0,8556.01899902776,2711.134604003746,58879.49723700876,10725.969230769231
1781646824,150,POST,/likes,0.300000,0.000000,3400,3400,5700,5700,5700,5700,5700,5700,5700,5700,5700,25,0,1200.0,3353.0745156423654,16.916414024308324,41177.69079198479,178.76
1781646824,150,POST,/posts,1.100000,0.000000,3400,3400,6400,6500,7900,40000,40000,40000,40000,40000,40000,63,2,1300.0,3379.4601174618397,5.508272006409243,56859.85643899767,219.25396825396825
1781646824,150,GET,/timeline/{user_id},6.300000,0.000000,5000,6500,8000,8800,9800,11000,11000,40000,40000,40000,40000,462,13,4200.0,6963.044837798745,429.5103719923645,58875.401220982894,5610.926406926407
1781646824,150,GET,/users/{user_id},1.900000,0.000000,1700,2000,3700,3800,4200,5900,7200,7200,7200,7200,7200,166,3,710.0,3044.551462855671,3.477889986243099,42159.736137022264,262.98192771084337
1781646824,150,,Aggregated,22.000000,0.000000,3700,5100,5900,6800,9100,11000,11000,12000,40000,40000,40000,1716,40,3700.0,5396.230301084361,3.477889986243099,58879.49723700876,6311.227855477856
1781646825,150,GET,/feed/{user_id},9.100000,0.000000,2500,4000,4200,4600,7900,30000,30000,40000,40000,40000,40000,686,13,1500.0,3833.635414145103,4.170818981947377,56877.33367498731,6953.448979591837
1781646825,150,GET,/feed/{user_id}?with_fof=true,4.600000,0.000000,6000,8500,10000,11000,12000,45000,45000,45000,45000,45000,45000,329,9,6500.0,8862.147567197506,2711.134604003746,58879.49723700876,10717.270516717324
1781646825,150,POST,/likes,0.400000,0.000000,1900,3400,3400,5700,5700,5700,5700,5700,5700,5700,5700,26,0,960.0,3224.9109475792816,16.916414024308324,41177.69079198479,178.73076923076923
1781646825,150,POST,/posts,1.100000,0.000000,3400,3400,6500,6500,7900,40000,40000,40000,40000,40000,40000,63,2,1300.0,3379.4601174618397,5.508272006409243,56859.85643899767,219.25396825396825
1781646825,150,GET,/timeline/{user_id},6.500000,0.000000,4800,7800,8900,9400,40000,43000,43000,46000,46000,46000,46000,470,13,4200.0,7401.370603465998,429.5103719923645,58875.401220982894,5619.031914893617
1781646825,150,GET,/users/{user_id},2.200000,0.000000,1900,3700,4200,4200,7200,30000,30000,30000,30000,30000,30000,169,4,750.0,3345.0576201776666,3.477889986243099,42159.736137022264,261.64497041420117
1781646825,150,,Aggregated,23.900000,0.000000,3900,5200,6700,8000,11000,40000,43000,45000,46000,46000,46000,1743,41,3800.0,5671.963876757155,3.477889986243099,58879.49723700876,6310.769363166954
1781646826,150,GET,/feed/{user_id},9.100000,0.000000,3400,4200,4600,5000,7800,30000,30000,40000,40000,40000,40000,702,13,1500.0,3816.2794330848787,4.170818981947377,56877.33367498731,6955.622507122507
1781646826,150,GET,/feed/{user_id}?with_fof=true,4.600000,0.000000,6900,8500,11000,11000,12000,45000,45000,45000,45000,45000,45000,334,9,6500.0,8852.06123812271,2711.134604003746,58879.49723700876,10720.233532934131
1781646826,150,POST,/likes,0.400000,0.000000,1900,1900,3400,3400,3400,3400,3400,3400,3400,3400,3400,26,0,960.0,3224.9109475792816,16.916414024308324,41177.69079198479,178.73076923076923
1781646826,150,POST,/posts,1.100000,0.000000,3400,3400,6500,6500,7900,40000,40000,40000,40000,40000,40000,65,2,1300.0,3335.371772847765,5.508272006409243,56859.85643899767,219.44615384615383
1781646826,150,GET,/timeline/{user_id},6.500000,0.000000,4800,7800,8900,9800,40000,43000,43000,46000,46000,46000,46000,478,13,4200.0,7520.911146709225,429.5103719923645,58875.401220982894,5625.286610878661
1781646826,150,GET,/users/{user_id},2.200000,0.000000,1900,3700,4200,4900,7200,30000,30000,30000,30000,30000,30000,171,4,760.0,3342.915485725379,3.477889986243099,42159.736137022264,261.70175438596493
1781646826,150,,Aggregated,23.900000,0.000000,4000,5100,6700,8100,11000,32000,43000,45000,46000,46000,46000,1776,41,3800.0,5688.568435595036,3.477889986243099,58879.49723700876,6315.289414414415
1781646827,150,GET,/feed/{user_id},9.400000,0.000000,3400,4100,4300,4900,6300,8100,30000,30000,40000,40000,40000,715,13,1500.0,3764.2027254469954,4.170818981947377,56877.33367498731,6936.772027972028
1781646827,150,GET,/feed/{user_id}?with_fof=true,4.300000,0.000000,6900,8400,9900,11000,12000,45000,45000,45000,45000,45000,45000,339,9,6500.0,8823.333468147479,2711.134604003746,58879.49723700876,10739.710914454277
1781646827,150,POST,/likes,0.500000,0.000000,1900,1900,3400,3400,3400,3400,3400,3400,3400,3400,3400,26,0,960.0,3224.9109475792816,16.916414024308324,41177.69079198479,178.73076923076923
1781646827,150,POST,/posts,1.100000,0.100000,3400,3900,6500,6500,7900,40000,40000,40000,40000,40000,40000,65,2,1300.0,3335.371772847765,5.508272006409243,56859.85643899767,219.44615384615383
1781646827,150,GET,/timeline/{user_id},6.800000,0.100000,5300,7900,9100,9800,40000,43000,43000,46000,46000,46000,46000,483,13,4200.0,7501.838465716294,429.5103719923645,58875.401220982894,5626.697722567288
1781646827,150,GET,/users/{user_id},2.600000,0.100000,1900,3700,4200,4200,7200,30000,30000,30000,30000,30000,30000,173,4,750.0,3307.205586150461,3.477889986243099,42159.736137022264,261.8150289017341
1781646827,150,,Aggregated,24.700000,0.300000,4100,5200,6500,8100,11000,32000,43000,45000,46000,46000,46000,1801,41,3800.0,5651.691498952673,3.477889986243099,58879.49723700876,6320.074403109384
1781646828,150,GET,/feed/{user_id},9.400000,0.000000,3300,4100,4300,4700,5100,30000,30000,40000,40000,40000,40000,722,13,1500.0,3758.002674338783,4.170818981947377,56877.33367498731,6940.6260387811635
1781646828,150,GET,/feed/{user_id}?with_fof=true,4.300000,0.000000,8200,8800,9600,11000,12000,45000,45000,45000,45000,45000,45000,341,9,6500.0,8823.636429281427,2711.134604003746,58879.49723700876,10747.372434017596
1781646828,150,POST,/likes,0.500000,0.000000,1900,1900,3400,3400,3400,3400,3400,3400,3400,3400,3400,26,0,960.0,3224.9109475792816,16.916414024308324,41177.69079198479,178.73076923076923
1781646828,150,POST,/posts,1.100000,0.100000,3400,3900,6500,6500,7900,40000,40000,40000,40000,40000,40000,66,2,1300.0,3358.16989309255,5.508272006409243,56859.85643899767,219.56060606060606
1781646828,150,GET,/timeline/{user_id},6.800000,0.100000,5400,7800,8900,11000,40000,43000,43000,46000,46000,46000,46000,487,13,4200.0,7470.524028149789,429.5103719923645,58875.401220982894,5626.790554414784
1781646828,150,GET,/users/{user_id},2.600000,0.100000,1900,3800,4200,4800,7200,30000,30000,30000,30000,30000,30000,176,4,750.0,3305.635130988693,3.477889986243099,42159.736137022264,261.9488636363636
1781646828,150,,Aggregated,24.700000,0.300000,4100,5000,6300,8200,12000,40000,43000,45000,46000,46000,46000,1818,41,3800.0,5636.72268184912,3.477889986243099,58879.49723700876,6315.442244224422
1781646829,150,GET,/feed/{user_id},10.300000,0.000000,3300,4200,4500,4800,5000,6400,30000,30000,40000,40000,40000,730,13,1500.0,3756.8376897679145,4.170818981947377,56877.33367498731,6945.682191780822
1781646829,150,GET,/feed/{user_id}?with_fof=true,4.200000,0.000000,8300,8900,9600,11000,12000,45000,45000,45000,45000,45000,45000,345,9,6500.0,8827.699302420182,2711.134604003746,58879.49723700876,10757.315942028985
1781646829,150,POST,/likes,0.400000,0.000000,3400,3400,4400,4400,4400,4400,4400,4400,4400,4400,4400,27,0,1200.0,3268.331088483575,16.916414024308324,41177.69079198479,178.74074074074073
1781646829,150,POST,/posts,1.300000,0.100000,3400,3400,3900,4800,40000,40000,40000,40000,40000,40000,40000,66,2,1300.0,3358.16989309255,5.508272006409243,56859.85643899767,219.56060606060606
1781646829,150,GET,/timeline/{user_id},7.000000,0.100000,5300,7400,8200,9800,40000,43000,43000,46000,46000,46000,46000,493,13,4200.0,7435.259310890456,429.5103719923645,58875.401220982894,5626.864097363084
1781646829,150,GET,/users/{user_id},2.500000,0.100000,2000,4200,4400,4800,4900,30000,30000,30000,30000,30000,30000,179,4,780.0,3325.3235489052954,3.477889986243099,42159.736137022264,262.0782122905028
1781646829,150,,Aggregated,25.700000,0.300000,4200,5000,6100,7800,11000,32000,43000,45000,46000,46000,46000,1840,41,3800.0,5629.754174305302,3.477889986243099,58879.49723700876,6316.247282608696
1781646830,150,GET,/feed/{user_id},10.900000,0.000000,3300,4200,4600,4800,5000,30000,30000,40000,40000,40000,40000,733,13,1600.0,3755.319104141322,4.170818981947377,56877.33367498731,6944.571623465212
1781646830,150,GET,/feed/{user_id}?with_fof=true,4.200000,0.000000,8200,8800,9500,9600,12000,45000,45000,45000,45000,45000,45000,352,9,6600.0,8805.814069187454,2711.134604003746,58879.49723700876,10739.03409090909
1781646830,150,POST,/likes,0.200000,0.000000,3400,3400,4400,4400,4400,4400,4400,4400,4400,4400,4400,27,0,1200.0,3268.331088483575,16.916414024308324,41177.69079198479,178.74074074074073
1781646830,150,POST,/posts,1.200000,0.100000,3400,3400,3900,4800,40000,40000,40000,40000,40000,40000,40000,66,2,1300.0,3358.16989309255,5.508272006409243,56859.85643899767,219.56060606060606
1781646830,150,GET,/timeline/{user_id},6.800000,0.100000,5300,7700,8700,9800,40000,43000,43000,46000,46000,46000,46000,496,13,4200.0,7412.541290625027,429.5103719923645,58875.401220982894,5631.258064516129
1781646830,150,GET,/users/{user_id},2.900000,0.100000,1900,3800,4400,4800,4900,30000,30000,30000,30000,30000,30000,180,4,760.0,3306.8736016003336,3.477889986243099,42159.736137022264,262.1222222222222
1781646830,150,,Aggregated,26.200000,0.300000,4300,5000,6300,7900,11000,40000,43000,45000,46000,46000,46000,1854,41,3800.0,5627.851853538737,3.477889986243099,58879.49723700876,6326.922330097087
1781646831,150,GET,/feed/{user_id},10.900000,0.000000,2600,4000,4300,4600,5000,30000,30000,40000,40000,40000,40000,739,13,1500.0,3727.8788368438486,4.170818981947377,56877.33367498731,6938.255751014885
1781646831,150,GET,/feed/{user_id}?with_fof=true,4.200000,0.000000,8200,8800,9300,9600,12000,45000,45000,45000,45000,45000,45000,356,9,6500.0,8779.259474042157,2711.134604003746,58879.49723700876,10745.67415730337
1781646831,150,POST,/likes,0.200000,0.000000,3400,3400,4400,4400,4400,4400,4400,4400,4400,4400,4400,27,0,1200.0,3268.331088483575,16.916414024308324,41177.69079198479,178.74074074074073
1781646831,150,POST,/posts,1.200000,0.100000,3400,3900,4800,4800,40000,40000,40000,40000,40000,40000,40000,66,2,1300.0,3358.16989309255,5.508272006409243,56859.85643899767,219.56060606060606
1781646831,150,GET,/timeline/{user_id},6.800000,0.100000,5400,7600,8200,8900,40000,43000,43000,46000,46000,46000,46000,501,13,4200.0,7389.784772383344,429.5103719923645,58875.401220982894,5623.696606786427
1781646831,150,GET,/users/{user_id},2.900000,0.100000,2000,4300,4800,4800,4900,30000,30000,30000,30000,30000,30000,180,4,760.0,3306.8736016003336,3.477889986243099,42159.736137022264,262.1222222222222
1781646831,150,,Aggregated,26.200000,0.300000,4300,5000,6500,7900,12000,40000,43000,45000,46000,46000,46000,1869,41,3800.0,5611.408456271751,3.477889986243099,58879.49723700876,6333.227394328518
1781646832,150,GET,/feed/{user_id},10.600000,0.000000,2700,4300,4600,4800,5000,30000,30000,40000,40000,40000,40000,747,13,1600.0,3719.4972821641277,4.170818981947377,56877.33367498731,6949.254350736279
1781646832,150,GET,/feed/{user_id}?with_fof=true,4.100000,0.000000,8200,8800,9300,9600,12000,45000,45000,45000,45000,45000,45000,360,9,6600.0,8759.919321202733,2711.134604003746,58879.49723700876,10748.06388888889
1781646832,150,POST,/likes,0.300000,0.000000,4400,4400,4500,4500,4500,4500,4500,4500,4500,4500,4500,28,0,1200.0,3313.7730400734913,16.916414024308324,41177.69079198479,178.71428571428572
1781646832,150,POST,/posts,0.900000,0.100000,3900,4800,5500,5500,40000,40000,40000,40000,40000,40000,40000,67,2,1400.0,3390.452971643292,5.508272006409243,56859.85643899767,219.65671641791045
1781646832,150,GET,/timeline/{user_id},6.600000,0.100000,5300,6500,8300,8900,40000,43000,43000,46000,46000,46000,46000,506,13,4200.0,7375.327765213562,429.5103719923645,58875.401220982894,5627.52766798419
1781646832,150,GET,/users/{user_id},2.700000,0.100000,2400,4300,4800,4800,4900,30000,30000,30000,30000,30000,30000,184,4,760.0,3283.1224670223055,3.477889986243099,42159.736137022264,262.2826086956522
1781646832,150,,Aggregated,25.200000,0.300000,4400,5400,6600,8200,30000,40000,43000,45000,46000,46000,46000,1892,41,3900.0,5596.190170592982,3.477889986243099,58879.49723700876,6329.760042283298
1781646833,150,GET,/feed/{user_id},10.400000,0.000000,3300,4400,4700,4900,5000,30000,30000,40000,40000,40000,40000,749,13,1600.0,3719.7187676336366,4.170818981947377,56877.33367498731,6948.510013351135
1781646833,150,GET,/feed/{user_id}?with_fof=true,4.300000,0.000000,8400,9200,9600,9600,11000,40000,45000,45000,45000,45000,45000,368,9,6600.0,8756.308303880365,2711.134604003746,58879.49723700876,10766.10054347826
1781646833,150,POST,/likes,0.300000,0.000000,4400,4400,4500,4500,4500,4500,4500,4500,4500,4500,4500,29,0,1200.0,3200.0288998292644,15.192972990917042,41177.69079198479,178.6551724137931
1781646833,150,POST,/posts,0.700000,0.100000,4800,5500,5500,40000,40000,40000,40000,40000,40000,40000,40000,67,2,1400.0,3390.452971643292,5.508272006409243,56859.85643899767,219.65671641791045
1781646833,150,GET,/timeline/{user_id},6.500000,0.100000,6100,7600,8300,32000,42000,43000,46000,46000,46000,46000,46000,510,13,4200.0,7364.103164878621,429.5103719923645,58875.401220982894,5626.507843137255
1781646833,150,GET,/users/{user_id},2.500000,0.100000,4100,4600,4800,4800,30000,30000,30000,30000,30000,30000,30000,185,4,780.0,3290.1962832113527,3.477889986243099,42159.736137022264,262.3027027027027
1781646833,150,,Aggregated,24.700000,0.300000,4800,6000,7600,8700,30000,40000,43000,45000,46000,46000,46000,1908,41,3900.0,5604.156670053944,3.477889986243099,58879.49723700876,6343.973794549266
1781646834,150,GET,/feed/{user_id},10.100000,0.000000,3500,4600,4900,4900,5400,23000,23000,23000,23000,23000,23000,761,13,1600.0,3843.8612318076216,4.170818981947377,56877.33367498731,6957.712220762155
1781646834,150,GET,/feed/{user_id}?with_fof=true,4.200000,0.000000,8800,9600,9800,9900,39000,39000,39000,39000,39000,39000,39000,376,9,6700.0,9173.585151978732,2711.134604003746,58879.49723700876,10781.178191489362
1781646834,150,POST,/likes,0.400000,0.000000,4400,4400,4500,4500,4500,4500,4500,4500,4500,4500,4500,29,0,1200.0,3200.0288998292644,15.192972990917042,41177.69079198479,178.6551724137931
1781646834,150,POST,/posts,0.800000,0.100000,3900,4800,5500,5500,23000,23000,23000,23000,23000,23000,23000,70,2,1300.0,3569.9489128156397,5.508272006409243,56859.85643899767,219.94285714285715
1781646834,150,GET,/timeline/{user_id},6.100000,0.100000,5400,6500,7700,7900,32000,32000,39000,39000,39000,39000,39000,516,13,4200.0,7490.3299169497695,429.5103719923645,58875.401220982894,5645.459302325581
1781646834,150,GET,/users/{user_id},2.700000,0.100000,4100,4600,4800,4800,8200,23000,23000,23000,23000,23000,23000,188,4,780.0,3402.2062926016315,3.477889986243099,42159.736137022264,262.3670212765957
1781646834,150,,Aggregated,24.300000,0.300000,4800,6100,7700,8700,11000,32000,39000,39000,39000,39000,39000,1940,41,3900.0,5784.4168539674965,3.477889986243099,58879.49723700876,6356.44381443299
1781646835,150,GET,/feed/{user_id},8.400000,0.000000,1900,4500,4800,5000,8100,23000,23000,23000,23000,23000,23000,773,13,1600.0,3829.8203629193213,4.170818981947377,56877.33367498731,6962.791720569211
1781646835,150,GET,/feed/{user_id}?with_fof=true,4.600000,0.000000,9100,9600,9800,10000,39000,39000,39000,39000,39000,39000,39000,380,9,6700.0,9175.923766173722,2711.134604003746,58879.49723700876,10789.773684210526
1781646835,150,POST,/likes,0.400000,0.000000,21,4400,4400,4500,4500,4500,4500,4500,4500,4500,4500,30,0,960.0,3093.756862068161,11.867766996147111,41177.69079198479,178.63333333333333
1781646835,150,POST,/posts,0.700000,0.100000,3900,4800,5500,5500,23000,23000,23000,23000,23000,23000,23000,70,2,1300.0,3569.9489128156397,5.508272006409243,56859.85643899767,219.94285714285715
1781646835,150,GET,/timeline/{user_id},5.700000,0.100000,5300,6300,7700,7900,8700,23000,39000,39000,39000,39000,39000,522,13,4200.0,7467.421578500178,429.5103719923645,58875.401220982894,5629.5038314176245
1781646835,150,GET,/users/{user_id},2.300000,0.100000,2000,4400,4800,4800,8200,8200,23000,23000,23000,23000,23000,194,4,780.0,3354.954180356293,3.477889986243099,42159.736137022264,262.58247422680415
1781646835,150,,Aggregated,22.100000,0.300000,4800,6300,7900,8700,10000,23000,39000,39000,39000,39000,39000,1969,41,3900.0,5758.692979384464,3.477889986243099,58879.49723700876,6344.666835957339
1781646836,150,GET,/feed/{user_id},8.400000,0.000000,4300,4800,5400,6700,8100,23000,23000,23000,23000,23000,23000,780,13,1600.0,3830.0676652931415,4.170818981947377,56877.33367498731,6972.129487179487
1781646836,150,GET,/feed/{user_id}?with_fof=true,4.600000,0.000000,9300,9700,9900,10000,39000,39000,39000,39000,39000,39000,39000,380,9,6700.0,9175.923766173722,2711.134604003746,58879.49723700876,10789.773684210526
1781646836,150,POST,/likes,0.400000,0.000000,4400,4400,4500,4500,4500,4500,4500,4500,4500,4500,4500,30,0,960.0,3093.756862068161,11.867766996147111,41177.69079198479,178.63333333333333
1781646836,150,POST,/posts,0.700000,0.100000,4800,5500,5500,23000,23000,23000,23000,23000,23000,23000,23000,70,2,1300.0,3569.9489128156397,5.508272006409243,56859.85643899767,219.94285714285715
1781646836,150,GET,/timeline/{user_id},5.700000,0.100000,5400,7200,7900,8300,23000,24000,39000,39000,39000,39000,39000,528,13,4300.0,7515.79324509299,429.5103719923645,58875.401220982894,5630.700757575758
1781646836,150,GET,/users/{user_id},2.300000,0.100000,4100,4400,4800,4800,8200,8200,23000,23000,23000,23000,23000,194,4,780.0,3354.954180356293,3.477889986243099,42159.736137022264,262.58247422680415
1781646836,150,,Aggregated,22.100000,0.300000,4900,6700,8200,8800,11000,23000,39000,39000,39000,39000,39000,1982,41,3900.0,5770.036773073678,3.477889986243099,58879.49723700876,6348.6786074672045
1781646837,150,GET,/feed/{user_id},8.700000,0.000000,4300,5400,6700,6800,8100,23000,23000,23000,23000,23000,23000,789,13,1600.0,3841.7402605395346,4.170818981947377,56877.33367498731,6972.164765525982
1781646837,150,GET,/feed/{user_id}?with_fof=true,5.000000,0.000000,9200,9800,10000,11000,39000,39000,39000,39000,39000,39000,39000,386,9,6700.0,9153.621499448232,2711.134604003746,58879.49723700876,10793.17098445596
1781646837,150,POST,/likes,0.400000,0.000000,4400,4400,4500,4500,4500,4500,4500,4500,4500,4500,4500,30,0,960.0,3093.756862068161,11.867766996147111,41177.69079198479,178.63333333333333
1781646837,150,POST,/posts,0.700000,0.000000,5200,5200,5500,5500,23000,23000,23000,23000,23000,23000,23000,71,2,1400.0,3593.232272747858,5.508272006409243,56859.85643899767,220.01408450704224
1781646837,150,GET,/timeline/{user_id},5.200000,0.000000,6100,7900,8300,8600,23000,24000,39000,39000,39000,39000,39000,533,13,4300.0,7520.576007861432,429.5103719923645,58875.401220982894,5633.720450281426
1781646837,150,GET,/users/{user_id},2.400000,0.000000,4100,4300,4600,4800,8200,23000,23000,23000,23000,23000,23000,194,4,780.0,3354.954180356293,3.477889986243099,42159.736137022264,262.58247422680415
1781646837,150,,Aggregated,22.400000,0.000000,5500,7200,8200,9100,11000,23000,39000,39000,39000,39000,39000,2003,41,4000.0,5777.179872570707,3.477889986243099,58879.49723700876,6361.405891163256
1781646838,150,GET,/feed/{user_id},7.800000,0.000000,4000,5400,6700,6700,8100,23000,23000,23000,23000,23000,23000,801,13,1700.0,3827.911598164364,4.170818981947377,56877.33367498731,6975.681647940075
1781646838,150,GET,/feed/{user_id}?with_fof=true,4.600000,0.000000,9100,9800,10000,11000,39000,39000,39000,39000,39000,39000,39000,394,9,6700.0,9150.64841499758,2711.134604003746,58879.49723700876,10794.74111675127
1781646838,150,POST,/likes,0.400000,0.000000,4400,4500,4500,5900,5900,5900,5900,5900,5900,5900,5900,31,0,1200.0,3183.2909572591643,11.867766996147111,41177.69079198479,178.61290322580646
1781646838,150,POST,/posts,0.500000,0.000000,4800,5200,5500,5500,23000,23000,23000,23000,23000,23000,23000,72,2,1400.0,3578.679354432097,5.508272006409243,56859.85643899767,220.125
1781646838,150,GET,/timeline/{user_id},5.000000,0.000000,6600,8000,8500,8700,23000,24000,39000,39000,39000,39000,39000,539,13,4300.0,7492.659269879591,429.5103719923645,58875.401220982894,5647.358070500928
1781646838,150,GET,/users/{user_id},2.300000,0.000000,1100,4100,4600,4600,8200,23000,23000,23000,23000,23000,23000,195,4,780.0,3337.7950516211476,3.477889986243099,42159.736137022264,262.625641025641
1781646838,150,,Aggregated,20.600000,0.000000,5700,7200,8300,9100,12000,23000,39000,39000,39000,39000,39000,2032,41,4000.0,5766.374498210667,3.477889986243099,58879.49723700876,6376.5615157480315
1781646839,150,GET,/feed/{user_id},7.600000,0.000000,4100,5400,6000,6700,8100,23000,23000,23000,23000,23000,23000,813,13,1800.0,3827.9500688704493,4.170818981947377,56877.33367498731,6970.881918819188
1781646839,150,GET,/feed/{user_id}?with_fof=true,4.700000,0.000000,9100,10000,10000,11000,39000,39000,39000,39000,39000,39000,39000,398,9,6800.0,9135.452970032788,2711.134604003746,58879.49723700876,10793.170854271357
1781646839,150,POST,/likes,0.400000,0.000000,4500,4500,5900,5900,5900,5900,5900,5900,5900,5900,5900,31,0,1200.0,3183.2909572591643,11.867766996147111,41177.69079198479,178.61290322580646
1781646839,150,POST,/posts,0.600000,0.000000,3900,5200,5500,5500,23000,23000,23000,23000,23000,23000,23000,73,2,1700.0,3582.4149615495717,5.508272006409243,56859.85643899767,220.1917808219178
1781646839,150,GET,/timeline/{user_id},5.100000,0.000000,6600,8000,8500,8800,23000,24000,39000,39000,39000,39000,39000,546,13,4300.0,7479.0261551376825,429.5103719923645,58875.401220982894,5647.912087912088
1781646839,150,GET,/users/{user_id},2.100000,0.000000,1100,3900,4100,4600,8200,8200,23000,23000,23000,23000,23000,201,4,780.0,3305.121010925797,3.477889986243099,42159.736137022264,262.8258706467662
1781646839,150,,Aggregated,20.500000,0.000000,5500,6800,8100,8800,11000,23000,39000,39000,39000,39000,39000,2062,41,4000.0,5749.810671112582,3.477889986243099,58879.49723700876,6363.340446168768
1781646840,150,GET,/feed/{user_id},7.600000,0.000000,4600,5500,6700,7000,16000,23000,29000,29000,29000,29000,29000,824,13,1800.0,3932.0872336488233,4.170818981947377,56877.33367498731,6978.532766990291
1781646840,150,GET,/feed/{user_id}?with_fof=true,5.200000,0.000000,9800,11000,12000,12000,39000,39000,45000,45000,45000,45000,45000,404,9,6800.0,9380.273207430753,2711.134604003746,58879.49723700876,10807.376237623763
1781646840,150,POST,/likes,0.400000,0.000000,4500,4500,5900,5900,5900,5900,5900,5900,5900,5900,5900,31,0,1200.0,3183.2909572591643,11.867766996147111,41177.69079198479,178.61290322580646
1781646840,150,POST,/posts,0.600000,0.000000,5200,5400,5500,5500,23000,23000,23000,23000,23000,23000,23000,74,2,1700.0,3606.3438722988863,5.508272006409243,56859.85643899767,220.27027027027026
1781646840,150,GET,/timeline/{user_id},5.100000,0.000000,6700,8500,10000,11000,29000,29000,39000,39000,39000,39000,39000,552,13,4400.0,7663.185897203117,429.5103719923645,58875.401220982894,5650.800724637681
1781646840,150,GET,/users/{user_id},1.900000,0.000000,1100,3900,4100,4600,8200,8200,23000,23000,23000,23000,23000,201,4,780.0,3305.121010925797,3.477889986243099,42159.736137022264,262.8258706467662
1781646840,150,,Aggregated,20.800000,0.000000,5700,7400,9100,10000,23000,29000,39000,39000,45000,45000,45000,2086,41,4000.0,5891.481141421869,3.477889986243099,58879.49723700876,6380.823585810163
1781646841,150,GET,/feed/{user_id},7.600000,0.000000,4700,5600,6700,7400,16000,23000,29000,29000,29000,29000,29000,831,13,1800.0,3937.184730415872,4.170818981947377,56877.33367498731,6983.348977135981
1781646841,150,GET,/feed/{user_id}?with_fof=true,5.200000,0.000000,10000,11000,12000,13000,39000,39000,45000,45000,45000,45000,45000,410,9,6800.0,9375.428169278048,2711.134604003746,58879.49723700876,10819.551219512196
1781646841,150,POST,/likes,0.400000,0.000000,15,15,5900,5900,5900,5900,5900,5900,5900,5900,5900,31,0,1200.0,3183.2909572591643,11.867766996147111,41177.69079198479,178.61290322580646
1781646841,150,POST,/posts,0.600000,0.000000,5200,5400,5500,5500,23000,23000,23000,23000,23000,23000,23000,74,2,1700.0,3606.3438722988863,5.508272006409243,56859.85643899767,220.27027027027026
1781646841,150,GET,/timeline/{user_id},5.100000,0.000000,6700,8600,11000,23000,29000,29000,39000,39000,39000,39000,39000,556,13,4400.0,7650.217676957098,429.5103719923645,58875.401220982894,5654.3165467625895
1781646841,150,GET,/users/{user_id},1.900000,0.000000,1100,3800,4600,5700,8200,23000,23000,23000,23000,23000,23000,202,4,780.0,3292.8225335450084,3.477889986243099,42159.736137022264,262.85643564356434
1781646841,150,,Aggregated,20.800000,0.000000,5800,7900,9800,11000,23000,29000,39000,39000,45000,45000,45000,2104,41,4000.0,5893.511742760926,3.477889986243099,58879.49723700876,6396.346482889734
1781646842,150,GET,/feed/{user_id},8.800000,0.000000,4100,5600,6700,6900,16000,23000,29000,29000,29000,29000,29000,836,13,1800.0,3930.073320803315,4.170818981947377,56877.33367498731,6981.482057416268
1781646842,150,GET,/feed/{user_id}?with_fof=true,5.300000,0.000000,10000,12000,12000,13000,39000,39000,45000,45000,45000,45000,45000,413,9,6800.0,9376.988802692415,2711.134604003746,58879.49723700876,10820.205811138014
1781646842,150,POST,/likes,0.400000,0.000000,15,15,5900,5900,5900,5900,5900,5900,5900,5900,5900,31,0,1200.0,3183.2909572591643,11.867766996147111,41177.69079198479,178.61290322580646
1781646842,150,POST,/posts,0.800000,0.000000,3900,5200,5400,5400,23000,23000,23000,23000,23000,23000,23000,75,2,1700.0,3573.4958152950276,5.508272006409243,56859.85643899767,220.33333333333334
1781646842,150,GET,/timeline/{user_id},5.600000,0.000000,6600,8800,11000,23000,29000,29000,39000,39000,39000,39000,39000,560,13,4400.0,7629.356544302104,429.5103719923645,58875.401220982894,5646.6375
1781646842,150,GET,/users/{user_id},2.100000,0.000000,1000,2000,3900,5700,8200,23000,23000,23000,23000,23000,23000,203,4,790.0,3281.589828202503,3.477889986243099,42159.736137022264,262.8965517241379
1781646842,150,,Aggregated,23.000000,0.000000,5700,7400,10000,11000,23000,29000,39000,39000,45000,45000,45000,2118,41,4000.0,5884.577090396597,3.477889986243099,58879.49723700876,6394.150613786591
1781646843,150,GET,/feed/{user_id},9.200000,0.000000,4000,5500,6000,6700,8100,16000,29000,29000,29000,29000,29000,846,13,1800.0,3920.4615465916527,4.170818981947377,56877.33367498731,6984.7163120567375
1781646843,150,GET,/feed/{user_id}?with_fof=true,5.400000,0.000000,10000,11000,12000,12000,13000,29000,45000,45000,45000,45000,45000,418,9,6800.0,9366.55521192814,2711.134604003746,58879.49723700876,10834.887559808612
1781646843,150,POST,/likes,0.400000,0.000000,5900,5900,5900,5900,5900,5900,5900,5900,5900,5900,5900,31,0,1200.0,3183.2909572591643,11.867766996147111,41177.69079198479,178.61290322580646
1781646843,150,POST,/posts,0.800000,0.000000,3900,3900,5200,5200,5400,5400,5400,5400,5400,5400,5400,75,2,1700.0,3573.4958152950276,5.508272006409243,56859.85643899767,220.33333333333334
1781646843,150,GET,/timeline/{user_id},5.500000,0.000000,6600,8500,9600,11000,29000,29000,29000,32000,32000,32000,32000,569,13,4400.0,7666.402897527454,429.5103719923645,58875.401220982894,5661.156414762741
1781646843,150,GET,/users/{user_id},2.200000,0.000000,1000,3800,5200,5600,8200,8200,8200,8200,8200,8200,8200,206,4,790.0,3286.223357694661,3.477889986243099,42159.736137022264,262.99514563106794
1781646843,150,,Aggregated,23.500000,0.000000,5500,6700,8200,9800,12000,29000,29000,29000,45000,45000,45000,2145,41,4000.0,5891.7342718894615,3.477889986243099,58879.49723700876,6403.491841491841
1781646844,150,GET,/feed/{user_id},8.800000,0.000000,3900,5300,5600,5800,6800,16000,29000,29000,29000,29000,29000,859,13,1800.0,3894.0188319272415,4.170818981947377,56877.33367498731,6993.52852153667
1781646844,150,GET,/feed/{user_id}?with_fof=true,5.200000,0.000000,9500,11000,12000,12000,13000,29000,45000,45000,45000,45000,45000,425,9,6800.0,9344.410487155244,2711.134604003746,58879.49723700876,10843.044705882354
1781646844,150,POST,/likes,0.300000,0.000000,5400,5400,5900,5900,5900,5900,5900,5900,5900,5900,5900,33,0,1200.0,3154.741631819034,11.867766996147111,41177.69079198479,178.54545454545453
1781646844,150,POST,/posts,0.800000,0.000000,2500,3900,5200,5200,5400,5400,5400,5400,5400,5400,5400,77,2,1400.0,3493.8650203784837,5.508272006409243,56859.85643899767,220.46753246753246
1781646844,150,GET,/timeline/{user_id},5.200000,0.000000,6600,8300,10000,11000,29000,29000,29000,32000,32000,32000,32000,573,13,4400.0,7642.074729890239,429.5103719923645,58875.401220982894,5657.019197207679
1781646844,150,GET,/users/{user_id},1.900000,0.000000,820,3800,5200,5200,5600,5700,5700,5700,5700,5700,5700,209,4,790.0,3268.025873880889,3.477889986243099,42159.736137022264,263.1100478468899
1781646844,150,,Aggregated,22.200000,0.000000,5400,6500,8000,9600,12000,29000,29000,29000,45000,45000,45000,2176,41,4000.0,5860.016977000858,3.477889986243099,58879.49723700876,6403.982077205882
1781646845,150,GET,/feed/{user_id},9.600000,0.000000,4000,5300,5600,5600,6800,16000,29000,29000,29000,29000,29000,865,13,1800.0,3892.5360404398766,4.170818981947377,56877.33367498731,7003.801156069364
1781646845,150,GET,/feed/{user_id}?with_fof=true,5.000000,0.000000,9500,11000,12000,12000,13000,29000,45000,45000,45000,45000,45000,428,9,6800.0,9348.544500074733,2711.134604003746,58879.49723700876,10847.007009345794
1781646845,150,POST,/likes,0.200000,0.000000,5400,5900,5900,5900,5900,5900,5900,5900,5900,5900,5900,34,0,1200.0,3234.074043265804,11.867766996147111,41177.69079198479,178.55882352941177
1781646845,150,POST,/posts,0.800000,0.000000,3900,5200,5400,5400,5800,5800,5800,5800,5800,5800,5800,78,2,1400.0,3523.785672591587,5.508272006409243,56859.85643899767,220.53846153846155
1781646845,150,GET,/timeline/{user_id},5.800000,0.000000,6100,8200,9600,10000,29000,29000,29000,32000,32000,32000,32000,579,13,4400.0,7609.463611582242,429.5103719923645,58875.401220982894,5652.974093264249
1781646845,150,GET,/users/{user_id},2.100000,0.000000,820,3800,5200,5200,5600,5700,5700,5700,5700,5700,5700,209,4,790.0,3268.025873880889,3.477889986243099,42159.736137022264,263.1100478468899
1781646845,150,,Aggregated,23.500000,0.000000,5400,6100,7900,9600,12000,29000,29000,29000,45000,45000,45000,2193,41,4000.0,5855.873853029133,3.477889986243099,58879.49723700876,6407.725490196079
1781646846,150,GET,/feed/{user_id},9.600000,0.000000,3800,5100,5500,5600,6000,16000,29000,29000,29000,29000,29000,867,13,1800.0,3890.475430812547,4.170818981947377,56877.33367498731,7003.033448673587
1781646846,150,GET,/feed/{user_id}?with_fof=true,4.900000,0.000000,9800,11000,12000,12000,13000,29000,45000,45000,45000,45000,45000,431,9,6800.0,9345.17536456383,2711.134604003746,58879.49723700876,10850.944315545243
1781646846,150,POST,/likes,0.300000,0.000000,5400,5900,5900,5900,5900,5900,5900,5900,5900,5900,5900,35,0,1200.0,3142.055588600592,11.867766996147111,41177.69079198479,178.54285714285714
1781646846,150,POST,/posts,0.800000,0.000000,2500,3900,5400,5400,5800,5800,5800,5800,5800,5800,5800,79,2,1400.0,3495.1947233308097,5.508272006409243,56859.85643899767,220.59493670886076
1781646846,150,GET,/timeline/{user_id},5.700000,0.000000,5200,7400,9600,9600,29000,29000,29000,32000,32000,32000,32000,584,13,4400.0,7592.485752765623,429.5103719923645,58875.401220982894,5641.760273972603
1781646846,150,GET,/users/{user_id},2.200000,0.000000,1000,3800,5200,5400,5700,6400,6400,6400,6400,6400,6400,215,4,820.0,3251.0771595772767,3.477889986243099,42159.736137022264,263.2372093023256
1781646846,150,,Aggregated,23.500000,0.000000,5400,6000,7400,9600,12000,29000,29000,29000,45000,45000,45000,2211,41,4000.0,5843.4637622387545,3.477889986243099,58879.49723700876,6387.809588421529
1781646847,150,GET,/feed/{user_id},9.200000,0.000000,3800,5100,5600,5600,6000,16000,29000,29000,29000,29000,29000,881,13,1800.0,3875.9430615647566,4.170818981947377,56877.33367498731,7008.615209988649
1781646847,150,GET,/feed/{user_id}?with_fof=true,4.900000,0.000000,9500,11000,12000,12000,13000,29000,45000,45000,45000,45000,45000,436,9,6800.0,9334.250577355608,2711.134604003746,58879.49723700876,10856.866972477064
1781646847,150,POST,/likes,0.400000,0.000000,5100,5400,5900,5900,5900,5900,5900,5900,5900,5900,5900,37,0,1300.0,3236.90738794677,11.867766996147111,41177.69079198479,178.56756756756758
1781646847,150,POST,/posts,0.800000,0.000000,1200,3900,4800,4800,5400,5800,5800,5800,5800,5800,5800,83,2,1300.0,3414.4548406401586,5.508272006409243,56859.85643899767,220.85542168674698
1781646847,150,GET,/timeline/{user_id},5.400000,0.000000,4600,7400,9300,9600,29000,29000,29000,32000,32000,32000,32000,593,13,4400.0,7552.0955711046745,429.5103719923645,58875.401220982894,5649.8381112984825
1781646847,150,GET,/users/{user_id},1.600000,0.000000,1500,5200,5600,5700,6400,6400,6500,6500,6500,6500,6500,217,4,860.0,3280.84209492223,3.477889986243099,42159.736137022264,263.2903225806452
1781646847,150,,Aggregated,22.300000,0.000000,5100,5900,6800,8800,12000,29000,29000,29000,45000,45000,45000,2247,41,4000.0,5820.177936072967,3.477889986243099,58879.49723700876,6382.113929684023
1781646848,150,GET,/feed/{user_id},8.700000,0.000000,3900,4800,5400,5600,6000,16000,29000,29000,29000,29000,29000,892,13,1800.0,3869.536353851514,4.170818981947377,56877.33367498731,7017.17264573991
1781646848,150,GET,/feed/{user_id}?with_fof=true,5.000000,0.000000,10000,11000,11000,12000,13000,29000,45000,45000,45000,45000,45000,439,9,6900.0,9343.87795152865,2711.134604003746,58879.49723700876,10859.364464692482
1781646848,150,POST,/likes,0.500000,0.000000,4700,5100,5400,5900,5900,5900,5900,5900,5900,5900,5900,39,0,1200.0,3098.6222902056165,11.867766996147111,41177.69079198479,178.56410256410257
1781646848,150,POST,/posts,0.900000,0.000000,1300,3800,4800,4800,5400,5800,5800,5800,5800,5800,5800,85,2,1400.0,3424.70533809563,5.508272006409243,56859.85643899767,220.9764705882353
1781646848,150,GET,/timeline/{user_id},5.300000,0.000000,4600,7400,8600,9600,29000,29000,29000,32000,32000,32000,32000,600,13,4400.0,7529.897437016765,429.5103719923645,58875.401220982894,5659.645
1781646848,150,GET,/users/{user_id},2.100000,0.000000,1400,5200,5600,6400,6400,6500,6500,6500,6500,6500,6500,218,4,820.0,3267.1461561610636,3.477889986243099,42159.736137022264,263.3256880733945
1781646848,150,,Aggregated,22.500000,0.000000,4800,5800,7400,9300,12000,29000,29000,29000,45000,45000,45000,2273,41,4000.0,5805.416364129321,3.477889986243099,58879.49723700876,6381.662120545535
1781646849,150,GET,/feed/{user_id},8.700000,0.000000,3600,4500,5300,5600,5700,6000,16000,26000,26000,26000,26000,904,13,1900.0,3852.42124695635,4.170818981947377,56877.33367498731,7019.978982300885
1781646849,150,GET,/feed/{user_id}?with_fof=true,5.000000,0.000000,9000,11000,11000,11000,12000,12000,13000,13000,13000,13000,13000,441,9,6800.0,9327.012991981986,2711.134604003746,58879.49723700876,10859.219954648526
1781646849,150,POST,/likes,0.500000,0.000000,4700,5100,5400,5900,5900,5900,5900,5900,5900,5900,5900,39,0,1200.0,3098.6222902056165,11.867766996147111,41177.69079198479,178.56410256410257
1781646849,150,POST,/posts,0.900000,0.000000,1300,3900,3900,4800,5400,5800,5800,5800,5800,5800,5800,86,2,1400.0,3429.8549970245763,5.508272006409243,56859.85643899767,221.03488372093022
1781646849,150,GET,/timeline/{user_id},5.300000,0.000000,4600,6900,8600,9200,9600,11000,19000,32000,32000,32000,32000,604,13,4400.0,7537.718706947139,429.5103719923645,58875.401220982894,5660.759933774834
1781646849,150,GET,/users/{user_id},2.100000,0.000000,1500,5200,5600,6400,6400,6500,6500,6500,6500,6500,6500,219,4,860.0,3269.249150612297,3.477889986243099,42159.736137022264,263.3013698630137
1781646849,150,,Aggregated,22.500000,0.000000,4500,5600,6400,8100,10000,12000,16000,19000,32000,32000,32000,2293,41,4000.0,5791.697775296507,3.477889986243099,58879.49723700876,6383.651112080244
1781646850,150,GET,/feed/{user_id},9.300000,0.000000,3400,4500,5100,5400,5600,6000,24000,25000,25000,25000,25000,915,13,1900.0,3900.801086006051,4.170818981947377,56877.33367498731,7022.390163934426
1781646850,150,GET,/feed/{user_id}?with_fof=true,4.500000,0.000000,9500,11000,11000,11000,25000,25000,39000,39000,39000,39000,39000,452,9,6900.0,9508.388755984644,2711.134604003746,58879.49723700876,10875.148230088496
1781646850,150,POST,/likes,0.900000,0.000000,4700,4800,5100,5400,5900,5900,5900,5900,5900,5900,5900,40,0,1200.0,3140.02202507545,11.867766996147111,41177.69079198479,178.55
1781646850,150,POST,/posts,1.300000,0.000000,1300,3800,3900,3900,4800,5800,5800,5800,5800,5800,5800,86,2,1400.0,3429.8549970245763,5.508272006409243,56859.85643899767,221.03488372093022
1781646850,150,GET,/timeline/{user_id},6.100000,0.000000,5200,8200,9300,9600,19000,25000,32000,39000,39000,39000,39000,611,13,4500.0,7678.822516487889,429.5103719923645,58875.401220982894,5660.379705400982
1781646850,150,GET,/users/{user_id},2.300000,0.000000,1500,5400,6400,6400,6500,16000,16000,16000,16000,16000,16000,221,4,860.0,3312.1187875885676,3.477889986243099,42159.736137022264,263.3665158371041
1781646850,150,,Aggregated,24.400000,0.000000,4700,5700,6800,8600,11000,24000,25000,32000,39000,39000,39000,2325,41,4000.0,5897.347067431785,3.477889986243099,58879.49723700876,6401.677849462366
1781646851,150,GET,/feed/{user_id},9.200000,0.000000,3400,4500,4900,5300,5600,5900,24000,25000,25000,25000,25000,917,13,1900.0,3895.264467579661,4.170818981947377,56877.33367498731,7026.440567066521
1781646851,150,GET,/feed/{user_id}?with_fof=true,4.300000,0.000000,9400,11000,11000,11000,25000,25000,39000,39000,39000,39000,39000,456,9,6800.0,9482.058354346625,2711.134604003746,58879.49723700876,10850.120614035088
1781646851,150,POST,/likes,0.800000,0.000000,4700,4800,5100,5400,5900,5900,5900,5900,5900,5900,5900,40,0,1200.0,3140.02202507545,11.867766996147111,41177.69079198479,178.55
1781646851,150,POST,/posts,1.300000,0.000000,1300,3800,3900,3900,4800,5800,5800,5800,5800,5800,5800,86,2,1400.0,3429.8549970245763,5.508272006409243,56859.85643899767,221.03488372093022
1781646851,150,GET,/timeline/{user_id},5.800000,0.000000,4600,7900,9200,9500,19000,25000,32000,39000,39000,39000,39000,615,13,4400.0,7655.970115678207,429.5103719923645,58875.401220982894,5659.323577235772
1781646851,150,GET,/users/{user_id},1.900000,0.000000,1500,5200,5600,6400,6400,6500,16000,16000,16000,16000,16000,226,4,860.0,3267.025243889631,3.477889986243099,42159.736137022264,263.429203539823
1781646851,150,,Aggregated,23.300000,0.000000,4500,5600,6500,8300,11000,24000,25000,32000,39000,39000,39000,2340,41,4000.0,5881.6725911798685,3.477889986243099,58879.49723700876,6391.910683760684
1781646852,150,GET,/feed/{user_id},9.300000,0.000000,2700,4200,5100,5300,5600,16000,24000,25000,25000,25000,25000,925,13,1900.0,3896.1053514708715,4.170818981947377,56877.33367498731,7029.034594594595
1781646852,150,GET,/feed/{user_id}?with_fof=true,4.500000,0.000000,8800,10000,11000,11000,25000,25000,39000,39000,39000,39000,39000,460,9,6800.0,9469.834524434977,2711.134604003746,58879.49723700876,10860.519565217392
1781646852,150,POST,/likes,0.800000,0.000000,4700,4800,5100,5400,5900,5900,5900,5900,5900,5900,5900,40,0,1200.0,3140.02202507545,11.867766996147111,41177.69079198479,178.55
1781646852,150,POST,/posts,1.200000,0.000000,1400,3800,3900,3900,4800,5800,5800,5800,5800,5800,5800,87,2,1400.0,3407.020564472715,5.508272006409243,56859.85643899767,221.09195402298852
1781646852,150,GET,/timeline/{user_id},5.800000,0.000000,5200,8100,9200,9300,11000,25000,25000,39000,39000,39000,39000,619,13,4400.0,7664.646793358748,429.5103719923645,58875.401220982894,5662.544426494345
1781646852,150,GET,/users/{user_id},2.000000,0.000000,1500,3700,6400,6400,6500,16000,16000,16000,16000,16000,16000,226,4,860.0,3267.025243889631,3.477889986243099,42159.736137022264,263.429203539823
1781646852,150,,Aggregated,23.600000,0.000000,4400,5600,6600,8600,11000,24000,25000,25000,39000,39000,39000,2357,41,4000.0,5882.391629898561,3.477889986243099,58879.49723700876,6401.664403903267
1781646853,150,GET,/feed/{user_id},8.600000,0.000000,2700,4100,4500,5100,5600,16000,24000,25000,25000,25000,25000,929,13,1900.0,3880.1702264838855,4.170818981947377,56877.33367498731,7024.24219590958
1781646853,150,GET,/feed/{user_id}?with_fof=true,4.500000,0.000000,8800,10000,11000,11000,25000,25000,39000,39000,39000,39000,39000,467,9,6800.0,9438.71811653554,2711.134604003746,58879.49723700876,10869.237687366167
1781646853,150,POST,/likes,0.900000,0.000000,4700,4800,5100,5900,6200,6200,6200,6200,6200,6200,6200,42,0,1200.0,3154.99817033387,11.867766996147111,41177.69079198479,178.5
1781646853,150,POST,/posts,1.200000,0.000000,3800,3900,4800,4800,5800,5800,5800,5800,5800,5800,5800,89,2,1400.0,3396.1254658891685,5.508272006409243,56859.85643899767,221.20224719101122
1781646853,150,GET,/timeline/{user_id},5.800000,0.000000,5500,8100,9200,9500,18000,25000,39000,39000,39000,39000,39000,622,13,4400.0,7651.845085639928,429.5103719923645,58875.401220982894,5667.403536977492
1781646853,150,GET,/users/{user_id},2.400000,0.000000,1500,3700,6400,6400,6500,16000,16000,16000,16000,16000,16000,226,4,860.0,3267.025243889631,3.477889986243099,42159.736137022264,263.429203539823
1781646853,150,,Aggregated,23.400000,0.000000,4500,5800,6800,8800,11000,24000,25000,25000,39000,39000,39000,2375,41,4000.0,5871.629447928791,3.477889986243099,58879.49723700876,6405.599578947368
1781646854,150,GET,/feed/{user_id},8.800000,0.000000,2700,4100,4800,5300,5900,16000,24000,25000,25000,25000,25000,935,13,1900.0,3881.2315527138994,4.170818981947377,56877.33367498731,7028.165775401069
1781646854,150,GET,/feed/{user_id}?with_fof=true,4.800000,0.000000,8800,10000,11000,11000,25000,25000,39000,39000,39000,39000,39000,471,9,6900.0,9430.909489747517,2711.134604003746,58879.49723700876,10874.902335456476
1781646854,150,POST,/likes,0.900000,0.000000,4700,4800,5100,5100,6200,6200,6200,6200,6200,6200,6200,42,0,1200.0,3154.99817033387,11.867766996147111,41177.69079198479,178.5
1781646854,150,POST,/posts,1.100000,0.000000,1400,3800,3900,3900,4800,5800,5800,5800,5800,5800,5800,90,2,1400.0,3358.6398156793116,5.508272006409243,56859.85643899767,221.25555555555556
1781646854,150,GET,/timeline/{user_id},6.000000,0.000000,4600,8500,9300,9500,18000,25000,39000,39000,39000,39000,39000,623,13,4400.0,7642.418006494453,429.5103719923645,58875.401220982894,5669.250401284109
1781646854,150,GET,/users/{user_id},2.300000,0.000000,1500,2500,6400,6400,6500,16000,16000,16000,16000,16000,16000,227,4,860.0,3252.6728784187753,3.477889986243099,42159.736137022264,263.4273127753304
1781646854,150,,Aggregated,23.900000,0.000000,4400,5900,6600,8800,11000,25000,25000,39000,39000,39000,39000,2388,41,4000.0,5864.8578473496,3.477889986243099,58879.49723700876,6412.296901172529
1781646855,150,GET,/feed/{user_id},8.800000,0.000000,3400,4500,5300,5600,6000,6400,24000,25000,25000,25000,25000,951,13,2000.0,3887.832769169865,4.170818981947377,56877.33367498731,7030.7875920084125
1781646855,150,GET,/feed/{user_id}?with_fof=true,4.800000,0.000000,8800,10000,11000,11000,25000,25000,39000,39000,39000,39000,39000,479,9,6900.0,9402.203357037779,2711.134604003746,58879.49723700876,10833.688935281838
1781646855,150,POST,/likes,0.900000,0.000000,4700,4800,5100,5100,6200,6200,6200,6200,6200,6200,6200,42,0,1200.0,3154.99817033387,11.867766996147111,41177.69079198479,178.5
1781646855,150,POST,/posts,1.100000,0.000000,1400,3900,3900,4800,5800,5800,5800,5800,5800,5800,5800,92,2,1400.0,3364.4568154799663,5.508272006409243,56859.85643899767,221.3695652173913
1781646855,150,GET,/timeline/{user_id},6.000000,0.000000,6400,8500,9300,9700,18000,25000,39000,39000,39000,39000,39000,626,13,4400.0,7641.302518508032,429.5103719923645,58875.401220982894,5653.453674121406
1781646855,150,GET,/users/{user_id},2.300000,0.000000,2500,5800,6300,6400,6500,16000,16000,16000,16000,16000,16000,230,4,860.0,3288.239725574259,3.477889986243099,42159.736137022264,263.5
1781646855,150,,Aggregated,23.900000,0.000000,4800,6000,6900,8800,11000,24000,25000,25000,39000,39000,39000,2420,41,4100.0,5860.650758325589,3.477889986243099,58879.49723700876,6406.258677685951
1781646856,150,GET,/feed/{user_id},7.900000,0.000000,3500,4500,5800,5900,6300,7100,24000,25000,25000,25000,25000,960,13,2000.0,3898.119673864101,4.170818981947377,56877.33367498731,7032.634375
1781646856,150,GET,/feed/{user_id}?with_fof=true,4.700000,0.000000,8300,10000,11000,11000,25000,25000,39000,39000,39000,39000,39000,485,9,6900.0,9381.901440239273,2711.134604003746,58879.49723700876,10846.729896907216
1781646856,150,POST,/likes,1.000000,0.000000,4700,4700,4800,4800,6200,6200,6200,6200,6200,6200,6200,42,0,1200.0,3154.99817033387,11.867766996147111,41177.69079198479,178.5
1781646856,150,POST,/posts,1.300000,0.000000,3900,3900,4800,5800,5800,5800,5800,5800,5800,5800,5800,92,2,1400.0,3364.4568154799663,5.508272006409243,56859.85643899767,221.3695652173913
1781646856,150,GET,/timeline/{user_id},4.900000,0.000000,6600,8500,9300,9500,18000,25000,39000,39000,39000,39000,39000,633,13,4500.0,7621.660928037947,429.5103719923645,58875.401220982894,5645.927330173776
1781646856,150,GET,/users/{user_id},1.800000,0.000000,2500,3700,5800,5800,6300,16000,16000,16000,16000,16000,16000,231,4,870.0,3277.856432463499,3.477889986243099,42159.736137022264,263.53246753246754
1781646856,150,,Aggregated,21.600000,0.000000,5200,6300,7400,8800,11000,24000,25000,25000,39000,39000,39000,2443,41,4100.0,5860.0709123826655,3.477889986243099,58879.49723700876,6416.129349160868
1781646857,150,GET,/feed/{user_id},8.700000,0.000000,2800,4800,5900,6000,6400,16000,24000,25000,25000,25000,25000,966,13,2000.0,3887.666523522254,4.170818981947377,56877.33367498731,7044.096273291925
1781646857,150,GET,/feed/{user_id}?with_fof=true,5.100000,0.000000,7800,9500,10000,11000,25000,25000,39000,39000,39000,39000,39000,488,9,6900.0,9366.384023672157,2711.134604003746,58879.49723700876,10852.168032786885
1781646857,150,POST,/likes,0.800000,0.000000,4700,4700,4800,4800,6200,6200,6200,6200,6200,6200,6200,42,0,1200.0,3154.99817033387,11.867766996147111,41177.69079198479,178.5
1781646857,150,POST,/posts,1.400000,0.000000,1400,3900,5800,5800,5800,5800,5800,5800,5800,5800,5800,93,2,1400.0,3328.437707410382,5.508272006409243,56859.85643899767,221.41935483870967
1781646857,150,GET,/timeline/{user_id},5.000000,0.000000,7000,8600,9400,9700,25000,25000,39000,39000,39000,39000,39000,637,13,4500.0,7610.378407050213,429.5103719923645,58875.401220982894,5658.10989010989
1781646857,150,GET,/users/{user_id},2.100000,0.000000,2500,3700,5800,6300,7000,16000,16000,16000,16000,16000,16000,236,4,890.0,3276.2074987374453,3.477889986243099,42159.736137022264,263.5635593220339
1781646857,150,,Aggregated,23.100000,0.000000,5600,6300,7700,8800,11000,25000,25000,39000,39000,39000,39000,2462,41,4100.0,5844.57023160468,3.477889986243099,58879.49723700876,6415.5
1781646858,150,GET,/feed/{user_id},9.300000,0.000000,4600,6000,6400,7000,17000,23000,24000,25000,25000,25000,25000,979,13,2000.0,4025.1527202619577,4.170818981947377,56877.33367498731,7045.7957099080695
1781646858,150,GET,/feed/{user_id}?with_fof=true,5.500000,0.000000,8300,9900,11000,11000,25000,33000,33000,39000,39000,39000,39000,496,9,6900.0,9520.985587651312,2711.134604003746,58879.49723700876,10860.189516129032
1781646858,150,POST,/likes,0.700000,0.000000,4800,4800,6200,6200,6200,6200,6200,6200,6200,6200,6200,42,0,1200.0,3154.99817033387,11.867766996147111,41177.69079198479,178.5
1781646858,150,POST,/posts,1.300000,0.000000,3900,5800,5800,22000,23000,23000,23000,23000,23000,23000,23000,95,2,1400.0,3733.377090128028,5.508272006409243,56859.85643899767,221.5157894736842
1781646858,150,GET,/timeline/{user_id},5.100000,0.000000,7500,9200,11000,23000,25000,31000,39000,39000,39000,39000,39000,647,13,4600.0,7755.775195233406,429.5103719923645,58875.401220982894,5660.944358578053
1781646858,150,GET,/users/{user_id},1.600000,0.000000,2500,5800,6300,6800,16000,17000,17000,17000,17000,17000,17000,238,4,980.0,3339.9520861935075,3.477889986243099,42159.736137022264,263.5924369747899
1781646858,150,,Aggregated,23.500000,0.000000,5800,7500,9400,11000,23000,25000,33000,33000,39000,39000,39000,2497,41,4100.0,5992.434625213364,3.477889986243099,58879.49723700876,6423.065678814577
1781646859,150,GET,/feed/{user_id},8.200000,0.000000,4600,5900,6300,6700,17000,18000,23000,23000,23000,23000,23000,982,13,2000.0,4017.5291036735853,4.170818981947377,56877.33367498731,7047.62932790224
1781646859,150,GET,/feed/{user_id}?with_fof=true,5.200000,0.000000,7700,9200,10000,10000,11000,31000,33000,33000,33000,33000,33000,500,9,6900.0,9501.312663564175,2711.134604003746,58879.49723700876,10864.774
1781646859,150,POST,/likes,0.600000,0.000000,4800,4800,6200,6200,6200,6200,6200,6200,6200,6200,6200,43,0,1300.0,3187.2435961166384,11.867766996147111,41177.69079198479,178.51162790697674
1781646859,150,POST,/posts,1.100000,0.000000,3900,5800,5800,22000,23000,23000,23000,23000,23000,23000,23000,95,2,1400.0,3733.377090128028,5.508272006409243,56859.85643899767,221.5157894736842
1781646859,150,GET,/timeline/{user_id},4.400000,0.000000,6800,8500,9200,9400,23000,24000,33000,33000,33000,33000,33000,654,13,4600.0,7736.086476319495,429.5103719923645,58875.401220982894,5664.175840978593
1781646859,150,GET,/users/{user_id},1.500000,0.000000,2500,4600,5800,6300,7000,17000,17000,17000,17000,17000,17000,239,4,980.0,3326.003227556669,3.477889986243099,42159.736137022264,263.6234309623431
1781646859,150,,Aggregated,21.000000,0.000000,5800,6800,8500,9300,17000,23000,31000,33000,33000,33000,33000,2513,41,4100.0,5985.637698640561,3.477889986243099,58879.49723700876,6426.285714285715
1781646860,150,GET,/feed/{user_id},8.800000,0.000000,4300,5800,6000,6300,17000,17000,23000,23000,23000,23000,23000,998,13,2000.0,3998.784855590612,4.170818981947377,56877.33367498731,7047.885771543086
1781646860,150,GET,/feed/{user_id}?with_fof=true,5.800000,0.000000,8100,9300,10000,11000,13000,31000,33000,33000,33000,33000,33000,503,9,6900.0,9503.904689725836,2711.134604003746,58879.49723700876,10866.397614314115
1781646860,150,POST,/likes,0.300000,0.000000,4500,4800,4800,6200,6200,6200,6200,6200,6200,6200,6200,44,0,1200.0,3134.9296592730257,11.867766996147111,41177.69079198479,178.5
1781646860,150,POST,/posts,1.000000,0.000000,1400,5800,5800,22000,23000,23000,23000,23000,23000,23000,23000,95,2,1400.0,3733.377090128028,5.508272006409243,56859.85643899767,221.5157894736842
1781646860,150,GET,/timeline/{user_id},4.700000,0.000000,6600,7900,9200,9300,23000,24000,33000,33000,33000,33000,33000,662,13,4600.0,7706.625866137345,429.5103719923645,58875.401220982894,5671.35498489426
1781646860,150,GET,/users/{user_id},2.000000,0.000000,1400,4600,5800,6300,7000,17000,17000,17000,17000,17000,17000,240,4,890.0,3312.175153212714,3.477889986243099,42159.736137022264,263.6
1781646860,150,,Aggregated,22.600000,0.000000,5800,6700,8300,9200,17000,23000,31000,33000,33000,33000,33000,2542,41,4200.0,5964.031248440474,3.477889986243099,58879.49723700876,6430.4433516915815
1781646861,150,GET,/feed/{user_id},8.800000,0.000000,4300,5800,6000,6300,17000,17000,23000,23000,23000,23000,23000,1005,13,2000.0,3977.004603623294,4.170818981947377,56877.33367498731,7050.47960199005
1781646861,150,GET,/feed/{user_id}?with_fof=true,5.800000,0.000000,7800,9500,10000,11000,13000,31000,33000,33000,33000,33000,33000,507,9,6900.0,9484.500587092862,2711.134604003746,58879.49723700876,10870.901380670612
1781646861,150,POST,/likes,0.300000,0.000000,4500,4500,6200,6200,6200,6200,6200,6200,6200,6200,6200,44,0,1200.0,3134.9296592730257,11.867766996147111,41177.69079198479,178.5
1781646861,150,POST,/posts,1.000000,0.000000,1400,5800,5800,22000,23000,23000,23000,23000,23000,23000,23000,95,2,1400.0,3733.377090128028,5.508272006409243,56859.85643899767,221.5157894736842
1781646861,150,GET,/timeline/{user_id},4.700000,0.000000,6200,7200,8500,9200,23000,24000,33000,33000,33000,33000,33000,667,13,4600.0,7681.39052640175,429.5103719923645,58875.401220982894,5675.8785607196405
1781646861,150,GET,/users/{user_id},2.000000,0.000000,1200,5800,6300,6800,7000,17000,17000,17000,17000,17000,17000,241,4,890.0,3298.7621175521344,3.477889986243099,42159.736137022264,263.6307053941909
1781646861,150,,Aggregated,22.600000,0.000000,5700,6500,7700,9100,17000,23000,31000,33000,33000,33000,33000,2559,41,4200.0,5946.318211921731,3.477889986243099,58879.49723700876,6438.26611957796
1781646862,150,GET,/feed/{user_id},8.100000,0.000000,4300,5800,6000,6300,17000,17000,23000,23000,23000,23000,23000,1013,13,2000.0,3966.389445758509,4.170818981947377,56877.33367498731,7051.847976307996
1781646862,150,GET,/feed/{user_id}?with_fof=true,5.400000,0.000000,8100,10000,11000,11000,13000,31000,33000,33000,33000,33000,33000,510,9,6900.0,9488.15044578646,2711.134604003746,58879.49723700876,10873.003921568628
1781646862,150,POST,/likes,0.400000,0.000000,4500,4500,5500,5500,5500,5500,5500,5500,5500,5500,5500,45,0,1300.0,3188.5700919335554,11.867766996147111,41177.69079198479,178.51111111111112
1781646862,150,POST,/posts,0.900000,0.000000,5800,5800,22000,22000,23000,23000,23000,23000,23000,23000,23000,95,2,1400.0,3733.377090128028,5.508272006409243,56859.85643899767,221.5157894736842
1781646862,150,GET,/timeline/{user_id},5.200000,0.000000,6500,7300,8500,9200,11000,24000,31000,33000,33000,33000,33000,673,13,4600.0,7675.12262802378,429.5103719923645,58875.401220982894,5681.841010401189
1781646862,150,GET,/users/{user_id},1.900000,0.000000,1200,5800,6300,6800,7000,17000,17000,17000,17000,17000,17000,241,4,890.0,3298.7621175521344,3.477889986243099,42159.736137022264,263.6307053941909
1781646862,150,,Aggregated,21.900000,0.000000,5700,6700,7800,9200,17000,23000,31000,33000,33000,33000,33000,2577,41,4200.0,5943.121813191197,3.477889986243099,58879.49723700876,6443.634070624757
1781646863,150,GET,/feed/{user_id},8.800000,0.000000,4300,5800,6100,6400,17000,17000,23000,23000,23000,23000,23000,1017,13,2000.0,3969.1097388745306,4.170818981947377,56877.33367498731,7053.232055063913
1781646863,150,GET,/feed/{user_id}?with_fof=true,5.200000,0.000000,7800,10000,11000,11000,13000,31000,33000,33000,33000,33000,33000,513,9,6900.0,9479.501700659084,2711.134604003746,58879.49723700876,10870.337231968811
1781646863,150,POST,/likes,0.400000,0.000000,890,4500,4500,5500,5500,5500,5500,5500,5500,5500,5500,46,0,1200.0,3119.8168780000465,11.867766996147111,41177.69079198479,178.47826086956522
1781646863,150,POST,/posts,0.900000,0.000000,5800,22000,22000,23000,23000,23000,23000,23000,23000,23000,23000,95,2,1400.0,3733.377090128028,5.508272006409243,56859.85643899767,221.5157894736842
1781646863,150,GET,/timeline/{user_id},5.300000,0.000000,6800,7300,8500,9200,11000,24000,31000,33000,33000,33000,33000,676,13,4600.0,7668.141193449695,429.5103719923645,58875.401220982894,5688.180473372781
1781646863,150,GET,/users/{user_id},1.500000,0.000000,4600,5800,6300,6800,7000,17000,17000,17000,17000,17000,17000,242,4,890.0,3308.2875569258654,3.477889986243099,42159.736137022264,263.6404958677686
1781646863,150,,Aggregated,22.100000,0.000000,5700,6800,7700,9200,17000,23000,31000,33000,33000,33000,33000,2589,41,4200.0,5941.297957656136,3.477889986243099,58879.49723700876,6445.687524140595
1781646864,150,GET,/feed/{user_id},8.900000,0.000000,3500,5100,6100,6500,17000,17000,23000,23000,23000,23000,23000,1022,13,2000.0,3956.3529025620337,4.170818981947377,56877.33367498731,7054.217221135029
1781646864,150,GET,/feed/{user_id}?with_fof=true,5.000000,0.000000,7200,10000,11000,12000,24000,33000,33000,33000,33000,33000,33000,516,9,6900.0,9455.233108775374,2711.134604003746,58879.49723700876,10853.449612403101
1781646864,150,POST,/likes,0.500000,0.000000,890,890,4500,4500,5500,5500,5500,5500,5500,5500,5500,47,0,1200.0,3053.7542064043823,11.867766996147111,41177.69079198479,178.46808510638297
1781646864,150,POST,/posts,0.900000,0.000000,5800,22000,22000,23000,23000,23000,23000,23000,23000,23000,23000,95,2,1400.0,3733.377090128028,5.508272006409243,56859.85643899767,221.5157894736842
1781646864,150,GET,/timeline/{user_id},5.500000,0.000000,6800,8200,8700,9200,11000,24000,31000,33000,33000,33000,33000,681,13,4600.0,7665.374842804645,429.5103719923645,58875.401220982894,5693.8810572687225
1781646864,150,GET,/users/{user_id},1.500000,0.000000,1200,4600,6800,6800,7000,17000,17000,17000,17000,17000,17000,242,4,890.0,3308.2875569258654,3.477889986243099,42159.736137022264,263.6404958677686
1781646864,150,,Aggregated,22.300000,0.000000,5600,6800,8200,9200,17000,23000,31000,33000,33000,33000,33000,2603,41,4200.0,5932.084548035226,3.477889986243099,58879.49723700876,6446.621590472531
1781646865,150,GET,/feed/{user_id},8.800000,0.000000,1500,4500,5600,6500,17000,17000,23000,23000,23000,23000,23000,1027,13,2000.0,3940.58380532362,4.170818981947377,56877.33367498731,7062.07400194742
1781646865,150,GET,/feed/{user_id}?with_fof=true,4.600000,0.000000,7200,10000,11000,11000,13000,31000,33000,33000,33000,33000,33000,527,9,6900.0,9429.111605271495,2711.134604003746,58879.49723700876,10866.751423149904
1781646865,150,POST,/likes,0.500000,0.000000,890,890,4500,4500,5500,5500,5500,5500,5500,5500,5500,47,0,1200.0,3053.7542064043823,11.867766996147111,41177.69079198479,178.46808510638297
1781646865,150,POST,/posts,0.600000,0.000000,22000,22000,23000,23000,23000,23000,23000,23000,23000,23000,23000,95,2,1400.0,3733.377090128028,5.508272006409243,56859.85643899767,221.5157894736842
1781646865,150,GET,/timeline/{user_id},5.400000,0.000000,6800,8300,8900,9200,11000,24000,31000,33000,33000,33000,33000,684,13,4600.0,7663.655116254319,429.5103719923645,58875.401220982894,5691.713450292397
1781646865,150,GET,/users/{user_id},1.600000,0.000000,1200,1500,5600,6800,7000,17000,17000,17000,17000,17000,17000,246,4,890.0,3268.700328268673,3.477889986243099,42159.736137022264,263.7113821138211
1781646865,150,,Aggregated,21.500000,0.000000,5500,6800,8700,9900,17000,23000,31000,33000,33000,33000,33000,2626,41,4200.0,5925.498490320132,3.477889986243099,58879.49723700876,6461.144325971059
1781646866,150,GET,/feed/{user_id},8.700000,0.000000,1800,4600,6200,6600,17000,17000,23000,23000,23000,23000,23000,1038,13,2000.0,3938.6150540195995,4.170818981947377,56877.33367498731,7062.02697495183
1781646866,150,GET,/feed/{user_id}?with_fof=true,4.500000,0.000000,7000,10000,11000,11000,13000,31000,33000,33000,33000,33000,33000,532,9,6900.0,9401.347133047137,2711.134604003746,58879.49723700876,10873.257518796992
1781646866,150,POST,/likes,0.400000,0.000000,890,890,4500,4500,5500,5500,5500,5500,5500,5500,5500,48,0,960.0,2990.4269832083323,11.867766996147111,41177.69079198479,178.5
1781646866,150,POST,/posts,0.500000,0.000000,22000,22000,23000,23000,23000,23000,23000,23000,23000,23000,23000,96,2,1400.0,3700.2667003140837,5.508272006409243,56859.85643899767,221.5625
1781646866,150,GET,/timeline/{user_id},5.800000,0.000000,6800,8300,9100,9400,11000,24000,31000,33000,33000,33000,33000,691,13,4700.0,7654.359601564306,429.5103719923645,58875.401220982894,5689.833574529667
1781646866,150,GET,/users/{user_id},1.500000,0.000000,1300,4600,5600,6800,7000,17000,17000,17000,17000,17000,17000,246,4,890.0,3268.700328268673,3.477889986243099,42159.736137022264,263.7113821138211
1781646866,150,,Aggregated,21.400000,0.000000,5500,6800,8700,9500,17000,23000,31000,33000,33000,33000,33000,2651,41,4200.0,5915.438689065492,3.477889986243099,58879.49723700876,6465.991324028669
1781646867,150,GET,/feed/{user_id},7.400000,0.000000,1200,4500,5300,5600,6500,6700,6700,7700,7700,7700,7700,1047,13,2000.0,3932.3495988083455,4.170818981947377,56877.33367498731,7062.717287488061
1781646867,150,GET,/feed/{user_id}?with_fof=true,4.300000,0.000000,6400,9900,10000,11000,12000,13000,13000,13000,13000,13000,13000,535,9,6900.0,9389.56999000947,2711.134604003746,58879.49723700876,10875.267289719626
1781646867,150,POST,/likes,0.500000,0.000000,230,890,4500,4500,5500,5500,5500,5500,5500,5500,5500,49,0,960.0,2934.0104442244224,11.867766996147111,41177.69079198479,178.48979591836735
1781646867,150,POST,/posts,0.300000,0.000000,22000,22000,23000,23000,23000,23000,23000,23000,23000,23000,23000,97,2,1400.0,3664.4910946614395,5.508272006409243,56859.85643899767,221.60824742268042
1781646867,150,GET,/timeline/{user_id},5.800000,0.000000,6800,8200,8700,9100,9500,10000,11000,24000,24000,24000,24000,699,13,4700.0,7637.8295832631275,429.5103719923645,58875.401220982894,5694.749642346209
1781646867,150,GET,/users/{user_id},1.300000,0.000000,760,1300,1500,5300,5600,5600,5600,5600,5600,5600,5600,247,4,980.0,3276.7337348221645,3.477889986243099,42159.736137022264,263.7408906882591
1781646867,150,,Aggregated,19.600000,0.000000,5300,6200,6800,7900,9900,11000,12000,13000,24000,24000,24000,2674,41,4200.0,5904.266355182716,3.477889986243099,58879.49723700876,6465.575542258788
1781646868,150,GET,/feed/{user_id},7.600000,0.000000,1500,4600,5300,5500,6500,6700,6700,7700,7700,7700,7700,1054,13,2000.0,3924.6355002337377,4.170818981947377,56877.33367498731,7056.7277039848195
1781646868,150,GET,/feed/{user_id}?with_fof=true,4.700000,0.000000,6400,9900,10000,11000,11000,12000,13000,13000,13000,13000,13000,540,9,6900.0,9363.82536960926,2711.134604003746,58879.49723700876,10881.324074074075
1781646868,150,POST,/likes,0.600000,0.000000,230,890,4500,4500,5500,5500,5500,5500,5500,5500,5500,49,0,960.0,2934.0104442244224,11.867766996147111,41177.69079198479,178.48979591836735
1781646868,150,POST,/posts,0.400000,0.000000,550,22000,22000,23000,23000,23000,23000,23000,23000,23000,23000,98,2,1400.0,3627.16891119531,5.508272006409243,56859.85643899767,221.6530612244898
1781646868,150,GET,/timeline/{user_id},5.900000,0.000000,7000,8300,9100,9100,9500,10000,10000,11000,11000,11000,11000,705,13,4800.0,7635.591169533224,429.5103719923645,58875.401220982894,5703.052482269503
1781646868,150,GET,/users/{user_id},1.500000,0.000000,1500,5300,5600,7500,7500,7500,7500,7500,7500,7500,7500,249,4,1000.0,3310.8262868516754,3.477889986243099,42159.736137022264,263.714859437751
1781646868,150,,Aggregated,20.700000,0.000000,5100,6200,6900,7900,9600,11000,12000,13000,13000,13000,13000,2695,41,4200.0,5899.721002540448,3.477889986243099,58879.49723700876,6467.7146567718
1781646869,150,GET,/feed/{user_id},8.600000,0.000000,960,4600,5400,5800,6600,6700,7700,8200,8200,8200,8200,1064,13,2000.0,3903.9600037644595,4.170818981947377,56877.33367498731,7057.163533834587
1781646869,150,GET,/feed/{user_id}?with_fof=true,4.700000,0.000000,6600,9500,10000,11000,11000,12000,13000,13000,13000,13000,13000,543,9,6900.0,9359.1491680645,2711.134604003746,58879.49723700876,10883.267034990791
1781646869,150,POST,/likes,0.700000,0.000000,230,230,890,890,5500,5500,5500,5500,5500,5500,5500,49,0,960.0,2934.0104442244224,11.867766996147111,41177.69079198479,178.48979591836735
1781646869,150,POST,/posts,0.400000,0.000000,550,22000,22000,23000,23000,23000,23000,23000,23000,23000,23000,98,2,1400.0,3627.16891119531,5.508272006409243,56859.85643899767,221.6530612244898
1781646869,150,GET,/timeline/{user_id},6.000000,0.000000,8100,8900,9100,9400,9600,10000,11000,11000,11000,11000,11000,711,13,4900.0,7643.596551437327,429.5103719923645,58875.401220982894,5706.263009845288
1781646869,150,GET,/users/{user_id},1.500000,0.000000,1500,5300,5600,7500,7500,7500,7500,7500,7500,7500,7500,249,4,1000.0,3310.8262868516754,3.477889986243099,42159.736137022264,263.714859437751
1781646869,150,,Aggregated,21.900000,0.000000,5400,6600,7500,8300,9600,11000,11000,12000,13000,13000,13000,2714,41,4200.0,5893.166323075376,3.477889986243099,58879.49723700876,6474.473839351511
1781646870,150,GET,/feed/{user_id},7.400000,0.000000,3500,5600,6500,6700,19000,19000,19000,19000,19000,19000,19000,1090,13,2100.0,4054.7030756608906,4.170818981947377,56877.33367498731,7083.481651376147
1781646870,150,GET,/feed/{user_id}?with_fof=true,4.300000,0.000000,7200,11000,11000,12000,29000,34000,35000,35000,35000,35000,35000,554,9,6900.0,9635.942549485508,2711.134604003746,58879.49723700876,10872.736462093862
1781646870,150,POST,/likes,0.700000,0.000000,26,230,230,5500,5500,5500,5500,5500,5500,5500,5500,49,0,960.0,2934.0104442244224,11.867766996147111,41177.69079198479,178.48979591836735
1781646870,150,POST,/posts,0.200000,0.000000,4900,12000,22000,22000,23000,23000,23000,23000,23000,23000,23000,101,2,1400.0,3717.0137401398197,5.508272006409243,56859.85643899767,221.79207920792078
1781646870,150,GET,/timeline/{user_id},5.900000,0.000000,8300,9100,9400,9600,10000,29000,29000,35000,35000,35000,35000,720,13,4900.0,7732.711330609721,429.5103719923645,58875.401220982894,5723.811111111111
1781646870,150,GET,/users/{user_id},1.100000,0.000000,5300,7500,7700,12000,19000,19000,19000,19000,19000,19000,19000,257,4,1100.0,3522.2714895839804,3.477889986243099,42159.736137022264,263.75875486381324
1781646870,150,,Aggregated,19.600000,0.000000,5800,7900,9500,10000,18000,19000,29000,35000,35000,35000,35000,2771,41,4300.0,6044.712867292875,3.477889986243099,58879.49723700876,6483.063154095994
1781646871,150,GET,/feed/{user_id},8.200000,0.000000,3500,5500,6500,6700,19000,19000,19000,19000,19000,19000,19000,1100,13,2100.0,4040.1460292148795,4.170818981947377,56877.33367498731,7082.992727272727
1781646871,150,GET,/feed/{user_id}?with_fof=true,4.200000,0.000000,7000,10000,11000,11000,29000,34000,35000,35000,35000,35000,35000,557,9,6900.0,9610.961211807873,2711.134604003746,58879.49723700876,10848.93895870736
1781646871,150,POST,/likes,0.700000,0.000000,26,230,230,5200,5200,5200,5200,5200,5200,5200,5200,50,0,960.0,2979.5978758798447,11.867766996147111,41177.69079198479,178.5
1781646871,150,POST,/posts,0.300000,0.000000,3200,3200,4900,4900,12000,12000,12000,12000,12000,12000,12000,101,2,1400.0,3717.0137401398197,5.508272006409243,56859.85643899767,221.79207920792078
1781646871,150,GET,/timeline/{user_id},5.700000,0.000000,8700,9300,9600,9700,11000,29000,29000,35000,35000,35000,35000,727,13,5000.0,7740.061078664361,429.5103719923645,58875.401220982894,5710.554332874828
1781646871,150,GET,/users/{user_id},1.000000,0.000000,5300,7500,7700,12000,19000,19000,19000,19000,19000,19000,19000,258,4,1100.0,3508.689326756113,3.477889986243099,42159.736137022264,263.78682170542635
1781646871,150,,Aggregated,20.100000,0.000000,5600,7800,9400,10000,18000,19000,29000,35000,35000,35000,35000,2793,41,4300.0,6034.418388526153,3.477889986243099,58879.49723700876,6475.154672395274
1781646872,150,GET,/feed/{user_id},9.500000,0.000000,3200,5200,6200,6700,19000,19000,19000,19000,19000,19000,19000,1102,13,2100.0,4032.845884096513,4.170818981947377,56877.33367498731,7077.839382940109
1781646872,150,GET,/feed/{user_id}?with_fof=true,5.000000,0.000000,6900,10000,11000,12000,29000,34000,35000,35000,35000,35000,35000,560,9,6900.0,9602.146414017789,2711.134604003746,58879.49723700876,10847.805357142857
1781646872,150,POST,/likes,0.600000,0.000000,26,26,230,230,5200,5200,5200,5200,5200,5200,5200,51,0,960.0,2921.495350686075,11.867766996147111,41177.69079198479,178.50980392156862
1781646872,150,POST,/posts,0.600000,0.000000,3200,3200,4900,4900,12000,12000,12000,12000,12000,12000,12000,101,2,1400.0,3717.0137401398197,5.508272006409243,56859.85643899767,221.79207920792078
1781646872,150,GET,/timeline/{user_id},5.700000,0.000000,8700,9400,9600,9700,11000,29000,29000,35000,35000,35000,35000,728,13,4900.0,7734.898632331034,429.5103719923645,58875.401220982894,5710.2623626373625
1781646872,150,GET,/users/{user_id},1.700000,0.000000,5300,7500,7700,12000,19000,19000,19000,19000,19000,19000,19000,258,4,1100.0,3508.689326756113,3.477889986243099,42159.736137022264,263.78682170542635
1781646872,150,,Aggregated,23.100000,0.000000,5600,7800,9500,10000,18000,19000,29000,35000,35000,35000,35000,2800,41,4300.0,6029.307449072683,3.477889986243099,58879.49723700876,6475.4225
1781646873,150,GET,/feed/{user_id},9.200000,0.000000,2600,5200,5900,6700,19000,19000,19000,19000,19000,19000,19000,1107,13,2000.0,4016.526650257778,4.170818981947377,56877.33367498731,7066.839205058717
1781646873,150,GET,/feed/{user_id}?with_fof=true,4.900000,0.000000,7100,11000,11000,12000,29000,34000,35000,35000,35000,35000,35000,564,9,6900.0,9592.900130987555,2711.134604003746,58879.49723700876,10851.941489361701
1781646873,150,POST,/likes,0.500000,0.000000,16,230,230,5200,5200,5200,5200,5200,5200,5200,5200,51,0,960.0,2921.495350686075,11.867766996147111,41177.69079198479,178.50980392156862
1781646873,150,POST,/posts,0.600000,0.000000,3200,3200,4900,4900,12000,12000,12000,12000,12000,12000,12000,101,2,1400.0,3717.0137401398197,5.508272006409243,56859.85643899767,221.79207920792078
1781646873,150,GET,/timeline/{user_id},5.900000,0.000000,8700,9300,9600,9700,11000,29000,29000,35000,35000,35000,35000,733,13,4900.0,7718.2092330763335,429.5103719923645,58875.401220982894,5708.81036834925
1781646873,150,GET,/users/{user_id},1.700000,0.000000,5300,7500,7700,12000,19000,19000,19000,19000,19000,19000,19000,260,4,1100.0,3498.9176161002924,3.477889986243099,42159.736137022264,263.8269230769231
1781646873,150,,Aggregated,22.800000,0.000000,5500,7700,9500,11000,18000,19000,29000,35000,35000,35000,35000,2816,41,4300.0,6018.562242323332,3.477889986243099,58879.49723700876,6473.0625
1781646874,150,GET,/feed/{user_id},8.900000,0.000000,3500,5400,5900,6600,19000,19000,19000,19000,19000,19000,19000,1114,13,2100.0,4025.225493529049,4.170818981947377,56877.33367498731,7074.286355475763
1781646874,150,GET,/feed/{user_id}?with_fof=true,4.900000,0.000000,7900,11000,11000,12000,29000,34000,35000,35000,35000,35000,35000,566,9,6900.0,9596.56604209714,2711.134604003746,58879.49723700876,10855.936395759718
1781646874,150,POST,/likes,0.600000,0.000000,16,230,230,5200,5200,5200,5200,5200,5200,5200,5200,52,0,890.0,2865.5833245379304,11.867766996147111,41177.69079198479,178.46153846153845
1781646874,150,POST,/posts,0.600000,0.000000,3200,3200,4900,4900,12000,12000,12000,12000,12000,12000,12000,101,2,1400.0,3717.0137401398197,5.508272006409243,56859.85643899767,221.79207920792078
1781646874,150,GET,/timeline/{user_id},5.500000,0.000000,8100,9400,9600,10000,11000,29000,29000,35000,35000,35000,35000,739,13,4900.0,7723.951805606141,429.5103719923645,58875.401220982894,5709.807848443843
1781646874,150,GET,/users/{user_id},1.700000,0.000000,5300,7500,7700,12000,19000,19000,19000,19000,19000,19000,19000,261,4,1200.0,3503.9224178354984,3.477889986243099,42159.736137022264,263.8544061302682
1781646874,150,,Aggregated,22.200000,0.000000,5400,7500,9500,11000,19000,24000,29000,35000,35000,35000,35000,2833,41,4300.0,6022.841664541636,3.477889986243099,58879.49723700876,6475.577126720791
1781646875,150,GET,/feed/{user_id},9.100000,0.000000,3500,5200,5700,5900,19000,19000,19000,19000,19000,19000,19000,1123,13,2000.0,4001.8455966378942,4.170818981947377,56877.33367498731,7073.644701691896
1781646875,150,GET,/feed/{user_id}?with_fof=true,5.100000,0.000000,11000,11000,12000,14000,29000,35000,35000,35000,35000,35000,35000,570,9,6900.0,9598.971961631463,2711.134604003746,58879.49723700876,10858.082456140351
1781646875,150,POST,/likes,0.500000,0.000000,230,230,5200,5200,5200,5200,5200,5200,5200,5200,5200,52,0,890.0,2865.5833245379304,11.867766996147111,41177.69079198479,178.46153846153845
1781646875,150,POST,/posts,0.600000,0.000000,3200,4900,4900,12000,12000,12000,12000,12000,12000,12000,12000,101,2,1400.0,3717.0137401398197,5.508272006409243,56859.85643899767,221.79207920792078
1781646875,150,GET,/timeline/{user_id},5.400000,0.000000,7800,9300,9600,10000,11000,29000,29000,35000,35000,35000,35000,746,13,4900.0,7701.679676751961,429.5103719923645,58875.401220982894,5712.575067024129
1781646875,150,GET,/users/{user_id},1.800000,0.000000,5600,7500,12000,12000,19000,19000,19000,19000,19000,19000,19000,262,4,1200.0,3512.06380092003,3.477889986243099,42159.736137022264,263.881679389313
1781646875,150,,Aggregated,22.500000,0.000000,5400,7500,9600,11000,19000,24000,29000,35000,35000,35000,35000,2854,41,4300.0,6011.047336539038,3.477889986243099,58879.49723700876,6480.4516468114925
1781646876,150,GET,/feed/{user_id},8.800000,0.000000,3500,5200,5800,6500,19000,19000,19000,19000,19000,19000,19000,1136,13,2000.0,4006.1456309606624,4.170818981947377,56877.33367498731,7078.578345070423
1781646876,150,GET,/feed/{user_id}?with_fof=true,5.000000,0.000000,11000,12000,19000,29000,33000,35000,36000,36000,36000,36000,36000,582,9,7000.0,9776.502835438008,2711.134604003746,58879.49723700876,10864.219931271478
1781646876,150,POST,/likes,0.500000,0.000000,230,230,5200,5200,5200,5200,5200,5200,5200,5200,5200,52,0,890.0,2865.5833245379304,11.867766996147111,41177.69079198479,178.46153846153845
1781646876,150,POST,/posts,0.600000,0.000000,3200,4900,4900,12000,12000,12000,12000,12000,12000,12000,12000,101,2,1400.0,3717.0137401398197,5.508272006409243,56859.85643899767,221.79207920792078
1781646876,150,GET,/timeline/{user_id},5.700000,0.000000,7800,9300,9900,11000,24000,29000,35000,36000,36000,36000,36000,755,13,5000.0,7764.495962270141,429.5103719923645,58875.401220982894,5710.059602649007
1781646876,150,GET,/users/{user_id},1.800000,0.000000,5600,7500,12000,12000,19000,19000,19000,19000,19000,19000,19000,263,4,1200.0,3500.0027298252053,3.477889986243099,42159.736137022264,263.893536121673
1781646876,150,,Aggregated,22.400000,0.000000,5700,8200,11000,12000,19000,29000,35000,35000,36000,36000,36000,2889,41,4300.0,6074.084450358024,3.477889986243099,58879.49723700876,6499.280373831775
1781646877,150,GET,/feed/{user_id},9.500000,0.000000,3500,5800,6500,8200,19000,19000,19000,19000,19000,19000,19000,1151,13,2100.0,4070.8232392409773,4.170818981947377,56877.33367498731,7079.815812337099
1781646877,150,GET,/feed/{user_id}?with_fof=true,4.600000,0.000000,11000,12000,19000,29000,33000,35000,36000,36000,36000,36000,36000,588,9,7000.0,9761.306225695398,2711.134604003746,58879.49723700876,10869.12074829932
1781646877,150,POST,/likes,0.500000,0.000000,230,5200,5200,19000,19000,19000,19000,19000,19000,19000,19000,53,0,960.0,3165.0280771878074,11.867766996147111,41177.69079198479,178.45283018867926
1781646877,150,POST,/posts,0.600000,0.000000,4900,12000,12000,19000,19000,19000,19000,19000,19000,19000,19000,102,2,1400.0,3863.7228819913134,5.508272006409243,56859.85643899767,221.83333333333334
1781646877,150,GET,/timeline/{user_id},6.100000,0.000000,7500,9300,9700,11000,24000,29000,35000,36000,36000,36000,36000,760,13,5000.0,7753.699748539382,429.5103719923645,58875.401220982894,5716.765789473684
1781646877,150,GET,/users/{user_id},1.800000,0.000000,7100,7500,12000,12000,19000,19000,19000,19000,19000,19000,19000,265,4,1200.0,3570.9757636416534,3.477889986243099,42159.736137022264,263.89811320754717
1781646877,150,,Aggregated,23.100000,0.000000,5900,8700,11000,12000,19000,29000,35000,35000,36000,36000,36000,2919,41,4300.0,6106.931215273832,3.477889986243099,58879.49723700876,6504.512161699212
1781646878,150,GET,/feed/{user_id},9.800000,0.000000,4600,5900,6800,6900,19000,19000,19000,19000,19000,19000,19000,1165,13,2200.0,4071.018661402019,4.170818981947377,56877.33367498731,7079.943347639485
1781646878,150,GET,/feed/{user_id}?with_fof=true,4.400000,0.000000,11000,12000,19000,29000,33000,35000,36000,36000,36000,36000,36000,591,9,7000.0,9755.501419947326,2711.134604003746,58879.49723700876,10867.944162436548
1781646878,150,POST,/likes,0.400000,0.000000,5200,5200,19000,19000,19000,19000,19000,19000,19000,19000,19000,53,0,960.0,3165.0280771878074,11.867766996147111,41177.69079198479,178.45283018867926
1781646878,150,POST,/posts,0.500000,0.000000,6900,12000,12000,19000,19000,19000,19000,19000,19000,19000,19000,103,2,1700.0,3893.0484573215526,5.508272006409243,56859.85643899767,221.8640776699029
1781646878,150,GET,/timeline/{user_id},6.000000,0.000000,7300,9300,9900,11000,24000,29000,35000,36000,36000,36000,36000,766,13,5000.0,7741.456463749203,429.5103719923645,58875.401220982894,5721.848563968669
1781646878,150,GET,/users/{user_id},1.700000,0.000000,5300,7100,7800,12000,19000,19000,19000,19000,19000,19000,19000,270,4,1200.0,3559.6682900706246,3.477889986243099,42159.736137022264,263.9259259259259
1781646878,150,,Aggregated,22.800000,0.000000,5900,8200,11000,12000,19000,29000,35000,35000,36000,36000,36000,2948,41,4300.0,6094.991400430219,3.477889986243099,58879.49723700876,6498.505766621438
1781646879,150,GET,/feed/{user_id},10.300000,0.000000,4200,5700,6200,6500,6900,19000,19000,19000,19000,19000,19000,1167,13,2200.0,4071.02188191805,4.170818981947377,56877.33367498731,7083.027420736932
1781646879,150,GET,/feed/{user_id}?with_fof=true,5.200000,0.000000,8600,11000,12000,12000,19000,33000,36000,36000,36000,36000,36000,594,9,7000.0,9745.4369560907,2711.134604003746,58879.49723700876,10873.885521885522
1781646879,150,POST,/likes,0.400000,0.000000,1500,5200,5200,19000,19000,19000,19000,19000,19000,19000,19000,54,0,960.0,3133.666839536292,11.867766996147111,41177.69079198479,178.46296296296296
1781646879,150,POST,/posts,0.500000,0.000000,6900,12000,12000,19000,19000,19000,19000,19000,19000,19000,19000,103,2,1700.0,3893.0484573215526,5.508272006409243,56859.85643899767,221.8640776699029
1781646879,150,GET,/timeline/{user_id},6.300000,0.000000,6400,9000,9600,9900,11000,24000,26000,36000,36000,36000,36000,770,13,5000.0,7739.848340637543,429.5103719923645,58875.401220982894,5725.2532467532465
1781646879,150,GET,/users/{user_id},1.800000,0.000000,2500,5600,6800,7100,7800,19000,19000,19000,19000,19000,19000,271,4,1200.0,3546.5974980666488,3.477889986243099,42159.736137022264,263.9483394833948
1781646879,150,,Aggregated,24.500000,0.000000,5800,6900,8600,11000,18000,19000,33000,36000,36000,36000,36000,2959,41,4300.0,6093.506330794971,3.477889986243099,58879.49723700876,6501.333220682663
1781646880,150,GET,/feed/{user_id},11.000000,0.000000,4700,5700,6200,6500,6900,19000,19000,19000,19000,19000,19000,1173,13,2200.0,4075.5877699977423,4.170818981947377,56877.33367498731,7079.601875532821
1781646880,150,GET,/feed/{user_id}?with_fof=true,5.200000,0.000000,11000,11000,12000,14000,24000,33000,36000,36000,36000,36000,36000,596,9,7000.0,9749.32437928335,2711.134604003746,58879.49723700876,10853.791946308726
1781646880,150,POST,/likes,0.400000,0.000000,1500,5200,5200,19000,19000,19000,19000,19000,19000,19000,19000,54,0,960.0,3133.666839536292,11.867766996147111,41177.69079198479,178.46296296296296
1781646880,150,POST,/posts,0.600000,0.000000,6900,12000,12000,19000,19000,19000,19000,19000,19000,19000,19000,103,2,1700.0,3893.0484573215526,5.508272006409243,56859.85643899767,221.8640776699029
1781646880,150,GET,/timeline/{user_id},6.100000,0.000000,6600,8900,9400,9900,12000,24000,36000,36000,36000,36000,36000,774,13,5000.0,7742.877776419796,429.5103719923645,58875.401220982894,5733.165374677003
1781646880,150,GET,/users/{user_id},2.000000,0.000000,2500,4800,6800,7100,7800,19000,19000,19000,19000,19000,19000,272,4,1200.0,3550.9682649230585,3.477889986243099,42159.736137022264,263.9742647058824
1781646880,150,,Aggregated,25.300000,0.000000,5800,6900,9000,11000,18000,19000,33000,36000,36000,36000,36000,2972,41,4300.0,6097.010279847687,3.477889986243099,58879.49723700876,6498.988223418573
1781646881,150,GET,/feed/{user_id},10.300000,0.000000,4600,5500,6000,6500,6900,19000,19000,19000,19000,19000,19000,1185,13,2200.0,4069.4669348955767,4.170818981947377,56877.33367498731,7080.2
1781646881,150,GET,/feed/{user_id}?with_fof=true,5.300000,0.000000,11000,11000,12000,13000,19000,33000,36000,36000,36000,36000,36000,602,9,7000.0,9743.706546217389,2711.134604003746,58879.49723700876,10853.498338870431
1781646881,150,POST,/likes,0.500000,0.000000,1500,5200,5200,19000,19000,19000,19000,19000,19000,19000,19000,54,0,960.0,3133.666839536292,11.867766996147111,41177.69079198479,178.46296296296296
1781646881,150,POST,/posts,0.500000,0.000000,6900,12000,12000,19000,19000,19000,19000,19000,19000,19000,19000,103,2,1700.0,3893.0484573215526,5.508272006409243,56859.85643899767,221.8640776699029
1781646881,150,GET,/timeline/{user_id},5.900000,0.000000,6400,8900,9300,9900,12000,24000,36000,36000,36000,36000,36000,775,13,5000.0,7738.025473894115,429.5103719923645,58875.401220982894,5732.861935483871
1781646881,150,GET,/users/{user_id},2.100000,0.000000,4700,4900,5600,6800,7800,19000,19000,19000,19000,19000,19000,275,4,1200.0,3562.2469084585,3.477889986243099,42159.736137022264,264.0509090909091
1781646881,150,,Aggregated,24.600000,0.000000,5700,6900,9000,10000,14000,19000,33000,36000,36000,36000,36000,2994,41,4300.0,6090.454008419257,3.477889986243099,58879.49723700876,6503.645290581162
1781646882,150,GET,/feed/{user_id},8.200000,0.000000,4600,5500,6000,6500,6900,19000,19000,19000,19000,19000,19000,1191,13,2200.0,4053.2063719633056,4.170818981947377,56877.33367498731,7080.59529806885
1781646882,150,GET,/feed/{user_id}?with_fof=true,4.200000,0.000000,11000,12000,12000,13000,19000,33000,36000,36000,36000,36000,36000,608,9,7000.0,9735.716543991477,2711.134604003746,58879.49723700876,10859.472039473685
1781646882,150,POST,/likes,0.500000,0.000000,3900,3900,19000,19000,19000,19000,19000,19000,19000,19000,19000,55,0,1200.0,3147.682035926581,11.867766996147111,41177.69079198479,178.45454545454547
1781646882,150,POST,/posts,0.200000,0.000000,6900,6900,19000,19000,19000,19000,19000,19000,19000,19000,19000,104,2,1400.0,3855.6783621259874,5.508272006409243,56859.85643899767,221.91346153846155
1781646882,150,GET,/timeline/{user_id},5.500000,0.000000,6300,8400,9300,9900,11000,24000,26000,36000,36000,36000,36000,784,13,5000.0,7721.891798645343,429.5103719923645,58875.401220982894,5723.116071428572
1781646882,150,GET,/users/{user_id},1.500000,0.000000,4800,4900,5600,6800,7800,19000,19000,19000,19000,19000,19000,278,4,1200.0,3573.629606867137,3.477889986243099,42159.736137022264,264.10791366906477
1781646882,150,,Aggregated,20.100000,0.000000,5700,6900,8600,10000,14000,19000,26000,33000,36000,36000,36000,3020,41,4300.0,6082.195268291129,3.477889986243099,58879.49723700876,6499.598344370861
1781646883,150,GET,/feed/{user_id},8.500000,0.000000,4500,5500,6300,6800,13000,19000,19000,19000,19000,19000,19000,1207,13,2200.0,4087.9788734940403,4.170818981947377,56877.33367498731,7084.074565037283
1781646883,150,GET,/feed/{user_id}?with_fof=true,4.400000,0.000000,11000,12000,13000,13000,24000,33000,33000,36000,36000,36000,36000,617,9,7100.0,9779.058926955931,2711.134604003746,58879.49723700876,10868.014586709887
1781646883,150,POST,/likes,0.500000,0.000000,3900,6400,6400,19000,19000,19000,19000,19000,19000,19000,19000,56,0,1200.0,3205.200039517097,11.867766996147111,41177.69079198479,178.41071428571428
1781646883,150,POST,/posts,0.200000,0.000000,13000,13000,19000,19000,19000,19000,19000,19000,19000,19000,19000,105,2,1700.0,3942.769991562957,5.508272006409243,56859.85643899767,221.95238095238096
1781646883,150,GET,/timeline/{user_id},4.800000,0.000000,7900,9000,10000,11000,13000,25000,26000,36000,36000,36000,36000,796,13,5000.0,7772.5049994660485,429.5103719923645,58875.401220982894,5701.871859296482
1781646883,150,GET,/users/{user_id},1.700000,0.000000,4900,5600,7100,7800,13000,13000,19000,19000,19000,19000,19000,282,4,1300.0,3658.403657755529,3.477889986243099,42159.736137022264,264.14539007092196
1781646883,150,,Aggregated,20.100000,0.000000,5900,7800,10000,12000,13000,19000,26000,33000,36000,36000,36000,3063,41,4400.0,6131.2228927940705,3.477889986243099,58879.49723700876,6497.720535422788
1781646884,150,GET,/feed/{user_id},9.000000,0.000000,4700,6000,6400,6800,13000,19000,19000,19000,19000,19000,19000,1213,13,2300.0,4092.6132678469,4.170818981947377,56877.33367498731,7082.040395713108
1781646884,150,GET,/feed/{user_id}?with_fof=true,4.700000,0.000000,11000,12000,13000,13000,24000,33000,33000,36000,36000,36000,36000,619,9,7100.0,9779.594828185496,2711.134604003746,58879.49723700876,10871.830371567044
1781646884,150,POST,/likes,0.300000,0.000000,3900,6400,6400,19000,19000,19000,19000,19000,19000,19000,19000,56,0,1200.0,3205.200039517097,11.867766996147111,41177.69079198479,178.41071428571428
1781646884,150,POST,/posts,0.300000,0.000000,13000,13000,19000,19000,19000,19000,19000,19000,19000,19000,19000,105,2,1700.0,3942.769991562957,5.508272006409243,56859.85643899767,221.95238095238096
1781646884,150,GET,/timeline/{user_id},5.400000,0.000000,8100,9000,11000,11000,13000,25000,26000,36000,36000,36000,36000,801,13,5000.0,7761.984245416962,429.5103719923645,58875.401220982894,5705.634207240949
1781646884,150,GET,/users/{user_id},2.000000,0.000000,4700,5200,6800,7800,13000,13000,19000,19000,19000,19000,19000,286,4,1200.0,3607.3593086226424,3.477889986243099,42159.736137022264,264.15734265734267
1781646884,150,,Aggregated,21.700000,0.000000,6100,8000,10000,12000,13000,19000,26000,33000,36000,36000,36000,3080,41,4400.0,6123.521196986124,3.477889986243099,58879.49723700876,6493.2584415584415
1781646885,150,GET,/feed/{user_id},9.700000,0.000000,4400,5500,6300,6800,13000,19000,19000,19000,19000,19000,19000,1225,13,2300.0,4088.0186392206556,4.170818981947377,56877.33367498731,7096.677551020408
1781646885,150,GET,/feed/{user_id}?with_fof=true,5.100000,0.000000,11000,12000,13000,13000,25000,33000,36000,36000,36000,36000,36000,621,9,7100.0,9776.320366381373,2711.134604003746,58879.49723700876,10874.05152979066
1781646885,150,POST,/likes,0.500000,0.000000,6400,6400,19000,19000,19000,19000,19000,19000,19000,19000,19000,56,0,1200.0,3205.200039517097,11.867766996147111,41177.69079198479,178.41071428571428
1781646885,150,POST,/posts,0.400000,0.000000,6900,6900,13000,13000,19000,19000,19000,19000,19000,19000,19000,107,2,1700.0,3887.7925676645636,5.508272006409243,56859.85643899767,222.0373831775701
1781646885,150,GET,/timeline/{user_id},6.300000,0.000000,8100,9200,11000,12000,13000,25000,26000,36000,36000,36000,36000,807,13,5100.0,7760.433255499367,429.5103719923645,58875.401220982894,5692.998760842627
1781646885,150,GET,/users/{user_id},2.100000,0.000000,4700,5200,7100,7800,13000,13000,19000,19000,19000,19000,19000,286,4,1200.0,3607.3593086226424,3.477889986243099,42159.736137022264,264.15734265734267
1781646885,150,,Aggregated,24.100000,0.000000,6000,7800,10000,12000,13000,19000,26000,33000,36000,36000,36000,3102,41,4400.0,6115.015211790872,3.477889986243099,58879.49723700876,6495.733075435203
1781646886,150,GET,/feed/{user_id},10.100000,0.000000,4400,5000,5900,6000,6900,13000,13000,13000,13000,13000,13000,1238,13,2300.0,4077.493885370262,4.170818981947377,56877.33367498731,7084.159935379645
1781646886,150,GET,/feed/{user_id}?with_fof=true,5.300000,0.000000,10000,11000,12000,12000,13000,25000,25000,25000,25000,25000,25000,622,9,7100.0,9776.655963062425,2711.134604003746,58879.49723700876,10875.934083601287
1781646886,150,POST,/likes,0.500000,0.000000,6400,6400,19000,19000,19000,19000,19000,19000,19000,19000,19000,56,0,1200.0,3205.200039517097,11.867766996147111,41177.69079198479,178.41071428571428
1781646886,150,POST,/posts,0.400000,0.000000,2000,6900,6900,13000,13000,13000,13000,13000,13000,13000,13000,107,2,1700.0,3887.7925676645636,5.508272006409243,56859.85643899767,222.0373831775701
1781646886,150,GET,/timeline/{user_id},6.300000,0.000000,7400,8900,9900,11000,13000,13000,15000,25000,25000,25000,25000,816,13,5100.0,7740.983469142122,429.5103719923645,58875.401220982894,5689.667892156863
1781646886,150,GET,/users/{user_id},2.500000,0.000000,3900,4900,5200,6800,8900,13000,13000,13000,13000,13000,13000,287,4,1200.0,3597.125697502025,3.477889986243099,42159.736137022264,264.13588850174216
1781646886,150,,Aggregated,25.100000,0.000000,5500,6800,8100,9800,13000,13000,13000,25000,25000,25000,25000,3126,41,4400.0,6101.573906612079,3.477889986243099,58879.49723700876,6489.873960332694
1781646887,150,GET,/feed/{user_id},9.400000,0.000000,4400,5000,5900,6000,6800,13000,13000,13000,13000,13000,13000,1241,13,2300.0,4068.6419597787017,4.170818981947377,56877.33367498731,7080.659951651894
1781646887,150,GET,/feed/{user_id}?with_fof=true,5.300000,0.000000,10000,12000,12000,12000,13000,25000,25000,25000,25000,25000,25000,622,9,7100.0,9776.655963062425,2711.134604003746,58879.49723700876,10875.934083601287
1781646887,150,POST,/likes,0.400000,0.000000,3900,3900,6400,6400,6400,6400,6400,6400,6400,6400,6400,56,0,1200.0,3205.200039517097,11.867766996147111,41177.69079198479,178.41071428571428
1781646887,150,POST,/posts,0.600000,0.000000,2000,6900,6900,13000,13000,13000,13000,13000,13000,13000,13000,107,2,1700.0,3887.7925676645636,5.508272006409243,56859.85643899767,222.0373831775701
1781646887,150,GET,/timeline/{user_id},6.000000,0.000000,6800,8200,9200,10000,13000,13000,15000,25000,25000,25000,25000,822,13,5100.0,7714.146553943992,429.5103719923645,58875.401220982894,5689.888077858881
1781646887,150,GET,/users/{user_id},2.500000,0.000000,3900,4900,5200,6800,13000,13000,13000,13000,13000,13000,13000,289,4,1200.0,3573.3832584570764,3.477889986243099,42159.736137022264,264.12456747404843
1781646887,150,,Aggregated,24.200000,0.000000,5300,6300,8200,10000,13000,13000,15000,25000,25000,25000,25000,3137,41,4400.0,6088.455823111045,3.477889986243099,58879.49723700876,6483.614599936245
1781646888,150,GET,/feed/{user_id},9.600000,0.000000,4400,5000,5900,6000,6400,13000,13000,13000,13000,13000,13000,1247,13,2300.0,4070.954150608141,4.170818981947377,56877.33367498731,7084.223736968725
1781646888,150,GET,/feed/{user_id}?with_fof=true,4.600000,0.000000,10000,11000,12000,12000,13000,25000,25000,25000,25000,25000,25000,627,9,7100.0,9764.327982065126,2711.134604003746,58879.49723700876,10878.338118022328
1781646888,150,POST,/likes,0.400000,0.000000,3900,3900,6400,6400,6400,6400,6400,6400,6400,6400,6400,56,0,1200.0,3205.200039517097,11.867766996147111,41177.69079198479,178.41071428571428
1781646888,150,POST,/posts,0.600000,0.000000,5700,5700,6900,6900,13000,13000,13000,13000,13000,13000,13000,108,2,1700.0,3905.0067204268457,5.508272006409243,56859.85643899767,222.08333333333334
1781646888,150,GET,/timeline/{user_id},6.300000,0.000000,6800,8200,9900,10000,13000,13000,15000,25000,25000,25000,25000,829,13,5100.0,7712.429567317198,429.5103719923645,58875.401220982894,5689.734620024125
1781646888,150,GET,/users/{user_id},2.400000,0.000000,3900,4800,4900,5200,13000,13000,13000,13000,13000,13000,13000,290,4,1200.0,3576.509642145187,3.477889986243099,42159.736137022264,264.1448275862069
1781646888,150,,Aggregated,23.900000,0.000000,5500,6400,8500,10000,13000,13000,15000,25000,25000,25000,25000,3157,41,4400.0,6091.45939376317,3.477889986243099,58879.49723700876,6487.840671523599
1781646889,150,GET,/feed/{user_id},8.900000,0.000000,4400,4900,5900,6000,6300,13000,13000,13000,13000,13000,13000,1254,13,2400.0,4071.389083241907,4.170818981947377,56877.33367498731,7074.707336523126
1781646889,150,GET,/feed/{user_id}?with_fof=true,3.600000,0.000000,9800,11000,12000,12000,13000,25000,25000,25000,25000,25000,25000,632,9,7100.0,9755.285117365222,2711.134604003746,58879.49723700876,10884.76582278481
1781646889,150,POST,/likes,0.300000,0.000000,3900,3900,6400,6400,6400,6400,6400,6400,6400,6400,6400,56,0,1200.0,3205.200039517097,11.867766996147111,41177.69079198479,178.41071428571428
1781646889,150,POST,/posts,0.500000,0.000000,2000,2000,5700,5700,13000,13000,13000,13000,13000,13000,13000,109,2,1700.0,3869.26501021195,5.508272006409243,56859.85643899767,222.12844036697248
1781646889,150,GET,/timeline/{user_id},6.100000,0.000000,6800,8200,9900,10000,13000,13000,15000,25000,25000,25000,25000,829,13,5100.0,7712.429567317198,429.5103719923645,58875.401220982894,5689.734620024125
1781646889,150,GET,/users/{user_id},2.400000,0.000000,3900,4900,5200,5200,13000,13000,13000,13000,13000,13000,13000,291,4,1200.0,3582.223982429988,3.477889986243099,42159.736137022264,264.16838487972507
1781646889,150,,Aggregated,21.800000,0.000000,5300,6300,8100,9800,13000,13000,13000,25000,25000,25000,25000,3171,41,4400.0,6088.973346918744,3.477889986243099,58879.49723700876,6489.662882371492
1781646890,150,GET,/feed/{user_id},8.400000,0.000000,4400,5400,5900,6000,6300,13000,13000,13000,13000,13000,13000,1265,13,2500.0,4070.34376337897,4.170818981947377,56877.33367498731,7067.706719367589
1781646890,150,GET,/feed/{user_id}?with_fof=true,3.500000,0.000000,9800,11000,12000,12000,13000,25000,25000,25000,25000,25000,25000,638,9,7200.0,9742.70850577392,2711.134604003746,58879.49723700876,10882.222570532915
1781646890,150,POST,/likes,0.300000,0.000000,5600,5600,6400,6400,6400,6400,6400,6400,6400,6400,6400,57,0,1300.0,3247.079316982101,11.867766996147111,41177.69079198479,178.42105263157896
1781646890,150,POST,/posts,0.500000,0.000000,96,2000,5700,5700,13000,13000,13000,13000,13000,13000,13000,110,2,1400.0,3834.9639524189774,5.508272006409243,56859.85643899767,222.1818181818182
1781646890,150,GET,/timeline/{user_id},6.100000,0.000000,6800,8000,9000,9900,13000,13000,15000,25000,25000,25000,25000,837,13,5100.0,7692.8413302341405,429.5103719923645,58875.401220982894,5701.033452807646
1781646890,150,GET,/users/{user_id},2.100000,0.000000,3900,4800,5200,5600,13000,13000,13000,13000,13000,13000,13000,294,4,1200.0,3578.907440990276,3.477889986243099,42159.736137022264,264.234693877551
1781646890,150,,Aggregated,20.900000,0.000000,5600,6400,8100,9700,12000,13000,13000,25000,25000,25000,25000,3201,41,4400.0,6080.246618009795,3.477889986243099,58879.49723700876,6487.837238363011
1781646891,150,GET,/feed/{user_id},8.100000,0.000000,4400,5400,5900,6000,6400,13000,13000,13000,13000,13000,13000,1271,13,2500.0,4060.4732538838707,4.170818981947377,56877.33367498731,7073.915814319434
1781646891,150,GET,/feed/{user_id}?with_fof=true,3.600000,0.000000,8700,10000,11000,11000,13000,25000,25000,25000,25000,25000,25000,645,9,7200.0,9724.152163196455,2711.134604003746,58879.49723700876,10882.793798449613
1781646891,150,POST,/likes,0.200000,0.000000,5600,5600,6400,6400,6400,6400,6400,6400,6400,6400,6400,58,0,1300.0,3280.1530146032997,11.867766996147111,41177.69079198479,178.43103448275863
1781646891,150,POST,/posts,0.600000,0.000000,2000,2000,5700,5700,13000,13000,13000,13000,13000,13000,13000,110,2,1400.0,3834.9639524189774,5.508272006409243,56859.85643899767,222.1818181818182
1781646891,150,GET,/timeline/{user_id},6.000000,0.000000,6800,7800,9000,9900,13000,13000,15000,25000,25000,25000,25000,841,13,5100.0,7673.647297565953,429.5103719923645,58875.401220982894,5695.379310344828
1781646891,150,GET,/users/{user_id},2.100000,0.000000,670,4100,5200,5600,13000,13000,13000,13000,13000,13000,13000,298,4,1200.0,3533.4077601379836,3.477889986243099,42159.736137022264,264.2684563758389
1781646891,150,,Aggregated,20.600000,0.000000,5600,6400,7800,9000,13000,13000,13000,25000,25000,25000,25000,3223,41,4400.0,6066.251148102787,3.477889986243099,58879.49723700876,6488.893577412348
1781646892,150,GET,/feed/{user_id},9.200000,0.000000,4400,5300,5900,6000,7300,15000,16000,16000,16000,16000,16000,1288,13,2500.0,4112.452153643164,4.170818981947377,56877.33367498731,7079.012422360249
1781646892,150,GET,/feed/{user_id}?with_fof=true,4.300000,0.000000,8400,9800,10000,10000,12000,22000,22000,22000,22000,22000,22000,651,9,7200.0,9738.436703761448,2711.134604003746,58879.49723700876,10883.58064516129
1781646892,150,POST,/likes,0.300000,0.000000,5600,6400,6400,9300,9300,9300,9300,9300,9300,9300,9300,59,0,1500.0,3382.864619592911,11.867766996147111,41177.69079198479,178.4406779661017
1781646892,150,POST,/posts,0.700000,0.000000,1000,2000,5700,5700,13000,13000,13000,13000,13000,13000,13000,111,2,1400.0,3809.8627277125547,5.508272006409243,56859.85643899767,222.21621621621622
1781646892,150,GET,/timeline/{user_id},6.300000,0.000000,7100,8100,9400,9900,16000,22000,22000,22000,22000,22000,22000,855,13,5100.0,7788.940537204601,429.5103719923645,58875.401220982894,5690.907602339182
1781646892,150,GET,/users/{user_id},2.200000,0.000000,3300,4500,5600,9300,15000,15000,15000,15000,15000,15000,15000,305,4,1300.0,3716.3260119940446,3.477889986243099,42159.736137022264,264.41967213114754
1781646892,150,,Aggregated,23.000000,0.000000,5500,6500,8100,9300,12000,16000,22000,22000,22000,22000,22000,3269,41,4400.0,6134.006741003764,3.477889986243099,58879.49723700876,6480.436524931171
1781646893,150,GET,/feed/{user_id},8.900000,0.000000,4400,4900,5600,5900,7300,15000,16000,16000,16000,16000,16000,1298,13,2500.0,4104.968840587335,4.170818981947377,56877.33367498731,7079.875192604006
1781646893,150,GET,/feed/{user_id}?with_fof=true,4.400000,0.000000,8400,9800,10000,11000,12000,22000,22000,22000,22000,22000,22000,658,9,7200.0,9714.439134943312,2711.134604003746,58879.49723700876,10848.731003039513
1781646893,150,POST,/likes,0.400000,0.000000,5600,6400,6400,9300,9300,9300,9300,9300,9300,9300,9300,59,0,1500.0,3382.864619592911,11.867766996147111,41177.69079198479,178.4406779661017
1781646893,150,POST,/posts,0.700000,0.000000,1000,1000,2000,2000,5700,5700,5700,5700,5700,5700,5700,111,2,1400.0,3809.8627277125547,5.508272006409243,56859.85643899767,222.21621621621622
1781646893,150,GET,/timeline/{user_id},6.700000,0.000000,6800,7700,9400,9900,22000,22000,22000,22000,22000,22000,22000,860,13,5100.0,7766.813640759204,429.5103719923645,58875.401220982894,5698.477906976745
1781646893,150,GET,/users/{user_id},2.200000,0.000000,4000,5200,5600,9300,15000,15000,15000,15000,15000,15000,15000,307,4,1300.0,3704.8789388018567,3.477889986243099,42159.736137022264,264.4495114006515
1781646893,150,,Aggregated,23.300000,0.000000,5300,6500,7700,9300,12000,16000,22000,22000,22000,22000,22000,3293,41,4400.0,6121.983554956644,3.477889986243099,58879.49723700876,6481.996355906468
1781646894,150,GET,/feed/{user_id},9.300000,0.000000,4000,4500,5100,5600,6000,9300,15000,16000,16000,16000,16000,1315,13,2500.0,4078.4228135469643,4.170818981947377,56877.33367498731,7081.704182509506
1781646894,150,GET,/feed/{user_id}?with_fof=true,4.400000,0.000000,8700,9900,11000,11000,12000,22000,22000,22000,22000,22000,22000,660,9,7200.0,9718.778026616254,2711.134604003746,58879.49723700876,10847.498484848486
1781646894,150,POST,/likes,0.400000,0.000000,5600,6400,6400,9300,9300,9300,9300,9300,9300,9300,9300,59,0,1500.0,3382.864619592911,11.867766996147111,41177.69079198479,178.4406779661017
1781646894,150,POST,/posts,0.700000,0.000000,1300,2000,4200,4200,5700,5700,5700,5700,5700,5700,5700,113,2,1400.0,3790.7112139654223,5.508272006409243,56859.85643899767,222.28318584070797
1781646894,150,GET,/timeline/{user_id},7.100000,0.000000,7000,7700,9400,9600,17000,22000,22000,22000,22000,22000,22000,868,13,5200.0,7765.21023798037,429.5103719923645,58875.401220982894,5704.442396313364
1781646894,150,GET,/users/{user_id},2.600000,0.000000,3900,4500,5300,5600,15000,15000,15000,15000,15000,15000,15000,312,4,1300.0,3669.9594984941846,3.477889986243099,42159.736137022264,264.5544871794872
1781646894,150,,Aggregated,24.500000,0.000000,4900,6000,7600,9300,11000,16000,22000,22000,22000,22000,22000,3327,41,4400.0,6098.794327385698,3.477889986243099,58879.49723700876,6474.731890592125
1781646895,150,GET,/feed/{user_id},9.200000,0.000000,3900,4800,5200,5600,6000,15000,16000,16000,16000,16000,16000,1318,13,2500.0,4072.3972980798308,4.170818981947377,56877.33367498731,7084.915781487101
1781646895,150,GET,/feed/{user_id}?with_fof=true,4.000000,0.000000,8400,9800,10000,11000,12000,12000,22000,22000,22000,22000,22000,664,9,7200.0,9703.283677847478,2711.134604003746,58879.49723700876,10847.361445783132
1781646895,150,POST,/likes,0.300000,0.000000,5600,5600,9300,9300,9300,9300,9300,9300,9300,9300,9300,60,0,1300.0,3335.156702499565,11.867766996147111,41177.69079198479,178.48333333333332
1781646895,150,POST,/posts,0.600000,0.000000,1300,1300,4200,4200,5700,5700,5700,5700,5700,5700,5700,113,2,1400.0,3790.7112139654223,5.508272006409243,56859.85643899767,222.28318584070797
1781646895,150,GET,/timeline/{user_id},6.500000,0.000000,6900,8100,9400,9900,22000,22000,22000,22000,22000,22000,22000,871,13,5200.0,7757.533257789865,429.5103719923645,58875.401220982894,5700.436280137773
1781646895,150,GET,/users/{user_id},2.500000,0.000000,3400,4100,5300,5600,15000,15000,15000,15000,15000,15000,15000,314,4,1300.0,3658.484525618475,3.477889986243099,42159.736137022264,264.57643312101914
1781646895,150,,Aggregated,23.100000,0.000000,5100,6000,8000,9300,12000,16000,22000,22000,22000,22000,22000,3340,41,4400.0,6091.148317026106,3.477889986243099,58879.49723700876,6474.416467065868
1781646896,150,GET,/feed/{user_id},9.900000,0.000000,3900,4800,5100,5600,6000,15000,16000,16000,16000,16000,16000,1320,13,2500.0,4070.564548151706,4.170818981947377,56877.33367498731,7084.288636363636
1781646896,150,GET,/feed/{user_id}?with_fof=true,4.000000,0.000000,8700,9700,10000,11000,12000,12000,22000,22000,22000,22000,22000,668,9,7200.0,9698.195714876832,2711.134604003746,58879.49723700876,10854.558383233532
1781646896,150,POST,/likes,0.300000,0.000000,5600,5600,9300,9300,9300,9300,9300,9300,9300,9300,9300,60,0,1300.0,3335.156702499565,11.867766996147111,41177.69079198479,178.48333333333332
1781646896,150,POST,/posts,0.800000,0.000000,1300,1300,4200,4200,5700,5700,5700,5700,5700,5700,5700,113,2,1400.0,3790.7112139654223,5.508272006409243,56859.85643899767,222.28318584070797
1781646896,150,GET,/timeline/{user_id},6.800000,0.000000,7100,8200,9500,9900,22000,22000,22000,22000,22000,22000,22000,876,13,5200.0,7749.014767759041,429.5103719923645,58875.401220982894,5699.280821917808
1781646896,150,GET,/users/{user_id},2.600000,0.000000,3900,4500,5300,9300,15000,15000,15000,15000,15000,15000,15000,314,4,1300.0,3658.484525618475,3.477889986243099,42159.736137022264,264.57643312101914
1781646896,150,,Aggregated,24.400000,0.000000,5200,6700,8400,9400,12000,16000,22000,22000,22000,22000,22000,3351,41,4400.0,6092.778510303545,3.477889986243099,58879.49723700876,6479.731423455685
1781646897,150,GET,/feed/{user_id},10.400000,0.000000,3900,4500,5100,5600,9300,15000,16000,16000,16000,16000,16000,1326,13,2500.0,4062.112228835053,4.170818981947377,56877.33367498731,7085.629713423831
1781646897,150,GET,/feed/{user_id}?with_fof=true,4.000000,0.000000,8000,9600,11000,11000,12000,12000,22000,22000,22000,22000,22000,669,9,7200.0,9694.13186178583,2711.134604003746,58879.49723700876,10856.346786248132
1781646897,150,POST,/likes,0.400000,0.000000,5600,5600,9300,9300,9300,9300,9300,9300,9300,9300,9300,60,0,1300.0,3335.156702499565,11.867766996147111,41177.69079198479,178.48333333333332
1781646897,150,POST,/posts,0.600000,0.000000,1000,1300,1300,4200,4200,4200,4200,4200,4200,4200,4200,113,2,1400.0,3790.7112139654223,5.508272006409243,56859.85643899767,222.28318584070797
1781646897,150,GET,/timeline/{user_id},6.600000,0.000000,7200,8100,9400,9600,22000,22000,22000,22000,22000,22000,22000,883,13,5200.0,7730.173610588848,429.5103719923645,58875.401220982894,5694.663646659116
1781646897,150,GET,/users/{user_id},2.800000,0.000000,3900,4900,5300,5600,15000,15000,15000,15000,15000,15000,15000,316,4,1300.0,3656.0821901177774,3.477889986243099,42159.736137022264,264.55379746835445
1781646897,150,,Aggregated,24.800000,0.000000,5100,6900,8200,9300,12000,16000,22000,22000,22000,22000,22000,3367,41,4400.0,6082.940323886326,3.477889986243099,58879.49723700876,6476.464211464211
1781646898,150,GET,/feed/{user_id},8.900000,0.000000,3900,4500,5100,5600,7300,15000,16000,16000,16000,16000,16000,1332,13,2500.0,4060.3827038951144,4.170818981947377,56877.33367498731,7084.398648648648
1781646898,150,GET,/feed/{user_id}?with_fof=true,4.500000,0.000000,8700,9600,10000,11000,12000,12000,22000,22000,22000,22000,22000,674,9,7200.0,9688.41398013603,2711.134604003746,58879.49723700876,10863.765578635015
1781646898,150,POST,/likes,0.400000,0.000000,5600,5600,9300,9300,9300,9300,9300,9300,9300,9300,9300,60,0,1300.0,3335.156702499565,11.867766996147111,41177.69079198479,178.48333333333332
1781646898,150,POST,/posts,0.600000,0.000000,1300,1300,4200,4200,4200,4200,4200,4200,4200,4200,4200,113,2,1400.0,3790.7112139654223,5.508272006409243,56859.85643899767,222.28318584070797
1781646898,150,GET,/timeline/{user_id},6.100000,0.000000,6900,7800,8200,9400,17000,22000,22000,22000,22000,22000,22000,890,13,5100.0,7712.029586233627,429.5103719923645,58875.401220982894,5692.542696629213
1781646898,150,GET,/users/{user_id},2.700000,0.000000,3900,4900,5600,7300,15000,15000,15000,15000,15000,15000,15000,317,4,1300.0,3667.480521656816,3.477889986243099,42159.736137022264,264.5488958990536
1781646898,150,,Aggregated,23.200000,0.000000,4900,7000,8000,9300,12000,16000,22000,22000,22000,22000,22000,3386,41,4400.0,6081.860074022801,3.477889986243099,58879.49723700876,6480.994979326639
1781646899,150,GET,/feed/{user_id},8.300000,0.000000,3800,4500,4900,5100,9300,16000,16000,16000,16000,16000,16000,1337,13,2500.0,4074.0727966673553,4.170818981947377,56877.33367498731,7074.471204188481
1781646899,150,GET,/feed/{user_id}?with_fof=true,4.600000,0.000000,9000,9800,11000,11000,22000,22000,22000,22000,22000,22000,22000,682,9,7200.0,9745.0685225156,2711.134604003746,58879.49723700876,10873.49413489736
1781646899,150,POST,/likes,0.400000,0.000000,5200,5200,9300,9300,9300,9300,9300,9300,9300,9300,9300,60,0,1300.0,3335.156702499565,11.867766996147111,41177.69079198479,178.48333333333332
1781646899,150,POST,/posts,0.600000,0.000000,1300,1300,4200,4200,4200,4200,4200,4200,4200,4200,4200,113,2,1400.0,3790.7112139654223,5.508272006409243,56859.85643899767,222.28318584070797
1781646899,150,GET,/timeline/{user_id},6.100000,0.000000,6900,8200,9500,16000,22000,22000,22000,22000,22000,22000,22000,898,13,5200.0,7758.63949690416,429.5103719923645,58875.401220982894,5697.57126948775
1781646899,150,GET,/users/{user_id},2.600000,0.000000,3400,4900,7300,9300,15000,15000,15000,15000,15000,15000,15000,317,4,1300.0,3667.480521656816,3.477889986243099,42159.736137022264,264.5488958990536
1781646899,150,,Aggregated,22.600000,0.000000,5000,7300,9300,9600,16000,22000,22000,22000,22000,22000,22000,3407,41,4500.0,6120.188266631387,3.477889986243099,58879.49723700876,6489.697387731142
1781646900,150,GET,/feed/{user_id},8.100000,0.000000,4000,4800,5700,7300,9300,16000,16000,16000,16000,16000,16000,1345,13,2600.0,4082.4298690232745,4.170818981947377,56877.33367498731,7078.631970260223
1781646900,150,GET,/feed/{user_id}?with_fof=true,4.600000,0.000000,9300,9800,10000,11000,22000,22000,22000,22000,22000,22000,22000,686,9,7200.0,9737.309211347869,2711.134604003746,58879.49723700876,10876.34693877551
1781646900,150,POST,/likes,0.400000,0.000000,5200,5200,9300,9300,9300,9300,9300,9300,9300,9300,9300,60,0,1300.0,3335.156702499565,11.867766996147111,41177.69079198479,178.48333333333332
1781646900,150,POST,/posts,0.500000,0.000000,4200,4200,7600,7600,7600,7600,7600,7600,7600,7600,7600,114,2,1400.0,3823.7301595621384,5.508272006409243,56859.85643899767,222.31578947368422
1781646900,150,GET,/timeline/{user_id},6.200000,0.000000,7000,8200,9700,16000,22000,22000,22000,22000,22000,22000,22000,904,13,5200.0,7755.83210447342,429.5103719923645,58875.401220982894,5700.465707964602
1781646900,150,GET,/users/{user_id},2.700000,0.000000,4000,5300,7600,9300,15000,15000,15000,15000,15000,15000,15000,318,4,1300.0,3679.8108313120088,3.477889986243099,42159.736137022264,264.5691823899371
1781646900,150,,Aggregated,22.500000,0.000000,5400,7600,9300,9700,16000,22000,22000,22000,22000,22000,22000,3427,41,4500.0,6124.344616271439,3.477889986243099,58879.49723700876,6494.117595564634
1781646901,150,GET,/feed/{user_id},8.800000,0.000000,3900,4900,5600,6300,7500,9300,16000,16000,16000,16000,16000,1363,13,2600.0,4080.3558602526073,4.170818981947377,56877.33367498731,7083.4380044020545
1781646901,150,GET,/feed/{user_id}?with_fof=true,5.000000,0.000000,9300,9900,11000,11000,12000,22000,22000,22000,22000,22000,22000,694,9,7200.0,9725.118298875523,2711.134604003746,58879.49723700876,10886.328530259367
1781646901,150,POST,/likes,0.400000,0.000000,9300,9300,9300,9300,9300,9300,9300,9300,9300,9300,9300,60,0,1300.0,3335.156702499565,11.867766996147111,41177.69079198479,178.48333333333332
1781646901,150,POST,/posts,0.400000,0.000000,4200,4200,7600,7600,7600,7600,7600,7600,7600,7600,7600,114,2,1400.0,3823.7301595621384,5.508272006409243,56859.85643899767,222.31578947368422
1781646901,150,GET,/timeline/{user_id},6.700000,0.000000,5500,7400,7900,8200,16000,19000,22000,22000,22000,22000,22000,910,13,5100.0,7731.855751376861,429.5103719923645,58875.401220982894,5703.027472527472
1781646901,150,GET,/users/{user_id},2.600000,0.000000,3400,4100,6100,6100,7600,9300,9300,9300,9300,9300,9300,320,4,1300.0,3678.773655247551,3.477889986243099,42159.736137022264,264.609375
1781646901,150,,Aggregated,23.900000,0.000000,5100,7000,7700,8900,10000,16000,22000,22000,22000,22000,22000,3461,41,4500.0,6113.830708094816,3.477889986243099,58879.49723700876,6506.882692863334
1781646902,150,GET,/feed/{user_id},7.900000,0.000000,3900,5100,5900,6300,7300,7600,16000,16000,16000,16000,16000,1372,13,2600.0,4079.888364074586,4.170818981947377,56877.33367498731,7074.259475218659
1781646902,150,GET,/feed/{user_id}?with_fof=true,4.700000,0.000000,9000,9600,11000,11000,22000,22000,22000,22000,22000,22000,22000,694,9,7200.0,9725.118298875523,2711.134604003746,58879.49723700876,10886.328530259367
1781646902,150,POST,/likes,0.300000,0.000000,9300,9300,9300,9300,9300,9300,9300,9300,9300,9300,9300,60,0,1300.0,3335.156702499565,11.867766996147111,41177.69079198479,178.48333333333332
1781646902,150,POST,/posts,0.400000,0.000000,4100,4100,4200,4200,7600,7600,7600,7600,7600,7600,7600,117,2,1400.0,3769.8059668043097,5.508272006409243,56859.85643899767,222.4188034188034
1781646902,150,GET,/timeline/{user_id},6.700000,0.000000,5600,7700,8200,8800,16000,19000,22000,22000,22000,22000,22000,917,13,5100.0,7713.9724237850805,429.5103719923645,58875.401220982894,5701.307524536533
1781646902,150,GET,/users/{user_id},2.400000,0.000000,3200,4100,4900,4900,7300,7600,7600,7600,7600,7600,7600,324,4,1300.0,3665.5840134604928,3.477889986243099,42159.736137022264,264.67283950617286
1781646902,150,,Aggregated,22.400000,0.000000,4900,6800,7600,8200,11000,16000,22000,22000,22000,22000,22000,3484,41,4500.0,6099.132482252632,3.477889986243099,58879.49723700876,6490.120838117106
1781646903,150,GET,/feed/{user_id},8.700000,0.000000,4000,5100,5900,6300,7300,7600,16000,16000,16000,16000,16000,1386,13,2600.0,4060.627495008898,4.170818981947377,56877.33367498731,7086.027417027417
1781646903,150,GET,/feed/{user_id}?with_fof=true,4.700000,0.000000,9300,10000,11000,11000,22000,22000,22000,22000,22000,22000,22000,698,9,7200.0,9724.266830761644,2711.134604003746,58879.49723700876,10888.873925501433
1781646903,150,POST,/likes,0.200000,0.000000,520,520,520,520,520,520,520,520,520,520,520,60,0,1300.0,3335.156702499565,11.867766996147111,41177.69079198479,178.48333333333332
1781646903,150,POST,/posts,0.400000,0.000000,1300,4100,4200,4200,7600,7600,7600,7600,7600,7600,7600,118,2,1400.0,3737.977886958476,5.508272006409243,56859.85643899767,222.44915254237287
1781646903,150,GET,/timeline/{user_id},6.700000,0.000000,5000,7400,8200,9200,16000,19000,22000,22000,22000,22000,22000,925,13,5200.0,7701.884100107009,429.5103719923645,58875.401220982894,5709.058378378379
1781646903,150,GET,/users/{user_id},2.300000,0.000000,3200,4800,4900,4900,7300,7600,7600,7600,7600,7600,7600,331,4,1300.0,3625.7587389342043,3.477889986243099,42159.736137022264,264.7129909365559
1781646903,150,,Aggregated,23.000000,0.000000,5000,6600,7600,8700,11000,16000,22000,22000,22000,22000,22000,3518,41,4500.0,6077.6372040793785,3.477889986243099,58879.49723700876,6488.665434906196
1781646904,150,GET,/feed/{user_id},8.300000,0.000000,3300,5000,5800,6300,7300,7600,16000,16000,16000,16000,16000,1397,13,2600.0,4040.401864534929,4.170818981947377,56877.33367498731,7087.277022190408
1781646904,150,GET,/feed/{user_id}?with_fof=true,4.400000,0.000000,9100,10000,10000,11000,12000,22000,22000,22000,22000,22000,22000,702,9,7400.0,9719.862790698897,2711.134604003746,58879.49723700876,10893.952991452992
1781646904,150,POST,/likes,0.200000,0.000000,3300,3300,3300,3300,3300,3300,3300,3300,3300,3300,3300,61,0,1500.0,3333.8222907212958,11.867766996147111,41177.69079198479,178.47540983606558
1781646904,150,POST,/posts,0.500000,0.000000,3400,4100,4200,4200,7600,7600,7600,7600,7600,7600,7600,119,2,1400.0,3735.4844460932013,5.508272006409243,56859.85643899767,222.47899159663865
1781646904,150,GET,/timeline/{user_id},6.100000,0.000000,5000,7800,9200,9700,16000,19000,22000,22000,22000,22000,22000,931,13,5200.0,7694.52921844145,429.5103719923645,58875.401220982894,5705.250268528464
1781646904,150,GET,/users/{user_id},1.800000,0.000000,3300,4300,4900,4900,6100,7300,7600,7600,7600,7600,7600,336,4,1400.0,3620.2555471287874,3.477889986243099,42159.736137022264,264.79464285714283
1781646904,150,,Aggregated,21.300000,0.000000,4900,6400,7600,8700,11000,16000,22000,22000,22000,22000,22000,3546,41,4400.0,6061.95247006466,3.477889986243099,58879.49723700876,6482.346869712352
1781646905,150,GET,/feed/{user_id},8.300000,0.000000,3800,5500,6300,7300,12000,13000,16000,22000,22000,22000,22000,1409,13,2600.0,4082.7618171790864,4.170818981947377,56877.33367498731,7079.810503903478
1781646905,150,GET,/feed/{user_id}?with_fof=true,4.000000,0.000000,9500,10000,11000,12000,22000,22000,22000,22000,22000,22000,22000,708,9,7400.0,9763.995341202926,2711.134604003746,58879.49723700876,10887.310734463277
1781646905,150,POST,/likes,0.100000,0.000000,3300,3300,3300,3300,3300,3300,3300,3300,3300,3300,3300,61,0,1500.0,3333.8222907212958,11.867766996147111,41177.69079198479,178.47540983606558
1781646905,150,POST,/posts,0.700000,0.000000,3400,4100,4200,4200,7600,7600,7600,7600,7600,7600,7600,119,2,1400.0,3735.4844460932013,5.508272006409243,56859.85643899767,222.47899159663865
1781646905,150,GET,/timeline/{user_id},6.500000,0.000000,6000,8800,11000,11000,22000,22000,22000,22000,22000,22000,22000,942,13,5200.0,7783.405616229317,429.5103719923645,58875.401220982894,5695.270700636943
1781646905,150,GET,/users/{user_id},2.400000,0.000000,3400,4800,4900,4900,7300,7600,12000,12000,12000,12000,12000,339,4,1400.0,3636.379880239812,3.477889986243099,42159.736137022264,264.8466076696165
1781646905,150,,Aggregated,22.000000,0.000000,5100,7300,8700,10000,13000,22000,22000,22000,22000,22000,22000,3578,41,4500.0,6114.618999632595,3.477889986243099,58879.49723700876,6477.294298490777
1781646906,150,GET,/feed/{user_id},8.000000,0.000000,3800,5000,6300,7200,7900,13000,16000,22000,22000,22000,22000,1417,13,2600.0,4076.6373854497815,4.170818981947377,56877.33367498731,7083.818630910374
1781646906,150,GET,/feed/{user_id}?with_fof=true,4.200000,0.000000,9600,10000,12000,12000,22000,22000,22000,22000,22000,22000,22000,711,9,7400.0,9761.087072147164,2711.134604003746,58879.49723700876,10889.10689170183
1781646906,150,POST,/likes,0.100000,0.000000,3300,3300,3300,3300,3300,3300,3300,3300,3300,3300,3300,61,0,1500.0,3333.8222907212958,11.867766996147111,41177.69079198479,178.47540983606558
1781646906,150,POST,/posts,0.500000,0.000000,3400,4100,4100,4100,7600,7600,7600,7600,7600,7600,7600,120,2,1400.0,3738.8739336340223,5.508272006409243,56859.85643899767,222.50833333333333
1781646906,150,GET,/timeline/{user_id},6.000000,0.000000,6600,8800,11000,11000,22000,22000,22000,22000,22000,22000,22000,949,13,5200.0,7766.14857055529,429.5103719923645,58875.401220982894,5687.642781875658
1781646906,150,GET,/users/{user_id},2.400000,0.000000,3300,4300,4900,4900,7300,7600,12000,12000,12000,12000,12000,342,4,1400.0,3621.1228095184283,3.477889986243099,42159.736137022264,264.812865497076
1781646906,150,,Aggregated,21.200000,0.000000,4900,7300,8700,9800,12000,22000,22000,22000,22000,22000,22000,3600,41,4500.0,6104.793085989262,3.477889986243099,58879.49723700876,6473.7925
1781646907,150,GET,/feed/{user_id},8.700000,0.000000,3300,4800,5800,6300,7900,13000,16000,22000,22000,22000,22000,1427,13,2600.0,4059.809611843904,4.170818981947377,56877.33367498731,7091.560616678346
1781646907,150,GET,/feed/{user_id}?with_fof=true,4.500000,0.000000,9600,10000,12000,12000,22000,22000,22000,22000,22000,22000,22000,714,9,7400.0,9751.961083617194,2711.134604003746,58879.49723700876,10886.275910364146
1781646907,150,POST,/likes,0.100000,0.000000,3300,3300,3300,3300,3300,3300,3300,3300,3300,3300,3300,61,0,1500.0,3333.8222907212958,11.867766996147111,41177.69079198479,178.47540983606558
1781646907,150,POST,/posts,0.600000,0.000000,3400,4100,4100,4100,7600,7600,7600,7600,7600,7600,7600,120,2,1400.0,3738.8739336340223,5.508272006409243,56859.85643899767,222.50833333333333
1781646907,150,GET,/timeline/{user_id},6.900000,0.000000,6600,8800,11000,11000,22000,22000,22000,22000,22000,22000,22000,954,13,5200.0,7761.374254926592,429.5103719923645,58875.401220982894,5684.7285115303985
1781646907,150,GET,/users/{user_id},2.400000,0.000000,3300,4300,4900,4900,7300,7600,12000,12000,12000,12000,12000,345,4,1400.0,3605.8566910965515,3.477889986243099,42159.736137022264,264.831884057971
1781646907,150,,Aggregated,23.200000,0.000000,4800,6900,8700,9700,12000,22000,22000,22000,22000,22000,22000,3621,41,4500.0,6091.314045623392,3.477889986243099,58879.49723700876,6474.6324219828775
1781646908,150,GET,/feed/{user_id},9.400000,0.000000,3300,4600,5700,6300,7600,12000,13000,22000,22000,22000,22000,1431,13,2600.0,4056.5886676137593,4.170818981947377,56877.33367498731,7097.29000698812
1781646908,150,GET,/feed/{user_id}?with_fof=true,4.400000,0.000000,8900,10000,11000,11000,12000,22000,22000,22000,22000,22000,22000,717,9,7400.0,9742.37167701217,2711.134604003746,58879.49723700876,10891.133891213389
1781646908,150,POST,/likes,0.100000,0.000000,3300,3300,3300,3300,3300,3300,3300,3300,3300,3300,3300,61,0,1500.0,3333.8222907212958,11.867766996147111,41177.69079198479,178.47540983606558
1781646908,150,POST,/posts,0.700000,0.000000,3400,4100,4100,4100,7600,7600,7600,7600,7600,7600,7600,120,2,1400.0,3738.8739336340223,5.508272006409243,56859.85643899767,222.50833333333333
1781646908,150,GET,/timeline/{user_id},7.100000,0.000000,6000,8400,9700,10000,17000,22000,22000,22000,22000,22000,22000,960,13,5200.0,7745.820376714555,429.5103719923645,58875.401220982894,5685.865625
1781646908,150,GET,/users/{user_id},2.700000,0.000000,3200,4000,4400,4900,6100,7600,12000,12000,12000,12000,12000,346,4,1400.0,3607.0039873130013,3.477889986243099,42159.736137022264,264.84971098265896
1781646908,150,,Aggregated,24.400000,0.000000,4600,6300,7600,8700,11000,13000,22000,22000,22000,22000,22000,3635,41,4500.0,6087.0145388719075,3.477889986243099,58879.49723700876,6479.455845942229
1781646909,150,GET,/feed/{user_id},10.500000,0.000000,3200,3900,5000,5600,7300,12000,13000,13000,22000,22000,22000,1444,13,2600.0,4043.02891871769,4.170818981947377,56877.33367498731,7098.974376731302
1781646909,150,GET,/feed/{user_id}?with_fof=true,4.600000,0.000000,8900,10000,11000,11000,12000,22000,22000,22000,22000,22000,22000,722,9,7400.0,9727.245791712845,2711.134604003746,58879.49723700876,10893.905817174515
1781646909,150,POST,/likes,0.100000,0.000000,3300,3300,3300,3300,3300,3300,3300,3300,3300,3300,3300,61,0,1500.0,3333.8222907212958,11.867766996147111,41177.69079198479,178.47540983606558
1781646909,150,POST,/posts,0.700000,0.000000,4100,4100,6300,6300,7600,7600,7600,7600,7600,7600,7600,121,2,1700.0,3760.16342148814,5.508272006409243,56859.85643899767,222.54545454545453
1781646909,150,GET,/timeline/{user_id},7.100000,0.000000,6000,8200,9200,10000,22000,22000,22000,22000,22000,22000,22000,964,13,5200.0,7733.537388014508,429.5103719923645,58875.401220982894,5687.397302904565
1781646909,150,GET,/users/{user_id},3.000000,0.000000,3100,3800,4400,4800,4900,6300,12000,12000,12000,12000,12000,349,4,1500.0,3610.1699515423816,3.477889986243099,42159.736137022264,264.865329512894
1781646909,150,,Aggregated,26.000000,0.000000,4100,5900,7300,8700,11000,13000,22000,22000,22000,22000,22000,3661,41,4400.0,6073.375446357108,3.477889986243099,58879.49723700876,6481.623326959847
1781646910,150,GET,/feed/{user_id},9.900000,0.000000,3100,3800,4600,5000,7300,12000,13000,22000,22000,22000,22000,1450,13,2600.0,4037.1117456326665,4.170818981947377,56877.33367498731,7098.533103448276
1781646910,150,GET,/feed/{user_id}?with_fof=true,4.400000,0.000000,8800,10000,11000,11000,12000,22000,22000,22000,22000,22000,22000,727,9,7400.0,9709.50516671757,2711.134604003746,58879.49723700876,10881.092159559836
1781646910,150,POST,/likes,0.100000,0.000000,3300,3300,3300,3300,3300,3300,3300,3300,3300,3300,3300,62,0,1300.0,3280.2726733869113,11.867766996147111,41177.69079198479,178.43548387096774
1781646910,150,POST,/posts,0.700000,0.000000,3400,4100,4100,4100,6300,6300,6300,6300,6300,6300,6300,121,2,1700.0,3760.16342148814,5.508272006409243,56859.85643899767,222.54545454545453
1781646910,150,GET,/timeline/{user_id},6.700000,0.000000,6300,8200,9200,10000,22000,22000,22000,22000,22000,22000,22000,968,13,5200.0,7723.988544064048,429.5103719923645,58875.401220982894,5684.18285123967
1781646910,150,GET,/users/{user_id},2.800000,0.000000,3100,3800,4400,4800,4900,6400,12000,12000,12000,12000,12000,352,4,1400.0,3601.547614222413,3.477889986243099,42159.736137022264,264.88352272727275
1781646910,150,,Aggregated,24.600000,0.000000,4100,5800,7300,8600,11000,13000,22000,22000,22000,22000,22000,3680,41,4400.0,6064.00669510364,3.477889986243099,58879.49723700876,6477.43097826087
1781646911,150,GET,/feed/{user_id},10.400000,0.000000,2900,3300,3800,4600,6300,12000,13000,22000,22000,22000,22000,1456,13,2600.0,4029.779463263284,4.170818981947377,56877.33367498731,7095.633241758242
1781646911,150,GET,/feed/{user_id}?with_fof=true,3.900000,0.000000,8600,9600,10000,10000,12000,22000,22000,22000,22000,22000,22000,735,9,7400.0,9690.240796939732,2711.134604003746,58879.49723700876,10872.58775510204
1781646911,150,POST,/likes,0.100000,0.000000,3300,3300,3300,3300,3300,3300,3300,3300,3300,3300,3300,62,0,1300.0,3280.2726733869113,11.867766996147111,41177.69079198479,178.43548387096774
1781646911,150,POST,/posts,0.700000,0.000000,3500,3500,4100,4100,6300,6300,6300,6300,6300,6300,6300,122,2,1700.0,3757.8727795907535,5.508272006409243,56859.85643899767,222.54918032786884
1781646911,150,GET,/timeline/{user_id},6.600000,0.000000,6000,7900,8800,9900,22000,22000,22000,22000,22000,22000,22000,974,13,5200.0,7707.825993217633,429.5103719923645,58875.401220982894,5689.317248459959
1781646911,150,GET,/users/{user_id},3.100000,0.000000,2800,3400,4300,4800,4900,6400,12000,12000,12000,12000,12000,356,4,1400.0,3571.967974298531,3.477889986243099,42159.736137022264,264.94943820224717
1781646911,150,,Aggregated,24.800000,0.000000,4000,5800,7000,8400,11000,13000,22000,22000,22000,22000,22000,3705,41,4400.0,6054.1339771569155,3.477889986243099,58879.49723700876,6476.794871794872
1781646912,150,GET,/feed/{user_id},10.700000,0.000000,3000,3400,3900,4600,6600,12000,13000,22000,22000,22000,22000,1460,13,2600.0,4032.3480957598226,4.170818981947377,56877.33367498731,7098.480136986302
1781646912,150,GET,/feed/{user_id}?with_fof=true,4.100000,0.000000,8300,9400,10000,10000,12000,22000,22000,22000,22000,22000,22000,741,9,7400.0,9670.672869888922,2711.134604003746,58879.49723700876,10867.923076923076
1781646912,150,POST,/likes,0.200000,0.000000,3300,3300,3300,3300,3300,3300,3300,3300,3300,3300,3300,62,0,1300.0,3280.2726733869113,11.867766996147111,41177.69079198479,178.43548387096774
1781646912,150,POST,/posts,0.700000,0.000000,3500,4100,6300,6300,6700,6700,6700,6700,6700,6700,6700,123,2,1800.0,3781.5917529924336,5.508272006409243,56859.85643899767,222.5772357723577
1781646912,150,GET,/timeline/{user_id},6.400000,0.000000,6300,8200,8800,9900,22000,22000,22000,22000,22000,22000,22000,978,13,5200.0,7708.060067755576,429.5103719923645,58875.401220982894,5685.1942740286295
1781646912,150,GET,/users/{user_id},3.300000,0.000000,2800,3400,3800,4000,6300,6400,12000,12000,12000,12000,12000,356,4,1400.0,3571.967974298531,3.477889986243099,42159.736137022264,264.94943820224717
1781646912,150,,Aggregated,25.400000,0.000000,4300,6300,7600,8700,11000,13000,22000,22000,22000,22000,22000,3720,41,4500.0,6056.938938946326,3.477889986243099,58879.49723700876,6481.127419354839
1781646913,150,GET,/feed/{user_id},9.400000,0.000000,3000,3500,3800,4300,7700,12000,13000,22000,22000,22000,22000,1470,13,2600.0,4019.8911627947878,4.170818981947377,56877.33367498731,7092.2904761904765
1781646913,150,GET,/feed/{user_id}?with_fof=true,4.200000,0.000000,7300,9100,9400,9700,12000,22000,22000,22000,22000,22000,22000,744,9,7300.0,9651.870833417594,2711.134604003746,58879.49723700876,10853.422043010753
1781646913,150,POST,/likes,0.200000,0.000000,3300,3300,3300,3300,3300,3300,3300,3300,3300,3300,3300,62,0,1300.0,3280.2726733869113,11.867766996147111,41177.69079198479,178.43548387096774
1781646913,150,POST,/posts,0.800000,0.000000,4100,6300,6300,6700,6700,6700,6700,6700,6700,6700,6700,123,2,1800.0,3781.5917529924336,5.508272006409243,56859.85643899767,222.5772357723577
1781646913,150,GET,/timeline/{user_id},6.400000,0.000000,6700,8200,9500,9900,22000,22000,22000,22000,22000,22000,22000,984,13,5200.0,7700.953081335311,429.5103719923645,58875.401220982894,5685.826219512195
1781646913,150,GET,/users/{user_id},3.400000,0.000000,2400,3100,3300,3800,6300,6400,12000,12000,12000,12000,12000,362,4,1500.0,3549.5579964317285,3.477889986243099,42159.736137022264,265.0
1781646913,150,,Aggregated,24.400000,0.000000,4000,6300,7300,8400,11000,13000,22000,22000,22000,22000,22000,3745,41,4400.0,6040.4332249616355,3.477889986243099,58879.49723700876,6469.9161548731645
1781646914,150,GET,/feed/{user_id},9.200000,0.000000,2600,3200,3600,3800,4800,6600,7700,13000,13000,13000,13000,1477,13,2600.0,4001.8957002344596,4.170818981947377,56877.33367498731,7094.265402843602
1781646914,150,GET,/feed/{user_id}?with_fof=true,4.400000,0.000000,6800,9100,9400,9600,10000,11000,12000,12000,12000,12000,12000,747,9,7400.0,9645.228588747948,2711.134604003746,58879.49723700876,10824.265060240963
1781646914,150,POST,/likes,0.200000,0.000000,3300,3300,3300,3300,3300,3300,3300,3300,3300,3300,3300,62,0,1300.0,3280.2726733869113,11.867766996147111,41177.69079198479,178.43548387096774
1781646914,150,POST,/posts,0.700000,0.000000,6300,6700,6700,6700,6700,6700,6700,6700,6700,6700,6700,124,2,1800.0,3805.055863605371,5.508272006409243,56859.85643899767,222.6048387096774
1781646914,150,GET,/timeline/{user_id},6.300000,0.000000,5500,7000,7600,8400,9500,10000,11000,11000,11000,11000,11000,990,13,5200.0,7681.34496634543,429.5103719923645,58875.401220982894,5691.791919191919
1781646914,150,GET,/users/{user_id},3.400000,0.000000,2400,3100,3200,3300,4400,6300,6400,6400,6400,6400,6400,364,4,1400.0,3530.1303713963684,3.477889986243099,42159.736137022264,265.02197802197804
1781646914,150,,Aggregated,24.200000,0.000000,3900,5800,6600,7000,9100,10000,11000,12000,13000,13000,13000,3764,41,4400.0,6025.63456688319,3.477889986243099,58879.49723700876,6464.921360255048
1781646915,150,GET,/feed/{user_id},8.600000,0.000000,2900,3300,3600,3900,6100,6400,6800,7700,7700,7700,7700,1486,13,2600.0,4005.6767513003015,4.170818981947377,56877.33367498731,7106.907133243607
1781646915,150,GET,/feed/{user_id}?with_fof=true,4.600000,0.000000,6700,8600,9300,9400,10000,11000,12000,12000,12000,12000,12000,754,9,7300.0,9626.170178373623,2711.134604003746,58879.49723700876,10830.237400530505
1781646915,150,POST,/likes,0.200000,0.000000,3300,3300,3300,3300,3300,3300,3300,3300,3300,3300,3300,62,0,1300.0,3280.2726733869113,11.867766996147111,41177.69079198479,178.43548387096774
1781646915,150,POST,/posts,0.500000,0.000000,6300,6300,6700,6700,6700,6700,6700,6700,6700,6700,6700,125,2,1800.0,3803.373652192531,5.508272006409243,56859.85643899767,222.632
1781646915,150,GET,/timeline/{user_id},6.000000,0.000000,5800,7000,7900,8200,8800,9500,10000,10000,10000,10000,10000,993,13,5200.0,7677.346052248728,429.5103719923645,58875.401220982894,5692.389728096677
1781646915,150,GET,/users/{user_id},2.800000,0.000000,2400,3100,3300,3300,4400,6300,6400,6400,6400,6400,6400,365,4,1500.0,3529.5948494172317,3.477889986243099,42159.736137022264,265.0383561643836
1781646915,150,,Aggregated,22.700000,0.000000,3900,6000,6400,6800,8700,9600,11000,11000,12000,12000,12000,3785,41,4400.0,6024.114485897041,3.477889986243099,58879.49723700876,6476.892206076618
1781646916,150,GET,/feed/{user_id},8.500000,0.000000,3000,3600,4800,6100,17000,17000,23000,23000,23000,23000,23000,1498,13,2700.0,4096.444828378687,4.170818981947377,56877.33367498731,7113.3758344459275
1781646916,150,GET,/feed/{user_id}?with_fof=true,4.500000,0.000000,7400,9100,9400,10000,12000,23000,33000,33000,33000,33000,33000,761,9,7400.0,9702.526478864222,2711.134604003746,58879.49723700876,10832.070959264127
1781646916,150,POST,/likes,0.200000,0.000000,6000,6000,6000,6000,6000,6000,6000,6000,6000,6000,6000,63,0,1500.0,3323.392119904932,11.867766996147111,41177.69079198479,178.46031746031747
1781646916,150,POST,/posts,0.600000,0.000000,6300,6700,6700,6700,23000,23000,23000,23000,23000,23000,23000,126,2,1800.0,3957.526987571905,5.508272006409243,56859.85643899767,222.65873015873015
1781646916,150,GET,/timeline/{user_id},6.000000,0.000000,6300,7900,9500,10000,23000,23000,31000,33000,33000,33000,33000,1004,13,5300.0,7786.95429285756,429.5103719923645,58875.401220982894,5693.724103585658
1781646916,150,GET,/users/{user_id},2.900000,0.000000,2400,3200,3300,4000,6300,6400,22000,22000,22000,22000,22000,369,4,1500.0,3566.304723304292,3.477889986243099,42159.736137022264,265.0758807588076
1781646916,150,,Aggregated,22.700000,0.000000,5500,6600,7900,8800,17000,23000,23000,31000,33000,33000,33000,3821,41,4500.0,6114.155367768465,3.477889986243099,58879.49723700876,6478.0562679926725
1781646917,150,GET,/feed/{user_id},7.900000,0.000000,3200,3700,5800,6200,17000,23000,23000,23000,23000,23000,23000,1500,13,2700.0,4093.5420925361773,4.170818981947377,56877.33367498731,7117.0633333333335
1781646917,150,GET,/feed/{user_id}?with_fof=true,4.500000,0.000000,7400,8800,9400,10000,12000,23000,33000,33000,33000,33000,33000,765,9,7400.0,9685.124790725067,2711.134604003746,58879.49723700876,10834.597385620915
1781646917,150,POST,/likes,0.100000,0.000000,6000,6000,6000,6000,6000,6000,6000,6000,6000,6000,6000,63,0,1500.0,3323.392119904932,11.867766996147111,41177.69079198479,178.46031746031747
1781646917,150,POST,/posts,0.600000,0.000000,6700,6700,6700,6700,23000,23000,23000,23000,23000,23000,23000,126,2,1800.0,3957.526987571905,5.508272006409243,56859.85643899767,222.65873015873015
1781646917,150,GET,/timeline/{user_id},5.200000,0.000000,6700,7900,9500,10000,23000,25000,31000,33000,33000,33000,33000,1008,13,5300.0,7798.795178161697,429.5103719923645,58875.401220982894,5694.256944444444
1781646917,150,GET,/users/{user_id},2.700000,0.000000,2400,3200,3300,4000,6300,6400,22000,22000,22000,22000,22000,371,4,1500.0,3557.939593027681,3.477889986243099,42159.736137022264,265.1078167115903
1781646917,150,,Aggregated,21.000000,0.000000,5400,6600,7700,8800,17000,23000,23000,31000,33000,33000,33000,3833,41,4500.0,6114.958736315494,3.477889986243099,58879.49723700876,6480.961648839029
1781646918,150,GET,/feed/{user_id},8.400000,0.000000,3000,3600,6100,6400,17000,23000,23000,23000,23000,23000,23000,1509,13,2600.0,4075.530566500495,4.170818981947377,56877.33367498731,7116.28561961564
1781646918,150,GET,/feed/{user_id}?with_fof=true,4.900000,0.000000,7100,8600,9400,10000,11000,23000,23000,33000,33000,33000,33000,770,9,7400.0,9673.782662573647,2711.134604003746,58879.49723700876,10839.298701298701
1781646918,150,POST,/likes,0.200000,0.000000,6000,6000,7900,7900,7900,7900,7900,7900,7900,7900,7900,64,0,1500.0,3394.600219343829,11.867766996147111,41177.69079198479,178.453125
1781646918,150,POST,/posts,0.600000,0.000000,6700,6700,6700,6700,23000,23000,23000,23000,23000,23000,23000,126,2,1800.0,3957.526987571905,5.508272006409243,56859.85643899767,222.65873015873015
1781646918,150,GET,/timeline/{user_id},5.700000,0.000000,6700,8000,9700,10000,23000,25000,31000,33000,33000,33000,33000,1014,13,5300.0,7783.855829231761,429.5103719923645,58875.401220982894,5695.699211045365
1781646918,150,GET,/users/{user_id},2.800000,0.000000,1900,3300,4000,5500,6300,6400,22000,22000,22000,22000,22000,374,4,1500.0,3558.6643233107943,3.477889986243099,42159.736137022264,265.1096256684492
1781646918,150,,Aggregated,22.600000,0.000000,5500,6700,7900,9100,17000,23000,23000,31000,33000,33000,33000,3857,41,4500.0,6102.790084848918,3.477889986243099,58879.49723700876,6481.410681877107
1781646919,150,GET,/feed/{user_id},7.200000,0.000000,3300,5100,6100,6500,17000,23000,23000,23000,23000,23000,23000,1528,13,2600.0,4068.7706005034192,4.170818981947377,56877.33367498731,7112.464659685864
1781646919,150,GET,/feed/{user_id}?with_fof=true,4.900000,0.000000,7300,9300,10000,11000,12000,23000,33000,33000,33000,33000,33000,775,9,7400.0,9669.55257586024,2711.134604003746,58879.49723700876,10842.716129032258
1781646919,150,POST,/likes,0.200000,0.000000,6000,6000,7900,7900,7900,7900,7900,7900,7900,7900,7900,64,0,1500.0,3394.600219343829,11.867766996147111,41177.69079198479,178.453125
1781646919,150,POST,/posts,0.600000,0.000000,4100,6700,6700,6700,23000,23000,23000,23000,23000,23000,23000,128,2,1800.0,3935.3535986724637,5.508272006409243,56859.85643899767,222.703125
1781646919,150,GET,/timeline/{user_id},5.400000,0.000000,6900,8500,9900,10000,23000,25000,31000,33000,33000,33000,33000,1021,13,5300.0,7777.990814705186,429.5103719923645,58875.401220982894,5692.863858961802
1781646919,150,GET,/users/{user_id},2.500000,0.000000,1900,3300,4300,5200,6000,6400,22000,22000,22000,22000,22000,381,4,1500.0,3551.61912819744,3.427855990594253,42159.736137022264,265.20734908136484
1781646919,150,,Aggregated,20.800000,0.000000,5300,6700,7700,9400,17000,23000,23000,31000,33000,33000,33000,3897,41,4500.0,6088.391046493773,3.427855990594253,58879.49723700876,6472.757505773672
1781646920,150,GET,/feed/{user_id},7.700000,0.000000,3300,5000,5300,6400,7700,17000,23000,23000,23000,23000,23000,1545,13,2600.0,4047.7456569489937,4.170818981947377,56877.33367498731,7116.176699029126
1781646920,150,GET,/feed/{user_id}?with_fof=true,5.100000,0.000000,7400,9100,10000,11000,12000,23000,33000,33000,33000,33000,33000,779,9,7400.0,9661.909056591427,2711.134604003746,58879.49723700876,10847.206675224646
1781646920,150,POST,/likes,0.300000,0.000000,6000,6000,7900,7900,7900,7900,7900,7900,7900,7900,7900,65,0,1900.0,3426.2760555385075,11.867766996147111,41177.69079198479,178.4923076923077
1781646920,150,POST,/posts,0.600000,0.000000,3600,4100,6700,6700,23000,23000,23000,23000,23000,23000,23000,131,2,1800.0,3850.0603921989155,5.508272006409243,56859.85643899767,222.74045801526717
1781646920,150,GET,/timeline/{user_id},5.500000,0.000000,6900,8400,9700,10000,23000,25000,31000,33000,33000,33000,33000,1029,13,5300.0,7760.512251341089,429.5103719923645,58875.401220982894,5682.22934888241
1781646920,150,GET,/users/{user_id},2.600000,0.000000,2400,4000,4600,5200,6000,6400,22000,22000,22000,22000,22000,383,4,1500.0,3546.703593716069,3.427855990594253,42159.736137022264,265.1984334203655
1781646920,150,,Aggregated,21.800000,0.000000,5200,6500,7400,8500,12000,23000,23000,31000,33000,33000,33000,3932,41,4500.0,6065.975237304739,3.427855990594253,58879.49723700876,6468.4214140386575
1781646921,150,GET,/feed/{user_id},8.500000,0.000000,3500,5200,6400,6500,17000,17000,23000,23000,23000,23000,23000,1564,13,2700.0,4112.097810592189,4.170818981947377,56877.33367498731,7118.920716112532
1781646921,150,GET,/feed/{user_id}?with_fof=true,5.600000,0.000000,7700,10000,11000,12000,23000,23000,33000,33000,33000,33000,33000,785,9,7400.0,9717.573186509233,2711.134604003746,58879.49723700876,10838.12229299363
1781646921,150,POST,/likes,0.300000,0.000000,6000,6000,7900,7900,7900,7900,7900,7900,7900,7900,7900,65,0,1900.0,3426.2760555385075,11.867766996147111,41177.69079198479,178.4923076923077
1781646921,150,POST,/posts,0.700000,0.000000,3600,4100,6700,6700,23000,23000,23000,23000,23000,23000,23000,131,2,1800.0,3850.0603921989155,5.508272006409243,56859.85643899767,222.74045801526717
1781646921,150,GET,/timeline/{user_id},5.600000,0.000000,6900,9700,10000,22000,23000,29000,31000,33000,33000,33000,33000,1041,13,5300.0,7847.31901031413,429.5103719923645,58875.401220982894,5687.113352545629
1781646921,150,GET,/users/{user_id},3.000000,0.000000,3200,4000,5200,5500,6400,22000,22000,22000,22000,22000,22000,386,4,1500.0,3580.07932413278,3.427855990594253,42159.736137022264,265.2279792746114
1781646921,150,,Aggregated,23.700000,0.000000,5300,6700,8900,10000,22000,23000,29000,31000,33000,33000,33000,3972,41,4500.0,6127.304000759385,3.427855990594253,58879.49723700876,6471.641993957704
1781646922,150,GET,/feed/{user_id},8.700000,0.000000,3300,5300,6500,6800,17000,17000,23000,23000,23000,23000,23000,1568,13,2700.0,4116.797187363002,4.170818981947377,56877.33367498731,7126.199617346939
1781646922,150,GET,/feed/{user_id}?with_fof=true,4.900000,0.000000,8300,10000,12000,12000,23000,23000,33000,33000,33000,33000,33000,789,9,7400.0,9712.231870343128,2711.134604003746,58879.49723700876,10843.96958174905
1781646922,150,POST,/likes,0.200000,0.000000,6000,6000,7900,7900,7900,7900,7900,7900,7900,7900,7900,66,0,1900.0,3424.4507236360346,11.867766996147111,41177.69079198479,178.5151515151515
1781646922,150,POST,/posts,0.900000,0.000000,3300,3600,4100,6700,23000,23000,23000,23000,23000,23000,23000,132,2,1800.0,3845.60310759138,5.508272006409243,56859.85643899767,222.77272727272728
1781646922,150,GET,/timeline/{user_id},5.800000,0.000000,6900,9700,10000,22000,23000,29000,31000,33000,33000,33000,33000,1046,13,5300.0,7842.632424492364,429.5103719923645,58875.401220982894,5683.620458891013
1781646922,150,GET,/users/{user_id},3.100000,0.000000,1900,4300,5200,5500,6400,22000,22000,22000,22000,22000,22000,387,4,1500.0,3579.1828378972427,3.427855990594253,42159.736137022264,265.2299741602067
1781646922,150,,Aggregated,23.600000,0.000000,5300,6800,9700,11000,22000,23000,29000,31000,33000,33000,33000,3988,41,4500.0,6128.450242661289,3.427855990594253,58879.49723700876,6474.090270812438
