Timestamp,User Count,Type,Name,Requests/s,Failures/s,50%,66%,75%,80%,90%,95%,98%,99%,99.9%,99.99%,100%,Total Request Count,Total Failure Count,Total Median Response Time,Total Average Response Time,Total Min Response Time,Total Max Response Time,Total Average Content Size
1781632013,0,,Aggregated,0.000000,0.000000,N/A,N/A,N/A,N/A,N/A,N/A,N/A,N/A,N/A,N/A,N/A,0,0,0,0.0,0,0,0
1781632014,20,GET,/feed/{user_id},0.000000,0.000000,0,0,0,0,0,0,0,0,0,0,0,18,0,15,49.33307227555714,7.769162999466062,160.8127400104422,6754.833333333333
1781632014,20,POST,/likes,0.000000,0.000000,0,0,0,0,0,0,0,0,0,0,0,1,0,65.06649701623246,65.06649701623246,65.06649701623246,65.06649701623246,180.0
1781632014,20,GET,/timeline/{user_id},0.000000,0.000000,0,0,0,0,0,0,0,0,0,0,0,3,0,880.0,731.8437463448694,337.7865900110919,981.8212980171666,6284.0
1781632014,20,GET,/users/{user_id},0.000000,0.000000,0,0,0,0,0,0,0,0,0,0,0,4,0,7,20.44105225650128,4.811680992133915,55.91781699331477,265.25
1781632014,20,,Aggregated,0.000000,0.000000,0,0,0,0,0,0,0,0,0,0,0,26,0,24,124.2445094629567,4.811680992133915,981.8212980171666,5449.2307692307695
1781632015,25,GET,/feed/{user_id},0.000000,0.000000,12,22,25,27,100,100,100,100,100,100,100,33,0,15,35.04066333125317,3.94678398151882,160.8127400104422,6514.69696969697
1781632015,25,POST,/likes,0.000000,0.000000,65,65,65,65,65,65,65,65,65,65,65,1,0,65.06649701623246,65.06649701623246,65.06649701623246,65.06649701623246,180.0
1781632015,25,POST,/posts,0.000000,0.000000,0,0,0,0,0,0,0,0,0,0,0,2,0,4,13.457933004247025,3.6408159940037876,23.27505001449026,227.0
1781632015,25,GET,/timeline/{user_id},0.000000,0.000000,1000,1200,1300,1300,1300,1300,1300,1300,1300,1300,1300,15,0,980.0,884.6780001360457,337.7865900110919,1336.6008739976678,5004.333333333333
1781632015,25,GET,/users/{user_id},0.000000,0.000000,9,9,56,56,56,56,56,56,56,56,56,5,0,9,18.195903807645664,4.811680992133915,55.91781699331477,266.4
1781632015,25,,Aggregated,0.000000,0.000000,27,420,780,980,1300,1300,1300,1300,1300,1300,1300,56,0,24,260.8834602506249,3.6408159940037876,1336.6008739976678,5214.571428571428
1781632016,25,GET,/feed/{user_id},14.000000,0.000000,13,22,25,27,100,100,170,170,170,170,170,35,0,15,38.3487386554147,3.94678398151882,169.29394099861383,6689.457142857143
1781632016,25,GET,/feed/{user_id}?with_fof=true,0.000000,0.000000,0,0,0,0,0,0,0,0,0,0,0,4,0,2600.0,2688.5733595045167,2551.618434023112,2807.072221999988,11708.5
1781632016,25,POST,/likes,1.000000,0.000000,65,65,65,65,65,65,65,65,65,65,65,1,0,65.06649701623246,65.06649701623246,65.06649701623246,65.06649701623246,180.0
1781632016,25,POST,/posts,0.000000,0.000000,6,6,6,6,6,6,6,6,6,6,6,3,0,6,10.92839067374977,3.6408159940037876,23.27505001449026,226.66666666666666
1781632016,25,GET,/timeline/{user_id},1.000000,0.000000,1200,1300,1300,1400,1600,1600,1600,1600,1600,1600,1600,19,0,1200.0,1012.5910818445079,337.7865900110919,1642.5433520053048,5021.263157894737
1781632016,25,GET,/users/{user_id},2.000000,0.000000,12,14,14,56,56,56,56,56,56,56,56,7,0,12,16.729912292378554,4.811680992133915,55.91781699331477,265.2857142857143
1781632016,25,,Aggregated,18.000000,0.000000,77,780,1200,1300,1600,2600,2800,2800,2800,2800,2800,69,0,27,457.25638987083136,3.6408159940037876,2807.072221999988,5494.0
1781632017,25,GET,/feed/{user_id},13.500000,0.000000,14,21,25,31,85,100,170,170,170,170,170,48,0,14,34.52341177156389,3.94678398151882,169.29394099861383,6429.375
1781632017,25,GET,/feed/{user_id}?with_fof=true,0.000000,0.000000,0,0,0,0,0,0,0,0,0,0,0,6,0,2800.0,2749.5243753364775,2551.618434023112,2906.309006997617,11711.5
1781632017,25,POST,/likes,0.500000,0.000000,16,16,65,65,65,65,65,65,65,65,65,3,0,16,29.67976401365983,8.37052401038818,65.06649701623246,178.66666666666666
1781632017,25,POST,/posts,1.000000,0.000000,6,6,14,14,14,14,14,14,14,14,14,5,0,6,10.339508607285097,3.6408159940037876,23.27505001449026,226.4
1781632017,25,GET,/timeline/{user_id},5.500000,0.000000,1400,1600,1600,1600,1700,1700,1700,1700,1700,1700,1700,30,0,1300.0,1233.2725464676817,337.7865900110919,1684.005997987697,5276.3
1781632017,25,GET,/users/{user_id},2.500000,0.000000,9,12,14,14,56,56,56,56,56,56,56,9,0,9,14.15871433629137,4.005000984761864,55.91781699331477,264.77777777777777
1781632017,25,,Aggregated,23.000000,0.000000,56,980,1400,1600,1700,2600,2800,2900,2900,2900,2900,101,0,27,548.718927477113,3.6408159940037876,2906.309006997617,5358.60396039604
1781632018,25,GET,/feed/{user_id},11.333333,0.000000,13,18,25,31,100,130,170,170,170,170,170,53,0,14,34.351706397192515,3.94678398151882,169.29394099861383,6076.811320754717
1781632018,25,GET,/feed/{user_id}?with_fof=true,0.000000,0.000000,2800,2800,2900,2900,3100,3100,3100,3100,3100,3100,3100,7,0,2800.0,2803.31997185879,2551.618434023112,3126.093550992664,11580.0
1781632018,25,POST,/likes,0.333333,0.000000,16,16,65,65,65,65,65,65,65,65,65,3,0,16,29.67976401365983,8.37052401038818,65.06649701623246,178.66666666666666
1781632018,25,POST,/posts,1.000000,0.000000,11,11,14,14,14,14,14,14,14,14,14,6,0,6,10.461514175403863,3.6408159940037876,23.27505001449026,226.33333333333334
1781632018,25,GET,/timeline/{user_id},6.000000,0.000000,1400,1600,1600,1600,1700,1700,1700,1700,1700,1700,1700,33,0,1400.0,1237.8252585758948,337.7865900110919,1736.904830991989,5247.757575757576
1781632018,25,GET,/users/{user_id},2.333333,0.000000,9,12,14,14,56,56,56,56,56,56,56,9,0,9,14.15871433629137,4.005000984761864,55.91781699331477,264.77777777777777
1781632018,25,,Aggregated,21.000000,0.000000,56,980,1400,1600,1700,2800,2900,3100,3100,3100,3100,111,0,27,563.7058610917774,3.6408159940037876,3126.093550992664,5230.486486486487
1781632019,25,GET,/feed/{user_id},10.750000,0.000000,13,17,23,27,84,100,130,170,170,170,170,65,0,14,31.653148369738258,3.94678398151882,169.29394099861383,5832.815384615385
1781632019,25,GET,/feed/{user_id}?with_fof=true,1.500000,0.000000,2800,2900,3000,3100,3100,3600,3600,3600,3600,3600,3600,13,0,2800.0,2870.2082023843946,2551.618434023112,3603.117499005748,11355.384615384615
1781632019,25,POST,/likes,0.250000,0.000000,16,16,65,65,65,65,65,65,65,65,65,3,0,16,29.67976401365983,8.37052401038818,65.06649701623246,178.66666666666666
1781632019,25,POST,/posts,1.000000,0.000000,11,11,14,14,14,14,14,14,14,14,14,6,0,6,10.461514175403863,3.6408159940037876,23.27505001449026,226.33333333333334
1781632019,25,GET,/timeline/{user_id},7.000000,0.000000,1600,1600,1700,1700,1700,1800,1900,1900,1900,1900,1900,41,0,1600.0,1298.2199919990708,300.90949599980377,1891.674114012858,5328.09756097561
1781632019,25,GET,/users/{user_id},2.250000,0.000000,9,12,14,14,56,56,56,56,56,56,56,9,0,9,14.15871433629137,4.005000984761864,55.91781699331477,264.77777777777777
1781632019,25,,Aggregated,22.750000,0.000000,82,1300,1600,1600,2600,2800,3100,3100,3600,3600,3600,137,0,44,677.9300565920587,3.6408159940037876,3603.117499005748,5470.671532846715
1781632020,25,GET,/feed/{user_id},10.000000,0.000000,13,17,22,25,84,100,130,170,170,170,170,72,0,14,29.7894175560537,3.94678398151882,169.29394099861383,5927.152777777777
1781632020,25,GET,/feed/{user_id}?with_fof=true,1.200000,0.000000,2900,3100,3100,3200,3600,3700,3700,3700,3700,3700,3700,17,0,2900.0,2974.1508592354985,2551.618434023112,3685.6617069861386,11324.411764705883
1781632020,25,POST,/likes,0.600000,0.000000,16,16,65,65,65,65,65,65,65,65,65,3,0,16,29.67976401365983,8.37052401038818,65.06649701623246,178.66666666666666
1781632020,25,POST,/posts,1.200000,0.000000,11,11,11,14,14,14,14,14,14,14,14,7,0,11,10.598458437016234,3.6408159940037876,23.27505001449026,226.42857142857142
1781632020,25,GET,/timeline/{user_id},6.400000,0.000000,1600,1600,1700,1700,1700,1700,1900,1900,1900,1900,1900,47,0,1600.0,1308.2949592746754,300.90949599980377,1891.674114012858,5517.595744680851
1781632020,25,GET,/users/{user_id},1.800000,0.000000,9,9,12,14,56,56,56,56,56,56,56,11,0,9,13.091786092528226,4.005000984761864,55.91781699331477,264.8181818181818
1781632020,25,,Aggregated,21.200000,0.000000,82,1300,1600,1700,2700,3000,3400,3600,3700,3700,3700,157,0,44,729.315311497242,3.6408159940037876,3685.6617069861386,5628.222929936306
1781632021,25,GET,/feed/{user_id},9.333333,0.000000,13,16,22,25,82,100,130,170,170,170,170,82,0,13,28.22910148860523,3.94678398151882,169.29394099861383,6144.280487804878
1781632021,25,GET,/feed/{user_id}?with_fof=true,2.000000,0.000000,3000,3100,3100,3200,3400,3600,3700,3700,3700,3700,3700,23,0,3000.0,2962.240482521061,2551.618434023112,3685.6617069861386,11409.0
1781632021,25,POST,/likes,0.500000,0.000000,16,16,65,65,65,65,65,65,65,65,65,4,0,8,23.86471300997073,6.4195599989034235,65.06649701623246,179.0
1781632021,25,POST,/posts,1.000000,0.000000,11,11,11,14,14,14,14,14,14,14,14,7,0,11,10.598458437016234,3.6408159940037876,23.27505001449026,226.42857142857142
1781632021,25,GET,/timeline/{user_id},6.500000,0.000000,1600,1600,1700,1700,1700,1700,1900,1900,1900,1900,1900,51,0,1600.0,1292.8321966256572,300.90949599980377,1891.674114012858,5620.64705882353
1781632021,25,GET,/users/{user_id},1.500000,0.000000,9,12,12,12,14,56,56,56,56,56,56,13,0,9,12.426387001491653,4.005000984761864,55.91781699331477,265.0
1781632021,25,,Aggregated,20.833333,0.000000,77,1300,1600,1700,2800,3000,3300,3600,3700,3700,3700,180,0,35,759.5108363337608,3.6408159940037876,3685.6617069861386,5881.316666666667
1781632022,25,GET,/feed/{user_id},9.857143,0.000000,13,15,21,25,77,100,130,170,170,170,170,94,0,13,26.84478098935289,3.844060003757477,169.29394099861383,5941.010638297872
1781632022,25,GET,/feed/{user_id}?with_fof=true,2.000000,0.000000,3000,3100,3100,3200,3400,3600,3700,3700,3700,3700,3700,27,0,3000.0,2953.7184217403624,2314.4027710077353,3685.6617069861386,11026.888888888889
1781632022,25,POST,/likes,0.428571,0.000000,8,16,16,65,65,65,65,65,65,65,65,5,0,8,20.359945006202906,6.340872991131619,65.06649701623246,179.0
1781632022,25,POST,/posts,1.000000,0.000000,9,11,11,12,14,14,14,14,14,14,14,11,0,9,9.818871733097529,3.6408159940037876,23.27505001449026,226.45454545454547
1781632022,25,GET,/timeline/{user_id},6.000000,0.000000,1600,1600,1700,1700,1700,1800,1800,1900,1900,1900,1900,57,0,1600.0,1316.2291804726824,300.90949599980377,1891.674114012858,5561.561403508772
1781632022,25,GET,/users/{user_id},1.571429,0.000000,9,12,12,12,14,56,56,56,56,56,56,15,0,9,12.098325069140023,4.005000984761864,55.91781699331477,264.6
1781632022,25,,Aggregated,20.857143,0.000000,35,1300,1600,1700,2800,3100,3300,3600,3700,3700,3700,209,0,31,754.498336253895,3.6408159940037876,3685.6617069861386,5648.540669856459
1781632023,25,GET,/feed/{user_id},9.500000,0.000000,13,16,21,23,47,85,130,170,170,170,170,105,0,14,25.83359066685218,3.844060003757477,169.29394099861383,6029.190476190476
1781632023,25,GET,/feed/{user_id}?with_fof=true,2.500000,0.000000,3000,3100,3100,3200,3400,3600,3700,3700,3700,3700,3700,33,0,3000.0,2905.0112477561925,2290.6717779987957,3685.6617069861386,11099.666666666666
1781632023,25,POST,/likes,0.500000,0.000000,11,11,16,16,65,65,65,65,65,65,65,6,0,8,18.82268716872204,6.340872991131619,65.06649701623246,179.0
1781632023,25,POST,/posts,0.875000,0.000000,9,11,11,12,14,14,14,14,14,14,14,11,0,9,9.818871733097529,3.6408159940037876,23.27505001449026,226.45454545454547
1781632023,25,GET,/timeline/{user_id},6.250000,0.000000,1600,1600,1700,1700,1700,1800,1800,1900,1900,1900,1900,61,0,1600.0,1313.8366867530497,300.90949599980377,1891.674114012858,5517.6557377049185
1781632023,25,GET,/users/{user_id},1.500000,0.000000,9,12,12,14,56,60,60,60,60,60,60,17,0,9,14.887933708343875,4.005000984761864,59.92493100347929,264.4117647058824
1781632023,25,,Aggregated,21.125000,0.000000,35,1300,1600,1700,2800,3100,3300,3400,3700,3700,3700,233,0,31,769.0814363649275,3.6408159940037876,3685.6617069861386,5768.201716738197
1781632024,25,GET,/feed/{user_id},9.777778,0.000000,13,16,17,22,39,82,130,170,170,170,170,108,0,13,25.434313611185644,3.844060003757477,169.29394099861383,6065.388888888889
1781632024,25,GET,/feed/{user_id}?with_fof=true,2.666667,0.000000,2900,3100,3100,3200,3400,3600,3700,3700,3700,3700,3700,35,0,2900.0,2866.3399441990937,1890.119418996619,3685.6617069861386,10803.171428571428
1781632024,25,POST,/likes,0.444444,0.000000,11,11,16,16,65,65,65,65,65,65,65,6,0,8,18.82268716872204,6.340872991131619,65.06649701623246,179.0
1781632024,25,POST,/posts,1.111111,0.000000,9,11,11,12,14,14,14,14,14,14,14,11,0,9,9.818871733097529,3.6408159940037876,23.27505001449026,226.45454545454547
1781632024,25,GET,/timeline/{user_id},5.888889,0.000000,1600,1600,1700,1700,1700,1800,1800,1900,1900,1900,1900,64,0,1600.0,1329.562793749119,300.90949599980377,1891.674114012858,5398.859375
1781632024,25,GET,/users/{user_id},1.555556,0.000000,10,12,12,12,14,60,60,60,60,60,60,20,0,9,13.880709353543352,4.005000984761864,59.92493100347929,263.7
1781632024,25,,Aggregated,21.444444,0.000000,35,1600,1700,1700,2800,3100,3400,3600,3700,3700,3700,244,0,27,773.1941828527345,3.6408159940037876,3685.6617069861386,5686.63524590164
1781632025,25,GET,/feed/{user_id},9.900000,0.000000,13,15,17,22,44,82,96,130,130,130,130,117,0,13,25.544277641078473,3.844060003757477,169.29394099861383,6036.615384615385
1781632025,25,GET,/feed/{user_id}?with_fof=true,3.000000,0.000000,2800,3000,3100,3200,3300,3400,3700,3700,3700,3700,3700,43,0,2800.0,2806.7370354418567,1464.3273820111062,3685.6617069861386,10715.697674418605
1781632025,25,POST,/likes,0.600000,0.000000,8,11,11,16,16,16,16,16,16,16,16,6,0,8,18.82268716872204,6.340872991131619,65.06649701623246,179.0
1781632025,25,POST,/posts,1.100000,0.000000,11,11,12,12,14,14,14,14,14,14,14,11,0,9,9.818871733097529,3.6408159940037876,23.27505001449026,226.45454545454547
1781632025,25,GET,/timeline/{user_id},6.000000,0.000000,1600,1700,1700,1700,1700,1800,1800,1900,1900,1900,1900,73,0,1600.0,1371.928217616299,300.90949599980377,1891.674114012858,5272.397260273972
1781632025,25,GET,/users/{user_id},1.700000,0.000000,10,11,12,12,60,62,62,62,62,62,62,23,0,10,15.550484916235765,4.005000984761864,61.57725799130276,263.9130434782609
1781632025,25,,Aggregated,22.300000,0.000000,62,1600,1700,1900,2800,3100,3300,3400,3700,3700,3700,273,0,44,822.006365418116,3.6408159940037876,3685.6617069861386,5720.069597069597
1781632026,25,GET,/feed/{user_id},9.300000,0.000000,13,15,17,22,44,82,96,130,130,130,130,120,0,13,25.207278341501176,3.844060003757477,169.29394099861383,6029.05
1781632026,25,GET,/feed/{user_id}?with_fof=true,3.400000,0.000000,2800,3100,3200,3200,3300,3400,3700,3700,3700,3700,3700,47,0,2800.0,2785.88480440444,1464.3273820111062,3685.6617069861386,10555.553191489362
1781632026,25,POST,/likes,0.500000,0.000000,11,11,16,16,16,16,16,16,16,16,16,7,0,11,18.424659144199854,6.340872991131619,65.06649701623246,179.0
1781632026,25,POST,/posts,1.100000,0.000000,9,11,11,11,12,12,12,12,12,12,12,11,0,9,9.818871733097529,3.6408159940037876,23.27505001449026,226.45454545454547
1781632026,25,GET,/timeline/{user_id},6.200000,0.000000,1600,1700,1700,1700,1800,1800,1900,1900,1900,1900,1900,78,0,1600.0,1360.8638766279164,300.90949599980377,1891.674114012858,5281.102564102564
1781632026,25,GET,/users/{user_id},1.500000,0.000000,10,12,12,12,62,66,66,66,66,66,66,25,0,10,17.409642002312467,4.005000984761864,65.63021999318153,263.84
1781632026,25,,Aggregated,22.000000,0.000000,60,1600,1700,1900,3000,3200,3400,3600,3700,3700,3700,288,0,56,836.0453570767277,3.6408159940037876,3685.6617069861386,5700.913194444444
1781632027,25,GET,/feed/{user_id},8.400000,0.000000,12,15,17,22,39,60,84,96,96,96,96,125,0,13,24.954460135893896,3.844060003757477,169.29394099861383,6085.44
1781632027,25,GET,/feed/{user_id}?with_fof=true,4.100000,0.000000,2800,3100,3200,3200,3300,3400,3700,3700,3700,3700,3700,50,0,2800.0,2775.773580839741,1464.3273820111062,3685.6617069861386,10621.0
1781632027,25,POST,/likes,0.500000,0.000000,11,11,16,16,16,16,16,16,16,16,16,7,0,11,18.424659144199854,6.340872991131619,65.06649701623246,179.0
1781632027,25,POST,/posts,0.900000,0.000000,9,11,11,11,12,12,12,12,12,12,12,11,0,9,9.818871733097529,3.6408159940037876,23.27505001449026,226.45454545454547
1781632027,25,GET,/timeline/{user_id},5.900000,0.000000,1600,1700,1700,1700,1700,1800,1800,1900,1900,1900,1900,86,0,1600.0,1372.0926241969505,300.90949599980377,1891.674114012858,5316.290697674419
1781632027,25,GET,/users/{user_id},1.600000,0.000000,11,12,12,12,62,66,66,66,66,66,66,27,0,10,16.833764372643568,4.005000984761864,65.63021999318153,263.6296296296296
1781632027,25,,Aggregated,21.400000,0.000000,84,1600,1700,2300,3000,3200,3400,3600,3700,3700,3700,306,0,60,851.632170199498,3.6408159940037876,3685.6617069861386,5750.9575163398695
1781632028,25,GET,/feed/{user_id},8.500000,0.000000,13,16,20,24,43,75,96,130,130,130,130,130,0,14,25.588881830872896,3.844060003757477,169.29394099861383,6160.138461538461
1781632028,25,GET,/feed/{user_id}?with_fof=true,4.500000,0.000000,2700,3000,3200,3200,3300,3400,3700,3700,3700,3700,3700,54,0,2800.0,2783.2610862215342,1464.3273820111062,3685.6617069861386,10704.37037037037
1781632028,25,POST,/likes,0.600000,0.000000,11,11,16,16,16,16,16,16,16,16,16,7,0,11,18.424659144199854,6.340872991131619,65.06649701623246,179.0
1781632028,25,POST,/posts,0.800000,0.000000,11,11,12,12,62,62,62,62,62,62,62,12,0,9,14.130090004376447,3.6408159940037876,61.55349098844454,226.58333333333334
1781632028,25,GET,/timeline/{user_id},5.600000,0.000000,1600,1700,1700,1700,1700,1800,1800,1800,1800,1800,1800,89,0,1600.0,1384.561755842257,300.90949599980377,1891.674114012858,5341.966292134832
1781632028,25,GET,/users/{user_id},1.800000,0.000000,11,12,12,12,62,66,66,66,66,66,66,29,0,10,16.331285311527356,4.005000984761864,65.63021999318153,263.51724137931035
1781632028,25,,Aggregated,21.800000,0.000000,62,1600,1700,1900,2700,3200,3300,3400,3700,3700,3700,321,0,62,864.8622758007272,3.6408159940037876,3685.6617069861386,5812.781931464175
1781632029,25,GET,/feed/{user_id},8.000000,0.000000,14,16,23,25,47,75,110,130,130,130,130,135,0,14,26.09155359268361,3.844060003757477,169.29394099861383,6168.133333333333
1781632029,25,GET,/feed/{user_id}?with_fof=true,4.200000,0.000000,2700,3100,3200,3200,3300,3400,3700,3700,3700,3700,3700,60,0,2800.0,2788.2992927829036,1464.3273820111062,3685.6617069861386,10806.883333333333
1781632029,25,POST,/likes,0.600000,0.000000,6,11,11,16,16,16,16,16,16,16,16,8,0,8,16.62088500233949,3.994466009316966,65.06649701623246,178.75
1781632029,25,POST,/posts,0.700000,0.000000,11,12,12,17,62,62,62,62,62,62,62,15,0,11,13.972492067841813,3.6408159940037876,61.55349098844454,226.53333333333333
1781632029,25,GET,/timeline/{user_id},5.200000,0.000000,1600,1700,1700,1700,1800,1900,1900,1900,1900,1900,1900,94,0,1600.0,1409.8313133504137,300.90949599980377,1939.4658879900817,5338.86170212766
1781632029,25,GET,/users/{user_id},1.700000,0.000000,11,12,12,12,62,66,66,66,66,66,66,31,0,10,15.862419968470931,4.005000984761864,65.63021999318153,263.35483870967744
1781632029,25,,Aggregated,20.400000,0.000000,130,1700,1800,2300,2900,3200,3400,3400,3700,3700,3700,343,0,65,886.81851381045,3.6408159940037876,3685.6617069861386,5819.113702623907
1781632030,25,GET,/feed/{user_id},7.800000,0.000000,12,15,17,24,47,96,120,130,130,130,130,155,0,13,24.862329244816436,3.844060003757477,169.29394099861383,6176.832258064516
1781632030,25,GET,/feed/{user_id}?with_fof=true,4.500000,0.000000,2700,3000,3100,3200,3300,3300,3400,3400,3400,3400,3400,68,0,2800.0,2766.0170702202936,880.0434949807823,3685.6617069861386,10740.691176470587
1781632030,25,POST,/likes,0.400000,0.000000,6,11,11,16,16,16,16,16,16,16,16,8,0,8,16.62088500233949,3.994466009316966,65.06649701623246,178.75
1781632030,25,POST,/posts,0.500000,0.000000,12,12,17,17,62,62,62,62,62,62,62,15,0,11,13.972492067841813,3.6408159940037876,61.55349098844454,226.53333333333333
1781632030,25,GET,/timeline/{user_id},5.700000,0.000000,1600,1700,1700,1700,1800,1900,1900,1900,1900,1900,1900,98,0,1600.0,1404.4397203872404,300.90949599980377,1939.4658879900817,5375.469387755102
1781632030,25,GET,/users/{user_id},1.800000,0.000000,12,12,15,51,60,62,66,66,66,66,66,36,0,10,17.541374973209006,4.005000984761864,65.63021999318153,263.72222222222223
1781632030,25,,Aggregated,20.700000,0.000000,60,1600,1800,2300,2700,3100,3300,3300,3400,3400,3400,380,0,55,869.8735746472314,3.6408159940037876,3685.6617069861386,5865.510526315789
1781632031,25,GET,/feed/{user_id},7.600000,0.000000,12,15,23,25,44,96,120,130,130,130,130,167,0,13,24.35732629947632,3.844060003757477,169.29394099861383,6291.826347305389
1781632031,25,GET,/feed/{user_id}?with_fof=true,4.200000,0.000000,2600,2900,3100,3200,3300,3300,3400,3400,3400,3400,3400,71,0,2800.0,2753.445710408055,880.0434949807823,3685.6617069861386,10782.338028169013
1781632031,25,POST,/likes,0.400000,0.000000,11,11,16,16,16,16,16,16,16,16,16,8,0,8,16.62088500233949,3.994466009316966,65.06649701623246,178.75
1781632031,25,POST,/posts,0.700000,0.000000,12,12,17,17,62,62,62,62,62,62,62,16,0,11,13.786918125333614,3.6408159940037876,61.55349098844454,226.5625
1781632031,25,GET,/timeline/{user_id},5.000000,0.000000,1600,1700,1700,1700,1800,1900,1900,1900,1900,1900,1900,104,0,1600.0,1381.3500742300955,300.90949599980377,1939.4658879900817,5423.375
1781632031,25,GET,/users/{user_id},2.000000,0.000000,12,12,15,15,60,62,66,66,66,66,66,40,0,11,17.008569475001423,4.005000984761864,65.63021999318153,263.925
1781632031,25,,Aggregated,19.900000,0.000000,60,1600,1700,2000,2700,3100,3300,3300,3400,3400,3400,406,0,44,847.9227270934447,3.6408159940037876,3685.6617069861386,5901.290640394089
1781632032,25,GET,/feed/{user_id},7.400000,0.000000,13,15,23,26,50,110,120,130,130,130,130,176,0,13,24.796678556826507,3.844060003757477,169.29394099861383,6372.630681818182
1781632032,25,GET,/feed/{user_id}?with_fof=true,5.100000,0.000000,2700,2900,3100,3200,3300,3300,3400,3400,3400,3400,3400,74,0,2800.0,2759.7197973239395,880.0434949807823,3685.6617069861386,10805.95945945946
1781632032,25,POST,/likes,0.500000,0.000000,11,11,16,16,16,16,16,16,16,16,16,8,0,8,16.62088500233949,3.994466009316966,65.06649701623246,178.75
1781632032,25,POST,/posts,0.800000,0.000000,12,17,17,17,62,62,62,62,62,62,62,17,0,11,13.948713646694909,3.6408159940037876,61.55349098844454,226.58823529411765
1781632032,25,GET,/timeline/{user_id},5.300000,0.000000,1600,1700,1700,1700,1800,1900,1900,1900,1900,1900,1900,109,0,1600.0,1377.7377370268603,300.90949599980377,1939.4658879900817,5459.495412844037
1781632032,25,GET,/users/{user_id},2.300000,0.000000,11,12,15,15,60,62,66,66,66,66,66,41,0,11,16.730478805029854,4.005000984761864,65.63021999318153,263.9268292682927
1781632032,25,,Aggregated,21.400000,0.000000,62,1600,1700,1900,2700,3100,3300,3300,3400,3400,3400,425,0,47,846.6186790751046,3.6408159940037876,3685.6617069861386,5958.616470588236
1781632033,25,GET,/feed/{user_id},8.600000,0.000000,13,16,24,28,60,110,120,130,130,130,130,180,0,13,25.139006788958795,3.844060003757477,169.29394099861383,6370.238888888889
1781632033,25,GET,/feed/{user_id}?with_fof=true,4.900000,0.000000,2700,2800,3100,3100,3300,3300,3400,3400,3400,3400,3400,76,0,2800.0,2757.804434368154,880.0434949807823,3685.6617069861386,10830.144736842105
1781632033,25,POST,/likes,0.400000,0.000000,15,15,16,16,16,16,16,16,16,16,16,9,0,11,16.421442000945618,3.994466009316966,65.06649701623246,178.66666666666666
1781632033,25,POST,/posts,0.900000,0.000000,12,17,17,17,62,62,62,62,62,62,62,17,0,11,13.948713646694909,3.6408159940037876,61.55349098844454,226.58823529411765
1781632033,25,GET,/timeline/{user_id},5.100000,0.000000,1600,1700,1700,1700,1800,1900,1900,1900,1900,1900,1900,114,0,1600.0,1392.6209017275444,300.90949599980377,1939.4658879900817,5486.622807017544
1781632033,25,GET,/users/{user_id},2.600000,0.000000,11,12,15,15,55,62,66,66,66,66,66,42,0,10,16.471501952591574,4.005000984761864,65.63021999318153,263.95238095238096
1781632033,25,,Aggregated,22.500000,0.000000,84,1600,1700,1900,2700,3100,3300,3300,3400,3400,3400,438,0,50,853.7754913765834,3.6408159940037876,3685.6617069861386,5962.91095890411
1781632034,25,GET,/feed/{user_id},8.500000,0.000000,13,16,24,28,50,110,120,130,130,130,130,193,0,13,24.89216160632361,3.844060003757477,169.29394099861383,6293.5077720207255
1781632034,25,GET,/feed/{user_id}?with_fof=true,4.900000,0.000000,2800,2900,3100,3100,3300,3300,3400,3400,3400,3400,3400,83,0,2800.0,2770.5160609270442,880.0434949807823,3685.6617069861386,10905.710843373494
1781632034,25,POST,/likes,0.400000,0.000000,15,15,16,16,16,16,16,16,16,16,16,9,0,11,16.421442000945618,3.994466009316966,65.06649701623246,178.66666666666666
1781632034,25,POST,/posts,0.700000,0.000000,12,13,17,17,62,62,62,62,62,62,62,19,0,11,13.598942104420674,3.6408159940037876,61.55349098844454,226.57894736842104
1781632034,25,GET,/timeline/{user_id},5.400000,0.000000,1600,1700,1700,1700,1800,1900,1900,1900,1900,1900,1900,122,0,1600.0,1409.9769757535273,300.90949599980377,1939.4658879900817,5481.860655737705
1781632034,25,GET,/users/{user_id},2.600000,0.000000,10,12,15,15,55,62,66,66,66,66,66,46,0,10,15.790683782973286,4.005000984761864,65.63021999318153,264.04347826086956
1781632034,25,,Aggregated,22.500000,0.000000,55,1600,1700,1900,2700,3100,3300,3300,3400,3400,3400,472,0,47,864.2092280103914,3.6408159940037876,3685.6617069861386,5946.328389830508
1781632035,25,GET,/feed/{user_id},8.000000,0.000000,14,20,28,35,84,110,120,130,130,130,130,203,0,14,25.728044172650286,3.844060003757477,169.29394099861383,6360.837438423645
1781632035,25,GET,/feed/{user_id}?with_fof=true,4.600000,0.000000,2700,2800,3100,3100,3300,3300,3400,3400,3400,3400,3400,87,0,2800.0,2774.9709503212675,880.0434949807823,3685.6617069861386,10939.83908045977
1781632035,25,POST,/likes,0.300000,0.000000,15,15,16,16,16,16,16,16,16,16,16,9,0,11,16.421442000945618,3.994466009316966,65.06649701623246,178.66666666666666
1781632035,25,POST,/posts,0.600000,0.000000,13,17,17,49,62,62,62,62,62,62,62,20,0,11,15.34610214876011,3.6408159940037876,61.55349098844454,226.55
1781632035,25,GET,/timeline/{user_id},5.200000,0.000000,1600,1700,1700,1800,1800,1900,1900,1900,1900,1900,1900,124,0,1600.0,1411.8970111125118,300.90949599980377,1939.4658879900817,5491.475806451613
1781632035,25,GET,/users/{user_id},2.400000,0.000000,10,12,12,15,15,51,55,55,55,55,55,46,0,10,15.790683782973286,4.005000984761864,65.63021999318153,264.04347826086956
1781632035,25,,Aggregated,21.100000,0.000000,60,1600,1700,1900,2700,3100,3300,3300,3400,3400,3400,489,0,51,864.8294100162582,3.6408159940037876,3685.6617069861386,6016.858895705522
1781632036,25,GET,/feed/{user_id},7.800000,0.000000,14,18,25,35,85,110,120,130,130,130,130,212,0,14,25.61181265120021,3.844060003757477,169.29394099861383,6379.547169811321
1781632036,25,GET,/feed/{user_id}?with_fof=true,4.700000,0.000000,2700,2900,3100,3100,3300,3300,3400,3400,3400,3400,3400,93,0,2800.0,2769.1467808918173,880.0434949807823,3685.6617069861386,10866.31182795699
1781632036,25,POST,/likes,0.300000,0.000000,15,15,16,16,16,16,16,16,16,16,16,9,0,11,16.421442000945618,3.994466009316966,65.06649701623246,178.66666666666666
1781632036,25,POST,/posts,0.600000,0.000000,13,17,17,49,62,62,62,62,62,62,62,20,0,11,15.34610214876011,3.6408159940037876,61.55349098844454,226.55
1781632036,25,GET,/timeline/{user_id},5.500000,0.000000,1600,1700,1700,1800,1800,1900,1900,1900,1900,1900,1900,130,0,1600.0,1403.0232997304456,300.90949599980377,1939.4658879900817,5497.707692307692
1781632036,25,GET,/users/{user_id},2.600000,0.000000,10,12,15,15,51,55,55,55,55,55,55,46,0,10,15.790683782973286,4.005000984761864,65.63021999318153,264.04347826086956
1781632036,25,,Aggregated,21.500000,0.000000,60,1600,1800,2300,2800,3100,3300,3300,3400,3400,3400,510,0,56,875.5577849901016,3.6408159940037876,3685.6617069861386,6070.623529411765
1781632037,25,GET,/feed/{user_id},8.800000,0.000000,14,18,28,33,84,100,120,120,120,120,120,226,0,14,25.71800804866449,3.844060003757477,169.29394099861383,6443.420353982301
1781632037,25,GET,/feed/{user_id}?with_fof=true,4.500000,0.000000,2800,2900,3100,3100,3300,3300,3400,3400,3400,3400,3400,99,0,2800.0,2763.080879171012,880.0434949807823,3685.6617069861386,10806.848484848484
1781632037,25,POST,/likes,0.300000,0.000000,15,15,15,15,15,15,15,15,15,15,15,9,0,11,16.421442000945618,3.994466009316966,65.06649701623246,178.66666666666666
1781632037,25,POST,/posts,0.900000,0.000000,12,13,17,17,49,62,62,62,62,62,62,23,0,11,13.94325404291284,2.8255750075913966,61.55349098844454,226.56521739130434
1781632037,25,GET,/timeline/{user_id},5.200000,0.000000,1600,1700,1700,1700,1800,1900,1900,1900,1900,1900,1900,138,0,1600.0,1398.2889170429848,290.53072500391863,1939.4658879900817,5444.340579710145
1781632037,25,GET,/users/{user_id},2.500000,0.000000,10,12,12,15,15,51,55,55,55,55,55,49,0,10,15.388245408646572,4.005000984761864,65.63021999318153,264.0
1781632037,25,,Aggregated,22.200000,0.000000,49,1500,1700,2000,2800,3100,3300,3300,3400,3400,3400,544,0,56,870.4846677479402,2.8255750075913966,3685.6617069861386,6060.965073529412
1781632038,25,GET,/feed/{user_id},8.900000,0.000000,13,16,24,31,79,97,110,120,120,120,120,235,0,13,25.181005919163926,3.844060003757477,169.29394099861383,6495.663829787234
1781632038,25,GET,/feed/{user_id}?with_fof=true,4.400000,0.000000,2700,2900,3100,3100,3300,3300,3400,3400,3400,3400,3400,100,0,2700.0,2760.7098299692734,880.0434949807823,3685.6617069861386,10815.33
1781632038,25,POST,/likes,0.200000,0.000000,4,4,15,15,15,15,15,15,15,15,15,10,0,8,15.162286700797267,3.8298889994621277,65.06649701623246,178.8
1781632038,25,POST,/posts,0.900000,0.000000,10,11,13,17,17,49,49,49,49,49,49,26,0,10,13.166726269096566,2.8255750075913966,61.55349098844454,226.53846153846155
1781632038,25,GET,/timeline/{user_id},5.300000,0.000000,1600,1700,1700,1700,1800,1900,1900,1900,1900,1900,1900,145,0,1600.0,1388.6688912610507,290.53072500391863,1939.4658879900817,5446.924137931034
1781632038,25,GET,/users/{user_id},2.100000,0.000000,10,12,15,15,51,55,74,74,74,74,74,51,0,10,16.465924922194258,4.005000984761864,74.08304000273347,263.921568627451
1781632038,25,,Aggregated,21.800000,0.000000,38,1500,1700,1900,2700,3100,3300,3300,3400,3400,3400,567,0,51,854.8134542183767,2.8255750075913966,3685.6617069861386,6029.9047619047615
1781632039,25,GET,/feed/{user_id},9.400000,0.000000,13,16,25,31,79,97,120,140,140,140,140,239,0,13,25.52425009627129,3.844060003757477,169.29394099861383,6548.744769874477
1781632039,25,GET,/feed/{user_id}?with_fof=true,4.600000,0.000000,2700,2800,3100,3100,3300,3300,3400,3400,3400,3400,3400,104,0,2800.0,2763.19463917249,880.0434949807823,3685.6617069861386,10815.64423076923
1781632039,25,POST,/likes,0.200000,0.000000,4,4,15,15,15,15,15,15,15,15,15,10,0,8,15.162286700797267,3.8298889994621277,65.06649701623246,178.8
1781632039,25,POST,/posts,0.900000,0.000000,9,11,13,13,17,49,49,49,49,49,49,26,0,10,13.166726269096566,2.8255750075913966,61.55349098844454,226.53846153846155
1781632039,25,GET,/timeline/{user_id},5.400000,0.000000,1600,1600,1700,1700,1700,1800,1800,1900,1900,1900,1900,150,0,1600.0,1388.934091711999,290.53072500391863,1939.4658879900817,5419.173333333333
1781632039,25,GET,/users/{user_id},2.100000,0.000000,10,12,15,15,55,74,74,74,74,74,74,51,0,10,16.465924922194258,4.005000984761864,74.08304000273347,263.921568627451
1781632039,25,,Aggregated,22.600000,0.000000,51,1500,1600,1700,2600,3000,3100,3300,3400,3400,3400,580,0,56,867.4937446979035,2.8255750075913966,3685.6617069861386,6075.8465517241375
1781632040,25,GET,/feed/{user_id},10.200000,0.000000,14,18,29,33,84,97,120,140,140,140,140,244,0,13,25.268190758413496,3.844060003757477,169.29394099861383,6563.30737704918
1781632040,25,GET,/feed/{user_id}?with_fof=true,4.900000,0.000000,2800,2900,3100,3100,3300,3300,3400,3400,3400,3400,3400,109,0,2800.0,2760.5377020642222,880.0434949807823,3685.6617069861386,10855.944954128441
1781632040,25,POST,/likes,0.300000,0.000000,15,15,21,21,21,21,21,21,21,21,21,11,0,11,15.710189274448732,3.8298889994621277,65.06649701623246,178.54545454545453
1781632040,25,POST,/posts,1.400000,0.000000,9,10,13,17,49,49,49,49,49,49,49,26,0,10,13.166726269096566,2.8255750075913966,61.55349098844454,226.53846153846155
1781632040,25,GET,/timeline/{user_id},5.300000,0.000000,1600,1600,1700,1700,1700,1800,1800,1900,1900,1900,1900,156,0,1600.0,1398.9398836397763,290.53072500391863,1939.4658879900817,5385.01282051282
1781632040,25,GET,/users/{user_id},2.300000,0.000000,9,10,12,12,15,74,74,74,74,74,74,53,0,10,16.135410188789532,3.676488995552063,74.08304000273347,264.0377358490566
1781632040,25,,Aggregated,24.400000,0.000000,85,1600,1700,1900,2700,3000,3100,3300,3400,3400,3400,599,0,60,879.2470678178289,2.8255750075913966,3685.6617069861386,6087.904841402337
1781632041,25,GET,/feed/{user_id},10.500000,0.000000,14,20,29,33,89,100,120,140,140,140,140,253,0,13,25.642661474416908,3.844060003757477,169.29394099861383,6603.379446640316
1781632041,25,GET,/feed/{user_id}?with_fof=true,4.800000,0.000000,2800,3000,3100,3100,3100,3300,3400,3400,3400,3400,3400,114,0,2800.0,2766.6480566751266,880.0434949807823,3685.6617069861386,10865.11403508772
1781632041,25,POST,/likes,0.300000,0.000000,15,15,21,21,21,21,21,21,21,21,21,11,0,11,15.710189274448732,3.8298889994621277,65.06649701623246,178.54545454545453
1781632041,25,POST,/posts,1.300000,0.000000,9,10,13,13,17,49,49,49,49,49,49,27,0,10,13.03463292640151,2.8255750075913966,61.55349098844454,226.5185185185185
1781632041,25,GET,/timeline/{user_id},5.700000,0.000000,1600,1700,1700,1700,1700,1800,1800,1900,1900,1900,1900,164,0,1600.0,1395.0855518281658,290.53072500391863,1939.4658879900817,5436.920731707317
1781632041,25,GET,/users/{user_id},2.200000,0.000000,9,10,10,12,12,74,74,74,74,74,74,54,0,10,15.909302277982029,3.676488995552063,74.08304000273347,264.037037037037
1781632041,25,,Aggregated,24.800000,0.000000,98,1600,1700,2300,2800,3100,3100,3300,3400,3400,3400,623,0,62,886.1370012967158,2.8255750075913966,3685.6617069861386,6136.871589085073
1781632042,25,GET,/feed/{user_id},9.800000,0.000000,14,21,31,33,91,100,120,140,140,140,140,261,0,13,26.123493988672628,3.844060003757477,169.29394099861383,6573.701149425287
1781632042,25,GET,/feed/{user_id}?with_fof=true,4.200000,0.000000,2800,3000,3100,3100,3300,3300,3400,3400,3400,3400,3400,116,0,2800.0,2772.096621991358,880.0434949807823,3685.6617069861386,10878.51724137931
1781632042,25,POST,/likes,0.200000,0.000000,15,15,21,21,21,21,21,21,21,21,21,11,0,11,15.710189274448732,3.8298889994621277,65.06649701623246,178.54545454545453
1781632042,25,POST,/posts,1.100000,0.000000,9,10,10,13,49,49,49,49,49,49,49,27,0,10,13.03463292640151,2.8255750075913966,61.55349098844454,226.5185185185185
1781632042,25,GET,/timeline/{user_id},5.900000,0.000000,1600,1600,1700,1700,1700,1800,1800,1900,1900,1900,1900,168,0,1600.0,1397.4978373620875,290.53072500391863,1939.4658879900817,5439.428571428572
1781632042,25,GET,/users/{user_id},1.900000,0.000000,9,10,12,12,13,74,74,74,74,74,74,56,0,10,15.638980892877694,3.676488995552063,74.08304000273347,264.125
1781632042,25,,Aggregated,23.100000,0.000000,98,1600,1700,1900,2800,3100,3200,3300,3400,3400,3400,639,0,64,883.5079919560325,2.8255750075913966,3685.6617069861386,6125.726134585289
1781632043,25,GET,/feed/{user_id},8.500000,0.000000,14,21,31,33,89,98,100,140,140,140,140,271,0,13,25.96306997803263,3.844060003757477,169.29394099861383,6564.461254612546
1781632043,25,GET,/feed/{user_id}?with_fof=true,4.200000,0.000000,2800,3000,3100,3100,3200,3300,3300,3300,3300,3300,3300,121,0,2800.0,2771.375325330666,880.0434949807823,3685.6617069861386,10912.347107438016
1781632043,25,POST,/likes,0.300000,0.000000,15,15,21,21,21,21,21,21,21,21,21,11,0,11,15.710189274448732,3.8298889994621277,65.06649701623246,178.54545454545453
1781632043,25,POST,/posts,1.100000,0.000000,9,10,10,13,49,49,49,49,49,49,49,27,0,10,13.03463292640151,2.8255750075913966,61.55349098844454,226.5185185185185
1781632043,25,GET,/timeline/{user_id},5.900000,0.000000,1600,1600,1600,1700,1700,1700,1700,1800,1800,1800,1800,180,0,1600.0,1402.6643279210678,290.53072500391863,1939.4658879900817,5385.683333333333
1781632043,25,GET,/users/{user_id},1.600000,0.000000,9,10,12,12,13,74,74,74,74,74,74,62,0,10,14.837085225266375,3.676488995552063,74.08304000273347,264.14516129032256
1781632043,25,,Aggregated,21.600000,0.000000,91,1600,1600,1700,2700,3000,3100,3300,3300,3300,3300,672,0,65,887.3461782884641,2.8255750075913966,3685.6617069861386,6091.135416666667
1781632044,25,GET,/feed/{user_id},8.400000,0.000000,13,20,29,34,98,100,140,140,140,140,140,278,0,13,26.744957626152367,3.844060003757477,169.29394099861383,6532.071942446043
1781632044,25,GET,/feed/{user_id}?with_fof=true,4.300000,0.000000,2800,3000,3100,3100,3100,3300,3300,3300,3300,3300,3300,124,0,2800.0,2776.776020169153,880.0434949807823,3685.6617069861386,10930.145161290322
1781632044,25,POST,/likes,0.300000,0.000000,7,7,21,21,21,21,21,21,21,21,21,12,0,8,14.967851251033911,3.8298889994621277,65.06649701623246,178.58333333333334
1781632044,25,POST,/posts,1.000000,0.000000,9,10,10,13,49,49,49,49,49,49,49,27,0,10,13.03463292640151,2.8255750075913966,61.55349098844454,226.5185185185185
1781632044,25,GET,/timeline/{user_id},6.100000,0.000000,1600,1600,1600,1700,1700,1700,1700,1800,1800,1800,1800,183,0,1600.0,1405.606526709219,290.53072500391863,1939.4658879900817,5397.0327868852455
1781632044,25,GET,/users/{user_id},1.400000,0.000000,9,10,12,12,13,74,85,85,85,85,85,64,0,10,15.781919390065013,3.676488995552063,85.28913199552335,264.140625
1781632044,25,,Aggregated,21.500000,0.000000,100,1600,1700,1700,2800,3000,3100,3200,3300,3300,3300,688,0,74,887.3879524038108,2.8255750075913966,3685.6617069861386,6081.504360465116
1781632045,25,GET,/feed/{user_id},8.500000,0.000000,13,20,31,42,98,100,140,140,140,140,140,285,0,13,26.680069614463207,3.844060003757477,169.29394099861383,6547.056140350877
1781632045,25,GET,/feed/{user_id}?with_fof=true,4.200000,0.000000,2800,2900,3000,3100,3100,3300,3300,3300,3300,3300,3300,128,0,2800.0,2768.164527835552,880.0434949807823,3685.6617069861386,10865.953125
1781632045,25,POST,/likes,0.200000,0.000000,7,7,21,21,21,21,21,21,21,21,21,12,0,8,14.967851251033911,3.8298889994621277,65.06649701623246,178.58333333333334
1781632045,25,POST,/posts,1.000000,0.000000,7,7,10,10,10,10,10,10,10,10,10,27,0,10,13.03463292640151,2.8255750075913966,61.55349098844454,226.5185185185185
1781632045,25,GET,/timeline/{user_id},6.000000,0.000000,1600,1600,1700,1700,1700,1700,1800,1800,1800,1800,1800,192,0,1600.0,1416.8669406188503,290.53072500391863,1939.4658879900817,5427.989583333333
1781632045,25,GET,/users/{user_id},1.800000,0.000000,10,12,12,13,53,74,85,85,85,85,85,67,0,10,16.69734123870105,3.676488995552063,85.28913199552335,264.089552238806
1781632045,25,,Aggregated,21.700000,0.000000,140,1600,1700,1700,2800,3000,3100,3200,3300,3300,3300,711,0,77,893.9769383528975,2.8255750075913966,3685.6617069861386,6082.8129395218
1781632046,25,GET,/feed/{user_id},8.900000,0.000000,13,19,29,34,98,100,140,140,140,140,140,295,0,14,26.541713173343343,3.844060003757477,169.29394099861383,6510.752542372881
1781632046,25,GET,/feed/{user_id}?with_fof=true,4.200000,0.000000,2800,2900,3000,3100,3100,3300,3300,3300,3300,3300,3300,132,0,2800.0,2760.583604726972,880.0434949807823,3685.6617069861386,10892.431818181818
1781632046,25,POST,/likes,0.200000,0.000000,15,15,21,21,21,21,21,21,21,21,21,13,0,11,14.94372230864918,3.8298889994621277,65.06649701623246,178.6153846153846
1781632046,25,POST,/posts,1.000000,0.000000,7,10,10,10,10,10,10,10,10,10,10,28,0,10,12.941235143184063,2.8255750075913966,61.55349098844454,226.53571428571428
1781632046,25,GET,/timeline/{user_id},6.300000,0.000000,1600,1600,1600,1700,1700,1700,1800,1800,1800,1800,1800,198,0,1600.0,1413.1749444382472,24.106113996822387,1939.4658879900817,5410.707070707071
1781632046,25,GET,/users/{user_id},2.100000,0.000000,10,12,13,47,53,74,85,85,85,85,85,71,0,10,16.726195662197146,3.676488995552063,85.28913199552335,264.0845070422535
1781632046,25,,Aggregated,22.700000,0.000000,98,1600,1600,1700,2700,3000,3100,3200,3300,3300,3300,737,0,66,887.0823108207695,2.8255750075913966,3685.6617069861386,6047.772048846676
1781632047,25,GET,/feed/{user_id},8.100000,0.000000,13,19,27,38,98,100,140,140,140,140,140,308,0,13,26.26990555224686,3.844060003757477,169.29394099861383,6427.272727272727
1781632047,25,GET,/feed/{user_id}?with_fof=true,4.100000,0.000000,2800,2900,3000,3100,3100,3300,3300,3300,3300,3300,3300,135,0,2800.0,2757.9749563256173,880.0434949807823,3685.6617069861386,10909.103703703704
1781632047,25,POST,/likes,0.300000,0.000000,10,15,15,15,21,21,21,21,21,21,21,16,0,10,14.01999531299225,3.8298889994621277,65.06649701623246,178.6875
1781632047,25,POST,/posts,0.700000,0.000000,10,10,10,10,10,10,10,10,10,10,10,28,0,10,12.941235143184063,2.8255750075913966,61.55349098844454,226.53571428571428
1781632047,25,GET,/timeline/{user_id},6.300000,0.000000,1600,1600,1600,1700,1700,1700,1700,1800,1800,1800,1800,203,0,1600.0,1417.5237316246548,24.106113996822387,1939.4658879900817,5427.137931034483
1781632047,25,GET,/users/{user_id},2.000000,0.000000,10,11,12,13,49,53,85,85,85,85,85,74,0,10,16.42961375693778,3.676488995552063,85.28913199552335,263.9594594594595
1781632047,25,,Aggregated,21.500000,0.000000,94,1500,1600,1700,2700,3000,3100,3200,3300,3300,3300,764,0,60,876.933944320531,2.8255750075913966,3685.6617069861386,5998.393979057591
1781632048,25,GET,/feed/{user_id},8.000000,0.000000,15,19,24,34,91,100,100,140,140,140,140,318,0,14,26.093569424760428,3.844060003757477,169.29394099861383,6425.547169811321
1781632048,25,GET,/feed/{user_id}?with_fof=true,4.300000,0.000000,2800,2900,3000,3100,3100,3300,3300,3300,3300,3300,3300,141,0,2800.0,2758.5072194394106,880.0434949807823,3685.6617069861386,10944.82269503546
1781632048,25,POST,/likes,0.400000,0.000000,15,15,15,15,21,21,21,21,21,21,21,16,0,10,14.01999531299225,3.8298889994621277,65.06649701623246,178.6875
1781632048,25,POST,/posts,0.700000,0.000000,10,10,10,10,10,10,10,10,10,10,10,29,0,10,12.769737758609498,2.8255750075913966,61.55349098844454,226.55172413793105
1781632048,25,GET,/timeline/{user_id},6.700000,0.000000,1600,1600,1600,1700,1700,1700,1700,1800,1800,1800,1800,208,0,1600.0,1409.8527171095507,24.106113996822387,1939.4658879900817,5429.682692307692
1781632048,25,GET,/users/{user_id},2.200000,0.000000,10,11,13,13,49,53,85,85,85,85,85,75,0,10,16.382162613638986,3.676488995552063,85.28913199552335,263.93333333333334
1781632048,25,,Aggregated,22.300000,0.000000,94,1600,1600,1700,2800,3000,3100,3200,3300,3300,3300,787,0,62,879.6949716554609,2.8255750075913966,3685.6617069861386,6029.405336721728
1781632049,25,GET,/feed/{user_id},8.400000,0.000000,15,20,31,38,91,100,100,140,140,140,140,324,0,14,26.026851654338024,3.844060003757477,169.29394099861383,6467.490740740741
1781632049,25,GET,/feed/{user_id}?with_fof=true,3.800000,0.000000,2800,3000,3000,3100,3100,3200,3300,3300,3300,3300,3300,148,0,2800.0,2748.630455932053,880.0434949807823,3685.6617069861386,10899.574324324325
1781632049,25,POST,/likes,0.600000,0.000000,15,15,15,15,21,21,21,21,21,21,21,16,0,10,14.01999531299225,3.8298889994621277,65.06649701623246,178.6875
1781632049,25,POST,/posts,0.800000,0.000000,10,10,10,10,10,10,10,10,10,10,10,29,0,10,12.769737758609498,2.8255750075913966,61.55349098844454,226.55172413793105
1781632049,25,GET,/timeline/{user_id},6.600000,0.000000,1600,1600,1600,1600,1700,1700,1700,1800,1800,1800,1800,215,0,1600.0,1404.0694993105717,24.106113996822387,1939.4658879900817,5382.725581395349
1781632049,25,GET,/users/{user_id},2.600000,0.000000,10,11,13,47,53,85,90,90,90,90,90,78,0,10,17.17875587219635,3.676488995552063,90.32415700494312,263.97435897435895
1781632049,25,,Aggregated,22.800000,0.000000,91,1600,1600,1700,2800,3000,3100,3200,3300,3300,3300,810,0,65,887.7031296836557,2.8255750075913966,3685.6617069861386,6044.332098765432
1781632050,25,GET,/feed/{user_id},8.300000,0.000000,15,17,27,38,87,100,100,140,140,140,140,331,0,14,25.827907507478056,3.844060003757477,169.29394099861383,6464.138972809667
1781632050,25,GET,/feed/{user_id}?with_fof=true,3.800000,0.000000,2800,2900,3000,3100,3100,3200,3200,3200,3200,3200,3200,149,0,2800.0,2745.8146592547832,880.0434949807823,3685.6617069861386,10906.221476510067
1781632050,25,POST,/likes,0.600000,0.000000,15,15,21,21,21,21,21,21,21,21,21,17,0,11,14.422432235305143,3.8298889994621277,65.06649701623246,178.64705882352942
1781632050,25,POST,/posts,0.400000,0.000000,10,10,10,10,10,10,10,10,10,10,10,29,0,10,12.769737758609498,2.8255750075913966,61.55349098844454,226.55172413793105
1781632050,25,GET,/timeline/{user_id},6.200000,0.000000,1600,1600,1600,1600,1700,1700,1800,1800,1800,1800,1800,220,0,1600.0,1409.214177926399,24.106113996822387,1939.4658879900817,5398.522727272727
1781632050,25,GET,/users/{user_id},2.400000,0.000000,10,11,13,47,65,85,90,90,90,90,90,80,0,10,17.610790250182617,3.676488995552063,90.32415700494312,263.9375
1781632050,25,,Aggregated,21.700000,0.000000,85,1500,1600,1700,2700,3000,3100,3100,3200,3200,3200,826,0,64,883.4466195166589,2.8255750075913966,3685.6617069861386,6032.753026634383
1781632051,25,GET,/feed/{user_id},8.200000,0.000000,15,19,27,38,87,100,130,140,140,140,140,338,0,14,26.200108476118846,3.844060003757477,169.29394099861383,6457.7278106508875
1781632051,25,GET,/feed/{user_id}?with_fof=true,4.100000,0.000000,2700,2900,3000,3100,3100,3200,3300,3300,3300,3300,3300,152,0,2800.0,2748.403792874581,880.0434949807823,3685.6617069861386,10920.743421052632
1781632051,25,POST,/likes,0.600000,0.000000,15,15,21,21,21,21,21,21,21,21,21,17,0,11,14.422432235305143,3.8298889994621277,65.06649701623246,178.64705882352942
1781632051,25,POST,/posts,0.300000,0.000000,10,10,10,10,10,10,10,10,10,10,10,29,0,10,12.769737758609498,2.8255750075913966,61.55349098844454,226.55172413793105
1781632051,25,GET,/timeline/{user_id},6.500000,0.000000,1600,1600,1600,1700,1700,1700,1800,1800,1800,1800,1800,225,0,1600.0,1415.0949836790096,24.106113996822387,1939.4658879900817,5413.622222222222
1781632051,25,GET,/users/{user_id},2.600000,0.000000,10,12,13,47,65,85,90,90,90,90,90,83,0,10,17.260619120445124,3.676488995552063,90.32415700494312,264.0120481927711
1781632051,25,,Aggregated,22.300000,0.000000,65,1600,1600,1700,2600,2900,3100,3100,3300,3300,3300,844,0,65,885.1392412791926,2.8255750075913966,3685.6617069861386,6033.471563981043
1781632052,25,GET,/feed/{user_id},8.800000,0.000000,14,16,20,33,82,100,130,140,140,140,140,356,0,13,25.735299716268017,3.844060003757477,169.29394099861383,6439.376404494382
1781632052,25,GET,/feed/{user_id}?with_fof=true,4.200000,0.000000,2700,2800,3000,3100,3100,3200,3300,3300,3300,3300,3300,160,0,2700.0,2741.436814237022,880.0434949807823,3685.6617069861386,10872.125
1781632052,25,POST,/likes,0.600000,0.000000,15,15,21,21,45,45,45,45,45,45,45,18,0,11,16.120751276806306,3.8298889994621277,65.06649701623246,178.77777777777777
1781632052,25,POST,/posts,0.300000,0.000000,10,10,10,11,11,11,11,11,11,11,11,31,0,10,12.587317225200334,2.8255750075913966,61.55349098844454,226.5483870967742
1781632052,25,GET,/timeline/{user_id},6.300000,0.000000,1600,1600,1600,1700,1700,1700,1800,1800,1800,1800,1800,229,0,1600.0,1418.0196247457052,24.106113996822387,1939.4658879900817,5407.890829694323
1781632052,25,GET,/users/{user_id},2.600000,0.000000,10,11,47,49,65,85,90,90,90,90,90,86,0,10,17.489550011516766,3.676488995552063,90.32415700494312,264.1162790697674
1781632052,25,,Aggregated,22.800000,0.000000,49,1600,1600,1700,2600,2900,3100,3200,3300,3300,3300,880,0,60,880.3439007973132,2.8255750075913966,3685.6617069861386,6026.5
1781632053,25,GET,/feed/{user_id},8.800000,0.000000,13,15,17,22,46,99,110,130,130,130,130,369,0,13,25.461130306064113,3.844060003757477,169.29394099861383,6465.016260162602
1781632053,25,GET,/feed/{user_id}?with_fof=true,3.900000,0.000000,2600,2900,3000,3100,3100,3200,3300,3300,3300,3300,3300,164,0,2700.0,2744.7065029690107,880.0434949807823,3685.6617069861386,10890.963414634147
1781632053,25,POST,/likes,0.600000,0.000000,15,15,21,21,45,45,45,45,45,45,45,19,0,15,16.055280368738366,3.8298889994621277,65.06649701623246,178.8421052631579
1781632053,25,POST,/posts,0.200000,0.000000,10,10,11,11,11,11,11,11,11,11,11,31,0,10,12.587317225200334,2.8255750075913966,61.55349098844454,226.5483870967742
1781632053,25,GET,/timeline/{user_id},6.200000,0.000000,1600,1600,1600,1700,1700,1700,1800,1800,1800,1800,1800,232,0,1600.0,1416.5874629041605,24.106113996822387,1939.4658879900817,5416.551724137931
1781632053,25,GET,/users/{user_id},2.700000,0.000000,10,12,47,49,57,65,90,90,90,90,90,87,0,10,17.363016126642602,3.676488995552063,90.32415700494312,264.1034482758621
1781632053,25,,Aggregated,22.400000,0.000000,39,1500,1600,1700,2600,3000,3100,3200,3300,3300,3300,902,0,56,876.2540515827337,2.8255750075913966,3685.6617069861386,6055.1518847006655
1781632054,25,GET,/feed/{user_id},8.700000,0.000000,13,16,18,22,52,98,110,130,130,130,130,380,0,13,25.503210339306143,3.844060003757477,169.29394099861383,6441.176315789474
1781632054,25,GET,/feed/{user_id}?with_fof=true,4.000000,0.000000,2600,2800,3000,3100,3100,3200,3300,3300,3300,3300,3300,170,0,2700.0,2729.634420858244,880.0434949807823,3685.6617069861386,10852.994117647058
1781632054,25,POST,/likes,0.700000,0.000000,15,15,21,21,45,45,45,45,45,45,45,19,0,15,16.055280368738366,3.8298889994621277,65.06649701623246,178.8421052631579
1781632054,25,POST,/posts,0.300000,0.000000,9,10,10,11,11,11,11,11,11,11,11,32,0,10,12.486095092754113,2.8255750075913966,61.55349098844454,226.5625
1781632054,25,GET,/timeline/{user_id},6.000000,0.000000,1600,1600,1600,1600,1700,1700,1800,1800,1800,1800,1800,237,0,1600.0,1417.3533217120623,24.106113996822387,1939.4658879900817,5371.995780590717
1781632054,25,GET,/users/{user_id},3.000000,0.000000,9,10,12,13,57,65,90,90,90,90,90,90,0,10,16.920114422100596,3.2889389840420336,90.32415700494312,264.06666666666666
1781632054,25,,Aggregated,22.700000,0.000000,33,1500,1600,1700,2600,2900,3100,3200,3300,3300,3300,928,0,56,874.8590780049136,2.8255750075913966,3685.6617069861386,6034.733836206897
1781632055,25,GET,/feed/{user_id},9.800000,0.000000,13,15,16,19,43,98,110,130,130,130,130,383,0,13,25.45450140713585,3.844060003757477,169.29394099861383,6444.159268929504
1781632055,25,GET,/feed/{user_id}?with_fof=true,4.400000,0.000000,2600,2800,2900,3000,3100,3200,3300,3300,3300,3300,3300,174,0,2700.0,2726.7352174648054,880.0434949807823,3685.6617069861386,10872.82183908046
1781632055,25,POST,/likes,0.700000,0.000000,15,15,21,21,45,45,45,45,45,45,45,19,0,15,16.055280368738366,3.8298889994621277,65.06649701623246,178.8421052631579
1781632055,25,POST,/posts,0.400000,0.000000,10,10,11,11,14,14,14,14,14,14,14,33,0,10,12.51930778733257,2.8255750075913966,61.55349098844454,226.54545454545453
1781632055,25,GET,/timeline/{user_id},5.900000,0.000000,1600,1600,1600,1600,1700,1700,1800,1800,1800,1800,1800,239,0,1600.0,1419.0642905889652,24.106113996822387,1939.4658879900817,5361.292887029289
1781632055,25,GET,/users/{user_id},2.700000,0.000000,10,10,12,13,57,65,90,90,90,90,90,90,0,10,16.920114422100596,3.2889389840420336,90.32415700494312,264.06666666666666
1781632055,25,,Aggregated,23.900000,0.000000,23,1500,1600,1700,2600,3000,3100,3200,3300,3300,3300,938,0,57,880.1688327404572,2.8255750075913966,3685.6617069861386,6051.143923240938
1781632056,25,GET,/feed/{user_id},10.200000,0.000000,13,15,16,22,52,98,110,130,130,130,130,399,0,13,25.265911007142464,3.844060003757477,169.29394099861383,6516.248120300752
1781632056,25,GET,/feed/{user_id}?with_fof=true,4.500000,0.000000,2600,2800,3000,3100,3200,3200,3300,3300,3300,3300,3300,179,0,2700.0,2730.051942719875,880.0434949807823,3685.6617069861386,10894.430167597766
1781632056,25,POST,/likes,0.800000,0.000000,21,21,45,45,45,45,45,45,45,45,45,19,0,15,16.055280368738366,3.8298889994621277,65.06649701623246,178.8421052631579
1781632056,25,POST,/posts,0.500000,0.000000,9,9,11,11,14,14,14,14,14,14,14,34,0,10,12.351370323278175,2.8255750075913966,61.55349098844454,226.5
1781632056,25,GET,/timeline/{user_id},5.500000,0.000000,1600,1600,1600,1700,1800,1800,1800,1800,1800,1800,1800,246,0,1600.0,1422.5668681292593,24.106113996822387,1939.4658879900817,5383.638211382114
1781632056,25,GET,/users/{user_id},2.600000,0.000000,6,10,12,13,65,90,90,90,90,90,90,93,0,10,16.573341257910254,3.2889389840420336,90.32415700494312,264.02150537634407
1781632056,25,,Aggregated,24.100000,0.000000,34,1600,1700,2200,2600,3000,3200,3200,3300,3300,3300,970,0,55,877.2970757252458,2.8255750075913966,3685.6617069861386,6092.901030927835
1781632057,25,GET,/feed/{user_id},10.000000,0.000000,14,16,19,27,58,99,130,130,130,130,130,412,0,13,25.410034725353803,3.844060003757477,169.29394099861383,6552.021844660194
1781632057,25,GET,/feed/{user_id}?with_fof=true,4.500000,0.000000,2700,2800,3000,3100,3200,3200,3300,3300,3300,3300,3300,186,0,2700.0,2737.969522257254,880.0434949807823,3685.6617069861386,10901.241935483871
1781632057,25,POST,/likes,0.700000,0.000000,21,21,45,45,45,45,45,45,45,45,45,19,0,15,16.055280368738366,3.8298889994621277,65.06649701623246,178.8421052631579
1781632057,25,POST,/posts,0.600000,0.000000,9,11,12,12,14,14,14,14,14,14,14,35,0,10,12.351550599227526,2.8255750075913966,61.55349098844454,226.4857142857143
1781632057,25,GET,/timeline/{user_id},5.400000,0.000000,1600,1600,1600,1700,1800,1800,1800,1800,1800,1800,1800,252,0,1600.0,1411.565582677588,24.106113996822387,1939.4658879900817,5390.9682539682535
1781632057,25,GET,/users/{user_id},2.400000,0.000000,6,10,12,13,57,65,90,90,90,90,90,97,0,10,16.67170392765817,3.2889389840420336,90.32415700494312,263.96907216494844
1781632057,25,,Aggregated,23.600000,0.000000,42,1500,1700,2200,2700,3000,3200,3200,3300,3300,3300,1001,0,55,876.9233787816274,2.8255750075913966,3685.6617069861386,6116.401598401599
1781632058,25,GET,/feed/{user_id},10.200000,0.000000,13,15,18,27,43,99,130,130,130,130,130,419,0,13,25.233696483943593,3.844060003757477,169.29394099861383,6558.073985680191
1781632058,25,GET,/feed/{user_id}?with_fof=true,4.500000,0.000000,2700,2900,3100,3100,3200,3200,3300,3300,3300,3300,3300,189,0,2700.0,2739.4638238775005,880.0434949807823,3685.6617069861386,10908.550264550264
1781632058,25,POST,/likes,0.600000,0.000000,21,21,45,45,45,45,45,45,45,45,45,19,0,15,16.055280368738366,3.8298889994621277,65.06649701623246,178.8421052631579
1781632058,25,POST,/posts,0.600000,0.000000,9,11,12,14,16,16,16,16,16,16,16,37,0,10,12.324124053152076,2.8255750075913966,61.55349098844454,226.51351351351352
1781632058,25,GET,/timeline/{user_id},5.100000,0.000000,1500,1600,1600,1600,1700,1800,1800,1800,1800,1800,1800,264,0,1600.0,1397.224391105159,24.106113996822387,1939.4658879900817,5445.261363636364
1781632058,25,GET,/users/{user_id},2.200000,0.000000,6,9,10,12,54,57,65,65,65,65,65,99,0,10,16.55069683828965,3.2889389840420336,90.32415700494312,263.92929292929296
1781632058,25,,Aggregated,23.200000,0.000000,39,1500,1600,1800,2600,3100,3200,3200,3300,3300,3300,1027,0,56,875.9477923031599,2.8255750075913966,3685.6617069861386,6119.772151898735
1781632059,25,GET,/feed/{user_id},10.500000,0.000000,13,15,18,25,60,110,130,130,130,130,130,427,0,13,25.338844397809765,3.844060003757477,169.29394099861383,6546.046838407494
1781632059,25,GET,/feed/{user_id}?with_fof=true,5.000000,0.000000,2700,2800,3000,3100,3200,3200,3300,3300,3300,3300,3300,191,0,2700.0,2737.7852766380856,880.0434949807823,3685.6617069861386,10903.48167539267
1781632059,25,POST,/likes,0.400000,0.000000,21,21,45,45,45,45,45,45,45,45,45,20,0,15,16.15910594991874,3.8298889994621277,65.06649701623246,178.9
1781632059,25,POST,/posts,0.600000,0.000000,11,12,14,16,19,19,19,19,19,19,19,39,0,10,12.384964717337144,2.8255750075913966,61.55349098844454,226.48717948717947
1781632059,25,GET,/timeline/{user_id},5.000000,0.000000,1500,1600,1600,1700,1700,1800,1800,1800,1800,1800,1800,269,0,1600.0,1399.800724040052,24.106113996822387,1939.4658879900817,5457.014869888476
1781632059,25,GET,/users/{user_id},2.300000,0.000000,6,7,9,10,15,54,57,57,57,57,57,100,0,9,16.430891460040584,3.2889389840420336,90.32415700494312,264.0
1781632059,25,,Aggregated,23.800000,0.000000,34,1400,1600,1800,2600,2900,3200,3200,3300,3300,3300,1046,0,56,872.593072706971,2.8255750075913966,3685.6617069861386,6103.704588910134
1781632060,25,GET,/feed/{user_id},10.200000,0.000000,13,15,16,25,58,99,130,130,130,130,130,433,0,13,25.19414139917985,3.844060003757477,169.29394099861383,6531.667436489607
1781632060,25,GET,/feed/{user_id}?with_fof=true,5.000000,0.000000,2700,2900,3100,3100,3200,3200,3300,3300,3300,3300,3300,196,0,2700.0,2737.77187277494,880.0434949807823,3685.6617069861386,10911.224489795919
1781632060,25,POST,/likes,0.300000,0.000000,18,18,45,45,45,45,45,45,45,45,45,20,0,15,16.15910594991874,3.8298889994621277,65.06649701623246,178.9
1781632060,25,POST,/posts,0.800000,0.000000,11,12,14,16,19,19,19,19,19,19,19,39,0,10,12.384964717337144,2.8255750075913966,61.55349098844454,226.48717948717947
1781632060,25,GET,/timeline/{user_id},5.400000,0.000000,1500,1600,1600,1700,1800,1800,1800,1900,1900,1900,1900,276,0,1600.0,1394.0896101005333,24.106113996822387,1939.4658879900817,5479.528985507246
1781632060,25,GET,/users/{user_id},2.400000,0.000000,6,9,10,12,54,57,57,57,57,57,57,101,0,9,16.352498841628726,3.2889389840420336,90.32415700494312,264.009900990099
1781632060,25,,Aggregated,24.100000,0.000000,39,1400,1600,1800,2700,3100,3200,3200,3300,3300,3300,1065,0,58,877.6890899562999,2.8255750075913966,3685.6617069861386,6120.411267605634
1781632061,25,GET,/feed/{user_id},10.300000,0.000000,13,15,18,25,43,98,110,120,130,130,130,445,0,13,25.103500437807668,3.844060003757477,169.29394099861383,6566.5348314606745
1781632061,25,GET,/feed/{user_id}?with_fof=true,4.800000,0.000000,2700,2900,3000,3100,3200,3200,3300,3300,3300,3300,3300,202,0,2700.0,2740.3679811034067,880.0434949807823,3685.6617069861386,10933.232673267326
1781632061,25,POST,/likes,0.300000,0.000000,18,18,45,45,45,45,45,45,45,45,45,20,0,15,16.15910594991874,3.8298889994621277,65.06649701623246,178.9
1781632061,25,POST,/posts,0.800000,0.000000,9,12,14,16,19,19,19,19,19,19,19,40,0,10,12.242357874492882,2.8255750075913966,61.55349098844454,226.475
1781632061,25,GET,/timeline/{user_id},5.300000,0.000000,1500,1600,1600,1700,1800,1800,1800,1900,1900,1900,1900,281,0,1600.0,1398.774556607651,24.106113996822387,1939.4658879900817,5450.1708185053385
1781632061,25,GET,/users/{user_id},2.200000,0.000000,6,8,9,10,54,57,57,57,57,57,57,102,0,9,16.282200519401837,3.2889389840420336,90.32415700494312,264.01960784313724
1781632061,25,,Aggregated,23.700000,0.000000,39,1400,1700,1900,2700,3000,3200,3200,3300,3300,3300,1090,0,57,880.967615753596,2.8255750075913966,3685.6617069861386,6148.335779816513
1781632062,25,GET,/feed/{user_id},10.000000,0.000000,14,16,22,27,71,98,120,130,130,130,130,461,0,14,25.35953918404255,3.844060003757477,169.29394099861383,6561.154013015184
1781632062,25,GET,/feed/{user_id}?with_fof=true,4.400000,0.000000,2700,2900,3000,3100,3200,3200,3400,3400,3400,3400,3400,204,0,2700.0,2744.7713631563065,880.0434949807823,3685.6617069861386,10940.254901960785
1781632062,25,POST,/likes,0.400000,0.000000,15,15,18,18,18,18,18,18,18,18,18,21,0,15,15.561739810176991,3.614417015342042,65.06649701623246,178.9047619047619
1781632062,25,POST,/posts,1.000000,0.000000,9,12,14,16,19,19,19,19,19,19,19,40,0,10,12.242357874492882,2.8255750075913966,61.55349098844454,226.475
1781632062,25,GET,/timeline/{user_id},5.400000,0.000000,1500,1600,1600,1700,1800,1800,1800,1900,1900,1900,1900,289,0,1600.0,1390.8895300648894,24.106113996822387,1939.4658879900817,5460.339100346021
1781632062,25,GET,/users/{user_id},2.100000,0.000000,7,9,10,11,15,54,54,54,54,54,54,106,0,9,16.005306122198544,3.2889389840420336,90.32415700494312,263.99056603773585
1781632062,25,,Aggregated,23.300000,0.000000,40,1400,1600,1800,2600,3000,3200,3200,3400,3400,3400,1121,0,56,870.7441865623815,2.8255750075913966,3685.6617069861386,6133.221231043711
1781632063,25,GET,/feed/{user_id},10.300000,0.000000,14,16,22,33,60,98,120,130,130,130,130,476,0,13,25.021498148809403,3.844060003757477,169.29394099861383,6583.792016806723
1781632063,25,GET,/feed/{user_id}?with_fof=true,4.800000,0.000000,2700,2900,3000,3100,3200,3200,3400,3400,3400,3400,3400,211,0,2700.0,2738.471439933091,880.0434949807823,3685.6617069861386,10964.881516587679
1781632063,25,POST,/likes,0.300000,0.000000,15,15,18,18,18,18,18,18,18,18,18,21,0,15,15.561739810176991,3.614417015342042,65.06649701623246,178.9047619047619
1781632063,25,POST,/posts,1.000000,0.000000,11,12,14,16,19,19,19,19,19,19,19,41,0,10,12.21379573121894,2.8255750075913966,61.55349098844454,226.4878048780488
1781632063,25,GET,/timeline/{user_id},5.600000,0.000000,1500,1600,1600,1700,1800,1800,1800,1900,1900,1900,1900,289,0,1600.0,1390.8895300648894,24.106113996822387,1939.4658879900817,5460.339100346021
1781632063,25,GET,/users/{user_id},2.000000,0.000000,7,9,11,12,15,54,58,58,58,58,58,110,0,9,16.143187154243194,3.2889389840420336,90.32415700494312,264.08181818181816
1781632063,25,,Aggregated,24.000000,0.000000,38,1500,1600,1800,2700,3000,3200,3200,3400,3400,3400,1148,0,51,866.1133221963667,2.8255750075913966,3685.6617069861386,6156.450348432056
1781632064,25,GET,/feed/{user_id},11.000000,0.000000,14,16,22,33,50,85,100,120,130,130,130,482,0,13,25.018459358588306,3.844060003757477,169.29394099861383,6592.846473029045
1781632064,25,GET,/feed/{user_id}?with_fof=true,4.800000,0.000000,2800,2900,3000,3000,3200,3200,3400,3400,3400,3400,3400,218,0,2700.0,2733.6922849307143,880.0434949807823,3685.6617069861386,10988.61009174312
1781632064,25,POST,/likes,0.300000,0.000000,15,15,18,18,18,18,18,18,18,18,18,21,0,15,15.561739810176991,3.614417015342042,65.06649701623246,178.9047619047619
1781632064,25,POST,/posts,1.000000,0.000000,11,12,14,16,19,19,19,19,19,19,19,41,0,10,12.21379573121894,2.8255750075913966,61.55349098844454,226.4878048780488
1781632064,25,GET,/timeline/{user_id},5.700000,0.000000,1500,1600,1600,1700,1800,1800,1800,1900,1900,1900,1900,293,0,1600.0,1389.4505899819885,24.106113996822387,1939.4658879900817,5470.897610921502
1781632064,25,GET,/users/{user_id},2.000000,0.000000,8,9,11,12,15,54,58,58,58,58,58,112,0,9,15.991568499625178,3.2889389840420336,90.32415700494312,264.0625
1781632064,25,,Aggregated,24.800000,0.000000,40,1500,1600,1900,2700,3000,3200,3200,3400,3400,3400,1167,0,53,872.092079026058,2.8255750075913966,3685.6617069861386,6185.826906598115
1781632065,25,GET,/feed/{user_id},10.900000,0.000000,14,16,22,33,60,90,120,120,130,130,130,493,0,13,25.048378005901988,3.844060003757477,169.29394099861383,6562.687626774848
1781632065,25,GET,/feed/{user_id}?with_fof=true,4.500000,0.000000,2800,2900,3000,3000,3200,3200,3400,3400,3400,3400,3400,219,0,2700.0,2733.5246717072246,880.0434949807823,3685.6617069861386,10992.694063926941
1781632065,25,POST,/likes,0.300000,0.000000,15,15,18,18,18,18,18,18,18,18,18,21,0,15,15.561739810176991,3.614417015342042,65.06649701623246,178.9047619047619
1781632065,25,POST,/posts,0.900000,0.000000,11,12,16,16,19,19,19,19,19,19,19,41,0,10,12.21379573121894,2.8255750075913966,61.55349098844454,226.4878048780488
1781632065,25,GET,/timeline/{user_id},5.800000,0.000000,1500,1600,1600,1700,1700,1800,1800,1900,1900,1900,1900,301,0,1600.0,1395.8022063481042,24.106113996822387,1939.4658879900817,5443.003322259136
1781632065,25,GET,/users/{user_id},2.300000,0.000000,8,9,11,12,15,54,58,58,58,58,58,112,0,9,15.991568499625178,3.2889389840420336,90.32415700494312,264.0625
1781632065,25,,Aggregated,24.700000,0.000000,39,1500,1600,1800,2700,2900,3200,3200,3400,3400,3400,1187,0,54,870.8894990771045,2.8255750075913966,3685.6617069861386,6169.980623420388
1781632066,25,GET,/feed/{user_id},10.200000,0.000000,13,15,22,25,60,100,120,130,130,130,130,498,0,13,24.988115214636125,3.844060003757477,169.29394099861383,6564.536144578313
1781632066,25,GET,/feed/{user_id}?with_fof=true,4.300000,0.000000,2800,2900,3000,3100,3200,3300,3400,3400,3400,3400,3400,224,0,2700.0,2737.4564683879207,880.0434949807823,3685.6617069861386,11000.392857142857
1781632066,25,POST,/likes,0.200000,0.000000,14,14,18,18,18,18,18,18,18,18,18,22,0,14,15.478998136875981,3.614417015342042,65.06649701623246,179.0
1781632066,25,POST,/posts,0.900000,0.000000,11,12,16,16,19,19,19,19,19,19,19,41,0,10,12.21379573121894,2.8255750075913966,61.55349098844454,226.4878048780488
1781632066,25,GET,/timeline/{user_id},5.500000,0.000000,1600,1600,1600,1700,1700,1800,1800,1900,1900,1900,1900,303,0,1600.0,1398.007464368936,24.106113996822387,1939.4658879900817,5447.194719471947
1781632066,25,GET,/users/{user_id},2.000000,0.000000,9,9,11,12,15,58,58,58,58,58,58,114,0,9,15.853536745437356,3.2889389840420336,90.32415700494312,264.06140350877195
1781632066,25,,Aggregated,23.100000,0.000000,50,1500,1700,1900,2700,3000,3200,3300,3400,3400,3400,1202,0,53,875.1074864996187,2.8255750075913966,3685.6617069861386,6178.913477537438
1781632067,25,GET,/feed/{user_id},10.800000,0.000000,13,16,22,25,69,90,100,120,120,120,120,517,0,13,25.074120622605168,3.844060003757477,169.29394099861383,6588.696324951644
1781632067,25,GET,/feed/{user_id}?with_fof=true,4.700000,0.000000,2600,2800,2900,3000,3200,3300,3400,3400,3400,3400,3400,230,0,2700.0,2733.456435712667,880.0434949807823,3685.6617069861386,11007.639130434784
1781632067,25,POST,/likes,0.200000,0.000000,14,14,18,18,18,18,18,18,18,18,18,22,0,14,15.478998136875981,3.614417015342042,65.06649701623246,179.0
1781632067,25,POST,/posts,0.800000,0.000000,11,12,16,16,19,19,19,19,19,19,19,41,0,10,12.21379573121894,2.8255750075913966,61.55349098844454,226.4878048780488
1781632067,25,GET,/timeline/{user_id},6.100000,0.000000,1600,1600,1700,1700,1800,1800,1800,1900,1900,1900,1900,312,0,1600.0,1397.9331125988094,24.106113996822387,1939.4658879900817,5456.653846153846
1781632067,25,GET,/users/{user_id},2.200000,0.000000,8,9,9,11,12,15,58,58,58,58,58,120,0,9,15.343803741416195,3.2889389840420336,90.32415700494312,264.09166666666664
1781632067,25,,Aggregated,24.800000,0.000000,43,1500,1700,1800,2600,2900,3200,3300,3400,3400,3400,1242,0,52,869.9645666180273,2.8255750075913966,3685.6617069861386,6188.006441223833
1781632068,25,GET,/feed/{user_id},10.500000,0.000000,13,16,22,25,69,90,100,100,120,120,120,530,0,13,25.109494149021558,3.844060003757477,169.29394099861383,6561.688679245283
1781632068,25,GET,/feed/{user_id}?with_fof=true,4.500000,0.000000,2600,2900,2900,3000,3200,3300,3400,3400,3400,3400,3400,234,0,2700.0,2733.9242081449897,880.0434949807823,3685.6617069861386,11019.662393162393
1781632068,25,POST,/likes,0.200000,0.000000,17,17,18,18,18,18,18,18,18,18,18,23,0,15,15.54399717386569,3.614417015342042,65.06649701623246,179.04347826086956
1781632068,25,POST,/posts,0.800000,0.000000,11,11,19,19,19,19,19,19,19,19,19,41,0,10,12.21379573121894,2.8255750075913966,61.55349098844454,226.4878048780488
1781632068,25,GET,/timeline/{user_id},5.600000,0.000000,1600,1700,1700,1700,1800,1800,1900,1900,1900,1900,1900,314,0,1600.0,1397.7018985822226,24.106113996822387,1939.4658879900817,5460.611464968153
1781632068,25,GET,/users/{user_id},2.300000,0.000000,7,9,9,9,12,12,58,58,58,58,58,122,0,9,15.212022811298441,3.2889389840420336,90.32415700494312,264.1311475409836
1781632068,25,,Aggregated,23.900000,0.000000,25,1500,1700,1800,2600,2900,3200,3300,3400,3400,3400,1264,0,51,866.0117382141489,2.8255750075913966,3685.6617069861386,6183.984177215189
1781632069,25,GET,/feed/{user_id},10.000000,0.000000,13,16,22,25,69,90,100,100,120,120,120,537,0,13,24.98442920105223,3.844060003757477,169.29394099861383,6574.912476722533
1781632069,25,GET,/feed/{user_id}?with_fof=true,4.400000,0.000000,2700,2900,2900,3000,3200,3400,3400,3400,3400,3400,3400,238,0,2700.0,2734.5751364197645,880.0434949807823,3685.6617069861386,11023.025210084033
1781632069,25,POST,/likes,0.300000,0.000000,14,17,17,18,18,18,18,18,18,18,18,24,0,14,15.262313666122887,3.614417015342042,65.06649701623246,179.04166666666666
1781632069,25,POST,/posts,0.700000,0.000000,8,11,11,19,19,19,19,19,19,19,19,42,0,10,12.077738213563515,2.8255750075913966,61.55349098844454,226.5
1781632069,25,GET,/timeline/{user_id},6.000000,0.000000,1600,1600,1700,1700,1800,1800,1800,1900,1900,1900,1900,322,0,1600.0,1398.6633412137928,24.106113996822387,1939.4658879900817,5452.990683229814
1781632069,25,GET,/users/{user_id},1.800000,0.000000,8,9,9,9,12,12,58,58,58,58,58,125,0,9,15.029655439779162,3.2889389840420336,90.32415700494312,264.032
1781632069,25,,Aggregated,23.200000,0.000000,33,1500,1700,1800,2600,2900,3200,3400,3400,3400,3400,1288,0,51,867.5212610890056,2.8255750075913966,3685.6617069861386,6177.705745341615
1781632070,25,GET,/feed/{user_id},11.200000,0.000000,13,16,22,33,71,95,100,110,120,120,120,540,0,13,25.086443359140066,3.844060003757477,169.29394099861383,6570.238888888889
1781632070,25,GET,/feed/{user_id}?with_fof=true,4.400000,0.000000,2600,2900,2900,3000,3200,3400,3400,3400,3400,3400,3400,241,0,2700.0,2732.59390105761,880.0434949807823,3685.6617069861386,11030.755186721992
1781632070,25,POST,/likes,0.400000,0.000000,14,14,17,17,17,17,17,17,17,17,17,24,0,14,15.262313666122887,3.614417015342042,65.06649701623246,179.04166666666666
1781632070,25,POST,/posts,0.400000,0.000000,11,11,16,16,16,16,16,16,16,16,16,43,0,10,12.169317209004793,2.8255750075913966,61.55349098844454,226.48837209302326
1781632070,25,GET,/timeline/{user_id},5.500000,0.000000,1600,1600,1700,1700,1700,1800,1800,1800,1800,1800,1800,331,0,1600.0,1401.1734333772106,24.106113996822387,1939.4658879900817,5443.664652567976
1781632070,25,GET,/users/{user_id},2.300000,0.000000,8,9,9,9,12,12,58,58,58,58,58,125,0,9,15.029655439779162,3.2889389840420336,90.32415700494312,264.032
1781632070,25,,Aggregated,24.200000,0.000000,43,1600,1700,1800,2600,2900,3200,3400,3400,3400,3400,1304,0,54,873.204370486674,2.8255750075913966,3685.6617069861386,6177.326687116564
1781632071,25,GET,/feed/{user_id},10.900000,0.000000,13,16,24,33,69,95,110,120,120,120,120,545,0,13,24.99889496862333,3.844060003757477,169.29394099861383,6557.16880733945
1781632071,25,GET,/feed/{user_id}?with_fof=true,4.700000,0.000000,2600,2800,2900,2900,3200,3400,3400,3400,3400,3400,3400,244,0,2700.0,2732.98773633163,880.0434949807823,3685.6617069861386,11034.852459016394
1781632071,25,POST,/likes,0.400000,0.000000,14,14,17,17,17,17,17,17,17,17,17,24,0,14,15.262313666122887,3.614417015342042,65.06649701623246,179.04166666666666
1781632071,25,POST,/posts,0.400000,0.000000,11,11,11,16,16,16,16,16,16,16,16,44,0,10,12.14612561307149,2.8255750075913966,61.55349098844454,226.5
1781632071,25,GET,/timeline/{user_id},5.200000,0.000000,1600,1600,1700,1700,1800,1800,1900,1900,1900,1900,1900,339,0,1600.0,1407.8190515601148,24.106113996822387,1939.4658879900817,5446.374631268436
1781632071,25,GET,/users/{user_id},2.300000,0.000000,8,9,9,10,12,12,58,58,58,58,58,128,0,9,14.90683312499641,3.2889389840420336,90.32415700494312,264.015625
1781632071,25,,Aggregated,23.900000,0.000000,53,1600,1700,1800,2600,2900,3100,3200,3400,3400,3400,1324,0,55,876.5353954657538,2.8255750075913966,3685.6617069861386,6163.549093655589
1781632072,25,GET,/feed/{user_id},11.000000,0.000000,13,16,25,33,79,98,110,120,120,120,120,550,0,13,25.1916613381102,3.844060003757477,169.29394099861383,6558.518181818182
1781632072,25,GET,/feed/{user_id}?with_fof=true,4.700000,0.000000,2700,2800,2900,3000,3200,3400,3400,3400,3400,3400,3400,246,0,2700.0,2734.2982279549437,880.0434949807823,3685.6617069861386,11036.361788617885
1781632072,25,POST,/likes,0.400000,0.000000,14,14,17,17,17,17,17,17,17,17,17,24,0,14,15.262313666122887,3.614417015342042,65.06649701623246,179.04166666666666
1781632072,25,POST,/posts,0.400000,0.000000,11,11,16,16,16,16,16,16,16,16,16,44,0,10,12.14612561307149,2.8255750075913966,61.55349098844454,226.5
1781632072,25,GET,/timeline/{user_id},5.800000,0.000000,1600,1700,1700,1700,1800,1900,1900,1900,1900,1900,1900,342,0,1600.0,1409.6210542949677,24.106113996822387,1939.4658879900817,5440.30701754386
1781632072,25,GET,/users/{user_id},2.500000,0.000000,9,9,9,10,12,58,58,58,58,58,58,129,0,9,14.875847976898427,3.2889389840420336,90.32415700494312,264.0077519379845
1781632072,25,,Aggregated,24.800000,0.000000,81,1600,1700,1900,2700,2900,3200,3400,3400,3400,3400,1335,0,56,877.4553466859459,2.8255750075913966,3685.6617069861386,6165.5692883895135
1781632073,25,GET,/feed/{user_id},10.400000,0.000000,13,16,24,31,79,98,110,120,120,120,120,558,0,13,25.02526858246528,3.844060003757477,169.29394099861383,6549.041218637993
1781632073,25,GET,/feed/{user_id}?with_fof=true,4.400000,0.000000,2800,2900,3000,3100,3300,3400,3400,3400,3400,3400,3400,253,0,2700.0,2745.02668132775,880.0434949807823,3685.6617069861386,11053.288537549408
1781632073,25,POST,/likes,0.400000,0.000000,14,14,17,17,17,17,17,17,17,17,17,24,0,14,15.262313666122887,3.614417015342042,65.06649701623246,179.04166666666666
1781632073,25,POST,/posts,0.500000,0.000000,11,11,16,16,16,16,16,16,16,16,16,44,0,10,12.14612561307149,2.8255750075913966,61.55349098844454,226.5
1781632073,25,GET,/timeline/{user_id},5.400000,0.000000,1600,1700,1700,1700,1800,1900,1900,1900,1900,1900,1900,343,0,1600.0,1410.460614897623,24.106113996822387,1939.4658879900817,5442.166180758018
1781632073,25,GET,/users/{user_id},2.500000,0.000000,9,9,9,10,12,12,12,12,12,12,12,130,0,9,14.85657258487593,3.2889389840420336,90.32415700494312,264.0153846153846
1781632073,25,,Aggregated,23.600000,0.000000,95,1600,1700,2200,2800,3000,3400,3400,3400,3400,3400,1352,0,56,883.9318939687995,2.8255750075913966,3685.6617069861386,6187.940088757397
1781632074,25,GET,/feed/{user_id},9.400000,0.000000,14,18,28,51,85,99,120,130,130,130,130,567,0,13,25.287307816622466,3.844060003757477,169.29394099861383,6527.509700176367
1781632074,25,GET,/feed/{user_id}?with_fof=true,4.100000,0.000000,2800,3000,3000,3200,3400,3400,3500,3500,3500,3500,3500,260,0,2700.0,2744.4914329265325,880.0434949807823,3685.6617069861386,11060.15
1781632074,25,POST,/likes,0.300000,0.000000,9,14,14,17,17,17,17,17,17,17,17,26,0,11,14.550546884912855,3.614417015342042,65.06649701623246,179.03846153846155
1781632074,25,POST,/posts,0.400000,0.000000,11,11,12,12,16,16,16,16,16,16,16,46,0,10,11.973445129747827,2.8255750075913966,61.55349098844454,226.45652173913044
1781632074,25,GET,/timeline/{user_id},5.500000,0.000000,1600,1700,1700,1800,1900,1900,1900,1900,1900,1900,1900,349,0,1600.0,1408.5744439997345,24.106113996822387,1939.4658879900817,5442.885386819485
1781632074,25,GET,/users/{user_id},2.500000,0.000000,9,9,9,10,12,12,12,12,12,12,12,131,0,9,14.808243526926065,3.2889389840420336,90.32415700494312,264.0229007633588
1781632074,25,,Aggregated,22.200000,0.000000,81,1600,1800,2100,2800,3100,3400,3400,3500,3500,3500,1379,0,58,886.4156125060437,2.8255750075913966,3685.6617069861386,6182.714285714285
1781632075,25,GET,/feed/{user_id},8.100000,0.000000,13,16,24,33,81,95,110,130,130,130,130,585,0,13,25.114476253053684,3.844060003757477,169.29394099861383,6456.117948717949
1781632075,25,GET,/feed/{user_id}?with_fof=true,4.300000,0.000000,2800,3000,3000,3200,3300,3400,3500,3500,3500,3500,3500,264,0,2700.0,2748.081303041324,880.0434949807823,3685.6617069861386,11066.757575757576
1781632075,25,POST,/likes,0.300000,0.000000,9,14,14,17,17,17,17,17,17,17,17,26,0,11,14.550546884912855,3.614417015342042,65.06649701623246,179.03846153846155
1781632075,25,POST,/posts,0.400000,0.000000,11,11,12,12,16,16,16,16,16,16,16,47,0,10,11.84879125472396,2.8255750075913966,61.55349098844454,226.46808510638297
1781632075,25,GET,/timeline/{user_id},5.300000,0.000000,1600,1700,1700,1700,1800,1900,1900,1900,1900,1900,1900,357,0,1600.0,1412.4485974927911,24.106113996822387,1939.4658879900817,5431.114845938376
1781632075,25,GET,/users/{user_id},2.100000,0.000000,9,9,9,10,12,12,64,64,64,64,64,134,0,9,15.070850060211926,3.2889389840420336,90.32415700494312,264.089552238806
1781632075,25,,Aggregated,20.500000,0.000000,68,1600,1700,1900,2800,3000,3300,3400,3500,3500,3500,1413,0,56,882.7914247925836,2.8255750075913966,3685.6617069861386,6148.653927813163
1781632076,25,GET,/feed/{user_id},8.300000,0.000000,13,16,24,33,85,98,110,130,130,130,130,592,0,13,25.099397567631772,3.844060003757477,169.29394099861383,6441.324324324324
1781632076,25,GET,/feed/{user_id}?with_fof=true,4.500000,0.000000,2800,3000,3100,3200,3300,3400,3500,3500,3500,3500,3500,267,0,2700.0,2747.359952512777,880.0434949807823,3685.6617069861386,11074.153558052434
1781632076,25,POST,/likes,0.300000,0.000000,9,9,17,17,17,17,17,17,17,17,17,26,0,11,14.550546884912855,3.614417015342042,65.06649701623246,179.03846153846155
1781632076,25,POST,/posts,0.500000,0.000000,11,12,15,16,42,42,42,42,42,42,42,50,0,10,12.405208558775485,2.8255750075913966,61.55349098844454,226.4
1781632076,25,GET,/timeline/{user_id},5.700000,0.000000,1600,1600,1700,1700,1800,1900,1900,1900,1900,1900,1900,365,0,1600.0,1410.2854371751812,24.106113996822387,1939.4658879900817,5401.643835616438
1781632076,25,GET,/users/{user_id},2.100000,0.000000,9,9,11,12,13,15,64,64,64,64,64,138,0,9,14.893055203846535,3.2889389840420336,90.32415700494312,264.05797101449275
1781632076,25,,Aggregated,21.400000,0.000000,64,1500,1700,1900,2800,3100,3300,3400,3500,3500,3500,1438,0,56,880.5368230284895,2.8255750075913966,3685.6617069861386,6115.4923504867875
1781632077,25,GET,/feed/{user_id},8.400000,0.000000,13,15,18,33,95,110,120,130,130,130,130,601,0,13,25.214930048414633,3.844060003757477,169.29394099861383,6437.830282861897
1781632077,25,GET,/feed/{user_id}?with_fof=true,4.200000,0.000000,2800,3000,3200,3200,3400,3400,3500,3500,3500,3500,3500,269,0,2700.0,2741.0987571706705,880.0434949807823,3685.6617069861386,11035.739776951672
1781632077,25,POST,/likes,0.500000,0.000000,9,9,17,17,17,17,17,17,17,17,17,26,0,11,14.550546884912855,3.614417015342042,65.06649701623246,179.03846153846155
1781632077,25,POST,/posts,0.500000,0.000000,11,12,15,16,42,42,42,42,42,42,42,50,0,10,12.405208558775485,2.8255750075913966,61.55349098844454,226.4
1781632077,25,GET,/timeline/{user_id},5.200000,0.000000,1600,1700,1700,1700,1800,1900,1900,1900,1900,1900,1900,369,0,1600.0,1413.1417928021724,24.106113996822387,1939.4658879900817,5392.910569105691
1781632077,25,GET,/users/{user_id},2.200000,0.000000,9,11,12,12,15,64,64,64,64,64,64,138,0,9,14.893055203846535,3.2889389840420336,90.32415700494312,264.05797101449275
1781632077,25,,Aggregated,21.000000,0.000000,100,1600,1700,1900,2800,3200,3400,3400,3500,3500,3500,1453,0,56,878.8801627302729,2.8255750075913966,3685.6617069861386,6111.596008258775
1781632078,25,GET,/feed/{user_id},9.300000,0.000000,12,14,17,28,90,110,120,130,130,130,130,605,0,13,25.09535842662685,3.844060003757477,169.29394099861383,6443.760330578512
1781632078,25,GET,/feed/{user_id}?with_fof=true,4.400000,0.000000,2800,3000,3100,3200,3300,3400,3500,3500,3500,3500,3500,274,0,2700.0,2740.94969234629,880.0434949807823,3685.6617069861386,11044.94890510949
1781632078,25,POST,/likes,0.500000,0.000000,7,7,9,9,9,9,9,9,9,9,9,26,0,11,14.550546884912855,3.614417015342042,65.06649701623246,179.03846153846155
1781632078,25,POST,/posts,0.900000,0.000000,11,12,15,15,16,42,42,42,42,42,42,53,0,10,12.206242168278274,2.8255750075913966,61.55349098844454,226.43396226415095
1781632078,25,GET,/timeline/{user_id},6.000000,0.000000,1600,1700,1700,1700,1800,1900,1900,1900,1900,1900,1900,377,0,1600.0,1413.775514257224,24.106113996822387,1939.4658879900817,5373.371352785146
1781632078,25,GET,/users/{user_id},2.400000,0.000000,9,10,12,12,15,64,64,64,64,64,64,141,0,9,14.689993369847153,3.2889389840420336,90.32415700494312,264.02836879432624
1781632078,25,,Aggregated,23.500000,0.000000,98,1600,1700,1900,2800,3000,3300,3400,3500,3500,3500,1476,0,57,882.312202266288,2.8255750075913966,3685.6617069861386,6100.566395663956
1781632079,25,GET,/feed/{user_id},8.900000,0.000000,12,14,16,18,85,100,120,130,130,130,130,610,0,13,24.96839899528718,3.844060003757477,169.29394099861383,6435.316393442623
1781632079,25,GET,/feed/{user_id}?with_fof=true,4.200000,0.000000,2900,3000,3200,3200,3300,3400,3500,3500,3500,3500,3500,280,0,2700.0,2746.692943513855,880.0434949807823,3685.6617069861386,11018.910714285714
1781632079,25,POST,/likes,0.400000,0.000000,7,7,9,9,9,9,9,9,9,9,9,26,0,11,14.550546884912855,3.614417015342042,65.06649701623246,179.03846153846155
1781632079,25,POST,/posts,0.900000,0.000000,12,12,15,15,41,42,42,42,42,42,42,56,0,10,12.764627855566298,2.8255750075913966,61.55349098844454,226.44642857142858
1781632079,25,GET,/timeline/{user_id},5.700000,0.000000,1700,1700,1700,1800,1900,1900,1900,1900,1900,1900,1900,379,0,1600.0,1415.206033163529,24.106113996822387,1939.4658879900817,5377.087071240106
1781632079,25,GET,/users/{user_id},2.400000,0.000000,9,11,12,12,13,15,64,64,64,64,64,146,0,9,14.490777932423205,3.2889389840420336,90.32415700494312,263.95205479452056
1781632079,25,,Aggregated,22.500000,0.000000,73,1600,1700,1900,2900,3200,3300,3400,3500,3500,3500,1497,0,56,884.3531203053008,2.8255750075913966,3685.6617069861386,6081.915163660655
1781632080,25,GET,/feed/{user_id},7.700000,0.000000,12,13,16,18,85,100,120,130,130,130,130,617,0,13,24.855719543184037,3.844060003757477,169.29394099861383,6450.207455429498
1781632080,25,GET,/feed/{user_id}?with_fof=true,3.900000,0.000000,2900,3000,3200,3200,3300,3400,3600,3600,3600,3600,3600,283,0,2700.0,2748.1244799076103,880.0434949807823,3685.6617069861386,11022.526501766784
1781632080,25,POST,/likes,0.300000,0.000000,7,7,9,9,9,9,9,9,9,9,9,26,0,11,14.550546884912855,3.614417015342042,65.06649701623246,179.03846153846155
1781632080,25,POST,/posts,1.100000,0.000000,12,12,15,15,41,42,42,42,42,42,42,57,0,10,12.664689875939011,2.8255750075913966,61.55349098844454,226.4561403508772
1781632080,25,GET,/timeline/{user_id},6.100000,0.000000,1700,1700,1700,1800,1900,1900,1900,1900,1900,1900,1900,388,0,1600.0,1414.9780075334177,24.106113996822387,1939.4658879900817,5385.865979381443
1781632080,25,GET,/users/{user_id},1.700000,0.000000,9,11,12,12,13,15,64,64,64,64,64,148,0,9,14.443583048272853,3.2889389840420336,90.32415700494312,263.93918918918916
1781632080,25,,Aggregated,20.800000,0.000000,85,1600,1700,1900,2900,3200,3300,3400,3600,3600,3600,1519,0,56,885.6514322106945,2.8255750075913966,3685.6617069861386,6086.566820276497
1781632081,25,GET,/feed/{user_id},7.600000,0.000000,11,13,15,16,73,100,120,130,130,130,130,624,0,13,24.695307819106695,3.844060003757477,169.29394099861383,6444.532051282052
1781632081,25,GET,/feed/{user_id}?with_fof=true,3.700000,0.000000,2900,3100,3200,3200,3400,3400,3600,3600,3600,3600,3600,288,0,2800.0,2752.5769578814006,880.0434949807823,3685.6617069861386,11027.944444444445
1781632081,25,POST,/likes,0.300000,0.000000,7,7,7,7,7,7,7,7,7,7,7,26,0,11,14.550546884912855,3.614417015342042,65.06649701623246,179.03846153846155
1781632081,25,POST,/posts,1.300000,0.000000,12,12,15,15,41,42,42,42,42,42,42,58,0,10,12.644667447351948,2.8255750075913966,61.55349098844454,226.4655172413793
1781632081,25,GET,/timeline/{user_id},6.300000,0.000000,1700,1700,1700,1700,1800,1900,1900,1900,1900,1900,1900,392,0,1600.0,1411.2887119030793,24.106113996822387,1939.4658879900817,5372.290816326531
1781632081,25,GET,/users/{user_id},2.000000,0.000000,9,12,12,12,13,15,64,64,64,64,64,150,0,9,14.409143920832625,3.2889389840420336,90.32415700494312,263.97333333333336
1781632081,25,,Aggregated,21.200000,0.000000,64,1600,1800,2000,2900,3200,3400,3400,3600,3600,3600,1538,0,56,887.2888735592015,2.8255750075913966,3685.6617069861386,6086.319895968791
1781632082,25,GET,/feed/{user_id},7.500000,0.000000,12,13,16,17,59,90,120,130,130,130,130,636,0,13,24.592883408995075,3.844060003757477,169.29394099861383,6454.762578616353
1781632082,25,GET,/feed/{user_id}?with_fof=true,4.100000,0.000000,2800,3000,3200,3200,3300,3400,3600,3600,3600,3600,3600,293,0,2800.0,2751.252483054157,880.0434949807823,3685.6617069861386,10999.143344709897
1781632082,25,POST,/likes,0.200000,0.000000,7,7,7,7,7,7,7,7,7,7,7,26,0,11,14.550546884912855,3.614417015342042,65.06649701623246,179.03846153846155
1781632082,25,POST,/posts,1.400000,0.000000,12,12,15,15,41,42,42,42,42,42,42,59,0,10,12.580416287133723,2.8255750075913966,61.55349098844454,226.4406779661017
1781632082,25,GET,/timeline/{user_id},5.300000,0.000000,1700,1700,1700,1700,1800,1900,1900,1900,1900,1900,1900,398,0,1600.0,1411.920126892077,24.106113996822387,1939.4658879900817,5384.515075376885
1781632082,25,GET,/users/{user_id},2.100000,0.000000,9,12,12,13,15,60,64,64,64,64,64,153,0,9,14.58636685704441,3.2889389840420336,90.32415700494312,263.91503267973854
1781632082,25,,Aggregated,20.600000,0.000000,42,1600,1700,1900,2800,3200,3300,3400,3600,3600,3600,1565,0,56,886.2968273451195,2.8255750075913966,3685.6617069861386,6089.0792332268375
1781632083,25,GET,/feed/{user_id},7.800000,0.000000,11,13,15,17,59,90,120,130,130,130,130,650,0,13,24.55643737393145,3.844060003757477,169.29394099861383,6464.890769230769
1781632083,25,GET,/feed/{user_id}?with_fof=true,4.400000,0.000000,2800,3000,3100,3200,3300,3400,3600,3600,3600,3600,3600,299,0,2700.0,2745.402298822246,880.0434949807823,3685.6617069861386,11010.91304347826
1781632083,25,POST,/likes,0.200000,0.000000,7,7,7,7,7,7,7,7,7,7,7,26,0,11,14.550546884912855,3.614417015342042,65.06649701623246,179.03846153846155
1781632083,25,POST,/posts,1.400000,0.000000,12,12,15,15,41,42,42,42,42,42,42,62,0,10,12.486902757025804,2.8255750075913966,61.55349098844454,226.46774193548387
1781632083,25,GET,/timeline/{user_id},5.700000,0.000000,1700,1700,1700,1700,1800,1800,1900,1900,1900,1900,1900,403,0,1600.0,1412.8422781491563,24.106113996822387,1939.4658879900817,5384.811414392059
1781632083,25,GET,/users/{user_id},2.200000,0.000000,9,11,12,13,15,60,64,64,64,64,64,155,0,9,14.515654852561232,3.2889389840420336,90.32415700494312,263.9032258064516
1781632083,25,,Aggregated,21.700000,0.000000,36,1500,1700,1800,2700,3100,3300,3400,3600,3600,3600,1595,0,54,883.771058574989,2.8255750075913966,3685.6617069861386,6096.628213166145
1781632084,25,GET,/feed/{user_id},8.300000,0.000000,12,13,15,16,47,88,110,120,120,120,120,657,0,13,24.59117164848623,3.844060003757477,169.29394099861383,6471.884322678843
1781632084,25,GET,/feed/{user_id}?with_fof=true,4.600000,0.000000,2700,2900,3100,3200,3300,3400,3600,3600,3600,3600,3600,304,0,2700.0,2739.470014410663,880.0434949807823,3685.6617069861386,11002.661184210527
1781632084,25,POST,/likes,0.200000,0.000000,7,7,15,15,15,15,15,15,15,15,15,27,0,14,14.556501704242287,3.614417015342042,65.06649701623246,179.03703703703704
1781632084,25,POST,/posts,1.400000,0.000000,10,12,15,15,41,42,42,42,42,42,42,64,0,10,12.345815232947643,2.8255750075913966,61.55349098844454,226.421875
1781632084,25,GET,/timeline/{user_id},5.600000,0.000000,1600,1700,1700,1700,1800,1800,1900,1900,1900,1900,1900,407,0,1600.0,1413.991582051823,24.106113996822387,1939.4658879900817,5387.874692874693
1781632084,25,GET,/users/{user_id},2.200000,0.000000,9,11,12,12,13,15,60,60,60,60,60,155,0,9,14.515654852561232,3.2889389840420336,90.32415700494312,263.9032258064516
1781632084,25,,Aggregated,22.300000,0.000000,37,1500,1700,1800,2600,3100,3300,3400,3600,3600,3600,1614,0,54,884.6858378389462,2.8255750075913966,3685.6617069861386,6102.807930607187
1781632085,25,GET,/feed/{user_id},8.800000,0.000000,12,14,16,17,59,99,110,120,120,120,120,668,0,13,24.495609434186285,3.844060003757477,169.29394099861383,6468.175149700599
1781632085,25,GET,/feed/{user_id}?with_fof=true,4.500000,0.000000,2700,2900,3000,3100,3300,3400,3600,3600,3600,3600,3600,308,0,2700.0,2740.8744272722656,880.0434949807823,3685.6617069861386,11004.24025974026
1781632085,25,POST,/likes,0.200000,0.000000,15,15,15,15,15,15,15,15,15,15,15,28,0,14,14.582227464416064,3.614417015342042,65.06649701623246,179.07142857142858
1781632085,25,POST,/posts,1.700000,0.000000,10,12,15,15,41,42,42,42,42,42,42,64,0,10,12.345815232947643,2.8255750075913966,61.55349098844454,226.421875
1781632085,25,GET,/timeline/{user_id},5.900000,0.000000,1700,1700,1700,1700,1800,1800,1900,1900,1900,1900,1900,412,0,1600.0,1414.2266330754953,24.106113996822387,1939.4658879900817,5404.516990291262
1781632085,25,GET,/users/{user_id},2.300000,0.000000,9,9,12,12,13,60,60,60,60,60,60,155,0,9,14.515654852561232,3.2889389840420336,90.32415700494312,263.9032258064516
1781632085,25,,Aggregated,23.400000,0.000000,41,1600,1700,1900,2700,3000,3300,3400,3600,3600,3600,1635,0,54,884.8086388838273,2.8255750075913966,3685.6617069861386,6114.445259938838
1781632086,25,GET,/feed/{user_id},9.200000,0.000000,12,14,16,17,40,71,90,99,99,99,99,677,0,13,24.493843562845306,3.844060003757477,169.29394099861383,6440.738552437223
1781632086,25,GET,/feed/{user_id}?with_fof=true,4.300000,0.000000,2700,2900,3100,3200,3300,3400,3600,3600,3600,3600,3600,313,0,2700.0,2743.2990169421155,880.0434949807823,3685.6617069861386,11009.5303514377
1781632086,25,POST,/likes,0.200000,0.000000,10,15,15,15,15,15,15,15,15,15,15,29,0,14,14.409558172136995,3.614417015342042,65.06649701623246,179.0344827586207
1781632086,25,POST,/posts,1.800000,0.000000,10,12,12,15,15,41,41,41,41,41,41,64,0,10,12.345815232947643,2.8255750075913966,61.55349098844454,226.421875
1781632086,25,GET,/timeline/{user_id},5.700000,0.000000,1700,1700,1700,1700,1800,1800,1900,1900,1900,1900,1900,423,0,1600.0,1409.7214986079061,24.106113996822387,1939.4658879900817,5408.621749408983
1781632086,25,GET,/users/{user_id},2.400000,0.000000,9,11,12,12,13,49,60,60,60,60,60,159,0,9,14.612555598295382,3.2889389840420336,90.32415700494312,263.84276729559747
1781632086,25,,Aggregated,23.600000,0.000000,47,1600,1700,2000,2700,3100,3300,3400,3600,3600,3600,1665,0,56,885.9330474523136,2.8255750075913966,3685.6617069861386,6099.606006006006
1781632087,25,GET,/feed/{user_id},9.100000,0.000000,13,16,17,27,65,88,99,110,110,110,110,684,0,13,24.677339388971212,3.844060003757477,169.29394099861383,6467.769005847953
1781632087,25,GET,/feed/{user_id}?with_fof=true,4.500000,0.000000,2700,2900,3200,3200,3300,3400,3600,3600,3600,3600,3600,316,0,2700.0,2745.0905833383204,880.0434949807823,3685.6617069861386,11015.594936708861
1781632087,25,POST,/likes,0.200000,0.000000,10,15,15,15,15,15,15,15,15,15,15,29,0,14,14.409558172136995,3.614417015342042,65.06649701623246,179.0344827586207
1781632087,25,POST,/posts,1.800000,0.000000,12,12,12,15,15,41,41,41,41,41,41,65,0,10,12.34536481430181,2.8255750075913966,61.55349098844454,226.41538461538462
1781632087,25,GET,/timeline/{user_id},5.800000,0.000000,1600,1700,1700,1700,1800,1800,1800,1900,1900,1900,1900,431,0,1600.0,1407.9680951790135,24.106113996822387,1939.4658879900817,5385.763341067285
1781632087,25,GET,/users/{user_id},2.100000,0.000000,9,9,12,12,13,49,60,60,60,60,60,162,0,9,14.473347642773728,3.2889389840420336,90.32415700494312,263.82716049382714
1781632087,25,,Aggregated,23.500000,0.000000,60,1600,1700,2000,2700,3200,3300,3400,3600,3600,3600,1687,0,58,886.0267822864087,2.8255750075913966,3685.6617069861386,6098.870776526378
1781632088,25,GET,/feed/{user_id},8.400000,0.000000,13,16,18,27,59,76,99,110,110,110,110,688,0,13,24.640284128022465,3.844060003757477,169.29394099861383,6478.03488372093
1781632088,25,GET,/feed/{user_id}?with_fof=true,4.300000,0.000000,2800,3000,3200,3200,3300,3400,3600,3600,3600,3600,3600,317,0,2700.0,2745.0599921416465,880.0434949807823,3685.6617069861386,11017.602523659307
1781632088,25,POST,/likes,0.200000,0.000000,15,15,15,15,16,16,16,16,16,16,16,30,0,14,14.449624732757608,3.614417015342042,65.06649701623246,179.0
1781632088,25,POST,/posts,1.400000,0.000000,10,12,15,15,15,41,41,41,41,41,41,65,0,10,12.34536481430181,2.8255750075913966,61.55349098844454,226.41538461538462
1781632088,25,GET,/timeline/{user_id},5.500000,0.000000,1600,1700,1700,1700,1800,1800,1800,1900,1900,1900,1900,438,0,1600.0,1404.9046222126105,24.106113996822387,1939.4658879900817,5387.114155251142
1781632088,25,GET,/users/{user_id},2.000000,0.000000,9,12,12,13,49,60,60,60,60,60,60,162,0,9,14.473347642773728,3.2889389840420336,90.32415700494312,263.82716049382714
1781632088,25,,Aggregated,21.800000,0.000000,65,1500,1700,1800,2700,3200,3300,3400,3600,3600,3600,1700,0,58,885.9208101712626,2.8255750075913966,3685.6617069861386,6101.0888235294115
1781632089,25,GET,/feed/{user_id},8.700000,0.000000,14,16,22,28,71,90,110,130,130,130,130,689,0,13,24.789824188814983,3.844060003757477,169.29394099861383,6485.882438316401
1781632089,25,GET,/feed/{user_id}?with_fof=true,4.600000,0.000000,2700,2900,3200,3200,3300,3600,3600,3600,3600,3600,3600,320,0,2700.0,2747.3145870808366,880.0434949807823,3685.6617069861386,11024.24375
1781632089,25,POST,/likes,0.300000,0.000000,15,15,16,16,16,16,16,16,16,16,16,30,0,14,14.449624732757608,3.614417015342042,65.06649701623246,179.0
1781632089,25,POST,/posts,1.500000,0.000000,10,12,12,12,15,15,15,15,15,15,15,65,0,10,12.34536481430181,2.8255750075913966,61.55349098844454,226.41538461538462
1781632089,25,GET,/timeline/{user_id},5.800000,0.000000,1600,1700,1700,1700,1700,1800,1900,1900,1900,1900,1900,440,0,1600.0,1406.5911450388905,24.106113996822387,1939.4658879900817,5398.856818181818
1781632089,25,GET,/users/{user_id},2.200000,0.000000,9,12,12,13,49,60,60,60,60,60,60,163,0,9,14.458590878125143,3.2889389840420336,90.32415700494312,263.82208588957053
1781632089,25,,Aggregated,23.100000,0.000000,90,1600,1700,1900,2700,3200,3300,3400,3600,3600,3600,1707,0,60,889.6975092660339,2.8255750075913966,3685.6617069861386,6113.132981839484
1781632090,25,GET,/feed/{user_id},8.100000,0.000000,14,17,23,28,72,99,110,130,130,130,130,693,0,13,24.847586978476194,3.844060003757477,169.29394099861383,6481.900432900433
1781632090,25,GET,/feed/{user_id}?with_fof=true,4.600000,0.000000,2800,3000,3200,3300,3300,3400,3600,3600,3600,3600,3600,329,0,2800.0,2755.7018066987844,880.0434949807823,3685.6617069861386,11030.145896656535
1781632090,25,POST,/likes,0.400000,0.000000,15,16,16,17,17,17,17,17,17,17,17,31,0,15,14.535049805530317,3.614417015342042,65.06649701623246,178.96774193548387
1781632090,25,POST,/posts,1.300000,0.000000,10,12,12,12,15,15,15,15,15,15,15,65,0,10,12.34536481430181,2.8255750075913966,61.55349098844454,226.41538461538462
1781632090,25,GET,/timeline/{user_id},6.000000,0.000000,1600,1700,1700,1700,1800,1900,1900,1900,1900,1900,1900,447,0,1600.0,1409.2844513089185,24.106113996822387,1939.4658879900817,5402.093959731544
1781632090,25,GET,/users/{user_id},2.400000,0.000000,9,12,12,12,49,60,60,60,60,60,60,164,0,9,14.413011147109678,3.2889389840420336,90.32415700494312,263.8658536585366
1781632090,25,,Aggregated,22.800000,0.000000,350,1700,1800,2100,2800,3200,3300,3400,3600,3600,3600,1729,0,62,900.7589305957765,2.8255750075913966,3685.6617069861386,6130.219780219781
1781632091,25,GET,/feed/{user_id},8.200000,0.000000,15,22,28,59,72,99,110,130,130,130,130,710,0,13,24.945499283191094,3.844060003757477,169.29394099861383,6455.361971830986
1781632091,25,GET,/feed/{user_id}?with_fof=true,4.200000,0.000000,2800,2900,3200,3300,3300,3600,3600,3600,3600,3600,3600,335,0,2800.0,2756.000659832602,880.0434949807823,3685.6617069861386,11040.059701492537
1781632091,25,POST,/likes,0.400000,0.000000,15,16,16,17,17,17,17,17,17,17,17,31,0,15,14.535049805530317,3.614417015342042,65.06649701623246,178.96774193548387
1781632091,25,POST,/posts,1.100000,0.000000,10,11,12,15,23,23,23,23,23,23,23,68,0,10,12.378475984459168,2.8255750075913966,61.55349098844454,226.41176470588235
1781632091,25,GET,/timeline/{user_id},5.900000,0.000000,1600,1700,1700,1700,1800,1900,1900,1900,1900,1900,1900,451,0,1600.0,1408.1549067274789,24.106113996822387,1939.4658879900817,5409.463414634146
1781632091,25,GET,/users/{user_id},2.100000,0.000000,8,9,12,13,49,60,60,60,60,60,60,166,0,9,14.31794769354361,3.2889389840420336,90.32415700494312,263.9156626506024
1781632091,25,,Aggregated,21.900000,0.000000,90,1600,1800,2100,2800,3200,3300,3600,3600,3600,3600,1761,0,62,897.0576324231251,2.8255750075913966,3685.6617069861386,6125.013628620102
1781632092,25,GET,/feed/{user_id},7.600000,0.000000,15,23,28,39,72,90,110,130,130,130,130,722,0,13,24.987222426666083,3.844060003757477,169.29394099861383,6438.54432132964
1781632092,25,GET,/feed/{user_id}?with_fof=true,4.100000,0.000000,2800,2900,3200,3300,3300,3600,3600,3600,3600,3600,3600,337,0,2800.0,2753.598689112518,880.0434949807823,3685.6617069861386,11041.12759643917
1781632092,25,POST,/likes,0.400000,0.000000,15,16,16,17,17,17,17,17,17,17,17,31,0,15,14.535049805530317,3.614417015342042,65.06649701623246,178.96774193548387
1781632092,25,POST,/posts,0.800000,0.000000,12,12,15,15,23,23,23,23,23,23,23,69,0,10,12.369764984781057,2.8255750075913966,61.55349098844454,226.42028985507247
1781632092,25,GET,/timeline/{user_id},6.000000,0.000000,1600,1600,1700,1700,1800,1800,1900,1900,1900,1900,1900,457,0,1600.0,1409.3487855363244,24.106113996822387,1939.4658879900817,5418.240700218818
1781632092,25,GET,/users/{user_id},1.800000,0.000000,9,9,12,13,49,49,49,49,49,49,49,167,0,9,14.524264509641862,3.2889389840420336,90.32415700494312,263.9341317365269
1781632092,25,,Aggregated,20.700000,0.000000,76,1600,1700,2000,2800,3200,3300,3600,3600,3600,3600,1783,0,60,893.8898375289418,2.8255750075913966,3685.6617069861386,6119.390353337072
1781632093,25,GET,/feed/{user_id},7.900000,0.000000,15,18,27,39,72,99,110,130,130,130,130,733,0,13,24.79004566992079,3.844060003757477,169.29394099861383,6439.566166439291
1781632093,25,GET,/feed/{user_id}?with_fof=true,4.700000,0.000000,2800,2900,3200,3200,3300,3400,3600,3600,3600,3600,3600,342,0,2800.0,2748.5928017746833,880.0434949807823,3685.6617069861386,11044.599415204679
1781632093,25,POST,/likes,0.500000,0.000000,15,15,16,16,17,17,17,17,17,17,17,32,0,14,14.38532512383972,3.614417015342042,65.06649701623246,178.96875
1781632093,25,POST,/posts,0.900000,0.000000,12,12,15,15,23,23,23,23,23,23,23,69,0,10,12.369764984781057,2.8255750075913966,61.55349098844454,226.42028985507247
1781632093,25,GET,/timeline/{user_id},6.000000,0.000000,1500,1600,1700,1700,1800,1800,1900,1900,1900,1900,1900,462,0,1600.0,1410.2531065478986,24.106113996822387,1939.4658879900817,5420.744588744588
1781632093,25,GET,/users/{user_id},1.600000,0.000000,8,9,12,12,49,49,49,49,49,49,49,169,0,9,14.432559864452251,3.2889389840420336,90.32415700494312,263.96449704142015
1781632093,25,,Aggregated,21.600000,0.000000,100,1600,1700,2100,2800,3200,3300,3400,3600,3600,3600,1807,0,60,892.9052151151787,2.8255750075913966,3685.6617069861386,6124.957941339237
1781632094,25,GET,/feed/{user_id},8.500000,0.000000,14,17,25,35,71,90,110,130,130,130,130,743,0,13,24.58555388426055,3.844060003757477,169.29394099861383,6426.216689098251
1781632094,25,GET,/feed/{user_id}?with_fof=true,4.500000,0.000000,2800,3000,3200,3200,3300,3600,3600,3600,3600,3600,3600,346,0,2800.0,2748.5435483783735,880.0434949807823,3685.6617069861386,11051.569364161849
1781632094,25,POST,/likes,0.500000,0.000000,15,15,16,16,17,17,17,17,17,17,17,34,0,11,13.924710793242625,3.614417015342042,65.06649701623246,178.94117647058823
1781632094,25,POST,/posts,1.100000,0.000000,12,12,13,23,58,58,58,58,58,58,58,74,0,11,12.966316796656749,2.8255750075913966,61.55349098844454,226.44594594594594
1781632094,25,GET,/timeline/{user_id},5.700000,0.000000,1500,1600,1600,1700,1700,1800,1900,1900,1900,1900,1900,470,0,1600.0,1406.2080657917095,24.106113996822387,1939.4658879900817,5422.54255319149
1781632094,25,GET,/users/{user_id},1.600000,0.000000,8,9,12,12,49,49,49,49,49,49,49,171,0,9,14.36699941575293,3.2889389840420336,90.32415700494312,263.9590643274854
1781632094,25,,Aggregated,21.900000,0.000000,74,1500,1700,1800,2800,3100,3300,3400,3600,3600,3600,1838,0,59,889.048220732885,2.8255750075913966,3685.6617069861386,6101.792709466812
1781632095,25,GET,/feed/{user_id},8.700000,0.000000,14,20,28,41,72,90,110,130,130,130,130,752,0,13,24.66767634046227,3.844060003757477,169.29394099861383,6447.386968085107
1781632095,25,GET,/feed/{user_id}?with_fof=true,4.500000,0.000000,2900,3000,3200,3200,3300,3400,3600,3600,3600,3600,3600,350,0,2800.0,2749.888329491202,880.0434949807823,3685.6617069861386,11056.625714285714
1781632095,25,POST,/likes,0.600000,0.000000,10,10,16,16,17,17,17,17,17,17,17,34,0,11,13.924710793242625,3.614417015342042,65.06649701623246,178.94117647058823
1781632095,25,POST,/posts,0.800000,0.000000,12,12,13,23,58,58,58,58,58,58,58,74,0,11,12.966316796656749,2.8255750075913966,61.55349098844454,226.44594594594594
1781632095,25,GET,/timeline/{user_id},5.900000,0.000000,1500,1600,1600,1700,1700,1800,1900,1900,1900,1900,1900,473,0,1600.0,1406.95734043788,24.106113996822387,1939.4658879900817,5426.69978858351
1781632095,25,GET,/users/{user_id},1.400000,0.000000,8,9,10,10,49,49,49,49,49,49,49,173,0,9,14.273034202774738,3.2889389840420336,90.32415700494312,263.95375722543355
1781632095,25,,Aggregated,21.900000,0.000000,74,1500,1700,1900,2900,3200,3300,3400,3600,3600,3600,1856,0,59,889.2262998297783,2.8255750075913966,3685.6617069861386,6117.234913793103
1781632096,25,GET,/feed/{user_id},8.600000,0.000000,14,16,25,29,70,85,100,130,130,130,130,756,0,13,24.687244252678408,3.844060003757477,169.29394099861383,6440.813492063492
1781632096,25,GET,/feed/{user_id}?with_fof=true,4.500000,0.000000,2900,2900,3100,3200,3300,3600,3600,3600,3600,3600,3600,354,0,2800.0,2750.762908883991,880.0434949807823,3685.6617069861386,11065.344632768361
1781632096,25,POST,/likes,0.800000,0.000000,16,16,17,17,49,49,49,49,49,49,49,35,0,14,14.92530331348202,3.614417015342042,65.06649701623246,179.02857142857144
1781632096,25,POST,/posts,0.500000,0.000000,12,12,13,23,58,58,58,58,58,58,58,74,0,11,12.966316796656749,2.8255750075913966,61.55349098844454,226.44594594594594
1781632096,25,GET,/timeline/{user_id},6.100000,0.000000,1500,1600,1700,1700,1700,1800,1900,1900,1900,1900,1900,476,0,1600.0,1408.8121145107552,24.106113996822387,1939.4658879900817,5419.644957983193
1781632096,25,GET,/users/{user_id},1.500000,0.000000,8,9,9,10,12,49,49,49,49,49,49,173,0,9,14.273034202774738,3.2889389840420336,90.32415700494312,263.95375722543355
1781632096,25,,Aggregated,22.000000,0.000000,74,1500,1700,2000,2900,3100,3300,3600,3600,3600,3600,1868,0,60,892.3872167468317,2.8255750075913966,3685.6617069861386,6121.426659528908
1781632097,25,GET,/feed/{user_id},8.500000,0.000000,14,16,27,39,70,85,100,130,130,130,130,764,0,13,24.66470464930415,3.844060003757477,169.29394099861383,6440.336387434555
1781632097,25,GET,/feed/{user_id}?with_fof=true,4.100000,0.000000,2900,3000,3100,3200,3300,3400,3600,3600,3600,3600,3600,359,0,2800.0,2752.955407893913,880.0434949807823,3685.6617069861386,11075.236768802228
1781632097,25,POST,/likes,0.600000,0.000000,16,16,17,17,49,49,49,49,49,49,49,35,0,14,14.92530331348202,3.614417015342042,65.06649701623246,179.02857142857144
1781632097,25,POST,/posts,1.000000,0.000000,12,12,13,23,58,58,58,58,58,58,58,74,0,11,12.966316796656749,2.8255750075913966,61.55349098844454,226.44594594594594
1781632097,25,GET,/timeline/{user_id},6.300000,0.000000,1600,1700,1700,1700,1800,1800,1900,1900,1900,1900,1900,483,0,1600.0,1410.3116998181429,24.106113996822387,1939.4658879900817,5430.360248447205
1781632097,25,GET,/users/{user_id},1.700000,0.000000,8,9,9,10,12,49,49,49,49,49,49,175,0,9,14.185298994748987,3.2889389840420336,90.32415700494312,263.8742857142857
1781632097,25,,Aggregated,22.200000,0.000000,70,1600,1800,2100,2900,3100,3300,3600,3600,3600,3600,1890,0,60,895.3966651752125,2.8255750075913966,3685.6617069861386,6131.477248677249
1781632098,25,GET,/feed/{user_id},8.300000,0.000000,13,16,25,39,70,85,100,110,110,110,110,771,0,13,24.768554271170423,3.844060003757477,169.29394099861383,6434.024643320363
1781632098,25,GET,/feed/{user_id}?with_fof=true,4.400000,0.000000,2900,3100,3200,3300,3300,3500,3600,3600,3600,3600,3600,364,0,2800.0,2758.5469129915728,880.0434949807823,3685.6617069861386,11082.925824175823
1781632098,25,POST,/likes,0.600000,0.000000,10,17,17,49,49,49,49,49,49,49,49,35,0,14,14.92530331348202,3.614417015342042,65.06649701623246,179.02857142857144
1781632098,25,POST,/posts,1.000000,0.000000,12,12,13,23,58,58,58,58,58,58,58,75,0,11,12.849328199323887,2.8255750075913966,61.55349098844454,226.44
1781632098,25,GET,/timeline/{user_id},5.900000,0.000000,1600,1700,1700,1700,1800,1800,1900,1900,1900,1900,1900,491,0,1600.0,1409.2607304302462,24.106113996822387,1939.4658879900817,5424.543788187373
1781632098,25,GET,/users/{user_id},1.600000,0.000000,8,9,9,10,49,58,58,58,58,58,58,177,0,9,14.395551842349281,3.2889389840420336,90.32415700494312,263.8757062146893
1781632098,25,,Aggregated,21.800000,0.000000,75,1600,1800,2200,2900,3200,3300,3500,3600,3600,3600,1913,0,62,898.6872703712875,2.8255750075913966,3685.6617069861386,6130.801881860952
1781632099,25,GET,/feed/{user_id},7.800000,0.000000,14,16,25,39,70,85,100,110,110,110,110,774,0,13,24.733220704267758,3.844060003757477,169.29394099861383,6437.510335917313
1781632099,25,GET,/feed/{user_id}?with_fof=true,4.100000,0.000000,2900,3100,3200,3300,3300,3500,3600,3600,3600,3600,3600,367,0,2800.0,2758.541968871734,880.0434949807823,3685.6617069861386,11081.615803814713
1781632099,25,POST,/likes,0.600000,0.000000,10,17,17,49,49,49,49,49,49,49,49,35,0,14,14.92530331348202,3.614417015342042,65.06649701623246,179.02857142857144
1781632099,25,POST,/posts,0.900000,0.000000,12,12,13,23,58,58,58,58,58,58,58,75,0,11,12.849328199323887,2.8255750075913966,61.55349098844454,226.44
1781632099,25,GET,/timeline/{user_id},5.500000,0.000000,1600,1600,1700,1700,1800,1800,1800,1900,1900,1900,1900,498,0,1600.0,1407.266152070753,24.106113996822387,1939.4658879900817,5428.273092369478
1781632099,25,GET,/users/{user_id},1.400000,0.000000,9,9,10,11,49,58,58,58,58,58,58,181,0,9,14.30981128234725,3.2889389840420336,90.32415700494312,263.8839779005525
1781632099,25,,Aggregated,20.300000,0.000000,71,1600,1700,2000,2900,3200,3300,3500,3600,3600,3600,1930,0,62,899.701098551964,2.8255750075913966,3685.6617069861386,6126.361658031088
1781632100,25,GET,/feed/{user_id},8.200000,0.000000,15,18,25,39,69,85,100,110,110,110,110,780,0,13,24.797817929618013,3.844060003757477,169.29394099861383,6425.94358974359
1781632100,25,GET,/feed/{user_id}?with_fof=true,4.600000,0.000000,2800,3000,3100,3200,3300,3300,3500,3500,3500,3500,3500,372,0,2800.0,2757.1535900670797,880.0434949807823,3685.6617069861386,11083.040322580646
1781632100,25,POST,/likes,0.500000,0.000000,17,17,49,49,72,72,72,72,72,72,72,36,0,14,16.52277322136797,3.614417015342042,72.4342199973762,179.02777777777777
1781632100,25,POST,/posts,1.000000,0.000000,12,12,13,13,58,58,58,58,58,58,58,75,0,11,12.849328199323887,2.8255750075913966,61.55349098844454,226.44
1781632100,25,GET,/timeline/{user_id},5.300000,0.000000,1600,1700,1700,1700,1800,1800,1900,1900,1900,1900,1900,504,0,1600.0,1411.538979667158,24.106113996822387,1939.4658879900817,5429.472222222223
1781632100,25,GET,/users/{user_id},1.300000,0.000000,9,9,10,11,49,58,58,58,58,58,58,182,0,9,14.270472176376844,3.2889389840420336,90.32415700494312,263.8791208791209
1781632100,25,,Aggregated,20.900000,0.000000,71,1500,1700,1800,2700,3100,3300,3300,3500,3500,3500,1949,0,64,903.3221265414686,2.8255750075913966,3685.6617069861386,6127.77578245254
1781632101,25,GET,/feed/{user_id},8.300000,0.000000,13,16,20,28,74,93,100,110,110,110,110,785,0,13,24.87269937595394,3.844060003757477,169.29394099861383,6433.91974522293
1781632101,25,GET,/feed/{user_id}?with_fof=true,4.900000,0.000000,2900,3100,3100,3200,3300,3300,3500,3500,3500,3500,3500,377,0,2800.0,2759.3229450635918,880.0434949807823,3685.6617069861386,11088.899204244031
1781632101,25,POST,/likes,0.500000,0.000000,10,49,49,72,72,72,72,72,72,72,72,36,0,14,16.52277322136797,3.614417015342042,72.4342199973762,179.02777777777777
1781632101,25,POST,/posts,1.000000,0.000000,12,12,13,13,58,58,58,58,58,58,58,75,0,11,12.849328199323887,2.8255750075913966,61.55349098844454,226.44
1781632101,25,GET,/timeline/{user_id},5.500000,0.000000,1600,1700,1700,1700,1800,1800,1900,1900,1900,1900,1900,506,0,1600.0,1412.812993534058,24.106113996822387,1939.4658879900817,5421.537549407115
1781632101,25,GET,/users/{user_id},1.600000,0.000000,9,9,10,11,49,58,58,58,58,58,58,182,0,9,14.270472176376844,3.2889389840420336,90.32415700494312,263.8791208791209
1781632101,25,,Aggregated,21.800000,0.000000,110,1600,1800,2200,2900,3200,3300,3300,3500,3500,3500,1961,0,65,907.1029777737635,2.8255750075913966,3685.6617069861386,6142.730239673636
1781632102,25,GET,/feed/{user_id},8.400000,0.000000,13,16,18,27,64,93,100,110,110,110,110,794,0,13,24.703904692850706,3.844060003757477,169.29394099861383,6425.858942065491
1781632102,25,GET,/feed/{user_id}?with_fof=true,4.600000,0.000000,2900,3100,3200,3200,3300,3300,3500,3500,3500,3500,3500,383,0,2800.0,2758.3303277466025,880.0434949807823,3685.6617069861386,11097.060052219322
1781632102,25,POST,/likes,0.600000,0.000000,11,49,49,72,72,72,72,72,72,72,72,37,0,14,16.37977045863187,3.614417015342042,72.4342199973762,179.02702702702703
1781632102,25,POST,/posts,1.000000,0.000000,12,12,13,13,58,58,58,58,58,58,58,75,0,11,12.849328199323887,2.8255750075913966,61.55349098844454,226.44
1781632102,25,GET,/timeline/{user_id},5.700000,0.000000,1600,1700,1700,1700,1800,1800,1900,1900,1900,1900,1900,511,0,1600.0,1415.2625465228855,24.106113996822387,1939.4658879900817,5424.974559686889
1781632102,25,GET,/users/{user_id},1.700000,0.000000,9,10,10,11,12,58,58,58,58,58,58,184,0,9,14.212899451629948,3.2889389840420336,90.32415700494312,263.8641304347826
1781632102,25,,Aggregated,22.000000,0.000000,110,1700,1800,2400,3000,3200,3300,3500,3500,3500,3500,1984,0,65,908.9916843484301,2.8255750075913966,3685.6617069861386,6147.492943548387
1781632103,25,GET,/feed/{user_id},8.400000,0.000000,13,16,27,41,85,100,110,120,120,120,120,805,0,13,24.76641670948976,3.844060003757477,169.29394099861383,6419.001242236025
1781632103,25,GET,/feed/{user_id}?with_fof=true,4.000000,0.000000,2800,3000,3200,3200,3300,3300,3500,3500,3500,3500,3500,387,0,2800.0,2757.5205697026613,880.0434949807823,3685.6617069861386,11097.42377260982
1781632103,25,POST,/likes,0.500000,0.000000,18,49,72,72,86,86,86,86,86,86,86,39,0,15,18.189260845806878,3.614417015342042,85.73829600936733,179.02564102564102
1781632103,25,POST,/posts,0.800000,0.000000,11,12,13,13,58,58,58,58,58,58,58,76,0,11,12.802494288878638,2.8255750075913966,61.55349098844454,226.44736842105263
1781632103,25,GET,/timeline/{user_id},5.600000,0.000000,1700,1700,1700,1700,1800,1800,1900,1900,1900,1900,1900,517,0,1600.0,1414.7263013021332,24.106113996822387,1939.4658879900817,5426.073500967118
1781632103,25,GET,/users/{user_id},1.800000,0.000000,9,11,12,12,58,74,74,74,74,74,74,187,0,9,14.502653872337751,3.2889389840420336,90.32415700494312,263.8716577540107
1781632103,25,,Aggregated,21.100000,0.000000,120,1700,1800,2400,2900,3200,3300,3500,3500,3500,3500,2011,0,65,906.4670764357735,2.8255750075913966,3685.6617069861386,6136.655892590751
1781632104,25,GET,/feed/{user_id},7.100000,0.000000,14,18,35,43,93,100,110,120,120,120,120,816,0,13,24.93057218032168,3.844060003757477,169.29394099861383,6425.129901960784
1781632104,25,GET,/feed/{user_id}?with_fof=true,4.400000,0.000000,2900,3100,3200,3200,3300,3500,3800,3800,3800,3800,3800,390,0,2800.0,2762.8235717254797,880.0434949807823,3768.4320920088794,11099.861538461539
1781632104,25,POST,/likes,0.500000,0.000000,49,49,72,72,86,86,86,86,86,86,86,40,0,15,18.18804462454864,3.614417015342042,85.73829600936733,179.0
1781632104,25,POST,/posts,0.600000,0.000000,11,12,13,13,58,58,58,58,58,58,58,76,0,11,12.802494288878638,2.8255750075913966,61.55349098844454,226.44736842105263
1781632104,25,GET,/timeline/{user_id},5.400000,0.000000,1700,1700,1700,1700,1800,1800,1900,1900,1900,1900,1900,522,0,1600.0,1414.23397432407,24.106113996822387,1939.4658879900817,5423.335249042146
1781632104,25,GET,/users/{user_id},1.600000,0.000000,10,11,12,12,58,74,74,74,74,74,74,187,0,9,14.502653872337751,3.2889389840420336,90.32415700494312,263.8716577540107
1781632104,25,,Aggregated,19.600000,0.000000,320,1700,1800,2400,3000,3200,3500,3500,3800,3800,3800,2031,0,65,906.1975293423477,2.8255750075913966,3768.4320920088794,6143.056129985229
1781632105,25,GET,/feed/{user_id},7.100000,0.000000,14,18,35,43,94,100,110,120,120,120,120,822,0,13,25.02067625199568,3.844060003757477,169.29394099861383,6419.42700729927
1781632105,25,GET,/feed/{user_id}?with_fof=true,4.300000,0.000000,2800,3100,3200,3200,3300,3500,3800,3800,3800,3800,3800,395,0,2800.0,2760.12186757451,880.0434949807823,3768.4320920088794,11078.172151898734
1781632105,25,POST,/likes,0.500000,0.000000,49,49,72,72,86,86,86,86,86,86,86,40,0,15,18.18804462454864,3.614417015342042,85.73829600936733,179.0
1781632105,25,POST,/posts,0.600000,0.000000,9,9,9,9,9,9,9,9,9,9,9,76,0,11,12.802494288878638,2.8255750075913966,61.55349098844454,226.44736842105263
1781632105,25,GET,/timeline/{user_id},5.500000,0.000000,1700,1700,1700,1700,1800,1800,1900,1900,1900,1900,1900,527,0,1600.0,1416.189687764875,24.106113996822387,1939.4658879900817,5408.518026565465
1781632105,25,GET,/users/{user_id},1.700000,0.000000,11,12,12,58,60,74,74,74,74,74,74,190,0,9,14.954149016595789,3.2889389840420336,90.32415700494312,263.88947368421054
1781632105,25,,Aggregated,19.700000,0.000000,320,1700,1800,2400,3000,3200,3500,3500,3800,3800,3800,2050,0,65,908.1409261889029,2.8255750075913966,3768.4320920088794,6135.339024390244
1781632106,25,GET,/feed/{user_id},6.800000,0.000000,14,18,28,43,93,100,110,120,120,120,120,834,0,13,25.019774292753418,3.844060003757477,169.29394099861383,6411.646282973621
1781632106,25,GET,/feed/{user_id}?with_fof=true,4.600000,0.000000,2800,3100,3100,3200,3300,3500,3800,3800,3800,3800,3800,400,0,2800.0,2758.2882581222657,880.0434949807823,3768.4320920088794,11086.29
1781632106,25,POST,/likes,0.600000,0.000000,49,49,72,72,86,86,86,86,86,86,86,40,0,15,18.18804462454864,3.614417015342042,85.73829600936733,179.0
1781632106,25,POST,/posts,0.700000,0.000000,9,9,9,9,9,9,9,9,9,9,9,76,0,11,12.802494288878638,2.8255750075913966,61.55349098844454,226.44736842105263
1781632106,25,GET,/timeline/{user_id},5.500000,0.000000,1600,1700,1700,1700,1800,1800,1900,1900,1900,1900,1900,534,0,1600.0,1416.6892914532916,24.106113996822387,1939.4658879900817,5403.668539325843
1781632106,25,GET,/users/{user_id},1.700000,0.000000,11,12,12,58,60,74,74,74,74,74,74,194,0,9,14.827634985306656,3.2889389840420336,90.32415700494312,263.89690721649487
1781632106,25,,Aggregated,19.900000,0.000000,120,1700,1800,2400,3000,3200,3500,3500,3800,3800,3800,2078,0,65,907.2526223210812,2.8255750075913966,3768.4320920088794,6132.316650625601
1781632107,25,GET,/feed/{user_id},7.100000,0.000000,14,21,35,58,100,100,110,120,120,120,120,840,0,13,25.198363562057715,3.844060003757477,169.29394099861383,6412.511904761905
1781632107,25,GET,/feed/{user_id}?with_fof=true,4.600000,0.000000,2700,3000,3100,3100,3300,3500,3800,3800,3800,3800,3800,405,0,2800.0,2758.3234071552633,880.0434949807823,3768.4320920088794,11092.298765432099
1781632107,25,POST,/likes,0.600000,0.000000,18,72,72,86,86,86,86,86,86,86,86,40,0,15,18.18804462454864,3.614417015342042,85.73829600936733,179.0
1781632107,25,POST,/posts,0.200000,0.000000,9,9,55,55,55,55,55,55,55,55,55,77,0,11,13.353429324229477,2.8255750075913966,61.55349098844454,226.4805194805195
1781632107,25,GET,/timeline/{user_id},5.100000,0.000000,1600,1700,1700,1700,1700,1800,1900,1900,1900,1900,1900,540,0,1600.0,1416.803687992689,24.106113996822387,1939.4658879900817,5393.985185185185
1781632107,25,GET,/users/{user_id},1.600000,0.000000,11,12,12,58,60,74,74,74,74,74,74,195,0,9,14.800741062320482,3.2889389840420336,90.32415700494312,263.8871794871795
1781632107,25,,Aggregated,19.200000,0.000000,110,1600,1700,2300,2700,3100,3500,3600,3800,3800,3800,2097,0,69,909.8729027926382,2.8255750075913966,3768.4320920088794,6136.242250834525
1781632108,25,GET,/feed/{user_id},7.000000,0.000000,14,19,35,49,100,100,110,120,120,120,120,848,0,13,25.259550304395336,3.844060003757477,169.29394099861383,6411.726415094339
1781632108,25,GET,/feed/{user_id}?with_fof=true,4.500000,0.000000,2700,2800,3000,3100,3300,3500,3800,3800,3800,3800,3800,408,0,2800.0,2757.325155551228,880.0434949807823,3768.4320920088794,11095.485294117647
1781632108,25,POST,/likes,0.600000,0.000000,18,18,72,72,86,86,86,86,86,86,86,41,0,15,18.07580617037829,3.614417015342042,85.73829600936733,179.02439024390245
1781632108,25,POST,/posts,0.200000,0.000000,9,9,55,55,55,55,55,55,55,55,55,77,0,11,13.353429324229477,2.8255750075913966,61.55349098844454,226.4805194805195
1781632108,25,GET,/timeline/{user_id},5.600000,0.000000,1600,1700,1700,1700,1700,1800,1900,1900,1900,1900,1900,548,0,1600.0,1417.1665347792866,24.106113996822387,1939.4658879900817,5387.038321167884
1781632108,25,GET,/users/{user_id},1.900000,0.000000,10,12,12,59,74,98,98,98,98,98,98,197,0,9,15.168906716324937,3.2889389840420336,97.96039797947742,263.9187817258883
1781632108,25,,Aggregated,19.800000,0.000000,100,1600,1700,2300,2700,3100,3500,3600,3800,3800,3800,2119,0,71,909.7563095404174,2.8255750075913966,3768.4320920088794,6131.651722510618
1781632109,25,GET,/feed/{user_id},7.600000,0.000000,15,21,35,49,100,100,110,120,120,120,120,850,0,13,25.259887178955765,3.844060003757477,169.29394099861383,6417.965882352941
1781632109,25,GET,/feed/{user_id}?with_fof=true,4.700000,0.000000,2700,2800,3000,3100,3300,3500,3800,3800,3800,3800,3800,412,0,2700.0,2755.496048718254,880.0434949807823,3768.4320920088794,11102.097087378641
1781632109,25,POST,/likes,0.500000,0.000000,18,18,72,72,86,86,86,86,86,86,86,41,0,15,18.07580617037829,3.614417015342042,85.73829600936733,179.02439024390245
1781632109,25,POST,/posts,0.200000,0.000000,9,9,55,55,55,55,55,55,55,55,55,77,0,11,13.353429324229477,2.8255750075913966,61.55349098844454,226.4805194805195
1781632109,25,GET,/timeline/{user_id},5.700000,0.000000,1600,1700,1700,1700,1700,1800,1900,1900,1900,1900,1900,550,0,1600.0,1416.6947104818908,24.106113996822387,1939.4658879900817,5396.761818181818
1781632109,25,GET,/users/{user_id},2.000000,0.000000,12,12,13,59,74,98,98,98,98,98,98,199,0,9,15.141531206426402,3.2889389840420336,97.96039797947742,263.94472361809045
1781632109,25,,Aggregated,20.700000,0.000000,100,1600,1800,2300,2700,3100,3500,3600,3800,3800,3800,2129,0,71,911.5546518365913,2.8255750075913966,3768.4320920088794,6141.314232033818
1781632110,25,GET,/feed/{user_id},7.700000,0.000000,14,21,28,47,90,100,110,120,120,120,120,858,0,13,25.226336113182125,3.844060003757477,169.29394099861383,6409.568764568765
1781632110,25,GET,/feed/{user_id}?with_fof=true,4.300000,0.000000,2700,2800,3000,3100,3200,3500,3800,3800,3800,3800,3800,418,0,2700.0,2756.470416128885,880.0434949807823,3768.4320920088794,11112.296650717703
1781632110,25,POST,/likes,0.600000,0.000000,18,18,18,18,86,86,86,86,86,86,86,42,0,15,18.043754332687794,3.614417015342042,85.73829600936733,179.04761904761904
1781632110,25,POST,/posts,0.200000,0.000000,55,55,55,55,55,55,55,55,55,55,55,77,0,11,13.353429324229477,2.8255750075913966,61.55349098844454,226.4805194805195
1781632110,25,GET,/timeline/{user_id},5.400000,0.000000,1600,1700,1700,1700,1700,1800,1800,1800,1800,1800,1800,558,0,1600.0,1419.3603334499137,24.106113996822387,1939.4658879900817,5401.215053763441
1781632110,25,GET,/users/{user_id},2.100000,0.000000,11,12,13,59,74,98,98,98,98,98,98,201,0,9,15.058085796294678,3.2889389840420336,97.96039797947742,263.9303482587065
1781632110,25,,Aggregated,20.300000,0.000000,110,1600,1800,2400,2700,3100,3500,3600,3800,3800,3800,2154,0,72,914.8860832762441,2.8255750075913966,3768.4320920088794,6144.956824512535
1781632111,25,GET,/feed/{user_id},7.700000,0.000000,15,21,28,37,88,100,110,120,120,120,120,873,0,13,25.176455541976587,3.844060003757477,169.29394099861383,6425.459335624284
1781632111,25,GET,/feed/{user_id}?with_fof=true,4.600000,0.000000,2700,3000,3000,3100,3200,3500,3800,3800,3800,3800,3800,423,0,2700.0,2756.989641855394,880.0434949807823,3768.4320920088794,11113.413711583924
1781632111,25,POST,/likes,0.600000,0.000000,17,18,18,18,86,86,86,86,86,86,86,43,0,15,17.821557255364347,3.614417015342042,85.73829600936733,179.06976744186048
1781632111,25,POST,/posts,0.200000,0.000000,55,55,55,55,55,55,55,55,55,55,55,77,0,11,13.353429324229477,2.8255750075913966,61.55349098844454,226.4805194805195
1781632111,25,GET,/timeline/{user_id},5.500000,0.000000,1600,1700,1700,1700,1700,1800,1800,1800,1800,1800,1800,562,0,1600.0,1421.1138352012017,24.106113996822387,1939.4658879900817,5398.964412811388
1781632111,25,GET,/users/{user_id},2.000000,0.000000,10,12,13,59,61,74,98,98,98,98,98,206,0,9,15.140468611843088,3.2889389840420336,97.96039797947742,264.0339805825243
1781632111,25,,Aggregated,20.600000,0.000000,88,1600,1700,1800,2700,3000,3200,3500,3800,3800,3800,2184,0,69,911.9803649862814,2.8255750075913966,3768.4320920088794,6146.587912087912
1781632112,25,GET,/feed/{user_id},7.600000,0.000000,16,22,35,58,90,100,110,120,120,120,120,881,0,13,25.238597222634777,3.844060003757477,169.29394099861383,6420.640181611805
1781632112,25,GET,/feed/{user_id}?with_fof=true,4.500000,0.000000,2700,3000,3000,3100,3200,3500,3800,3800,3800,3800,3800,426,0,2700.0,2759.055323602903,880.0434949807823,3768.4320920088794,11118.462441314554
1781632112,25,POST,/likes,0.500000,0.000000,18,18,18,18,86,86,86,86,86,86,86,43,0,15,17.821557255364347,3.614417015342042,85.73829600936733,179.06976744186048
1781632112,25,POST,/posts,0.200000,0.000000,55,55,55,55,55,55,55,55,55,55,55,77,0,11,13.353429324229477,2.8255750075913966,61.55349098844454,226.4805194805195
1781632112,25,GET,/timeline/{user_id},5.300000,0.000000,1600,1600,1700,1700,1700,1800,1800,1800,1800,1800,1800,567,0,1600.0,1416.1093748396147,24.106113996822387,1939.4658879900817,5408.26455026455
1781632112,25,GET,/users/{user_id},1.800000,0.000000,10,12,12,13,61,74,98,98,98,98,98,210,0,9,14.995584933647132,3.2889389840420336,97.96039797947742,264.0190476190476
1781632112,25,,Aggregated,19.900000,0.000000,89,1600,1700,2200,2700,3000,3200,3500,3800,3800,3800,2204,0,69,909.9230496361397,2.8255750075913966,3768.4320920088794,6143.429219600726
1781632113,25,GET,/feed/{user_id},8.100000,0.000000,16,21,28,44,90,100,100,110,110,110,110,886,0,13,25.183249315016738,3.844060003757477,169.29394099861383,6429.702031602709
1781632113,25,GET,/feed/{user_id}?with_fof=true,4.600000,0.000000,2600,2800,3000,3000,3100,3200,3600,3600,3600,3600,3600,431,0,2700.0,2757.2938878233153,880.0434949807823,3768.4320920088794,11125.707656612529
1781632113,25,POST,/likes,0.700000,0.000000,18,18,18,18,86,86,86,86,86,86,86,43,0,15,17.821557255364347,3.614417015342042,85.73829600936733,179.06976744186048
1781632113,25,POST,/posts,0.200000,0.000000,55,55,55,55,55,55,55,55,55,55,55,77,0,11,13.353429324229477,2.8255750075913966,61.55349098844454,226.4805194805195
1781632113,25,GET,/timeline/{user_id},5.600000,0.000000,1600,1700,1700,1700,1800,1800,1800,1800,1800,1800,1800,571,0,1600.0,1418.3250165166967,24.106113996822387,1939.4658879900817,5412.954465849387
1781632113,25,GET,/users/{user_id},2.200000,0.000000,10,10,12,13,60,61,98,98,98,98,98,211,0,9,14.957085706434826,3.2889389840420336,97.96039797947742,264.01421800947867
1781632113,25,,Aggregated,21.400000,0.000000,92,1600,1700,2300,2700,3000,3200,3400,3600,3600,3600,2219,0,71,912.8076138260441,2.8255750075913966,3768.4320920088794,6157.520955385308
1781632114,25,GET,/feed/{user_id},9.200000,0.000000,16,21,28,37,78,92,100,100,100,100,100,887,0,13,25.169014112831995,3.844060003757477,169.29394099861383,6430.724915445321
1781632114,25,GET,/feed/{user_id}?with_fof=true,4.500000,0.000000,2700,3000,3000,3100,3300,3400,3600,3600,3600,3600,3600,437,0,2800.0,2761.8363516517643,880.0434949807823,3768.4320920088794,11130.922196796339
1781632114,25,POST,/likes,0.700000,0.000000,18,18,18,18,86,86,86,86,86,86,86,43,0,15,17.821557255364347,3.614417015342042,85.73829600936733,179.06976744186048
1781632114,25,POST,/posts,0.200000,0.000000,55,55,55,55,55,55,55,55,55,55,55,77,0,11,13.353429324229477,2.8255750075913966,61.55349098844454,226.4805194805195
1781632114,25,GET,/timeline/{user_id},5.700000,0.000000,1600,1700,1700,1700,1800,1800,1800,1800,1800,1800,1800,575,0,1600.0,1418.202323587915,24.106113996822387,1939.4658879900817,5402.52
1781632114,25,GET,/users/{user_id},2.400000,0.000000,10,10,12,12,59,61,98,98,98,98,98,211,0,9,14.957085706434826,3.2889389840420336,97.96039797947742,264.01421800947867
1781632114,25,,Aggregated,22.700000,0.000000,340,1700,1800,2400,2800,3100,3400,3500,3600,3600,3600,2230,0,72,919.1319387250934,2.8255750075913966,3768.4320920088794,6168.413004484305
1781632115,25,GET,/feed/{user_id},8.600000,0.000000,15,18,24,30,78,100,100,110,110,110,110,900,0,13,25.06805325564023,3.844060003757477,169.29394099861383,6432.337777777778
1781632115,25,GET,/feed/{user_id}?with_fof=true,4.300000,0.000000,2700,3000,3100,3200,3300,3400,3600,3600,3600,3600,3600,443,0,2800.0,2763.4737587287,880.0434949807823,3768.4320920088794,11138.259593679459
1781632115,25,POST,/likes,0.600000,0.000000,14,14,17,17,17,17,17,17,17,17,17,43,0,15,17.821557255364347,3.614417015342042,85.73829600936733,179.06976744186048
1781632115,25,POST,/posts,0.200000,0.000000,55,55,55,55,55,55,55,55,55,55,55,77,0,11,13.353429324229477,2.8255750075913966,61.55349098844454,226.4805194805195
1781632115,25,GET,/timeline/{user_id},5.400000,0.000000,1600,1700,1700,1700,1800,1800,1800,1800,1800,1800,1800,578,0,1600.0,1420.1005021212695,24.106113996822387,1939.4658879900817,5399.157439446367
1781632115,25,GET,/users/{user_id},2.600000,0.000000,10,12,12,12,13,61,98,98,98,98,98,213,0,9,14.932868493247575,3.2889389840420336,97.96039797947742,264.0
1781632115,25,,Aggregated,21.700000,0.000000,100,1700,1800,2400,2800,3100,3400,3500,3600,3600,3600,2254,0,71,919.5090751029247,2.8255750075913966,3768.4320920088794,6178.099822537711
1781632116,25,GET,/feed/{user_id},7.900000,0.000000,15,18,24,30,89,100,100,110,110,110,110,909,0,13,25.10633128171385,3.844060003757477,169.29394099861383,6430.72497249725
1781632116,25,GET,/feed/{user_id}?with_fof=true,4.200000,0.000000,2700,3000,3100,3200,3400,3400,3600,3600,3600,3600,3600,448,0,2800.0,2763.0006087072484,880.0434949807823,3768.4320920088794,11144.979910714286
1781632116,25,POST,/likes,0.300000,0.000000,14,17,17,21,21,21,21,21,21,21,21,45,0,15,17.804357399775956,3.614417015342042,85.73829600936733,179.0222222222222
1781632116,25,POST,/posts,0.100000,0.000000,55,55,55,55,55,55,55,55,55,55,55,78,0,11,13.339920486965312,2.8255750075913966,61.55349098844454,226.48717948717947
1781632116,25,GET,/timeline/{user_id},5.000000,0.000000,1700,1700,1700,1700,1800,1800,1800,1800,1800,1800,1800,585,0,1600.0,1420.98394015393,24.106113996822387,1939.4658879900817,5404.500854700855
1781632116,25,GET,/users/{user_id},2.400000,0.000000,10,12,12,13,61,98,98,98,98,98,98,214,0,9,14.919281261945883,3.2889389840420336,97.96039797947742,263.99532710280374
1781632116,25,,Aggregated,19.900000,0.000000,100,1700,1800,2500,2800,3200,3400,3500,3600,3600,3600,2279,0,72,920.1210921004844,2.8255750075913966,3768.4320920088794,6179.17068889864
1781632117,25,GET,/feed/{user_id},7.100000,0.000000,14,16,18,22,75,92,100,110,110,110,110,922,0,13,24.90634386019363,3.844060003757477,169.29394099861383,6438.142082429501
1781632117,25,GET,/feed/{user_id}?with_fof=true,4.700000,0.000000,2800,3000,3100,3200,3300,3400,3500,3500,3500,3500,3500,454,0,2800.0,2760.5557502727543,880.0434949807823,3768.4320920088794,11127.436123348018
1781632117,25,POST,/likes,0.300000,0.000000,14,17,17,21,21,21,21,21,21,21,21,45,0,15,17.804357399775956,3.614417015342042,85.73829600936733,179.0222222222222
1781632117,25,POST,/posts,0.100000,0.000000,55,55,55,55,55,55,55,55,55,55,55,78,0,11,13.339920486965312,2.8255750075913966,61.55349098844454,226.48717948717947
1781632117,25,GET,/timeline/{user_id},5.200000,0.000000,1600,1700,1700,1700,1800,1800,1800,1800,1800,1800,1800,589,0,1600.0,1420.0037491155717,24.106113996822387,1939.4658879900817,5410.146010186757
1781632117,25,GET,/users/{user_id},2.300000,0.000000,10,12,13,13,65,98,98,98,98,98,98,215,0,9,15.149967804913906,3.2889389840420336,97.96039797947742,263.9953488372093
1781632117,25,,Aggregated,19.700000,0.000000,98,1700,1800,2500,2800,3200,3400,3400,3500,3500,3500,2303,0,71,919.5558492622795,2.8255750075913966,3768.4320920088794,6190.56882327399
1781632118,25,GET,/feed/{user_id},7.900000,0.000000,14,16,18,21,46,89,98,110,110,110,110,925,0,13,24.91334982713483,3.844060003757477,169.29394099861383,6449.571891891892
1781632118,25,GET,/feed/{user_id}?with_fof=true,4.600000,0.000000,2800,3000,3100,3200,3300,3400,3500,3500,3500,3500,3500,457,0,2700.0,2758.0721945904606,880.0434949807823,3768.4320920088794,11116.492341356674
1781632118,25,POST,/likes,0.300000,0.000000,17,17,21,21,21,21,21,21,21,21,21,45,0,15,17.804357399775956,3.614417015342042,85.73829600936733,179.0222222222222
1781632118,25,POST,/posts,0.100000,0.000000,55,55,55,55,55,55,55,55,55,55,55,78,0,11,13.339920486965312,2.8255750075913966,61.55349098844454,226.48717948717947
1781632118,25,GET,/timeline/{user_id},4.900000,0.000000,1600,1700,1700,1700,1800,1800,1800,1800,1800,1800,1800,595,0,1600.0,1421.9214601161452,24.106113996822387,1939.4658879900817,5403.532773109244
1781632118,25,GET,/users/{user_id},2.100000,0.000000,12,12,13,15,61,65,98,98,98,98,98,217,0,9,15.35541023055847,3.2889389840420336,97.96039797947742,264.0
1781632118,25,,Aggregated,19.900000,0.000000,89,1700,1800,2400,2800,3200,3400,3400,3500,3500,3500,2317,0,72,921.3210807889732,2.8255750075913966,3768.4320920088794,6190.851532153647
1781632119,25,GET,/feed/{user_id},7.800000,0.000000,13,16,17,21,46,76,98,110,110,110,110,933,0,13,24.847718897200263,3.844060003757477,169.29394099861383,6431.426580921758
1781632119,25,GET,/feed/{user_id}?with_fof=true,4.900000,0.000000,2800,3000,3000,3100,3300,3400,3500,3500,3500,3500,3500,463,0,2700.0,2757.4926906086926,880.0434949807823,3768.4320920088794,11124.922246220302
1781632119,25,POST,/likes,0.500000,0.000000,17,17,21,21,21,21,21,21,21,21,21,45,0,15,17.804357399775956,3.614417015342042,85.73829600936733,179.0222222222222
1781632119,25,POST,/posts,0.200000,0.000000,12,15,15,55,55,55,55,55,55,55,55,81,0,11,13.262816308494543,2.8255750075913966,61.55349098844454,226.4814814814815
1781632119,25,GET,/timeline/{user_id},5.000000,0.000000,1600,1700,1700,1700,1800,1800,1900,1900,1900,1900,1900,601,0,1600.0,1424.303261263088,24.106113996822387,1939.4658879900817,5397.053244592346
1781632119,25,GET,/users/{user_id},2.000000,0.000000,10,12,13,15,61,65,65,65,65,65,65,217,0,9,15.35541023055847,3.2889389840420336,97.96039797947742,264.0
1781632119,25,,Aggregated,20.400000,0.000000,76,1600,1800,2500,2800,3100,3300,3400,3500,3500,3500,2340,0,73,923.5538058658278,2.8255750075913966,3768.4320920088794,6187.469230769231
1781632120,25,GET,/feed/{user_id},7.800000,0.000000,12,15,17,19,73,89,100,110,110,110,110,947,0,13,24.805853401365816,3.844060003757477,169.29394099861383,6405.022175290391
1781632120,25,GET,/feed/{user_id}?with_fof=true,5.000000,0.000000,2800,3000,3000,3100,3300,3400,3500,3500,3500,3500,3500,466,0,2700.0,2757.76255511341,880.0434949807823,3768.4320920088794,11123.56008583691
1781632120,25,POST,/likes,0.400000,0.000000,14,17,17,21,21,21,21,21,21,21,21,46,0,14,17.729240978318874,3.614417015342042,85.73829600936733,179.04347826086956
1781632120,25,POST,/posts,0.100000,0.000000,12,12,15,15,55,55,55,55,55,55,55,82,0,11,13.206948792752128,2.8255750075913966,61.55349098844454,226.4878048780488
1781632120,25,GET,/timeline/{user_id},4.900000,0.000000,1600,1700,1700,1700,1800,1800,1900,1900,1900,1900,1900,606,0,1600.0,1423.4844503038457,24.106113996822387,1939.4658879900817,5403.410891089109
1781632120,25,GET,/users/{user_id},2.000000,0.000000,12,13,15,59,65,76,76,76,76,76,76,221,0,9,15.543157565728782,3.2889389840420336,97.96039797947742,264.03619909502265
1781632120,25,,Aggregated,20.200000,0.000000,75,1600,1800,2400,2800,3100,3400,3400,3500,3500,3500,2368,0,71,919.1611585498766,2.8255750075913966,3768.4320920088794,6169.240709459459
1781632121,25,GET,/feed/{user_id},8.100000,0.000000,13,15,17,21,73,98,110,110,110,110,110,958,0,13,24.867989733896124,3.844060003757477,169.29394099861383,6422.4989561586635
1781632121,25,GET,/feed/{user_id}?with_fof=true,4.700000,0.000000,2700,2900,3000,3100,3300,3400,3500,3500,3500,3500,3500,472,0,2700.0,2755.2314292390015,880.0434949807823,3768.4320920088794,11123.737288135593
1781632121,25,POST,/likes,0.400000,0.000000,14,17,17,21,21,21,21,21,21,21,21,46,0,14,17.729240978318874,3.614417015342042,85.73829600936733,179.04347826086956
1781632121,25,POST,/posts,0.200000,0.000000,10,12,12,15,15,15,15,15,15,15,15,82,0,11,13.206948792752128,2.8255750075913966,61.55349098844454,226.4878048780488
1781632121,25,GET,/timeline/{user_id},5.000000,0.000000,1600,1700,1700,1700,1800,1800,1900,1900,1900,1900,1900,611,0,1600.0,1422.6552737252684,24.106113996822387,1939.4658879900817,5412.7692307692305
1781632121,25,GET,/users/{user_id},1.800000,0.000000,12,13,15,50,65,76,76,76,76,76,76,224,0,9,15.646543450852082,3.2889389840420336,97.96039797947742,264.0625
1781632121,25,,Aggregated,20.200000,0.000000,92,1600,1800,2400,2800,3100,3300,3400,3500,3500,3500,2393,0,71,918.9045054872624,2.8255750075913966,3768.4320920088794,6183.16673631425
1781632122,25,GET,/feed/{user_id},8.600000,0.000000,13,15,17,21,75,100,130,130,130,130,130,970,0,13,25.104102955773453,3.844060003757477,169.29394099861383,6422.403092783506
1781632122,25,GET,/feed/{user_id}?with_fof=true,5.100000,0.000000,2800,2900,3000,3100,3300,3400,3500,3500,3500,3500,3500,476,0,2800.0,2757.2854057202258,880.0434949807823,3768.4320920088794,11127.14075630252
1781632122,25,POST,/likes,0.400000,0.000000,14,17,17,21,21,21,21,21,21,21,21,46,0,14,17.729240978318874,3.614417015342042,85.73829600936733,179.04347826086956
1781632122,25,POST,/posts,0.500000,0.000000,10,12,12,15,15,15,15,15,15,15,15,82,0,11,13.206948792752128,2.8255750075913966,61.55349098844454,226.4878048780488
1781632122,25,GET,/timeline/{user_id},5.100000,0.000000,1600,1600,1700,1700,1800,1800,1800,1900,1900,1900,1900,620,0,1600.0,1422.4684023099292,24.106113996822387,1939.4658879900817,5401.059677419355
1781632122,25,GET,/users/{user_id},2.100000,0.000000,12,13,15,50,65,76,76,76,76,76,76,227,0,9,15.500393074948448,3.2889389840420336,97.96039797947742,264.08810572687224
1781632122,25,,Aggregated,21.800000,0.000000,100,1600,1800,2400,2800,3000,3300,3400,3500,3500,3500,2421,0,73,918.6973756861233,2.8255750075913966,3768.4320920088794,6179.951672862454
1781632123,25,GET,/feed/{user_id},8.900000,0.000000,13,16,17,21,73,100,130,130,130,130,130,977,0,13,25.10618563166995,3.844060003757477,169.29394099861383,6410.57318321392
1781632123,25,GET,/feed/{user_id}?with_fof=true,4.900000,0.000000,2800,2900,3000,3000,3300,3300,3400,3400,3400,3400,3400,478,0,2800.0,2757.6320436126166,880.0434949807823,3768.4320920088794,11127.537656903765
1781632123,25,POST,/likes,0.300000,0.000000,14,14,21,21,21,21,21,21,21,21,21,46,0,14,17.729240978318874,3.614417015342042,85.73829600936733,179.04347826086956
1781632123,25,POST,/posts,0.500000,0.000000,10,11,12,12,15,15,15,15,15,15,15,84,0,11,13.148086321182616,2.8255750075913966,61.55349098844454,226.46428571428572
1781632123,25,GET,/timeline/{user_id},4.800000,0.000000,1600,1600,1700,1700,1700,1800,1800,1900,1900,1900,1900,622,0,1600.0,1423.268649794438,24.106113996822387,1939.4658879900817,5387.32154340836
1781632123,25,GET,/users/{user_id},1.700000,0.000000,12,15,57,59,65,76,76,76,76,76,76,230,0,9,15.849925191445356,3.2889389840420336,97.96039797947742,264.12608695652176
1781632123,25,,Aggregated,21.100000,0.000000,73,1600,1700,2100,2800,3000,3300,3300,3400,3400,3400,2437,0,71,916.502021957787,2.8255750075913966,3768.4320920088794,6163.7320475995075
1781632124,25,GET,/feed/{user_id},8.000000,0.000000,13,16,21,42,78,97,110,130,130,130,130,997,0,13,25.311797249869798,3.844060003757477,169.29394099861383,6427.142427281846
1781632124,25,GET,/feed/{user_id}?with_fof=true,5.000000,0.000000,2700,2900,2900,3000,3100,3200,3400,3400,3400,3400,3400,486,0,2800.0,2757.7543611231154,880.0434949807823,3768.4320920088794,11135.818930041152
1781632124,25,POST,/likes,0.300000,0.000000,14,14,15,15,21,21,21,21,21,21,21,49,0,14,17.203148244761348,3.4904500062111765,85.73829600936733,179.0612244897959
1781632124,25,POST,/posts,0.500000,0.000000,10,11,11,12,15,15,15,15,15,15,15,86,0,11,13.039590848398634,2.8255750075913966,61.55349098844454,226.46511627906978
1781632124,25,GET,/timeline/{user_id},4.900000,0.000000,1600,1600,1700,1700,1700,1800,1800,1900,1900,1900,1900,627,0,1600.0,1424.939200636588,24.106113996822387,1939.4658879900817,5370.708133971292
1781632124,25,GET,/users/{user_id},1.800000,0.000000,12,15,57,59,65,76,76,76,76,76,76,231,0,9,15.80080953696279,3.2889389840420336,97.96039797947742,264.1212121212121
1781632124,25,,Aggregated,20.500000,0.000000,53,1500,1700,1800,2700,2900,3100,3200,3400,3400,3400,2476,0,70,914.602466172491,2.8255750075913966,3768.4320920088794,6169.85662358643
1781632125,25,GET,/feed/{user_id},8.900000,0.000000,13,16,21,45,75,97,110,130,130,130,130,1014,0,13,25.21595501887871,3.817910997895524,169.29394099861383,6422.2692307692305
1781632125,25,GET,/feed/{user_id}?with_fof=true,5.000000,0.000000,2800,2900,2900,3000,3100,3200,3300,3300,3300,3300,3300,492,0,2800.0,2756.6370174854383,880.0434949807823,3768.4320920088794,11135.65650406504
1781632125,25,POST,/likes,0.300000,0.000000,14,14,15,15,21,21,21,21,21,21,21,50,0,14,16.984378019697033,3.4904500062111765,85.73829600936733,179.06
1781632125,25,POST,/posts,0.500000,0.000000,11,11,12,12,15,15,15,15,15,15,15,87,0,11,13.030867746980304,2.8255750075913966,61.55349098844454,226.45977011494253
1781632125,25,GET,/timeline/{user_id},5.100000,0.000000,1600,1600,1600,1700,1700,1700,1800,1900,1900,1900,1900,632,0,1600.0,1422.295880455968,24.106113996822387,1939.4658879900817,5383.643987341772
1781632125,25,GET,/users/{user_id},1.900000,0.000000,11,15,57,59,65,76,76,76,76,76,76,232,0,9,15.773914952723285,3.2889389840420336,97.96039797947742,264.1163793103448
1781632125,25,,Aggregated,21.700000,0.000000,54,1500,1600,1700,2700,2900,3100,3200,3300,3300,3300,2507,0,69,911.9935540902084,2.8255750075913966,3768.4320920088794,6176.033905065816
1781632126,25,GET,/feed/{user_id},9.900000,0.000000,13,16,21,42,75,97,110,130,130,130,130,1029,0,13,25.09505670271955,3.817910997895524,169.29394099861383,6421.591836734694
1781632126,25,GET,/feed/{user_id}?with_fof=true,4.700000,0.000000,2800,2900,2900,2900,3000,3100,3300,3300,3300,3300,3300,493,0,2800.0,2755.713743555457,880.0434949807823,3768.4320920088794,11136.70182555781
1781632126,25,POST,/likes,0.300000,0.000000,14,14,15,15,21,21,21,21,21,21,21,50,0,14,16.984378019697033,3.4904500062111765,85.73829600936733,179.06
1781632126,25,POST,/posts,0.700000,0.000000,11,11,12,12,12,15,15,15,15,15,15,90,0,11,12.955927488575172,2.8255750075913966,61.55349098844454,226.46666666666667
1781632126,25,GET,/timeline/{user_id},5.300000,0.000000,1500,1600,1600,1600,1700,1700,1800,1900,1900,1900,1900,642,0,1600.0,1418.4254143086794,24.106113996822387,1939.4658879900817,5375.767912772586
1781632126,25,GET,/users/{user_id},2.000000,0.000000,11,15,57,59,65,76,76,76,76,76,76,234,0,9,15.681011987224213,3.2889389840420336,97.96039797947742,264.14957264957263
1781632126,25,,Aggregated,22.900000,0.000000,45,1300,1600,1700,2700,2900,3000,3100,3300,3300,3300,2538,0,65,906.5025272206767,2.8255750075913966,3768.4320920088794,6162.569345941686
1781632127,25,GET,/feed/{user_id},11.500000,0.000000,13,16,24,45,78,97,110,130,130,130,130,1038,0,13,25.148243326706112,3.817910997895524,169.29394099861383,6420.648362235067
1781632127,25,GET,/feed/{user_id}?with_fof=true,4.700000,0.000000,2800,2900,2900,3000,3100,3200,3300,3300,3300,3300,3300,496,0,2800.0,2754.260631983573,880.0434949807823,3768.4320920088794,11140.572580645161
1781632127,25,POST,/likes,0.700000,0.000000,14,14,15,15,21,21,21,21,21,21,21,51,0,14,16.836215450894088,3.4904500062111765,85.73829600936733,179.07843137254903
1781632127,25,POST,/posts,0.900000,0.000000,10,11,11,12,12,15,15,15,15,15,15,91,0,11,12.887797219573859,2.8255750075913966,61.55349098844454,226.47252747252747
1781632127,25,GET,/timeline/{user_id},5.200000,0.000000,1500,1600,1600,1600,1700,1700,1800,1900,1900,1900,1900,651,0,1600.0,1417.166851482527,24.106113996822387,1939.4658879900817,5371.886328725039
1781632127,25,GET,/users/{user_id},2.000000,0.000000,9,11,12,50,59,62,76,76,76,76,76,237,0,9,15.574305527548812,3.2889389840420336,97.96039797947742,264.1223628691983
1781632127,25,,Aggregated,25.000000,0.000000,46,1300,1600,1600,2600,2900,3000,3100,3300,3300,3300,2564,0,66,905.0371752328798,2.8255750075913966,3768.4320920088794,6154.365834633385
1781632128,25,GET,/feed/{user_id},11.400000,0.000000,14,19,29,54,90,110,120,130,130,130,130,1050,0,13,25.38454126103759,3.817910997895524,169.29394099861383,6435.941904761905
1781632128,25,GET,/feed/{user_id}?with_fof=true,4.800000,0.000000,2800,2900,2900,2900,3000,3200,3300,3300,3300,3300,3300,497,0,2800.0,2754.543350410195,880.0434949807823,3768.4320920088794,11141.597585513078
1781632128,25,POST,/likes,0.700000,0.000000,9,9,14,14,15,15,15,15,15,15,15,51,0,14,16.836215450894088,3.4904500062111765,85.73829600936733,179.07843137254903
1781632128,25,POST,/posts,1.000000,0.000000,10,11,11,12,12,54,54,54,54,54,54,92,0,11,13.337768771516098,2.8255750075913966,61.55349098844454,226.4673913043478
1781632128,25,GET,/timeline/{user_id},5.600000,0.000000,1500,1500,1600,1600,1700,1700,1800,1900,1900,1900,1900,660,0,1600.0,1411.7066776759616,24.106113996822387,1939.4658879900817,5370.775757575758
1781632128,25,GET,/users/{user_id},2.000000,0.000000,8,11,12,14,57,62,76,76,76,76,76,243,0,9,15.486412802485964,3.2889389840420336,97.96039797947742,264.09053497942386
1781632128,25,,Aggregated,25.500000,0.000000,42,560,1500,1600,2500,2900,3000,3100,3300,3300,3300,2593,0,66,899.8214966332703,2.8255750075913966,3768.4320920088794,6144.9930582337065
1781632129,25,GET,/feed/{user_id},11.800000,0.000000,14,19,29,47,86,100,120,130,130,130,130,1058,0,13,25.307035684405776,3.817910997895524,169.29394099861383,6432.568998109641
1781632129,25,GET,/feed/{user_id}?with_fof=true,4.200000,0.000000,2800,2900,2900,3000,3100,3200,3300,3300,3300,3300,3300,504,0,2700.0,2753.429798684212,880.0434949807823,3768.4320920088794,11146.970238095239
1781632129,25,POST,/likes,0.500000,0.000000,14,15,15,15,17,17,17,17,17,17,17,53,0,14,16.80402707512807,3.4904500062111765,85.73829600936733,179.1320754716981
1781632129,25,POST,/posts,1.200000,0.000000,10,11,11,12,12,54,54,54,54,54,54,92,0,11,13.337768771516098,2.8255750075913966,61.55349098844454,226.4673913043478
1781632129,25,GET,/timeline/{user_id},5.800000,0.000000,1500,1500,1600,1600,1700,1700,1700,1800,1800,1800,1800,668,0,1600.0,1411.301469881916,24.106113996822387,1939.4658879900817,5363.884730538922
1781632129,25,GET,/users/{user_id},2.000000,0.000000,7,10,11,14,50,57,62,62,62,62,62,245,0,9,15.414934449030884,3.2889389840420336,97.96039797947742,264.0775510204082
1781632129,25,,Aggregated,25.500000,0.000000,45,1200,1500,1600,2500,2900,3000,3200,3300,3300,3300,2620,0,66,901.9645768221521,2.8255750075913966,3768.4320920088794,6145.738167938931
1781632130,25,GET,/feed/{user_id},12.100000,0.000000,15,20,29,53,90,110,120,130,130,130,130,1065,0,13,25.39261739073592,3.817910997895524,169.29394099861383,6442.867605633803
1781632130,25,GET,/feed/{user_id}?with_fof=true,4.100000,0.000000,2800,2900,2900,2900,3100,3200,3300,3300,3300,3300,3300,506,0,2700.0,2752.4031123099594,880.0434949807823,3768.4320920088794,11148.958498023716
1781632130,25,POST,/likes,0.600000,0.000000,14,15,15,15,17,17,17,17,17,17,17,53,0,14,16.80402707512807,3.4904500062111765,85.73829600936733,179.1320754716981
1781632130,25,POST,/posts,1.300000,0.000000,11,11,12,12,15,54,54,54,54,54,54,93,0,11,13.35574270937071,2.8255750075913966,61.55349098844454,226.4731182795699
1781632130,25,GET,/timeline/{user_id},6.600000,0.000000,1500,1500,1600,1600,1600,1700,1700,1800,1800,1800,1800,674,0,1600.0,1410.8650764438426,24.106113996822387,1939.4658879900817,5353.491097922849
1781632130,25,GET,/users/{user_id},2.300000,0.000000,8,10,11,14,57,62,67,67,67,67,67,249,0,9,15.533403373542185,3.2889389840420336,97.96039797947742,264.1044176706827
1781632130,25,,Aggregated,27.000000,0.000000,50,1300,1500,1600,2500,2900,3000,3200,3300,3300,3300,2640,0,67,900.2585942500338,2.8255750075913966,3768.4320920088794,6139.241666666667
1781632131,25,GET,/feed/{user_id},12.100000,0.000000,15,18,25,42,90,110,120,130,130,130,130,1077,0,13,25.297299525694022,3.817910997895524,169.29394099861383,6444.350046425256
1781632131,25,GET,/feed/{user_id}?with_fof=true,4.000000,0.000000,2700,2900,2900,2900,3000,3200,3200,3200,3200,3200,3200,508,0,2700.0,2752.6317241216766,880.0434949807823,3768.4320920088794,11150.913385826772
1781632131,25,POST,/likes,0.700000,0.000000,14,15,15,15,17,17,17,17,17,17,17,53,0,14,16.80402707512807,3.4904500062111765,85.73829600936733,179.1320754716981
1781632131,25,POST,/posts,1.300000,0.000000,11,12,12,12,15,54,54,54,54,54,54,93,0,11,13.35574270937071,2.8255750075913966,61.55349098844454,226.4731182795699
1781632131,25,GET,/timeline/{user_id},6.300000,0.000000,1500,1500,1600,1600,1700,1700,1700,1800,1800,1800,1800,681,0,1600.0,1409.4327820897722,24.106113996822387,1939.4658879900817,5356.961820851689
1781632131,25,GET,/users/{user_id},2.700000,0.000000,8,10,11,14,57,62,67,67,67,67,67,251,0,9,15.502209844720731,3.2889389840420336,97.96039797947742,264.0876494023904
1781632131,25,,Aggregated,27.100000,0.000000,29,380,1500,1600,2500,2800,3000,3100,3200,3200,3200,2663,0,66,898.0208727841147,2.8255750075913966,3768.4320920088794,6139.7529102515955
1781632132,25,GET,/feed/{user_id},12.500000,0.000000,14,17,23,29,78,97,110,110,120,120,120,1089,0,13,25.132589440981373,3.817910997895524,169.29394099861383,6436.500459136822
1781632132,25,GET,/feed/{user_id}?with_fof=true,4.000000,0.000000,2600,2800,2900,3000,3100,3200,3200,3200,3200,3200,3200,515,0,2700.0,2750.3914994209695,880.0434949807823,3768.4320920088794,11158.619417475727
1781632132,25,POST,/likes,0.800000,0.000000,9,15,15,15,17,17,17,17,17,17,17,54,0,14,16.617037962229613,3.4904500062111765,85.73829600936733,179.14814814814815
1781632132,25,POST,/posts,1.000000,0.000000,11,12,15,15,15,54,54,54,54,54,54,94,0,11,13.368117074392973,2.8255750075913966,61.55349098844454,226.4787234042553
1781632132,25,GET,/timeline/{user_id},6.700000,0.000000,1500,1500,1600,1600,1700,1700,1700,1800,1800,1800,1800,682,0,1600.0,1409.8458766878878,24.106113996822387,1939.4658879900817,5358.019061583578
1781632132,25,GET,/users/{user_id},2.600000,0.000000,9,10,13,14,32,57,67,67,67,67,67,253,0,9,15.479384928968415,3.2889389840420336,97.96039797947742,264.1185770750988
1781632132,25,,Aggregated,27.600000,0.000000,25,830,1500,1600,2500,2800,3000,3100,3200,3200,3200,2687,0,65,897.4343533480273,2.8255750075913966,3768.4320920088794,6143.65165612207
1781632133,25,GET,/feed/{user_id},11.500000,0.000000,14,16,19,24,78,97,110,110,120,120,120,1098,0,13,25.03585921698428,3.817910997895524,169.29394099861383,6432.987249544627
1781632133,25,GET,/feed/{user_id}?with_fof=true,3.800000,0.000000,2700,2900,3000,3000,3100,3200,3500,3500,3500,3500,3500,522,0,2700.0,2753.615450633755,880.0434949807823,3768.4320920088794,11164.50957854406
1781632133,25,POST,/likes,0.700000,0.000000,9,15,15,15,17,17,17,17,17,17,17,54,0,14,16.617037962229613,3.4904500062111765,85.73829600936733,179.14814814814815
1781632133,25,POST,/posts,1.100000,0.000000,12,15,15,15,17,54,54,54,54,54,54,95,0,11,13.401467578583642,2.8255750075913966,61.55349098844454,226.4842105263158
1781632133,25,GET,/timeline/{user_id},6.800000,0.000000,1500,1500,1600,1600,1600,1700,1700,1700,1700,1700,1700,686,0,1600.0,1411.0563010395315,24.106113996822387,1939.4658879900817,5362.2172011661805
1781632133,25,GET,/users/{user_id},2.800000,0.000000,8,10,12,14,32,57,67,67,67,67,67,254,0,9,15.451686862419821,3.2889389840420336,97.96039797947742,264.11417322834643
1781632133,25,,Aggregated,26.700000,0.000000,25,1300,1500,1600,2500,2900,3100,3200,3500,3500,3500,2709,0,65,900.3161495375298,2.8255750075913966,3768.4320920088794,6152.842377260982
1781632134,25,GET,/feed/{user_id},12.400000,0.000000,14,16,19,21,74,100,110,120,130,130,130,1109,0,13,25.02293932488137,3.817910997895524,169.29394099861383,6417.687105500451
1781632134,25,GET,/feed/{user_id}?with_fof=true,3.600000,0.000000,2700,2900,3000,3100,3200,3300,3500,3500,3500,3500,3500,525,0,2700.0,2754.964795483476,880.0434949807823,3768.4320920088794,11165.626666666667
1781632134,25,POST,/likes,0.700000,0.000000,12,13,15,15,17,17,17,17,17,17,17,56,0,14,16.471759945229028,3.4904500062111765,85.73829600936733,179.125
1781632134,25,POST,/posts,1.100000,0.000000,12,15,15,17,54,54,54,54,54,54,54,95,0,11,13.401467578583642,2.8255750075913966,61.55349098844454,226.4842105263158
1781632134,25,GET,/timeline/{user_id},6.900000,0.000000,1500,1500,1600,1600,1700,1700,1700,1800,1800,1800,1800,691,0,1600.0,1412.9513962389838,24.106113996822387,1939.4658879900817,5367.396526772793
1781632134,25,GET,/users/{user_id},2.700000,0.000000,8,10,12,13,14,32,67,67,67,67,67,255,0,9,15.414834709943035,3.2889389840420336,97.96039797947742,264.1372549019608
1781632134,25,,Aggregated,27.400000,0.000000,24,1400,1500,1600,2500,2900,3200,3200,3500,3500,3500,2731,0,64,899.5176539616223,2.8255750075913966,3768.4320920088794,6146.811424386671
1781632135,25,GET,/feed/{user_id},11.900000,0.000000,14,16,18,23,83,110,120,130,130,130,130,1112,0,13,25.077064908571288,3.817910997895524,169.29394099861383,6413.720323741008
1781632135,25,GET,/feed/{user_id}?with_fof=true,4.000000,0.000000,2700,3000,3000,3100,3200,3300,3500,3500,3500,3500,3500,530,0,2700.0,2753.199082511018,880.0434949807823,3768.4320920088794,11147.343396226415
1781632135,25,POST,/likes,0.800000,0.000000,13,13,15,15,17,17,17,17,17,17,17,56,0,14,16.471759945229028,3.4904500062111765,85.73829600936733,179.125
1781632135,25,POST,/posts,1.200000,0.000000,15,15,17,17,54,54,54,54,54,54,54,95,0,11,13.401467578583642,2.8255750075913966,61.55349098844454,226.4842105263158
1781632135,25,GET,/timeline/{user_id},6.200000,0.000000,1500,1600,1600,1600,1700,1700,1700,1800,1800,1800,1800,699,0,1600.0,1412.2116016097036,24.106113996822387,1939.4658879900817,5356.324749642346
1781632135,25,GET,/users/{user_id},2.500000,0.000000,8,10,12,13,32,67,74,74,74,74,74,259,0,9,15.551663861245018,3.2889389840420336,97.96039797947742,264.12741312741315
1781632135,25,,Aggregated,26.600000,0.000000,29,1500,1600,1700,2500,3000,3200,3200,3500,3500,3500,2751,0,65,901.6505119415905,2.8255750075913966,3768.4320920088794,6137.468556888404
1781632136,25,GET,/feed/{user_id},11.600000,0.000000,14,16,18,20,83,110,120,130,130,130,130,1118,0,13,25.079771498453926,3.817910997895524,169.29394099861383,6412.910554561718
1781632136,25,GET,/feed/{user_id}?with_fof=true,4.400000,0.000000,2700,2900,3000,3000,3200,3200,3500,3500,3500,3500,3500,534,0,2700.0,2752.8178718574136,880.0434949807823,3768.4320920088794,11146.492509363296
1781632136,25,POST,/likes,0.800000,0.000000,13,13,15,15,17,17,17,17,17,17,17,56,0,14,16.471759945229028,3.4904500062111765,85.73829600936733,179.125
1781632136,25,POST,/posts,1.100000,0.000000,15,17,17,54,54,54,54,54,54,54,54,95,0,11,13.401467578583642,2.8255750075913966,61.55349098844454,226.4842105263158
1781632136,25,GET,/timeline/{user_id},6.500000,0.000000,1600,1600,1700,1700,1700,1800,1800,1800,1800,1800,1800,705,0,1600.0,1414.8231572087636,24.106113996822387,1939.4658879900817,5362.466666666666
1781632136,25,GET,/users/{user_id},2.400000,0.000000,8,10,12,14,32,67,74,74,74,74,74,259,0,9,15.551663861245018,3.2889389840420336,97.96039797947742,264.12741312741315
1781632136,25,,Aggregated,26.800000,0.000000,67,1500,1700,1700,2600,3000,3200,3200,3500,3500,3500,2767,0,67,904.1263797818106,2.8255750075913966,3768.4320920088794,6144.689555475244
1781632137,25,GET,/feed/{user_id},10.500000,0.000000,15,16,19,25,41,100,120,130,130,130,130,1132,0,13,25.11108683421385,3.817910997895524,169.29394099861383,6427.462014134276
1781632137,25,GET,/feed/{user_id}?with_fof=true,4.100000,0.000000,2600,2900,3000,3000,3200,3200,3500,3500,3500,3500,3500,539,0,2700.0,2749.766348649062,880.0434949807823,3768.4320920088794,11126.198515769944
1781632137,25,POST,/likes,0.600000,0.000000,13,15,15,17,17,17,17,17,17,17,17,56,0,14,16.471759945229028,3.4904500062111765,85.73829600936733,179.125
1781632137,25,POST,/posts,0.900000,0.000000,15,17,17,54,54,54,54,54,54,54,54,96,0,11,13.345378395266986,2.8255750075913966,61.55349098844454,226.47916666666666
1781632137,25,GET,/timeline/{user_id},6.500000,0.000000,1600,1700,1700,1700,1800,1800,1800,1800,1800,1800,1800,713,0,1600.0,1414.4386652036444,24.106113996822387,1939.4658879900817,5343.471248246844
1781632137,25,GET,/users/{user_id},2.400000,0.000000,9,12,14,14,67,74,74,74,74,74,74,259,0,9,15.551663861245018,3.2889389840420336,97.96039797947742,264.12741312741315
1781632137,25,,Aggregated,25.000000,0.000000,54,1600,1700,1800,2600,3000,3200,3200,3500,3500,3500,2795,0,67,903.4976874172861,2.8255750075913966,3768.4320920088794,6147.758497316637
1781632138,25,GET,/feed/{user_id},9.500000,0.000000,15,17,20,25,81,99,110,130,130,130,130,1138,0,13,25.286436552118005,3.817910997895524,169.29394099861383,6431.0562390158175
1781632138,25,GET,/feed/{user_id}?with_fof=true,3.800000,0.000000,2600,2900,3000,3000,3200,3200,3500,3500,3500,3500,3500,540,0,2700.0,2749.711465340483,880.0434949807823,3768.4320920088794,11127.174074074073
1781632138,25,POST,/likes,0.600000,0.000000,13,13,17,17,17,17,17,17,17,17,17,56,0,14,16.471759945229028,3.4904500062111765,85.73829600936733,179.125
1781632138,25,POST,/posts,0.800000,0.000000,15,17,17,54,54,54,54,54,54,54,54,96,0,11,13.345378395266986,2.8255750075913966,61.55349098844454,226.47916666666666
1781632138,25,GET,/timeline/{user_id},6.400000,0.000000,1600,1700,1700,1700,1800,1800,1800,1800,1800,1800,1800,719,0,1600.0,1412.9715115093413,24.106113996822387,1939.4658879900817,5351.333796940195
1781632138,25,GET,/users/{user_id},2.600000,0.000000,9,12,13,14,67,74,74,74,74,74,74,261,0,9,15.654057218720851,3.2889389840420336,97.96039797947742,264.1570881226054
1781632138,25,,Aggregated,23.700000,0.000000,92,1600,1700,1800,2600,3000,3200,3200,3500,3500,3500,2810,0,69,902.4327247944312,2.8255750075913966,3768.4320920088794,6147.880071174377
1781632139,25,GET,/feed/{user_id},9.200000,0.000000,15,17,23,25,81,99,110,130,130,130,130,1142,0,13,25.294620889090588,3.817910997895524,169.29394099861383,6430.055166374781
1781632139,25,GET,/feed/{user_id}?with_fof=true,4.200000,0.000000,2700,2900,3000,3100,3200,3300,3500,3500,3500,3500,3500,544,0,2700.0,2751.170554021829,880.0434949807823,3768.4320920088794,11131.568014705883
1781632139,25,POST,/likes,0.600000,0.000000,13,17,17,18,18,18,18,18,18,18,18,57,0,14,16.497595174434153,3.4904500062111765,85.73829600936733,179.08771929824562
1781632139,25,POST,/posts,0.600000,0.000000,15,15,15,17,17,17,17,17,17,17,17,97,0,11,13.322977607496101,2.8255750075913966,61.55349098844454,226.48453608247422
1781632139,25,GET,/timeline/{user_id},6.100000,0.000000,1700,1700,1700,1700,1800,1800,1800,1800,1800,1800,1800,724,0,1600.0,1415.1398498179935,24.106113996822387,1939.4658879900817,5345.381215469613
1781632139,25,GET,/users/{user_id},2.500000,0.000000,9,12,13,14,60,74,74,74,74,74,74,263,0,9,15.793208791095296,3.2889389840420336,97.96039797947742,264.15209125475286
1781632139,25,,Aggregated,23.200000,0.000000,92,1600,1700,1800,2600,3000,3200,3300,3500,3500,3500,2827,0,69,904.3051982229829,2.8255750075913966,3768.4320920088794,6144.4644499469405
1781632140,25,GET,/feed/{user_id},9.400000,0.000000,14,16,19,24,68,99,110,130,130,130,130,1147,0,13,25.232367613195517,3.817910997895524,169.29394099861383,6426.177855274629
1781632140,25,GET,/feed/{user_id}?with_fof=true,4.200000,0.000000,2700,3000,3100,3100,3200,3300,3500,3500,3500,3500,3500,549,0,2700.0,2750.908124837698,880.0434949807823,3768.4320920088794,11132.64845173042
1781632140,25,POST,/likes,0.500000,0.000000,13,13,18,18,18,18,18,18,18,18,18,57,0,14,16.497595174434153,3.4904500062111765,85.73829600936733,179.08771929824562
1781632140,25,POST,/posts,0.500000,0.000000,15,15,15,15,17,17,17,17,17,17,17,98,0,11,13.33576751954863,2.8255750075913966,61.55349098844454,226.4795918367347
1781632140,25,GET,/timeline/{user_id},6.100000,0.000000,1700,1700,1800,1800,1800,1800,1900,1900,1900,1900,1900,729,0,1600.0,1417.8766318494218,24.106113996822387,1939.4658879900817,5336.829903978052
1781632140,25,GET,/users/{user_id},2.200000,0.000000,10,12,14,14,60,74,74,74,74,74,74,265,0,9,15.74333515117068,3.2889389840420336,97.96039797947742,264.1283018867924
1781632140,25,,Aggregated,22.900000,0.000000,95,1700,1800,2200,2700,3100,3300,3300,3500,3500,3500,2845,0,70,906.5874877902917,2.8255750075913966,3768.4320920088794,6142.564499121266
1781632141,25,GET,/feed/{user_id},8.700000,0.000000,15,17,23,26,81,99,110,130,130,130,130,1158,0,13,25.200207120359316,3.817910997895524,169.29394099861383,6426.826424870466
1781632141,25,GET,/feed/{user_id}?with_fof=true,4.400000,0.000000,2700,3000,3100,3200,3300,3300,3500,3500,3500,3500,3500,553,0,2700.0,2753.467892724907,880.0434949807823,3768.4320920088794,11132.177215189873
1781632141,25,POST,/likes,0.400000,0.000000,12,13,13,18,18,18,18,18,18,18,18,58,0,14,16.400037671575838,3.4904500062111765,85.73829600936733,179.10344827586206
1781632141,25,POST,/posts,0.400000,0.000000,15,15,15,15,17,17,17,17,17,17,17,99,0,11,13.297087868035893,2.8255750075913966,61.55349098844454,226.4848484848485
1781632141,25,GET,/timeline/{user_id},6.100000,0.000000,1700,1700,1800,1800,1800,1800,1900,1900,1900,1900,1900,734,0,1600.0,1418.3642004308233,24.106113996822387,1939.4658879900817,5342.724795640327
1781632141,25,GET,/users/{user_id},1.700000,0.000000,8,11,13,54,60,74,74,74,74,74,74,267,0,9,15.7069433334437,3.2889389840420336,97.96039797947742,264.12734082397003
1781632141,25,,Aggregated,21.700000,0.000000,99,1700,1800,2400,2700,3100,3300,3400,3500,3500,3500,2869,0,69,906.0265860552076,2.8255750075913966,3768.4320920088794,6142.64586964099
1781632142,25,GET,/feed/{user_id},8.100000,0.000000,15,17,24,26,81,99,110,130,130,130,130,1166,0,13,25.127210286776393,3.817910997895524,169.29394099861383,6427.791595197255
1781632142,25,GET,/feed/{user_id}?with_fof=true,4.100000,0.000000,2700,3000,3200,3300,3300,3500,3600,3600,3600,3600,3600,559,0,2700.0,2756.5421638155417,880.0434949807823,3768.4320920088794,11134.620751341681
1781632142,25,POST,/likes,0.400000,0.000000,12,13,13,18,18,18,18,18,18,18,18,58,0,14,16.400037671575838,3.4904500062111765,85.73829600936733,179.10344827586206
1781632142,25,POST,/posts,0.500000,0.000000,11,15,15,17,17,17,17,17,17,17,17,99,0,11,13.297087868035893,2.8255750075913966,61.55349098844454,226.4848484848485
1781632142,25,GET,/timeline/{user_id},5.900000,0.000000,1700,1700,1800,1800,1800,1800,1900,1900,1900,1900,1900,736,0,1600.0,1418.8755815410568,24.106113996822387,1939.4658879900817,5331.274456521739
1781632142,25,GET,/users/{user_id},1.700000,0.000000,9,11,12,12,60,74,74,74,74,74,74,270,0,9,15.646720925966898,3.2889389840420336,97.96039797947742,264.13703703703703
1781632142,25,,Aggregated,20.700000,0.000000,130,1700,1800,2400,2900,3200,3400,3500,3600,3600,3600,2888,0,68,907.5450323114214,2.8255750075913966,3768.4320920088794,6145.084141274238
1781632143,25,GET,/feed/{user_id},8.200000,0.000000,15,19,25,36,91,100,110,130,130,130,130,1174,0,13,25.17121292114138,3.817910997895524,169.29394099861383,6433.8466780238505
1781632143,25,GET,/feed/{user_id}?with_fof=true,4.400000,0.000000,2700,3000,3100,3200,3300,3500,3600,3600,3600,3600,3600,565,0,2700.0,2758.277613693638,880.0434949807823,3768.4320920088794,11138.007079646017
1781632143,25,POST,/likes,0.500000,0.000000,13,13,18,18,18,18,18,18,18,18,18,58,0,14,16.400037671575838,3.4904500062111765,85.73829600936733,179.10344827586206
1781632143,25,POST,/posts,0.500000,0.000000,11,11,15,15,17,17,17,17,17,17,17,100,0,11,13.271914039505646,2.8255750075913966,61.55349098844454,226.49
1781632143,25,GET,/timeline/{user_id},5.400000,0.000000,1700,1700,1800,1800,1800,1800,1900,1900,1900,1900,1900,741,0,1600.0,1418.6314895535663,24.106113996822387,1939.4658879900817,5332.265856950067
1781632143,25,GET,/users/{user_id},1.600000,0.000000,8,11,12,12,54,60,74,74,74,74,74,275,0,9,15.526323061838577,3.2889389840420336,97.96039797947742,264.1818181818182
1781632143,25,,Aggregated,20.600000,0.000000,100,1700,1800,2400,2700,3200,3400,3500,3600,3600,3600,2913,0,68,908.2498873657489,2.8255750075913966,3768.4320920088794,6145.968417439066
1781632144,25,GET,/feed/{user_id},7.600000,0.000000,16,21,25,36,82,99,100,110,110,110,110,1183,0,13,25.148876922619188,3.817910997895524,169.29394099861383,6430.050718512257
1781632144,25,GET,/feed/{user_id}?with_fof=true,4.300000,0.000000,2700,2900,3100,3200,3300,3500,3600,3600,3600,3600,3600,569,0,2700.0,2757.2481768100497,880.0434949807823,3768.4320920088794,11121.710017574693
1781632144,25,POST,/likes,0.500000,0.000000,13,13,18,18,18,18,18,18,18,18,18,58,0,14,16.400037671575838,3.4904500062111765,85.73829600936733,179.10344827586206
1781632144,25,POST,/posts,0.600000,0.000000,11,11,13,13,15,15,15,15,15,15,15,101,0,11,13.270284969585552,2.8255750075913966,61.55349098844454,226.4851485148515
1781632144,25,GET,/timeline/{user_id},5.300000,0.000000,1700,1700,1800,1800,1800,1800,1900,1900,1900,1900,1900,749,0,1600.0,1420.9126990442526,24.106113996822387,1939.4658879900817,5339.985313751669
1781632144,25,GET,/users/{user_id},1.600000,0.000000,9,11,12,12,54,60,74,74,74,74,74,276,0,9,15.502426351515064,3.2889389840420336,97.96039797947742,264.17391304347825
1781632144,25,,Aggregated,19.900000,0.000000,100,1700,1800,2400,2700,3100,3400,3500,3600,3600,3600,2936,0,69,909.2163202412876,2.8255750075913966,3768.4320920088794,6144.695844686648
1781632145,25,GET,/feed/{user_id},7.700000,0.000000,15,21,26,36,81,95,100,110,110,110,110,1190,0,13,25.190680115527723,3.817910997895524,169.29394099861383,6430.209243697479
1781632145,25,GET,/feed/{user_id}?with_fof=true,4.800000,0.000000,2700,2900,3100,3300,3300,3500,3600,3600,3600,3600,3600,575,0,2700.0,2755.2806153686456,880.0434949807823,3768.4320920088794,11106.921739130436
1781632145,25,POST,/likes,0.400000,0.000000,13,13,18,18,18,18,18,18,18,18,18,58,0,14,16.400037671575838,3.4904500062111765,85.73829600936733,179.10344827586206
1781632145,25,POST,/posts,0.500000,0.000000,11,11,13,13,15,15,15,15,15,15,15,101,0,11,13.270284969585552,2.8255750075913966,61.55349098844454,226.4851485148515
1781632145,25,GET,/timeline/{user_id},5.700000,0.000000,1700,1700,1800,1800,1800,1800,1900,1900,1900,1900,1900,754,0,1600.0,1422.2988353357653,24.106113996822387,1939.4658879900817,5349.149867374005
1781632145,25,GET,/users/{user_id},1.800000,0.000000,9,11,12,17,60,69,74,74,74,74,74,280,0,9,15.594157671356308,3.2889389840420336,97.96039797947742,264.15714285714284
1781632145,25,,Aggregated,20.900000,0.000000,95,1700,1800,2400,2700,3100,3300,3500,3600,3600,3600,2958,0,70,910.5255071441774,2.8255750075913966,3768.4320920088794,6145.677822853279
1781632146,25,GET,/feed/{user_id},7.600000,0.000000,16,21,27,38,81,95,100,110,110,110,110,1193,0,13,25.160849717939826,3.817910997895524,169.29394099861383,6428.454316848281
1781632146,25,GET,/feed/{user_id}?with_fof=true,4.300000,0.000000,2700,3000,3100,3300,3300,3500,3600,3600,3600,3600,3600,577,0,2700.0,2755.4173865059975,880.0434949807823,3768.4320920088794,11109.064124783363
1781632146,25,POST,/likes,0.400000,0.000000,18,18,18,18,18,18,18,18,18,18,18,58,0,14,16.400037671575838,3.4904500062111765,85.73829600936733,179.10344827586206
1781632146,25,POST,/posts,0.600000,0.000000,11,11,13,13,15,15,15,15,15,15,15,101,0,11,13.270284969585552,2.8255750075913966,61.55349098844454,226.4851485148515
1781632146,25,GET,/timeline/{user_id},5.400000,0.000000,1700,1700,1700,1800,1800,1800,1900,1900,1900,1900,1900,758,0,1600.0,1423.253332372229,24.106113996822387,1939.4658879900817,5357.990765171504
1781632146,25,GET,/users/{user_id},2.000000,0.000000,9,11,12,12,54,60,69,69,69,69,69,282,0,9,15.539460517639453,3.2889389840420336,97.96039797947742,264.13829787234044
1781632146,25,,Aggregated,20.300000,0.000000,99,1700,1800,2400,2700,3200,3400,3500,3600,3600,3600,2969,0,70,911.2133312557993,2.8255750075913966,3768.4320920088794,6146.238800943079
1781632147,25,GET,/feed/{user_id},7.700000,0.000000,13,16,18,24,70,82,95,100,100,100,100,1206,0,13,25.014000385184,3.817910997895524,169.29394099861383,6435.117744610282
1781632147,25,GET,/feed/{user_id}?with_fof=true,4.400000,0.000000,2700,3000,3200,3300,3300,3500,3600,3600,3600,3600,3600,581,0,2700.0,2755.2855844732067,880.0434949807823,3768.4320920088794,11113.018932874355
1781632147,25,POST,/likes,0.200000,0.000000,11,18,18,52,52,52,52,52,52,52,52,61,0,14,16.610815556677913,3.432172001339495,85.73829600936733,179.14754098360655
1781632147,25,POST,/posts,0.600000,0.000000,11,11,13,15,44,44,44,44,44,44,44,105,0,11,13.440914770832197,2.8255750075913966,61.55349098844454,226.47619047619048
1781632147,25,GET,/timeline/{user_id},5.800000,0.000000,1700,1700,1700,1700,1800,1800,1900,1900,1900,1900,1900,765,0,1600.0,1425.417036285131,24.106113996822387,1939.4658879900817,5351.81045751634
1781632147,25,GET,/users/{user_id},2.200000,0.000000,9,11,12,12,54,60,69,69,69,69,69,285,0,9,15.465509557786087,3.2889389840420336,97.96039797947742,264.10526315789474
1781632147,25,,Aggregated,20.900000,0.000000,68,1700,1800,2400,2700,3300,3400,3500,3600,3600,3600,3003,0,68,908.5128430987203,2.8255750075913966,3768.4320920088794,6134.375291375291
1781632148,25,GET,/feed/{user_id},7.800000,0.000000,13,16,21,25,70,80,91,100,100,100,100,1214,0,13,25.108026092645904,3.817910997895524,169.29394099861383,6429.376441515651
1781632148,25,GET,/feed/{user_id}?with_fof=true,4.600000,0.000000,2800,2900,3000,3300,3300,3500,3600,3600,3600,3600,3600,588,0,2700.0,2755.42155188265,880.0434949807823,3768.4320920088794,11100.173469387755
1781632148,25,POST,/likes,0.200000,0.000000,12,12,18,18,52,52,52,52,52,52,52,62,0,14,16.541361837880686,3.432172001339495,85.73829600936733,179.1451612903226
1781632148,25,POST,/posts,0.600000,0.000000,11,12,13,15,44,44,44,44,44,44,44,106,0,11,13.423941527846937,2.8255750075913966,61.55349098844454,226.47169811320754
1781632148,25,GET,/timeline/{user_id},5.400000,0.000000,1600,1700,1700,1700,1800,1800,1900,1900,1900,1900,1900,770,0,1600.0,1425.3130805559983,24.106113996822387,1939.4658879900817,5338.5142857142855
1781632148,25,GET,/users/{user_id},2.100000,0.000000,9,9,11,12,17,60,69,69,69,69,69,288,0,9,15.386980246350706,3.2889389840420336,97.96039797947742,264.09027777777777
1781632148,25,,Aggregated,20.700000,0.000000,58,1600,1700,2400,2800,3100,3300,3500,3600,3600,3600,3028,0,68,909.8547030245852,2.8255750075913966,3768.4320920088794,6127.474240422721
1781632149,25,GET,/feed/{user_id},7.200000,0.000000,14,16,18,25,63,78,91,100,100,100,100,1232,0,13,25.0027411448527,3.817910997895524,169.29394099861383,6439.57224025974
1781632149,25,GET,/feed/{user_id}?with_fof=true,4.300000,0.000000,2800,3000,3100,3300,3300,3500,3600,3600,3600,3600,3600,591,0,2700.0,2754.9131533028867,880.0434949807823,3768.4320920088794,11103.42978003384
1781632149,25,POST,/likes,0.200000,0.000000,11,12,12,52,52,52,52,52,52,52,52,62,0,14,16.541361837880686,3.432172001339495,85.73829600936733,179.1451612903226
1781632149,25,POST,/posts,0.600000,0.000000,11,12,13,15,44,44,44,44,44,44,44,106,0,11,13.423941527846937,2.8255750075913966,61.55349098844454,226.47169811320754
1781632149,25,GET,/timeline/{user_id},5.400000,0.000000,1600,1600,1700,1700,1700,1700,1800,1800,1800,1800,1800,777,0,1600.0,1424.6365074544383,24.106113996822387,1939.4658879900817,5333.235521235521
1781632149,25,GET,/users/{user_id},2.300000,0.000000,9,9,11,12,13,17,69,69,69,69,69,289,0,9,15.377928214337013,3.2889389840420336,97.96039797947742,264.0865051903114
1781632149,25,,Aggregated,20.000000,0.000000,34,1600,1700,2200,2800,3100,3300,3500,3600,3600,3600,3057,0,66,907.0305333576752,2.8255750075913966,3768.4320920088794,6133.8037291462215
1781632150,25,GET,/feed/{user_id},7.400000,0.000000,14,17,25,34,70,80,91,100,100,100,100,1241,0,13,25.072989196166297,3.817910997895524,169.29394099861383,6436.709105560032
1781632150,25,GET,/feed/{user_id}?with_fof=true,4.500000,0.000000,2800,2900,3000,3300,3300,3500,3600,3600,3600,3600,3600,595,0,2700.0,2753.405866608368,880.0434949807823,3768.4320920088794,11106.043697478992
1781632150,25,POST,/likes,0.500000,0.000000,11,12,12,52,52,52,52,52,52,52,52,62,0,14,16.541361837880686,3.432172001339495,85.73829600936733,179.1451612903226
1781632150,25,POST,/posts,1.000000,0.000000,12,13,44,52,52,52,52,52,52,52,52,108,0,11,14.13489734221474,2.8255750075913966,61.55349098844454,226.49074074074073
1781632150,25,GET,/timeline/{user_id},4.900000,0.000000,1600,1600,1700,1700,1700,1700,1700,1800,1800,1800,1800,784,0,1600.0,1424.7389208024715,24.106113996822387,1939.4658879900817,5333.107142857143
1781632150,25,GET,/users/{user_id},2.600000,0.000000,9,9,11,12,17,61,69,69,69,69,69,291,0,9,15.509589975783793,3.2889389840420336,97.96039797947742,264.0927835051546
1781632150,25,,Aggregated,20.900000,0.000000,52,1500,1700,1700,2800,3000,3300,3500,3600,3600,3600,3081,0,66,906.6708238115631,2.8255750075913966,3768.4320920088794,6131.005193119117
1781632151,25,GET,/feed/{user_id},8.000000,0.000000,14,16,22,30,70,78,84,100,100,100,100,1247,0,13,25.01861880464407,3.817910997895524,169.29394099861383,6435.865276663993
1781632151,25,GET,/feed/{user_id}?with_fof=true,4.700000,0.000000,2700,2800,3000,3000,3300,3500,3600,3600,3600,3600,3600,596,0,2700.0,2753.2792722331883,880.0434949807823,3768.4320920088794,11106.941275167785
1781632151,25,POST,/likes,0.600000,0.000000,12,12,14,14,52,52,52,52,52,52,52,63,0,14,16.496349808885643,3.432172001339495,85.73829600936733,179.12698412698413
1781632151,25,POST,/posts,1.000000,0.000000,12,13,44,52,52,52,52,52,52,52,52,108,0,11,14.13489734221474,2.8255750075913966,61.55349098844454,226.49074074074073
1781632151,25,GET,/timeline/{user_id},4.900000,0.000000,1600,1600,1700,1700,1700,1700,1700,1900,1900,1900,1900,793,0,1600.0,1425.6354771212198,24.106113996822387,1939.4658879900817,5314.055485498108
1781632151,25,GET,/users/{user_id},2.700000,0.000000,8,9,11,12,17,61,69,69,69,69,69,296,0,9,15.347976229669577,3.2889389840420336,97.96039797947742,264.0878378378378
1781632151,25,,Aggregated,21.900000,0.000000,52,1500,1600,1700,2600,2900,3300,3500,3600,3600,3600,3103,0,66,905.5077142031603,2.8255750075913966,3768.4320920088794,6114.477280051563
1781632152,25,GET,/feed/{user_id},9.300000,0.000000,14,18,27,37,73,82,100,100,100,100,100,1257,0,13,25.071860867444656,3.817910997895524,169.29394099861383,6436.821797931583
1781632152,25,GET,/feed/{user_id}?with_fof=true,4.700000,0.000000,2700,2800,2900,2900,3300,3300,3400,3400,3400,3400,3400,600,0,2700.0,2754.509917556619,880.0434949807823,3768.4320920088794,11110.923333333334
1781632152,25,POST,/likes,0.500000,0.000000,12,12,14,14,52,52,52,52,52,52,52,63,0,14,16.496349808885643,3.432172001339495,85.73829600936733,179.12698412698413
1781632152,25,POST,/posts,0.900000,0.000000,12,13,44,52,52,52,52,52,52,52,52,108,0,11,14.13489734221474,2.8255750075913966,61.55349098844454,226.49074074074073
1781632152,25,GET,/timeline/{user_id},5.200000,0.000000,1600,1600,1700,1700,1700,1700,1800,1900,1900,1900,1900,798,0,1600.0,1425.590492933742,24.106113996822387,1939.4658879900817,5315.12656641604
1781632152,25,GET,/users/{user_id},2.800000,0.000000,8,9,10,11,17,61,69,69,69,69,69,298,0,9,15.309391228107879,3.2889389840420336,97.96039797947742,264.0872483221477
1781632152,25,,Aggregated,23.400000,0.000000,52,1500,1600,1700,2600,2800,3100,3300,3400,3400,3400,3124,0,66,905.5603490852677,2.8255750075913966,3768.4320920088794,6118.295134443022
1781632153,25,GET,/feed/{user_id},9.200000,0.000000,13,16,26,37,72,82,89,100,100,100,100,1267,0,13,25.040067694065012,3.7879949959460646,169.29394099861383,6427.456985003946
1781632153,25,GET,/feed/{user_id}?with_fof=true,4.500000,0.000000,2800,2800,2900,3000,3300,3300,3400,3400,3400,3400,3400,604,0,2700.0,2754.652526538005,880.0434949807823,3768.4320920088794,11110.422185430463
1781632153,25,POST,/likes,0.400000,0.000000,14,14,18,18,52,52,52,52,52,52,52,65,0,14,16.48747096859062,3.432172001339495,85.73829600936733,179.13846153846154
1781632153,25,POST,/posts,1.000000,0.000000,12,13,44,52,52,52,52,52,52,52,52,108,0,11,14.13489734221474,2.8255750075913966,61.55349098844454,226.49074074074073
1781632153,25,GET,/timeline/{user_id},5.600000,0.000000,1600,1600,1700,1700,1700,1700,1800,1900,1900,1900,1900,804,0,1600.0,1426.9733106245724,24.106113996822387,1939.4658879900817,5301.068407960199
1781632153,25,GET,/users/{user_id},2.900000,0.000000,8,9,10,11,13,61,69,69,69,69,69,302,0,9,15.2125057151629,3.2889389840420336,97.96039797947742,264.0430463576159
1781632153,25,,Aggregated,23.600000,0.000000,52,1500,1600,1700,2600,2900,3000,3300,3400,3400,3400,3150,0,65,904.7666237432998,2.8255750075913966,3768.4320920088794,6105.456507936508
1781632154,25,GET,/feed/{user_id},8.900000,0.000000,13,16,20,30,63,84,100,100,100,100,100,1277,0,13,24.99835033072454,3.7879949959460646,169.29394099861383,6420.311667971809
1781632154,25,GET,/feed/{user_id}?with_fof=true,4.400000,0.000000,2700,2800,2900,3000,3300,3400,3600,3600,3600,3600,3600,607,0,2700.0,2755.6358800032135,880.0434949807823,3768.4320920088794,11111.869851729818
1781632154,25,POST,/likes,0.500000,0.000000,14,14,18,18,52,52,52,52,52,52,52,65,0,14,16.48747096859062,3.432172001339495,85.73829600936733,179.13846153846154
1781632154,25,POST,/posts,0.900000,0.000000,12,44,52,52,52,52,52,52,52,52,52,108,0,11,14.13489734221474,2.8255750075913966,61.55349098844454,226.49074074074073
1781632154,25,GET,/timeline/{user_id},6.000000,0.000000,1600,1600,1700,1700,1700,1800,1800,1900,1900,1900,1900,807,0,1600.0,1427.775094131541,24.106113996822387,1939.4658879900817,5296.6109045848825
1781632154,25,GET,/users/{user_id},2.900000,0.000000,9,9,11,11,13,61,69,69,69,69,69,304,0,9,15.18571512487573,3.2889389840420336,97.96039797947742,264.0361842105263
1781632154,25,,Aggregated,23.600000,0.000000,40,1500,1600,1700,2600,2800,3000,3300,3600,3600,3600,3168,0,65,904.0476911055318,2.8255750075913966,3768.4320920088794,6103.02398989899
1781632155,25,GET,/feed/{user_id},9.100000,0.000000,13,16,23,37,72,84,100,100,100,100,100,1285,0,13,25.07028538155721,3.7879949959460646,169.29394099861383,6422.6747081712065
1781632155,25,GET,/feed/{user_id}?with_fof=true,3.700000,0.000000,2800,2900,3000,3100,3300,3400,3600,3600,3600,3600,3600,611,0,2700.0,2757.1389663026803,880.0434949807823,3768.4320920088794,11115.764320785598
1781632155,25,POST,/likes,0.600000,0.000000,14,14,18,18,52,52,52,52,52,52,52,66,0,14,16.337618741972342,3.432172001339495,85.73829600936733,179.15151515151516
1781632155,25,POST,/posts,0.900000,0.000000,12,44,52,52,52,52,52,52,52,52,52,108,0,11,14.13489734221474,2.8255750075913966,61.55349098844454,226.49074074074073
1781632155,25,GET,/timeline/{user_id},6.100000,0.000000,1600,1600,1700,1700,1700,1800,1900,1900,1900,1900,1900,813,0,1600.0,1429.8352471662404,24.106113996822387,1939.4658879900817,5290.942189421894
1781632155,25,GET,/users/{user_id},2.600000,0.000000,9,10,11,12,13,25,61,61,61,61,61,306,0,9,15.20777979083481,3.2889389840420336,97.96039797947742,264.02941176470586
1781632155,25,,Aggregated,23.000000,0.000000,42,1500,1600,1700,2600,2900,3200,3300,3600,3600,3600,3189,0,65,905.1557583688688,2.8255750075913966,3768.4320920088794,6103.3185951709
1781632156,25,GET,/feed/{user_id},9.100000,0.000000,13,16,26,37,73,84,100,100,100,100,100,1296,0,13,25.016916977013654,3.7879949959460646,169.29394099861383,6415.313271604939
1781632156,25,GET,/feed/{user_id}?with_fof=true,3.900000,0.000000,2800,2900,3000,3000,3200,3400,3600,3600,3600,3600,3600,619,0,2700.0,2758.8123125361726,880.0434949807823,3768.4320920088794,11122.1098546042
1781632156,25,POST,/likes,0.700000,0.000000,14,14,18,50,52,52,52,52,52,52,52,68,0,14,16.80254254375434,3.432172001339495,85.73829600936733,179.1764705882353
1781632156,25,POST,/posts,0.700000,0.000000,44,52,52,52,70,70,70,70,70,70,70,109,0,11,14.650964687862476,2.8255750075913966,70.38623801781796,226.4954128440367
1781632156,25,GET,/timeline/{user_id},6.300000,0.000000,1600,1600,1600,1700,1700,1800,1900,1900,1900,1900,1900,820,0,1600.0,1429.377267145333,24.106113996822387,1939.4658879900817,5293.579268292683
1781632156,25,GET,/users/{user_id},2.800000,0.000000,8,10,11,12,13,25,61,61,61,61,61,309,0,9,15.11581192221824,3.2889389840420336,97.96039797947742,264.02912621359224
1781632156,25,,Aggregated,23.500000,0.000000,44,1500,1600,1700,2700,2900,3200,3400,3600,3600,3600,3221,0,65,906.4347776619675,2.8255750075913966,3768.4320920088794,6103.081030735796
1781632157,25,GET,/feed/{user_id},9.100000,0.000000,13,16,27,37,75,85,100,100,100,100,100,1309,0,13,25.019978510428075,3.7879949959460646,169.29394099861383,6403.373567608862
1781632157,25,GET,/feed/{user_id}?with_fof=true,3.800000,0.000000,2800,2900,3000,3100,3300,3400,3600,3600,3600,3600,3600,620,0,2700.0,2757.9615080401472,880.0434949807823,3768.4320920088794,11123.340322580645
1781632157,25,POST,/likes,0.700000,0.000000,14,14,18,18,50,50,50,50,50,50,50,68,0,14,16.80254254375434,3.432172001339495,85.73829600936733,179.1764705882353
1781632157,25,POST,/posts,0.700000,0.000000,44,52,52,52,70,70,70,70,70,70,70,110,0,11,14.604979936319234,2.8255750075913966,70.38623801781796,226.5
1781632157,25,GET,/timeline/{user_id},5.700000,0.000000,1500,1600,1600,1600,1700,1800,1900,1900,1900,1900,1900,829,0,1600.0,1426.1126519687853,24.106113996822387,1939.4658879900817,5301.740651387214
1781632157,25,GET,/users/{user_id},2.700000,0.000000,9,11,13,13,15,25,61,61,61,61,61,311,0,9,15.108666141383452,3.2889389840420336,97.96039797947742,264.016077170418
1781632157,25,,Aggregated,22.700000,0.000000,52,1400,1600,1700,2600,2900,3200,3400,3600,3600,3600,3247,0,65,903.1052020921196,2.8255750075913966,3768.4320920088794,6095.730828457037
1781632158,25,GET,/feed/{user_id},9.500000,0.000000,13,16,25,30,75,85,96,100,100,100,100,1319,0,13,25.004274407982432,3.7879949959460646,169.29394099861383,6406.492039423806
1781632158,25,GET,/feed/{user_id}?with_fof=true,3.600000,0.000000,2900,2900,3000,3100,3200,3400,3600,3600,3600,3600,3600,623,0,2800.0,2758.773907242185,880.0434949807823,3768.4320920088794,11125.874799357945
1781632158,25,POST,/likes,0.900000,0.000000,14,14,15,18,50,50,50,50,50,50,50,70,0,14,16.61821328535942,3.432172001339495,85.73829600936733,179.17142857142858
1781632158,25,POST,/posts,0.700000,0.000000,52,52,70,70,70,70,70,70,70,70,70,110,0,11,14.604979936319234,2.8255750075913966,70.38623801781796,226.5
1781632158,25,GET,/timeline/{user_id},6.100000,0.000000,1600,1600,1600,1700,1700,1800,1900,1900,1900,1900,1900,835,0,1600.0,1426.175982072046,24.106113996822387,1939.4658879900817,5296.209580838324
1781632158,25,GET,/users/{user_id},2.800000,0.000000,10,11,13,13,15,25,61,61,61,61,61,312,0,9,15.092863878145671,3.2889389840420336,97.96039797947742,264.0192307692308
1781632158,25,,Aggregated,23.600000,0.000000,43,1500,1600,1700,2600,2900,3200,3400,3600,3600,3600,3269,0,65,902.4265902230428,2.8255750075913966,3768.4320920088794,6094.753441419394
1781632159,25,GET,/feed/{user_id},10.300000,0.000000,13,16,23,30,75,89,100,100,100,100,100,1328,0,13,24.9262200136345,3.7879949959460646,169.29394099861383,6400.92921686747
1781632159,25,GET,/feed/{user_id}?with_fof=true,4.200000,0.000000,2900,3000,3100,3200,3200,3400,3600,3600,3600,3600,3600,627,0,2800.0,2759.9000419503777,880.0434949807823,3768.4320920088794,11127.859649122807
1781632159,25,POST,/likes,1.000000,0.000000,14,15,18,18,50,50,50,50,50,50,50,70,0,14,16.61821328535942,3.432172001339495,85.73829600936733,179.17142857142858
1781632159,25,POST,/posts,0.700000,0.000000,52,52,52,70,70,70,70,70,70,70,70,111,0,11,14.604744378179479,2.8255750075913966,70.38623801781796,226.48648648648648
1781632159,25,GET,/timeline/{user_id},6.300000,0.000000,1600,1600,1700,1700,1700,1800,1900,1900,1900,1900,1900,838,0,1600.0,1427.3015214989505,24.106113996822387,1939.4658879900817,5299.008353221957
1781632159,25,GET,/users/{user_id},2.800000,0.000000,10,11,11,12,13,15,25,25,25,25,25,313,0,9,15.081047035081271,3.2889389840420336,97.96039797947742,264.0447284345048
1781632159,25,,Aggregated,25.300000,0.000000,42,1500,1600,1700,2800,3000,3200,3400,3600,3600,3600,3287,0,65,902.6902314496668,2.8255750075913966,3768.4320920088794,6096.2881046547
1781632160,25,GET,/feed/{user_id},9.800000,0.000000,13,15,21,27,75,96,100,100,100,100,100,1337,0,13,24.90776064254085,3.7879949959460646,169.29394099861383,6405.023934181002
1781632160,25,GET,/feed/{user_id}?with_fof=true,3.700000,0.000000,2900,3000,3200,3200,3300,3400,3600,3600,3600,3600,3600,634,0,2800.0,2762.8091279131195,880.0434949807823,3768.4320920088794,11129.728706624606
1781632160,25,POST,/likes,0.700000,0.000000,14,15,17,18,50,50,50,50,50,50,50,72,0,14,16.447034457491505,3.432172001339495,85.73829600936733,179.19444444444446
1781632160,25,POST,/posts,0.400000,0.000000,52,52,52,52,70,70,70,70,70,70,70,112,0,11,14.606109348148623,2.8255750075913966,70.38623801781796,226.49107142857142
1781632160,25,GET,/timeline/{user_id},6.600000,0.000000,1600,1700,1700,1700,1800,1900,1900,1900,1900,1900,1900,842,0,1600.0,1425.682463631997,24.106113996822387,1939.4658879900817,5299.470308788598
1781632160,25,GET,/users/{user_id},2.400000,0.000000,10,11,11,12,13,15,25,25,25,25,25,316,0,9,15.001644259370286,3.2889389840420336,97.96039797947742,264.0348101265823
1781632160,25,,Aggregated,23.600000,0.000000,30,1500,1700,1800,2900,3100,3300,3400,3600,3600,3600,3313,0,64,903.383002646555,2.8255750075913966,3768.4320920088794,6098.286447328705
1781632161,25,GET,/feed/{user_id},10.400000,0.000000,13,16,25,30,77,96,100,100,100,100,100,1338,0,13,24.926130548639847,3.7879949959460646,169.29394099861383,6409.029147982063
1781632161,25,GET,/feed/{user_id}?with_fof=true,3.400000,0.000000,2900,3100,3200,3200,3300,3300,3600,3600,3600,3600,3600,640,0,2800.0,2761.656956306115,880.0434949807823,3768.4320920088794,11116.8640625
1781632161,25,POST,/likes,0.800000,0.000000,14,15,17,18,50,50,50,50,50,50,50,72,0,14,16.447034457491505,3.432172001339495,85.73829600936733,179.19444444444446
1781632161,25,POST,/posts,0.400000,0.000000,52,52,52,52,70,70,70,70,70,70,70,112,0,11,14.606109348148623,2.8255750075913966,70.38623801781796,226.49107142857142
1781632161,25,GET,/timeline/{user_id},6.500000,0.000000,1600,1600,1700,1700,1800,1800,1900,1900,1900,1900,1900,844,0,1600.0,1425.2425773224506,24.106113996822387,1939.4658879900817,5304.095971563981
1781632161,25,GET,/users/{user_id},2.400000,0.000000,10,11,12,13,14,15,25,25,25,25,25,318,0,9,14.980121018729648,3.2889389840420336,97.96039797947742,264.02830188679246
1781632161,25,,Aggregated,23.900000,0.000000,35,1500,1700,1900,2900,3200,3300,3300,3600,3600,3600,3324,0,65,905.9266243026584,2.8255750075913966,3768.4320920088794,6103.778880866426
1781632162,25,GET,/feed/{user_id},9.600000,0.000000,13,16,21,27,75,85,98,100,100,100,100,1348,0,13,24.845791020845507,3.7879949959460646,169.29394099861383,6411.046735905044
1781632162,25,GET,/feed/{user_id}?with_fof=true,3.700000,0.000000,2900,3100,3200,3200,3300,3400,3600,3600,3600,3600,3600,647,0,2800.0,2762.163846692316,880.0434949807823,3768.4320920088794,11119.930448222565
1781632162,25,POST,/likes,0.800000,0.000000,15,17,18,18,50,50,50,50,50,50,50,72,0,14,16.447034457491505,3.432172001339495,85.73829600936733,179.19444444444446
1781632162,25,POST,/posts,0.500000,0.000000,15,52,52,52,70,70,70,70,70,70,70,113,0,11,14.531638345009425,2.8255750075913966,70.38623801781796,226.49557522123894
1781632162,25,GET,/timeline/{user_id},5.800000,0.000000,1600,1700,1700,1700,1800,1800,1900,1900,1900,1900,1900,852,0,1600.0,1426.0590030846774,24.106113996822387,1939.4658879900817,5316.536384976525
1781632162,25,GET,/users/{user_id},2.200000,0.000000,10,12,13,13,15,25,53,53,53,53,53,320,0,9,15.087337493605446,3.2889389840420336,97.96039797947742,264.040625
1781632162,25,,Aggregated,22.600000,0.000000,49,1600,1700,2200,2900,3200,3300,3400,3600,3600,3600,3352,0,65,907.8963649600414,2.8255750075913966,3768.4320920088794,6112.5787589498805
1781632163,25,GET,/feed/{user_id},9.600000,0.000000,13,16,19,25,49,79,96,98,98,98,98,1364,0,13,24.809524454626214,3.7879949959460646,169.29394099861383,6423.326979472141
1781632163,25,GET,/feed/{user_id}?with_fof=true,4.100000,0.000000,2900,3100,3200,3200,3300,3400,3600,3600,3600,3600,3600,650,0,2800.0,2759.967201402984,880.0434949807823,3768.4320920088794,11122.596923076922
1781632163,25,POST,/likes,1.000000,0.000000,15,17,18,18,50,50,50,50,50,50,50,72,0,14,16.447034457491505,3.432172001339495,85.73829600936733,179.19444444444446
1781632163,25,POST,/posts,0.400000,0.000000,15,15,16,16,70,70,70,70,70,70,70,114,0,11,14.544416298138042,2.8255750075913966,70.38623801781796,226.49122807017545
1781632163,25,GET,/timeline/{user_id},5.600000,0.000000,1600,1700,1700,1700,1800,1800,1900,1900,1900,1900,1900,856,0,1600.0,1425.4112037139587,24.106113996822387,1939.4658879900817,5320.821261682243
1781632163,25,GET,/users/{user_id},2.300000,0.000000,10,12,13,14,25,53,53,53,53,53,53,323,0,9,15.02864848274158,3.2889389840420336,97.96039797947742,264.03095975232196
1781632163,25,,Aggregated,23.000000,0.000000,34,1500,1700,1900,2900,3200,3300,3400,3600,3600,3600,3379,0,64,904.3111470985667,2.8255750075913966,3768.4320920088794,6117.115418762947
1781632164,25,GET,/feed/{user_id},9.200000,0.000000,14,16,25,30,75,96,97,98,98,98,98,1378,0,13,24.860603590070944,3.7879949959460646,169.29394099861383,6441.965892597968
1781632164,25,GET,/feed/{user_id}?with_fof=true,4.400000,0.000000,2900,3000,3100,3200,3300,3300,3400,3400,3400,3400,3400,655,0,2800.0,2758.5838599082967,880.0434949807823,3768.4320920088794,11125.848854961832
1781632164,25,POST,/likes,0.900000,0.000000,13,14,15,17,50,50,50,50,50,50,50,74,0,14,16.274249229133382,3.432172001339495,85.73829600936733,179.1891891891892
1781632164,25,POST,/posts,0.400000,0.000000,15,15,16,16,70,70,70,70,70,70,70,114,0,11,14.544416298138042,2.8255750075913966,70.38623801781796,226.49122807017545
1781632164,25,GET,/timeline/{user_id},5.000000,0.000000,1600,1600,1700,1700,1700,1800,1900,1900,1900,1900,1900,864,0,1600.0,1425.6148709145473,24.106113996822387,1939.4658879900817,5325.9525462962965
1781632164,25,GET,/users/{user_id},2.100000,0.000000,10,12,14,14,25,50,53,53,53,53,53,328,0,9,15.060202353463577,3.2889389840420336,97.96039797947742,264.0274390243902
1781632164,25,,Aggregated,22.000000,0.000000,43,1500,1700,1800,2900,3100,3300,3300,3400,3400,3400,3413,0,63,902.6263383328762,2.8255750075913966,3768.4320920088794,6121.231760914152
1781632165,25,GET,/feed/{user_id},9.300000,0.000000,14,16,21,25,64,96,97,98,100,100,100,1389,0,13,24.883881150579747,3.7879949959460646,169.29394099861383,6439.239740820734
1781632165,25,GET,/feed/{user_id}?with_fof=true,4.700000,0.000000,2800,3000,3100,3200,3300,3300,3400,3400,3400,3400,3400,660,0,2700.0,2755.9453932423353,880.0434949807823,3768.4320920088794,11128.513636363636
1781632165,25,POST,/likes,0.800000,0.000000,14,14,15,15,17,17,17,17,17,17,17,75,0,14,16.24155309284106,3.432172001339495,85.73829600936733,179.18666666666667
1781632165,25,POST,/posts,0.500000,0.000000,16,49,49,49,70,70,70,70,70,70,70,116,0,11,15.137776008361532,2.8255750075913966,70.38623801781796,226.52586206896552
1781632165,25,GET,/timeline/{user_id},5.300000,0.000000,1500,1600,1700,1700,1700,1800,1800,1900,1900,1900,1900,868,0,1600.0,1424.1598111326596,24.106113996822387,1939.4658879900817,5325.608294930876
1781632165,25,GET,/users/{user_id},2.400000,0.000000,10,11,13,14,15,50,53,53,53,53,53,329,0,9,15.041179419282857,3.2889389840420336,97.96039797947742,264.01519756838906
1781632165,25,,Aggregated,23.000000,0.000000,39,1400,1700,1800,2700,3100,3300,3300,3400,3400,3400,3437,0,63,901.2455726066705,2.8255750075913966,3768.4320920088794,6121.07302880419
1781632166,25,GET,/feed/{user_id},9.900000,0.000000,14,16,19,25,49,96,97,98,100,100,100,1400,0,13,24.816007450821676,3.7879949959460646,169.29394099861383,6431.252142857143
1781632166,25,GET,/feed/{user_id}?with_fof=true,4.600000,0.000000,2700,3000,3100,3200,3300,3300,3400,3400,3400,3400,3400,661,0,2700.0,2755.9580964144334,880.0434949807823,3768.4320920088794,11129.305597579425
1781632166,25,POST,/likes,0.700000,0.000000,14,14,15,15,17,17,17,17,17,17,17,75,0,14,16.24155309284106,3.432172001339495,85.73829600936733,179.18666666666667
1781632166,25,POST,/posts,0.600000,0.000000,15,16,49,49,49,49,49,49,49,49,49,117,0,11,15.057595914357112,2.8255750075913966,70.38623801781796,226.4957264957265
1781632166,25,GET,/timeline/{user_id},5.000000,0.000000,1600,1600,1700,1700,1700,1800,1800,1900,1900,1900,1900,875,0,1600.0,1425.1657215110026,24.106113996822387,1939.4658879900817,5331.627428571429
1781632166,25,GET,/users/{user_id},2.000000,0.000000,10,11,12,13,14,50,53,53,53,53,53,331,0,9,15.01543481543722,3.2889389840420336,97.96039797947742,264.03625377643505
1781632166,25,,Aggregated,22.800000,0.000000,27,1400,1600,1700,2600,3000,3300,3300,3400,3400,3400,3459,0,62,899.5087258199117,2.8255750075913966,3768.4320920088794,6115.27406764961
1781632167,25,GET,/feed/{user_id},10.300000,0.000000,14,16,20,25,49,96,98,100,100,100,100,1408,0,13,24.777274864473757,3.7879949959460646,169.29394099861383,6427.090909090909
1781632167,25,GET,/feed/{user_id}?with_fof=true,4.600000,0.000000,2700,3000,3100,3200,3300,3300,3400,3400,3400,3400,3400,665,0,2700.0,2754.593324699068,880.0434949807823,3768.4320920088794,11132.63909774436
1781632167,25,POST,/likes,0.900000,0.000000,13,14,15,15,17,17,17,17,17,17,17,75,0,14,16.24155309284106,3.432172001339495,85.73829600936733,179.18666666666667
1781632167,25,POST,/posts,0.700000,0.000000,15,15,16,49,49,49,49,49,49,49,49,119,0,11,15.001530310739724,2.8255750075913966,70.38623801781796,226.48739495798318
1781632167,25,GET,/timeline/{user_id},5.800000,0.000000,1600,1700,1700,1700,1800,1800,1900,1900,1900,1900,1900,877,0,1600.0,1425.9357321575008,24.106113996822387,1939.4658879900817,5333.328392246294
1781632167,25,GET,/users/{user_id},2.400000,0.000000,10,11,12,14,50,53,53,53,53,53,53,331,0,9,15.01543481543722,3.2889389840420336,97.96039797947742,264.03625377643505
1781632167,25,,Aggregated,24.700000,0.000000,25,1400,1700,1800,2600,3100,3300,3300,3400,3400,3400,3475,0,61,899.3410096544003,2.8255750075913966,3768.4320920088794,6117.313669064748
1781632168,25,GET,/feed/{user_id},10.500000,0.000000,14,16,19,24,49,88,98,100,100,100,100,1420,0,13,24.73768368039549,3.7879949959460646,169.29394099861383,6409.540845070423
1781632168,25,GET,/feed/{user_id}?with_fof=true,4.900000,0.000000,2700,3000,3200,3200,3300,3300,3400,3400,3400,3400,3400,671,0,2700.0,2755.9442166645003,880.0434949807823,3768.4320920088794,11120.739195230999
1781632168,25,POST,/likes,0.800000,0.000000,7,13,14,15,17,17,17,17,17,17,17,77,0,14,15.988822129491547,3.432172001339495,85.73829600936733,179.12987012987014
1781632168,25,POST,/posts,0.800000,0.000000,15,16,49,49,54,54,54,54,54,54,54,120,0,11,15.328971541506084,2.8255750075913966,70.38623801781796,226.5
1781632168,25,GET,/timeline/{user_id},5.400000,0.000000,1600,1700,1700,1700,1800,1800,1900,1900,1900,1900,1900,880,0,1600.0,1427.062350191045,24.106113996822387,1939.4658879900817,5329.828409090909
1781632168,25,GET,/users/{user_id},2.200000,0.000000,11,11,12,14,50,53,53,53,53,53,53,332,0,9,15.00634620457408,3.2889389840420336,97.96039797947742,264.0331325301205
1781632168,25,,Aggregated,24.600000,0.000000,27,1500,1700,1900,2700,3200,3300,3300,3400,3400,3400,3500,0,60,899.4953346300099,2.8255750075913966,3768.4320920088794,6109.27
1781632169,25,GET,/feed/{user_id},10.400000,0.000000,14,16,19,24,49,79,97,98,100,100,100,1432,0,14,24.675046321288026,3.7879949959460646,169.29394099861383,6397.837290502794
1781632169,25,GET,/feed/{user_id}?with_fof=true,4.300000,0.000000,2700,3000,3100,3200,3300,3300,3400,3400,3400,3400,3400,680,0,2700.0,2757.3743979704245,880.0434949807823,3768.4320920088794,11122.757352941177
1781632169,25,POST,/likes,0.700000,0.000000,7,13,14,14,17,17,17,17,17,17,17,77,0,14,15.988822129491547,3.432172001339495,85.73829600936733,179.12987012987014
1781632169,25,POST,/posts,0.900000,0.000000,12,16,49,49,49,54,54,54,54,54,54,122,0,11,15.181800721024285,2.8255750075913966,70.38623801781796,226.49180327868854
1781632169,25,GET,/timeline/{user_id},5.200000,0.000000,1600,1700,1700,1700,1800,1800,1900,1900,1900,1900,1900,884,0,1600.0,1426.3929229888345,24.106113996822387,1939.4658879900817,5333.918552036199
1781632169,25,GET,/users/{user_id},2.100000,0.000000,11,11,12,14,39,50,53,53,53,53,53,338,0,9,14.986568742508162,3.2889389840420336,97.96039797947742,264.0917159763314
1781632169,25,,Aggregated,23.600000,0.000000,27,1500,1700,2100,2700,3200,3300,3300,3400,3400,3400,3533,0,60,899.923402236346,2.8255750075913966,3768.4320920088794,6105.590150014153
1781632170,25,GET,/feed/{user_id},10.400000,0.000000,14,16,19,24,50,88,97,100,110,110,110,1443,0,13,24.706532239801156,3.7879949959460646,169.29394099861383,6392.413028413029
1781632170,25,GET,/feed/{user_id}?with_fof=true,4.500000,0.000000,2600,2900,3100,3100,3200,3300,3400,3400,3400,3400,3400,684,0,2700.0,2755.3777591343555,880.0434949807823,3768.4320920088794,11126.53216374269
1781632170,25,POST,/likes,0.700000,0.000000,7,13,14,14,17,17,17,17,17,17,17,77,0,14,15.988822129491547,3.432172001339495,85.73829600936733,179.12987012987014
1781632170,25,POST,/posts,0.900000,0.000000,12,16,49,49,49,54,54,54,54,54,54,122,0,11,15.181800721024285,2.8255750075913966,70.38623801781796,226.49180327868854
1781632170,25,GET,/timeline/{user_id},4.600000,0.000000,1500,1600,1700,1700,1700,1800,1800,1800,1800,1800,1800,893,0,1600.0,1425.5683148904036,24.106113996822387,1939.4658879900817,5333.222844344905
1781632170,25,GET,/users/{user_id},2.000000,0.000000,11,12,12,14,39,50,53,53,53,53,53,338,0,9,14.986568742508162,3.2889389840420336,97.96039797947742,264.0917159763314
1781632170,25,,Aggregated,23.100000,0.000000,34,1500,1700,1800,2600,3100,3200,3300,3400,3400,3400,3557,0,60,900.0593752302418,2.8255750075913966,3768.4320920088794,6108.534157998313
1781632171,25,GET,/feed/{user_id},10.000000,0.000000,14,16,20,25,60,90,97,100,110,110,110,1450,0,13,24.71739299659585,3.7879949959460646,169.29394099861383,6392.268275862069
1781632171,25,GET,/feed/{user_id}?with_fof=true,5.000000,0.000000,2600,2800,3000,3100,3200,3300,3400,3400,3400,3400,3400,686,0,2700.0,2752.649062071272,880.0434949807823,3768.4320920088794,11111.31778425656
1781632171,25,POST,/likes,0.700000,0.000000,7,13,14,14,17,17,17,17,17,17,17,77,0,14,15.988822129491547,3.432172001339495,85.73829600936733,179.12987012987014
1781632171,25,POST,/posts,1.100000,0.000000,12,16,49,49,49,54,54,54,54,54,54,123,0,11,15.155896268088402,2.8255750075913966,70.38623801781796,226.4878048780488
1781632171,25,GET,/timeline/{user_id},4.600000,0.000000,1500,1600,1600,1700,1700,1800,1800,1800,1800,1800,1800,902,0,1600.0,1424.7301569824588,24.106113996822387,1939.4658879900817,5330.8481152993345
1781632171,25,GET,/users/{user_id},2.100000,0.000000,11,11,12,12,39,50,53,53,53,53,53,341,0,9,14.947634999936616,3.2889389840420336,97.96039797947742,264.0967741935484
1781632171,25,,Aggregated,23.500000,0.000000,34,1400,1600,1700,2500,2900,3200,3300,3400,3400,3400,3579,0,60,898.9819882939546,2.8255750075913966,3768.4320920088794,6099.828443699357
1781632172,25,GET,/feed/{user_id},10.600000,0.000000,15,17,22,25,64,93,100,110,110,110,110,1461,0,14,24.750937076023646,3.7879949959460646,169.29394099861383,6398.197125256674
1781632172,25,GET,/feed/{user_id}?with_fof=true,5.200000,0.000000,2600,2800,3000,3100,3200,3200,3400,3400,3400,3400,3400,688,0,2700.0,2752.9377010332823,880.0434949807823,3768.4320920088794,11109.315406976744
1781632172,25,POST,/likes,0.700000,0.000000,10,10,13,13,14,14,14,14,14,14,14,78,0,14,15.913994563818097,3.432172001339495,85.73829600936733,179.14102564102564
1781632172,25,POST,/posts,1.100000,0.000000,12,16,49,49,54,54,54,54,54,54,54,123,0,11,15.155896268088402,2.8255750075913966,70.38623801781796,226.4878048780488
1781632172,25,GET,/timeline/{user_id},4.700000,0.000000,1500,1600,1600,1700,1700,1800,1800,1800,1800,1800,1800,909,0,1600.0,1424.5408688132009,24.106113996822387,1939.4658879900817,5337.284928492849
1781632172,25,GET,/users/{user_id},2.500000,0.000000,11,11,12,12,39,50,50,50,50,50,50,342,0,9,14.934895034999947,3.2889389840420336,97.96039797947742,264.0964912280702
1781632172,25,,Aggregated,24.800000,0.000000,28,1400,1600,1700,2500,2900,3200,3200,3400,3400,3400,3601,0,60,897.8903382530121,2.8255750075913966,3768.4320920088794,6102.393501805054
1781632173,25,GET,/feed/{user_id},10.700000,0.000000,14,16,20,25,60,90,100,110,110,110,110,1469,0,14,24.68901098169874,3.7879949959460646,169.29394099861383,6391.991831177672
1781632173,25,GET,/feed/{user_id}?with_fof=true,4.800000,0.000000,2600,2900,3000,3100,3200,3200,3400,3400,3400,3400,3400,693,0,2700.0,2751.883038589981,880.0434949807823,3768.4320920088794,11113.64935064935
1781632173,25,POST,/likes,0.500000,0.000000,10,10,13,13,14,14,14,14,14,14,14,78,0,14,15.913994563818097,3.432172001339495,85.73829600936733,179.14102564102564
1781632173,25,POST,/posts,1.100000,0.000000,11,12,49,49,49,54,54,54,54,54,54,125,0,11,15.006250039907172,2.8255750075913966,70.38623801781796,226.472
1781632173,25,GET,/timeline/{user_id},5.100000,0.000000,1500,1600,1700,1700,1700,1800,1800,1800,1800,1800,1800,918,0,1600.0,1423.8967769294518,24.106113996822387,1939.4658879900817,5328.847494553377
1781632173,25,GET,/users/{user_id},2.300000,0.000000,11,11,11,12,14,39,50,50,50,50,50,344,0,9,14.902595895258601,3.2889389840420336,97.96039797947742,264.08720930232556
1781632173,25,,Aggregated,24.500000,0.000000,40,1500,1600,1700,2500,2900,3200,3200,3400,3400,3400,3627,0,60,898.4571022649986,2.8255750075913966,3768.4320920088794,6097.768127929418
1781632174,25,GET,/feed/{user_id},11.300000,0.000000,14,15,19,22,60,93,110,110,110,110,110,1477,0,13,24.732348609410042,3.7879949959460646,169.29394099861383,6398.240352064997
1781632174,25,GET,/feed/{user_id}?with_fof=true,4.500000,0.000000,2600,2900,3000,3100,3200,3200,3400,3400,3400,3400,3400,697,0,2700.0,2752.2174560256058,880.0434949807823,3768.4320920088794,11111.979913916786
1781632174,25,POST,/likes,0.600000,0.000000,10,10,14,14,14,14,14,14,14,14,14,78,0,14,15.913994563818097,3.432172001339495,85.73829600936733,179.14102564102564
1781632174,25,POST,/posts,1.100000,0.000000,11,12,12,49,54,54,54,54,54,54,54,125,0,11,15.006250039907172,2.8255750075913966,70.38623801781796,226.472
1781632174,25,GET,/timeline/{user_id},6.000000,0.000000,1500,1600,1700,1700,1700,1800,1800,1800,1800,1800,1800,923,0,1600.0,1424.462907812833,24.106113996822387,1939.4658879900817,5337.00758396533
1781632174,25,GET,/users/{user_id},2.300000,0.000000,11,11,11,11,12,39,39,39,39,39,39,344,0,9,14.902595895258601,3.2889389840420336,97.96039797947742,264.08720930232556
1781632174,25,,Aggregated,25.800000,0.000000,40,1500,1700,1800,2600,3000,3200,3200,3400,3400,3400,3644,0,61,899.5192303721549,2.8255750075913966,3768.4320920088794,6107.1451701427
1781632175,25,GET,/feed/{user_id},11.000000,0.000000,14,16,20,22,42,90,110,110,110,110,110,1488,0,13,24.644251907336173,3.7879949959460646,169.29394099861383,6406.581317204301
1781632175,25,GET,/feed/{user_id}?with_fof=true,4.200000,0.000000,2700,3000,3100,3200,3200,3300,3400,3400,3400,3400,3400,701,0,2700.0,2753.800117807171,880.0434949807823,3768.4320920088794,11115.041369472183
1781632175,25,POST,/likes,0.600000,0.000000,10,10,14,14,14,14,14,14,14,14,14,78,0,14,15.913994563818097,3.432172001339495,85.73829600936733,179.14102564102564
1781632175,25,POST,/posts,1.100000,0.000000,11,12,12,12,15,54,54,54,54,54,54,127,0,11,14.982404999937275,2.8255750075913966,70.38623801781796,226.48031496062993
1781632175,25,GET,/timeline/{user_id},5.700000,0.000000,1600,1600,1700,1700,1700,1800,1800,1800,1800,1800,1800,931,0,1600.0,1424.845210167819,24.106113996822387,1939.4658879900817,5334.248120300752
1781632175,25,GET,/users/{user_id},2.000000,0.000000,11,11,12,12,39,61,61,61,61,61,61,346,0,9,15.010944433457142,3.2889389840420336,97.96039797947742,264.08670520231215
1781632175,25,,Aggregated,24.600000,0.000000,40,1500,1700,1700,2600,3100,3200,3200,3400,3400,3400,3671,0,61,899.4696986848633,2.8255750075913966,3768.4320920088794,6108.671206755653
1781632176,25,GET,/feed/{user_id},10.600000,0.000000,13,15,19,22,60,93,110,110,110,110,110,1502,0,13,24.595622212462345,3.7879949959460646,169.29394099861383,6402.4340878828225
1781632176,25,GET,/feed/{user_id}?with_fof=true,4.200000,0.000000,2700,3000,3100,3100,3200,3200,3400,3400,3400,3400,3400,707,0,2700.0,2751.906342452304,880.0434949807823,3768.4320920088794,11112.485148514852
1781632176,25,POST,/likes,0.600000,0.000000,10,10,15,15,15,15,15,15,15,15,15,79,0,14,15.900376037682724,3.432172001339495,85.73829600936733,179.126582278481
1781632176,25,POST,/posts,1.100000,0.000000,12,12,15,35,54,54,54,54,54,54,54,128,0,11,15.139913835810148,2.8255750075913966,70.38623801781796,226.484375
1781632176,25,GET,/timeline/{user_id},6.200000,0.000000,1500,1600,1700,1700,1800,1800,1800,1800,1800,1800,1800,935,0,1600.0,1425.2122295264935,24.106113996822387,1939.4658879900817,5330.891978609626
1781632176,25,GET,/users/{user_id},2.100000,0.000000,11,11,12,12,39,61,61,61,61,61,61,346,0,9,15.010944433457142,3.2889389840420336,97.96039797947742,264.08670520231215
1781632176,25,,Aggregated,24.800000,0.000000,54,1500,1700,1800,2700,3100,3200,3200,3400,3400,3400,3697,0,60,898.9725909483668,2.8255750075913966,3768.4320920088794,6110.868812550717
1781632177,25,GET,/feed/{user_id},9.900000,0.000000,13,16,22,23,81,95,110,110,110,110,110,1509,0,13,24.612175202855965,3.7879949959460646,169.29394099861383,6398.939032471836
1781632177,25,GET,/feed/{user_id}?with_fof=true,4.100000,0.000000,2700,3000,3100,3100,3200,3200,3400,3400,3400,3400,3400,709,0,2700.0,2751.6073199334337,880.0434949807823,3768.4320920088794,11114.5317348378
1781632177,25,POST,/likes,0.400000,0.000000,10,10,15,15,15,15,15,15,15,15,15,79,0,14,15.900376037682724,3.432172001339495,85.73829600936733,179.126582278481
1781632177,25,POST,/posts,1.000000,0.000000,12,12,15,35,54,54,54,54,54,54,54,128,0,11,15.139913835810148,2.8255750075913966,70.38623801781796,226.484375
1781632177,25,GET,/timeline/{user_id},5.800000,0.000000,1500,1600,1700,1700,1700,1800,1800,1800,1800,1800,1800,939,0,1600.0,1425.0790911291306,24.106113996822387,1939.4658879900817,5332.345047923322
1781632177,25,GET,/users/{user_id},1.600000,0.000000,11,11,12,12,39,61,61,61,61,61,61,346,0,9,15.010944433457142,3.2889389840420336,97.96039797947742,264.08670520231215
1781632177,25,,Aggregated,22.800000,0.000000,81,1500,1700,1800,2700,3000,3200,3200,3400,3400,3400,3710,0,60,898.8049741876309,2.8255750075913966,3768.4320920088794,6112.611590296496
1781632178,25,GET,/feed/{user_id},10.400000,0.000000,13,16,22,23,81,100,110,110,110,110,110,1516,0,13,24.645991453904465,3.7879949959460646,169.29394099861383,6403.575197889182
1781632178,25,GET,/feed/{user_id}?with_fof=true,4.100000,0.000000,2600,2900,3000,3000,3200,3300,3400,3400,3400,3400,3400,714,0,2700.0,2750.6558917826746,880.0434949807823,3768.4320920088794,11115.415966386554
1781632178,25,POST,/likes,0.300000,0.000000,10,10,15,15,15,15,15,15,15,15,15,79,0,14,15.900376037682724,3.432172001339495,85.73829600936733,179.126582278481
1781632178,25,POST,/posts,1.100000,0.000000,12,12,15,15,35,35,35,35,35,35,35,128,0,11,15.139913835810148,2.8255750075913966,70.38623801781796,226.484375
1781632178,25,GET,/timeline/{user_id},6.300000,0.000000,1500,1600,1700,1700,1700,1800,1800,1800,1800,1800,1800,943,0,1600.0,1426.5244816704471,24.106113996822387,1939.4658879900817,5325.664899257688
1781632178,25,GET,/users/{user_id},1.600000,0.000000,11,11,11,11,39,61,61,61,61,61,61,349,0,9,14.944109879567536,3.2889389840420336,97.96039797947742,264.08595988538684
1781632178,25,,Aggregated,23.800000,0.000000,90,1500,1700,1800,2600,3000,3200,3200,3400,3400,3400,3729,0,61,899.6926116970008,2.8255750075913966,3768.4320920088794,6114.678466076696
1781632179,25,GET,/feed/{user_id},10.300000,0.000000,13,18,23,25,90,100,110,110,110,110,110,1520,0,13,24.621785582329675,3.7879949959460646,169.29394099861383,6402.868421052632
1781632179,25,GET,/feed/{user_id}?with_fof=true,4.400000,0.000000,2600,2900,3000,3000,3200,3300,3400,3400,3400,3400,3400,719,0,2700.0,2752.651214798074,880.0434949807823,3768.4320920088794,11118.250347705147
1781632179,25,POST,/likes,0.400000,0.000000,15,15,15,15,15,15,15,15,15,15,15,79,0,14,15.900376037682724,3.432172001339495,85.73829600936733,179.126582278481
1781632179,25,POST,/posts,1.000000,0.000000,12,12,15,15,35,35,35,35,35,35,35,129,0,11,15.078394061907433,2.8255750075913966,70.38623801781796,226.48837209302326
1781632179,25,GET,/timeline/{user_id},6.100000,0.000000,1500,1600,1700,1700,1700,1800,1800,1800,1800,1800,1800,944,0,1600.0,1426.6011603487673,24.106113996822387,1939.4658879900817,5326.46186440678
1781632179,25,GET,/users/{user_id},1.500000,0.000000,9,11,11,11,11,61,61,61,61,61,61,351,0,9,14.903170481341443,3.2889389840420336,97.96039797947742,264.0997150997151
1781632179,25,,Aggregated,23.700000,0.000000,100,1500,1700,1800,2600,3000,3200,3300,3400,3400,3400,3742,0,60,901.0489279193245,2.8255750075913966,3768.4320920088794,6117.2177979690005
1781632180,25,GET,/feed/{user_id},9.700000,0.000000,13,16,19,23,45,95,110,110,110,110,110,1526,0,13,24.56974337489828,3.7879949959460646,169.29394099861383,6395.110747051114
1781632180,25,GET,/feed/{user_id}?with_fof=true,4.400000,0.000000,2700,3000,3100,3100,3300,3300,3400,3400,3400,3400,3400,727,0,2700.0,2754.40245454578,880.0434949807823,3768.4320920088794,11121.90371389271
1781632180,25,POST,/likes,0.400000,0.000000,15,15,15,15,15,15,15,15,15,15,15,79,0,14,15.900376037682724,3.432172001339495,85.73829600936733,179.126582278481
1781632180,25,POST,/posts,0.900000,0.000000,12,12,15,15,35,35,35,35,35,35,35,129,0,11,15.078394061907433,2.8255750075913966,70.38623801781796,226.48837209302326
1781632180,25,GET,/timeline/{user_id},6.200000,0.000000,1600,1700,1700,1700,1800,1800,1800,1900,1900,1900,1900,950,0,1600.0,1426.1286707139438,24.106113996822387,1939.4658879900817,5331.863157894737
1781632180,25,GET,/users/{user_id},1.700000,0.000000,9,11,11,11,52,61,61,61,61,61,61,352,0,9,15.009324181681388,3.2889389840420336,97.96039797947742,264.10227272727275
1781632180,25,,Aggregated,23.300000,0.000000,110,1600,1700,2200,2800,3100,3300,3400,3400,3400,3400,3763,0,62,904.3982924996127,2.8255750075913966,3768.4320920088794,6124.41270263088
1781632181,25,GET,/feed/{user_id},9.500000,0.000000,13,17,22,23,45,95,110,110,110,110,110,1535,0,13,24.563067345326335,3.7879949959460646,169.29394099861383,6404.194788273616
1781632181,25,GET,/feed/{user_id}?with_fof=true,4.000000,0.000000,2800,3000,3100,3200,3300,3400,3400,3400,3400,3400,3400,730,0,2700.0,2755.350462339415,880.0434949807823,3768.4320920088794,11122.37397260274
1781632181,25,POST,/likes,0.200000,0.000000,12,12,15,15,15,15,15,15,15,15,15,80,0,14,15.846614699694328,3.432172001339495,85.73829600936733,179.1125
1781632181,25,POST,/posts,0.800000,0.000000,12,12,15,15,35,35,35,35,35,35,35,129,0,11,15.078394061907433,2.8255750075913966,70.38623801781796,226.48837209302326
1781632181,25,GET,/timeline/{user_id},6.100000,0.000000,1600,1700,1700,1700,1800,1800,1900,1900,1900,1900,1900,955,0,1600.0,1427.2722104704799,24.106113996822387,1939.4658879900817,5323.296335078534
1781632181,25,GET,/users/{user_id},1.700000,0.000000,9,11,11,12,52,61,61,61,61,61,61,354,0,9,14.991216731568835,3.2889389840420336,97.96039797947742,264.090395480226
1781632181,25,,Aggregated,22.300000,0.000000,95,1600,1800,2300,2900,3100,3300,3400,3400,3400,3400,3783,0,61,904.2227966204327,2.8255750075913966,3768.4320920088794,6124.915146708961
1781632182,25,GET,/feed/{user_id},8.400000,0.000000,12,16,18,22,44,95,110,110,110,110,110,1540,0,13,24.52409564551078,3.7879949959460646,169.29394099861383,6404.092207792208
1781632182,25,GET,/feed/{user_id}?with_fof=true,4.100000,0.000000,2800,3000,3100,3200,3300,3400,3400,3400,3400,3400,3400,734,0,2700.0,2754.4804618566054,880.0434949807823,3768.4320920088794,11122.219346049047
1781632182,25,POST,/likes,0.200000,0.000000,12,12,15,15,15,15,15,15,15,15,15,80,0,14,15.846614699694328,3.432172001339495,85.73829600936733,179.1125
1781632182,25,POST,/posts,0.700000,0.000000,12,15,15,35,35,35,35,35,35,35,35,129,0,11,15.078394061907433,2.8255750075913966,70.38623801781796,226.48837209302326
1781632182,25,GET,/timeline/{user_id},5.800000,0.000000,1600,1700,1700,1700,1800,1800,1900,1900,1900,1900,1900,962,0,1600.0,1427.439261250869,24.106113996822387,1939.4658879900817,5332.029106029106
1781632182,25,GET,/users/{user_id},1.300000,0.000000,9,11,12,12,52,61,61,61,61,61,61,354,0,9,14.991216731568835,3.2889389840420336,97.96039797947742,264.090395480226
1781632182,25,,Aggregated,20.500000,0.000000,320,1600,1800,2400,2800,3100,3300,3400,3400,3400,3400,3799,0,62,905.8362906957389,2.8255750075913966,3768.4320920088794,6131.207423006054
1781632183,25,GET,/feed/{user_id},8.400000,0.000000,13,16,18,22,45,100,110,120,120,120,120,1550,0,13,24.555430050391042,3.7879949959460646,169.29394099861383,6390.612903225807
1781632183,25,GET,/feed/{user_id}?with_fof=true,4.400000,0.000000,2800,3000,3100,3200,3400,3400,3700,3700,3700,3700,3700,741,0,2700.0,2755.4362012667966,880.0434949807823,3768.4320920088794,11126.018893387314
1781632183,25,POST,/likes,0.200000,0.000000,15,15,15,15,15,15,15,15,15,15,15,80,0,14,15.846614699694328,3.432172001339495,85.73829600936733,179.1125
1781632183,25,POST,/posts,0.600000,0.000000,12,12,15,15,35,35,35,35,35,35,35,130,0,11,15.031975030657263,2.8255750075913966,70.38623801781796,226.4923076923077
1781632183,25,GET,/timeline/{user_id},5.600000,0.000000,1600,1700,1700,1700,1800,1800,1900,1900,1900,1900,1900,969,0,1600.0,1426.541481971473,24.106113996822387,1939.4658879900817,5336.871001031992
1781632183,25,GET,/users/{user_id},1.200000,0.000000,9,11,12,12,52,61,61,61,61,61,61,357,0,9,14.95611010636503,3.2889389840420336,97.96039797947742,264.11764705882354
1781632183,25,,Aggregated,20.400000,0.000000,340,1600,1900,2400,2900,3200,3400,3600,3700,3700,3700,3827,0,63,906.9033328939372,2.8255750075913966,3768.4320920088794,6129.950614058009
1781632184,25,GET,/feed/{user_id},8.300000,0.000000,13,16,18,19,45,93,110,120,120,120,120,1563,0,13,24.55469554708615,3.7879949959460646,169.29394099861383,6397.3365323096605
1781632184,25,GET,/feed/{user_id}?with_fof=true,4.400000,0.000000,2800,3000,3100,3200,3400,3400,3700,3700,3700,3700,3700,743,0,2700.0,2755.4170563064554,880.0434949807823,3768.4320920088794,11127.732166890983
1781632184,25,POST,/likes,0.200000,0.000000,15,15,17,17,17,17,17,17,17,17,17,81,0,14,15.861840197172613,3.432172001339495,85.73829600936733,179.09876543209876
1781632184,25,POST,/posts,0.600000,0.000000,15,15,35,35,44,44,44,44,44,44,44,131,0,11,15.250525969384551,2.8255750075913966,70.38623801781796,226.49618320610688
1781632184,25,GET,/timeline/{user_id},5.100000,0.000000,1600,1600,1700,1700,1800,1800,1900,1900,1900,1900,1900,978,0,1600.0,1423.8320682804883,24.106113996822387,1939.4658879900817,5350.812883435583
1781632184,25,GET,/users/{user_id},1.300000,0.000000,11,12,12,14,52,61,61,61,61,61,61,358,0,9,14.953104508328563,3.2889389840420336,97.96039797947742,264.12011173184356
1781632184,25,,Aggregated,19.900000,0.000000,110,1600,1800,2300,2800,3200,3400,3400,3700,3700,3700,3854,0,63,904.7217083876639,2.8255750075913966,3768.4320920088794,6133.567721847431
1781632185,25,GET,/feed/{user_id},7.700000,0.000000,14,18,22,28,81,95,110,120,120,120,120,1573,0,13,24.610367107502753,3.7879949959460646,169.29394099861383,6385.017164653528
1781632185,25,GET,/feed/{user_id}?with_fof=true,4.700000,0.000000,2700,2900,3100,3200,3400,3400,3700,3700,3700,3700,3700,748,0,2700.0,2754.474893758949,880.0434949807823,3768.4320920088794,11130.065508021391
1781632185,25,POST,/likes,0.200000,0.000000,17,17,50,50,50,50,50,50,50,50,50,82,0,14,16.278726084969893,3.432172001339495,85.73829600936733,179.109756097561
1781632185,25,POST,/posts,0.600000,0.000000,11,35,35,44,44,44,44,44,44,44,44,132,0,11,15.221068219530439,2.8255750075913966,70.38623801781796,226.49242424242425
1781632185,25,GET,/timeline/{user_id},5.300000,0.000000,1600,1600,1700,1700,1800,1800,1900,1900,1900,1900,1900,983,0,1600.0,1423.1777364611464,24.106113996822387,1939.4658879900817,5355.144455747711
1781632185,25,GET,/users/{user_id},1.300000,0.000000,10,12,12,14,61,71,71,71,71,71,71,361,0,9,15.071759454150094,3.2889389840420336,97.96039797947742,264.1218836565097
1781632185,25,,Aggregated,19.800000,0.000000,110,1600,1800,2300,2800,3200,3400,3600,3700,3700,3700,3879,0,63,904.0546493013669,2.8255750075913966,3768.4320920088794,6128.631090487239
1781632186,25,GET,/feed/{user_id},7.900000,0.000000,15,17,21,35,81,93,110,120,120,120,120,1581,0,14,24.625920057012525,3.7879949959460646,169.29394099861383,6382.726755218217
1781632186,25,GET,/feed/{user_id}?with_fof=true,4.800000,0.000000,2800,2900,3100,3200,3400,3400,3700,3700,3700,3700,3700,751,0,2700.0,2752.7103351660307,880.0434949807823,3768.4320920088794,11132.8655126498
1781632186,25,POST,/likes,0.200000,0.000000,17,17,50,50,50,50,50,50,50,50,50,82,0,14,16.278726084969893,3.432172001339495,85.73829600936733,179.109756097561
1781632186,25,POST,/posts,0.500000,0.000000,11,35,35,44,44,44,44,44,44,44,44,132,0,11,15.221068219530439,2.8255750075913966,70.38623801781796,226.49242424242425
1781632186,25,GET,/timeline/{user_id},5.400000,0.000000,1600,1600,1700,1700,1800,1900,1900,1900,1900,1900,1900,987,0,1600.0,1423.1451330145337,24.106113996822387,1939.4658879900817,5349.300911854103
1781632186,25,GET,/users/{user_id},1.300000,0.000000,11,12,12,12,52,71,71,71,71,71,71,362,0,9,15.063406005392407,3.2889389840420336,97.96039797947742,264.11878453038673
1781632186,25,,Aggregated,20.100000,0.000000,110,1600,1800,2300,2800,3200,3400,3600,3700,3700,3700,3895,0,63,903.6355011869254,2.8255750075913966,3768.4320920088794,6128.839024390244
1781632187,25,GET,/feed/{user_id},8.600000,0.000000,14,17,21,28,73,86,110,120,120,120,120,1591,0,13,24.618018860577493,3.7879949959460646,169.29394099861383,6372.586423632935
1781632187,25,GET,/feed/{user_id}?with_fof=true,4.700000,0.000000,2800,3000,3100,3200,3400,3400,3700,3700,3700,3700,3700,757,0,2700.0,2752.8376486032844,880.0434949807823,3768.4320920088794,11130.458388375166
1781632187,25,POST,/likes,0.400000,0.000000,17,17,50,50,50,50,50,50,50,50,50,82,0,14,16.278726084969893,3.432172001339495,85.73829600936733,179.109756097561
1781632187,25,POST,/posts,0.600000,0.000000,11,11,44,44,44,44,44,44,44,44,44,132,0,11,15.221068219530439,2.8255750075913966,70.38623801781796,226.49242424242425
1781632187,25,GET,/timeline/{user_id},5.400000,0.000000,1600,1600,1700,1700,1800,1900,1900,1900,1900,1900,1900,991,0,1600.0,1424.6651888822944,24.106113996822387,1939.4658879900817,5344.230070635722
1781632187,25,GET,/users/{user_id},1.400000,0.000000,12,12,14,14,59,71,71,71,71,71,71,364,0,9,15.178900436724659,3.2889389840420336,97.96039797947742,264.1208791208791
1781632187,25,,Aggregated,21.100000,0.000000,93,1600,1900,2300,2900,3100,3400,3400,3700,3700,3700,3917,0,63,904.7173159267645,2.8255750075913966,3768.4320920088794,6127.495021700281
1781632188,25,GET,/feed/{user_id},7.800000,0.000000,14,17,21,35,81,93,110,120,120,120,120,1598,0,13,24.748851673445024,3.7879949959460646,169.29394099861383,6373.717772215269
1781632188,25,GET,/feed/{user_id}?with_fof=true,4.600000,0.000000,2800,3000,3000,3200,3400,3400,3700,3700,3700,3700,3700,763,0,2700.0,2753.109772993037,880.0434949807823,3768.4320920088794,11131.791612057666
1781632188,25,POST,/likes,0.400000,0.000000,17,17,50,50,50,50,50,50,50,50,50,83,0,14,16.25817159018255,3.432172001339495,85.73829600936733,179.09638554216866
1781632188,25,POST,/posts,0.500000,0.000000,11,44,44,50,50,50,50,50,50,50,50,133,0,11,15.484235496076412,2.8255750075913966,70.38623801781796,226.49624060150376
1781632188,25,GET,/timeline/{user_id},5.200000,0.000000,1600,1600,1700,1800,1900,1900,1900,1900,1900,1900,1900,992,0,1600.0,1425.0016566203128,24.106113996822387,1939.4658879900817,5338.993951612903
1781632188,25,GET,/users/{user_id},1.500000,0.000000,12,12,14,52,59,71,71,71,71,71,71,365,0,9,15.166535805384564,3.2889389840420336,97.96039797947742,264.14246575342463
1781632188,25,,Aggregated,20.000000,0.000000,110,1600,1900,2400,2900,3100,3400,3400,3700,3700,3700,3934,0,64,905.6221866464505,2.8255750075913966,3768.4320920088794,6130.259532282664
