Timestamp,User Count,Type,Name,Requests/s,Failures/s,50%,66%,75%,80%,90%,95%,98%,99%,99.9%,99.99%,100%,Total Request Count,Total Failure Count,Total Median Response Time,Total Average Response Time,Total Min Response Time,Total Max Response Time,Total Average Content Size
1781653332,0,,Aggregated,0.000000,0.000000,N/A,N/A,N/A,N/A,N/A,N/A,N/A,N/A,N/A,N/A,N/A,0,0,0,0.0,0,0,0
1781653333,20,GET,/feed/{user_id},0.000000,0.000000,0,0,0,0,0,0,0,0,0,0,0,8,0,4,6.6228584946657065,2.7957290003541857,27.215704991249368,6680.75
1781653333,20,GET,/feed/{user_id}?with_fof=true,0.000000,0.000000,0,0,0,0,0,0,0,0,0,0,0,4,0,300.0,281.2489119969541,3.5081779933534563,411.0938459925819,9517.25
1781653333,20,POST,/likes,0.000000,0.000000,0,0,0,0,0,0,0,0,0,0,0,1,0,4.9452310195192695,4.9452310195192695,4.9452310195192695,4.9452310195192695,181.0
1781653333,20,GET,/timeline/{user_id},0.000000,0.000000,0,0,0,0,0,0,0,0,0,0,0,5,0,8,16.932582383742556,3.638652997324243,54.15574598009698,1770.2
1781653333,20,GET,/users/{user_id},0.000000,0.000000,0,0,0,0,0,0,0,0,0,0,0,3,0,3,5.722826007210339,2.32087800395675,11.807364004198462,263.3333333333333
1781653333,20,,Aggregated,0.000000,0.000000,0,0,0,0,0,0,0,0,0,0,0,21,0,4,61.17881604309549,2.32087800395675,411.0938459925819,4825.571428571428
1781653334,40,GET,/feed/{user_id},0.000000,0.000000,3,4,4,6,15,34,93,93,93,93,93,31,0,3,8.626969996839762,2.1911030053161085,93.09707098873332,5534.8387096774195
1781653334,40,GET,/feed/{user_id}?with_fof=true,0.000000,0.000000,0,0,0,0,0,0,0,0,0,0,0,16,0,69,176.55312399983814,2.190603001508862,511.088736995589,7170.375
1781653334,40,POST,/likes,0.000000,0.000000,0,0,0,0,0,0,0,0,0,0,0,2,0,5,22.96427851251792,4.9452310195192695,40.983326005516574,180.5
1781653334,40,POST,/posts,0.000000,0.000000,0,0,0,0,0,0,0,0,0,0,0,2,0,6,8.901780005544424,5.663076997734606,12.140483013354242,227.5
1781653334,40,GET,/timeline/{user_id},0.000000,0.000000,5,8,13,32,54,54,54,54,54,54,54,19,0,5,14.299362683423647,2.8724949806928635,54.15574598009698,3703.1052631578946
1781653334,40,GET,/users/{user_id},0.000000,0.000000,3,3,7,7,99,99,99,99,99,99,99,8,0,3,16.249975120445015,2.0601769792847335,98.9041340071708,263.375
1781653334,40,,Aggregated,0.000000,0.000000,4,8,15,39,180,330,410,510,510,510,510,78,0,4,45.611613626720214,2.0601769792847335,511.088736995589,4610.102564102564
1781653335,60,GET,/feed/{user_id},4.000000,0.000000,3,3,4,4,7,14,34,93,93,93,93,67,0,3,5.932862087198075,2.1114840055815876,93.09707098873332,5894.3432835820895
1781653335,60,GET,/feed/{user_id}?with_fof=true,0.000000,0.000000,3,4,12,250,310,330,510,510,510,510,510,31,0,3,100.33939622489045,2.129080006852746,511.088736995589,6616.0
1781653335,60,POST,/likes,0.000000,0.000000,5,5,41,41,41,41,41,41,41,41,41,4,0,4,13.449452257191297,3.8934140175115317,40.983326005516574,180.75
1781653335,60,POST,/posts,0.000000,0.000000,0,0,0,0,0,0,0,0,0,0,0,6,0,6,9.261156999855302,4.5386619749479,20.546491025015712,227.83333333333334
1781653335,60,GET,/timeline/{user_id},1.000000,0.000000,4,5,12,18,32,54,54,54,54,54,54,34,0,4,10.763562702991562,2.3582240100950003,54.15574598009698,4092.205882352941
1781653335,60,GET,/users/{user_id},1.000000,0.000000,3,3,3,4,7,99,99,99,99,99,99,15,0,3,9.836406998025874,1.6956609906628728,98.9041340071708,263.6
1781653335,60,,Aggregated,6.000000,0.000000,3,4,5,8,39,250,330,410,510,510,510,157,0,3,26.311433316648873,1.6956609906628728,511.088736995589,4746.471337579618
1781653336,80,GET,/feed/{user_id},8.500000,0.000000,3,3,4,4,12,15,34,93,93,93,93,94,0,3,5.831144338639631,2.1114840055815876,93.09707098873332,5791.45744680851
1781653336,80,GET,/feed/{user_id}?with_fof=true,3.000000,0.000000,3,4,5,180,330,460,510,510,510,510,510,56,0,3,86.4443885522113,2.129080006852746,511.088736995589,7579.267857142857
1781653336,80,POST,/likes,1.000000,0.000000,5,11,11,41,41,41,41,41,41,41,41,5,0,5,12.867155007552356,3.8934140175115317,40.983326005516574,180.4
1781653336,80,POST,/posts,0.000000,0.000000,7,7,7,7,8,8,8,8,8,8,8,9,0,7,8.302676556114521,4.5386619749479,20.546491025015712,227.88888888888889
1781653336,80,GET,/timeline/{user_id},5.500000,0.000000,3,4,8,9,18,32,54,54,54,54,54,65,0,3,7.6529716625093265,2.3011890007182956,54.15574598009698,4039.0153846153844
1781653336,80,GET,/users/{user_id},2.000000,0.000000,3,3,3,3,7,99,99,99,99,99,99,17,0,3,8.972109880928388,1.6956609906628728,98.9041340071708,263.52941176470586
1781653336,80,,Aggregated,20.000000,0.000000,3,4,5,8,21,240,410,460,510,510,510,246,0,3,25.113992751372518,1.6956609906628728,511.088736995589,5035.792682926829
1781653337,100,GET,/feed/{user_id},14.666667,0.000000,3,3,3,4,9,15,20,34,93,93,93,142,0,3,4.997572899938718,2.0641630108002573,93.09707098873332,5534.887323943662
1781653337,100,GET,/feed/{user_id}?with_fof=true,6.333333,0.000000,3,3,4,7,280,430,500,510,510,510,510,81,0,3,65.88045062991664,2.08379200194031,511.088736995589,7925.493827160494
1781653337,100,POST,/likes,0.666667,0.000000,4,5,5,11,41,41,41,41,41,41,41,9,0,4,8.87123111816537,3.2298000005539507,40.983326005516574,180.22222222222223
1781653337,100,POST,/posts,1.000000,0.000000,5,7,7,7,8,8,8,8,8,8,8,11,0,6,7.661019637122411,4.5386619749479,20.546491025015712,228.0
1781653337,100,GET,/timeline/{user_id},8.333333,0.000000,3,4,4,5,13,20,54,54,54,54,54,91,0,3,6.432820088805753,2.0226810011081398,54.15574598009698,4114.571428571428
1781653337,100,GET,/users/{user_id},3.333333,0.000000,2,3,3,3,4,7,99,99,99,99,99,25,0,2,6.870790598914027,1.6956609906628728,98.9041340071708,263.56
1781653337,100,,Aggregated,34.333333,0.000000,3,4,4,5,13,54,330,430,510,510,510,359,0,3,19.407355270029402,1.6956609906628728,511.088736995589,5050.317548746518
1781653338,120,GET,/feed/{user_id},19.000000,0.000000,3,3,3,4,9,15,20,34,93,93,93,192,0,3,4.742135238908911,2.0078390080016106,93.09707098873332,5376.447916666667
1781653338,120,GET,/feed/{user_id}?with_fof=true,9.000000,0.000000,3,3,4,5,180,330,460,500,510,510,510,109,0,3,49.992887807610536,1.9252450147178024,511.088736995589,7504.238532110092
1781653338,120,POST,/likes,1.250000,0.000000,4,5,5,5,11,41,41,41,41,41,41,12,0,4,7.76197209052043,3.2298000005539507,40.983326005516574,180.5
1781653338,120,POST,/posts,1.750000,0.000000,5,6,7,7,8,8,8,8,8,8,8,13,0,6,7.37728230888024,4.5386619749479,20.546491025015712,228.0
1781653338,120,GET,/timeline/{user_id},11.500000,0.000000,3,4,4,5,11,20,54,54,58,58,58,124,0,3,6.433984846573308,2.0226810011081398,57.99608101369813,4261.290322580645
1781653338,120,GET,/users/{user_id},3.750000,0.000000,2,3,3,3,3,7,99,99,99,99,99,33,0,2,5.718992029098004,1.6956609906628728,98.9041340071708,263.3333333333333
1781653338,120,,Aggregated,46.250000,0.000000,3,3,4,5,12,38,300,410,510,510,510,483,0,3,15.601043333203048,1.6956609906628728,511.088736995589,4953.333333333333
1781653339,140,GET,/feed/{user_id},21.200000,0.000000,3,3,3,4,7,12,19,23,93,93,93,251,0,3,4.380926756750406,1.9365930056665093,93.09707098873332,5579.119521912351
1781653339,140,GET,/feed/{user_id}?with_fof=true,13.400000,0.000000,3,3,3,4,30,310,460,500,510,510,510,132,0,3,41.93548869697031,1.9252450147178024,511.088736995589,7795.94696969697
1781653339,140,POST,/likes,1.200000,0.000000,4,5,5,5,11,41,41,41,41,41,41,14,0,4,7.1251999345674575,3.044862998649478,40.983326005516574,180.5
1781653339,140,POST,/posts,1.800000,0.000000,5,6,6,7,8,43,43,43,43,43,43,21,0,5,8.247438808515048,4.153884976403788,42.53590200096369,227.8095238095238
1781653339,140,GET,/timeline/{user_id},14.600000,0.000000,3,4,4,5,13,30,54,58,68,68,68,167,0,3,6.643334718373699,2.0226810011081398,68.12097298097797,4140.353293413174
1781653339,140,GET,/users/{user_id},3.600000,0.000000,2,3,3,3,3,4,99,99,99,99,99,42,0,2,5.04021114015597,1.6956609906628728,98.9041340071708,262.95238095238096
1781653339,140,,Aggregated,55.800000,0.000000,3,3,4,5,10,24,240,400,510,510,510,627,0,3,13.124676082714757,1.6956609906628728,511.088736995589,5006.727272727273
1781653340,160,GET,/feed/{user_id},26.333333,0.000000,3,3,3,4,6,12,17,20,93,93,93,321,0,3,4.18849330479961,1.9365930056665093,93.09707098873332,5643.093457943925
1781653340,160,GET,/feed/{user_id}?with_fof=true,14.833333,0.000000,3,3,3,4,15,280,430,500,510,510,510,173,0,3,34.578910375900854,1.9252450147178024,511.088736995589,7551.8497109826585
1781653340,160,POST,/likes,1.833333,0.000000,4,5,5,6,26,41,41,41,41,41,41,19,0,4,7.4907655836891776,3.044862998649478,40.983326005516574,180.52631578947367
1781653340,160,POST,/posts,1.833333,0.000000,5,6,6,7,7,8,43,43,43,43,43,25,0,5,7.799721999326721,4.153884976403788,42.53590200096369,227.8
1781653340,160,GET,/timeline/{user_id},16.500000,0.000000,3,4,4,5,11,22,51,54,68,68,68,208,0,3,6.1805664755900995,2.0226810011081398,68.12097298097797,4155.317307692308
1781653340,160,GET,/users/{user_id},4.666667,0.000000,2,3,3,3,3,7,9,99,99,99,99,55,0,2,4.592512598240071,1.6956609906628728,98.9041340071708,262.8727272727273
1781653340,160,,Aggregated,66.000000,0.000000,3,3,4,4,9,20,99,330,510,510,510,801,0,3,11.488291462884806,1.6956609906628728,511.088736995589,5000.988764044944
1781653341,180,GET,/feed/{user_id},29.714286,0.000000,3,3,3,4,6,12,18,23,93,93,93,418,0,3,4.181052058833233,1.9365930056665093,93.09707098873332,5743.923444976077
1781653341,180,GET,/feed/{user_id}?with_fof=true,16.714286,0.000000,3,3,3,4,12,250,430,500,510,510,510,205,0,3,29.83685040054275,1.9252450147178024,511.088736995589,7542.356097560975
1781653341,180,POST,/likes,1.714286,0.000000,4,4,5,5,11,26,41,41,41,41,41,23,0,4,6.810432569498358,2.9557490197476,40.983326005516574,180.47826086956522
1781653341,180,POST,/posts,2.285714,0.000000,6,6,7,7,10,11,43,43,43,43,43,31,0,6,7.7017793552048746,4.153884976403788,42.53590200096369,227.83870967741936
1781653341,180,GET,/timeline/{user_id},19.857143,0.000000,3,4,4,5,10,19,39,54,68,68,68,253,0,3,5.8210128410986215,2.0226810011081398,68.12097298097797,4082.509881422925
1781653341,180,GET,/users/{user_id},5.142857,0.000000,2,3,3,3,3,7,10,99,99,99,99,81,0,2,3.970713517772333,1.6956609906628728,98.9041340071708,262.6666666666667
1781653341,180,,Aggregated,75.428571,0.000000,3,3,4,4,9,17,54,300,500,510,510,1011,0,3,9.944582834372778,1.6956609906628728,511.088736995589,4957.970326409495
1781653342,200,GET,/feed/{user_id},34.125000,0.000000,3,3,3,4,6,12,19,23,93,93,93,522,0,3,4.143271738751631,1.9365930056665093,93.09707098873332,5775.109195402299
1781653342,200,GET,/feed/{user_id}?with_fof=true,17.875000,0.000000,3,3,4,4,12,250,430,460,510,510,510,257,0,3,29.63714841252704,1.9252450147178024,511.088736995589,7417.961089494163
1781653342,200,POST,/likes,2.000000,0.000000,4,4,5,5,8,26,41,41,41,41,41,32,0,4,6.242660127099953,2.9557490197476,40.983326005516574,180.46875
1781653342,200,POST,/posts,2.625000,0.000000,5,6,7,7,11,22,43,43,43,43,43,42,0,5,7.59869664242225,4.153884976403788,42.53590200096369,227.73809523809524
1781653342,200,GET,/timeline/{user_id},23.625000,0.000000,3,4,4,4,10,18,32,54,68,68,68,309,0,3,5.54954974705272,2.0226810011081398,68.12097298097797,4208.57928802589
1781653342,200,GET,/users/{user_id},5.375000,0.000000,2,3,3,3,6,9,14,99,99,99,99,100,0,2,4.033323289477266,1.6956609906628728,98.9041340071708,262.55
1781653342,200,,Aggregated,85.625000,0.000000,3,3,4,4,9,17,51,310,500,510,510,1262,0,3,9.838818204028328,1.6956609906628728,511.088736995589,4962.812202852615
1781653343,220,GET,/feed/{user_id},38.888889,0.000000,3,3,3,4,6,12,19,23,84,84,84,618,0,3,4.29950056587795,1.9365930056665093,93.09707098873332,5740.763754045307
1781653343,220,GET,/feed/{user_id}?with_fof=true,20.444444,0.000000,3,3,3,4,11,240,430,460,510,510,510,303,0,3,26.46548366008892,1.9252450147178024,511.088736995589,7337.584158415842
1781653343,220,POST,/likes,2.222222,0.000000,4,5,5,6,8,26,41,41,41,41,41,39,0,4,6.018876054067499,2.9557490197476,40.983326005516574,180.43589743589743
1781653343,220,POST,/posts,2.777778,0.000000,5,6,7,7,11,22,43,43,43,43,43,50,0,5,7.641575239249505,4.153884976403788,42.53590200096369,227.76
1781653343,220,GET,/timeline/{user_id},24.888889,0.000000,3,4,4,4,11,17,27,51,68,68,68,399,0,3,5.622414956954693,2.0226810011081398,68.12097298097797,4238.548872180451
1781653343,220,GET,/users/{user_id},7.111111,0.000000,2,3,3,3,6,9,12,14,24,24,24,125,0,2,4.027833903906867,1.659727015066892,98.9041340071708,262.552
1781653343,220,,Aggregated,96.333333,0.000000,3,3,4,4,9,15,26,240,500,510,510,1534,0,3,9.152392850458869,1.659727015066892,511.088736995589,4897.982398956975
1781653344,240,GET,/feed/{user_id},44.300000,0.000000,3,3,3,4,6,12,19,23,84,84,84,715,0,3,4.174860056947226,1.8896310066338629,93.09707098873332,5791.25034965035
1781653344,240,GET,/feed/{user_id}?with_fof=true,22.700000,0.000000,3,3,3,4,8,20,420,440,540,540,540,367,0,3,25.94735445789371,1.8819700053427368,535.00498199719,7352.572207084469
1781653344,240,POST,/likes,2.500000,0.000000,4,4,5,5,8,11,26,26,26,26,26,44,0,4,6.058400728348219,2.9557490197476,40.983326005516574,180.38636363636363
1781653344,240,POST,/posts,3.500000,0.000000,5,6,7,7,11,22,43,43,43,43,43,53,0,5,7.5492298484226374,4.153884976403788,42.53590200096369,227.77358490566039
1781653344,240,GET,/timeline/{user_id},27.000000,0.000000,3,3,4,4,9,14,24,31,68,68,68,479,0,3,5.313602233432439,2.0226810011081398,68.12097298097797,4186.987473903967
1781653344,240,GET,/users/{user_id},9.000000,0.000000,2,3,3,3,5,9,12,14,24,24,24,158,0,2,3.7111840505577343,1.659727015066892,98.9041340071708,262.63291139240505
1781653344,240,,Aggregated,109.000000,0.000000,3,3,4,4,7,13,24,51,500,540,540,1816,0,3,8.979055831817313,1.659727015066892,535.00498199719,4904.300660792952
1781653345,260,GET,/feed/{user_id},54.700000,0.000000,3,3,3,4,7,13,22,26,84,84,84,830,0,3,4.387436992227919,1.8896310066338629,93.09707098873332,5788.830120481928
1781653345,260,GET,/feed/{user_id}?with_fof=true,27.300000,0.000000,3,3,3,4,10,20,410,440,540,540,540,416,0,3,23.515778230970543,1.8819700053427368,535.00498199719,7360.423076923077
1781653345,260,POST,/likes,3.400000,0.000000,4,5,5,6,8,15,35,35,35,35,35,55,0,4,6.276170746952465,2.9557490197476,40.983326005516574,180.43636363636364
1781653345,260,POST,/posts,4.300000,0.000000,5,6,7,7,17,27,29,43,43,43,43,66,0,5,7.963315149853853,4.153884976403788,42.53590200096369,227.8030303030303
1781653345,260,GET,/timeline/{user_id},33.500000,0.000000,3,3,4,4,10,14,24,31,68,68,68,569,0,3,5.328053052392698,2.0226810011081398,68.12097298097797,4245.5131810193325
1781653345,260,GET,/users/{user_id},11.100000,0.000000,2,3,3,3,6,10,15,24,27,27,27,188,0,2,3.9418025048786496,1.659727015066892,98.9041340071708,262.61170212765956
1781653345,260,,Aggregated,134.300000,0.000000,3,3,4,4,9,15,26,43,500,540,540,2124,0,3,8.506415111268497,1.659727015066892,535.00498199719,4876.032015065914
1781653346,280,GET,/feed/{user_id},63.100000,0.000000,3,3,4,4,12,22,35,50,84,84,84,970,0,3,5.610451166825273,1.8896310066338629,93.09707098873332,5748.043298969073
1781653346,280,GET,/feed/{user_id}?with_fof=true,31.700000,0.000000,3,3,4,4,13,44,360,430,540,540,540,473,0,3,26.107663792707164,1.8819700053427368,535.00498199719,7397.112050739957
1781653346,280,POST,/likes,3.800000,0.000000,4,5,5,6,8,15,26,35,35,35,35,59,0,4,6.350057882797446,2.9557490197476,40.983326005516574,180.45762711864407
1781653346,280,POST,/posts,5.100000,0.000000,6,7,8,12,29,54,63,79,79,79,79,79,0,6,11.364589770592726,4.153884976403788,78.65939699695446,227.91139240506328
1781653346,280,GET,/timeline/{user_id},41.100000,0.000000,3,4,4,5,11,22,51,61,74,74,74,646,0,3,6.343456184094694,2.0226810011081398,73.76306899823248,4151.715170278638
1781653346,280,GET,/users/{user_id},13.000000,0.000000,2,3,3,3,9,16,35,46,64,64,64,230,0,2,5.069032699532767,1.659727015066892,98.9041340071708,262.6478260869565
1781653346,280,,Aggregated,157.800000,0.000000,3,3,4,5,12,24,50,68,500,540,540,2457,0,3,9.901208314428404,1.659727015066892,535.00498199719,4821.125356125356
1781653347,300,GET,/feed/{user_id},70.600000,0.000000,3,3,4,4,12,22,35,47,84,84,84,1133,0,3,5.505327176475702,1.8896310066338629,93.09707098873332,5757.166813768756
1781653347,300,GET,/feed/{user_id}?with_fof=true,36.600000,0.000000,3,3,4,5,14,42,410,440,540,540,540,559,0,3,24.605308973008835,1.8819700053427368,535.00498199719,7395.983899821109
1781653347,300,POST,/likes,4.700000,0.000000,4,5,6,7,8,15,26,35,35,35,35,68,0,4,6.127999265599476,2.9557490197476,40.983326005516574,180.35294117647058
1781653347,300,POST,/posts,5.500000,0.000000,6,8,10,12,28,54,63,79,79,79,79,88,0,6,11.273295282246016,4.153884976403788,78.65939699695446,227.88636363636363
1781653347,300,GET,/timeline/{user_id},48.000000,0.000000,3,4,4,5,12,22,49,59,74,74,74,745,0,3,6.247857188057442,2.0226810011081398,73.76306899823248,4226.256375838926
1781653347,300,GET,/users/{user_id},15.800000,0.000000,2,3,3,4,10,16,35,46,64,64,64,269,0,2,5.0261924454429945,1.659727015066892,98.9041340071708,262.70631970260223
1781653347,300,,Aggregated,181.200000,0.000000,3,4,4,5,12,24,49,67,500,540,540,2862,0,3,9.57629514838724,1.659727015066892,535.00498199719,4859.808525506639
1781653348,320,GET,/feed/{user_id},79.800000,0.000000,3,3,4,5,13,23,35,47,72,84,84,1309,0,3,5.712482802922225,1.8896310066338629,93.09707098873332,5803.028265851795
1781653348,320,GET,/feed/{user_id}?with_fof=true,39.600000,0.000000,3,3,4,5,14,42,360,430,540,540,540,651,0,3,22.41387388004797,1.8819700053427368,535.00498199719,7305.533026113671
1781653348,320,POST,/likes,5.000000,0.000000,4,5,6,7,8,15,26,35,35,35,35,76,0,4,6.343739317105102,2.9557490197476,40.983326005516574,180.3421052631579
1781653348,320,POST,/posts,6.100000,0.000000,6,8,10,12,24,30,63,79,79,79,79,102,0,6,11.045969615795412,4.153884976403788,78.65939699695446,227.86274509803923
1781653348,320,GET,/timeline/{user_id},54.800000,0.000000,3,4,4,5,13,23,43,57,74,74,74,845,0,3,6.419696413103171,2.0226810011081398,73.76306899823248,4226.339644970414
1781653348,320,GET,/users/{user_id},18.700000,0.000000,2,3,3,4,10,21,35,46,64,64,64,307,0,2,5.0902211424706545,1.659727015066892,98.9041340071708,262.74918566775244
1781653348,320,,Aggregated,204.000000,0.000000,3,4,4,5,13,24,47,64,500,540,540,3290,0,3,9.320737487434107,1.659727015066892,535.00498199719,4875.664133738602
1781653349,340,GET,/feed/{user_id},91.500000,0.000000,3,4,4,5,16,29,44,64,83,84,84,1508,0,3,6.318321360740039,1.8896310066338629,93.09707098873332,5834.09549071618
1781653349,340,GET,/feed/{user_id}?with_fof=true,43.700000,0.000000,3,4,4,6,19,59,410,500,580,580,580,741,0,3,23.768516951458977,1.8819700053427368,577.1209369995631,7277.431848852902
1781653349,340,POST,/likes,5.400000,0.000000,5,6,8,8,23,35,78,79,79,79,79,92,0,4,8.76005121877508,2.9557490197476,79.27441800711676,180.3695652173913
1781653349,340,POST,/posts,7.200000,0.000000,6,8,10,12,24,30,63,79,79,79,79,113,0,6,10.836894299157079,4.153884976403788,78.65939699695446,227.87610619469027
1781653349,340,GET,/timeline/{user_id},60.600000,0.000000,3,4,5,6,14,27,56,65,80,80,80,933,0,3,6.817590964906664,2.0226810011081398,80.49568699789234,4234.596998928188
1781653349,340,GET,/users/{user_id},22.000000,0.000000,2,3,4,5,12,23,39,49,64,64,64,345,0,2,5.3940496631000405,1.659727015066892,98.9041340071708,262.7855072463768
1781653349,340,,Aggregated,230.400000,0.000000,3,4,5,6,16,30,59,75,540,580,580,3732,0,3,10.019494358249348,1.659727015066892,577.1209369995631,4896.644426580921
1781653350,360,GET,/feed/{user_id},102.100000,0.000000,3,4,5,7,19,37,81,99,130,220,220,1710,0,3,7.867041678604948,1.8433920049574226,216.89534399774857,5807.119298245614
1781653350,360,GET,/feed/{user_id}?with_fof=true,50.300000,0.000000,3,4,5,9,29,78,410,500,630,630,630,841,0,3,24.3125551249544,1.8819700053427368,632.0147439837456,7324.525564803805
1781653350,360,POST,/likes,6.000000,0.000000,5,7,8,8,23,35,78,79,79,79,79,100,0,4,9.035695941129234,2.9557490197476,79.27441800711676,180.4
1781653350,360,POST,/posts,8.200000,0.000000,6,9,11,14,28,57,85,88,88,88,88,125,0,6,11.746158862253651,4.153884976403788,87.86875597434118,227.88
1781653350,360,GET,/timeline/{user_id},67.200000,0.000000,3,4,5,6,16,35,74,91,160,160,160,1046,0,3,7.927469189580838,2.0226810011081398,161.3814389856998,4260.310707456979
1781653350,360,GET,/users/{user_id},25.600000,0.000000,3,3,4,6,15,30,61,74,110,110,110,384,0,2,6.459780100991945,1.659727015066892,108.5722409770824,262.7473958333333
1781653350,360,,Aggregated,259.400000,0.000000,3,4,5,8,20,44,84,120,550,630,630,4206,0,3,11.184980483470804,1.659727015066892,632.0147439837456,4920.067760342368
1781653351,380,GET,/feed/{user_id},116.400000,0.000000,3,4,9,13,36,87,110,120,170,220,220,1891,0,3,11.272407075448582,1.8433920049574226,216.89534399774857,5861.677419354839
1781653351,380,GET,/feed/{user_id}?with_fof=true,56.400000,0.000000,3,4,9,16,72,97,360,500,640,640,640,943,0,3,26.975062192273985,1.8819700053427368,644.4176789955236,7363.237539766702
1781653351,380,POST,/likes,6.800000,0.000000,5,8,11,19,35,78,100,110,110,110,110,110,0,5,12.441799155203626,2.9557490197476,109.75298599805683,180.3909090909091
1781653351,380,POST,/posts,8.800000,0.000000,7,10,18,27,78,96,110,110,120,120,120,146,0,7,17.667005299263607,4.153884976403788,119.48903498705477,227.93835616438355
1781653351,380,GET,/timeline/{user_id},73.400000,0.000000,3,4,6,10,30,75,97,110,160,160,160,1142,0,3,10.425736400499188,2.0226810011081398,161.3814389856998,4291.181260945709
1781653351,380,GET,/users/{user_id},28.200000,0.000000,3,4,5,9,25,62,87,93,110,110,110,425,0,3,8.728752335780026,1.659727015066892,113.45023100147955,262.76
1781653351,380,,Aggregated,290.000000,0.000000,3,5,8,12,39,86,110,120,550,640,640,4657,0,3,14.240390126654306,1.659727015066892,644.4176789955236,4958.833798582778
1781653352,400,GET,/feed/{user_id},129.800000,0.000000,3,5,13,20,84,110,160,200,220,230,230,2030,0,3,15.884360087102994,1.8433920049574226,230.23150998051278,5886.904433497537
1781653352,400,GET,/feed/{user_id}?with_fof=true,62.200000,0.000000,3,7,22,54,110,180,410,550,730,730,730,1035,0,3,35.93840120120676,1.8819700053427368,728.4364679944701,7325.11497584541
1781653352,400,POST,/likes,7.900000,0.000000,7,8,19,28,79,110,190,210,210,210,210,117,0,5,18.527639000457672,2.9557490197476,208.74179599923082,180.4188034188034
1781653352,400,POST,/posts,9.400000,0.000000,9,14,30,63,110,130,190,210,230,230,230,161,0,7,25.534574961237702,4.153884976403788,231.13227399880998,227.98757763975155
1781653352,400,GET,/timeline/{user_id},77.100000,0.000000,4,5,11,16,78,120,160,200,350,350,350,1237,0,3,16.433809649344365,2.0226810011081398,347.84495999338105,4319.797089733225
1781653352,400,GET,/users/{user_id},31.400000,0.000000,3,4,8,14,44,87,130,170,230,230,230,459,0,3,12.225992168989215,1.659727015066892,230.66564998589456,262.7450980392157
1781653352,400,,Aggregated,317.800000,0.000000,4,6,13,22,87,120,190,220,630,730,730,5039,0,3,20.17476671833418,1.659727015066892,728.4364679944701,4972.001190712443
1781653353,400,GET,/feed/{user_id},141.000000,0.000000,4,9,21,44,110,140,200,210,220,230,230,2213,0,3,21.659597699282443,1.8433920049574226,230.23150998051278,5870.511522819702
1781653353,400,GET,/feed/{user_id}?with_fof=true,68.500000,0.000000,4,13,59,87,130,180,410,580,780,780,780,1116,0,3,40.69626927000782,1.8819700053427368,779.6720360056497,7324.129928315412
1781653353,400,POST,/likes,8.400000,0.000000,7,11,23,35,96,110,190,210,210,210,210,125,0,5,20.073096671840176,2.9557490197476,208.74179599923082,180.416
1781653353,400,POST,/posts,10.900000,0.000000,9,28,78,95,120,170,210,210,230,230,230,174,0,7,31.913792004610745,4.153884976403788,231.13227399880998,227.98275862068965
1781653353,400,GET,/timeline/{user_id},85.100000,0.000000,4,7,19,49,120,150,190,210,350,350,350,1339,0,4,21.79235770524277,2.0226810011081398,347.84495999338105,4353.985063480209
1781653353,400,GET,/users/{user_id},33.000000,0.000000,3,5,13,23,82,110,170,180,230,230,230,497,0,3,16.179943043350708,1.659727015066892,230.66564998589456,262.7585513078471
1781653353,400,,Aggregated,346.900000,0.000000,4,9,24,57,110,150,200,220,660,780,780,5464,0,3,25.372119649796566,1.659727015066892,779.6720360056497,4975.836200585652
1781653354,400,GET,/feed/{user_id},147.700000,0.000000,4,13,36,77,110,140,200,210,220,230,230,2402,0,3,23.564739280727228,1.8433920049574226,230.23150998051278,5845.21190674438
1781653354,400,GET,/feed/{user_id}?with_fof=true,74.400000,0.000000,4,26,82,96,130,180,360,550,780,780,780,1213,0,3,41.692649553398816,1.8819700053427368,779.6720360056497,7354.735366859028
1781653354,400,POST,/likes,8.500000,0.000000,7,19,35,52,100,110,190,210,210,210,210,133,0,5,21.962157578629448,2.9557490197476,208.74179599923082,180.406015037594
1781653354,400,POST,/posts,11.600000,0.000000,10,28,78,96,120,190,210,230,230,230,230,187,0,8,32.55154655494274,4.153884976403788,231.98513200622983,227.97860962566844
1781653354,400,GET,/timeline/{user_id},89.900000,0.000000,4,12,43,74,120,150,190,210,350,350,350,1461,0,4,23.763927337492024,2.0226810011081398,347.84495999338105,4355.960301163586
1781653354,400,GET,/users/{user_id},35.200000,0.000000,3,6,16,30,87,110,170,180,230,230,230,549,0,3,16.758302410721832,1.659727015066892,230.66564998589456,262.8433515482696
1781653354,400,,Aggregated,367.300000,0.000000,4,14,44,80,120,150,200,220,640,780,780,5945,0,4,26.930731654814753,1.659727015066892,779.6720360056497,4968.288982338099
1781653355,400,GET,/feed/{user_id},154.000000,0.000000,4,16,61,88,120,140,200,200,220,230,230,2587,0,3,25.215656978580746,1.8433920049574226,230.23150998051278,5845.533822960959
1781653355,400,GET,/feed/{user_id}?with_fof=true,78.300000,0.000000,5,35,86,99,130,180,410,580,780,780,780,1310,0,3,42.437674886416396,1.8819700053427368,779.6720360056497,7371.356488549618
1781653355,400,POST,/likes,8.500000,0.000000,8,23,35,78,110,120,190,210,210,210,210,145,0,5,22.541797179367457,2.9557490197476,208.74179599923082,180.39310344827587
1781653355,400,POST,/posts,12.100000,0.000000,10,39,88,110,130,190,210,230,230,230,230,195,0,8,33.64706839903449,4.153884976403788,231.98513200622983,227.96923076923076
1781653355,400,GET,/timeline/{user_id},92.300000,0.000000,5,20,61,88,120,150,190,210,350,350,350,1584,0,4,25.5024722197472,2.0226810011081398,347.84495999338105,4377.565025252526
1781653355,400,GET,/users/{user_id},35.400000,0.000000,3,8,23,40,93,120,170,180,230,230,230,590,0,3,18.010814929621738,1.659727015066892,230.66564998589456,262.8847457627119
1781653355,400,,Aggregated,380.600000,0.000000,5,19,65,88,120,150,200,220,640,780,780,6411,0,4,28.338526663261625,1.659727015066892,779.6720360056497,4981.851349243488
1781653356,400,GET,/feed/{user_id},161.200000,0.000000,5,35,87,99,120,150,200,200,220,230,230,2755,0,4,28.200958290941482,1.8433920049574226,230.23150998051278,5849.749546279492
1781653356,400,GET,/feed/{user_id}?with_fof=true,82.900000,0.000000,5,64,95,110,140,180,280,580,780,780,780,1404,0,4,44.07455761344975,1.8819700053427368,779.6720360056497,7361.596153846154
1781653356,400,POST,/likes,8.600000,0.000000,8,34,79,93,110,140,190,210,210,210,210,157,0,6,26.988322579466505,2.9557490197476,208.74179599923082,180.38216560509554
1781653356,400,POST,/posts,12.500000,0.000000,12,78,110,110,150,190,210,230,230,230,230,208,0,8,37.711853749267625,4.153884976403788,231.98513200622983,227.97596153846155
1781653356,400,GET,/timeline/{user_id},95.600000,0.000000,5,40,86,100,130,150,190,200,260,350,350,1695,0,4,28.297270149312595,2.0226810011081398,347.84495999338105,4340.896165191741
1781653356,400,GET,/users/{user_id},37.600000,0.000000,4,13,44,82,110,140,170,180,230,230,230,631,0,3,21.8363352827547,1.659727015066892,230.66564998589456,262.8969889064976
1781653356,400,,Aggregated,398.400000,0.000000,5,39,87,99,130,160,200,210,640,780,780,6850,0,4,31.153014842650247,1.659727015066892,779.6720360056497,4970.976204379562
1781653357,400,GET,/feed/{user_id},170.700000,0.000000,6,58,92,100,130,150,200,200,220,230,230,2970,0,4,29.02257158231854,1.8433920049574226,230.23150998051278,5845.96835016835
1781653357,400,GET,/feed/{user_id}?with_fof=true,85.900000,0.000000,7,77,97,110,140,180,230,560,780,780,780,1498,0,4,43.67668158815753,1.8819700053427368,779.6720360056497,7358.188251001335
1781653357,400,POST,/likes,8.700000,0.000000,19,52,93,100,120,140,190,210,210,210,210,164,0,6,29.324105658239073,2.9557490197476,208.74179599923082,180.3780487804878
1781653357,400,POST,/posts,13.100000,0.000000,14,85,110,120,150,190,210,230,230,230,230,220,0,9,37.42680788590488,4.153884976403788,231.98513200622983,227.99545454545455
1781653357,400,GET,/timeline/{user_id},98.600000,0.000000,6,54,91,100,130,150,190,210,260,350,350,1838,0,4,29.052023479991902,2.0226810011081398,347.84495999338105,4325.699673558215
1781653357,400,GET,/users/{user_id},39.100000,0.000000,4,21,66,88,110,140,170,180,230,230,230,675,0,3,22.534663803547758,1.659727015066892,230.66564998589456,262.9377777777778
1781653357,400,,Aggregated,416.100000,0.000000,6,58,92,100,130,160,200,210,640,780,780,7365,0,4,31.673628636118966,1.659727015066892,779.6720360056497,4968.4931432450785
1781653358,400,GET,/feed/{user_id},176.500000,0.000000,12,81,99,110,130,150,200,200,220,230,230,3139,0,4,31.072042578099296,1.8433920049574226,230.23150998051278,5870.0318572793885
1781653358,400,GET,/feed/{user_id}?with_fof=true,90.300000,0.000000,20,85,100,110,140,180,230,580,780,780,780,1596,0,4,44.82120443925826,1.8819700053427368,779.6720360056497,7324.4060150375935
1781653358,400,POST,/likes,9.500000,0.000000,28,89,100,110,130,140,190,210,210,210,210,171,0,6,31.641464380204287,2.9557490197476,208.74179599923082,180.33333333333334
1781653358,400,POST,/posts,13.200000,0.000000,31,94,110,120,150,190,210,230,230,230,230,230,0,9,38.89173574292648,4.153884976403788,231.98513200622983,228.0
1781653358,400,GET,/timeline/{user_id},102.700000,0.000000,12,74,97,110,140,160,190,210,260,350,350,1954,0,4,30.81583188289475,2.0226810011081398,347.84495999338105,4325.298874104401
1781653358,400,GET,/users/{user_id},39.700000,0.000000,5,44,81,92,120,140,170,180,230,230,230,717,0,3,24.353049264170586,1.659727015066892,230.66564998589456,262.96094839609486
1781653358,400,,Aggregated,431.900000,0.000000,12,78,99,110,130,160,200,210,640,780,780,7807,0,4,33.444453104801404,1.659727015066892,779.6720360056497,4974.92455488664
1781653359,400,GET,/feed/{user_id},179.500000,0.000000,19,89,100,110,130,160,200,200,220,230,230,3304,0,4,32.3962466972026,1.8433920049574226,230.23150998051278,5858.934927360775
1781653359,400,GET,/feed/{user_id}?with_fof=true,92.900000,0.000000,35,90,110,120,140,180,230,590,780,780,780,1681,0,4,46.706330367157754,1.8819700053427368,779.6720360056497,7322.908387864367
1781653359,400,POST,/likes,9.900000,0.000000,42,93,110,110,140,150,190,210,210,210,210,183,0,7,33.14950371598774,2.9557490197476,208.74179599923082,180.30601092896174
1781653359,400,POST,/posts,13.100000,0.000000,50,96,110,120,150,190,210,230,230,230,230,247,0,9,40.68955798717762,4.153884976403788,231.98513200622983,227.99595141700405
1781653359,400,GET,/timeline/{user_id},105.500000,0.000000,21,81,100,110,130,160,190,200,260,350,350,2082,0,4,32.521482397784055,2.0226810011081398,347.84495999338105,4291.541786743516
1781653359,400,GET,/users/{user_id},40.300000,0.000000,11,62,89,98,120,140,170,180,230,230,230,760,0,3,26.267774716306075,1.659727015066892,230.66564998589456,262.9894736842105
1781653359,400,,Aggregated,441.200000,0.000000,23,86,100,110,130,160,200,210,640,780,780,8257,0,4,35.04183790410406,1.659727015066892,779.6720360056497,4952.39227322272
1781653360,400,GET,/feed/{user_id},182.700000,0.000000,48,93,110,110,130,160,200,200,230,230,230,3485,0,4,33.83140777150193,1.8433920049574226,230.23150998051278,5858.426398852223
1781653360,400,GET,/feed/{user_id}?with_fof=true,93.200000,0.000000,52,96,110,120,140,170,230,560,780,780,780,1774,0,4,47.52931118561002,1.8819700053427368,779.6720360056497,7324.480270574972
1781653360,400,POST,/likes,9.600000,0.000000,52,100,110,120,140,150,190,210,210,210,210,186,0,6,33.29776131713222,2.9557490197476,208.74179599923082,180.30645161290323
1781653360,400,POST,/posts,12.900000,0.000000,64,97,110,120,160,190,210,230,230,230,230,260,0,9,41.45747048807187,4.153884976403788,231.98513200622983,228.0076923076923
1781653360,400,GET,/timeline/{user_id},109.900000,0.000000,42,89,110,120,140,160,190,200,260,350,350,2187,0,4,34.23421875590782,2.0226810011081398,347.84495999338105,4317.677183356196
1781653360,400,GET,/users/{user_id},39.900000,0.000000,18,79,94,110,120,150,170,180,230,230,230,807,0,3,28.816197378372788,1.659727015066892,230.66564998589456,263.02602230483274
1781653360,400,,Aggregated,448.200000,0.000000,45,92,110,120,140,160,200,210,640,780,780,8699,0,4,36.47737530317955,1.659727015066892,779.6720360056497,4961.269686170825
1781653361,400,GET,/feed/{user_id},180.600000,0.000000,50,93,110,110,140,160,200,200,230,230,230,3682,0,4,34.388984073982485,1.8433920049574226,230.23150998051278,5883.800380228137
1781653361,400,GET,/feed/{user_id}?with_fof=true,93.800000,0.000000,50,95,110,120,140,170,230,560,780,780,780,1881,0,4,47.504367028864486,1.8819700053427368,779.6720360056497,7362.0132908027645
1781653361,400,POST,/likes,9.400000,0.000000,59,100,110,120,140,150,190,210,210,210,210,198,0,7,34.668734842926646,2.9557490197476,208.74179599923082,180.2979797979798
1781653361,400,POST,/posts,13.200000,0.000000,70,110,120,130,160,170,210,230,230,230,230,275,0,10,42.702310887186535,4.153884976403788,231.98513200622983,228.0218181818182
1781653361,400,GET,/timeline/{user_id},111.300000,0.000000,45,89,110,120,140,150,190,200,260,350,350,2304,0,4,34.84239280861503,2.0226810011081398,347.84495999338105,4319.272569444444
1781653361,400,GET,/users/{user_id},41.200000,0.000000,20,80,98,110,120,150,160,180,230,230,230,848,0,3,29.2885701383743,1.659727015066892,230.66564998589456,263.0554245283019
1781653361,400,,Aggregated,449.500000,0.000000,46,92,110,120,140,160,200,210,650,780,780,9188,0,4,36.97181968251674,1.659727015066892,779.6720360056497,4983.149760557249
1781653362,400,GET,/feed/{user_id},177.800000,0.000000,29,86,99,110,130,140,170,180,220,230,230,3884,0,4,34.07688678306588,1.8433920049574226,230.23150998051278,5912.9575180226575
1781653362,400,GET,/feed/{user_id}?with_fof=true,93.800000,0.000000,32,84,100,110,130,140,180,310,780,780,780,1981,0,4,46.6590776342652,1.8819700053427368,779.6720360056497,7368.4371529530545
1781653362,400,POST,/likes,8.800000,0.000000,28,86,100,110,130,140,150,150,150,150,150,209,0,7,33.864257621727035,2.9557490197476,208.74179599923082,180.2775119617225
1781653362,400,POST,/posts,13.400000,0.000000,53,94,110,120,140,160,200,200,230,230,230,285,0,10,42.96002508408652,4.153884976403788,231.98513200622983,228.02456140350878
1781653362,400,GET,/timeline/{user_id},114.500000,0.000000,36,81,98,110,130,140,160,190,210,260,260,2437,0,4,34.683312873272826,2.0226810011081398,347.84495999338105,4316.768978251949
1781653362,400,GET,/users/{user_id},41.900000,0.000000,13,71,93,100,120,130,150,160,180,180,180,896,0,3,29.47701272591985,1.659727015066892,230.66564998589456,263.07700892857144
1781653362,400,,Aggregated,450.200000,0.000000,31,84,99,110,130,140,160,180,630,780,780,9692,0,4,36.63249431751991,1.659727015066892,779.6720360056497,4995.991436236071
1781653363,400,GET,/feed/{user_id},176.400000,0.000000,17,78,96,100,120,140,150,170,230,240,240,4058,0,4,34.18189363245066,1.8433920049574226,242.8997259994503,5903.237555446032
1781653363,400,GET,/feed/{user_id}?with_fof=true,93.200000,0.000000,19,76,96,100,130,140,160,310,740,740,740,2079,0,4,46.861941629865406,1.8819700053427368,779.6720360056497,7378.040404040404
1781653363,400,POST,/likes,8.300000,0.000000,28,84,100,110,120,140,150,150,150,150,150,220,0,7,33.98698551754933,2.9557490197476,208.74179599923082,180.26818181818183
1781653363,400,POST,/posts,12.800000,0.000000,43,89,110,120,140,150,160,170,230,230,230,299,0,10,42.981652652258425,4.153884976403788,231.98513200622983,228.02341137123747
1781653363,400,GET,/timeline/{user_id},114.000000,0.000000,22,72,93,100,130,140,150,160,190,260,260,2579,0,4,34.93262595503527,2.0226810011081398,347.84495999338105,4328.221015897635
1781653363,400,GET,/users/{user_id},42.000000,0.000000,10,69,93,100,120,140,150,150,160,160,160,946,0,3,30.25037238929848,1.659727015066892,230.66564998589456,263.10359408033827
1781653363,400,,Aggregated,446.700000,0.000000,19,76,95,100,130,140,150,170,630,740,740,10181,0,4,36.85029433102577,1.659727015066892,779.6720360056497,4991.012670661035
1781653364,400,GET,/feed/{user_id},181.200000,0.000000,22,83,98,110,130,140,150,160,230,240,240,4244,0,4,35.256286423352066,1.8433920049574226,242.8997259994503,5918.06903864279
1781653364,400,GET,/feed/{user_id}?with_fof=true,93.200000,0.000000,22,76,97,100,130,140,160,230,740,740,740,2162,0,4,47.298327081234866,1.8819700053427368,779.6720360056497,7402.963459759482
1781653364,400,POST,/likes,9.200000,0.000000,34,84,110,110,130,140,150,150,150,150,150,228,0,7,34.97437251261497,2.9557490197476,208.74179599923082,180.25877192982455
1781653364,400,POST,/posts,12.500000,0.000000,50,90,110,120,140,150,160,170,180,180,180,312,0,10,43.441515932873024,4.153884976403788,231.98513200622983,228.01282051282053
1781653364,400,GET,/timeline/{user_id},117.100000,0.000000,24,75,95,110,130,140,150,160,170,260,260,2695,0,5,35.84625103969018,2.0226810011081398,347.84495999338105,4341.442300556586
1781653364,400,GET,/users/{user_id},41.900000,0.000000,35,86,100,110,120,140,150,160,190,190,190,990,0,3,31.74329322443527,1.659727015066892,230.66564998589456,263.12929292929294
1781653364,400,,Aggregated,455.100000,0.000000,24,80,97,110,130,140,150,170,630,740,740,10631,0,4,37.76183609053001,1.659727015066892,779.6720360056497,5003.707647446148
1781653365,400,GET,/feed/{user_id},183.000000,0.000000,29,81,98,110,130,140,160,170,230,240,240,4418,0,4,36.392011647449685,1.8433920049574226,242.8997259994503,5926.605251244907
1781653365,400,GET,/feed/{user_id}?with_fof=true,95.300000,0.000000,24,77,98,110,130,140,160,230,740,740,740,2246,0,4,47.665594663239915,1.8819700053427368,779.6720360056497,7426.749332146037
1781653365,400,POST,/likes,9.300000,0.000000,34,84,99,110,130,140,150,150,150,150,150,239,0,7,35.36141777769604,2.9557490197476,208.74179599923082,180.26359832635984
1781653365,400,POST,/posts,12.600000,0.000000,50,87,100,110,130,150,160,170,180,180,180,320,0,10,43.439620847038896,4.153884976403788,231.98513200622983,228.025
1781653365,400,GET,/timeline/{user_id},121.300000,0.000000,33,77,97,110,130,140,160,170,190,260,260,2798,0,5,37.13439232411394,2.0226810011081398,347.84495999338105,4354.7748391708365
1781653365,400,GET,/users/{user_id},44.400000,0.000000,39,86,100,110,130,140,160,180,190,190,190,1039,0,4,33.36194467678047,1.659727015066892,230.66564998589456,263.15495668912416
1781653365,400,,Aggregated,465.900000,0.000000,30,80,98,110,130,140,160,170,630,740,740,11060,0,5,38.76618271555489,1.659727015066892,779.6720360056497,5012.50904159132
1781653366,400,GET,/feed/{user_id},184.600000,0.000000,27,79,97,110,130,150,170,190,240,300,300,4591,0,4,37.51719010761388,1.8433920049574226,304.8345179995522,5941.511653234589
1781653366,400,GET,/feed/{user_id}?with_fof=true,94.800000,0.000000,26,77,99,110,130,160,220,480,740,740,740,2326,0,4,49.435310120688236,1.8819700053427368,779.6720360056497,7411.396388650043
1781653366,400,POST,/likes,9.700000,0.000000,34,83,100,110,130,140,180,210,210,210,210,247,0,8,36.958550266673605,2.9557490197476,214.81213401420973,180.2672064777328
1781653366,400,POST,/posts,12.900000,0.000000,50,87,100,110,130,160,170,180,180,180,180,332,0,10,44.77570521107353,4.153884976403788,231.98513200622983,228.04518072289156
1781653366,400,GET,/timeline/{user_id},123.100000,0.000000,32,77,99,110,130,150,170,190,230,260,260,2910,0,5,38.40890909617933,2.0226810011081398,347.84495999338105,4357.506529209622
1781653366,400,GET,/users/{user_id},44.600000,0.000000,38,85,100,110,130,150,190,200,240,240,240,1086,0,4,35.30289557750438,1.659727015066892,243.07977998978458,263.16942909760587
1781653366,400,,Aggregated,469.700000,0.000000,29,79,99,110,130,150,180,210,630,740,740,11492,0,5,40.14367536005678,1.659727015066892,779.6720360056497,5012.423512008354
1781653367,400,GET,/feed/{user_id},182.300000,0.000000,22,79,99,110,130,150,180,200,300,35000,35000,4794,1,4,45.13008618923125,1.8433920049574226,34967.32081400114,5923.568836045057
1781653367,400,GET,/feed/{user_id}?with_fof=true,94.300000,0.000000,21,77,99,110,140,170,230,630,900,900,900,2424,0,4,50.28663447584003,1.8819700053427368,899.1871220059693,7418.066419141915
1781653367,400,POST,/likes,9.400000,0.000000,18,77,92,100,130,140,180,210,210,210,210,254,0,8,36.826148015143545,2.9557490197476,214.81213401420973,180.27165354330708
1781653367,400,POST,/posts,12.500000,0.000000,50,87,100,110,130,160,170,180,180,180,180,340,0,10,44.82653853860136,4.153884976403788,231.98513200622983,228.05882352941177
1781653367,400,GET,/timeline/{user_id},123.300000,0.000000,26,79,100,110,140,150,180,190,35000,35000,35000,3020,2,5,61.60855605851956,2.0226810011081398,34973.06793698226,4346.810264900662
1781653367,400,GET,/users/{user_id},44.400000,0.000000,38,89,100,120,140,160,190,200,240,240,240,1145,0,4,36.33989043250135,1.659727015066892,243.07977998978458,263.2043668122271
1781653367,400,,Aggregated,466.200000,0.000000,24,80,100,110,130,160,180,210,820,35000,35000,11977,3,5,49.303691550599055,1.659727015066892,34973.06793698226,5003.844618852801
1781653368,400,GET,/feed/{user_id},181.100000,0.000000,13,73,98,110,140,160,200,240,35000,35000,35000,4970,6,4,87.24687863444048,1.8433920049574226,35406.07590999571,5910.439637826962
1781653368,400,GET,/feed/{user_id}?with_fof=true,93.300000,0.000000,17,78,100,120,140,180,290,680,35000,35000,35000,2518,4,5,106.25093880079345,1.8819700053427368,35379.223900992656,7406.0075456711675
1781653368,400,POST,/likes,9.100000,0.000000,18,76,93,110,130,180,300,320,320,320,320,266,0,8,39.6510242135264,2.9557490197476,317.66722901375033,180.296992481203
1781653368,400,POST,/posts,12.100000,0.000000,29,79,100,110,130,150,180,180,180,180,180,358,0,10,45.30799526852287,4.153884976403788,231.98513200622983,228.0754189944134
1781653368,400,GET,/timeline/{user_id},119.700000,0.000000,19,76,100,110,140,160,190,220,35000,35000,35000,3130,3,5,72.45003204374684,2.0226810011081398,34973.06793698226,4336.416293929712
1781653368,400,GET,/users/{user_id},44.800000,0.000000,24,92,110,120,150,170,220,280,480,480,480,1186,0,4,38.396476680694796,1.659727015066892,482.3692249774467,263.2293423271501
1781653368,400,,Aggregated,460.100000,0.000000,17,78,100,110,140,160,220,280,35000,35000,35000,12428,13,5,80.48206526397875,1.659727015066892,35406.07590999571,4991.792323785002
1781653369,400,GET,/feed/{user_id},182.000000,0.000000,17,80,100,120,150,170,220,270,35000,35000,35000,5136,6,4,87.71437082365405,1.8433920049574226,35406.07590999571,5895.1888629283485
1781653369,400,GET,/feed/{user_id}?with_fof=true,91.000000,0.000000,14,84,110,130,160,190,280,650,35000,35000,35000,2610,4,5,105.78170989020514,1.8819700053427368,35379.223900992656,7396.993103448276
1781653369,400,POST,/likes,8.900000,0.000000,17,84,110,110,150,210,300,320,320,320,320,279,0,8,42.00152680569906,2.9557490197476,317.66722901375033,180.30107526881721
1781653369,400,POST,/posts,12.200000,0.000000,24,79,110,120,130,170,180,180,180,180,180,367,0,10,46.183907888669204,4.153884976403788,231.98513200622983,228.07629427792915
1781653369,400,GET,/timeline/{user_id},120.000000,0.000000,16,82,110,120,140,170,200,260,35000,35000,35000,3236,3,5,72.7914111273113,2.0226810011081398,34973.06793698226,4326.906365883807
1781653369,400,GET,/users/{user_id},46.100000,0.000000,24,96,110,130,160,190,250,290,480,480,480,1231,0,4,40.17959427645798,1.659727015066892,482.3692249774467,263.24614134849713
1781653369,400,,Aggregated,460.200000,0.000000,17,83,110,120,150,180,230,290,35000,35000,35000,12859,13,5,80.89845855042799,1.659727015066892,35406.07590999571,4980.463099774477
1781653370,400,GET,/feed/{user_id},183.600000,0.100000,18,84,110,120,150,180,220,270,35000,35000,35000,5313,6,5,87.79670158123405,1.8433920049574226,35406.07590999571,5893.449840015058
1781653370,400,GET,/feed/{user_id}?with_fof=true,92.400000,0.000000,14,87,110,130,160,200,290,690,35000,35000,35000,2692,4,5,105.0133041632693,1.8819700053427368,35379.223900992656,7390.914190193165
1781653370,400,POST,/likes,8.900000,0.000000,18,84,110,120,170,200,240,300,320,320,320,291,0,8,43.7885293806263,2.9557490197476,317.66722901375033,180.29209621993127
1781653370,400,POST,/posts,12.400000,0.000000,29,95,110,130,150,170,180,180,200,200,200,381,0,11,47.74685991910259,4.153884976403788,231.98513200622983,228.08136482939634
1781653370,400,GET,/timeline/{user_id},116.900000,0.200000,16,83,110,120,150,180,200,260,35000,35000,35000,3346,3,5,73.30550020351868,2.0226810011081398,34973.06793698226,4334.32337118948
1781653370,400,GET,/users/{user_id},47.000000,0.000000,24,96,120,130,160,190,250,290,480,480,480,1273,0,4,41.75048522016169,1.659727015066892,482.3692249774467,263.254516889238
1781653370,400,,Aggregated,461.200000,0.300000,17,86,110,130,160,180,230,290,35000,35000,35000,13296,13,5,81.1162964315431,1.659727015066892,35406.07590999571,4977.8409296028885
1781653371,400,GET,/feed/{user_id},183.100000,0.600000,26,96,120,130,160,190,220,270,35000,35000,35000,5477,6,5,87.55165504241215,1.8433920049574226,35406.07590999571,5889.323899945225
1781653371,400,GET,/feed/{user_id}?with_fof=true,92.400000,0.400000,27,98,120,140,170,200,290,690,35000,35000,35000,2800,4,5,104.13366992231333,1.8819700053427368,35379.223900992656,7391.205714285714
1781653371,400,POST,/likes,9.500000,0.000000,21,84,110,140,180,210,300,320,320,320,320,295,0,8,44.081556351689656,2.9557490197476,317.66722901375033,180.28813559322035
1781653371,400,POST,/posts,12.300000,0.000000,49,110,120,130,150,180,200,200,210,210,210,397,0,11,49.85155220954592,4.153884976403788,231.98513200622983,228.08564231738035
1781653371,400,GET,/timeline/{user_id},116.600000,0.300000,22,96,120,130,160,180,210,270,35000,35000,35000,3449,3,5,73.90412868691465,2.0226810011081398,34973.06793698226,4332.292548564801
1781653371,400,GET,/users/{user_id},46.500000,0.000000,31,100,130,140,170,190,250,290,480,480,480,1316,0,4,42.982293696242344,1.659727015066892,482.3692249774467,263.2682370820669
1781653371,400,,Aggregated,460.400000,1.300000,26,97,120,130,160,190,230,290,35000,35000,35000,13734,13,5,81.21085293040122,1.659727015066892,35406.07590999571,4979.137614678899
1781653372,400,GET,/feed/{user_id},182.700000,0.600000,44,110,130,140,180,210,280,300,35000,35000,35000,5653,6,5,88.48921364541218,1.8433920049574226,35406.07590999571,5897.177781708827
1781653372,400,GET,/feed/{user_id}?with_fof=true,92.300000,0.400000,43,110,130,150,190,230,340,740,35000,35000,35000,2882,4,5,104.75822837312089,1.8819700053427368,35379.223900992656,7363.230395558639
1781653372,400,POST,/likes,9.900000,0.000000,21,99,120,140,180,210,300,320,320,320,320,302,0,8,44.353073128246216,2.9557490197476,317.66722901375033,180.2913907284768
1781653372,400,POST,/posts,12.500000,0.000000,56,110,130,130,170,180,200,210,220,220,220,403,0,11,50.5810390626197,4.153884976403788,231.98513200622983,228.09181141439205
1781653372,400,GET,/timeline/{user_id},114.900000,0.300000,35,110,130,140,170,200,260,300,35000,35000,35000,3537,3,5,74.67639263986447,2.0226810011081398,34973.06793698226,4326.934690415606
1781653372,400,GET,/users/{user_id},46.400000,0.000000,55,120,140,150,190,220,290,290,480,480,480,1345,0,4,45.25575815859254,1.659727015066892,482.3692249774467,263.27434944237916
1781653372,400,,Aggregated,458.700000,1.300000,42,110,130,140,180,210,280,310,35000,35000,35000,14122,13,5,82.20655156679813,1.659727015066892,35406.07590999571,4982.468276448095
1781653373,400,GET,/feed/{user_id},183.600000,0.600000,69,120,130,150,180,210,280,300,35000,35000,35000,5834,6,5,88.50393681207572,1.8433920049574226,35406.07590999571,5880.316592389441
1781653373,400,GET,/feed/{user_id}?with_fof=true,91.000000,0.400000,67,120,140,150,190,220,300,690,35000,35000,35000,2967,4,5,104.28448101900123,1.8819700053427368,35379.223900992656,7379.249747219414
1781653373,400,POST,/likes,10.500000,0.000000,37,110,140,150,180,210,300,320,320,320,320,306,0,8,45.56087566244042,2.9557490197476,317.66722901375033,180.29084967320262
1781653373,400,POST,/posts,12.200000,0.000000,79,110,130,140,170,200,210,210,220,220,220,420,0,11,52.037332788556036,4.143049009144306,231.98513200622983,228.09285714285716
1781653373,400,GET,/timeline/{user_id},115.000000,0.300000,65,110,130,140,170,200,270,300,35000,35000,35000,3647,3,5,74.77453180620958,2.0226810011081398,34973.06793698226,4331.205100082259
1781653373,400,GET,/users/{user_id},46.900000,0.000000,73,120,140,150,190,220,290,290,480,480,480,1389,0,4,46.140558396147924,1.659727015066892,482.3692249774467,263.2915766738661
1781653373,400,,Aggregated,459.200000,1.300000,68,120,140,150,180,210,280,310,35000,35000,35000,14563,13,5,82.28615555712577,1.659727015066892,35406.07590999571,4979.234086383301
1781653374,400,GET,/feed/{user_id},177.300000,0.600000,72,120,140,160,180,210,280,300,35000,35000,35000,6011,6,5,88.2007419372138,1.8433920049574226,35406.07590999571,5887.046414906005
1781653374,400,GET,/feed/{user_id}?with_fof=true,91.900000,0.400000,72,120,140,160,190,230,300,690,35000,35000,35000,3046,4,5,103.73823876770608,1.8819700053427368,35379.223900992656,7402.8929743926465
1781653374,400,POST,/likes,9.400000,0.000000,21,110,140,150,190,210,300,320,320,320,320,311,0,8,45.8797735005424,2.9557490197476,317.66722901375033,180.2861736334405
1781653374,400,POST,/posts,12.300000,0.000000,79,120,130,140,180,210,220,220,230,230,230,433,0,12,53.367993430146846,4.143049009144306,231.98513200622983,228.07621247113164
1781653374,400,GET,/timeline/{user_id},112.600000,0.300000,71,110,140,150,180,200,270,300,35000,35000,35000,3764,3,5,74.8289831355344,2.0226810011081398,34973.06793698226,4329.321732199787
1781653374,400,GET,/users/{user_id},46.200000,0.000000,73,120,150,160,190,220,290,290,480,480,480,1438,0,4,47.20958276026087,1.659727015066892,482.3692249774467,263.2913769123783
1781653374,400,,Aggregated,449.700000,1.300000,72,120,140,150,180,210,280,310,35000,35000,35000,15003,13,6,82.18902608254041,1.659727015066892,35406.07590999571,4983.3535959474775
1781653375,400,GET,/feed/{user_id},177.000000,0.600000,81,120,140,160,180,210,280,300,35000,35000,35000,6196,6,5,88.05226725296649,1.8433920049574226,35406.07590999571,5876.637023886378
1781653375,400,GET,/feed/{user_id}?with_fof=true,88.900000,0.400000,78,120,140,160,190,220,300,690,35000,35000,35000,3137,4,6,102.7693661729491,1.8819700053427368,35379.223900992656,7405.348422059293
1781653375,400,POST,/likes,9.100000,0.000000,37,120,150,150,190,210,300,320,320,320,320,323,0,9,46.800589930855786,2.9557490197476,317.66722901375033,180.28173374613004
1781653375,400,POST,/posts,11.600000,0.000000,87,120,140,150,180,210,220,220,230,230,230,440,0,12,54.224449411942096,4.143049009144306,231.98513200622983,228.08636363636364
1781653375,400,GET,/timeline/{user_id},108.700000,0.300000,74,110,130,150,180,200,260,300,35000,35000,35000,3877,3,6,74.86967386954471,2.0226810011081398,34973.06793698226,4328.378643280887
1781653375,400,GET,/users/{user_id},44.300000,0.000000,75,110,150,160,190,220,290,290,480,480,480,1477,0,4,47.822306142358066,1.659727015066892,482.3692249774467,263.3080568720379
1781653375,400,,Aggregated,439.600000,1.300000,78,120,140,150,180,210,280,300,35000,35000,35000,15450,13,6,82.0607100088887,1.659727015066892,35406.07590999571,4981.93139158576
1781653376,400,GET,/feed/{user_id},176.700000,0.600000,88,120,140,160,190,210,280,300,35000,35000,35000,6371,6,6,88.1582805390624,1.8433920049574226,35406.07590999571,5867.546852927327
1781653376,400,GET,/feed/{user_id}?with_fof=true,88.400000,0.400000,80,120,150,160,190,220,300,690,35000,35000,35000,3218,4,6,102.48439696748491,1.8819700053427368,35379.223900992656,7383.908328154133
1781653376,400,POST,/likes,8.400000,0.000000,34,130,150,160,200,220,300,320,320,320,320,331,0,9,47.975139343355615,2.9557490197476,317.66722901375033,180.28398791540786
1781653376,400,POST,/posts,11.700000,0.000000,95,130,140,150,180,210,220,220,230,230,230,454,0,14,55.367310249373844,4.143049009144306,231.98513200622983,228.09471365638765
1781653376,400,GET,/timeline/{user_id},106.200000,0.300000,77,110,140,150,180,200,270,300,35000,35000,35000,3990,3,6,75.00654147524459,2.0226810011081398,34973.06793698226,4323.149874686716
1781653376,400,GET,/users/{user_id},44.100000,0.000000,84,120,150,160,200,220,290,290,480,480,480,1523,0,4,49.17501098570675,1.659727015066892,482.3692249774467,263.3053184504268
1781653376,400,,Aggregated,435.500000,1.300000,83,120,140,160,190,210,280,310,35000,35000,35000,15887,13,6,82.24569565991419,1.659727015066892,35406.07590999571,4969.923144709511
1781653377,400,GET,/feed/{user_id},176.600000,0.600000,88,130,150,160,190,210,270,300,35000,35000,35000,6553,6,6,87.15688190120677,1.8433920049574226,35406.07590999571,5864.378452617122
1781653377,400,GET,/feed/{user_id}?with_fof=true,87.600000,0.400000,80,120,150,160,190,220,280,390,35000,35000,35000,3315,4,6,101.13738943996691,1.8819700053427368,35379.223900992656,7366.75173453997
1781653377,400,POST,/likes,8.400000,0.000000,16,120,150,160,200,220,300,320,320,320,320,344,0,9,47.35606164721566,2.9557490197476,317.66722901375033,180.28197674418604
1781653377,400,POST,/posts,12.000000,0.000000,87,120,140,140,180,200,220,220,230,230,230,472,0,14,54.926254131838135,4.143049009144306,231.98513200622983,228.08262711864407
1781653377,400,GET,/timeline/{user_id},105.900000,0.300000,77,120,140,150,180,200,260,300,460,34000,34000,4119,3,6,74.32246744334489,2.0226810011081398,34973.06793698226,4333.0262199563
1781653377,400,GET,/users/{user_id},44.400000,0.000000,83,110,150,160,200,230,290,290,480,480,480,1570,0,4,49.016991165721684,1.659727015066892,482.3692249774467,263.3044585987261
1781653377,400,,Aggregated,434.900000,1.300000,83,120,140,160,190,210,280,300,35000,35000,35000,16373,13,6,81.33610760265613,1.659727015066892,35406.07590999571,4964.322298906736
1781653378,400,GET,/feed/{user_id},177.700000,0.600000,85,120,150,160,190,200,240,280,340,350,350,6743,6,6,86.09508179555831,1.8433920049574226,35406.07590999571,5862.541302091057
1781653378,400,GET,/feed/{user_id}?with_fof=true,88.600000,0.400000,77,120,140,160,190,210,240,350,820,820,820,3417,4,6,100.12287130044257,1.8819700053427368,35379.223900992656,7366.657301726661
1781653378,400,POST,/likes,8.400000,0.000000,15,100,140,150,190,200,220,220,220,220,220,355,0,9,47.1293595542436,2.9557490197476,317.66722901375033,180.28169014084506
1781653378,400,POST,/posts,12.100000,0.000000,92,130,140,160,180,210,220,220,230,230,230,489,0,14,55.48867800047789,4.143049009144306,231.98513200622983,228.079754601227
1781653378,400,GET,/timeline/{user_id},108.100000,0.300000,72,110,140,150,180,200,230,280,370,460,460,4245,3,6,73.46164252937007,2.0226810011081398,34973.06793698226,4342.162779740872
1781653378,400,GET,/users/{user_id},43.900000,0.000000,69,110,140,150,180,210,240,290,320,320,320,1630,0,4,48.77188995354123,1.659727015066892,482.3692249774467,263.3226993865031
1781653378,400,,Aggregated,438.800000,1.300000,78,120,140,160,180,200,230,290,570,820,820,16879,13,6,80.44710747831627,1.659727015066892,35406.07590999571,4961.20694353931
1781653379,400,GET,/feed/{user_id},177.800000,0.600000,66,120,140,160,180,200,230,280,330,350,350,6954,6,6,84.96306755285103,1.8433920049574226,35406.07590999571,5866.211245326431
1781653379,400,GET,/feed/{user_id}?with_fof=true,89.400000,0.400000,54,120,140,160,180,200,240,350,820,820,820,3526,4,6,98.65662725314802,1.8819700053427368,35379.223900992656,7385.207884288146
1781653379,400,POST,/likes,8.500000,0.000000,10,74,120,140,180,200,220,220,220,220,220,368,0,8,45.99542045300199,2.9557490197476,317.66722901375033,180.27173913043478
1781653379,400,POST,/posts,12.200000,0.000000,81,130,140,160,190,210,220,220,230,230,230,508,0,14,56.115130608634175,4.143049009144306,231.98513200622983,228.0688976377953
1781653379,400,GET,/timeline/{user_id},108.500000,0.300000,53,110,130,150,180,190,220,280,370,460,460,4360,3,6,72.65600221037465,2.0226810011081398,34973.06793698226,4344.227293577982
1781653379,400,GET,/users/{user_id},43.100000,0.000000,19,110,130,150,180,210,240,290,320,320,320,1679,0,4,48.57643755699745,1.659727015066892,482.3692249774467,263.32281119714116
1781653379,400,,Aggregated,439.500000,1.300000,56,120,140,150,180,200,230,290,570,820,820,17395,13,6,79.47509335029888,1.659727015066892,35406.07590999571,4966.888473699339
1781653380,400,GET,/feed/{user_id},174.700000,0.500000,19,120,140,160,180,200,230,280,330,350,350,7137,6,5,83.99536172797615,1.8433920049574226,35406.07590999571,5874.852038671711
1781653380,400,GET,/feed/{user_id}?with_fof=true,88.700000,0.400000,14,110,140,160,180,210,260,350,820,820,820,3642,4,6,97.35009710364757,1.8819700053427368,35379.223900992656,7405.928336079078
1781653380,400,POST,/likes,9.100000,0.000000,10,92,130,150,170,190,220,220,220,220,220,377,0,9,47.11978039443332,2.9557490197476,317.66722901375033,180.28912466843502
1781653380,400,POST,/posts,13.000000,0.000000,68,130,150,160,190,210,220,230,250,250,250,519,0,14,56.74020831438629,4.143049009144306,247.04401998315006,228.0635838150289
1781653380,400,GET,/timeline/{user_id},110.500000,0.100000,16,110,130,150,170,190,220,280,370,460,460,4476,3,6,71.89462692628831,2.0226810011081398,34973.06793698226,4358.445263628239
1781653380,400,GET,/users/{user_id},42.900000,0.000000,10,100,130,150,180,210,240,290,320,320,320,1729,0,4,48.511158890246286,1.659727015066892,482.3692249774467,263.320994794679
1781653380,400,,Aggregated,438.900000,1.000000,16,110,140,150,180,200,230,290,610,820,820,17880,13,6,78.6863769279206,1.659727015066892,35406.07590999571,4980.493680089486
1781653381,400,GET,/feed/{user_id},177.700000,0.000000,20,120,150,160,190,220,260,290,370,370,370,7292,6,6,84.75744804972153,1.8433920049574226,35406.07590999571,5869.349561162919
1781653381,400,GET,/feed/{user_id}?with_fof=true,88.700000,0.000000,14,120,150,160,190,240,290,570,940,940,940,3716,4,6,98.44485787581489,1.8819700053427368,35379.223900992656,7410.049515608181
1781653381,400,POST,/likes,8.600000,0.000000,11,100,140,160,200,220,250,270,270,270,270,385,0,9,49.736592097906396,2.9557490197476,317.66722901375033,180.2987012987013
1781653381,400,POST,/posts,13.300000,0.000000,49,130,150,160,190,210,220,230,250,250,250,525,0,14,57.13690374517769,4.143049009144306,247.04401998315006,228.06666666666666
1781653381,400,GET,/timeline/{user_id},111.500000,0.000000,14,100,130,150,180,210,250,280,390,460,460,4564,3,6,72.82855746695782,2.0226810011081398,34973.06793698226,4345.214943032428
1781653381,400,GET,/users/{user_id},44.900000,0.000000,9,100,130,140,180,210,280,290,320,320,320,1769,0,4,48.989328220040456,1.659727015066892,482.3692249774467,263.32899943470886
1781653381,400,,Aggregated,444.700000,0.000000,15,110,140,160,190,210,260,290,820,940,940,18251,13,6,79.56109382332238,1.659727015066892,35406.07590999571,4976.2523149416475
1781653382,400,GET,/feed/{user_id},180.700000,0.000000,22,110,140,160,190,210,230,250,370,370,370,7469,6,6,84.96380311346768,1.8433920049574226,35406.07590999571,5869.268041237114
1781653382,400,GET,/feed/{user_id}?with_fof=true,92.000000,0.000000,13,110,140,160,190,230,260,610,940,940,940,3795,4,6,98.6762406248725,1.8819700053427368,35379.223900992656,7414.91673254282
1781653382,400,POST,/likes,8.800000,0.000000,15,100,150,160,200,220,250,270,270,270,270,395,0,10,50.99840091321841,2.9557490197476,317.66722901375033,180.30379746835442
1781653382,400,POST,/posts,13.500000,0.000000,50,130,150,160,190,210,230,230,250,250,250,533,0,14,58.09590353138612,4.143049009144306,247.04401998315006,228.08067542213882
1781653382,400,GET,/timeline/{user_id},113.000000,0.000000,14,100,130,150,180,210,230,260,370,390,390,4666,3,6,73.12583924183144,2.0226810011081398,34973.06793698226,4351.057008144021
1781653382,400,GET,/users/{user_id},44.500000,0.000000,10,97,130,150,180,210,230,250,280,280,280,1821,0,4,50.562189175302514,1.659727015066892,482.3692249774467,263.3267435475014
1781653382,400,,Aggregated,452.500000,0.000000,16,110,140,160,190,210,240,260,780,940,940,18679,13,6,79.95392558271014,1.659727015066892,35406.07590999571,4976.257240751646
1781653383,400,GET,/feed/{user_id},179.800000,0.000000,13,110,140,160,190,210,230,250,370,370,370,7660,6,6,84.32595900044255,1.8433920049574226,35406.07590999571,5866.50861618799
1781653383,400,GET,/feed/{user_id}?with_fof=true,94.400000,0.000000,10,100,140,160,190,220,260,520,940,940,940,3889,4,6,97.36071211479505,1.8819700053427368,35379.223900992656,7414.988943173053
1781653383,400,POST,/likes,8.600000,0.000000,14,97,140,160,200,210,240,250,270,270,270,410,0,10,51.752617874994826,2.9557490197476,317.66722901375033,180.30731707317074
1781653383,400,POST,/posts,13.700000,0.000000,19,120,150,160,190,210,230,230,250,250,250,546,0,13,57.44393570558637,4.143049009144306,247.04401998315006,228.07875457875457
1781653383,400,GET,/timeline/{user_id},112.700000,0.000000,11,89,130,150,180,210,230,260,370,390,390,4787,3,6,72.44761523505808,2.0226810011081398,34973.06793698226,4347.729684562356
1781653383,400,GET,/users/{user_id},45.500000,0.000000,8,93,130,150,180,210,230,250,280,280,280,1890,0,4,50.69176269747211,1.659727015066892,482.3692249774467,263.3328042328042
1781653383,400,,Aggregated,454.700000,0.000000,12,100,140,160,190,210,240,260,780,940,940,19182,13,6,79.2289533526364,1.659727015066892,35406.07590999571,4967.317589406735
1781653384,400,GET,/feed/{user_id},181.200000,0.000000,10,110,140,160,190,200,230,250,370,370,370,7846,6,6,83.47753062086448,1.8433920049574226,35406.07590999571,5856.30627071119
1781653384,400,GET,/feed/{user_id}?with_fof=true,91.100000,0.000000,7,87,140,160,190,220,260,520,940,940,940,3995,4,6,95.83578192050777,1.8819700053427368,35379.223900992656,7412.381226533166
1781653384,400,POST,/likes,9.300000,0.000000,11,91,140,160,200,210,240,250,270,270,270,416,0,10,51.70552040097111,2.9557490197476,317.66722901375033,180.29567307692307
1781653384,400,POST,/posts,12.600000,0.000000,17,110,140,160,180,200,220,230,250,250,250,558,0,12,56.91803395755441,4.143049009144306,247.04401998315006,228.08960573476702
1781653384,400,GET,/timeline/{user_id},111.500000,0.000000,8,86,130,150,180,200,230,260,380,390,390,4908,3,6,71.90190547543632,2.0226810011081398,34973.06793698226,4355.985941320293
1781653384,400,GET,/users/{user_id},45.400000,0.000000,5,86,130,140,180,200,220,250,280,280,280,1936,0,4,50.49792657033427,1.659727015066892,482.3692249774467,263.3264462809917
1781653384,400,,Aggregated,451.100000,0.000000,9,95,130,150,190,210,240,260,780,940,940,19659,13,6,78.42499371140238,1.659727015066892,35406.07590999571,4967.307492751412
1781653385,400,GET,/feed/{user_id},181.300000,0.000000,8,100,130,150,190,210,240,270,370,370,370,8056,6,6,82.92455691601452,1.8433920049574226,35406.07590999571,5868.603152929493
1781653385,400,GET,/feed/{user_id}?with_fof=true,90.800000,0.000000,6,83,140,150,190,230,290,590,940,940,940,4090,4,6,95.2327696424351,1.8819700053427368,35379.223900992656,7408.994865525672
1781653385,400,POST,/likes,9.400000,0.000000,11,78,140,160,200,220,250,270,270,270,270,425,0,9,51.07790267252473,2.9557490197476,317.66722901375033,180.28941176470587
1781653385,400,POST,/posts,12.900000,0.000000,17,130,150,160,190,230,260,270,300,300,300,573,0,14,59.11699731986202,4.143049009144306,301.4540779986419,228.0977312390925
1781653385,400,GET,/timeline/{user_id},112.400000,0.000000,7,84,130,150,180,210,240,260,380,390,390,5021,3,6,71.80642153282409,2.0226810011081398,34973.06793698226,4354.672376020713
1781653385,400,GET,/users/{user_id},47.800000,0.000000,4,76,130,140,180,200,220,250,280,280,280,1997,0,4,50.5218274452152,1.659727015066892,482.3692249774467,263.3355032548823
1781653385,400,,Aggregated,454.600000,0.000000,7,90,130,150,190,210,250,280,780,940,940,20162,13,6,78.09525535053471,1.659727015066892,35406.07590999571,4968.667294911219
1781653386,400,GET,/feed/{user_id},181.800000,0.000000,7,97,140,150,190,210,240,270,370,370,370,8210,6,6,82.84228182646707,1.8433920049574226,35406.07590999571,5872.8738124238735
1781653386,400,GET,/feed/{user_id}?with_fof=true,92.500000,0.000000,7,87,140,150,190,240,300,590,940,940,940,4175,4,6,95.43947716850737,1.8819700053427368,35379.223900992656,7414.822994011976
1781653386,400,POST,/likes,10.400000,0.000000,10,69,140,150,180,210,240,250,270,270,270,435,0,9,51.489774661738124,2.9557490197476,317.66722901375033,180.30574712643678
1781653386,400,POST,/posts,12.400000,0.000000,18,130,150,160,200,230,260,270,300,300,300,586,0,14,59.94231921045345,4.143049009144306,301.4540779986419,228.10921501706486
1781653386,400,GET,/timeline/{user_id},114.200000,0.000000,7,86,130,150,190,210,250,270,380,390,390,5135,3,6,72.10249786743324,2.0226810011081398,34973.06793698226,4362.83135345667
1781653386,400,GET,/users/{user_id},50.700000,0.000000,4,78,130,140,180,200,250,260,320,320,320,2043,0,4,51.61893343858886,1.659727015066892,482.3692249774467,263.34557023984337
1781653386,400,,Aggregated,462.000000,0.000000,7,90,130,150,190,210,250,280,780,940,940,20584,13,6,78.30465456535666,1.659727015066892,35406.07590999571,4971.163962300816
1781653387,400,GET,/feed/{user_id},183.100000,0.000000,9,110,140,160,190,210,240,270,370,410,410,8393,6,6,83.02660639999074,1.8433920049574226,35406.07590999571,5873.158346240915
1781653387,400,GET,/feed/{user_id}?with_fof=true,94.500000,0.000000,7,100,140,160,200,240,290,610,940,940,940,4261,4,6,95.56878604404471,1.8819700053427368,35379.223900992656,7413.460455292185
1781653387,400,POST,/likes,10.300000,0.000000,10,91,150,160,200,210,250,270,270,270,270,443,0,9,51.7789571713283,2.9557490197476,317.66722901375033,180.32054176072234
1781653387,400,POST,/posts,12.900000,0.000000,20,120,150,160,210,230,260,270,300,300,300,604,0,14,60.48451229189415,4.143049009144306,301.4540779986419,228.10761589403972
1781653387,400,GET,/timeline/{user_id},113.900000,0.000000,7,97,130,150,190,210,250,270,380,390,390,5229,3,6,72.43256923314979,2.0226810011081398,34973.06793698226,4361.895008605852
1781653387,400,GET,/users/{user_id},49.600000,0.000000,6,90,130,150,180,200,250,260,320,320,320,2083,0,4,52.223582878524184,1.659727015066892,482.3692249774467,263.3557369179069
1781653387,400,,Aggregated,464.300000,0.000000,9,100,140,160,190,220,250,280,780,940,940,21013,13,7,78.57341911940729,1.659727015066892,35406.07590999571,4971.0536810545855
1781653388,400,GET,/feed/{user_id},185.900000,0.000000,13,120,140,160,190,210,240,270,370,410,410,8580,6,6,83.05936519663126,1.8433920049574226,35406.07590999571,5867.743006993007
1781653388,400,GET,/feed/{user_id}?with_fof=true,95.200000,0.000000,9,110,140,160,200,240,270,590,940,940,940,4331,4,6,95.4476001786174,1.8819700053427368,35379.223900992656,7403.268990995151
1781653388,400,POST,/likes,10.300000,0.000000,11,120,150,170,200,240,250,270,270,270,270,455,0,9,52.72547948989086,2.9557490197476,317.66722901375033,180.33406593406593
1781653388,400,POST,/posts,13.100000,0.000000,37,130,150,160,210,230,260,270,300,300,300,616,0,14,60.738404468060985,4.143049009144306,301.4540779986419,228.1038961038961
1781653388,400,GET,/timeline/{user_id},114.500000,0.000000,11,110,140,150,190,210,250,270,380,390,390,5325,3,6,72.63384731781031,2.0226810011081398,34973.06793698226,4360.235492957747
1781653388,400,GET,/users/{user_id},51.900000,0.000000,8,100,130,150,180,200,250,260,320,320,320,2131,0,5,53.0647904368504,1.659727015066892,482.3692249774467,263.3618019709057
1781653388,400,,Aggregated,470.900000,0.000000,11,110,140,160,190,220,250,280,750,940,940,21438,13,7,78.70576385246675,1.659727015066892,35406.07590999571,4963.654958484934
1781653389,400,GET,/feed/{user_id},182.600000,0.000000,31,120,140,160,190,210,240,270,370,410,410,8750,6,7,82.88921311291467,1.8433920049574226,35406.07590999571,5868.937942857143
1781653389,400,GET,/feed/{user_id}?with_fof=true,95.100000,0.000000,16,120,140,160,200,240,290,590,940,940,940,4422,4,7,95.21564019505826,1.8819700053427368,35379.223900992656,7401.117141564902
1781653389,400,POST,/likes,10.400000,0.000000,72,130,150,170,200,240,250,270,270,270,270,467,0,10,54.29042164218608,2.9557490197476,317.66722901375033,180.33832976445396
1781653389,400,POST,/posts,13.300000,0.000000,37,110,140,150,210,230,260,270,300,300,300,639,0,14,60.63204356704231,4.143049009144306,301.4540779986419,228.09546165884194
1781653389,400,GET,/timeline/{user_id},113.000000,0.000000,23,120,140,160,190,210,250,270,380,390,390,5437,3,7,72.89010150509911,2.0226810011081398,34973.06793698226,4367.881920176568
1781653389,400,GET,/users/{user_id},51.500000,0.000000,18,110,130,160,180,200,250,260,320,320,320,2168,0,5,53.551004658593534,1.659727015066892,482.3692249774467,263.3703874538745
1781653389,400,,Aggregated,465.900000,0.000000,25,120,140,160,190,220,250,280,750,940,940,21883,13,7,78.7288643426334,1.659727015066892,35406.07590999571,4964.1310149431065
1781653390,400,GET,/feed/{user_id},183.300000,0.000000,67,120,140,160,190,210,240,270,370,410,410,8923,6,7,82.7608683958195,1.8433920049574226,35406.07590999571,5869.615039784826
1781653390,400,GET,/feed/{user_id}?with_fof=true,94.100000,0.000000,64,120,140,160,200,230,270,590,940,940,940,4524,4,7,95.0877626066091,1.8819700053427368,35379.223900992656,7398.763262599469
1781653390,400,POST,/likes,9.700000,0.000000,73,140,160,170,200,240,250,270,270,270,270,473,0,10,55.036336720645934,2.9557490197476,317.66722901375033,180.33615221987316
1781653390,400,POST,/posts,12.800000,0.000000,75,120,140,160,190,230,260,270,300,300,300,652,0,14,61.589160808747735,4.143049009144306,301.4540779986419,228.08895705521473
1781653390,400,GET,/timeline/{user_id},110.300000,0.000000,65,120,140,160,190,210,250,270,380,390,390,5538,3,7,73.29073380844855,2.0226810011081398,34973.06793698226,4374.285662694114
1781653390,400,GET,/users/{user_id},51.100000,0.000000,57,120,140,160,180,200,250,260,320,320,320,2214,0,5,54.2437203603432,1.659727015066892,482.3692249774467,263.3816621499548
1781653390,400,,Aggregated,461.300000,0.000000,65,120,140,160,190,210,250,280,750,940,940,22324,13,7,78.87566151018429,1.659727015066892,35406.07590999571,4967.233201935137
1781653391,400,GET,/feed/{user_id},182.200000,0.000000,65,110,130,150,180,200,230,240,280,410,410,9113,6,7,82.66892333304054,1.8433920049574226,35406.07590999571,5876.739493031932
1781653391,400,GET,/feed/{user_id}?with_fof=true,91.600000,0.000000,62,110,140,150,180,210,250,520,750,750,750,4597,4,7,94.67041662370409,1.8819700053427368,35379.223900992656,7387.869915162062
1781653391,400,POST,/likes,10.000000,0.000000,73,130,150,160,180,200,240,250,250,250,250,484,0,10,56.507687282691755,2.9557490197476,317.66722901375033,180.34297520661158
1781653391,400,POST,/posts,12.600000,0.000000,76,120,140,150,190,230,260,270,300,300,300,664,0,16,62.09235313289388,4.143049009144306,301.4540779986419,228.08734939759037
1781653391,400,GET,/timeline/{user_id},108.000000,0.000000,66,110,140,150,180,200,220,250,380,380,380,5645,3,7,73.41641746185047,2.0226810011081398,34973.06793698226,4372.193622674934
1781653391,400,GET,/users/{user_id},49.300000,0.000000,71,120,130,140,180,200,230,250,320,320,320,2276,0,6,54.942461843867825,1.659727015066892,482.3692249774467,263.39718804920915
1781653391,400,,Aggregated,453.700000,0.000000,65,110,130,150,180,200,230,260,590,750,750,22779,13,8,78.87201222209139,1.659727015066892,35406.07590999571,4962.290969752842
1781653392,400,GET,/feed/{user_id},179.500000,0.000000,59,110,130,140,170,190,220,240,280,410,410,9296,6,7,82.45614790340493,1.8433920049574226,35406.07590999571,5872.366501721171
1781653392,400,GET,/feed/{user_id}?with_fof=true,88.900000,0.000000,55,110,140,150,170,200,250,270,670,670,670,4692,4,7,94.03863276516194,1.8819700053427368,35379.223900992656,7382.59505541347
1781653392,400,POST,/likes,9.800000,0.000000,85,130,160,160,180,200,240,250,250,250,250,492,0,11,57.46687308709351,2.9557490197476,317.66722901375033,180.34756097560975
1781653392,400,POST,/posts,13.300000,0.000000,75,120,140,150,190,220,260,270,300,300,300,674,0,17,62.48554113977872,4.143049009144306,301.4540779986419,228.09050445103858
1781653392,400,GET,/timeline/{user_id},106.300000,0.000000,64,110,130,150,180,200,220,240,380,380,380,5765,3,8,73.33962409125023,2.0226810011081398,34973.06793698226,4373.711188204684
1781653392,400,GET,/users/{user_id},49.400000,0.000000,67,110,130,140,170,190,220,250,320,320,320,2316,0,6,55.317262163925,1.659727015066892,482.3692249774467,263.3890328151986
1781653392,400,,Aggregated,447.200000,0.000000,62,110,130,140,170,190,220,250,580,670,670,23235,13,8,78.719530199654,1.659727015066892,35406.07590999571,4962.150763933721
1781653393,400,GET,/feed/{user_id},179.200000,0.000000,71,120,130,150,180,200,240,280,570,580,580,9411,6,8,83.00329787057666,1.8433920049574226,35406.07590999571,5869.354691318669
1781653393,400,GET,/feed/{user_id}?with_fof=true,87.900000,0.000000,69,120,140,150,180,200,260,270,670,670,670,4732,4,7,94.01426706151025,1.8819700053427368,35379.223900992656,7376.368554522401
1781653393,400,POST,/likes,9.700000,0.000000,85,130,160,160,180,190,240,250,250,250,250,495,0,11,57.1981001734108,2.9557490197476,317.66722901375033,180.35151515151514
1781653393,400,POST,/posts,13.300000,0.000000,84,120,150,160,190,220,260,270,300,300,300,678,0,17,62.84746635574909,4.143049009144306,301.4540779986419,228.10029498525074
1781653393,400,GET,/timeline/{user_id},106.000000,0.000000,76,120,140,150,180,210,250,310,570,600,600,5841,3,8,74.17210618986215,2.0226810011081398,34973.06793698226,4370.894538606403
1781653393,400,GET,/users/{user_id},48.200000,0.000000,80,120,140,140,170,200,250,270,400,400,400,2349,0,6,56.10798196617824,1.659727015066892,482.3692249774467,263.3891017454236
1781653393,400,,Aggregated,444.300000,0.000000,74,120,140,150,180,210,250,280,590,670,670,23506,13,8,79.21297165249882,1.659727015066892,35406.07590999571,4957.648898153663
1781653394,400,GET,/feed/{user_id},182.300000,0.000000,78,120,140,150,180,210,280,480,730,740,740,9438,6,8,83.92801842265123,1.8433920049574226,35406.07590999571,5868.989616444162
1781653394,400,GET,/feed/{user_id}?with_fof=true,88.000000,0.000000,76,120,140,150,180,200,260,360,720,720,720,4738,4,7,94.290482529572,1.8819700053427368,35379.223900992656,7371.548965808358
1781653394,400,POST,/likes,9.700000,0.000000,86,130,160,170,190,220,250,720,720,720,720,497,0,11,58.446340462458984,2.9557490197476,723.8037539937068,180.35814889336015
1781653394,400,POST,/posts,14.200000,0.000000,89,120,150,160,190,200,220,230,240,240,240,678,0,17,62.84746635574909,4.143049009144306,301.4540779986419,228.10029498525074
1781653394,400,GET,/timeline/{user_id},108.200000,0.000000,81,130,140,150,190,220,310,520,710,710,710,5862,3,8,74.87087962929884,2.0226810011081398,34973.06793698226,4369.501876492664
1781653394,400,GET,/users/{user_id},50.100000,0.000000,83,120,140,140,170,200,260,320,730,730,730,2356,0,6,56.438797541394166,1.659727015066892,732.1408120042179,263.39006791171477
1781653394,400,,Aggregated,452.500000,0.000000,79,120,140,150,180,210,270,450,720,740,740,23569,13,9,79.86687007898549,1.659727015066892,35406.07590999571,4955.525478382621
1781653395,400,GET,/feed/{user_id},181.300000,0.000000,87,120,140,160,180,210,330,490,730,740,740,9438,6,8,83.92801842265123,1.8433920049574226,35406.07590999571,5868.989616444162
1781653395,400,GET,/feed/{user_id}?with_fof=true,89.800000,0.000000,84,130,150,160,180,200,260,430,720,720,720,4738,4,7,94.290482529572,1.8819700053427368,35379.223900992656,7371.548965808358
1781653395,400,POST,/likes,9.600000,0.000000,110,150,160,170,190,220,250,720,720,720,720,497,0,11,58.446340462458984,2.9557490197476,723.8037539937068,180.35814889336015
1781653395,400,POST,/posts,13.900000,0.000000,84,120,140,160,190,190,210,220,230,230,230,678,0,17,62.84746635574909,4.143049009144306,301.4540779986419,228.10029498525074
1781653395,400,GET,/timeline/{user_id},110.200000,0.000000,85,130,150,160,190,220,310,550,710,710,710,5865,3,8,74.84964669853979,2.0226810011081398,34973.06793698226,4368.458653026428
1781653395,400,GET,/users/{user_id},49.600000,0.000000,91,130,140,150,180,200,270,390,730,730,730,2356,0,6,56.438797541394166,1.659727015066892,732.1408120042179,263.39006791171477
1781653395,400,,Aggregated,454.400000,0.000000,87,130,140,160,180,210,280,490,720,740,740,23572,13,9,79.86095122991664,1.659727015066892,35406.07590999571,4955.191328695062
1781653396,400,GET,/feed/{user_id},172.300000,0.000000,86,120,140,150,180,210,360,540,730,740,740,9440,6,8,83.91158876101592,1.8433920049574226,35406.07590999571,5869.623411016949
1781653396,400,GET,/feed/{user_id}?with_fof=true,82.300000,0.000000,82,120,140,150,180,200,240,360,720,720,720,4738,4,7,94.290482529572,1.8819700053427368,35379.223900992656,7371.548965808358
1781653396,400,POST,/likes,8.400000,0.000000,110,140,160,170,190,240,250,720,720,720,720,497,0,11,58.446340462458984,2.9557490197476,723.8037539937068,180.35814889336015
1781653396,400,POST,/posts,13.200000,0.000000,76,120,150,170,190,190,210,220,220,220,220,678,0,17,62.84746635574909,4.143049009144306,301.4540779986419,228.10029498525074
1781653396,400,GET,/timeline/{user_id},103.300000,0.000000,83,130,140,150,190,210,380,570,710,710,710,5867,3,8,74.82868902708785,2.0226810011081398,34973.06793698226,4368.135674109426
1781653396,400,GET,/users/{user_id},44.700000,0.000000,87,120,140,140,170,190,230,390,730,730,730,2357,0,7,56.41956976644527,1.659727015066892,732.1408120042179,263.3899024183284
1781653396,400,,Aggregated,424.200000,0.000000,84,120,140,150,180,210,310,500,730,740,740,23577,13,9,79.84616202186785,1.659727015066892,35406.07590999571,4955.193451244857
1781653397,400,GET,/feed/{user_id},156.100000,0.000000,85,120,140,150,180,250,700,61000,64000,64000,64000,9457,20,8,175.84248108840066,1.8433920049574226,63849.14536497672,5860.147615522893
1781653397,400,GET,/feed/{user_id}?with_fof=true,73.000000,0.000000,81,120,140,150,170,190,360,61000,64000,64000,64000,4743,9,8,159.87086376303924,1.8819700053427368,63846.68446198339,7363.800126502214
1781653397,400,POST,/likes,8.000000,0.000000,120,150,160,170,190,240,250,720,720,720,720,497,0,11,58.446340462458984,2.9557490197476,723.8037539937068,180.35814889336015
1781653397,400,POST,/posts,11.500000,0.000000,77,120,150,160,180,190,200,200,200,200,200,678,0,17,62.84746635574909,4.143049009144306,301.4540779986419,228.10029498525074
1781653397,400,GET,/timeline/{user_id},94.000000,0.000000,84,130,140,150,180,230,550,660,65000,65000,65000,5874,7,8,118.23887895725795,2.0226810011081398,64846.75157099264,4364.223697650664
1781653397,400,GET,/users/{user_id},41.300000,0.000000,89,120,140,140,170,200,310,400,63000,63000,63000,2360,1,7,82.9886675828459,1.659727015066892,62858.867011003895,263.28601694915255
1781653397,400,,Aggregated,383.900000,0.000000,85,120,140,150,180,220,520,730,64000,65000,65000,23609,37,9,143.30368479692447,1.659727015066892,64846.75157099264,4949.257274768097
1781653398,400,GET,/feed/{user_id},135.200000,0.000000,80,120,150,160,200,540,61000,62000,64000,64000,64000,9485,38,8,289.56022728634656,1.8433920049574226,63849.14536497672,5847.097522403796
1781653398,400,GET,/feed/{user_id}?with_fof=true,63.200000,0.000000,81,120,150,150,180,260,61000,62000,64000,64000,64000,4754,16,8,276.17089495732915,1.8819700053427368,63846.68446198339,7352.468026924695
1781653398,400,POST,/likes,6.900000,0.000000,130,160,160,170,190,220,59000,59000,59000,59000,59000,498,1,11,177.74788173461187,2.9557490197476,59470.613893994596,180.03815261044176
1781653398,400,POST,/posts,10.500000,0.000000,76,120,150,170,180,190,200,200,200,200,200,679,0,17,62.783734007666176,4.143049009144306,301.4540779986419,228.1016200294551
1781653398,400,GET,/timeline/{user_id},82.200000,0.000000,79,130,140,160,200,490,60000,62000,65000,65000,65000,5888,18,8,230.9997164639882,2.0226810011081398,64846.75157099264,4355.161684782609
1781653398,400,GET,/users/{user_id},35.100000,0.000000,85,120,140,140,170,220,60000,61000,63000,63000,63000,2364,5,7,185.80363755732253,1.659727015066892,62858.867011003895,262.8760575296108
1781653398,400,,Aggregated,333.100000,0.000000,82,120,140,160,190,400,61000,62000,64000,65000,65000,23668,78,9,253.08052732206585,1.659727015066892,64846.75157099264,4940.110021970593
1781653399,400,GET,/feed/{user_id},120.000000,0.000000,82,130,150,160,250,730,61000,62000,64000,64000,64000,9493,38,8,290.45124071567966,1.8433920049574226,63849.14536497672,5845.084272621932
1781653399,400,GET,/feed/{user_id}?with_fof=true,55.000000,0.000000,73,120,150,160,200,6000,62000,63000,64000,64000,64000,4762,16,8,282.17275112351945,1.8819700053427368,63846.68446198339,7355.812053758925
1781653399,400,POST,/likes,6.000000,0.000000,120,160,170,180,190,720,59000,59000,59000,59000,59000,500,1,11,177.09799056965858,2.9557490197476,59470.613893994596,180.034
1781653399,400,POST,/posts,8.900000,0.000000,98,150,170,180,190,200,200,200,200,200,200,679,0,17,62.783734007666176,4.143049009144306,301.4540779986419,228.1016200294551
1781653399,400,GET,/timeline/{user_id},71.800000,0.000000,78,130,150,160,230,590,61000,62000,65000,65000,65000,5895,18,8,231.66700378947033,2.0226810011081398,64846.75157099264,4355.717896522477
1781653399,400,GET,/users/{user_id},30.900000,0.000000,86,120,140,140,190,390,60000,61000,63000,63000,63000,2367,5,7,187.60568670322843,1.659727015066892,62858.867011003895,262.8770595690748
1781653399,400,,Aggregated,292.600000,0.000000,80,130,150,160,220,700,61000,62000,65000,65000,65000,23696,78,9,254.97463991414804,1.659727015066892,64846.75157099264,4940.06781735314
1781653400,400,GET,/feed/{user_id},104.200000,2.100000,83,140,160,170,540,57000,62000,63000,64000,64000,64000,9535,38,8,296.53869328304177,1.8433920049574226,63849.14536497672,5848.6588358678555
1781653400,400,GET,/feed/{user_id}?with_fof=true,47.000000,0.800000,83,150,160,270,6900,58000,62000,63000,64000,64000,64000,4800,16,8,321.03730364190295,1.8819700053427368,63846.68446198339,7365.335
1781653400,400,POST,/likes,5.300000,0.000000,94,160,160,170,720,6500,59000,59000,59000,59000,59000,504,1,11,188.84012918813767,2.9557490197476,59470.613893994596,180.02777777777777
1781653400,400,POST,/posts,7.400000,0.000000,100,150,170,170,190,200,6400,6400,6400,6400,6400,683,0,17,71.98150612034297,4.143049009144306,6446.894594992045,228.1112737920937
1781653400,400,GET,/timeline/{user_id},63.200000,0.800000,74,130,140,160,500,6500,61000,62000,65000,65000,65000,5927,18,8,240.09666463859733,2.0226810011081398,64846.75157099264,4358.180023620719
1781653400,400,GET,/users/{user_id},26.700000,0.100000,88,130,140,140,270,6300,60000,61000,63000,63000,63000,2381,5,7,198.29831785070235,1.659727015066892,62858.867011003895,262.8815623687526
1781653400,400,,Aggregated,253.800000,3.800000,82,130,150,170,710,7100,62000,63000,65000,65000,65000,23830,78,9,268.9053931112648,1.659727015066892,64846.75157099264,4944.354091481326
1781653401,400,GET,/feed/{user_id},87.800000,3.200000,67,140,160,230,5400,61000,62000,63000,64000,64000,64000,9576,38,8,295.32804123755244,1.8433920049574226,63849.14536497672,5847.545426065163
1781653401,400,GET,/feed/{user_id}?with_fof=true,40.900000,1.200000,110,170,6000,6600,7100,61000,63000,63000,64000,64000,64000,4813,16,8,328.0309715975817,1.8819700053427368,63846.68446198339,7368.952420527738
1781653401,400,POST,/likes,4.300000,0.100000,70,110,160,190,6500,59000,59000,59000,59000,59000,59000,506,1,11,188.3584984996689,2.9557490197476,59470.613893994596,180.0316205533597
1781653401,400,POST,/posts,6.100000,0.000000,36,55,140,170,200,6400,6400,6400,6400,6400,6400,686,0,17,71.78466000174018,4.143049009144306,6446.894594992045,228.11078717201167
1781653401,400,GET,/timeline/{user_id},54.100000,1.500000,62,130,150,170,660,57000,62000,64000,65000,65000,65000,5952,18,8,239.17894360064204,2.0226810011081398,64846.75157099264,4358.818044354839
1781653401,400,GET,/users/{user_id},22.800000,0.500000,54,120,140,160,730,6500,61000,61000,63000,63000,63000,2397,5,7,197.02715074404446,1.659727015066892,62858.867011003895,262.8890279516062
1781653401,400,,Aggregated,216.000000,6.500000,67,140,160,240,6500,59000,62000,63000,65000,65000,65000,23930,78,9,269.42311821297477,1.659727015066892,64846.75157099264,4942.928249059758
1781653402,400,GET,/feed/{user_id},71.600000,3.200000,49,160,380,710,6500,61000,63000,63000,64000,64000,64000,9653,38,8,296.5193517494768,1.8433920049574226,63849.14536497672,5846.789806277841
1781653402,400,GET,/feed/{user_id}?with_fof=true,32.700000,1.200000,700,6500,6900,7000,9000,62000,63000,63000,64000,64000,64000,4849,16,9,340.25047787030223,1.8819700053427368,63846.68446198339,7350.884924726748
1781653402,400,POST,/likes,3.200000,0.100000,28,80,130,130,6500,59000,59000,59000,59000,59000,59000,509,1,11,187.50759813724605,2.9557490197476,59470.613893994596,180.0451866404715
1781653402,400,POST,/posts,3.700000,0.000000,32,52,54,58,200,6400,6400,6400,6400,6400,6400,693,0,18,71.35257595261555,4.143049009144306,6446.894594992045,228.12698412698413
1781653402,400,GET,/timeline/{user_id},44.900000,1.500000,38,150,310,600,6500,60000,62000,64000,65000,65000,65000,5986,18,8,240.78568965018079,2.0226810011081398,64846.75157099264,4364.029401937855
1781653402,400,GET,/users/{user_id},18.900000,0.500000,9,120,180,390,6300,60000,61000,63000,63000,63000,63000,2413,5,7,198.29702895257762,1.659727015066892,62858.867011003895,262.89846663903853
1781653402,400,,Aggregated,175.000000,6.500000,56,220,660,2000,7000,61000,62000,63000,65000,65000,65000,24103,78,9,272.86638349277536,1.659727015066892,64846.75157099264,4940.90743890802
1781653403,400,GET,/feed/{user_id},59.200000,3.200000,13,210,300,710,6500,61000,63000,63000,64000,64000,64000,9749,38,8,294.7124414310073,1.8433920049574226,63849.14536497672,5842.379628679864
1781653403,400,GET,/feed/{user_id}?with_fof=true,27.100000,1.200000,260,3200,6600,6900,8600,61000,63000,63000,64000,64000,64000,4918,16,9,344.4235077627136,1.8819700053427368,63846.68446198339,7346.889385929239
1781653403,400,POST,/likes,3.100000,0.100000,19,80,130,280,6500,59000,59000,59000,59000,59000,59000,515,1,11,185.92222723273505,2.9557490197476,59470.613893994596,180.04660194174758
1781653403,400,POST,/posts,2.900000,0.000000,32,52,54,58,200,260,6400,6400,6400,6400,6400,700,0,18,71.46093233729646,4.143049009144306,6446.894594992045,228.1442857142857
1781653403,400,GET,/timeline/{user_id},37.500000,1.500000,13,190,280,550,6500,61000,62000,65000,65000,65000,65000,6044,18,8,239.58148502281577,2.0226810011081398,64846.75157099264,4364.494870946393
1781653403,400,GET,/users/{user_id},16.400000,0.500000,8,85,230,400,6500,60000,61000,63000,63000,63000,63000,2429,5,7,197.6277953406997,1.659727015066892,62858.867011003895,262.9061342116097
1781653403,400,,Aggregated,146.200000,6.500000,21,250,710,2000,7000,61000,62000,63000,65000,65000,65000,24355,78,9,272.6695714518308,1.659727015066892,64846.75157099264,4941.876082939848
1781653404,400,GET,/feed/{user_id},44.300000,3.200000,11,120,190,270,2000,60000,62000,63000,64000,64000,64000,9890,38,8,291.3328913270849,1.8433920049574226,63849.14536497672,5842.696056622852
1781653404,400,GET,/feed/{user_id}?with_fof=true,20.000000,1.200000,120,1900,3500,6500,7100,59000,62000,63000,64000,64000,64000,4983,16,9,342.9790243510216,1.8819700053427368,63846.68446198339,7359.1922536624525
1781653404,400,POST,/likes,2.100000,0.100000,19,110,130,160,720,6500,59000,59000,59000,59000,59000,518,1,11,185.41041452102328,2.9557490197476,59470.613893994596,180.04633204633205
1781653404,400,POST,/posts,1.900000,0.000000,24,41,52,58,200,260,6400,6400,6400,6400,6400,704,0,18,71.10005790214431,4.143049009144306,6446.894594992045,228.1434659090909
1781653404,400,GET,/timeline/{user_id},29.000000,1.500000,13,110,190,250,2500,58000,62000,64000,65000,65000,65000,6115,18,8,237.53736884641032,2.0226810011081398,64846.75157099264,4371.633197056419
1781653404,400,GET,/users/{user_id},11.900000,0.500000,7,99,140,180,2100,6500,61000,61000,63000,63000,63000,2459,5,7,195.800450519953,1.6379349981434643,62858.867011003895,262.9117527450183
1781653404,400,,Aggregated,109.200000,6.500000,15,120,230,290,6500,59000,62000,63000,65000,65000,65000,24669,78,9,270.3983999098208,1.6379349981434643,64846.75157099264,4949.046698285298
1781653405,400,GET,/feed/{user_id},34.200000,3.200000,10,83,120,170,1900,57000,62000,63000,64000,64000,64000,10030,38,8,287.8113315585102,1.8433920049574226,63849.14536497672,5844.107278165504
1781653405,400,GET,/feed/{user_id}?with_fof=true,14.900000,1.200000,87,210,2000,3400,7000,9000,62000,63000,64000,64000,64000,5054,16,9,338.9074088682234,1.8819700053427368,63846.68446198339,7358.594776414721
1781653405,400,POST,/likes,1.800000,0.100000,18,62,110,130,720,6500,59000,59000,59000,59000,59000,525,1,11,183.23172172359634,2.9557490197476,59470.613893994596,180.04761904761904
1781653405,400,POST,/posts,2.000000,0.000000,22,41,58,69,89,260,6400,6400,6400,6400,6400,716,0,18,70.61788973200308,4.143049009144306,6446.894594992045,228.14385474860336
1781653405,400,GET,/timeline/{user_id},21.100000,1.500000,13,81,120,170,1800,6600,62000,62000,65000,65000,65000,6202,18,8,234.7366627226365,2.0226810011081398,64846.75157099264,4369.605449854886
1781653405,400,GET,/users/{user_id},8.800000,0.500000,7,83,110,140,1900,6500,61000,61000,63000,63000,63000,2484,5,7,194.2772224679914,1.6379349981434643,62858.867011003895,262.92028985507244
1781653405,400,,Aggregated,82.800000,6.500000,14,93,130,200,3500,8600,62000,63000,65000,65000,65000,25011,78,9,267.2730464883906,1.6379349981434643,64846.75157099264,4950.541641677662
1781653406,400,GET,/feed/{user_id},35.000000,3.200000,10,84,110,130,290,6500,61000,62000,64000,64000,64000,10162,38,8,284.74016733898105,1.8433920049574226,63849.14536497672,5844.296201535131
1781653406,400,GET,/feed/{user_id}?with_fof=true,19.000000,1.200000,81,120,320,2200,6900,8600,62000,63000,64000,64000,64000,5114,16,9,335.5639802084973,1.8819700053427368,63846.68446198339,7361.346108721157
1781653406,400,POST,/likes,2.000000,0.100000,13,53,80,130,160,6500,59000,59000,59000,59000,59000,531,1,11,181.59377075880397,2.9557490197476,59470.613893994596,180.04331450094162
1781653406,400,POST,/posts,2.300000,0.000000,24,58,83,89,130,200,260,6400,6400,6400,6400,732,0,18,70.60217209029281,4.143049009144306,6446.894594992045,228.14071038251367
1781653406,400,GET,/timeline/{user_id},20.300000,1.500000,12,79,110,130,280,6500,61000,62000,65000,65000,65000,6283,18,8,232.2802327086886,2.0226810011081398,64846.75157099264,4375.49944294127
1781653406,400,GET,/users/{user_id},7.900000,0.500000,6,80,100,110,260,6500,60000,61000,63000,63000,63000,2514,5,6,192.37688181877803,1.6379349981434643,62858.867011003895,262.93038981702466
1781653406,400,,Aggregated,86.500000,6.500000,13,91,120,150,2000,6900,61000,62000,65000,65000,65000,25336,78,9,264.4759646561847,1.6379349981434643,64846.75157099264,4951.473555415219
1781653407,400,GET,/feed/{user_id},46.300000,3.200000,9,73,97,110,180,1000,6500,57000,61000,61000,61000,10313,38,8,281.12910424548306,1.8433920049574226,63849.14536497672,5852.9278580432465
1781653407,400,GET,/feed/{user_id}?with_fof=true,25.600000,1.200000,63,100,150,310,6500,7000,8900,59000,63000,63000,63000,5183,16,9,331.7433611214225,1.8819700053427368,63846.68446198339,7357.618946556048
1781653407,400,POST,/likes,2.200000,0.100000,8,33,68,110,160,280,59000,59000,59000,59000,59000,538,1,11,179.50382595703303,2.9557490197476,59470.613893994596,180.03903345724908
1781653407,400,POST,/posts,2.600000,0.000000,22,58,83,85,130,150,260,6400,6400,6400,6400,739,0,18,70.27633601911612,4.143049009144306,6446.894594992045,228.13531799729364
1781653407,400,GET,/timeline/{user_id},26.200000,1.500000,10,75,93,110,220,1900,6600,58000,62000,62000,62000,6363,18,8,229.90827413072336,2.0226810011081398,64846.75157099264,4382.850542197077
1781653407,400,GET,/users/{user_id},10.600000,0.500000,7,77,99,110,180,2100,60000,61000,61000,61000,61000,2543,5,7,190.73509250229768,1.6379349981434643,62858.867011003895,262.94062131340934
1781653407,400,,Aggregated,113.500000,6.500000,11,81,100,120,260,4800,7100,58000,62000,63000,63000,25679,78,9,261.50407928603715,1.6379349981434643,64846.75157099264,4958.058063008684
1781653408,400,GET,/feed/{user_id},60.600000,3.200000,8,76,96,100,150,260,2000,5600,6600,6600,6600,10451,38,8,278.05436770304937,1.8433920049574226,63849.14536497672,5853.675342072529
1781653408,400,GET,/feed/{user_id}?with_fof=true,32.200000,1.200000,50,98,120,170,3200,6900,7200,8600,9400,9400,9400,5253,16,8,327.9391389231282,1.8819700053427368,63846.68446198339,7362.907671806587
1781653408,400,POST,/likes,2.800000,0.100000,7,33,80,110,130,160,6500,6500,6500,6500,6500,545,1,11,177.86929724928112,2.9557490197476,59470.613893994596,180.0422018348624
1781653408,400,POST,/posts,3.900000,0.000000,22,58,83,89,130,150,260,6400,6400,6400,6400,746,0,18,70.0126659022407,4.143049009144306,6446.894594992045,228.1313672922252
1781653408,400,GET,/timeline/{user_id},34.300000,1.500000,9,76,93,110,160,280,2500,6500,6600,6600,6600,6436,18,8,227.85043127340828,2.0226810011081398,64846.75157099264,4389.356432566811
1781653408,400,GET,/users/{user_id},13.000000,0.500000,6,77,94,100,130,250,2100,6500,6500,6500,6500,2576,5,6,188.86645565932966,1.6379349981434643,62858.867011003895,262.950698757764
1781653408,400,,Aggregated,146.800000,6.500000,10,81,98,110,190,1900,6500,6900,8900,9400,9400,26007,78,9,258.80509381496415,1.6379349981434643,64846.75157099264,4962.11339254816
1781653409,400,GET,/feed/{user_id},73.500000,3.200000,8,78,97,110,170,250,2000,2500,6500,6600,6600,10563,38,8,275.80565011007326,1.8433920049574226,63849.14536497672,5855.177127709931
1781653409,400,GET,/feed/{user_id}?with_fof=true,38.100000,1.200000,42,98,120,160,2200,6800,7100,7800,9400,9400,9400,5315,16,9,325.24135315700204,1.8819700053427368,63846.68446198339,7364.52587017874
1781653409,400,POST,/likes,3.400000,0.100000,7,53,110,120,160,180,280,6500,6500,6500,6500,553,1,11,176.47404972659416,2.9557490197476,59470.613893994596,180.05605786618446
1781653409,400,POST,/posts,5.400000,0.000000,19,58,83,92,140,170,260,6400,6400,6400,6400,757,0,17,69.68773561693597,4.143049009144306,6446.894594992045,228.14002642007927
1781653409,400,GET,/timeline/{user_id},42.900000,1.500000,9,79,99,110,170,260,2000,6500,6600,6600,6600,6504,18,8,226.16219208095555,2.0226810011081398,64846.75157099264,4390.10701107011
1781653409,400,GET,/users/{user_id},15.900000,0.500000,5,80,97,100,160,230,2100,6500,6500,6500,6500,2605,5,6,187.48685723162149,1.6379349981434643,62858.867011003895,262.9550863723608
1781653409,400,,Aggregated,179.200000,6.500000,9,82,100,110,180,630,6500,6900,8900,9400,9400,26297,78,9,256.74787237654084,1.6379349981434643,64846.75157099264,4962.58957295509
1781653410,400,GET,/feed/{user_id},85.900000,1.100000,6,80,98,110,170,200,290,1900,2000,2000,2000,10680,38,8,273.4441162025959,1.8433920049574226,63849.14536497672,5853.084176029963
1781653410,400,GET,/feed/{user_id}?with_fof=true,44.600000,0.400000,16,94,110,150,260,2000,3500,7800,9400,9400,9400,5390,16,9,322.2862925345857,1.8819700053427368,63846.68446198339,7356.499443413729
1781653410,400,POST,/likes,4.200000,0.100000,7,19,80,120,160,170,180,280,280,280,280,559,1,11,174.84979991744228,2.9557490197476,59470.613893994596,180.05903398926654
1781653410,400,POST,/posts,6.200000,0.000000,19,74,89,100,140,170,200,260,260,260,260,764,0,17,70.00831393591288,4.143049009144306,6446.894594992045,228.1348167539267
1781653410,400,GET,/timeline/{user_id},48.700000,0.700000,8,81,98,110,160,220,290,1900,2000,2000,2000,6576,18,8,224.31836528594962,2.0226810011081398,64846.75157099264,4391.7226277372265
1781653410,400,GET,/users/{user_id},18.600000,0.400000,5,76,94,100,150,180,250,1900,1900,1900,1900,2640,5,6,185.4694054266557,1.6379349981434643,62858.867011003895,262.96628787878785
1781653410,400,,Aggregated,208.200000,2.700000,8,83,100,110,170,250,1900,2000,8900,9400,9400,26609,78,9,254.55637071114268,1.6379349981434643,64846.75157099264,4961.164192566425
1781653411,400,GET,/feed/{user_id},97.800000,0.000000,6,81,97,110,160,200,290,1900,2000,2000,2000,10811,38,8,270.6211490782963,1.8433920049574226,63849.14536497672,5854.9287762464155
1781653411,400,GET,/feed/{user_id}?with_fof=true,50.500000,0.000000,13,92,110,120,220,1100,3200,4200,9400,9400,9400,5455,16,9,319.0615782930098,1.8819700053427368,63846.68446198339,7359.158936755271
1781653411,400,POST,/likes,4.700000,0.000000,6,19,95,120,160,170,180,280,280,280,280,562,1,11,174.12154888055824,2.9557490197476,59470.613893994596,180.05338078291814
1781653411,400,POST,/posts,6.700000,0.000000,17,75,92,100,140,170,200,260,260,260,260,774,0,17,69.51017477392436,4.143049009144306,6446.894594992045,228.13695090439276
1781653411,400,GET,/timeline/{user_id},55.300000,0.000000,7,82,95,110,150,200,280,1800,2000,2000,2000,6670,18,8,221.6949812108403,2.0226810011081398,64846.75157099264,4397.264467766117
1781653411,400,GET,/users/{user_id},21.500000,0.000000,6,82,94,100,140,180,250,1900,1900,1900,1900,2669,5,6,184.11341587799234,1.6379349981434643,62858.867011003895,262.9775196702885
1781653411,400,,Aggregated,236.500000,0.000000,7,83,98,110,160,220,1500,2000,8700,9400,9400,26941,78,9,251.95529377804797,1.6379349981434643,64846.75157099264,4964.598789948406
1781653412,400,GET,/feed/{user_id},107.900000,0.000000,6,81,96,100,140,180,240,270,300,300,300,10949,38,8,267.7481204135841,1.8433920049574226,63849.14536497672,5850.092337199744
1781653412,400,GET,/feed/{user_id}?with_fof=true,56.000000,0.000000,11,90,100,110,170,320,1900,3100,9400,9400,9400,5516,16,9,316.1098953419779,1.8819700053427368,63846.68446198339,7357.900108774475
1781653412,400,POST,/likes,5.300000,0.000000,6,12,95,110,130,160,170,180,180,180,180,567,1,11,172.916023518282,2.9557490197476,59470.613893994596,180.05643738977074
1781653412,400,POST,/posts,8.000000,0.000000,10,75,92,100,140,170,200,260,260,260,260,788,0,16,68.63412193139675,4.143049009144306,6446.894594992045,228.12817258883248
1781653412,400,GET,/timeline/{user_id},60.800000,0.000000,6,81,93,100,130,170,250,280,310,310,310,6755,18,8,219.5388459152124,2.0226810011081398,64846.75157099264,4398.544929681717
1781653412,400,GET,/users/{user_id},24.100000,0.000000,4,82,94,100,130,160,180,250,260,260,260,2702,5,6,182.37022920557763,1.6379349981434643,62858.867011003895,262.98260547742416
1781653412,400,,Aggregated,262.100000,0.000000,6,83,97,110,140,180,260,390,3300,9400,9400,27277,78,9,249.40839131877502,1.6379349981434643,64846.75157099264,4961.815632217619
1781653413,400,GET,/feed/{user_id},114.800000,0.000000,5,80,95,100,130,160,190,200,220,220,220,11069,38,8,265.4882801001191,1.8433920049574226,63849.14536497672,5848.235070918782
1781653413,400,GET,/feed/{user_id}?with_fof=true,59.000000,0.000000,12,90,100,110,160,190,550,640,3400,3400,3400,5583,16,9,313.4498621976159,1.8819700053427368,63846.68446198339,7352.302525523912
1781653413,400,POST,/likes,5.300000,0.000000,7,76,110,120,140,160,170,180,180,180,180,576,1,11,171.57360465252066,2.9557490197476,59470.613893994596,180.05381944444446
1781653413,400,POST,/posts,8.100000,0.000000,9,75,95,98,130,150,190,190,190,190,190,797,0,15,68.41639722834009,4.143049009144306,6446.894594992045,228.1267252195734
1781653413,400,GET,/timeline/{user_id},65.300000,0.000000,6,81,93,100,130,160,180,190,270,270,270,6824,18,8,217.88731515347598,2.0226810011081398,64846.75157099264,4399.0149472450175
1781653413,400,GET,/users/{user_id},26.000000,0.000000,4,80,92,100,120,150,180,180,210,210,210,2729,5,6,181.0454669195186,1.6379349981434643,62858.867011003895,262.9842433125687
1781653413,400,,Aggregated,278.500000,0.000000,6,82,96,100,130,160,190,210,790,3400,3400,27578,78,9,247.406292544022,1.6379349981434643,64846.75157099264,4960.62473710929
1781653414,400,GET,/feed/{user_id},124.200000,0.000000,5,79,94,100,130,160,190,200,220,220,220,11184,38,8,263.3189085825531,1.8433920049574226,63849.14536497672,5849.874463519313
1781653414,400,GET,/feed/{user_id}?with_fof=true,64.600000,0.000000,7,88,100,110,160,190,510,600,870,870,870,5649,16,9,310.5412680947694,1.8819700053427368,63846.68446198339,7354.619047619048
1781653414,400,POST,/likes,5.500000,0.000000,7,76,110,120,140,160,170,180,180,180,180,583,1,11,170.17664442175925,2.9557490197476,59470.613893994596,180.04974271012006
1781653414,400,POST,/posts,8.900000,0.000000,10,83,98,110,140,170,190,190,210,210,210,810,0,16,68.798313471618,4.143049009144306,6446.894594992045,228.12839506172838
1781653414,400,GET,/timeline/{user_id},72.400000,0.000000,7,82,95,100,130,160,190,200,270,270,270,6913,18,8,216.0004006710886,2.0226810011081398,64846.75157099264,4400.843627947345
1781653414,400,GET,/users/{user_id},27.500000,0.000000,4,82,93,100,130,160,180,180,210,210,210,2757,5,6,179.81850371759307,1.6379349981434643,62858.867011003895,262.98621690243016
1781653414,400,,Aggregated,303.100000,0.000000,6,82,96,100,140,160,190,210,640,870,870,27896,78,9,245.30815526430897,1.6379349981434643,64846.75157099264,4961.610159162604
1781653415,400,GET,/feed/{user_id},130.500000,0.000000,5,82,96,100,130,160,190,200,220,220,220,11309,38,8,260.918822194392,1.8433920049574226,63849.14536497672,5852.371827747811
1781653415,400,GET,/feed/{user_id}?with_fof=true,66.700000,0.000000,7,90,100,110,160,190,510,600,870,870,870,5716,16,9,307.62057028034224,1.8819700053427368,63846.68446198339,7355.8269769069275
1781653415,400,POST,/likes,5.700000,0.000000,7,80,110,110,140,160,170,180,180,180,180,591,1,11,168.24847797781635,2.9557490197476,59470.613893994596,180.0575296108291
1781653415,400,POST,/posts,9.400000,0.000000,10,96,110,110,140,170,190,190,210,210,210,823,0,17,68.73570500485026,4.143049009144306,6446.894594992045,228.12758201701092
1781653415,400,GET,/timeline/{user_id},76.300000,0.000000,7,86,99,110,130,160,190,200,270,270,270,7001,18,8,213.93611570278875,2.0226810011081398,64846.75157099264,4406.893158120269
1781653415,400,GET,/users/{user_id},28.900000,0.000000,4,82,94,100,130,160,180,180,210,210,210,2782,5,6,178.68343197067858,1.6379349981434643,62858.867011003895,262.9913731128684
1781653415,400,,Aggregated,317.500000,0.000000,6,86,98,110,140,170,190,210,640,870,870,28222,78,9,243.07131065836413,1.6379349981434643,64846.75157099264,4964.525689178655
1781653416,400,GET,/feed/{user_id},131.000000,0.000000,5,83,96,100,130,160,190,200,220,220,220,11445,38,8,258.4051184770175,1.8433920049574226,63849.14536497672,5856.825688073394
1781653416,400,GET,/feed/{user_id}?with_fof=true,66.500000,0.000000,6,89,100,110,160,190,510,600,870,870,870,5782,16,9,304.62557634894176,1.8819700053427368,63846.68446198339,7363.888101003113
1781653416,400,POST,/likes,6.100000,0.000000,7,80,110,110,130,160,170,180,180,180,180,602,1,11,166.07335604628838,2.9557490197476,59470.613893994596,180.0598006644518
1781653416,400,POST,/posts,9.700000,0.000000,9,96,100,110,140,170,190,210,210,210,210,832,0,17,68.62906973674399,4.143049009144306,6446.894594992045,228.12139423076923
1781653416,400,GET,/timeline/{user_id},78.200000,0.000000,7,87,99,110,130,160,190,200,270,270,270,7078,18,8,212.1399808878506,2.0226810011081398,64846.75157099264,4414.130969200339
1781653416,400,GET,/users/{user_id},29.900000,0.000000,4,84,94,100,130,160,180,180,210,210,210,2810,5,6,177.3287004339832,1.6379349981434643,62858.867011003895,262.99608540925266
1781653416,400,,Aggregated,321.400000,0.000000,6,86,98,110,140,170,190,210,640,870,870,28549,78,8,240.8381254237834,1.6379349981434643,64846.75157099264,4970.044554975656
1781653417,400,GET,/feed/{user_id},128.900000,0.000000,5,85,97,100,130,160,190,200,220,220,220,11589,38,8,255.70806840152517,1.8433920049574226,63849.14536497672,5861.46906549314
1781653417,400,GET,/feed/{user_id}?with_fof=true,65.900000,0.000000,6,90,100,110,160,190,500,570,870,870,870,5848,16,8,301.5905820321116,1.8819700053427368,63846.68446198339,7367.379103967169
1781653417,400,POST,/likes,6.700000,0.000000,10,82,110,110,140,160,170,180,180,180,180,607,1,11,164.98837469169052,2.9557490197476,59470.613893994596,180.06425041186162
1781653417,400,POST,/posts,10.700000,0.000000,10,96,100,110,140,170,190,190,210,210,210,841,0,17,68.55950884182005,4.143049009144306,6446.894594992045,228.1141498216409
1781653417,400,GET,/timeline/{user_id},79.200000,0.000000,7,87,99,110,130,160,190,200,270,270,270,7161,18,8,210.10527663749,2.0226810011081398,64846.75157099264,4416.330680072616
1781653417,400,GET,/users/{user_id},30.000000,0.000000,4,84,94,100,130,160,180,180,210,210,210,2844,5,6,175.67565066019853,1.6379349981434643,62858.867011003895,263.0084388185654
1781653417,400,,Aggregated,321.400000,0.000000,6,87,99,110,130,160,190,210,640,870,870,28890,78,8,238.4594827027196,1.6379349981434643,64846.75157099264,4973.606126687435
1781653418,400,GET,/feed/{user_id},127.200000,0.000000,5,79,94,100,130,160,190,200,220,220,220,11748,38,8,252.71410159789838,1.8433920049574226,63849.14536497672,5865.1211270003405
1781653418,400,GET,/feed/{user_id}?with_fof=true,66.100000,0.000000,6,89,99,110,160,190,510,630,870,870,870,5905,16,8,299.12004158491067,1.8819700053427368,63846.68446198339,7361.194072819644
1781653418,400,POST,/likes,6.700000,0.000000,9,76,100,110,140,160,170,180,180,180,180,614,1,11,163.48335091673076,2.9557490197476,59470.613893994596,180.06677524429966
1781653418,400,POST,/posts,10.600000,0.000000,9,96,100,110,140,170,190,190,210,210,210,848,0,17,68.15268970627963,4.143049009144306,6446.894594992045,228.11438679245282
1781653418,400,GET,/timeline/{user_id},79.600000,0.000000,6,83,95,100,130,160,180,190,270,270,270,7250,18,8,208.0102903106298,2.0226810011081398,64846.75157099264,4421.192551724138
1781653418,400,GET,/users/{user_id},29.600000,0.000000,4,82,93,100,130,160,180,180,210,210,210,2871,5,6,174.3935185693475,1.6379349981434643,62858.867011003895,263.0160222918844
1781653418,400,,Aggregated,319.800000,0.000000,6,83,96,100,130,160,190,210,680,870,870,29236,78,8,236.08290347617583,1.6379349981434643,64846.75157099264,4976.195820221645
1781653419,400,GET,/feed/{user_id},128.000000,0.000000,5,78,91,98,120,140,170,190,220,220,220,11876,38,8,250.47063629979365,1.8433920049574226,63849.14536497672,5866.698972718087
1781653419,400,GET,/feed/{user_id}?with_fof=true,66.700000,0.000000,5,86,95,100,130,170,450,550,730,730,730,5974,16,8,296.203739804794,1.8819700053427368,63846.68446198339,7351.886675594242
1781653419,400,POST,/likes,7.100000,0.000000,9,76,100,110,110,140,160,170,170,170,170,621,1,11,162.36472521078488,2.9557490197476,59470.613893994596,180.06119162640903
1781653419,400,POST,/posts,10.100000,0.000000,10,97,100,110,140,170,190,210,210,210,210,853,0,17,68.0761665298526,4.143049009144306,6446.894594992045,228.1137162954279
1781653419,400,GET,/timeline/{user_id},78.600000,0.000000,7,81,93,100,130,150,170,190,270,270,270,7336,18,8,206.1342346273055,2.0226810011081398,64846.75157099264,4421.042666303162
1781653419,400,GET,/users/{user_id},29.700000,0.000000,4,77,88,94,120,130,160,180,210,210,210,2913,5,6,172.35365079322122,1.6379349981434643,62858.867011003895,263.0254033642293
1781653419,400,,Aggregated,320.200000,0.000000,6,80,93,100,130,150,180,200,630,730,730,29573,78,8,233.90507600455248,1.6379349981434643,64846.75157099264,4974.079362932404
1781653420,400,GET,/feed/{user_id},127.400000,0.000000,5,78,92,98,120,140,150,170,220,220,220,12001,38,8,248.36131140209773,1.8433920049574226,63849.14536497672,5858.868177651862
1781653420,400,GET,/feed/{user_id}?with_fof=true,65.800000,0.000000,4,84,94,100,130,150,210,510,680,680,680,6032,16,8,293.8345547378526,1.8819700053427368,63846.68446198339,7359.813826259947
1781653420,400,POST,/likes,6.800000,0.000000,7,76,100,100,110,140,160,170,170,170,170,630,1,10,160.45051041573825,2.9557490197476,59470.613893994596,180.06349206349208
1781653420,400,POST,/posts,10.100000,0.000000,9,95,100,110,130,150,190,210,210,210,210,862,0,17,68.10346698023005,4.143049009144306,6446.894594992045,228.1136890951276
1781653420,400,GET,/timeline/{user_id},79.900000,0.000000,7,81,94,100,130,140,160,180,260,260,260,7423,18,8,204.3440256692648,2.0226810011081398,64846.75157099264,4421.654452377745
1781653420,400,GET,/users/{user_id},30.100000,0.000000,4,79,92,98,120,130,150,160,210,210,210,2953,5,6,170.6524912664102,1.6379349981434643,62858.867011003895,263.0298002031832
1781653420,400,,Aggregated,320.100000,0.000000,6,80,94,100,120,140,160,190,550,680,680,29901,78,8,231.88407249479454,1.6379349981434643,64846.75157099264,4970.249021771847
1781653421,400,GET,/feed/{user_id},128.900000,0.000000,5,78,95,100,120,140,150,170,220,220,220,12120,38,7,246.43240823239134,1.8433920049574226,63849.14536497672,5853.196617161716
1781653421,400,GET,/feed/{user_id}?with_fof=true,64.600000,0.000000,5,85,99,110,130,150,210,510,680,680,680,6098,16,8,291.3313303044946,1.8819700053427368,63846.68446198339,7361.958510987209
1781653421,400,POST,/likes,6.900000,0.000000,7,82,100,110,120,140,160,170,170,170,170,635,1,10,159.79801756843162,2.9557490197476,59470.613893994596,180.06929133858267
1781653421,400,POST,/posts,10.200000,0.000000,10,98,110,110,130,150,190,210,210,210,210,875,0,17,67.86193119993966,4.143049009144306,6446.894594992045,228.11085714285716
1781653421,400,GET,/timeline/{user_id},81.200000,0.000000,8,86,100,110,130,140,160,180,260,260,260,7521,18,8,202.41954709346672,2.0226810011081398,64846.75157099264,4422.434915569738
1781653421,400,GET,/users/{user_id},29.300000,0.000000,4,81,95,100,130,140,150,180,240,240,240,2984,5,6,169.54971196371565,1.6379349981434643,62858.867011003895,263.0365281501341
1781653421,400,,Aggregated,321.100000,0.000000,5,82,97,100,130,140,160,190,550,680,680,30233,78,8,229.96341498094787,1.6379349981434643,64846.75157099264,4967.880825587934
1781653422,400,GET,/feed/{user_id},130.800000,0.000000,5,82,96,100,120,140,150,170,220,220,220,12256,38,7,244.253121672437,1.8433920049574226,63849.14536497672,5853.873449738903
1781653422,400,GET,/feed/{user_id}?with_fof=true,65.300000,0.000000,4,86,100,110,130,150,370,530,680,680,680,6158,16,8,289.0708338595106,1.8819700053427368,63846.68446198339,7364.282234491718
1781653422,400,POST,/likes,6.800000,0.000000,9,90,110,110,120,140,160,170,170,170,170,642,1,10,158.75961438617074,2.9557490197476,59470.613893994596,180.0669781931464
1781653422,400,POST,/posts,9.500000,0.000000,40,100,110,110,130,150,190,210,210,210,210,879,0,17,67.885688375381,4.143049009144306,6446.894594992045,228.11262798634812
1781653422,400,GET,/timeline/{user_id},83.500000,0.000000,8,87,100,110,130,140,160,180,260,260,260,7615,18,8,200.52736883795208,2.0226810011081398,64846.75157099264,4419.738148391333
1781653422,400,GET,/users/{user_id},30.500000,0.000000,4,79,94,100,130,140,150,180,240,240,240,3011,5,6,168.3380748019143,1.6379349981434643,62858.867011003895,263.04450348721355
1781653422,400,,Aggregated,326.400000,0.000000,6,84,99,110,130,140,160,190,550,680,680,30561,78,8,228.04036201602412,1.6379349981434643,64846.75157099264,4969.037989594582
1781653423,400,GET,/feed/{user_id},131.800000,0.000000,5,82,95,100,120,140,150,150,200,210,210,12394,38,7,242.0755686619599,1.8433920049574226,63849.14536497672,5860.076488623527
1781653423,400,GET,/feed/{user_id}?with_fof=true,63.900000,0.000000,4,85,99,110,130,150,180,460,680,680,680,6220,16,8,286.68656994372407,1.8819700053427368,63846.68446198339,7362.698713826367
1781653423,400,POST,/likes,7.100000,0.000000,9,90,100,110,130,140,160,160,160,160,160,654,1,11,157.19206774152855,2.9557490197476,59470.613893994596,180.06727828746176
1781653423,400,POST,/posts,9.800000,0.000000,64,100,110,120,140,150,180,210,210,210,210,887,0,17,68.01115607552356,4.143049009144306,6446.894594992045,228.11161217587374
1781653423,400,GET,/timeline/{user_id},84.700000,0.000000,8,88,100,110,120,140,150,160,30000,30000,30000,7695,19,8,202.8616296454937,2.0226810011081398,64846.75157099264,4421.646523716699
1781653423,400,GET,/users/{user_id},31.100000,0.000000,4,82,95,100,120,140,150,160,240,240,240,3036,5,6,167.43145303117626,1.6371140081901103,62858.867011003895,263.0527009222661
1781653423,400,,Aggregated,328.400000,0.000000,5,85,98,100,120,140,150,170,550,30000,30000,30886,79,8,227.15621000819064,1.6371140081901103,64846.75157099264,4972.125590882601
1781653424,400,GET,/feed/{user_id},129.800000,0.000000,5,84,97,100,130,150,250,24000,30000,30000,30000,12545,39,7,272.4882100496138,1.8433920049574226,63849.14536497672,5862.525069748904
1781653424,400,GET,/feed/{user_id}?with_fof=true,64.500000,0.000000,5,91,110,120,150,270,30000,31000,31000,31000,31000,6301,18,8,369.7401894937448,1.8819700053427368,63846.68446198339,7363.623234407237
1781653424,400,POST,/likes,7.400000,0.000000,12,94,110,120,160,210,220,250,250,250,250,666,1,11,156.38243903607156,2.9557490197476,59470.613893994596,180.07357357357358
1781653424,400,POST,/posts,10.000000,0.000000,85,100,120,130,190,230,30000,30000,30000,30000,30000,900,0,17,135.433942803324,4.143049009144306,29879.327161994297,228.12333333333333
1781653424,400,GET,/timeline/{user_id},84.600000,0.000000,12,89,100,110,130,200,270,30000,30000,30000,30000,7799,20,8,239.90990474590276,2.0226810011081398,64846.75157099264,4415.831516861136
1781653424,400,GET,/users/{user_id},31.300000,0.000000,5,87,100,110,150,230,30000,30000,30000,30000,30000,3079,5,6,261.91020849387024,1.6371140081901103,62858.867011003895,263.0656057161416
1781653424,400,,Aggregated,327.600000,0.000000,7,88,100,110,140,200,290,30000,31000,31000,31000,31290,83,8,276.49784790857876,1.6371140081901103,64846.75157099264,4970.2095238095235
1781653425,400,GET,/feed/{user_id},129.800000,0.000000,11,90,100,120,160,230,270,24000,30000,30000,30000,12707,39,8,270.6772993457411,1.8433920049574226,63849.14536497672,5869.327929487684
1781653425,400,GET,/feed/{user_id}?with_fof=true,63.900000,0.000000,6,95,120,130,210,270,30000,31000,31000,31000,31000,6390,18,8,366.35392998935936,1.8819700053427368,63846.68446198339,7368.708763693271
1781653425,400,POST,/likes,7.500000,0.000000,34,97,110,130,160,210,220,250,250,250,250,672,1,11,155.85125990483425,2.9557490197476,59470.613893994596,180.06696428571428
1781653425,400,POST,/posts,9.100000,0.000000,92,120,130,170,220,240,30000,30000,30000,30000,30000,913,0,18,135.48194439977797,4.143049009144306,29879.327161994297,228.12924424972618
1781653425,400,GET,/timeline/{user_id},86.000000,0.000000,15,93,110,120,180,230,270,30000,30000,30000,30000,7917,20,9,237.9332560909626,2.0226810011081398,64846.75157099264,4409.394972843249
1781653425,400,GET,/users/{user_id},30.700000,0.000000,6,92,110,130,200,230,30000,30000,30000,30000,30000,3119,5,6,259.99391970332397,1.6371140081901103,62858.867011003895,263.06989419685794
1781653425,400,,Aggregated,327.000000,0.000000,12,93,110,120,190,230,290,30000,31000,31000,31000,31718,83,9,274.4045570760524,1.6371140081901103,64846.75157099264,4972.7782647077365
1781653426,400,GET,/feed/{user_id},132.400000,0.000000,15,95,120,140,220,260,300,440,30000,30000,30000,12878,39,8,269.02600839000274,1.8433920049574226,63849.14536497672,5866.600170833981
1781653426,400,GET,/feed/{user_id}?with_fof=true,63.500000,0.000000,9,110,140,180,240,290,30000,31000,31000,31000,31000,6475,18,9,363.6920784185424,1.8819700053427368,63846.68446198339,7369.177297297298
1781653426,400,POST,/likes,7.800000,0.000000,61,110,130,150,210,240,250,280,280,280,280,679,1,11,156.02471863184692,2.9557490197476,59470.613893994596,180.0721649484536
1781653426,400,POST,/posts,8.900000,0.000000,96,130,170,190,230,270,30000,30000,30000,30000,30000,924,0,18,135.48498584415026,4.143049009144306,29879.327161994297,228.13419913419912
1781653426,400,GET,/timeline/{user_id},86.600000,0.100000,15,99,120,140,220,260,290,30000,30000,30000,30000,8020,20,9,236.46620325490855,2.0226810011081398,64846.75157099264,4418.919077306733
1781653426,400,GET,/users/{user_id},30.800000,0.000000,34,99,130,150,220,260,30000,30000,30000,30000,30000,3151,5,6,258.81815054672256,1.6371140081901103,62858.867011003895,263.0764836559822
1781653426,400,,Aggregated,330.000000,0.100000,18,100,120,150,230,270,340,30000,31000,31000,31000,32127,83,9,272.7471284948683,1.6371140081901103,64846.75157099264,4976.102655087621
1781653427,400,GET,/feed/{user_id},136.300000,0.100000,43,110,150,170,230,270,440,85000,90000,93000,93000,13079,54,8,367.8503123920627,1.8433920049574226,92737.90706400177,5864.277773530086
1781653427,400,GET,/feed/{user_id}?with_fof=true,65.200000,0.200000,69,130,170,200,250,620,31000,87000,91000,91000,91000,6586,31,9,532.7816505625473,1.8819700053427368,90741.09978598426,7350.583054965077
1781653427,400,POST,/likes,8.000000,0.000000,90,120,160,160,210,240,280,89000,89000,89000,89000,690,2,11,283.8003026579247,2.9557490197476,88858.20113800582,179.85072463768117
1781653427,400,POST,/posts,8.900000,0.000000,100,160,190,200,230,270,30000,30000,30000,30000,30000,940,0,19,135.1874421616927,4.143049009144306,29879.327161994297,228.14361702127658
1781653427,400,GET,/timeline/{user_id},88.300000,0.200000,51,110,140,170,220,270,30000,87000,90000,90000,90000,8135,32,9,364.08473622513515,2.0226810011081398,89825.77258301899,4412.856422864167
1781653427,400,GET,/users/{user_id},31.900000,0.000000,62,120,150,180,230,280,30000,30000,90000,90000,90000,3194,8,6,340.3345118117497,1.6371140081901103,89826.45485599642,262.8512836568566
1781653427,400,,Aggregated,338.600000,0.500000,56,120,150,180,230,280,30000,86000,90000,93000,93000,32624,127,9,389.03170520981166,1.6371140081901103,92737.90706400177,4971.386555909759
1781653428,400,GET,/feed/{user_id},139.300000,0.100000,79,140,170,200,240,280,30000,85000,92000,93000,93000,13266,64,9,433.309961468834,1.8433920049574226,92737.90706400177,5856.542288557214
1781653428,400,GET,/feed/{user_id}?with_fof=true,67.000000,0.200000,94,150,190,220,260,26000,84000,90000,93000,93000,93000,6679,36,10,629.7469603049898,1.8819700053427368,93489.55463099992,7343.524779158557
1781653428,400,POST,/likes,8.000000,0.000000,97,140,170,200,240,260,89000,93000,93000,93000,93000,699,3,11,540.1158481215937,2.9557490197476,93491.08556500869,179.6351931330472
1781653428,400,POST,/posts,9.000000,0.000000,130,190,200,230,240,280,30000,30000,81000,81000,81000,958,1,21,220.89729385385712,4.143049009144306,81469.34421101469,227.9446764091858
1781653428,400,GET,/timeline/{user_id},91.600000,0.200000,80,130,170,190,240,270,81000,88000,94000,95000,95000,8265,40,9,473.839912745841,2.0226810011081398,95481.97880698717,4404.927404718694
1781653428,400,GET,/users/{user_id},34.000000,0.000000,67,130,170,200,240,26000,82000,87000,90000,90000,90000,3244,14,7,491.93331107732484,1.6371140081901103,89826.45485599642,262.4155363748459
1781653428,400,,Aggregated,348.900000,0.500000,85,140,180,200,240,290,81000,87000,93000,95000,95000,33111,158,9,484.9037788665642,1.6371140081901103,95481.97880698717,4963.372565008607
1781653429,400,GET,/feed/{user_id},142.400000,0.100000,94,160,200,220,250,280,30000,85000,92000,93000,93000,13468,64,9,428.9288257730422,1.8433920049574226,92737.90706400177,5858.593852093853
1781653429,400,GET,/feed/{user_id}?with_fof=true,69.100000,0.200000,100,170,210,230,270,890,84000,90000,93000,93000,93000,6761,36,10,623.905654089778,1.8819700053427368,93489.55463099992,7339.942316225411
1781653429,400,POST,/likes,7.700000,0.000000,97,160,170,200,240,260,89000,93000,93000,93000,93000,705,3,11,536.2400911206377,2.9557490197476,93491.08556500869,179.6354609929078
1781653429,400,POST,/posts,9.200000,0.000000,160,200,230,230,250,290,30000,30000,81000,81000,81000,969,1,21,220.11930331263656,4.143049009144306,81469.34421101469,227.94736842105263
1781653429,400,GET,/timeline/{user_id},94.000000,0.200000,97,170,200,220,260,290,82000,88000,95000,95000,95000,8394,40,10,468.70876161216586,2.0226810011081398,95481.97880698717,4404.945556349774
1781653429,400,GET,/users/{user_id},33.800000,0.000000,100,170,210,230,270,30000,83000,87000,90000,90000,90000,3276,14,7,488.6457943128232,1.6371140081901103,89826.45485599642,262.4304029304029
1781653429,400,,Aggregated,356.200000,0.500000,100,170,210,230,260,300,81000,88000,93000,95000,95000,33573,158,10,480.19329190431785,1.6371140081901103,95481.97880698717,4965.634617103029
1781653431,400,GET,/feed/{user_id},151.400000,2.600000,110,180,210,230,260,280,30000,85000,92000,93000,93000,13663,64,9,424.2852950250456,1.8433920049574226,92737.90706400177,5858.882456268755
1781653431,400,GET,/feed/{user_id}?with_fof=true,77.300000,2.000000,140,200,230,240,280,27000,85000,90000,93000,93000,93000,6854,36,10,617.2939630482779,1.8819700053427368,93489.55463099992,7338.747446746425
1781653431,400,POST,/likes,8.500000,0.200000,110,170,210,220,240,280,89000,93000,93000,93000,93000,715,3,11,530.1044003524283,2.9557490197476,93491.08556500869,179.64475524475523
1781653431,400,POST,/posts,11.100000,0.100000,180,200,230,240,270,290,30000,30000,81000,81000,81000,983,1,22,219.1595759369551,4.143049009144306,81469.34421101469,227.95727365208546
1781653431,400,GET,/timeline/{user_id},101.300000,2.200000,110,180,210,230,260,290,82000,88000,95000,95000,95000,8502,40,10,464.4616104597101,2.0226810011081398,95481.97880698717,4405.52528816749
1781653431,400,GET,/users/{user_id},37.100000,0.900000,120,190,210,230,260,30000,83000,87000,90000,90000,90000,3324,14,7,483.2223151187957,1.6371140081901103,89826.45485599642,262.44945848375454
1781653431,400,,Aggregated,386.700000,8.000000,120,190,220,230,260,300,81000,88000,93000,95000,95000,34041,158,10,475.2353017138591,1.6371140081901103,95481.97880698717,4965.493728151347
1781653432,400,GET,/feed/{user_id},158.700000,2.600000,140,190,220,240,260,280,30000,85000,92000,93000,93000,13853,64,9,420.4206025905075,1.8433920049574226,92737.90706400177,5859.655814624991
1781653432,400,GET,/feed/{user_id}?with_fof=true,78.600000,2.000000,160,200,230,240,270,890,84000,90000,93000,93000,93000,6947,36,11,610.7805407257903,1.8819700053427368,93489.55463099992,7338.231610767238
1781653432,400,POST,/likes,8.400000,0.200000,130,180,210,220,250,280,89000,93000,93000,93000,93000,723,3,11,525.4422272945594,2.9557490197476,93491.08556500869,179.64868603042876
1781653432,400,POST,/posts,11.500000,0.100000,190,210,230,240,270,290,30000,30000,81000,81000,81000,999,1,22,218.03990055061016,4.143049009144306,81469.34421101469,227.95995995995995
1781653432,400,GET,/timeline/{user_id},105.500000,2.200000,150,200,220,230,260,290,81000,88000,94000,95000,95000,8625,40,10,459.5065125656198,2.0226810011081398,95481.97880698717,4405.848463768116
1781653432,400,GET,/users/{user_id},36.200000,0.900000,150,200,220,240,260,30000,82000,87000,90000,90000,90000,3366,14,7,478.7641223710175,1.6371140081901103,89826.45485599642,262.4590017825312
1781653432,400,,Aggregated,398.900000,8.000000,150,200,220,240,260,290,80000,87000,93000,95000,95000,34513,158,10,470.5374589827529,1.6371140081901103,95481.97880698717,4966.070900819981
1781653433,400,GET,/feed/{user_id},165.500000,2.600000,170,210,230,240,260,280,30000,85000,92000,93000,93000,14054,64,10,416.34968829771236,1.8433920049574226,92737.90706400177,5859.920947772876
1781653433,400,GET,/feed/{user_id}?with_fof=true,81.900000,2.000000,170,210,230,240,270,890,84000,90000,93000,93000,93000,7020,36,11,605.9095755517462,1.8819700053427368,93489.55463099992,7335.794017094017
1781653433,400,POST,/likes,8.500000,0.200000,150,190,220,220,250,280,89000,93000,93000,93000,93000,734,3,11,518.6960746444399,2.9557490197476,93491.08556500869,179.6566757493188
1781653433,400,POST,/posts,12.100000,0.100000,190,220,240,240,270,290,30000,30000,81000,81000,81000,1011,1,23,216.93241504157672,4.143049009144306,81469.34421101469,227.9673590504451
1781653433,400,GET,/timeline/{user_id},107.500000,2.200000,160,200,230,240,260,290,81000,88000,94000,95000,95000,8748,41,11,465.1645793397861,2.0226810011081398,95481.97880698717,4407.454503886603
1781653433,400,GET,/users/{user_id},36.800000,0.900000,160,200,230,230,260,26000,82000,87000,90000,90000,90000,3410,14,7,474.0640704289862,1.6371140081901103,89826.45485599642,262.475073313783
1781653433,400,,Aggregated,412.300000,8.000000,170,210,230,240,260,290,80000,87000,93000,95000,95000,34977,159,11,468.614333714518,1.6371140081901103,95481.97880698717,4965.159905080482
1781653434,400,GET,/feed/{user_id},172.900000,2.600000,170,210,230,240,260,280,320,85000,92000,93000,93000,14227,65,10,419.4169572774113,1.8433920049574226,92737.90706400177,5858.976031489421
1781653434,400,GET,/feed/{user_id}?with_fof=true,84.100000,2.000000,170,210,230,240,270,300,84000,87000,93000,93000,93000,7120,36,11,599.2384627132624,1.8819700053427368,93489.55463099992,7337.164747191011
1781653434,400,POST,/likes,8.700000,0.200000,110,200,220,230,260,300,89000,93000,93000,93000,93000,742,3,11,514.278287504057,2.9557490197476,93491.08556500869,179.66037735849056
1781653434,400,POST,/posts,12.400000,0.100000,190,220,240,240,270,280,310,310,81000,81000,81000,1025,1,23,215.87470724201967,4.143049009144306,81469.34421101469,227.97365853658536
1781653434,400,GET,/timeline/{user_id},110.200000,2.200000,170,200,230,240,260,280,82000,88000,94000,95000,95000,8851,42,11,471.84912444994995,2.0226810011081398,95481.97880698717,4408.402666365382
1781653434,400,GET,/users/{user_id},38.000000,0.900000,160,210,230,240,260,290,82000,87000,90000,90000,90000,3459,14,7,469.258219227808,1.6371140081901103,89826.45485599642,262.4908933217693
1781653434,400,,Aggregated,426.300000,8.000000,170,210,230,240,260,290,80000,87000,93000,95000,95000,35424,161,11,469.6248235877027,1.6371140081901103,95481.97880698717,4965.277043812105
1781653435,400,GET,/feed/{user_id},178.700000,2.600000,170,210,230,240,260,280,320,85000,92000,93000,93000,14426,65,10,415.40810518961933,1.8433920049574226,92737.90706400177,5859.7835851934005
1781653435,400,GET,/feed/{user_id}?with_fof=true,86.100000,2.000000,170,210,230,240,260,300,84000,87000,93000,93000,93000,7222,36,11,592.4433725713525,1.8819700053427368,93489.55463099992,7350.50913874273
1781653435,400,POST,/likes,9.100000,0.200000,41,190,220,240,260,300,89000,93000,93000,93000,93000,747,3,11,511.2325836586192,2.9557490197476,93491.08556500869,179.665327978581
1781653435,400,POST,/posts,13.200000,0.100000,190,220,240,240,270,280,310,310,81000,81000,81000,1039,1,23,214.23568468629648,4.143049009144306,81469.34421101469,227.9730510105871
1781653435,400,GET,/timeline/{user_id},112.700000,2.300000,170,200,230,240,260,280,82000,88000,94000,95000,95000,8971,42,11,467.1330748638479,2.0226810011081398,95481.97880698717,4406.34176791885
1781653435,400,GET,/users/{user_id},39.800000,0.900000,160,200,220,230,260,290,82000,87000,90000,90000,90000,3515,14,7,463.7312278153665,1.6371140081901103,89826.45485599642,262.51436699857754
1781653435,400,,Aggregated,439.600000,8.100000,170,210,230,240,260,290,80000,87000,93000,95000,95000,35920,161,11,464.82324774310825,1.6371140081901103,95481.97880698717,4967.753869710467
1781653436,400,GET,/feed/{user_id},182.600000,2.700000,170,200,230,240,260,270,310,85000,92000,93000,93000,14618,65,11,411.49099763993155,1.8433920049574226,92737.90706400177,5862.764468463538
1781653436,400,GET,/feed/{user_id}?with_fof=true,89.800000,2.000000,170,200,230,240,260,290,84000,87000,93000,93000,93000,7319,36,11,586.0972759725652,1.8819700053427368,93489.55463099992,7346.061893701325
1781653436,400,POST,/likes,8.800000,0.200000,37,180,210,220,260,300,89000,93000,93000,93000,93000,754,3,11,507.59030692580416,2.9557490197476,93491.08556500869,179.66976127320956
1781653436,400,POST,/posts,13.800000,0.100000,190,210,230,240,260,280,310,310,81000,81000,81000,1054,1,24,213.38224259397458,4.143049009144306,81469.34421101469,227.97912713472485
1781653436,400,GET,/timeline/{user_id},115.200000,2.300000,170,200,220,230,260,280,82000,88000,94000,95000,95000,9095,42,12,462.42405778842425,2.0226810011081398,95481.97880698717,4403.450577240242
1781653436,400,GET,/users/{user_id},42.100000,0.900000,170,200,220,230,250,270,81000,87000,90000,90000,90000,3559,14,8,459.6607742518026,1.6371140081901103,89826.45485599642,262.5265524023602
1781653436,400,,Aggregated,452.300000,8.200000,170,200,220,240,260,280,78000,87000,93000,95000,95000,36399,161,11,460.2909102614842,1.6371140081901103,95481.97880698717,4967.916536168576
1781653437,400,GET,/feed/{user_id},187.100000,2.600000,180,210,230,240,260,270,290,360,91000,92000,92000,14822,65,11,407.5288615324844,1.8433920049574226,92737.90706400177,5863.175279989206
1781653437,400,GET,/feed/{user_id}?with_fof=true,91.600000,1.800000,170,200,220,230,250,270,470,890,93000,93000,93000,7421,36,12,579.6010505897196,1.8819700053427368,93489.55463099992,7347.9714324215065
1781653437,400,POST,/likes,8.100000,0.200000,10,190,210,230,260,270,87000,93000,93000,93000,93000,755,3,11,506.92398081728663,2.9557490197476,93491.08556500869,179.67152317880794
1781653437,400,POST,/posts,13.800000,0.100000,190,220,240,250,270,280,310,310,81000,81000,81000,1067,1,24,212.7394524321142,4.143049009144306,81469.34421101469,227.98687910028116
1781653437,400,GET,/timeline/{user_id},117.000000,2.200000,180,200,220,230,260,270,300,79000,94000,95000,95000,9200,42,12,458.67127037331574,2.0226810011081398,95481.97880698717,4403.582608695652
1781653437,400,GET,/users/{user_id},43.300000,0.900000,170,200,220,230,250,270,300,82000,87000,87000,87000,3604,14,8,455.53439792458045,1.6371140081901103,89826.45485599642,262.5402330743618
1781653437,400,,Aggregated,460.900000,7.800000,170,210,230,240,260,270,300,820,92000,95000,95000,36869,161,12,456.0160145617635,1.6371140081901103,95481.97880698717,4970.879302394966
1781653438,400,GET,/feed/{user_id},190.300000,2.600000,180,210,230,240,260,270,280,300,530,91000,91000,15033,65,11,403.5303842127085,1.8433920049574226,92737.90706400177,5865.056076631411
1781653438,400,GET,/feed/{user_id}?with_fof=true,92.100000,1.800000,160,200,220,230,250,270,290,520,1100,1100,1100,7516,36,12,573.7052950507358,1.8819700053427368,93489.55463099992,7347.522884513039
1781653438,400,POST,/likes,8.200000,0.200000,11,180,210,220,240,270,300,300,300,300,300,764,3,11,503.1232035929366,2.9557490197476,93491.08556500869,179.6806282722513
1781653438,400,POST,/posts,14.100000,0.100000,180,220,240,240,260,280,300,310,310,310,310,1083,1,24,211.27924813122755,4.143049009144306,81469.34421101469,227.99261311172668
1781653438,400,GET,/timeline/{user_id},117.000000,2.200000,170,200,220,230,250,270,290,300,91000,91000,91000,9311,42,12,454.51177426520513,2.0226810011081398,95481.97880698717,4405.654065084309
1781653438,400,GET,/users/{user_id},43.700000,0.900000,180,210,220,230,250,260,290,290,450,450,450,3644,14,9,452.0921608880611,1.6371140081901103,89826.45485599642,262.5540614709111
1781653438,400,,Aggregated,465.400000,7.800000,170,200,220,230,250,270,290,300,910,91000,91000,37351,161,12,451.6833761131315,1.6371140081901103,95481.97880698717,4973.236432759498
1781653439,400,GET,/feed/{user_id},194.200000,2.600000,170,200,220,230,250,260,280,290,470,91000,91000,15244,65,12,399.6284558140709,1.8433920049574226,92737.90706400177,5872.401731828916
1781653439,400,GET,/feed/{user_id}?with_fof=true,93.600000,1.800000,160,200,210,220,250,260,290,470,1100,1100,1100,7613,36,12,567.8221015058805,1.8819700053427368,93489.55463099992,7353.104689347169
1781653439,400,POST,/likes,7.600000,0.200000,37,200,210,220,240,270,300,300,300,300,300,775,3,11,497.40242875875873,2.9557490197476,93491.08556500869,179.68387096774194
1781653439,400,POST,/posts,14.200000,0.100000,180,210,220,240,260,280,300,310,380,380,380,1096,1,27,210.5678938404688,4.143049009144306,81469.34421101469,227.99817518248176
1781653439,400,GET,/timeline/{user_id},117.600000,2.200000,170,200,220,220,250,260,280,300,91000,91000,91000,9425,42,12,450.3900790119025,2.0226810011081398,95481.97880698717,4405.1536339522545
1781653439,400,GET,/users/{user_id},45.300000,0.900000,170,200,220,230,240,260,270,290,300,300,300,3679,14,9,449.00264916417035,1.6371140081901103,89826.45485599642,262.56754552867625
1781653439,400,,Aggregated,472.500000,7.800000,170,200,220,230,250,260,280,300,910,91000,91000,37832,161,12,447.44772610735333,1.6371140081901103,95481.97880698717,4979.165204060055
1781653440,400,GET,/feed/{user_id},194.300000,1.100000,180,200,220,230,250,260,280,300,470,91000,91000,15457,65,12,395.71540514891586,1.8433920049574226,92737.90706400177,5872.464967328719
1781653440,400,GET,/feed/{user_id}?with_fof=true,92.300000,0.300000,160,200,210,220,250,260,290,520,1100,1100,1100,7701,36,12,562.7036856240998,1.8819700053427368,93489.55463099992,7350.583430723283
1781653440,400,POST,/likes,7.400000,0.100000,10,190,210,220,240,270,300,300,300,300,300,784,3,11,492.5727291621134,2.9557490197476,93491.08556500869,179.69132653061226
1781653440,400,POST,/posts,14.300000,0.100000,180,210,220,230,260,280,310,380,380,380,380,1111,1,29,210.02989583362157,4.143049009144306,81469.34421101469,228.002700270027
1781653440,400,GET,/timeline/{user_id},116.500000,0.800000,170,200,220,220,250,260,280,300,91000,91000,91000,9530,42,13,446.8878862792513,2.0226810011081398,95481.97880698717,4409.777544596012
1781653440,400,GET,/users/{user_id},44.900000,0.600000,170,200,210,220,240,260,270,290,300,300,300,3735,14,9,443.98930500535147,1.6371140081901103,89826.45485599642,262.5868808567604
1781653440,400,,Aggregated,469.700000,3.000000,170,200,210,220,250,260,280,310,910,91000,91000,38318,161,12,443.3064341758066,1.6371140081901103,95481.97880698717,4978.80017224281
1781653441,400,GET,/feed/{user_id},196.500000,0.100000,170,200,220,220,250,260,280,300,470,91000,91000,15650,65,12,392.2693292595331,1.8433920049574226,92737.90706400177,5873.025686900958
1781653441,400,GET,/feed/{user_id}?with_fof=true,92.900000,0.000000,160,200,210,220,240,260,290,520,1100,1100,1100,7796,36,12,557.3980036311158,1.8819700053427368,93489.55463099992,7346.091072344792
1781653441,400,POST,/likes,7.600000,0.000000,150,190,210,220,240,270,300,510,510,510,510,795,3,11,488.1611794076637,2.9557490197476,93491.08556500869,179.70440251572327
1781653441,400,POST,/posts,13.600000,0.000000,180,210,220,230,260,280,310,380,380,380,380,1121,1,30,209.5201167262778,4.143049009144306,81469.34421101469,228.00892060660124
1781653441,400,GET,/timeline/{user_id},115.700000,0.200000,170,200,220,220,250,260,280,300,91000,91000,91000,9652,42,13,442.8994381523138,2.0226810011081398,95481.97880698717,4410.0447575632
1781653441,400,GET,/users/{user_id},43.300000,0.000000,170,200,210,220,240,260,270,290,300,300,300,3791,14,9,439.23184870900656,1.6371140081901103,89826.45485599642,262.6061725138486
1781653441,400,,Aggregated,469.600000,0.300000,170,200,210,220,250,260,280,310,910,91000,91000,38805,161,12,439.3104842984462,1.6371140081901103,95481.97880698717,4977.264089679165
1781653442,400,GET,/feed/{user_id},198.100000,0.100000,170,200,210,220,240,260,280,300,470,91000,91000,15842,65,12,388.88392859245283,1.8433920049574226,92737.90706400177,5867.434856710011
1781653442,400,GET,/feed/{user_id}?with_fof=true,92.900000,0.000000,160,190,210,220,240,260,290,500,1100,1100,1100,7878,36,13,552.9708635589019,1.8819700053427368,93489.55463099992,7351.304899720742
1781653442,400,POST,/likes,7.800000,0.000000,170,200,210,220,240,270,300,510,510,510,510,810,3,12,481.33839809768375,2.9557490197476,93491.08556500869,179.71358024691358
1781653442,400,POST,/posts,14.100000,0.000000,180,210,220,230,250,280,310,380,380,380,380,1131,1,30,208.82745950231015,4.143049009144306,81469.34421101469,228.00972590627762
1781653442,400,GET,/timeline/{user_id},112.800000,0.200000,170,200,210,220,250,260,280,300,390,91000,91000,9783,42,13,438.50217665347003,2.0226810011081398,95481.97880698717,4409.584176632935
1781653442,400,GET,/users/{user_id},45.600000,0.000000,170,190,210,220,240,250,270,290,300,300,300,3836,14,10,435.3732312528193,1.6371140081901103,89826.45485599642,262.6206986444213
1781653442,400,,Aggregated,471.300000,0.300000,170,200,210,220,240,260,280,300,710,91000,91000,39280,161,13,435.4131906395544,1.6371140081901103,95481.97880698717,4974.931390020367
1781653443,400,GET,/feed/{user_id},197.600000,0.100000,170,200,210,220,240,250,270,290,470,490,490,16049,65,12,385.6046472892011,1.8433920049574226,92737.90706400177,5870.432861860552
1781653443,400,GET,/feed/{user_id}?with_fof=true,93.800000,0.000000,160,190,200,210,230,250,270,500,1100,1100,1100,7960,36,13,548.5312941420968,1.8819700053427368,93489.55463099992,7352.194849246232
1781653443,400,POST,/likes,7.800000,0.000000,170,200,210,220,230,240,300,510,510,510,510,824,3,12,474.9468800073726,2.9557490197476,93491.08556500869,179.7233009708738
1781653443,400,POST,/posts,13.800000,0.000000,180,210,220,220,240,270,290,380,380,380,380,1140,1,30,208.28723958080732,4.143049009144306,81469.34421101469,228.00877192982455
1781653443,400,GET,/timeline/{user_id},114.000000,0.200000,170,190,210,220,240,250,270,280,390,390,390,9903,42,13,434.55513563181586,2.0226810011081398,95481.97880698717,4405.5209532464905
1781653443,400,GET,/users/{user_id},46.500000,0.000000,170,190,210,220,240,250,260,270,290,290,290,3874,14,10,432.3432860861524,1.6371140081901103,89826.45485599642,262.6404233350542
1781653443,400,,Aggregated,473.500000,0.300000,170,190,210,220,240,250,270,290,690,1100,1100,39750,161,13,431.7479035578202,1.6371140081901103,95481.97880698717,4975.884603773585
1781653444,400,GET,/feed/{user_id},197.900000,0.100000,170,200,210,220,240,250,270,290,460,490,490,16233,65,13,382.9420064359833,1.8433920049574226,92737.90706400177,5866.697714532126
1781653444,400,GET,/feed/{user_id}?with_fof=true,92.300000,0.000000,160,190,210,210,230,260,270,400,850,850,850,8066,36,13,542.8724960524191,1.8819700053427368,93489.55463099992,7357.29990081825
1781653444,400,POST,/likes,8.700000,0.000000,160,200,210,220,230,260,300,510,510,510,510,838,3,11,468.2078673115316,2.9557490197476,93491.08556500869,179.73031026252983
1781653444,400,POST,/posts,13.200000,0.000000,190,210,220,220,240,270,290,380,380,380,380,1155,1,32,207.36177704683544,4.143049009144306,81469.34421101469,228.0121212121212
1781653444,400,GET,/timeline/{user_id},115.100000,0.200000,170,200,210,220,240,250,270,280,390,390,390,10015,42,14,431.13672659739376,2.0226810011081398,95481.97880698717,4401.634947578632
1781653444,400,GET,/users/{user_id},46.900000,0.000000,170,190,210,220,240,250,260,270,290,290,290,3921,14,10,428.14203398768336,1.6371140081901103,89826.45485599642,262.6536597806682
1781653444,400,,Aggregated,474.100000,0.300000,170,200,210,220,240,250,270,290,610,850,850,40228,161,13,428.14824055555647,1.6371140081901103,95481.97880698717,4974.254051904147
1781653445,400,GET,/feed/{user_id},198.700000,0.100000,170,200,210,220,240,250,270,280,460,490,490,16427,65,13,379.9098045168939,1.8433920049574226,92737.90706400177,5864.936506970232
1781653445,400,GET,/feed/{user_id}?with_fof=true,93.800000,0.000000,170,200,210,220,240,260,270,340,850,850,850,8163,36,13,538.1848089946029,1.8819700053427368,93489.55463099992,7356.283596716893
1781653445,400,POST,/likes,9.000000,0.000000,160,200,210,220,240,260,300,510,510,510,510,853,3,11,462.1031316740909,2.9557490197476,93491.08556500869,179.73739742086752
1781653445,400,POST,/posts,12.800000,0.000000,190,210,220,220,240,280,290,380,380,380,380,1171,1,32,206.0786130043072,4.143049009144306,81469.34421101469,228.01024765157985
1781653445,400,GET,/timeline/{user_id},114.800000,0.100000,170,200,210,220,240,250,270,280,390,390,390,10135,42,13,427.2848456361031,2.0226810011081398,95481.97880698717,4404.06827824371
1781653445,400,GET,/users/{user_id},46.300000,0.000000,170,190,210,220,240,250,260,280,420,420,420,3959,14,10,425.44174417169535,1.6371140081901103,89826.45485599642,262.66936094973477
1781653445,400,,Aggregated,475.400000,0.200000,170,200,210,220,240,250,270,290,690,850,850,40708,161,13,424.5929241786798,1.6371140081901103,95481.97880698717,4974.160140512921
1781653446,400,GET,/feed/{user_id},199.800000,0.000000,170,200,210,220,240,250,270,290,490,500,500,16606,65,14,377.1710382217799,1.8433920049574226,92737.90706400177,5867.958629411056
1781653446,400,GET,/feed/{user_id}?with_fof=true,93.900000,0.000000,170,200,210,220,240,260,280,500,850,850,850,8259,36,14,533.3699963814045,1.8819700053427368,93489.55463099992,7354.103765589054
1781653446,400,POST,/likes,9.500000,0.000000,170,200,210,220,240,260,290,300,510,510,510,864,3,12,457.9666437754592,2.9557490197476,93491.08556500869,179.74189814814815
1781653446,400,POST,/posts,12.900000,0.000000,190,210,220,220,240,260,290,380,380,380,380,1185,1,33,205.34666131566405,4.143049009144306,81469.34421101469,228.01603375527426
1781653446,400,GET,/timeline/{user_id},115.400000,0.000000,170,200,210,220,240,250,270,280,390,390,390,10259,42,14,423.50043777765956,2.0226810011081398,95481.97880698717,4399.548201579101
1781653446,400,GET,/users/{user_id},46.000000,0.000000,170,200,210,220,240,250,260,270,420,420,420,4005,14,10,422.2093664598404,1.6371140081901103,89826.45485599642,262.6856429463171
1781653446,400,,Aggregated,477.500000,0.000000,170,200,210,220,240,250,270,290,690,850,850,41178,161,14,421.17304236579434,1.6371140081901103,95481.97880698717,4973.368813444072
1781653447,400,GET,/feed/{user_id},198.800000,0.000000,180,200,220,220,240,250,270,280,490,500,500,16800,65,14,374.2649345722503,1.8433920049574226,92737.90706400177,5864.410476190476
1781653447,400,GET,/feed/{user_id}?with_fof=true,93.100000,0.000000,170,200,210,220,240,260,280,500,850,850,850,8358,36,14,528.3811560193722,1.8819700053427368,93489.55463099992,7350.563173007897
1781653447,400,POST,/likes,10.500000,0.000000,180,200,220,220,240,260,270,290,510,510,510,876,3,12,453.7595354520809,2.9557490197476,93491.08556500869,179.74771689497717
1781653447,400,POST,/posts,12.900000,0.000000,190,210,220,230,250,270,280,380,380,380,380,1197,1,37,205.3164916433769,4.143049009144306,81469.34421101469,228.02088554720135
1781653447,400,GET,/timeline/{user_id},116.000000,0.000000,170,200,210,220,240,250,270,280,390,390,390,10363,42,14,420.46903852010576,2.0226810011081398,95481.97880698717,4396.692174080865
1781653447,400,GET,/users/{user_id},44.000000,0.000000,180,200,210,220,240,250,260,270,420,420,420,4051,14,11,419.1813084321783,1.6371140081901103,89826.45485599642,262.7008146136756
1781653447,400,,Aggregated,475.300000,0.000000,170,200,210,220,240,250,270,280,690,850,850,41645,161,14,417.878302869961,1.6371140081901103,95481.97880698717,4970.959899147557
1781653448,400,GET,/feed/{user_id},198.000000,0.000000,180,210,220,230,250,280,350,400,500,520,520,16949,65,14,372.59349450592606,1.8433920049574226,92737.90706400177,5859.834090506814
1781653448,400,GET,/feed/{user_id}?with_fof=true,94.100000,0.000000,180,210,220,230,260,290,390,540,1100,1100,1100,8437,36,14,525.3867751400809,1.8819700053427368,93489.55463099992,7351.234324997037
1781653448,400,POST,/likes,10.900000,0.000000,180,200,220,230,250,270,310,400,510,510,510,884,3,12,451.38399018212704,2.9557490197476,93491.08556500869,179.75678733031674
1781653448,400,POST,/posts,13.000000,0.000000,190,210,220,240,260,280,330,360,380,380,380,1217,1,36,204.08742301565525,4.143049009144306,81469.34421101469,228.02300739523417
1781653448,400,GET,/timeline/{user_id},115.900000,0.000000,170,200,220,230,250,270,370,390,440,640,640,10462,42,14,418.0578675105051,2.0226810011081398,95481.97880698717,4395.496367807303
1781653448,400,GET,/users/{user_id},44.100000,0.000000,180,200,220,230,250,270,310,380,720,720,720,4090,14,11,416.83665566010603,1.6371140081901103,89826.45485599642,262.7127139364303
1781653448,400,,Aggregated,476.000000,0.000000,180,210,220,230,250,280,360,410,720,1100,1100,42039,161,14,415.6558560601734,1.6371140081901103,95481.97880698717,4967.703299317301
1781653449,400,GET,/feed/{user_id},196.000000,0.000000,180,210,230,230,260,290,360,390,500,520,520,17157,65,15,369.6642685318315,1.8433920049574226,92737.90706400177,5858.765227021041
1781653449,400,GET,/feed/{user_id}?with_fof=true,93.700000,0.000000,180,210,220,240,260,290,390,540,1200,1200,1200,8535,36,14,520.8592217808806,1.8819700053427368,93489.55463099992,7344.5176332747515
1781653449,400,POST,/likes,12.000000,0.000000,180,200,220,230,250,270,310,400,510,510,510,894,3,12,447.36187747319985,2.9557490197476,93491.08556500869,179.7628635346756
1781653449,400,POST,/posts,12.900000,0.000000,200,220,240,250,270,280,330,360,380,380,380,1235,1,39,203.58940479750953,4.143049009144306,81469.34421101469,228.02753036437247
1781653449,400,GET,/timeline/{user_id},116.000000,0.000000,170,200,220,230,250,280,360,400,640,680,680,10569,42,14,415.1712009604308,2.0226810011081398,95481.97880698717,4396.838963005015
1781653449,400,GET,/users/{user_id},44.500000,0.000000,180,210,230,230,260,270,350,410,720,720,720,4130,14,11,414.0569289423498,1.6371140081901103,89826.45485599642,262.72421307506056
1781653449,400,,Aggregated,475.100000,0.000000,180,210,220,230,260,280,360,410,740,1200,1200,42520,161,15,412.4467847123502,1.6371140081901103,95481.97880698717,4967.117991533396
1781653450,400,GET,/feed/{user_id},190.900000,0.000000,180,210,230,240,260,290,360,390,500,520,520,17338,65,15,367.19545615224,1.8433920049574226,92737.90706400177,5860.376398661899
1781653450,400,GET,/feed/{user_id}?with_fof=true,91.900000,0.000000,180,210,230,240,260,300,390,540,1200,1200,1200,8632,36,14,516.5415653779933,1.8819700053427368,93489.55463099992,7347.628243744208
1781653450,400,POST,/likes,12.000000,0.000000,29,200,220,230,250,270,290,310,400,400,400,906,3,12,442.35097594157907,2.9557490197476,93491.08556500869,179.76710816777043
1781653450,400,POST,/posts,13.200000,0.000000,200,220,240,250,270,280,330,360,380,380,380,1247,1,39,202.9650586599065,4.143049009144306,81469.34421101469,228.03287890938253
1781653450,400,GET,/timeline/{user_id},115.000000,0.000000,170,200,220,230,260,280,360,400,640,680,680,10670,42,15,412.63859353446486,2.0226810011081398,95481.97880698717,4394.488191190253
1781653450,400,GET,/users/{user_id},44.400000,0.000000,180,210,230,230,260,280,350,410,720,720,720,4179,14,11,410.4893239380335,1.6371140081901103,89826.45485599642,262.7372577171572
1781653450,400,,Aggregated,467.400000,0.000000,180,210,220,240,260,290,360,410,740,1200,1200,42972,161,15,409.5079982596135,1.6371140081901103,95481.97880698717,4967.567881411152
1781653451,400,GET,/feed/{user_id},190.800000,0.000000,190,220,240,250,280,330,370,400,520,620,620,17519,65,15,365.123432699327,1.8433920049574226,92737.90706400177,5860.13573834123
1781653451,400,GET,/feed/{user_id}?with_fof=true,91.700000,0.000000,180,210,240,250,290,330,420,740,1200,1200,1200,8715,36,15,513.5076487737077,1.8819700053427368,93489.55463099992,7347.596901893287
1781653451,400,POST,/likes,11.900000,0.000000,29,210,220,240,270,290,340,370,400,400,400,915,3,12,439.7609887322757,2.9557490197476,93491.08556500869,179.77486338797814
1781653451,400,POST,/posts,14.000000,0.000000,200,220,250,260,280,330,370,370,380,380,380,1264,1,37,202.1549274872823,4.143049009144306,81469.34421101469,228.04034810126583
1781653451,400,GET,/timeline/{user_id},113.500000,0.000000,180,210,230,240,280,330,380,420,680,680,680,10768,42,15,410.42319097990446,2.0226810011081398,95481.97880698717,4394.111812778603
1781653451,400,GET,/users/{user_id},44.900000,0.000000,190,220,240,250,280,310,380,410,720,720,720,4213,14,11,409.0558052952931,1.6371140081901103,89826.45485599642,262.74341324471874
1781653451,400,,Aggregated,466.800000,0.000000,180,220,240,250,280,330,380,410,900,1200,1200,43394,161,15,407.25701105537615,1.6371140081901103,95481.97880698717,4967.818039360281
1781653452,400,GET,/feed/{user_id},188.100000,0.000000,190,220,240,250,290,330,370,400,550,620,620,17714,65,16,362.56096756568695,1.8433920049574226,92737.90706400177,5860.14739753867
1781653452,400,GET,/feed/{user_id}?with_fof=true,93.000000,0.000000,170,220,240,250,290,330,410,710,1200,1200,1200,8816,36,15,509.01505806567246,1.8819700053427368,93489.55463099992,7349.052971869329
1781653452,400,POST,/likes,11.700000,0.000000,170,210,230,240,280,310,370,400,400,400,400,920,3,12,438.360218460888,2.9557490197476,93491.08556500869,179.77717391304347
1781653452,400,POST,/posts,13.700000,0.000000,200,230,250,270,290,320,370,370,380,380,380,1284,1,43,201.8289629072952,4.143049009144306,81469.34421101469,228.05140186915887
1781653452,400,GET,/timeline/{user_id},114.300000,0.000000,170,210,240,250,290,340,380,420,680,680,680,10885,42,15,407.3805833495172,2.0226810011081398,95481.97880698717,4400.3698667891595
1781653452,400,GET,/users/{user_id},44.100000,0.000000,180,220,240,250,290,330,380,410,720,720,720,4251,14,12,406.4478161030357,1.6371140081901103,89826.45485599642,262.757939308398
1781653452,400,,Aggregated,464.900000,0.000000,180,220,240,250,290,330,380,410,900,1200,1200,43870,161,16,404.25048636279894,1.6371140081901103,95481.97880698717,4970.802940506041
1781653453,400,GET,/feed/{user_id},186.400000,0.000000,180,220,240,250,290,330,370,390,550,620,620,17903,65,16,360.0283767752134,1.8433920049574226,92737.90706400177,5862.351170194939
1781653453,400,GET,/feed/{user_id}?with_fof=true,91.000000,0.000000,180,220,240,250,290,330,410,710,1200,1200,1200,8901,36,16,505.423327197735,1.8819700053427368,93489.55463099992,7351.627569935962
1781653453,400,POST,/likes,12.100000,0.000000,190,220,240,250,280,310,370,400,400,400,400,936,3,13,433.61498990712306,2.9557490197476,93491.08556500869,179.7948717948718
1781653453,400,POST,/posts,14.200000,0.000000,200,230,250,270,290,320,370,370,380,380,380,1296,1,45,201.31186838571685,4.143049009144306,81469.34421101469,228.05015432098764
1781653453,400,GET,/timeline/{user_id},111.800000,0.000000,170,210,240,250,290,340,380,420,640,680,680,11017,42,15,404.130431302301,2.0226810011081398,95481.97880698717,4395.781065625851
1781653453,400,GET,/users/{user_id},41.900000,0.000000,190,220,240,250,290,330,380,410,720,720,720,4292,14,12,403.6246947050435,1.6371140081901103,89826.45485599642,262.76724137931035
1781653453,400,,Aggregated,457.400000,0.000000,180,220,240,250,290,330,380,410,900,1200,1200,44345,161,16,401.3031238720512,1.6371140081901103,95481.97880698717,4970.356703123238
1781653454,400,GET,/feed/{user_id},186.100000,0.000000,170,220,240,250,290,330,370,400,550,620,620,18104,65,16,357.37717030466604,1.8433920049574226,92737.90706400177,5861.726579761379
1781653454,400,GET,/feed/{user_id}?with_fof=true,93.200000,0.000000,170,210,240,250,290,340,410,710,1200,1200,1200,9011,36,16,500.7009211484946,1.8819700053427368,93489.55463099992,7345.566862723338
1781653454,400,POST,/likes,11.000000,0.000000,180,220,240,260,280,310,370,400,400,400,400,947,3,13,430.10511698947244,2.9557490197476,93491.08556500869,179.79725448785638
1781653454,400,POST,/posts,15.300000,0.000000,190,230,250,260,290,320,370,370,380,380,380,1310,1,45,200.28135650828997,4.143049009144306,81469.34421101469,228.05267175572519
1781653454,400,GET,/timeline/{user_id},109.500000,0.000000,170,210,240,250,290,340,380,420,680,680,680,11120,42,16,401.37026215712547,2.0226810011081398,95481.97880698717,4399.031564748201
1781653454,400,GET,/users/{user_id},41.500000,0.000000,180,220,240,250,280,310,380,400,720,720,720,4335,14,12,400.8638104812066,1.6371140081901103,89826.45485599642,262.7836216839677
1781653454,400,,Aggregated,456.600000,0.000000,170,210,240,250,290,330,380,420,900,1200,1200,44827,161,16,398.25177567320856,1.6371140081901103,95481.97880698717,4971.044593660071
1781653455,400,GET,/feed/{user_id},184.500000,0.000000,170,220,240,250,290,330,370,400,550,620,620,18295,65,17,354.9229000716463,1.8433920049574226,92737.90706400177,5861.745941514075
1781653455,400,GET,/feed/{user_id}?with_fof=true,93.300000,0.000000,160,210,240,260,290,330,410,670,1200,1200,1200,9096,36,16,497.21332296473105,1.8819700053427368,93489.55463099992,7348.064423922603
1781653455,400,POST,/likes,11.100000,0.000000,180,220,240,260,280,310,370,400,400,400,400,956,3,14,427.9734356694835,2.9557490197476,93491.08556500869,179.80439330543933
1781653455,400,POST,/posts,15.600000,0.000000,180,230,260,270,300,330,370,370,380,380,380,1322,1,43,199.25021291060554,4.143049009144306,81469.34421101469,228.053706505295
1781653455,400,GET,/timeline/{user_id},110.800000,0.000000,170,220,240,250,290,340,380,430,680,680,680,11229,42,16,398.76766789271676,2.0226810011081398,95481.97880698717,4398.946477869801
1781653455,400,GET,/users/{user_id},41.400000,0.000000,180,220,240,250,290,310,380,410,720,720,720,4388,14,13,397.79035909681824,1.6371140081901103,89826.45485599642,262.7939835916135
1781653455,400,,Aggregated,456.700000,0.000000,170,220,240,250,290,330,380,420,900,1200,1200,45286,161,17,395.5258681921549,1.6371140081901103,95481.97880698717,4970.65154793976
1781653456,400,GET,/feed/{user_id},186.400000,0.000000,170,210,240,250,290,330,370,400,550,620,620,18487,65,17,352.5205355485173,1.8433920049574226,92737.90706400177,5856.760480337534
1781653456,400,GET,/feed/{user_id}?with_fof=true,93.900000,0.000000,170,210,240,260,290,340,420,670,1200,1200,1200,9191,36,17,493.36317515743315,1.8819700053427368,93489.55463099992,7351.23185725166
1781653456,400,POST,/likes,10.600000,0.000000,180,210,250,260,290,310,370,400,400,400,400,968,3,14,424.08123086361155,2.9557490197476,93491.08556500869,179.8181818181818
1781653456,400,POST,/posts,15.400000,0.000000,160,220,250,260,290,320,370,370,380,380,380,1337,1,43,198.29817258100886,4.143049009144306,81469.34421101469,228.05833956619296
1781653456,400,GET,/timeline/{user_id},110.600000,0.000000,170,210,240,250,290,340,380,430,680,680,680,11352,42,16,395.75271763763016,2.0226810011081398,95481.97880698717,4401.325229034532
1781653456,400,GET,/users/{user_id},41.200000,0.000000,170,220,240,250,290,310,380,410,720,720,720,4443,14,14,394.5658421473641,1.6371140081901103,89826.45485599642,262.8152149448571
1781653456,400,,Aggregated,458.100000,0.000000,170,210,240,250,290,330,380,420,900,1200,1200,45778,161,17,392.608332803033,1.6371140081901103,95481.97880698717,4968.535388177727
1781653457,400,GET,/feed/{user_id},186.600000,0.000000,170,200,230,240,270,310,350,360,550,620,620,18684,65,17,350.0607882089059,1.8433920049574226,92737.90706400177,5859.567116249197
1781653457,400,GET,/feed/{user_id}?with_fof=true,93.300000,0.000000,170,200,220,240,280,310,360,530,1200,1200,1200,9287,36,18,489.4416716494194,1.8819700053427368,93489.55463099992,7349.130181974803
1781653457,400,POST,/likes,10.300000,0.000000,180,200,230,260,280,300,340,370,370,370,370,977,3,14,421.2272817748213,2.9557490197476,93491.08556500869,179.82497441146367
1781653457,400,POST,/posts,15.300000,0.000000,170,220,240,250,280,310,370,370,380,380,380,1345,1,43,197.74873523261454,4.143049009144306,81469.34421101469,228.06245353159852
1781653457,400,GET,/timeline/{user_id},108.800000,0.000000,170,200,220,240,270,310,350,380,550,680,680,11460,42,17,393.0802845286676,2.0226810011081398,95481.97880698717,4405.0328097731235
1781653457,400,GET,/users/{user_id},42.500000,0.000000,170,200,230,230,270,300,340,370,480,480,480,4493,14,15,391.55856728102776,1.6371140081901103,89826.45485599642,262.8277320275985
1781653457,400,,Aggregated,456.800000,0.000000,170,200,230,240,270,300,360,370,760,1200,1200,46246,161,18,389.81672746134495,1.6371140081901103,95481.97880698717,4970.73299312373
1781653458,400,GET,/feed/{user_id},187.100000,0.000000,170,210,230,240,270,320,380,112000,116000,116000,116000,18889,89,18,496.1310228660266,1.8433920049574226,115814.85829499434,5848.891206522315
1781653458,400,GET,/feed/{user_id}?with_fof=true,92.500000,0.000000,170,210,230,240,280,310,440,900,116000,116000,116000,9407,42,19,557.4294483444208,1.8819700053427368,115803.20103600388,7344.669076219836
1781653458,400,POST,/likes,10.400000,0.000000,180,210,230,260,290,310,370,107000,107000,107000,107000,983,4,14,528.2986532248478,2.9557490197476,107322.06990398117,179.66531027466937
1781653458,400,POST,/posts,15.300000,0.000000,170,220,240,240,270,300,340,370,370,370,370,1363,1,47,197.21294620385825,4.143049009144306,81469.34421101469,228.0652971386647
1781653458,400,GET,/timeline/{user_id},109.000000,0.000000,170,200,230,240,270,310,370,460,115000,116000,116000,11588,51,17,477.47003602517805,2.0226810011081398,115729.71191100078,4398.830600621332
1781653458,400,GET,/users/{user_id},43.800000,0.000000,180,210,230,240,280,330,107000,112000,117000,117000,117000,4555,24,16,632.4975840657843,1.6371140081901103,116734.66678301338,262.3069154774972
1781653458,400,,Aggregated,458.100000,0.000000,170,210,230,240,280,310,380,107000,116000,117000,117000,46785,211,18,509.0782474333128,1.6371140081901103,116734.66678301338,4963.704798546542
1781653459,400,GET,/feed/{user_id},188.200000,0.000000,180,220,240,250,300,360,60000,113000,116000,125000,125000,19158,97,20,600.8812924925135,1.8433920049574226,124906.94961199188,5841.190468733688
1781653459,400,GET,/feed/{user_id}?with_fof=true,93.000000,0.000000,170,220,240,250,290,370,30000,106000,116000,116000,116000,9538,43,21,667.1102355060756,1.8819700053427368,115803.20103600388,7335.976934367792
1781653459,400,POST,/likes,10.000000,0.000000,180,220,250,260,290,330,370,107000,107000,107000,107000,993,4,15,524.950671339387,2.9557490197476,107322.06990398117,179.6686807653575
1781653459,400,POST,/posts,14.700000,0.000000,180,220,240,260,290,340,810,60000,61000,61000,61000,1385,1,49,284.31680629087447,4.143049009144306,81469.34421101469,228.07292418772562
1781653459,400,GET,/timeline/{user_id},108.700000,0.000000,170,220,240,250,290,350,30000,106000,115000,116000,116000,11758,54,18,545.033351542415,2.0226810011081398,115729.71191100078,4397.590321483245
1781653459,400,GET,/users/{user_id},44.100000,0.000000,180,210,230,250,290,370,107000,112000,117000,117000,117000,4616,24,18,675.6891120172601,1.6371140081901103,116734.66678301338,262.3258232235702
1781653459,400,,Aggregated,458.700000,0.000000,180,220,240,250,290,360,60000,108000,116000,125000,125000,47448,223,20,596.8032184641858,1.6371140081901103,124906.94961199188,4958.862965773057
1781653460,400,GET,/feed/{user_id},192.700000,1.900000,180,220,240,250,290,360,60000,113000,116000,125000,125000,19357,97,21,596.7498329208238,1.8433920049574226,124906.94961199188,5842.310946944258
1781653460,400,GET,/feed/{user_id}?with_fof=true,95.700000,0.600000,180,220,240,260,300,370,30000,106000,116000,116000,116000,9662,43,22,660.9828848045032,1.8819700053427368,115803.20103600388,7337.432415648934
1781653460,400,POST,/likes,9.700000,0.000000,190,230,260,260,300,330,390,107000,107000,107000,107000,1005,4,15,520.541188812876,2.9557490197476,107322.06990398117,179.68358208955223
1781653460,400,POST,/posts,14.700000,0.000000,200,240,260,270,300,320,810,60000,61000,61000,61000,1403,1,51,283.46165457578786,4.143049009144306,81469.34421101469,228.08624376336422
1781653460,400,GET,/timeline/{user_id},111.900000,0.700000,180,220,240,250,290,360,30000,61000,115000,116000,116000,11907,54,19,540.4746822957728,2.0226810011081398,115729.71191100078,4403.352397749223
1781653460,400,GET,/users/{user_id},46.100000,0.800000,180,220,240,250,290,370,107000,112000,117000,117000,117000,4678,24,20,669.2487317374064,1.6371140081901103,116734.66678301338,262.34501923899103
1781653460,400,,Aggregated,470.800000,4.000000,180,220,240,250,290,360,60000,108000,116000,125000,125000,48012,223,21,592.033686455875,1.6371140081901103,124906.94961199188,4960.0607973006745
1781653461,400,GET,/feed/{user_id},197.700000,3.200000,180,220,240,250,290,370,60000,113000,116000,125000,125000,19547,97,22,592.4659156724559,1.8433920049574226,124906.94961199188,5839.6093518186935
1781653461,400,GET,/feed/{user_id}?with_fof=true,99.400000,0.700000,180,230,240,260,290,370,30000,106000,116000,116000,116000,9767,43,23,655.5625042335527,1.8819700053427368,115803.20103600388,7338.213883485205
1781653461,400,POST,/likes,9.800000,0.100000,190,230,250,260,290,330,390,107000,107000,107000,107000,1012,4,15,517.9790625700234,2.9557490197476,107322.06990398117,179.6907114624506
1781653461,400,POST,/posts,14.700000,0.000000,200,240,260,270,310,360,810,60000,61000,61000,61000,1418,1,52,282.75217081512733,4.143049009144306,81469.34421101469,228.0966149506347
1781653461,400,GET,/timeline/{user_id},118.200000,1.200000,180,220,240,250,290,360,30000,61000,115000,116000,116000,12028,54,19,536.4211155632593,2.0226810011081398,115729.71191100078,4407.990106418357
1781653461,400,GET,/users/{user_id},48.200000,1.000000,190,220,240,260,290,370,107000,112000,117000,117000,117000,4733,24,21,663.2610172359078,1.6371140081901103,116734.66678301338,262.3596027889288
1781653461,400,,Aggregated,488.000000,6.200000,180,220,240,260,290,360,60000,108000,116000,125000,125000,48505,223,22,587.5731408021358,1.6371140081901103,124906.94961199188,4960.014843830533
1781653462,400,GET,/feed/{user_id},200.300000,3.200000,180,220,240,260,300,360,60000,113000,116000,125000,125000,19750,97,22,587.7063252659591,1.8433920049574226,124906.94961199188,5839.876405063291
1781653462,400,GET,/feed/{user_id}?with_fof=true,102.600000,0.700000,180,230,250,260,300,370,30000,106000,116000,116000,116000,9868,43,24,650.5277734642364,1.8819700053427368,115803.20103600388,7334.102756384273
1781653462,400,POST,/likes,10.500000,0.100000,190,240,260,280,300,330,390,107000,107000,107000,107000,1023,4,16,514.8537770526874,2.9557490197476,107322.06990398117,179.70576735092865
1781653462,400,POST,/posts,15.000000,0.000000,200,240,270,280,310,360,810,60000,61000,61000,61000,1434,1,52,281.35403752922196,4.143049009144306,81469.34421101469,228.09623430962344
1781653462,400,GET,/timeline/{user_id},123.100000,1.200000,180,220,240,260,290,350,30000,61000,115000,116000,116000,12131,54,20,533.0905529593406,2.0226810011081398,115729.71191100078,4414.203198417278
1781653462,400,GET,/users/{user_id},49.800000,1.000000,190,230,250,260,290,370,107000,112000,117000,117000,117000,4788,24,21,657.3012458639598,1.6371140081901103,116734.66678301338,262.37426900584796
1781653462,400,,Aggregated,501.300000,6.200000,180,230,250,260,300,360,60000,108000,116000,125000,125000,48994,223,22,583.1498746670171,1.6371140081901103,124906.94961199188,4960.329040290648
1781653463,400,GET,/feed/{user_id},201.100000,3.200000,190,230,260,270,320,380,60000,113000,116000,125000,125000,19919,97,22,584.2348462217818,1.8433920049574226,124906.94961199188,5841.602741101461
1781653463,400,GET,/feed/{user_id}?with_fof=true,105.600000,0.700000,190,240,260,270,320,390,30000,106000,116000,116000,116000,9957,43,24,646.2547516171525,1.8819700053427368,115803.20103600388,7323.6956914733355
1781653463,400,POST,/likes,9.700000,0.100000,200,250,280,290,320,330,390,107000,107000,107000,107000,1035,4,17,510.9613174134202,2.9557490197476,107322.06990398117,179.7111111111111
1781653463,400,POST,/posts,15.200000,0.000000,220,260,280,300,330,370,810,60000,61000,61000,61000,1446,1,54,280.9256417143236,4.143049009144306,81469.34421101469,228.1058091286307
1781653463,400,GET,/timeline/{user_id},125.300000,1.200000,180,230,260,270,310,360,30000,61000,115000,116000,116000,12239,54,20,529.9209284615283,2.0226810011081398,115729.71191100078,4413.994934226653
1781653463,400,GET,/users/{user_id},51.700000,1.000000,190,230,260,270,310,370,107000,112000,117000,117000,117000,4840,24,21,651.9161929740712,1.6371140081901103,116734.66678301338,262.3880165289256
1781653463,400,,Aggregated,508.600000,6.200000,190,240,260,270,320,370,60000,108000,116000,125000,125000,49436,223,23,579.5002128533962,1.6371140081901103,124906.94961199188,4957.715167084715
1781653464,400,GET,/feed/{user_id},202.600000,3.200000,190,240,260,280,330,390,60000,113000,116000,125000,125000,19992,97,22,582.5747518100619,1.8433920049574226,124906.94961199188,5840.146658663465
1781653464,400,GET,/feed/{user_id}?with_fof=true,105.500000,0.700000,200,240,260,280,320,390,60000,108000,116000,116000,116000,9967,43,24,645.7733150363225,1.8819700053427368,115803.20103600388,7322.790408347547
1781653464,400,POST,/likes,10.000000,0.100000,200,260,280,290,320,330,390,107000,107000,107000,107000,1036,4,17,510.51006242556457,2.9557490197476,107322.06990398117,179.71235521235522
1781653464,400,POST,/posts,14.800000,0.000000,220,270,290,310,340,370,810,60000,61000,61000,61000,1449,1,54,280.7474990185814,4.143049009144306,81469.34421101469,228.10697032436164
1781653464,400,GET,/timeline/{user_id},124.900000,1.200000,190,240,260,280,330,390,31000,108000,116000,118000,118000,12295,56,20,547.2539986438189,2.0226810011081398,118476.30688600475,4410.513216754778
1781653464,400,GET,/users/{user_id},52.700000,1.000000,190,240,270,280,330,370,107000,112000,117000,117000,117000,4867,24,22,649.2921922904121,1.6371140081901103,116734.66678301338,262.395520854736
1781653464,400,,Aggregated,510.500000,6.200000,190,240,260,280,330,390,60000,110000,116000,125000,125000,49606,225,23,582.7428462909259,1.6371140081901103,124906.94961199188,4954.310204410756
1781653465,400,GET,/feed/{user_id},201.200000,3.200000,190,240,270,290,340,420,106000,113000,116000,125000,125000,20005,97,22,582.2149114003389,1.8433920049574226,124906.94961199188,5838.891177205699
1781653465,400,GET,/feed/{user_id}?with_fof=true,105.000000,0.700000,210,240,270,280,340,410,60000,108000,116000,116000,116000,9967,43,24,645.7733150363225,1.8819700053427368,115803.20103600388,7322.790408347547
1781653465,400,POST,/likes,9.900000,0.100000,210,260,280,300,330,330,390,107000,107000,107000,107000,1037,4,17,510.0311365755908,2.9557490197476,107322.06990398117,179.71263259402122
1781653465,400,POST,/posts,15.100000,0.000000,240,270,300,310,340,390,810,60000,61000,61000,61000,1450,1,54,280.6096332530483,4.143049009144306,81469.34421101469,228.10827586206898
1781653465,400,GET,/timeline/{user_id},122.500000,1.200000,190,240,270,280,340,410,31000,109000,118000,118000,118000,12298,56,20,547.1216600746252,2.0226810011081398,118476.30688600475,4410.0056106684015
1781653465,400,GET,/users/{user_id},54.800000,1.000000,200,250,270,290,340,380,107000,112000,117000,117000,117000,4868,24,22,649.1760177694008,1.6371140081901103,116734.66678301338,262.3960558751027
1781653465,400,,Aggregated,508.500000,6.200000,200,240,270,290,340,400,60000,112000,116000,125000,125000,49625,225,23,582.5311681707947,1.6371140081901103,124906.94961199188,4953.591576826197
1781653466,400,GET,/feed/{user_id},201.200000,3.200000,210,250,280,290,350,560,107000,114000,116000,125000,125000,20005,97,22,582.2149114003389,1.8433920049574226,124906.94961199188,5838.891177205699
1781653466,400,GET,/feed/{user_id}?with_fof=true,105.000000,0.700000,220,260,280,290,340,540,60000,110000,116000,116000,116000,9967,43,24,645.7733150363225,1.8819700053427368,115803.20103600388,7322.790408347547
1781653466,400,POST,/likes,9.900000,0.100000,240,270,290,300,330,330,390,107000,107000,107000,107000,1037,4,17,510.0311365755908,2.9557490197476,107322.06990398117,179.71263259402122
1781653466,400,POST,/posts,15.100000,0.000000,240,280,310,320,340,390,810,60000,61000,61000,61000,1450,1,54,280.6096332530483,4.143049009144306,81469.34421101469,228.10827586206898
1781653466,400,GET,/timeline/{user_id},122.500000,1.200000,210,250,280,290,350,430,60000,113000,118000,118000,118000,12298,56,20,547.1216600746252,2.0226810011081398,118476.30688600475,4410.0056106684015
1781653466,400,GET,/users/{user_id},54.800000,1.000000,210,260,280,290,350,390,108000,113000,117000,117000,117000,4868,24,22,649.1760177694008,1.6371140081901103,116734.66678301338,262.3960558751027
1781653466,400,,Aggregated,508.500000,6.200000,210,260,280,290,350,450,90000,113000,116000,125000,125000,49625,225,23,582.5311681707947,1.6371140081901103,124906.94961199188,4953.591576826197
1781653467,400,GET,/feed/{user_id},172.700000,3.200000,210,260,290,300,350,490,60000,106000,113000,125000,125000,20010,97,22,582.7708481403681,1.8433920049574226,124906.94961199188,5839.6447776111945
1781653467,400,GET,/feed/{user_id}?with_fof=true,88.200000,0.700000,230,260,280,300,350,540,60000,90000,111000,111000,111000,9969,43,25,646.3324897021821,1.8819700053427368,115803.20103600388,7322.446885344568
1781653467,400,POST,/likes,8.200000,0.100000,250,280,300,300,330,370,390,107000,107000,107000,107000,1037,4,17,510.0311365755908,2.9557490197476,107322.06990398117,179.71263259402122
1781653467,400,POST,/posts,12.900000,0.000000,270,300,320,330,360,470,60000,61000,61000,61000,61000,1450,1,54,280.6096332530483,4.143049009144306,81469.34421101469,228.10827586206898
1781653467,400,GET,/timeline/{user_id},108.100000,1.400000,220,260,280,300,350,430,31000,60000,118000,118000,118000,12300,56,20,547.4804674409528,2.0226810011081398,118476.30688600475,4410.377073170732
1781653467,400,GET,/users/{user_id},48.900000,1.000000,220,270,290,300,340,370,450,60000,108000,108000,108000,4869,24,23,649.6602780241169,1.6371140081901103,116734.66678301338,262.3963852947217
1781653467,400,,Aggregated,439.000000,6.400000,220,260,290,300,350,420,60000,90000,116000,125000,125000,49635,225,23,583.0064503112452,1.6371140081901103,124906.94961199188,4953.986702931399
1781653468,400,GET,/feed/{user_id},154.200000,3.200000,210,260,280,300,340,370,480,630,3300,3300,3300,20019,97,22,582.8015726123053,1.8433920049574226,124906.94961199188,5838.454767970428
1781653468,400,GET,/feed/{user_id}?with_fof=true,78.900000,0.700000,230,260,280,300,340,390,810,3500,4700,4700,4700,9976,43,25,647.8364047092067,1.8819700053427368,115803.20103600388,7320.070970328789
1781653468,400,POST,/likes,7.000000,0.100000,250,280,290,300,320,330,390,390,390,390,390,1037,4,17,510.0311365755908,2.9557490197476,107322.06990398117,179.71263259402122
1781653468,400,POST,/posts,11.300000,0.000000,270,300,320,330,340,360,390,470,470,470,470,1451,1,54,280.43549442311576,4.143049009144306,81469.34421101469,228.10957960027568
1781653468,400,GET,/timeline/{user_id},95.800000,1.400000,200,260,280,300,350,390,480,2000,118000,118000,118000,12303,56,20,547.9433366560762,2.0226810011081398,118476.30688600475,4410.544094936195
1781653468,400,GET,/users/{user_id},43.000000,1.000000,210,270,290,300,340,360,390,430,3000,3000,3000,4871,24,22,649.3958252741571,1.6371140081901103,116734.66678301338,262.3966331348799
1781653468,400,,Aggregated,390.200000,6.400000,220,260,280,300,340,370,490,860,4700,118000,118000,49657,225,23,583.4079542125305,1.6371140081901103,124906.94961199188,4953.248504742533
1781653469,400,GET,/feed/{user_id},134.400000,3.200000,100,250,280,290,340,370,820,3000,6000,6000,6000,20061,97,22,583.4424717230403,1.8433920049574226,124906.94961199188,5839.357708987588
1781653469,400,GET,/feed/{user_id}?with_fof=true,68.900000,0.700000,230,260,280,310,540,4700,5400,6000,6200,6200,6200,10017,43,25,656.7837423213655,1.8819700053427368,115803.20103600388,7322.865828092243
1781653469,400,POST,/likes,6.200000,0.100000,250,280,290,300,320,330,330,330,330,330,330,1037,4,17,510.0311365755908,2.9557490197476,107322.06990398117,179.71263259402122
1781653469,400,POST,/posts,10.700000,0.000000,250,290,320,330,340,360,390,470,470,470,470,1454,1,53,279.897593164334,4.143049009144306,81469.34421101469,228.11004126547456
1781653469,400,GET,/timeline/{user_id},85.500000,1.400000,180,250,280,290,340,390,1200,4500,118000,118000,118000,12327,56,20,548.0127775036665,2.0226810011081398,118476.30688600475,4410.300559746897
1781653469,400,GET,/users/{user_id},37.800000,1.000000,190,260,280,300,330,360,430,700,3000,3000,3000,4883,24,21,648.1944282972379,1.6371140081901103,116734.66678301338,262.40057341798075
1781653469,400,,Aggregated,343.500000,6.400000,190,260,280,300,340,440,3500,5400,116000,118000,118000,49779,225,23,585.3834440792672,1.6371140081901103,124906.94961199188,4955.133952068141
1781653470,400,GET,/feed/{user_id},115.700000,1.300000,11,230,270,290,340,380,860,3300,6000,6000,6000,20137,97,21,581.2588165731189,1.8433920049574226,124906.94961199188,5841.188012116999
1781653470,400,GET,/feed/{user_id}?with_fof=true,58.700000,0.100000,220,270,320,340,4600,5300,5800,6000,6200,6200,6200,10058,43,25,660.3132533451175,1.8819700053427368,115803.20103600388,7327.329091270631
1781653470,400,POST,/likes,5.600000,0.100000,260,290,300,320,330,330,330,330,330,330,330,1037,4,17,510.0311365755908,2.9557490197476,107322.06990398117,179.71263259402122
1781653470,400,POST,/posts,8.900000,0.000000,52,260,310,330,340,350,390,390,390,390,390,1460,1,52,278.7878648068179,4.143049009144306,81469.34421101469,228.1123287671233
1781653470,400,GET,/timeline/{user_id},73.100000,0.700000,18,240,280,290,350,450,2000,5500,118000,118000,118000,12365,56,19,546.3443908776119,2.0226810011081398,118476.30688600475,4412.885564092196
1781653470,400,GET,/users/{user_id},32.300000,0.200000,8,250,280,300,340,360,450,1200,3000,3000,3000,4895,24,20,646.6133188511544,1.6371140081901103,116734.66678301338,262.4040858018386
1781653470,400,,Aggregated,294.300000,2.400000,33,250,280,310,350,740,5200,5600,116000,118000,118000,49952,225,22,584.6190873579217,1.6371140081901103,124906.94961199188,4958.589906310058
1781653471,400,GET,/feed/{user_id},93.100000,0.000000,6,38,270,310,350,450,3000,5500,6000,6000,6000,20207,97,20,579.2591441598848,1.8433920049574226,124906.94961199188,5840.794625624783
1781653471,400,GET,/feed/{user_id}?with_fof=true,48.500000,0.000000,10,310,340,700,5000,5400,6000,6000,6200,6200,6200,10097,43,23,658.1124016429735,1.8819700053427368,115803.20103600388,7333.0489254233935
1781653471,400,POST,/likes,4.500000,0.000000,29,290,320,320,330,330,330,330,330,330,330,1043,4,16,507.1495995560593,2.9557490197476,107322.06990398117,179.72003835091084
1781653471,400,POST,/posts,7.200000,0.000000,22,190,320,330,340,360,390,390,390,390,390,1466,1,51,277.6718574460657,4.143049009144306,81469.34421101469,228.1118690313779
1781653471,400,GET,/timeline/{user_id},57.900000,0.200000,5,41,280,310,350,470,2500,5500,118000,118000,118000,12424,56,18,543.7677054819374,2.0226810011081398,118476.30688600475,4412.3333869929165
1781653471,400,GET,/users/{user_id},27.300000,0.000000,5,250,300,310,350,380,700,1200,3000,3000,3000,4911,24,19,644.5137042367002,1.6371140081901103,116734.66678301338,262.40928527794745
1781653471,400,,Aggregated,238.500000,0.200000,6,220,300,320,370,1500,5300,5800,116000,118000,118000,50148,225,21,582.4170693785339,1.6371140081901103,124906.94961199188,4959.242920953976
1781653472,400,GET,/feed/{user_id},78.500000,0.000000,3,6,10,32,340,490,3000,6000,6000,6000,6000,20277,97,19,577.2689884021635,1.8433920049574226,124906.94961199188,5839.659663658332
1781653472,400,GET,/feed/{user_id}?with_fof=true,40.100000,0.000000,4,250,700,3300,5300,5600,6000,6200,6200,6200,6200,10133,43,22,655.880248224637,1.8819700053427368,115803.20103600388,7332.874469554919
1781653472,400,POST,/likes,3.200000,0.000000,6,6,14,14,29,43,43,43,43,43,43,1046,4,15,505.7085687418419,2.9557490197476,107322.06990398117,179.72179732313575
1781653472,400,POST,/posts,6.200000,0.000000,10,15,25,28,81,190,340,340,340,340,340,1467,1,51,277.48635820376666,4.143049009144306,81469.34421101469,228.11111111111111
1781653472,400,GET,/timeline/{user_id},46.200000,0.200000,4,5,10,23,350,650,3000,5500,118000,118000,118000,12483,56,18,541.2200388641013,2.0079590030945837,118476.30688600475,4411.369061924217
1781653472,400,GET,/users/{user_id},22.300000,0.000000,3,5,9,80,350,380,700,1200,3000,3000,3000,4938,24,17,641.0015735252056,1.6371140081901103,116734.66678301338,262.41919805589305
1781653472,400,,Aggregated,196.500000,0.200000,4,7,17,56,450,3400,5500,6000,118000,118000,118000,50344,225,19,580.1818885803222,1.6371140081901103,124906.94961199188,4957.897068170983
1781653473,400,GET,/feed/{user_id},68.300000,0.000000,3,4,5,6,12,200,3000,6000,6000,6000,6000,20360,97,18,574.9295372552306,1.8433920049574226,124906.94961199188,5840.059233791749
1781653473,400,GET,/feed/{user_id}?with_fof=true,32.900000,0.000000,4,8,350,700,5100,5400,6000,6000,6200,6200,6200,10179,43,21,653.0659264099796,1.8819700053427368,115803.20103600388,7328.995873857943
1781653473,400,POST,/likes,3.200000,0.000000,5,6,7,7,14,29,29,29,29,29,29,1048,4,15,504.7517136927196,2.9557490197476,107322.06990398117,179.72232824427482
1781653473,400,POST,/posts,4.900000,0.000000,8,14,20,25,81,190,340,340,340,340,340,1473,1,50,276.38519213503514,4.143049009144306,81469.34421101469,228.1093007467753
1781653473,400,GET,/timeline/{user_id},39.800000,0.200000,3,4,4,5,11,58,2500,4500,5500,5500,5500,12526,56,17,539.3742192135196,2.0079590030945837,118476.30688600475,4411.326999840332
1781653473,400,GET,/users/{user_id},18.400000,0.000000,2,3,3,3,5,9,1200,3000,3000,3000,3000,4961,24,16,638.0414436078111,1.6371140081901103,116734.66678301338,262.4226970368877
1781653473,400,,Aggregated,167.500000,0.200000,3,4,5,7,81,3300,5400,5800,6200,6200,6200,50547,225,18,577.8927275410075,1.6371140081901103,124906.94961199188,4957.524086493759
1781653474,400,GET,/feed/{user_id},54.400000,0.000000,3,3,4,5,11,37,3000,5500,6000,6000,6000,20435,97,17,572.8316700635896,1.8433920049574226,124906.94961199188,5841.679667237582
1781653474,400,GET,/feed/{user_id}?with_fof=true,26.900000,0.000000,3,5,12,500,4800,5400,5800,6000,6200,6200,6200,10220,43,19,650.4590082194992,1.8819700053427368,115803.20103600388,7328.20518590998
1781653474,400,POST,/likes,2.600000,0.000000,4,5,6,7,14,29,29,29,29,29,29,1056,4,15,500.95880547062484,2.9557490197476,107322.06990398117,179.72537878787878
1781653474,400,POST,/posts,3.400000,0.000000,7,9,14,15,25,28,81,81,81,81,81,1477,1,49,275.65505319154687,4.143049009144306,81469.34421101469,228.10900473933648
1781653474,400,GET,/timeline/{user_id},34.800000,0.200000,3,3,4,4,8,28,2000,4500,5500,5500,5500,12590,56,16,536.6480404265859,1.9806280033662915,118476.30688600475,4411.658061953932
1781653474,400,GET,/users/{user_id},15.900000,0.000000,2,3,3,3,5,8,700,1200,3000,3000,3000,4977,24,15,635.9979989982422,1.6371140081901103,116734.66678301338,262.42736588306207
1781653474,400,,Aggregated,138.000000,0.200000,3,4,4,5,18,2500,5300,5700,6200,6200,6200,50755,225,17,575.5378213748095,1.6371140081901103,124906.94961199188,4958.025100975274
1781653475,400,GET,/feed/{user_id},45.600000,0.000000,3,3,4,4,8,19,2500,5500,6000,6000,6000,20520,97,16,570.4718701275949,1.8433920049574226,124906.94961199188,5842.653216374269
1781653475,400,GET,/feed/{user_id}?with_fof=true,23.100000,0.000000,3,4,8,330,4600,5300,5800,6000,6200,6200,6200,10260,43,18,648.0205164919315,1.8819700053427368,115803.20103600388,7324.935477582846
1781653475,400,POST,/likes,1.400000,0.000000,4,4,5,6,7,14,29,29,29,29,29,1066,4,13,496.2975340412111,2.9557490197476,107322.06990398117,179.73264540337712
1781653475,400,POST,/posts,2.500000,0.000000,7,8,11,12,20,28,81,81,81,81,81,1485,1,46,274.2080902302895,4.143049009144306,81469.34421101469,228.1090909090909
1781653475,400,GET,/timeline/{user_id},28.800000,0.200000,3,3,4,4,7,20,1200,3000,5500,5500,5500,12640,56,15,534.5434291317762,1.9806280033662915,118476.30688600475,4410.008306962025
1781653475,400,GET,/users/{user_id},12.300000,0.000000,2,3,3,3,4,6,700,1200,3000,3000,3000,4994,24,14,633.8402598294502,1.6371140081901103,116734.66678301338,262.43331998398077
1781653475,400,,Aggregated,113.700000,0.200000,3,3,4,5,12,860,5300,5600,6200,6200,6200,50965,225,16,573.1983255433962,1.6371140081901103,124906.94961199188,4956.90210929069
1781653476,400,GET,/feed/{user_id},43.100000,0.000000,3,3,3,4,7,14,820,3300,6000,6000,6000,20610,97,15,567.9942831933117,1.8433920049574226,124906.94961199188,5842.654876273654
1781653476,400,GET,/feed/{user_id}?with_fof=true,24.800000,0.000000,3,4,5,11,3700,5300,5800,6000,6200,6200,6200,10305,43,17,645.2348019406364,1.8819700053427368,115803.20103600388,7324.33770014556
1781653476,400,POST,/likes,1.800000,0.000000,4,4,5,5,7,14,29,29,29,29,29,1071,4,13,493.9993186628278,2.9557490197476,107322.06990398117,179.7376283846872
1781653476,400,POST,/posts,2.800000,0.000000,7,8,10,12,20,28,32,32,32,32,32,1488,1,45,273.68308697713405,4.143049009144306,81469.34421101469,228.10887096774192
1781653476,400,GET,/timeline/{user_id},28.100000,0.000000,3,3,4,4,6,16,740,2000,5500,5500,5500,12688,56,14,532.536406638061,1.9806280033662915,118476.30688600475,4411.703420554855
1781653476,400,GET,/users/{user_id},10.600000,0.000000,2,3,3,3,4,7,700,1200,3000,3000,3000,5007,24,13,632.2073990174296,1.6371140081901103,116734.66678301338,262.4389854204114
1781653476,400,,Aggregated,111.200000,0.000000,3,3,4,5,10,470,5100,5500,6200,6200,6200,51169,225,16,570.9336686006402,1.6371140081901103,124906.94961199188,4958.394086263167
1781653477,400,GET,/feed/{user_id},50.000000,0.000000,3,3,3,4,6,11,26,700,6000,6000,6000,20698,97,14,565.5931581996874,1.8433920049574226,124906.94961199188,5841.508696492415
1781653477,400,GET,/feed/{user_id}?with_fof=true,28.400000,0.000000,3,4,5,6,1100,5300,5700,6000,6200,6200,6200,10336,43,16,643.3448700979229,1.8819700053427368,115803.20103600388,7326.352650928792
1781653477,400,POST,/likes,2.700000,0.000000,4,4,5,5,7,7,29,29,29,29,29,1074,4,13,492.63326410605015,2.9557490197476,107322.06990398117,179.74022346368716
1781653477,400,POST,/posts,3.300000,0.000000,6,8,9,10,15,20,32,32,32,32,32,1493,1,43,272.7864669731878,4.143049009144306,81469.34421101469,228.10582719356998
1781653477,400,GET,/timeline/{user_id},33.300000,0.000000,3,3,4,4,6,12,41,740,5500,5500,5500,12741,56,14,530.3379005497762,1.9806280033662915,118476.30688600475,4411.3498940428535
1781653477,400,GET,/users/{user_id},12.100000,0.000000,2,3,3,3,4,5,8,700,1200,1200,1200,5031,24,12,629.2025684168535,1.6187359869945794,116734.66678301338,262.4440469091632
1781653477,400,,Aggregated,129.800000,0.000000,3,3,4,4,8,28,4800,5500,6200,6200,6200,51373,225,15,568.6872754014737,1.6187359869945794,124906.94961199188,4957.69559885543
1781653478,400,GET,/feed/{user_id},58.400000,0.000000,3,3,3,3,4,8,15,27,6000,6000,6000,20801,97,13,562.8065451992353,1.8433920049574226,124906.94961199188,5841.394259891352
1781653478,400,GET,/feed/{user_id}?with_fof=true,32.700000,0.000000,3,3,4,4,320,2700,5700,6000,6200,6200,6200,10374,43,15,641.0426306451938,1.8819700053427368,115803.20103600388,7324.166955851167
1781653478,400,POST,/likes,3.200000,0.000000,4,4,5,5,7,7,29,29,29,29,29,1077,4,13,491.27249985881633,2.9557490197476,107322.06990398117,179.74001857010214
1781653478,400,POST,/posts,3.800000,0.000000,6,7,8,9,11,15,32,32,32,32,32,1499,1,40,271.7187798212075,4.143049009144306,81469.34421101469,228.1027351567712
1781653478,400,GET,/timeline/{user_id},38.300000,0.000000,3,3,3,4,5,8,18,32,84,84,84,12781,56,13,528.6895511750789,1.9806280033662915,118476.30688600475,4410.571864486347
1781653478,400,GET,/users/{user_id},13.700000,0.000000,2,2,3,3,3,4,5,10,33,33,33,5049,24,12,626.9687012149329,1.6187359869945794,116734.66678301338,262.44800950683305
1781653478,400,,Aggregated,150.100000,0.000000,3,3,3,4,5,11,380,5000,6200,6200,6200,51581,225,14,566.4153129312192,1.6187359869945794,124906.94961199188,4957.637017506446
1781653479,400,GET,/feed/{user_id},67.400000,0.000000,3,3,3,3,4,5,12,18,63,63,63,20886,97,13,560.5288998930596,1.8433920049574226,124906.94961199188,5841.565977209614
1781653479,400,GET,/feed/{user_id}?with_fof=true,36.300000,0.000000,3,3,3,3,5,190,460,610,1500,1500,1500,10424,43,14,637.9811214038955,1.8819700053427368,115803.20103600388,7321.947620874904
1781653479,400,POST,/likes,3.700000,0.000000,4,4,5,5,7,7,29,29,29,29,29,1082,4,12,489.0330813659653,2.9557490197476,107322.06990398117,179.7449168207024
1781653479,400,POST,/posts,4.100000,0.000000,6,6,7,8,9,11,32,32,32,32,32,1505,1,37,270.6593085209177,4.143049009144306,81469.34421101469,228.1016611295681
1781653479,400,GET,/timeline/{user_id},43.100000,0.000000,3,3,3,4,4,7,17,32,84,84,84,12818,56,13,527.1749545832968,1.9806280033662915,118476.30688600475,4410.6326259946945
1781653479,400,GET,/users/{user_id},15.800000,0.000000,2,2,3,3,3,4,5,10,33,33,33,5073,24,11,624.0132078622498,1.6187359869945794,116734.66678301338,262.45574610684014
1781653479,400,,Aggregated,170.400000,0.000000,3,3,3,4,5,7,19,190,1300,1500,1500,51788,225,13,564.1643901555644,1.6187359869945794,124906.94961199188,4957.434791843671
1781653480,400,GET,/feed/{user_id},76.200000,0.000000,3,3,3,3,4,5,12,16,30,30,30,20961,97,12,558.5334800197226,1.8433920049574226,124906.94961199188,5842.251657840752
1781653480,400,GET,/feed/{user_id}?with_fof=true,39.200000,0.000000,3,3,3,3,4,10,350,410,470,470,470,10465,43,13,635.4936698338425,1.8819700053427368,115803.20103600388,7321.504730052556
1781653480,400,POST,/likes,4.000000,0.000000,4,4,4,5,5,7,20,20,20,20,20,1085,4,12,487.6908684884357,2.9557490197476,107322.06990398117,179.74562211981566
1781653480,400,POST,/posts,4.600000,0.000000,6,6,7,7,9,11,12,32,32,32,32,1517,1,33,268.56027373568423,4.100726015167311,81469.34421101469,228.10085695451548
1781653480,400,GET,/timeline/{user_id},46.900000,0.000000,3,3,3,4,4,7,14,34,84,84,84,12869,56,13,525.1045836508406,1.9806280033662915,118476.30688600475,4412.912269795633
1781653480,400,GET,/users/{user_id},17.300000,0.000000,2,2,3,3,3,4,4,10,33,33,33,5092,24,10,621.6930637437504,1.6187359869945794,116734.66678301338,262.45974076983504
1781653480,400,,Aggregated,188.200000,0.000000,3,3,3,3,4,6,14,33,460,470,470,51989,225,13,561.9966536124423,1.6187359869945794,124906.94961199188,4957.707399642232
1781653481,400,GET,/feed/{user_id},81.800000,0.000000,3,3,3,3,4,5,11,15,26,26,26,21045,97,12,556.3169375733085,1.8433920049574226,124906.94961199188,5841.459063910667
1781653481,400,GET,/feed/{user_id}?with_fof=true,40.900000,0.000000,3,3,3,3,4,5,320,410,470,470,470,10505,43,13,633.0866557007191,1.8819700053427368,115803.20103600388,7322.060732984293
1781653481,400,POST,/likes,4.500000,0.000000,4,4,4,4,5,7,20,20,20,20,20,1087,4,12,486.7998507985146,2.9557490197476,107322.06990398117,179.74701011959522
1781653481,400,POST,/posts,4.900000,0.000000,5,6,7,7,9,11,12,32,32,32,32,1524,1,31,267.3495419934472,3.8899100036360323,81469.34421101469,228.0971128608924
1781653481,400,GET,/timeline/{user_id},49.200000,0.000000,3,3,3,4,4,7,22,34,84,84,84,12921,56,12,523.0138072069888,1.9806280033662915,118476.30688600475,4414.714186208498
1781653481,400,GET,/users/{user_id},18.500000,0.000000,2,2,3,3,3,4,4,10,33,33,33,5111,24,10,619.3900112575202,1.599276001797989,116734.66678301338,262.4658579534338
1781653481,400,,Aggregated,199.800000,0.000000,3,3,3,3,4,6,13,26,460,470,470,52193,225,12,559.8149399275941,1.599276001797989,124906.94961199188,4958.1120839959385
1781653482,400,GET,/feed/{user_id},82.400000,0.000000,3,3,3,3,4,5,11,12,25,25,25,21137,97,11,553.9079000294366,1.8433920049574226,124906.94961199188,5841.261768462885
1781653482,400,GET,/feed/{user_id}?with_fof=true,40.800000,0.000000,3,3,3,3,4,5,16,390,470,470,470,10542,43,12,630.873854166776,1.8819700053427368,115803.20103600388,7323.3538228040225
1781653482,400,POST,/likes,4.700000,0.000000,4,4,4,4,5,7,20,20,20,20,20,1092,4,12,484.58789083423864,2.9557490197476,107322.06990398117,179.74908424908426
1781653482,400,POST,/posts,5.700000,0.000000,5,6,6,7,9,12,19,32,32,32,32,1529,1,30,266.50104454743735,3.8899100036360323,81469.34421101469,228.09614126880314
1781653482,400,GET,/timeline/{user_id},50.200000,0.000000,3,3,3,4,4,8,24,34,84,84,84,12966,56,12,521.213019827352,1.9806280033662915,118476.30688600475,4416.717414777109
1781653482,400,GET,/users/{user_id},19.300000,0.000000,2,2,3,3,3,4,9,10,33,33,33,5134,24,10,616.6278475699708,1.599276001797989,116734.66678301338,262.4738994935723
1781653482,400,,Aggregated,203.100000,0.000000,3,3,3,3,4,6,12,24,460,470,470,52400,225,12,557.6162006098846,1.599276001797989,124906.94961199188,4958.574236641221
1781653483,400,GET,/feed/{user_id},83.400000,0.000000,3,3,3,3,4,5,11,15,37,37,37,21220,97,11,551.756176308691,1.8433920049574226,124906.94961199188,5842.675023562677
1781653483,400,GET,/feed/{user_id}?with_fof=true,40.800000,0.000000,3,3,3,3,4,5,16,390,470,470,470,10581,43,12,628.5613786568507,1.8819700053427368,115803.20103600388,7323.9153199130515
1781653483,400,POST,/likes,4.400000,0.000000,4,4,4,5,5,7,20,20,20,20,20,1094,4,12,483.71252710877263,2.9557490197476,107322.06990398117,179.75045703839123
1781653483,400,POST,/posts,6.000000,0.000000,5,6,6,7,9,12,19,32,32,32,32,1537,1,29,265.14444058424255,3.8899100036360323,81469.34421101469,228.09368900455434
1781653483,400,GET,/timeline/{user_id},49.600000,0.000000,3,3,3,4,4,8,32,34,84,84,84,13023,56,12,518.9488084028523,1.9758609996642917,118476.30688600475,4414.646471627121
1781653483,400,GET,/users/{user_id},19.800000,0.000000,2,2,3,3,3,4,10,29,33,33,33,5158,24,9,613.7742627761053,1.599276001797989,116734.66678301338,262.4829391236914
1781653483,400,,Aggregated,204.000000,0.000000,3,3,3,3,4,6,13,27,460,470,470,52613,225,12,555.3741565374136,1.599276001797989,124906.94961199188,4958.260639005569
1781653484,400,GET,/feed/{user_id},85.700000,0.000000,3,3,3,3,4,5,11,12,37,37,37,21312,97,11,549.3882372243143,1.8433920049574226,124906.94961199188,5842.839245495496
1781653484,400,GET,/feed/{user_id}?with_fof=true,40.900000,0.000000,3,3,3,3,4,5,16,320,460,460,460,10619,43,11,626.3620086973541,1.8819700053427368,115803.20103600388,7320.764290422827
1781653484,400,POST,/likes,4.400000,0.000000,4,4,4,4,5,7,20,20,20,20,20,1098,4,11,481.96439874499066,2.9557490197476,107322.06990398117,179.7504553734062
1781653484,400,POST,/posts,6.300000,0.000000,5,6,6,7,9,10,19,32,32,32,32,1541,1,28,264.471959364052,3.8899100036360323,81469.34421101469,228.09344581440624
1781653484,400,GET,/timeline/{user_id},48.900000,0.000000,3,3,3,4,4,10,27,33,61,61,61,13065,56,11,517.29135850396,1.9758609996642917,118476.30688600475,4416.6424799081515
1781653484,400,GET,/users/{user_id},19.100000,0.000000,2,2,3,3,3,4,10,29,33,33,33,5177,24,9,611.5293342582861,1.599276001797989,116734.66678301338,262.4888931813792
1781653484,400,,Aggregated,205.300000,0.000000,3,3,3,3,4,6,13,25,390,460,460,52812,225,11,553.3012846245754,1.599276001797989,124906.94961199188,4958.588635158676
1781653485,400,GET,/feed/{user_id},85.100000,0.000000,3,3,3,3,4,5,11,15,37,37,37,21396,97,10,547.24325547488,1.8433920049574226,124906.94961199188,5843.771405870256
1781653485,400,GET,/feed/{user_id}?with_fof=true,40.100000,0.000000,3,3,3,3,4,5,16,390,460,460,460,10657,43,11,624.1761785935252,1.8819700053427368,115803.20103600388,7323.785774608239
1781653485,400,POST,/likes,4.500000,0.000000,4,4,4,4,7,9,20,20,20,20,20,1105,4,11,478.9392687068205,2.9557490197476,107322.06990398117,179.7556561085973
1781653485,400,POST,/posts,6.400000,0.000000,5,5,6,6,9,10,19,22,22,22,22,1547,1,28,263.477144616696,3.8899100036360323,81469.34421101469,228.0917905623788
1781653485,400,GET,/timeline/{user_id},49.500000,0.000000,3,3,3,4,4,10,27,34,73,73,73,13120,56,11,515.1440419312702,1.9758609996642917,118476.30688600475,4417.25137195122
1781653485,400,GET,/users/{user_id},19.500000,0.000000,2,2,2,3,3,4,10,16,29,29,29,5200,24,8,608.8372316656089,1.599276001797989,116734.66678301338,262.49538461538464
1781653485,400,,Aggregated,205.100000,0.000000,3,3,3,3,4,6,15,24,390,460,460,53025,225,11,551.1010409967774,1.599276001797989,124906.94961199188,4959.051768033946
1781653486,400,GET,/feed/{user_id},87.200000,0.000000,3,3,3,3,4,4,11,16,37,37,37,21471,97,10,545.3414507211355,1.8433920049574226,124906.94961199188,5842.994737087234
1781653486,400,GET,/feed/{user_id}?with_fof=true,39.300000,0.000000,3,3,3,3,4,4,16,25,460,460,460,10704,43,10,621.4468348033495,1.8819700053427368,115803.20103600388,7325.371356502242
1781653486,400,POST,/likes,4.300000,0.000000,4,4,4,4,5,9,20,20,20,20,20,1107,4,11,478.0803212800607,2.9557490197476,107322.06990398117,179.75700090334237
1781653486,400,POST,/posts,6.400000,0.000000,5,5,6,6,8,10,19,22,22,22,22,1557,1,26,261.81990835262303,3.8899100036360323,81469.34421101469,228.09120102761722
1781653486,400,GET,/timeline/{user_id},47.900000,0.000000,3,3,3,4,4,10,24,33,73,73,73,13174,56,10,513.0462390312192,1.9758609996642917,118476.30688600475,4415.671929558221
1781653486,400,GET,/users/{user_id},19.900000,0.000000,2,2,2,3,3,4,10,16,29,29,29,5220,24,8,606.5125873218586,1.599276001797989,116734.66678301338,262.5003831417624
1781653486,400,,Aggregated,205.000000,0.000000,3,3,3,3,4,6,14,22,390,460,460,53233,225,11,548.9592654922305,1.599276001797989,124906.94961199188,4958.618864238349
1781653487,400,GET,/feed/{user_id},87.200000,0.000000,3,3,3,3,4,5,11,15,37,37,37,21549,97,9,543.3786495466395,1.8433920049574226,124906.94961199188,5843.351988491345
1781653487,400,GET,/feed/{user_id}?with_fof=true,39.900000,0.000000,3,3,3,3,4,5,16,340,500,500,500,10738,43,10,619.5659659551225,1.8819700053427368,115803.20103600388,7325.064909666605
1781653487,400,POST,/likes,3.800000,0.000000,4,4,4,4,5,9,20,20,20,20,20,1111,4,11,476.3718992457287,2.9557490197476,107322.06990398117,179.75787578757877
1781653487,400,POST,/posts,6.400000,0.000000,5,5,6,6,8,10,19,22,22,22,22,1564,1,24,260.6767092033422,3.8899100036360323,81469.34421101469,228.08823529411765
1781653487,400,GET,/timeline/{user_id},47.300000,0.000000,3,3,3,4,4,8,24,33,73,73,73,13222,56,10,511.19606739769387,1.9758609996642917,118476.30688600475,4416.188095598245
1781653487,400,GET,/users/{user_id},20.600000,0.000000,2,2,2,3,3,4,10,16,29,29,29,5243,24,8,603.8636180276841,1.599276001797989,116734.66678301338,262.5061987411787
1781653487,400,,Aggregated,205.200000,0.000000,3,3,3,3,4,6,14,22,390,500,500,53427,225,10,546.9931826083072,1.599276001797989,124906.94961199188,4958.139873097872
1781653488,400,GET,/feed/{user_id},86.200000,0.000000,3,3,3,3,4,7,25,139000,155000,155000,155000,21650,103,9,632.7709135268541,1.8433920049574226,154816.22932999744,5843.679953810623
1781653488,400,GET,/feed/{user_id}?with_fof=true,39.900000,0.000000,3,3,3,3,4,18,140000,142000,155000,155000,155000,10790,49,9,763.2230450400438,1.8819700053427368,154830.36042598542,7322.155050973123
1781653488,400,POST,/likes,3.800000,0.000000,4,4,4,4,6,7,9,9,9,9,9,1114,4,11,475.1032218159928,2.9557490197476,107322.06990398117,179.75852782764812
1781653488,400,POST,/posts,6.800000,0.000000,5,6,6,6,8,10,19,22,22,22,22,1572,1,23,259.38336148027315,3.8899100036360323,81469.34421101469,228.08778625954199
1781653488,400,GET,/timeline/{user_id},48.000000,0.000000,3,3,3,4,5,11,61,139000,154000,154000,154000,13277,63,10,593.8867147378454,1.9758609996642917,153810.08100899635,4413.566543646908
1781653488,400,GET,/users/{user_id},20.800000,0.000000,2,2,2,3,3,4,29,140000,153000,153000,153000,5268,25,7,711.3829099168922,1.599276001797989,152843.39276698302,262.4671602126044
1781653488,400,,Aggregated,205.500000,0.000000,3,3,3,4,5,10,390,140000,155000,155000,155000,53671,245,10,642.8850151516638,1.599276001797989,154830.36042598542,4957.2791451621915
1781653489,400,GET,/feed/{user_id},85.100000,0.000000,3,3,3,3,4,7,37,139000,155000,155000,155000,21726,104,9,636.1062560055892,1.8433920049574226,154816.22932999744,5841.772944858694
1781653489,400,GET,/feed/{user_id}?with_fof=true,40.000000,0.000000,3,3,3,3,4,190,140000,142000,155000,155000,155000,10835,49,9,760.1104401782189,1.8819700053427368,154830.36042598542,7323.2229810798335
1781653489,400,POST,/likes,3.700000,0.000000,4,4,4,5,6,7,9,9,9,9,9,1119,4,11,472.9997227729685,2.9557490197476,107322.06990398117,179.76228775692582
1781653489,400,POST,/posts,7.200000,0.000000,5,6,6,7,9,10,19,22,22,22,22,1579,1,22,258.26434194109373,3.8899100036360323,81469.34421101469,228.085497150095
1781653489,400,GET,/timeline/{user_id},47.900000,0.000000,3,3,3,4,5,11,73,139000,154000,154000,154000,13335,64,9,600.3650117606604,1.9758609996642917,153810.08100899635,4411.381627296588
1781653489,400,GET,/users/{user_id},20.900000,0.000000,2,2,2,3,3,6,29,140000,153000,153000,153000,5289,25,7,708.5699178701724,1.599276001797989,152843.39276698302,262.4726791453961
1781653489,400,,Aggregated,204.800000,0.000000,3,3,3,4,5,10,120000,140000,155000,155000,155000,53883,247,10,644.8494135526981,1.599276001797989,154830.36042598542,4955.937364289293
1781653490,400,GET,/feed/{user_id},84.500000,0.600000,3,3,3,4,8,30000,30000,139000,155000,155000,155000,21844,114,9,671.607629039381,1.8433920049574226,154816.22932999744,5839.913523164256
1781653490,400,GET,/feed/{user_id}?with_fof=true,41.200000,0.500000,3,3,3,4,18,30000,140000,142000,155000,155000,155000,10902,51,9,786.3980601849256,1.8819700053427368,154830.36042598542,7317.261878554394
1781653490,400,POST,/likes,3.600000,0.000000,4,5,6,6,30000,30000,30000,30000,30000,30000,30000,1127,5,11,576.6181186769526,2.9557490197476,107322.06990398117,179.62200532386868
1781653490,400,POST,/posts,7.500000,0.000000,6,6,8,8,12,190,30000,30000,30000,30000,30000,1588,1,22,295.0736538180671,3.8899100036360323,81469.34421101469,228.08501259445845
1781653490,400,GET,/timeline/{user_id},49.100000,0.700000,3,3,4,4,60,30000,30000,138000,154000,154000,154000,13434,73,9,650.3201294284967,1.9758609996642917,153810.08100899635,4408.8928837278545
1781653490,400,GET,/users/{user_id},21.800000,0.100000,2,2,3,3,11,30000,30000,140000,153000,153000,153000,5324,27,7,749.9435617209683,1.599276001797989,152843.39276698302,262.3912471825695
1781653490,400,,Aggregated,207.700000,1.900000,3,3,4,4,12,30000,30000,140000,155000,155000,155000,54219,271,9,684.103993512037,1.599276001797989,154830.36042598542,4952.701654401593
1781653491,400,GET,/feed/{user_id},83.700000,0.700000,3,3,4,5,240,2300,30000,139000,155000,155000,155000,21983,114,9,668.1348125119481,1.8433920049574226,154816.22932999744,5842.437929309011
1781653491,400,GET,/feed/{user_id}?with_fof=true,41.600000,0.600000,3,3,4,5,260,2400,140000,142000,155000,155000,155000,10981,51,9,781.4142509701264,1.8819700053427368,154830.36042598542,7315.824606137874
1781653491,400,POST,/likes,3.500000,0.000000,4,5,6,7,250,30000,30000,30000,30000,30000,30000,1135,5,11,573.0174471532653,2.9557490197476,107322.06990398117,179.62643171806167
1781653491,400,POST,/posts,7.400000,0.000000,6,7,9,10,200,250,30000,30000,30000,30000,30000,1604,1,22,292.9447474008722,3.8899100036360323,81469.34421101469,228.0860349127182
1781653491,400,GET,/timeline/{user_id},50.900000,0.800000,3,4,4,5,240,30000,30000,138000,154000,154000,154000,13518,73,9,646.7551176560476,1.9758609996642917,153810.08100899635,4408.393549341618
1781653491,400,GET,/users/{user_id},21.900000,0.100000,2,3,3,4,240,2200,30000,140000,153000,153000,153000,5369,27,7,744.5274248853573,1.599276001797989,152843.39276698302,262.4024958092755
1781653491,400,,Aggregated,209.000000,2.200000,3,3,4,6,240,30000,30000,140000,155000,155000,155000,54590,271,9,680.1388363324237,1.599276001797989,154830.36042598542,4952.200256457227
1781653492,400,GET,/feed/{user_id},87.300000,1.700000,3,4,5,50,270,1700,30000,139000,155000,155000,155000,22117,114,9,664.8315648632401,1.8433920049574226,154816.22932999744,5844.122484966316
1781653492,400,GET,/feed/{user_id}?with_fof=true,43.300000,0.800000,3,4,5,33,290,2300,138000,142000,155000,155000,155000,11053,51,9,777.1073510009945,1.8819700053427368,154830.36042598542,7317.297294852076
1781653492,400,POST,/likes,3.900000,0.100000,4,6,9,19,380,30000,30000,30000,30000,30000,30000,1141,5,11,570.8829772953358,2.9557490197476,107322.06990398117,179.6327782646801
1781653492,400,POST,/posts,6.600000,0.000000,6,9,10,15,250,300,30000,30000,30000,30000,30000,1613,1,22,292.0963725753048,3.8899100036360323,81469.34421101469,228.09051456912584
1781653492,400,GET,/timeline/{user_id},54.400000,1.700000,3,4,5,10,250,30000,30000,138000,154000,154000,154000,13606,73,9,643.0966466253434,1.9758609996642917,153810.08100899635,4412.775393208878
1781653492,400,GET,/users/{user_id},23.000000,0.300000,2,3,4,160,270,2200,30000,140000,153000,153000,153000,5402,27,7,740.8009390324737,1.599276001797989,152843.39276698302,262.4102184376157
1781653492,400,,Aggregated,218.500000,4.600000,3,4,6,21,270,2300,30000,139000,155000,155000,155000,54932,271,9,676.6139198170475,1.599276001797989,154830.36042598542,4954.547021772373
1781653493,400,GET,/feed/{user_id},91.400000,1.700000,3,4,160,230,290,30000,30000,139000,155000,155000,155000,22261,117,9,679.3622948125086,1.8433920049574226,154816.22932999744,5842.259646916132
1781653493,400,GET,/feed/{user_id}?with_fof=true,46.800000,0.800000,3,4,26,230,300,30000,136000,141000,155000,155000,155000,11134,52,8,788.3766619981216,1.8819700053427368,154830.36042598542,7314.972336985809
1781653493,400,POST,/likes,4.700000,0.100000,5,7,19,230,380,30000,30000,30000,30000,30000,30000,1147,5,11,568.6026432650605,2.9557490197476,107322.06990398117,179.6364428945074
1781653493,400,POST,/posts,7.300000,0.000000,7,9,15,200,270,320,30000,30000,30000,30000,30000,1621,1,22,291.35906325600337,3.8899100036360323,81469.34421101469,228.09006785934608
1781653493,400,GET,/timeline/{user_id},59.600000,1.700000,3,4,6,190,270,30000,30000,137000,154000,154000,154000,13697,74,9,643.8240697078454,1.9758609996642917,153810.08100899635,4409.423815434036
1781653493,400,GET,/users/{user_id},24.800000,0.300000,3,4,190,240,290,1300,30000,140000,153000,153000,153000,5448,27,7,735.6426824026008,1.599276001797989,152843.39276698302,262.4251101321586
1781653493,400,,Aggregated,234.600000,4.600000,3,5,22,220,290,30000,30000,139000,155000,155000,155000,55308,276,9,684.3818197980252,1.599276001797989,154830.36042598542,4952.281604831128
1781653494,400,GET,/feed/{user_id},95.700000,1.700000,4,160,240,270,380,30000,30000,139000,154000,155000,155000,22489,118,9,729.9445930334392,1.8433920049574226,154816.22932999744,5837.741429143137
1781653494,400,GET,/feed/{user_id}?with_fof=true,50.300000,0.800000,4,24,240,270,390,30000,30000,140000,155000,155000,155000,11271,53,9,838.7106106935504,1.8819700053427368,154830.36042598542,7314.233963268565
1781653494,400,POST,/likes,5.000000,0.100000,6,220,250,380,30000,30000,30000,30000,30000,30000,30000,1156,5,11,638.3043994714593,2.9557490197476,107322.06990398117,179.64965397923876
1781653494,400,POST,/posts,8.000000,0.000000,9,16,210,250,410,30000,30000,30000,30000,30000,30000,1644,2,22,416.3157343929057,3.8899100036360323,81469.34421101469,227.9793187347932
1781653494,400,GET,/timeline/{user_id},63.000000,1.700000,4,8,220,250,390,30000,30000,137000,154000,154000,154000,13826,77,9,704.0596324974953,1.9758609996642917,153810.08100899635,4409.174453927383
1781653494,400,GET,/users/{user_id},26.600000,0.300000,3,24,240,260,360,30000,30000,136000,153000,153000,153000,5513,28,7,784.8088347628135,1.599276001797989,152843.39276698302,262.3979684382369
1781653494,400,,Aggregated,248.600000,4.600000,4,26,240,260,390,30000,30000,139000,155000,155000,155000,55899,283,10,739.7648219815177,1.599276001797989,154830.36042598542,4950.249861357091
1781653495,400,GET,/feed/{user_id},101.800000,1.700000,5,210,260,290,430,30000,30000,139000,154000,155000,155000,22653,118,9,725.8306679081794,1.8433920049574226,154816.22932999744,5840.794905751997
1781653495,400,GET,/feed/{user_id}?with_fof=true,53.300000,0.800000,4,200,260,310,450,30000,30000,140000,155000,155000,155000,11364,53,9,833.5514632853764,1.8819700053427368,154830.36042598542,7314.790478704682
1781653495,400,POST,/likes,5.200000,0.100000,15,250,380,410,24000,30000,30000,30000,30000,30000,30000,1174,5,11,631.6965832138739,2.9557490197476,107322.06990398117,179.68228279386713
1781653495,400,POST,/posts,8.600000,0.000000,13,170,250,290,410,30000,30000,30000,30000,30000,30000,1658,2,23,414.25559970381937,3.8899100036360323,81469.34421101469,227.9903498190591
1781653495,400,GET,/timeline/{user_id},66.500000,1.700000,4,82,240,270,440,30000,30000,137000,154000,154000,154000,13945,77,9,699.2694979746379,1.9758609996642917,153810.08100899635,4409.758910003586
1781653495,400,GET,/users/{user_id},28.700000,0.300000,3,190,250,290,410,30000,30000,136000,153000,153000,153000,5562,28,7,779.3513523265638,1.599276001797989,152843.39276698302,262.4097446961525
1781653495,400,,Aggregated,264.100000,4.600000,5,200,250,290,440,30000,30000,138000,154000,155000,155000,56356,283,10,735.134393725564,1.599276001797989,154830.36042598542,4950.304705798851
1781653496,400,GET,/feed/{user_id},116.100000,2.100000,8,240,280,310,410,30000,30000,139000,154000,155000,155000,22830,118,9,721.5007953315213,1.8433920049574226,154816.22932999744,5836.346517739816
1781653496,400,GET,/feed/{user_id}?with_fof=true,62.800000,1.000000,6,230,290,320,440,30000,30000,140000,155000,155000,155000,11457,53,9,828.1242751183568,1.8819700053427368,154830.36042598542,7316.576765296325
1781653496,400,POST,/likes,5.700000,0.100000,19,300,380,410,24000,30000,30000,30000,30000,30000,30000,1181,5,11,628.9931718755332,2.9557490197476,107322.06990398117,179.68755292125317
1781653496,400,POST,/posts,10.000000,0.100000,15,240,290,320,410,30000,30000,30000,30000,30000,30000,1672,2,23,412.6209306871859,3.8899100036360323,81469.34421101469,227.99700956937798
1781653496,400,GET,/timeline/{user_id},75.000000,2.100000,5,210,270,310,420,30000,30000,121000,154000,154000,154000,14058,77,9,695.1285977713347,1.9758609996642917,153810.08100899635,4409.177621283255
1781653496,400,GET,/users/{user_id},32.300000,0.400000,6,230,280,310,400,30000,30000,136000,153000,153000,153000,5615,28,8,773.6442351934952,1.599276001797989,152843.39276698302,262.41976847729296
1781653496,400,,Aggregated,301.900000,5.800000,7,230,280,320,420,30000,30000,137000,154000,155000,155000,56813,283,10,730.6172234809762,1.599276001797989,154830.36042598542,4948.1798003977965
1781653497,400,GET,/feed/{user_id},123.600000,2.100000,18,240,280,310,390,30000,30000,30000,141000,141000,141000,23036,118,9,716.4265076208491,1.8433920049574226,154816.22932999744,5833.901415176246
1781653497,400,GET,/feed/{user_id}?with_fof=true,68.700000,1.000000,7,240,280,310,390,30000,30000,30000,136000,136000,136000,11556,53,9,822.3264231142256,1.8819700053427368,154830.36042598542,7317.272672204916
1781653497,400,POST,/likes,6.800000,0.100000,19,300,370,400,500,30000,30000,30000,30000,30000,30000,1188,5,11,626.081639908251,2.9557490197476,107322.06990398117,179.69107744107745
1781653497,400,POST,/posts,10.600000,0.100000,99,250,300,320,410,30000,30000,30000,30000,30000,30000,1687,2,24,410.78061372140104,3.8899100036360323,81469.34421101469,228.0023710729105
1781653497,400,GET,/timeline/{user_id},81.400000,2.100000,7,230,270,310,390,30000,30000,30000,121000,121000,121000,14188,77,9,690.1786075701008,1.9758609996642917,153810.08100899635,4410.787566957993
1781653497,400,GET,/users/{user_id},35.600000,0.400000,14,240,280,300,390,2200,30000,30000,30000,30000,30000,5655,28,8,769.2680383940719,1.599276001797989,152843.39276698302,262.431299734748
1781653497,400,,Aggregated,326.700000,5.800000,12,240,280,310,390,30000,30000,30000,121000,141000,141000,57310,283,10,725.6262763905797,1.599276001797989,154830.36042598542,4948.710033153027
1781653498,400,GET,/feed/{user_id},132.300000,2.100000,56,260,290,320,380,24000,30000,30000,141000,141000,141000,23204,118,10,712.4626947905834,1.8433920049574226,154816.22932999744,5834.250948112394
1781653498,400,GET,/feed/{user_id}?with_fof=true,74.400000,1.000000,16,250,290,310,390,2300,30000,30000,30000,30000,30000,11651,53,9,816.9078318665302,1.8819700053427368,154830.36042598542,7320.234142992018
1781653498,400,POST,/likes,7.200000,0.100000,35,310,370,400,500,30000,30000,30000,30000,30000,30000,1197,5,11,622.5195243550463,2.9557490197476,107322.06990398117,179.69590643274853
1781653498,400,POST,/posts,11.100000,0.100000,200,280,310,340,410,30000,30000,30000,30000,30000,30000,1700,2,25,409.4391795247108,3.8899100036360323,81469.34421101469,228.00882352941176
1781653498,400,GET,/timeline/{user_id},86.700000,2.100000,16,250,290,310,390,30000,30000,30000,30000,30000,30000,14299,77,10,686.0790365164332,1.9758609996642917,153810.08100899635,4412.209245401777
1781653498,400,GET,/users/{user_id},38.800000,0.400000,48,260,290,310,370,590,30000,30000,30000,30000,30000,5713,28,8,763.3248695668753,1.599276001797989,152843.39276698302,262.445650271311
1781653498,400,,Aggregated,350.500000,5.800000,27,250,290,320,390,25000,30000,30000,30000,141000,141000,57764,283,10,721.246782041182,1.599276001797989,154830.36042598542,4948.726715601412
1781653499,400,GET,/feed/{user_id},145.200000,2.100000,180,260,300,320,370,440,30000,30000,141000,141000,141000,23366,118,10,708.7821971892787,1.8433920049574226,154816.22932999744,5835.28117777968
1781653499,400,GET,/feed/{user_id}?with_fof=true,79.600000,1.000000,31,260,290,320,380,570,30000,30000,30000,30000,30000,11752,53,10,811.4678583402804,1.8819700053427368,154830.36042598542,7314.000595643295
1781653499,400,POST,/likes,7.400000,0.100000,25,280,340,360,410,470,30000,30000,30000,30000,30000,1209,5,11,617.7343525600012,2.9557490197476,107322.06990398117,179.6997518610422
1781653499,400,POST,/posts,12.000000,0.100000,220,290,320,340,390,30000,30000,30000,30000,30000,30000,1713,2,27,408.17354437244745,3.8899100036360323,81469.34421101469,228.0110916520724
1781653499,400,GET,/timeline/{user_id},94.500000,2.100000,23,250,290,310,360,420,30000,30000,30000,30000,30000,14424,77,10,681.4013749070125,1.9758609996642917,153810.08100899635,4417.090474209651
1781653499,400,GET,/users/{user_id},40.900000,0.400000,78,260,290,310,350,410,25000,30000,30000,30000,30000,5759,28,8,758.3709671178344,1.599276001797989,152843.39276698302,262.4551137350234
1781653499,400,,Aggregated,379.600000,5.800000,73,260,290,310,370,450,30000,30000,30000,141000,141000,58223,283,10,716.8955401780266,1.599276001797989,154830.36042598542,4948.778781581162
1781653500,400,GET,/feed/{user_id},153.300000,1.500000,210,270,300,320,360,440,30000,30000,141000,141000,141000,23576,118,10,703.872094446801,1.8433920049574226,154816.22932999744,5829.513106549033
1781653500,400,GET,/feed/{user_id}?with_fof=true,84.200000,0.500000,60,270,290,320,380,600,30000,30000,30000,30000,30000,11826,53,10,807.4280731490899,1.8819700053427368,154830.36042598542,7316.416201589717
1781653500,400,POST,/likes,8.100000,0.100000,48,310,350,370,410,470,30000,30000,30000,30000,30000,1215,5,11,615.2178228774095,2.9557490197476,107322.06990398117,179.69876543209875
1781653500,400,POST,/posts,12.200000,0.100000,250,300,320,340,390,30000,30000,30000,30000,30000,30000,1733,2,27,405.6471134685266,3.8899100036360323,81469.34421101469,228.01557991921524
1781653500,400,GET,/timeline/{user_id},101.200000,1.400000,43,270,290,310,360,420,30000,30000,30000,30000,30000,14546,77,10,676.8908104308107,1.9758609996642917,153810.08100899635,4417.692561528943
1781653500,400,GET,/users/{user_id},43.400000,0.300000,200,270,300,310,350,420,25000,30000,30000,30000,30000,5802,28,8,754.2081394685662,1.599276001797989,152843.39276698302,262.4667356084109
1781653500,400,,Aggregated,402.400000,3.900000,140,270,300,320,370,450,30000,30000,30000,141000,141000,58698,283,10,712.3850616358195,1.599276001797989,154830.36042598542,4946.6184878530785
1781653501,400,GET,/feed/{user_id},160.800000,1.400000,210,280,300,310,360,430,30000,30000,141000,141000,141000,23765,118,10,699.4058096504854,1.8433920049574226,154816.22932999744,5826.619692825584
1781653501,400,GET,/feed/{user_id}?with_fof=true,89.800000,0.400000,120,270,300,320,380,610,30000,30000,30000,30000,30000,11905,53,10,803.2408737544786,1.8819700053427368,154830.36042598542,7315.758588828224
1781653501,400,POST,/likes,9.000000,0.100000,220,300,330,360,410,470,30000,30000,30000,30000,30000,1225,5,11,611.5990682498182,2.9557490197476,107322.06990398117,179.70122448979592
1781653501,400,POST,/posts,13.200000,0.100000,260,300,320,340,390,30000,30000,30000,30000,30000,30000,1746,2,28,404.2774988213168,3.8899100036360323,81469.34421101469,228.01947308132875
1781653501,400,GET,/timeline/{user_id},106.600000,1.300000,130,280,300,310,360,420,30000,30000,30000,30000,30000,14667,77,10,672.7530741038701,1.9758609996642917,153810.08100899635,4419.399740914979
1781653501,400,GET,/users/{user_id},45.800000,0.300000,210,280,300,310,350,420,24000,30000,30000,30000,30000,5856,28,8,748.6140735803876,1.599276001797989,152843.39276698302,262.479337431694
1781653501,400,,Aggregated,425.200000,3.600000,200,280,300,320,370,440,30000,30000,30000,141000,141000,59164,283,11,708.0351631517028,1.599276001797989,154830.36042598542,4944.533736731796
1781653502,400,GET,/feed/{user_id},169.400000,0.400000,220,280,300,310,360,430,30000,30000,141000,141000,141000,23974,118,10,694.6105509110498,1.8433920049574226,154816.22932999744,5823.122174021857
1781653502,400,GET,/feed/{user_id}?with_fof=true,91.600000,0.200000,220,280,300,320,380,600,30000,30000,30000,30000,30000,11996,53,10,798.6023154839254,1.8819700053427368,154830.36042598542,7316.707235745248
1781653502,400,POST,/likes,9.200000,0.000000,230,300,330,360,410,470,30000,30000,30000,30000,30000,1230,5,11,609.8967710984076,2.9557490197476,107322.06990398117,179.70325203252034
1781653502,400,POST,/posts,14.600000,0.100000,270,300,320,340,390,30000,30000,30000,30000,30000,30000,1757,2,28,402.73991061354207,3.8899100036360323,81469.34421101469,228.0204894706887
1781653502,400,GET,/timeline/{user_id},110.800000,0.400000,210,280,300,310,360,420,30000,30000,30000,30000,30000,14797,77,10,668.2653899095327,1.9758609996642917,153810.08100899635,4419.964114347503
1781653502,400,GET,/users/{user_id},47.000000,0.100000,200,280,300,310,350,410,24000,30000,30000,30000,30000,5903,28,8,743.6702332266259,1.599276001797989,152843.39276698302,262.4902591902422
1781653502,400,,Aggregated,442.600000,1.200000,220,280,300,320,370,440,30000,30000,30000,141000,141000,59657,283,11,703.4987031985205,1.599276001797989,154830.36042598542,4944.065356957272
1781653503,400,GET,/feed/{user_id},176.200000,0.400000,210,270,290,300,350,380,430,470,690,690,690,24180,118,10,689.8605509289317,1.8433920049574226,154816.22932999744,5824.512613730356
1781653503,400,GET,/feed/{user_id}?with_fof=true,92.400000,0.200000,220,270,290,310,360,390,570,760,1300,1300,1300,12101,53,11,792.8750977786066,1.8819700053427368,154830.36042598542,7315.118833154284
1781653503,400,POST,/likes,8.900000,0.000000,48,280,310,330,390,410,440,470,470,470,470,1241,5,12,605.4924440379136,2.9557490197476,107322.06990398117,179.70829975825947
1781653503,400,POST,/posts,14.500000,0.100000,260,290,310,330,360,390,430,430,680,680,680,1771,2,29,400.8957325296461,3.8899100036360323,81469.34421101469,228.02371541501975
1781653503,400,GET,/timeline/{user_id},113.400000,0.400000,210,270,290,300,340,380,420,450,580,610,610,14905,77,10,664.3658228002937,1.9758609996642917,153810.08100899635,4413.468701777927
1781653503,400,GET,/users/{user_id},47.600000,0.100000,190,270,290,300,340,380,430,480,620,620,620,5965,28,8,737.1319098437224,1.599276001797989,152843.39276698302,262.5129924559933
1781653503,400,,Aggregated,453.000000,1.200000,210,270,290,300,350,380,440,500,830,1300,1300,60163,283,11,698.7047949087967,1.599276001797989,154830.36042598542,4942.114871266393
1781653504,400,GET,/feed/{user_id},183.800000,0.400000,210,270,280,290,330,360,390,440,640,690,690,24357,118,10,685.7620397160782,1.8433920049574226,154816.22932999744,5827.485240382642
1781653504,400,GET,/feed/{user_id}?with_fof=true,92.500000,0.200000,220,270,280,290,340,380,570,730,1300,1300,1300,12214,53,11,786.9861115660549,1.8819700053427368,154830.36042598542,7318.912886851154
1781653504,400,POST,/likes,9.000000,0.000000,210,270,290,300,360,390,410,440,440,440,440,1250,5,12,602.3918334256392,2.9557490197476,107322.06990398117,179.7112
1781653504,400,POST,/posts,14.300000,0.100000,260,290,310,320,340,380,430,430,680,680,680,1785,2,30,398.949651480085,3.8899100036360323,81469.34421101469,228.0280112044818
1781653504,400,GET,/timeline/{user_id},117.000000,0.400000,220,270,280,290,330,350,390,420,580,610,610,15032,77,11,659.9807329283244,1.9758609996642917,153810.08100899635,4413.818520489622
1781653504,400,GET,/users/{user_id},49.400000,0.100000,200,260,280,290,330,350,400,440,620,620,620,6014,28,8,732.0922806255,1.599276001797989,152843.39276698302,262.52826737612236
1781653504,400,,Aggregated,466.000000,1.200000,220,270,280,290,330,360,410,450,800,1300,1300,60652,283,11,694.1914964183688,1.599276001797989,154830.36042598542,4944.474938996241
1781653505,400,GET,/feed/{user_id},188.700000,0.400000,210,270,280,290,330,360,380,410,640,690,690,24552,118,11,681.6362056659199,1.8433920049574226,154816.22932999744,5827.795169436298
1781653505,400,GET,/feed/{user_id}?with_fof=true,96.800000,0.200000,220,270,280,290,330,370,550,630,1100,1100,1100,12310,53,11,782.3058755799183,1.8819700053427368,154830.36042598542,7319.156458164094
1781653505,400,POST,/likes,9.500000,0.000000,48,260,280,300,320,360,390,400,400,400,400,1257,5,12,599.9732513858723,2.9557490197476,107322.06990398117,179.7175815433572
1781653505,400,POST,/posts,14.600000,0.100000,260,290,310,320,350,380,410,430,680,680,680,1801,2,30,397.43055838697626,3.8899100036360323,81469.34421101469,228.03720155469185
1781653505,400,GET,/timeline/{user_id},120.000000,0.400000,220,270,280,290,320,350,380,410,530,610,610,15141,77,11,656.3986361065124,1.9758609996642917,153810.08100899635,4413.956872069216
1781653505,400,GET,/users/{user_id},50.600000,0.100000,200,260,280,290,330,350,390,420,620,620,620,6062,28,8,727.5286360426951,1.599276001797989,152843.39276698302,262.542230287034
1781653505,400,,Aggregated,480.200000,1.200000,220,270,280,290,330,360,390,440,780,1100,1100,61123,283,11,690.1570047858455,1.599276001797989,154830.36042598542,4944.827560819986
1781653506,400,GET,/feed/{user_id},185.400000,0.000000,220,270,280,290,320,350,370,380,580,640,640,24728,118,11,677.8908153659654,1.8433920049574226,154816.22932999744,5829.514558395342
1781653506,400,GET,/feed/{user_id}?with_fof=true,93.900000,0.000000,230,270,280,290,320,360,530,610,1100,1100,1100,12408,53,12,777.2681358192867,1.8819700053427368,154830.36042598542,7323.405464216635
1781653506,400,POST,/likes,9.300000,0.000000,210,260,280,290,310,330,390,400,400,400,400,1269,5,12,595.7893224484117,2.9557490197476,107322.06990398117,179.7210401891253
1781653506,400,POST,/posts,13.600000,0.000000,250,280,300,310,340,380,400,410,680,680,680,1810,2,30,395.9128221535691,3.8899100036360323,81469.34421101469,228.0364640883978
1781653506,400,GET,/timeline/{user_id},120.000000,0.000000,220,260,280,290,320,340,370,380,510,530,530,15265,77,11,652.2646183402937,1.9758609996642917,153810.08100899635,4415.348575171962
1781653506,400,GET,/users/{user_id},50.500000,0.000000,210,260,280,290,310,340,370,400,620,620,620,6119,28,9,722.0927188024019,1.599276001797989,152843.39276698302,262.5592417061611
1781653506,400,,Aggregated,472.700000,0.000000,220,260,280,290,320,350,380,400,780,1100,1100,61599,283,11,685.9720241435252,1.599276001797989,154830.36042598542,4946.0017045731265
1781653507,400,GET,/feed/{user_id},187.500000,0.000000,220,260,280,290,310,340,370,380,580,640,640,24907,118,11,674.0111393930026,1.8433920049574226,154816.22932999744,5833.922632191753
1781653507,400,GET,/feed/{user_id}?with_fof=true,94.300000,0.000000,220,260,280,290,310,360,530,610,1100,1100,1100,12508,53,12,772.1274612213574,1.8819700053427368,154830.36042598542,7324.165574032619
1781653507,400,POST,/likes,8.500000,0.000000,210,260,280,290,310,320,380,390,390,390,390,1277,5,12,593.3861837823507,2.9557490197476,107322.06990398117,179.72748629600628
1781653507,400,POST,/posts,14.000000,0.000000,250,280,300,310,340,360,390,400,680,680,680,1822,2,30,394.5818304407035,3.8899100036360323,81469.34421101469,228.03732162458837
1781653507,400,GET,/timeline/{user_id},117.700000,0.000000,220,260,280,290,310,340,370,380,510,530,530,15404,77,11,647.9007311041586,1.9758609996642917,153810.08100899635,4415.125681641132
1781653507,400,GET,/users/{user_id},49.400000,0.000000,46,250,280,290,310,340,370,400,620,620,620,6174,28,9,716.7517594251952,1.599276001797989,152843.39276698302,262.57499190152254
1781653507,400,,Aggregated,471.400000,0.000000,220,260,280,290,310,340,370,390,780,1100,1100,62092,283,12,681.6906559651997,1.599276001797989,154830.36042598542,4947.382980094054
1781653508,400,GET,/feed/{user_id},189.500000,0.000000,220,260,280,290,310,340,360,380,550,580,580,25103,118,11,670.0625825934594,1.8433920049574226,154816.22932999744,5831.913476476915
1781653508,400,GET,/feed/{user_id}?with_fof=true,94.300000,0.000000,220,260,280,290,310,350,390,630,1100,1100,1100,12596,53,12,767.7413143835894,1.8819700053427368,154830.36042598542,7330.081375039696
1781653508,400,POST,/likes,8.600000,0.000000,240,260,280,290,310,320,360,390,390,390,390,1284,5,13,591.4571139221827,2.9557490197476,107322.06990398117,179.73052959501558
1781653508,400,POST,/posts,14.000000,0.000000,250,280,300,310,340,360,390,400,680,680,680,1836,2,31,392.8939155620928,3.8899100036360323,81469.34421101469,228.0359477124183
1781653508,400,GET,/timeline/{user_id},119.300000,0.000000,220,260,280,290,310,340,370,380,510,530,530,15534,77,11,643.6869634049533,1.9758609996642917,153810.08100899635,4416.784601519248
1781653508,400,GET,/users/{user_id},49.900000,0.000000,23,250,270,280,310,340,370,400,620,620,620,6212,28,9,713.2069521130106,1.599276001797989,152843.39276698302,262.58644558918223
1781653508,400,,Aggregated,475.600000,0.000000,220,260,280,290,310,340,370,390,830,1100,1100,62565,283,12,677.7161295632737,1.599276001797989,154830.36042598542,4948.760425157836
