Timestamp,User Count,Type,Name,Requests/s,Failures/s,50%,66%,75%,80%,90%,95%,98%,99%,99.9%,99.99%,100%,Total Request Count,Total Failure Count,Total Median Response Time,Total Average Response Time,Total Min Response Time,Total Max Response Time,Total Average Content Size
1781651318,0,,Aggregated,0.000000,0.000000,N/A,N/A,N/A,N/A,N/A,N/A,N/A,N/A,N/A,N/A,N/A,0,0,0,0.0,0,0,0
1781651319,20,GET,/feed/{user_id},0.000000,0.000000,0,0,0,0,0,0,0,0,0,0,0,2,0,5.042817007051781,7.3130945092998445,5.042817007051781,9.583372011547908,5972.0
1781651319,20,GET,/users/{user_id},0.000000,0.000000,0,0,0,0,0,0,0,0,0,0,0,2,0,5,7.110766004188918,4.659302008803934,9.562229999573901,267.0
1781651319,20,,Aggregated,0.000000,0.000000,0,0,0,0,0,0,0,0,0,0,0,4,0,5,7.211930256744381,4.659302008803934,9.583372011547908,3119.5
1781651320,40,GET,/feed/{user_id},0.000000,0.000000,0,0,0,0,0,0,0,0,0,0,0,11,0,5,11.927930275719104,2.640736987814307,44.12866002530791,4157.727272727273
1781651320,40,GET,/feed/{user_id}?with_fof=true,0.000000,0.000000,0,0,0,0,0,0,0,0,0,0,0,6,0,300.0,281.64588966562104,3.2382970093749464,578.9777040190529,3649.0
1781651320,40,POST,/likes,0.000000,0.000000,0,0,0,0,0,0,0,0,0,0,0,2,0,5.4730910051148385,5.83853900025133,5.4730910051148385,6.203986995387822,179.5
1781651320,40,POST,/posts,0.000000,0.000000,0,0,0,0,0,0,0,0,0,0,0,2,0,17,27.59504249843303,16.61838300060481,38.571701996261254,227.5
1781651320,40,GET,/timeline/{user_id},0.000000,0.000000,0,0,0,0,0,0,0,0,0,0,0,6,0,16,114.04728667791157,2.454037021379918,236.89531299169175,3363.0
1781651320,40,GET,/users/{user_id},0.000000,0.000000,5,5,10,10,10,10,10,10,10,10,10,4,0,5,6.672073504887521,2.834838000126183,9.631924011046067,265.5
1781651320,40,,Aggregated,0.000000,0.000000,10,21,44,230,320,480,580,580,580,580,580,31,0,10,83.83618542293627,2.454037021379918,578.9777040190529,2893.0
1781651321,60,GET,/feed/{user_id},0.000000,0.000000,4,5,6,10,21,26,44,44,44,44,44,31,0,4,7.593988613676159,2.640736987814307,44.12866002530791,5571.806451612903
1781651321,60,GET,/feed/{user_id}?with_fof=true,0.000000,0.000000,0,0,0,0,0,0,0,0,0,0,0,9,0,300.0,251.33535777826586,2.88572401041165,578.9777040190529,3515.222222222222
1781651321,60,POST,/likes,0.000000,0.000000,0,0,0,0,0,0,0,0,0,0,0,2,0,5.4730910051148385,5.83853900025133,5.4730910051148385,6.203986995387822,179.5
1781651321,60,POST,/posts,0.000000,0.000000,39,39,39,39,39,39,39,39,39,39,39,3,0,17,21.29916800186038,8.707419008715078,38.571701996261254,227.66666666666666
1781651321,60,GET,/timeline/{user_id},0.000000,0.000000,0,0,0,0,0,0,0,0,0,0,0,17,0,16,86.11321106196984,2.115150011377409,236.89531299169175,4160.705882352941
1781651321,60,GET,/users/{user_id},1.000000,0.000000,3,4,5,5,10,10,10,10,10,10,10,8,0,3,4.792422998434631,2.5193449982907623,9.631924011046067,264.625
1781651321,60,,Aggregated,1.000000,0.000000,5,10,21,44,230,320,480,580,580,580,580,70,0,5,58.21814887250574,2.115150011377409,578.9777040190529,3975.057142857143
1781651322,80,GET,/feed/{user_id},1.000000,0.000000,3,4,5,6,13,21,26,44,44,44,44,57,0,3,5.954595542055342,2.1069679933134466,44.12866002530791,5276.350877192983
1781651322,80,GET,/feed/{user_id}?with_fof=true,0.000000,0.000000,3,3,4,14,180,380,380,380,380,380,380,22,0,3,122.23974499978463,2.3459460062440485,578.9777040190529,5406.909090909091
1781651322,80,POST,/likes,0.000000,0.000000,5,5,6,6,6,6,6,6,6,6,6,3,0,5,5.110685325538118,3.654977976111695,6.203986995387822,179.33333333333334
1781651322,80,POST,/posts,0.500000,0.000000,9,9,39,39,39,39,39,39,39,39,39,4,0,9,17.142829252406955,4.6738130040466785,38.571701996261254,227.5
1781651322,80,GET,/timeline/{user_id},0.000000,0.000000,4,26,30,130,200,200,210,210,210,210,210,33,0,4,59.851769152429014,2.115150011377409,236.89531299169175,3608.969696969697
1781651322,80,GET,/users/{user_id},1.500000,0.000000,3,3,4,4,5,10,10,10,10,10,10,12,0,3,4.093402581929695,1.8467270128894597,9.631924011046067,264.6666666666667
1781651322,80,,Aggregated,3.000000,0.000000,4,5,10,16,200,240,390,480,580,580,580,131,0,4,39.21235818238147,1.8467270128894597,578.9777040190529,4148.274809160305
1781651323,100,GET,/feed/{user_id},4.666667,0.000000,3,4,4,5,12,16,26,44,44,44,44,93,0,3,5.3387491826734115,1.9631219911389053,44.12866002530791,4662.086021505376
1781651323,100,GET,/feed/{user_id}?with_fof=true,2.333333,0.000000,3,3,4,5,25,380,420,420,420,420,420,38,0,3,83.89614244362365,2.154738991521299,578.9777040190529,5721.605263157895
1781651323,100,POST,/likes,0.666667,0.000000,5,6,6,6,6,6,6,6,6,6,6,5,0,5,5.11486079194583,3.654977976111695,6.346870999550447,179.6
1781651323,100,POST,/posts,0.666667,0.000000,5,5,9,9,39,42,42,42,42,42,42,13,0,5,11.399008232938986,3.6490579950623214,41.53011000016704,227.92307692307693
1781651323,100,GET,/timeline/{user_id},2.333333,0.000000,3,9,22,26,200,200,210,210,210,210,210,54,0,3,40.06426122429763,2.115150011377409,236.89531299169175,3731.5185185185187
1781651323,100,GET,/users/{user_id},1.333333,0.000000,3,3,3,4,5,10,10,10,10,10,10,20,0,3,3.5365738993277773,1.770934002706781,9.631924011046067,264.4
1781651323,100,,Aggregated,12.000000,0.000000,3,4,6,10,26,200,380,420,580,580,580,223,0,3,27.3207178562013,1.770934002706781,578.9777040190529,3863.883408071749
1781651324,120,GET,/feed/{user_id},8.250000,0.000000,3,3,4,4,10,13,21,26,44,44,44,138,0,3,4.566805515028334,1.9631219911389053,44.12866002530791,4807.594202898551
1781651324,120,GET,/feed/{user_id}?with_fof=true,2.750000,0.000000,3,3,4,4,25,380,420,420,420,420,420,50,0,3,71.9401738763554,2.154738991521299,578.9777040190529,6279.78
1781651324,120,POST,/likes,0.500000,0.000000,4,5,5,6,6,6,6,6,6,6,6,9,0,4,4.661754662972978,3.654977976111695,6.346870999550447,179.55555555555554
1781651324,120,POST,/posts,0.750000,0.000000,5,5,8,8,39,42,42,42,42,42,42,17,0,5,9.754679768401033,3.6490579950623214,41.53011000016704,227.8235294117647
1781651324,120,GET,/timeline/{user_id},4.750000,0.000000,3,4,11,24,130,200,200,210,210,210,210,76,0,3,33.517713370536896,1.848168991273269,236.89531299169175,3434.0263157894738
1781651324,120,GET,/users/{user_id},2.000000,0.000000,3,3,3,3,5,5,10,10,10,10,10,31,0,3,2.98139400171837,1.6894819855224341,9.631924011046067,264.16129032258067
1781651324,120,,Aggregated,19.000000,0.000000,3,4,5,6,22,190,320,390,580,580,580,321,0,3,22.039821287025944,1.6894819855224341,578.9777040190529,3900.626168224299
1781651325,140,GET,/feed/{user_id},12.200000,0.000000,3,3,4,5,13,26,4700,5600,6600,6600,6600,199,0,3,172.3758233721361,1.948229008121416,6632.234835997224,4495.914572864322
1781651325,140,GET,/feed/{user_id}?with_fof=true,4.400000,0.000000,3,3,4,14,380,700,1700,5600,5600,5600,5600,72,0,3,194.99215412239815,2.154738991521299,5619.27939200541,6383.013888888889
1781651325,140,POST,/likes,0.600000,0.000000,5,5,6,6,6,750,750,750,750,750,750,11,0,5,72.74224963144992,3.654977976111695,753.3689109841362,179.54545454545453
1781651325,140,POST,/posts,0.800000,0.000000,5,5,8,9,42,3700,3700,3700,3700,3700,3700,21,0,5,183.1468675268947,3.6490579950623214,3664.2728809965774,227.85714285714286
1781651325,140,GET,/timeline/{user_id},7.000000,0.000000,3,3,10,22,200,740,3700,3700,5700,5700,5700,115,0,3,183.4519038968922,1.848168991273269,5651.370437000878,3581.1304347826085
1781651325,140,GET,/users/{user_id},2.400000,0.000000,2,3,3,3,4,5,1700,1700,1700,1700,1700,46,0,2,40.339283631866515,1.6894819855224341,1728.8244030205533,263.89130434782606
1781651325,140,,Aggregated,27.400000,0.000000,3,4,5,8,44,420,3700,4700,6600,6600,6600,464,0,3,163.6660536790667,1.6894819855224341,6632.234835997224,3846.967672413793
1781651326,160,GET,/feed/{user_id},15.500000,0.000000,3,3,4,4,11,17,3700,4700,6600,6600,6600,287,0,3,120.68417256741415,1.948229008121416,6632.234835997224,4547.606271777004
1781651326,160,GET,/feed/{user_id}?with_fof=true,6.333333,0.000000,3,3,4,4,180,390,1700,1700,5600,5600,5600,120,0,3,125.08778069823165,1.967248012078926,5619.27939200541,5696.016666666666
1781651326,160,POST,/likes,0.833333,0.000000,5,6,6,8,10,750,750,750,750,750,750,15,0,5,55.133609661910064,3.2420679926872253,753.3689109841362,179.6
1781651326,160,POST,/posts,2.166667,0.000000,5,5,6,7,39,42,3700,3700,3700,3700,3700,29,0,5,133.89687455492094,3.531711990945041,3664.2728809965774,227.79310344827587
1781651326,160,GET,/timeline/{user_id},9.333333,0.000000,3,4,8,13,65,210,2700,3700,5700,5700,5700,184,0,3,118.62960185491197,1.848168991273269,5651.370437000878,3669.7554347826085
1781651326,160,GET,/users/{user_id},3.333333,0.000000,2,3,3,3,4,5,19,1700,1700,1700,1700,70,0,2,27.543221098936296,1.6894819855224341,1728.8244030205533,263.9714285714286
1781651326,160,,Aggregated,37.500000,0.000000,3,3,4,6,18,230,1700,3700,6600,6600,6600,705,0,3,110.79826515728561,1.6894819855224341,6632.234835997224,3818.0113475177304
1781651327,180,GET,/feed/{user_id},20.285714,0.000000,3,3,4,5,15,26,730,4700,6600,6600,6600,391,0,3,91.14306322452279,1.948229008121416,6632.234835997224,4693.6624040920715
1781651327,180,GET,/feed/{user_id}?with_fof=true,7.142857,0.000000,3,3,4,7,86,420,840,1700,5600,5600,5600,176,0,3,104.66304369782102,1.967248012078926,5619.27939200541,5337.613636363636
1781651327,180,POST,/likes,1.285714,0.000000,5,6,8,8,19,750,750,750,750,750,750,19,0,5,45.474575523066484,3.2420679926872253,753.3689109841362,179.68421052631578
1781651327,180,POST,/posts,2.428571,0.000000,5,8,13,14,39,65,3700,3700,3700,3700,3700,43,0,5,97.32056979352586,3.531711990945041,3664.2728809965774,228.06976744186048
1781651327,180,GET,/timeline/{user_id},11.142857,0.000000,3,4,7,12,42,200,1800,3700,5700,5700,5700,253,0,3,90.07645836074674,1.848168991273269,5651.370437000878,3634.403162055336
1781651327,180,GET,/users/{user_id},4.714286,0.000000,3,3,3,4,10,27,57,1700,1700,1700,1700,93,0,3,23.526537150109526,1.6894819855224341,1728.8244030205533,264.26881720430106
1781651327,180,,Aggregated,47.000000,0.000000,3,4,5,7,22,190,750,3700,6600,6600,6600,975,0,3,86.23974027476298,1.6894819855224341,6632.234835997224,3827.6348717948717
1781651328,200,GET,/feed/{user_id},25.375000,0.000000,3,3,4,5,17,31,77,3700,6600,6600,6600,519,0,3,71.06622103582627,1.840248005464673,6632.234835997224,4357.3217726396915
1781651328,200,GET,/feed/{user_id}?with_fof=true,9.250000,0.000000,3,4,5,9,81,590,840,1700,5600,5600,5600,229,0,3,96.71150972442925,1.967248012078926,5619.27939200541,5255.720524017467
1781651328,200,POST,/likes,1.375000,0.000000,5,6,7,8,15,19,750,750,750,750,750,29,0,5,31.725408860626793,3.2420679926872253,753.3689109841362,179.82758620689654
1781651328,200,POST,/posts,2.625000,0.000000,5,8,13,15,42,65,3700,3700,3700,3700,3700,50,0,5,85.92675782216247,3.531711990945041,3664.2728809965774,228.14
1781651328,200,GET,/timeline/{user_id},15.000000,0.000000,3,4,7,11,31,190,420,2700,5700,5700,5700,324,0,3,73.24722672673948,1.848168991273269,5651.370437000878,3379.6635802469136
1781651328,200,GET,/users/{user_id},5.750000,0.000000,2,3,3,4,15,31,55,57,1700,1700,1700,121,0,2,19.737308297002272,1.6894819855224341,1728.8244030205533,264.26446280991735
1781651328,200,,Aggregated,59.375000,0.000000,3,4,5,8,26,82,690,2700,5700,6600,6600,1272,0,3,71.04323502826675,1.6894819855224341,6632.234835997224,3623.128144654088
1781651329,220,GET,/feed/{user_id},32.333333,0.000000,3,3,4,5,15,28,76,2700,6600,6600,6600,639,0,3,58.64343486628087,1.840248005464673,6632.234835997224,4346.730829420971
1781651329,220,GET,/feed/{user_id}?with_fof=true,13.333333,0.000000,3,4,4,7,68,450,780,1700,5600,5600,5600,297,0,3,80.53107756538463,1.967248012078926,5619.27939200541,5175.074074074074
1781651329,220,POST,/likes,1.666667,0.000000,5,6,7,8,10,19,750,750,750,750,750,37,0,5,26.118521105869345,3.120855981251225,753.3689109841362,179.9189189189189
1781651329,220,POST,/posts,3.222222,0.000000,5,8,10,13,32,55,89,3700,3700,3700,3700,62,0,5,70.74666201726593,3.531711990945041,3664.2728809965774,228.0483870967742
1781651329,220,GET,/timeline/{user_id},20.666667,0.000000,3,4,5,9,22,90,310,2700,5700,5700,5700,406,0,3,59.916585752782936,1.848168991273269,5651.370437000878,3237.4729064039407
1781651329,220,GET,/users/{user_id},7.777778,0.000000,2,3,3,4,11,19,55,57,1700,1700,1700,149,0,2,16.703609496491005,1.6894819855224341,1728.8244030205533,264.3691275167785
1781651329,220,,Aggregated,79.000000,0.000000,3,4,5,7,20,68,480,1700,5700,6600,6600,1590,0,3,58.84184583211786,1.6894819855224341,6632.234835997224,3578.087421383648
1781651330,240,GET,/feed/{user_id},39.600000,0.000000,3,4,4,6,18,33,69,730,6600,6600,6600,783,0,3,49.75146804795729,1.840248005464673,6632.234835997224,4256.938697318008
1781651330,240,GET,/feed/{user_id}?with_fof=true,17.800000,0.000000,3,4,5,8,45,390,700,840,5600,5600,5600,356,0,3,68.89376668803972,1.948490011272952,5619.27939200541,4707.974719101124
1781651330,240,POST,/likes,1.900000,0.000000,5,7,7,8,19,52,750,750,750,750,750,49,0,5,23.517619609376606,3.120855981251225,753.3689109841362,179.91836734693877
1781651330,240,POST,/posts,4.300000,0.000000,5,7,9,13,42,59,89,3700,3700,3700,3700,72,0,5,63.05515807010428,3.531711990945041,3664.2728809965774,228.04166666666666
1781651330,240,GET,/timeline/{user_id},25.700000,0.000000,3,4,7,11,30,100,310,1800,5700,5700,5700,476,0,3,55.686815182334534,1.848168991273269,5651.370437000878,3179.2584033613443
1781651330,240,GET,/users/{user_id},9.300000,0.000000,2,3,4,5,15,31,53,57,1700,1700,1700,186,0,3,15.097234307059777,1.6609489975962788,1728.8244030205533,264.3709677419355
1781651330,240,,Aggregated,98.600000,0.000000,3,4,5,8,24,53,380,840,5700,6600,6600,1922,0,3,51.242936926276805,1.6609489975962788,6632.234835997224,3432.3397502601456
1781651331,260,GET,/feed/{user_id},52.200000,0.000000,3,4,5,8,22,45,74,120,6600,6600,6600,892,0,3,45.587337650015435,1.840248005464673,6632.234835997224,4203.92264573991
1781651331,260,GET,/feed/{user_id}?with_fof=true,23.100000,0.000000,3,4,5,8,42,380,690,840,5600,5600,5600,421,0,3,61.14366309969761,1.948490011272952,5619.27939200541,4658.0332541567695
1781651331,260,POST,/likes,2.900000,0.000000,5,7,8,8,19,52,750,750,750,750,750,50,0,5,23.15533615706954,3.120855981251225,753.3689109841362,179.92
1781651331,260,POST,/posts,5.100000,0.000000,5,8,13,15,46,65,89,3700,3700,3700,3700,85,0,5,57.167352565139645,3.531711990945041,3664.2728809965774,228.11764705882354
1781651331,260,GET,/timeline/{user_id},32.600000,0.000000,3,4,6,10,26,62,310,740,5700,5700,5700,562,0,3,48.45948944589557,1.848168991273269,5651.370437000878,3266.3629893238435
1781651331,260,GET,/users/{user_id},12.000000,0.000000,3,3,4,5,17,38,47,55,1700,1700,1700,224,0,3,14.10682179968197,1.6609489975962788,1728.8244030205533,264.33035714285717
1781651331,260,,Aggregated,127.900000,0.000000,3,4,6,8,26,55,320,740,5600,6600,6600,2234,0,3,46.02351847645429,1.6609489975962788,6632.234835997224,3417.2887197851387
1781651332,280,GET,/feed/{user_id},64.200000,0.000000,3,4,7,12,40,94,170,220,6600,6600,6600,1019,0,3,46.675645699164754,1.840248005464673,6632.234835997224,4164.50441609421
1781651332,280,GET,/feed/{user_id}?with_fof=true,29.900000,0.000000,3,4,7,11,64,380,700,840,5600,5600,5600,464,0,3,63.489729389967295,1.948490011272952,5619.27939200541,4610.890086206897
1781651332,280,POST,/likes,3.700000,0.000000,6,7,8,8,31,110,230,750,750,750,750,54,0,5,28.166739312129923,3.120855981251225,753.3689109841362,179.96296296296296
1781651332,280,POST,/posts,6.100000,0.000000,5,9,14,30,65,130,220,3700,3700,3700,3700,94,0,5,58.98775306420074,3.531711990945041,3664.2728809965774,228.19148936170214
1781651332,280,GET,/timeline/{user_id},40.700000,0.000000,3,4,8,12,54,160,660,1200,5700,5700,5700,643,0,3,59.56829869779316,1.848168991273269,5651.370437000878,3359.048211508554
1781651332,280,GET,/users/{user_id},14.600000,0.000000,3,4,5,9,42,98,130,150,1700,1700,1700,251,0,3,19.420786219833612,1.6609489975962788,1728.8244030205533,264.43027888446215
1781651332,280,,Aggregated,159.200000,0.000000,3,4,7,12,47,130,380,840,5600,6600,6600,2525,0,3,50.40182317589815,1.6609489975962788,6632.234835997224,3421.9766336633666
1781651333,300,GET,/feed/{user_id},77.200000,0.000000,3,5,11,19,77,180,210,240,5600,6600,6600,1132,0,3,50.60034317904203,1.840248005464673,6632.234835997224,4133.7623674911665
1781651333,300,GET,/feed/{user_id}?with_fof=true,35.000000,0.000000,3,5,9,20,170,390,840,1400,5600,5600,5600,520,0,3,77.62590600927629,1.948490011272952,5619.27939200541,4600.515384615384
1781651333,300,POST,/likes,4.700000,0.000000,6,7,10,18,52,190,230,750,750,750,750,65,0,6,28.77871282846452,3.120855981251225,753.3689109841362,180.15384615384616
1781651333,300,POST,/posts,7.000000,0.000000,6,11,22,32,77,150,240,3700,3700,3700,3700,101,0,6,59.701825366447686,3.531711990945041,3664.2728809965774,228.17821782178217
1781651333,300,GET,/timeline/{user_id},46.900000,0.000000,3,5,11,19,140,220,660,1200,5700,5700,5700,731,0,3,63.035996985727174,1.848168991273269,5651.370437000878,3305.87414500684
1781651333,300,GET,/users/{user_id},18.300000,0.000000,3,4,7,13,47,130,200,220,1700,1700,1700,284,0,3,23.392807335562473,1.6609489975962788,1728.8244030205533,264.34859154929575
1781651333,300,,Aggregated,189.100000,0.000000,3,5,11,19,90,200,390,1100,5600,6600,6600,2833,0,3,55.86601884194386,1.6609489975962788,6632.234835997224,3387.967525591246
1781651334,320,GET,/feed/{user_id},86.000000,0.000000,3,6,15,28,140,200,220,240,5600,6600,6600,1265,0,3,52.56449968198392,1.840248005464673,6632.234835997224,4075.104347826087
1781651334,320,GET,/feed/{user_id}?with_fof=true,41.000000,0.000000,3,6,13,30,190,450,840,1300,5600,5600,5600,585,0,3,78.78540218071456,1.948490011272952,5619.27939200541,4595.157264957265
1781651334,320,POST,/likes,4.800000,0.000000,7,8,18,28,67,190,230,750,750,750,750,76,0,6,31.755319918279145,3.120855981251225,753.3689109841362,180.25
1781651334,320,POST,/posts,8.300000,0.000000,8,15,30,46,130,180,240,3700,3700,3700,3700,111,0,7,60.23510315309715,3.531711990945041,3664.2728809965774,228.21621621621622
1781651334,320,GET,/timeline/{user_id},54.300000,0.000000,3,5,13,26,170,220,440,1100,5700,5700,5700,829,0,3,62.9656315112104,1.848168991273269,5651.370437000878,3327.0361881785284
1781651334,320,GET,/users/{user_id},21.600000,0.000000,3,4,11,18,120,190,220,240,1700,1700,1700,329,0,3,29.327779395720217,1.6609489975962788,1728.8244030205533,264.3768996960486
1781651334,320,,Aggregated,216.000000,0.000000,4,6,15,28,150,210,390,860,5600,6600,6600,3195,0,3,57.443005033238194,1.6609489975962788,6632.234835997224,3357.5267605633803
1781651335,340,GET,/feed/{user_id},95.800000,0.000000,3,6,18,35,140,190,210,230,340,400,400,1408,0,3,51.976078773908405,1.840248005464673,6632.234835997224,4104.651278409091
1781651335,340,GET,/feed/{user_id}?with_fof=true,44.200000,0.000000,3,6,15,36,170,260,780,880,1700,1700,1700,665,0,3,76.07110568984845,1.948490011272952,5619.27939200541,4513.724812030076
1781651335,340,POST,/likes,5.100000,0.000000,7,8,19,31,130,150,230,230,230,230,230,83,0,6,36.18077371944112,3.120855981251225,753.3689109841362,180.24096385542168
1781651335,340,POST,/posts,9.000000,0.000000,8,15,32,55,150,180,220,240,240,240,240,116,0,7,62.35338238786488,3.531711990945041,3664.2728809965774,228.2155172413793
1781651335,340,GET,/timeline/{user_id},60.800000,0.000000,3,6,19,47,160,210,310,630,1200,1200,1200,938,0,3,62.75361476967216,1.848168991273269,5651.370437000878,3320.6119402985073
1781651335,340,GET,/users/{user_id},23.900000,0.000000,3,5,14,36,130,190,220,230,270,270,270,369,0,3,32.260739276621635,1.6609489975962788,1728.8244030205533,264.3360433604336
1781651335,340,,Aggregated,238.800000,0.000000,4,7,18,39,150,200,240,480,1200,1700,1700,3579,0,3,57.21506125178655,1.6609489975962788,6632.234835997224,3362.58256496228
1781651336,360,GET,/feed/{user_id},104.100000,0.000000,4,10,31,72,160,200,210,230,350,400,400,1567,0,3,53.767500760578436,1.840248005464673,6632.234835997224,4007.1186981493297
1781651336,360,GET,/feed/{user_id}?with_fof=true,48.200000,0.000000,4,7,25,64,180,240,740,860,1700,1700,1700,737,0,3,74.25792706316669,1.948490011272952,5619.27939200541,4508.367706919946
1781651336,360,POST,/likes,6.000000,0.000000,7,15,31,50,150,200,230,230,230,230,230,92,0,6,40.13371351870971,3.120855981251225,753.3689109841362,180.2391304347826
1781651336,360,POST,/posts,8.800000,0.000000,9,24,38,59,160,180,220,240,240,240,240,126,0,8,62.37369950787748,3.531711990945041,3664.2728809965774,228.22222222222223
1781651336,360,GET,/timeline/{user_id},67.500000,0.000000,4,8,26,88,180,210,320,630,1200,1200,1200,1038,0,3,62.55407334955948,1.848168991273269,5651.370437000878,3311.9710982658958
1781651336,360,GET,/users/{user_id},26.500000,0.000000,3,7,17,42,160,200,220,230,270,270,270,399,0,3,33.53712121603887,1.6609489975962788,1728.8244030205533,264.30075187969925
1781651336,360,,Aggregated,261.100000,0.000000,4,9,28,66,170,200,240,480,1200,1700,1700,3959,0,4,57.80388815891295,1.6609489975962788,6632.234835997224,3331.7610507703967
1781651337,380,GET,/feed/{user_id},112.300000,0.000000,4,16,55,130,190,210,260,320,350,400,400,1718,0,4,57.21561275533703,1.840248005464673,6632.234835997224,4039.602444703143
1781651337,380,GET,/feed/{user_id}?with_fof=true,53.500000,0.000000,4,13,46,110,190,260,560,880,1700,1700,1700,807,0,3,75.37356983965333,1.9182849791832268,5619.27939200541,4521.112763320942
1781651337,380,POST,/likes,6.700000,0.000000,8,29,49,53,150,200,230,230,230,230,230,96,0,7,39.55404067407168,3.120855981251225,753.3689109841362,180.22916666666666
1781651337,380,POST,/posts,9.400000,0.000000,9,35,65,150,180,190,240,340,340,340,340,133,0,8,65.42139639093233,3.531711990945041,3664.2728809965774,228.22556390977442
1781651337,380,GET,/timeline/{user_id},75.100000,0.000000,4,22,93,140,200,240,340,630,1200,1200,1200,1143,0,4,66.04475986968937,1.848168991273269,5651.370437000878,3285.3552055993
1781651337,380,GET,/users/{user_id},29.600000,0.000000,3,9,40,110,190,220,270,320,350,350,350,437,0,3,38.74851963412202,1.6609489975962788,1728.8244030205533,264.3363844393593
1781651337,380,,Aggregated,286.600000,0.000000,4,18,67,130,190,220,320,400,1200,1700,1700,4334,0,4,60.92371730736973,1.6609489975962788,6632.234835997224,3347.2328103368714
1781651339,400,GET,/feed/{user_id},127.600000,0.000000,6,40,120,150,200,230,310,340,360,400,400,1856,0,4,59.681793984148904,1.840248005464673,6632.234835997224,4027.1061422413795
1781651339,400,GET,/feed/{user_id}?with_fof=true,61.700000,0.000000,4,24,80,140,200,270,560,880,1700,1700,1700,883,0,4,74.6175931818179,1.9182849791832268,5619.27939200541,4582.220838052095
1781651339,400,POST,/likes,7.700000,0.000000,9,35,52,68,150,200,230,230,230,230,230,98,0,7,39.50570824191364,3.120855981251225,753.3689109841362,180.25510204081633
1781651339,400,POST,/posts,9.700000,0.000000,17,56,150,160,190,220,340,340,340,340,340,143,0,9,68.98015211914321,3.531711990945041,3664.2728809965774,228.27972027972027
1781651339,400,GET,/timeline/{user_id},85.200000,0.000000,5,42,120,160,200,270,350,630,1200,1200,1200,1241,0,4,67.88270758248893,1.848168991273269,5651.370437000878,3241.432715551974
1781651339,400,GET,/users/{user_id},32.900000,0.000000,4,17,92,130,200,240,320,340,350,350,350,486,0,3,43.731716339614856,1.6609489975962788,1728.8244030205533,264.3374485596708
1781651339,400,,Aggregated,324.800000,0.000000,5,35,110,150,200,240,330,390,1200,1700,1700,4707,0,4,62.861380885020644,1.6609489975962788,6632.234835997224,3340.0902910558743
1781651340,400,GET,/feed/{user_id},132.200000,0.000000,6,63,140,160,200,240,320,340,360,400,400,2042,0,4,60.038949353968746,1.840248005464673,6632.234835997224,4040.107247796278
1781651340,400,GET,/feed/{user_id}?with_fof=true,62.900000,0.000000,4,27,120,160,210,310,740,940,1700,1700,1700,966,0,4,77.10607707503229,1.9182849791832268,5619.27939200541,4648.25983436853
1781651340,400,POST,/likes,7.700000,0.000000,12,49,130,150,200,230,250,300,300,300,300,110,0,7,45.21309464286208,3.120855981251225,753.3689109841362,180.27272727272728
1781651340,400,POST,/posts,9.000000,0.000000,24,76,170,180,220,310,340,340,340,340,340,158,0,9,73.1686319876978,3.531711990945041,3664.2728809965774,228.22784810126583
1781651340,400,GET,/timeline/{user_id},88.600000,0.000000,5,56,140,170,210,290,390,660,1200,1200,1200,1340,0,4,68.62482195898174,1.848168991273269,5651.370437000878,3220.10223880597
1781651340,400,GET,/users/{user_id},34.400000,0.000000,4,37,130,170,210,270,320,340,350,350,350,526,0,3,46.38373009347492,1.6609489975962788,1728.8244030205533,264.351711026616
1781651340,400,,Aggregated,334.800000,0.000000,6,49,140,170,210,260,340,440,1200,1700,1700,5142,0,4,64.17214950491244,1.6609489975962788,6632.234835997224,3354.7246207701282
1781651341,400,GET,/feed/{user_id},133.400000,0.000000,6,77,140,170,210,240,310,340,360,400,400,2211,0,4,59.804042448974286,1.840248005464673,6632.234835997224,4059.441429217549
1781651341,400,GET,/feed/{user_id}?with_fof=true,65.100000,0.000000,5,60,150,180,230,320,800,940,1700,1700,1700,1048,0,4,79.6785780683505,1.9182849791832268,5619.27939200541,4711.5400763358775
1781651341,400,POST,/likes,6.900000,0.000000,18,67,150,180,210,240,270,300,300,300,300,122,0,7,51.2274674566455,3.120855981251225,753.3689109841362,180.36065573770492
1781651341,400,POST,/posts,9.200000,0.000000,21,76,170,180,220,310,340,340,340,340,340,172,0,9,70.29264224479977,3.531711990945041,3664.2728809965774,228.25581395348837
1781651341,400,GET,/timeline/{user_id},91.400000,0.000000,6,93,150,180,210,290,390,660,1200,1200,1200,1428,0,4,68.9494251049587,1.848168991273269,5651.370437000878,3203.825630252101
1781651341,400,GET,/users/{user_id},36.500000,0.000000,5,66,140,180,220,270,320,340,350,350,350,573,0,3,47.61974527082044,1.6609489975962788,1728.8244030205533,264.35602094240835
1781651341,400,,Aggregated,342.500000,0.000000,7,77,150,170,210,270,340,530,1200,1700,1700,5554,0,4,64.78499572491734,1.6609489975962788,6632.234835997224,3367.108750450126
1781651342,400,GET,/feed/{user_id},139.600000,0.000000,6,73,140,170,210,240,310,340,390,400,400,2393,0,4,59.03137608678559,1.840248005464673,6632.234835997224,4052.4036773923945
1781651342,400,GET,/feed/{user_id}?with_fof=true,66.700000,0.000000,5,60,140,170,220,310,700,930,1700,1700,1700,1130,0,4,77.67512887583395,1.9182849791832268,5619.27939200541,4716.906194690266
1781651342,400,POST,/likes,7.300000,0.000000,12,43,130,150,210,230,270,300,300,300,300,135,0,7,48.683533887163286,3.120855981251225,753.3689109841362,180.33333333333334
1781651342,400,POST,/posts,9.600000,0.000000,21,76,170,180,220,310,340,340,340,340,340,184,0,9,69.82762342997138,3.531711990945041,3664.2728809965774,228.21195652173913
1781651342,400,GET,/timeline/{user_id},93.300000,0.000000,6,95,150,170,210,260,330,390,900,900,900,1534,0,4,68.18785965576603,1.848168991273269,5651.370437000878,3206.249674054759
1781651342,400,GET,/users/{user_id},37.700000,0.000000,4,55,150,170,210,260,310,340,350,350,350,618,0,3,48.15169352622519,1.6024920041672885,1728.8244030205533,264.415857605178
1781651342,400,,Aggregated,354.200000,0.000000,6,71,140,170,210,260,330,390,1100,1700,1700,5994,0,4,63.86610972679418,1.6024920041672885,6632.234835997224,3365.972305638972
1781651343,400,GET,/feed/{user_id},142.300000,0.000000,5,71,140,150,200,230,310,330,360,390,390,2578,0,4,58.85706742696845,1.840248005464673,6632.234835997224,4048.513964313421
1781651343,400,GET,/feed/{user_id}?with_fof=true,69.000000,0.000000,5,52,140,150,210,280,560,740,1100,1100,1100,1208,0,4,77.01443916446216,1.9182849791832268,5619.27939200541,4712.141556291391
1781651343,400,POST,/likes,7.300000,0.000000,12,67,140,150,210,240,270,300,300,300,300,142,0,7,49.6704824419256,3.120855981251225,753.3689109841362,180.32394366197184
1781651343,400,POST,/posts,10.000000,0.000000,24,76,160,180,210,310,340,340,340,340,340,195,0,10,68.89195229293993,3.531711990945041,3664.2728809965774,228.21025641025642
1781651343,400,GET,/timeline/{user_id},95.100000,0.000000,6,85,140,160,200,250,330,350,900,900,900,1644,0,4,66.96483791905507,1.848168991273269,5651.370437000878,3224.2986618004866
1781651343,400,GET,/users/{user_id},38.600000,0.000000,4,38,140,170,200,250,310,340,350,350,350,668,0,3,47.36743856038972,1.6024920041672885,1728.8244030205533,264.4431137724551
1781651343,400,,Aggregated,362.300000,0.000000,6,67,140,160,200,250,320,350,900,1100,1100,6435,0,4,63.245647869236755,1.6024920041672885,6632.234835997224,3368.5839937839937
1781651344,400,GET,/feed/{user_id},150.000000,0.000000,5,71,140,150,200,230,310,340,390,440,440,2750,0,4,59.44662691951221,1.840248005464673,6632.234835997224,4034.2956363636363
1781651344,400,GET,/feed/{user_id}?with_fof=true,70.800000,0.000000,4,52,130,150,210,270,540,700,1100,1100,1100,1302,0,4,76.34110838079953,1.9182849791832268,5619.27939200541,4757.970046082949
1781651344,400,POST,/likes,8.500000,0.000000,12,130,150,180,210,240,270,300,300,300,300,151,0,7,52.73152078657615,3.120855981251225,753.3689109841362,180.33112582781456
1781651344,400,POST,/posts,9.800000,0.000000,18,58,160,180,210,310,340,340,340,340,340,209,0,10,67.64915422592134,3.531711990945041,3664.2728809965774,228.1818181818182
1781651344,400,GET,/timeline/{user_id},97.200000,0.000000,5,79,140,160,190,250,330,340,900,900,900,1732,0,4,65.60287359120878,1.848168991273269,5651.370437000878,3247.493648960739
1781651344,400,GET,/users/{user_id},39.400000,0.000000,4,40,140,160,200,250,310,340,350,350,350,715,0,3,48.48843827474068,1.6024920041672885,1728.8244030205533,264.4839160839161
1781651344,400,,Aggregated,375.700000,0.000000,5,66,140,160,200,240,320,350,900,1100,1100,6859,0,4,63.167938538979925,1.6024920041672885,6632.234835997224,3379.1915731156146
1781651345,400,GET,/feed/{user_id},155.700000,0.000000,5,73,140,150,200,230,310,330,390,440,440,2916,0,4,59.13421167752797,1.840248005464673,6632.234835997224,4048.682784636488
1781651345,400,GET,/feed/{user_id}?with_fof=true,74.400000,0.000000,5,58,130,150,200,260,530,700,1100,1100,1100,1378,0,4,74.94114088604624,1.9182849791832268,5619.27939200541,4719.119738751814
1781651345,400,POST,/likes,8.800000,0.000000,9,81,150,170,210,240,270,300,300,300,300,160,0,7,52.67674632341368,3.120855981251225,753.3689109841362,180.33125
1781651345,400,POST,/posts,10.100000,0.000000,15,35,140,160,200,300,340,340,340,340,340,224,0,9,64.31938378682389,3.531711990945041,3664.2728809965774,228.15625
1781651345,400,GET,/timeline/{user_id},100.000000,0.000000,5,71,140,160,190,250,320,340,900,900,900,1847,0,4,65.08020296752159,1.848168991273269,5651.370437000878,3228.238765565782
1781651345,400,GET,/users/{user_id},41.400000,0.000000,4,29,130,150,200,240,310,340,350,350,350,756,0,3,47.74330571094724,1.6024920041672885,1728.8244030205533,264.4973544973545
1781651345,400,,Aggregated,390.400000,0.000000,5,63,140,150,200,240,320,340,900,1100,1100,7281,0,4,62.46904941232338,1.6024920041672885,6632.234835997224,3371.9795357780527
1781651346,400,GET,/feed/{user_id},161.200000,0.000000,5,60,140,150,190,230,310,330,390,440,440,3082,0,4,58.68450731589508,1.840248005464673,6632.234835997224,4067.080467229072
1781651346,400,GET,/feed/{user_id}?with_fof=true,77.900000,0.000000,5,68,140,150,200,260,480,700,1100,1100,1100,1478,0,4,74.7097953191304,1.9182849791832268,5619.27939200541,4707.671853856563
1781651346,400,POST,/likes,8.600000,0.000000,10,68,140,150,200,230,270,300,300,300,300,173,0,7,52.827232449337025,3.120855981251225,753.3689109841362,180.32369942196533
1781651346,400,POST,/posts,10.800000,0.000000,12,38,140,160,200,300,340,340,340,340,340,239,0,9,64.80732488396741,3.531711990945041,3664.2728809965774,228.15481171548117
1781651346,400,GET,/timeline/{user_id},100.100000,0.000000,5,74,140,150,190,240,320,340,900,900,900,1945,0,4,64.55997417170367,1.848168991273269,5651.370437000878,3236.3352185089975
1781651346,400,GET,/users/{user_id},43.000000,0.000000,4,40,140,150,200,250,320,340,350,350,350,798,0,3,48.52976457327155,1.6024920041672885,1728.8244030205533,264.5375939849624
1781651346,400,,Aggregated,401.600000,0.000000,5,62,140,150,200,240,320,340,900,1100,1100,7715,0,4,62.243770937615196,1.6024920041672885,6632.234835997224,3380.9694102397925
1781651347,400,GET,/feed/{user_id},165.000000,0.000000,5,46,130,140,180,220,270,320,390,440,440,3239,0,4,58.09036270716662,1.840248005464673,6632.234835997224,4060.7780179067613
1781651347,400,GET,/feed/{user_id}?with_fof=true,79.100000,0.000000,4,43,130,150,190,240,330,700,1100,1100,1100,1574,0,4,72.3458074325482,1.9182849791832268,5619.27939200541,4683.988564167726
1781651347,400,POST,/likes,8.400000,0.000000,9,81,140,150,200,230,270,300,300,300,300,181,0,7,52.24319078859189,3.120855981251225,753.3689109841362,180.31491712707182
1781651347,400,POST,/posts,11.300000,0.000000,10,26,140,150,200,240,330,340,340,340,340,256,0,9,64.29041189960572,3.531711990945041,3664.2728809965774,228.14453125
1781651347,400,GET,/timeline/{user_id},101.600000,0.000000,5,70,130,140,180,220,290,330,900,900,900,2058,0,4,64.4152681064381,1.848168991273269,5651.370437000878,3221.622448979592
1781651347,400,GET,/users/{user_id},42.700000,0.000000,4,40,130,150,190,220,280,310,350,350,350,843,0,3,48.72188768857783,1.6024920041672885,1728.8244030205533,264.5670225385528
1781651347,400,,Aggregated,408.100000,0.000000,5,50,130,150,180,220,290,340,900,1100,1100,8151,0,4,61.536071864912095,1.6024920041672885,6632.234835997224,3370.093117408907
1781651348,400,GET,/feed/{user_id},166.500000,0.000000,4,35,130,140,170,200,230,260,390,440,440,3408,0,4,57.92063928066869,1.840248005464673,6632.234835997224,4080.088615023474
1781651348,400,GET,/feed/{user_id}?with_fof=true,81.200000,0.000000,4,33,140,150,190,230,310,700,1100,1100,1100,1655,0,4,71.85896838353271,1.9182849791832268,5619.27939200541,4667.335951661631
1781651348,400,POST,/likes,8.900000,0.000000,9,81,150,150,190,230,270,300,300,300,300,190,0,7,52.55912106704751,3.120855981251225,753.3689109841362,180.33157894736843
1781651348,400,POST,/posts,12.300000,0.000000,10,25,120,150,200,210,310,330,340,340,340,269,0,9,64.43556685264215,3.531711990945041,3664.2728809965774,228.14126394052045
1781651348,400,GET,/timeline/{user_id},100.700000,0.000000,5,45,130,140,170,200,250,300,900,900,900,2160,0,4,64.11094573471658,1.848168991273269,5651.370437000878,3222.773611111111
1781651348,400,GET,/users/{user_id},42.900000,0.000000,4,25,120,140,180,200,240,260,330,330,330,880,0,3,48.553931341302814,1.6024920041672885,1728.8244030205533,264.57613636363635
1781651348,400,,Aggregated,412.500000,0.000000,5,34,130,150,180,200,250,300,900,1100,1100,8562,0,4,61.299536813443076,1.6024920041672885,6632.234835997224,3377.6026629292223
1781651349,400,GET,/feed/{user_id},166.600000,0.000000,5,38,130,140,170,210,230,250,390,440,440,3575,0,4,58.41574174865683,1.840248005464673,6632.234835997224,4077.273006993007
1781651349,400,GET,/feed/{user_id}?with_fof=true,83.700000,0.000000,4,33,130,150,190,230,290,670,820,820,820,1757,0,4,72.4766437756156,1.9182849791832268,5619.27939200541,4637.028457598179
1781651349,400,POST,/likes,8.900000,0.000000,9,51,140,150,190,230,250,270,270,270,270,197,0,7,53.340624754912774,3.120855981251225,753.3689109841362,180.3197969543147
1781651349,400,POST,/posts,12.900000,0.000000,9,24,140,150,200,210,240,270,280,280,280,282,0,9,66.33124060054469,3.531711990945041,3664.2728809965774,228.13120567375887
1781651349,400,GET,/timeline/{user_id},101.600000,0.000000,5,60,130,140,170,200,240,270,470,470,470,2258,0,4,64.44399874080523,1.848168991273269,5651.370437000878,3238.0358724534985
1781651349,400,GET,/users/{user_id},44.400000,0.000000,4,21,120,140,180,210,240,260,330,330,330,921,0,3,49.7794084714629,1.6024920041672885,1728.8244030205533,264.6069489685125
1781651349,400,,Aggregated,418.100000,0.000000,5,37,130,140,180,210,240,270,730,820,820,8990,0,4,61.93021547833501,1.6024920041672885,6632.234835997224,3379.1494994438267
1781651350,400,GET,/feed/{user_id},168.600000,0.000000,5,48,130,140,170,200,230,270,390,440,440,3728,0,4,58.36603385126654,1.840248005464673,6632.234835997224,4074.723175965665
1781651350,400,GET,/feed/{user_id}?with_fof=true,84.700000,0.000000,4,34,130,140,180,220,280,560,740,740,740,1833,0,4,72.17696103741734,1.9182849791832268,5619.27939200541,4637.740316421167
1781651350,400,POST,/likes,9.400000,0.000000,8,40,130,150,170,200,230,250,250,250,250,201,0,8,53.34413390382499,3.120855981251225,753.3689109841362,180.33333333333334
1781651350,400,POST,/posts,13.500000,0.000000,9,25,140,160,210,240,270,280,360,360,360,292,0,9,67.55772246016359,3.531711990945041,3664.2728809965774,228.1472602739726
1781651350,400,GET,/timeline/{user_id},101.700000,0.000000,4,59,130,140,170,190,240,310,470,470,470,2358,0,4,64.30846401473978,1.848168991273269,5651.370437000878,3254.802374893978
1781651350,400,GET,/users/{user_id},44.200000,0.000000,4,22,120,140,170,210,240,270,340,340,340,968,0,3,50.593794327683135,1.6024920041672885,1728.8244030205533,264.5929752066116
1781651350,400,,Aggregated,422.100000,0.000000,5,42,130,140,170,200,250,290,700,740,740,9380,0,4,61.93519410534093,1.6024920041672885,6632.234835997224,3382.2347547974414
1781651351,400,GET,/feed/{user_id},171.400000,0.000000,5,57,130,140,180,210,250,310,440,620,620,3901,0,4,58.89451278579094,1.840248005464673,6632.234835997224,4065.242758267111
1781651351,400,GET,/feed/{user_id}?with_fof=true,87.200000,0.000000,5,61,130,150,190,240,350,560,740,740,740,1909,0,4,73.704241761987,1.9182849791832268,5619.27939200541,4620.350445259298
1781651351,400,POST,/likes,9.800000,0.000000,10,68,140,150,180,230,250,380,380,380,380,210,0,8,54.364100341419025,3.120855981251225,753.3689109841362,180.34761904761905
1781651351,400,POST,/posts,13.800000,0.000000,9,33,140,160,200,240,250,280,360,360,360,310,0,9,67.52331770427014,3.531711990945041,3664.2728809965774,228.11290322580646
1781651351,400,GET,/timeline/{user_id},101.300000,0.000000,5,71,130,140,170,210,270,360,630,630,630,2464,0,4,64.94536335491841,1.848168991273269,5651.370437000878,3260.22362012987
1781651351,400,GET,/users/{user_id},43.500000,0.000000,4,40,120,140,180,220,260,300,370,370,370,1009,0,3,51.407677557210256,1.6024920041672885,1728.8244030205533,264.6313181367691
1781651351,400,,Aggregated,427.000000,0.000000,5,54,130,140,180,220,270,360,700,740,740,9803,0,4,62.70461118257366,1.6024920041672885,6632.234835997224,3375.2476792818525
1781651352,400,GET,/feed/{user_id},168.400000,0.000000,5,45,120,140,180,210,250,310,440,620,620,4084,0,4,58.28610655226286,1.840248005464673,6632.234835997224,4057.9111165523996
1781651352,400,GET,/feed/{user_id}?with_fof=true,86.100000,0.000000,5,87,130,140,190,230,340,480,720,720,720,2000,0,4,72.95644834275299,1.9182849791832268,5619.27939200541,4587.042
1781651352,400,POST,/likes,9.100000,0.000000,10,68,140,150,180,230,250,380,380,380,380,222,0,8,54.782797138417465,3.120855981251225,753.3689109841362,180.33783783783784
1781651352,400,POST,/posts,13.400000,0.000000,9,21,140,160,200,240,250,280,360,360,360,320,0,9,66.78077672286236,3.531711990945041,3664.2728809965774,228.096875
1781651352,400,GET,/timeline/{user_id},101.400000,0.000000,4,40,120,140,170,210,270,350,630,630,630,2582,0,4,63.549644353406904,1.848168991273269,5651.370437000878,3289.1920991479474
1781651352,400,GET,/users/{user_id},44.100000,0.000000,4,80,120,140,180,220,260,300,370,370,370,1057,0,3,51.517464246020666,1.6024920041672885,1728.8244030205533,264.6348155156102
1781651352,400,,Aggregated,422.500000,0.000000,5,55,120,140,180,220,270,350,670,720,720,10265,0,4,61.9604604763305,1.6024920041672885,6632.234835997224,3373.797564539698
1781651353,400,GET,/feed/{user_id},168.500000,0.000000,5,54,110,130,170,200,250,280,400,620,620,4266,0,4,57.81492463393164,1.840248005464673,6632.234835997224,4071.756915142991
1781651353,400,GET,/feed/{user_id}?with_fof=true,86.200000,0.000000,5,76,130,140,180,230,320,390,720,720,720,2077,0,4,71.50992763046105,1.9182849791832268,5619.27939200541,4574.245546461242
1781651353,400,POST,/likes,8.700000,0.000000,8,39,120,140,160,200,250,380,380,380,380,234,0,7,53.6393162726751,3.120855981251225,753.3689109841362,180.3034188034188
1781651353,400,POST,/posts,13.800000,0.000000,9,110,140,150,190,220,250,280,360,360,360,336,0,9,66.86716942333858,3.531711990945041,3664.2728809965774,228.0654761904762
1781651353,400,GET,/timeline/{user_id},103.400000,0.000000,4,82,120,130,170,200,270,350,630,630,630,2706,0,4,62.9811632606962,1.848168991273269,5651.370437000878,3294.2050997782703
1781651353,400,GET,/users/{user_id},43.400000,0.000000,4,77,120,130,170,200,260,300,370,370,370,1108,0,3,51.149389200387034,1.6024920041672885,1728.8244030205533,264.6687725631769
1781651353,400,,Aggregated,424.000000,0.000000,5,62,120,130,170,200,270,340,670,720,720,10727,0,4,61.27380517650233,1.6024920041672885,6632.234835997224,3374.383891115876
1781651354,400,GET,/feed/{user_id},167.900000,0.000000,4,40,110,120,160,200,250,280,400,620,620,4455,0,4,56.82089584179909,1.840248005464673,6632.234835997224,4103.3656565656565
1781651354,400,GET,/feed/{user_id}?with_fof=true,86.800000,0.000000,4,61,110,130,180,220,320,390,720,720,720,2166,0,4,70.05124990321504,1.9182849791832268,5619.27939200541,4585.838873499539
1781651354,400,POST,/likes,8.700000,0.000000,8,39,110,120,160,200,250,380,380,380,380,244,0,7,52.88128701151257,3.120855981251225,753.3689109841362,180.28688524590163
1781651354,400,POST,/posts,13.600000,0.000000,9,120,140,160,200,240,250,280,360,360,360,343,0,9,66.0163257237111,3.531711990945041,3664.2728809965774,228.0612244897959
1781651354,400,GET,/timeline/{user_id},104.300000,0.000000,5,76,110,130,160,200,270,350,630,630,630,2818,0,4,62.04270640434358,1.848168991273269,5651.370437000878,3300.568133427963
1781651354,400,GET,/users/{user_id},43.700000,0.000000,4,93,110,120,170,200,250,290,370,370,370,1174,0,3,51.07491781430464,1.6024920041672885,1728.8244030205533,264.7044293015332
1781651354,400,,Aggregated,425.000000,0.000000,5,63,110,130,170,200,270,340,670,720,720,11200,0,4,60.28687787330845,1.6024920041672885,6632.234835997224,3388.160714285714
1781651355,400,GET,/feed/{user_id},168.300000,0.000000,4,39,110,120,170,220,280,320,400,620,620,4621,0,4,57.42601484890864,1.840248005464673,6632.234835997224,4113.930101709587
1781651355,400,GET,/feed/{user_id}?with_fof=true,86.400000,0.000000,4,49,110,130,200,270,330,390,760,760,760,2257,0,4,71.009580980214,1.9182849791832268,5619.27939200541,4620.4098360655735
1781651355,400,POST,/likes,9.200000,0.000000,8,24,110,120,160,230,360,380,380,380,380,251,0,8,53.08263769674308,3.120855981251225,753.3689109841362,180.31474103585657
1781651355,400,POST,/posts,14.000000,0.000000,9,110,130,160,200,240,250,280,360,360,360,354,0,9,65.32935289303327,3.531711990945041,3664.2728809965774,228.07909604519773
1781651355,400,GET,/timeline/{user_id},105.400000,0.000000,4,74,110,120,170,210,310,360,780,780,780,2908,0,4,62.3595823149098,1.848168991273269,5651.370437000878,3291.9129986244843
1781651355,400,GET,/users/{user_id},44.100000,0.000000,4,88,110,120,170,210,260,290,370,370,370,1205,0,3,51.15623738666459,1.6024920041672885,1728.8244030205533,264.7103734439834
1781651355,400,,Aggregated,427.400000,0.000000,5,57,110,120,170,220,300,350,720,780,780,11596,0,4,60.802820222305506,1.6024920041672885,6632.234835997224,3402.6038289065195
1781651356,400,GET,/feed/{user_id},170.000000,0.000000,4,39,100,120,170,220,280,320,400,620,620,4811,0,4,56.68524804506469,1.840248005464673,6632.234835997224,4120.4082311369775
1781651356,400,GET,/feed/{user_id}?with_fof=true,86.600000,0.000000,5,76,110,130,200,270,340,560,860,860,860,2343,0,4,70.23531199345014,1.9182849791832268,5619.27939200541,4619.42509603073
1781651356,400,POST,/likes,9.300000,0.000000,8,24,95,120,150,210,360,380,380,380,380,265,0,8,52.362075233985756,3.120855981251225,753.3689109841362,180.31698113207548
1781651356,400,POST,/posts,13.400000,0.000000,11,100,130,140,190,240,250,280,360,360,360,369,0,9,64.93323198948711,3.531711990945041,3664.2728809965774,228.05149051490514
1781651356,400,GET,/timeline/{user_id},108.100000,0.000000,4,67,110,120,160,210,300,350,780,780,780,3018,0,4,61.68586288637942,1.848168991273269,5651.370437000878,3290.219019218025
1781651356,400,GET,/users/{user_id},45.400000,0.000000,4,80,110,120,150,210,260,290,370,370,370,1260,0,3,50.46025058811268,1.6024920041672885,1728.8244030205533,264.71507936507936
1781651356,400,,Aggregated,432.800000,0.000000,5,61,110,120,170,220,300,340,750,860,860,12066,0,4,60.07444279949461,1.6024920041672885,6632.234835997224,3401.4548317586605
1781651357,400,GET,/feed/{user_id},169.500000,0.000000,5,55,100,120,150,220,280,320,400,620,620,4990,0,4,56.40832146891334,1.840248005464673,6632.234835997224,4108.0206412825655
1781651357,400,GET,/feed/{user_id}?with_fof=true,87.700000,0.000000,5,79,110,120,180,270,340,560,860,860,860,2439,0,4,69.38720612900119,1.9182849791832268,5619.27939200541,4579.60639606396
1781651357,400,POST,/likes,9.100000,0.000000,8,35,100,120,140,210,360,380,380,380,380,273,0,8,52.866186212318446,3.120855981251225,753.3689109841362,180.3113553113553
1781651357,400,POST,/posts,13.000000,0.000000,13,110,130,140,170,240,250,280,360,360,360,380,0,9,64.89162859499247,3.531711990945041,3664.2728809965774,228.0342105263158
1781651357,400,GET,/timeline/{user_id},105.900000,0.000000,4,58,100,110,150,210,310,360,780,780,780,3117,0,4,60.99536243025324,1.848168991273269,5651.370437000878,3281.4940648059032
1781651357,400,GET,/users/{user_id},44.700000,0.000000,4,78,110,120,130,200,260,290,370,370,370,1309,0,4,49.808529779225886,1.6024920041672885,1728.8244030205533,264.7402597402597
1781651357,400,,Aggregated,429.900000,0.000000,5,68,110,120,150,220,300,350,750,860,860,12508,0,4,59.571963363981254,1.6024920041672885,6632.234835997224,3388.193396226415
1781651358,400,GET,/feed/{user_id},172.600000,0.000000,4,68,110,110,140,180,270,320,400,620,620,5157,0,4,56.252531959463596,1.840248005464673,6632.234835997224,4102.906922629436
1781651358,400,GET,/feed/{user_id}?with_fof=true,86.400000,0.000000,5,79,110,120,140,220,320,370,860,860,860,2541,0,4,68.14304995772035,1.9182849791832268,5619.27939200541,4569.2062180244
1781651358,400,POST,/likes,9.300000,0.000000,8,35,100,120,140,150,360,380,380,380,380,279,0,8,52.68354640489588,3.120855981251225,753.3689109841362,180.31541218637992
1781651358,400,POST,/posts,13.000000,0.000000,9,92,120,130,160,170,250,250,360,360,360,393,0,9,63.78508385779744,3.531711990945041,3664.2728809965774,228.02035623409668
1781651358,400,GET,/timeline/{user_id},106.300000,0.000000,4,53,100,110,140,180,300,360,780,780,780,3234,0,4,60.46168462096461,1.848168991273269,5651.370437000878,3292.6326530612246
1781651358,400,GET,/users/{user_id},46.000000,0.000000,4,83,110,110,130,160,250,290,370,370,370,1360,0,4,49.92488426762387,1.6024920041672885,1728.8244030205533,264.75073529411765
1781651358,400,,Aggregated,433.600000,0.000000,5,74,110,120,140,190,290,340,750,860,860,12964,0,4,59.12087128423091,1.6024920041672885,6632.234835997224,3387.6426257327985
1781651359,400,GET,/feed/{user_id},174.800000,0.000000,4,45,110,120,140,190,260,310,40000,40000,40000,5333,2,4,70.87372786573657,1.840248005464673,39669.80470798444,4086.2780798799927
1781651359,400,GET,/feed/{user_id}?with_fof=true,86.300000,0.000000,4,76,110,120,160,220,320,390,860,860,860,2622,0,4,68.32812301741563,1.9182849791832268,5619.27939200541,4573.477879481312
1781651359,400,POST,/likes,9.000000,0.000000,8,35,110,120,140,180,360,380,380,380,380,288,0,8,52.98643041624018,3.120855981251225,753.3689109841362,180.29861111111111
1781651359,400,POST,/posts,12.500000,0.000000,9,92,120,130,150,170,170,190,200,200,200,404,0,9,63.686702507784325,3.531711990945041,3664.2728809965774,228.01732673267327
1781651359,400,GET,/timeline/{user_id},106.100000,0.000000,4,32,100,110,150,190,290,370,40000,40000,40000,3341,1,4,72.01812763523515,1.848168991273269,39734.007371007465,3298.8473510924873
1781651359,400,GET,/users/{user_id},46.300000,0.000000,4,80,110,120,130,170,200,280,370,370,370,1421,0,4,50.18551801126939,1.6024920041672885,1728.8244030205533,264.76425052779734
1781651359,400,,Aggregated,435.000000,0.000000,5,57,110,120,140,190,280,330,780,40000,40000,13409,3,4,67.86797185144256,1.6024920041672885,39734.007371007465,3380.2299947796255
1781651360,400,GET,/feed/{user_id},174.200000,0.000000,4,39,110,120,140,170,230,280,40000,40000,40000,5489,2,4,70.25715860104337,1.840248005464673,39669.80470798444,4065.271087629805
1781651360,400,GET,/feed/{user_id}?with_fof=true,87.900000,0.000000,4,49,110,120,150,180,290,320,860,860,860,2717,0,4,67.66703634259004,1.9182849791832268,5619.27939200541,4592.878910563121
1781651360,400,POST,/likes,8.900000,0.000000,8,84,110,130,150,170,210,360,360,360,360,302,0,8,54.44873980100387,3.120855981251225,753.3689109841362,180.29470198675497
1781651360,400,POST,/posts,12.500000,0.000000,9,89,110,120,140,160,170,190,200,200,200,418,0,9,63.02024418206576,3.531711990945041,3664.2728809965774,228.0071770334928
1781651360,400,GET,/timeline/{user_id},106.700000,0.000000,4,25,100,110,140,160,210,300,40000,41000,41000,3468,2,4,83.01724754220349,1.848168991273269,40820.526702998905,3303.8010380622836
1781651360,400,GET,/users/{user_id},47.900000,0.000000,3,42,110,120,130,150,180,230,330,330,330,1476,0,3,49.47056290982648,1.6024920041672885,1728.8244030205533,264.7710027100271
1781651360,400,,Aggregated,438.100000,0.000000,4,38,110,120,140,170,230,290,860,41000,41000,13870,4,4,70.16591406800407,1.6024920041672885,40820.526702998905,3373.559120403749
1781651361,400,GET,/feed/{user_id},175.100000,0.200000,4,54,110,120,140,170,230,280,40000,40000,40000,5654,2,4,69.63594760344672,1.840248005464673,39669.80470798444,4068.4876193845066
1781651361,400,GET,/feed/{user_id}?with_fof=true,86.200000,0.000000,4,49,110,120,150,180,300,330,42000,42000,42000,2824,1,4,82.1584272287422,1.9182849791832268,41856.53140000068,4574.041076487252
1781651361,400,POST,/likes,9.200000,0.000000,8,55,110,120,140,160,190,360,360,360,360,317,0,8,53.338395084962485,3.120855981251225,753.3689109841362,180.2744479495268
1781651361,400,POST,/posts,12.200000,0.000000,9,92,110,130,140,170,190,190,200,200,200,431,0,9,63.289827791290044,3.531711990945041,3664.2728809965774,228.01160092807424
1781651361,400,GET,/timeline/{user_id},108.400000,0.100000,4,30,100,110,140,170,210,300,40000,41000,41000,3585,2,4,81.66808347319866,1.848168991273269,40820.526702998905,3297.912133891213
1781651361,400,GET,/users/{user_id},49.400000,0.000000,3,20,100,110,130,140,170,200,330,330,330,1511,0,3,48.940733809305776,1.6024920041672885,1728.8244030205533,264.7875579086698
1781651361,400,,Aggregated,440.500000,0.300000,4,38,110,120,140,170,230,300,40000,42000,42000,14322,5,4,72.3818434088195,1.6024920041672885,41856.53140000068,3372.3537215472697
1781651362,400,GET,/feed/{user_id},175.300000,0.200000,4,47,110,120,150,190,260,300,42000,43000,43000,5841,10,4,125.40464782637636,1.840248005464673,42504.437889991095,4049.9871597329225
1781651362,400,GET,/feed/{user_id}?with_fof=true,88.500000,0.000000,4,66,110,130,160,190,320,860,43000,43000,43000,2919,8,4,180.22074534119417,1.9182849791832268,42505.70936498116,4547.725590955807
1781651362,400,POST,/likes,9.900000,0.000000,8,82,110,130,150,170,190,360,360,360,360,324,0,8,53.36626234229361,3.120855981251225,753.3689109841362,180.28703703703704
1781651362,400,POST,/posts,12.400000,0.000000,9,23,110,130,150,170,190,190,200,200,200,449,0,9,62.70308840998089,3.531711990945041,3664.2728809965774,228.0
1781651362,400,GET,/timeline/{user_id},110.000000,0.200000,4,25,100,120,150,180,210,310,41000,43000,43000,3708,3,4,92.47876928486197,1.848168991273269,42533.706761023495,3298.492718446602
1781651362,400,GET,/users/{user_id},50.900000,0.000000,3,13,98,110,130,150,190,200,330,330,330,1551,0,3,48.41816369110498,1.6024920041672885,1728.8244030205533,264.7878787878788
1781651362,400,,Aggregated,447.000000,0.400000,4,32,110,120,150,180,260,320,42000,43000,43000,14792,21,4,116.41462328914052,1.6024920041672885,42533.706761023495,3362.15981611682
1781651363,400,GET,/feed/{user_id},174.600000,0.200000,4,83,120,130,170,200,260,300,42000,43000,43000,6012,10,4,123.90956992243245,1.840248005464673,42504.437889991095,4045.6769793745843
1781651363,400,GET,/feed/{user_id}?with_fof=true,90.800000,0.100000,4,35,120,130,170,210,330,860,43000,43000,43000,2992,8,4,177.2357316466584,1.9182849791832268,42505.70936498116,4546.4786096256685
1781651363,400,POST,/likes,10.700000,0.000000,8,82,120,130,160,180,200,360,360,360,360,336,0,8,53.80686357117762,3.120855981251225,753.3689109841362,180.30059523809524
1781651363,400,POST,/posts,11.900000,0.000000,10,92,130,130,170,190,200,210,220,220,220,463,0,9,63.56633726572045,3.531711990945041,3664.2728809965774,228.0
1781651363,400,GET,/timeline/{user_id},111.500000,0.200000,4,18,110,130,170,200,260,320,41000,43000,43000,3833,3,4,91.29528825043366,1.848168991273269,42533.706761023495,3302.0680928776414
1781651363,400,GET,/users/{user_id},50.300000,0.000000,3,10,100,120,140,180,210,230,330,330,330,1600,0,3,49.165075283672195,1.6024920041672885,1728.8244030205533,264.80625
1781651363,400,,Aggregated,449.800000,0.500000,4,31,110,130,170,200,270,330,42000,43000,43000,15236,21,4,114.94768470019676,1.6024920041672885,42533.706761023495,3358.646363875033
1781651364,400,GET,/feed/{user_id},175.400000,1.000000,4,84,120,130,170,190,220,240,42000,43000,43000,6191,10,4,122.1689161801688,1.840248005464673,42504.437889991095,4025.095299628493
1781651364,400,GET,/feed/{user_id}?with_fof=true,91.600000,0.800000,4,75,120,140,170,190,250,41000,44000,44000,44000,3089,9,4,188.28807747232221,1.9182849791832268,44247.56416599848,4541.7300097118805
1781651364,400,POST,/likes,10.200000,0.000000,8,100,130,140,170,190,200,220,220,220,220,347,0,8,55.30581536876596,3.120855981251225,753.3689109841362,180.28242074927954
1781651364,400,POST,/posts,12.900000,0.000000,10,92,130,130,170,190,210,220,230,230,230,472,0,9,63.432483627227576,3.531711990945041,3664.2728809965774,227.9978813559322
1781651364,400,GET,/timeline/{user_id},112.500000,0.300000,4,28,110,130,170,200,220,260,41000,43000,43000,3941,3,4,90.91682362342603,1.848168991273269,42533.706761023495,3297.8239025628013
1781651364,400,GET,/users/{user_id},49.200000,0.000000,3,9,98,110,150,180,200,210,240,240,240,1643,0,3,48.77442447642234,1.6024920041672885,1728.8244030205533,264.81801582471087
1781651364,400,,Aggregated,451.800000,2.100000,4,40,120,130,170,190,220,250,42000,44000,44000,15683,22,4,116.4025035326867,1.6024920041672885,44247.56416599848,3350.810559204234
1781651365,400,GET,/feed/{user_id},174.500000,1.000000,4,45,130,140,180,200,220,240,42000,43000,43000,6359,10,4,120.29986953851203,1.840248005464673,42504.437889991095,4026.993866960214
1781651365,400,GET,/feed/{user_id}?with_fof=true,91.700000,0.800000,4,37,130,140,180,210,450,41000,44000,44000,44000,3179,9,4,185.27821230197074,1.9182849791832268,44247.56416599848,4567.564328405158
1781651365,400,POST,/likes,10.100000,0.000000,8,110,140,160,190,200,220,220,220,220,220,363,0,8,55.932034209201284,3.120855981251225,753.3689109841362,180.29476584022038
1781651365,400,POST,/posts,12.700000,0.000000,9,31,130,140,190,210,220,220,230,230,230,490,0,9,63.47736173080119,3.531711990945041,3664.2728809965774,227.98979591836735
1781651365,400,GET,/timeline/{user_id},112.600000,0.300000,4,23,130,140,190,210,230,260,41000,43000,43000,4067,3,4,90.46894014776767,1.848168991273269,42533.706761023495,3274.8977133021885
1781651365,400,GET,/users/{user_id},48.800000,0.000000,3,10,110,120,170,190,200,210,240,240,240,1685,0,3,49.30196914889916,1.6024920041672885,1728.8244030205533,264.82255192878335
1781651365,400,,Aggregated,450.400000,2.100000,4,32,120,140,180,200,220,260,42000,44000,44000,16143,22,4,114.99749368557653,1.6024920041672885,44247.56416599848,3349.46032335997
1781651366,400,GET,/feed/{user_id},173.200000,1.000000,4,27,130,150,190,210,240,280,42000,43000,43000,6534,10,4,118.70067166395869,1.840248005464673,42504.437889991095,4010.6042240587694
1781651366,400,GET,/feed/{user_id}?with_fof=true,91.900000,0.900000,4,34,140,150,190,220,500,41000,44000,44000,44000,3265,9,4,182.6207934548418,1.9182849791832268,44247.56416599848,4570.381623277182
1781651366,400,POST,/likes,10.300000,0.000000,8,110,150,160,190,210,220,220,220,220,220,370,0,8,56.47869782146331,3.120855981251225,753.3689109841362,180.3054054054054
1781651366,400,POST,/posts,12.900000,0.000000,9,31,130,150,190,220,230,240,260,260,260,508,0,9,63.4770505098208,3.531711990945041,3664.2728809965774,228.00787401574803
1781651366,400,GET,/timeline/{user_id},111.900000,0.300000,4,26,140,150,190,210,240,280,41000,43000,43000,4177,3,4,89.87151491355121,1.848168991273269,42533.706761023495,3288.893943021307
1781651366,400,GET,/users/{user_id},47.000000,0.000000,3,11,120,140,180,200,220,240,270,270,270,1716,0,3,50.12541032277331,1.6024920041672885,1728.8244030205533,264.8263403263403
1781651366,400,,Aggregated,447.200000,2.200000,4,29,130,150,190,210,240,320,42000,44000,44000,16570,22,4,113.84424025606985,1.6024920041672885,44247.56416599848,3349.5640917320457
1781651367,400,GET,/feed/{user_id},173.900000,1.000000,4,19,140,160,190,210,240,280,42000,43000,43000,6718,10,4,116.9636291820597,1.840248005464673,42504.437889991095,4011.456683536767
1781651367,400,GET,/feed/{user_id}?with_fof=true,91.600000,0.900000,4,81,150,170,200,230,500,41000,44000,44000,44000,3361,9,4,179.586587693029,1.9182849791832268,44247.56416599848,4564.122285034216
1781651367,400,POST,/likes,11.000000,0.000000,8,110,160,170,190,200,220,220,220,220,220,381,0,8,56.547842543157245,3.120855981251225,753.3689109841362,180.30971128608923
1781651367,400,POST,/posts,13.600000,0.000000,10,44,150,170,200,220,230,240,260,260,260,526,0,9,64.06937916333763,3.531711990945041,3664.2728809965774,228.0
1781651367,400,GET,/timeline/{user_id},115.200000,0.300000,4,29,140,160,190,210,240,280,41000,43000,43000,4290,3,4,89.24428990908159,1.848168991273269,42533.706761023495,3299.330536130536
1781651367,400,GET,/users/{user_id},47.900000,0.000000,3,9,120,150,190,200,220,250,280,280,280,1763,0,3,50.36777065003672,1.6024920041672885,1728.8244030205533,264.82416335791265
1781651367,400,,Aggregated,453.200000,2.200000,4,24,140,160,190,210,250,320,42000,44000,44000,17039,22,4,112.46280808123603,1.6024920041672885,44247.56416599848,3351.0546393567697
1781651368,400,GET,/feed/{user_id},172.300000,1.000000,4,19,140,160,190,210,240,280,42000,43000,43000,6899,10,4,115.27341745076934,1.840248005464673,42504.437889991095,4015.6627047398174
1781651368,400,GET,/feed/{user_id}?with_fof=true,91.700000,0.900000,4,77,150,170,200,220,470,41000,44000,44000,44000,3449,9,4,176.61877431110585,1.9182849791832268,44247.56416599848,4552.946651203248
1781651368,400,POST,/likes,10.500000,0.000000,8,110,160,160,190,200,220,220,220,220,220,390,0,8,56.67814185644369,3.120855981251225,753.3689109841362,180.31025641025641
1781651368,400,POST,/posts,13.700000,0.000000,10,44,140,170,200,220,230,240,260,260,260,536,0,9,63.83595759868526,3.531711990945041,3664.2728809965774,227.99067164179104
1781651368,400,GET,/timeline/{user_id},115.900000,0.300000,4,30,150,160,190,210,240,280,41000,43000,43000,4413,3,4,88.34313589917255,1.848168991273269,42533.706761023495,3307.0478132789485
1781651368,400,GET,/users/{user_id},45.600000,0.000000,3,9,130,150,190,200,230,270,280,280,280,1806,0,3,50.538034710372,1.6024920041672885,1728.8244030205533,264.8311184939092
1781651368,400,,Aggregated,449.700000,2.200000,4,25,140,160,190,210,250,290,42000,44000,44000,17493,22,4,111.00897259468076,1.6024920041672885,44247.56416599848,3354.0262390670555
1781651369,400,GET,/feed/{user_id},172.500000,1.000000,4,20,150,160,190,210,240,280,42000,43000,43000,7076,10,4,113.95871291928175,1.840248005464673,42504.437889991095,4010.2826455624645
1781651369,400,GET,/feed/{user_id}?with_fof=true,91.300000,0.900000,4,29,160,170,200,220,470,41000,44000,44000,44000,3536,9,4,173.097483924186,1.9182849791832268,44247.56416599848,4585.309671945702
1781651369,400,POST,/likes,10.900000,0.000000,7,43,160,170,190,210,220,220,220,220,220,402,0,8,56.791600614362764,3.120855981251225,753.3689109841362,180.3084577114428
1781651369,400,POST,/posts,14.400000,0.000000,9,44,150,190,200,220,230,240,260,260,260,550,0,9,63.79312221617015,3.531711990945041,3664.2728809965774,227.98545454545456
1781651369,400,GET,/timeline/{user_id},116.100000,0.300000,4,30,150,170,200,210,240,280,520,43000,43000,4521,3,4,87.8195770358219,1.848168991273269,42533.706761023495,3316.0623755806237
1781651369,400,GET,/users/{user_id},45.100000,0.000000,4,13,150,160,190,210,230,270,280,280,280,1864,0,3,51.028797587874706,1.6024920041672885,1728.8244030205533,264.83530042918454
1781651369,400,,Aggregated,450.300000,2.200000,4,24,150,170,190,210,250,290,42000,44000,44000,17949,22,4,109.67245990982094,1.6024920041672885,44247.56416599848,3358.062399019444
1781651370,400,GET,/feed/{user_id},173.300000,1.000000,4,17,160,170,200,220,240,280,42000,43000,43000,7241,10,4,112.72086065335611,1.840248005464673,42504.437889991095,4007.05634580859
1781651370,400,GET,/feed/{user_id}?with_fof=true,90.900000,0.900000,4,29,160,180,200,230,470,740,44000,44000,44000,3629,9,4,171.0936381347513,1.9182849791832268,44247.56416599848,4569.096996417746
1781651370,400,POST,/likes,11.000000,0.000000,8,140,170,180,200,220,240,270,270,270,270,412,0,8,57.61643310907654,3.120855981251225,753.3689109841362,180.30825242718447
1781651370,400,POST,/posts,14.100000,0.000000,9,31,170,190,210,230,240,240,260,260,260,569,0,9,63.98773954820947,3.531711990945041,3664.2728809965774,227.99121265377855
1781651370,400,GET,/timeline/{user_id},117.500000,0.300000,4,38,160,180,200,220,240,270,520,43000,43000,4635,3,4,87.28209632430517,1.848168991273269,42533.706761023495,3321.9074433656956
1781651370,400,GET,/users/{user_id},44.600000,0.000000,3,13,160,170,190,210,230,270,280,280,280,1905,0,3,51.15370182089784,1.6024920041672885,1728.8244030205533,264.8430446194226
1781651370,400,,Aggregated,451.400000,2.200000,4,22,160,170,200,220,250,290,42000,44000,44000,18391,22,4,108.70849205903973,1.6024920041672885,44247.56416599848,3355.0067424283616
1781651371,400,GET,/feed/{user_id},173.900000,0.800000,4,15,160,170,190,210,230,250,310,370,370,7440,10,4,111.07047666718177,1.840248005464673,42504.437889991095,4014.5579301075268
1781651371,400,GET,/feed/{user_id}?with_fof=true,91.200000,0.900000,4,28,160,180,200,230,280,480,44000,44000,44000,3723,9,4,168.2051548293974,1.9182849791832268,44247.56416599848,4553.485898468976
1781651371,400,POST,/likes,11.200000,0.000000,7,43,160,180,200,220,220,240,270,270,270,427,0,7,56.898980034898045,3.120855981251225,753.3689109841362,180.29976580796253
1781651371,400,POST,/posts,14.700000,0.000000,9,25,180,190,210,230,240,240,260,260,260,579,0,9,63.67684063726444,3.531711990945041,3664.2728809965774,227.98618307426597
1781651371,400,GET,/timeline/{user_id},117.400000,0.200000,4,38,160,170,200,220,240,270,500,520,520,4746,3,4,86.68885974208968,1.848168991273269,42533.706761023495,3331.356300042141
1781651371,400,GET,/users/{user_id},44.200000,0.000000,4,100,160,170,190,210,230,270,280,280,280,1945,0,3,51.52174697780101,1.6024920041672885,1728.8244030205533,264.8473007712082
1781651371,400,,Aggregated,452.600000,1.900000,4,22,160,170,200,220,240,270,520,44000,44000,18860,22,4,107.3908811901027,1.6024920041672885,44247.56416599848,3359.261717921527
1781651372,400,GET,/feed/{user_id},174.900000,0.800000,4,13,140,160,190,210,230,250,310,370,370,7639,10,4,109.45608563002664,1.840248005464673,42504.437889991095,4024.346249509098
1781651372,400,GET,/feed/{user_id}?with_fof=true,90.700000,0.900000,4,110,160,170,200,230,280,480,44000,44000,44000,3820,9,4,165.53994619996251,1.9182849791832268,44247.56416599848,4569.17277486911
1781651372,400,POST,/likes,11.200000,0.000000,6,40,160,170,190,220,220,240,270,270,270,437,0,7,56.69775231347368,3.120855981251225,753.3689109841362,180.29519450800916
1781651372,400,POST,/posts,15.100000,0.000000,9,21,160,190,210,230,240,240,260,260,260,591,0,9,63.26376769017836,3.531711990945041,3664.2728809965774,227.98984771573603
1781651372,400,GET,/timeline/{user_id},117.200000,0.100000,4,110,160,170,200,210,240,270,400,520,520,4845,3,4,85.82050233371858,1.848168991273269,42533.706761023495,3327.2037151702784
1781651372,400,GET,/users/{user_id},42.800000,0.000000,4,24,150,160,190,200,230,250,280,280,280,2004,0,3,51.50213483178443,1.6024920041672885,1728.8244030205533,264.8562874251497
1781651372,400,,Aggregated,451.900000,1.800000,4,21,150,160,190,210,240,270,520,44000,44000,19336,22,4,106.00300212491085,1.6024920041672885,44247.56416599848,3364.751034340091
1781651373,400,GET,/feed/{user_id},178.400000,0.800000,4,12,140,160,190,210,230,250,310,370,370,7819,10,4,108.27135505061273,1.840248005464673,42504.437889991095,4015.400051157437
1781651373,400,GET,/feed/{user_id}?with_fof=true,89.900000,0.800000,4,27,160,170,200,230,270,460,740,740,740,3915,9,4,162.69442614783904,1.9182849791832268,44247.56416599848,4582.098850574713
1781651373,400,POST,/likes,10.900000,0.000000,6,22,160,160,190,210,220,240,270,270,270,450,0,7,56.66832628899202,3.120855981251225,753.3689109841362,180.2888888888889
1781651373,400,POST,/posts,15.000000,0.000000,9,25,160,180,210,220,240,240,260,260,260,609,0,9,63.572309448122624,3.531711990945041,3664.2728809965774,227.98193760262726
1781651373,400,GET,/timeline/{user_id},115.800000,0.100000,4,39,150,160,190,210,240,270,460,520,520,4947,3,4,85.39912786822299,1.848168991273269,42533.706761023495,3327.170406306853
1781651373,400,GET,/users/{user_id},42.900000,0.000000,4,130,150,160,190,210,230,250,280,280,280,2054,0,3,51.77543123902836,1.6024920041672885,1728.8244030205533,264.8549172346641
1781651373,400,,Aggregated,452.900000,1.700000,4,19,150,160,190,210,240,270,510,740,740,19794,22,4,104.90830090545353,1.6024920041672885,44247.56416599848,3362.5757805395574
1781651374,400,GET,/feed/{user_id},179.500000,0.000000,4,13,140,150,190,210,230,250,310,310,310,8004,10,4,106.98591561618548,1.840248005464673,42504.437889991095,4019.089455272364
1781651374,400,GET,/feed/{user_id}?with_fof=true,89.600000,0.100000,4,20,150,160,190,220,270,460,680,680,680,4018,9,4,159.99107001409567,1.9182849791832268,44247.56416599848,4564.248382279741
1781651374,400,POST,/likes,11.300000,0.000000,6,17,140,160,190,210,240,270,270,270,270,460,0,7,56.11792331942327,3.120855981251225,753.3689109841362,180.29565217391306
1781651374,400,POST,/posts,14.200000,0.000000,9,40,160,180,200,210,240,240,260,260,260,624,0,9,64.08959236199361,3.531711990945041,3664.2728809965774,227.98397435897436
1781651374,400,GET,/timeline/{user_id},113.200000,0.000000,4,110,150,160,190,210,230,270,400,460,460,5071,3,4,84.88453787521259,1.848168991273269,42533.706761023495,3330.873989351213
1781651374,400,GET,/users/{user_id},45.200000,0.000000,4,130,150,160,180,210,230,250,280,280,280,2091,0,3,51.81296357482421,1.6024920041672885,1728.8244030205533,264.8507890961263
1781651374,400,,Aggregated,453.000000,0.100000,4,20,140,160,190,210,240,270,500,680,680,20268,22,4,103.79691813052911,1.6024920041672885,44247.56416599848,3363.815127294257
1781651375,400,GET,/feed/{user_id},180.000000,0.000000,4,16,130,150,180,200,220,240,310,310,310,8179,10,4,105.85258704534048,1.840248005464673,42504.437889991095,4021.255043403839
1781651375,400,GET,/feed/{user_id}?with_fof=true,91.700000,0.100000,4,15,140,160,180,200,240,310,680,680,680,4120,9,4,156.94228783512636,1.9182849791832268,44247.56416599848,4573.935436893204
1781651375,400,POST,/likes,11.400000,0.000000,6,10,130,150,180,200,210,240,270,270,270,471,0,7,55.297611065623165,3.120855981251225,753.3689109841362,180.30148619957538
1781651375,400,POST,/posts,14.500000,0.000000,9,100,160,170,190,210,230,230,240,240,240,639,0,9,64.33288974158032,3.531711990945041,3664.2728809965774,227.9796557120501
1781651375,400,GET,/timeline/{user_id},111.100000,0.000000,4,120,140,150,180,200,220,250,400,460,460,5183,3,4,84.25978911927186,1.848168991273269,42533.706761023495,3336.952151263747
1781651375,400,GET,/users/{user_id},45.500000,0.000000,4,110,140,150,170,200,220,240,280,280,280,2152,0,3,51.81961290290117,1.6024920041672885,1728.8244030205533,264.84479553903344
1781651375,400,,Aggregated,454.200000,0.100000,4,21,140,150,180,200,230,250,480,680,680,20744,22,4,102.57224839247819,1.6024920041672885,44247.56416599848,3366.2952661010413
1781651376,400,GET,/feed/{user_id},180.700000,0.000000,4,16,140,150,170,190,210,230,310,310,310,8366,10,4,104.76494805843842,1.840248005464673,42504.437889991095,4015.9535022710975
1781651376,400,GET,/feed/{user_id}?with_fof=true,92.200000,0.000000,4,14,140,150,180,190,230,270,680,680,680,4226,9,4,154.51713088568098,1.9182849791832268,44247.56416599848,4564.180785612873
1781651376,400,POST,/likes,11.300000,0.000000,6,8,130,150,180,200,240,270,270,270,270,480,0,7,54.72406094559119,3.120855981251225,753.3689109841362,180.29375
1781651376,400,POST,/posts,14.800000,0.000000,9,32,150,160,190,200,230,230,240,240,240,657,0,9,63.49932105300659,3.531711990945041,3664.2728809965774,227.97716894977168
1781651376,400,GET,/timeline/{user_id},112.400000,0.000000,4,120,140,150,180,200,210,230,400,460,460,5283,3,4,83.85569549766649,1.848168991273269,42533.706761023495,3323.659095211054
1781651376,400,GET,/users/{user_id},44.800000,0.000000,4,110,140,150,170,190,220,230,330,330,330,2194,0,3,52.028683919788875,1.6024920041672885,1728.8244030205533,264.84867821330903
1781651376,400,,Aggregated,456.200000,0.000000,4,21,140,150,180,190,220,230,460,680,680,21206,22,4,101.6033257379837,1.6024920041672885,44247.56416599848,3360.4633594265774
1781651377,400,GET,/feed/{user_id},180.700000,0.000000,4,19,140,150,180,200,220,230,310,310,310,8516,10,4,104.0693603937293,1.840248005464673,42504.437889991095,4021.6095584781588
1781651377,400,GET,/feed/{user_id}?with_fof=true,94.400000,0.000000,4,18,140,150,180,200,240,270,680,680,680,4315,9,4,152.71263304753967,1.9182849791832268,44247.56416599848,4565.738354577057
1781651377,400,POST,/likes,10.800000,0.000000,6,14,140,160,190,230,240,240,270,270,270,494,0,7,56.42767950985769,3.120855981251225,753.3689109841362,180.2914979757085
1781651377,400,POST,/posts,14.700000,0.000000,9,32,160,160,190,210,230,240,240,240,240,670,0,9,63.54948959527051,3.531711990945041,3664.2728809965774,227.97462686567164
1781651377,400,GET,/timeline/{user_id},111.200000,0.000000,4,110,140,150,180,200,230,240,420,460,460,5413,3,4,83.2696383695192,1.848168991273269,42533.706761023495,3321.597450581932
1781651377,400,GET,/users/{user_id},46.300000,0.000000,4,40,140,150,180,200,220,240,330,330,330,2243,0,3,52.09755830096585,1.6024920041672885,1728.8244030205533,264.8528756130183
1781651377,400,,Aggregated,458.100000,0.000000,4,25,140,150,180,200,230,240,460,680,680,21651,22,4,100.83859831800419,1.6024920041672885,44247.56416599848,3360.808600064662
1781651378,400,GET,/feed/{user_id},182.200000,0.000000,4,24,140,150,180,200,220,230,250,260,260,8684,10,4,103.40679544484924,1.840248005464673,42504.437889991095,4005.799746660525
1781651378,400,GET,/feed/{user_id}?with_fof=true,95.300000,0.000000,4,19,140,160,180,210,240,390,680,680,680,4413,9,4,150.76535663383166,1.9182849791832268,44247.56416599848,4566.0246997507365
1781651378,400,POST,/likes,10.900000,0.000000,6,8,130,160,190,230,240,260,270,270,270,504,0,7,56.322764805199334,3.120855981251225,753.3689109841362,180.28571428571428
1781651378,400,POST,/posts,15.000000,0.000000,9,25,150,160,190,210,230,240,240,240,240,686,0,9,63.06420104936547,3.531711990945041,3664.2728809965774,227.9737609329446
1781651378,400,GET,/timeline/{user_id},110.300000,0.000000,4,110,140,150,190,200,230,240,420,460,460,5514,3,4,83.11649770224788,1.848168991273269,42533.706761023495,3320.5602103735946
1781651378,400,GET,/users/{user_id},47.600000,0.000000,3,21,140,150,180,200,220,240,330,330,330,2295,0,3,51.85072067890403,1.6024920041672885,1728.8244030205533,264.8509803921569
1781651378,400,,Aggregated,461.300000,0.000000,4,26,140,150,180,200,230,240,480,680,680,22096,22,4,100.12050226910496,1.6024920041672885,44247.56416599848,3353.588341781318
1781651379,400,GET,/feed/{user_id},178.900000,0.000000,4,25,140,150,190,210,230,240,330,420,420,8871,10,4,102.67100979651858,1.840248005464673,42504.437889991095,4020.0827415173035
1781651379,400,GET,/feed/{user_id}?with_fof=true,95.700000,0.000000,4,17,140,150,180,210,240,390,680,680,680,4507,9,4,149.16165311563952,1.9182849791832268,44247.56416599848,4565.905258486799
1781651379,400,POST,/likes,11.400000,0.000000,6,7,130,140,190,230,240,260,260,260,260,508,0,7,56.362006298929096,3.120855981251225,753.3689109841362,180.28346456692913
1781651379,400,POST,/posts,14.400000,0.000000,9,25,150,160,190,210,220,240,250,250,250,703,0,9,62.92668067128,3.531711990945041,3664.2728809965774,227.95874822190612
1781651379,400,GET,/timeline/{user_id},112.000000,0.000000,4,100,140,150,190,220,240,250,460,460,460,5620,3,4,82.85195904420262,1.848168991273269,42533.706761023495,3313.758540925267
1781651379,400,GET,/users/{user_id},48.100000,0.000000,4,27,140,150,180,200,240,260,330,330,330,2333,0,3,52.020603622443794,1.6024920041672885,1728.8244030205533,264.85083583369055
1781651379,400,,Aggregated,460.500000,0.000000,4,25,140,150,190,210,240,250,480,680,680,22542,22,4,99.49993488991493,1.6024920041672885,44247.56416599848,3359.6729660189867
1781651380,400,GET,/feed/{user_id},179.000000,0.000000,5,30,140,160,200,230,250,280,60000,60000,60000,9054,23,4,186.61772035309082,1.840248005464673,60468.026189977536,4012.1661144245636
1781651380,400,GET,/feed/{user_id}?with_fof=true,95.600000,0.000000,4,17,140,160,190,240,280,610,60000,60000,60000,4609,14,4,211.3198531310663,1.9182849791832268,60478.41080700164,4562.968973747017
1781651380,400,POST,/likes,11.100000,0.000000,6,10,140,160,230,260,60000,60000,60000,60000,60000,517,3,7,402.0197405856453,3.120855981251225,60468.273025006056,179.35396518375242
1781651380,400,POST,/posts,15.000000,0.000000,10,23,140,160,190,210,250,270,60000,60000,60000,714,1,9,147.17693878983405,3.531711990945041,60469.31332399254,227.67226890756302
1781651380,400,GET,/timeline/{user_id},109.900000,0.000000,4,40,140,160,200,230,250,270,59000,60000,60000,5739,7,4,123.22101017625265,1.848168991273269,59607.5666359975,3306.5455654295174
1781651380,400,GET,/users/{user_id},48.400000,0.000000,3,20,140,150,180,220,260,330,60000,60000,60000,2380,4,3,151.06658533542267,1.6024920041672885,59593.765985016944,264.43991596638654
1781651380,400,,Aggregated,459.000000,0.000000,5,26,140,160,200,230,260,420,60000,60000,60000,23013,52,4,175.69384408102047,1.6024920041672885,60478.41080700164,3355.3987746056578
1781651381,400,GET,/feed/{user_id},179.400000,0.000000,5,38,150,170,210,230,260,370,60000,60000,60000,9114,23,4,185.9459097185581,1.840248005464673,60468.026189977536,4014.753785385122
1781651381,400,GET,/feed/{user_id}?with_fof=true,96.400000,0.000000,4,18,140,160,200,250,480,700,60000,60000,60000,4640,16,4,235.52777532006766,1.9182849791832268,60478.41080700164,4558.32349137931
1781651381,400,POST,/likes,10.800000,0.000000,6,14,140,180,230,260,60000,60000,60000,60000,60000,519,3,7,400.5041215756638,3.120855981251225,60468.273025006056,179.35067437379575
1781651381,400,POST,/posts,14.900000,0.000000,10,32,160,170,200,240,280,300,60000,60000,60000,720,1,9,147.50566592075404,3.531711990945041,60469.31332399254,227.68472222222223
1781651381,400,GET,/timeline/{user_id},109.500000,0.000000,5,56,150,160,200,230,250,280,60000,60000,60000,5750,7,4,123.16251510114449,1.848168991273269,59607.5666359975,3311.787304347826
1781651381,400,GET,/users/{user_id},47.000000,0.000000,4,25,140,160,190,220,260,59000,60000,60000,60000,2395,4,3,150.40916631911836,1.6024920041672885,59593.765985016944,264.4455114822547
1781651381,400,,Aggregated,458.000000,0.000000,5,29,150,160,200,240,270,510,60000,60000,60000,23138,54,4,180.22473992508637,1.6024920041672885,60478.41080700164,3356.9983144610596
1781651382,400,GET,/feed/{user_id},180.500000,1.300000,5,40,150,170,210,240,270,1500,60000,60000,60000,9121,23,4,185.98964653216458,1.840248005464673,60468.026189977536,4015.101085407302
1781651382,400,GET,/feed/{user_id}?with_fof=true,97.600000,0.500000,4,20,150,170,210,250,510,1500,60000,60000,60000,4641,16,4,235.8060748114935,1.9182849791832268,60478.41080700164,4559.495798319328
1781651382,400,POST,/likes,10.200000,0.300000,6,10,140,190,240,260,60000,60000,60000,60000,60000,519,3,7,400.5041215756638,3.120855981251225,60468.273025006056,179.35067437379575
1781651382,400,POST,/posts,14.500000,0.100000,9,25,150,170,200,250,280,300,60000,60000,60000,720,1,9,147.50566592075404,3.531711990945041,60469.31332399254,227.68472222222223
1781651382,400,GET,/timeline/{user_id},109.700000,0.400000,5,100,150,170,200,240,260,320,60000,60000,60000,5753,7,4,123.95601129872453,1.848168991273269,59607.5666359975,3310.1371458369545
1781651382,400,GET,/users/{user_id},47.000000,0.400000,4,23,130,160,190,220,270,59000,60000,60000,60000,2396,4,3,150.34750064995583,1.6024920041672885,59593.765985016944,264.44616026711185
1781651382,400,,Aggregated,459.500000,3.000000,5,30,150,170,210,240,290,1500,60000,60000,60000,23150,54,4,180.48400960430226,1.6024920041672885,60478.41080700164,3357.0714902807777
1781651383,400,GET,/feed/{user_id},168.900000,1.300000,5,50,160,180,220,250,1500,58000,60000,60000,60000,9140,23,4,188.207527135327,1.840248005464673,60468.026189977536,4011.9213347921227
1781651383,400,GET,/feed/{user_id}?with_fof=true,92.400000,0.700000,4,23,150,170,220,260,700,57000,60000,60000,60000,4646,16,4,236.97773333000526,1.9182849791832268,60478.41080700164,4566.545630650022
1781651383,400,POST,/likes,9.400000,0.300000,7,31,190,230,260,2400,60000,60000,60000,60000,60000,521,3,7,407.9880158939455,3.120855981251225,60468.273025006056,179.35508637236086
1781651383,400,POST,/posts,14.100000,0.100000,9,16,140,160,200,250,280,300,60000,60000,60000,721,1,9,147.32973483067695,3.531711990945041,60469.31332399254,227.6865464632455
1781651383,400,GET,/timeline/{user_id},101.600000,0.400000,5,120,160,180,230,260,2400,2500,60000,60000,60000,5772,7,4,131.48813921804037,1.848168991273269,59607.5666359975,3305.3643451143453
1781651383,400,GET,/users/{user_id},45.500000,0.400000,4,27,140,160,200,260,2000,59000,60000,60000,60000,2401,4,3,154.30771325543148,1.6024920041672885,59593.765985016944,264.44897959183675
1781651383,400,,Aggregated,431.900000,3.200000,5,37,160,180,220,260,2100,57000,60000,60000,60000,23201,54,4,184.01983540599932,1.6024920041672885,60478.41080700164,3355.7278996594973
1781651384,400,GET,/feed/{user_id},149.800000,1.300000,6,48,170,190,230,280,2100,58000,60000,60000,60000,9178,23,4,188.88880786892295,1.840248005464673,60468.026189977536,4007.349749400741
1781651384,400,GET,/feed/{user_id}?with_fof=true,83.100000,0.700000,5,33,170,180,240,380,2100,57000,60000,60000,60000,4652,16,4,237.7085990926873,1.9182849791832268,60478.41080700164,4567.313413585554
1781651384,400,POST,/likes,8.200000,0.300000,6,91,210,230,260,59000,60000,60000,60000,60000,60000,522,3,7,407.38088016814623,3.120855981251225,60468.273025006056,179.3582375478927
1781651384,400,POST,/posts,12.900000,0.100000,9,16,160,180,220,270,670,60000,60000,60000,60000,722,1,9,148.05316370209695,3.531711990945041,60469.31332399254,227.68559556786704
1781651384,400,GET,/timeline/{user_id},91.600000,0.400000,5,150,180,200,250,2400,2800,2900,60000,60000,60000,5804,7,4,139.6323243477812,1.848168991273269,59607.5666359975,3299.6917643004826
1781651384,400,GET,/users/{user_id},39.700000,0.400000,4,26,160,170,220,300,2200,59000,60000,60000,60000,2414,4,3,154.39691132120623,1.6024920041672885,59593.765985016944,264.44987572493784
1781651384,400,,Aggregated,385.300000,3.200000,5,47,170,190,240,470,2500,58000,60000,60000,60000,23292,54,4,186.42148547504593,1.6024920041672885,60478.41080700164,3351.983728318736
1781651385,400,GET,/feed/{user_id},132.700000,1.300000,7,94,190,210,240,620,2400,59000,60000,60000,60000,9195,23,4,189.34448732104258,1.840248005464673,60468.026189977536,4011.0297988036978
1781651385,400,GET,/feed/{user_id}?with_fof=true,73.900000,0.700000,5,41,180,200,250,480,2400,58000,60000,60000,60000,4654,16,4,238.08212637261622,1.9182849791832268,60478.41080700164,4565.421787709497
1781651385,400,POST,/likes,7.000000,0.300000,8,200,230,240,2300,59000,60000,60000,60000,60000,60000,522,3,7,407.38088016814623,3.120855981251225,60468.273025006056,179.3582375478927
1781651385,400,POST,/posts,11.300000,0.100000,10,21,180,190,250,280,670,60000,60000,60000,60000,724,1,9,147.84346053024493,3.531711990945041,60469.31332399254,227.69198895027625
1781651385,400,GET,/timeline/{user_id},82.900000,0.400000,7,160,200,220,420,2500,2900,3700,60000,60000,60000,5811,7,4,141.5336251379272,1.848168991273269,59607.5666359975,3304.0363104457065
1781651385,400,GET,/users/{user_id},35.200000,0.400000,4,26,160,180,230,660,2200,59000,60000,60000,60000,2419,4,4,154.6439995235247,1.6024920041672885,59593.765985016944,264.4518396031418
1781651385,400,,Aggregated,343.000000,3.200000,6,67,190,200,250,870,2800,59000,60000,60000,60000,23325,54,4,187.15043911900224,1.6024920041672885,60478.41080700164,3353.7762057877812
1781651386,400,GET,/feed/{user_id},119.300000,1.300000,9,160,200,220,320,1500,2400,59000,60000,60000,60000,9218,23,4,191.75169680527202,1.840248005464673,60468.026189977536,4007.552722933391
1781651386,400,GET,/feed/{user_id}?with_fof=true,64.600000,0.700000,6,120,200,230,470,2400,5000,59000,60000,60000,60000,4669,16,4,246.01567888523184,1.9182849791832268,60478.41080700164,4551.290854572713
1781651386,400,POST,/likes,6.100000,0.300000,7,210,260,260,59000,60000,60000,60000,60000,60000,60000,522,3,7,407.38088016814623,3.120855981251225,60468.273025006056,179.3582375478927
1781651386,400,POST,/posts,10.200000,0.100000,10,18,180,190,250,300,670,60000,60000,60000,60000,724,1,9,147.84346053024493,3.531711990945041,60469.31332399254,227.69198895027625
1781651386,400,GET,/timeline/{user_id},74.700000,0.400000,12,190,230,240,1900,2700,2900,3900,60000,60000,60000,5827,7,4,144.35678425871257,1.848168991273269,59607.5666359975,3301.828556718723
1781651386,400,GET,/users/{user_id},32.600000,0.400000,5,32,170,200,260,1700,59000,59000,60000,60000,60000,2423,4,4,156.2948598903771,1.6024920041672885,59593.765985016944,264.45356995460173
1781651386,400,,Aggregated,307.500000,3.200000,8,160,200,230,620,2200,3900,59000,60000,60000,60000,23383,54,4,190.55618432740573,1.6024920041672885,60478.41080700164,3349.8951374930507
1781651387,400,GET,/feed/{user_id},103.800000,1.300000,11,190,230,240,800,1800,58000,59000,60000,60000,60000,9255,23,4,192.23986612543877,1.840248005464673,60468.026189977536,4007.8015126958403
1781651387,400,GET,/feed/{user_id}?with_fof=true,54.100000,0.700000,7,200,240,260,1500,3400,57000,59000,60000,60000,60000,4682,16,4,250.38092242655054,1.9182849791832268,60478.41080700164,4548.702477573686
1781651387,400,POST,/likes,5.300000,0.300000,8,230,260,2300,59000,60000,60000,60000,60000,60000,60000,525,3,7,407.19869515958374,3.120855981251225,60468.273025006056,179.36190476190475
1781651387,400,POST,/posts,8.700000,0.100000,13,46,200,210,270,300,60000,60000,60000,60000,60000,727,1,9,147.2993048980907,3.531711990945041,60469.31332399254,227.69876203576342
1781651387,400,GET,/timeline/{user_id},64.300000,0.400000,12,210,250,510,2400,2800,3000,58000,60000,60000,60000,5856,7,4,144.50410300144694,1.848168991273269,59607.5666359975,3296.7947404371585
1781651387,400,GET,/users/{user_id},27.300000,0.400000,6,55,180,230,670,2000,59000,59000,60000,60000,60000,2429,4,4,156.4007167049693,1.6024920041672885,59593.765985016944,264.452037875669
1781651387,400,,Aggregated,263.500000,3.200000,11,190,230,250,1300,2500,58000,59000,60000,60000,60000,23474,54,4,191.6351161908746,1.6024920041672885,60478.41080700164,3348.271023259777
1781651388,400,GET,/feed/{user_id},86.700000,1.300000,16,210,250,290,1100,2100,58000,60000,60000,60000,60000,9310,23,4,191.68631607462729,1.840248005464673,60468.026189977536,4010.5379162191193
1781651388,400,GET,/feed/{user_id}?with_fof=true,45.500000,0.700000,12,240,290,670,3300,5000,58000,59000,60000,60000,60000,4717,16,4,255.43653936297258,1.9182849791832268,60478.41080700164,4549.262878948484
1781651388,400,POST,/likes,4.300000,0.300000,120,260,2300,2400,60000,60000,60000,60000,60000,60000,60000,526,3,7,406.4450188037632,3.120855981251225,60468.273025006056,179.36311787072242
1781651388,400,POST,/posts,6.800000,0.100000,14,30,98,250,300,670,60000,60000,60000,60000,60000,729,1,9,146.92041375297435,3.531711990945041,60469.31332399254,227.69958847736626
1781651388,400,GET,/timeline/{user_id},55.400000,0.400000,13,220,510,1200,2500,2800,3700,58000,60000,60000,60000,5893,7,4,144.02159942721295,1.848168991273269,59607.5666359975,3306.4379772611574
1781651388,400,GET,/users/{user_id},23.100000,0.400000,8,72,220,260,1400,2200,59000,59000,60000,60000,60000,2444,4,4,156.0197130148256,1.6024920041672885,59593.765985016944,264.45703764320785
1781651388,400,,Aggregated,221.800000,3.200000,14,210,260,420,2000,2900,59000,59000,60000,60000,60000,23619,54,4,192.2359238062336,1.6024920041672885,60478.41080700164,3352.745289809052
1781651389,400,GET,/feed/{user_id},75.300000,1.300000,20,200,310,540,1100,2000,2400,2400,65000,65000,65000,9377,26,4,211.9952392750187,1.840248005464673,64736.597618990345,4013.943692012371
1781651389,400,GET,/feed/{user_id}?with_fof=true,37.000000,0.700000,150,730,2100,2800,4400,5000,57000,57000,65000,65000,65000,4743,17,4,276.4935346654373,1.9182849791832268,64670.90794298565,4558.179422306557
1781651389,400,POST,/likes,3.000000,0.300000,11,120,260,1000,2300,2400,2400,2400,2400,2400,2400,528,3,7,404.9242998916628,3.120855981251225,60468.273025006056,179.36174242424244
1781651389,400,POST,/posts,5.900000,0.100000,21,46,190,250,300,670,750,750,750,750,750,736,1,9,146.64130878930376,3.531711990945041,60469.31332399254,227.7024456521739
1781651389,400,GET,/timeline/{user_id},45.700000,0.400000,130,630,1500,2000,2700,2800,3100,3400,3900,3900,3900,5931,7,4,146.09098129095526,1.848168991273269,59607.5666359975,3302.4884505142472
1781651389,400,GET,/users/{user_id},18.900000,0.400000,18,75,310,520,1700,2200,65000,66000,66000,66000,66000,2462,7,4,234.98786004396553,1.6024920041672885,65733.20849298034,264.1677497969131
1781651389,400,,Aggregated,185.800000,3.200000,40,260,660,940,2400,2900,4900,57000,66000,66000,66000,23777,61,5,213.06396722364718,1.6024920041672885,65733.20849298034,3354.415064978761
1781651390,400,GET,/feed/{user_id},64.100000,1.300000,11,71,250,540,1100,2000,2400,65000,65000,65000,65000,9466,27,4,216.9555762579421,1.840248005464673,64819.39356800285,4013.6808578068876
1781651390,400,GET,/feed/{user_id}?with_fof=true,31.800000,0.700000,24,280,890,2200,3800,4900,6500,57000,65000,65000,65000,4810,17,4,277.93554976383945,1.9182849791832268,64670.90794298565,4573.353014553015
1781651390,400,POST,/likes,2.500000,0.300000,13,58,120,260,2300,2400,2400,2400,2400,2400,2400,532,3,7,402.05165493939705,3.120855981251225,60468.273025006056,179.3684210526316
1781651390,400,POST,/posts,4.400000,0.100000,16,22,95,98,280,670,750,750,750,750,750,743,1,9,145.36818490164828,3.531711990945041,60469.31332399254,227.70121130551817
1781651390,400,GET,/timeline/{user_id},39.100000,0.400000,29,320,840,1500,2500,2800,3000,3400,3900,3900,3900,5989,7,4,145.76635686835596,1.848168991273269,59607.5666359975,3299.333611621306
1781651390,400,GET,/users/{user_id},15.600000,0.400000,9,41,230,480,1600,2200,65000,66000,66000,66000,66000,2494,7,4,232.32061774389626,1.6024920041672885,65733.20849298034,264.1800320769848
1781651390,400,,Aggregated,157.500000,3.200000,12,160,560,880,2400,2900,4700,6700,66000,66000,66000,24034,62,5,214.89863747063796,1.6024920041672885,65733.20849298034,3356.6826579013064
1781651391,400,GET,/feed/{user_id},51.200000,1.600000,9,35,190,310,1000,2000,65000,67000,70000,70000,70000,9561,33,4,264.10464799444094,1.840248005464673,69784.42395399907,4017.42851166196
1781651391,400,GET,/feed/{user_id}?with_fof=true,24.200000,0.800000,10,240,1500,2600,4000,5000,68000,69000,70000,70000,70000,4866,23,4,361.5884727942809,1.9182849791832268,69747.60536898975,4587.684134812988
1781651391,400,POST,/likes,1.900000,0.300000,15,91,110,120,2300,2400,2400,2400,2400,2400,2400,539,3,7,397.3133178677385,3.120855981251225,60468.273025006056,179.39517625231912
1781651391,400,POST,/posts,3.700000,0.100000,12,21,22,46,68,670,750,750,750,750,750,757,1,9,143.12843184008833,3.531711990945041,60469.31332399254,227.70937912813739
1781651391,400,GET,/timeline/{user_id},31.000000,0.400000,12,220,770,1400,2500,2900,3900,68000,68000,68000,68000,6060,12,4,211.45100812386397,1.848168991273269,67885.19680901663,3288.475082508251
1781651391,400,GET,/users/{user_id},13.000000,0.700000,8,27,73,260,1100,2000,65000,66000,69000,69000,69000,2519,8,4,257.47666931216173,1.6024920041672885,68761.82423398132,264.09448193727667
1781651391,400,,Aggregated,125.000000,3.900000,10,68,310,720,2300,3300,65000,68000,70000,70000,70000,24302,80,5,268.993127666589,1.6024920041672885,69784.42395399907,3357.6161632787425
1781651392,400,GET,/feed/{user_id},41.900000,0.400000,9,28,94,210,910,2000,65000,67000,70000,70000,70000,9681,40,4,307.78831059197665,1.840248005464673,69784.42395399907,4006.3101952277657
1781651392,400,GET,/feed/{user_id}?with_fof=true,20.400000,0.300000,9,89,830,2000,3600,4900,66000,69000,70000,70000,70000,4923,23,4,360.7745448783316,1.9182849791832268,69747.60536898975,4597.691245175706
1781651392,400,POST,/likes,1.800000,0.000000,14,58,110,110,1000,2300,2400,2400,2400,2400,2400,543,3,7,394.6490306477427,3.120855981251225,60468.273025006056,179.40883977900552
1781651392,400,POST,/posts,3.100000,0.000000,13,21,30,51,98,670,66000,66000,66000,66000,66000,765,2,10,227.71436610575643,3.531711990945041,65539.16928000399,227.4470588235294
1781651392,400,GET,/timeline/{user_id},25.700000,0.000000,9,65,310,680,2400,2800,63000,68000,68000,68000,68000,6128,14,4,230.7032851089574,1.848168991273269,67885.19680901663,3291.1852154046996
1781651392,400,GET,/users/{user_id},11.600000,0.300000,7,25,65,110,520,1400,65000,66000,69000,69000,69000,2554,9,4,279.36524532626817,1.6024920041672885,68761.82423398132,264.00704776820675
1781651392,400,,Aggregated,104.500000,1.000000,9,42,120,310,1800,3100,65000,67000,70000,70000,70000,24594,91,5,295.6630153980877,1.6024920041672885,69784.42395399907,3355.842725868098
1781651393,400,GET,/feed/{user_id},43.500000,1.000000,7,19,51,86,490,1300,65000,67000,70000,70000,70000,9799,40,4,304.29201730289094,1.840248005464673,69784.42395399907,4011.6587406878252
1781651393,400,GET,/feed/{user_id}?with_fof=true,21.900000,0.700000,8,56,210,930,3100,4600,65000,68000,70000,70000,70000,4999,23,4,357.10016183998664,1.9182849791832268,69747.60536898975,4611.783756751351
1781651393,400,POST,/likes,1.800000,0.000000,13,18,91,100,110,120,1000,1000,1000,1000,1000,545,3,7,393.36320655356343,3.120855981251225,60468.273025006056,179.4091743119266
1781651393,400,POST,/posts,3.700000,0.000000,12,18,30,51,81,170,750,66000,66000,66000,66000,775,2,10,225.13136442315073,3.531711990945041,65539.16928000399,227.46322580645162
1781651393,400,GET,/timeline/{user_id},30.000000,0.500000,7,29,70,98,840,1700,3900,67000,68000,68000,68000,6207,14,4,228.1751513906524,1.848168991273269,67885.19680901663,3293.9273400998873
1781651393,400,GET,/users/{user_id},12.300000,0.400000,5,17,52,84,260,1100,65000,66000,69000,69000,69000,2586,9,4,276.12251451709693,1.6024920041672885,68761.82423398132,264.01778808971386
1781651393,400,,Aggregated,113.200000,2.600000,7,25,69,100,950,2600,65000,67000,70000,70000,70000,24911,91,5,292.485124194603,1.6024920041672885,69784.42395399907,3362.6418048251776
1781651394,400,GET,/feed/{user_id},53.800000,1.700000,5,11,28,55,230,1000,65000,66000,70000,70000,70000,9932,40,4,300.283051121933,1.840248005464673,69784.42395399907,4010.7667136528394
1781651394,400,GET,/feed/{user_id}?with_fof=true,27.300000,0.700000,6,23,78,240,2700,4200,6500,68000,70000,70000,70000,5078,23,4,351.7053848259532,1.9182849791832268,69747.60536898975,4599.984836549823
1781651394,400,POST,/likes,2.300000,0.000000,12,15,77,91,110,120,1000,1000,1000,1000,1000,549,3,7,390.5305468464268,3.120855981251225,60468.273025006056,179.41712204007285
1781651394,400,POST,/posts,4.500000,0.100000,12,17,30,47,81,170,750,66000,66000,66000,66000,782,2,9,223.23923148202164,3.531711990945041,65539.16928000399,227.46419437340154
1781651394,400,GET,/timeline/{user_id},36.400000,0.700000,5,11,40,70,460,1300,3400,67000,68000,68000,68000,6292,15,4,235.71745912729247,1.848168991273269,67885.19680901663,3293.4868086458996
1781651394,400,GET,/users/{user_id},14.900000,0.500000,4,9,32,52,150,550,64000,65000,69000,69000,69000,2623,9,4,272.3085529257166,1.6024920041672885,68761.82423398132,264.02554327106367
1781651394,400,,Aggregated,139.200000,3.700000,5,12,38,70,470,1900,63000,66000,70000,70000,70000,25256,92,4,291.2078375150436,1.6024920041672885,69784.42395399907,3360.991170414951
1781651395,400,GET,/feed/{user_id},64.000000,1.700000,4,9,19,33,110,350,63000,66000,70000,70000,70000,10055,40,4,296.70544979762263,1.840248005464673,69784.42395399907,4008.1402287419196
1781651395,400,GET,/feed/{user_id}?with_fof=true,34.000000,0.700000,5,11,40,79,1900,3600,6400,68000,70000,70000,70000,5151,23,4,346.9776784216649,1.9182849791832268,69747.60536898975,4605.706853038245
1781651395,400,POST,/likes,2.600000,0.000000,8,13,18,58,110,120,1000,1000,1000,1000,1000,555,3,7,386.41693557959746,3.120855981251225,60468.273025006056,179.42882882882884
1781651395,400,POST,/posts,5.300000,0.100000,11,17,21,35,58,82,750,66000,66000,66000,66000,797,2,9,219.32244748161222,3.531711990945041,65539.16928000399,227.465495608532
1781651395,400,GET,/timeline/{user_id},43.500000,0.700000,4,8,27,44,220,770,2400,67000,68000,68000,68000,6380,15,4,232.67002488434193,1.848168991273269,67885.19680901663,3290.7758620689656
1781651395,400,GET,/users/{user_id},18.000000,0.500000,3,7,16,32,110,330,64000,65000,69000,69000,69000,2665,9,4,268.085124037208,1.6024920041672885,68761.82423398132,264.046904315197
1781651395,400,,Aggregated,167.400000,3.700000,5,9,24,40,190,1000,4900,66000,69000,70000,70000,25603,92,4,287.41937755246965,1.6024920041672885,69784.42395399907,3359.1982970745617
1781651396,400,GET,/feed/{user_id},73.200000,1.700000,4,6,12,19,75,210,1000,66000,70000,70000,70000,10209,40,4,292.28921576061003,1.840248005464673,69784.42395399907,3999.555392300911
1781651396,400,GET,/feed/{user_id}?with_fof=true,41.300000,0.700000,4,8,27,48,830,3100,4900,66000,70000,70000,70000,5221,23,4,342.43333446981785,1.9182849791832268,69747.60536898975,4598.591840643555
1781651396,400,POST,/likes,2.800000,0.000000,7,11,13,15,77,110,110,110,110,110,110,561,3,7,382.33175197624104,3.1003559997770935,60468.273025006056,179.42959001782532
1781651396,400,POST,/posts,5.800000,0.100000,10,16,21,35,58,82,750,66000,66000,66000,66000,801,2,9,218.26288191986487,3.531711990945041,65539.16928000399,227.4656679151061
1781651396,400,GET,/timeline/{user_id},47.300000,0.800000,4,6,14,28,100,470,2400,66000,68000,68000,68000,6473,15,4,229.42460819619754,1.848168991273269,67885.19680901663,3290.706164066121
1781651396,400,GET,/users/{user_id},20.300000,0.500000,3,5,10,21,97,220,1000,65000,69000,69000,69000,2694,9,3,265.2343566990512,1.6024920041672885,68761.82423398132,264.054565701559
1781651396,400,,Aggregated,190.700000,3.800000,4,7,14,26,97,560,4200,66000,69000,70000,70000,25959,92,4,283.5528552734966,1.6024920041672885,69784.42395399907,3356.6652413421166
1781651397,400,GET,/feed/{user_id},83.700000,1.700000,3,5,9,15,47,100,880,65000,68000,70000,70000,10359,40,4,288.194261251658,1.840248005464673,69784.42395399907,3998.842938507578
1781651397,400,GET,/feed/{user_id}?with_fof=true,48.800000,0.700000,3,7,15,29,130,2300,4400,66000,70000,70000,70000,5273,23,4,339.1282417299341,1.9182849791832268,69747.60536898975,4589.2260572729
1781651397,400,POST,/likes,3.300000,0.000000,6,8,13,14,58,100,110,110,110,110,110,569,3,7,377.01530063557374,3.1003559997770935,60468.273025006056,179.4323374340949
1781651397,400,POST,/posts,7.100000,0.100000,9,13,18,30,55,81,750,66000,66000,66000,66000,809,2,9,216.16252654488804,3.531711990945041,65539.16928000399,227.4697156983931
1781651397,400,GET,/timeline/{user_id},54.700000,0.800000,3,5,10,23,91,460,2400,66000,68000,68000,68000,6540,15,4,227.23102998498447,1.848168991273269,67885.19680901663,3294.2044342507647
1781651397,400,GET,/users/{user_id},23.800000,0.500000,3,5,10,16,65,130,550,65000,69000,69000,69000,2727,9,3,262.14414596710066,1.6024920041672885,68761.82423398132,264.07077374404105
1781651397,400,,Aggregated,221.400000,3.800000,3,5,11,19,74,230,3100,65000,69000,70000,70000,26277,92,4,280.2444260432473,1.6024920041672885,69784.42395399907,3355.533013662138
1781651398,400,GET,/feed/{user_id},97.200000,1.700000,3,5,9,17,67,130,160,65000,68000,70000,70000,10472,40,4,285.7200423650696,1.840248005464673,69784.42395399907,4005.569423223835
1781651398,400,GET,/feed/{user_id}?with_fof=true,54.000000,0.700000,3,7,16,30,120,1700,3300,66000,70000,70000,70000,5318,23,4,337.00247904321884,1.9182849791832268,69747.60536898975,4587.337720947725
1781651398,400,POST,/likes,3.900000,0.000000,6,9,14,18,100,110,150,150,150,150,150,574,3,7,374.24622892792735,3.1003559997770935,60468.273025006056,179.44425087108013
1781651398,400,POST,/posts,7.500000,0.100000,10,17,30,40,81,140,170,66000,66000,66000,66000,815,2,9,215.274390012013,3.531711990945041,65539.16928000399,227.4834355828221
1781651398,400,GET,/timeline/{user_id},62.900000,0.800000,3,5,12,28,110,260,1300,66000,68000,68000,68000,6613,15,4,225.46797383591735,1.848168991273269,67885.19680901663,3296.870860426433
1781651398,400,GET,/users/{user_id},26.600000,0.500000,3,5,11,23,100,130,450,550,69000,69000,69000,2755,9,3,260.18426442044927,1.6024920041672885,68761.82423398132,264.08166969147004
1781651398,400,,Aggregated,252.100000,3.800000,3,5,12,23,92,150,1800,64000,69000,70000,70000,26547,92,4,278.08538779969615,1.6024920041672885,69784.42395399907,3358.5692168606624
1781651399,400,GET,/feed/{user_id},109.200000,1.700000,3,5,12,21,87,130,150,64000,68000,70000,70000,10597,40,4,282.81229879798246,1.840248005464673,69784.42395399907,3996.1206001698592
1781651399,400,GET,/feed/{user_id}?with_fof=true,59.200000,0.700000,3,7,19,33,120,720,2300,66000,70000,70000,70000,5377,23,4,334.304295449659,1.904133998323232,69747.60536898975,4593.649432769203
1781651399,400,POST,/likes,4.300000,0.000000,5,8,15,23,110,110,150,150,150,150,150,578,3,7,372.04015896472134,3.1003559997770935,60468.273025006056,179.45328719723184
1781651399,400,POST,/posts,8.200000,0.100000,10,17,38,48,110,140,170,66000,66000,66000,66000,829,2,10,212.3615698586555,3.531711990945041,65539.16928000399,227.49336550060315
1781651399,400,GET,/timeline/{user_id},67.400000,0.800000,3,5,13,31,100,140,460,65000,68000,68000,68000,6682,15,4,223.62883005763314,1.848168991273269,67885.19680901663,3299.40197545645
1781651399,400,GET,/users/{user_id},29.400000,0.500000,3,5,16,37,100,120,140,150,69000,69000,69000,2792,9,3,257.2482929965065,1.6024920041672885,68761.82423398132,264.09706303724926
1781651399,400,,Aggregated,277.700000,3.800000,3,6,15,30,98,140,810,64000,69000,70000,70000,26855,92,4,275.4841987257803,1.6024920041672885,69784.42395399907,3355.9196425246696
1781651400,400,GET,/feed/{user_id},114.000000,1.700000,3,4,9,17,75,120,150,160,67000,67000,67000,10733,40,4,279.2850696038537,1.840248005464673,69784.42395399907,3994.6999906829406
1781651400,400,GET,/feed/{user_id}?with_fof=true,59.000000,0.700000,3,5,13,24,92,140,1000,1900,2300,2300,2300,5441,23,4,330.4300969233137,1.8944490002468228,69747.60536898975,4592.493659253813
1781651400,400,POST,/likes,4.800000,0.000000,5,7,9,13,110,110,150,150,150,150,150,584,3,7,368.26979181778495,3.1003559997770935,60468.273025006056,179.45719178082192
1781651400,400,POST,/posts,8.700000,0.100000,9,15,30,40,110,140,170,66000,66000,66000,66000,840,2,9,209.6884568640408,3.531711990945041,65539.16928000399,227.49166666666667
1781651400,400,GET,/timeline/{user_id},71.300000,0.800000,3,4,9,20,93,130,220,360,67000,67000,67000,6777,15,4,220.55410803941993,1.848168991273269,67885.19680901663,3310.4684963848313
1781651400,400,GET,/users/{user_id},30.300000,0.500000,3,4,10,26,100,120,140,150,64000,64000,64000,2831,9,3,253.74195033036338,1.6024920041672885,68761.82423398132,264.1148004238785
1781651400,400,,Aggregated,288.100000,3.800000,3,5,11,20,88,130,160,810,67000,67000,67000,27206,92,4,271.98718382613055,1.6024920041672885,69784.42395399907,3357.403624200544
1781651401,400,GET,/feed/{user_id},119.800000,1.400000,3,4,6,11,44,100,140,150,160,160,160,10878,40,4,275.6428995828294,1.840248005464673,69784.42395399907,4002.8546607832322
1781651401,400,GET,/feed/{user_id}?with_fof=true,62.900000,0.600000,3,4,7,17,70,130,720,1000,1900,1900,1900,5491,23,4,327.52964672713887,1.8944490002468228,69747.60536898975,4580.761609907121
1781651401,400,POST,/likes,5.100000,0.000000,5,6,8,9,77,110,150,150,150,150,150,590,3,7,364.5915000010341,3.1003559997770935,60468.273025006056,179.464406779661
1781651401,400,POST,/posts,8.800000,0.100000,8,11,17,31,79,120,150,170,170,170,170,854,2,9,206.424446820574,3.531711990945041,65539.16928000399,227.49648711943794
1781651401,400,GET,/timeline/{user_id},74.700000,0.800000,3,4,5,10,70,130,160,250,66000,66000,66000,6856,15,4,218.11015089763288,1.848168991273269,67885.19680901663,3315.3335764294047
1781651401,400,GET,/users/{user_id},32.800000,0.200000,3,4,5,11,49,100,140,140,170,170,170,2875,9,3,249.96538792217515,1.6024920041672885,68761.82423398132,264.1328695652174
1781651401,400,,Aggregated,304.100000,3.100000,3,4,6,12,60,120,150,230,1700,66000,66000,27544,92,4,268.7452040101853,1.6024920041672885,69784.42395399907,3357.7363491141446
1781651402,400,GET,/feed/{user_id},125.000000,1.300000,3,4,5,8,34,99,140,150,160,160,160,11015,40,4,272.27770162095754,1.840248005464673,69784.42395399907,4004.153245574217
1781651402,400,GET,/feed/{user_id}?with_fof=true,62.400000,0.600000,3,4,5,9,36,120,280,650,840,840,840,5561,23,4,323.5403123117523,1.8944490002468228,69747.60536898975,4577.349397590361
1781651402,400,POST,/likes,5.100000,0.000000,5,6,8,9,27,110,120,150,150,150,150,600,3,7,358.64833062097506,3.1003559997770935,60468.273025006056,179.485
1781651402,400,POST,/posts,9.500000,0.100000,7,10,13,17,48,120,150,170,170,170,170,868,2,9,203.22109827271385,3.531711990945041,65539.16928000399,227.50345622119815
1781651402,400,GET,/timeline/{user_id},77.900000,0.800000,3,4,5,8,50,130,160,240,66000,66000,66000,6947,15,4,215.3699981308681,1.848168991273269,67885.19680901663,3307.693104937383
1781651402,400,GET,/users/{user_id},33.700000,0.200000,3,3,5,10,41,100,140,140,170,170,170,2905,9,3,247.41994095535424,1.6024920041672885,68761.82423398132,264.1432013769363
1781651402,400,,Aggregated,313.600000,3.000000,3,4,5,9,38,110,150,160,810,66000,66000,27896,92,4,265.44528883295993,1.6024920041672885,69784.42395399907,3355.7295669630053
1781651403,400,GET,/feed/{user_id},130.400000,0.700000,3,4,4,6,32,99,140,150,160,160,160,11158,40,4,268.82421056595615,1.840248005464673,69784.42395399907,4011.349614626277
1781651403,400,GET,/feed/{user_id}?with_fof=true,62.500000,0.000000,3,4,5,8,32,120,260,650,840,840,840,5627,23,4,319.77783666102465,1.88051798613742,69747.60536898975,4579.730762395593
1781651403,400,POST,/likes,5.300000,0.000000,5,6,8,9,27,110,120,150,150,150,150,603,3,7,356.88600858974047,3.1003559997770935,60468.273025006056,179.48922056384743
1781651403,400,POST,/posts,9.200000,0.100000,6,9,10,14,40,120,140,150,170,170,170,886,2,9,199.1970833665171,3.531711990945041,65539.16928000399,227.5056433408578
1781651403,400,GET,/timeline/{user_id},78.400000,0.300000,3,4,4,6,41,120,160,230,460,460,460,7028,15,4,212.9231796697746,1.848168991273269,67885.19680901663,3305.2805919180423
1781651403,400,GET,/users/{user_id},35.000000,0.100000,3,3,4,8,40,100,140,140,170,170,170,2941,9,3,244.4218184254642,1.6024920041672885,68761.82423398132,264.15436926215574
1781651403,400,,Aggregated,320.800000,1.200000,3,4,5,8,35,110,150,160,770,840,840,28243,92,4,262.2203725573535,1.6024920041672885,69784.42395399907,3358.1763976914635
1781651404,400,GET,/feed/{user_id},132.900000,0.000000,3,3,4,6,32,98,140,150,160,160,160,11313,40,4,265.273109498472,1.840248005464673,69784.42395399907,4015.770352691594
1781651404,400,GET,/feed/{user_id}?with_fof=true,63.900000,0.000000,3,4,4,6,30,120,260,650,840,840,840,5695,23,4,316.2025520343356,1.88051798613742,69747.60536898975,4568.497278314311
1781651404,400,POST,/likes,5.500000,0.000000,5,6,8,9,27,110,120,150,150,150,150,607,3,7,354.6199693699917,3.1003559997770935,60468.273025006056,179.499176276771
1781651404,400,POST,/posts,10.000000,0.000000,6,8,10,11,48,120,140,150,170,170,170,897,2,9,196.91801258271852,3.531711990945041,65539.16928000399,227.50613154960982
1781651404,400,GET,/timeline/{user_id},81.700000,0.100000,3,4,4,6,50,120,160,230,460,460,460,7092,15,4,211.12262472958042,1.848168991273269,67885.19680901663,3304.0479413423577
1781651404,400,GET,/users/{user_id},35.000000,0.000000,3,3,4,9,42,110,140,140,170,170,170,2972,9,3,241.94923925076534,1.6024920041672885,68761.82423398132,264.1598250336474
1781651404,400,,Aggregated,329.000000,0.100000,3,4,5,7,38,110,150,160,770,840,840,28576,92,4,259.31035812995157,1.6024920041672885,69784.42395399907,3358.7073768197088
1781651405,400,GET,/feed/{user_id},136.300000,0.000000,3,4,5,11,57,99,140,150,160,160,160,11447,40,4,262.37328049332956,1.840248005464673,69784.42395399907,4020.600506682974
1781651405,400,GET,/feed/{user_id}?with_fof=true,63.200000,0.000000,3,4,5,8,60,120,390,650,840,840,840,5778,23,4,311.9634611081038,1.88051798613742,69747.60536898975,4574.419868466597
1781651405,400,POST,/likes,5.800000,0.000000,5,7,9,11,87,110,150,150,150,150,150,611,3,7,352.4702145214461,3.1003559997770935,60468.273025006056,179.50572831423895
1781651405,400,POST,/posts,10.600000,0.000000,6,9,10,14,64,120,140,150,170,170,170,908,2,9,194.84378725405304,3.531711990945041,65539.16928000399,227.5055066079295
1781651405,400,GET,/timeline/{user_id},81.000000,0.100000,3,4,5,9,82,120,150,220,460,460,460,7162,15,4,209.19793987252785,1.848168991273269,67885.19680901663,3295.643395699525
1781651405,400,GET,/users/{user_id},35.400000,0.000000,3,3,6,11,58,110,140,140,170,170,170,3014,9,3,238.81165892346823,1.6024920041672885,68761.82423398132,264.1804910418049
1781651405,400,,Aggregated,332.300000,0.100000,3,4,5,10,59,110,140,160,770,840,840,28920,92,4,256.4399469346964,1.6024920041672885,69784.42395399907,3359.982814661134
1781651406,400,GET,/feed/{user_id},136.800000,0.000000,3,4,5,11,59,99,140,150,160,160,160,11573,40,4,259.57822288889685,1.840248005464673,69784.42395399907,4018.771277974596
1781651406,400,GET,/feed/{user_id}?with_fof=true,62.300000,0.000000,3,4,5,8,60,120,410,650,840,840,840,5855,23,4,308.0458148446926,1.88051798613742,69747.60536898975,4571.085909479078
1781651406,400,POST,/likes,5.700000,0.000000,5,8,9,11,87,110,150,150,150,150,150,613,3,7,351.33094304180656,3.1003559997770935,60468.273025006056,179.5089722675367
1781651406,400,POST,/posts,11.400000,0.000000,6,9,11,15,64,120,140,150,170,170,170,915,2,9,193.45715866955965,3.531711990945041,65539.16928000399,227.50710382513662
1781651406,400,GET,/timeline/{user_id},80.300000,0.000000,3,4,5,10,82,120,160,220,460,460,460,7248,15,4,206.855591138375,1.848168991273269,67885.19680901663,3291.059464679912
1781651406,400,GET,/users/{user_id},35.300000,0.000000,3,3,5,11,52,110,140,140,170,170,170,3052,9,3,235.90731740412755,1.6024920041672885,68761.82423398132,264.1926605504587
1781651406,400,,Aggregated,331.800000,0.000000,3,4,6,11,60,110,150,160,770,840,840,29256,92,4,253.60147132090782,1.6024920041672885,69784.42395399907,3358.3220877768663
1781651407,400,GET,/feed/{user_id},139.300000,0.000000,3,3,4,6,25,69,98,110,160,160,160,11706,40,4,256.6758926315772,1.838444994064048,69784.42395399907,4022.3440970442507
1781651407,400,GET,/feed/{user_id}?with_fof=true,60.700000,0.000000,3,4,4,5,27,90,140,440,840,840,840,5929,23,4,304.2479010606841,1.88051798613742,69747.60536898975,4569.37493675156
1781651407,400,POST,/likes,5.500000,0.000000,5,7,8,9,33,100,150,150,150,150,150,619,3,7,347.97066959389036,3.1003559997770935,60468.273025006056,179.51373182552504
1781651407,400,POST,/posts,10.900000,0.000000,6,9,10,11,34,84,120,120,150,150,150,923,2,9,191.85765180784077,3.531711990945041,65539.16928000399,227.50704225352112
1781651407,400,GET,/timeline/{user_id},78.900000,0.000000,3,3,4,5,22,84,120,200,460,460,460,7335,15,4,204.48737337787895,1.848168991273269,67885.19680901663,3284.423585548739
1781651407,400,GET,/users/{user_id},34.700000,0.000000,3,3,4,7,31,71,110,120,150,150,150,3096,9,3,232.61283847722547,1.6024920041672885,68761.82423398132,264.2073643410853
1781651407,400,,Aggregated,330.000000,0.000000,3,4,5,6,26,81,110,140,670,840,840,29608,92,4,250.64497748188018,1.6024920041672885,69784.42395399907,3357.461665766009
1781651408,400,GET,/feed/{user_id},135.900000,0.000000,3,3,4,4,12,28,63,83,95,97,97,11846,40,4,253.68900957853086,1.838444994064048,69784.42395399907,4027.009370251562
1781651408,400,GET,/feed/{user_id}?with_fof=true,63.500000,0.000000,3,3,4,4,11,27,90,390,510,510,510,6008,23,4,300.36526513395705,1.88051798613742,69747.60536898975,4573.291444740346
1781651408,400,POST,/likes,5.200000,0.000000,5,7,8,9,16,27,87,87,87,87,87,624,3,7,345.2633161371826,3.1003559997770935,60468.273025006056,179.52083333333334
1781651408,400,POST,/posts,11.600000,0.000000,6,7,9,10,24,55,84,87,89,89,89,937,2,9,189.11054724402,3.531711990945041,65539.16928000399,227.5101387406617
1781651408,400,GET,/timeline/{user_id},77.700000,0.000000,3,3,4,4,12,28,88,220,270,270,270,7408,15,4,202.564674995808,1.848168991273269,67885.19680901663,3295.401727861771
1781651408,400,GET,/users/{user_id},35.300000,0.000000,2,3,3,4,15,34,51,77,110,110,110,3138,9,3,229.57168637046527,1.6024920041672885,68761.82423398132,264.2176545570427
1781651408,400,,Aggregated,329.300000,0.000000,3,3,4,5,12,29,73,94,440,510,510,29961,92,4,247.7697832725473,1.6024920041672885,69784.42395399907,3362.6026167350888
1781651409,400,GET,/feed/{user_id},134.000000,0.000000,3,3,4,4,12,26,63,83,95,97,97,11978,40,4,250.9402875741463,1.8116039864253253,69784.42395399907,4026.5813157455336
1781651409,400,GET,/feed/{user_id}?with_fof=true,64.100000,0.000000,3,3,4,4,10,22,88,390,510,510,510,6088,23,4,296.48102247548877,1.840237993746996,69747.60536898975,4557.0719448094615
1781651409,400,POST,/likes,5.200000,0.000000,5,6,8,8,16,27,87,87,87,87,87,631,3,7,341.48270743992214,3.1003559997770935,60468.273025006056,179.52931854199684
1781651409,400,POST,/posts,11.200000,0.000000,6,8,9,9,20,34,84,87,89,89,89,950,2,9,186.61020950487764,3.531711990945041,65539.16928000399,227.51157894736843
1781651409,400,GET,/timeline/{user_id},79.300000,0.000000,3,3,3,4,12,25,88,220,270,270,270,7494,15,4,200.28027077060233,1.848168991273269,67885.19680901663,3293.722978382706
1781651409,400,GET,/users/{user_id},36.600000,0.000000,2,3,3,4,13,26,52,77,110,110,110,3169,9,3,227.35367257829805,1.5488709905184805,68761.82423398132,264.22404544020196
1781651409,400,,Aggregated,330.400000,0.000000,3,3,4,5,12,26,73,94,440,510,510,30310,92,4,244.96465372397338,1.5488709905184805,69784.42395399907,3359.4110854503465
1781651410,400,GET,/feed/{user_id},136.600000,0.000000,3,3,4,4,13,34,93,82000,85000,85000,85000,12137,58,4,356.3965357538156,1.8116039864253253,85463.8561210013,4015.1461646205817
1781651410,400,GET,/feed/{user_id}?with_fof=true,68.600000,0.000000,3,3,4,4,11,31,330,510,86000,86000,86000,6162,29,4,374.761271750201,1.840237993746996,85602.33608298586,4559.764524505031
1781651410,400,POST,/likes,5.000000,0.000000,5,6,8,9,22,33,87,87,87,87,87,638,3,7,337.8373251215746,3.1003559997770935,60468.273025006056,179.53291536050156
1781651410,400,POST,/posts,11.500000,0.000000,6,8,9,9,22,55,87,89,85000,85000,85000,960,3,9,273.7945789339695,3.531711990945041,85465.0722539809,227.296875
1781651410,400,GET,/timeline/{user_id},78.600000,0.000000,3,3,4,4,13,49,30000,81000,85000,85000,85000,7605,23,4,316.43354072794097,1.848168991273269,84597.2929020063,3287.460618014464
1781651410,400,GET,/users/{user_id},38.100000,0.000000,2,3,3,4,14,35,84,30000,84000,84000,84000,3206,12,3,311.76079700489095,1.5488709905184805,84468.57002101024,264.0084217092951
1781651410,400,,Aggregated,338.400000,0.000000,3,3,4,5,13,36,120,30000,85000,86000,86000,30708,128,4,342.55662734813853,1.5488709905184805,85602.33608298586,3354.480721636056
1781651411,400,GET,/feed/{user_id},138.500000,0.000000,3,4,4,7,55,150,30000,81000,85000,85000,85000,12305,59,4,397.8864422447052,1.8116039864253253,85463.8561210013,4029.6387647297847
1781651411,400,GET,/feed/{user_id}?with_fof=true,71.200000,0.000000,3,3,4,6,67,330,880,30000,86000,86000,86000,6245,29,4,404.5556940960239,1.840237993746996,85602.33608298586,4557.891273018415
1781651411,400,POST,/likes,5.100000,0.000000,5,6,8,11,35,87,310,310,310,310,310,646,3,7,334.69645944666354,3.1003559997770935,60468.273025006056,179.53560371517028
1781651411,400,POST,/posts,12.300000,0.000000,6,9,10,20,87,250,360,20000,85000,85000,85000,974,3,9,291.90723186817655,3.531711990945041,85465.0722539809,227.3069815195072
1781651411,400,GET,/timeline/{user_id},81.100000,0.000000,3,3,4,9,97,310,30000,81000,85000,85000,85000,7711,24,4,349.23907853404285,1.848168991273269,84597.2929020063,3288.018544935806
1781651411,400,GET,/users/{user_id},37.400000,0.000000,2,3,4,9,76,340,30000,30000,84000,84000,84000,3249,13,3,408.7553731029919,1.5488709905184805,84468.57002101024,263.95475530932595
1781651411,400,,Aggregated,345.600000,0.000000,3,4,5,8,76,290,30000,30000,85000,86000,86000,31130,131,4,383.68144169227514,1.5488709905184805,85602.33608298586,3360.0261162865404
1781651412,400,GET,/feed/{user_id},140.000000,1.400000,3,4,8,15,120,240,30000,81000,85000,85000,85000,12513,59,4,392.5005840660932,1.8116039864253253,85463.8561210013,4012.1434508111565
1781651412,400,GET,/feed/{user_id}?with_fof=true,72.500000,0.600000,3,4,6,13,190,310,760,30000,86000,86000,86000,6361,29,4,398.4640695163787,1.840237993746996,85602.33608298586,4560.082376984751
1781651412,400,POST,/likes,5.200000,0.000000,5,8,13,33,230,250,260,310,310,310,310,660,3,7,329.7374202826177,3.1003559997770935,60468.273025006056,179.54393939393938
1781651412,400,POST,/posts,11.900000,0.100000,6,9,17,34,200,250,360,20000,85000,85000,85000,986,3,9,289.4907626639235,3.531711990945041,85465.0722539809,227.3133874239351
1781651412,400,GET,/timeline/{user_id},81.500000,0.600000,3,4,9,22,190,290,30000,30000,85000,85000,85000,7816,24,4,345.49417054030715,1.848168991273269,84597.2929020063,3284.3930399181168
1781651412,400,GET,/users/{user_id},36.600000,0.300000,3,3,9,21,200,350,30000,30000,84000,84000,84000,3293,13,3,404.3775585012694,1.5488709905184805,84468.57002101024,263.97175827512905
1781651412,400,,Aggregated,347.700000,3.000000,3,4,8,17,180,290,30000,30000,85000,86000,86000,31629,131,4,378.7995852247481,1.5488709905184805,85602.33608298586,3354.3058585475355
1781651413,400,GET,/feed/{user_id},140.900000,1.900000,3,5,13,35,210,260,30000,30000,85000,85000,85000,12698,59,4,387.7582220148755,1.8116039864253253,85463.8561210013,4019.4182548432823
1781651413,400,GET,/feed/{user_id}?with_fof=true,74.800000,0.600000,3,4,10,25,220,320,590,30000,86000,86000,86000,6455,29,4,393.6664366843946,1.840237993746996,85602.33608298586,4562.168086754454
1781651413,400,POST,/likes,5.200000,0.000000,5,10,33,40,230,250,310,360,360,360,360,668,3,7,326.5517001250455,3.1003559997770935,60468.273025006056,179.55389221556885
1781651413,400,POST,/posts,11.900000,0.100000,8,11,40,87,240,320,530,20000,85000,85000,85000,1000,3,9,287.17062235457706,3.531711990945041,85465.0722539809,227.327
1781651413,400,GET,/timeline/{user_id},84.800000,0.900000,3,5,18,45,220,310,30000,30000,85000,85000,85000,7927,24,4,341.75432142829237,1.848168991273269,84597.2929020063,3272.9646776838654
1781651413,400,GET,/users/{user_id},37.300000,0.400000,3,5,20,41,230,350,30000,30000,84000,84000,84000,3337,13,3,400.15708480962564,1.5488709905184805,84468.57002101024,263.98531615223254
1781651413,400,,Aggregated,354.900000,3.900000,3,5,15,37,210,310,30000,30000,85000,86000,86000,32085,131,4,374.4612313527358,1.5488709905184805,85602.33608298586,3355.472868941873
1781651414,400,GET,/feed/{user_id},147.300000,1.900000,3,5,15,40,240,330,30000,30000,85000,85000,85000,12899,59,4,383.231080555385,1.8116039864253253,85463.8561210013,4022.9788355686487
1781651414,400,GET,/feed/{user_id}?with_fof=true,77.300000,0.600000,3,5,12,31,250,340,850,30000,86000,86000,86000,6547,29,4,389.9797406740167,1.840237993746996,85602.33608298586,4574.808614632656
1781651414,400,POST,/likes,6.000000,0.000000,5,9,22,40,250,260,310,360,360,360,360,675,3,7,323.65346596658196,3.1003559997770935,60468.273025006056,179.55703703703705
1781651414,400,POST,/posts,12.000000,0.100000,8,13,27,82,240,340,530,20000,85000,85000,85000,1017,3,9,283.2183681539525,3.531711990945041,85465.0722539809,227.34709931170107
1781651414,400,GET,/timeline/{user_id},86.000000,0.900000,3,5,18,57,240,330,30000,30000,85000,85000,85000,8041,24,4,337.91202483725596,1.848168991273269,84597.2929020063,3283.028976495461
1781651414,400,GET,/users/{user_id},38.600000,0.400000,3,5,23,68,290,410,30000,30000,84000,84000,84000,3384,13,3,396.01589972568706,1.5488709905184805,84468.57002101024,264.0026595744681
1781651414,400,,Aggregated,367.200000,3.900000,3,5,16,41,250,340,30000,30000,85000,86000,86000,32563,131,4,370.3670618986208,1.5488709905184805,85602.33608298586,3362.3532844025426
1781651415,400,GET,/feed/{user_id},152.200000,1.900000,3,6,20,100,230,330,30000,30000,85000,85000,85000,13096,59,4,378.3852456340053,1.8116039864253253,85463.8561210013,4020.4397525962127
1781651415,400,GET,/feed/{user_id}?with_fof=true,81.700000,0.600000,3,5,22,130,250,340,850,30000,86000,86000,86000,6632,29,4,385.87902138928007,1.840237993746996,85602.33608298586,4567.556242460796
1781651415,400,POST,/likes,6.100000,0.000000,5,9,22,40,250,260,310,360,360,360,360,682,3,7,320.7116986927372,3.1003559997770935,60468.273025006056,179.5674486803519
1781651415,400,POST,/posts,11.700000,0.100000,8,18,95,200,240,340,530,20000,85000,85000,85000,1032,3,9,280.76141401510006,3.531711990945041,85465.0722539809,227.35852713178295
1781651415,400,GET,/timeline/{user_id},88.700000,0.900000,3,5,28,120,230,320,30000,30000,85000,85000,85000,8183,24,4,333.0481789587648,1.848168991273269,84597.2929020063,3286.7538799951117
1781651415,400,GET,/users/{user_id},39.300000,0.400000,3,6,35,200,290,410,30000,30000,84000,84000,84000,3436,13,3,391.16783591254784,1.5488709905184805,84468.57002101024,264.0145518044238
1781651415,400,,Aggregated,379.700000,3.900000,4,6,26,120,240,330,30000,30000,85000,86000,86000,33061,131,4,365.75844460432955,1.5488709905184805,85602.33608298586,3360.559934666223
1781651416,400,GET,/feed/{user_id},156.300000,1.900000,4,14,71,190,250,330,30000,30000,85000,85000,85000,13260,59,4,374.94760450867557,1.8116039864253253,85463.8561210013,4027.1023378582204
1781651416,400,GET,/feed/{user_id}?with_fof=true,83.400000,0.600000,4,12,75,200,260,340,760,30000,86000,86000,86000,6716,29,4,382.45387585060047,1.840237993746996,85602.33608298586,4566.67763549732
1781651416,400,POST,/likes,6.700000,0.000000,6,13,40,51,250,260,310,360,360,360,360,688,3,7,318.2815279091047,3.1003559997770935,60468.273025006056,179.58139534883722
1781651416,400,POST,/posts,12.100000,0.100000,9,40,170,210,250,330,530,20000,85000,85000,85000,1053,3,9,277.10185163967924,3.531711990945041,85465.0722539809,227.3770180436847
1781651416,400,GET,/timeline/{user_id},92.700000,0.900000,4,12,74,190,250,330,30000,30000,85000,85000,85000,8290,24,4,329.929425901279,1.848168991273269,84597.2929020063,3287.2284680337757
1781651416,400,GET,/users/{user_id},40.300000,0.400000,4,29,170,210,280,390,30000,30000,84000,84000,84000,3488,13,3,386.7451116010412,1.5488709905184805,84468.57002101024,264.0289564220183
1781651416,400,,Aggregated,391.500000,3.900000,4,14,76,200,250,330,30000,30000,85000,86000,86000,33495,131,4,362.2992475581942,1.5488709905184805,85602.33608298586,3361.821794297656
1781651417,400,GET,/feed/{user_id},162.000000,1.900000,4,43,130,210,260,330,30000,30000,85000,85000,85000,13433,59,4,371.6105812254403,1.8116039864253253,85463.8561210013,4025.3838308642894
1781651417,400,GET,/feed/{user_id}?with_fof=true,85.900000,0.600000,4,45,190,220,280,340,850,30000,86000,86000,86000,6785,29,4,379.8919676235466,1.840237993746996,85602.33608298586,4560.461459100958
1781651417,400,POST,/likes,6.900000,0.000000,7,22,51,110,250,290,310,360,360,360,360,694,3,7,316.8930137758606,3.1003559997770935,60468.273025006056,179.5864553314121
1781651417,400,POST,/posts,12.600000,0.100000,10,82,190,230,270,330,530,20000,85000,85000,85000,1065,3,9,275.1061741799387,3.531711990945041,85465.0722539809,227.38215962441313
1781651417,400,GET,/timeline/{user_id},100.000000,0.900000,4,40,120,200,260,320,30000,30000,84000,85000,85000,8412,24,4,326.6735678038142,1.848168991273269,84597.2929020063,3282.75
1781651417,400,GET,/users/{user_id},42.000000,0.400000,5,83,200,230,300,420,30000,30000,84000,84000,84000,3536,13,3,383.2896410745082,1.5488709905184805,84468.57002101024,264.0427036199095
1781651417,400,,Aggregated,409.400000,3.900000,5,48,140,210,270,330,30000,30000,85000,86000,86000,33925,131,4,359.1927483623965,1.5488709905184805,85602.33608298586,3358.3096536477524
1781651418,400,GET,/feed/{user_id},166.700000,1.900000,6,82,190,220,280,340,30000,30000,85000,85000,85000,13587,59,4,368.7176140410281,1.8116039864253253,85463.8561210013,4024.787959078531
1781651418,400,GET,/feed/{user_id}?with_fof=true,85.600000,0.600000,6,98,210,230,300,360,850,30000,86000,86000,86000,6865,29,4,377.09568901526575,1.840237993746996,85602.33608298586,4570.41762563729
1781651418,400,POST,/likes,7.200000,0.000000,9,51,120,200,260,290,360,360,360,360,360,705,3,7,313.8460583339201,3.1003559997770935,60468.273025006056,179.59574468085106
1781651418,400,POST,/posts,13.200000,0.100000,15,120,220,240,280,360,630,20000,85000,85000,85000,1077,3,9,273.82170042582874,3.531711990945041,85465.0722539809,227.3899721448468
1781651418,400,GET,/timeline/{user_id},103.400000,0.900000,5,86,180,210,280,340,30000,30000,84000,85000,85000,8522,24,4,324.04704183371206,1.848168991273269,84597.2929020063,3282.101149964797
1781651418,400,GET,/users/{user_id},43.600000,0.400000,10,120,220,240,300,420,30000,30000,84000,84000,84000,3577,13,3,380.19272740520734,1.5488709905184805,84468.57002101024,264.0617836175566
1781651418,400,,Aggregated,419.600000,3.900000,6,88,200,220,280,350,30000,30000,85000,86000,86000,34333,131,4,356.39687315365825,1.5488709905184805,85602.33608298586,3359.64931698366
1781651419,400,GET,/feed/{user_id},171.000000,1.900000,8,95,200,220,270,330,410,30000,90000,91000,91000,13791,63,4,390.44282499406876,1.8116039864253253,90621.61228299374,4028.489594663186
1781651419,400,GET,/feed/{user_id}?with_fof=true,85.300000,0.600000,7,120,220,230,300,350,590,930,30000,30000,30000,6947,29,4,373.5068405541577,1.840237993746996,85602.33608298586,4571.293220095005
1781651419,400,POST,/likes,7.300000,0.000000,10,50,120,230,260,310,360,360,360,360,360,715,3,7,310.09866616691113,3.1003559997770935,60468.273025006056,179.6041958041958
1781651419,400,POST,/posts,14.100000,0.100000,15,140,230,240,270,330,530,630,20000,20000,20000,1104,3,9,269.31851210653235,3.531711990945041,85465.0722539809,227.40307971014494
1781651419,400,GET,/timeline/{user_id},105.800000,0.900000,6,99,200,230,270,340,19000,30000,89000,90000,90000,8638,26,4,341.4424837630098,1.848168991273269,89663.77199199633,3272.072123176661
1781651419,400,GET,/users/{user_id},43.700000,0.400000,16,120,220,240,290,350,30000,30000,90000,90000,90000,3634,14,3,399.8645080664203,1.5488709905184805,89721.63308598101,264.0134837644469
1781651419,400,,Aggregated,427.200000,3.900000,9,100,210,230,280,340,590,30000,90000,91000,91000,34829,138,4,370.40641423974535,1.5488709905184805,90621.61228299374,3356.878693043154
1781651420,400,GET,/feed/{user_id},172.700000,1.900000,7,92,200,220,250,300,350,380,90000,91000,91000,13991,63,4,385.8214901186445,1.8116039864253253,90621.61228299374,4032.7536988063757
1781651420,400,GET,/feed/{user_id}?with_fof=true,84.900000,0.600000,6,100,210,220,260,320,390,540,930,930,930,7066,29,4,368.5005487112408,1.840237993746996,85602.33608298586,4578.624398528163
1781651420,400,POST,/likes,8.000000,0.000000,10,51,180,220,260,290,360,360,360,360,360,726,3,7,306.3309262911151,3.1003559997770935,60468.273025006056,179.6046831955923
1781651420,400,POST,/posts,14.500000,0.100000,15,180,220,230,250,290,370,530,630,630,630,1118,3,9,267.2489297545583,3.531711990945041,85465.0722539809,227.40339892665475
1781651420,400,GET,/timeline/{user_id},109.300000,0.900000,5,87,190,210,250,300,360,390,89000,90000,90000,8745,26,4,337.9542064827925,1.848168991273269,89663.77199199633,3277.4857632933104
1781651420,400,GET,/users/{user_id},43.900000,0.400000,11,100,200,230,260,310,390,460,90000,90000,90000,3685,15,3,419.55970250675233,1.5488709905184805,89811.59424502403,263.95902306648577
1781651420,400,,Aggregated,433.300000,3.900000,7,94,200,220,250,310,360,410,90000,91000,91000,35331,139,4,368.64286153309786,1.5488709905184805,90621.61228299374,3362.309275140811
1781651421,400,GET,/feed/{user_id},178.700000,2.300000,7,93,200,220,260,320,410,90000,97000,97000,97000,14205,79,4,538.6342992375951,1.8116039864253253,96931.20177698438,4025.838577965505
1781651421,400,GET,/feed/{user_id}?with_fof=true,85.300000,0.600000,6,95,210,220,260,330,500,730,93000,93000,93000,7187,34,4,439.49838220937386,1.840237993746996,92752.32968301862,4579.062613051343
1781651421,400,POST,/likes,8.400000,0.000000,9,44,120,200,260,290,360,360,360,360,360,736,3,7,303.18156902755976,3.1003559997770935,60468.273025006056,179.61141304347825
1781651421,400,POST,/posts,14.500000,0.100000,15,170,220,230,250,280,370,530,630,630,630,1131,3,9,265.45105764335005,3.531711990945041,85465.0722539809,227.41114058355438
1781651421,400,GET,/timeline/{user_id},113.500000,1.100000,5,87,190,220,250,310,370,87000,95000,98000,98000,8875,30,4,426.5474362459834,1.848168991273269,97922.68312399392,3279.4330140845072
1781651421,400,GET,/users/{user_id},46.200000,0.500000,11,100,200,230,260,320,420,88000,91000,91000,91000,3729,17,3,487.6637531242803,1.5488709905184805,90840.79386197845,263.8409761330115
1781651421,400,,Aggregated,446.600000,4.600000,7,92,200,220,260,320,400,88000,94000,98000,98000,35863,166,4,472.2819760391271,1.5488709905184805,97922.68312399392,3362.099852215375
1781651422,400,GET,/feed/{user_id},183.300000,0.900000,7,91,210,230,270,320,400,90000,97000,97000,97000,14415,79,4,531.8856080733988,1.8116039864253253,96931.20177698438,4034.9792577176554
1781651422,400,GET,/feed/{user_id}?with_fof=true,89.000000,0.000000,7,120,210,230,280,340,510,730,93000,93000,93000,7295,34,4,434.3271720061542,1.840237993746996,92752.32968301862,4568.054969156957
1781651422,400,POST,/likes,9.000000,0.000000,9,50,150,220,280,360,360,530,530,530,530,744,3,7,301.45155173151034,3.1003559997770935,60468.273025006056,179.61424731182797
1781651422,400,POST,/posts,15.600000,0.000000,15,130,220,230,250,280,370,530,630,630,630,1144,3,9,262.99686335810577,3.531711990945041,85465.0722539809,227.41695804195805
1781651422,400,GET,/timeline/{user_id},113.400000,0.500000,6,90,200,230,260,310,390,87000,95000,98000,98000,8987,31,4,432.0888447886683,1.8361720140092075,97922.68312399392,3273.838767108045
1781651422,400,GET,/users/{user_id},47.700000,0.300000,10,89,200,230,270,310,390,88000,91000,91000,91000,3788,17,3,481.20612067350476,1.5488709905184805,90840.79386197845,263.8611404435058
1781651422,400,,Aggregated,458.000000,1.700000,8,94,210,230,270,320,400,88000,94000,98000,98000,36373,167,4,469.2130800197898,1.5488709905184805,97922.68312399392,3362.4798614356805
1781651423,400,GET,/feed/{user_id},187.800000,2.000000,7,89,210,230,260,290,380,90000,97000,97000,97000,14622,80,4,531.324623994732,1.8116039864253253,96931.20177698438,4033.607372452469
1781651423,400,GET,/feed/{user_id}?with_fof=true,92.600000,0.500000,7,120,220,230,260,290,370,550,93000,93000,93000,7407,34,4,429.12464961563495,1.840237993746996,92752.32968301862,4573.435938976644
1781651423,400,POST,/likes,9.100000,0.000000,9,51,180,230,260,300,360,530,530,530,530,750,3,7,299.7225790163114,3.1003559997770935,60468.273025006056,179.62
1781651423,400,POST,/posts,16.000000,0.000000,14,180,220,230,250,270,290,370,630,630,630,1156,3,9,261.195620232476,3.531711990945041,85465.0722539809,227.42301038062283
1781651423,400,GET,/timeline/{user_id},115.900000,0.600000,6,95,200,230,250,290,360,87000,95000,98000,98000,9115,31,4,427.03935624517015,1.8361720140092075,97922.68312399392,3269.9149753154143
1781651423,400,GET,/users/{user_id},47.500000,0.400000,9,96,200,230,250,280,370,88000,91000,91000,91000,3837,17,3,476.07735870348387,1.5488709905184805,90840.79386197845,263.8712535835288
1781651423,400,,Aggregated,468.900000,3.500000,7,96,210,230,260,290,360,88000,94000,98000,98000,36887,168,4,466.1116805520903,1.5488709905184805,97922.68312399392,3363.521348984737
1781651424,400,GET,/feed/{user_id},188.500000,2.000000,10,96,210,230,260,290,360,90000,97000,97000,97000,14802,80,4,526.1367757466696,1.8116039864253253,96931.20177698438,4030.0087825969463
1781651424,400,GET,/feed/{user_id}?with_fof=true,94.000000,0.500000,11,120,220,240,270,300,370,550,93000,93000,93000,7503,34,4,425.0574705208783,1.840237993746996,92752.32968301862,4574.514994002399
1781651424,400,POST,/likes,8.600000,0.000000,10,86,220,230,260,290,360,530,530,530,530,762,3,7,296.5911640620254,3.1003559997770935,60468.273025006056,179.62992125984252
1781651424,400,POST,/posts,15.600000,0.000000,20,140,230,240,260,270,290,370,630,630,630,1166,3,9,260.2091009603459,3.531711990945041,85465.0722539809,227.42967409948542
1781651424,400,GET,/timeline/{user_id},116.500000,0.700000,11,100,220,230,260,300,360,87000,95000,98000,98000,9241,31,4,422.7366625616023,1.8361720140092075,97922.68312399392,3275.620170977167
1781651424,400,GET,/users/{user_id},49.500000,0.400000,16,110,210,230,260,290,350,88000,91000,91000,91000,3879,17,3,472.44767987864964,1.5488709905184805,90840.79386197845,263.8852797112658
1781651424,400,,Aggregated,472.700000,3.600000,11,100,220,230,260,290,360,88000,94000,98000,98000,37353,168,4,461.69311925779493,1.5488709905184805,97922.68312399392,3364.4005568495168
1781651425,400,GET,/feed/{user_id},190.600000,2.000000,11,100,220,230,260,290,380,90000,97000,97000,97000,14983,80,4,521.1089759114607,1.8116039864253253,96931.20177698438,4024.2427417740105
1781651425,400,GET,/feed/{user_id}?with_fof=true,93.300000,0.500000,11,120,220,240,270,300,370,550,93000,93000,93000,7587,34,4,421.49874641140156,1.840237993746996,92752.32968301862,4569.553842098326
1781651425,400,POST,/likes,8.500000,0.000000,11,100,210,230,260,290,360,530,530,530,530,776,3,7,292.8189540879495,3.1003559997770935,60468.273025006056,179.6430412371134
1781651425,400,POST,/posts,15.600000,0.000000,20,200,230,240,270,280,350,370,630,630,630,1175,3,9,259.36705626708334,3.531711990945041,85465.0722539809,227.4340425531915
1781651425,400,GET,/timeline/{user_id},119.000000,0.700000,14,110,220,240,260,300,360,87000,95000,98000,98000,9358,31,4,418.80638477331496,1.8361720140092075,97922.68312399392,3275.5256465056636
1781651425,400,GET,/users/{user_id},49.800000,0.400000,18,120,220,240,270,290,350,88000,91000,91000,91000,3930,17,3,467.97535221053005,1.5488709905184805,90840.79386197845,263.90407124681934
1781651425,400,,Aggregated,476.800000,3.600000,13,110,220,240,260,290,360,88000,94000,98000,98000,37809,168,4,457.4573212062427,1.5488709905184805,97922.68312399392,3360.5909704038722
1781651426,400,GET,/feed/{user_id},190.500000,2.100000,11,110,220,240,260,290,360,90000,97000,97000,97000,15160,80,4,516.335445906229,1.8116039864253253,96931.20177698438,4024.072691292876
1781651426,400,GET,/feed/{user_id}?with_fof=true,94.600000,0.500000,14,130,220,240,270,290,360,530,93000,93000,93000,7672,34,4,418.26599640334797,1.840237993746996,92752.32968301862,4574.572601668405
1781651426,400,POST,/likes,8.700000,0.000000,13,110,210,230,260,290,360,530,530,530,530,783,3,7,291.3463731931367,3.1003559997770935,60468.273025006056,179.64750957854406
1781651426,400,POST,/posts,15.000000,0.000000,21,130,230,240,260,280,350,370,630,630,630,1193,3,9,256.7336997299764,3.531711990945041,85465.0722539809,227.44844928751047
1781651426,400,GET,/timeline/{user_id},119.800000,0.700000,14,110,230,240,260,290,360,87000,95000,98000,98000,9473,31,4,415.14827995110846,1.8361720140092075,97922.68312399392,3269.353425525177
1781651426,400,GET,/users/{user_id},48.700000,0.400000,19,120,220,240,270,290,350,88000,91000,91000,91000,3979,17,4,463.9304518814862,1.5488709905184805,90840.79386197845,263.9215883387786
1781651426,400,,Aggregated,477.300000,3.700000,14,120,220,240,270,290,360,88000,94000,98000,98000,38260,168,4,453.4675515511324,1.5488709905184805,97922.68312399392,3359.4825405122842
1781651427,400,GET,/feed/{user_id},187.900000,2.100000,8,93,220,240,260,300,370,90000,97000,97000,97000,15356,80,4,510.75670413307074,1.8116039864253253,96931.20177698438,4022.2026569419118
1781651427,400,GET,/feed/{user_id}?with_fof=true,95.200000,0.500000,11,120,220,240,270,300,380,530,93000,93000,93000,7773,34,4,414.05477872460403,1.840237993746996,92752.32968301862,4584.029975556413
1781651427,400,POST,/likes,8.900000,0.000000,21,100,220,250,270,360,380,530,530,530,530,795,3,7,289.3446170191175,3.1003559997770935,60468.273025006056,179.66540880503143
1781651427,400,POST,/posts,14.400000,0.000000,21,120,230,240,260,330,370,380,380,380,380,1213,3,9,254.20685145248748,3.531711990945041,85465.0722539809,227.46578730420444
1781651427,400,GET,/timeline/{user_id},117.300000,0.700000,10,98,220,240,260,300,360,87000,95000,98000,98000,9602,31,4,410.7131169412436,1.8361720140092075,97922.68312399392,3254.126327848365
1781651427,400,GET,/users/{user_id},49.200000,0.400000,18,120,220,240,270,300,380,88000,91000,91000,91000,4025,17,4,459.7271990040838,1.5488709905184805,90840.79386197845,263.936149068323
1781651427,400,,Aggregated,472.900000,3.700000,10,100,220,240,270,300,370,88000,94000,98000,98000,38764,168,4,448.71733953918977,1.5488709905184805,97922.68312399392,3356.821354865339
1781651428,400,GET,/feed/{user_id},188.300000,2.100000,10,98,220,240,270,300,370,89000,97000,97000,97000,15504,80,4,507.09601684225777,1.8116039864253253,96931.20177698438,4021.7145252837977
1781651428,400,GET,/feed/{user_id}?with_fof=true,95.100000,0.500000,14,130,220,240,270,310,380,530,93000,93000,93000,7853,34,4,411.3056084843127,1.840237993746996,92752.32968301862,4593.437412453839
1781651428,400,POST,/likes,9.600000,0.000000,27,110,220,250,270,350,380,530,530,530,530,802,3,7,287.9089142994312,3.1003559997770935,60468.273025006056,179.67331670822944
1781651428,400,POST,/posts,13.800000,0.000000,31,140,230,240,280,370,380,380,380,380,380,1229,3,9,253.04081162316172,3.531711990945041,85465.0722539809,227.48494711147274
1781651428,400,GET,/timeline/{user_id},117.700000,0.700000,13,120,230,240,270,300,350,500,95000,98000,98000,9721,31,4,407.28380346298843,1.8361720140092075,97922.68312399392,3245.245756609402
1781651428,400,GET,/users/{user_id},48.800000,0.400000,21,120,220,240,270,310,380,510,91000,91000,91000,4063,17,4,456.44755850542134,1.5488709905184805,90840.79386197845,263.95200590696527
1781651428,400,,Aggregated,473.300000,3.700000,13,110,220,240,270,310,370,87000,94000,98000,98000,39172,168,4,445.4110583828747,1.5488709905184805,97922.68312399392,3356.174665577453
1781651429,400,GET,/feed/{user_id},189.800000,2.100000,12,120,230,240,280,330,380,89000,97000,97000,97000,15676,80,4,502.9946808380577,1.8116039864253253,96931.20177698438,4020.835608573616
1781651429,400,GET,/feed/{user_id}?with_fof=true,98.400000,0.500000,21,180,240,250,280,350,400,630,93000,93000,93000,7939,34,4,409.09571784723664,1.840237993746996,92752.32968301862,4592.0364025695935
1781651429,400,POST,/likes,9.600000,0.000000,63,150,250,260,340,380,430,530,530,530,530,808,3,7,287.6814353491709,3.1003559997770935,60468.273025006056,179.68935643564356
1781651429,400,POST,/posts,14.600000,0.000000,31,150,240,260,320,370,380,460,460,460,460,1248,3,9,251.79481264088585,3.531711990945041,85465.0722539809,227.50801282051282
1781651429,400,GET,/timeline/{user_id},118.600000,0.700000,17,140,230,250,280,320,390,630,95000,98000,98000,9814,31,4,404.939076866605,1.8361720140092075,97922.68312399392,3252.0647034848175
1781651429,400,GET,/users/{user_id},48.800000,0.400000,38,150,240,250,280,320,380,510,91000,91000,91000,4106,17,4,453.2878678086906,1.5488709905184805,90840.79386197845,263.96785192401364
1781651429,400,,Aggregated,479.800000,3.700000,17,140,230,250,280,330,390,59000,94000,98000,98000,39591,168,4,442.3913043958454,1.5488709905184805,97922.68312399392,3357.2157813644517
1781651430,400,GET,/feed/{user_id},191.800000,2.100000,15,110,230,250,280,310,360,370,590,88000,88000,15859,80,4,498.4508835235748,1.8116039864253253,96931.20177698438,4018.244719086954
1781651430,400,GET,/feed/{user_id}?with_fof=true,98.900000,0.500000,43,180,240,260,290,340,390,500,1200,1200,1200,8051,34,4,405.1164454737202,1.840237993746996,92752.32968301862,4579.055645261458
1781651430,400,POST,/likes,9.700000,0.000000,62,130,250,260,340,380,430,530,530,530,530,819,3,7,284.7171279330472,3.1003559997770935,60468.273025006056,179.7069597069597
1781651430,400,POST,/posts,14.900000,0.000000,43,140,230,260,330,370,380,460,460,460,460,1257,3,9,250.53040676999558,3.531711990945041,85465.0722539809,227.51312649164677
1781651430,400,GET,/timeline/{user_id},120.200000,0.700000,34,140,240,260,280,320,360,400,810,88000,88000,9919,31,4,401.8098484099066,1.8361720140092075,97922.68312399392,3241.071378163121
1781651430,400,GET,/users/{user_id},48.500000,0.400000,70,160,240,260,280,310,350,380,660,660,660,4156,17,4,449.33424591517,1.5488709905184805,90840.79386197845,263.9776227141482
1781651430,400,,Aggregated,484.000000,3.700000,25,130,240,250,280,320,370,400,1000,88000,88000,40061,168,4,438.5215078454773,1.5488709905184805,97922.68312399392,3351.6328099648035
1781651431,400,GET,/feed/{user_id},188.300000,1.700000,17,120,230,240,280,310,360,370,590,88000,88000,16055,80,4,493.2505634962564,1.8116039864253253,96931.20177698438,4013.269573341638
1781651431,400,GET,/feed/{user_id}?with_fof=true,98.000000,0.500000,49,180,240,250,290,340,390,510,1200,1200,1200,8162,34,4,400.693520864738,1.840237993746996,92752.32968301862,4567.100710610144
1781651431,400,POST,/likes,9.400000,0.000000,44,110,230,260,310,370,410,430,430,430,430,830,3,7,281.12726476883614,3.1003559997770935,60468.273025006056,179.70963855421687
1781651431,400,POST,/posts,14.800000,0.000000,68,160,240,260,330,370,380,460,460,460,460,1270,3,9,249.05285177702876,3.531711990945041,85465.0722539809,227.51259842519684
1781651431,400,GET,/timeline/{user_id},117.100000,0.500000,30,130,230,250,280,320,360,400,630,810,810,10043,31,4,397.8583420544428,1.8361720140092075,97922.68312399392,3230.7176142586877
1781651431,400,GET,/users/{user_id},47.200000,0.300000,74,170,240,250,280,310,350,380,660,660,660,4208,17,4,444.63076496398253,1.5488709905184805,90840.79386197845,263.97884980988596
1781651431,400,,Aggregated,474.800000,3.000000,27,130,230,250,280,320,370,400,870,88000,88000,40568,168,4,433.98562053753136,1.5488709905184805,97922.68312399392,3345.1178022086374
1781651432,400,GET,/feed/{user_id},185.800000,1.700000,47,130,230,250,280,320,360,370,590,88000,88000,16232,80,4,489.12552049385846,1.8116039864253253,96931.20177698438,4011.6770576638737
1781651432,400,GET,/feed/{user_id}?with_fof=true,96.700000,0.500000,69,170,240,250,290,340,390,500,1200,1200,1200,8254,34,4,397.51117520826256,1.840237993746996,92752.32968301862,4558.115701478071
1781651432,400,POST,/likes,8.800000,0.000000,58,120,240,260,310,370,410,430,430,430,430,841,3,8,279.17913825702567,3.1003559997770935,60468.273025006056,179.71462544589775
1781651432,400,POST,/posts,14.100000,0.000000,87,170,250,260,320,370,380,460,460,460,460,1287,3,10,247.4424179260588,3.531711990945041,85465.0722539809,227.52214452214452
1781651432,400,GET,/timeline/{user_id},117.900000,0.500000,61,140,230,250,280,320,360,400,630,810,810,10149,31,4,394.92697574013937,1.8361720140092075,97922.68312399392,3229.8660951817915
1781651432,400,GET,/users/{user_id},46.700000,0.200000,82,170,250,260,280,310,350,380,660,660,660,4253,17,4,441.17344084727694,1.5488709905184805,90840.79386197845,263.99670820597225
1781651432,400,,Aggregated,470.000000,2.900000,64,140,230,250,280,320,370,400,870,88000,88000,41016,168,4,430.52016912132933,1.5488709905184805,97922.68312399392,3342.2781109810808
1781651433,400,GET,/feed/{user_id},186.100000,0.100000,61,140,240,250,280,320,360,380,560,590,590,16425,80,4,484.8090031205026,1.8116039864253253,96931.20177698438,4010.3903805175037
1781651433,400,GET,/feed/{user_id}?with_fof=true,96.600000,0.000000,76,170,240,260,300,340,390,500,1200,1200,1200,8328,34,4,394.8375655735939,1.840237993746996,92752.32968301862,4562.595941402497
1781651433,400,POST,/likes,9.500000,0.000000,62,120,250,260,310,370,410,430,430,430,430,848,3,8,278.2962066004366,3.1003559997770935,60468.273025006056,179.71698113207546
1781651433,400,POST,/posts,13.900000,0.000000,83,170,250,260,320,370,380,460,460,460,460,1302,3,10,246.31491752217374,3.531711990945041,85465.0722539809,227.52764976958525
1781651433,400,GET,/timeline/{user_id},116.700000,0.100000,63,130,230,260,280,320,370,400,630,810,810,10277,31,4,391.27360147606265,1.8361720140092075,97922.68312399392,3231.3680062274984
1781651433,400,GET,/users/{user_id},47.600000,0.000000,81,150,240,260,280,310,350,380,660,660,660,4293,17,4,437.9285670587864,1.5488709905184805,90840.79386197845,264.01211274167247
1781651433,400,,Aggregated,470.400000,0.200000,70,140,240,260,290,330,370,400,810,1200,1200,41473,168,4,427.00162681539905,1.5488709905184805,97922.68312399392,3343.350493091891
1781651434,400,GET,/feed/{user_id},182.500000,0.100000,65,150,240,260,290,330,370,380,560,590,590,16611,80,4,481.08223067722963,1.8116039864253253,96931.20177698438,4009.799048823069
1781651434,400,GET,/feed/{user_id}?with_fof=true,95.600000,0.000000,79,170,240,260,300,350,390,510,1200,1200,1200,8415,34,4,391.9607278540728,1.840237993746996,92752.32968301862,4558.8480095068335
1781651434,400,POST,/likes,9.600000,0.000000,63,140,250,270,340,380,410,430,430,430,430,854,3,8,277.7483596185531,3.1003559997770935,60468.273025006056,179.72365339578454
1781651434,400,POST,/posts,13.800000,0.000000,87,170,260,260,320,380,380,460,460,460,460,1310,3,10,245.8719367510417,3.531711990945041,85465.0722539809,227.5358778625954
1781651434,400,GET,/timeline/{user_id},116.200000,0.000000,70,140,240,260,290,330,380,420,630,810,810,10367,31,4,389.0938275755185,1.8361720140092075,97922.68312399392,3241.5891771968745
1781651434,400,GET,/users/{user_id},46.300000,0.000000,80,140,250,260,290,320,360,380,660,660,660,4326,17,4,435.48993248368635,1.5488709905184805,90840.79386197845,264.0175681923255
1781651434,400,,Aggregated,464.000000,0.100000,72,150,240,260,290,330,380,400,810,1200,1200,41883,168,5,424.1950422206959,1.5488709905184805,97922.68312399392,3346.673566840962
1781651435,400,GET,/feed/{user_id},180.600000,0.100000,60,160,240,260,300,330,370,390,590,630,630,16808,80,4,476.8953856733442,1.8116039864253253,96931.20177698438,4009.668848167539
1781651435,400,GET,/feed/{user_id}?with_fof=true,93.600000,0.000000,62,160,240,270,300,350,400,540,1200,1200,1200,8505,34,4,389.2432248450488,1.840237993746996,92752.32968301862,4558.587536743093
1781651435,400,POST,/likes,9.500000,0.000000,68,160,250,280,340,380,410,430,430,430,430,863,3,8,275.8097524869297,3.1003559997770935,60468.273025006056,179.73580533024332
1781651435,400,POST,/posts,14.400000,0.000000,80,170,250,270,320,380,380,460,460,460,460,1322,3,10,244.3550522320961,3.531711990945041,85465.0722539809,227.5393343419062
1781651435,400,GET,/timeline/{user_id},114.800000,0.000000,59,140,240,260,300,340,390,420,630,810,810,10486,31,4,386.18449015148076,1.8361720140092075,97922.68312399392,3238.276082395575
1781651435,400,GET,/users/{user_id},45.600000,0.000000,70,140,240,260,300,330,360,410,660,660,660,4365,17,4,432.6639283496597,1.5488709905184805,90840.79386197845,264.0249713631157
1781651435,400,,Aggregated,458.500000,0.100000,63,150,240,260,300,340,380,420,810,1200,1200,42349,168,5,420.91527724684005,1.5488709905184805,97922.68312399392,3346.720158681433
1781651436,400,GET,/feed/{user_id},180.500000,0.000000,72,170,240,260,300,330,370,390,590,630,630,16992,80,4,472.7975329321203,1.8116039864253253,96931.20177698438,4012.183027306968
1781651436,400,GET,/feed/{user_id}?with_fof=true,91.300000,0.000000,64,160,250,270,300,350,410,540,1200,1200,1200,8597,34,4,386.10190288634357,1.840237993746996,92752.32968301862,4561.685704315459
1781651436,400,POST,/likes,9.100000,0.000000,62,140,240,280,340,380,410,430,430,430,430,875,3,8,273.1859184139009,3.1003559997770935,60468.273025006056,179.7417142857143
1781651436,400,POST,/posts,14.300000,0.000000,95,210,260,270,320,370,380,460,460,460,460,1336,3,10,242.94988898939712,3.531711990945041,85465.0722539809,227.54640718562874
1781651436,400,GET,/timeline/{user_id},113.900000,0.000000,73,150,250,270,300,340,390,420,630,810,810,10609,31,4,382.9711015698513,1.8361720140092075,97922.68312399392,3238.623432934301
1781651436,400,GET,/users/{user_id},45.400000,0.000000,72,130,240,260,300,330,360,410,660,660,660,4422,17,4,428.37274875086825,1.5488709905184805,90840.79386197845,264.0413839891452
1781651436,400,,Aggregated,454.500000,0.000000,72,160,240,260,300,340,380,420,810,1200,1200,42831,168,5,417.31262824891655,1.5488709905184805,97922.68312399392,3347.557820270365
1781651437,400,GET,/feed/{user_id},181.100000,0.000000,76,170,240,260,290,330,370,390,590,630,630,17172,80,4,468.95807507194564,1.8116039864253253,96931.20177698438,4014.5861868157467
1781651437,400,GET,/feed/{user_id}?with_fof=true,90.900000,0.000000,75,160,240,270,300,340,410,540,1200,1200,1200,8669,34,4,383.7880452379705,1.840237993746996,92752.32968301862,4562.92617372246
1781651437,400,POST,/likes,9.100000,0.000000,55,110,170,240,310,350,410,430,430,430,430,881,3,8,271.72641196501837,3.1003559997770935,60468.273025006056,179.738933030647
1781651437,400,POST,/posts,14.400000,0.000000,95,210,260,270,310,370,380,460,460,460,460,1356,3,10,241.2285507963512,3.531711990945041,85465.0722539809,227.55973451327435
1781651437,400,GET,/timeline/{user_id},112.600000,0.000000,81,150,240,260,300,340,390,420,630,810,810,10724,31,4,380.15057504677065,1.8361720140092075,97922.68312399392,3239.034968295412
1781651437,400,GET,/users/{user_id},43.900000,0.000000,70,130,220,250,290,310,360,410,660,660,660,4460,17,4,425.52763668414633,1.5488709905184805,90840.79386197845,264.05044843049325
1781651437,400,,Aggregated,452.000000,0.000000,76,150,240,260,300,330,380,420,810,1200,1200,43262,168,5,414.2455628389181,1.5488709905184805,97922.68312399392,3348.7697748601545
1781651438,400,GET,/feed/{user_id},182.800000,0.000000,74,150,240,260,290,320,350,380,600,630,630,17364,80,4,464.9768945621053,1.8116039864253253,96931.20177698438,4019.732434922829
1781651438,400,GET,/feed/{user_id}?with_fof=true,92.000000,0.000000,73,150,240,270,300,320,360,460,1200,1200,1200,8767,34,4,381.2532459171678,1.840237993746996,92752.32968301862,4561.849435382685
1781651438,400,POST,/likes,8.900000,0.000000,44,100,160,240,290,310,340,390,390,390,390,890,3,8,270.1087410619948,3.1003559997770935,60468.273025006056,179.74606741573032
1781651438,400,POST,/posts,14.800000,0.000000,95,180,260,270,300,320,370,370,380,380,380,1370,3,10,240.46018766050216,3.531711990945041,85465.0722539809,227.56277372262772
1781651438,400,GET,/timeline/{user_id},112.300000,0.000000,81,140,240,260,290,330,360,400,600,630,630,10835,31,4,377.62325843476333,1.8361720140092075,97922.68312399392,3231.492754960775
1781651438,400,GET,/users/{user_id},43.900000,0.000000,73,120,220,260,290,310,330,360,560,560,560,4497,17,4,423.07871292289803,1.5488709905184805,90840.79386197845,264.0607071380921
1781651438,400,,Aggregated,454.700000,0.000000,76,140,240,260,290,320,350,390,630,1200,1200,43723,168,5,411.2313020132913,1.5488709905184805,97922.68312399392,3349.834366351806
1781651439,400,GET,/feed/{user_id},182.800000,0.000000,72,140,240,250,290,310,350,380,600,630,630,17537,80,4,461.47172390319986,1.8116039864253253,96931.20177698438,4019.2451958715856
1781651439,400,GET,/feed/{user_id}?with_fof=true,89.800000,0.000000,62,140,240,260,290,310,350,440,840,840,840,8867,34,4,378.1520925655622,1.840237993746996,92752.32968301862,4562.1093943836695
1781651439,400,POST,/likes,9.000000,0.000000,58,100,170,240,290,310,340,390,390,390,390,901,3,8,268.34243092357497,3.1003559997770935,60468.273025006056,179.7524972253052
1781651439,400,POST,/posts,14.200000,0.000000,84,210,260,270,290,320,370,370,380,380,380,1385,3,10,239.14913404398825,3.531711990945041,85465.0722539809,227.5667870036101
1781651439,400,GET,/timeline/{user_id},112.000000,0.000000,76,130,240,260,290,320,360,400,580,600,600,10955,31,4,374.5406787639182,1.8361720140092075,97922.68312399392,3229.6534002738476
1781651439,400,GET,/users/{user_id},43.700000,0.000000,67,110,220,250,280,310,330,360,560,560,560,4538,17,4,420.27701530063626,1.5488709905184805,90840.79386197845,264.07338034376374
1781651439,400,,Aggregated,451.500000,0.000000,72,130,240,260,290,310,350,380,600,840,840,44183,168,5,408.05768144026626,1.5488709905184805,97922.68312399392,3349.5706946110495
1781651440,400,GET,/feed/{user_id},183.900000,0.000000,81,140,240,260,290,320,370,560,111000,111000,111000,17717,95,5,549.9044055973079,1.8116039864253253,111407.93606202351,4023.914545351922
1781651440,400,GET,/feed/{user_id}?with_fof=true,89.900000,0.000000,77,150,250,270,300,320,410,580,111000,111000,111000,8960,39,4,436.72372279786794,1.840237993746996,111458.02067199838,4566.5521205357145
1781651440,400,POST,/likes,8.500000,0.000000,82,130,240,260,290,310,340,390,390,390,390,911,3,8,266.59564524710726,3.1003559997770935,60468.273025006056,179.7596048298573
1781651440,400,POST,/posts,14.000000,0.000000,87,210,260,270,300,320,370,370,380,380,380,1396,3,10,238.14888869907676,3.531711990945041,85465.0722539809,227.57163323782234
1781651440,400,GET,/timeline/{user_id},110.700000,0.000000,84,150,250,270,300,330,400,600,109000,110000,110000,11099,41,4,468.8911745208394,1.8361720140092075,109603.18576701684,3225.7538516983514
1781651440,400,GET,/users/{user_id},42.900000,0.000000,78,120,240,260,290,310,350,410,109000,109000,109000,4583,18,4,441.0948449265469,1.5488709905184805,108602.7493510046,264.03556622299806
1781651440,400,,Aggregated,449.900000,0.000000,80,140,250,260,290,320,370,560,110000,111000,111000,44666,199,5,480.38298061132707,1.5488709905184805,111458.02067199838,3351.5911207629965
1781651441,400,GET,/feed/{user_id},185.700000,0.000000,83,150,250,270,300,330,380,560,111000,111000,111000,17894,95,5,545.847915017628,1.8116039864253253,111407.93606202351,4021.6938638649826
1781651441,400,GET,/feed/{user_id}?with_fof=true,91.800000,0.000000,77,150,260,270,300,330,380,580,111000,111000,111000,9068,39,4,432.91367546097,1.840237993746996,111458.02067199838,4565.005403617115
1781651441,400,POST,/likes,8.900000,0.000000,89,160,260,270,290,340,360,390,390,390,390,925,3,8,264.95823839254604,3.1003559997770935,60468.273025006056,179.76648648648649
1781651441,400,POST,/posts,13.700000,0.000000,95,210,270,280,310,330,370,370,380,380,380,1412,3,10,236.87134657639524,3.531711990945041,85465.0722539809,227.57790368271955
1781651441,400,GET,/timeline/{user_id},113.500000,0.000000,87,160,260,270,300,340,400,600,109000,110000,110000,11209,41,4,465.739561919334,1.8361720140092075,109603.18576701684,3222.231510393434
1781651441,400,GET,/users/{user_id},43.000000,0.000000,82,140,250,270,300,320,360,420,109000,109000,109000,4629,18,4,438.15720416167375,1.5488709905184805,108602.7493510046,264.048390581119
1781651441,400,,Aggregated,456.600000,0.000000,83,150,250,270,300,330,370,560,110000,111000,111000,45137,199,5,476.79989719969507,1.5488709905184805,111458.02067199838,3349.5260207811775
1781651442,400,GET,/feed/{user_id},186.700000,1.500000,82,140,250,270,310,340,380,550,111000,111000,111000,18081,95,5,541.4309213492955,1.8116039864253253,111407.93606202351,4021.600409269399
1781651442,400,GET,/feed/{user_id}?with_fof=true,92.300000,0.300000,80,150,260,280,310,330,380,640,111000,111000,111000,9161,39,4,429.85477662372597,1.840237993746996,111458.02067199838,4561.453116472001
1781651442,400,POST,/likes,9.500000,0.000000,93,170,260,270,300,340,360,390,390,390,390,931,3,8,264.45946898398284,3.1003559997770935,60468.273025006056,179.7733619763695
1781651442,400,POST,/posts,13.700000,0.000000,98,170,270,290,320,360,370,380,440,440,440,1432,3,10,235.84274060395123,3.531711990945041,85465.0722539809,227.5900837988827
1781651442,400,GET,/timeline/{user_id},116.000000,1.000000,93,170,260,280,310,340,400,600,109000,110000,110000,11336,41,5,462.01007609835136,1.8361720140092075,109603.18576701684,3220.528493295695
1781651442,400,GET,/users/{user_id},43.700000,0.100000,79,140,250,270,300,330,370,420,109000,109000,109000,4681,18,4,434.47839823377063,1.5488709905184805,108602.7493510046,264.06109805597094
1781651442,400,,Aggregated,461.900000,2.900000,85,150,260,270,310,340,380,560,110000,111000,111000,45622,199,5,473.0741807136609,1.5488709905184805,111458.02067199838,3347.930559817632
1781651443,400,GET,/feed/{user_id},183.300000,1.500000,84,140,240,270,310,340,380,550,111000,111000,111000,18264,95,5,537.1921446695007,1.8116039864253253,111407.93606202351,4023.8374945247483
1781651443,400,GET,/feed/{user_id}?with_fof=true,90.400000,0.500000,85,150,250,270,310,330,410,640,111000,111000,111000,9271,39,5,426.1347158730422,1.840237993746996,111458.02067199838,4555.045194693129
1781651443,400,POST,/likes,8.900000,0.000000,84,140,240,260,300,340,360,390,390,390,390,938,3,8,263.0766301600102,3.1003559997770935,60468.273025006056,179.77078891257995
1781651443,400,POST,/posts,14.100000,0.000000,95,150,260,280,320,360,370,380,440,440,440,1442,3,10,234.70806469202307,3.531711990945041,85465.0722539809,227.59361997226074
1781651443,400,GET,/timeline/{user_id},116.100000,1.000000,95,170,250,270,310,340,400,580,109000,110000,110000,11450,41,5,458.71457535412884,1.8361720140092075,109603.18576701684,3217.783056768559
1781651443,400,GET,/users/{user_id},42.000000,0.100000,81,150,240,260,300,320,360,410,109000,109000,109000,4722,18,4,431.7287670028124,1.5488709905184805,108602.7493510046,264.0713680643795
1781651443,400,,Aggregated,454.800000,3.100000,87,150,250,270,310,340,380,560,110000,111000,111000,46087,199,5,469.50533371820126,1.5488709905184805,111458.02067199838,3348.201618677718
1781651444,400,GET,/feed/{user_id},184.500000,1.500000,81,130,240,260,300,330,370,580,111000,111000,111000,18420,95,5,533.7334934921689,1.8116039864253253,111407.93606202351,4024.48555917481
1781651444,400,GET,/feed/{user_id}?with_fof=true,90.400000,0.500000,87,160,250,270,300,330,380,640,111000,111000,111000,9351,39,5,423.8308647164938,1.840237993746996,111458.02067199838,4563.310127259117
1781651444,400,POST,/likes,8.800000,0.000000,83,130,240,270,290,310,350,360,360,360,360,942,3,8,262.8841040797597,3.1003559997770935,60468.273025006056,179.77388535031847
1781651444,400,POST,/posts,14.600000,0.000000,95,130,260,280,320,360,370,370,440,440,440,1448,3,10,233.95321521820733,3.531711990945041,85465.0722539809,227.59737569060775
1781651444,400,GET,/timeline/{user_id},116.300000,1.000000,96,170,250,270,310,340,360,610,109000,110000,110000,11542,41,5,456.16526225694895,1.8361720140092075,109603.18576701684,3218.625108300121
1781651444,400,GET,/users/{user_id},42.400000,0.100000,82,150,250,260,290,320,350,390,109000,109000,109000,4770,18,4,428.8345006759417,1.5488709905184805,108602.7493510046,264.08637316561845
1781651444,400,,Aggregated,457.000000,3.100000,87,150,250,270,300,330,370,560,110000,111000,111000,46473,199,5,466.75735315048905,1.5488709905184805,111458.02067199838,3350.558560884815
1781651445,400,GET,/feed/{user_id},183.100000,1.500000,87,140,240,270,310,340,390,640,111000,111000,111000,18471,95,5,532.704583090448,1.8116039864253253,111407.93606202351,4024.4777218342265
1781651445,400,GET,/feed/{user_id}?with_fof=true,92.200000,0.500000,93,170,250,270,310,330,430,660,111000,111000,111000,9366,39,5,423.4842151969712,1.840237993746996,111458.02067199838,4561.978432628657
1781651445,400,POST,/likes,9.200000,0.000000,94,160,260,270,300,330,360,370,370,370,370,948,3,8,262.3952260201739,3.1003559997770935,60468.273025006056,179.79113924050634
1781651445,400,POST,/posts,14.200000,0.000000,98,150,260,280,330,360,380,440,650,650,650,1454,3,10,234.01324050413717,3.531711990945041,85465.0722539809,227.60385144429162
1781651445,400,GET,/timeline/{user_id},117.200000,1.000000,100,180,250,270,310,340,430,107000,110000,110000,110000,11558,41,5,455.9134886655746,1.8361720140092075,109603.18576701684,3223.8339678145007
1781651445,400,GET,/users/{user_id},42.000000,0.100000,89,170,250,260,290,320,360,410,109000,109000,109000,4780,18,4,428.3149718147009,1.5488709905184805,108602.7493510046,264.0897489539749
1781651445,400,,Aggregated,457.900000,3.100000,92,160,250,270,310,340,390,640,110000,111000,111000,46577,199,5,466.1472208821863,1.5488709905184805,111458.02067199838,3351.1908882066255
1781651446,400,GET,/feed/{user_id},181.300000,1.500000,89,140,250,270,320,360,1300,107000,111000,111000,111000,18521,95,5,532.7777602218879,1.8116039864253253,111407.93606202351,4027.881593866422
1781651446,400,GET,/feed/{user_id}?with_fof=true,94.400000,0.500000,97,170,260,280,320,340,640,1200,111000,111000,111000,9386,39,5,423.2144774415039,1.840237993746996,111458.02067199838,4561.7564457702965
1781651446,400,POST,/likes,9.000000,0.000000,100,170,270,280,310,350,370,1500,1500,1500,1500,949,3,8,263.7164864142426,3.1003559997770935,60468.273025006056,179.79346680716543
1781651446,400,POST,/posts,13.800000,0.000000,98,150,270,300,330,360,380,440,650,650,650,1454,3,10,234.01324050413717,3.531711990945041,85465.0722539809,227.60385144429162
1781651446,400,GET,/timeline/{user_id},117.800000,1.000000,110,190,260,280,320,350,1300,108000,110000,110000,110000,11581,41,5,456.63962831402694,1.8361720140092075,109603.18576701684,3218.2947068474223
1781651446,400,GET,/users/{user_id},44.300000,0.100000,90,180,260,270,300,340,600,1500,109000,109000,109000,4794,18,4,428.4174154230786,1.5488709905184805,108602.7493510046,264.0924071756362
1781651446,400,,Aggregated,460.600000,3.100000,97,160,260,280,320,350,940,1800,110000,111000,111000,46685,199,5,466.37178547025053,1.5488709905184805,111458.02067199838,3351.3062225554245
1781651447,400,GET,/feed/{user_id},172.300000,1.500000,87,140,260,280,330,370,1400,108000,111000,111000,111000,18553,95,5,532.2004268011975,1.8116039864253253,111407.93606202351,4027.546757936722
1781651447,400,GET,/feed/{user_id}?with_fof=true,89.400000,0.500000,91,170,260,280,320,340,650,1200,111000,111000,111000,9394,39,5,423.14889073748293,1.840237993746996,111458.02067199838,4566.92229082393
1781651447,400,POST,/likes,8.800000,0.000000,100,170,270,280,310,350,370,1500,1500,1500,1500,950,3,8,263.5215060927562,3.1003559997770935,60468.273025006056,179.79473684210527
1781651447,400,POST,/posts,13.500000,0.000000,80,150,270,300,340,380,650,1200,1200,1200,1200,1461,3,10,234.1920588384886,3.531711990945041,85465.0722539809,227.61054072553046
1781651447,400,GET,/timeline/{user_id},110.900000,1.000000,100,210,260,280,330,610,2400,108000,110000,110000,110000,11621,41,5,458.7745746520813,1.8361720140092075,109603.18576701684,3217.2476551071336
1781651447,400,GET,/users/{user_id},42.300000,0.100000,97,230,260,270,310,360,650,1500,109000,109000,109000,4801,18,4,428.48122708627193,1.5488709905184805,108602.7493510046,264.0945636325765
1781651447,400,,Aggregated,437.200000,3.100000,93,170,260,280,320,370,1500,2700,110000,111000,111000,46780,199,5,466.65311949668023,1.5488709905184805,111458.02067199838,3351.5100470286447
1781651448,400,GET,/feed/{user_id},156.600000,1.500000,93,160,270,290,340,430,1500,108000,111000,111000,111000,18585,95,5,531.7709982490993,1.8116039864253253,111407.93606202351,4027.458541834813
1781651448,400,GET,/feed/{user_id}?with_fof=true,80.500000,0.500000,95,170,260,280,320,370,890,1300,111000,111000,111000,9397,39,5,423.16457942544935,1.840237993746996,111458.02067199838,4568.872831754816
1781651448,400,POST,/likes,7.800000,0.000000,130,240,270,290,330,360,370,1500,1500,1500,1500,952,3,8,263.42449401584287,3.1003559997770935,60468.273025006056,179.79621848739495
1781651448,400,POST,/posts,12.100000,0.000000,83,130,290,310,360,600,790,1200,1200,1200,1200,1463,3,10,234.93658198839515,3.531711990945041,85465.0722539809,227.61107313738893
1781651448,400,GET,/timeline/{user_id},100.600000,1.000000,120,240,280,300,360,1800,2700,108000,110000,110000,110000,11652,41,5,459.9342062883457,1.8361720140092075,109603.18576701684,3218.2953141091657
1781651448,400,GET,/users/{user_id},37.800000,0.100000,98,220,270,280,320,410,1200,1500,109000,109000,109000,4806,18,4,428.6033369003763,1.5488709905184805,108602.7493510046,264.09633791094467
1781651448,400,,Aggregated,395.400000,3.100000,100,190,270,290,340,610,1800,107000,111000,111000,111000,46855,199,5,466.82221538549913,1.5488709905184805,111458.02067199838,3351.979511258137
1781651449,400,GET,/feed/{user_id},142.700000,1.500000,95,180,270,300,350,780,1400,1500,117000,117000,117000,18633,98,5,550.3533037555242,1.8116039864253253,116612.24046399002,4025.3018837546288
1781651449,400,GET,/feed/{user_id}?with_fof=true,74.500000,0.500000,110,190,270,290,340,660,2000,108000,116000,116000,116000,9416,42,5,461.03783639952894,1.840237993746996,115656.21071102214,4569.553632115548
1781651449,400,POST,/likes,7.200000,0.000000,160,270,300,330,370,1400,1500,1500,1500,1500,1500,956,3,8,266.1798389865196,3.1003559997770935,60468.273025006056,179.7981171548117
1781651449,400,POST,/posts,11.000000,0.000000,97,160,310,330,600,800,1500,1600,1600,1600,1600,1469,3,10,236.6474998815591,3.531711990945041,85465.0722539809,227.6147038801906
1781651449,400,GET,/timeline/{user_id},91.900000,1.000000,130,240,280,310,610,1800,2400,2700,3200,3200,3200,11679,41,5,460.81097987531507,1.8361720140092075,109603.18576701684,3221.745354910523
1781651449,400,GET,/users/{user_id},34.900000,0.100000,100,230,270,290,350,630,1500,1500,115000,115000,115000,4823,19,4,451.73312251941536,1.5488709905184805,114645.82913499908,264.04831018038567
1781651449,400,,Aggregated,362.200000,3.100000,110,220,270,300,360,830,1600,2400,116000,117000,117000,46976,206,5,484.47055440409355,1.5488709905184805,116612.24046399002,3351.4324122956405
1781651450,400,GET,/feed/{user_id},127.400000,1.500000,80,140,250,290,360,790,1500,1600,117000,117000,117000,18718,99,5,554.1086516825314,1.8116039864253253,116612.24046399002,4022.332033336895
1781651450,400,GET,/feed/{user_id}?with_fof=true,66.700000,0.500000,110,170,270,290,430,1900,2900,3100,116000,116000,116000,9474,42,5,462.60763555973034,1.840237993746996,115656.21071102214,4551.879142917458
1781651450,400,POST,/likes,6.600000,0.000000,140,250,290,330,370,1400,1500,1500,1500,1500,1500,959,3,8,265.49510523160103,3.1003559997770935,60468.273025006056,179.80083420229406
1781651450,400,POST,/posts,9.900000,0.000000,97,160,320,360,650,800,1500,1600,1600,1600,1600,1472,3,10,236.23056580641867,3.531711990945041,85465.0722539809,227.61752717391303
1781651450,400,GET,/timeline/{user_id},85.500000,1.000000,110,230,280,310,780,1900,2400,2700,3200,3200,3200,11723,41,5,459.1630375392544,1.8361720140092075,109603.18576701684,3222.7578264949243
1781651450,400,GET,/users/{user_id},32.500000,0.100000,65,150,250,270,340,650,1500,1500,115000,115000,115000,4846,19,4,449.6698873151375,1.5488709905184805,114645.82913499908,264.05592241023527
1781651450,400,,Aggregated,328.600000,3.100000,98,180,270,290,390,1200,2200,2700,116000,117000,117000,47192,207,5,485.6492677418313,1.5488709905184805,116612.24046399002,3347.6436896084083
1781651451,400,GET,/feed/{user_id},111.800000,1.800000,70,160,260,290,720,1400,41000,115000,117000,117000,117000,18758,106,5,615.7340680745111,1.8116039864253253,116833.0884410243,4021.9038810107686
1781651451,400,GET,/feed/{user_id}?with_fof=true,57.600000,0.800000,120,230,290,330,2400,3200,114000,116000,118000,118000,118000,9497,51,5,580.7922332295251,1.840237993746996,117838.23619398754,4546.741181425713
1781651451,400,POST,/likes,5.600000,0.000000,130,250,330,350,1400,114000,115000,115000,115000,115000,115000,963,4,8,501.9697051351215,3.1003559997770935,114945.63920900691,179.64070612668743
1781651451,400,POST,/posts,8.700000,0.000000,32,120,300,380,790,1200,1600,1600,1600,1600,1600,1473,3,10,236.0801887128645,3.531711990945041,85465.0722539809,227.61778682959945
1781651451,400,GET,/timeline/{user_id},74.200000,1.000000,130,260,310,380,1800,2700,60000,113000,117000,117000,117000,11762,52,5,569.4993689177597,1.8361720140092075,116845.8023040148,3219.1656180921614
1781651451,400,GET,/users/{user_id},28.500000,0.200000,83,230,270,290,730,1500,114000,115000,117000,117000,117000,4867,21,4,584.4015794420085,1.5488709905184805,116842.72208801121,263.96260530100676
1781651451,400,,Aggregated,286.400000,3.800000,110,230,280,320,1100,2500,71000,115000,117000,118000,118000,47320,237,5,579.8732142074513,1.5488709905184805,117838.23619398754,3344.8875950972106
1781651452,400,GET,/feed/{user_id},104.200000,0.400000,46,160,280,340,820,1500,71000,115000,117000,117000,117000,18767,106,5,615.4926508136999,1.8116039864253253,116833.0884410243,4021.3158203229073
1781651452,400,GET,/feed/{user_id}?with_fof=true,53.000000,0.500000,120,260,350,830,2700,60000,115000,117000,118000,118000,118000,9500,51,5,581.0960675387174,1.840237993746996,117838.23619398754,4547.306947368421
1781651452,400,POST,/likes,5.100000,0.000000,160,290,370,800,1500,114000,115000,115000,115000,115000,115000,963,4,8,501.9697051351215,3.1003559997770935,114945.63920900691,179.64070612668743
1781651452,400,POST,/posts,8.100000,0.000000,26,120,380,650,800,1500,1600,1600,1600,1600,1600,1473,3,10,236.0801887128645,3.531711990945041,85465.0722539809,227.61778682959945
1781651452,400,GET,/timeline/{user_id},66.900000,0.000000,140,300,580,840,2300,30000,62000,114000,117000,117000,117000,11765,52,5,569.4857158851423,1.8361720140092075,116845.8023040148,3219.673608159796
1781651452,400,GET,/users/{user_id},26.700000,0.100000,62,240,290,320,840,30000,114000,115000,117000,117000,117000,4868,21,4,584.2833318221519,1.5488709905184805,116842.72208801121,263.96302382908794
1781651452,400,,Aggregated,264.000000,1.000000,96,240,330,410,1500,3200,114000,115000,117000,118000,118000,47336,237,5,579.8292392715192,1.5488709905184805,117838.23619398754,3345.026132330573
1781651453,400,GET,/feed/{user_id},92.100000,1.100000,29,180,370,740,1500,2600,114000,116000,117000,117000,117000,18793,106,5,616.021534424025,1.8116039864253253,116833.0884410243,4023.743042622253
1781651453,400,GET,/feed/{user_id}?with_fof=true,46.700000,1.200000,120,630,2000,2500,3800,89000,116000,117000,118000,118000,118000,9508,51,5,582.4797297232658,1.840237993746996,117838.23619398754,4545.788388725284
1781651453,400,POST,/likes,4.600000,0.100000,130,350,800,1400,1500,114000,115000,115000,115000,115000,115000,963,4,8,501.9697051351215,3.1003559997770935,114945.63920900691,179.64070612668743
1781651453,400,POST,/posts,6.400000,0.000000,57,360,650,770,1200,1600,1900,1900,1900,1900,1900,1477,3,10,236.82717954234778,3.531711990945041,85465.0722539809,227.62153012863914
1781651453,400,GET,/timeline/{user_id},58.900000,1.100000,170,780,1600,2100,2700,41000,89000,115000,117000,117000,117000,11790,52,5,571.1925279819842,1.8361720140092075,116845.8023040148,3214.8275657336726
1781651453,400,GET,/users/{user_id},25.400000,0.300000,24,300,610,810,1900,113000,115000,115000,117000,117000,117000,4876,21,4,585.8276641062695,1.5488709905184805,116842.72208801121,263.9661607875308
1781651453,400,,Aggregated,234.100000,3.800000,59,340,790,1300,2500,41000,115000,116000,117000,118000,118000,47407,237,5,580.909066845792,1.5488709905184805,117838.23619398754,3344.2037251882634
1781651454,400,GET,/feed/{user_id},75.000000,1.100000,20,300,790,1000,2500,33000,115000,116000,117000,117000,117000,18805,106,5,620.3891268495985,1.8116039864253253,116833.0884410243,4023.012762563148
1781651454,400,GET,/feed/{user_id}?with_fof=true,37.400000,1.200000,160,1600,2500,2800,41000,114000,116000,117000,118000,118000,118000,9517,51,5,586.8154649172836,1.840237993746996,117838.23619398754,4547.260901544604
1781651454,400,POST,/likes,3.600000,0.100000,86,1400,1400,1500,114000,115000,115000,115000,115000,115000,115000,964,4,8,504.25817588809394,3.1003559997770935,114945.63920900691,179.64004149377593
1781651454,400,POST,/posts,4.800000,0.000000,56,600,770,800,1500,1600,1900,1900,1900,1900,1900,1478,3,10,236.70476492018128,3.531711990945041,85465.0722539809,227.6231393775372
1781651454,400,GET,/timeline/{user_id},48.300000,1.100000,320,1300,2100,2500,3300,41000,113000,115000,117000,117000,117000,11800,52,5,580.2696020481028,1.8361720140092075,116845.8023040148,3215.2501694915254
1781651454,400,GET,/users/{user_id},20.500000,0.300000,22,410,840,1500,3100,113000,115000,115000,117000,117000,117000,4884,21,4,587.5065862698966,1.5488709905184805,116842.72208801121,263.96683046683046
1781651454,400,,Aggregated,189.600000,3.800000,62,750,1500,1800,3100,60000,115000,116000,118000,118000,118000,47448,237,5,585.9816705792118,1.5488709905184805,117838.23619398754,3344.035639015343
1781651455,400,GET,/feed/{user_id},58.100000,1.100000,22,230,780,1200,1800,30000,115000,116000,117000,117000,117000,18876,106,5,619.3258132288995,1.8116039864253253,116833.0884410243,4018.754503072685
1781651455,400,GET,/feed/{user_id}?with_fof=true,27.900000,1.200000,130,2100,2700,3200,5200,89000,116000,117000,118000,118000,118000,9554,51,5,591.27068427012,1.840237993746996,117838.23619398754,4557.730374712162
1781651455,400,POST,/likes,2.700000,0.100000,350,800,1400,1500,114000,115000,115000,115000,115000,115000,115000,966,4,8,503.90062418853813,3.1003559997770935,114945.63920900691,179.64285714285714
1781651455,400,POST,/posts,3.600000,0.000000,56,600,800,1200,1500,1600,1900,1900,1900,1900,1900,1482,3,10,238.12889919232,3.531711990945041,85465.0722539809,227.62483130904184
1781651455,400,GET,/timeline/{user_id},37.500000,1.100000,260,1200,1900,2200,3100,41000,89000,115000,117000,117000,117000,11842,52,5,579.8249505530829,1.8361720140092075,116845.8023040148,3217.09880087823
1781651455,400,GET,/users/{user_id},17.300000,0.300000,32,400,1200,1500,3100,30000,115000,115000,117000,117000,117000,4903,21,4,586.851826625572,1.5488709905184805,116842.72208801121,263.9734856210483
1781651455,400,,Aggregated,147.100000,3.800000,50,720,1400,1600,3100,41000,115000,116000,117000,118000,118000,47623,237,5,586.3278409589773,1.5488709905184805,117838.23619398754,3345.1186821493816
1781651456,400,GET,/feed/{user_id},43.200000,1.100000,16,80,470,790,1700,30000,115000,116000,117000,117000,117000,18938,106,5,617.4085118513934,1.8116039864253253,116833.0884410243,4018.504646742
1781651456,400,GET,/feed/{user_id}?with_fof=true,18.500000,1.200000,77,2200,2900,4400,6200,71000,116000,117000,118000,118000,118000,9599,51,5,606.7627013021872,1.840237993746996,117838.23619398754,4562.87425773518
1781651456,400,POST,/likes,2.300000,0.100000,79,650,1400,1400,114000,115000,115000,115000,115000,115000,115000,969,4,8,502.3789452767022,3.1003559997770935,114945.63920900691,179.64602683178535
1781651456,400,POST,/posts,3.200000,0.000000,22,120,770,790,1500,1600,1900,1900,1900,1900,1900,1491,3,10,237.0681790120451,3.531711990945041,85465.0722539809,227.62776659959758
1781651456,400,GET,/timeline/{user_id},27.000000,1.100000,40,580,1400,1600,3100,41000,89000,115000,117000,117000,117000,11893,52,5,577.5741117735963,1.8361720140092075,116845.8023040148,3217.5945514167997
1781651456,400,GET,/users/{user_id},12.100000,0.300000,19,140,630,1200,3100,30000,115000,115000,117000,117000,117000,4926,21,4,584.2185091500592,1.5488709905184805,116842.72208801121,263.9774665042631
1781651456,400,,Aggregated,106.300000,3.800000,28,340,830,1500,3200,41000,115000,116000,117000,118000,118000,47816,237,5,587.7534864379714,1.5488709905184805,117838.23619398754,3345.786891417099
1781651457,400,GET,/feed/{user_id},38.300000,1.100000,11,54,320,800,1500,30000,114000,116000,117000,117000,117000,19010,106,5,616.4459266032956,1.8116039864253253,116833.0884410243,4016.9624934245135
1781651457,400,GET,/feed/{user_id}?with_fof=true,16.900000,1.200000,60,1900,2900,4100,6200,65000,116000,117000,118000,118000,118000,9632,51,5,608.9729652626328,1.840237993746996,117838.23619398754,4570.081914451827
1781651457,400,POST,/likes,1.700000,0.100000,53,650,1400,1400,2700,114000,115000,115000,115000,115000,115000,974,4,8,501.4743688132351,3.1003559997770935,114945.63920900691,179.65400410677617
1781651457,400,POST,/posts,2.800000,0.000000,32,59,460,1500,1500,1600,1900,1900,1900,1900,1900,1497,3,11,238.20357379687775,3.531711990945041,85465.0722539809,227.63326653306612
1781651457,400,GET,/timeline/{user_id},26.500000,1.100000,19,190,1100,1400,3100,41000,89000,115000,117000,117000,117000,11937,52,5,576.2377754023133,1.8361720140092075,116845.8023040148,3218.3187568065678
1781651457,400,GET,/users/{user_id},11.400000,0.300000,10,56,360,1200,2500,30000,115000,115000,117000,117000,117000,4940,21,4,582.883568086454,1.5488709905184805,116842.72208801121,263.9821862348178
1781651457,400,,Aggregated,97.600000,3.800000,17,120,1000,1500,3100,35000,114000,116000,117000,118000,118000,47990,237,5,587.3575037020389,1.5488709905184805,117838.23619398754,3346.913502813086
1781651458,400,GET,/feed/{user_id},43.100000,1.100000,11,62,180,310,1500,2600,59000,114000,117000,117000,117000,19130,106,5,613.0735904057348,1.8116039864253253,116833.0884410243,4019.8472033455305
1781651458,400,GET,/feed/{user_id}?with_fof=true,21.100000,1.200000,52,1500,2600,3100,5100,35000,114000,117000,118000,118000,118000,9684,51,5,609.8924084433853,1.840237993746996,117838.23619398754,4575.833539859562
1781651458,400,POST,/likes,2.000000,0.100000,53,240,800,1400,2700,114000,115000,115000,115000,115000,115000,977,4,8,500.262795206819,3.1003559997770935,114945.63920900691,179.66223132036848
1781651458,400,POST,/posts,3.400000,0.000000,32,59,460,800,1500,1600,1900,1900,1900,1900,1900,1500,3,11,237.87164868794693,3.531711990945041,85465.0722539809,227.634
1781651458,400,GET,/timeline/{user_id},30.300000,1.100000,15,130,450,1200,2600,33000,71000,114000,117000,117000,117000,11997,52,5,573.874060058711,1.8361720140092075,116845.8023040148,3220.7958656330748
1781651458,400,GET,/users/{user_id},13.700000,0.300000,8,41,170,400,1800,30000,114000,115000,117000,117000,117000,4964,21,4,580.286750538508,1.5488709905184805,116842.72208801121,263.98368251410153
1781651458,400,,Aggregated,113.600000,3.800000,15,97,400,1300,2700,30000,89000,115000,117000,118000,118000,48252,237,5,585.3678732482377,1.5488709905184805,117838.23619398754,3350.728114896792
1781651459,400,GET,/feed/{user_id},41.900000,1.100000,13,75,170,220,1400,2500,41000,92000,117000,117000,117000,19242,106,5,609.8914265422248,1.8116039864253253,116833.0884410243,4017.7015902712815
1781651459,400,GET,/feed/{user_id}?with_fof=true,22.400000,1.200000,48,210,2100,2900,5100,41000,114000,117000,118000,118000,118000,9735,51,5,607.6867900207214,1.840237993746996,117838.23619398754,4567.904057524396
1781651459,400,POST,/likes,2.100000,0.100000,18,68,240,650,2700,114000,115000,115000,115000,115000,115000,982,4,8,498.01234121496276,3.1003559997770935,114945.63920900691,179.66700610997964
1781651459,400,POST,/posts,3.400000,0.000000,32,59,190,460,1500,1500,1900,1900,1900,1900,1900,1509,3,11,236.87008052614655,3.531711990945041,85465.0722539809,227.64214711729622
1781651459,400,GET,/timeline/{user_id},30.900000,1.100000,14,150,270,480,2500,33000,71000,114000,117000,117000,117000,12063,52,5,571.1528809844406,1.8361720140092075,116845.8023040148,3223.631600762663
1781651459,400,GET,/users/{user_id},13.500000,0.300000,10,92,200,320,1900,30000,114000,115000,117000,117000,117000,4989,21,4,577.7660711226956,1.5488709905184805,116842.72208801121,263.9911805973141
1781651459,400,,Aggregated,114.200000,3.800000,20,120,220,470,2500,6700,71000,115000,117000,118000,118000,48520,237,5,582.6491948291578,1.5488709905184805,117838.23619398754,3349.1513808738664
1781651460,400,GET,/feed/{user_id},49.900000,1.100000,9,46,130,150,310,1500,2500,3100,33000,33000,33000,19397,106,5,605.3610033985985,1.8116039864253253,116833.0884410243,4014.963190184049
1781651460,400,GET,/feed/{user_id}?with_fof=true,26.500000,1.200000,20,140,210,1500,4200,5100,6300,33000,65000,65000,65000,9806,51,5,604.1887739682562,1.840237993746996,117838.23619398754,4574.145625127473
1781651460,400,POST,/likes,2.500000,0.100000,18,58,240,650,2700,114000,115000,115000,115000,115000,115000,983,4,8,497.5092609410955,3.1003559997770935,114945.63920900691,179.66632756866736
1781651460,400,POST,/posts,3.700000,0.000000,22,51,120,130,1500,1500,1900,1900,1900,1900,1900,1520,3,11,235.45582304271338,3.531711990945041,85465.0722539809,227.64407894736843
1781651460,400,GET,/timeline/{user_id},31.300000,1.100000,10,61,150,190,1300,2500,3300,30000,33000,33000,33000,12143,52,5,567.6757781758549,1.8361720140092075,116845.8023040148,3225.2688791896567
1781651460,400,GET,/users/{user_id},14.500000,0.300000,6,23,92,140,1200,1800,3100,3100,30000,30000,30000,5029,21,4,573.3153775480682,1.5488709905184805,116842.72208801121,263.9954265261483
1781651460,400,,Aggregated,128.400000,3.800000,11,57,140,180,1400,2600,4900,6400,35000,65000,65000,48878,237,5,578.7940783801312,1.5488709905184805,117838.23619398754,3350.1169646875896
1781651461,400,GET,/feed/{user_id},59.300000,0.800000,8,55,99,130,230,1400,2500,2700,33000,33000,33000,19545,106,5,601.0513438264162,1.8116039864253253,116833.0884410243,4013.5405986185724
1781651461,400,GET,/feed/{user_id}?with_fof=true,30.700000,0.900000,17,87,160,320,3800,5000,6200,33000,65000,65000,65000,9859,51,5,601.11949627495,1.840237993746996,117838.23619398754,4576.195354498428
1781651461,400,POST,/likes,2.700000,0.100000,15,21,58,240,650,1500,2700,2700,2700,2700,2700,988,4,8,495.0150036772544,3.1003559997770935,114945.63920900691,179.66801619433198
1781651461,400,POST,/posts,4.200000,0.000000,22,56,120,130,460,1500,1500,1900,1900,1900,1900,1528,3,11,234.4823034056761,3.531711990945041,85465.0722539809,227.64332460732984
1781651461,400,GET,/timeline/{user_id},37.600000,1.100000,8,52,110,150,470,1500,2600,3300,33000,33000,33000,12231,52,5,563.8393035353896,1.8361720140092075,116845.8023040148,3225.9318126073094
1781651461,400,GET,/users/{user_id},16.900000,0.200000,5,23,66,110,280,1700,3100,3100,3100,3100,3100,5064,21,4,569.5360073628016,1.5488709905184805,116842.72208801121,264.0005924170616
1781651461,400,,Aggregated,151.400000,3.100000,9,55,110,150,650,1900,4100,5100,35000,65000,65000,49215,237,5,575.0644777999731,1.5488709905184805,117838.23619398754,3350.1977649090722
1781651462,400,GET,/feed/{user_id},61.400000,0.700000,8,58,95,110,190,490,1500,2700,33000,33000,33000,19655,106,5,597.9444013886762,1.8116039864253253,116833.0884410243,4013.623505469346
1781651462,400,GET,/feed/{user_id}?with_fof=true,31.300000,0.900000,15,87,120,160,2100,4800,5400,6700,65000,65000,65000,9938,51,5,596.734153917668,1.840237993746996,117838.23619398754,4576.161400684242
1781651462,400,POST,/likes,2.300000,0.100000,10,18,58,79,240,1500,2700,2700,2700,2700,2700,996,4,8,491.29823657946315,3.1003559997770935,114945.63920900691,179.67369477911646
1781651462,400,POST,/posts,4.500000,0.000000,18,41,98,110,200,1500,1500,1500,1500,1500,1500,1541,3,11,232.70045995249868,3.531711990945041,85465.0722539809,227.64308890330955
1781651462,400,GET,/timeline/{user_id},38.200000,1.100000,8,58,96,110,230,680,1500,3100,33000,33000,33000,12320,52,5,560.1625487441962,1.8361720140092075,116845.8023040148,3227.0064935064934
1781651462,400,GET,/users/{user_id},16.900000,0.200000,5,23,66,92,170,400,1500,3100,3100,3100,3100,5097,21,4,566.1241174742386,1.5488709905184805,116842.72208801121,264.0086325289386
1781651462,400,,Aggregated,154.600000,3.000000,9,58,98,120,230,1500,3300,5000,35000,65000,65000,49547,237,5,571.5301211101167,1.5488709905184805,117838.23619398754,3350.3095444729247
1781651463,400,GET,/feed/{user_id},72.700000,0.000000,8,62,91,100,170,310,1500,1500,33000,33000,33000,19794,106,5,594.0368448662429,1.8116039864253253,116833.0884410243,4010.4248762251186
1781651463,400,GET,/feed/{user_id}?with_fof=true,33.700000,0.000000,11,80,110,130,1700,4700,5200,6400,65000,65000,65000,10023,51,5,591.9764824963418,1.840237993746996,117838.23619398754,4572.944028733912
1781651463,400,POST,/likes,2.300000,0.000000,10,21,79,96,240,1500,2700,2700,2700,2700,2700,1002,4,8,488.6556884881872,3.1003559997770935,114945.63920900691,179.67365269461078
1781651463,400,POST,/posts,5.300000,0.000000,13,37,78,98,190,1500,1500,1500,1500,1500,1500,1553,3,11,231.19049920524782,3.531711990945041,85465.0722539809,227.64584674822925
1781651463,400,GET,/timeline/{user_id},42.600000,0.000000,8,62,90,110,190,550,1500,3100,33000,33000,33000,12405,52,5,556.607668664134,1.8361720140092075,116845.8023040148,3223.162918178154
1781651463,400,GET,/users/{user_id},18.500000,0.000000,5,23,68,86,150,320,1500,3100,3100,3100,3100,5126,21,4,563.1358041627482,1.5488709905184805,116842.72208801121,264.0159968786578
1781651463,400,,Aggregated,175.100000,0.000000,8,62,91,110,190,1400,3100,4900,35000,65000,65000,49903,237,5,567.7368033663527,1.5488709905184805,117838.23619398754,3348.2399254553834
1781651464,400,GET,/feed/{user_id},83.100000,0.000000,7,60,88,99,140,200,480,1400,1500,1500,1500,19906,106,5,590.9165806521421,1.8116039864253253,116833.0884410243,4008.7143574801567
1781651464,400,GET,/feed/{user_id}?with_fof=true,40.200000,0.000000,9,79,100,120,200,2900,5100,6300,65000,65000,65000,10098,51,5,588.037372990667,1.840237993746996,117838.23619398754,4580.7686670627845
1781651464,400,POST,/likes,2.900000,0.000000,8,21,79,96,150,240,1500,1500,1500,1500,1500,1007,4,8,486.46393207666233,3.1003559997770935,114945.63920900691,179.67626613704073
1781651464,400,POST,/posts,6.000000,0.000000,13,32,66,87,130,240,1500,1500,1500,1500,1500,1561,3,11,230.14574183648483,3.531711990945041,85465.0722539809,227.64509929532352
1781651464,400,GET,/timeline/{user_id},51.600000,0.000000,8,59,86,100,140,210,550,1300,2200,2200,2200,12481,52,5,553.5415619286623,1.8361720140092075,116845.8023040148,3224.298774136688
1781651464,400,GET,/users/{user_id},21.500000,0.000000,5,21,63,79,120,160,230,320,1500,1500,1500,5161,21,4,559.5825382567791,1.5488709905184805,116842.72208801121,264.02441387328037
1781651464,400,,Aggregated,205.300000,0.000000,8,58,88,100,150,230,1500,3200,35000,65000,65000,50214,237,5,564.517290873148,1.5488709905184805,117838.23619398754,3349.5730473573108
1781651465,400,GET,/feed/{user_id},94.600000,0.000000,6,67,94,110,150,200,300,1400,1500,1500,1500,20036,106,5,587.493815718027,1.8116039864253253,116833.0884410243,4016.1940507087243
1781651465,400,GET,/feed/{user_id}?with_fof=true,47.600000,0.000000,8,82,110,120,170,1700,4100,6300,65000,65000,65000,10149,51,5,585.4624933884892,1.840237993746996,117838.23619398754,4579.501921371564
1781651465,400,POST,/likes,3.800000,0.000000,8,18,68,92,140,240,1500,1500,1500,1500,1500,1014,4,8,483.27559300411207,3.1003559997770935,114945.63920900691,179.68047337278105
1781651465,400,POST,/posts,7.100000,0.000000,12,41,74,96,130,190,1500,1500,1500,1500,1500,1569,3,11,229.3157134670282,3.531711990945041,85465.0722539809,227.64690885914595
1781651465,400,GET,/timeline/{user_id},58.900000,0.000000,7,65,93,110,140,190,340,1300,2200,2200,2200,12569,52,5,550.1401376725892,1.8361720140092075,116845.8023040148,3225.225554936749
1781651465,400,GET,/users/{user_id},23.700000,0.000000,4,23,76,98,130,170,210,280,1500,1500,1500,5198,21,4,556.0722976597219,1.5488709905184805,116842.72208801121,264.035782993459
1781651465,400,,Aggregated,235.700000,0.000000,7,65,93,110,150,200,1400,1800,35000,65000,65000,50535,237,5,561.3514977046455,1.5488709905184805,117838.23619398754,3352.0435539724945
1781651466,400,GET,/feed/{user_id},106.100000,0.000000,6,63,92,100,140,190,300,1400,1500,1500,1500,20172,106,5,583.6998091389298,1.8116039864253253,116833.0884410243,4015.4466091612135
1781651466,400,GET,/feed/{user_id}?with_fof=true,55.000000,0.000000,7,78,100,110,160,1400,2800,4100,6400,6400,6400,10214,51,5,581.908606808767,1.840237993746996,117838.23619398754,4578.790581554729
1781651466,400,POST,/likes,4.000000,0.000000,8,21,92,96,140,240,1500,1500,1500,1500,1500,1019,4,8,481.2511389962157,3.1003559997770935,114945.63920900691,179.6820412168793
1781651466,400,POST,/posts,8.000000,0.000000,20,50,90,98,130,190,1500,1500,1500,1500,1500,1589,3,11,227.04108337808503,3.531711990945041,85465.0722539809,227.6589049716803
1781651466,400,GET,/timeline/{user_id},64.900000,0.000000,6,63,91,110,140,190,310,730,2200,2200,2200,12669,52,5,546.0474118160822,1.8361720140092075,116845.8023040148,3217.841266082564
1781651466,400,GET,/users/{user_id},27.100000,0.000000,4,29,74,97,120,150,200,240,1500,1500,1500,5243,21,4,551.5100217080211,1.5488709905184805,116842.72208801121,264.0446309364867
1781651466,400,,Aggregated,265.100000,0.000000,7,62,92,110,140,190,950,1500,4500,6400,6400,50906,237,5,557.4708670124028,1.5488709905184805,117838.23619398754,3348.5918948650456
1781651467,400,GET,/feed/{user_id},114.000000,0.000000,4,34,83,95,130,160,210,270,310,320,320,20335,106,5,579.0616206208678,1.8116039864253253,116833.0884410243,4013.534103761987
1781651467,400,GET,/feed/{user_id}?with_fof=true,58.900000,0.000000,4,34,87,100,140,170,1600,1800,3900,3900,3900,10300,51,5,577.1832382825245,1.840237993746996,117838.23619398754,4579.9035922330095
1781651467,400,POST,/likes,4.600000,0.000000,6,9,90,96,120,150,240,240,240,240,240,1024,4,8,478.92094958118037,3.1003559997770935,114945.63920900691,179.6845703125
1781651467,400,POST,/posts,8.400000,0.000000,14,29,66,90,120,130,140,190,240,240,240,1601,3,11,225.4100431354045,3.531711990945041,85465.0722539809,227.66208619612743
1781651467,400,GET,/timeline/{user_id},70.400000,0.000000,5,36,82,100,130,170,240,310,730,730,730,12765,52,5,541.992361695115,1.8361720140092075,116845.8023040148,3223.44535840188
1781651467,400,GET,/users/{user_id},28.700000,0.000000,3,11,63,85,120,140,190,210,320,320,320,5285,21,4,547.1559028200945,1.5488709905184805,116842.72208801121,264.0561967833491
1781651467,400,,Aggregated,285.000000,0.000000,5,31,82,96,130,160,230,310,2600,3900,3900,51310,237,5,553.1427282110449,1.5488709905184805,117838.23619398754,3349.8250633404796
1781651468,400,GET,/feed/{user_id},118.300000,0.000000,4,12,65,85,120,140,170,200,220,240,240,20495,106,5,574.5733331839593,1.8116039864253253,116833.0884410243,4009.66928519151
1781651468,400,GET,/feed/{user_id}?with_fof=true,59.400000,0.000000,4,16,79,90,120,150,410,1600,2100,2100,2100,10380,51,5,572.8076668318927,1.840237993746996,117838.23619398754,4576.197784200385
1781651468,400,POST,/likes,5.000000,0.000000,6,8,21,79,110,140,150,240,240,240,240,1035,4,8,473.9111103431,3.1003559997770935,114945.63920900691,179.687922705314
1781651468,400,POST,/posts,8.900000,0.000000,11,26,66,90,120,130,140,190,240,240,240,1607,3,11,224.58775493703703,3.531711990945041,85465.0722539809,227.65961418792782
1781651468,400,GET,/timeline/{user_id},74.500000,0.000000,4,18,70,88,120,150,190,260,730,730,730,12874,52,5,537.4666014328145,1.8361720140092075,116845.8023040148,3219.4793382010253
1781651468,400,GET,/users/{user_id},30.000000,0.000000,3,10,37,74,110,130,170,200,240,240,240,5321,21,4,543.4789246192977,1.5488709905184805,116842.72208801121,264.06277015598573
1781651468,400,,Aggregated,296.100000,0.000000,4,15,67,87,120,140,180,220,1700,2100,2100,51712,237,5,548.8906047233655,1.5488709905184805,117838.23619398754,3347.068107982673
1781651469,400,GET,/feed/{user_id},129.300000,0.000000,4,10,30,70,100,120,150,170,134000,136000,136000,20651,111,5,602.9312789971599,1.8116039864253253,136452.6995230117,4014.4652559198103
1781651469,400,GET,/feed/{user_id}?with_fof=true,63.700000,0.000000,4,9,33,79,110,130,160,420,134000,134000,134000,10461,52,5,581.3211805629603,1.840237993746996,134448.0890989944,4572.640569735207
1781651469,400,POST,/likes,5.000000,0.000000,6,9,23,45,97,120,140,150,150,150,150,1042,4,8,470.8504755010953,3.1003559997770935,114945.63920900691,179.68618042226487
1781651469,400,POST,/posts,10.100000,0.000000,11,23,45,74,100,130,130,140,140,140,140,1616,3,11,223.4033546081822,3.531711990945041,85465.0722539809,227.66027227722773
1781651469,400,GET,/timeline/{user_id},80.500000,0.000000,4,13,40,73,110,130,170,240,500,500,500,12978,52,5,533.2648050134056,1.8361720140092075,116845.8023040148,3214.6259824318076
1781651469,400,GET,/users/{user_id},33.600000,0.000000,3,10,29,63,110,120,150,170,134000,134000,134000,5352,22,4,565.5002436398087,1.5488709905184805,134442.12888702168,264.0257847533632
1781651469,400,,Aggregated,322.200000,0.000000,4,11,34,72,110,130,150,190,134000,136000,136000,52100,244,5,562.9798209670398,1.5488709905184805,136452.6995230117,3347.8834740882917
1781651470,400,GET,/feed/{user_id},134.700000,0.000000,3,6,21,62,100,130,170,133000,135000,136000,136000,20818,120,5,662.3888094055818,1.8116039864253253,136452.6995230117,4017.7164473052167
1781651470,400,GET,/feed/{user_id}?with_fof=true,67.000000,0.000000,3,6,25,72,110,130,160,440,135000,135000,135000,10543,54,5,602.3029880129244,1.840237993746996,134578.125895001,4579.053495210092
1781651470,400,POST,/likes,5.500000,0.000000,7,13,24,45,97,120,150,138000,138000,138000,138000,1047,5,8,600.0478091816107,3.1003559997770935,137568.0180049967,179.53772683858645
1781651470,400,POST,/posts,10.400000,0.000000,10,18,29,65,98,120,130,140,134000,134000,134000,1628,4,11,303.84440695877595,3.531711990945041,133569.20223400812,227.53501228501227
1781651470,400,GET,/timeline/{user_id},85.500000,0.000000,3,8,33,70,110,130,180,280,135000,135000,135000,13090,55,5,569.6424671198537,1.7862569948192686,134594.18629700667,3213.62551566081
1781651470,400,GET,/users/{user_id},35.000000,0.000000,3,6,22,57,110,130,170,133000,137000,137000,137000,5396,23,4,635.3900402641216,1.5488709905184805,136621.5024680132,263.9896219421794
1781651470,400,,Aggregated,338.100000,0.000000,4,8,25,66,110,130,170,430,135000,138000,138000,52522,261,5,612.0822500939005,1.5488709905184805,137568.0180049967,3350.3490156505845
1781651471,400,GET,/feed/{user_id},137.800000,0.000000,3,5,12,23,92,130,170,133000,135000,136000,136000,20976,120,5,657.447375927893,1.8116039864253253,136452.6995230117,4020.0796147978645
1781651471,400,GET,/feed/{user_id}?with_fof=true,71.200000,0.000000,3,5,14,27,100,130,160,440,135000,135000,135000,10629,54,5,597.4795548708505,1.840237993746996,134578.125895001,4575.172640888136
1781651471,400,POST,/likes,6.100000,0.000000,7,17,24,40,97,120,150,138000,138000,138000,138000,1059,5,8,593.3797992428146,3.1003559997770935,137568.0180049967,179.54390934844193
1781651471,400,POST,/posts,10.400000,0.000000,9,17,27,39,96,120,130,140,134000,134000,134000,1646,4,10,300.6202793559331,3.531711990945041,133569.20223400812,227.53402187120292
1781651471,400,GET,/timeline/{user_id},88.700000,0.000000,3,5,17,36,100,130,180,240,135000,135000,135000,13180,55,5,565.8251586010576,1.7862569948192686,134594.18629700667,3212.267526555387
1781651471,400,GET,/users/{user_id},36.200000,0.000000,3,4,10,24,100,130,150,133000,137000,137000,137000,5435,23,4,630.8576606646071,1.5488709905184805,136621.5024680132,264.0
1781651471,400,,Aggregated,350.400000,0.000000,3,5,15,28,96,130,170,420,135000,138000,138000,52925,261,5,607.4770620591001,1.5488709905184805,137568.0180049967,3349.8702692489373
1781651472,400,GET,/feed/{user_id},142.600000,1.400000,3,4,8,15,71,120,170,133000,135000,136000,136000,21141,120,5,652.36742841287,1.8116039864253253,136452.6995230117,4017.3370228466015
1781651472,400,GET,/feed/{user_id}?with_fof=true,73.300000,0.300000,3,4,10,17,83,130,160,440,135000,135000,135000,10699,54,5,593.6177391813507,1.840237993746996,134578.125895001,4578.0567342742315
1781651472,400,POST,/likes,6.300000,0.100000,8,10,20,24,90,120,140,138000,138000,138000,138000,1064,5,8,590.6483513948418,3.1003559997770935,137568.0180049967,179.54511278195488
1781651472,400,POST,/posts,10.600000,0.100000,9,14,23,29,78,120,130,140,134000,134000,134000,1659,4,10,298.35233121575027,3.531711990945041,133569.20223400812,227.53526220614827
1781651472,400,GET,/timeline/{user_id},93.100000,0.300000,3,5,11,19,90,130,170,240,135000,135000,135000,13285,55,5,561.4137867110223,1.7862569948192686,134594.18629700667,3214.4779826872414
1781651472,400,GET,/users/{user_id},36.500000,0.200000,3,4,8,15,85,120,150,133000,137000,137000,137000,5478,23,4,625.9548656789054,1.5488709905184805,136621.5024680132,264.00985761226724
1781651472,400,,Aggregated,362.400000,2.400000,3,5,11,18,79,120,170,420,135000,138000,138000,53326,261,5,602.9628186924541,1.5488709905184805,137568.0180049967,3349.7778569553316
1781651473,400,GET,/feed/{user_id},141.200000,1.400000,3,4,6,11,32,110,160,133000,135000,136000,136000,21300,120,5,647.5401244736381,1.8116039864253253,136452.6995230117,4016.873661971831
1781651473,400,GET,/feed/{user_id}?with_fof=true,75.700000,0.300000,3,4,6,12,35,130,180,440,135000,135000,135000,10790,54,5,588.7623018512944,1.840237993746996,134578.125895001,4588.303707136237
1781651473,400,POST,/likes,7.100000,0.100000,8,10,18,23,45,120,140,138000,138000,138000,138000,1070,5,8,587.39597611132,3.1003559997770935,137568.0180049967,179.55046728971962
1781651473,400,POST,/posts,11.300000,0.100000,9,13,21,27,90,120,130,140,134000,134000,134000,1666,4,10,297.1525533828782,3.531711990945041,133569.20223400812,227.53661464585835
1781651473,400,GET,/timeline/{user_id},94.700000,0.300000,3,4,6,12,45,130,170,240,135000,135000,135000,13381,55,5,557.4167162727729,1.7862569948192686,134594.18629700667,3215.4721620207756
1781651473,400,GET,/users/{user_id},36.300000,0.200000,3,3,5,10,37,120,150,133000,137000,137000,137000,5522,23,4,621.0054849123429,1.5488709905184805,136621.5024680132,264.02173125679104
1781651473,400,,Aggregated,366.300000,2.400000,3,4,7,12,37,120,170,410,135000,138000,138000,53729,261,5,598.5018352243839,1.5488709905184805,137568.0180049967,3352.4272180758994
1781651474,400,GET,/feed/{user_id},145.900000,1.400000,3,4,6,11,30,100,30000,30000,135000,136000,136000,21503,126,5,682.8203667680152,1.8116039864253253,136452.6995230117,4014.0368785750825
1781651474,400,GET,/feed/{user_id}?with_fof=true,76.100000,0.300000,3,4,5,11,32,130,30000,30000,135000,135000,135000,10884,55,5,626.6724237977345,1.840237993746996,134578.125895001,4590.991914737229
1781651474,400,POST,/likes,6.900000,0.100000,9,16,23,24,90,140,30000,138000,138000,138000,138000,1078,5,8,611.0837332589705,3.1003559997770935,137568.0180049967,179.55844155844156
1781651474,400,POST,/posts,12.100000,0.100000,8,12,21,28,90,120,30000,30000,134000,134000,134000,1678,4,10,330.8525578575121,3.531711990945041,133569.20223400812,227.5405244338498
1781651474,400,GET,/timeline/{user_id},95.100000,0.300000,3,4,5,11,34,130,30000,30000,135000,135000,135000,13503,61,5,600.4005660627987,1.7862569948192686,134594.18629700667,3218.0434718210768
1781651474,400,GET,/users/{user_id},37.600000,0.200000,3,3,5,10,35,120,30000,133000,137000,137000,137000,5570,24,4,653.4217939565324,1.5488709905184805,136621.5024680132,263.99174147217235
1781651474,400,,Aggregated,373.700000,2.400000,3,4,7,12,34,120,30000,30000,135000,138000,138000,54216,275,5,635.6809078436096,1.5488709905184805,137568.0180049967,3352.907684078501
1781651475,400,GET,/feed/{user_id},148.100000,1.400000,3,4,8,14,46,240,30000,30000,135000,136000,136000,21704,126,5,677.37624625635,1.8116039864253253,136452.6995230117,4015.267323995577
1781651475,400,GET,/feed/{user_id}?with_fof=true,76.400000,0.300000,3,4,8,14,69,270,30000,30000,135000,135000,135000,10981,55,5,622.1033279102448,1.840237993746996,134578.125895001,4590.308441854112
1781651475,400,POST,/likes,6.700000,0.100000,9,17,23,24,45,230,30000,138000,138000,138000,138000,1089,5,8,605.538326550203,3.1003559997770935,137568.0180049967,179.56473829201101
1781651475,400,POST,/posts,11.900000,0.100000,8,12,21,26,92,220,30000,30000,134000,134000,134000,1698,4,10,328.0986538268449,3.531711990945041,133569.20223400812,227.53945818610129
1781651475,400,GET,/timeline/{user_id},96.300000,0.300000,3,4,8,13,54,250,30000,30000,135000,135000,135000,13620,61,5,596.1448092641904,1.7862569948192686,134594.18629700667,3215.680249632893
1781651475,400,GET,/users/{user_id},39.300000,0.200000,3,4,7,12,86,260,30000,30000,137000,137000,137000,5627,24,4,647.8784384145839,1.5488709905184805,136621.5024680132,264.00533143771105
1781651475,400,,Aggregated,378.700000,2.400000,3,5,9,15,56,250,30000,30000,135000,138000,138000,54719,275,5,630.7633129165107,1.5488709905184805,137568.0180049967,3352.008808640509
1781651476,400,GET,/feed/{user_id},151.600000,1.400000,3,5,12,21,140,290,30000,30000,135000,136000,136000,21858,126,5,673.3767898140527,1.8116039864253253,136452.6995230117,4017.2703815536647
1781651476,400,GET,/feed/{user_id}?with_fof=true,77.200000,0.300000,3,5,15,29,220,310,30000,30000,135000,135000,135000,11063,55,5,618.6388755548493,1.840237993746996,134578.125895001,4590.115158636898
1781651476,400,POST,/likes,6.700000,0.100000,9,18,24,34,150,320,30000,138000,138000,138000,138000,1097,5,8,602.2311128825728,3.1003559997770935,137568.0180049967,179.57520510483135
1781651476,400,POST,/posts,11.100000,0.100000,8,14,24,36,220,320,30000,30000,134000,134000,134000,1713,4,11,326.5694574454228,3.531711990945041,133569.20223400812,227.55049620548746
1781651476,400,GET,/timeline/{user_id},98.800000,0.500000,3,5,14,26,210,300,30000,30000,135000,135000,135000,13748,61,5,591.8505678307831,1.7862569948192686,134594.18629700667,3214.709266802444
1781651476,400,GET,/users/{user_id},39.900000,0.200000,3,4,12,22,190,300,30000,133000,137000,137000,137000,5665,24,4,644.3740618594724,1.5488709905184805,136621.5024680132,264.01412180052955
1781651476,400,,Aggregated,385.300000,2.600000,3,5,14,24,190,300,30000,30000,135000,138000,138000,55144,275,5,626.9018103588169,1.5488709905184805,137568.0180049967,3352.462480052227
1781651477,400,GET,/feed/{user_id},162.100000,2.000000,4,8,23,84,250,320,30000,30000,135000,136000,136000,22042,126,5,668.904127019543,1.8116039864253253,136452.6995230117,4019.333272842755
1781651477,400,GET,/feed/{user_id}?with_fof=true,80.200000,0.400000,4,8,32,120,270,340,30000,30000,135000,135000,135000,11160,55,5,614.4737991009949,1.840237993746996,134578.125895001,4593.991756272401
1781651477,400,POST,/likes,7.300000,0.100000,10,24,45,110,250,350,30000,138000,138000,138000,138000,1107,5,9,598.0581374247776,3.1003559997770935,137568.0180049967,179.579945799458
1781651477,400,POST,/posts,11.800000,0.100000,9,18,56,130,290,320,30000,30000,134000,134000,134000,1726,4,11,325.33102878855016,3.531711990945041,133569.20223400812,227.55793742757822
1781651477,400,GET,/timeline/{user_id},104.200000,0.900000,4,8,30,120,260,330,30000,30000,135000,135000,135000,13853,61,5,588.5032864656376,1.7862569948192686,134594.18629700667,3213.4600447556486
1781651477,400,GET,/users/{user_id},42.100000,0.300000,3,6,26,100,260,320,30000,30000,137000,137000,137000,5715,24,4,639.8542882806668,1.5488709905184805,136621.5024680132,264.02187226596675
1781651477,400,,Aggregated,407.700000,3.800000,4,9,27,110,260,330,30000,30000,135000,138000,138000,55603,275,5,622.8870270395959,1.5488709905184805,137568.0180049967,3353.7686635613186
1781651478,400,GET,/feed/{user_id},167.600000,2.000000,4,15,95,130,290,330,30000,30000,135000,136000,136000,22217,126,5,664.662586904704,1.8116039864253253,136452.6995230117,4017.5861727505962
1781651478,400,GET,/feed/{user_id}?with_fof=true,84.000000,0.400000,4,21,110,140,300,340,30000,30000,135000,135000,135000,11254,55,5,610.3718379854423,1.840237993746996,134578.125895001,4596.906522125467
1781651478,400,POST,/likes,7.700000,0.100000,16,25,45,110,250,350,30000,138000,138000,138000,138000,1114,5,8,594.3863293467131,3.1003559997770935,137568.0180049967,179.5834829443447
1781651478,400,POST,/posts,13.000000,0.100000,10,21,110,150,320,330,30000,30000,134000,134000,134000,1738,4,11,324.1287866421834,3.531711990945041,133569.20223400812,227.56041426927504
1781651478,400,GET,/timeline/{user_id},106.000000,0.900000,4,19,120,150,290,340,30000,30000,135000,135000,135000,13961,61,5,585.0218189341315,1.7862569948192686,134594.18629700667,3212.206861972638
1781651478,400,GET,/users/{user_id},41.800000,0.300000,4,18,110,150,300,330,30000,30000,137000,137000,137000,5766,24,4,635.5106149984508,1.5488709905184805,136621.5024680132,264.0329517863337
1781651478,400,,Aggregated,420.100000,3.800000,4,18,110,140,300,330,30000,30000,135000,138000,138000,56050,275,5,618.9698372925398,1.5488709905184805,137568.0180049967,3353.361070472792
1781651479,400,GET,/feed/{user_id},168.100000,2.000000,5,28,130,160,300,330,410,30000,141000,142000,142000,22404,128,5,672.698863858097,1.8116039864253253,141703.8591519813,4016.056061417604
1781651479,400,GET,/feed/{user_id}?with_fof=true,85.800000,0.400000,5,41,140,190,310,340,980,30000,30000,30000,30000,11335,55,5,607.0718964569165,1.840237993746996,134578.125895001,4592.081252756948
1781651479,400,POST,/likes,8.100000,0.100000,18,40,130,150,320,350,390,30000,30000,30000,30000,1125,5,9,590.4659377014679,3.1003559997770935,137568.0180049967,179.59377777777777
1781651479,400,POST,/posts,12.300000,0.100000,12,33,140,220,330,370,30000,30000,143000,143000,143000,1753,5,11,404.05781100578747,3.531711990945041,142704.0551349928,227.45065601825442
1781651479,400,GET,/timeline/{user_id},107.400000,0.900000,5,90,150,180,310,340,30000,30000,141000,142000,142000,14090,63,5,600.8859717908771,1.7862569948192686,141643.90110000386,3211.400638750887
1781651479,400,GET,/users/{user_id},41.900000,0.300000,4,38,140,180,300,330,370,30000,30000,30000,30000,5807,24,4,632.0324541825379,1.5488709905184805,136621.5024680132,264.0427070776649
1781651479,400,,Aggregated,423.600000,3.800000,5,37,140,170,300,330,980,30000,141000,143000,143000,56514,280,5,627.4832540396144,1.5488709905184805,142704.0551349928,3351.55281877057
1781651480,400,GET,/feed/{user_id},169.200000,2.000000,6,110,150,210,310,340,410,30000,142000,142000,142000,22606,129,5,674.2213884614516,1.8116039864253253,141789.86886198982,4018.1655755109264
1781651480,400,GET,/feed/{user_id}?with_fof=true,87.200000,0.400000,9,120,160,240,320,350,980,30000,30000,30000,30000,11426,55,5,603.2394022955501,1.840237993746996,134578.125895001,4582.204708559426
1781651480,400,POST,/likes,7.900000,0.100000,24,120,150,170,320,350,390,30000,30000,30000,30000,1139,5,9,584.5222799579891,3.1003559997770935,137568.0180049967,179.6014047410009
1781651480,400,POST,/posts,13.000000,0.100000,15,130,190,300,330,370,30000,30000,143000,143000,143000,1764,5,11,402.79779720188503,3.531711990945041,142704.0551349928,227.45634920634922
1781651480,400,GET,/timeline/{user_id},108.300000,0.900000,8,120,160,230,320,350,30000,30000,141000,142000,142000,14193,63,5,597.5266394490682,1.7862569948192686,141643.90110000386,3206.8859296836467
1781651480,400,GET,/users/{user_id},43.800000,0.300000,6,110,170,260,320,340,370,30000,30000,30000,30000,5855,24,4,628.1417016261254,1.5488709905184805,136621.5024680132,264.0532877882152
1781651480,400,,Aggregated,429.400000,3.800000,8,120,160,230,320,340,870,30000,141000,143000,143000,56983,281,5,625.9556984722893,1.5488709905184805,142704.0551349928,3349.3863959426494
1781651481,400,GET,/feed/{user_id},174.600000,2.200000,17,130,190,270,320,350,30000,30000,142000,142000,142000,22836,131,5,712.5434128351154,1.8116039864253253,141789.86886198982,4019.5454107549485
1781651481,400,GET,/feed/{user_id}?with_fof=true,87.200000,0.400000,25,140,230,270,320,380,30000,30000,32000,32000,32000,11535,56,5,632.3475222369237,1.840237993746996,134578.125895001,4574.71833550065
1781651481,400,POST,/likes,7.900000,0.100000,42,140,230,290,330,370,30000,30000,30000,30000,30000,1159,6,9,628.7811577396035,3.1003559997770935,137568.0180049967,179.48403796376186
1781651481,400,POST,/posts,13.600000,0.200000,31,140,240,300,330,570,30000,30000,143000,143000,143000,1777,5,11,417.1880830631127,3.531711990945041,142704.0551349928,227.46145188519978
1781651481,400,GET,/timeline/{user_id},109.700000,1.100000,22,140,210,270,320,360,30000,30000,141000,142000,142000,14324,63,5,614.9803086301066,1.7862569948192686,141643.90110000386,3201.47598436191
1781651481,400,GET,/users/{user_id},44.000000,0.300000,20,140,240,280,320,350,30000,30000,60000,60000,60000,5912,24,4,645.4499165028741,1.5488709905184805,136621.5024680132,264.0646143437077
1781651481,400,,Aggregated,437.000000,4.300000,21,140,210,270,320,360,30000,30000,141000,143000,143000,57543,285,5,654.4801014391294,1.5488709905184805,142704.0551349928,3346.9062787828234
1781651482,400,GET,/feed/{user_id},175.400000,0.900000,57,160,260,290,330,370,30000,30000,142000,142000,142000,23021,131,5,708.3821229008914,1.8116039864253253,141789.86886198982,4022.062899092133
1781651482,400,GET,/feed/{user_id}?with_fof=true,86.500000,0.100000,95,180,270,300,330,380,30000,30000,32000,32000,32000,11636,56,5,628.3775914585723,1.840237993746996,134578.125895001,4573.421880371262
1781651482,400,POST,/likes,9.000000,0.000000,120,210,280,300,340,390,30000,30000,30000,30000,30000,1172,6,9,624.3255622544403,3.1003559997770935,137568.0180049967,179.5
1781651482,400,POST,/posts,13.300000,0.100000,46,150,250,310,330,570,30000,30000,143000,143000,143000,1794,5,11,414.2737552358821,3.531711990945041,142704.0551349928,227.47491638795987
1781651482,400,GET,/timeline/{user_id},110.800000,0.800000,93,160,260,290,330,390,30000,30000,141000,142000,142000,14450,63,5,610.9728220744565,1.7862569948192686,141643.90110000386,3212.6584775086503
1781651482,400,GET,/users/{user_id},45.200000,0.100000,68,170,270,290,320,350,30000,30000,60000,60000,60000,5962,24,4,641.2745678317658,1.5488709905184805,136621.5024680132,264.08134854075814
1781651482,400,,Aggregated,440.200000,2.000000,81,160,260,290,330,370,30000,30000,141000,143000,143000,58035,285,5,650.4044013743055,1.5488709905184805,142704.0551349928,3350.1176703713277
1781651483,400,GET,/feed/{user_id},179.900000,0.900000,110,180,270,300,330,370,30000,30000,142000,142000,142000,23188,131,5,704.2085981811855,1.8116039864253253,141789.86886198982,4026.217267552182
1781651483,400,GET,/feed/{user_id}?with_fof=true,87.100000,0.100000,120,210,270,300,330,380,30000,30000,32000,32000,32000,11736,56,5,624.1729610770977,1.840237993746996,134578.125895001,4581.484662576687
1781651483,400,POST,/likes,9.100000,0.100000,120,250,290,310,350,390,30000,30000,30000,30000,30000,1180,6,9,621.631100770531,3.1003559997770935,137568.0180049967,179.50338983050847
1781651483,400,POST,/posts,13.200000,0.100000,100,180,280,300,330,570,30000,30000,143000,143000,143000,1806,5,11,412.6049537027751,3.531711990945041,142704.0551349928,227.48228128460687
1781651483,400,GET,/timeline/{user_id},111.800000,0.800000,120,180,270,290,330,380,30000,30000,141000,142000,142000,14557,63,5,607.5003344318733,1.7862569948192686,141643.90110000386,3215.9031393831146
1781651483,400,GET,/users/{user_id},46.900000,0.100000,110,210,270,290,320,350,30000,30000,60000,60000,60000,6012,24,4,636.9432245826887,1.5488709905184805,136621.5024680132,264.09614105123086
1781651483,400,,Aggregated,448.000000,2.100000,110,190,270,290,330,370,30000,30000,141000,143000,143000,58479,285,5,646.4860398713852,1.5488709905184805,142704.0551349928,3354.2387010721795
1781651484,400,GET,/feed/{user_id},187.600000,1.100000,120,190,260,290,330,350,590,30000,142000,142000,142000,23389,131,5,699.1248973797623,1.8116039864253253,141789.86886198982,4028.6028902475523
1781651484,400,GET,/feed/{user_id}?with_fof=true,92.500000,0.200000,120,200,260,290,330,350,790,30000,32000,32000,32000,11841,56,5,619.6811840240442,1.840237993746996,134578.125895001,4587.596993497171
1781651484,400,POST,/likes,10.300000,0.100000,130,250,290,300,340,380,400,30000,30000,30000,30000,1189,6,9,617.6050071524704,3.1003559997770935,137568.0180049967,179.50546677880573
1781651484,400,POST,/posts,13.100000,0.100000,110,170,270,300,330,370,600,30000,143000,143000,143000,1817,5,11,410.5022908360911,3.531711990945041,142704.0551349928,227.48486516235553
1781651484,400,GET,/timeline/{user_id},115.600000,0.800000,120,180,260,290,330,350,430,30000,141000,142000,142000,14666,63,5,603.8043883896688,1.7862569948192686,141643.90110000386,3214.2997408973133
1781651484,400,GET,/users/{user_id},48.100000,0.100000,120,210,270,290,320,340,370,610,60000,60000,60000,6045,24,4,634.1196332035084,1.5488709905184805,136621.5024680132,264.1060380479735
1781651484,400,,Aggregated,467.200000,2.400000,120,200,270,290,330,350,590,30000,141000,143000,143000,58947,285,5,642.2437186563471,1.5488709905184805,142704.0551349928,3357.4387500636167
1781651485,400,GET,/feed/{user_id},189.000000,1.100000,120,190,270,290,330,350,590,30000,142000,142000,142000,23554,131,5,694.994231131369,1.8116039864253253,141789.86886198982,4026.6593784495203
1781651485,400,GET,/feed/{user_id}?with_fof=true,93.600000,0.200000,120,200,260,290,330,350,790,30000,32000,32000,32000,11924,56,5,616.1578500721663,1.840237993746996,134578.125895001,4587.307447165381
1781651485,400,POST,/likes,10.900000,0.100000,130,260,290,320,340,380,400,30000,30000,30000,30000,1197,6,9,614.2357133519585,3.1003559997770935,137568.0180049967,179.50960735171262
1781651485,400,POST,/posts,13.700000,0.100000,100,200,280,300,330,370,600,30000,143000,143000,143000,1836,5,11,407.34171643746663,3.531711990945041,142704.0551349928,227.49782135076254
1781651485,400,GET,/timeline/{user_id},115.700000,0.800000,130,180,260,290,330,350,410,27000,141000,142000,142000,14785,63,5,599.9570399930388,1.7862569948192686,141643.90110000386,3212.123571187014
1781651485,400,GET,/users/{user_id},48.000000,0.100000,110,210,270,290,320,350,370,610,60000,60000,60000,6093,24,4,630.141109312536,1.5488709905184805,136621.5024680132,264.1189890037748
1781651485,400,,Aggregated,470.900000,2.400000,120,200,270,290,330,350,590,30000,141000,143000,143000,59389,285,5,638.3319213983867,1.5488709905184805,142704.0551349928,3355.437404233107
1781651486,400,GET,/feed/{user_id},190.200000,1.100000,120,200,270,290,330,350,590,30000,142000,142000,142000,23720,131,5,691.1932461792683,1.8116039864253253,141789.86886198982,4027.8369308600336
1781651486,400,GET,/feed/{user_id}?with_fof=true,93.800000,0.200000,120,200,260,280,320,360,790,30000,32000,32000,32000,12020,56,5,612.4581982007917,1.840237993746996,134578.125895001,4588.85074875208
1781651486,400,POST,/likes,11.200000,0.100000,120,250,290,300,330,390,30000,30000,30000,30000,30000,1201,6,9,612.4924065182046,3.1003559997770935,137568.0180049967,179.5129059117402
1781651486,400,POST,/posts,14.100000,0.100000,100,190,280,300,330,360,600,30000,143000,143000,143000,1850,5,11,405.20026140283113,3.531711990945041,142704.0551349928,227.5081081081081
1781651486,400,GET,/timeline/{user_id},118.400000,0.600000,130,190,260,290,330,350,410,27000,141000,142000,142000,14892,63,5,596.7520983986093,1.7862569948192686,141643.90110000386,3212.3624093473004
1781651486,400,GET,/users/{user_id},47.800000,0.100000,120,230,270,290,320,350,370,610,60000,60000,60000,6130,24,4,627.3596748506229,1.5488709905184805,136621.5024680132,264.12724306688415
1781651486,400,,Aggregated,475.500000,2.200000,120,200,270,290,330,350,590,30000,141000,143000,143000,59813,285,5,634.8891087515417,1.5488709905184805,142704.0551349928,3357.002056409142
1781651487,400,GET,/feed/{user_id},186.300000,0.500000,120,190,250,280,320,350,590,30000,142000,142000,142000,23922,131,5,686.2227007471539,1.8116039864253253,141789.86886198982,4025.605467770253
1781651487,400,GET,/feed/{user_id}?with_fof=true,95.400000,0.100000,120,200,250,270,320,350,770,30000,32000,32000,32000,12122,56,5,608.235719004829,1.840237993746996,134578.125895001,4585.554693944893
1781651487,400,POST,/likes,11.100000,0.100000,130,250,290,300,330,390,30000,30000,30000,30000,30000,1209,6,9,609.1705998174957,3.1003559997770935,137568.0180049967,179.5144747725393
1781651487,400,POST,/posts,14.300000,0.100000,100,170,250,280,330,350,600,30000,143000,143000,143000,1863,5,11,403.1372453039587,3.531711990945041,142704.0551349928,227.5126140633387
1781651487,400,GET,/timeline/{user_id},114.700000,0.200000,120,190,250,270,320,350,410,27000,141000,142000,142000,15012,63,5,592.7897024583816,1.7862569948192686,141643.90110000386,3205.7898347988275
1781651487,400,GET,/users/{user_id},46.600000,0.000000,120,220,270,280,330,350,370,610,60000,60000,60000,6164,24,4,624.3965148409071,1.5488709905184805,136621.5024680132,264.1354639844257
1781651487,400,,Aggregated,468.400000,1.000000,120,200,250,280,320,350,590,30000,141000,143000,143000,60292,285,5,630.6661564886771,1.5488709905184805,142704.0551349928,3355.021644662642
1781651488,400,GET,/feed/{user_id},183.200000,0.500000,120,200,240,270,320,350,520,30000,60000,142000,142000,24101,131,5,681.9580239479974,1.8116039864253253,141789.86886198982,4028.768225384839
1781651488,400,GET,/feed/{user_id}?with_fof=true,94.900000,0.100000,130,200,230,260,310,350,730,30000,32000,32000,32000,12207,56,5,604.8710980723095,1.840237993746996,134578.125895001,4581.506021135414
1781651488,400,POST,/likes,10.300000,0.100000,130,240,280,290,330,390,30000,30000,30000,30000,30000,1218,6,9,605.3136214928847,3.1003559997770935,137568.0180049967,179.52298850574712
1781651488,400,POST,/posts,13.600000,0.100000,110,170,220,250,300,340,360,410,30000,30000,30000,1876,5,12,401.4134957415973,3.531711990945041,142704.0551349928,227.51972281449895
1781651488,400,GET,/timeline/{user_id},115.100000,0.200000,120,190,240,260,320,350,400,780,32000,41000,41000,15119,63,5,589.4859517925267,1.7862569948192686,141643.90110000386,3204.96388650043
1781651488,400,GET,/users/{user_id},47.400000,0.000000,110,210,250,270,320,350,370,610,60000,60000,60000,6213,24,4,620.1510095732168,1.5488709905184805,136621.5024680132,264.147432802189
1781651488,400,,Aggregated,464.500000,1.000000,120,200,240,260,320,350,420,30000,41000,142000,142000,60734,285,5,626.9188900115055,1.5488709905184805,142704.0551349928,3355.060921394935
1781651489,400,GET,/feed/{user_id},187.500000,0.500000,120,190,240,250,310,350,470,30000,60000,60000,60000,24304,131,5,677.124016000561,1.8116039864253253,141789.86886198982,4032.53168202765
1781651489,400,GET,/feed/{user_id}?with_fof=true,95.500000,0.100000,130,200,230,250,300,350,730,30000,32000,32000,32000,12303,56,5,601.1795259570615,1.840237993746996,134578.125895001,4580.182069413964
1781651489,400,POST,/likes,10.300000,0.100000,130,240,280,290,330,380,30000,30000,30000,30000,30000,1231,6,9,600.1046418199256,3.1003559997770935,137568.0180049967,179.52883834281073
1781651489,400,POST,/posts,13.900000,0.100000,120,170,220,230,290,340,360,410,30000,30000,30000,1887,5,12,399.8515446100523,3.531711990945041,142704.0551349928,227.52358240593534
1781651489,400,GET,/timeline/{user_id},113.800000,0.200000,120,190,230,250,310,340,400,920,32000,41000,41000,15235,63,5,585.8029838911704,1.7862569948192686,141643.90110000386,3204.319264850673
1781651489,400,GET,/users/{user_id},45.800000,0.000000,110,200,240,250,300,340,370,610,60000,60000,60000,6260,24,4,616.3950845213188,1.5488709905184805,136621.5024680132,264.1594249201278
1781651489,400,,Aggregated,466.800000,1.000000,120,190,240,250,310,350,410,30000,41000,60000,60000,61220,285,5,622.83116890187,1.5488709905184805,142704.0551349928,3356.3934825220517
1781651490,400,GET,/feed/{user_id},187.500000,0.500000,120,190,230,240,300,350,430,30000,60000,60000,60000,24507,131,5,672.4114608456586,1.8116039864253253,141789.86886198982,4025.39588688946
1781651490,400,GET,/feed/{user_id}?with_fof=true,95.900000,0.100000,130,200,230,250,300,350,730,30000,32000,32000,32000,12385,56,5,597.9554539730859,1.840237993746996,134578.125895001,4578.084941461445
1781651490,400,POST,/likes,10.000000,0.100000,140,230,260,280,330,340,400,30000,30000,30000,30000,1240,6,9,596.6525326446338,3.1003559997770935,137568.0180049967,179.53548387096774
1781651490,400,POST,/posts,13.300000,0.100000,110,170,220,230,280,300,360,410,30000,30000,30000,1903,5,12,397.37921328701606,3.531711990945041,142704.0551349928,227.53021544929058
1781651490,400,GET,/timeline/{user_id},116.000000,0.200000,130,190,230,240,290,340,400,920,32000,41000,41000,15348,63,5,582.2896786065882,1.7862569948192686,141643.90110000386,3202.476609330206
1781651490,400,GET,/users/{user_id},44.400000,0.000000,120,190,230,240,290,330,370,500,60000,60000,60000,6307,24,4,612.4799624129438,1.5488709905184805,136621.5024680132,264.17282384651975
1781651490,400,,Aggregated,467.100000,1.000000,130,190,230,240,300,340,410,30000,41000,60000,60000,61690,285,5,618.9077786020149,1.5488709905184805,142704.0551349928,3352.6231479980547
1781651491,400,GET,/feed/{user_id},186.900000,0.300000,110,170,220,240,270,300,350,370,470,490,490,24689,131,5,668.2237304999749,1.8116039864253253,141789.86886198982,4027.9445097006765
1781651491,400,GET,/feed/{user_id}?with_fof=true,95.500000,0.100000,120,180,220,230,260,310,370,560,1100,1100,1100,12489,56,5,593.7865303149645,1.840237993746996,134578.125895001,4579.326367203139
1781651491,400,POST,/likes,10.300000,0.100000,120,220,240,250,290,330,390,400,400,400,400,1250,6,9,592.7232037578709,3.1003559997770935,137568.0180049967,179.5344
1781651491,400,POST,/posts,13.300000,0.000000,120,170,220,230,260,300,360,390,410,410,410,1921,5,12,394.62264245295995,3.531711990945041,142704.0551349928,227.53669963560645
1781651491,400,GET,/timeline/{user_id},114.900000,0.000000,120,190,220,240,270,320,370,400,750,920,920,15469,63,5,578.6982337553163,1.7862569948192686,141643.90110000386,3202.6392785571143
1781651491,400,GET,/users/{user_id},45.200000,0.000000,110,180,220,230,270,310,360,370,500,500,500,6359,24,4,608.2769995213841,1.5488709905184805,136621.5024680132,264.18713634219216
1781651491,400,,Aggregated,466.100000,0.500000,120,180,220,240,270,310,360,390,790,1100,1100,62177,285,6,614.8972478277277,1.5488709905184805,142704.0551349928,3353.6554996220466
1781651492,400,GET,/feed/{user_id},190.000000,0.200000,110,160,210,220,250,280,330,350,470,490,490,24883,131,5,663.7020496533733,1.8116039864253253,141789.86886198982,4029.0271671422256
1781651492,400,GET,/feed/{user_id}?with_fof=true,96.800000,0.100000,110,170,210,220,250,290,360,500,930,930,930,12585,56,5,590.0609814181614,1.840237993746996,134578.125895001,4583.30178784267
1781651492,400,POST,/likes,9.900000,0.100000,100,140,220,230,250,270,320,340,340,340,340,1265,6,10,587.0517244951095,3.1003559997770935,137568.0180049967,179.5415019762846
1781651492,400,POST,/posts,13.700000,0.000000,110,160,200,230,260,290,340,360,390,390,390,1936,5,12,392.4094819443074,3.531711990945041,142704.0551349928,227.54132231404958
1781651492,400,GET,/timeline/{user_id},114.100000,0.000000,110,170,220,230,260,290,340,360,600,750,750,15580,63,5,575.275584094879,1.7862569948192686,141643.90110000386,3205.872272143774
1781651492,400,GET,/users/{user_id},44.800000,0.000000,98,160,220,230,250,280,350,360,500,500,500,6413,24,4,603.8296764437019,1.5488709905184805,136621.5024680132,264.20208950569156
1781651492,400,,Aggregated,469.300000,0.400000,110,160,210,230,250,280,340,360,730,930,930,62662,285,6,610.8693315954612,1.5488709905184805,142704.0551349928,3355.2167821007947
1781651493,400,GET,/feed/{user_id},188.300000,0.200000,110,150,200,220,240,270,330,350,430,470,470,25047,131,5,660.0052020096225,1.8116039864253253,141789.86886198982,4031.0016768475266
1781651493,400,GET,/feed/{user_id}?with_fof=true,96.900000,0.100000,110,160,200,220,250,270,360,450,930,930,930,12698,56,5,585.6906345855584,1.840237993746996,134578.125895001,4585.6975901716805
1781651493,400,POST,/likes,9.700000,0.000000,100,140,220,220,250,270,320,340,340,340,340,1273,6,10,583.8591303922229,3.1003559997770935,137568.0180049967,179.54516889238022
1781651493,400,POST,/posts,13.700000,0.000000,120,160,200,230,260,270,340,360,390,390,390,1948,5,12,390.69566082658633,3.531711990945041,142704.0551349928,227.54671457905545
1781651493,400,GET,/timeline/{user_id},114.100000,0.000000,110,170,210,230,250,270,340,360,600,750,750,15728,63,5,570.869460022461,1.7862569948192686,141643.90110000386,3200.2185274669378
1781651493,400,GET,/users/{user_id},44.800000,0.000000,100,150,210,220,240,270,350,360,370,370,370,6454,24,5,600.6275432919799,1.5488709905184805,136621.5024680132,264.21645491168266
1781651493,400,,Aggregated,467.500000,0.300000,110,160,210,220,250,270,340,360,730,930,930,63148,285,6,606.9497501840408,1.5488709905184805,142704.0551349928,3355.669205675556
1781651494,400,GET,/feed/{user_id},183.400000,0.000000,110,160,200,220,250,280,340,350,430,470,470,25232,131,5,655.9902537188152,1.8116039864253253,141789.86886198982,4025.66550412175
1781651494,400,GET,/feed/{user_id}?with_fof=true,93.500000,0.000000,110,170,200,220,250,290,360,450,930,930,930,12784,56,5,582.5874746401344,1.840237993746996,134578.125895001,4583.28230600751
1781651494,400,POST,/likes,9.000000,0.000000,100,150,220,230,250,290,320,340,340,340,340,1286,6,10,579.1427863959897,3.1003559997770935,137568.0180049967,179.55365474339035
1781651494,400,POST,/posts,14.400000,0.000000,120,160,190,220,250,270,340,360,390,390,390,1965,5,12,388.12572357464586,3.531711990945041,142704.0551349928,227.55674300254452
1781651494,400,GET,/timeline/{user_id},112.500000,0.000000,110,180,210,230,250,300,350,370,750,750,750,15835,63,5,567.8767568372753,1.7862569948192686,141643.90110000386,3199.842121881907
1781651494,400,GET,/users/{user_id},43.800000,0.000000,97,150,200,220,250,300,360,360,370,370,370,6486,24,5,598.2595331308115,1.5488709905184805,136621.5024680132,264.22278754239903
1781651494,400,,Aggregated,456.600000,0.000000,110,160,200,220,250,290,350,360,750,930,930,63588,285,6,603.5703089288364,1.5488709905184805,142704.0551349928,3353.2990029565326
